Datetime,Open,High,Low,Close,Volume
2024-03-18 04:00:00,199.25,199.43,199.14,199.3,0
2024-03-18 05:00:00,199.27,199.64,199.26,199.45,0
2024-03-18 06:00:00,199.45,199.61,199.45,199.61,0
2024-03-18 07:00:00,199.61,200.05,199.61,199.98,0
2024-03-18 08:00:00,200.1,200.26,198.75,200.2,0
2024-03-18 09:00:00,200.13,200.32,199.71,199.89,0
2024-03-18 09:30:00,199.64700317382812,200.0751037597656,199.61000061035156,200.0050048828125,711108
2024-03-18 10:30:00,199.9949951171875,200.14500427246097,199.75,200.09500122070312,1321954
2024-03-18 11:30:00,200.1199951171875,200.1199951171875,199.5099945068359,199.83999633789065,945759
2024-03-18 12:30:00,199.8500061035156,200.08999633789065,199.77999877929688,200.08999633789065,1145762
2024-03-18 13:30:00,200.0800018310547,200.11000061035156,199.83970642089844,199.94009399414065,705288
2024-03-18 14:30:00,199.9501953125,200.11000061035156,199.9501953125,200.0850067138672,899617
2024-03-18 15:30:00,200.0800018310547,200.11000061035156,199.9600067138672,200.02000427246097,1094363
2024-03-18 16:00:00,200.02,200.04,199.88,200.03,0
2024-03-18 17:00:00,200.0394,200.17,200.0,200.15,0
2024-03-18 18:00:00,200.15,200.33,200.0,200.11,0
2024-03-18 19:00:00,200.11,200.2,200.01,200.2,0
2024-03-19 04:00:00,199.65,199.65,198.86,198.86,0
2024-03-19 05:00:00,199.15,199.34,198.99,199.29,0
2024-03-19 06:00:00,199.29,199.64,199.29,199.51,0
2024-03-19 07:00:00,199.45,199.59,199.39,199.5,0
2024-03-19 08:00:00,199.5,200.13,199.09,199.31,0
2024-03-19 09:00:00,199.42,200.03,199.17,199.7,0
2024-03-19 09:30:00,199.6199951171875,199.6300048828125,198.93499755859375,199.3350067138672,1591658
2024-03-19 10:30:00,199.33999633789065,199.58999633789065,199.1396026611328,199.39500427246097,590827
2024-03-19 11:30:00,199.3999938964844,199.6349945068359,199.25,199.58999633789065,547133
2024-03-19 12:30:00,199.56500244140625,199.7100067138672,199.360107421875,199.6699981689453,334149
2024-03-19 13:30:00,199.6699981689453,199.75,199.5850067138672,199.66000366210935,499545
2024-03-19 14:30:00,199.66000366210935,199.8000030517578,199.6300048828125,199.76010131835935,322324
2024-03-19 15:30:00,199.75,199.80999755859375,199.6499938964844,199.8000030517578,437165
2024-03-19 16:00:00,199.8,199.86,199.5081,199.78,0
2024-03-19 17:00:00,199.765,199.93,199.705,199.76,0
2024-03-19 18:00:00,199.76,199.98,199.72,199.98,0
2024-03-19 19:00:00,199.88,199.98,199.62,199.98,0
2024-03-20 04:00:00,199.8,199.8,199.51,199.65,0
2024-03-20 05:00:00,199.68,199.69,199.52,199.52,0
2024-03-20 06:00:00,199.54,199.58,199.35,199.35,0
2024-03-20 07:00:00,199.35,199.51,199.3,199.4,0
2024-03-20 08:00:00,199.4,199.97,199.33,199.465,0
2024-03-20 09:00:00,199.465,199.8,199.04,199.51,0
2024-03-20 09:30:00,199.16000366210935,200.4600067138672,199.1199951171875,200.1000061035156,1425361
2024-03-20 10:30:00,200.0800018310547,200.0800018310547,199.61000061035156,199.67999267578125,480259
2024-03-20 11:30:00,199.6300048828125,199.8500061035156,199.5099945068359,199.7400054931641,515431
2024-03-20 12:30:00,199.73500061035156,199.8699951171875,199.67999267578125,199.81500244140625,580998
2024-03-20 13:30:00,199.82000732421875,201.41000366210935,199.72999572753903,200.8300018310547,1288018
2024-03-20 14:30:00,200.83999633789065,202.66000366210935,200.2100067138672,202.58999633789065,2657001
2024-03-20 15:30:00,202.5800018310547,202.59249877929688,201.92999267578125,202.125,1680532
2024-03-20 16:00:00,202.18,202.53,202.13,202.42,0
2024-03-20 17:00:00,202.42,202.45,199.52379,202.33,0
2024-03-20 18:00:00,202.42,205.6,202.41,203.73,0
2024-03-20 19:00:00,203.69,204.24,203.3,203.9,0
2024-03-21 04:00:00,204.34,204.34,203.98,204.05,0
2024-03-21 05:00:00,204.0,204.18,203.44,204.18,0
2024-03-21 06:00:00,204.11,204.78,203.98,204.67,0
2024-03-21 07:00:00,204.72,204.74,204.22,204.26,0
2024-03-21 08:00:00,204.35,204.58,203.46,204.4,0
2024-03-21 09:00:00,204.41,204.49,203.965,204.06,0
2024-03-21 09:30:00,203.8800048828125,203.9199981689453,201.5399932861328,201.55999755859375,2249870
2024-03-21 10:30:00,201.5500030517578,201.9900054931641,200.6000061035156,200.7050018310547,1630136
2024-03-21 11:30:00,200.6999969482422,201.72000122070312,200.6699981689453,201.6199951171875,861180
2024-03-21 12:30:00,201.6199951171875,202.19000244140625,201.5,202.1199951171875,600682
2024-03-21 13:30:00,202.0800018310547,202.15499877929688,201.7899932861328,201.97000122070312,428496
2024-03-21 14:30:00,201.97000122070312,202.2100067138672,201.92999267578125,202.0399932861328,358311
2024-03-21 15:30:00,202.04010009765625,202.05999755859375,201.86000061035156,201.98500061035156,972258
2024-03-21 16:00:00,201.99,202.065,201.777,201.98,0
2024-03-21 17:00:00,202.005,202.18,201.91,202.095,0
2024-03-21 18:00:00,202.005,202.2091,201.93,201.9896,0
2024-03-21 19:00:00,201.97,202.0,201.92,202.0,0
2024-03-22 04:00:00,202.27,202.27,200.5,200.6,0
2024-03-22 05:00:00,200.6,200.9,200.51,200.76,0
2024-03-22 06:00:00,200.81,200.81,200.54,200.54,0
2024-03-22 07:00:00,200.54,200.73,200.54,200.63,0
2024-03-22 08:00:00,200.63,201.45,200.47,201.16,0
2024-03-22 09:00:00,201.14,201.97,201.11,201.32,0
2024-03-22 09:30:00,201.32000732421875,201.86000061035156,201.16000366210935,201.37130737304688,1336019
2024-03-22 10:30:00,201.34829711914065,201.47000122070312,200.6300048828125,200.8500061035156,728137
2024-03-22 11:30:00,200.8300018310547,200.8350067138672,200.4600067138672,200.5,546672
2024-03-22 12:30:00,200.4900054931641,200.52000427246097,199.71499633789065,199.8300018310547,1115266
2024-03-22 13:30:00,199.8300018310547,200.41990661621097,199.77999877929688,200.33999633789065,638892
2024-03-22 14:30:00,200.3500061035156,200.35499572753903,200.16000366210935,200.27999877929688,466439
2024-03-22 15:30:00,200.27999877929688,200.47000122070312,200.2400054931641,200.33999633789065,800017
2024-03-22 16:00:00,200.35,200.58,194.66588,194.666,0
2024-03-22 17:00:00,200.47,200.8,200.35,200.8,0
2024-03-22 18:00:00,200.8,200.8,200.45,200.605,0
2024-03-22 19:00:00,200.7,200.8,200.55,200.7,0
2024-03-25 04:00:00,201.0,201.0,200.45,200.58,0
2024-03-25 05:00:00,200.59,200.64,200.41,200.56,0
2024-03-25 06:00:00,200.56,201.0,200.42,201.0,0
2024-03-25 07:00:00,201.0,201.08,200.7,201.08,0
2024-03-25 08:00:00,201.08,201.42,200.38,201.42,0
2024-03-25 09:00:00,201.46,201.59,200.35,201.4,0
2024-03-25 09:30:00,201.19000244140625,201.9499969482422,201.19000244140625,201.60499572753903,1138803
2024-03-25 10:30:00,201.59500122070312,201.7599945068359,201.3699951171875,201.4199981689453,384315
2024-03-25 11:30:00,201.41000366210935,201.6300048828125,201.36000061035156,201.58999633789065,236736
2024-03-25 12:30:00,201.5800018310547,201.61000061035156,201.31500244140625,201.4199981689453,354788
2024-03-25 13:30:00,201.4199981689453,201.5099945068359,201.19000244140625,201.2899932861328,464231
2024-03-25 14:30:00,201.2740020751953,201.3000030517578,200.97000122070312,201.1324005126953,560010
2024-03-25 15:30:00,201.1300048828125,201.19000244140625,200.96499633789065,200.9900054931641,672520
2024-03-25 16:00:00,200.99,201.5351,200.98,201.08,0
2024-03-25 17:00:00,201.08,201.125,200.99,201.125,0
2024-03-25 18:00:00,201.24,201.26,201.01,201.179,0
2024-03-25 19:00:00,201.15,201.25,201.03,201.25,0
2024-03-26 04:00:00,201.25,201.55,201.1,201.55,0
2024-03-26 05:00:00,201.63,202.37,201.55,202.32,0
2024-03-26 06:00:00,202.37,203.2,202.37,203.14,0
2024-03-26 07:00:00,203.14,203.72,203.02,203.25,0
2024-03-26 08:00:00,203.3,203.63,200.84,203.35,0
2024-03-26 09:00:00,203.12,203.2,200.99,202.93,0
2024-03-26 09:30:00,202.6499938964844,202.7599945068359,201.6699981689453,202.0500030517578,1738902
2024-03-26 10:30:00,202.0399932861328,202.1699981689453,201.3300018310547,201.6300048828125,1143591
2024-03-26 11:30:00,201.64500427246097,201.64500427246097,201.07000732421875,201.5399932861328,717948
2024-03-26 12:30:00,201.5399932861328,201.69000244140625,201.47000122070312,201.55499267578125,534683
2024-03-26 13:30:00,201.5438995361328,201.77000427246097,201.47000122070312,201.56399536132812,363303
2024-03-26 14:30:00,201.57000732421875,201.70989990234375,201.52000427246097,201.52999877929688,454206
2024-03-26 15:30:00,201.5399932861328,201.6750030517578,201.5399932861328,201.63999938964844,404462
2024-03-26 16:00:00,201.64,201.705,201.35,201.705,0
2024-03-26 17:00:00,201.705,201.84,201.55,201.55,0
2024-03-26 18:00:00,201.55,201.85,201.381,201.49,0
2024-03-26 19:00:00,201.49,201.74,201.4,201.675,0
2024-03-27 04:00:00,201.75,202.05,201.75,201.8,0
2024-03-27 05:00:00,201.78,201.95,201.5,201.83,0
2024-03-27 06:00:00,201.84,203.06,201.82,203.02,0
2024-03-27 07:00:00,202.94,203.38,202.85,203.32,0
2024-03-27 08:00:00,203.33,203.42,201.48,202.5,0
2024-03-27 09:00:00,202.47,202.63,201.64,202.37,0
2024-03-27 09:30:00,202.32000732421875,203.11000061035156,202.32000732421875,202.94000244140625,1421502
2024-03-27 10:30:00,202.9499969482422,203.22000122070312,202.6999969482422,202.7006072998047,1376496
2024-03-27 11:30:00,202.6999969482422,202.92999267578125,202.55999755859375,202.8699951171875,646551
2024-03-27 12:30:00,202.8999938964844,203.11000061035156,202.83999633789065,202.9149932861328,374878
2024-03-27 13:30:00,202.92999267578125,202.9499969482422,202.66000366210935,202.7599945068359,394486
2024-03-27 14:30:00,202.7550048828125,202.96600341796875,202.7550048828125,202.86529541015625,357800
2024-03-27 15:30:00,202.8650054931641,203.1499938964844,202.8000030517578,203.0500030517578,938524
2024-03-27 16:00:00,203.06,203.22,201.13,203.185,0
2024-03-27 17:00:00,203.18,203.29,203.06,203.25,0
2024-03-27 18:00:00,203.26,203.26,202.75,202.99,0
2024-03-27 19:00:00,202.99,202.99,202.77,202.92,0
2024-03-28 04:00:00,202.52,203.19,202.52,203.15,0
2024-03-28 05:00:00,203.16,203.37,202.99,203.3,0
2024-03-28 06:00:00,203.3,204.4,203.3,204.08,0
2024-03-28 07:00:00,204.05,204.94,204.05,204.8,0
2024-03-28 08:00:00,204.82,205.2,203.01,204.69,0
2024-03-28 09:00:00,204.7,205.31,203.1,204.74,0
2024-03-28 09:30:00,204.5399932861328,204.65570068359375,203.8699951171875,204.26499938964844,1697452
2024-03-28 10:30:00,204.2899932861328,205.2400054931641,204.2899932861328,205.0749969482422,1221728
2024-03-28 11:30:00,205.0800018310547,205.4600067138672,204.8999938964844,205.44000244140625,768814
2024-03-28 12:30:00,205.44000244140625,206.0500030517578,205.22999572753903,205.32000732421875,1826820
2024-03-28 13:30:00,205.32000732421875,205.7599945068359,205.32000732421875,205.66000366210935,723606
2024-03-28 14:30:00,205.6649932861328,205.67999267578125,205.36000061035156,205.48500061035156,1020871
2024-03-28 15:30:00,205.4750061035156,205.75,205.4199981689453,205.72000122070312,1155155
2024-03-28 16:00:00,205.72,207.01,205.5109,206.85,0
2024-03-28 17:00:00,206.69,206.95,205.72,206.65,0
2024-03-28 18:00:00,206.65,206.75,206.01,206.4485,0
2024-03-28 19:00:00,206.37,206.5,206.25,206.5,0
2024-04-01 04:00:00,209.1,209.5,208.86,209.0,0
2024-04-01 05:00:00,209.03,209.07,208.5,208.5,0
2024-04-01 06:00:00,208.5,208.69,208.26,208.29,0
2024-04-01 07:00:00,208.29,208.33,207.96,208.2,0
2024-04-01 08:00:00,208.22,209.82,207.7,208.18,0
2024-04-01 09:00:00,208.15,208.98,205.72,208.79,0
2024-04-01 09:30:00,208.67999267578125,208.72999572753903,206.52000427246097,206.72999572753903,4546610
2024-04-01 10:30:00,206.7100067138672,207.35499572753903,206.2899932861328,207.3000030517578,1906999
2024-04-01 11:30:00,207.3000030517578,207.66000366210935,207.11000061035156,207.5500030517578,2125226
2024-04-01 12:30:00,207.5399932861328,207.72000122070312,206.87399291992188,207.05499267578125,1430819
2024-04-01 13:30:00,207.07000732421875,207.4900054931641,207.04010009765625,207.41000366210935,693145
2024-04-01 14:30:00,207.3999938964844,207.53500366210935,207.27000427246097,207.4750061035156,650240
2024-04-01 15:30:00,207.4750061035156,207.8300018310547,207.3699951171875,207.8249969482422,1250919
2024-04-01 16:00:00,207.82,208.52,207.69,208.49,0
2024-04-01 17:00:00,208.49,208.61,207.82,208.58,0
2024-04-01 18:00:00,208.6,208.87,208.15,208.71,0
2024-04-01 19:00:00,208.71,208.71,208.16,208.16,0
2024-04-02 04:00:00,208.91,209.48,208.85,209.37,0
2024-04-02 05:00:00,209.38,209.55,209.29,209.5,0
2024-04-02 06:00:00,209.55,209.8,208.78,209.27,0
2024-04-02 07:00:00,209.3,209.66,208.83,209.0,0
2024-04-02 08:00:00,209.1,209.5728,208.41,208.83,0
2024-04-02 09:00:00,208.9,209.15,207.82,209.12,0
2024-04-02 09:30:00,209.07000732421875,210.7989959716797,209.02999877929688,210.6349945068359,3611384
2024-04-02 10:30:00,210.66000366210935,210.77000427246097,208.6499938964844,208.8000030517578,2449176
2024-04-02 11:30:00,208.7899932861328,209.2400054931641,208.36000061035156,209.02000427246097,936976
2024-04-02 12:30:00,209.02000427246097,209.4499969482422,209.02000427246097,209.33999633789065,576754
2024-04-02 13:30:00,209.3350067138672,210.40499877929688,209.2899932861328,210.27000427246097,1789126
2024-04-02 14:30:00,210.2749938964844,210.6300048828125,210.0099945068359,210.47999572753903,1349316
2024-04-02 15:30:00,210.4900054931641,211.02999877929688,210.4149932861328,210.86000061035156,2076633
2024-04-02 16:00:00,210.89,211.21,210.71,211.14,0
2024-04-02 17:00:00,211.05,211.3,210.93,211.2,0
2024-04-02 18:00:00,211.14,211.87,211.04,211.27,0
2024-04-02 19:00:00,211.33,211.45,210.73,211.12,0
2024-04-03 04:00:00,210.29,211.03,209.95,210.05,0
2024-04-03 05:00:00,210.17,210.69,210.05,210.21,0
2024-04-03 06:00:00,210.18,210.54,210.18,210.39,0
2024-04-03 07:00:00,210.2,210.44,210.05,210.15,0
2024-04-03 08:00:00,210.22,211.84,209.75,210.04,0
2024-04-03 09:00:00,210.04,210.99,210.0,210.63,0
2024-04-03 09:30:00,210.57000732421875,211.55999755859375,210.3000030517578,210.69000244140625,2290792
2024-04-03 10:30:00,210.6999969482422,211.7449951171875,210.52999877929688,211.7100067138672,1738497
2024-04-03 11:30:00,211.72000122070312,212.27000427246097,211.16000366210935,212.1598968505859,1945016
2024-04-03 12:30:00,212.1499938964844,212.4900054931641,211.91000366210935,212.44000244140625,1440797
2024-04-03 13:30:00,212.4199981689453,212.52000427246097,212.1499938964844,212.4169006347656,622668
2024-04-03 14:30:00,212.42999267578125,212.8300018310547,212.42999267578125,212.53509521484375,997581
2024-04-03 15:30:00,212.53500366210935,212.7449951171875,212.4499969482422,212.7100067138672,917742
2024-04-03 16:00:00,212.71,213.03,212.6903,212.975,0
2024-04-03 17:00:00,212.96,213.07,212.74,212.9,0
2024-04-03 18:00:00,213.02,213.1,212.84,213.03,0
2024-04-03 19:00:00,213.15,213.15,212.51,212.75,0
2024-04-04 04:00:00,212.29,212.39,212.15,212.2,0
2024-04-04 05:00:00,212.18,212.34,212.1,212.3,0
2024-04-04 06:00:00,212.3,212.41,212.14,212.39,0
2024-04-04 07:00:00,212.39,212.49,212.22,212.32,0
2024-04-04 08:00:00,212.32,213.0,211.41,211.62,0
2024-04-04 09:00:00,211.71,212.74,211.34,211.76,0
2024-04-04 09:30:00,212.0,212.7400054931641,211.4900054931641,212.6999969482422,2808529
2024-04-04 10:30:00,212.72000122070312,212.8699951171875,212.18499755859375,212.3300018310547,1229721
2024-04-04 11:30:00,212.27999877929688,212.37449645996097,211.94500732421875,212.11000061035156,1399113
2024-04-04 12:30:00,212.1199951171875,212.1699981689453,211.6699981689453,211.92999267578125,845920
2024-04-04 13:30:00,211.94000244140625,213.1699981689453,211.92999267578125,212.87989807128903,1131559
2024-04-04 14:30:00,212.8650054931641,213.4499969482422,212.07000732421875,212.4499969482422,2085533
2024-04-04 15:30:00,212.4499969482422,212.52999877929688,211.02000427246097,211.52999877929688,2240775
2024-04-04 16:00:00,211.53,212.1597,211.52,212.0901,0
2024-04-04 17:00:00,212.0901,212.12,181.59,212.07,0
2024-04-04 18:00:00,212.08,212.34,211.72,211.895,0
2024-04-04 19:00:00,212.0,212.2,211.83,211.9,0
2024-04-05 04:00:00,211.94,212.15,210.5,211.76,0
2024-04-05 05:00:00,211.81,212.01,211.63,211.9,0
2024-04-05 06:00:00,211.9,212.54,211.9,212.28,0
2024-04-05 07:00:00,212.32,212.42,212.18,212.34,0
2024-04-05 08:00:00,212.34,212.53,210.67,212.52,0
2024-04-05 09:00:00,212.6,212.6,211.12,211.98,0
2024-04-05 09:30:00,212.4900054931641,214.0,212.22000122070312,213.97000122070312,2256938
2024-04-05 10:30:00,213.9900054931641,215.4600067138672,213.8999938964844,215.1999969482422,2970488
2024-04-05 11:30:00,215.22000122070312,215.6499938964844,214.91000366210935,215.2400054931641,1645198
2024-04-05 12:30:00,215.26499938964844,215.7400054931641,215.17999267578125,215.27999877929688,2216209
2024-04-05 13:30:00,215.27999877929688,215.55499267578125,215.11000061035156,215.3401031494141,1220800
2024-04-05 14:30:00,215.3500061035156,215.46499633789065,214.8300018310547,215.05999755859375,1212639
2024-04-05 15:30:00,215.05499267578125,215.13999938964844,214.94000244140625,215.11000061035156,1244627
2024-04-05 16:00:00,215.14,215.71,215.04,215.69,0
2024-04-05 17:00:00,215.52,215.69,215.4,215.4,0
2024-04-05 18:00:00,215.45,215.74,214.32,215.63,0
2024-04-05 19:00:00,215.63,215.99,215.38,215.77,0
2024-04-08 04:00:00,216.44,216.73,215.9,216.24,0
2024-04-08 05:00:00,216.21,216.4,216.02,216.23,0
2024-04-08 06:00:00,216.4,216.65,216.2,216.65,0
2024-04-08 07:00:00,216.64,216.94,216.44,216.68,0
2024-04-08 08:00:00,216.71,217.06,215.1,215.34,0
2024-04-08 09:00:00,215.38,216.15,215.14,215.455,0
2024-04-08 09:30:00,215.8800048828125,216.22000122070312,214.61000061035156,215.3249969482422,2636198
2024-04-08 10:30:00,215.25,215.8300018310547,215.17999267578125,215.75,1119057
2024-04-08 11:30:00,215.7599945068359,215.83999633789065,215.30999755859375,215.58999633789065,1295608
2024-04-08 12:30:00,215.6199951171875,215.8999938964844,215.3300018310547,215.8800048828125,1665271
2024-04-08 13:30:00,215.88999938964844,216.8000030517578,215.8849945068359,216.77000427246097,1174404
2024-04-08 14:30:00,216.77000427246097,216.80999755859375,216.39500427246097,216.55999755859375,1279137
2024-04-08 15:30:00,216.55499267578125,216.6699981689453,216.3500061035156,216.4750061035156,806390
2024-04-08 16:00:00,216.48,216.55,216.43,216.55,0
2024-04-08 17:00:00,216.56,216.68,216.54,216.63,0
2024-04-08 18:00:00,216.4,216.64,216.12,216.44,0
2024-04-08 19:00:00,216.5,216.73,216.37,216.515,0
2024-04-09 04:00:00,217.12,218.22,217.12,218.1,0
2024-04-09 05:00:00,218.15,218.96,218.09,218.9,0
2024-04-09 06:00:00,218.88,219.0,218.25,218.29,0
2024-04-09 07:00:00,218.18,218.38,217.77,218.04,0
2024-04-09 08:00:00,217.89,218.9545,216.95,217.28,0
2024-04-09 09:00:00,217.37,217.8,217.12,217.8,0
2024-04-09 09:30:00,217.80999755859375,218.77999877929688,217.77999877929688,218.57000732421875,3029803
2024-04-09 10:30:00,218.6000061035156,218.86000061035156,216.97000122070312,217.16000366210935,3045374
2024-04-09 11:30:00,217.16000366210935,217.3800048828125,216.4499969482422,217.23500061035156,3222345
2024-04-09 12:30:00,217.23699951171875,217.25,216.7628936767578,216.98500061035156,901348
2024-04-09 13:30:00,216.97999572753903,217.5099945068359,216.9600067138672,217.44000244140625,1189678
2024-04-09 14:30:00,217.4600067138672,217.5399932861328,217.11000061035156,217.27999877929688,541994
2024-04-09 15:30:00,217.27000427246097,217.7100067138672,217.22000122070312,217.66360473632812,822288
2024-04-09 16:00:00,217.67,218.8579,215.11,217.85,0
2024-04-09 17:00:00,217.87,217.87,217.5,217.5,0
2024-04-09 18:00:00,217.5,217.97,217.43,217.83,0
2024-04-09 19:00:00,217.73,218.16,217.58,217.96,0
2024-04-10 04:00:00,217.98,217.98,217.78,217.98,0
2024-04-10 05:00:00,217.97,218.01,217.6,217.61,0
2024-04-10 06:00:00,217.5,217.5,217.07,217.33,0
2024-04-10 07:00:00,217.38,217.55,217.1,217.32,0
2024-04-10 08:00:00,217.39,218.4,217.1,217.97,0
2024-04-10 09:00:00,217.54,217.67,214.94,214.99,0
2024-04-10 09:30:00,215.3699951171875,217.77999877929688,214.80999755859375,217.1999969482422,4427399
2024-04-10 10:30:00,217.19000244140625,217.7599945068359,215.7599945068359,216.36000061035156,1823462
2024-04-10 11:30:00,216.3699951171875,216.79010009765625,216.16000366210935,216.30999755859375,557065
2024-04-10 12:30:00,216.32000732421875,216.6300048828125,215.3000030517578,215.64500427246097,1552288
2024-04-10 13:30:00,215.63999938964844,217.1199951171875,215.63999938964844,216.2599945068359,1606855
2024-04-10 14:30:00,216.2100067138672,216.27999877929688,215.33999633789065,215.61000061035156,1394545
2024-04-10 15:30:00,215.58999633789065,215.77000427246097,215.58999633789065,215.6199951171875,1106854
2024-04-10 16:00:00,215.61,216.09,215.61,216.09,0
2024-04-10 17:00:00,216.05,216.19,215.79,215.79,0
2024-04-10 18:00:00,216.0,216.35,215.751,216.35,0
2024-04-10 19:00:00,216.25,216.39,216.05,216.21,0
2024-04-11 04:00:00,216.84,216.84,215.8,215.98,0
2024-04-11 05:00:00,215.94,215.96,215.32,215.93,0
2024-04-11 06:00:00,215.93,216.33,215.56,216.12,0
2024-04-11 07:00:00,216.12,216.55,216.12,216.43,0
2024-04-11 08:00:00,216.43,217.2,215.4617,216.22,0
2024-04-11 09:00:00,216.22,217.01,215.61,216.77,0
2024-04-11 09:30:00,216.8500061035156,217.2899932861328,216.13999938964844,216.33999633789065,1575530
2024-04-11 10:30:00,216.3800048828125,216.7949981689453,215.88999938964844,216.46499633789065,958073
2024-04-11 11:30:00,216.47000122070312,217.22999572753903,216.4001007080078,216.96499633789065,894534
2024-04-11 12:30:00,216.92999267578125,218.2100067138672,216.9199981689453,218.0050048828125,2310656
2024-04-11 13:30:00,218.0050048828125,218.7899932861328,217.8800048828125,218.64500427246097,1283846
2024-04-11 14:30:00,218.6499938964844,218.97000122070312,218.61000061035156,218.88999938964844,1470133
2024-04-11 15:30:00,218.8800048828125,219.83999633789065,218.64295959472656,219.69000244140625,2201733
2024-04-11 16:00:00,219.7,220.23,219.55,219.6,0
2024-04-11 17:00:00,219.8,219.8,219.54,219.79,0
2024-04-11 18:00:00,219.7,220.25,219.53,219.75,0
2024-04-11 19:00:00,219.68,220.15,219.63,220.04,0
2024-04-12 04:00:00,222.14,222.265,220.23,222.01,0
2024-04-12 05:00:00,221.99,222.05,221.59,221.8,0
2024-04-12 06:00:00,221.77,222.18,221.7,222.1,0
2024-04-12 07:00:00,222.12,222.2,221.44,221.6,0
2024-04-12 08:00:00,221.63,222.27,220.69,221.77,0
2024-04-12 09:00:00,221.71,222.15,219.8,221.77,0
2024-04-12 09:30:00,221.8699951171875,224.0780029296875,221.5500030517578,223.47360229492188,5908246
2024-04-12 10:30:00,223.47999572753903,225.08999633789065,221.5800018310547,221.6999969482422,6313140
2024-04-12 11:30:00,221.72000122070312,222.1499938964844,219.66000366210935,219.77999877929688,5627824
2024-04-12 12:30:00,219.8000030517578,220.0,217.6999969482422,218.1800994873047,4550897
2024-04-12 13:30:00,218.22000122070312,218.3300018310547,217.02999877929688,217.1499938964844,2333446
2024-04-12 14:30:00,217.13999938964844,217.32000732421875,216.02000427246097,216.77000427246097,3280824
2024-04-12 15:30:00,216.7899932861328,217.10499572753903,216.3999938964844,216.88999938964844,2195764
2024-04-12 16:00:00,216.89,217.08,216.8,216.975,0
2024-04-12 17:00:00,217.08,217.08,216.75,216.76,0
2024-04-12 18:00:00,216.9,217.08,216.7,217.08,0
2024-04-12 19:00:00,217.05,217.3,216.7,217.19,0
2024-04-15 04:00:00,218.47,219.8,217.49,217.52,0
2024-04-15 05:00:00,217.53,217.8,217.08,217.34,0
2024-04-15 06:00:00,217.34,217.64,217.2,217.52,0
2024-04-15 07:00:00,217.52,218.54,217.5,218.02,0
2024-04-15 08:00:00,218.16,218.63,217.2519,218.125,0
2024-04-15 09:00:00,218.0,218.56,216.89,217.97,0
2024-04-15 09:30:00,217.94000244140625,218.0500030517578,215.16000366210935,215.94000244140625,4029850
2024-04-15 10:30:00,216.0,217.77000427246097,215.9900054931641,217.65890502929688,1444721
2024-04-15 11:30:00,217.66000366210935,217.8000030517578,217.0500030517578,217.40499877929688,919552
2024-04-15 12:30:00,217.3990020751953,219.16000366210935,217.1999969482422,219.1300048828125,1012139
2024-04-15 13:30:00,219.1199951171875,219.44000244140625,218.67999267578125,219.1499938964844,1323469
2024-04-15 14:30:00,219.1300048828125,221.02999877929688,219.1199951171875,220.72000122070312,1954362
2024-04-15 15:30:00,220.7133026123047,221.0,220.45199584960935,220.92999267578125,2007587
2024-04-15 16:00:00,220.91,223.915,218.477,220.65,0
2024-04-15 17:00:00,220.65,220.95,220.59,220.67,0
2024-04-15 18:00:00,220.6,221.41,220.46,220.78,0
2024-04-15 19:00:00,220.7,220.99,220.27,220.53,0
2024-04-16 04:00:00,219.0,220.5,218.91,219.44,0
2024-04-16 05:00:00,219.47,219.59,219.17,219.22,0
2024-04-16 06:00:00,219.22,219.85,219.22,219.42,0
2024-04-16 07:00:00,219.41,219.83,219.29,219.47,0
2024-04-16 08:00:00,219.47,221.08,218.9231,219.59,0
2024-04-16 09:00:00,219.67,220.95,219.46,219.58,0
2024-04-16 09:30:00,220.17999267578125,220.19000244140625,218.77999877929688,219.0500030517578,2707406
2024-04-16 10:30:00,219.07000732421875,221.53619384765625,219.0399932861328,220.32000732421875,2482765
2024-04-16 11:30:00,220.2899932861328,221.3999938964844,220.1699981689453,221.13999938964844,1007362
2024-04-16 12:30:00,221.1499938964844,221.9900054931641,220.8800048828125,221.2100067138672,1172261
2024-04-16 13:30:00,221.2100067138672,221.8300018310547,220.2899932861328,221.16000366210935,1131154
2024-04-16 14:30:00,221.19000244140625,221.72999572753903,220.9750061035156,221.66009521484375,682635
2024-04-16 15:30:00,221.69000244140625,221.69500732421875,221.1499938964844,221.22000122070312,954240
2024-04-16 16:00:00,221.22,221.444,217.62,220.49,0
2024-04-16 17:00:00,220.64,220.65,220.38,220.45,0
2024-04-16 18:00:00,220.5,220.86,220.41,220.76,0
2024-04-16 19:00:00,220.77,220.99,220.5,220.77,0
2024-04-17 04:00:00,220.52,221.12,220.25,221.12,0
2024-04-17 05:00:00,221.15,221.62,221.12,221.59,0
2024-04-17 06:00:00,221.59,221.63,221.1,221.2,0
2024-04-17 07:00:00,221.2,221.22,220.77,221.02,0
2024-04-17 08:00:00,221.02,221.6109,219.55,220.76,0
2024-04-17 09:00:00,220.66,221.22,220.1331,221.02,0
2024-04-17 09:30:00,221.0500030517578,221.72000122070312,220.8500061035156,221.4250030517578,2111142
2024-04-17 10:30:00,221.4199981689453,221.7599945068359,220.61099243164065,220.7599945068359,1890570
2024-04-17 11:30:00,220.77000427246097,221.0399932861328,220.19000244140625,220.27000427246097,1413437
2024-04-17 12:30:00,220.28990173339844,220.28990173339844,218.52000427246097,219.57000732421875,2609922
2024-04-17 13:30:00,219.5800018310547,220.2100067138672,219.40499877929688,219.9199981689453,1176905
2024-04-17 14:30:00,219.94000244140625,220.1750030517578,219.16000366210935,219.40969848632812,746892
2024-04-17 15:30:00,219.5,219.6999969482422,219.38999938964844,219.61000061035156,903259
2024-04-17 16:00:00,219.59,219.65,218.0,218.5,0
2024-04-17 17:00:00,218.6,218.8,218.23,218.64,0
2024-04-17 18:00:00,218.58,219.14,218.52,218.79,0
2024-04-17 19:00:00,218.86,219.19,218.71,219.18,0
2024-04-18 04:00:00,219.5,220.3,219.5,220.28,0
2024-04-18 05:00:00,220.35,220.36,220.13,220.29,0
2024-04-18 06:00:00,220.25,220.5,220.15,220.47,0
2024-04-18 07:00:00,220.55,220.67,220.24,220.44,0
2024-04-18 08:00:00,220.44,220.99,219.58,220.77,0
2024-04-18 09:00:00,220.76,221.07,219.59,220.54,0
2024-04-18 09:30:00,221.30999755859375,221.45989990234375,219.88999938964844,220.0099945068359,1844540
2024-04-18 10:30:00,220.02999877929688,220.72000122070312,219.31199645996097,220.67999267578125,1038963
2024-04-18 11:30:00,220.69000244140625,220.82000732421875,220.16000366210935,220.7400054931641,724111
2024-04-18 12:30:00,220.7400054931641,221.17999267578125,220.52000427246097,220.5800018310547,756210
2024-04-18 13:30:00,220.5749969482422,220.8000030517578,220.2599945068359,220.47000122070312,528800
2024-04-18 14:30:00,220.4900054931641,220.7899932861328,220.1199951171875,220.17999267578125,572629
2024-04-18 15:30:00,220.1699981689453,220.4600067138672,220.16000366210935,220.30999755859375,555839
2024-04-18 16:00:00,220.33,220.34,220.01,220.24,0
2024-04-18 17:00:00,220.22,220.29,220.0333,220.2,0
2024-04-18 18:00:00,220.2,220.34,220.01,220.14,0
2024-04-18 19:00:00,220.14,220.44,220.06,220.26,0
2024-04-19 04:00:00,220.65,221.48,220.19,220.32,0
2024-04-19 05:00:00,220.51,220.88,220.47,220.62,0
2024-04-19 06:00:00,220.65,220.69,220.3,220.48,0
2024-04-19 07:00:00,220.48,220.6,219.62,219.89,0
2024-04-19 08:00:00,219.79,221.73,219.62,220.42,0
2024-04-19 09:00:00,220.47,220.74,219.94,219.94,0
2024-04-19 09:30:00,220.4900054931641,221.3699951171875,220.14500427246097,221.0800018310547,1698326
2024-04-19 10:30:00,221.0850067138672,221.8000030517578,220.83999633789065,221.5249938964844,1531793
2024-04-19 11:30:00,221.5099945068359,221.72999572753903,221.1750030517578,221.32000732421875,967814
2024-04-19 12:30:00,221.33999633789065,222.36000061035156,221.33999633789065,221.9900054931641,1288403
2024-04-19 13:30:00,221.97999572753903,222.16000366210935,221.4550018310547,221.6999969482422,965412
2024-04-19 14:30:00,221.67999267578125,221.9949951171875,221.5200958251953,221.5399932861328,733696
2024-04-19 15:30:00,221.5399932861328,221.63999938964844,220.91000366210935,221.0,912975
2024-04-19 16:00:00,221.01,221.44,220.95,221.3,0
2024-04-19 17:00:00,221.42,221.55,221.39,221.53,0
2024-04-19 18:00:00,221.46,221.55,221.1,221.385,0
2024-04-19 19:00:00,221.5,221.5,221.06,221.44,0
2024-04-22 04:00:00,218.56,220.0,218.3,218.4,0
2024-04-22 05:00:00,218.3,218.75,218.3,218.7,0
2024-04-22 06:00:00,218.6,218.61,218.37,218.37,0
2024-04-22 07:00:00,218.37,218.41,216.59,216.82,0
2024-04-22 08:00:00,216.8,219.65,216.35,217.25,0
2024-04-22 09:00:00,217.22,221.03,215.95,216.71,0
2024-04-22 09:30:00,216.3500061035156,216.6300048828125,215.63999938964844,216.61000061035156,4396581
2024-04-22 10:30:00,216.625,216.95779418945312,215.9199981689453,216.0399932861328,1640419
2024-04-22 11:30:00,216.05499267578125,216.3999938964844,215.6199951171875,215.8000030517578,1728970
2024-04-22 12:30:00,215.80999755859375,216.1150054931641,215.55999755859375,215.8999938964844,1220716
2024-04-22 13:30:00,215.91000366210935,216.0,215.13999938964844,215.22999572753903,1032076
2024-04-22 14:30:00,215.43499755859375,215.80999755859375,215.22999572753903,215.60009765625,947240
2024-04-22 15:30:00,215.60499572753903,215.7550048828125,215.5399932861328,215.5800018310547,1248649
2024-04-22 16:00:00,215.57,216.35,215.214,216.35,0
2024-04-22 17:00:00,215.63,215.63,215.3,215.42,0
2024-04-22 18:00:00,215.5,215.87,215.34,215.79,0
2024-04-22 19:00:00,215.675,216.0,215.35,215.83,0
2024-04-23 04:00:00,213.88,214.6,213.43,213.63,0
2024-04-23 05:00:00,213.57,213.6,212.1,212.62,0
2024-04-23 06:00:00,212.55,212.93,212.34,212.92,0
2024-04-23 07:00:00,212.75,213.47,212.75,213.04,0
2024-04-23 08:00:00,213.02,221.7398,212.1528,213.64,0
2024-04-23 09:00:00,213.63,214.19,213.36,214.1,0
2024-04-23 09:30:00,213.9600067138672,215.86000061035156,213.8699951171875,214.94500732421875,2687803
2024-04-23 10:30:00,214.97999572753903,215.1499938964844,214.25,215.0099945068359,2697483
2024-04-23 11:30:00,215.02999877929688,215.4199981689453,214.66000366210935,215.360107421875,914129
2024-04-23 12:30:00,215.3800048828125,215.7949981689453,215.2400054931641,215.52999877929688,977865
2024-04-23 13:30:00,215.52000427246097,215.625,215.1999969482422,215.3999938964844,975837
2024-04-23 14:30:00,215.38999938964844,215.4098968505859,214.9600067138672,215.0800018310547,731329
2024-04-23 15:30:00,215.06500244140625,215.09500122070312,214.8500061035156,214.9600067138672,846095
2024-04-23 16:00:00,215.04,215.04,214.86,214.91,0
2024-04-23 17:00:00,214.96,215.04,214.85,215.03,0
2024-04-23 18:00:00,214.9,215.02,214.8,214.895,0
2024-04-23 19:00:00,214.95,215.15,214.82,215.13,0
2024-04-24 04:00:00,214.83,214.97,214.5,214.65,0
2024-04-24 05:00:00,214.65,214.7,214.05,214.16,0
2024-04-24 06:00:00,214.16,214.61,214.0,214.5,0
2024-04-24 07:00:00,214.5,214.53,214.1,214.39,0
2024-04-24 08:00:00,214.38,215.55,214.0,214.3,0
2024-04-24 09:00:00,214.31,215.26,214.2,215.07,0
2024-04-24 09:30:00,214.7599945068359,215.3000030517578,214.36000061035156,214.92999267578125,1377240
2024-04-24 10:30:00,214.9499969482422,216.3500061035156,214.86990356445312,215.77999877929688,1184996
2024-04-24 11:30:00,215.7899932861328,215.8000030517578,214.88999938964844,215.0500030517578,818192
2024-04-24 12:30:00,215.0500030517578,215.72000122070312,214.98269653320312,215.14990234375,402442
2024-04-24 13:30:00,215.1499938964844,215.27000427246097,214.8699951171875,214.91000366210935,323774
2024-04-24 14:30:00,214.88999938964844,214.97000122070312,214.6199951171875,214.9199981689453,530535
2024-04-24 15:30:00,214.9199981689453,214.9600067138672,214.5500030517578,214.6499938964844,571894
2024-04-24 16:00:00,214.64,214.7,214.18,214.36,0
2024-04-24 17:00:00,214.36,214.64,214.28,214.4293,0
2024-04-24 18:00:00,214.4,214.67,214.16,214.5,0
2024-04-24 19:00:00,214.65,214.65,214.23,214.31,0
2024-04-25 04:00:00,214.65,215.58,214.65,215.25,0
2024-04-25 05:00:00,215.23,215.5,215.15,215.15,0
2024-04-25 06:00:00,215.15,215.39,215.1,215.39,0
2024-04-25 07:00:00,215.39,215.67,215.25,215.45,0
2024-04-25 08:00:00,215.45,215.72,214.04,215.4,0
2024-04-25 09:00:00,215.54,216.11,214.64,214.74,0
2024-04-25 09:30:00,214.47000122070312,215.3300018310547,214.335693359375,215.1999969482422,1588637
2024-04-25 10:30:00,215.22000122070312,217.0500030517578,215.17999267578125,215.92999267578125,2148836
2024-04-25 11:30:00,215.92999267578125,216.1199951171875,215.0399932861328,215.44500732421875,548391
2024-04-25 12:30:00,215.43499755859375,215.7599945068359,215.3000030517578,215.6999969482422,300107
2024-04-25 13:30:00,215.61000061035156,216.1300048828125,215.55999755859375,215.77999877929688,375219
2024-04-25 14:30:00,215.7899932861328,216.22000122070312,215.75,216.16000366210935,426819
2024-04-25 15:30:00,216.13999938964844,216.27000427246097,215.80999755859375,215.92999267578125,594666
2024-04-25 16:00:00,215.93,215.99,215.7,215.8202,0
2024-04-25 17:00:00,215.8202,216.06,215.75,215.8,0
2024-04-25 18:00:00,215.8,216.14,215.7,215.855,0
2024-04-25 19:00:00,215.855,216.0,215.56,215.61,0
2024-04-26 04:00:00,217.08,217.5,216.52,217.18,0
2024-04-26 05:00:00,217.25,217.73,217.19,217.47,0
2024-04-26 06:00:00,217.45,217.53,217.27,217.37,0
2024-04-26 07:00:00,217.2,217.39,217.1,217.16,0
2024-04-26 08:00:00,217.15,217.42,215.92,216.83,0
2024-04-26 09:00:00,216.92,217.65,214.47,217.34,0
2024-04-26 09:30:00,216.77000427246097,217.06759643554688,216.27999877929688,216.61000061035156,1502752
2024-04-26 10:30:00,216.52999877929688,216.61000061035156,215.52999877929688,215.9801025390625,1063281
2024-04-26 11:30:00,215.97000122070312,216.47999572753903,215.81500244140625,216.2100067138672,463677
2024-04-26 12:30:00,216.2100067138672,216.40499877929688,215.91000366210935,216.19000244140625,729235
2024-04-26 13:30:00,216.18499755859375,216.67999267578125,216.08999633789065,216.67999267578125,428183
2024-04-26 14:30:00,216.67999267578125,216.7198944091797,216.2400054931641,216.44000244140625,489185
2024-04-26 15:30:00,216.44000244140625,216.6300048828125,216.3249969482422,216.58999633789065,823625
2024-04-26 16:00:00,216.61,216.62,216.25,216.38,0
2024-04-26 17:00:00,216.41,216.79,216.38,216.79,0
2024-04-26 18:00:00,216.72,216.82,216.38,216.73,0
2024-04-26 19:00:00,216.73,216.88,216.38,216.88,0
2024-04-29 04:00:00,216.82,216.82,216.22,216.36,0
2024-04-29 05:00:00,216.44,216.67,216.33,216.36,0
2024-04-29 06:00:00,216.49,216.86,216.49,216.86,0
2024-04-29 07:00:00,216.83,216.85,216.62,216.8,0
2024-04-29 08:00:00,216.82,216.8851,215.41,216.01,0
2024-04-29 09:00:00,215.95,216.62,215.5,215.8808,0
2024-04-29 09:30:00,216.08599853515625,216.5099945068359,215.25,216.47000122070312,1282190
2024-04-29 10:30:00,216.4499969482422,216.53900146484375,215.8999938964844,216.36000061035156,478071
2024-04-29 11:30:00,216.3699951171875,217.21499633789065,216.22999572753903,216.92999267578125,715267
2024-04-29 12:30:00,217.0099945068359,217.1999969482422,216.7599945068359,217.1300048828125,1120822
2024-04-29 13:30:00,217.1300048828125,217.16000366210935,216.3999938964844,216.44000244140625,939761
2024-04-29 14:30:00,216.43499755859375,216.6999969482422,215.93600463867188,216.17999267578125,735639
2024-04-29 15:30:00,216.18499755859375,216.22000122070312,215.9250030517578,216.1699981689453,745132
2024-04-29 16:00:00,216.18,216.43,216.0,216.0,0
2024-04-29 17:00:00,216.0,216.2,216.0,216.075,0
2024-04-29 18:00:00,216.12,216.27,216.04,216.1,0
2024-04-29 19:00:00,216.12,216.14,215.81,215.96,0
2024-04-30 04:00:00,214.53,215.19,214.0,214.06,0
2024-04-30 05:00:00,214.15,214.45,213.9,214.35,0
2024-04-30 06:00:00,214.32,214.48,214.22,214.46,0
2024-04-30 07:00:00,214.52,214.52,214.06,214.23,0
2024-04-30 08:00:00,214.15,216.18,213.63,213.915,0
2024-04-30 09:00:00,213.78,216.18,213.15,213.43,0
2024-04-30 09:30:00,213.3800048828125,214.12710571289065,212.75,212.9900054931641,3036088
2024-04-30 10:30:00,213.0099945068359,213.0800018310547,212.17999267578125,212.77999877929688,1474714
2024-04-30 11:30:00,212.77999877929688,212.80499267578125,212.33999633789065,212.7373962402344,573571
2024-04-30 12:30:00,212.7400054931641,212.77000427246097,212.08999633789065,212.16000366210935,802645
2024-04-30 13:30:00,212.17999267578125,212.63999938964844,212.1300048828125,212.4199981689453,503223
2024-04-30 14:30:00,212.38999938964844,212.56500244140625,211.90499877929688,212.19000244140625,1417698
2024-04-30 15:30:00,212.19000244140625,212.38999938964844,211.8000030517578,211.97000122070312,2207389
2024-04-30 16:00:00,211.97,214.2356,211.48,211.59,0
2024-04-30 17:00:00,211.575,211.87,211.43,211.55,0
2024-04-30 18:00:00,211.58,212.14,211.55,212.09,0
2024-04-30 19:00:00,212.1,212.31,211.8,212.06,0
2024-05-01 04:00:00,211.6,211.65,211.33,211.5,0
2024-05-01 05:00:00,211.6,211.82,211.4,211.71,0
2024-05-01 06:00:00,211.71,212.2,211.71,212.12,0
2024-05-01 07:00:00,212.12,212.38,212.02,212.38,0
2024-05-01 08:00:00,212.38,212.705,211.19,212.54,0
2024-05-01 09:00:00,212.52,212.88,211.87,212.505,0
2024-05-01 09:30:00,212.9600067138672,213.83999633789065,212.8300018310547,213.41000366210935,1707576
2024-05-01 10:30:00,213.3500061035156,213.7100067138672,212.6199951171875,213.67770385742188,812789
2024-05-01 11:30:00,213.7100067138672,213.80999755859375,213.0500030517578,213.41000366210935,836746
2024-05-01 12:30:00,213.3999938964844,213.5,212.83999633789065,212.8800048828125,713880
2024-05-01 13:30:00,212.88999938964844,214.1499938964844,212.41000366210935,214.11000061035156,1411946
2024-05-01 14:30:00,214.11000061035156,215.5,213.55999755859375,214.86000061035156,2554662
2024-05-01 15:30:00,214.8650054931641,214.97999572753903,213.77000427246097,213.77999877929688,1459380
2024-05-01 16:00:00,213.77,214.76,205.3707,214.65,0
2024-05-01 17:00:00,214.635,214.8,213.79,214.565,0
2024-05-01 18:00:00,214.56,214.89,213.79,214.75,0
2024-05-01 19:00:00,214.68,215.22,213.79,215.1,0
2024-05-02 04:00:00,213.71,215.1,213.33,213.33,0
2024-05-02 05:00:00,213.3,213.55,213.1,213.12,0
2024-05-02 06:00:00,213.0,213.02,212.45,212.45,0
2024-05-02 07:00:00,212.46,213.11,212.46,212.71,0
2024-05-02 08:00:00,212.84,214.825,212.6,213.13,0
2024-05-02 09:00:00,213.0,213.79,211.58,211.79,0
2024-05-02 09:30:00,211.8999938964844,212.7749938964844,211.4900054931641,212.4900054931641,1885756
2024-05-02 10:30:00,212.5,213.47999572753903,212.4199981689453,213.19000244140625,837923
2024-05-02 11:30:00,213.20989990234375,213.32000732421875,212.55999755859375,212.92999267578125,465298
2024-05-02 12:30:00,212.94000244140625,213.17999267578125,212.7400054931641,212.84500122070312,347895
2024-05-02 13:30:00,212.85499572753903,213.7050018310547,212.85499572753903,213.51499938964844,493318
2024-05-02 14:30:00,213.52000427246097,213.6300048828125,213.2100067138672,213.2100067138672,860999
2024-05-02 15:30:00,213.1999969482422,213.27999877929688,212.97000122070312,213.1000061035156,965848
2024-05-02 16:00:00,213.13,213.19,203.4538,213.19,0
2024-05-02 17:00:00,213.245,213.32,213.17,213.25,0
2024-05-02 18:00:00,213.22,213.48,213.16,213.225,0
2024-05-02 19:00:00,213.165,213.28,212.9,213.28,0
2024-05-03 04:00:00,213.05,213.05,212.76,212.78,0
2024-05-03 05:00:00,212.78,213.05,212.78,212.98,0
2024-05-03 06:00:00,212.98,213.11,212.77,212.92,0
2024-05-03 07:00:00,212.92,212.92,212.5,212.8,0
2024-05-03 08:00:00,212.8,213.63,211.99,212.5,0
2024-05-03 09:00:00,212.62,214.99,212.62,213.3,0
2024-05-03 09:30:00,213.1199951171875,213.19000244140625,210.7100067138672,211.57000732421875,3762577
2024-05-03 10:30:00,211.6000061035156,212.5099945068359,211.28990173339844,212.11000061035156,1156424
2024-05-03 11:30:00,212.11000061035156,212.75,212.11000061035156,212.58999633789065,925504
2024-05-03 12:30:00,212.58999633789065,212.86000061035156,212.5099945068359,212.8350067138672,621996
2024-05-03 13:30:00,212.8300018310547,213.1374969482422,212.6699981689453,212.67999267578125,446567
2024-05-03 14:30:00,212.69000244140625,212.86000061035156,212.4600067138672,212.72000122070312,639639
2024-05-03 15:30:00,212.72999572753903,213.0099945068359,212.63999938964844,212.97999572753903,599978
2024-05-03 16:00:00,212.96,213.12,212.94,213.0,0
2024-05-03 17:00:00,213.0,213.1484,212.96,213.0,0
2024-05-03 18:00:00,212.97,213.39,212.51,213.2,0
2024-05-03 19:00:00,213.2,213.28,212.71,212.83,0
2024-05-06 04:00:00,214.01,215.0,213.48,214.8,0
2024-05-06 05:00:00,214.84,214.84,214.43,214.5,0
2024-05-06 06:00:00,214.5,214.95,214.5,214.75,0
2024-05-06 07:00:00,214.79,214.99,214.57,214.83,0
2024-05-06 08:00:00,214.8,214.95,213.64,214.425,0
2024-05-06 09:00:00,214.4,215.65,214.34,215.19,0
2024-05-06 09:30:00,215.0,215.91000366210935,214.94000244140625,215.16000366210935,1905330
2024-05-06 10:30:00,215.1499938964844,215.3300018310547,214.6300048828125,215.0099945068359,842717
2024-05-06 11:30:00,215.0399932861328,215.3999938964844,214.90499877929688,215.13999938964844,351798
2024-05-06 12:30:00,215.13999938964844,215.27999877929688,214.47000122070312,214.94000244140625,1165467
2024-05-06 13:30:00,214.91990661621097,215.2998962402344,214.8800048828125,215.27999877929688,481047
2024-05-06 14:30:00,215.22000122070312,215.41000366210935,215.1300048828125,215.2400054931641,743775
2024-05-06 15:30:00,215.25,215.2698974609375,215.0500030517578,215.1699981689453,890993
2024-05-06 16:00:00,215.2,215.53,214.99,215.05,0
2024-05-06 17:00:00,215.05,215.3,215.03,215.2,0
2024-05-06 18:00:00,215.2,215.49,215.05,215.35,0
2024-05-06 19:00:00,215.32,215.49,214.84,215.39,0
2024-05-07 04:00:00,215.0,215.0,213.98,214.24,0
2024-05-07 05:00:00,214.32,214.41,214.24,214.3,0
2024-05-07 06:00:00,214.25,214.27,214.0,214.21,0
2024-05-07 07:00:00,214.11,214.33,214.05,214.28,0
2024-05-07 08:00:00,214.37,215.13,213.8,214.17,0
2024-05-07 09:00:00,213.99,215.2,213.99,214.75,0
2024-05-07 09:30:00,214.52000427246097,214.92999267578125,214.42999267578125,214.6999969482422,1406801
2024-05-07 10:30:00,214.67999267578125,214.82000732421875,214.0,214.22999572753903,1003732
2024-05-07 11:30:00,214.22999572753903,214.3300018310547,214.0099945068359,214.3000030517578,646364
2024-05-07 12:30:00,214.3000030517578,214.3500061035156,213.8800048828125,214.32000732421875,540402
2024-05-07 13:30:00,214.3300018310547,214.468994140625,214.08999633789065,214.25,670329
2024-05-07 14:30:00,214.2415008544922,214.27999877929688,213.9499969482422,214.02999877929688,498985
2024-05-07 15:30:00,214.0399932861328,214.22999572753903,213.94000244140625,214.21499633789065,566308
2024-05-07 16:00:00,214.21,214.29,214.041,214.16,0
2024-05-07 17:00:00,214.185,214.325,214.17,214.325,0
2024-05-07 18:00:00,214.21,214.4853,214.17,214.33,0
2024-05-07 19:00:00,214.2,214.45,214.06,214.39,0
2024-05-08 04:00:00,213.4,213.95,213.23,213.23,0
2024-05-08 05:00:00,213.2,213.68,213.2,213.6,0
2024-05-08 06:00:00,213.68,214.28,213.6,214.28,0
2024-05-08 07:00:00,214.28,214.5,214.17,214.29,0
2024-05-08 08:00:00,214.13,214.75,213.2131,214.51,0
2024-05-08 09:00:00,214.47,214.48,214.06,214.08,0
2024-05-08 09:30:00,213.6199951171875,214.44000244140625,213.5,214.28970336914065,913142
2024-05-08 10:30:00,214.27999877929688,214.5800018310547,214.02999877929688,214.4698028564453,646848
2024-05-08 11:30:00,214.46499633789065,214.8000030517578,214.3999938964844,214.6000061035156,452454
2024-05-08 12:30:00,214.55999755859375,214.6000061035156,214.11000061035156,214.1999969482422,491044
2024-05-08 13:30:00,214.22999572753903,214.2899932861328,213.91000366210935,213.9550018310547,287865
2024-05-08 14:30:00,213.94500732421875,214.0800018310547,213.75,213.75,481021
2024-05-08 15:30:00,213.72000122070312,213.8300018310547,213.55999755859375,213.58999633789065,829335
2024-05-08 16:00:00,213.58,213.72,213.56,213.58,0
2024-05-08 17:00:00,213.625,213.82,213.57,213.59,0
2024-05-08 18:00:00,213.68,213.96,213.54,213.54,0
2024-05-08 19:00:00,213.78,213.78,213.52,213.77,0
2024-05-09 04:00:00,213.785,213.95,213.785,213.95,0
2024-05-09 05:00:00,213.97,214.0,213.73,213.76,0
2024-05-09 06:00:00,213.76,213.83,213.5,213.83,0
2024-05-09 07:00:00,213.83,214.16,213.81,214.1,0
2024-05-09 08:00:00,214.1,214.79,213.64,214.4,0
2024-05-09 09:00:00,214.65,215.57,213.58,214.22,0
2024-05-09 09:30:00,214.47999572753903,216.44000244140625,214.44000244140625,216.0850067138672,2042422
2024-05-09 10:30:00,216.0800018310547,216.3300018310547,215.47000122070312,215.97000122070312,1033783
2024-05-09 11:30:00,215.91009521484375,216.02000427246097,215.4600067138672,215.968994140625,561031
2024-05-09 12:30:00,215.97000122070312,216.03509521484375,215.55999755859375,215.9600067138672,436943
2024-05-09 13:30:00,215.97000122070312,216.1699981689453,215.83999633789065,216.05499267578125,444622
2024-05-09 14:30:00,216.05990600585935,216.375,216.0249938964844,216.33999633789065,973259
2024-05-09 15:30:00,216.33999633789065,216.9499969482422,216.30999755859375,216.94000244140625,1699772
2024-05-09 16:00:00,216.95,217.21,216.88,217.17,0
2024-05-09 17:00:00,217.13,217.26,216.94,217.155,0
2024-05-09 18:00:00,217.26,217.3474,217.05,217.19,0
2024-05-09 19:00:00,217.13,217.4305,217.06,217.4,0
2024-05-10 04:00:00,218.2,219.27,218.2,219.2,0
2024-05-10 05:00:00,219.18,219.84,219.11,219.41,0
2024-05-10 06:00:00,219.5,219.87,219.33,219.78,0
2024-05-10 07:00:00,219.83,220.1,219.51,219.6,0
2024-05-10 08:00:00,219.55,220.047,217.7,219.08,0
2024-05-10 09:00:00,219.12,219.31,216.95,219.05,0
2024-05-10 09:30:00,219.22000122070312,219.6000061035156,218.44500732421875,218.4600067138672,2230760
2024-05-10 10:30:00,218.4499969482422,218.97450256347656,218.0800018310547,218.77999877929688,1565265
2024-05-10 11:30:00,218.69000244140625,219.02000427246097,218.57000732421875,218.77000427246097,1451993
2024-05-10 12:30:00,218.7749938964844,219.32000732421875,218.67999267578125,219.13999938964844,716632
2024-05-10 13:30:00,219.1199951171875,219.4199981689453,219.1000061035156,219.2599945068359,847739
2024-05-10 14:30:00,219.2599945068359,219.2899932861328,218.6499938964844,218.7400054931641,815910
2024-05-10 15:30:00,218.75990295410156,218.7899932861328,218.61000061035156,218.7100067138672,719819
2024-05-10 16:00:00,218.72,218.88,218.28,218.49,0
2024-05-10 17:00:00,218.45,218.71,218.4,218.57,0
2024-05-10 18:00:00,218.57,218.57,218.01,218.54,0
2024-05-10 19:00:00,218.32,218.78,218.1,218.6,0
2024-05-13 04:00:00,217.99,217.99,216.96,216.96,0
2024-05-13 05:00:00,216.86,216.96,216.66,216.73,0
2024-05-13 06:00:00,216.7,216.84,216.5,216.57,0
2024-05-13 07:00:00,216.57,216.9,216.43,216.7,0
2024-05-13 08:00:00,216.76,218.74,216.46,217.16,0
2024-05-13 09:00:00,217.16,218.71,216.905,217.275,0
2024-05-13 09:30:00,217.05999755859375,217.30999755859375,216.58999633789065,217.02999877929688,1212150
2024-05-13 10:30:00,217.02999877929688,217.1000061035156,215.9600067138672,216.11000061035156,1125163
2024-05-13 11:30:00,215.97000122070312,216.3300018310547,215.8000030517578,216.1499938964844,675559
2024-05-13 12:30:00,216.1499938964844,216.33999633789065,216.0399932861328,216.27000427246097,341822
2024-05-13 13:30:00,216.2749938964844,216.3800048828125,216.13999938964844,216.19000244140625,274710
2024-05-13 14:30:00,216.19090270996097,216.3553924560547,216.16000366210935,216.30999755859375,281059
2024-05-13 15:30:00,216.3000030517578,216.41000366210935,216.2250061035156,216.27999877929688,628837
2024-05-13 16:00:00,216.29,216.48,216.11,216.195,0
2024-05-13 17:00:00,216.18,216.49,216.16,216.45,0
2024-05-13 18:00:00,216.43,216.48,216.15,216.48,0
2024-05-13 19:00:00,216.345,216.8495,216.2,216.45,0
2024-05-14 04:00:00,216.41,216.58,216.4,216.58,0
2024-05-14 05:00:00,216.37,217.3,216.37,217.19,0
2024-05-14 06:00:00,217.18,217.24,217.0,217.0,0
2024-05-14 07:00:00,216.99,217.13,216.8,216.8,0
2024-05-14 08:00:00,216.75,217.29,216.16,216.89,0
2024-05-14 09:00:00,216.88,217.68,216.21,217.42,0
2024-05-14 09:30:00,217.30999755859375,218.08999633789065,216.97999572753903,217.63999938964844,1174097
2024-05-14 10:30:00,217.6499938964844,217.98699951171875,217.44000244140625,217.52999877929688,527959
2024-05-14 11:30:00,217.5500030517578,217.8300018310547,217.1199951171875,217.36000061035156,455216
2024-05-14 12:30:00,217.3800048828125,217.9900054931641,217.27999877929688,217.8500061035156,639995
2024-05-14 13:30:00,217.83999633789065,218.3500061035156,217.8350067138672,218.26109313964844,447163
2024-05-14 14:30:00,218.27000427246097,218.37950134277344,217.9499969482422,218.0500030517578,424822
2024-05-14 15:30:00,218.0500030517578,218.1699981689453,217.97000122070312,218.1000061035156,623166
2024-05-14 16:00:00,218.11,218.25,216.26,218.25,0
2024-05-14 17:00:00,218.2,218.3,218.08,218.09,0
2024-05-14 18:00:00,218.15,218.37,218.06,218.06,0
2024-05-14 19:00:00,218.17,218.37,217.93,218.14,0
2024-05-15 04:00:00,218.15,219.2,218.15,219.2,0
2024-05-15 05:00:00,219.23,219.71,219.23,219.5,0
2024-05-15 06:00:00,219.5,219.5,219.18,219.23,0
2024-05-15 07:00:00,219.34,219.38,218.73,218.8,0
2024-05-15 08:00:00,218.8,219.7005,218.01,218.44,0
2024-05-15 09:00:00,218.5,220.3,218.09,219.6,0
2024-05-15 09:30:00,219.05999755859375,219.36000061035156,217.6499938964844,219.01499938964844,1841786
2024-05-15 10:30:00,219.0,220.8000030517578,219.0,220.6199951171875,1927393
2024-05-15 11:30:00,220.63999938964844,220.8000946044922,219.97999572753903,220.72999572753903,979043
2024-05-15 12:30:00,220.72540283203125,221.1165008544922,220.4600067138672,221.1000061035156,795336
2024-05-15 13:30:00,221.0500030517578,221.19000244140625,220.7899932861328,220.94000244140625,714048
2024-05-15 14:30:00,220.9499969482422,220.9900054931641,220.6000061035156,220.83999633789065,573176
2024-05-15 15:30:00,220.8300018310547,220.9600067138672,220.62249755859375,220.86000061035156,2801020
2024-05-15 16:00:00,220.85,221.06,205.3707,220.81,0
2024-05-15 17:00:00,220.79,221.02,220.54,220.66,0
2024-05-15 18:00:00,220.66,221.13,219.0218,221.0,0
2024-05-15 19:00:00,221.11,221.37,220.9,221.34,0
2024-05-16 04:00:00,221.09,221.29,220.85,220.85,0
2024-05-16 05:00:00,220.85,221.0,220.58,220.58,0
2024-05-16 06:00:00,220.73,220.81,220.57,220.57,0
2024-05-16 07:00:00,220.5,220.81,220.35,220.41,0
2024-05-16 08:00:00,220.6,221.4,220.39,220.43,0
2024-05-16 09:00:00,220.65,220.89,219.93,220.19,0
2024-05-16 09:30:00,220.13999938964844,220.1699981689453,219.47000122070312,219.6499938964844,1162534
2024-05-16 10:30:00,219.66000366210935,220.3699951171875,219.41000366210935,220.2599945068359,585999
2024-05-16 11:30:00,220.27000427246097,220.4600067138672,220.1582946777344,220.2899932861328,422959
2024-05-16 12:30:00,220.2899932861328,220.5850067138672,220.19000244140625,220.32000732421875,367078
2024-05-16 13:30:00,220.3300018310547,220.41160583496097,220.09129333496097,220.1199951171875,346561
2024-05-16 14:30:00,220.1300048828125,220.41000366210935,220.08999633789065,220.14500427246097,336933
2024-05-16 15:30:00,220.1499938964844,220.2100067138672,220.0099945068359,220.05999755859375,749191
2024-05-16 16:00:00,220.06,220.09,219.83,219.99,0
2024-05-16 17:00:00,219.975,220.83,219.8,220.45,0
2024-05-16 18:00:00,220.0,220.385,219.8,220.1,0
2024-05-16 19:00:00,220.12,220.38,219.885,220.1,0
2024-05-17 04:00:00,220.57,220.71,220.42,220.63,0
2024-05-17 05:00:00,220.63,220.87,220.39,220.5,0
2024-05-17 06:00:00,220.5,220.65,220.38,220.57,0
2024-05-17 07:00:00,220.54,221.05,220.54,220.97,0
2024-05-17 08:00:00,221.06,221.19,219.93,221.0,0
2024-05-17 09:00:00,220.96,222.38,220.815,222.34,0
2024-05-17 09:30:00,222.17999267578125,222.82000732421875,221.6699981689453,222.6300048828125,3224028
2024-05-17 10:30:00,222.67999267578125,223.8500061035156,222.3800048828125,222.72000122070312,1968097
2024-05-17 11:30:00,222.69500732421875,223.38999938964844,222.47999572753903,222.9900054931641,1193624
2024-05-17 12:30:00,222.9900054931641,223.3500061035156,222.61000061035156,223.2400054931641,763324
2024-05-17 13:30:00,223.25,223.6199951171875,223.11000061035156,223.61000061035156,734476
2024-05-17 14:30:00,223.6199951171875,223.85009765625,223.16000366210935,223.71499633789065,764901
2024-05-17 15:30:00,223.6999969482422,223.6999969482422,223.45989990234375,223.6199951171875,1216244
2024-05-17 16:00:00,223.66,224.19,223.039,223.65,0
2024-05-17 17:00:00,223.64,223.87,223.4011,223.87,0
2024-05-17 18:00:00,223.87,223.87,223.57,223.86,0
2024-05-17 19:00:00,223.65,223.9,223.35,223.69,0
2024-05-20 04:00:00,224.62,226.08,223.9,225.85,0
2024-05-20 05:00:00,225.87,226.4,225.5,226.29,0
2024-05-20 06:00:00,226.24,226.24,225.71,225.71,0
2024-05-20 07:00:00,225.7,225.7,224.81,225.0,0
2024-05-20 08:00:00,224.96,226.85,223.47,223.78,0
2024-05-20 09:00:00,223.78,224.15,222.78,223.74,0
2024-05-20 09:30:00,223.625,224.08999633789065,223.02000427246097,223.625,1750244
2024-05-20 10:30:00,223.66000366210935,224.47999572753903,223.61199951171875,224.3699951171875,776524
2024-05-20 11:30:00,224.36000061035156,224.57000732421875,223.8699951171875,224.5,508770
2024-05-20 12:30:00,224.4900054931641,225.3000030517578,224.3318023681641,225.27000427246097,660534
2024-05-20 13:30:00,225.2599945068359,225.66000366210935,225.02000427246097,225.375,728614
2024-05-20 14:30:00,225.36000061035156,225.52000427246097,224.72000122070312,224.78500366210935,469597
2024-05-20 15:30:00,224.79930114746097,225.05999755859375,224.5,224.5500030517578,771623
2024-05-20 16:00:00,224.56,224.68,224.245,224.56,0
2024-05-20 17:00:00,224.48,224.56,224.34,224.55,0
2024-05-20 18:00:00,224.55,224.97,224.5,224.77,0
2024-05-20 19:00:00,224.615,224.73,224.15,224.57,0
2024-05-21 04:00:00,224.48,224.48,223.5,223.64,0
2024-05-21 05:00:00,223.63,223.85,223.42,223.7,0
2024-05-21 06:00:00,223.66,223.75,223.26,223.69,0
2024-05-21 07:00:00,223.6,224.15,223.54,223.92,0
2024-05-21 08:00:00,223.91,224.73,223.0,224.63,0
2024-05-21 09:00:00,224.55,224.8,224.0,224.65,0
2024-05-21 09:30:00,224.77000427246097,224.94000244140625,224.36000061035156,224.6300048828125,1073124
2024-05-21 10:30:00,224.6499938964844,225.2100067138672,224.52999877929688,224.74009704589844,548266
2024-05-21 11:30:00,224.77999877929688,224.8632049560547,223.7400054931641,223.860107421875,537704
2024-05-21 12:30:00,223.8800048828125,224.28500366210935,223.8300018310547,224.10499572753903,434315
2024-05-21 13:30:00,224.1199951171875,224.1999969482422,223.6999969482422,223.80999755859375,313886
2024-05-21 14:30:00,223.8500061035156,224.3999938964844,223.78500366210935,224.3300018310547,271983
2024-05-21 15:30:00,224.32000732421875,224.3699951171875,224.17999267578125,224.22000122070312,360716
2024-05-21 16:00:00,224.23,224.24,223.9795,224.02,0
2024-05-21 17:00:00,224.0,224.23,224.0,224.17,0
2024-05-21 18:00:00,224.06,224.35,224.02,224.12,0
2024-05-21 19:00:00,224.02,224.2,224.02,224.17,0
2024-05-22 04:00:00,224.0,224.0,223.1,223.12,0
2024-05-22 05:00:00,223.09,223.67,223.06,223.54,0
2024-05-22 06:00:00,223.5,223.81,223.42,223.65,0
2024-05-22 07:00:00,223.51,223.58,223.17,223.38,0
2024-05-22 08:00:00,223.37,223.7648,222.53,223.43,0
2024-05-22 09:00:00,223.4383,224.23,222.845,223.0,0
2024-05-22 09:30:00,223.08999633789065,223.2400054931641,220.6000061035156,220.8000030517578,1583405
2024-05-22 10:30:00,220.8000030517578,221.64500427246097,220.44000244140625,221.13999938964844,1004828
2024-05-22 11:30:00,221.16000366210935,221.55999755859375,220.83999633789065,221.3000030517578,1001334
2024-05-22 12:30:00,221.2899932861328,221.61740112304688,221.03500366210935,221.1000061035156,580531
2024-05-22 13:30:00,221.1300048828125,221.1999969482422,220.0800018310547,220.1300048828125,1048515
2024-05-22 14:30:00,220.1820068359375,220.30999755859375,219.74070739746097,220.15750122070312,1376133
2024-05-22 15:30:00,220.15249633789065,220.2100067138672,219.9199981689453,220.1199951171875,1323279
2024-05-22 16:00:00,220.14,222.8164,219.985,220.1296,0
2024-05-22 17:00:00,220.07,220.13,219.93,220.07,0
2024-05-22 18:00:00,220.0088,220.525,219.95,220.21,0
2024-05-22 19:00:00,220.295,220.9,220.21,220.375,0
2024-05-23 04:00:00,218.88,218.88,217.95,218.03,0
2024-05-23 05:00:00,218.07,218.75,218.07,218.55,0
2024-05-23 06:00:00,218.56,219.02,218.48,218.89,0
2024-05-23 07:00:00,218.89,219.24,218.77,219.24,0
2024-05-23 08:00:00,219.249,219.65,217.9779,219.18,0
2024-05-23 09:00:00,219.0,220.11,218.44,219.0,0
2024-05-23 09:30:00,218.77999877929688,219.22999572753903,217.1199951171875,217.4149932861328,2515709
2024-05-23 10:30:00,217.4149932861328,217.52000427246097,216.5099945068359,216.66000366210935,1121868
2024-05-23 11:30:00,216.80999755859375,217.4499969482422,216.67999267578125,216.8699951171875,844245
2024-05-23 12:30:00,216.8800048828125,216.9900054931641,215.9600067138672,216.16000366210935,673055
2024-05-23 13:30:00,216.2599945068359,216.4250030517578,215.7400054931641,216.0749969482422,1066550
2024-05-23 14:30:00,216.07000732421875,216.16000366210935,215.8300018310547,215.8800048828125,726588
2024-05-23 15:30:00,215.88999938964844,215.968994140625,215.66000366210935,215.7100067138672,1435391
2024-05-23 16:00:00,215.73,216.732,215.3,215.51,0
2024-05-23 17:00:00,215.51,215.72,215.35,215.4,0
2024-05-23 18:00:00,215.4,215.93,215.35,215.65,0
2024-05-23 19:00:00,215.65,215.93,215.4,215.66,0
2024-05-24 04:00:00,216.15,216.41,216.15,216.18,0
2024-05-24 05:00:00,216.24,216.78,216.2,216.48,0
2024-05-24 06:00:00,216.56,216.84,216.26,216.84,0
2024-05-24 07:00:00,216.79,216.79,216.41,216.6,0
2024-05-24 08:00:00,216.63,216.774,215.75,216.505,0
2024-05-24 09:00:00,216.31,216.88,215.72,216.69,0
2024-05-24 09:30:00,216.9600067138672,217.2100067138672,216.08999633789065,216.19000244140625,1077549
2024-05-24 10:30:00,216.1999969482422,216.5399932861328,215.92999267578125,216.02490234375,402531
2024-05-24 11:30:00,216.0399932861328,216.22999572753903,215.80999755859375,216.11000061035156,388241
2024-05-24 12:30:00,216.0800018310547,216.1699981689453,215.87649536132812,215.8999938964844,225983
2024-05-24 13:30:00,215.8999938964844,216.17999267578125,215.77000427246097,216.0749969482422,307206
2024-05-24 14:30:00,216.0749969482422,216.21499633789065,215.7599945068359,215.83999633789065,274390
2024-05-24 15:30:00,215.85499572753903,215.9600067138672,215.7400054931641,215.91000366210935,657379
2024-05-24 16:00:00,215.92,216.17,215.72,215.95,0
2024-05-24 17:00:00,215.96,216.05,215.81,215.93,0
2024-05-24 18:00:00,216.05,216.86,215.92,216.5,0
2024-05-24 19:00:00,216.7,216.7,215.81,216.6,0
2024-05-28 04:00:00,217.83,217.83,216.24,216.61,0
2024-05-28 05:00:00,216.67,216.94,216.63,216.87,0
2024-05-28 06:00:00,216.87,216.99,216.8,216.94,0
2024-05-28 07:00:00,216.91,217.05,216.84,216.95,0
2024-05-28 08:00:00,216.92,218.01,216.63,217.85,0
2024-05-28 09:00:00,217.85,218.07,215.92,218.0,0
2024-05-28 09:30:00,218.42999267578125,218.58999633789065,217.2100067138672,217.69000244140625,1300813
2024-05-28 10:30:00,217.67999267578125,218.30999755859375,217.5800018310547,218.22000122070312,366055
2024-05-28 11:30:00,218.22999572753903,218.52999877929688,218.07000732421875,218.1000061035156,413020
2024-05-28 12:30:00,218.0800018310547,218.22999572753903,217.7100067138672,217.9600067138672,278713
2024-05-28 13:30:00,217.96499633789065,218.3397979736328,217.7400054931641,217.78500366210935,302746
2024-05-28 14:30:00,217.77099609375,218.1699981689453,217.66000366210935,218.1150054931641,331584
2024-05-28 15:30:00,218.13999938964844,218.3500061035156,218.1199951171875,218.1699981689453,516736
2024-05-28 16:00:00,218.19,219.065,218.14,218.465,0
2024-05-28 17:00:00,218.47,218.68,218.19,218.5,0
2024-05-28 18:00:00,218.53,218.53,218.09,218.265,0
2024-05-28 19:00:00,218.38,218.48,218.1,218.24,0
2024-05-29 04:00:00,217.48,218.0,217.18,217.21,0
2024-05-29 05:00:00,217.19,217.29,216.57,216.76,0
2024-05-29 06:00:00,216.67,217.05,216.61,216.93,0
2024-05-29 07:00:00,216.93,217.15,216.75,216.93,0
2024-05-29 08:00:00,216.851,218.35,216.33,216.65,0
2024-05-29 09:00:00,216.7,218.19,215.96,216.71,0
2024-05-29 09:30:00,216.9199981689453,217.16000366210935,216.4600067138672,216.8699951171875,1435515
2024-05-29 10:30:00,216.8800048828125,217.06900024414065,216.3999938964844,216.4600067138672,457630
2024-05-29 11:30:00,216.4799041748047,216.61000061035156,216.1199951171875,216.3500061035156,440092
2024-05-29 12:30:00,216.36000061035156,216.6999053955078,216.2599945068359,216.6199951171875,242020
2024-05-29 13:30:00,216.61000061035156,216.88999938964844,216.5800018310547,216.66000366210935,495840
2024-05-29 14:30:00,216.6499938964844,216.65899658203125,216.25,216.2749938964844,317977
2024-05-29 15:30:00,216.27000427246097,216.3249969482422,216.13999938964844,216.1649932861328,474803
2024-05-29 16:00:00,216.16,216.37,205.3707,216.3,0
2024-05-29 17:00:00,216.31,216.41,216.01,216.38,0
2024-05-29 18:00:00,216.35,216.37,216.07,216.17,0
2024-05-29 19:00:00,216.185,216.38,216.0,216.38,0
2024-05-30 04:00:00,216.0,216.09,215.65,215.84,0
2024-05-30 05:00:00,215.96,216.22,215.83,216.22,0
2024-05-30 06:00:00,216.11,216.11,215.54,215.54,0
2024-05-30 07:00:00,215.77,216.83,215.77,216.25,0
2024-05-30 08:00:00,216.15,216.6991,214.92,216.19,0
2024-05-30 09:00:00,216.25,217.0,216.0,216.7,0
2024-05-30 09:30:00,216.69000244140625,217.5099945068359,216.63999938964844,217.22999572753903,952185
2024-05-30 10:30:00,217.1999969482422,217.30999755859375,216.61000061035156,216.6750030517578,415355
2024-05-30 11:30:00,216.6699981689453,216.8999938964844,216.5050048828125,216.77000427246097,319806
2024-05-30 12:30:00,216.78500366210935,217.2400054931641,216.77000427246097,216.8699951171875,388450
2024-05-30 13:30:00,216.86000061035156,216.9199981689453,216.58380126953125,216.6150054931641,139035
2024-05-30 14:30:00,216.6300048828125,216.72000122070312,216.4900054931641,216.51499938964844,186201
2024-05-30 15:30:00,216.5099945068359,216.6699981689453,216.41000366210935,216.5500030517578,434391
2024-05-30 16:00:00,216.57,216.76,216.56,216.72,0
2024-05-30 17:00:00,216.69,217.19,216.57,216.6,0
2024-05-30 18:00:00,216.6,217.06,216.59,216.77,0
2024-05-30 19:00:00,216.77,216.98,216.745,216.95,0
2024-05-31 04:00:00,216.55,216.65,216.47,216.64,0
2024-05-31 05:00:00,216.74,216.84,216.6,216.77,0
2024-05-31 06:00:00,216.77,216.79,216.67,216.72,0
2024-05-31 07:00:00,216.69,216.91,216.69,216.78,0
2024-05-31 08:00:00,216.83,216.98,216.46,216.89,0
2024-05-31 09:00:00,216.97,218.3,216.89,217.89,0
2024-05-31 09:30:00,217.77000427246097,217.9600067138672,216.25,216.6302947998047,885015
2024-05-31 10:30:00,216.5050048828125,216.58999633789065,215.32000732421875,215.6199951171875,827616
2024-05-31 11:30:00,215.6499938964844,216.0449981689453,215.3300018310547,215.8699951171875,460868
2024-05-31 12:30:00,215.8800048828125,216.1499938964844,214.98500061035156,215.08999633789065,520265
2024-05-31 13:30:00,215.08999633789065,215.3000030517578,214.9900054931641,215.1750030517578,385807
2024-05-31 14:30:00,215.19000244140625,215.23500061035156,214.6499938964844,214.75010681152344,957376
2024-05-31 15:30:00,214.7599945068359,215.3999938964844,214.7449951171875,215.32000732421875,939878
2024-05-31 16:00:00,215.32,217.219,215.285,215.285,0
2024-05-31 17:00:00,215.3,215.6,215.01,215.24,0
2024-05-31 18:00:00,215.21,215.35,215.03,215.3,0
2024-05-31 19:00:00,215.3,215.6,215.11,215.46,0
2024-06-03 04:00:00,214.97,215.4,214.97,215.4,0
2024-06-03 05:00:00,215.34,215.4,215.07,215.17,0
2024-06-03 06:00:00,215.06,215.45,215.06,215.42,0
2024-06-03 07:00:00,215.42,215.8,215.42,215.65,0
2024-06-03 08:00:00,215.75,215.83,214.12,215.76,0
2024-06-03 09:00:00,215.78,216.04,215.3,215.93,0
2024-06-03 09:30:00,215.9199981689453,216.7599945068359,215.5399932861328,216.3999938964844,1899527
2024-06-03 10:30:00,216.41000366210935,216.9900054931641,216.05999755859375,216.7100067138672,777546
2024-06-03 11:30:00,216.72999572753903,216.86000061035156,216.55999755859375,216.8000030517578,400971
2024-06-03 12:30:00,216.8300018310547,217.82000732421875,216.77999877929688,217.27999877929688,790107
2024-06-03 13:30:00,217.27999877929688,217.44000244140625,217.0500030517578,217.3000030517578,0
2024-06-03 14:30:00,217.3000030517578,217.30999755859375,217.0,217.0050048828125,4835974
2024-06-03 15:30:00,217.0099945068359,217.22999572753903,216.91000366210935,217.19000244140625,793398
2024-06-03 16:00:00,217.22,217.48,217.13,217.48,0
2024-06-03 17:00:00,212.9698,217.72,212.9698,217.61,0
2024-06-03 18:00:00,217.55,217.72,217.3,217.58,0
2024-06-03 19:00:00,217.57,217.72,217.28,217.455,0
2024-06-04 04:00:00,217.13,217.13,216.01,216.02,0
2024-06-04 05:00:00,216.02,216.04,215.28,215.54,0
2024-06-04 06:00:00,215.54,215.93,215.5,215.92,0
2024-06-04 07:00:00,215.92,215.92,215.15,215.17,0
2024-06-04 08:00:00,215.17,217.47,215.11,215.83,0
2024-06-04 09:00:00,215.85,217.22,215.68,215.9801,0
2024-06-04 09:30:00,216.2400054931641,216.2400054931641,214.1999969482422,214.6699981689453,2399083
2024-06-04 10:30:00,214.6649932861328,215.3699951171875,214.27999877929688,215.2100067138672,669441
2024-06-04 11:30:00,215.1999969482422,215.5,214.8999938964844,214.96499633789065,789455
2024-06-04 12:30:00,214.97000122070312,215.33999633789065,214.85499572753903,215.30999755859375,302463
2024-06-04 13:30:00,215.3300018310547,215.57000732421875,215.3000030517578,215.32000732421875,413156
2024-06-04 14:30:00,215.2899932861328,215.3999938964844,215.17999267578125,215.30349731445312,219771
2024-06-04 15:30:00,215.3014984130859,215.3650054931641,215.1999969482422,215.2899932861328,452573
2024-06-04 16:00:00,215.27,217.22,215.18,215.27,0
2024-06-04 17:00:00,216.635,216.805,215.21,215.44,0
2024-06-04 18:00:00,215.31,215.66,215.0,215.275,0
2024-06-04 19:00:00,215.275,215.74,215.19,215.3,0
2024-06-05 04:00:00,215.65,215.92,215.65,215.86,0
2024-06-05 05:00:00,215.85,216.01,215.68,215.76,0
2024-06-05 06:00:00,215.76,215.83,215.5,215.72,0
2024-06-05 07:00:00,215.74,216.05,215.74,215.95,0
2024-06-05 08:00:00,215.95,216.55,215.68,216.15,0
2024-06-05 09:00:00,216.15,216.8,215.27,216.6,0
2024-06-05 09:30:00,216.69000244140625,217.08999633789065,215.92999267578125,217.02000427246097,1194179
2024-06-05 10:30:00,217.0500030517578,217.77999877929688,216.9550018310547,217.5399932861328,871677
2024-06-05 11:30:00,217.5500030517578,218.0794982910156,217.44900512695312,217.6000061035156,737751
2024-06-05 12:30:00,217.58999633789065,217.9199981689453,217.5249938964844,217.90499877929688,395899
2024-06-05 13:30:00,217.8999938964844,217.95989990234375,217.58999633789065,217.92999267578125,419817
2024-06-05 14:30:00,217.9250030517578,218.0500030517578,217.80999755859375,217.85499572753903,552464
2024-06-05 15:30:00,217.8500061035156,217.88999938964844,217.6499938964844,217.7899932861328,836868
2024-06-05 16:00:00,217.82,217.89,217.67,217.87,0
2024-06-05 17:00:00,217.98,217.98,217.8,217.92,0
2024-06-05 18:00:00,217.95,218.11,217.7,217.99,0
2024-06-05 19:00:00,217.9892,218.19,217.79,217.79,0
2024-06-06 04:00:00,218.15,218.59,218.15,218.48,0
2024-06-06 05:00:00,218.48,218.62,218.28,218.4,0
2024-06-06 06:00:00,218.31,218.48,218.2,218.29,0
2024-06-06 07:00:00,218.4,218.42,218.2,218.3,0
2024-06-06 08:00:00,218.3,219.18,217.75,218.07,0
2024-06-06 09:00:00,218.4,218.65,216.69,217.84,0
2024-06-06 09:30:00,218.36000061035156,218.8999938964844,218.1000061035156,218.59890747070312,1019377
2024-06-06 10:30:00,218.5787048339844,219.63999938964844,218.48989868164065,219.63999938964844,532108
2024-06-06 11:30:00,219.6699981689453,219.97000122070312,219.2301025390625,219.5800018310547,1239403
2024-06-06 12:30:00,219.6199951171875,219.72000122070312,219.25,219.31500244140625,433794
2024-06-06 13:30:00,219.3000030517578,219.5500030517578,219.07000732421875,219.3000030517578,818708
2024-06-06 14:30:00,219.25,219.6699981689453,219.25,219.5500030517578,303804
2024-06-06 15:30:00,219.5399932861328,219.5500030517578,219.32000732421875,219.4199981689453,619862
2024-06-06 16:00:00,219.43,219.7505,219.155,219.7505,0
2024-06-06 17:00:00,219.77,219.8,219.51,219.7,0
2024-06-06 18:00:00,219.85,219.9,219.5,219.9,0
2024-06-06 19:00:00,219.9,219.98,219.5,219.695,0
2024-06-07 04:00:00,219.59,219.7,217.47,217.73,0
2024-06-07 05:00:00,217.61,217.61,216.21,216.26,0
2024-06-07 06:00:00,216.34,216.68,215.9,216.07,0
2024-06-07 07:00:00,216.07,216.16,215.64,216.04,0
2024-06-07 08:00:00,216.0,220.78,215.5,215.76,0
2024-06-07 09:00:00,215.75,219.43,214.0,214.595,0
2024-06-07 09:30:00,215.07000732421875,215.19000244140625,213.2100067138672,214.42999267578125,3842217
2024-06-07 10:30:00,214.4900054931641,214.6999969482422,213.5500030517578,213.5500030517578,1382441
2024-06-07 11:30:00,213.5500030517578,213.83999633789065,213.0,213.7749938964844,834356
2024-06-07 12:30:00,213.78500366210935,214.07000732421875,213.27000427246097,213.42999267578125,696259
2024-06-07 13:30:00,213.4600067138672,213.5099945068359,213.08999633789065,213.19000244140625,887514
2024-06-07 14:30:00,213.19000244140625,213.1999969482422,212.16000366210935,212.3000030517578,1283312
2024-06-07 15:30:00,212.30999755859375,212.3300018310547,211.5399932861328,211.63999938964844,2226767
2024-06-07 16:00:00,211.64,213.5059,211.54,212.16,0
2024-06-07 17:00:00,212.17,212.22,211.61,212.11,0
2024-06-07 18:00:00,212.19,212.22,212.0,212.1781,0
2024-06-07 19:00:00,212.17,212.85,212.17,212.78,0
2024-06-10 04:00:00,212.85,213.15,212.33,212.33,0
2024-06-10 05:00:00,212.27,212.54,212.0,212.42,0
2024-06-10 06:00:00,212.42,212.52,212.32,212.43,0
2024-06-10 07:00:00,212.43,212.88,212.4,212.71,0
2024-06-10 08:00:00,212.68,213.59,211.6,213.361,0
2024-06-10 09:00:00,213.425,213.45,211.6,213.39,0
2024-06-10 09:30:00,213.1300048828125,213.3500061035156,212.7599945068359,213.1199951171875,1239683
2024-06-10 10:30:00,213.1199951171875,213.4199981689453,212.86000061035156,213.1649932861328,553918
2024-06-10 11:30:00,213.1699981689453,213.94000244140625,213.1000061035156,213.9290008544922,343388
2024-06-10 12:30:00,213.92999267578125,214.02000427246097,213.6000061035156,213.6199951171875,251074
2024-06-10 13:30:00,213.6300048828125,213.9989013671875,213.6000061035156,213.76499938964844,180411
2024-06-10 14:30:00,213.75,213.8800048828125,213.6699981689453,213.7899932861328,369794
2024-06-10 15:30:00,213.77999877929688,213.83999633789065,213.53500366210935,213.5500030517578,813667
2024-06-10 16:00:00,213.55,213.9021,213.37,213.74,0
2024-06-10 17:00:00,213.7,214.0,213.615,213.85,0
2024-06-10 18:00:00,213.85,213.99,213.57,213.7599,0
2024-06-10 19:00:00,213.65,213.78,213.5,213.78,0
2024-06-11 04:00:00,212.9,213.39,212.9,213.39,0
2024-06-11 05:00:00,213.42,213.42,213.0,213.0,0
2024-06-11 06:00:00,212.95,213.52,212.92,213.52,0
2024-06-11 07:00:00,213.55,213.58,213.27,213.43,0
2024-06-11 08:00:00,213.35,214.2,212.5,214.1,0
2024-06-11 09:00:00,214.14,214.58,213.54,214.05,0
2024-06-11 09:30:00,213.9499969482422,214.30999755859375,213.57000732421875,214.05999755859375,1217677
2024-06-11 10:30:00,214.07000732421875,214.3800048828125,213.77000427246097,213.8650054931641,380623
2024-06-11 11:30:00,213.86000061035156,214.0500030517578,213.36000061035156,213.3999938964844,638610
2024-06-11 12:30:00,213.3999938964844,213.8000030517578,213.2400054931641,213.6000061035156,534722
2024-06-11 13:30:00,213.62179565429688,214.19000244140625,213.6000061035156,214.11740112304688,350781
2024-06-11 14:30:00,214.11000061035156,214.17999267578125,213.94000244140625,214.0,308000
2024-06-11 15:30:00,213.92999267578125,214.17999267578125,213.8999938964844,214.13999938964844,378089
2024-06-11 16:00:00,214.15,214.34,214.12,214.29,0
2024-06-11 17:00:00,214.29,214.49,213.915,214.245,0
2024-06-11 18:00:00,214.025,214.49,213.96,214.38,0
2024-06-11 19:00:00,214.3,214.33,214.02,214.25,0
2024-06-12 04:00:00,214.13,214.2,214.0,214.0,0
2024-06-12 05:00:00,213.93,214.15,213.77,214.11,0
2024-06-12 06:00:00,214.1,214.14,213.92,213.96,0
2024-06-12 07:00:00,213.96,214.09,213.9,213.9,0
2024-06-12 08:00:00,214.06,214.36,213.85,214.15,0
2024-06-12 09:00:00,214.23,216.58,214.15,216.52,0
2024-06-12 09:30:00,216.47000122070312,216.5500030517578,214.61000061035156,215.13999938964844,1694583
2024-06-12 10:30:00,215.1000061035156,215.51499938964844,214.72999572753903,215.5,564073
2024-06-12 11:30:00,215.5099945068359,216.19000244140625,215.4199981689453,215.9900054931641,595782
2024-06-12 12:30:00,215.98919677734375,216.3800048828125,215.98919677734375,216.19000244140625,879761
2024-06-12 13:30:00,216.19000244140625,216.2400054931641,215.0,215.5800018310547,598928
2024-06-12 14:30:00,215.6000061035156,215.77000427246097,214.22999572753903,214.2899932861328,723951
2024-06-12 15:30:00,214.2899932861328,214.7299041748047,214.1999969482422,214.6999969482422,481812
2024-06-12 16:00:00,214.73,215.08,205.3707,215.08,0
2024-06-12 17:00:00,214.945,215.04,214.43,214.84,0
2024-06-12 18:00:00,215.0,215.0,214.69,214.71,0
2024-06-12 19:00:00,214.8,214.8,214.52,214.52,0
2024-06-13 04:00:00,214.27,214.32,214.06,214.18,0
2024-06-13 05:00:00,214.07,214.37,214.0,214.23,0
2024-06-13 06:00:00,214.23,214.52,213.95,214.45,0
2024-06-13 07:00:00,214.46,214.52,213.55,213.62,0
2024-06-13 08:00:00,213.71,214.4593,213.05,213.29,0
2024-06-13 09:00:00,213.3,216.115,213.27,214.37,0
2024-06-13 09:30:00,214.44000244140625,214.9600067138672,213.19000244140625,213.5500030517578,1289035
2024-06-13 10:30:00,213.57000732421875,214.2400054931641,213.08999633789065,213.47999572753903,693455
2024-06-13 11:30:00,213.4750061035156,213.5,212.2599945068359,212.5299072265625,1042264
2024-06-13 12:30:00,212.55999755859375,213.08999633789065,212.44000244140625,212.8800048828125,1387265
2024-06-13 13:30:00,212.8999938964844,212.97000122070312,212.6699981689453,212.86000061035156,244342
2024-06-13 14:30:00,212.86000061035156,213.05499267578125,212.8220062255859,213.0,379902
2024-06-13 15:30:00,212.9900054931641,213.1150054931641,212.9600067138672,212.97000122070312,424541
2024-06-13 16:00:00,212.99,215.3,212.95,213.035,0
2024-06-13 17:00:00,213.02,213.06,212.51,212.835,0
2024-06-13 18:00:00,212.97,213.05,212.785,212.81,0
2024-06-13 19:00:00,212.81,212.99,212.81,212.97,0
2024-06-14 04:00:00,213.98,214.79,213.18,214.6,0
2024-06-14 05:00:00,214.64,214.64,214.22,214.28,0
2024-06-14 06:00:00,214.28,215.46,214.28,215.38,0
2024-06-14 07:00:00,215.4,215.74,215.16,215.45,0
2024-06-14 08:00:00,215.45,216.1,213.11,215.53,0
2024-06-14 09:00:00,215.59,215.8,212.97,215.46,0
2024-06-14 09:30:00,215.33999633789065,216.0399932861328,214.97999572753903,215.7698974609375,1995179
2024-06-14 10:30:00,215.7749938964844,215.8249969482422,215.1999969482422,215.2899932861328,652831
2024-06-14 11:30:00,215.2899932861328,215.6300048828125,214.9900054931641,215.47000122070312,1076684
2024-06-14 12:30:00,215.4499969482422,215.8699951171875,215.3500061035156,215.8300018310547,415374
2024-06-14 13:30:00,215.8300018310547,216.0399932861328,215.72999572753903,215.88999938964844,1222363
2024-06-14 14:30:00,215.88800048828125,216.0,215.7599945068359,215.85499572753903,444302
2024-06-14 15:30:00,215.8699951171875,216.0399932861328,215.69000244140625,215.7400054931641,886378
2024-06-14 16:00:00,215.74,215.79,215.625,215.775,0
2024-06-14 17:00:00,215.775,215.79,215.61,215.61,0
2024-06-14 18:00:00,215.61,215.81,215.25,215.355,0
2024-06-14 19:00:00,215.355,215.515,215.31,215.4485,0
2024-06-17 04:00:00,214.88,214.88,214.21,214.7,0
2024-06-17 05:00:00,214.69,214.79,214.45,214.65,0
2024-06-17 06:00:00,214.72,214.78,214.5,214.78,0
2024-06-17 07:00:00,214.79,214.79,214.5,214.68,0
2024-06-17 08:00:00,214.66,215.05,214.01,214.43,0
2024-06-17 09:00:00,214.3,215.73,214.27,214.95,0
2024-06-17 09:30:00,214.8999938964844,215.13999938964844,214.4149932861328,215.1199951171875,806662
2024-06-17 10:30:00,215.13800048828125,215.2400054931641,214.5099945068359,214.5099945068359,369087
2024-06-17 11:30:00,214.5050048828125,214.5050048828125,213.6000061035156,214.04969787597656,1049187
2024-06-17 12:30:00,214.05999755859375,214.38999938964844,214.0,214.01499938964844,207804
2024-06-17 13:30:00,214.05499267578125,214.41000366210935,213.92999267578125,214.2949981689453,263291
2024-06-17 14:30:00,214.2899932861328,214.55499267578125,214.2100067138672,214.4149932861328,284084
2024-06-17 15:30:00,214.4149932861328,214.6199951171875,214.4149932861328,214.55999755859375,445867
2024-06-17 16:00:00,214.61,214.62,214.42,214.47,0
2024-06-17 17:00:00,214.44,214.7836,212.9698,214.64,0
2024-06-17 18:00:00,214.65,214.76,214.41,214.625,0
2024-06-17 19:00:00,214.63,214.76,214.42,214.76,0
2024-06-18 04:00:00,214.85,214.85,213.84,213.85,0
2024-06-18 05:00:00,213.85,214.02,213.73,213.88,0
2024-06-18 06:00:00,213.88,213.88,213.55,213.66,0
2024-06-18 07:00:00,213.73,213.8,213.33,213.8,0
2024-06-18 08:00:00,213.76,215.0,213.389,213.88,0
2024-06-18 09:00:00,214.15,214.98,213.98,214.6,0
2024-06-18 09:30:00,214.58999633789065,215.32000732421875,214.0399932861328,215.11000061035156,1456928
2024-06-18 10:30:00,215.1499938964844,215.27999877929688,214.5,215.0850067138672,548083
2024-06-18 11:30:00,215.1000061035156,215.52999877929688,214.97999572753903,215.4499969482422,548667
2024-06-18 12:30:00,215.44000244140625,215.80999755859375,215.1999969482422,215.71499633789065,421476
2024-06-18 13:30:00,215.71499633789065,215.8300018310547,215.30999755859375,215.55999755859375,740923
2024-06-18 14:30:00,215.5399932861328,215.69000244140625,215.40499877929688,215.4900054931641,419545
2024-06-18 15:30:00,215.48500061035156,215.6199951171875,215.4499969482422,215.47000122070312,608379
2024-06-18 16:00:00,215.48,215.59,215.28,215.5448,0
2024-06-18 17:00:00,215.47,215.88,215.01,215.625,0
2024-06-18 18:00:00,215.625,215.88,215.21,215.3,0
2024-06-18 19:00:00,215.22,215.88,215.08,215.08,0
2024-06-20 04:00:00,215.97,216.29,215.73,215.81,0
2024-06-20 05:00:00,215.75,215.92,215.62,215.74,0
2024-06-20 06:00:00,215.74,216.15,215.74,216.15,0
2024-06-20 07:00:00,216.11,216.43,216.11,216.34,0
2024-06-20 08:00:00,216.37,216.87,215.7526,216.4,0
2024-06-20 09:00:00,216.5,216.8,215.47,216.28,0
2024-06-20 09:30:00,216.32000732421875,218.1300048828125,216.1499938964844,217.8300018310547,1802315
2024-06-20 10:30:00,217.8300018310547,218.7413024902344,217.4499969482422,217.47000122070312,1753860
2024-06-20 11:30:00,217.44000244140625,217.9600067138672,217.4250030517578,217.80499267578125,659602
2024-06-20 12:30:00,217.80499267578125,218.0099945068359,217.63999938964844,217.82000732421875,658922
2024-06-20 13:30:00,217.80999755859375,218.33999633789065,217.7400054931641,218.32000732421875,518166
2024-06-20 14:30:00,218.30999755859375,218.30999755859375,218.02999877929688,218.1199951171875,807709
2024-06-20 15:30:00,218.1300048828125,218.22000122070312,218.07000732421875,218.1300048828125,807912
2024-06-20 16:00:00,218.14,218.29,215.47,218.29,0
2024-06-20 17:00:00,218.19,218.3,218.02,218.02,0
2024-06-20 18:00:00,218.16,218.3,217.98,218.16,0
2024-06-20 19:00:00,218.29,218.38,218.02,218.38,0
2024-06-21 04:00:00,218.55,218.99,218.33,218.95,0
2024-06-21 05:00:00,218.95,218.95,218.7,218.7,0
2024-06-21 06:00:00,218.65,218.7,218.39,218.56,0
2024-06-21 07:00:00,218.56,218.81,218.4,218.75,0
2024-06-21 08:00:00,218.81,219.05,218.0,218.7,0
2024-06-21 09:00:00,218.68,218.68,218.16,218.59,0
2024-06-21 09:30:00,217.8300018310547,217.8999938964844,215.33999633789065,215.9499969482422,2000637
2024-06-21 10:30:00,215.9600067138672,216.27999877929688,214.8699951171875,215.17999267578125,1493993
2024-06-21 11:30:00,215.16000366210935,215.5500030517578,214.8999938964844,215.14500427246097,1020114
2024-06-21 12:30:00,215.13999938964844,215.2100067138672,214.3300018310547,214.33999633789065,949001
2024-06-21 13:30:00,214.3500061035156,214.7599945068359,214.2550048828125,214.75,955437
2024-06-21 14:30:00,214.7400054931641,214.88999938964844,214.6199951171875,214.77000427246097,787209
2024-06-21 15:30:00,214.77000427246097,214.86000061035156,214.6699981689453,214.7599945068359,1073074
2024-06-21 16:00:00,214.78,214.82,214.63,214.75,0
2024-06-21 17:00:00,214.75,214.84,214.25,214.65,0
2024-06-21 18:00:00,214.63,215.0,214.2647,214.2647,0
2024-06-21 19:00:00,214.4,214.9,214.27,214.9,0
2024-06-24 04:00:00,216.91,216.91,215.47,215.5,0
2024-06-24 05:00:00,215.5,215.68,215.1,215.29,0
2024-06-24 06:00:00,215.28,215.31,214.65,215.0,0
2024-06-24 07:00:00,215.0,215.15,214.96,215.05,0
2024-06-24 08:00:00,215.09,215.7,214.87,214.92,0
2024-06-24 09:00:00,215.18,217.855,214.78,215.285,0
2024-06-24 09:30:00,215.5500030517578,215.8500061035156,215.1999969482422,215.4499969482422,1052673
2024-06-24 10:30:00,215.44000244140625,215.8350067138672,215.44000244140625,215.55999755859375,601230
2024-06-24 11:30:00,215.55999755859375,215.6300048828125,215.22000122070312,215.39930725097656,245703
2024-06-24 12:30:00,215.3800048828125,215.69000244140625,215.3800048828125,215.65499877929688,234383
2024-06-24 13:30:00,215.66000366210935,215.8699951171875,215.6000061035156,215.83999633789065,348547
2024-06-24 14:30:00,215.83999633789065,215.94000244140625,215.5850067138672,215.68499755859375,520346
2024-06-24 15:30:00,215.68499755859375,215.80999755859375,215.6000061035156,215.63999938964844,723557
2024-06-24 16:00:00,215.64,215.9197,215.63,215.9197,0
2024-06-24 17:00:00,215.8809,215.99,215.73,215.73,0
2024-06-24 18:00:00,215.74,215.87,215.65,215.69,0
2024-06-24 19:00:00,215.66,215.72,215.51,215.65,0
2024-06-25 04:00:00,215.5,215.5,214.84,215.09,0
2024-06-25 05:00:00,215.09,215.88,215.09,215.71,0
2024-06-25 06:00:00,215.71,216.14,215.71,216.14,0
2024-06-25 07:00:00,216.14,216.14,215.55,215.55,0
2024-06-25 08:00:00,215.55,216.0519,214.88,215.45,0
2024-06-25 09:00:00,215.45,215.63,214.73,215.045,0
2024-06-25 09:30:00,214.9600067138672,215.30999755859375,214.5099945068359,214.97000122070312,924477
2024-06-25 10:30:00,214.9499969482422,215.27000427246097,214.58990478515625,214.66000366210935,509758
2024-06-25 11:30:00,214.65499877929688,215.02999877929688,214.1699981689453,214.4499969482422,354562
2024-06-25 12:30:00,214.44000244140625,214.5449981689453,214.1199951171875,214.4600067138672,843690
2024-06-25 13:30:00,214.4600067138672,214.56500244140625,214.3000030517578,214.42999267578125,219258
2024-06-25 14:30:00,214.44000244140625,214.59779357910156,214.41000366210935,214.55999755859375,428108
2024-06-25 15:30:00,214.55999755859375,214.5800018310547,214.48109436035156,214.5500030517578,345445
2024-06-25 16:00:00,214.55,215.0682,214.38,214.4806,0
2024-06-25 17:00:00,214.4806,214.625,214.38,214.43,0
2024-06-25 18:00:00,214.43,214.78,214.43,214.6,0
2024-06-25 19:00:00,214.6,214.76,214.43,214.54,0
2024-06-26 04:00:00,214.17,214.22,213.9,214.2,0
2024-06-26 05:00:00,214.35,214.35,214.15,214.3,0
2024-06-26 06:00:00,214.26,214.42,213.31,213.55,0
2024-06-26 07:00:00,213.58,213.65,213.15,213.15,0
2024-06-26 08:00:00,213.15,214.33,213.15,214.27,0
2024-06-26 09:00:00,214.095,214.56,212.97,213.14,0
2024-06-26 09:30:00,212.38999938964844,212.86000061035156,212.1204071044922,212.5,1379745
2024-06-26 10:30:00,212.47999572753903,213.11000061035156,212.2899932861328,212.80999755859375,1304588
2024-06-26 11:30:00,212.82009887695312,212.97999572753903,212.5540008544922,212.83999633789065,458820
2024-06-26 12:30:00,212.83999633789065,212.9900054931641,212.5800018310547,212.9199981689453,274216
2024-06-26 13:30:00,212.91000366210935,212.9750061035156,212.7001037597656,212.7599945068359,183112
2024-06-26 14:30:00,212.77000427246097,212.82000732421875,212.44000244140625,212.55999755859375,199911
2024-06-26 15:30:00,212.55059814453125,212.69500732421875,212.4801025390625,212.6150054931641,718669
2024-06-26 16:00:00,212.62,212.9312,205.3707,212.61,0
2024-06-26 17:00:00,212.605,212.71,212.5,212.5,0
2024-06-26 18:00:00,212.59,212.72,212.42,212.475,0
2024-06-26 19:00:00,212.475,212.56,212.4,212.45,0
2024-06-27 04:00:00,212.65,213.04,212.65,213.0,0
2024-06-27 05:00:00,213.02,213.85,213.01,213.74,0
2024-06-27 06:00:00,213.74,214.0,213.64,213.89,0
2024-06-27 07:00:00,213.94,214.12,213.9,214.0,0
2024-06-27 08:00:00,214.0,214.55,212.5,214.32,0
2024-06-27 09:00:00,214.3,215.1,212.58,214.84,0
2024-06-27 09:30:00,214.7100067138672,215.5,214.4499969482422,214.9199981689453,1347102
2024-06-27 10:30:00,214.8925018310547,215.5,214.83999633789065,215.1300048828125,557401
2024-06-27 11:30:00,215.13999938964844,215.2599945068359,214.94000244140625,214.9550018310547,456145
2024-06-27 12:30:00,214.9600067138672,215.22000122070312,214.8500061035156,214.97999572753903,492611
2024-06-27 13:30:00,214.98150634765625,215.110107421875,214.8000030517578,214.85629272460935,233674
2024-06-27 14:30:00,214.8500061035156,215.19000244140625,214.7239990234375,215.16000366210935,237942
2024-06-27 15:30:00,215.15499877929688,215.15499877929688,215.02000427246097,215.0500030517578,612644
2024-06-27 16:00:00,214.99,215.275,214.99,215.22,0
2024-06-27 17:00:00,215.21,215.24,214.99,215.23,0
2024-06-27 18:00:00,215.23,215.25,215.01,215.23,0
2024-06-27 19:00:00,215.21,215.29,215.02,215.02,0
2024-06-28 04:00:00,215.2,215.74,215.15,215.42,0
2024-06-28 05:00:00,215.45,215.52,215.26,215.28,0
2024-06-28 06:00:00,215.28,215.99,215.24,215.95,0
2024-06-28 07:00:00,215.9,216.13,215.88,215.88,0
2024-06-28 08:00:00,215.94,216.16,214.53,215.84,0
2024-06-28 09:00:00,215.77,216.4,214.99,216.15,0
2024-06-28 09:30:00,215.63999938964844,215.81480407714844,215.13999938964844,215.41000366210935,1083974
2024-06-28 10:30:00,215.42999267578125,215.4499969482422,214.83999633789065,215.3000030517578,455151
2024-06-28 11:30:00,215.3300018310547,215.7100067138672,215.2100067138672,215.5830993652344,400438
2024-06-28 12:30:00,215.5800018310547,215.75,215.27999877929688,215.41000366210935,318345
2024-06-28 13:30:00,215.41000366210935,215.44200134277344,215.1499938964844,215.19000244140625,248451
2024-06-28 14:30:00,215.18499755859375,215.20750427246097,214.88999938964844,214.9550018310547,391313
2024-06-28 15:30:00,214.92999267578125,215.1300048828125,214.82400512695312,215.02000427246097,569183
2024-06-28 16:00:00,215.02,215.15,214.83,215.12,0
2024-06-28 17:00:00,215.2,215.35,214.99,215.12,0
2024-06-28 18:00:00,215.1,215.1,214.9504,214.975,0
2024-06-28 19:00:00,215.1,215.29,214.77,215.05,0
2024-07-01 04:00:00,214.91,215.0,214.75,214.98,0
2024-07-01 05:00:00,215.04,215.42,214.92,215.28,0
2024-07-01 06:00:00,215.25,215.52,215.16,215.39,0
2024-07-01 07:00:00,215.39,216.01,215.39,215.95,0
2024-07-01 08:00:00,215.98,216.29,214.45,215.92,0
2024-07-01 09:00:00,215.9,215.93,215.01,215.33,0
2024-07-01 09:30:00,215.25,216.0,214.58999633789065,214.8999938964844,1417727
2024-07-01 10:30:00,214.94000244140625,215.38999938964844,214.48500061035156,215.17999267578125,561064
2024-07-01 11:30:00,215.17999267578125,215.63999938964844,215.00010681152344,215.5500030517578,278609
2024-07-01 12:30:00,215.5399932861328,215.55999755859375,215.1499938964844,215.3999938964844,249376
2024-07-01 13:30:00,215.3800048828125,215.4801025390625,215.2100067138672,215.2400054931641,257825
2024-07-01 14:30:00,215.23019409179688,215.58999633789065,215.22999572753903,215.5749969482422,250251
2024-07-01 15:30:00,215.5800018310547,215.6199951171875,215.42999267578125,215.57000732421875,368592
2024-07-01 16:00:00,215.57,215.7,212.9698,215.62,0
2024-07-01 17:00:00,215.62,215.8,212.9698,215.65,0
2024-07-01 18:00:00,215.65,215.7999,215.57,215.72,0
2024-07-01 19:00:00,215.71,215.79,215.57,215.71,0
2024-07-02 04:00:00,215.36,215.65,215.36,215.57,0
2024-07-02 05:00:00,215.44,215.65,215.35,215.35,0
2024-07-02 06:00:00,215.35,215.38,214.81,214.98,0
2024-07-02 07:00:00,214.98,215.16,214.78,215.0,0
2024-07-02 08:00:00,215.0,215.64,214.43,214.68,0
2024-07-02 09:00:00,214.7,215.57,214.6,215.2,0
2024-07-02 09:30:00,215.3300018310547,216.0800018310547,214.8699951171875,215.1300048828125,1439846
2024-07-02 10:30:00,215.1403045654297,215.4900054931641,214.82000732421875,215.2749938964844,852014
2024-07-02 11:30:00,215.27000427246097,215.3300018310547,214.6204071044922,214.89500427246097,1018123
2024-07-02 12:30:00,214.90499877929688,215.0099945068359,214.7100067138672,214.97950744628903,253690
2024-07-02 13:30:00,214.92999267578125,215.22999572753903,214.8249969482422,215.16000366210935,266371
2024-07-02 14:30:00,215.16000366210935,215.47000122070312,215.0800018310547,215.4199981689453,350917
2024-07-02 15:30:00,215.41000366210935,215.6000061035156,215.3300018310547,215.5399932861328,499757
2024-07-02 16:00:00,215.56,215.56,215.25,215.415,0
2024-07-02 17:00:00,215.415,215.57,214.72,215.56,0
2024-07-02 18:00:00,215.56,215.57,215.44,215.56,0
2024-07-02 19:00:00,215.49,215.66,215.43,215.62,0
2024-07-03 04:00:00,216.12,217.14,216.12,216.95,0
2024-07-03 05:00:00,216.99,216.99,216.7,216.7,0
2024-07-03 06:00:00,216.69,217.18,216.64,217.04,0
2024-07-03 07:00:00,217.05,217.34,216.68,216.87,0
2024-07-03 08:00:00,216.87,217.35,215.6,217.12,0
2024-07-03 09:00:00,217.3,217.96,215.305,217.5896,0
2024-07-03 09:30:00,217.33999633789065,218.67999267578125,217.3300018310547,218.13999938964844,1897445
2024-07-03 10:30:00,218.13999938964844,218.7397003173828,218.13999938964844,218.52999877929688,1018679
2024-07-03 11:30:00,218.52000427246097,218.65499877929688,218.1199951171875,218.15089416503903,650435
2024-07-03 13:00:00,218.14500427246097,218.3350067138672,217.72000122070312,218.3350067138672,0
2024-07-03 14:00:00,218.2401,218.3099,215.56,218.01,0
2024-07-03 15:00:00,217.91,218.0,217.7,217.805,0
2024-07-03 16:00:00,217.78,217.9485,217.77,217.9291,0
2024-07-05 04:00:00,216.91,219.0,216.91,218.89,0
2024-07-05 05:00:00,218.85,218.92,218.71,218.83,0
2024-07-05 06:00:00,218.76,218.76,218.4,218.65,0
2024-07-05 07:00:00,218.74,218.77,218.56,218.65,0
2024-07-05 08:00:00,218.7,219.09,218.37,218.75,0
2024-07-05 09:00:00,218.5,220.1,214.83,219.85,0
2024-07-05 09:30:00,219.5800018310547,220.57000732421875,219.5800018310547,219.9499969482422,1927947
2024-07-05 10:30:00,219.94000244140625,220.6699981689453,219.94000244140625,220.53030395507812,761964
2024-07-05 11:30:00,220.5399932861328,220.88999938964844,220.3500061035156,220.63999938964844,866037
2024-07-05 12:30:00,220.6331024169922,221.0,220.5749969482422,220.9750061035156,434022
2024-07-05 13:30:00,220.9750061035156,221.1300048828125,220.52000427246097,221.02999877929688,425869
2024-07-05 14:30:00,221.02000427246097,221.27999877929688,220.8999938964844,221.1000061035156,483535
2024-07-05 15:30:00,221.1000061035156,221.11000061035156,220.82000732421875,220.8999938964844,642178
2024-07-05 16:00:00,220.9,221.27,220.85,221.145,0
2024-07-05 17:00:00,221.15,221.28,220.93,221.1,0
2024-07-05 18:00:00,221.1,221.24,220.86,220.93,0
2024-07-05 19:00:00,220.93,220.93,220.83,220.85,0
2024-07-08 04:00:00,220.58,220.58,219.76,219.92,0
2024-07-08 05:00:00,219.85,219.87,219.24,219.51,0
2024-07-08 06:00:00,219.41,219.49,219.05,219.45,0
2024-07-08 07:00:00,219.47,219.59,219.24,219.54,0
2024-07-08 08:00:00,219.5,220.66,219.18,219.65,0
2024-07-08 09:00:00,219.61,220.93,219.16,219.67,0
2024-07-08 09:30:00,219.63999938964844,220.0399932861328,219.2100067138672,219.77999877929688,880510
2024-07-08 10:30:00,219.7899932861328,219.88999938964844,219.08999633789065,219.1199951171875,459277
2024-07-08 11:30:00,219.10009765625,219.11000061035156,217.41000366210935,217.69000244140625,1372260
2024-07-08 12:30:00,217.67999267578125,218.1999969482422,217.67999267578125,217.8800048828125,651421
2024-07-08 13:30:00,217.8800048828125,218.1999969482422,217.8300018310547,217.87969970703125,293146
2024-07-08 14:30:00,217.8800048828125,218.02999877929688,217.7599945068359,217.9900054931641,537195
2024-07-08 15:30:00,217.9900054931641,218.21499633789065,217.94500732421875,218.1699981689453,826768
2024-07-08 16:00:00,218.19,218.25,218.0,218.25,0
2024-07-08 17:00:00,218.19,218.27,218.0,218.14,0
2024-07-08 18:00:00,218.23,218.28,218.0,218.135,0
2024-07-08 19:00:00,218.26,218.88,218.0,218.44,0
2024-07-09 04:00:00,218.65,218.67,218.11,218.21,0
2024-07-09 05:00:00,218.28,218.73,218.1,218.44,0
2024-07-09 06:00:00,218.44,218.75,218.44,218.63,0
2024-07-09 07:00:00,218.63,218.7,218.25,218.35,0
2024-07-09 08:00:00,218.3,218.99,217.92,218.132,0
2024-07-09 09:00:00,218.11,219.61,217.89,218.52,0
2024-07-09 09:30:00,218.57000732421875,219.2899932861328,217.92999267578125,218.4373016357422,1170866
2024-07-09 10:30:00,218.42999267578125,218.70469665527344,217.26499938964844,217.5901031494141,662801
2024-07-09 11:30:00,217.6300048828125,218.52000427246097,217.57000732421875,218.27000427246097,382272
2024-07-09 12:30:00,218.27999877929688,218.4199981689453,217.9199981689453,218.38999938964844,256110
2024-07-09 13:30:00,218.3656005859375,218.69000244140625,218.27569580078125,218.6150054931641,257394
2024-07-09 14:30:00,218.61000061035156,218.7599945068359,218.57000732421875,218.57679748535156,534415
2024-07-09 15:30:00,218.5749969482422,218.6349945068359,218.5099945068359,218.57000732421875,343357
2024-07-09 16:00:00,218.56,218.71,218.2565,218.6284,0
2024-07-09 17:00:00,218.62,218.635,218.54,218.62,0
2024-07-09 18:00:00,218.62,218.65,218.54,218.55,0
2024-07-09 19:00:00,218.66,218.89,218.55,218.88,0
2024-07-10 04:00:00,219.15,219.5,219.15,219.49,0
2024-07-10 05:00:00,219.44,219.56,219.34,219.36,0
2024-07-10 06:00:00,219.36,219.55,219.36,219.5,0
2024-07-10 07:00:00,219.5,219.67,219.37,219.5,0
2024-07-10 08:00:00,219.5,220.25,219.0,220.095,0
2024-07-10 09:00:00,220.095,220.24,218.56,219.98,0
2024-07-10 09:30:00,220.13999938964844,220.7100067138672,219.8800048828125,220.0,2353635
2024-07-10 10:30:00,220.02000427246097,220.0399932861328,219.52000427246097,220.0249938964844,547844
2024-07-10 11:30:00,220.02000427246097,220.2100067138672,219.8849945068359,219.9696044921875,268608
2024-07-10 12:30:00,219.9600067138672,219.9900054931641,219.30999755859375,219.4550018310547,679756
2024-07-10 13:30:00,219.4499969482422,219.53500366210935,219.16000366210935,219.22000122070312,370795
2024-07-10 14:30:00,219.1999969482422,219.4499969482422,219.1699981689453,219.24009704589844,546067
2024-07-10 15:30:00,219.26010131835935,219.3699951171875,219.1999969482422,219.3300018310547,434809
2024-07-10 16:00:00,219.33,219.788,219.14,219.25,0
2024-07-10 17:00:00,219.0,219.38,205.3707,219.37,0
2024-07-10 18:00:00,219.34,219.37,219.2,219.335,0
2024-07-10 19:00:00,219.335,219.37,219.29,219.35,0
2024-07-11 04:00:00,219.65,220.405,219.65,220.03,0
2024-07-11 05:00:00,220.04,220.49,220.04,220.31,0
2024-07-11 06:00:00,220.31,220.44,220.27,220.33,0
2024-07-11 07:00:00,220.33,220.33,220.07,220.18,0
2024-07-11 08:00:00,220.18,220.4238,219.92,220.0,0
2024-07-11 09:00:00,219.93,222.76,219.36,222.4,0
2024-07-11 09:30:00,222.6499938964844,222.970703125,221.47999572753903,222.55999755859375,2567442
2024-07-11 10:30:00,222.55999755859375,224.0800018310547,222.2705993652344,223.7899932861328,1561709
2024-07-11 11:30:00,223.77000427246097,224.14889526367188,223.07000732421875,223.1000061035156,1651992
2024-07-11 12:30:00,223.07000732421875,223.3999938964844,222.77999877929688,223.3500061035156,781450
2024-07-11 13:30:00,223.3500061035156,223.38999938964844,222.9900054931641,223.17999267578125,705413
2024-07-11 14:30:00,223.1719970703125,223.61000061035156,223.1699981689453,223.46499633789065,533587
2024-07-11 15:30:00,223.4600067138672,223.5099945068359,223.16000366210935,223.19000244140625,931307
2024-07-11 16:00:00,223.17,223.3,223.1,223.28,0
2024-07-11 17:00:00,223.2799,223.28,223.1,223.225,0
2024-07-11 18:00:00,223.24,223.44,222.53,223.105,0
2024-07-11 19:00:00,223.1,223.55,222.6723,223.27,0
2024-07-12 04:00:00,222.78,222.78,222.33,222.48,0
2024-07-12 05:00:00,222.5,222.72,222.36,222.39,0
2024-07-12 06:00:00,222.35,222.49,222.0,222.02,0
2024-07-12 07:00:00,222.02,222.17,221.79,222.12,0
2024-07-12 08:00:00,222.12,222.89,221.79,222.24,0
2024-07-12 09:00:00,222.0,223.25,221.09,222.29,0
2024-07-12 09:30:00,222.02999877929688,222.9199981689453,221.86000061035156,222.66990661621097,1873135
2024-07-12 10:30:00,222.64500427246097,223.1999969482422,222.57000732421875,222.9199981689453,1069195
2024-07-12 11:30:00,222.92999267578125,223.33999633789065,222.8000030517578,223.32000732421875,694190
2024-07-12 12:30:00,223.33999633789065,223.52000427246097,223.2698974609375,223.33999633789065,322369
2024-07-12 13:30:00,223.36000061035156,223.6199951171875,223.3000030517578,223.3500061035156,266643
2024-07-12 14:30:00,223.34039306640625,223.3650054931641,223.13999938964844,223.19500732421875,339459
2024-07-12 15:30:00,223.19000244140625,223.22000122070312,223.05999755859375,223.11000061035156,426033
2024-07-12 16:00:00,223.11,223.11,222.9,222.99,0
2024-07-12 17:00:00,223.055,223.15,222.85,222.965,0
2024-07-12 18:00:00,223.07,223.49,222.86,222.87,0
2024-07-12 19:00:00,222.87,223.47,222.87,223.35,0
2024-07-15 04:00:00,224.0,224.0,222.59,222.75,0
2024-07-15 05:00:00,222.66,223.08,222.66,222.87,0
2024-07-15 06:00:00,222.75,223.2,222.7,223.07,0
2024-07-15 07:00:00,223.09,223.72,222.97,223.65,0
2024-07-15 08:00:00,223.67,223.88,222.02,223.48,0
2024-07-15 09:00:00,223.46,223.65,222.99,223.14,0
2024-07-15 09:30:00,223.38999938964844,224.1199951171875,223.02000427246097,224.0800018310547,1092288
2024-07-15 10:30:00,224.1000061035156,225.38999938964844,223.91000366210935,225.2899932861328,1202100
2024-07-15 11:30:00,225.24819946289065,225.24819946289065,224.77520751953125,224.9499969482422,767825
2024-07-15 12:30:00,224.9600067138672,225.58999633789065,224.02000427246097,224.17999267578125,795372
2024-07-15 13:30:00,224.16000366210935,224.16000366210935,223.7400054931641,224.0399932861328,528569
2024-07-15 14:30:00,224.0249938964844,224.20899963378903,223.8000030517578,223.92999267578125,379973
2024-07-15 15:30:00,223.9261932373047,224.0500030517578,223.8000030517578,223.8500061035156,633751
2024-07-15 16:00:00,223.86,223.98,223.805,223.94,0
2024-07-15 17:00:00,224.3,224.8,212.9698,224.1,0
2024-07-15 18:00:00,224.05,224.35,223.69,223.83,0
2024-07-15 19:00:00,223.9,224.14,223.83,224.12,0
2024-07-16 04:00:00,224.22,225.37,224.22,225.27,0
2024-07-16 05:00:00,225.36,225.66,225.06,225.5,0
2024-07-16 06:00:00,225.54,225.94,225.5,225.7,0
2024-07-16 07:00:00,225.65,225.81,225.46,225.74,0
2024-07-16 08:00:00,225.73,226.05,224.4,225.96,0
2024-07-16 09:00:00,225.94,225.99,223.83,225.16,0
2024-07-16 09:30:00,225.4499969482422,226.33999633789065,225.3000030517578,226.28990173339844,2488451
2024-07-16 10:30:00,226.2888946533203,227.6999969482422,226.16050720214844,227.47000122070312,2157074
2024-07-16 11:30:00,227.47999572753903,227.97999572753903,227.28500366210935,227.7400054931641,1710661
2024-07-16 12:30:00,227.72000122070312,227.82000732421875,227.30599975585935,227.72999572753903,897126
2024-07-16 13:30:00,227.6999969482422,228.09500122070312,227.6699981689453,227.7749938964844,888629
2024-07-16 14:30:00,227.7749938964844,228.05499267578125,227.72000122070312,227.97999572753903,1047536
2024-07-16 15:30:00,227.97999572753903,228.2899932861328,227.92999267578125,228.27999877929688,1346039
2024-07-16 16:00:00,228.28,228.37,228.05,228.29,0
2024-07-16 17:00:00,228.33,228.4,228.0,228.23,0
2024-07-16 18:00:00,228.25,228.39,228.0385,228.225,0
2024-07-16 19:00:00,228.39,228.39,228.0,228.16,0
2024-07-17 04:00:00,229.0,229.22,228.58,228.96,0
2024-07-17 05:00:00,228.96,229.01,228.45,228.5,0
2024-07-17 06:00:00,228.48,228.95,228.38,228.89,0
2024-07-17 07:00:00,228.84,228.85,228.03,228.31,0
2024-07-17 08:00:00,228.31,229.16,227.92,228.95,0
2024-07-17 09:00:00,228.85,229.25,228.6,228.95,0
2024-07-17 09:30:00,228.7899932861328,229.6499938964844,227.82029724121097,228.3500061035156,2876449
2024-07-17 10:30:00,228.3500061035156,228.6300048828125,227.25,227.8999938964844,1854295
2024-07-17 11:30:00,227.88999938964844,228.0099945068359,226.7899932861328,226.82000732421875,1029807
2024-07-17 12:30:00,226.82000732421875,227.38999938964844,226.81500244140625,227.0399932861328,771729
2024-07-17 13:30:00,227.05999755859375,227.1598968505859,226.6699981689453,227.125,603932
2024-07-17 14:30:00,227.1000061035156,227.5,227.0924072265625,227.25,432827
2024-07-17 15:30:00,227.21499633789065,227.4199981689453,227.1699981689453,227.27000427246097,563568
2024-07-17 16:00:00,227.26,228.83,227.19,227.37,0
2024-07-17 17:00:00,227.36,227.73,227.23,227.49,0
2024-07-17 18:00:00,227.4,227.5,227.15,227.5,0
2024-07-17 19:00:00,227.31,227.7096,227.31,227.505,0
2024-07-18 04:00:00,228.4,228.69,228.28,228.52,0
2024-07-18 05:00:00,228.56,228.56,227.85,227.85,0
2024-07-18 06:00:00,228.0,228.09,227.57,227.67,0
2024-07-18 07:00:00,227.64,228.08,227.64,227.75,0
2024-07-18 08:00:00,227.75,228.74,227.15,227.97,0
2024-07-18 09:00:00,228.1,228.895,227.23,227.45,0
2024-07-18 09:30:00,227.7100067138672,228.0,227.16000366210935,227.6959991455078,966261
2024-07-18 10:30:00,227.72000122070312,228.32000732421875,227.41400146484375,227.9080047607422,690680
2024-07-18 11:30:00,227.8800048828125,228.0399932861328,227.05999755859375,227.5249938964844,543566
2024-07-18 12:30:00,227.52000427246097,227.52000427246097,226.6300048828125,226.8094024658203,662577
2024-07-18 13:30:00,226.83999633789065,227.1699981689453,226.63999938964844,226.6999969482422,273358
2024-07-18 14:30:00,226.69000244140625,226.7250061035156,225.6199951171875,225.7899932861328,718841
2024-07-18 15:30:00,225.77999877929688,225.9402008056641,225.57000732421875,225.80999755859375,1137257
2024-07-18 16:00:00,225.805,226.38,225.63,226.005,0
2024-07-18 17:00:00,225.98,226.06,225.78,225.9,0
2024-07-18 18:00:00,225.99,226.315,225.85,225.94,0
2024-07-18 19:00:00,225.94,226.8,225.75,225.75,0
2024-07-19 04:00:00,224.43,225.49,223.4,223.66,0
2024-07-19 05:00:00,223.93,223.93,223.35,223.46,0
2024-07-19 06:00:00,223.4,223.42,222.92,223.16,0
2024-07-19 07:00:00,223.19,223.31,222.88,223.17,0
2024-07-19 08:00:00,223.16,224.76,222.4,222.6,0
2024-07-19 09:00:00,222.61,227.285,221.58,221.6,0
2024-07-19 09:30:00,221.52000427246097,222.5399932861328,221.41000366210935,222.02000427246097,3321026
2024-07-19 10:30:00,222.0449981689453,222.67999267578125,221.5099945068359,222.2949981689453,1350967
2024-07-19 11:30:00,222.2949981689453,222.5019989013672,222.0301055908203,222.11380004882812,975180
2024-07-19 12:30:00,222.1300048828125,222.2400054931641,221.62989807128903,221.66009521484375,592810
2024-07-19 13:30:00,221.6750030517578,221.97999572753903,221.5,221.8000030517578,568810
2024-07-19 14:30:00,221.7899932861328,221.86000061035156,221.6649932861328,221.7599945068359,490413
2024-07-19 15:30:00,221.77000427246097,221.92999267578125,221.6499938964844,221.77000427246097,879589
2024-07-19 16:00:00,221.8,225.78,221.72,222.01,0
2024-07-19 17:00:00,222.04,222.04,221.73,221.92,0
2024-07-19 18:00:00,222.2,222.29,221.4,221.82,0
2024-07-19 19:00:00,221.9953,222.65,221.74,222.65,0
2024-07-22 04:00:00,222.78,222.78,221.9,222.3,0
2024-07-22 05:00:00,222.26,222.32,221.95,222.16,0
2024-07-22 06:00:00,222.15,222.44,221.98,222.33,0
2024-07-22 07:00:00,222.5,222.66,222.1,222.13,0
2024-07-22 08:00:00,222.25,222.72,221.32,221.63,0
2024-07-22 09:00:00,221.63,221.9095,220.89,221.76,0
2024-07-22 09:30:00,221.5800018310547,221.7899932861328,220.63999938964844,220.63999938964844,1193183
2024-07-22 10:30:00,220.6649932861328,221.0099945068359,220.3999938964844,220.58999633789065,808130
2024-07-22 11:30:00,220.6000061035156,220.92999267578125,220.47000122070312,220.80999755859375,455285
2024-07-22 12:30:00,220.8000030517578,221.5749969482422,220.7899932861328,221.27999877929688,886181
2024-07-22 13:30:00,221.2749938964844,221.4600067138672,221.2100067138672,221.4499969482422,321781
2024-07-22 14:30:00,221.44000244140625,221.69000244140625,221.36000061035156,221.64500427246097,324832
2024-07-22 15:30:00,221.63999938964844,221.9199981689453,221.6000061035156,221.80999755859375,495746
2024-07-22 16:00:00,221.8,221.85,221.4109,221.57,0
2024-07-22 17:00:00,221.65,221.8,221.53,221.77,0
2024-07-22 18:00:00,221.6,221.78,221.2,221.395,0
2024-07-22 19:00:00,221.395,221.72,221.2,221.41,0
2024-07-23 04:00:00,222.1,222.1,221.6,221.8,0
2024-07-23 05:00:00,221.81,222.58,221.8,222.38,0
2024-07-23 06:00:00,222.22,222.66,222.22,222.6,0
2024-07-23 07:00:00,222.65,222.97,222.5,222.76,0
2024-07-23 08:00:00,222.88,222.9966,220.82,222.41,0
2024-07-23 09:00:00,222.38,222.77,221.8,222.31,0
2024-07-23 09:30:00,222.33999633789065,222.4199981689453,221.86000061035156,222.3000030517578,874331
2024-07-23 10:30:00,222.27999877929688,222.6000061035156,222.1000061035156,222.3999938964844,498332
2024-07-23 11:30:00,222.41000366210935,222.55239868164065,222.17999267578125,222.3000030517578,319002
2024-07-23 12:30:00,222.30999755859375,222.66000366210935,222.22999572753903,222.47999572753903,617791
2024-07-23 13:30:00,222.47000122070312,222.47999572753903,222.1499938964844,222.30999755859375,342068
2024-07-23 14:30:00,222.31019592285156,222.75,222.2599945068359,222.6199951171875,234042
2024-07-23 15:30:00,222.625,222.72999572753903,222.57000732421875,222.6000061035156,600024
2024-07-23 16:00:00,222.58,222.84,222.4004,222.75,0
2024-07-23 17:00:00,222.68,222.85,222.68,222.7,0
2024-07-23 18:00:00,222.71,222.85,222.6,222.66,0
2024-07-23 19:00:00,222.78,222.85,222.62,222.79,0
2024-07-24 04:00:00,223.02,223.49,223.02,223.16,0
2024-07-24 05:00:00,223.21,223.21,222.83,223.08,0
2024-07-24 06:00:00,223.04,223.41,222.92,223.16,0
2024-07-24 07:00:00,223.16,223.31,222.95,222.95,0
2024-07-24 08:00:00,222.921,223.68,222.888,223.38,0
2024-07-24 09:00:00,223.55,224.1,223.44,223.5636,0
2024-07-24 09:30:00,223.47000122070312,224.52999877929688,223.4600067138672,224.3300018310547,1640457
2024-07-24 10:30:00,224.30999755859375,224.8800048828125,224.1199951171875,224.42999267578125,881022
2024-07-24 11:30:00,224.4499969482422,224.69000244140625,223.69500732421875,223.8699951171875,576383
2024-07-24 12:30:00,223.83999633789065,223.91000366210935,223.2100067138672,223.32009887695312,425657
2024-07-24 13:30:00,223.3000030517578,223.41000366210935,222.41799926757812,222.66000366210935,1067660
2024-07-24 14:30:00,222.66000366210935,222.77000427246097,222.42999267578125,222.46490478515625,486325
2024-07-24 15:30:00,222.4550018310547,222.5449981689453,221.7400054931641,221.7550048828125,1132799
2024-07-24 16:00:00,221.8,221.92,221.6,221.65,0
2024-07-24 17:00:00,221.77,221.9,221.63,221.715,0
2024-07-24 18:00:00,221.68,221.76,221.11,221.76,0
2024-07-24 19:00:00,221.65,221.96,221.11,221.79,0
2024-07-25 04:00:00,219.98,219.98,219.24,219.3,0
2024-07-25 05:00:00,219.26,219.71,219.19,219.2,0
2024-07-25 06:00:00,219.22,219.6,219.19,219.48,0
2024-07-25 07:00:00,219.5,220.16,219.4,219.44,0
2024-07-25 08:00:00,219.38,220.2755,218.4,219.36,0
2024-07-25 09:00:00,219.43,221.8,218.51,219.28,0
2024-07-25 09:30:00,219.02000427246097,219.2606964111328,217.94839477539065,218.71499633789065,2685755
2024-07-25 10:30:00,218.6999969482422,218.92999267578125,218.25,218.58999633789065,1086887
2024-07-25 11:30:00,218.6000061035156,218.7998962402344,217.91000366210935,218.3500061035156,1453423
2024-07-25 12:30:00,218.36000061035156,218.6300048828125,217.52000427246097,217.66000366210935,1050288
2024-07-25 13:30:00,217.65499877929688,218.05999755859375,217.5200958251953,217.97999572753903,1106352
2024-07-25 14:30:00,217.97999572753903,218.3999938964844,217.7899932861328,218.3800048828125,833995
2024-07-25 15:30:00,218.3800048828125,218.4958953857422,218.32000732421875,218.36000061035156,986434
2024-07-25 16:00:00,218.33,218.6,218.07,218.57,0
2024-07-25 17:00:00,218.59,218.74,218.33,218.74,0
2024-07-25 18:00:00,218.5,218.77,218.05,218.475,0
2024-07-25 19:00:00,218.525,218.63,218.05,218.62,0
2024-07-26 04:00:00,219.42,219.94,219.1,219.38,0
2024-07-26 05:00:00,219.38,219.52,219.22,219.35,0
2024-07-26 06:00:00,219.5,219.5,219.3,219.42,0
2024-07-26 07:00:00,219.4,219.61,219.18,219.35,0
2024-07-26 08:00:00,219.45,219.92,218.72,219.4,0
2024-07-26 09:00:00,219.47,219.99,218.33,219.66,0
2024-07-26 09:30:00,219.9600067138672,221.0399932861328,219.6999969482422,220.5099945068359,1906022
2024-07-26 10:30:00,220.5,220.72999572753903,220.03500366210935,220.4499969482422,754554
2024-07-26 11:30:00,220.4499969482422,220.8699951171875,220.3800048828125,220.7599945068359,686754
2024-07-26 12:30:00,220.83999633789065,220.9900054931641,220.1750030517578,220.2050018310547,805204
2024-07-26 13:30:00,220.2100067138672,220.58999633789065,220.1199951171875,220.5399932861328,811363
2024-07-26 14:30:00,220.5399932861328,220.6300048828125,220.3000030517578,220.56500244140625,414009
2024-07-26 15:30:00,220.5699005126953,220.67999267578125,220.4199981689453,220.61000061035156,562826
2024-07-26 16:00:00,220.63,220.98,220.515,220.515,0
2024-07-26 17:00:00,220.64,220.9802,220.54,220.815,0
2024-07-26 18:00:00,220.77,220.94,220.55,220.77,0
2024-07-26 19:00:00,220.8,220.95,220.7,220.95,0
2024-07-29 04:00:00,221.15,221.23,220.76,220.76,0
2024-07-29 05:00:00,220.86,221.25,220.71,221.19,0
2024-07-29 06:00:00,221.25,221.46,221.0,221.4,0
2024-07-29 07:00:00,221.4,221.43,221.0,221.0,0
2024-07-29 08:00:00,220.97,221.62,220.58,221.039,0
2024-07-29 09:00:00,221.05,221.5,220.63,221.405,0
2024-07-29 09:30:00,221.2599945068359,221.5500030517578,220.8000030517578,220.9900054931641,832403
2024-07-29 10:30:00,220.97000122070312,221.02000427246097,219.0449981689453,219.55999755859375,1081235
2024-07-29 11:30:00,219.5,220.0,219.38999938964844,219.7599945068359,572950
2024-07-29 12:30:00,219.7599945068359,220.32000732421875,219.7050018310547,220.0399932861328,623703
2024-07-29 13:30:00,220.0399932861328,220.3699951171875,219.76280212402344,219.97999572753903,412309
2024-07-29 14:30:00,219.97999572753903,220.4199981689453,219.860107421875,220.38999938964844,470040
2024-07-29 15:30:00,220.38999938964844,220.5500030517578,220.2899932861328,220.32000732421875,333801
2024-07-29 16:00:00,220.32,220.525,220.16,220.41,0
2024-07-29 17:00:00,220.4492,220.45,212.9698,220.335,0
2024-07-29 18:00:00,220.335,220.4932,219.82,220.32,0
2024-07-29 19:00:00,220.32,220.48,219.78,220.01,0
2024-07-30 04:00:00,220.5,221.1,220.5,220.95,0
2024-07-30 05:00:00,221.01,221.04,220.76,220.87,0
2024-07-30 06:00:00,220.87,221.02,220.85,220.96,0
2024-07-30 07:00:00,220.96,221.18,220.82,221.13,0
2024-07-30 08:00:00,221.02,221.15,220.55,220.68,0
2024-07-30 09:00:00,220.66,221.03,220.32,221.02,0
2024-07-30 09:30:00,221.2899932861328,221.67999267578125,220.7400054931641,221.2899932861328,988857
2024-07-30 10:30:00,221.27999877929688,221.5,220.38999938964844,220.6000061035156,445516
2024-07-30 11:30:00,220.57000732421875,221.0989990234375,220.35499572753903,221.0099945068359,480697
2024-07-30 12:30:00,221.0,222.9199981689453,220.94500732421875,222.52560424804688,1271984
2024-07-30 13:30:00,222.5500030517578,222.6999969482422,222.12010192871097,222.38999938964844,570802
2024-07-30 14:30:00,222.389892578125,222.60989379882812,222.22999572753903,222.60989379882812,264851
2024-07-30 15:30:00,222.52000427246097,222.67999267578125,222.37750244140625,222.5399932861328,494164
2024-07-30 16:00:00,222.52,223.07,222.52,222.91,0
2024-07-30 17:00:00,222.92,222.92,222.55,222.75,0
2024-07-30 18:00:00,222.87,223.09,222.53,222.7,0
2024-07-30 19:00:00,222.65,222.84,222.65,222.84,0
2024-07-31 04:00:00,223.65,223.65,223.15,223.55,0
2024-07-31 05:00:00,223.45,223.93,223.32,223.73,0
2024-07-31 06:00:00,223.73,224.02,223.62,223.73,0
2024-07-31 07:00:00,223.78,223.81,223.57,223.67,0
2024-07-31 08:00:00,223.7,224.1,223.06,223.8,0
2024-07-31 09:00:00,223.84,223.96,223.5,223.64,0
2024-07-31 09:30:00,223.7899932861328,224.58999633789065,223.7100067138672,224.02999877929688,1312773
2024-07-31 10:30:00,224.02000427246097,224.19500732421875,223.63999938964844,223.77000427246097,507050
2024-07-31 11:30:00,223.8000030517578,224.3999938964844,223.77000427246097,224.38299560546875,377301
2024-07-31 12:30:00,224.3999938964844,224.57000732421875,224.22999572753903,224.47000122070312,443529
2024-07-31 13:30:00,224.4600067138672,224.5099945068359,223.8699951171875,224.17999267578125,639618
2024-07-31 14:30:00,224.1999969482422,226.0,224.16000366210935,225.7899932861328,1111079
2024-07-31 15:30:00,225.7599945068359,226.59500122070312,225.7599945068359,226.5099945068359,1916219
2024-07-31 16:00:00,226.55,226.7,225.02,226.3,0
2024-07-31 17:00:00,226.27,226.58,226.24,226.54,0
2024-07-31 18:00:00,226.51,226.64,226.11,226.21,0
2024-07-31 19:00:00,226.28,226.35,225.91,226.06,0
2024-08-01 04:00:00,226.08,226.08,225.165,225.24,0
2024-08-01 05:00:00,225.23,225.3,224.74,224.87,0
2024-08-01 06:00:00,224.88,225.26,224.68,225.14,0
2024-08-01 07:00:00,225.14,225.4,225.0,225.4,0
2024-08-01 08:00:00,225.33,226.28,224.73,225.9695,0
2024-08-01 09:00:00,225.97,227.0,223.755,226.73,0
2024-08-01 09:30:00,226.7400054931641,227.57000732421875,225.82000732421875,225.9750061035156,2261894
2024-08-01 10:30:00,225.97999572753903,226.70989990234375,225.83999633789065,226.1699981689453,1280760
2024-08-01 11:30:00,226.16000366210935,226.41000366210935,225.72999572753903,226.0998992919922,628509
2024-08-01 12:30:00,226.11509704589844,226.3249969482422,225.19000244140625,225.2400054931641,1008270
2024-08-01 13:30:00,225.21969604492188,225.58999633789065,225.0500030517578,225.13999938964844,439212
2024-08-01 14:30:00,225.1499938964844,225.80999755859375,225.0500030517578,225.80999755859375,481138
2024-08-01 15:30:00,225.82000732421875,225.8849945068359,225.6999969482422,225.80999755859375,577800
2024-08-01 16:00:00,225.81,226.27,212.33,226.14,0
2024-08-01 17:00:00,226.145,226.45,225.92,226.18,0
2024-08-01 18:00:00,226.15,226.4,225.75,226.17,0
2024-08-01 19:00:00,225.9,226.18,225.8,226.1599,0
2024-08-02 04:00:00,227.22,227.9,227.22,227.9,0
2024-08-02 05:00:00,227.85,227.85,227.54,227.68,0
2024-08-02 06:00:00,227.56,227.91,227.55,227.7,0
2024-08-02 07:00:00,227.74,227.88,227.43,227.57,0
2024-08-02 08:00:00,227.609,228.3,225.77,227.14,0
2024-08-02 09:00:00,227.15,229.05,225.77,227.6,0
2024-08-02 09:30:00,227.9499969482422,228.7599945068359,227.67999267578125,227.82000732421875,2820192
2024-08-02 10:30:00,227.83999633789065,227.9199981689453,222.8650054931641,224.29010009765625,3389173
2024-08-02 11:30:00,224.27999877929688,225.52000427246097,223.67999267578125,225.22000122070312,1515115
2024-08-02 12:30:00,225.22000122070312,225.22000122070312,224.0099945068359,224.3500061035156,513279
2024-08-02 13:30:00,224.3999938964844,224.97000122070312,224.3300018310547,224.88999938964844,617717
2024-08-02 14:30:00,224.88999938964844,224.92999267578125,224.25369262695312,224.8500061035156,571435
2024-08-02 15:30:00,224.8500061035156,225.44000244140625,224.83999633789065,225.36000061035156,1220348
2024-08-02 16:00:00,225.34,225.9,225.16,225.9,0
2024-08-02 17:00:00,225.85,226.0,225.56,225.88,0
2024-08-02 18:00:00,225.84,226.59,225.8,225.81,0
2024-08-02 19:00:00,225.88,226.38,225.8,225.95,0
2024-08-05 04:00:00,226.1,226.1,224.34,224.39,0
2024-08-05 05:00:00,224.43,224.64,223.7,223.92,0
2024-08-05 06:00:00,223.9,224.55,223.65,223.85,0
2024-08-05 07:00:00,223.76,223.98,221.4,221.52,0
2024-08-05 08:00:00,221.65,227.37,218.82,219.05,0
2024-08-05 09:00:00,219.0,228.025,218.56,221.02,0
2024-08-05 09:30:00,220.55999755859375,221.6300048828125,220.24099731445312,220.72000122070312,3328819
2024-08-05 10:30:00,220.72999572753903,223.0099945068359,220.6699981689453,222.44000244140625,1633463
2024-08-05 11:30:00,222.44000244140625,222.75,221.7899932861328,222.5099945068359,842535
2024-08-05 12:30:00,222.5099945068359,222.67759704589844,221.8800048828125,222.22000122070312,501339
2024-08-05 13:30:00,222.19000244140625,222.7100067138672,221.95030212402344,222.42999267578125,509769
2024-08-05 14:30:00,222.41000366210935,222.72999572753903,222.22999572753903,222.67999267578125,459622
2024-08-05 15:30:00,222.67990112304688,223.1000061035156,222.5500030517578,222.5749969482422,940676
2024-08-05 16:00:00,222.48,222.93,222.36,222.84,0
2024-08-05 17:00:00,222.825,223.08,222.48,222.79,0
2024-08-05 18:00:00,222.79,223.1,222.61,222.61,0
2024-08-05 19:00:00,222.61,222.98,222.01,222.01,0
2024-08-06 04:00:00,222.65,223.26,222.65,222.7,0
2024-08-06 05:00:00,222.97,223.2,222.7,223.1,0
2024-08-06 06:00:00,223.08,223.34,222.96,223.15,0
2024-08-06 07:00:00,223.12,223.32,222.82,223.0,0
2024-08-06 08:00:00,223.05,223.27,221.4,222.13,0
2024-08-06 09:00:00,222.07,223.1951,220.87,221.07,0
2024-08-06 09:30:00,221.5,222.1300048828125,220.9199981689453,220.9499969482422,2963605
2024-08-06 10:30:00,220.94000244140625,221.2400054931641,220.11000061035156,220.57000732421875,2974805
2024-08-06 11:30:00,220.5800018310547,220.9199981689453,220.16000366210935,220.66000366210935,810228
2024-08-06 12:30:00,220.67999267578125,221.07000732421875,220.52999877929688,221.0,741625
2024-08-06 13:30:00,221.0,221.38999938964844,220.94630432128903,221.3000030517578,851117
2024-08-06 14:30:00,221.3000030517578,221.47000122070312,220.83999633789065,220.93499755859375,917310
2024-08-06 15:30:00,220.94000244140625,220.9900054931641,220.6000061035156,220.7100067138672,968276
2024-08-06 16:00:00,220.7,222.48,220.56,220.92,0
2024-08-06 17:00:00,220.83,221.25,220.83,221.05,0
2024-08-06 18:00:00,221.04,221.1299,220.7,220.7135,0
2024-08-06 19:00:00,220.71,220.99,220.2,220.2736,0
2024-08-07 04:00:00,220.65,221.19,220.65,221.17,0
2024-08-07 05:00:00,221.11,221.44,221.09,221.22,0
2024-08-07 06:00:00,221.22,221.54,221.22,221.4,0
2024-08-07 07:00:00,221.3,221.68,221.3,221.61,0
2024-08-07 08:00:00,221.52,222.229,220.51,221.78,0
2024-08-07 09:00:00,221.78,222.49,220.7,222.08,0
2024-08-07 09:30:00,221.94000244140625,222.30999755859375,221.55999755859375,222.0399932861328,940559
2024-08-07 10:30:00,222.02000427246097,222.1636962890625,221.58999633789065,221.6699981689453,703272
2024-08-07 11:30:00,221.3999938964844,221.5500030517578,221.11000061035156,221.33999633789065,469068
2024-08-07 12:30:00,221.32000732421875,221.8278961181641,221.0099945068359,221.1000061035156,561083
2024-08-07 13:30:00,221.08999633789065,221.31500244140625,220.67999267578125,220.8300018310547,706001
2024-08-07 14:30:00,220.86000061035156,220.9900054931641,220.3500061035156,220.88009643554688,742108
2024-08-07 15:30:00,220.8999938964844,220.97999572753903,220.5,220.52999877929688,628087
2024-08-07 16:00:00,220.55,220.704,205.3707,220.28,0
2024-08-07 17:00:00,220.2606,220.55,220.245,220.27,0
2024-08-07 18:00:00,220.27,220.36,220.0,220.185,0
2024-08-07 19:00:00,220.36,220.64,220.01,220.3,0
2024-08-08 04:00:00,220.65,221.6,220.65,221.525,0
2024-08-08 05:00:00,221.31,221.65,221.11,221.4,0
2024-08-08 06:00:00,221.4,221.74,221.32,221.74,0
2024-08-08 07:00:00,221.74,222.92,221.74,222.83,0
2024-08-08 08:00:00,222.75,223.24,221.15,223.1,0
2024-08-08 09:00:00,223.0,223.5,220.55,222.37,0
2024-08-08 09:30:00,222.72999572753903,224.02999877929688,222.51499938964844,224.0,1857591
2024-08-08 10:30:00,224.0099945068359,224.0399932861328,222.8999938964844,223.19000244140625,638601
2024-08-08 11:30:00,223.22999572753903,224.02000427246097,223.12469482421875,223.9550018310547,1139580
2024-08-08 12:30:00,223.97000122070312,224.05999755859375,223.2599945068359,223.97999572753903,536332
2024-08-08 13:30:00,224.0,224.25,223.75,224.13999938964844,603205
2024-08-08 14:30:00,224.17999267578125,224.2073974609375,223.8699951171875,224.08770751953125,521407
2024-08-08 15:30:00,224.09500122070312,224.09500122070312,223.8195953369141,224.0,702164
2024-08-08 16:00:00,224.01,224.42,223.96,224.3793,0
2024-08-08 17:00:00,224.375,224.47,224.035,224.235,0
2024-08-08 18:00:00,224.01,224.4552,224.01,224.45,0
2024-08-08 19:00:00,224.26,224.35,223.89,224.28,0
2024-08-09 04:00:00,223.6,224.3,223.6,224.01,0
2024-08-09 05:00:00,223.95,224.305,223.95,224.11,0
2024-08-09 06:00:00,224.15,224.2,224.0,224.15,0
2024-08-09 07:00:00,224.3,224.87,224.3,224.78,0
2024-08-09 08:00:00,224.63,224.9,222.38,224.32,0
2024-08-09 09:00:00,224.38,224.65,224.01,224.55,0
2024-08-09 09:30:00,224.82000732421875,224.9208068847656,223.82000732421875,224.83999633789065,1355587
2024-08-09 10:30:00,225.0800018310547,225.1699981689453,224.28500366210935,224.57760620117188,799767
2024-08-09 11:30:00,224.58999633789065,224.92999267578125,224.3800048828125,224.7100067138672,591381
2024-08-09 12:30:00,224.6999969482422,225.27999877929688,224.66000366210935,224.97000122070312,446952
2024-08-09 13:30:00,225.0,225.07989501953125,224.3699951171875,224.4900054931641,464874
2024-08-09 14:30:00,224.47999572753903,224.6499938964844,224.38999938964844,224.48500061035156,224956
2024-08-09 15:30:00,224.4900054931641,224.5749969482422,224.3800048828125,224.5500030517578,365644
2024-08-09 16:00:00,224.56,224.7596,224.56,224.56,0
2024-08-09 17:00:00,224.68,224.77,224.54,224.72,0
2024-08-09 18:00:00,224.72,225.0,224.72,224.875,0
2024-08-09 19:00:00,224.875,225.0,224.75,224.99,0
2024-08-12 04:00:00,226.0,226.0,224.0,225.69,0
2024-08-12 05:00:00,225.69,226.0,225.51,225.86,0
2024-08-12 06:00:00,225.76,225.9,225.7,225.85,0
2024-08-12 07:00:00,225.77,226.05,225.61,225.65,0
2024-08-12 08:00:00,225.83,226.1,224.5,225.95,0
2024-08-12 09:00:00,225.96,226.14,224.56,225.97,0
2024-08-12 09:30:00,226.13999938964844,227.19000244140625,225.96499633789065,226.36000061035156,1396244
2024-08-12 10:30:00,226.36000061035156,227.47000122070312,226.3000030517578,227.1199951171875,849923
2024-08-12 11:30:00,227.15089416503903,227.97999572753903,226.9199981689453,227.75,646365
2024-08-12 12:30:00,227.7599945068359,227.8804931640625,227.5601043701172,227.8000030517578,321338
2024-08-12 13:30:00,227.7949981689453,228.36000061035156,227.7899932861328,228.30999755859375,491224
2024-08-12 14:30:00,228.3000030517578,228.4600067138672,228.22000122070312,228.3300018310547,517780
2024-08-12 15:30:00,228.3300018310547,228.53500366210935,228.3300018310547,228.3800048828125,660887
2024-08-12 16:00:00,228.37,228.61,226.6055,228.61,0
2024-08-12 17:00:00,228.59,228.61,212.9698,228.61,0
2024-08-12 18:00:00,228.57,228.71,228.3,228.62,0
2024-08-12 19:00:00,228.7,228.88,228.5,228.88,0
2024-08-13 04:00:00,228.09,228.3,227.44,227.63,0
2024-08-13 05:00:00,227.74,228.41,227.25,227.47,0
2024-08-13 06:00:00,227.6,227.7,227.4,227.635,0
2024-08-13 07:00:00,227.65,227.9,227.37,227.68,0
2024-08-13 08:00:00,227.75,228.27,227.0,228.06,0
2024-08-13 09:00:00,228.27,228.88,227.77,228.3385,0
2024-08-13 09:30:00,228.07000732421875,228.8699951171875,228.0399932861328,228.1300048828125,1666824
2024-08-13 10:30:00,228.1300048828125,228.5800018310547,227.75,228.11000061035156,810403
2024-08-13 11:30:00,228.11000061035156,228.41000366210935,227.8999938964844,227.97999572753903,429014
2024-08-13 12:30:00,228.02000427246097,228.31500244140625,227.97000122070312,228.1199951171875,332415
2024-08-13 13:30:00,228.1000061035156,228.1999969482422,227.9250030517578,228.0800018310547,1131212
2024-08-13 14:30:00,228.0800018310547,228.19000244140625,227.8699951171875,227.9250030517578,583448
2024-08-13 15:30:00,227.9250030517578,228.08999633789065,227.58999633789065,228.02999877929688,1360092
2024-08-13 16:00:00,228.06,228.1092,227.83,227.83,0
2024-08-13 17:00:00,227.83,228.0,227.5,227.67,0
2024-08-13 18:00:00,228.0,228.25,227.64,227.925,0
2024-08-13 19:00:00,227.92,227.99,227.645,227.74,0
2024-08-14 04:00:00,228.0,228.57,228.0,228.445,0
2024-08-14 05:00:00,228.5,229.12,228.34,228.665,0
2024-08-14 06:00:00,228.5,228.76,228.4,228.5,0
2024-08-14 07:00:00,228.6,228.85,228.42,228.63,0
2024-08-14 08:00:00,228.61,228.85,227.34,228.589,0
2024-08-14 09:00:00,228.41,229.15,227.6,227.91,0
2024-08-14 09:30:00,226.5500030517578,227.47999572753903,226.3999938964844,227.1000061035156,1284573
2024-08-14 10:30:00,227.0800018310547,227.125,226.1699981689453,226.42999267578125,949873
2024-08-14 11:30:00,226.42999267578125,226.44000244140625,225.42999267578125,225.6199951171875,586511
2024-08-14 12:30:00,225.63999938964844,226.02000427246097,225.3500061035156,225.6999969482422,444284
2024-08-14 13:30:00,225.69000244140625,225.9199981689453,225.60499572753903,225.91000366210935,477136
2024-08-14 14:30:00,225.8999938964844,226.33999633789065,225.8999938964844,226.0,593050
2024-08-14 15:30:00,226.0,226.22999572753903,225.98550415039065,226.2100067138672,533526
2024-08-14 16:00:00,226.22,226.31,225.9615,226.3,0
2024-08-14 17:00:00,226.32,226.32,226.19,226.25,0
2024-08-14 18:00:00,226.25,226.76,225.89,225.89,0
2024-08-14 19:00:00,226.76,226.76,226.01,226.38,0
2024-08-15 04:00:00,226.87,227.0,226.82,226.9,0
2024-08-15 05:00:00,226.9,227.15,226.9,226.97,0
2024-08-15 06:00:00,226.97,227.4,226.96,227.25,0
2024-08-15 07:00:00,227.25,227.64,227.04,227.3,0
2024-08-15 08:00:00,227.39,228.3,226.2,228.3,0
2024-08-15 09:00:00,228.0,228.0,224.76,225.28,0
2024-08-15 09:30:00,226.30999755859375,226.72999572753903,225.1199951171875,226.6300048828125,1474792
2024-08-15 10:30:00,226.6199951171875,227.2100067138672,226.47999572753903,226.9900054931641,728941
2024-08-15 11:30:00,227.0500030517578,227.3500061035156,226.8500061035156,227.19000244140625,832430
2024-08-15 12:30:00,227.22999572753903,227.22999572753903,226.72999572753903,226.83999633789065,223943
2024-08-15 13:30:00,226.8603057861328,227.1000061035156,226.77999877929688,227.08999633789065,296817
2024-08-15 14:30:00,227.1000061035156,227.5,227.02999877929688,227.38999938964844,395808
2024-08-15 15:30:00,227.3800048828125,227.38999938964844,226.78500366210935,226.9199981689453,565215
2024-08-15 16:00:00,226.91,227.1212,226.87,226.99,0
2024-08-15 17:00:00,226.96,227.335,226.91,227.1,0
2024-08-15 18:00:00,227.06,227.1,226.685,226.8,0
2024-08-15 19:00:00,226.7,227.4,226.7,227.18,0
2024-08-16 04:00:00,227.33,227.7,227.31,227.58,0
2024-08-16 05:00:00,227.58,227.83,227.55,227.58,0
2024-08-16 06:00:00,227.58,228.07,227.53,228.01,0
2024-08-16 07:00:00,228.05,228.36,227.79,228.35,0
2024-08-16 08:00:00,228.0,228.73,226.52,228.32,0
2024-08-16 09:00:00,228.67,230.51,225.92,229.8,0
2024-08-16 09:30:00,229.9900054931641,231.1000061035156,229.0050048828125,229.36000061035156,3025161
2024-08-16 10:30:00,229.3699951171875,230.22889709472656,229.1499938964844,229.91000366210935,1791649
2024-08-16 11:30:00,229.91000366210935,230.77999877929688,229.76919555664065,230.6750030517578,905616
2024-08-16 12:30:00,230.6699981689453,231.0699005126953,230.4600067138672,231.0399932861328,897267
2024-08-16 13:30:00,231.0399932861328,231.1699981689453,230.72000122070312,231.0399932861328,1340940
2024-08-16 14:30:00,231.0500030517578,231.6999969482422,231.0399932861328,231.6000061035156,1745630
2024-08-16 15:30:00,231.58999633789065,232.02000427246097,231.44000244140625,231.8999938964844,1534547
2024-08-16 16:00:00,231.9,232.09,226.91,231.96,0
2024-08-16 17:00:00,231.99,232.17,231.85,232.15,0
2024-08-16 18:00:00,232.15,232.3,232.01,232.05,0
2024-08-16 19:00:00,232.05,232.31,231.81,232.29,0
2024-08-19 04:00:00,226.91,232.0,226.91,231.68,0
2024-08-19 05:00:00,231.66,231.77,231.28,231.39,0
2024-08-19 06:00:00,231.39,231.39,230.5,230.79,0
2024-08-19 07:00:00,230.79,230.79,229.9,229.95,0
2024-08-19 08:00:00,230.01,231.99,229.8614,230.37,0
2024-08-19 09:00:00,230.4,231.99,229.91,230.16,0
2024-08-19 09:30:00,230.1499938964844,231.0399932861328,229.7400054931641,231.0,1912998
2024-08-19 10:30:00,231.0,231.63999938964844,230.9196929931641,231.49989318847656,741677
2024-08-19 11:30:00,231.4900054931641,231.63999938964844,231.0937957763672,231.43499755859375,699404
2024-08-19 12:30:00,231.44000244140625,231.77999877929688,231.3000030517578,231.32000732421875,376124
2024-08-19 13:30:00,231.3249969482422,231.4949951171875,231.1526031494141,231.36000061035156,325472
2024-08-19 14:30:00,231.3699951171875,231.5800018310547,231.3699951171875,231.52999877929688,357069
2024-08-19 15:30:00,231.5200958251953,231.6499938964844,231.42999267578125,231.6000061035156,507374
2024-08-19 16:00:00,231.61,231.61,231.41,231.61,0
2024-08-19 17:00:00,231.54,231.62,231.45,231.62,0
2024-08-19 18:00:00,231.51,231.62,231.1,231.5,0
2024-08-19 19:00:00,231.5,231.59,231.22,231.385,0
2024-08-20 04:00:00,231.86,233.21,231.74,232.58,0
2024-08-20 05:00:00,232.65,233.4,232.65,233.35,0
2024-08-20 06:00:00,233.3,233.31,232.99,233.3,0
2024-08-20 07:00:00,233.225,233.5,233.04,233.38,0
2024-08-20 08:00:00,233.38,233.85,230.71,233.62,0
2024-08-20 09:00:00,233.6,233.85,231.61,233.4888,0
2024-08-20 09:30:00,233.7100067138672,234.0099945068359,232.9199981689453,233.22999572753903,2808357
2024-08-20 10:30:00,233.13999938964844,233.72999572753903,231.5800018310547,231.92999267578125,2721283
2024-08-20 11:30:00,231.94000244140625,232.3999938964844,231.1300048828125,231.5749969482422,933957
2024-08-20 12:30:00,231.5500030517578,232.25,231.39990234375,232.2400054931641,379740
2024-08-20 13:30:00,232.1999969482422,232.4199981689453,231.9324951171875,232.3802947998047,540314
2024-08-20 14:30:00,232.3999938964844,232.5099945068359,232.0800018310547,232.2698974609375,883708
2024-08-20 15:30:00,232.27000427246097,232.5099945068359,232.2698974609375,232.47000122070312,591109
2024-08-20 16:00:00,232.46,232.68,232.31,232.34,0
2024-08-20 17:00:00,232.4,232.89,232.32,232.69,0
2024-08-20 18:00:00,232.38,232.68,232.2,232.35,0
2024-08-20 19:00:00,232.6,232.92,232.28,232.68,0
2024-08-21 04:00:00,232.68,232.68,231.84,232.09,0
2024-08-21 05:00:00,231.94,232.1,231.56,231.98,0
2024-08-21 06:00:00,231.98,231.99,231.55,231.7,0
2024-08-21 07:00:00,231.82,232.36,231.75,232.0,0
2024-08-21 08:00:00,232.0,232.86,231.56,232.02,0
2024-08-21 09:00:00,232.1,232.46,231.638,231.99,0
2024-08-21 09:30:00,231.69000244140625,231.7749938964844,230.47999572753903,231.0399932861328,1696704
2024-08-21 10:30:00,231.05999755859375,231.88999938964844,230.56500244140625,231.7400054931641,718711
2024-08-21 11:30:00,231.77000427246097,232.1000061035156,231.3699951171875,231.7449951171875,535999
2024-08-21 12:30:00,231.72999572753903,232.07000732421875,231.58999633789065,231.97000122070312,313193
2024-08-21 13:30:00,231.97999572753903,232.8699951171875,231.91000366210935,232.80999755859375,719528
2024-08-21 14:30:00,232.7899932861328,232.8300018310547,232.0800018310547,232.25,450196
2024-08-21 15:30:00,232.24989318847656,232.5299072265625,232.1199951171875,232.13999938964844,514905
2024-08-21 16:00:00,232.15,232.32,231.97,232.22,0
2024-08-21 17:00:00,232.53,232.53,232.15,232.37,0
2024-08-21 18:00:00,232.3,232.45,232.0,232.225,0
2024-08-21 19:00:00,232.23,232.45,232.1,232.33,0
2024-08-22 04:00:00,232.86,232.86,231.21,231.29,0
2024-08-22 05:00:00,231.37,231.52,231.1,231.52,0
2024-08-22 06:00:00,231.5,231.79,231.41,231.73,0
2024-08-22 07:00:00,231.67,231.89,231.21,231.605,0
2024-08-22 08:00:00,231.36,232.0,230.65,230.88,0
2024-08-22 09:00:00,230.93,232.15,230.58,232.15,0
2024-08-22 09:30:00,230.3500061035156,230.3800048828125,228.2599945068359,228.88999938964844,2320513
2024-08-22 10:30:00,228.91000366210935,229.5399932861328,228.3699951171875,228.88999938964844,832967
2024-08-22 11:30:00,228.92999267578125,229.67999267578125,228.66000366210935,229.5,502306
2024-08-22 12:30:00,229.4900054931641,229.69500732421875,229.11000061035156,229.19500732421875,322091
2024-08-22 13:30:00,229.2250061035156,229.5800018310547,229.2250061035156,229.5099945068359,365525
2024-08-22 14:30:00,229.5,229.52000427246097,228.97999572753903,228.97999572753903,373275
2024-08-22 15:30:00,228.9900054931641,229.4550018310547,228.98500061035156,229.3999938964844,679272
2024-08-22 16:00:00,229.37,229.7,229.2474,229.595,0
2024-08-22 17:00:00,229.8,229.8,229.47,229.79,0
2024-08-22 18:00:00,229.67,229.88,229.51,229.6,0
2024-08-22 19:00:00,229.6,229.88,229.51,229.85,0
2024-08-23 04:00:00,230.0,230.93,230.0,230.64,0
2024-08-23 05:00:00,230.79,231.14,230.66,231.12,0
2024-08-23 06:00:00,231.0,231.18,230.66,230.9,0
2024-08-23 07:00:00,230.69,231.05,230.65,231.05,0
2024-08-23 08:00:00,231.0,231.24,230.26,230.97,0
2024-08-23 09:00:00,230.92,231.38,229.37,231.12,0
2024-08-23 09:30:00,231.0399932861328,232.69000244140625,230.5198974609375,232.30999755859375,2009740
2024-08-23 10:30:00,232.33999633789065,232.72999572753903,231.3000030517578,232.58999633789065,1006708
2024-08-23 11:30:00,232.5800018310547,232.69000244140625,231.52749633789065,231.71499633789065,449694
2024-08-23 12:30:00,231.72000122070312,232.1499938964844,231.1699981689453,231.9900054931641,497912
2024-08-23 13:30:00,231.98500061035156,232.22999572753903,231.8500061035156,232.07000732421875,273361
2024-08-23 14:30:00,232.05990600585935,232.2050018310547,231.7599945068359,232.08999633789065,244659
2024-08-23 15:30:00,232.1000061035156,232.11000061035156,231.91000366210935,232.02000427246097,623152
2024-08-23 16:00:00,232.02,232.3388,231.915,232.12,0
2024-08-23 17:00:00,232.12,232.3,232.05,232.15,0
2024-08-23 18:00:00,232.2,232.2,232.1,232.15,0
2024-08-23 19:00:00,232.15,232.2,231.35,231.93,0
2024-08-26 04:00:00,232.69,233.6,232.69,233.32,0
2024-08-26 05:00:00,233.25,233.47,233.17,233.4,0
2024-08-26 06:00:00,233.34,233.5,233.15,233.39,0
2024-08-26 07:00:00,233.23,233.5,233.01,233.01,0
2024-08-26 08:00:00,233.155,233.82,231.86,233.41,0
2024-08-26 09:00:00,233.0,233.82,232.02,233.39,0
2024-08-26 09:30:00,233.4499969482422,233.5,232.05999755859375,232.66000366210935,950318
2024-08-26 10:30:00,232.66000366210935,232.8300018310547,232.1040954589844,232.2100067138672,375017
2024-08-26 11:30:00,232.16000366210935,232.66000366210935,232.1300048828125,232.42820739746097,391731
2024-08-26 12:30:00,232.4398956298828,233.2100067138672,232.41000366210935,232.80999755859375,368213
2024-08-26 13:30:00,232.8300018310547,232.86000061035156,232.55999755859375,232.55999755859375,264952
2024-08-26 14:30:00,232.55999755859375,232.97999572753903,232.44000244140625,232.875,235543
2024-08-26 15:30:00,232.8500061035156,233.0099945068359,232.69000244140625,232.7400054931641,436602
2024-08-26 16:00:00,232.74,232.82,232.69,232.72,0
2024-08-26 17:00:00,233.031,233.49,232.65,232.82,0
2024-08-26 18:00:00,232.81,232.865,232.51,232.775,0
2024-08-26 19:00:00,232.56,233.0,232.54,232.66,0
2024-08-27 04:00:00,232.76,232.76,231.5,232.24,0
2024-08-27 05:00:00,232.24,232.38,231.94,232.13,0
2024-08-27 06:00:00,232.265,232.39,231.75,231.81,0
2024-08-27 07:00:00,231.81,232.37,231.81,232.37,0
2024-08-27 08:00:00,232.01,232.94,231.3012,232.05,0
2024-08-27 09:00:00,232.0,232.76,231.7,231.75,0
2024-08-27 09:30:00,231.69000244140625,232.72999572753903,231.57009887695312,232.5500030517578,636431
2024-08-27 10:30:00,232.58999633789065,233.0,232.31509399414065,232.55999755859375,374670
2024-08-27 11:30:00,232.5500030517578,232.589599609375,231.9600067138672,232.22999572753903,718012
2024-08-27 12:30:00,232.2400054931641,232.75,232.17999267578125,232.6999969482422,347557
2024-08-27 13:30:00,232.6974945068359,233.3800048828125,232.6974945068359,233.3000030517578,601929
2024-08-27 14:30:00,233.28919982910156,233.47000122070312,233.1699981689453,233.2749938964844,832321
2024-08-27 15:30:00,233.2749938964844,233.4600067138672,233.25,233.3800048828125,619400
2024-08-27 16:00:00,233.38,233.46,233.245,233.37,0
2024-08-27 17:00:00,233.43,233.49,233.2,233.305,0
2024-08-27 18:00:00,233.21,233.8,233.21,233.43,0
2024-08-27 19:00:00,233.43,233.8,233.21,233.57,0
2024-08-28 04:00:00,233.32,233.32,231.63,231.79,0
2024-08-28 05:00:00,231.79,232.0,231.7,231.99,0
2024-08-28 06:00:00,231.99,232.17,231.68,231.9,0
2024-08-28 07:00:00,231.7,231.91,231.25,231.4,0
2024-08-28 08:00:00,231.46,232.75,230.72,230.72,0
2024-08-28 09:00:00,230.7,233.39,230.46,231.56,0
2024-08-28 09:30:00,232.0,232.02000427246097,230.97000122070312,231.58999633789065,1335494
2024-08-28 10:30:00,231.6199951171875,231.88999938964844,231.4900054931641,231.73500061035156,432819
2024-08-28 11:30:00,231.7599945068359,232.01170349121097,230.72999572753903,230.97999572753903,577384
2024-08-28 12:30:00,230.97000122070312,231.4199981689453,230.92999267578125,231.3999938964844,610904
2024-08-28 13:30:00,231.3999938964844,231.66000366210935,231.3800048828125,231.4600067138672,729660
2024-08-28 14:30:00,231.47999572753903,231.96499633789065,231.4199981689453,231.89500427246097,558806
2024-08-28 15:30:00,231.89500427246097,231.91000366210935,231.6999969482422,231.75,435245
2024-08-28 16:00:00,231.75,231.83,231.38,231.46,0
2024-08-28 17:00:00,231.45,231.59,231.13,231.47,0
2024-08-28 18:00:00,231.47,231.7,231.39,231.7,0
2024-08-28 19:00:00,231.41,231.77,231.41,231.63,0
2024-08-29 04:00:00,232.09,232.97,232.09,232.44,0
2024-08-29 05:00:00,232.55,232.68,232.45,232.55,0
2024-08-29 06:00:00,232.6,233.38,232.6,233.04,0
2024-08-29 07:00:00,233.09,233.38,232.71,233.1,0
2024-08-29 08:00:00,233.1,233.42,231.75,232.6,0
2024-08-29 09:00:00,232.6,232.72,231.2,232.01,0
2024-08-29 09:30:00,231.9499969482422,232.94000244140625,231.9199981689453,232.5099945068359,991990
2024-08-29 10:30:00,232.39500427246097,233.33999633789065,232.35499572753903,232.73989868164065,595726
2024-08-29 11:30:00,232.7100067138672,233.19000244140625,232.57000732421875,233.1699981689453,524602
2024-08-29 12:30:00,233.1199951171875,233.61000061035156,233.02000427246097,233.4499969482422,557005
2024-08-29 13:30:00,233.4499969482422,233.53500366210935,233.13999938964844,233.2899932861328,802270
2024-08-29 14:30:00,233.27000427246097,233.3999938964844,232.8999938964844,233.09500122070312,818454
2024-08-29 15:30:00,233.0800018310547,233.17599487304688,232.91000366210935,232.9199981689453,638406
2024-08-29 16:00:00,232.93,233.15,232.91,232.97,0
2024-08-29 17:00:00,232.97,233.18,232.73,233.18,0
2024-08-29 18:00:00,233.05,233.18,232.8,233.17,0
2024-08-29 19:00:00,232.9,233.17,232.54,233.08,0
2024-08-30 04:00:00,233.0,233.46,232.8,233.44,0
2024-08-30 05:00:00,233.44,233.53,233.08,233.35,0
2024-08-30 06:00:00,233.35,233.58,232.9,233.01,0
2024-08-30 07:00:00,233.01,233.18,232.49,232.71,0
2024-08-30 08:00:00,232.9,233.74,232.3,233.35,0
2024-08-30 09:00:00,233.35,233.39,232.4,232.5,0
2024-08-30 09:30:00,232.52999877929688,232.86000061035156,231.9499969482422,232.0,857943
2024-08-30 10:30:00,231.9600067138672,232.4199981689453,231.36000061035156,231.52999877929688,806737
2024-08-30 11:30:00,231.57000732421875,231.67030334472656,231.1000061035156,231.25,550972
2024-08-30 12:30:00,231.2599945068359,231.41000366210935,230.5500946044922,230.63999938964844,500906
2024-08-30 13:30:00,230.67999267578125,231.4900054931641,230.58999633789065,231.42999267578125,1078351
2024-08-30 14:30:00,231.42999267578125,231.5399932861328,230.94500732421875,231.25,745707
2024-08-30 15:30:00,231.2550048828125,231.47999572753903,231.10499572753903,231.3000030517578,643433
2024-08-30 16:00:00,231.29,231.52,231.2601,231.445,0
2024-08-30 17:00:00,231.58,231.58,231.37,231.45,0
2024-08-30 18:00:00,231.5,231.5,231.11,231.2,0
2024-08-30 19:00:00,231.19,231.52,231.0,231.35,0
2024-09-03 04:00:00,231.53,231.53,231.01,231.45,0
2024-09-03 05:00:00,231.46,231.77,231.22,231.38,0
2024-09-03 06:00:00,231.37,231.5,230.59,230.73,0
2024-09-03 07:00:00,230.65,231.16,230.38,230.6,0
2024-09-03 08:00:00,230.69,231.56,229.66,230.545,0
2024-09-03 09:00:00,230.5,231.29,230.3267,230.39,0
2024-09-03 09:30:00,230.3800048828125,230.47999572753903,228.52000427246097,228.96499633789065,2793547
2024-09-03 10:30:00,228.97000122070312,229.4600067138672,228.9199981689453,229.3800048828125,624486
2024-09-03 11:30:00,229.38099670410156,230.0749969482422,229.375,229.8000030517578,451978
2024-09-03 12:30:00,229.83900451660156,230.3000030517578,229.5699005126953,230.22000122070312,445185
2024-09-03 13:30:00,230.2400054931641,230.30499267578125,229.8800048828125,230.0399932861328,547631
2024-09-03 14:30:00,230.0426025390625,230.5,229.83399963378903,230.4949951171875,384632
2024-09-03 15:30:00,230.4900054931641,230.5399932861328,230.22999572753903,230.2899932861328,485397
2024-09-03 16:00:00,230.29,230.41,216.4297,230.34,0
2024-09-03 17:00:00,230.36,230.37,229.875,230.37,0
2024-09-03 18:00:00,230.34,231.16,230.32,230.42,0
2024-09-03 19:00:00,230.5055,231.16,230.33,230.33,0
2024-09-04 04:00:00,230.18,230.18,229.19,229.25,0
2024-09-04 05:00:00,229.38,229.4,228.49,228.68,0
2024-09-04 06:00:00,228.67,229.62,228.67,229.62,0
2024-09-04 07:00:00,229.92,230.2,229.76,230.15,0
2024-09-04 08:00:00,229.89,230.7,228.73,229.81,0
2024-09-04 09:00:00,229.76,230.29,229.71,229.92,0
2024-09-04 09:30:00,229.7899932861328,231.0,229.375,230.32000732421875,1890067
2024-09-04 10:30:00,230.3300018310547,231.05999755859375,230.3300018310547,230.61599731445312,864511
2024-09-04 11:30:00,230.5897979736328,230.75,230.3800048828125,230.69000244140625,253561
2024-09-04 12:30:00,230.66000366210935,230.83990478515625,230.52999877929688,230.5800018310547,218871
2024-09-04 13:30:00,230.57000732421875,230.58099365234375,230.32000732421875,230.42689514160156,273139
2024-09-04 14:30:00,230.47000122070312,230.6300048828125,230.360107421875,230.4750061035156,361033
2024-09-04 15:30:00,230.4750061035156,230.4750061035156,230.2599945068359,230.4499969482422,619202
2024-09-04 16:00:00,230.43,230.81,230.38,230.64,0
2024-09-04 17:00:00,230.42,230.82,230.16,230.69,0
2024-09-04 18:00:00,230.43,230.69,230.23,230.6896,0
2024-09-04 19:00:00,230.6896,230.69,230.51,230.52,0
2024-09-05 04:00:00,230.68,232.45,230.68,232.42,0
2024-09-05 05:00:00,232.43,232.5,232.18,232.47,0
2024-09-05 06:00:00,232.47,232.55,232.25,232.47,0
2024-09-05 07:00:00,232.47,232.65,232.19,232.43,0
2024-09-05 08:00:00,232.44,232.89,230.55,232.625,0
2024-09-05 09:00:00,232.8,233.15,230.43,232.34,0
2024-09-05 09:30:00,232.72000122070312,232.88999938964844,231.67999267578125,232.52999877929688,1877381
2024-09-05 10:30:00,232.6199951171875,232.72000122070312,231.3300018310547,231.5498962402344,562511
2024-09-05 11:30:00,231.6999969482422,231.98500061035156,231.5449981689453,231.94000244140625,528184
2024-09-05 12:30:00,231.91110229492188,232.25990295410156,231.77000427246097,232.16000366210935,313408
2024-09-05 13:30:00,232.16000366210935,232.5099945068359,232.07000732421875,232.44500732421875,338123
2024-09-05 14:30:00,232.44000244140625,232.55999755859375,232.3300018310547,232.3500061035156,417651
2024-09-05 15:30:00,232.35499572753903,232.46499633789065,232.22999572753903,232.3699951171875,515748
2024-09-05 16:00:00,232.35,232.54,232.34,232.51,0
2024-09-05 17:00:00,232.51,232.98,232.48,232.6,0
2024-09-05 18:00:00,232.6,232.6,232.21,232.53,0
2024-09-05 19:00:00,232.68,232.7,231.93,232.69,0
2024-09-06 04:00:00,232.66,232.75,232.5,232.69,0
2024-09-06 05:00:00,232.67,232.8,232.59,232.79,0
2024-09-06 06:00:00,232.7,232.96,232.69,232.9,0
2024-09-06 07:00:00,232.91,232.93,232.65,232.76,0
2024-09-06 08:00:00,232.76,233.0,232.07,232.26,0
2024-09-06 09:00:00,232.26,233.78,231.77,232.38,0
2024-09-06 09:30:00,231.8300018310547,232.1300048828125,231.2100067138672,231.5200958251953,1102185
2024-09-06 10:30:00,231.5,232.7599945068359,231.1000061035156,232.4499969482422,1273332
2024-09-06 11:30:00,232.47000122070312,232.47000122070312,230.07000732421875,230.5099945068359,896901
2024-09-06 12:30:00,230.5,230.67999267578125,229.6199951171875,230.5800018310547,1428545
2024-09-06 13:30:00,230.5749969482422,230.7400054931641,230.22999572753903,230.63999938964844,402106
2024-09-06 14:30:00,230.66000366210935,230.67999267578125,230.16000366210935,230.5099945068359,416170
2024-09-06 15:30:00,230.5099945068359,230.72999572753903,230.41000366210935,230.6300048828125,505393
2024-09-06 16:00:00,230.63,230.85,230.54,230.71,0
2024-09-06 17:00:00,230.71,231.0,230.09,230.435,0
2024-09-06 18:00:00,230.87,231.0,230.5,230.99,0
2024-09-06 19:00:00,230.5289,230.99,230.01,230.9,0
2024-09-09 04:00:00,230.99,230.99,230.38,230.39,0
2024-09-09 05:00:00,230.39,230.79,230.06,230.7,0
2024-09-09 06:00:00,230.69,230.9,230.6,230.6,0
2024-09-09 07:00:00,230.6,230.78,230.4,230.75,0
2024-09-09 08:00:00,230.7,231.2,229.88,231.19,0
2024-09-09 09:00:00,231.197,231.49,230.63,231.45,0
2024-09-09 09:30:00,231.2599945068359,231.36000061035156,230.6349945068359,230.9900054931641,901051
2024-09-09 10:30:00,230.9900054931641,230.9900054931641,230.38999938964844,230.5500030517578,414082
2024-09-09 11:30:00,230.55999755859375,231.30999755859375,230.55999755859375,231.19000244140625,442336
2024-09-09 12:30:00,231.17999267578125,231.5099945068359,231.1499938964844,231.30999755859375,315627
2024-09-09 13:30:00,231.31500244140625,231.6199951171875,230.9499969482422,231.1699981689453,310200
2024-09-09 14:30:00,231.16000366210935,231.5099945068359,231.1300048828125,231.3896942138672,380744
2024-09-09 15:30:00,231.38999938964844,231.61000061035156,231.3000946044922,231.6000061035156,445381
2024-09-09 16:00:00,231.6,231.69,231.525,231.58,0
2024-09-09 17:00:00,231.57,231.7,231.57,231.58,0
2024-09-09 18:00:00,231.65,232.0,231.58,231.79,0
2024-09-09 19:00:00,231.79,232.0,230.5,232.0,0
2024-09-10 04:00:00,231.38,231.38,231.16,231.33,0
2024-09-10 05:00:00,231.21,231.34,231.07,231.34,0
2024-09-10 06:00:00,231.21,231.88,231.21,231.88,0
2024-09-10 07:00:00,231.88,231.88,231.41,231.5,0
2024-09-10 08:00:00,231.5,231.89,231.16,231.63,0
2024-09-10 09:00:00,231.69,232.4,231.6,232.14,0
2024-09-10 09:30:00,232.25,232.42950439453125,231.16000366210935,231.16119384765625,774535
2024-09-10 10:30:00,231.1699981689453,232.30999755859375,231.1199951171875,232.22999572753903,472673
2024-09-10 11:30:00,232.22999572753903,232.7400054931641,232.0099945068359,232.2899932861328,760344
2024-09-10 12:30:00,232.2899932861328,232.47999572753903,232.2400054931641,232.32000732421875,815959
2024-09-10 13:30:00,232.32000732421875,232.41000366210935,232.1499938964844,232.3300018310547,277230
2024-09-10 14:30:00,232.3699951171875,232.6199951171875,232.3500061035156,232.4499969482422,296747
2024-09-10 15:30:00,232.44009399414065,232.66000366210935,232.33999633789065,232.6199951171875,754332
2024-09-10 16:00:00,232.62,232.65,232.5,232.58,0
2024-09-10 17:00:00,232.51,232.67,232.44,232.67,0
2024-09-10 18:00:00,232.57,232.66,232.435,232.55,0
2024-09-10 19:00:00,232.66,232.85,232.55,232.705,0
2024-09-11 04:00:00,232.82,233.29,232.82,233.16,0
2024-09-11 05:00:00,233.26,233.51,233.1,233.13,0
2024-09-11 06:00:00,233.09,233.4,232.85,232.94,0
2024-09-11 07:00:00,232.9,233.1,232.86,233.08,0
2024-09-11 08:00:00,233.09,233.65,232.56,232.66,0
2024-09-11 09:00:00,232.64,233.0,231.25,231.75,0
2024-09-11 09:30:00,231.63999938964844,232.0099945068359,231.08999633789065,231.63999938964844,1457439
2024-09-11 10:30:00,231.66990661621097,232.41000366210935,231.3699951171875,232.2400054931641,549757
2024-09-11 11:30:00,232.22970581054688,232.5498962402344,232.11000061035156,232.5,504585
2024-09-11 12:30:00,232.47999572753903,232.8699951171875,232.21499633789065,232.33099365234375,508287
2024-09-11 13:30:00,232.33999633789065,232.5399932861328,232.152099609375,232.17999267578125,429387
2024-09-11 14:30:00,232.16000366210935,232.2550048828125,231.92010498046875,232.11000061035156,387758
2024-09-11 15:30:00,232.11000061035156,232.27000427246097,231.94000244140625,232.22999572753903,491318
2024-09-11 16:00:00,232.25,232.29,232.08,232.1,0
2024-09-11 17:00:00,232.17,232.25,232.05,232.12,0
2024-09-11 18:00:00,232.16,232.35,232.05,232.27,0
2024-09-11 19:00:00,232.16,232.27,231.94,232.12,0
2024-09-12 04:00:00,232.31,232.73,232.31,232.7,0
2024-09-12 05:00:00,232.61,232.71,232.45,232.45,0
2024-09-12 06:00:00,232.63,232.85,232.55,232.6,0
2024-09-12 07:00:00,232.7,232.7,232.22,232.36,0
2024-09-12 08:00:00,232.36,233.17,232.17,233.17,0
2024-09-12 09:00:00,233.0,234.96,232.25,234.54,0
2024-09-12 09:30:00,234.6300048828125,235.74029541015625,234.4199981689453,235.05999755859375,3188258
2024-09-12 10:30:00,235.05999755859375,236.07000732421875,235.02999877929688,235.92999267578125,1655751
2024-09-12 11:30:00,235.9499969482422,236.02999877929688,235.1300048828125,235.19000244140625,880836
2024-09-12 12:30:00,235.2100067138672,236.0399932861328,235.1699981689453,235.7550048828125,621139
2024-09-12 13:30:00,235.77000427246097,236.07000732421875,235.72000122070312,236.03990173339844,642188
2024-09-12 14:30:00,236.02999877929688,236.4199981689453,235.97999572753903,236.0413055419922,828118
2024-09-12 15:30:00,236.0449981689453,236.4499969482422,236.0249938964844,236.32000732421875,1354372
2024-09-12 16:00:00,236.33,236.52,236.22,236.44,0
2024-09-12 17:00:00,236.41,236.8,236.0,236.05,0
2024-09-12 18:00:00,236.05,236.6,236.0,236.2,0
2024-09-12 19:00:00,236.39,236.56,236.0,236.4,0
2024-09-13 04:00:00,236.42,237.55,236.42,237.19,0
2024-09-13 05:00:00,237.12,237.69,237.04,237.66,0
2024-09-13 06:00:00,237.66,237.8,237.03,237.17,0
2024-09-13 07:00:00,237.22,237.34,237.04,237.06,0
2024-09-13 08:00:00,237.06,237.6138,236.87,237.42,0
2024-09-13 09:00:00,237.425,238.18,236.33,238.14,0
2024-09-13 09:30:00,238.1300048828125,238.7100067138672,237.75750732421875,238.1918029785156,2428318
2024-09-13 10:30:00,238.22999572753903,238.4199981689453,237.8000030517578,238.15170288085935,860884
2024-09-13 11:30:00,238.1499938964844,238.88009643554688,238.1499938964844,238.6499938964844,567267
2024-09-13 12:30:00,238.6699981689453,238.97999572753903,238.4199981689453,238.6199951171875,732389
2024-09-13 13:30:00,238.6300048828125,238.77000427246097,238.4900054931641,238.7400054931641,609418
2024-09-13 14:30:00,238.7400054931641,238.77000427246097,238.30999755859375,238.5800018310547,789657
2024-09-13 15:30:00,238.5800018310547,238.7100067138672,238.5099945068359,238.6499938964844,901341
2024-09-13 16:00:00,238.68,238.68,238.25,238.28,0
2024-09-13 17:00:00,238.34,238.7,238.27,238.3,0
2024-09-13 18:00:00,238.56,238.8,238.32,238.79,0
2024-09-13 19:00:00,238.7705,238.85,238.4,238.85,0
2024-09-16 04:00:00,238.95,239.07,238.45,239.07,0
2024-09-16 05:00:00,239.07,239.2,238.94,239.08,0
2024-09-16 06:00:00,239.14,239.16,238.56,238.56,0
2024-09-16 07:00:00,238.6,238.71,238.0,238.49,0
2024-09-16 08:00:00,238.67,239.37,238.22,238.48,0
2024-09-16 09:00:00,238.48,238.909,238.28,238.86,0
2024-09-16 09:30:00,238.72999572753903,239.2779998779297,238.1999969482422,238.30999755859375,1082264
2024-09-16 10:30:00,238.33050537109375,238.597900390625,238.0500030517578,238.47999572753903,718867
2024-09-16 11:30:00,238.4900054931641,238.6199951171875,238.2799072265625,238.6000061035156,371582
2024-09-16 12:30:00,238.6000061035156,238.77999877929688,238.4900054931641,238.52000427246097,988024
2024-09-16 13:30:00,238.52000427246097,238.6499938964844,238.38999938964844,238.5500030517578,540800
2024-09-16 14:30:00,238.55999755859375,238.57000732421875,238.37030029296875,238.53900146484375,177720
2024-09-16 15:30:00,238.52999877929688,238.72000122070312,238.5,238.6300048828125,625283
2024-09-16 16:00:00,238.66,238.7,238.56,238.66,0
2024-09-16 17:00:00,238.655,238.97,238.54,238.62,0
2024-09-16 18:00:00,238.72,238.91,238.41,238.67,0
2024-09-16 19:00:00,238.71,238.888,238.61,238.84,0
2024-09-17 04:00:00,238.72,238.83,238.43,238.43,0
2024-09-17 05:00:00,238.51,238.62,237.87,238.06,0
2024-09-17 06:00:00,238.09,238.09,237.57,237.77,0
2024-09-17 07:00:00,237.64,238.0,237.47,238.0,0
2024-09-17 08:00:00,238.0,239.0,237.68,238.07,0
2024-09-17 09:00:00,238.05,238.66,232.23,238.27,0
2024-09-17 09:30:00,238.0800018310547,238.6000061035156,237.77999877929688,238.25,1134207
2024-09-17 10:30:00,238.27000427246097,238.27000427246097,237.22999572753903,237.2400054931641,689386
2024-09-17 11:30:00,237.25,237.3699951171875,236.72000122070312,237.0099945068359,665337
2024-09-17 12:30:00,236.9691925048828,237.13999938964844,236.61000061035156,237.05999755859375,663086
2024-09-17 13:30:00,237.07000732421875,237.5800018310547,236.88999938964844,237.41000366210935,505637
2024-09-17 14:30:00,237.375,237.63999938964844,237.21499633789065,237.27000427246097,496324
2024-09-17 15:30:00,237.2599945068359,237.42999267578125,237.2050018310547,237.36000061035156,701460
2024-09-17 16:00:00,237.34,237.95,237.3145,237.46,0
2024-09-17 17:00:00,237.44,237.68,237.35,237.57,0
2024-09-17 18:00:00,237.5,237.68,237.45,237.57,0
2024-09-17 19:00:00,237.6,237.95,237.37,237.88,0
2024-09-18 04:00:00,237.88,237.88,237.37,237.39,0
2024-09-18 05:00:00,237.52,237.56,237.33,237.48,0
2024-09-18 06:00:00,237.4,237.92,237.4,237.92,0
2024-09-18 07:00:00,237.9,238.27,237.9,238.19,0
2024-09-18 08:00:00,238.19,238.51,237.04,238.015,0
2024-09-18 09:00:00,238.02,238.25,237.77,238.18,0
2024-09-18 09:30:00,238.19000244140625,238.2599945068359,237.2899932861328,237.3800048828125,848051
2024-09-18 10:30:00,237.4499969482422,237.8699951171875,237.33981323242188,237.7100067138672,531673
2024-09-18 11:30:00,237.7050018310547,237.7899932861328,237.32000732421875,237.64990234375,344464
2024-09-18 12:30:00,237.6300048828125,237.95599365234375,237.5290985107422,237.6349945068359,441326
2024-09-18 13:30:00,237.64500427246097,240.0800018310547,237.2001037597656,239.8000030517578,2531304
2024-09-18 14:30:00,239.7899932861328,240.2895965576172,235.94000244140625,237.0500030517578,4057665
2024-09-18 15:30:00,237.08999633789065,237.12989807128903,235.3000030517578,235.52999877929688,1955440
2024-09-18 16:00:00,235.51,237.02,235.51,236.45,0
2024-09-18 17:00:00,236.46,237.09,236.46,236.7905,0
2024-09-18 18:00:00,236.61,237.09,236.1305,236.44,0
2024-09-18 19:00:00,236.44,236.84,236.12,236.44,0
2024-09-19 04:00:00,237.9,239.02,237.04,238.58,0
2024-09-19 05:00:00,238.48,239.44,238.48,239.44,0
2024-09-19 06:00:00,239.32,239.88,239.0,239.08,0
2024-09-19 07:00:00,239.07,239.2,238.72,238.79,0
2024-09-19 08:00:00,238.88,239.6959,236.55,239.2,0
2024-09-19 09:00:00,239.08,239.08,235.51,238.32,0
2024-09-19 09:30:00,238.2400054931641,238.4499969482422,237.38999938964844,238.3500061035156,1735063
2024-09-19 10:30:00,238.3500061035156,238.8000030517578,238.3500061035156,238.77999877929688,658473
2024-09-19 11:30:00,238.7899932861328,239.3849945068359,238.63999938964844,239.16009521484375,773860
2024-09-19 12:30:00,239.22000122070312,239.51499938964844,239.08999633789065,239.16000366210935,497452
2024-09-19 13:30:00,239.16000366210935,239.36000061035156,238.96499633789065,239.1199951171875,769038
2024-09-19 14:30:00,239.1199951171875,239.27999877929688,238.94000244140625,239.0399932861328,601311
2024-09-19 15:30:00,239.02999877929688,239.22999572753903,238.91000366210935,239.1349945068359,594221
2024-09-19 16:00:00,239.17,239.26,238.87,238.92,0
2024-09-19 17:00:00,238.98,239.36,238.96,239.05,0
2024-09-19 18:00:00,239.1,239.26,238.92,239.17,0
2024-09-19 19:00:00,238.92,239.17,238.92,239.08,0
2024-09-20 04:00:00,239.32,241.27,239.32,240.83,0
2024-09-20 05:00:00,240.89,241.93,240.56,240.94,0
2024-09-20 06:00:00,241.1,241.11,240.49,240.99,0
2024-09-20 07:00:00,240.97,241.66,240.97,241.23,0
2024-09-20 08:00:00,241.24,242.0,239.17,241.88,0
2024-09-20 09:00:00,241.84,242.0,239.17,241.32,0
2024-09-20 09:30:00,241.11000061035156,241.52000427246097,240.47000122070312,241.5099945068359,1825697
2024-09-20 10:30:00,241.5,241.9900054931641,241.3000030517578,241.3500061035156,1506676
2024-09-20 11:30:00,241.3500061035156,242.5800018310547,241.32000732421875,242.41000366210935,1278031
2024-09-20 12:30:00,242.3999938964844,242.61000061035156,242.0399932861328,242.1499938964844,704623
2024-09-20 13:30:00,242.16000366210935,242.2599945068359,241.8800048828125,242.0500030517578,487166
2024-09-20 14:30:00,242.05999755859375,242.41000366210935,241.97999572753903,242.41000366210935,572851
2024-09-20 15:30:00,242.41000366210935,242.42999267578125,242.19000244140625,242.2100067138672,999886
2024-09-20 16:00:00,242.21,242.45,242.02,242.37,0
2024-09-20 17:00:00,242.36,242.56,242.33,242.49,0
2024-09-20 18:00:00,242.49,242.49,242.1,242.1,0
2024-09-20 19:00:00,242.3,242.45,242.15,242.35,0
2024-09-23 04:00:00,242.83,251.13,241.17,241.76,0
2024-09-23 05:00:00,241.87,242.04,241.67,242.0,0
2024-09-23 06:00:00,241.93,242.36,241.88,242.3,0
2024-09-23 07:00:00,242.24,242.42,242.21,242.32,0
2024-09-23 08:00:00,242.4,244.6988,241.17,242.22,0
2024-09-23 09:00:00,242.24,242.96,242.24,242.95,0
2024-09-23 09:30:00,242.97000122070312,243.4600067138672,242.63999938964844,243.44400024414065,1679327
2024-09-23 10:30:00,243.44000244140625,243.4600067138672,242.61000061035156,243.1199951171875,781845
2024-09-23 11:30:00,243.11000061035156,243.13999938964844,242.7100067138672,242.88999938964844,418555
2024-09-23 12:30:00,242.8800048828125,242.91000366210935,242.7050018310547,242.7550048828125,726945
2024-09-23 13:30:00,242.77000427246097,242.91000366210935,242.6300048828125,242.83999633789065,490099
2024-09-23 14:30:00,242.83999633789065,242.86000061035156,242.68499755859375,242.7400054931641,609747
2024-09-23 15:30:00,242.72999572753903,242.7682952880859,242.5850067138672,242.66000366210935,488411
2024-09-23 16:00:00,242.68,242.96,242.64,242.89,0
2024-09-23 17:00:00,242.88,243.16,242.68,242.968,0
2024-09-23 18:00:00,242.95,243.03,242.67,242.82,0
2024-09-23 19:00:00,242.76,242.89,242.56,242.72,0
2024-09-24 04:00:00,243.78,243.78,242.65,242.79,0
2024-09-24 05:00:00,242.8,243.0,242.68,242.83,0
2024-09-24 06:00:00,242.85,243.33,242.84,243.33,0
2024-09-24 07:00:00,243.38,243.52,242.92,243.02,0
2024-09-24 08:00:00,243.15,243.9,242.387,242.78,0
2024-09-24 09:00:00,242.88,243.61,242.68,243.22,0
2024-09-24 09:30:00,243.38999938964844,243.8999938964844,243.1499938964844,243.8300018310547,1238326
2024-09-24 10:30:00,243.8300018310547,244.72999572753903,243.6300048828125,244.4900054931641,1239545
2024-09-24 11:30:00,244.5,244.9199981689453,243.9199981689453,244.60400390625,1450319
2024-09-24 12:30:00,244.6342010498047,245.33999633789065,244.5500030517578,244.9900054931641,1795805
2024-09-24 13:30:00,244.97000122070312,245.52000427246097,244.84500122070312,245.4199981689453,569583
2024-09-24 14:30:00,245.4290008544922,245.91000366210935,245.3999938964844,245.8300018310547,574189
2024-09-24 15:30:00,245.82000732421875,246.19000244140625,245.6499938964844,246.0399932861328,1024470
2024-09-24 16:00:00,246.05,246.13,245.49,245.54,0
2024-09-24 17:00:00,245.54,246.07,245.5,245.64,0
2024-09-24 18:00:00,245.67,245.8,245.57,245.7899,0
2024-09-24 19:00:00,245.79,245.82,245.46,245.58,0
2024-09-25 04:00:00,245.6,245.78,245.32,245.4,0
2024-09-25 05:00:00,245.41,245.67,245.13,245.42,0
2024-09-25 06:00:00,245.35,245.62,245.18,245.56,0
2024-09-25 07:00:00,245.52,245.59,245.22,245.43,0
2024-09-25 08:00:00,245.43,246.0788,245.0,245.74,0
2024-09-25 09:00:00,245.8,246.25,245.5379,246.06,0
2024-09-25 09:30:00,246.19000244140625,246.4499969482422,245.77999877929688,246.3300018310547,2038473
2024-09-25 10:30:00,246.3500061035156,246.47000122070312,245.42999267578125,245.5,1213039
2024-09-25 11:30:00,245.51010131835935,245.74920654296875,245.05999755859375,245.27999877929688,1091098
2024-09-25 12:30:00,245.26499938964844,245.82000732421875,244.7899932861328,245.80999755859375,959942
2024-09-25 13:30:00,245.7899932861328,246.02999877929688,245.7100067138672,245.89500427246097,539896
2024-09-25 14:30:00,245.9149932861328,245.94000244140625,245.6999969482422,245.8350067138672,727121
2024-09-25 15:30:00,245.8300018310547,245.8300018310547,245.72999572753903,245.72999572753903,440027
2024-09-25 16:00:00,245.73,245.8,245.44,245.49,0
2024-09-25 17:00:00,245.53,245.8,245.44,245.71,0
2024-09-25 18:00:00,245.73,245.8,245.42,245.75,0
2024-09-25 19:00:00,245.56,245.75,245.4,245.4,0
2024-09-26 04:00:00,245.92,246.53,245.92,246.53,0
2024-09-26 05:00:00,246.48,246.64,246.4,246.56,0
2024-09-26 06:00:00,246.6,246.92,246.31,246.66,0
2024-09-26 07:00:00,246.64,247.52,246.64,247.36,0
2024-09-26 08:00:00,247.4,248.07,245.51,247.36,0
2024-09-26 09:00:00,247.24,247.56,245.73,246.069,0
2024-09-26 09:30:00,246.44000244140625,246.5800018310547,245.19000244140625,246.1000061035156,2675006
2024-09-26 10:30:00,246.1499938964844,246.63999938964844,245.94000244140625,246.58999633789065,849311
2024-09-26 11:30:00,246.61000061035156,246.88999938964844,245.98500061035156,246.3800048828125,807005
2024-09-26 12:30:00,246.3999938964844,246.82000732421875,246.3300018310547,246.7749938964844,383267
2024-09-26 13:30:00,246.75,247.1499938964844,246.6000061035156,247.05999755859375,609426
2024-09-26 14:30:00,247.0500030517578,247.3699951171875,246.94000244140625,247.0749969482422,600450
2024-09-26 15:30:00,247.04820251464844,247.1000061035156,246.8500061035156,246.97000122070312,651514
2024-09-26 16:00:00,247.0,247.0,246.74,246.905,0
2024-09-26 17:00:00,246.86,247.0,246.815,246.9,0
2024-09-26 18:00:00,246.88,247.0,246.65,246.8,0
2024-09-26 19:00:00,246.939,247.0,246.79,246.85,0
2024-09-27 04:00:00,246.76,246.85,246.01,246.07,0
2024-09-27 05:00:00,246.11,246.15,245.68,245.8,0
2024-09-27 06:00:00,245.78,246.29,245.72,246.16,0
2024-09-27 07:00:00,246.25,246.52,246.04,246.45,0
2024-09-27 08:00:00,246.45,246.91,245.77,246.28,0
2024-09-27 09:00:00,246.695,247.065,245.64,246.6215,0
2024-09-27 09:30:00,246.30999755859375,246.75,245.5500030517578,245.86000061035156,1456152
2024-09-27 10:30:00,245.89500427246097,246.0500030517578,244.3300018310547,245.1999969482422,1921873
2024-09-27 11:30:00,245.17999267578125,245.25,244.38999938964844,245.11000061035156,1032586
2024-09-27 12:30:00,245.1199951171875,245.3999938964844,244.3699951171875,244.4900054931641,884103
2024-09-27 13:30:00,244.4900054931641,244.6000061035156,244.19000244140625,244.3699951171875,998610
2024-09-27 14:30:00,244.3800048828125,244.8300018310547,244.2100067138672,244.8249969482422,698057
2024-09-27 15:30:00,244.8000030517578,245.08999633789065,244.77999877929688,245.02000427246097,675428
2024-09-27 16:00:00,245.02,245.9393,244.93,245.56,0
2024-09-27 17:00:00,245.69,245.69,245.01,245.345,0
2024-09-27 18:00:00,245.345,245.59,245.07,245.255,0
2024-09-27 19:00:00,245.45,245.45,245.06,245.45,0
2024-09-30 04:00:00,245.0,246.39,244.92,245.31,0
2024-09-30 05:00:00,245.36,245.52,244.78,245.01,0
2024-09-30 06:00:00,245.01,245.02,244.39,244.39,0
2024-09-30 07:00:00,244.39,244.39,243.41,243.73,0
2024-09-30 08:00:00,243.85,245.74,243.35,243.7,0
2024-09-30 09:00:00,243.7,245.02,243.4121,243.8164,0
2024-09-30 09:30:00,243.9199981689453,243.97000122070312,242.86000061035156,243.1699981689453,2147072
2024-09-30 10:30:00,243.1699981689453,243.56500244140625,243.02999877929688,243.2899932861328,683467
2024-09-30 11:30:00,243.32000732421875,243.72000122070312,243.2400054931641,243.6479949951172,732511
2024-09-30 12:30:00,243.625,244.0800018310547,243.5699005126953,243.7100067138672,578346
2024-09-30 13:30:00,243.72000122070312,243.9199981689453,242.5,242.7100067138672,978219
2024-09-30 14:30:00,242.6999969482422,243.27000427246097,242.6699981689453,242.7400054931641,460139
2024-09-30 15:30:00,242.72999572753903,243.14500427246097,242.66000366210935,243.08999633789065,693123
2024-09-30 16:00:00,243.06,243.54,243.06,243.52,0
2024-09-30 17:00:00,243.46,243.94,243.06,243.94,0
2024-09-30 18:00:00,243.45,243.8,243.0,243.4956,0
2024-09-30 19:00:00,243.57,243.57,243.22,243.49,0
2024-10-01 04:00:00,244.25,244.72,243.91,244.4,0
2024-10-01 05:00:00,244.52,244.76,244.3,244.76,0
2024-10-01 06:00:00,244.55,244.87,244.51,244.77,0
2024-10-01 07:00:00,244.85,244.97,244.62,244.65,0
2024-10-01 08:00:00,244.67,245.5,243.61,245.35,0
2024-10-01 09:00:00,245.35,245.39,243.06,244.785,0
2024-10-01 09:30:00,245.1999969482422,246.83999633789065,245.05999755859375,246.2599945068359,2695875
2024-10-01 10:30:00,246.2949981689453,246.34959411621097,245.17999267578125,246.2400054931641,1521430
2024-10-01 11:30:00,246.22000122070312,246.47999572753903,245.6999969482422,246.2449951171875,667694
2024-10-01 12:30:00,246.22000122070312,246.97999572753903,246.11000061035156,246.5500030517578,1966791
2024-10-01 13:30:00,246.5500030517578,246.6000061035156,245.5399932861328,245.94000244140625,1207885
2024-10-01 14:30:00,245.9499969482422,246.25,245.80999755859375,246.1199951171875,591121
2024-10-01 15:30:00,246.10499572753903,246.10499572753903,245.58999633789065,245.6199951171875,1107062
2024-10-01 16:00:00,245.61,246.25,245.57,246.06,0
2024-10-01 17:00:00,246.0608,246.25,245.75,246.025,0
2024-10-01 18:00:00,246.0,246.25,245.8,245.955,0
2024-10-01 19:00:00,245.955,246.0,245.76,245.805,0
2024-10-02 04:00:00,245.86,245.86,244.74,245.06,0
2024-10-02 05:00:00,245.07,245.28,244.84,245.28,0
2024-10-02 06:00:00,245.28,245.28,244.97,245.16,0
2024-10-02 07:00:00,245.16,245.18,244.61,244.92,0
2024-10-02 08:00:00,244.94,245.7888,244.27,244.5,0
2024-10-02 09:00:00,244.41,245.61,244.395,244.96,0
2024-10-02 09:30:00,245.61000061035156,246.07000732421875,245.1499938964844,245.2460021972656,1066813
2024-10-02 10:30:00,245.27000427246097,245.44200134277344,243.9900054931641,244.5800018310547,1162452
2024-10-02 11:30:00,244.57000732421875,245.0399932861328,244.5099945068359,244.77000427246097,725536
2024-10-02 12:30:00,244.73500061035156,244.97999572753903,244.55999755859375,244.69000244140625,587585
2024-10-02 13:30:00,244.6699981689453,245.1300048828125,244.6699981689453,245.09500122070312,307726
2024-10-02 14:30:00,245.09249877929688,245.58999633789065,245.0572052001953,245.5800018310547,1195601
2024-10-02 15:30:00,245.5749969482422,245.67999267578125,245.44500732421875,245.63999938964844,1540005
2024-10-02 16:00:00,245.66,245.7599,245.508,245.66,0
2024-10-02 17:00:00,245.65,245.7956,245.5,245.7,0
2024-10-02 18:00:00,245.64,245.9,245.52,245.62,0
2024-10-02 19:00:00,245.7,245.8838,245.5,245.665,0
2024-10-03 04:00:00,246.0,246.0,244.06,244.19,0
2024-10-03 05:00:00,244.02,244.43,243.92,244.27,0
2024-10-03 06:00:00,244.2,244.59,244.2,244.44,0
2024-10-03 07:00:00,244.44,244.6,244.2,244.2,0
2024-10-03 08:00:00,244.32,245.44,244.0267,244.7,0
2024-10-03 09:00:00,244.87,245.66,244.0017,244.34,0
2024-10-03 09:30:00,244.72000122070312,245.2100067138672,243.69000244140625,244.67990112304688,1737904
2024-10-03 10:30:00,244.69000244140625,245.08999633789065,244.4199981689453,244.8999938964844,786160
2024-10-03 11:30:00,244.91000366210935,245.17999267578125,244.6000061035156,245.060302734375,441974
2024-10-03 12:30:00,245.0612030029297,245.91000366210935,245.0041961669922,245.6000061035156,900823
2024-10-03 13:30:00,245.61000061035156,245.7400054931641,245.2628936767578,245.58999633789065,390404
2024-10-03 14:30:00,245.6000061035156,245.67999267578125,245.44000244140625,245.61000061035156,406826
2024-10-03 15:30:00,245.60009765625,245.6199951171875,245.4499969482422,245.52000427246097,651849
2024-10-03 16:00:00,245.49,251.445,245.28,245.38,0
2024-10-03 17:00:00,245.36,245.47,245.25,245.36,0
2024-10-03 18:00:00,245.36,245.7,245.0,245.225,0
2024-10-03 19:00:00,245.4,245.51,245.16,245.28,0
2024-10-04 04:00:00,245.7,245.88,245.67,245.82,0
2024-10-04 05:00:00,245.81,245.86,245.5,245.62,0
2024-10-04 06:00:00,245.5,245.75,245.49,245.64,0
2024-10-04 07:00:00,245.75,245.78,245.46,245.65,0
2024-10-04 08:00:00,245.76,246.56,245.37,245.5,0
2024-10-04 09:00:00,245.38,245.5374,243.13,244.78,0
2024-10-04 09:30:00,245.0,245.3000030517578,244.4900054931641,244.86000061035156,1425519
2024-10-04 10:30:00,244.82000732421875,246.69000244140625,244.69000244140625,245.5800018310547,977113
2024-10-04 11:30:00,245.5399932861328,245.5800018310547,244.61000061035156,244.67999267578125,762851
2024-10-04 12:30:00,244.6999969482422,244.75819396972656,244.0449981689453,244.6300048828125,591318
2024-10-04 13:30:00,244.6495056152344,244.91000366210935,244.2899932861328,244.5,817386
2024-10-04 14:30:00,244.5,244.67999267578125,244.1699981689453,244.625,562957
2024-10-04 15:30:00,244.6199951171875,245.0399932861328,244.61000061035156,244.9900054931641,496571
2024-10-04 16:00:00,245.0,245.17,244.7389,245.15,0
2024-10-04 17:00:00,245.11,245.2,244.55,245.16,0
2024-10-04 18:00:00,245.1,245.2,245.1,245.15,0
2024-10-04 19:00:00,245.101,245.15,244.59,245.04,0
2024-10-07 04:00:00,244.43,245.37,243.0,245.04,0
2024-10-07 05:00:00,245.16,245.27,244.57,244.98,0
2024-10-07 06:00:00,244.97,245.64,244.94,245.64,0
2024-10-07 07:00:00,245.6,245.64,245.25,245.6,0
2024-10-07 08:00:00,245.5,245.7,243.0,244.755,0
2024-10-07 09:00:00,244.7,245.0,243.616,244.501,0
2024-10-07 09:30:00,244.5800018310547,244.7100067138672,243.94000244140625,244.1699981689453,1063443
2024-10-07 10:30:00,244.1613006591797,244.6000061035156,243.80999755859375,244.4125061035156,696928
2024-10-07 11:30:00,244.46060180664065,244.82000732421875,244.1499938964844,244.2100067138672,354507
2024-10-07 12:30:00,244.22332763671875,244.5399932861328,244.19000244140625,244.47999572753903,262581
2024-10-07 13:30:00,244.4900054931641,244.72000122070312,244.3697967529297,244.3699951171875,238232
2024-10-07 14:30:00,244.3650054931641,244.53900146484375,243.86000061035156,244.25,351935
2024-10-07 15:30:00,244.2449951171875,244.3300018310547,244.13009643554688,244.19000244140625,555907
2024-10-07 16:00:00,244.17,244.3593,244.05,244.16,0
2024-10-07 17:00:00,244.16,244.6,244.16,244.395,0
2024-10-07 18:00:00,244.21,244.7,244.0,244.22,0
2024-10-07 19:00:00,244.205,244.72,244.07,244.31,0
2024-10-08 04:00:00,244.11,244.11,242.85,243.5,0
2024-10-08 05:00:00,243.5,243.92,243.46,243.66,0
2024-10-08 06:00:00,243.76,244.08,243.76,243.99,0
2024-10-08 07:00:00,244.0,244.8,244.0,244.68,0
2024-10-08 08:00:00,244.8,245.13,243.0,244.67,0
2024-10-08 09:00:00,244.56,244.74,243.9,244.14,0
2024-10-08 09:30:00,243.7899932861328,244.0399932861328,242.6000061035156,242.74749755859375,1244884
2024-10-08 10:30:00,242.6999969482422,242.8000030517578,241.0500030517578,241.0500030517578,1812397
2024-10-08 11:30:00,241.04049682617188,241.69000244140625,240.6300048828125,241.44000244140625,1155449
2024-10-08 12:30:00,241.4600067138672,241.8500061035156,240.6999969482422,241.72999572753903,871566
2024-10-08 13:30:00,241.7100067138672,241.7899932861328,241.47999572753903,241.6699981689453,623961
2024-10-08 14:30:00,241.6499938964844,241.8500061035156,241.5500030517578,241.6300048828125,547023
2024-10-08 15:30:00,241.6300048828125,242.41000366210935,241.6300048828125,242.33999633789065,808465
2024-10-08 16:00:00,242.32,242.37,241.947,242.2,0
2024-10-08 17:00:00,242.25,242.37,242.115,242.115,0
2024-10-08 18:00:00,242.2,242.34,226.9217,242.01,0
2024-10-08 19:00:00,242.42,244.69,242.2116,242.25,0
2024-10-09 04:00:00,242.0,242.0,241.2,241.56,0
2024-10-09 05:00:00,241.68,241.81,241.48,241.81,0
2024-10-09 06:00:00,241.72,241.92,241.56,241.71,0
2024-10-09 07:00:00,241.8,242.28,241.66,242.11,0
2024-10-09 08:00:00,242.07,242.6,240.93,241.85,0
2024-10-09 09:00:00,241.8,242.37,241.6,241.63,0
2024-10-09 09:30:00,241.16000366210935,241.41000366210935,240.83999633789065,240.8999938964844,1019009
2024-10-09 10:30:00,240.9199981689453,241.83999633789065,240.63999938964844,241.3699951171875,649027
2024-10-09 11:30:00,241.3800048828125,241.66000366210935,241.19000244140625,241.2050018310547,526468
2024-10-09 12:30:00,241.17999267578125,241.19000244140625,240.77999877929688,240.8699951171875,416888
2024-10-09 13:30:00,240.8849945068359,241.1999969482422,240.6499938964844,240.9199981689453,443255
2024-10-09 14:30:00,240.91189575195312,241.0500030517578,240.7599945068359,240.9199981689453,358394
2024-10-09 15:30:00,240.9149932861328,241.1300048828125,240.88999938964844,241.0399932861328,404770
2024-10-09 16:00:00,241.05,241.09,240.81,240.91,0
2024-10-09 17:00:00,240.97,241.09,225.7335,241.05,0
2024-10-09 18:00:00,240.97,241.05,240.66,240.94,0
2024-10-09 19:00:00,240.94,241.15,240.72,240.94,0
2024-10-10 04:00:00,240.84,241.705,240.79,241.53,0
2024-10-10 05:00:00,241.67,241.7,241.47,241.62,0
2024-10-10 06:00:00,241.62,241.81,241.56,241.705,0
2024-10-10 07:00:00,241.69,241.82,241.37,241.37,0
2024-10-10 08:00:00,241.53,241.8578,241.03,241.52,0
2024-10-10 09:00:00,241.32,242.6504,240.39,241.95,0
2024-10-10 09:30:00,241.77000427246097,242.8699951171875,241.51010131835935,242.36000061035156,1632916
2024-10-10 10:30:00,242.3500061035156,242.52999877929688,242.07000732421875,242.36000061035156,657308
2024-10-10 11:30:00,242.3500061035156,242.80999755859375,241.8500061035156,242.6300048828125,342166
2024-10-10 12:30:00,242.6300048828125,242.73919677734375,241.62010192871097,242.1699981689453,460913
2024-10-10 13:30:00,242.1699981689453,242.5399932861328,242.1699981689453,242.44630432128903,332778
2024-10-10 14:30:00,242.4499969482422,243.0099945068359,242.42999267578125,242.94500732421875,530831
2024-10-10 15:30:00,242.9499969482422,243.02000427246097,242.72999572753903,242.80999755859375,594578
2024-10-10 16:00:00,242.82,243.0,242.78,242.8,0
2024-10-10 17:00:00,242.8,243.0,242.8,242.99,0
2024-10-10 18:00:00,242.94,242.972,242.41,242.7882,0
2024-10-10 19:00:00,242.79,243.45,242.72,243.3485,0
2024-10-11 04:00:00,243.36,244.49,243.36,244.08,0
2024-10-11 05:00:00,244.08,244.08,243.6,243.71,0
2024-10-11 06:00:00,243.69,243.84,243.65,243.69,0
2024-10-11 07:00:00,243.84,244.09,243.84,243.87,0
2024-10-11 08:00:00,243.84,244.67,242.82,244.42,0
2024-10-11 09:00:00,244.48,244.85,242.82,244.61,0
2024-10-11 09:30:00,244.5,245.1499938964844,244.47000122070312,245.1199951171875,1361870
2024-10-11 10:30:00,245.0800018310547,245.6999969482422,244.9499053955078,245.63999938964844,902098
2024-10-11 11:30:00,245.6499938964844,245.9199981689453,245.4600067138672,245.86000061035156,757214
2024-10-11 12:30:00,245.8699951171875,245.8800048828125,245.4900054931641,245.6898956298828,392061
2024-10-11 13:30:00,245.6649932861328,245.8000030517578,245.4250030517578,245.5099945068359,367847
2024-10-11 14:30:00,245.50750732421875,245.67999267578125,245.41000366210935,245.52999877929688,674934
2024-10-11 15:30:00,245.52999877929688,245.52999877929688,245.34500122070312,245.41000366210935,827643
2024-10-11 16:00:00,245.47,245.535,245.28,245.47,0
2024-10-11 17:00:00,245.514,245.56,244.69,245.47,0
2024-10-11 18:00:00,245.47,245.47,245.0,245.14,0
2024-10-11 19:00:00,245.4,245.43,245.16,245.43,0
2024-10-14 04:00:00,246.47,246.47,245.28,245.85,0
2024-10-14 05:00:00,245.85,245.98,245.6,245.69,0
2024-10-14 06:00:00,245.85,245.85,245.44,245.47,0
2024-10-14 07:00:00,245.64,245.68,245.16,245.3,0
2024-10-14 08:00:00,245.29,246.26,244.8118,245.11,0
2024-10-14 09:00:00,245.14,245.47,244.67,244.74,0
2024-10-14 09:30:00,245.16000366210935,245.86000061035156,244.47000122070312,244.77999877929688,1127706
2024-10-14 10:30:00,244.77000427246097,244.91000366210935,244.3249969482422,244.44000244140625,939967
2024-10-14 11:30:00,244.4250030517578,244.72000122070312,244.2599945068359,244.50509643554688,304206
2024-10-14 12:30:00,244.52000427246097,244.7749938964844,244.5,244.67999267578125,366396
2024-10-14 13:30:00,244.6499938964844,244.8300018310547,244.55999755859375,244.82000732421875,178239
2024-10-14 14:30:00,244.82000732421875,244.9564971923828,244.5399932861328,244.84080505371097,329162
2024-10-14 15:30:00,244.83999633789065,245.07000732421875,244.7899932861328,245.0449981689453,485741
2024-10-14 16:00:00,245.07,245.125,244.41,244.7,0
2024-10-14 17:00:00,244.74,244.79,244.6275,244.629,0
2024-10-14 18:00:00,244.67,245.0,244.56,244.79,0
2024-10-14 19:00:00,244.7,245.0,244.59,244.72,0
2024-10-15 04:00:00,244.68,245.3,244.68,245.18,0
2024-10-15 05:00:00,245.19,245.3,244.94,245.14,0
2024-10-15 06:00:00,245.04,245.4,245.04,245.35,0
2024-10-15 07:00:00,245.4,245.42,244.89,244.89,0
2024-10-15 08:00:00,245.04,245.4788,243.78,245.4,0
2024-10-15 09:00:00,245.39,245.5,244.46,244.7,0
2024-10-15 09:30:00,244.9900054931641,245.90499877929688,244.52999877929688,245.6699981689453,1092391
2024-10-15 10:30:00,245.63999938964844,246.15499877929688,245.4600067138672,246.0200958251953,1027698
2024-10-15 11:30:00,246.0596923828125,246.5500030517578,245.8558349609375,246.2599945068359,610279
2024-10-15 12:30:00,246.27999877929688,246.4149932861328,245.63999938964844,245.92999267578125,412494
2024-10-15 13:30:00,245.93499755859375,246.22999572753903,245.88999938964844,246.2100067138672,582492
2024-10-15 14:30:00,246.2100067138672,246.33250427246097,245.9801025390625,246.3000030517578,508095
2024-10-15 15:30:00,246.3000030517578,246.3000030517578,245.69000244140625,245.8800048828125,742693
2024-10-15 16:00:00,245.92,246.0,245.78,245.94,0
2024-10-15 17:00:00,245.94,245.98,245.7,245.92,0
2024-10-15 18:00:00,245.95,245.98,245.75,245.89,0
2024-10-15 19:00:00,245.96,246.05,245.7593,245.85,0
2024-10-16 04:00:00,246.0,247.31,246.0,247.29,0
2024-10-16 05:00:00,247.3,247.74,247.26,247.45,0
2024-10-16 06:00:00,247.49,247.8,247.2,247.31,0
2024-10-16 07:00:00,247.18,247.39,246.9,247.39,0
2024-10-16 08:00:00,247.38,247.8,245.92,247.55,0
2024-10-16 09:00:00,247.68,247.98,245.12,247.75,0
2024-10-16 09:30:00,247.6199951171875,248.08999633789065,246.88999938964844,247.4199981689453,1388864
2024-10-16 10:30:00,247.4199981689453,247.5500030517578,246.43389892578125,247.1199951171875,965280
2024-10-16 11:30:00,247.0800018310547,247.1199951171875,246.36000061035156,246.4750061035156,494696
2024-10-16 12:30:00,246.47000122070312,247.1699981689453,246.4199981689453,247.11000061035156,687499
2024-10-16 13:30:00,247.11000061035156,247.27999877929688,247.02999877929688,247.1349945068359,359938
2024-10-16 14:30:00,247.1300048828125,247.1999969482422,246.91000366210935,247.0749969482422,493105
2024-10-16 15:30:00,247.0800018310547,247.13999938964844,246.94000244140625,247.11000061035156,681999
2024-10-16 16:00:00,247.15,247.15,246.97,247.025,0
2024-10-16 17:00:00,247.07,247.62,232.3001,247.434,0
2024-10-16 18:00:00,247.2,247.62,246.9,246.91,0
2024-10-16 19:00:00,247.085,247.4,246.91,246.96,0
2024-10-17 04:00:00,247.2,247.79,247.2,247.7,0
2024-10-17 05:00:00,247.78,247.88,247.22,247.23,0
2024-10-17 06:00:00,247.31,248.2,247.31,248.2,0
2024-10-17 07:00:00,248.17,248.31,248.01,248.16,0
2024-10-17 08:00:00,248.19,248.3293,247.22,247.545,0
2024-10-17 09:00:00,247.44,247.8,246.88,247.73,0
2024-10-17 09:30:00,247.75,248.58999633789065,247.6199951171875,248.4149932861328,1514321
2024-10-17 10:30:00,248.3699951171875,249.05999755859375,248.22120666503903,248.73500061035156,958570
2024-10-17 11:30:00,248.7400054931641,248.9900054931641,248.19000244140625,248.1999969482422,489453
2024-10-17 12:30:00,248.1300048828125,248.7899932861328,247.889892578125,248.66000366210935,627348
2024-10-17 13:30:00,248.66000366210935,248.82000732421875,248.4149932861328,248.57000732421875,471838
2024-10-17 14:30:00,248.57000732421875,248.69000244140625,248.33999633789065,248.67999267578125,323709
2024-10-17 15:30:00,248.67010498046875,248.67999267578125,248.55999755859375,248.6199951171875,507021
2024-10-17 16:00:00,248.63,248.72,248.53,248.7,0
2024-10-17 17:00:00,248.73,248.75,248.635,248.635,0
2024-10-17 18:00:00,248.73,248.75,248.59,248.73,0
2024-10-17 19:00:00,248.675,248.97,248.63,248.87,0
2024-10-18 04:00:00,249.0,249.86,249.0,249.7,0
2024-10-18 05:00:00,249.7,250.5,249.56,250.46,0
2024-10-18 06:00:00,250.51,250.61,250.4,250.55,0
2024-10-18 07:00:00,250.54,250.65,250.18,250.22,0
2024-10-18 08:00:00,250.25,250.77,248.63,250.74,0
2024-10-18 09:00:00,250.75,250.99,248.63,249.94,0
2024-10-18 09:30:00,250.0,251.16000366210935,249.8999938964844,250.9900054931641,1917544
2024-10-18 10:30:00,250.9709930419922,251.27000427246097,250.72000122070312,251.02999877929688,1134914
2024-10-18 11:30:00,251.02999877929688,251.1499938964844,250.67999267578125,251.0099945068359,1195491
2024-10-18 12:30:00,251.0399932861328,251.26499938964844,250.67999267578125,250.80999755859375,589088
2024-10-18 13:30:00,250.8000030517578,251.1349945068359,250.72999572753903,251.0500030517578,490604
2024-10-18 14:30:00,251.05499267578125,251.3699951171875,251.03550720214844,251.27000427246097,796338
2024-10-18 15:30:00,251.2599945068359,251.30999755859375,251.1000061035156,251.25,1145397
2024-10-18 16:00:00,251.26,251.4945,251.21,251.365,0
2024-10-18 17:00:00,251.36,251.52,251.31,251.51,0
2024-10-18 18:00:00,251.49,251.5,250.99,251.205,0
2024-10-18 19:00:00,251.49,251.49,251.16,251.4,0
2024-10-21 04:00:00,251.98,252.51,251.78,252.51,0
2024-10-21 05:00:00,252.47,252.74,252.27,252.73,0
2024-10-21 06:00:00,252.69,252.8,252.03,252.07,0
2024-10-21 07:00:00,252.11,252.8,251.99,252.74,0
2024-10-21 08:00:00,252.74,252.98,251.56,252.955,0
2024-10-21 09:00:00,252.98,253.13,251.27,252.83,0
2024-10-21 09:30:00,252.7400054931641,253.13999938964844,252.4499969482422,252.5,2056104
2024-10-21 10:30:00,252.52999877929688,252.5500030517578,250.97000122070312,251.42999267578125,1289903
2024-10-21 11:30:00,251.4199981689453,251.63999938964844,251.0800018310547,251.2400054931641,1109683
2024-10-21 12:30:00,251.2599945068359,251.7899932861328,251.25,251.6499938964844,1542305
2024-10-21 13:30:00,251.66000366210935,251.67999267578125,251.16000366210935,251.28500366210935,1488371
2024-10-21 14:30:00,251.27999877929688,251.30999755859375,250.72999572753903,251.26499938964844,808987
2024-10-21 15:30:00,251.2599945068359,251.36000061035156,251.11000061035156,251.2400054931641,584991
2024-10-21 16:00:00,251.22,251.35,251.15,251.28,0
2024-10-21 17:00:00,251.22,251.29,251.05,251.22,0
2024-10-21 18:00:00,251.26,251.43,251.12,251.4,0
2024-10-21 19:00:00,251.33,251.5,251.22,251.22,0
2024-10-22 04:00:00,251.41,252.94,251.41,252.83,0
2024-10-22 05:00:00,252.83,252.83,252.43,252.43,0
2024-10-22 06:00:00,252.42,252.75,252.18,252.61,0
2024-10-22 07:00:00,252.64,253.05,252.49,252.49,0
2024-10-22 08:00:00,252.55,253.0496,251.22,252.68,0
2024-10-22 09:00:00,252.68,253.02,251.22,252.7,0
2024-10-22 09:30:00,253.05999755859375,253.3000030517578,252.52000427246097,252.9801025390625,1525282
2024-10-22 10:30:00,253.0,253.49989318847656,252.8699951171875,253.2400054931641,853468
2024-10-22 11:30:00,253.22999572753903,253.3500061035156,252.82000732421875,253.11000061035156,581511
2024-10-22 12:30:00,253.11000061035156,253.80499267578125,253.0800018310547,253.61000061035156,556761
2024-10-22 13:30:00,253.61000061035156,253.8699951171875,253.44000244140625,253.67999267578125,628573
2024-10-22 14:30:00,253.6499938964844,253.86000061035156,253.44000244140625,253.7698974609375,641266
2024-10-22 15:30:00,253.6699981689453,253.94000244140625,253.61000061035156,253.88999938964844,627095
2024-10-22 16:00:00,253.93,253.93,253.74,253.93,0
2024-10-22 17:00:00,253.92,253.95,253.83,253.925,0
2024-10-22 18:00:00,253.92,253.93,253.75,253.77,0
2024-10-22 19:00:00,253.79,253.95,253.66,253.8,0
2024-10-23 04:00:00,254.25,254.71,254.25,254.71,0
2024-10-23 05:00:00,254.7,254.83,254.18,254.18,0
2024-10-23 06:00:00,254.26,254.3,254.04,254.21,0
2024-10-23 07:00:00,254.27,254.29,253.93,254.06,0
2024-10-23 08:00:00,254.1,254.7928,253.35,253.5,0
2024-10-23 09:00:00,253.41,253.93,252.88,252.93,0
2024-10-23 09:30:00,253.0800018310547,253.17999267578125,251.58999633789065,251.69000244140625,3215559
2024-10-23 10:30:00,251.72000122070312,252.02999877929688,250.1999969482422,250.55999755859375,1362452
2024-10-23 11:30:00,250.56500244140625,251.47999572753903,250.5124969482422,251.2250061035156,654698
2024-10-23 12:30:00,251.22999572753903,251.5500030517578,250.8300018310547,250.8500061035156,489974
2024-10-23 13:30:00,250.86000061035156,251.01010131835935,250.5099945068359,250.6999969482422,506358
2024-10-23 14:30:00,250.7050018310547,250.91000366210935,250.56500244140625,250.77999877929688,412943
2024-10-23 15:30:00,250.7749938964844,251.0800018310547,250.77000427246097,250.8699951171875,823773
2024-10-23 16:00:00,250.87,250.925,250.72,250.85,0
2024-10-23 17:00:00,250.81,250.89,250.66,250.87,0
2024-10-23 18:00:00,250.87,251.09,250.8,251.09,0
2024-10-23 19:00:00,251.0,251.45,251.0,251.2999,0
2024-10-24 04:00:00,251.33,252.81,251.33,252.72,0
2024-10-24 05:00:00,252.7,252.89,252.65,252.78,0
2024-10-24 06:00:00,252.8,252.95,252.64,252.72,0
2024-10-24 07:00:00,252.74,252.95,252.54,252.62,0
2024-10-24 08:00:00,252.62,253.0,250.87,252.94,0
2024-10-24 09:00:00,252.88,253.162,250.675,253.04,0
2024-10-24 09:30:00,253.27000427246097,253.32000732421875,251.6300048828125,251.72000122070312,2133236
2024-10-24 10:30:00,251.69000244140625,252.5,251.3999938964844,252.3455047607422,715623
2024-10-24 11:30:00,252.30999755859375,252.38999938964844,251.7100067138672,251.92999267578125,434520
2024-10-24 12:30:00,251.8800048828125,252.7100067138672,251.8699951171875,252.6300048828125,479588
2024-10-24 13:30:00,252.6300048828125,252.81500244140625,252.5099945068359,252.80499267578125,397398
2024-10-24 14:30:00,252.7899932861328,252.7899932861328,252.4199981689453,252.5399932861328,323679
2024-10-24 15:30:00,252.52000427246097,252.7899932861328,252.44000244140625,252.7899932861328,724449
2024-10-24 16:00:00,252.76,252.82,252.3014,252.67,0
2024-10-24 17:00:00,252.67,252.91,252.53,252.91,0
2024-10-24 18:00:00,252.68,252.7,252.4,252.49,0
2024-10-24 19:00:00,252.53,252.73,252.51,252.53,0
2024-10-25 04:00:00,252.0,252.35,251.3,251.49,0
2024-10-25 05:00:00,251.44,251.44,251.01,251.1,0
2024-10-25 06:00:00,251.1,251.45,250.97,251.01,0
2024-10-25 07:00:00,251.16,251.7,251.15,251.7,0
2024-10-25 08:00:00,251.75,252.8,251.0977,251.865,0
2024-10-25 09:00:00,251.76,252.4,251.76,251.835,0
2024-10-25 09:30:00,252.0,253.0,251.77000427246097,252.6199951171875,1121840
2024-10-25 10:30:00,252.6300048828125,253.2599945068359,252.59500122070312,253.22999572753903,688410
2024-10-25 11:30:00,253.2599945068359,253.2599945068359,252.52000427246097,252.7899932861328,428861
2024-10-25 12:30:00,252.75,253.3000030517578,252.72000122070312,253.23500061035156,372963
2024-10-25 13:30:00,253.2400054931641,253.5498962402344,253.1925048828125,253.5099945068359,545427
2024-10-25 14:30:00,253.52000427246097,253.52999877929688,253.1000061035156,253.22999572753903,475729
2024-10-25 15:30:00,253.22000122070312,253.4900054931641,253.1649932861328,253.3300018310547,496880
2024-10-25 16:00:00,253.33,253.89,253.26,253.79,0
2024-10-25 17:00:00,253.79,253.9,253.66,253.72,0
2024-10-25 18:00:00,253.89,253.89,253.31,253.61,0
2024-10-25 19:00:00,253.685,257.0,253.4997,256.86,0
2024-10-28 04:00:00,254.98,254.98,252.84,252.9,0
2024-10-28 05:00:00,252.9,252.9,252.08,252.08,0
2024-10-28 06:00:00,252.03,252.37,251.96,252.3,0
2024-10-28 07:00:00,252.27,252.45,252.13,252.28,0
2024-10-28 08:00:00,252.28,253.55,252.0107,252.45,0
2024-10-28 09:00:00,252.445,252.82,252.28,252.82,0
2024-10-28 09:30:00,253.0099945068359,253.47999572753903,252.9499969482422,253.24989318847656,1165227
2024-10-28 10:30:00,253.2400054931641,253.6300048828125,253.13999938964844,253.32000732421875,619865
2024-10-28 11:30:00,253.3300018310547,253.47000122070312,253.05999755859375,253.4499969482422,349939
2024-10-28 12:30:00,253.4600067138672,253.55999755859375,253.1199951171875,253.4163055419922,337739
2024-10-28 13:30:00,253.4199981689453,253.5500030517578,253.11000061035156,253.1199951171875,353579
2024-10-28 14:30:00,253.1300048828125,253.39500427246097,253.11000061035156,253.30499267578125,514944
2024-10-28 15:30:00,253.30499267578125,253.36000061035156,253.2599945068359,253.32000732421875,421978
2024-10-28 16:00:00,253.31,253.4,253.22,253.29,0
2024-10-28 17:00:00,253.32,253.55,253.25,253.5,0
2024-10-28 18:00:00,253.43,253.43,253.03,253.22,0
2024-10-28 19:00:00,253.3,253.6,253.16,253.385,0
2024-10-29 04:00:00,253.95,254.29,253.67,254.01,0
2024-10-29 05:00:00,254.0,254.65,254.0,254.43,0
2024-10-29 06:00:00,254.52,254.52,253.8,253.96,0
2024-10-29 07:00:00,253.96,254.125,253.56,253.8,0
2024-10-29 08:00:00,253.8,254.6621,253.33,254.16,0
2024-10-29 09:00:00,254.065,254.54,253.33,254.5,0
2024-10-29 09:30:00,254.4900054931641,256.0299987792969,254.22999572753903,255.7100067138672,2073115
2024-10-29 10:30:00,255.7100067138672,255.9199981689453,255.0,255.02000427246097,906567
2024-10-29 11:30:00,255.0,255.91000366210935,254.9900054931641,255.7400054931641,2014685
2024-10-29 12:30:00,255.72999572753903,256.1000061035156,255.343994140625,255.7397003173828,1243970
2024-10-29 13:30:00,255.75,256.1199951171875,255.63999938964844,256.05999755859375,711814
2024-10-29 14:30:00,256.07000732421875,256.2900085449219,256.0249938964844,256.07000732421875,988724
2024-10-29 15:30:00,256.06500244140625,256.1400146484375,255.9499969482422,256.05499267578125,624976
2024-10-29 16:00:00,256.06,256.29,256.0105,256.28,0
2024-10-29 17:00:00,256.26,256.45,256.13,256.255,0
2024-10-29 18:00:00,256.26,256.38,256.12,256.34,0
2024-10-29 19:00:00,256.29,256.38,256.16,256.275,0
2024-10-30 04:00:00,256.95,257.17,256.67,257.16,0
2024-10-30 05:00:00,257.18,257.27,256.75,256.89,0
2024-10-30 06:00:00,256.95,257.35,256.92,257.22,0
2024-10-30 07:00:00,257.22,257.22,256.66,256.9,0
2024-10-30 08:00:00,256.86,257.6,256.09,256.65,0
2024-10-30 09:00:00,256.72,257.44,256.49,257.44,0
2024-10-30 09:30:00,256.760009765625,256.82000732421875,255.91009521484375,256.5000915527344,1719955
2024-10-30 10:30:00,256.5199890136719,256.9200134277344,256.0199890136719,256.80999755859375,1178332
2024-10-30 11:30:00,256.79998779296875,257.3900146484375,256.7900085449219,257.2699890136719,567884
2024-10-30 12:30:00,257.25,257.6600036621094,257.1499938964844,257.6199951171875,574775
2024-10-30 13:30:00,257.6199951171875,257.7099914550781,257.4700012207031,257.5400085449219,447501
2024-10-30 14:30:00,257.54010009765625,257.6300048828125,257.2799987792969,257.3500061035156,566712
2024-10-30 15:30:00,257.3500061035156,257.5199890136719,257.20001220703125,257.4800109863281,788442
2024-10-30 16:00:00,257.49,257.6,257.24,257.49,0
2024-10-30 17:00:00,257.48,257.64,257.44,257.58,0
2024-10-30 18:00:00,257.6,257.6,257.28,257.41,0
2024-10-30 19:00:00,257.385,257.6,257.22,257.28,0
2024-10-31 04:00:00,257.3,257.3,256.52,256.52,0
2024-10-31 05:00:00,256.61,256.7,256.41,256.46,0
2024-10-31 06:00:00,256.51,256.68,256.1,256.4,0
2024-10-31 07:00:00,256.48,256.94,256.48,256.5,0
2024-10-31 08:00:00,256.5,257.5,256.17,256.51,0
2024-10-31 09:00:00,256.55,257.5,255.565,255.79,0
2024-10-31 09:30:00,255.52000427246097,255.6000061035156,253.7400054931641,253.90499877929688,2650595
2024-10-31 10:30:00,253.8999938964844,254.13999938964844,252.1999969482422,252.9199981689453,2679591
2024-10-31 11:30:00,252.92999267578125,253.32000732421875,252.57009887695312,253.2599945068359,1077580
2024-10-31 12:30:00,253.27000427246097,253.3650054931641,252.86000061035156,252.93499755859375,503911
2024-10-31 13:30:00,252.92999267578125,253.20989990234375,252.83999633789065,253.11000061035156,400716
2024-10-31 14:30:00,253.11000061035156,253.90499877929688,253.0704040527344,253.77999877929688,1362688
2024-10-31 15:30:00,253.77999877929688,253.86000061035156,253.5301055908203,253.61000061035156,590144
2024-10-31 16:00:00,253.61,253.75,253.32,253.38,0
2024-10-31 17:00:00,253.39,253.5,253.1,253.15,0
2024-10-31 18:00:00,253.3,253.76,253.3,253.64,0
2024-10-31 19:00:00,253.6,253.75,253.415,253.74,0
2024-11-01 04:00:00,254.45,254.45,253.85,254.38,0
2024-11-01 05:00:00,254.41,254.46,254.14,254.3,0
2024-11-01 06:00:00,254.21,254.21,253.75,253.75,0
2024-11-01 07:00:00,253.75,254.3,253.51,254.2,0
2024-11-01 08:00:00,254.2,254.58,253.51,254.1,0
2024-11-01 09:00:00,254.0,255.03,253.51,255.02,0
2024-11-01 09:30:00,254.3300018310547,254.86000061035156,253.79049682617188,254.13999938964844,1629175
2024-11-01 10:30:00,254.1499938964844,254.2164001464844,253.0200958251953,254.0099945068359,898111
2024-11-01 11:30:00,254.0,254.0,253.30999755859375,253.4051055908203,572014
2024-11-01 12:30:00,253.4300994873047,253.5597991943359,253.00180053710935,253.0500030517578,548005
2024-11-01 13:30:00,253.05999755859375,253.05999755859375,252.46499633789065,252.82000732421875,786762
2024-11-01 14:30:00,252.82000732421875,252.8800048828125,252.43499755859375,252.47000122070312,409681
2024-11-01 15:30:00,252.47000122070312,252.67999267578125,252.4499969482422,252.4900054931641,802492
2024-11-01 16:00:00,252.49,253.4266,252.44,252.735,0
2024-11-01 17:00:00,252.8,253.16,252.45,252.7,0
2024-11-01 18:00:00,252.9,252.9,252.3,252.48,0
2024-11-01 19:00:00,252.5,252.9,252.4934,252.8999,0
2024-11-04 04:00:00,253.51,253.51,252.21,253.14,0
2024-11-04 05:00:00,253.16,253.5,253.11,253.2,0
2024-11-04 06:00:00,253.11,253.28,252.73,252.88,0
2024-11-04 07:00:00,252.84,253.36,252.84,253.05,0
2024-11-04 08:00:00,253.08,253.5228,252.2112,253.11,0
2024-11-04 09:00:00,253.06,256.895,252.47,253.62,0
2024-11-04 09:30:00,253.32000732421875,253.5800018310547,252.83999633789065,253.197998046875,1202547
2024-11-04 10:30:00,253.22000122070312,253.30999755859375,252.5836944580078,252.8699951171875,538495
2024-11-04 11:30:00,252.8500061035156,252.9499969482422,252.27000427246097,252.8500061035156,824630
2024-11-04 12:30:00,252.8697967529297,252.91749572753903,252.61000061035156,252.77000427246097,338443
2024-11-04 13:30:00,252.77000427246097,252.9900054931641,252.75,252.8300018310547,381033
2024-11-04 14:30:00,252.82000732421875,253.01499938964844,252.7239990234375,252.91000366210935,230916
2024-11-04 15:30:00,252.91000366210935,252.94000244140625,252.7400054931641,252.8300018310547,743490
2024-11-04 16:00:00,252.83,252.86,252.68,252.77,0
2024-11-04 17:00:00,252.865,253.0,252.74,252.93,0
2024-11-04 18:00:00,252.93,252.93,252.57,252.71,0
2024-11-05 04:00:00,253.0,253.49,253.0,253.37,0
2024-11-05 05:00:00,253.27,253.35,252.71,252.81,0
2024-11-05 06:00:00,252.89,253.13,252.79,253.13,0
2024-11-05 07:00:00,253.15,253.3,253.01,253.1,0
2024-11-05 08:00:00,253.05,253.4688,252.29,253.2,0
2024-11-05 09:00:00,253.25,253.71,252.83,253.3901,0
2024-11-05 09:30:00,253.77999877929688,253.9893035888672,252.4499969482422,252.5095062255859,874386
2024-11-05 10:30:00,252.47999572753903,253.4499969482422,252.41000366210935,252.83999633789065,701661
2024-11-05 11:30:00,252.86000061035156,253.389892578125,252.71499633789065,253.3397979736328,827305
2024-11-05 12:30:00,253.32960510253903,253.3999938964844,253.0099945068359,253.1000061035156,1004300
2024-11-05 13:30:00,253.1000061035156,253.2400054931641,252.97999572753903,253.08999633789065,409138
2024-11-05 14:30:00,253.09500122070312,253.2400054931641,253.0099945068359,253.22000122070312,720294
2024-11-05 15:30:00,253.2100067138672,253.3999938964844,253.08999633789065,253.33999633789065,919365
2024-11-05 16:00:00,253.34,253.52,237.6691,253.45,0
2024-11-05 17:00:00,253.6,253.6,237.6691,253.35,0
2024-11-05 18:00:00,253.4,253.6499,253.26,253.5599,0
2024-11-06 04:00:00,252.37,253.08,251.02,251.33,0
2024-11-06 05:00:00,251.45,251.81,250.8,251.72,0
2024-11-06 06:00:00,251.78,251.84,250.4,250.4,0
2024-11-06 07:00:00,250.41,250.54,249.0,249.43,0
2024-11-06 08:00:00,249.39,253.4,247.07,247.17,0
2024-11-06 09:00:00,247.13,253.4,245.42,246.57,0
2024-11-06 09:30:00,245.6349945068359,246.42999267578125,244.9506072998047,246.4199981689453,5859237
2024-11-06 10:30:00,246.3999938964844,247.3500061035156,245.9199981689453,246.40499877929688,2229398
2024-11-06 11:30:00,246.42999267578125,246.6199951171875,246.05999755859375,246.3000030517578,1126922
2024-11-06 12:30:00,246.2821044921875,246.5279998779297,245.80050659179688,246.41000366210935,1325783
2024-11-06 13:30:00,246.41000366210935,246.4199981689453,246.02999877929688,246.3500061035156,1001865
2024-11-06 14:30:00,246.3300018310547,246.40130615234375,245.86000061035156,245.8800048828125,910812
2024-11-06 15:30:00,245.8800048828125,245.9199981689453,245.5800018310547,245.72000122070312,1147350
2024-11-06 16:00:00,245.72,245.86,245.54,245.58,0
2024-11-06 17:00:00,245.595,245.7,245.57,245.65,0
2024-11-06 18:00:00,245.65,245.98,245.5,245.9296,0
2024-11-07 04:00:00,245.62,246.08,245.29,246.0,0
2024-11-07 05:00:00,245.96,246.29,245.57,246.11,0
2024-11-07 06:00:00,246.1,246.34,245.94,246.08,0
2024-11-07 07:00:00,246.0,246.38,245.95,246.2,0
2024-11-07 08:00:00,246.19,247.7,244.95,247.63,0
2024-11-07 09:00:00,247.5,252.925,245.7,247.69,0
2024-11-07 09:30:00,248.2899932861328,249.27000427246097,248.13999938964844,249.17999267578125,1878325
2024-11-07 10:30:00,249.22000122070312,249.2899932861328,248.38999938964844,248.5099945068359,1257621
2024-11-07 11:30:00,248.5099945068359,249.2100067138672,248.5099945068359,249.19000244140625,1150521
2024-11-07 12:30:00,249.19000244140625,249.3000030517578,248.8800048828125,249.10499572753903,481335
2024-11-07 13:30:00,249.1199951171875,249.2100067138672,248.1999969482422,248.3800048828125,756768
2024-11-07 14:30:00,248.42999267578125,250.2400054931641,248.1199951171875,249.94500732421875,1498579
2024-11-07 15:30:00,249.9499969482422,250.0749969482422,249.4600067138672,249.6499938964844,870914
2024-11-07 16:00:00,249.65,250.08,249.62,249.86,0
2024-11-07 17:00:00,249.86,250.0,238.9403,249.68,0
2024-11-07 18:00:00,249.67,249.98,249.65,249.91,0
2024-11-08 04:00:00,249.75,249.75,248.21,248.37,0
2024-11-08 05:00:00,248.38,248.4,247.73,247.97,0
2024-11-08 06:00:00,247.97,248.43,247.92,248.38,0
2024-11-08 07:00:00,248.22,248.89,248.1,248.31,0
2024-11-08 08:00:00,248.29,249.8097,247.5,248.915,0
2024-11-08 09:00:00,248.93,249.735,248.29,249.42,0
2024-11-08 09:30:00,249.07000732421875,249.27999877929688,247.83990478515625,248.4600067138672,1243320
2024-11-08 10:30:00,248.42999267578125,248.70989990234375,247.94000244140625,248.1638946533203,866185
2024-11-08 11:30:00,248.17999267578125,248.3699951171875,247.77999877929688,248.1150054931641,929374
2024-11-08 12:30:00,248.1150054931641,248.32000732421875,248.02000427246097,248.1300048828125,590449
2024-11-08 13:30:00,248.1300048828125,248.16009521484375,247.8000030517578,247.8800048828125,648502
2024-11-08 14:30:00,247.8896026611328,248.3000030517578,247.8699951171875,248.27000427246097,638112
2024-11-08 15:30:00,248.27999877929688,248.2899932861328,247.97000122070312,247.9900054931641,749675
2024-11-08 16:00:00,247.96,248.15,247.78,247.94,0
2024-11-08 17:00:00,247.9,247.99,247.8,247.93,0
2024-11-08 18:00:00,247.93,248.0,247.73,247.875,0
2024-11-11 04:00:00,246.64,247.12,246.07,246.11,0
2024-11-11 05:00:00,246.14,247.03,246.02,246.65,0
2024-11-11 06:00:00,246.6,246.65,245.58,246.18,0
2024-11-11 07:00:00,246.16,246.25,245.57,245.75,0
2024-11-11 08:00:00,245.78,246.95,244.87,244.9,0
2024-11-11 09:00:00,244.85,247.96,242.68,243.13,0
2024-11-11 09:30:00,242.72999572753903,242.72999572753903,241.72000122070312,241.92999267578125,3480992
2024-11-11 10:30:00,241.91990661621097,241.94000244140625,241.25,241.49989318847656,1696955
2024-11-11 11:30:00,241.5,241.7509002685547,241.1300048828125,241.19000244140625,1270501
2024-11-11 12:30:00,241.17999267578125,241.5399932861328,241.05999755859375,241.1349945068359,944348
2024-11-11 13:30:00,241.1499938964844,242.02000427246097,241.1199951171875,241.860107421875,1200469
2024-11-11 14:30:00,241.8699951171875,242.23109436035156,241.77999877929688,242.16000366210935,718697
2024-11-11 15:30:00,242.23500061035156,242.52000427246097,242.11000061035156,242.11000061035156,862467
2024-11-11 16:00:00,242.14,242.4,241.87,241.87,0
2024-11-11 17:00:00,241.895,241.97,241.1474,241.94,0
2024-11-11 18:00:00,241.91,242.55,241.78,242.32,0
2024-11-12 04:00:00,240.76,241.98,239.21,239.59,0
2024-11-12 05:00:00,239.59,239.75,239.14,239.42,0
2024-11-12 06:00:00,239.3,239.97,239.22,239.95,0
2024-11-12 07:00:00,239.92,240.5,239.5,240.3,0
2024-11-12 08:00:00,240.41,247.96,239.2812,241.44,0
2024-11-12 09:00:00,241.4,242.14,240.62,241.3599,0
2024-11-12 09:30:00,241.2899932861328,241.61000061035156,240.3699951171875,240.4149932861328,2177958
2024-11-12 10:30:00,240.38999938964844,240.49989318847656,239.84500122070312,240.0099945068359,1592008
2024-11-12 11:30:00,240.0099945068359,240.25,239.38999938964844,239.52000427246097,1194222
2024-11-12 12:30:00,239.52999877929688,240.2899932861328,239.47000122070312,240.07000732421875,835822
2024-11-12 13:30:00,240.07000732421875,240.20249938964844,239.77000427246097,240.11000061035156,657136
2024-11-12 14:30:00,240.10499572753903,240.1699981689453,239.6699981689453,239.95550537109375,812383
2024-11-12 15:30:00,239.9499969482422,240.22149658203125,239.8800048828125,240.05999755859375,1369230
2024-11-12 16:00:00,240.07,240.17,239.83,239.94,0
2024-11-12 17:00:00,239.95,239.98,239.8,239.92,0
2024-11-12 18:00:00,239.95,257.5,239.8605,240.0296,0
2024-11-13 04:00:00,240.24,241.1,240.24,241.01,0
2024-11-13 05:00:00,241.0,241.16,240.76,241.0,0
2024-11-13 06:00:00,240.95,241.16,240.76,240.93,0
2024-11-13 07:00:00,240.89,241.25,240.66,241.12,0
2024-11-13 08:00:00,241.13,241.2928,240.29,240.88,0
2024-11-13 09:00:00,240.99,245.645,240.05,241.53,0
2024-11-13 09:30:00,241.30999755859375,241.47000122070312,239.49070739746097,239.83999633789065,1353721
2024-11-13 10:30:00,239.8300018310547,240.7100067138672,239.69000244140625,239.69000244140625,806361
2024-11-13 11:30:00,239.69000244140625,239.75010681152344,238.02000427246097,238.1000061035156,2363031
2024-11-13 12:30:00,238.1300048828125,238.72999572753903,238.1300048828125,238.27999877929688,719924
2024-11-13 13:30:00,238.27999877929688,238.6804046630859,238.1999969482422,238.6300048828125,699487
2024-11-13 14:30:00,238.60809326171875,238.66000366210935,237.75,237.85009765625,888177
2024-11-13 15:30:00,237.7200927734375,237.9499969482422,237.58999633789065,237.63999938964844,899014
2024-11-13 16:00:00,237.63,237.98,237.555,237.565,0
2024-11-13 17:00:00,237.56,238.4,237.55,237.65,0
2024-11-13 18:00:00,237.65,238.31,237.21,237.36,0
2024-11-14 04:00:00,236.88,236.88,235.56,235.62,0
2024-11-14 05:00:00,235.62,235.62,234.2,234.97,0
2024-11-14 06:00:00,235.0,235.26,234.85,235.0,0
2024-11-14 07:00:00,235.07,236.01,235.07,235.98,0
2024-11-14 08:00:00,235.96,237.63,234.454,235.99,0
2024-11-14 09:00:00,235.8608,237.63,235.57,236.104,0
2024-11-14 09:30:00,236.57000732421875,237.5500030517578,236.13259887695312,237.3300018310547,2879222
2024-11-14 10:30:00,237.32000732421875,237.8999938964844,236.8800048828125,237.81170654296875,1839589
2024-11-14 11:30:00,237.83999633789065,237.9886016845703,237.13999938964844,237.1699981689453,639633
2024-11-14 12:30:00,237.16000366210935,237.59500122070312,237.0012054443359,237.0800018310547,616178
2024-11-14 13:30:00,237.07000732421875,237.82000732421875,237.05499267578125,237.6999969482422,551623
2024-11-14 14:30:00,237.6999969482422,237.90499877929688,236.7050018310547,237.5099945068359,553089
2024-11-14 15:30:00,237.52999877929688,237.66000366210935,236.82000732421875,237.02000427246097,733701
2024-11-14 16:00:00,237.01,237.2333,236.71,236.8,0
2024-11-14 17:00:00,236.6,237.0,236.6,237.0,0
2024-11-14 18:00:00,236.9,237.0,236.8,237.0,0
2024-11-15 04:00:00,237.37,237.37,236.78,237.0,0
2024-11-15 05:00:00,236.97,237.29,236.7,237.28,0
2024-11-15 06:00:00,237.16,237.38,237.02,237.38,0
2024-11-15 07:00:00,237.3,237.62,236.91,237.13,0
2024-11-15 08:00:00,237.15,237.84,235.99,237.4,0
2024-11-15 09:00:00,237.36,237.7,236.54,237.44,0
2024-11-15 09:30:00,237.63999938964844,237.8800048828125,237.07000732421875,237.27999877929688,1572636
2024-11-15 10:30:00,237.30999755859375,237.61000061035156,236.83999633789065,236.9900054931641,922983
2024-11-15 11:30:00,236.97000122070312,237.0399932861328,236.3800048828125,236.7400054931641,1329134
2024-11-15 12:30:00,236.7073974609375,236.99009704589844,236.3300018310547,236.92999267578125,456861
2024-11-15 13:30:00,236.9199981689453,237.1499938964844,236.7599945068359,236.87879943847656,626732
2024-11-15 14:30:00,236.88999938964844,236.90499877929688,236.36000061035156,236.4499969482422,574897
2024-11-15 15:30:00,236.4600067138672,236.77999877929688,236.3800048828125,236.61000061035156,647597
2024-11-15 16:00:00,236.59,237.0351,236.44,236.62,0
2024-11-15 17:00:00,236.62,236.83,236.6152,236.675,0
2024-11-15 18:00:00,236.7,236.89,236.43,236.615,0
2024-11-18 04:00:00,239.38,239.9,238.12,239.32,0
2024-11-18 05:00:00,239.32,239.88,239.2,239.22,0
2024-11-18 06:00:00,239.25,239.61,239.19,239.44,0
2024-11-18 07:00:00,239.57,239.71,239.21,239.29,0
2024-11-18 08:00:00,239.22,240.08,236.59,240.05,0
2024-11-18 09:00:00,240.05,240.7897,236.59,240.77,0
2024-11-18 09:30:00,240.4600067138672,241.1999969482422,240.4499969482422,241.16000366210935,2008405
2024-11-18 10:30:00,241.1699981689453,241.4949951171875,240.9600067138672,241.1999969482422,715331
2024-11-18 11:30:00,241.19009399414065,241.25,240.80999755859375,240.8699951171875,659627
2024-11-18 12:30:00,240.8699951171875,241.14500427246097,240.7599945068359,241.02999877929688,426369
2024-11-18 13:30:00,241.02999877929688,241.25990295410156,240.80999755859375,240.96499633789065,681447
2024-11-18 14:30:00,240.9600067138672,241.17999267578125,240.8800048828125,241.05499267578125,625674
2024-11-18 15:30:00,241.0500030517578,241.1300048828125,240.860107421875,241.0500030517578,792005
2024-11-18 16:00:00,241.06,241.2782,237.585,241.2,0
2024-11-18 17:00:00,241.17,241.5,241.04,241.4,0
2024-11-18 18:00:00,241.28,241.49,241.05,241.22,0
2024-11-19 04:00:00,242.26,243.01,241.62,242.88,0
2024-11-19 05:00:00,242.9,243.34,242.83,243.27,0
2024-11-19 06:00:00,243.3,243.46,243.18,243.31,0
2024-11-19 07:00:00,243.3,243.41,242.7,243.41,0
2024-11-19 08:00:00,243.4,243.75,241.09,242.96,0
2024-11-19 09:00:00,242.95,243.53,241.09,242.89,0
2024-11-19 09:30:00,242.75,242.96499633789065,242.1499938964844,242.66000366210935,2325439
2024-11-19 10:30:00,242.6499938964844,242.72999572753903,242.02999877929688,242.3699951171875,720321
2024-11-19 11:30:00,242.3300018310547,243.16000366210935,242.1499938964844,243.1199951171875,576367
2024-11-19 12:30:00,243.1199951171875,243.1199951171875,242.52000427246097,242.6000061035156,766779
2024-11-19 13:30:00,242.61000061035156,243.02000427246097,242.5500030517578,242.88999938964844,325332
2024-11-19 14:30:00,242.8800048828125,243.10499572753903,242.82000732421875,243.05999755859375,402887
2024-11-19 15:30:00,243.05999755859375,243.30999755859375,242.9600067138672,243.22000122070312,947841
2024-11-19 16:00:00,243.25,243.28,237.6691,237.6691,0
2024-11-19 17:00:00,243.11,243.28,243.07,243.25,0
2024-11-19 18:00:00,243.12,243.36,243.06,243.36,0
2024-11-20 04:00:00,243.82,243.82,242.05,242.05,0
2024-11-20 05:00:00,242.09,242.49,242.0,242.36,0
2024-11-20 06:00:00,242.35,242.41,242.09,242.28,0
2024-11-20 07:00:00,242.33,242.87,242.16,242.7,0
2024-11-20 08:00:00,242.75,243.84,241.9,243.63,0
2024-11-20 09:00:00,243.56,243.7658,242.745,243.7,0
2024-11-20 09:30:00,243.7400054931641,244.61000061035156,243.5099945068359,244.3000030517578,2211720
2024-11-20 10:30:00,244.33999633789065,244.7104949951172,244.0901031494141,244.7084045410156,808101
2024-11-20 11:30:00,244.6999969482422,245.2100067138672,244.5099945068359,244.7250061035156,756116
2024-11-20 12:30:00,244.7400054931641,244.94000244140625,244.2904052734375,244.55999755859375,431597
2024-11-20 13:30:00,244.5749969482422,244.8300018310547,244.3999938964844,244.7400054931641,367781
2024-11-20 14:30:00,244.72000122070312,245.0050048828125,244.52999877929688,244.58999633789065,749314
2024-11-20 15:30:00,244.5800018310547,244.67999267578125,244.44000244140625,244.6000061035156,890797
2024-11-20 16:00:00,244.61,244.74,244.52,244.73,0
2024-11-20 17:00:00,244.65,244.89,244.62,244.68,0
2024-11-20 18:00:00,244.7,244.9,244.52,244.84,0
2024-11-21 04:00:00,245.62,246.61,245.27,246.1,0
2024-11-21 05:00:00,246.1,246.43,245.9,246.24,0
2024-11-21 06:00:00,246.29,246.8,246.24,246.74,0
2024-11-21 07:00:00,246.75,246.8,245.9,246.15,0
2024-11-21 08:00:00,246.2,246.7781,244.62,246.0,0
2024-11-21 09:00:00,245.95,246.437,244.62,246.36,0
2024-11-21 09:30:00,246.22999572753903,246.5800018310547,245.69000244140625,246.17999267578125,1540530
2024-11-21 10:30:00,246.16000366210935,246.55999755859375,246.0099945068359,246.3300018310547,907497
2024-11-21 11:30:00,246.33009338378903,246.3500061035156,245.69000244140625,246.11000061035156,679669
2024-11-21 12:30:00,246.11000061035156,246.77999877929688,246.07000732421875,246.69000244140625,605595
2024-11-21 13:30:00,246.67999267578125,246.8000030517578,246.38999938964844,246.6096954345703,485558
2024-11-21 14:30:00,246.57000732421875,246.63999938964844,246.3000030517578,246.47999572753903,851613
2024-11-21 15:30:00,246.48500061035156,246.67999267578125,246.44000244140625,246.6300048828125,696076
2024-11-21 16:00:00,246.66,246.68,246.134,246.46,0
2024-11-21 17:00:00,246.5596,246.66,238.9403,246.475,0
2024-11-21 18:00:00,246.45,246.66,246.32,246.54,0
2024-11-22 04:00:00,248.12,249.4,248.12,248.79,0
2024-11-22 05:00:00,248.99,250.09,248.95,250.02,0
2024-11-22 06:00:00,249.8,250.2,249.3,249.3,0
2024-11-22 07:00:00,249.3,249.57,249.01,249.18,0
2024-11-22 08:00:00,249.15,250.2388,247.85,248.52,0
2024-11-22 09:00:00,248.48,248.92,246.66,248.36,0
2024-11-22 09:30:00,248.1999969482422,249.31979370117188,247.92999267578125,249.27699279785156,2108039
2024-11-22 10:30:00,249.27000427246097,249.94000244140625,249.110107421875,249.5865936279297,1076114
2024-11-22 11:30:00,249.58999633789065,249.9600067138672,249.4600067138672,249.8197021484375,493438
2024-11-22 12:30:00,249.8249969482422,250.3500061035156,249.6699981689453,250.22999572753903,566109
2024-11-22 13:30:00,250.2400054931641,250.38999938964844,250.1199951171875,250.2790069580078,588463
2024-11-22 14:30:00,250.27999877929688,250.36000061035156,249.7599945068359,250.0303955078125,628106
2024-11-22 15:30:00,250.02999877929688,250.07000732421875,249.80999755859375,249.8500061035156,907158
2024-11-22 16:00:00,249.86,250.8,249.84,250.8,0
2024-11-22 17:00:00,250.8,251.0,250.5,250.65,0
2024-11-22 18:00:00,250.6501,250.85,249.84,250.76,0
2024-11-25 04:00:00,247.17,247.17,246.5,246.72,0
2024-11-25 05:00:00,246.68,247.04,246.42,246.43,0
2024-11-25 06:00:00,246.49,248.0,246.49,247.8,0
2024-11-25 07:00:00,247.88,248.24,247.47,247.68,0
2024-11-25 08:00:00,247.62,249.84,245.47,247.95,0
2024-11-25 09:00:00,248.0,249.84,245.58,245.7,0
2024-11-25 09:30:00,244.27000427246097,244.39990234375,242.80999755859375,243.4499969482422,3681495
2024-11-25 10:30:00,243.47000122070312,243.6000061035156,242.4709930419922,243.0196990966797,992648
2024-11-25 11:30:00,243.0099945068359,243.72000122070312,242.32000732421875,242.35009765625,972180
2024-11-25 12:30:00,242.36000061035156,242.72999572753903,241.47999572753903,241.6999969482422,937965
2024-11-25 13:30:00,241.7100067138672,242.2400054931641,241.6531982421875,242.1999969482422,665958
2024-11-25 14:30:00,242.1999969482422,242.73890686035156,242.17999267578125,242.5,1025244
2024-11-25 15:30:00,242.48500061035156,242.66000366210935,242.42999267578125,242.4900054931641,992285
2024-11-25 16:00:00,242.48,242.903,242.3617,242.3617,0
2024-11-25 17:00:00,242.36,242.76,242.01,242.45,0
2024-11-25 18:00:00,242.46,242.63,240.55,241.0192,0
2024-11-26 04:00:00,242.3,242.3,241.24,242.0,0
2024-11-26 05:00:00,242.05,242.8,242.05,242.62,0
2024-11-26 06:00:00,242.7,243.08,242.63,242.86,0
2024-11-26 07:00:00,242.85,243.23,242.75,242.99,0
2024-11-26 08:00:00,242.96,243.95,241.15,243.03,0
2024-11-26 09:00:00,243.02,243.19,242.3,242.995,0
2024-11-26 09:30:00,242.7100067138672,242.7599945068359,241.5800018310547,242.48500061035156,1082713
2024-11-26 10:30:00,242.42999267578125,243.08990478515625,242.3699951171875,242.58999633789065,764053
2024-11-26 11:30:00,242.61000061035156,242.9499969482422,242.36000061035156,242.5500030517578,468436
2024-11-26 12:30:00,242.5399932861328,242.61000061035156,241.9199981689453,242.0,441998
2024-11-26 13:30:00,242.0099945068359,242.58999633789065,241.8300018310547,242.4199981689453,397921
2024-11-26 14:30:00,242.42469787597656,242.8300018310547,242.36000061035156,242.64990234375,546220
2024-11-26 15:30:00,242.67999267578125,243.08999633789065,242.6699981689453,242.9499969482422,682885
2024-11-26 16:00:00,242.95,243.71,242.9,243.135,0
2024-11-26 17:00:00,243.045,243.2,242.95,242.99,0
2024-11-26 18:00:00,243.03,243.23,242.94,243.1,0
2024-11-27 04:00:00,244.4,245.21,243.8,244.63,0
2024-11-27 05:00:00,244.65,244.81,244.5,244.53,0
2024-11-27 06:00:00,244.57,244.68,244.06,244.42,0
2024-11-27 07:00:00,244.52,245.11,244.46,244.94,0
2024-11-27 08:00:00,245.0,245.15,242.95,244.52,0
2024-11-27 09:00:00,244.65,245.56,242.95,244.81,0
2024-11-27 09:30:00,244.8500061035156,245.1835021972656,243.33999633789065,244.0,2348324
2024-11-27 10:30:00,243.96099853515625,244.25,243.61000061035156,243.82000732421875,2071981
2024-11-27 11:30:00,243.77000427246097,244.1300048828125,243.3300018310547,243.77999877929688,480806
2024-11-27 12:30:00,243.7899932861328,243.84939575195312,243.4600067138672,243.72999572753903,240829
2024-11-27 13:30:00,243.72999572753903,243.7400054931641,243.38999938964844,243.4199981689453,178380
2024-11-27 14:30:00,243.44000244140625,243.65499877929688,243.1999969482422,243.63999938964844,416035
2024-11-27 15:30:00,243.6300048828125,243.6999969482422,243.47000122070312,243.4900054931641,438356
2024-11-27 16:00:00,243.49,243.58,243.3,243.47,0
2024-11-27 17:00:00,243.415,243.5,243.25,243.3,0
2024-11-27 18:00:00,243.31,243.5,243.3,243.39,0
2024-11-29 04:00:00,244.62,245.98,244.62,245.62,0
2024-11-29 05:00:00,245.65,246.06,245.4,245.85,0
2024-11-29 06:00:00,245.9,246.1,245.7,245.75,0
2024-11-29 07:00:00,245.74,246.04,245.51,245.82,0
2024-11-29 08:00:00,245.83,246.18,243.49,245.78,0
2024-11-29 09:00:00,245.77,245.84,243.49,245.5312,0
2024-11-29 09:30:00,245.25,245.52999877929688,244.72999572753903,244.97999572753903,776030
2024-11-29 10:30:00,244.8650054931641,245.80999755859375,244.81500244140625,245.72000122070312,443760
2024-11-29 11:30:00,245.6999969482422,245.80999755859375,245.38999938964844,245.42999267578125,369516
2024-11-29 13:00:00,245.43499755859375,245.7899932861328,245.1499938964844,245.1499938964844,0
2024-11-29 14:00:00,245.2,245.59,244.56,244.71,0
2024-11-29 15:00:00,244.8,245.63,244.5018,245.055,0
2024-11-29 16:00:00,245.26,245.5,244.8,244.96,0
2024-12-02 04:00:00,242.0,243.41,242.0,243.39,0
2024-12-02 05:00:00,243.32,243.5,242.66,243.5,0
2024-12-02 06:00:00,243.45,244.05,243.2,243.76,0
2024-12-02 07:00:00,243.65,244.25,243.47,243.95,0
2024-12-02 08:00:00,243.9,245.59,242.11,244.23,0
2024-12-02 09:00:00,244.19,245.59,244.02,244.715,0
2024-12-02 09:30:00,244.2357940673828,244.58050537109375,243.86000061035156,244.25,1281527
2024-12-02 10:30:00,244.02000427246097,244.2599945068359,243.58999633789065,244.02000427246097,622828
2024-12-02 11:30:00,244.0099945068359,244.02000427246097,243.5800018310547,243.7100067138672,397490
2024-12-02 12:30:00,243.7050018310547,243.81480407714844,243.13999938964844,243.32000732421875,446366
2024-12-02 13:30:00,243.33999633789065,243.7599945068359,243.30999755859375,243.6000061035156,298439
2024-12-02 14:30:00,243.58999633789065,243.9900054931641,243.30999755859375,243.97999572753903,376970
2024-12-02 15:30:00,243.9499969482422,244.1300048828125,243.4199981689453,243.4600067138672,644932
2024-12-02 16:00:00,243.44,243.9142,243.43,243.71,0
2024-12-02 17:00:00,243.67,244.0,243.63,243.705,0
2024-12-02 18:00:00,243.63,244.0578,243.59,243.85,0
2024-12-03 04:00:00,244.0,244.47,244.0,244.41,0
2024-12-03 05:00:00,244.36,244.36,244.07,244.11,0
2024-12-03 06:00:00,244.22,244.3,244.0,244.3,0
2024-12-03 07:00:00,244.2,244.2,243.58,243.65,0
2024-12-03 08:00:00,243.6,244.65,243.39,244.22,0
2024-12-03 09:00:00,244.3,245.08,243.44,244.9052,0
2024-12-03 09:30:00,244.9600067138672,245.17999267578125,243.3000030517578,243.72000122070312,1086287
2024-12-03 10:30:00,243.66000366210935,244.1999969482422,243.39010620117188,244.1199951171875,474468
2024-12-03 11:30:00,244.1199951171875,244.55990600585935,243.94000244140625,244.2599945068359,519354
2024-12-03 12:30:00,244.27999877929688,244.58999633789065,244.07000732421875,244.23500061035156,199054
2024-12-03 13:30:00,244.2248992919922,244.3300018310547,243.83009338378903,243.83009338378903,139110
2024-12-03 14:30:00,243.87989807128903,244.1300048828125,243.77000427246097,244.02000427246097,194608
2024-12-03 15:30:00,244.0099945068359,244.0695953369141,243.8999938964844,243.94000244140625,271630
2024-12-03 16:00:00,243.93,244.19,230.0049,244.095,0
2024-12-03 17:00:00,243.93,244.65,237.6691,243.75,0
2024-12-03 18:00:00,244.0,244.39,243.83,244.1,0
2024-12-04 04:00:00,243.9,244.0,243.65,243.91,0
2024-12-04 05:00:00,243.86,243.93,243.67,243.79,0
2024-12-04 06:00:00,243.95,244.4,243.8,244.4,0
2024-12-04 07:00:00,244.31,244.4,243.92,243.98,0
2024-12-04 08:00:00,244.05,244.69,243.0,244.2,0
2024-12-04 09:00:00,244.2,244.68,243.91,244.57,0
2024-12-04 09:30:00,244.92999267578125,245.25,244.5500030517578,245.0399932861328,945911
2024-12-04 10:30:00,245.13999938964844,245.33999633789065,244.77999877929688,245.0800018310547,598608
2024-12-04 11:30:00,245.1199951171875,245.16000366210935,244.3999938964844,244.7400054931641,252030
2024-12-04 12:30:00,244.72999572753903,244.92999267578125,244.6199951171875,244.83999633789065,208664
2024-12-04 13:30:00,244.82000732421875,245.16009521484375,244.3650054931641,244.77000427246097,355224
2024-12-04 14:30:00,244.7899932861328,244.95989990234375,244.47000122070312,244.55999755859375,246980
2024-12-04 15:30:00,244.57000732421875,244.72000122070312,244.47999572753903,244.6699981689453,410839
2024-12-04 16:00:00,244.67,249.275,243.86,244.61,0
2024-12-04 17:00:00,244.5801,244.7,244.45,244.625,0
2024-12-04 18:00:00,244.69,244.78,244.45,244.6999,0
2024-12-05 04:00:00,244.5,244.5,243.9,243.9,0
2024-12-05 05:00:00,243.92,244.48,243.9,244.48,0
2024-12-05 06:00:00,244.53,244.65,244.43,244.59,0
2024-12-05 07:00:00,244.56,244.79,244.48,244.58,0
2024-12-05 08:00:00,244.45,245.02,243.89,244.335,0
2024-12-05 09:00:00,244.36,244.66,244.09,244.41,0
2024-12-05 09:30:00,244.17999267578125,244.3800048828125,243.02000427246097,243.11000061035156,1445005
2024-12-05 10:30:00,243.0749969482422,243.97000122070312,242.8800048828125,243.4149932861328,559585
2024-12-05 11:30:00,243.42999267578125,243.6300048828125,242.2100067138672,242.33999633789065,679866
2024-12-05 12:30:00,242.4199981689453,242.63999938964844,242.1499938964844,242.3000030517578,339692
2024-12-05 13:30:00,242.27999877929688,242.86000061035156,242.2790069580078,242.7100067138672,272111
2024-12-05 14:30:00,242.7100067138672,242.8999938964844,242.61000061035156,242.625,331471
2024-12-05 15:30:00,242.6199951171875,242.8999938964844,242.55999755859375,242.8800048828125,581701
2024-12-05 16:00:00,242.86,243.005,242.82,242.93,0
2024-12-05 17:00:00,242.93,243.95,238.9403,243.41,0
2024-12-05 18:00:00,242.95,243.1,242.86,242.98,0
2024-12-06 04:00:00,243.54,244.2,243.54,243.94,0
2024-12-06 05:00:00,243.99,244.0,243.39,243.51,0
2024-12-06 06:00:00,243.45,243.5,243.1,243.5,0
2024-12-06 07:00:00,243.53,243.81,243.4,243.67,0
2024-12-06 08:00:00,243.65,244.2988,243.13,243.31,0
2024-12-06 09:00:00,243.42,244.2,242.1702,242.63,0
2024-12-06 09:30:00,242.7899932861328,243.7599945068359,242.43499755859375,243.5500030517578,692721
2024-12-06 10:30:00,243.6000061035156,243.77999877929688,243.1300048828125,243.6499938964844,257155
2024-12-06 11:30:00,243.7100067138672,243.86000061035156,243.32000732421875,243.48500061035156,639683
2024-12-06 12:30:00,243.47999572753903,243.6300048828125,243.17999267578125,243.52000427246097,220915
2024-12-06 13:30:00,243.46499633789065,243.48089599609375,243.1199951171875,243.1499938964844,175827
2024-12-06 14:30:00,243.1499938964844,243.38999938964844,243.07000732421875,243.31089782714844,752582
2024-12-06 15:30:00,243.30999755859375,243.33999633789065,242.9199981689453,242.9600067138672,400204
2024-12-06 16:00:00,242.97,243.8444,242.92,243.17,0
2024-12-06 17:00:00,243.15,243.35,242.93,243.27,0
2024-12-06 18:00:00,243.51,243.6,242.99,243.295,0
2024-12-09 04:00:00,244.15,245.0,244.01,244.84,0
2024-12-09 05:00:00,244.9,245.44,244.9,245.42,0
2024-12-09 06:00:00,245.4,245.6,244.98,245.25,0
2024-12-09 07:00:00,245.21,245.42,245.0,245.28,0
2024-12-09 08:00:00,245.28,245.4788,242.95,245.27,0
2024-12-09 09:00:00,245.25,246.1852,242.95,246.14,0
2024-12-09 09:30:00,246.27999877929688,247.11000061035156,246.1699981689453,246.7100067138672,1698191
2024-12-09 10:30:00,246.6999969482422,246.80499267578125,246.17999267578125,246.3699951171875,571679
2024-12-09 11:30:00,246.360107421875,246.4691925048828,246.08999633789065,246.22000122070312,373954
2024-12-09 12:30:00,246.2100067138672,246.2599945068359,245.7400054931641,245.80099487304688,488987
2024-12-09 13:30:00,245.82000732421875,245.97000122070312,245.5500030517578,245.67840576171875,351219
2024-12-09 14:30:00,245.66000366210935,245.7093048095703,245.2595062255859,245.35499572753903,263203
2024-12-09 15:30:00,245.3500061035156,245.4600067138672,245.2899932861328,245.36000061035156,399993
2024-12-09 16:00:00,245.36,245.61,238.6006,245.57,0
2024-12-09 17:00:00,245.57,245.8,241.1474,245.52,0
2024-12-09 18:00:00,245.615,246.0,245.0,245.59,0
2024-12-10 04:00:00,246.52,246.52,245.75,245.9,0
2024-12-10 05:00:00,245.93,246.39,245.83,246.39,0
2024-12-10 06:00:00,246.46,247.11,246.34,246.5,0
2024-12-10 07:00:00,246.65,247.44,246.63,247.15,0
2024-12-10 08:00:00,247.2,247.44,245.36,246.935,0
2024-12-10 09:00:00,246.96,247.65,245.36,247.6,0
2024-12-10 09:30:00,247.86000061035156,248.5099945068359,247.83999633789065,248.1499938964844,1286211
2024-12-10 10:30:00,248.19000244140625,248.52000427246097,247.8300018310547,248.1000061035156,676155
2024-12-10 11:30:00,248.1199951171875,248.72000122070312,247.9900054931641,248.4499969482422,338588
2024-12-10 12:30:00,248.44500732421875,248.86000061035156,248.41000366210935,248.5800018310547,345189
2024-12-10 13:30:00,248.5749969482422,248.7599945068359,248.47000122070312,248.55999755859375,314092
2024-12-10 14:30:00,248.55999755859375,248.61000061035156,248.42999267578125,248.4900054931641,249037
2024-12-10 15:30:00,248.47999572753903,248.6499938964844,248.46499633789065,248.52000427246097,633590
2024-12-10 16:00:00,248.53,248.755,248.41,248.72,0
2024-12-10 17:00:00,248.72,248.77,248.45,248.68,0
2024-12-10 18:00:00,248.74,249.12,248.59,248.89,0
2024-12-11 04:00:00,249.0,249.0,247.74,248.62,0
2024-12-11 05:00:00,248.64,249.29,248.57,249.12,0
2024-12-11 06:00:00,249.06,249.13,248.57,248.98,0
2024-12-11 07:00:00,248.97,249.12,248.66,248.81,0
2024-12-11 08:00:00,248.79,249.49,247.5,248.91,0
2024-12-11 09:00:00,248.77,249.76,247.86,249.51,0
2024-12-11 09:30:00,249.3500061035156,250.55990600585935,248.97000122070312,250.36000061035156,4122540
2024-12-11 10:30:00,250.33999633789065,250.8489990234375,250.30499267578125,250.7899932861328,1281832
2024-12-11 11:30:00,250.8000030517578,251.1300048828125,250.43060302734375,250.86000061035156,1115206
2024-12-11 12:30:00,250.86000061035156,251.2599945068359,250.57000732421875,251.0749969482422,1303809
2024-12-11 13:30:00,251.08999633789065,251.16000366210935,250.4949951171875,250.8000030517578,411635
2024-12-11 14:30:00,250.77999877929688,251.1499938964844,250.7400054931641,251.0099945068359,601805
2024-12-11 15:30:00,251.02000427246097,251.02999877929688,250.7400054931641,250.8650054931641,784396
2024-12-11 16:00:00,250.87,251.0,250.72,250.98,0
2024-12-11 17:00:00,250.9993,251.0,250.89,250.98,0
2024-12-11 18:00:00,250.92,251.05,250.74,251.03,0
2024-12-12 04:00:00,251.23,251.23,250.56,250.59,0
2024-12-12 05:00:00,250.61,250.89,250.2,250.27,0
2024-12-12 06:00:00,250.3,250.67,249.81,250.0,0
2024-12-12 07:00:00,250.21,250.47,250.04,250.32,0
2024-12-12 08:00:00,250.26,250.96,249.2588,250.0,0
2024-12-12 09:00:00,250.0,250.15,248.13,248.36,0
2024-12-12 09:30:00,247.80999755859375,248.2400054931641,247.41000366210935,247.86000061035156,1961577
2024-12-12 10:30:00,247.7949981689453,247.8800048828125,246.8699951171875,247.22999572753903,1295178
2024-12-12 11:30:00,247.22999572753903,247.80479431152344,247.22999572753903,247.67999267578125,1376176
2024-12-12 12:30:00,247.67999267578125,248.0,247.61180114746097,247.8000030517578,877049
2024-12-12 13:30:00,247.8000030517578,247.9600067138672,247.7100067138672,247.77999877929688,830016
2024-12-12 14:30:00,247.77000427246097,247.8000030517578,247.4499969482422,247.47999572753903,1063323
2024-12-12 15:30:00,247.4949951171875,247.63999938964844,247.1199951171875,247.27999877929688,1308765
2024-12-12 16:00:00,247.29,247.86,247.26,247.48,0
2024-12-12 17:00:00,247.48,247.99,247.0,247.2,0
2024-12-12 18:00:00,247.2,247.48,247.17,247.32,0
2024-12-13 04:00:00,247.0,247.28,246.54,246.8,0
2024-12-13 05:00:00,246.82,246.82,246.2,246.31,0
2024-12-13 06:00:00,246.31,246.48,245.98,246.11,0
2024-12-13 07:00:00,246.11,246.64,245.85,246.56,0
2024-12-13 08:00:00,246.5,248.21,245.7602,246.15,0
2024-12-13 09:00:00,246.05,247.28,245.5,246.01,0
2024-12-13 09:30:00,245.6699981689453,245.7899932861328,245.0,245.0399932861328,1892292
2024-12-13 10:30:00,245.05999755859375,245.88999938964844,245.0,245.57000732421875,801940
2024-12-13 11:30:00,245.57000732421875,245.94000244140625,245.3699951171875,245.3999938964844,417975
2024-12-13 12:30:00,245.41000366210935,245.4600067138672,245.0126953125,245.1499938964844,441819
2024-12-13 13:30:00,245.16000366210935,245.23500061035156,244.80999755859375,244.8699951171875,835566
2024-12-13 14:30:00,244.8699951171875,245.02000427246097,244.5800018310547,244.8000030517578,452140
2024-12-13 15:30:00,244.7899932861328,244.80999755859375,244.27000427246097,244.3999938964844,1025792
2024-12-13 16:00:00,244.29,244.74,244.28,244.385,0
2024-12-13 17:00:00,244.39,244.75,244.29,244.29,0
2024-12-13 18:00:00,244.605,244.75,244.3,244.57,0
2024-12-16 04:00:00,244.52,249.0,244.52,245.24,0
2024-12-16 05:00:00,245.27,245.7,245.2,245.51,0
2024-12-16 06:00:00,245.5,245.8,245.4,245.8,0
2024-12-16 07:00:00,245.83,245.94,245.69,245.82,0
2024-12-16 08:00:00,245.7,245.94,244.62,245.705,0
2024-12-16 09:00:00,245.9,245.9,244.29,245.45,0
2024-12-16 09:30:00,245.41000366210935,245.5399932861328,244.72000122070312,245.11000061035156,977537
2024-12-16 10:30:00,245.11000061035156,245.27000427246097,244.59410095214844,244.6199951171875,763289
2024-12-16 11:30:00,244.6300048828125,245.11000061035156,244.5099945068359,245.039794921875,336821
2024-12-16 12:30:00,245.0,245.0500030517578,244.75,244.91000366210935,153335
2024-12-16 13:30:00,244.97000122070312,245.1699981689453,244.8800048828125,244.9727020263672,214624
2024-12-16 14:30:00,244.9600067138672,245.0998992919922,244.82009887695312,244.91000366210935,208705
2024-12-16 15:30:00,244.91000366210935,244.9600067138672,244.83999633789065,244.875,319434
2024-12-16 16:00:00,244.88,244.96,244.77,244.88,0
2024-12-16 17:00:00,244.87,245.0,244.845,244.91,0
2024-12-16 18:00:00,244.88,244.94,244.51,244.71,0
2024-12-17 04:00:00,244.83,244.83,243.85,243.94,0
2024-12-17 05:00:00,243.82,243.97,243.5,243.85,0
2024-12-17 06:00:00,243.87,243.91,243.4,243.64,0
2024-12-17 07:00:00,243.7,244.19,243.6,244.01,0
2024-12-17 08:00:00,244.0,245.18,243.4321,243.8596,0
2024-12-17 09:00:00,244.055,244.88,243.0205,243.09,0
2024-12-17 09:30:00,243.8000030517578,243.97999572753903,243.22999572753903,243.77999877929688,902640
2024-12-17 10:30:00,243.77000427246097,243.97000122070312,243.4199981689453,243.56610107421875,959411
2024-12-17 11:30:00,243.55999755859375,243.9499969482422,243.41000366210935,243.8800048828125,289952
2024-12-17 12:30:00,243.8699951171875,244.41000366210935,243.8500061035156,244.27099609375,356632
2024-12-17 13:30:00,244.2899932861328,244.5500030517578,244.25990295410156,244.41990661621097,391128
2024-12-17 14:30:00,244.40499877929688,244.4199981689453,244.1499938964844,244.3000030517578,201106
2024-12-17 15:30:00,244.3125,244.33799743652344,243.9600067138672,244.0099945068359,760130
2024-12-17 16:00:00,243.94,244.35,230.0049,244.28,0
2024-12-17 17:00:00,244.23,244.86,243.845,244.4,0
2024-12-17 18:00:00,244.4,244.64,243.96,244.38,0
2024-12-18 04:00:00,245.0,245.0,244.3,244.44,0
2024-12-18 05:00:00,244.57,244.57,244.27,244.5,0
2024-12-18 06:00:00,244.42,244.64,244.39,244.39,0
2024-12-18 07:00:00,244.41,244.47,244.15,244.29,0
2024-12-18 08:00:00,244.4,244.5997,243.8,244.2,0
2024-12-18 09:00:00,244.2,244.3,243.68,243.8,0
2024-12-18 09:30:00,243.5449981689453,243.70950317382812,243.1199951171875,243.3500061035156,637435
2024-12-18 10:30:00,243.36000061035156,243.6300048828125,243.3000030517578,243.47999572753903,365988
2024-12-18 11:30:00,243.4900054931641,243.6999969482422,243.04269409179688,243.67010498046875,563045
2024-12-18 12:30:00,243.67999267578125,243.67999267578125,243.2899932861328,243.4900054931641,400083
2024-12-18 13:30:00,243.4900054931641,243.57809448242188,241.4199981689453,241.83999633789065,1143062
2024-12-18 14:30:00,241.8300018310547,242.27000427246097,239.6349945068359,239.63999938964844,1668775
2024-12-18 15:30:00,239.63999938964844,239.72000122070312,238.82000732421875,239.3000030517578,1988610
2024-12-18 16:00:00,239.34,239.86,225.7335,238.69,0
2024-12-18 17:00:00,238.73,239.26,225.7335,239.0,0
2024-12-18 18:00:00,238.74,239.26,238.46,238.94,0
2024-12-19 04:00:00,241.2,241.99,241.2,241.75,0
2024-12-19 05:00:00,241.84,242.1,241.55,241.83,0
2024-12-19 06:00:00,241.83,242.37,241.65,241.76,0
2024-12-19 07:00:00,241.7,241.71,241.07,241.22,0
2024-12-19 08:00:00,241.16,242.0167,239.26,240.28,0
2024-12-19 09:00:00,240.25,240.44,239.26,239.9,0
2024-12-19 09:30:00,239.6699981689453,240.0498962402344,239.0,239.0200958251953,1679096
2024-12-19 10:30:00,239.02999877929688,239.30999755859375,238.72999572753903,239.2400054931641,1001737
2024-12-19 11:30:00,239.22000122070312,239.6199951171875,239.1000061035156,239.3000030517578,767481
2024-12-19 12:30:00,239.27349853515625,239.5,239.07000732421875,239.30999755859375,1453501
2024-12-19 13:30:00,239.3300018310547,240.0399932861328,239.25,239.72999572753903,468215
2024-12-19 14:30:00,239.72999572753903,240.0500030517578,239.63999938964844,239.77999877929688,821957
2024-12-19 15:30:00,239.7899932861328,239.96499633789065,239.58999633789065,239.6199951171875,888782
2024-12-19 16:00:00,239.64,241.9944,238.9403,239.55,0
2024-12-19 17:00:00,239.75,240.15,224.7039,239.57,0
2024-12-19 18:00:00,239.61,239.74,239.225,239.6,0
2024-12-20 04:00:00,240.45,240.64,240.36,240.36,0
2024-12-20 05:00:00,240.35,240.6,240.22,240.6,0
2024-12-20 06:00:00,240.6,240.64,239.91,240.05,0
2024-12-20 07:00:00,240.3,240.51,240.04,240.51,0
2024-12-20 08:00:00,240.51,240.78,239.6,240.19,0
2024-12-20 09:00:00,240.19,241.41,239.1,241.3,0
2024-12-20 09:30:00,241.41000366210935,242.42999267578125,241.1699981689453,242.27000427246097,1719256
2024-12-20 10:30:00,242.27000427246097,242.9550018310547,242.1300048828125,242.1499938964844,1762289
2024-12-20 11:30:00,242.13999938964844,242.5399932861328,242.0800018310547,242.3500061035156,635912
2024-12-20 12:30:00,242.33999633789065,242.47999572753903,242.0399932861328,242.3199005126953,2134186
2024-12-20 13:30:00,242.30999755859375,242.6199951171875,242.1499938964844,242.5,665989
2024-12-20 14:30:00,242.4900054931641,242.67999267578125,242.35299682617188,242.47999572753903,482826
2024-12-20 15:30:00,242.3999938964844,242.4600067138672,242.0500030517578,242.1000061035156,764001
2024-12-20 16:00:00,242.1,242.22,240.5871,242.12,0
2024-12-20 17:00:00,242.1,242.19,241.91,241.955,0
2024-12-20 18:00:00,241.955,242.0,241.25,241.71,0
2024-12-23 04:00:00,242.66,242.98,242.26,242.65,0
2024-12-23 05:00:00,242.44,242.69,242.01,242.22,0
2024-12-23 06:00:00,242.1,242.24,241.42,241.42,0
2024-12-23 07:00:00,241.4,241.65,241.16,241.5,0
2024-12-23 08:00:00,241.44,242.85,241.09,241.3,0
2024-12-23 09:00:00,241.3,242.1,241.3,241.7399,0
2024-12-23 09:30:00,241.6300048828125,241.6699981689453,240.8300018310547,240.91000366210935,1226025
2024-12-23 10:30:00,240.9199981689453,241.22000122070312,240.6499938964844,241.02000427246097,930304
2024-12-23 11:30:00,241.02999877929688,241.44500732421875,240.97000122070312,241.2100067138672,910728
2024-12-23 12:30:00,241.2100067138672,241.22999572753903,240.8800048828125,240.97000122070312,803164
2024-12-23 13:30:00,240.97999572753903,241.08999633789065,240.82000732421875,240.8800048828125,386254
2024-12-23 14:30:00,240.8800048828125,241.08999633789065,240.82000732421875,240.95179748535156,406715
2024-12-23 15:30:00,240.9499969482422,241.0,240.7599945068359,240.9499969482422,463745
2024-12-23 16:00:00,240.94,241.19,240.87,241.17,0
2024-12-23 17:00:00,241.1474,241.5,240.96,241.03,0
2024-12-23 18:00:00,241.03,241.5,240.91,241.215,0
2024-12-24 04:00:00,241.73,241.74,241.22,241.32,0
2024-12-24 05:00:00,241.27,241.53,241.05,241.39,0
2024-12-24 06:00:00,241.53,241.57,241.27,241.28,0
2024-12-24 07:00:00,241.08,241.46,241.08,241.25,0
2024-12-24 08:00:00,241.25,241.82,240.96,241.2,0
2024-12-24 09:00:00,241.15,241.34,240.8686,241.245,0
2024-12-24 09:30:00,241.4900054931641,241.4900054931641,240.82000732421875,241.0126037597656,570030
2024-12-24 10:30:00,241.02999877929688,241.38999938964844,240.82000732421875,241.32000732421875,626452
2024-12-24 11:30:00,241.3500061035156,241.66000366210935,241.2899932861328,241.6499938964844,573598
2024-12-24 13:00:00,241.6499938964844,241.6999969482422,241.0099945068359,241.6999969482422,0
2024-12-24 14:00:00,241.32,242.98,241.0,242.1788,0
2024-12-24 15:00:00,242.11,242.35,241.12,241.56,0
2024-12-24 16:00:00,241.7,242.0,241.0,241.4,0
2024-12-26 04:00:00,242.19,242.91,241.98,242.52,0
2024-12-26 05:00:00,242.46,242.59,242.25,242.5,0
2024-12-26 06:00:00,242.5,242.91,242.49,242.5,0
2024-12-26 07:00:00,242.89,242.89,242.25,242.35,0
2024-12-26 08:00:00,242.34,242.9699,241.44,242.655,0
2024-12-26 09:00:00,242.52,242.9,241.44,242.21,0
2024-12-26 09:30:00,242.38999938964844,243.27000427246097,242.19500732421875,243.22000122070312,764541
2024-12-26 10:30:00,243.19009399414065,243.55999755859375,242.97999572753903,243.0,626933
2024-12-26 11:30:00,243.0,243.02000427246097,242.5500030517578,242.57000732421875,754278
2024-12-26 12:30:00,242.57000732421875,243.2100067138672,242.4949951171875,243.19000244140625,342557
2024-12-26 13:30:00,243.19000244140625,243.25990295410156,242.9600067138672,243.09249877929688,180959
2024-12-26 14:30:00,243.0850067138672,243.2599945068359,243.0500030517578,243.1999969482422,349465
2024-12-26 15:30:00,243.1999969482422,243.22999572753903,243.02999877929688,243.08999633789065,604227
2024-12-26 16:00:00,243.07,243.35,243.0011,243.07,0
2024-12-26 17:00:00,243.05,246.66,242.81,242.81,0
2024-12-26 18:00:00,242.91,243.3199,241.8,243.08,0
2024-12-27 04:00:00,242.28,242.48,242.2,242.47,0
2024-12-27 05:00:00,242.5,242.5,242.09,242.48,0
2024-12-27 06:00:00,242.5,242.5,242.18,242.49,0
2024-12-27 07:00:00,242.49,242.88,242.34,242.63,0
2024-12-27 08:00:00,242.64,243.28,241.87,241.9,0
2024-12-27 09:00:00,241.88,243.07,241.29,241.57,0
2024-12-27 09:30:00,241.1999969482422,241.6699981689453,241.0500030517578,241.3500061035156,942279
2024-12-27 10:30:00,241.31410217285156,241.77999877929688,241.1999969482422,241.72999572753903,1481682
2024-12-27 11:30:00,241.72000122070312,241.7899932861328,241.33999633789065,241.42999267578125,550608
2024-12-27 12:30:00,241.45599365234375,241.63999938964844,241.2899932861328,241.5500030517578,263595
2024-12-27 13:30:00,241.6499938964844,241.8300018310547,241.5500030517578,241.67999267578125,394183
2024-12-27 14:30:00,241.69000244140625,241.9499969482422,241.19000244140625,241.1903076171875,278846
2024-12-27 15:30:00,241.17999267578125,241.57000732421875,241.16000366210935,241.41000366210935,511651
2024-12-27 16:00:00,241.4,241.97,241.4,241.97,0
2024-12-27 17:00:00,241.75,241.97,241.4,241.92,0
2024-12-27 18:00:00,241.65,241.92,241.5,241.815,0
2024-12-30 04:00:00,241.75,241.75,241.04,241.41,0
2024-12-30 05:00:00,241.56,241.6,241.08,241.26,0
2024-12-30 06:00:00,241.2,241.5,240.75,241.5,0
2024-12-30 07:00:00,241.47,241.7,241.41,241.7,0
2024-12-30 08:00:00,241.65,242.3,240.91,241.99,0
2024-12-30 09:00:00,241.99,242.0,240.38,241.05,0
2024-12-30 09:30:00,241.0800018310547,241.0800018310547,240.0099945068359,240.2250061035156,809642
2024-12-30 10:30:00,240.1999969482422,240.35499572753903,239.5800018310547,239.6300048828125,545981
2024-12-30 11:30:00,239.63999938964844,240.3000030517578,239.6300048828125,240.1999053955078,302270
2024-12-30 12:30:00,240.25,240.52999877929688,240.07000732421875,240.4199981689453,240001
2024-12-30 13:30:00,240.42999267578125,240.5749969482422,240.2803955078125,240.3470001220703,473777
2024-12-30 14:30:00,240.3500061035156,240.84500122070312,240.3500061035156,240.7100067138672,387453
2024-12-30 15:30:00,240.72000122070312,240.80999755859375,240.6199951171875,240.6499938964844,340457
2024-12-30 16:00:00,240.63,240.83,240.3,240.45,0
2024-12-30 17:00:00,240.52,240.55,240.15,240.45,0
2024-12-30 18:00:00,240.5,240.55,240.2,240.55,0
2024-12-31 04:00:00,241.47,241.53,240.98,241.29,0
2024-12-31 05:00:00,241.47,241.5,241.04,241.18,0
2024-12-31 06:00:00,241.23,241.23,240.87,241.0,0
2024-12-31 07:00:00,241.0,241.17,240.86,240.95,0
2024-12-31 08:00:00,240.92,241.88,240.19,241.3489,0
2024-12-31 09:00:00,241.25,241.59,240.63,241.23,0
2024-12-31 09:30:00,241.0500030517578,241.7749938964844,241.0500030517578,241.63999938964844,456622
2024-12-31 10:30:00,241.6499938964844,242.42990112304688,241.61000061035156,242.16000366210935,343030
2024-12-31 11:30:00,242.16000366210935,242.52000427246097,242.11000061035156,242.32150268554688,346247
2024-12-31 12:30:00,242.30999755859375,242.47000122070312,242.05999755859375,242.3800048828125,234449
2024-12-31 13:30:00,242.3800048828125,242.49989318847656,242.25230407714844,242.2599945068359,239445
2024-12-31 14:30:00,242.26499938964844,242.3000030517578,242.0800018310547,242.1199951171875,194210
2024-12-31 15:30:00,242.125,242.22000122070312,242.02999877929688,242.1150054931641,400377
2024-12-31 16:00:00,242.13,242.26,230.0049,242.239,0
2024-12-31 17:00:00,242.2,242.53,242.11,242.53,0
2024-12-31 18:00:00,242.15,242.53,242.11,242.31,0
2025-01-02 04:00:00,243.36,243.6,243.18,243.38,0
2025-01-02 05:00:00,243.44,244.14,242.97,243.95,0
2025-01-02 06:00:00,244.1,244.1,243.67,243.76,0
2025-01-02 07:00:00,243.82,243.9,243.62,243.87,0
2025-01-02 08:00:00,243.87,244.35,242.13,243.71,0
2025-01-02 09:00:00,243.43,244.28,242.13,244.2,0
2025-01-02 09:30:00,244.22000122070312,244.63999938964844,244.0800018310547,244.4250030517578,1230550
2025-01-02 10:30:00,244.41000366210935,245.3000030517578,244.38470458984375,245.16000366210935,1017275
2025-01-02 11:30:00,245.1699981689453,245.52000427246097,244.9900054931641,245.11000061035156,942269
2025-01-02 12:30:00,245.11000061035156,245.3300018310547,244.7599945068359,245.0,620329
2025-01-02 13:30:00,244.9900054931641,245.09800720214844,244.8800048828125,245.0697021484375,438187
2025-01-02 14:30:00,245.0,245.52999877929688,244.92999267578125,245.47999572753903,407676
2025-01-02 15:30:00,245.47000122070312,245.52999877929688,245.36000061035156,245.4499969482422,829103
2025-01-02 16:00:00,245.42,245.5,245.18,245.2401,0
2025-01-02 17:00:00,245.25,245.42,238.9403,245.04,0
2025-01-02 18:00:00,245.24,245.49,244.97,245.36,0
2025-01-03 04:00:00,246.0,246.0,244.83,244.96,0
2025-01-03 05:00:00,245.12,245.26,244.87,245.16,0
2025-01-03 06:00:00,245.05,245.4,244.83,245.29,0
2025-01-03 07:00:00,245.29,245.5,245.1,245.15,0
2025-01-03 08:00:00,245.15,245.91,244.44,244.49,0
2025-01-03 09:00:00,244.58,245.42,244.0,244.34,0
2025-01-03 09:30:00,244.55999755859375,244.82000732421875,243.72999572753903,243.86000061035156,1238104
2025-01-03 10:30:00,243.8800048828125,244.32000732421875,243.6999969482422,243.7599945068359,748954
2025-01-03 11:30:00,243.7550048828125,243.9799041748047,243.5749969482422,243.80499267578125,532555
2025-01-03 12:30:00,243.80999755859375,243.8800048828125,243.55999755859375,243.77000427246097,318959
2025-01-03 13:30:00,243.77000427246097,243.9250030517578,243.69000244140625,243.7599945068359,485352
2025-01-03 14:30:00,243.7599945068359,243.83999633789065,243.52000427246097,243.58999633789065,479428
2025-01-03 15:30:00,243.5850067138672,243.6300048828125,243.36000061035156,243.47999572753903,663352
2025-01-03 16:00:00,243.49,244.9959,243.355,243.605,0
2025-01-03 17:00:00,243.635,244.19,243.47,243.805,0
2025-01-03 18:00:00,244.1,244.1,243.65,243.78,0
2025-01-06 04:00:00,243.04,244.19,242.69,243.12,0
2025-01-06 05:00:00,243.0,243.18,242.85,242.99,0
2025-01-06 06:00:00,242.85,244.2,242.85,244.2,0
2025-01-06 07:00:00,243.97,244.6,243.85,243.99,0
2025-01-06 08:00:00,243.9,244.55,242.22,243.85,0
2025-01-06 09:00:00,243.83,243.83,241.96,242.42,0
2025-01-06 09:30:00,242.3300018310547,243.6300048828125,242.0500030517578,243.5800018310547,1266006
2025-01-06 10:30:00,243.58999633789065,243.6199951171875,242.94000244140625,243.51499938964844,431733
2025-01-06 11:30:00,243.5498962402344,243.7899932861328,243.36000061035156,243.38999938964844,427859
2025-01-06 12:30:00,243.38999938964844,243.5099945068359,243.08999633789065,243.3300018310547,271708
2025-01-06 13:30:00,243.32000732421875,243.389892578125,242.97999572753903,243.12030029296875,293037
2025-01-06 14:30:00,243.11000061035156,243.2342987060547,243.02000427246097,243.11000061035156,349945
2025-01-06 15:30:00,243.11000061035156,243.1999969482422,243.0399932861328,243.1750030517578,435245
2025-01-06 16:00:00,243.19,243.41,243.17,243.3,0
2025-01-06 17:00:00,243.38,243.8,241.1474,243.21,0
2025-01-06 18:00:00,243.8,243.8,242.69,243.13,0
2025-01-07 04:00:00,243.86,244.19,243.59,244.0,0
2025-01-07 05:00:00,243.99,244.0,243.72,243.88,0
2025-01-07 06:00:00,243.97,244.28,243.87,243.98,0
2025-01-07 07:00:00,243.98,244.7,243.98,244.4,0
2025-01-07 08:00:00,244.3,245.69,243.19,245.55,0
2025-01-07 09:00:00,245.55,245.89,243.19,245.4,0
2025-01-07 09:30:00,245.52000427246097,245.77000427246097,243.80999755859375,244.7100067138672,1644427
2025-01-07 10:30:00,244.7400054931641,244.91000366210935,244.1499938964844,244.6499938964844,814827
2025-01-07 11:30:00,244.4949951171875,245.08999633789065,244.4949951171875,245.02000427246097,521040
2025-01-07 12:30:00,245.02999877929688,245.1199951171875,244.52999877929688,244.6499938964844,382329
2025-01-07 13:30:00,244.62989807128903,244.62989807128903,244.2599945068359,244.3249969482422,510188
2025-01-07 14:30:00,244.32000732421875,244.57000732421875,244.3000030517578,244.38999938964844,306536
2025-01-07 15:30:00,244.41000366210935,244.69000244140625,244.3000030517578,244.6000061035156,484476
2025-01-07 16:00:00,244.6,244.6751,238.6006,238.6006,0
2025-01-07 17:00:00,244.47,244.58,244.0,244.58,0
2025-01-07 18:00:00,244.5799,244.58,244.0012,244.56,0
2025-01-08 04:00:00,244.78,245.0,244.7,244.86,0
2025-01-08 05:00:00,244.95,245.03,244.78,245.03,0
2025-01-08 06:00:00,244.99,245.04,244.48,244.48,0
2025-01-08 07:00:00,244.44,244.79,244.15,244.35,0
2025-01-08 08:00:00,244.3,245.45,244.0201,245.04,0
2025-01-08 09:00:00,245.45,245.93,244.56,245.71,0
2025-01-08 09:30:00,245.72000122070312,246.1997985839844,245.47999572753903,245.92999267578125,1310220
2025-01-08 10:30:00,245.92999267578125,246.22999572753903,245.7400054931641,246.1000061035156,1018755
2025-01-08 11:30:00,246.05999755859375,246.4499969482422,245.7599945068359,245.78900146484375,551714
2025-01-08 12:30:00,245.75,245.7749938964844,244.5099945068359,245.1699981689453,900955
2025-01-08 13:30:00,245.16000366210935,245.5800018310547,244.7250061035156,245.5299072265625,547920
2025-01-08 14:30:00,245.5099945068359,245.5800018310547,245.1699981689453,245.5,501885
2025-01-08 15:30:00,245.5,245.88999938964844,245.42999267578125,245.8300018310547,608700
2025-01-08 16:00:00,245.86,245.87,243.775,245.86,0
2025-01-08 17:00:00,245.77,246.0,245.0,245.525,0
2025-01-08 18:00:00,245.83,245.88,245.45,245.45,0
2025-01-10 04:00:00,246.94,247.55,246.65,247.31,0
2025-01-10 05:00:00,247.42,247.58,247.2,247.48,0
2025-01-10 06:00:00,247.38,247.59,247.2,247.54,0
2025-01-10 07:00:00,247.54,247.65,247.0,247.05,0
2025-01-10 08:00:00,247.11,247.6309,246.7,247.03,0
2025-01-10 09:00:00,247.03,247.93,245.79,247.69,0
2025-01-10 09:30:00,248.0099945068359,248.80999755859375,247.5500030517578,248.72000122070312,3952237
2025-01-10 10:30:00,248.7400054931641,249.0399932861328,248.02000427246097,248.1300048828125,2139727
2025-01-10 11:30:00,248.1199951171875,248.94000244140625,247.99989318847656,248.7100067138672,1298389
2025-01-10 12:30:00,248.7100067138672,249.02609252929688,248.02999877929688,248.11000061035156,1766667
2025-01-10 13:30:00,248.1199951171875,248.1499938964844,247.75,247.97000122070312,1213199
2025-01-10 14:30:00,247.9604949951172,248.2899932861328,247.72999572753903,248.2400054931641,563967
2025-01-10 15:30:00,248.24380493164065,248.38999938964844,248.1199951171875,248.3000030517578,1017625
2025-01-10 16:00:00,248.21,248.69,248.19,248.315,0
2025-01-10 17:00:00,248.25,248.78,248.21,248.6,0
2025-01-10 18:00:00,248.64,248.76,248.55,248.73,0
2025-01-13 04:00:00,248.02,248.8,247.6,247.68,0
2025-01-13 05:00:00,247.89,248.1,247.13,247.2,0
2025-01-13 06:00:00,247.19,247.53,247.12,247.2,0
2025-01-13 07:00:00,247.2,247.39,246.25,246.25,0
2025-01-13 08:00:00,246.24,248.3588,245.91,246.36,0
2025-01-13 09:00:00,246.26,248.21,245.8,246.33,0
2025-01-13 09:30:00,246.33999633789065,246.7899932861328,245.83999633789065,245.8999938964844,2349713
2025-01-13 10:30:00,245.9149932861328,246.2001037597656,245.52000427246097,246.1000061035156,1055628
2025-01-13 11:30:00,246.1000061035156,246.1929931640625,245.44000244140625,245.5462951660156,865141
2025-01-13 12:30:00,245.5449981689453,245.69000244140625,245.2400054931641,245.4499969482422,852807
2025-01-13 13:30:00,245.4499969482422,245.63999938964844,245.1510009765625,245.33009338378903,2131151
2025-01-13 14:30:00,245.33560180664065,245.5299072265625,245.27999877929688,245.4499969482422,408514
2025-01-13 15:30:00,245.44500732421875,245.75,245.4149932861328,245.69000244140625,513831
2025-01-13 16:00:00,245.68,245.82,245.51,245.76,0
2025-01-13 17:00:00,245.77,245.82,245.5,245.67,0
2025-01-13 18:00:00,245.78,246.38,245.58,246.24,0
2025-01-14 04:00:00,246.41,246.48,246.11,246.2,0
2025-01-14 05:00:00,246.12,246.26,245.84,246.03,0
2025-01-14 06:00:00,245.91,246.14,245.86,245.95,0
2025-01-14 07:00:00,246.06,246.51,246.04,246.51,0
2025-01-14 08:00:00,246.31,246.68,245.74,246.135,0
2025-01-14 09:00:00,246.26,246.77,245.45,245.7864,0
2025-01-14 09:30:00,245.6199951171875,246.6699981689453,245.52000427246097,246.50030517578125,1253720
2025-01-14 10:30:00,246.52000427246097,246.77000427246097,246.25,246.58999633789065,540599
2025-01-14 11:30:00,246.58999633789065,246.7899932861328,246.2100067138672,246.44500732421875,498718
2025-01-14 12:30:00,246.4499969482422,246.5800018310547,246.11000061035156,246.33810424804688,448935
2025-01-14 13:30:00,246.3500061035156,246.7899932861328,246.3500061035156,246.72000122070312,376907
2025-01-14 14:30:00,246.6999969482422,246.9900054931641,246.57009887695312,246.80279541015625,613217
2025-01-14 15:30:00,246.80999755859375,247.0399932861328,246.69000244140625,247.02000427246097,821464
2025-01-14 16:00:00,247.01,247.35,230.0049,247.15,0
2025-01-14 17:00:00,247.07,247.57,247.0,247.19,0
2025-01-14 18:00:00,247.19,247.47,246.7704,247.075,0
2025-01-15 04:00:00,247.65,247.92,247.6,247.89,0
2025-01-15 05:00:00,247.91,248.12,247.76,247.97,0
2025-01-15 06:00:00,248.0,248.14,247.83,247.87,0
2025-01-15 07:00:00,247.8,248.0,247.74,247.88,0
2025-01-15 08:00:00,247.95,248.0438,247.02,247.625,0
2025-01-15 09:00:00,247.78,248.77,247.03,248.1,0
2025-01-15 09:30:00,248.2100067138672,248.32000732421875,247.01019287109375,247.47999572753903,1487109
2025-01-15 10:30:00,247.3699951171875,247.7899932861328,247.05999755859375,247.5919952392578,729906
2025-01-15 11:30:00,247.6199951171875,248.52000427246097,247.4900054931641,248.3300018310547,626228
2025-01-15 12:30:00,248.33999633789065,248.72000122070312,248.2899932861328,248.63999938964844,512624
2025-01-15 13:30:00,248.61000061035156,248.72999572753903,248.3699951171875,248.6199951171875,1109518
2025-01-15 14:30:00,248.6199951171875,248.8000030517578,248.52999877929688,248.7599945068359,525586
2025-01-15 15:30:00,248.7599945068359,248.8999938964844,248.66000366210935,248.86000061035156,830892
2025-01-15 16:00:00,248.88,248.96,247.1983,248.94,0
2025-01-15 17:00:00,248.9499,249.0,248.13,248.94,0
2025-01-15 18:00:00,249.0,249.0,248.22,248.88,0
2025-01-16 04:00:00,248.95,249.61,248.91,249.61,0
2025-01-16 05:00:00,249.55,249.88,249.4,249.72,0
2025-01-16 06:00:00,249.86,249.95,249.6,249.9,0
2025-01-16 07:00:00,249.9,250.12,249.32,249.32,0
2025-01-16 08:00:00,249.31,250.17,248.18,249.725,0
2025-01-16 09:00:00,250.16,250.86,248.88,250.46,0
2025-01-16 09:30:00,250.55999755859375,250.92999267578125,250.27000427246097,250.77000427246097,2221962
2025-01-16 10:30:00,250.77000427246097,250.9600067138672,250.27000427246097,250.7899932861328,1713763
2025-01-16 11:30:00,250.8000030517578,251.25,250.72000122070312,251.1300048828125,1049766
2025-01-16 12:30:00,251.13999938964844,251.38999938964844,250.67999267578125,250.72250366210935,1154383
2025-01-16 13:30:00,250.77000427246097,250.80499267578125,250.44000244140625,250.52999877929688,702951
2025-01-16 14:30:00,250.5498962402344,250.64500427246097,250.44000244140625,250.55499267578125,1007892
2025-01-16 15:30:00,250.5500030517578,250.69000244140625,250.4900054931641,250.55999755859375,929507
2025-01-16 16:00:00,250.6,250.62,250.21,250.5,0
2025-01-16 17:00:00,250.55,250.55,238.9403,250.5,0
2025-01-16 18:00:00,250.5,250.6,250.29,250.425,0
2025-01-17 04:00:00,250.26,250.47,249.67,249.67,0
2025-01-17 05:00:00,249.86,250.08,249.5,249.61,0
2025-01-17 06:00:00,249.59,249.91,249.5,249.75,0
2025-01-17 07:00:00,249.86,250.32,249.66,250.09,0
2025-01-17 08:00:00,250.09,250.75,249.56,250.11,0
2025-01-17 09:00:00,250.11,250.6,248.395,249.81,0
2025-01-17 09:30:00,249.6999969482422,250.58859252929688,249.4600067138672,250.3699951171875,1264365
2025-01-17 10:30:00,250.3800048828125,250.7599945068359,250.23590087890625,250.5500030517578,1062265
2025-01-17 11:30:00,250.5850067138672,250.80999755859375,250.16000366210935,250.25,1825091
2025-01-17 12:30:00,250.2550048828125,250.4499969482422,249.94000244140625,249.9499969482422,983623
2025-01-17 13:30:00,249.9499969482422,250.02999877929688,249.57000732421875,249.8000030517578,1216470
2025-01-17 14:30:00,249.7899932861328,249.7949981689453,249.1499938964844,249.41000366210935,768435
2025-01-17 15:30:00,249.3999938964844,249.55999755859375,249.17999267578125,249.2400054931641,933139
2025-01-17 16:00:00,249.27,249.44,249.05,249.42,0
2025-01-17 17:00:00,249.34,249.44,249.27,249.395,0
2025-01-17 18:00:00,249.43,249.44,249.27,249.345,0
2025-01-21 04:00:00,251.22,251.46,250.52,251.21,0
2025-01-21 05:00:00,251.17,251.36,251.01,251.34,0
2025-01-21 06:00:00,251.18,251.21,250.7,250.98,0
2025-01-21 07:00:00,250.89,251.54,250.89,251.49,0
2025-01-21 08:00:00,251.45,252.0,249.27,251.7,0
2025-01-21 09:00:00,251.59,251.9098,249.27,251.83,0
2025-01-21 09:30:00,251.9499969482422,252.75,251.8300018310547,252.3999938964844,2800388
2025-01-21 10:30:00,252.3999938964844,253.2599945068359,252.2749938964844,252.8784942626953,861393
2025-01-21 11:30:00,252.86000061035156,253.33999633789065,252.75100708007812,253.22999572753903,810608
2025-01-21 12:30:00,253.1999969482422,253.22000122070312,252.80999755859375,253.1750030517578,502400
2025-01-21 13:30:00,253.17999267578125,253.35980224609375,252.8999938964844,253.0500030517578,532536
2025-01-21 14:30:00,253.0500030517578,253.1199951171875,252.8249969482422,252.92999267578125,761549
2025-01-21 15:30:00,252.9403076171875,253.16000366210935,252.8800048828125,253.07000732421875,786355
2025-01-21 16:00:00,253.13,253.35,252.8825,253.18,0
2025-01-21 17:00:00,253.35,253.35,241.1474,253.16,0
2025-01-21 18:00:00,253.28,253.29,253.05,253.27,0
2025-01-22 04:00:00,253.97,254.8,253.13,254.73,0
2025-01-22 05:00:00,254.78,254.89,254.51,254.87,0
2025-01-22 06:00:00,254.74,255.04,254.37,254.61,0
2025-01-22 07:00:00,254.47,254.54,254.15,254.16,0
2025-01-22 08:00:00,254.21,254.91,253.13,254.21,0
2025-01-22 09:00:00,254.17,254.52,253.13,254.32,0
2025-01-22 09:30:00,254.2899932861328,254.46499633789065,253.7801055908203,254.13999938964844,1493229
2025-01-22 10:30:00,254.1300048828125,254.67999267578125,253.9900054931641,254.44000244140625,1204363
2025-01-22 11:30:00,254.4600067138672,254.6699981689453,254.30999755859375,254.4199981689453,513448
2025-01-22 12:30:00,254.4199981689453,254.6000061035156,254.19000244140625,254.5500030517578,402197
2025-01-22 13:30:00,254.55999755859375,254.58999633789065,254.2301025390625,254.25,324359
2025-01-22 14:30:00,254.25509643554688,254.3300018310547,254.17999267578125,254.2899932861328,270433
2025-01-22 15:30:00,254.3000030517578,254.44000244140625,254.18499755859375,254.38999938964844,659967
2025-01-22 16:00:00,254.39,254.45,254.2103,254.32,0
2025-01-22 17:00:00,254.32,254.68,254.0927,254.2,0
2025-01-22 18:00:00,254.2,254.7,254.02,254.3096,0
2025-01-23 04:00:00,253.85,254.04,253.02,253.02,0
2025-01-23 05:00:00,253.15,253.49,252.85,253.45,0
2025-01-23 06:00:00,253.49,254.05,253.41,253.98,0
2025-01-23 07:00:00,253.98,254.07,253.19,253.19,0
2025-01-23 08:00:00,253.15,254.43,252.56,252.83,0
2025-01-23 09:00:00,252.79,253.197,252.4,252.93,0
2025-01-23 09:30:00,253.19000244140625,253.5,252.82000732421875,253.0498962402344,1261134
2025-01-23 10:30:00,253.02999877929688,253.8401031494141,253.0099945068359,253.7751007080078,1132557
2025-01-23 11:30:00,253.7899932861328,254.3800048828125,253.7899932861328,254.1499938964844,817690
2025-01-23 12:30:00,254.1999969482422,254.5399932861328,254.17999267578125,254.3350067138672,402897
2025-01-23 13:30:00,254.3300018310547,254.42999267578125,254.14500427246097,254.2949981689453,278550
2025-01-23 14:30:00,254.27000427246097,254.36000061035156,253.77000427246097,254.02000427246097,1629241
2025-01-23 15:30:00,254.02999877929688,254.08999633789065,253.8699951171875,254.07000732421875,548468
2025-01-23 16:00:00,254.05,254.19,253.86,254.13,0
2025-01-23 17:00:00,254.1,254.2,254.0,254.1,0
2025-01-23 18:00:00,254.1,254.5,254.03,254.17,0
2025-01-24 04:00:00,255.65,256.24,255.65,256.24,0
2025-01-24 05:00:00,256.24,256.3,255.7,255.86,0
2025-01-24 06:00:00,255.82,256.29,255.72,256.29,0
2025-01-24 07:00:00,256.3,256.56,256.12,256.44,0
2025-01-24 08:00:00,256.4,256.87,254.07,256.69,0
2025-01-24 09:00:00,256.7,256.96,254.07,256.41,0
2025-01-24 09:30:00,255.9600067138672,257.07000732421875,255.9199981689453,257.0,1907172
2025-01-24 10:30:00,257.0199890136719,257.07000732421875,255.9199981689453,256.1300048828125,1265286
2025-01-24 11:30:00,256.1099853515625,256.2900085449219,255.61000061035156,256.1099853515625,1083764
2025-01-24 12:30:00,256.1000061035156,256.1600036621094,255.7449951171875,255.8500061035156,733257
2025-01-24 13:30:00,255.86000061035156,255.9900054931641,255.72999572753903,255.78500366210935,417294
2025-01-24 14:30:00,255.78500366210935,256.0899963378906,255.78500366210935,255.90499877929688,575302
2025-01-24 15:30:00,255.91000366210935,255.92999267578125,255.6199951171875,255.69000244140625,942688
2025-01-24 16:00:00,255.71,256.16,255.65,255.749,0
2025-01-24 17:00:00,255.705,256.08,255.65,255.7707,0
2025-01-24 18:00:00,255.865,256.08,255.65,255.9,0
2025-01-27 04:00:00,254.88,255.08,254.05,254.99,0
2025-01-27 05:00:00,254.94,255.32,254.87,255.32,0
2025-01-27 06:00:00,255.3,255.69,255.15,255.44,0
2025-01-27 07:00:00,255.57,255.97,254.8,254.91,0
2025-01-27 08:00:00,254.95,256.05,253.56,254.6,0
2025-01-27 09:00:00,254.6,255.65,253.96,254.12,0
2025-01-27 09:30:00,253.86000061035156,254.2599945068359,252.9499969482422,253.08999633789065,1534753
2025-01-27 10:30:00,253.0800018310547,253.2100067138672,252.6499938964844,252.91000366210935,905544
2025-01-27 11:30:00,252.9199981689453,253.08999633789065,251.9199981689453,252.40499877929688,1179388
2025-01-27 12:30:00,252.42999267578125,252.52999877929688,252.14010620117188,252.4900054931641,501398
2025-01-27 13:30:00,252.5,252.8999938964844,252.3500061035156,252.75,519807
2025-01-27 14:30:00,252.76499938964844,252.8699951171875,252.58999633789065,252.83009338378903,380076
2025-01-27 15:30:00,252.8300018310547,253.1300048828125,252.7899932861328,253.02000427246097,575272
2025-01-27 16:00:00,252.99,253.24,252.776,252.865,0
2025-01-27 17:00:00,252.6102,253.05,252.4,252.4,0
2025-01-27 18:00:00,252.85,253.45,252.7,253.0,0
2025-01-28 04:00:00,253.0,253.3,252.82,253.3,0
2025-01-28 05:00:00,253.28,253.34,253.03,253.22,0
2025-01-28 06:00:00,253.18,253.36,252.98,253.24,0
2025-01-28 07:00:00,253.32,253.32,253.0,253.11,0
2025-01-28 08:00:00,253.19,253.6,252.33,253.6,0
2025-01-28 09:00:00,253.395,253.96,252.99,253.845,0
2025-01-28 09:30:00,254.2250061035156,254.4499969482422,253.89100646972656,254.40899658203125,934362
2025-01-28 10:30:00,254.38999938964844,254.61990356445312,254.27000427246097,254.5399932861328,1060453
2025-01-28 11:30:00,254.52999877929688,254.7100067138672,254.3300018310547,254.55999755859375,734320
2025-01-28 12:30:00,254.57000732421875,254.8500061035156,254.5399932861328,254.75,382728
2025-01-28 13:30:00,254.75,255.13999938964844,254.75,255.13999938964844,517953
2025-01-28 14:30:00,255.13999938964844,255.22999572753903,254.9700927734375,255.02999877929688,536825
2025-01-28 15:30:00,255.0399932861328,255.25,255.0399932861328,255.1199951171875,993048
2025-01-28 16:00:00,255.13,255.2,237.6691,255.07,0
2025-01-28 17:00:00,255.07,255.34,254.64,255.175,0
2025-01-28 18:00:00,255.06,255.2693,254.8,255.0,0
2025-01-29 04:00:00,255.0,255.18,254.77,255.01,0
2025-01-29 05:00:00,255.14,255.14,254.7,254.7,0
2025-01-29 06:00:00,254.7,254.77,254.37,254.76,0
2025-01-29 07:00:00,254.76,254.76,254.37,254.51,0
2025-01-29 08:00:00,254.51,255.2588,253.92,254.31,0
2025-01-29 09:00:00,254.31,255.18,254.2,254.62,0
2025-01-29 09:30:00,254.5500030517578,254.82000732421875,253.7899932861328,253.8300018310547,1723931
2025-01-29 10:30:00,253.8249053955078,254.33999633789065,253.66000366210935,254.0500030517578,759044
2025-01-29 11:30:00,254.0399932861328,254.17999267578125,253.63999938964844,253.97999572753903,468897
2025-01-29 12:30:00,253.9900054931641,254.2100067138672,253.6699981689453,254.16000366210935,381122
2025-01-29 13:30:00,254.13999938964844,254.16000366210935,253.3000030517578,253.36000061035156,597159
2025-01-29 14:30:00,253.3699951171875,254.62820434570312,253.3000030517578,254.4300994873047,944130
2025-01-29 15:30:00,254.44000244140625,254.5,254.1699981689453,254.25,537381
2025-01-29 16:00:00,254.2,254.59,254.19,254.42,0
2025-01-29 17:00:00,254.42,254.87,254.24,254.59,0
2025-01-29 18:00:00,254.585,254.78,254.33,254.55,0
2025-01-30 04:00:00,255.0,256.16,254.41,256.0,0
2025-01-30 05:00:00,256.09,256.46,255.9,256.4,0
2025-01-30 06:00:00,256.36,256.46,256.26,256.44,0
2025-01-30 07:00:00,256.45,256.48,256.17,256.32,0
2025-01-30 08:00:00,256.3,257.0,254.2,256.89,0
2025-01-30 09:00:00,256.55,257.1,254.2,256.755,0
2025-01-30 09:30:00,257.20001220703125,257.6099853515625,256.45001220703125,257.4750061035156,3846409
2025-01-30 10:30:00,257.4800109863281,258.2900085449219,257.25,257.6199951171875,2020809
2025-01-30 11:30:00,257.6400146484375,257.9299011230469,257.3699951171875,257.5899963378906,2059125
2025-01-30 12:30:00,257.5899963378906,258.1401062011719,257.5899963378906,257.92999267578125,561843
2025-01-30 13:30:00,257.92999267578125,258.0398864746094,257.5899963378906,257.6000061035156,1581492
2025-01-30 14:30:00,257.5950012207031,257.9800109863281,257.5199890136719,257.9299011230469,861594
2025-01-30 15:30:00,257.919189453125,258.2900085449219,257.760009765625,257.9700927734375,1378315
2025-01-30 16:00:00,258.05,258.25,257.57,257.9686,0
2025-01-30 17:00:00,257.95,258.05,257.62,257.825,0
2025-01-30 18:00:00,257.9,258.28,257.77,258.155,0
2025-01-31 04:00:00,258.21,258.21,257.7,257.91,0
2025-01-31 05:00:00,257.91,258.01,257.46,257.86,0
2025-01-31 06:00:00,257.82,258.1,257.68,258.06,0
2025-01-31 07:00:00,258.08,258.88,257.96,258.72,0
2025-01-31 08:00:00,258.86,259.2988,257.62,258.885,0
2025-01-31 09:00:00,258.8,259.21,258.05,258.92,0
2025-01-31 09:30:00,259.0799865722656,259.989990234375,258.8100891113281,259.32330322265625,1679362
2025-01-31 10:30:00,259.3268127441406,259.5762023925781,258.8500061035156,259.0,1099826
2025-01-31 11:30:00,259.0,259.510009765625,258.6427917480469,259.1099853515625,1614430
2025-01-31 12:30:00,259.1050109863281,259.8500061035156,258.20001220703125,258.327392578125,1656423
2025-01-31 13:30:00,258.32989501953125,258.65179443359375,257.92999267578125,258.5101013183594,927819
2025-01-31 14:30:00,258.5400085449219,258.6499938964844,257.8599853515625,258.17498779296875,775635
2025-01-31 15:30:00,258.1499938964844,258.67999267578125,258.1000061035156,258.54998779296875,701782
2025-01-31 16:00:00,258.55,259.3,258.34,258.45,0
2025-01-31 17:00:00,258.4,258.66,258.3527,258.56,0
2025-01-31 18:00:00,258.56,258.56,258.41,258.5,0
2025-02-03 04:00:00,258.14,259.74,257.72,258.19,0
2025-02-03 05:00:00,258.28,258.53,257.79,257.98,0
2025-02-03 06:00:00,257.85,258.73,257.79,258.35,0
2025-02-03 07:00:00,258.21,258.97,258.21,258.77,0
2025-02-03 08:00:00,258.78,259.68,256.5,259.59,0
2025-02-03 09:00:00,259.239,259.79,258.56,259.75,0
2025-02-03 09:30:00,259.75,261.38970947265625,259.6300048828125,260.30999755859375,4692317
2025-02-03 10:30:00,260.32000732421875,260.7099914550781,259.5899963378906,260.2699890136719,2524523
2025-02-03 11:30:00,260.15008544921875,260.5,259.5235900878906,260.1000061035156,896801
2025-02-03 12:30:00,260.1294860839844,260.4200134277344,259.7900085449219,260.04998779296875,857771
2025-02-03 13:30:00,260.0400085449219,260.510009765625,259.9800109863281,260.3399963378906,611971
2025-02-03 14:30:00,260.34649658203125,260.34649658203125,259.8599853515625,259.8800048828125,842479
2025-02-03 15:30:00,259.889892578125,259.989990234375,259.7850036621094,259.8699951171875,771834
2025-02-03 16:00:00,259.94,260.03,259.37,259.68,0
2025-02-03 17:00:00,259.52,259.66,259.16,259.31,0
2025-02-03 18:00:00,259.31,259.98,259.25,259.59,0
2025-02-04 04:00:00,259.85,260.22,259.65,259.95,0
2025-02-04 05:00:00,260.2,260.56,259.88,260.11,0
2025-02-04 06:00:00,259.97,260.0,259.51,259.75,0
2025-02-04 07:00:00,259.7,260.24,259.67,260.24,0
2025-02-04 08:00:00,260.3,261.8788,258.93,261.6745,0
2025-02-04 09:00:00,261.57,261.8,259.94,261.3401,0
2025-02-04 09:30:00,261.8299865722656,262.42999267578125,261.6600036621094,262.39990234375,2819418
2025-02-04 10:30:00,262.3900146484375,262.5199890136719,261.3500061035156,262.19000244140625,1278035
2025-02-04 11:30:00,262.2099914550781,262.3500061035156,261.9599914550781,262.30999755859375,1535157
2025-02-04 12:30:00,262.32501220703125,262.5199890136719,262.19000244140625,262.4200134277344,1283448
2025-02-04 13:30:00,262.4100036621094,262.5199890136719,262.2099914550781,262.2699890136719,490714
2025-02-04 14:30:00,262.2799987792969,262.42999267578125,262.1300048828125,262.22259521484375,557169
2025-02-04 15:30:00,262.20001220703125,262.5400085449219,262.1600036621094,262.5,703471
2025-02-04 16:00:00,262.5,262.5,261.865,262.29,0
2025-02-04 17:00:00,262.26,262.52,262.23,262.52,0
2025-02-04 18:00:00,262.52,262.53,262.0,262.21,0
2025-02-05 04:00:00,264.45,264.85,264.12,264.84,0
2025-02-05 05:00:00,264.83,265.0,264.75,264.98,0
2025-02-05 06:00:00,264.96,265.41,264.43,264.8,0
2025-02-05 07:00:00,264.77,264.84,264.56,264.74,0
2025-02-05 08:00:00,264.75,265.6264,263.41,264.65,0
2025-02-05 09:00:00,264.65,264.65,263.51,264.325,0
2025-02-05 09:30:00,264.45001220703125,265.559814453125,264.2174987792969,265.44000244140625,2685180
2025-02-05 10:30:00,265.42999267578125,265.989990234375,264.2200012207031,264.80999755859375,1627207
2025-02-05 11:30:00,264.8299865722656,265.42999267578125,264.5150146484375,265.0899963378906,1956055
2025-02-05 12:30:00,265.05999755859375,265.19000244140625,264.4200134277344,264.82501220703125,1563277
2025-02-05 13:30:00,264.8299865722656,264.9049072265625,264.1400146484375,264.5350036621094,1994426
2025-02-05 14:30:00,264.5150146484375,264.69000244140625,264.0899963378906,264.3699035644531,1147098
2025-02-05 15:30:00,264.3699951171875,264.4800109863281,263.8900146484375,264.1400146484375,1066152
2025-02-05 16:00:00,264.13,265.2588,264.02,264.26,0
2025-02-05 17:00:00,264.37,265.35,264.26,264.83,0
2025-02-05 18:00:00,264.5,264.84,264.13,264.74,0
2025-02-06 04:00:00,263.42,264.75,263.37,263.57,0
2025-02-06 05:00:00,263.56,263.95,263.45,263.95,0
2025-02-06 06:00:00,263.87,264.13,263.7,263.91,0
2025-02-06 07:00:00,263.91,264.81,263.9,264.5,0
2025-02-06 08:00:00,264.55,264.88,262.85,263.88,0
2025-02-06 09:00:00,264.0,264.5,263.3,263.34,0
2025-02-06 09:30:00,263.6600036621094,263.7200012207031,261.489990234375,262.4147033691406,2258677
2025-02-06 10:30:00,262.4200134277344,263.364990234375,262.3399963378906,262.9849853515625,1676696
2025-02-06 11:30:00,263.0,263.2850036621094,262.75,262.989990234375,1600187
2025-02-06 12:30:00,262.92999267578125,263.135009765625,262.7699890136719,263.05999755859375,1273032
2025-02-06 13:30:00,263.04998779296875,263.2254943847656,262.8800048828125,263.0150146484375,699332
2025-02-06 14:30:00,263.010009765625,263.54998779296875,262.94000244140625,263.2699890136719,533117
2025-02-06 15:30:00,263.2900085449219,263.5,263.2300109863281,263.4599914550781,514474
2025-02-06 16:00:00,263.43,263.54,262.98,263.4,0
2025-02-06 17:00:00,263.4011,263.5,263.32,263.49,0
2025-02-06 18:00:00,263.45,263.8048,263.32,263.535,0
2025-02-07 04:00:00,264.49,265.12,264.14,265.0,0
2025-02-07 05:00:00,264.96,265.0,264.24,264.38,0
2025-02-07 06:00:00,264.47,264.89,264.36,264.68,0
2025-02-07 07:00:00,264.5,264.68,264.26,264.4,0
2025-02-07 08:00:00,264.4,264.9542,263.43,264.26,0
2025-02-07 09:00:00,264.2,265.0,263.18,264.4395,0
2025-02-07 09:30:00,265.2200012207031,266.0299987792969,264.9599914550781,266.0,2389898
2025-02-07 10:30:00,266.0,266.3450012207031,264.3999938964844,264.7300109863281,2547602
2025-02-07 11:30:00,264.7300109863281,264.7300109863281,263.5,263.7300109863281,1116565
2025-02-07 12:30:00,263.67999267578125,264.3699951171875,263.260009765625,264.1600036621094,640148
2025-02-07 13:30:00,264.1600036621094,264.3500061035156,263.92999267578125,264.010009765625,722201
2025-02-07 14:30:00,263.9800109863281,264.25,263.80999755859375,263.8999938964844,647001
2025-02-07 15:30:00,263.9100036621094,264.04998779296875,263.8500061035156,263.94000244140625,873351
2025-02-07 16:00:00,263.9,264.6515,263.9,264.0399,0
2025-02-07 17:00:00,264.0,264.04,263.96,264.03,0
2025-02-07 18:00:00,264.03,264.36,263.96,264.34,0
2025-02-10 04:00:00,267.21,267.7,266.15,267.54,0
2025-02-10 05:00:00,267.63,268.15,267.6,267.84,0
2025-02-10 06:00:00,267.75,267.97,267.0,267.52,0
2025-02-10 07:00:00,267.56,268.14,267.56,267.94,0
2025-02-10 08:00:00,267.95,268.8756,263.9,267.92,0
2025-02-10 09:00:00,267.96,268.0,263.9,267.6116,0
2025-02-10 09:30:00,268.0,268.6000061035156,267.7099914550781,268.3500061035156,2322486
2025-02-10 10:30:00,268.34521484375,268.6600036621094,267.9700012207031,268.1199951171875,3452198
2025-02-10 11:30:00,268.1300048828125,268.2099914550781,267.3599853515625,267.4700012207031,1971833
2025-02-10 12:30:00,267.4599914550781,268.2200012207031,267.239990234375,268.1700134277344,822724
2025-02-10 13:30:00,268.1600036621094,268.239990234375,267.8800048828125,267.92999267578125,1150209
2025-02-10 14:30:00,267.9200134277344,268.1000061035156,267.7699890136719,267.8299865722656,759107
2025-02-10 15:30:00,267.8500061035156,268.42999267578125,267.80999755859375,268.3399963378906,1664508
2025-02-10 16:00:00,268.37,268.44,268.0,268.32,0
2025-02-10 17:00:00,268.32,268.9,268.2,268.69,0
2025-02-10 18:00:00,268.59,269.5853,268.3,269.2,0
2025-02-11 04:00:00,268.32,270.0,268.0,268.55,0
2025-02-11 05:00:00,268.5,268.57,267.8,268.17,0
2025-02-11 06:00:00,268.17,268.23,267.75,268.1,0
2025-02-11 07:00:00,268.09,268.15,267.4,267.56,0
2025-02-11 08:00:00,267.56,270.2,265.88,266.68,0
2025-02-11 09:00:00,266.68,268.37,266.49,267.4,0
2025-02-11 09:30:00,267.70001220703125,267.9700012207031,266.71099853515625,267.3699951171875,2407842
2025-02-11 10:30:00,267.3699951171875,268.3599853515625,267.2300109863281,268.1919860839844,927065
2025-02-11 11:30:00,268.1700134277344,268.20001220703125,267.510009765625,268.04998779296875,560200
2025-02-11 12:30:00,268.0400085449219,268.2300109863281,267.8500061035156,267.95001220703125,592409
2025-02-11 13:30:00,267.9700012207031,268.1700134277344,267.6000061035156,267.69000244140625,436138
2025-02-11 14:30:00,267.69000244140625,267.8500061035156,267.010009765625,267.1299133300781,1028463
2025-02-11 15:30:00,267.1199951171875,267.4200134277344,266.9800109863281,267.3399963378906,945515
2025-02-11 16:00:00,267.39,267.49,261.83,267.32,0
2025-02-11 17:00:00,267.32,267.5,266.95,267.5,0
2025-02-11 18:00:00,267.49,267.63,267.03,267.34,0
2025-02-12 04:00:00,266.92,267.12,266.64,266.64,0
2025-02-12 05:00:00,266.6,266.75,266.32,266.56,0
2025-02-12 06:00:00,266.6,266.6,265.6,265.79,0
2025-02-12 07:00:00,265.85,266.25,265.66,265.95,0
2025-02-12 08:00:00,265.95,267.0,265.07,265.7,0
2025-02-12 09:00:00,265.5,267.39,264.26,267.08,0
2025-02-12 09:30:00,267.1099853515625,267.3699951171875,266.3450927734375,266.8500061035156,1641129
2025-02-12 10:30:00,266.8399963378906,267.2405090332031,266.8299865722656,266.9800109863281,1504887
2025-02-12 11:30:00,266.9849853515625,268.42999267578125,266.9200134277344,268.0513000488281,1486018
2025-02-12 12:30:00,268.07000732421875,268.17999267578125,267.6449890136719,267.739990234375,704557
2025-02-12 13:30:00,267.739990234375,267.8900146484375,266.95001220703125,267.1000061035156,506642
2025-02-12 14:30:00,267.1000061035156,267.6199951171875,267.04998779296875,267.5400085449219,1280156
2025-02-12 15:30:00,267.5400085449219,267.760009765625,267.5400085449219,267.69000244140625,1510930
2025-02-12 16:00:00,267.67,268.03,267.61,267.96,0
2025-02-12 17:00:00,267.9013,268.11,267.88,267.97,0
2025-02-12 18:00:00,267.95,268.21,267.505,268.21,0
2025-02-13 04:00:00,268.5,269.0,268.43,268.85,0
2025-02-13 05:00:00,268.77,269.23,268.7,269.09,0
2025-02-13 06:00:00,269.13,269.26,268.98,269.04,0
2025-02-13 07:00:00,269.12,269.37,268.93,269.1,0
2025-02-13 08:00:00,269.15,269.62,266.551,268.6,0
2025-02-13 09:00:00,268.66,269.1,267.175,268.59,0
2025-02-13 09:30:00,268.3999938964844,269.3699951171875,268.2200012207031,269.010009765625,2155850
2025-02-13 10:30:00,269.0188903808594,269.4700012207031,268.9599914550781,269.1600036621094,957115
2025-02-13 11:30:00,269.1700134277344,269.20001220703125,268.69000244140625,268.9800109863281,1174991
2025-02-13 12:30:00,268.9700012207031,269.2699890136719,268.8500061035156,269.1300048828125,549267
2025-02-13 13:30:00,269.125,270.07000732421875,268.85528564453125,269.9599914550781,818147
2025-02-13 14:30:00,269.9800109863281,270.2200012207031,269.8500061035156,269.94000244140625,1062146
2025-02-13 15:30:00,269.94000244140625,270.3900146484375,269.8900146484375,270.260009765625,981383
2025-02-13 16:00:00,270.31,270.37,269.09232,270.18,0
2025-02-13 17:00:00,270.21,270.31,270.07,270.23,0
2025-02-13 18:00:00,270.22,270.7,270.0712,270.52,0
2025-02-14 04:00:00,270.85,271.09,270.71,271.06,0
2025-02-14 05:00:00,271.04,271.2,270.73,271.15,0
2025-02-14 06:00:00,271.14,271.25,270.71,270.76,0
2025-02-14 07:00:00,270.76,270.82,270.26,270.58,0
2025-02-14 08:00:00,270.59,271.2654,269.937,270.1993,0
2025-02-14 09:00:00,270.2,270.62,268.87,269.77,0
2025-02-14 09:30:00,270.07000732421875,270.2099914550781,267.29998779296875,267.5899963378906,2227343
2025-02-14 10:30:00,267.5899963378906,268.2200012207031,266.8999938964844,266.94000244140625,1517929
2025-02-14 11:30:00,266.9200134277344,267.32000732421875,266.5299987792969,266.9599914550781,885117
2025-02-14 12:30:00,266.9700012207031,267.02239990234375,266.0400085449219,266.260009765625,927519
2025-02-14 13:30:00,266.2900085449219,266.30999755859375,265.8949890136719,265.989990234375,660845
2025-02-14 14:30:00,265.989990234375,266.0,265.5899963378906,265.9313049316406,1392299
2025-02-14 15:30:00,265.92999267578125,266.3599853515625,265.45001220703125,266.239990234375,2726240
2025-02-14 16:00:00,266.29,266.29,265.94,265.98,0
2025-02-14 17:00:00,265.9988,266.1,265.95,266.1,0
2025-02-14 18:00:00,266.1,267.0,265.98,266.25,0
2025-02-18 04:00:00,268.22,270.05,268.22,268.6,0
2025-02-18 05:00:00,268.63,268.79,268.45,268.5,0
2025-02-18 06:00:00,268.5,268.74,268.3,268.58,0
2025-02-18 07:00:00,268.57,268.95,268.57,268.91,0
2025-02-18 08:00:00,268.89,269.5,266.29,269.2,0
2025-02-18 09:00:00,269.1987,270.075,266.29,269.42,0
2025-02-18 09:30:00,269.67999267578125,270.2850036621094,269.6000061035156,269.9800109863281,2560715
2025-02-18 10:30:00,269.9700012207031,270.2650146484375,269.70001220703125,270.1700134277344,851471
2025-02-18 11:30:00,270.1600036621094,270.69000244140625,270.1199951171875,270.5299987792969,883469
2025-02-18 12:30:00,270.5199890136719,270.6000061035156,270.19000244140625,270.3399963378906,594939
2025-02-18 13:30:00,270.3599853515625,270.7200012207031,270.3550109863281,270.65350341796875,642746
2025-02-18 14:30:00,270.65509033203125,271.0098876953125,270.6300048828125,270.7699890136719,1251189
2025-02-18 15:30:00,270.7799987792969,270.8399963378906,270.5400085449219,270.6600036621094,799147
2025-02-18 16:00:00,270.7,270.96,270.3164,270.85,0
2025-02-18 17:00:00,270.8488,271.08,270.6,270.8,0
2025-02-18 18:00:00,270.79,270.9,270.6,270.72,0
2025-02-19 04:00:00,271.17,271.91,270.4,271.85,0
2025-02-19 05:00:00,271.8,271.93,271.5,271.69,0
2025-02-19 06:00:00,271.63,271.92,271.53,271.7,0
2025-02-19 07:00:00,271.65,271.65,270.45,270.64,0
2025-02-19 08:00:00,270.64,271.9319,270.15,271.22,0
2025-02-19 09:00:00,271.24,271.38,270.56,271.1,0
2025-02-19 09:30:00,270.67999267578125,271.3299865722656,270.4700012207031,270.81988525390625,1965647
2025-02-19 10:30:00,270.8500061035156,271.1700134277344,269.6700134277344,270.0299987792969,1199309
2025-02-19 11:30:00,270.0350036621094,270.29998779296875,269.70001220703125,270.0585021972656,1245873
2025-02-19 12:30:00,270.0400085449219,270.04998779296875,269.239990234375,269.3550109863281,2758606
2025-02-19 13:30:00,269.3671875,270.3299865722656,269.2900085449219,270.2200012207031,406686
2025-02-19 14:30:00,270.2200012207031,270.7699890136719,270.1700134277344,270.7489929199219,781557
2025-02-19 15:30:00,270.75,270.94000244140625,270.5199890136719,270.8699951171875,695686
2025-02-19 16:00:00,270.85,271.1113,270.5,270.6581,0
2025-02-19 17:00:00,270.63,270.85,270.57,270.79,0
2025-02-19 18:00:00,270.7,270.79,270.57,270.79,0
2025-02-20 04:00:00,272.47,272.68,271.9,272.42,0
2025-02-20 05:00:00,272.41,272.58,272.11,272.5,0
2025-02-20 06:00:00,272.5,272.54,272.08,272.28,0
2025-02-20 07:00:00,272.33,272.41,271.06,271.36,0
2025-02-20 08:00:00,271.37,272.7208,271.06,271.5,0
2025-02-20 09:00:00,271.62,271.93,269.7,269.8497,0
2025-02-20 09:30:00,270.2300109863281,271.19000244140625,270.1700134277344,270.8659973144531,1293804
2025-02-20 10:30:00,270.75,271.7099914550781,270.5299987792969,271.4599914550781,1061123
2025-02-20 11:30:00,271.42999267578125,271.7049865722656,271.2300109863281,271.3439025878906,936025
2025-02-20 12:30:00,271.3699951171875,271.8399963378906,270.8888854980469,271.2298889160156,1019706
2025-02-20 13:30:00,271.260009765625,271.4100036621094,270.70001220703125,270.9400939941406,616546
2025-02-20 14:30:00,270.9898986816406,271.2620849609375,270.5899963378906,270.8500061035156,1259744
2025-02-20 15:30:00,270.8450927734375,271.0899963378906,270.7828063964844,270.9800109863281,877310
2025-02-20 16:00:00,270.99,271.28,270.97,271.07,0
2025-02-20 17:00:00,271.07,271.22,270.9,271.15,0
2025-02-20 18:00:00,271.07,271.5,271.0,271.26,0
2025-02-21 04:00:00,269.7,270.76,269.58,269.86,0
2025-02-21 05:00:00,269.99,270.37,269.85,270.34,0
2025-02-21 06:00:00,270.34,270.83,270.2,270.83,0
2025-02-21 07:00:00,270.8,270.8,270.02,270.59,0
2025-02-21 08:00:00,270.68,270.99,269.27,270.5193,0
2025-02-21 09:00:00,270.49,270.99,270.01,270.69,0
2025-02-21 09:30:00,270.7950134277344,271.1400146484375,269.510009765625,269.8999938964844,1588683
2025-02-21 10:30:00,269.87078857421875,270.7699890136719,269.79998779296875,270.69000244140625,942424
2025-02-21 11:30:00,270.69500732421875,271.2149963378906,270.69000244140625,271.05999755859375,1225129
2025-02-21 12:30:00,271.0400085449219,271.3800048828125,271.0,271.19000244140625,745303
2025-02-21 13:30:00,271.2099914550781,271.510009765625,271.1400146484375,271.1597900390625,2300603
2025-02-21 14:30:00,271.1524963378906,271.25,270.5299987792969,270.6900939941406,909216
2025-02-21 15:30:00,270.8299865722656,270.9100036621094,270.6199951171875,270.7799987792969,888451
2025-02-21 16:00:00,270.74,271.0892,270.56,270.81,0
2025-02-21 17:00:00,270.82,271.0,270.7,270.7388,0
2025-02-21 18:00:00,270.7384,270.95,270.52,270.75,0
2025-02-24 04:00:00,271.72,271.96,270.87,271.74,0
2025-02-24 05:00:00,271.79,271.9,271.44,271.48,0
2025-02-24 06:00:00,271.49,271.49,270.78,271.49,0
2025-02-24 07:00:00,271.51,272.22,271.41,271.91,0
2025-02-24 08:00:00,271.89,272.31,270.74,272.0835,0
2025-02-24 09:00:00,272.13,272.75,270.74,272.36,0
2025-02-24 09:30:00,271.45001220703125,271.6600036621094,270.375,270.82000732421875,1487169
2025-02-24 10:30:00,270.8550109863281,271.55999755859375,270.57501220703125,271.30999755859375,887193
2025-02-24 11:30:00,271.30999755859375,271.65008544921875,271.2300109863281,271.5199890136719,475415
2025-02-24 12:30:00,271.5,271.92999267578125,271.44000244140625,271.8900146484375,543261
2025-02-24 13:30:00,271.8999938964844,272.1300048828125,271.7803039550781,271.8599853515625,467605
2025-02-24 14:30:00,271.8599853515625,272.1499938964844,271.8500061035156,271.9150085449219,516408
2025-02-24 15:30:00,271.9549865722656,272.32000732421875,271.9100036621094,272.20001220703125,653493
2025-02-24 16:00:00,272.22,272.45,271.5074,272.38,0
2025-02-24 17:00:00,272.4096,272.53,254.1444,272.41,0
2025-02-24 18:00:00,272.41,272.53,271.91,272.14,0
2025-02-25 04:00:00,271.39,271.9,271.0,271.16,0
2025-02-25 05:00:00,271.2,271.45,270.99,271.19,0
2025-02-25 06:00:00,271.15,271.34,270.94,271.23,0
2025-02-25 07:00:00,271.23,271.33,270.7,270.72,0
2025-02-25 08:00:00,270.7,272.21,269.7,270.2,0
2025-02-25 09:00:00,270.201,272.21,270.12,271.2,0
2025-02-25 09:30:00,271.4599914550781,271.6795959472656,268.4100036621094,268.4599914550781,2830181
2025-02-25 10:30:00,268.1099853515625,268.5299987792969,266.45001220703125,267.0299987792969,2627006
2025-02-25 11:30:00,267.0014953613281,267.593505859375,266.5899963378906,267.5199890136719,1212641
2025-02-25 12:30:00,267.55999755859375,268.6700134277344,267.5050048828125,268.05999755859375,659730
2025-02-25 13:30:00,268.0799865722656,268.5899963378906,268.0400085449219,268.1809997558594,674023
2025-02-25 14:30:00,268.17999267578125,268.79998779296875,268.17999267578125,268.6650085449219,574338
2025-02-25 15:30:00,268.6700134277344,268.75,268.54998779296875,268.6600036621094,897552
2025-02-25 16:00:00,268.67,271.55,268.62,268.89,0
2025-02-25 17:00:00,268.862,269.34,250.6204,268.74,0
2025-02-25 18:00:00,269.27,269.29,268.63,269.13,0
2025-02-26 04:00:00,269.1,269.45,268.88,269.01,0
2025-02-26 05:00:00,269.0,269.05,268.66,268.88,0
2025-02-26 06:00:00,268.88,268.88,268.58,268.66,0
2025-02-26 07:00:00,268.66,268.98,268.42,268.42,0
2025-02-26 08:00:00,268.5,269.45,265.258,268.67,0
2025-02-26 09:00:00,268.67,268.78,266.8015,267.24,0
2025-02-26 09:30:00,267.0799865722656,268.6199951171875,266.66119384765625,268.5199890136719,1807054
2025-02-26 10:30:00,268.5199890136719,269.0799865722656,268.1099853515625,268.5400085449219,1165330
2025-02-26 11:30:00,268.54998779296875,269.0,268.4800109863281,268.8299865722656,934455
2025-02-26 12:30:00,268.8699951171875,269.0299987792969,268.6659851074219,268.8999938964844,550571
2025-02-26 13:30:00,268.8999938964844,269.0299987792969,268.6099853515625,268.9849853515625,883390
2025-02-26 14:30:00,268.9849853515625,269.0150146484375,268.6050109863281,268.94500732421875,730884
2025-02-26 15:30:00,268.95001220703125,269.0799865722656,268.864990234375,269.04998779296875,920352
2025-02-26 16:00:00,269.03,271.51,268.5211,269.0,0
2025-02-26 17:00:00,269.0,269.5,268.97,269.14,0
2025-02-26 18:00:00,269.09,269.5,268.7742,269.451,0
2025-02-27 04:00:00,265.8,266.78,265.41,266.69,0
2025-02-27 05:00:00,266.71,266.84,266.17,266.71,0
2025-02-27 06:00:00,266.73,266.94,266.3,266.45,0
2025-02-27 07:00:00,266.41,266.42,265.9,266.18,0
2025-02-27 08:00:00,266.08,269.03,265.38,266.4,0
2025-02-27 09:00:00,266.47,269.03,265.75,266.54,0
2025-02-27 09:30:00,266.51019287109375,266.6700134277344,264.447509765625,265.20001220703125,3338442
2025-02-27 10:30:00,265.17999267578125,265.3900146484375,264.8009948730469,265.05499267578125,1218670
2025-02-27 11:30:00,265.05999755859375,265.7099914550781,264.8800048828125,265.6838073730469,709077
2025-02-27 12:30:00,265.69000244140625,266.2300109863281,265.3900146484375,265.94000244140625,761526
2025-02-27 13:30:00,265.94000244140625,266.302490234375,265.8399963378906,265.8699951171875,423628
2025-02-27 14:30:00,265.8699951171875,265.8699951171875,264.95001220703125,264.989990234375,1003192
2025-02-27 15:30:00,265.0,265.32000732421875,264.8699951171875,264.9800109863281,1095946
2025-02-27 16:00:00,264.93,269.03,264.77,265.26,0
2025-02-27 17:00:00,265.23,265.39,252.967,264.9988,0
2025-02-27 18:00:00,265.05,265.48,264.85,265.37,0
2025-02-28 04:00:00,263.41,264.28,263.41,264.0,0
2025-02-28 05:00:00,264.12,264.26,263.79,263.96,0
2025-02-28 06:00:00,263.98,264.31,263.77,263.91,0
2025-02-28 07:00:00,264.0,264.25,263.77,264.13,0
2025-02-28 08:00:00,264.08,264.93,263.0,263.5,0
2025-02-28 09:00:00,263.51,264.93,262.17,262.55,0
2025-02-28 09:30:00,262.55499267578125,262.6400146484375,261.260986328125,262.1549987792969,3567644
2025-02-28 10:30:00,262.1499938964844,263.2384033203125,261.8900146484375,262.7200012207031,1825352
2025-02-28 11:30:00,262.7300109863281,263.03009033203125,262.5,262.5799865722656,1851336
2025-02-28 12:30:00,262.5849914550781,262.639892578125,261.7799987792969,261.8800048828125,1158554
2025-02-28 13:30:00,261.8900146484375,262.7099914550781,261.8800048828125,262.4700012207031,613936
2025-02-28 14:30:00,262.4599914550781,263.2690124511719,262.4100036621094,262.9100036621094,765898
2025-02-28 15:30:00,262.9200134277344,263.3999938964844,262.6700134277344,263.3299865722656,1295850
2025-02-28 16:00:00,263.27,263.77,263.22,263.72,0
2025-02-28 17:00:00,263.566,263.8,254.6507,263.53,0
2025-02-28 18:00:00,263.5,263.55,262.46,263.55,0
2025-03-03 04:00:00,264.51,264.88,264.3,264.75,0
2025-03-03 05:00:00,264.68,264.9,264.23,264.9,0
2025-03-03 06:00:00,264.76,265.26,264.67,265.02,0
2025-03-03 07:00:00,265.0,265.31,264.86,265.31,0
2025-03-03 08:00:00,265.32,265.5748,263.83,264.8,0
2025-03-03 09:00:00,264.8,265.23,264.8,264.95,0
2025-03-03 09:30:00,265.07000732421875,266.57000732421875,265.07000732421875,266.5199890136719,2153291
2025-03-03 10:30:00,266.5596008300781,266.6300048828125,266.0299987792969,266.4599914550781,830568
2025-03-03 11:30:00,266.489990234375,266.8800048828125,266.29998779296875,266.5050048828125,778047
2025-03-03 12:30:00,266.5,266.81500244140625,266.3900146484375,266.6099853515625,555349
2025-03-03 13:30:00,266.6300048828125,266.75,266.25,266.4299011230469,712008
2025-03-03 14:30:00,266.4200134277344,266.5799865722656,265.510009765625,265.9549865722656,1193811
2025-03-03 15:30:00,265.9700012207031,266.75,265.9700012207031,266.6700134277344,844333
2025-03-03 16:00:00,266.66,267.05,266.58,266.88,0
2025-03-03 17:00:00,266.89,267.5,266.82,267.5,0
2025-03-03 18:00:00,267.11,267.26,266.45,266.45,0
2025-03-04 04:00:00,268.99,269.46,266.7,269.38,0
2025-03-04 05:00:00,269.43,269.8,268.65,269.02,0
2025-03-04 06:00:00,268.91,269.16,268.65,269.02,0
2025-03-04 07:00:00,269.1,269.64,269.07,269.58,0
2025-03-04 08:00:00,269.62,270.12,266.2,269.5036,0
2025-03-04 09:00:00,269.56,269.9799,266.74,269.14,0
2025-03-04 09:30:00,269.010009765625,269.2998962402344,267.5199890136719,268.1578063964844,2534277
2025-03-04 10:30:00,268.1499938964844,268.4999084472656,267.8699951171875,268.2799987792969,990731
2025-03-04 11:30:00,268.29998779296875,269.0400085449219,268.2250061035156,268.8299865722656,849365
2025-03-04 12:30:00,268.8399963378906,268.9172058105469,268.3699951171875,268.4150085449219,592522
2025-03-04 13:30:00,268.3900146484375,268.9100036621094,268.260009765625,268.6600036621094,571291
2025-03-04 14:30:00,268.69000244140625,269.3999938964844,268.67999267578125,269.23980712890625,1643562
2025-03-04 15:30:00,269.2349853515625,269.2349853515625,268.82501220703125,269.0799865722656,945420
2025-03-04 16:00:00,269.09,269.4,268.69,269.17,0
2025-03-04 17:00:00,269.16,269.4,269.04,269.16,0
2025-03-04 18:00:00,269.04,269.36,268.15,268.8106,0
2025-03-05 04:00:00,269.11,269.56,268.79,268.85,0
2025-03-05 05:00:00,269.0,269.51,268.75,269.15,0
2025-03-05 06:00:00,269.27,269.29,268.39,268.76,0
2025-03-05 07:00:00,268.74,269.27,268.64,269.22,0
2025-03-05 08:00:00,269.17,269.5,268.4469,268.66,0
2025-03-05 09:00:00,268.64,269.125,266.92,267.68,0
2025-03-05 09:30:00,267.9700012207031,269.489990234375,267.9599914550781,269.1600036621094,1756237
2025-03-05 10:30:00,269.1600036621094,270.260009765625,268.8630065917969,270.1199951171875,1197624
2025-03-05 11:30:00,270.1199951171875,270.25,269.0910949707031,269.19000244140625,971633
2025-03-05 12:30:00,269.1600036621094,269.4100036621094,268.54998779296875,269.0299987792969,834798
2025-03-05 13:30:00,269.0000915527344,269.2699890136719,268.7409973144531,269.2099914550781,453090
2025-03-05 14:30:00,269.239990234375,269.5986022949219,269.1600036621094,269.55999755859375,371540
2025-03-05 15:30:00,269.55999755859375,269.70001220703125,269.4700012207031,269.54998779296875,829008
2025-03-05 16:00:00,269.54,269.62,269.1101,269.27,0
2025-03-05 17:00:00,269.27,269.72,269.15,269.7057,0
2025-03-05 18:00:00,269.34,269.7,268.97,269.14,0
2025-03-06 04:00:00,269.64,269.64,267.4,267.43,0
2025-03-06 05:00:00,267.47,267.58,266.68,267.37,0
2025-03-06 06:00:00,267.37,267.92,267.31,267.81,0
2025-03-06 07:00:00,267.86,268.15,267.74,267.79,0
2025-03-06 08:00:00,267.82,269.62,266.82,267.92,0
2025-03-06 09:00:00,267.92,269.62,267.55,268.2,0
2025-03-06 09:30:00,268.25,269.510009765625,268.21209716796875,268.6199951171875,1122100
2025-03-06 10:30:00,268.6300048828125,269.1099853515625,268.260009765625,268.9800109863281,1662435
2025-03-06 11:30:00,269.0,269.31988525390625,268.79998779296875,269.30999755859375,465982
2025-03-06 12:30:00,269.2900085449219,269.4200134277344,268.75,269.1300048828125,431120
2025-03-06 13:30:00,269.1400146484375,269.239990234375,268.57000732421875,268.69000244140625,362320
2025-03-06 14:30:00,268.6499938964844,269.0400085449219,268.6000061035156,268.79998779296875,554586
2025-03-06 15:30:00,268.7900085449219,268.79998779296875,268.1600036621094,268.2200012207031,871965
2025-03-06 16:00:00,268.25,268.5,268.015,268.5,0
2025-03-06 17:00:00,268.54,269.0,268.25,268.34,0
2025-03-06 18:00:00,268.44,268.75,268.25,268.36,0
2025-03-07 04:00:00,269.5,269.59,268.85,269.53,0
2025-03-07 05:00:00,269.46,269.58,269.08,269.35,0
2025-03-07 06:00:00,269.35,269.58,269.12,269.41,0
2025-03-07 07:00:00,269.31,269.54,269.06,269.44,0
2025-03-07 08:00:00,269.44,269.71,268.05,268.62,0
2025-03-07 09:00:00,268.61,269.87,267.82,268.7,0
2025-03-07 09:30:00,269.0899963378906,270.3399963378906,269.0400085449219,269.7799987792969,1610787
2025-03-07 10:30:00,269.7850036621094,269.8800048828125,268.2900085449219,269.0199890136719,1322519
2025-03-07 11:30:00,269.0299987792969,269.2049865722656,267.9302062988281,268.2749938964844,1282185
2025-03-07 12:30:00,268.260009765625,268.409912109375,267.6400146484375,268.0199890136719,1812231
2025-03-07 13:30:00,268.010009765625,268.3299865722656,267.8699951171875,268.0050048828125,1161084
2025-03-07 14:30:00,268.010009765625,268.2698974609375,267.8599853515625,268.125,1564111
2025-03-07 15:30:00,268.1400146484375,268.5,268.1099853515625,268.3800048828125,1123115
2025-03-07 16:00:00,268.39,268.6399,268.27,268.34,0
2025-03-07 17:00:00,268.3322,268.69,268.33,268.49,0
2025-03-07 18:00:00,268.49,268.69,268.33,268.69,0
2025-03-10 05:00:00,267.25,268.68,267.14,268.66,0
2025-03-10 06:00:00,268.66,268.82,267.76,267.76,0
2025-03-10 07:00:00,267.67,267.88,267.3,267.5,0
2025-03-10 08:00:00,267.5,268.995,267.05,268.0685,0
2025-03-10 09:00:00,268.1,268.39,267.62,268.06,0
2025-03-10 09:30:00,267.6199951171875,268.2900085449219,267.2300109863281,267.8399963378906,1383745
2025-03-10 10:30:00,267.8299865722656,268.44000244140625,267.5,268.19000244140625,780893
2025-03-10 11:30:00,268.2049865722656,268.2200012207031,267.6499938964844,267.739990234375,742344
2025-03-10 12:30:00,267.75,267.7799987792969,266.5799865722656,266.9599914550781,880093
2025-03-10 13:30:00,266.989990234375,266.989990234375,265.6528015136719,265.9150085449219,1266106
2025-03-10 14:30:00,265.9200134277344,266.6600036621094,265.6400146484375,266.385009765625,843692
2025-03-10 15:30:00,266.3900146484375,266.6300048828125,265.9800109863281,266.1099853515625,951668
2025-03-10 16:00:00,266.13,267.78,254.1444,266.63,0
2025-03-10 17:00:00,266.5,267.2,266.03,266.1,0
2025-03-10 18:00:00,266.13,266.59,265.9,266.02,0
2025-03-10 19:00:00,266.0001,266.32,265.83,265.92,0
2025-03-11 04:00:00,266.72,268.1,266.72,267.9,0
2025-03-11 05:00:00,268.15,268.55,268.02,268.45,0
2025-03-11 06:00:00,268.51,268.8,268.31,268.62,0
2025-03-11 07:00:00,268.63,268.84,268.44,268.66,0
2025-03-11 08:00:00,268.69,268.99,266.04,268.8,0
2025-03-11 09:00:00,268.7,269.0,268.0879,268.26,0
2025-03-11 09:30:00,268.4700012207031,269.7300109863281,268.4400939941406,268.95001220703125,2885761
2025-03-11 10:30:00,269.00048828125,269.3299865722656,268.55859375,268.875,872212
2025-03-11 11:30:00,268.8999938964844,269.30999755859375,268.80999755859375,269.010009765625,633568
2025-03-11 12:30:00,269.010009765625,269.3900146484375,268.75,268.95001220703125,975235
2025-03-11 13:30:00,268.92010498046875,269.260009765625,268.8800048828125,269.0400085449219,1090517
2025-03-11 14:30:00,269.0400085449219,269.44000244140625,268.9700012207031,269.3550109863281,728811
2025-03-11 15:30:00,269.3599853515625,269.47900390625,269.1499938964844,269.17999267578125,741969
2025-03-11 16:00:00,269.16,269.42,250.6204,268.9203,0
2025-03-11 17:00:00,268.96,269.5,268.88,269.0,0
2025-03-11 18:00:00,268.99,269.17,268.25,269.09,0
2025-03-11 19:00:00,268.8,269.36,268.8,269.13,0
2025-03-12 04:00:00,268.85,269.19,268.62,269.19,0
2025-03-12 05:00:00,269.17,269.83,269.15,269.27,0
2025-03-12 06:00:00,269.31,269.36,268.72,268.76,0
2025-03-12 07:00:00,268.71,268.95,268.7,268.76,0
2025-03-12 08:00:00,268.7,269.9988,268.38,268.864,0
2025-03-12 09:00:00,268.84,269.6,268.82,269.03,0
2025-03-12 09:30:00,268.4700012207031,269.1600036621094,268.3599853515625,268.9800109863281,968141
2025-03-12 10:30:00,269.0199890136719,270.0899963378906,269.0199890136719,269.69000244140625,1209882
2025-03-12 11:30:00,269.70001220703125,270.989990234375,269.6600036621094,270.95001220703125,1120411
2025-03-12 12:30:00,270.9800109863281,271.1499938964844,270.6199951171875,270.9703063964844,989640
2025-03-12 13:30:00,270.9700012207031,271.2300109863281,270.5799865722656,270.7449951171875,633492
2025-03-12 14:30:00,270.7402038574219,270.92999267578125,270.4555969238281,270.6600036621094,653865
2025-03-12 15:30:00,270.6600036621094,270.67999267578125,270.30999755859375,270.3399963378906,829879
2025-03-12 16:00:00,270.33,270.64,269.7686,270.59,0
2025-03-12 17:00:00,270.6062,270.91,270.33,270.59,0
2025-03-12 18:00:00,270.59,271.0,270.33,270.99,0
2025-03-12 19:00:00,270.9,271.01,270.42,270.95,0
2025-03-13 04:00:00,270.72,271.51,270.65,271.26,0
2025-03-13 05:00:00,271.43,271.78,271.2,271.67,0
2025-03-13 06:00:00,271.69,271.93,271.39,271.43,0
2025-03-13 07:00:00,271.45,271.99,271.33,271.64,0
2025-03-13 08:00:00,271.7,272.0,270.33,271.4067,0
2025-03-13 09:00:00,271.53,271.99,271.06,271.4081,0
2025-03-13 09:30:00,271.57000732421875,272.42999267578125,271.54998779296875,272.3783874511719,1928831
2025-03-13 10:30:00,272.3699951171875,274.32000732421875,272.260009765625,274.0299987792969,2351921
2025-03-13 11:30:00,274.010009765625,274.80999755859375,273.79998779296875,274.7200927734375,2028995
2025-03-13 12:30:00,274.7149963378906,275.2799987792969,274.4599914550781,274.7699890136719,1975796
2025-03-13 13:30:00,274.7702941894531,275.2699890136719,274.7099914550781,274.9549865722656,1130415
2025-03-13 14:30:00,274.93890380859375,275.2300109863281,274.8299865722656,275.1299133300781,942383
2025-03-13 15:30:00,275.1289978027344,275.3450012207031,274.8699951171875,275.1000061035156,1642959
2025-03-13 16:00:00,275.08,275.8,271.0,275.57,0
2025-03-13 17:00:00,275.4542,275.65,275.02,275.62,0
2025-03-13 18:00:00,275.63,275.8,275.0,275.7745,0
2025-03-13 19:00:00,275.79,275.79,275.13,275.45,0
2025-03-14 04:00:00,275.45,276.0,275.32,276.0,0
2025-03-14 05:00:00,276.04,276.4,275.75,276.26,0
2025-03-14 06:00:00,276.33,277.2,276.21,276.82,0
2025-03-14 07:00:00,276.92,276.99,275.24,276.33,0
2025-03-14 08:00:00,276.34,277.21,275.08,276.38,0
2025-03-14 09:00:00,276.38,276.64,275.13,276.0985,0
2025-03-14 09:30:00,276.2699890136719,276.29998779296875,274.94000244140625,275.0799865722656,3198914
2025-03-14 10:30:00,275.1000061035156,275.4736022949219,274.6600036621094,274.8900146484375,1140846
2025-03-14 11:30:00,274.92010498046875,275.7200012207031,274.7900085449219,275.5,698276
2025-03-14 12:30:00,275.5,275.8299865722656,275.44000244140625,275.7799987792969,612755
2025-03-14 13:30:00,275.7213134765625,275.80999755859375,275.239990234375,275.27130126953125,1339514
2025-03-14 14:30:00,275.2900085449219,275.4100036621094,275.1000061035156,275.2699890136719,601972
2025-03-14 15:30:00,275.2550048828125,275.2550048828125,275.04998779296875,275.2099914550781,862961
2025-03-14 16:00:00,275.24,275.87,275.0166,275.27,0
2025-03-14 17:00:00,275.307,275.53,275.18,275.28,0
2025-03-14 18:00:00,275.28,275.4,275.18,275.3,0
2025-03-14 19:00:00,275.18,275.4,274.8,275.3901,0
2025-03-17 04:00:00,275.37,276.0,275.13,275.57,0
2025-03-17 05:00:00,275.48,276.12,275.16,276.12,0
2025-03-17 06:00:00,276.01,276.51,275.98,276.42,0
2025-03-17 07:00:00,276.33,276.8,276.23,276.77,0
2025-03-17 08:00:00,276.75,276.81,275.06,276.5,0
2025-03-17 09:00:00,276.08,276.5,275.2,275.6799,0
2025-03-17 09:30:00,275.5400085449219,276.4914855957031,275.3900146484375,276.48089599609375,1812473
2025-03-17 10:30:00,276.489990234375,276.7466125488281,276.0400085449219,276.3399963378906,2182559
2025-03-17 11:30:00,276.32000732421875,276.55999755859375,276.1885986328125,276.3699951171875,532749
2025-03-17 12:30:00,276.36279296875,276.57000732421875,276.0408935546875,276.5400085449219,686420
2025-03-17 13:30:00,276.5249938964844,276.7300109863281,276.3800048828125,276.6700134277344,972481
2025-03-17 14:30:00,276.6600036621094,276.739990234375,276.5299987792969,276.6098937988281,550363
2025-03-17 15:30:00,276.6099853515625,276.7900085449219,276.44000244140625,276.7200012207031,1267843
2025-03-17 16:00:00,276.73,276.88,276.295,276.7302,0
2025-03-17 17:00:00,276.7899,277.0,276.73,277.0,0
2025-03-17 18:00:00,276.82,276.89,276.66,276.7696,0
2025-03-17 19:00:00,276.7696,276.99,276.66,276.68,0
2025-03-18 04:00:00,278.23,279.0,278.0,278.91,0
2025-03-18 05:00:00,279.03,279.38,278.78,278.81,0
2025-03-18 06:00:00,278.78,279.07,278.43,278.92,0
2025-03-18 07:00:00,278.88,279.09,278.62,278.95,0
2025-03-18 08:00:00,278.98,279.57,276.73,279.23,0
2025-03-18 09:00:00,279.23,280.1895,279.22,279.88,0
2025-03-18 09:30:00,279.8999938964844,280.2149963378906,278.9700012207031,279.3999938964844,2787110
2025-03-18 10:30:00,279.3699951171875,279.70001220703125,278.9800109863281,279.58990478515625,966660
2025-03-18 11:30:00,279.5899963378906,279.9800109863281,279.4200134277344,279.9798889160156,814808
2025-03-18 12:30:00,279.9700012207031,280.1000061035156,279.510986328125,279.69000244140625,804425
2025-03-18 13:30:00,279.67999267578125,279.79998779296875,279.3999938964844,279.7799987792969,591497
2025-03-18 14:30:00,279.78009033203125,280.2099914550781,279.7799987792969,280.125,1651452
2025-03-18 15:30:00,280.1199951171875,280.19000244140625,279.8999938964844,279.9599914550781,1360019
2025-03-18 16:00:00,279.97,280.04,279.67,279.89,0
2025-03-18 17:00:00,279.9,279.96,279.0792,279.85,0
2025-03-18 18:00:00,279.83,279.95,279.58,279.87,0
2025-03-18 19:00:00,279.88,279.96,279.6,279.81,0
2025-03-19 04:00:00,280.0,280.43,279.65,279.8,0
2025-03-19 05:00:00,279.61,279.78,278.8,279.2,0
2025-03-19 06:00:00,279.22,280.02,279.22,279.95,0
2025-03-19 07:00:00,279.91,280.28,279.81,280.28,0
2025-03-19 08:00:00,280.3,280.97,279.0667,280.15,0
2025-03-19 09:00:00,280.15,280.47,279.85,279.85,0
2025-03-19 09:30:00,279.8500061035156,279.9197082519531,279.05999755859375,279.44000244140625,2378566
2025-03-19 10:30:00,279.4599914550781,279.7099914550781,279.1400146484375,279.6393127441406,1210499
2025-03-19 11:30:00,279.6299133300781,280.2099914550781,279.3800964355469,280.0398864746094,715595
2025-03-19 12:30:00,280.0199890136719,280.0799865722656,279.510009765625,279.70001220703125,713800
2025-03-19 13:30:00,279.69000244140625,280.4800109863281,279.3599853515625,280.1299133300781,1104709
2025-03-19 14:30:00,280.1400146484375,281.47900390625,280.1400146484375,280.5498962402344,1628621
2025-03-19 15:30:00,280.5400085449219,281.1700134277344,280.5199890136719,281.1099853515625,768462
2025-03-19 16:00:00,281.11,281.5,280.5,280.97,0
2025-03-19 17:00:00,281.1,281.5,281.0201,281.11,0
2025-03-19 18:00:00,281.1,281.26,280.8,281.2,0
2025-03-19 19:00:00,281.2,281.4,280.8,281.01,0
2025-03-20 04:00:00,280.55,281.5,280.2,280.3,0
2025-03-20 05:00:00,280.29,280.88,280.25,280.75,0
2025-03-20 06:00:00,280.78,280.83,279.39,279.39,0
2025-03-20 07:00:00,279.4,279.84,279.0,279.57,0
2025-03-20 08:00:00,279.61,281.88,279.11,280.1,0
2025-03-20 09:00:00,280.1,281.11,279.55,279.72,0
2025-03-20 09:30:00,279.489990234375,280.0799865722656,279.42999267578125,279.5931091308594,1428441
2025-03-20 10:30:00,279.6047058105469,280.4800109863281,279.5802917480469,280.32000732421875,553004
2025-03-20 11:30:00,280.3550109863281,280.59991455078125,280.0799865722656,280.17999267578125,1415683
2025-03-20 12:30:00,280.190185546875,280.29998779296875,279.75,279.8900146484375,486901
2025-03-20 13:30:00,279.9100036621094,280.79998779296875,279.8800048828125,280.7300109863281,588299
2025-03-20 14:30:00,280.67999267578125,280.8699951171875,280.3999938964844,280.81500244140625,478197
2025-03-20 15:30:00,280.80999755859375,280.8999938964844,280.7099914550781,280.739990234375,720245
2025-03-20 16:00:00,280.75,280.82,280.704,280.75,0
2025-03-20 17:00:00,280.74,280.9,280.72,280.75,0
2025-03-20 18:00:00,280.9,280.98,280.55,280.88,0
2025-03-20 19:00:00,280.88,280.91,280.56,280.91,0
2025-03-21 04:00:00,279.57,280.0,279.13,279.42,0
2025-03-21 05:00:00,279.38,279.82,279.25,279.65,0
2025-03-21 06:00:00,279.45,279.75,279.35,279.7,0
2025-03-21 07:00:00,279.66,279.72,279.36,279.6,0
2025-03-21 08:00:00,279.5,280.75,278.7,279.94,0
2025-03-21 09:00:00,279.92,280.75,279.6709,280.0,0
2025-03-21 09:30:00,279.4599914550781,279.4599914550781,276.5899963378906,277.3800964355469,3092538
2025-03-21 10:30:00,277.364990234375,278.29998779296875,277.1300048828125,277.9700927734375,1125518
2025-03-21 11:30:00,277.92498779296875,278.1400146484375,277.6000061035156,278.0299987792969,439319
2025-03-21 12:30:00,278.0199890136719,278.3299865722656,277.8598937988281,278.0899963378906,482701
2025-03-21 13:30:00,278.05999755859375,278.4569091796875,277.8678894042969,278.4200134277344,663631
2025-03-21 14:30:00,278.44000244140625,278.7300109863281,278.1099853515625,278.5898132324219,1556105
2025-03-21 15:30:00,278.5899963378906,278.6600036621094,278.44000244140625,278.489990234375,1324110
2025-03-21 16:00:00,278.49,278.98,278.4384,278.9,0
2025-03-21 17:00:00,278.93,278.99,278.6,278.9,0
2025-03-21 18:00:00,278.8994,279.0,278.6,278.6,0
2025-03-21 19:00:00,278.6,278.85,278.15,278.55,0
2025-03-24 04:00:00,278.62,279.2,278.46,278.76,0
2025-03-24 05:00:00,278.74,279.52,278.74,279.36,0
2025-03-24 06:00:00,279.39,279.65,278.77,279.65,0
2025-03-24 07:00:00,279.65,279.68,279.0,279.22,0
2025-03-24 08:00:00,279.24,279.6,278.13,279.04,0
2025-03-24 09:00:00,279.0,279.2,277.94983,279.188,0
2025-03-24 09:30:00,278.9100036621094,279.0889892578125,278.0899963378906,278.1650085449219,1844050
2025-03-24 10:30:00,278.1700134277344,278.19000244140625,277.0799865722656,277.53509521484375,2084058
2025-03-24 11:30:00,277.56500244140625,278.0899963378906,277.5450134277344,277.70001220703125,669511
2025-03-24 12:30:00,277.7049865722656,277.739990234375,277.2850036621094,277.5299987792969,902000
2025-03-24 13:30:00,277.510009765625,277.510009765625,276.8599853515625,277.0350036621094,1037946
2025-03-24 14:30:00,277.0199890136719,277.3900146484375,277.0,277.1600036621094,488619
2025-03-24 15:30:00,277.1549987792969,277.2900085449219,277.0899963378906,277.2300109863281,524254
2025-03-24 16:00:00,277.2,278.0,277.15,277.72,0
2025-03-24 17:00:00,277.71,277.76,277.2782,277.41,0
2025-03-24 18:00:00,277.53,277.78,277.27,277.69,0
2025-03-24 19:00:00,277.25,277.73,277.25,277.57,0
2025-03-25 04:00:00,277.81,278.28,277.25,278.24,0
2025-03-25 05:00:00,278.24,278.94,278.24,278.62,0
2025-03-25 06:00:00,278.63,278.96,278.49,278.84,0
2025-03-25 07:00:00,278.7,278.97,278.6,278.9,0
2025-03-25 08:00:00,278.98,279.08,277.25,278.29,0
2025-03-25 09:00:00,278.22,279.0,277.25,278.86,0
2025-03-25 09:30:00,278.7799987792969,279.9599914550781,278.7799987792969,279.2598876953125,1525958
2025-03-25 10:30:00,279.239990234375,279.510009765625,278.5400085449219,278.739990234375,681371
2025-03-25 11:30:00,278.7699890136719,278.9518127441406,278.30999755859375,278.7099914550781,684654
2025-03-25 12:30:00,278.70001220703125,279.0,278.45989990234375,278.6400146484375,396058
2025-03-25 13:30:00,278.6300048828125,278.75,278.3399963378906,278.3702087402344,343382
2025-03-25 14:30:00,278.4100036621094,278.4800109863281,278.2699890136719,278.3800048828125,391493
2025-03-25 15:30:00,278.3800048828125,278.5799865722656,278.3599853515625,278.4700012207031,687405
2025-03-25 16:00:00,278.48,278.56,278.4,278.5,0
2025-03-25 17:00:00,278.51,278.75,278.4,278.4,0
2025-03-25 18:00:00,278.44,278.7413,278.44,278.5,0
2025-03-25 19:00:00,278.5909,279.0025,278.5,278.62,0
2025-03-26 04:00:00,279.49,279.68,278.15,279.51,0
2025-03-26 05:00:00,279.51,279.6,278.52,278.52,0
2025-03-26 06:00:00,278.51,278.86,278.3,278.83,0
2025-03-26 07:00:00,278.72,279.3,278.63,279.24,0
2025-03-26 08:00:00,279.24,279.68,277.9,279.1,0
2025-03-26 09:00:00,279.07,279.43,278.47,279.0,0
2025-03-26 09:30:00,278.92999267578125,279.0199890136719,278.010009765625,278.1087951660156,842189
2025-03-26 10:30:00,278.0400085449219,278.659912109375,277.7799987792969,278.1499938964844,536276
2025-03-26 11:30:00,278.1700134277344,278.5050048828125,278.010009765625,278.4198913574219,401661
2025-03-26 12:30:00,278.42498779296875,278.4700012207031,278.0400085449219,278.20098876953125,421392
2025-03-26 13:30:00,278.19000244140625,278.5899963378906,278.1000061035156,278.55010986328125,304008
2025-03-26 14:30:00,278.57000732421875,278.5799865722656,278.125,278.239990234375,344777
2025-03-26 15:30:00,278.2349853515625,278.3299865722656,278.135009765625,278.2300109863281,604793
2025-03-26 16:00:00,278.23,278.66,278.23,278.44,0
2025-03-26 17:00:00,278.48,278.53,278.41,278.5,0
2025-03-26 18:00:00,278.5,278.6438,278.25,278.26,0
2025-03-26 19:00:00,278.34,278.6,278.2,278.59,0
2025-03-27 04:00:00,279.9,280.22,279.27,279.9,0
2025-03-27 05:00:00,279.95,280.13,279.7,279.83,0
2025-03-27 06:00:00,279.88,281.47,279.77,281.45,0
2025-03-27 07:00:00,281.47,281.75,279.69,281.16,0
2025-03-27 08:00:00,281.2,281.75,278.24,281.4,0
2025-03-27 09:00:00,281.16,281.4,278.24,280.82,0
2025-03-27 09:30:00,280.54998779296875,281.30120849609375,279.5867919921875,281.2550048828125,1782415
2025-03-27 10:30:00,281.23309326171875,282.06500244140625,281.17999267578125,281.6300048828125,1478961
2025-03-27 11:30:00,281.6000061035156,282.0299987792969,281.2200012207031,281.44500732421875,860378
2025-03-27 12:30:00,281.4549865722656,281.4700012207031,281.0,281.0704040527344,627719
2025-03-27 13:30:00,281.0299987792969,281.760009765625,280.9599914550781,281.6499938964844,684774
2025-03-27 14:30:00,281.6549987792969,281.94000244140625,281.6518859863281,281.860595703125,1060822
2025-03-27 15:30:00,281.8599853515625,281.9800109863281,281.80999755859375,281.94000244140625,1350041
2025-03-27 16:00:00,281.93,281.99,281.037,281.83,0
2025-03-27 17:00:00,281.85,282.0,281.82,282.0,0
2025-03-27 18:00:00,281.99,282.0,281.54,281.72,0
2025-03-27 19:00:00,281.76,281.87,281.55,281.79,0
2025-03-28 04:00:00,283.9,284.09,282.79,282.79,0
2025-03-28 05:00:00,282.81,283.53,282.76,283.4,0
2025-03-28 06:00:00,283.4,283.69,282.87,283.15,0
2025-03-28 07:00:00,283.15,283.92,283.15,283.91,0
2025-03-28 08:00:00,283.84,284.5,282.9,283.7,0
2025-03-28 09:00:00,283.4085,284.2,281.97,283.54,0
2025-03-28 09:30:00,283.82000732421875,284.6400146484375,283.20001220703125,283.6798095703125,3234363
2025-03-28 10:30:00,283.6700134277344,284.139892578125,282.8599853515625,283.989990234375,1680194
2025-03-28 11:30:00,284.0,284.6300048828125,283.9100036621094,284.1499938964844,955297
2025-03-28 12:30:00,284.1601867675781,284.5820007324219,284.0799865722656,284.1099853515625,834833
2025-03-28 13:30:00,284.1099853515625,284.2799987792969,283.67999267578125,283.92999267578125,1061323
2025-03-28 14:30:00,283.93499755859375,284.19000244140625,283.42999267578125,284.0899963378906,608481
2025-03-28 15:30:00,284.1000061035156,284.20001220703125,284.0400085449219,284.0799865722656,724451
2025-03-28 16:00:00,284.06,284.5883,283.9267,284.48,0
2025-03-28 17:00:00,284.53,284.64,284.4,284.63,0
2025-03-28 18:00:00,284.6282,284.93,284.0,284.54,0
2025-03-28 19:00:00,284.64,284.64,284.11,284.45,0
2025-03-31 04:00:00,287.25,288.44,286.5,288.03,0
2025-03-31 05:00:00,288.03,288.18,287.65,287.8,0
2025-03-31 06:00:00,287.75,287.89,286.97,287.45,0
2025-03-31 07:00:00,287.48,288.04,287.18,287.4,0
2025-03-31 08:00:00,287.35,288.4688,284.06,288.2,0
2025-03-31 09:00:00,288.1312,288.31,284.06,287.6499,0
2025-03-31 09:30:00,287.5299987792969,287.6650085449219,285.8500061035156,287.0199890136719,4177897
2025-03-31 10:30:00,287.0101013183594,288.3900146484375,286.9100036621094,287.7900085449219,2471757
2025-03-31 11:30:00,287.7900085449219,287.80999755859375,286.760009765625,287.1700134277344,1432529
2025-03-31 12:30:00,287.1650085449219,287.75,287.1000061035156,287.5199890136719,1297287
2025-03-31 13:30:00,287.5199890136719,288.0199890136719,287.3500061035156,287.92999267578125,883273
2025-03-31 14:30:00,287.9049987792969,288.1050109863281,287.75,287.8999938964844,1456846
2025-03-31 15:30:00,287.8999938964844,288.17999267578125,287.7799987792969,288.1700134277344,1296852
2025-03-31 16:00:00,288.15,288.21,287.99,288.05,0
2025-03-31 17:00:00,288.05,288.3,288.0,288.2601,0
2025-03-31 18:00:00,288.25,288.3,287.85,288.0,0
2025-03-31 19:00:00,287.95,288.34,287.7,287.95,0
2025-04-01 04:00:00,288.37,289.16,288.3,288.95,0
2025-04-01 05:00:00,288.95,289.04,288.58,288.87,0
2025-04-01 06:00:00,288.85,289.45,288.7,289.23,0
2025-04-01 07:00:00,289.23,289.35,288.59,288.78,0
2025-04-01 08:00:00,288.73,290.46,288.14,289.0,0
2025-04-01 09:00:00,288.9401,289.32,288.14,289.05,0
2025-04-01 09:30:00,288.5400085449219,289.1300048828125,288.0199890136719,288.32501220703125,4060331
2025-04-01 10:30:00,288.29998779296875,288.8800048828125,288.0899963378906,288.287109375,2120681
2025-04-01 11:30:00,288.2882080078125,288.3599853515625,285.9100036621094,286.57000732421875,3870488
2025-04-01 12:30:00,286.5799865722656,287.1499938964844,286.29998779296875,287.1199951171875,1471980
2025-04-01 13:30:00,287.1099853515625,287.4504089355469,286.9599914550781,287.3800048828125,1693749
2025-04-01 14:30:00,287.3800048828125,287.5799865722656,287.05999755859375,287.4100036621094,1664449
2025-04-01 15:30:00,287.4100036621094,287.6300048828125,287.3717956542969,287.5799865722656,595674
2025-04-01 16:00:00,287.58,287.76,287.1,287.18,0
2025-04-01 17:00:00,287.19,288.0,287.15,288.0,0
2025-04-01 18:00:00,287.4,287.84,286.51,286.809,0
2025-04-01 19:00:00,287.16,287.35,286.79,287.34,0
2025-04-02 04:00:00,288.13,288.75,287.29,288.55,0
2025-04-02 05:00:00,288.61,288.95,288.45,288.7,0
2025-04-02 06:00:00,288.7,288.78,288.3,288.47,0
2025-04-02 07:00:00,288.47,288.55,286.86,288.0,0
2025-04-02 08:00:00,287.84,288.8888,287.0,288.32,0
2025-04-02 09:00:00,288.36,288.42,287.57,288.0,0
2025-04-02 09:30:00,288.2799987792969,288.8800048828125,287.3800048828125,288.29998779296875,2500286
2025-04-02 10:30:00,288.3299865722656,288.5799865722656,287.760009765625,288.114990234375,1346717
2025-04-02 11:30:00,288.1000061035156,289.0299987792969,288.05999755859375,288.8200988769531,1297450
2025-04-02 12:30:00,288.92999267578125,288.96990966796875,288.010009765625,288.0950012207031,1408500
2025-04-02 13:30:00,288.0899963378906,288.2699890136719,287.57080078125,287.6000061035156,1622918
2025-04-02 14:30:00,287.6000061035156,288.2825012207031,287.5799865722656,288.2164001464844,769208
2025-04-02 15:30:00,288.2200012207031,288.3800048828125,288.0799865722656,288.1099853515625,656982
2025-04-02 16:00:00,288.16,289.95,286.2,289.34,0
2025-04-02 17:00:00,289.3367,292.2,289.0,290.11,0
2025-04-02 18:00:00,290.32,290.85,288.0,289.95,0
2025-04-02 19:00:00,289.99,292.2,289.8,291.99,0
2025-04-03 04:00:00,288.43,290.31,288.32,288.4,0
2025-04-03 05:00:00,288.51,288.64,288.12,288.15,0
2025-04-03 06:00:00,288.15,288.58,286.23,286.32,0
2025-04-03 07:00:00,286.5,286.98,284.71,285.11,0
2025-04-03 08:00:00,285.1,290.49,283.4304,283.76,0
2025-04-03 09:00:00,283.76,288.16,281.4,282.0,0
2025-04-03 09:30:00,282.7799987792969,288.260009765625,282.45001220703125,288.1449890136719,8125875
2025-04-03 10:30:00,288.1600036621094,289.0899963378906,286.17999267578125,286.3999938964844,4396542
2025-04-03 11:30:00,286.4100036621094,287.12530517578125,285.95001220703125,286.5799865722656,1095218
2025-04-03 12:30:00,286.6000061035156,286.80999755859375,285.84149169921875,285.8800048828125,2231141
2025-04-03 13:30:00,285.8999938964844,286.760009765625,285.7900085449219,286.260009765625,1670605
2025-04-03 14:30:00,286.260009765625,287.05999755859375,285.9800109863281,286.4599914550781,1273095
2025-04-03 15:30:00,286.45001220703125,286.57000732421875,285.9200134277344,286.489990234375,1151136
2025-04-03 16:00:00,286.42,287.7,272.5307,287.18,0
2025-04-03 17:00:00,287.12,287.5,286.75,287.26,0
2025-04-03 18:00:00,287.4,287.489,286.813,287.27,0
2025-04-03 19:00:00,286.931,287.39,286.5101,287.1399,0
2025-04-04 04:00:00,286.28,286.28,284.14,284.34,0
2025-04-04 05:00:00,284.55,285.49,283.92,285.25,0
2025-04-04 06:00:00,285.22,286.8,284.65,286.55,0
2025-04-04 07:00:00,286.56,289.2,286.28,288.26,0
2025-04-04 08:00:00,288.3,289.27,284.2233,285.5,0
2025-04-04 09:00:00,285.5,286.42,283.0,284.2,0
2025-04-04 09:30:00,283.6400146484375,284.0249938964844,280.4700012207031,281.0,5292564
2025-04-04 10:30:00,281.0038146972656,281.34991455078125,278.6852111816406,279.0299987792969,4376927
2025-04-04 11:30:00,279.04998779296875,279.88958740234375,278.17999267578125,279.41009521484375,2629478
2025-04-04 12:30:00,279.42999267578125,279.989990234375,278.1300048828125,278.2799987792969,1524971
2025-04-04 13:30:00,278.2699890136719,279.2099914550781,278.0199890136719,278.875,1647826
2025-04-04 14:30:00,278.8800048828125,279.8500061035156,278.2200012207031,279.2699890136719,2223457
2025-04-04 15:30:00,279.260009765625,280.3900146484375,279.18499755859375,279.9100036621094,2207940
2025-04-04 16:00:00,279.91,280.34,279.72,280.19,0
2025-04-04 17:00:00,280.1,280.18,279.29,279.905,0
2025-04-04 18:00:00,279.91,280.1,279.7,279.88,0
2025-04-04 19:00:00,279.88,279.9,279.0,279.65,0
2025-04-07 04:00:00,281.22,281.22,276.49,278.99,0
2025-04-07 05:00:00,278.99,279.96,278.43,279.17,0
2025-04-07 06:00:00,279.1,279.62,278.48,279.6,0
2025-04-07 07:00:00,279.42,280.64,279.42,280.35,0
2025-04-07 08:00:00,280.37,281.0,278.0,279.01,0
2025-04-07 09:00:00,279.0648,279.74,277.69,279.22,0
2025-04-07 09:30:00,278.8550109863281,280.1400146484375,276.7699890136719,277.3800048828125,5200216
2025-04-07 10:30:00,277.3800048828125,277.8800048828125,275.1000061035156,275.3999938964844,2736437
2025-04-07 11:30:00,275.4200134277344,275.55999755859375,274.3193054199219,274.5899963378906,1937455
2025-04-07 12:30:00,274.54998779296875,275.19000244140625,272.8399963378906,272.8399963378906,2419754
2025-04-07 13:30:00,272.7799987792969,274.2300109863281,272.5799865722656,273.8399963378906,1775654
2025-04-07 14:30:00,273.86151123046875,274.489990234375,273.2699890136719,274.20001220703125,2195320
2025-04-07 15:30:00,274.2900085449219,274.9700012207031,273.4100036621094,273.8900146484375,1969458
2025-04-07 16:00:00,273.71,275.5,273.14,275.06,0
2025-04-07 17:00:00,275.0697,275.07,273.71,274.8,0
2025-04-07 18:00:00,274.8,275.6367,274.77,275.4,0
2025-04-07 19:00:00,275.25,275.51,273.71,274.6518,0
2025-04-08 04:00:00,277.14,277.47,276.72,277.38,0
2025-04-08 05:00:00,277.4,277.42,276.2,276.38,0
2025-04-08 06:00:00,276.4,277.42,276.34,277.42,0
2025-04-08 07:00:00,277.3,277.94,277.16,277.64,0
2025-04-08 08:00:00,277.58,278.4248,275.98,277.59,0
2025-04-08 09:00:00,277.55,278.5,273.71,278.21,0
2025-04-08 09:30:00,277.8664855957031,278.2900085449219,276.9599914550781,277.7749938964844,2805035
2025-04-08 10:30:00,277.7799987792969,278.32000732421875,276.8699951171875,277.3500061035156,1042431
2025-04-08 11:30:00,277.3399963378906,277.75,275.93011474609375,276.07000732421875,1422799
2025-04-08 12:30:00,276.19000244140625,276.2099914550781,274.30999755859375,274.42999267578125,1514086
2025-04-08 13:30:00,274.42999267578125,275.42999267578125,274.239990234375,275.2900085449219,1868190
2025-04-08 14:30:00,275.2900085449219,275.9100036621094,274.6199951171875,274.90301513671875,1255820
2025-04-08 15:30:00,274.8999938964844,275.510009765625,274.4800109863281,275.2300109863281,1626580
2025-04-08 16:00:00,275.2,276.2417,274.46,275.03,0
2025-04-08 17:00:00,275.01,275.85,274.9,275.46,0
2025-04-08 18:00:00,275.25,275.4988,274.8,275.03,0
2025-04-08 19:00:00,274.99,275.85,273.75,274.6,0
2025-04-09 04:00:00,278.3,281.47,278.08,280.8,0
2025-04-09 05:00:00,280.81,281.03,280.23,280.68,0
2025-04-09 06:00:00,280.7,281.18,280.18,280.26,0
2025-04-09 07:00:00,280.26,282.59,279.95,282.2,0
2025-04-09 08:00:00,282.28,283.34,275.2,281.6,0
2025-04-09 09:00:00,281.55,282.2399,275.2,281.89,0
2025-04-09 09:30:00,282.2200012207031,284.42999267578125,282.1499938964844,284.3389892578125,6295393
2025-04-09 10:30:00,284.3399963378906,284.7284851074219,282.6700134277344,284.42999267578125,2289625
2025-04-09 11:30:00,284.4700012207031,285.0400085449219,283.8999938964844,284.57000732421875,1836095
2025-04-09 12:30:00,284.5625305175781,285.7500915527344,281.9599914550781,282.1300048828125,3833579
2025-04-09 13:30:00,282.2799987792969,283.5899963378906,281.0400085449219,282.5299987792969,4214411
2025-04-09 14:30:00,282.55999755859375,285.5,282.42999267578125,285.05999755859375,3410345
2025-04-09 15:30:00,285.0400085449219,285.8699951171875,284.44000244140625,285.260009765625,2321506
2025-04-09 16:00:00,285.36,285.45,283.72,284.3,0
2025-04-09 17:00:00,284.21,285.38,283.83,284.0,0
2025-04-09 18:00:00,284.0,285.38,283.03,283.9999,0
2025-04-09 19:00:00,283.984,284.7499,283.71,284.13,0
2025-04-10 04:00:00,286.22,287.59,286.22,287.06,0
2025-04-10 05:00:00,287.25,287.27,286.0,286.59,0
2025-04-10 06:00:00,286.55,287.83,286.28,287.6,0
2025-04-10 07:00:00,287.76,287.84,287.0,287.76,0
2025-04-10 08:00:00,287.86,288.87,285.38,288.2,0
2025-04-10 09:00:00,288.4,289.0,285.38,288.1,0
2025-04-10 09:30:00,288.80499267578125,290.3500061035156,287.2309875488281,289.90509033203125,4827905
2025-04-10 10:30:00,289.885009765625,292.30999755859375,289.8799133300781,292.29998779296875,3274370
2025-04-10 11:30:00,292.29998779296875,292.7200012207031,290.75,291.5299987792969,3236982
2025-04-10 12:30:00,291.57000732421875,292.0199890136719,290.5299987792969,291.30999755859375,2509882
2025-04-10 13:30:00,291.32000732421875,291.92999267578125,291.1300048828125,291.7900085449219,1093659
2025-04-10 14:30:00,291.7799987792969,292.8500061035156,291.7300109863281,292.3800048828125,2241265
2025-04-10 15:30:00,292.3699951171875,292.8599853515625,292.2300109863281,292.30999755859375,1942120
2025-04-10 16:00:00,292.3238,292.88,282.25,292.75,0
2025-04-10 17:00:00,292.79,292.97,292.7,292.9699,0
2025-04-10 18:00:00,292.89,294.09,292.7,293.77,0
2025-04-10 19:00:00,293.99,294.49,292.35,294.0,0
2025-04-11 04:00:00,295.75,297.99,295.0,296.82,0
2025-04-11 05:00:00,296.94,297.43,296.3,296.57,0
2025-04-11 06:00:00,296.41,298.47,296.18,297.64,0
2025-04-11 07:00:00,297.59,297.76,296.0,296.91,0
2025-04-11 08:00:00,296.78,298.33,293.88,297.24,0
2025-04-11 09:00:00,297.47,298.45,292.35,298.08,0
2025-04-11 09:30:00,297.9599914550781,299.16949462890625,296.8299865722656,297.6099853515625,6355643
2025-04-11 10:30:00,297.6383056640625,298.80999755859375,297.12359619140625,298.7099914550781,2707053
2025-04-11 11:30:00,298.70001220703125,299.2749938964844,298.1000061035156,298.2349853515625,2682456
2025-04-11 12:30:00,298.2488098144531,298.44000244140625,296.80999755859375,297.57000732421875,2659255
2025-04-11 13:30:00,297.6099853515625,298.510009765625,297.5899963378906,298.42999267578125,2292760
2025-04-11 14:30:00,298.42999267578125,298.6199951171875,297.5799865722656,297.94000244140625,2047491
2025-04-11 15:30:00,297.94000244140625,298.04998779296875,297.6099853515625,297.9299011230469,1723696
2025-04-11 16:00:00,297.93,298.67,297.92,298.5,0
2025-04-11 17:00:00,298.62,299.38,298.55,298.76,0
2025-04-11 18:00:00,298.76,299.46,297.93,298.7,0
2025-04-11 19:00:00,298.69,298.99,298.66,298.75,0
2025-04-14 04:00:00,295.68,298.75,295.68,297.33,0
2025-04-14 05:00:00,297.24,298.0,297.03,297.41,0
2025-04-14 06:00:00,297.2,297.46,295.56,295.85,0
2025-04-14 07:00:00,295.88,297.38,295.6,297.16,0
2025-04-14 08:00:00,297.2,298.62,295.77,296.17,0
2025-04-14 09:00:00,296.17,297.93,294.58,294.8,0
2025-04-14 09:30:00,295.5400085449219,295.9599914550781,294.5299987792969,295.4200134277344,3901994
2025-04-14 10:30:00,295.4599914550781,296.4700012207031,295.45001220703125,295.54998779296875,2641256
2025-04-14 11:30:00,295.5400085449219,295.70001220703125,294.6700134277344,295.4914855957031,1638823
2025-04-14 12:30:00,295.4750061035156,296.1098937988281,295.44000244140625,296.0299987792969,1001729
2025-04-14 13:30:00,296.0,296.5799865722656,295.8599853515625,295.9800109863281,1102274
2025-04-14 14:30:00,295.9700012207031,296.19000244140625,295.1499938964844,296.1000061035156,927046
2025-04-14 15:30:00,296.0799865722656,296.260009765625,295.8399963378906,296.2300109863281,832890
2025-04-14 16:00:00,296.23,297.995,295.667,296.15,0
2025-04-14 17:00:00,296.07,296.6,296.0,296.31,0
2025-04-14 18:00:00,296.3,296.4899,296.05,296.44,0
2025-04-14 19:00:00,296.2,296.43,296.0,296.23,0
2025-04-15 04:00:00,297.44,297.99,297.31,297.77,0
2025-04-15 05:00:00,297.86,297.86,297.49,297.66,0
2025-04-15 06:00:00,297.69,297.69,297.0,297.38,0
2025-04-15 07:00:00,297.39,297.39,296.84,296.84,0
2025-04-15 08:00:00,296.83,298.0,296.23,296.8,0
2025-04-15 09:00:00,296.78,297.45,296.23,297.1,0
2025-04-15 09:30:00,296.92999267578125,297.489990234375,296.0899963378906,297.29998779296875,1955771
2025-04-15 10:30:00,297.2799987792969,297.4100036621094,296.5801086425781,297.010009765625,649453
2025-04-15 11:30:00,297.0199890136719,297.2699890136719,296.7099914550781,297.0090026855469,718677
2025-04-15 12:30:00,297.010009765625,297.2250061035156,296.82000732421875,297.2099914550781,791554
2025-04-15 13:30:00,297.20001220703125,297.8900146484375,297.17999267578125,297.69000244140625,1053262
2025-04-15 14:30:00,297.69000244140625,298.0199890136719,297.4700012207031,297.5199890136719,1110815
2025-04-15 15:30:00,297.5163879394531,297.80999755859375,297.45001220703125,297.7820129394531,1373742
2025-04-15 16:00:00,297.78,298.19,295.29,297.71,0
2025-04-15 17:00:00,297.91,297.92,297.72,297.8,0
2025-04-15 18:00:00,297.8,298.79,297.66,298.61,0
2025-04-15 19:00:00,298.67,299.7,298.4093,299.7,0
2025-04-16 04:00:00,304.13,305.77,302.77,304.3,0
2025-04-16 05:00:00,304.1,305.15,303.13,304.67,0
2025-04-16 06:00:00,304.65,304.83,304.11,304.42,0
2025-04-16 07:00:00,304.5,304.75,303.49,303.6,0
2025-04-16 08:00:00,303.68,305.69,297.78,304.79,0
2025-04-16 09:00:00,304.79,305.35,297.065,304.77,0
2025-04-16 09:30:00,304.6499938964844,305.8900146484375,303.79998779296875,305.3056945800781,5673007
2025-04-16 10:30:00,305.29998779296875,305.45001220703125,304.5199890136719,305.3699951171875,3011016
2025-04-16 11:30:00,305.3800048828125,307.20001220703125,305.3599853515625,307.0849914550781,3856608
2025-04-16 12:30:00,307.0799865722656,307.1000061035156,306.07000732421875,306.8999938964844,1973487
2025-04-16 13:30:00,306.8800048828125,307.7099914550781,306.3200988769531,307.6600036621094,1727420
2025-04-16 14:30:00,307.5260009765625,308.0599060058594,307.4700012207031,307.77508544921875,1954299
2025-04-16 15:30:00,307.7900085449219,307.8500061035156,307.3999938964844,307.4800109863281,1635489
2025-04-16 16:00:00,307.47,308.14,305.1,308.13,0
2025-04-16 17:00:00,308.1081,308.4,307.47,308.34,0
2025-04-16 18:00:00,308.26,309.45,307.47,308.8297,0
2025-04-16 19:00:00,308.83,309.4,308.4018,308.81,0
2025-04-17 04:00:00,306.33,307.4,305.79,305.8,0
2025-04-17 05:00:00,305.72,306.73,305.23,306.48,0
2025-04-17 06:00:00,306.53,307.36,306.17,306.5,0
2025-04-17 07:00:00,306.56,307.24,306.39,306.67,0
2025-04-17 08:00:00,306.74,308.29,305.28,306.5,0
2025-04-17 09:00:00,306.5,307.47,306.25,306.59,0
2025-04-17 09:30:00,306.30999755859375,307.1300048828125,304.32000732421875,304.5199890136719,4860113
2025-04-17 10:30:00,304.5299987792969,304.6400146484375,302.7300109863281,304.05999755859375,3762007
2025-04-17 11:30:00,303.9800109863281,305.1600036621094,303.5799865722656,305.1600036621094,3459101
2025-04-17 12:30:00,305.1700134277344,306.2699890136719,304.9800109863281,305.55999755859375,1737330
2025-04-17 13:30:00,305.57000732421875,306.260009765625,305.5,305.9800109863281,1126671
2025-04-17 14:30:00,305.95001220703125,305.95001220703125,305.20001220703125,305.3699951171875,1098048
2025-04-17 15:30:00,305.3800048828125,306.25,305.3399963378906,306.0899963378906,1571953
2025-04-17 16:00:00,305.9498,306.9,305.8,306.8,0
2025-04-17 17:00:00,306.7906,306.99,306.14,306.6,0
2025-04-17 18:00:00,306.6,306.8,306.4,306.44,0
2025-04-17 19:00:00,306.44,306.44,305.0,306.1185,0
2025-04-21 04:00:00,310.77,312.96,310.77,312.46,0
2025-04-21 05:00:00,312.44,313.19,312.24,313.09,0
2025-04-21 06:00:00,313.0,313.26,312.65,313.13,0
2025-04-21 07:00:00,313.11,313.18,312.22,312.77,0
2025-04-21 08:00:00,312.8,314.23,282.78,313.4,0
2025-04-21 09:00:00,313.4,315.71,306.12,315.39,0
2025-04-21 09:30:00,315.1000061035156,316.4100036621094,313.94500732421875,315.9031982421875,7934295
2025-04-21 10:30:00,315.8800048828125,316.08990478515625,314.3399963378906,315.3900146484375,3338747
2025-04-21 11:30:00,315.4100036621094,315.8800048828125,314.7200012207031,314.82000732421875,2021886
2025-04-21 12:30:00,314.79998779296875,314.9700012207031,313.9800109863281,314.80999755859375,1558660
2025-04-21 13:30:00,314.8299865722656,315.80999755859375,314.80999755859375,315.7983093261719,1445821
2025-04-21 14:30:00,315.7987976074219,316.30999755859375,315.5,315.5400085449219,1988064
2025-04-21 15:30:00,315.5400085449219,315.7300109863281,315.05010986328125,315.6000061035156,1371094
2025-04-21 16:00:00,315.59,316.0,304.86,315.76,0
2025-04-21 17:00:00,315.84,315.99,315.59,315.94,0
2025-04-21 18:00:00,315.76,316.8,315.59,316.3,0
2025-04-21 19:00:00,316.35,317.64,316.17,316.73,0
2025-04-22 04:00:00,319.82,321.99,319.22,319.41,0
2025-04-22 05:00:00,319.39,319.4,317.26,318.71,0
2025-04-22 06:00:00,318.63,319.88,318.21,318.8,0
2025-04-22 07:00:00,318.8,319.26,317.91,318.3,0
2025-04-22 08:00:00,318.26,322.52,317.5004,318.42,0
2025-04-22 09:00:00,318.55,318.55,315.34,317.38,0
2025-04-22 09:30:00,317.489990234375,317.6300048828125,314.1499938964844,316.3699951171875,11324042
2025-04-22 10:30:00,316.3900146484375,317.010009765625,314.5199890136719,314.57000732421875,3119178
2025-04-22 11:30:00,314.57000732421875,316.2300109863281,312.0299987792969,312.20001220703125,5285097
2025-04-22 12:30:00,312.2200012207031,314.375,310.79998779296875,314.0899963378906,5513062
2025-04-22 13:30:00,314.0799865722656,314.17999267578125,312.1499938964844,312.3599853515625,3555741
2025-04-22 14:30:00,312.3500061035156,312.65069580078125,310.9599914550781,311.1408996582031,2961727
2025-04-22 15:30:00,311.1300048828125,311.3599853515625,310.3599853515625,311.1050109863281,2171903
2025-04-22 16:00:00,311.11,311.82,311.0,311.71,0
2025-04-22 17:00:00,311.67,311.8962,306.8,309.25,0
2025-04-22 18:00:00,309.25,311.11,305.4,306.75,0
2025-04-22 19:00:00,306.75,308.85,306.5,307.56,0
2025-04-23 04:00:00,307.56,307.56,304.8,305.52,0
2025-04-23 05:00:00,305.5,307.97,305.46,307.47,0
2025-04-23 06:00:00,307.49,307.7,305.8,307.34,0
2025-04-23 07:00:00,307.34,307.86,306.3,307.55,0
2025-04-23 08:00:00,307.5,308.66,303.76,306.92,0
2025-04-23 09:00:00,306.89,317.51,304.65,304.75,0
2025-04-23 09:30:00,304.17999267578125,304.6600036621094,300.5899963378906,301.92999267578125,12341366
2025-04-23 10:30:00,301.94000244140625,303.8999938964844,301.3699951171875,302.04998779296875,3578362
2025-04-23 11:30:00,302.16448974609375,303.80999755859375,301.4100036621094,303.489990234375,2480416
2025-04-23 12:30:00,303.5089111328125,304.739990234375,302.5299987792969,302.54998779296875,1788050
2025-04-23 13:30:00,302.57000732421875,303.0,302.1400146484375,302.40008544921875,1279461
2025-04-23 14:30:00,302.4100036621094,303.95001220703125,302.1499938964844,303.8800048828125,1526639
2025-04-23 15:30:00,303.8500061035156,303.989990234375,303.3699951171875,303.69000244140625,1661485
2025-04-23 16:00:00,303.65,303.8625,302.79,303.1301,0
2025-04-23 17:00:00,303.18,304.0,283.455,303.35,0
2025-04-23 18:00:00,303.2,305.7,303.2,304.93,0
2025-04-23 19:00:00,305.0,305.7095,304.78,305.68,0
2025-04-24 04:00:00,307.24,308.88,306.68,307.25,0
2025-04-24 05:00:00,307.17,308.11,307.11,307.42,0
2025-04-24 06:00:00,307.4,307.49,306.54,306.99,0
2025-04-24 07:00:00,306.98,308.04,306.53,307.98,0
2025-04-24 08:00:00,308.0,308.44,303.65,307.58,0
2025-04-24 09:00:00,307.58,308.28,303.65,306.76,0
2025-04-24 09:30:00,306.7900085449219,307.01251220703125,304.7099914550781,305.8399963378906,3374867
2025-04-24 10:30:00,305.8299865722656,306.92999267578125,305.69000244140625,306.3900146484375,1152054
2025-04-24 11:30:00,306.3999938964844,307.3996887207031,306.04998779296875,306.739990234375,1112855
2025-04-24 12:30:00,306.7650146484375,307.6000061035156,306.18011474609375,307.5199890136719,1249086
2025-04-24 13:30:00,307.69000244140625,307.8399963378906,307.1400146484375,307.6300048828125,1768455
2025-04-24 14:30:00,307.6300048828125,307.659912109375,307.2099914550781,307.5400085449219,671617
2025-04-24 15:30:00,307.55999755859375,308.4949951171875,307.55999755859375,308.07000732421875,951862
2025-04-24 16:00:00,308.07,308.8,307.7,308.8,0
2025-04-24 17:00:00,308.74,308.88,308.45,308.4801,0
2025-04-24 18:00:00,308.6,311.0,307.41,310.37,0
2025-04-24 19:00:00,310.37,310.45,308.51,308.8,0
2025-04-25 04:00:00,304.87,305.6,303.54,304.35,0
2025-04-25 05:00:00,304.42,305.01,303.98,304.54,0
2025-04-25 06:00:00,304.53,304.63,303.5,304.63,0
2025-04-25 07:00:00,304.59,304.87,303.72,304.09,0
2025-04-25 08:00:00,304.09,308.07,303.02,304.0255,0
2025-04-25 09:00:00,304.02,308.07,302.0901,302.81,0
2025-04-25 09:30:00,301.7799987792969,303.0,301.010009765625,302.8900146484375,3459834
2025-04-25 10:30:00,302.9100036621094,302.94000244140625,301.422607421875,301.6400146484375,1490811
2025-04-25 11:30:00,301.6499938964844,302.8699951171875,301.6199951171875,302.67999267578125,1175301
2025-04-25 12:30:00,302.67999267578125,303.3900146484375,302.3699951171875,303.0,1351314
2025-04-25 13:30:00,303.0299987792969,303.9200134277344,302.8900146484375,303.6000061035156,794884
2025-04-25 14:30:00,303.5799865722656,303.7699890136719,303.0799865722656,303.70001220703125,582302
2025-04-25 15:30:00,303.7200012207031,305.3699951171875,303.7200012207031,304.6700134277344,1179918
2025-04-25 16:00:00,304.73,306.08,304.63,305.96,0
2025-04-25 17:00:00,305.9789,306.04,304.73,305.7,0
2025-04-25 18:00:00,305.7783,305.79,304.73,305.5099,0
2025-04-25 19:00:00,305.5,305.79,305.11,305.3,0
2025-04-28 04:00:00,303.9,303.9,302.71,302.71,0
2025-04-28 05:00:00,302.71,303.05,302.11,302.12,0
2025-04-28 06:00:00,302.24,302.85,301.76,302.85,0
2025-04-28 07:00:00,302.82,303.73,302.68,303.2,0
2025-04-28 08:00:00,303.4,304.73,301.8179,304.3883,0
2025-04-28 09:00:00,304.25,304.73,303.33,303.8,0
2025-04-28 09:30:00,304.1499938964844,305.6520080566406,302.9700012207031,305.20001220703125,1964311
2025-04-28 10:30:00,305.2300109863281,307.510009765625,305.17999267578125,306.8699951171875,2037335
2025-04-28 11:30:00,306.82000732421875,307.7200012207031,305.9599914550781,307.3747863769531,1531804
2025-04-28 12:30:00,307.4563903808594,307.8500061035156,307.1560974121094,307.659912109375,616226
2025-04-28 13:30:00,307.7300109863281,308.80731201171875,307.3399963378906,308.66558837890625,919236
2025-04-28 14:30:00,308.69000244140625,309.0299987792969,308.41009521484375,308.82000732421875,997796
2025-04-28 15:30:00,308.82000732421875,309.1099853515625,308.5299072265625,309.0199890136719,904190
2025-04-28 16:00:00,309.07,309.07,308.12,308.38,0
2025-04-28 17:00:00,308.39,308.8,308.22,308.41,0
2025-04-28 18:00:00,308.4,308.79,307.0776,307.83,0
2025-04-28 19:00:00,307.82,309.07,307.3352,307.72,0
2025-04-29 04:00:00,306.9,306.9,305.95,306.04,0
2025-04-29 05:00:00,306.18,306.26,305.03,305.69,0
2025-04-29 06:00:00,305.7,305.7,304.8,304.8,0
2025-04-29 07:00:00,304.99,305.68,304.96,305.45,0
2025-04-29 08:00:00,305.42,309.07,304.3,305.21,0
2025-04-29 09:00:00,305.17,309.07,304.56,305.69,0
2025-04-29 09:30:00,305.80999755859375,306.1600036621094,304.1700134277344,305.5799865722656,2498129
2025-04-29 10:30:00,305.57000732421875,305.8299865722656,304.9700012207031,305.3349914550781,644495
2025-04-29 11:30:00,305.3500061035156,306.0400085449219,304.6700134277344,305.9800109863281,645930
2025-04-29 12:30:00,305.97760009765625,306.95001220703125,305.864990234375,306.3299865722656,766599
2025-04-29 13:30:00,306.3500061035156,306.5199890136719,305.42999267578125,305.9390869140625,814097
2025-04-29 14:30:00,305.93499755859375,306.510009765625,305.7699890136719,306.2900085449219,484146
2025-04-29 15:30:00,306.2698059082031,306.4100036621094,305.8699951171875,306.0899963378906,707217
2025-04-29 16:00:00,306.07,306.5,305.67,305.89,0
2025-04-29 17:00:00,306.05,306.06,305.5,305.96,0
2025-04-29 18:00:00,305.89,306.42,305.5,306.0,0
2025-04-29 19:00:00,305.81,306.17,305.15,305.7,0
2025-04-30 04:00:00,304.9,305.38,302.36,303.11,0
2025-04-30 05:00:00,303.16,303.2,302.25,302.67,0
2025-04-30 06:00:00,302.71,302.98,301.6,302.3,0
2025-04-30 07:00:00,302.3,302.49,301.3,302.39,0
2025-04-30 08:00:00,302.39,306.06,301.2,303.3,0
2025-04-30 09:00:00,303.3,304.99,302.7001,304.93,0
2025-04-30 09:30:00,304.6050109863281,306.06500244140625,304.07000732421875,304.6142883300781,3021056
2025-04-30 10:30:00,304.3999938964844,305.57000732421875,303.5216979980469,304.8301086425781,1377763
2025-04-30 11:30:00,304.7900085449219,305.3999938964844,304.1099853515625,305.0050048828125,786500
2025-04-30 12:30:00,304.989990234375,305.5,304.6300964355469,305.0299987792969,449196
2025-04-30 13:30:00,305.0400085449219,305.2200012207031,304.2650146484375,304.2799987792969,548891
2025-04-30 14:30:00,304.30999755859375,304.7200012207031,304.0,304.0899963378906,561991
2025-04-30 15:30:00,304.1199951171875,304.2900085449219,303.44000244140625,303.8399963378906,1055636
2025-04-30 16:00:00,303.83,304.0,302.62,303.21,0
2025-04-30 17:00:00,303.26,303.5,303.0201,303.4241,0
2025-04-30 18:00:00,303.48,303.48,301.4,301.72,0
2025-04-30 19:00:00,301.76,303.77,301.3,301.6899,0
2025-05-01 04:00:00,297.69,299.36,297.68,298.2,0
2025-05-01 05:00:00,298.03,298.16,297.24,297.24,0
2025-05-01 06:00:00,297.24,297.35,296.12,296.57,0
2025-05-01 07:00:00,296.59,297.34,296.54,297.08,0
2025-05-01 08:00:00,297.0,303.77,295.09,296.75,0
2025-05-01 09:00:00,296.73,303.77,296.53,297.6,0
2025-05-01 09:30:00,297.4100036621094,297.94000244140625,296.2300109863281,297.0,4878551
2025-05-01 10:30:00,297.0,297.80999755859375,296.1405029296875,296.29998779296875,2026879
2025-05-01 11:30:00,296.3299865722656,296.54998779296875,295.32000732421875,295.7300109863281,1995889
2025-05-01 12:30:00,295.760009765625,296.79998779296875,295.739990234375,296.3500061035156,1563963
2025-05-01 13:30:00,296.3699951171875,296.65008544921875,295.80999755859375,296.43389892578125,1321430
2025-05-01 14:30:00,296.42999267578125,297.3999938964844,296.3789978027344,297.25,1181268
2025-05-01 15:30:00,297.260009765625,297.6199951171875,297.17999267578125,297.4800109863281,999807
2025-05-01 16:00:00,297.46,298.68,283.1928,298.45,0
2025-05-01 17:00:00,298.45,298.47,298.0,298.26,0
2025-05-01 18:00:00,298.26,298.892,297.46,298.4,0
2025-05-01 19:00:00,298.4,298.78,297.9,298.4699,0
2025-05-02 04:00:00,300.32,300.6,299.98,300.2,0
2025-05-02 05:00:00,300.37,300.75,299.93,300.52,0
2025-05-02 06:00:00,300.56,301.25,300.32,300.72,0
2025-05-02 07:00:00,300.8,301.0,300.15,300.95,0
2025-05-02 08:00:00,300.99,301.31,297.46,300.16,0
2025-05-02 09:00:00,300.18,301.0,297.46,298.91,0
2025-05-02 09:30:00,300.1700134277344,300.44000244140625,298.79998779296875,299.82000732421875,2897353
2025-05-02 10:30:00,299.82000732421875,300.8500061035156,299.3800048828125,299.67999267578125,1278617
2025-05-02 11:30:00,299.65020751953125,299.67498779296875,297.1510925292969,298.0400085449219,1399879
2025-05-02 12:30:00,298.0400085449219,298.5743103027344,297.0299987792969,298.1400146484375,807549
2025-05-02 13:30:00,298.1400146484375,298.2251892089844,297.32000732421875,297.5799865722656,473363
2025-05-02 14:30:00,297.5899963378906,297.9599914550781,297.17999267578125,297.510009765625,681704
2025-05-02 15:30:00,297.5199890136719,298.1099853515625,297.44500732421875,298.0,801558
2025-05-02 16:00:00,297.98,298.79,297.5531,298.65,0
2025-05-02 17:00:00,298.65,298.8,297.98,298.68,0
2025-05-02 18:00:00,298.65,298.77,297.84,298.31,0
2025-05-02 19:00:00,298.34,298.6,297.8502,298.4,0
2025-05-05 04:00:00,300.42,301.7,300.3,301.7,0
2025-05-05 05:00:00,301.72,304.4,301.4,304.36,0
2025-05-05 06:00:00,304.4,305.9,304.16,305.53,0
2025-05-05 07:00:00,305.5,305.91,305.0,305.55,0
2025-05-05 08:00:00,305.5,306.2,299.9,305.87,0
2025-05-05 09:00:00,305.92,306.24,297.98,305.87,0
2025-05-05 09:30:00,305.9200134277344,306.8500061035156,305.04998779296875,305.8800048828125,3212657
2025-05-05 10:30:00,305.8597106933594,305.8800048828125,305.0199890136719,305.1600036621094,864748
2025-05-05 11:30:00,305.19000244140625,305.8298034667969,304.67498779296875,304.8599853515625,912994
2025-05-05 12:30:00,304.8634948730469,305.6199951171875,304.8599853515625,305.3800048828125,467504
2025-05-05 13:30:00,305.3900146484375,306.0799865722656,305.2699890136719,305.989990234375,598117
2025-05-05 14:30:00,306.00030517578125,307.5299987792969,305.80999755859375,307.5299987792969,866690
2025-05-05 15:30:00,307.5199890136719,307.6499938964844,306.6600036621094,306.8500061035156,1415854
2025-05-05 16:00:00,306.88,307.59,305.533,307.2,0
2025-05-05 17:00:00,307.33,307.75,306.88,307.69,0
2025-05-05 18:00:00,307.5,307.79,306.67,307.1,0
2025-05-05 19:00:00,306.95,307.5,306.86,307.3,0
2025-05-06 04:00:00,310.12,311.85,310.12,311.7,0
2025-05-06 05:00:00,311.73,311.82,310.77,311.11,0
2025-05-06 06:00:00,311.09,311.88,311.05,311.45,0
2025-05-06 07:00:00,311.44,312.0,311.25,311.67,0
2025-05-06 08:00:00,311.67,311.9988,306.88,311.1667,0
2025-05-06 09:00:00,311.2,313.09,306.88,312.9,0
2025-05-06 09:30:00,313.1199951171875,313.25,311.8940124511719,311.94000244140625,3530453
2025-05-06 10:30:00,311.9100036621094,313.25,311.3999938964844,313.1000061035156,1217014
2025-05-06 11:30:00,313.0950012207031,313.8500061035156,312.7615051269531,313.7699890136719,1031807
2025-05-06 12:30:00,313.760009765625,315.05999755859375,313.6000061035156,314.760009765625,1168494
2025-05-06 13:30:00,314.9100036621094,315.0299987792969,314.3599853515625,314.9200134277344,835975
2025-05-06 14:30:00,314.95001220703125,314.989990234375,314.54998779296875,314.7900085449219,895766
2025-05-06 15:30:00,314.7900085449219,315.6199951171875,314.7300109863281,315.5199890136719,1403511
2025-05-06 16:00:00,315.49,316.8,314.4652,316.35,0
2025-05-06 17:00:00,316.5,318.45,315.48,317.16,0
2025-05-06 18:00:00,317.21,317.348,311.6,311.6799,0
2025-05-06 19:00:00,311.7,313.97,311.08,313.48,0
2025-05-07 04:00:00,312.32,312.57,311.61,312.05,0
2025-05-07 05:00:00,312.05,312.17,310.88,311.04,0
2025-05-07 06:00:00,311.12,312.63,310.5,312.44,0
2025-05-07 07:00:00,312.47,312.89,311.91,312.3,0
2025-05-07 08:00:00,312.2,315.48,310.7907,312.04,0
2025-05-07 09:00:00,312.1,315.48,312.05,312.41,0
2025-05-07 09:30:00,312.1000061035156,313.25,311.17999267578125,311.8599853515625,1902891
2025-05-07 10:30:00,311.8500061035156,312.3999938964844,311.52301025390625,311.95001220703125,610827
2025-05-07 11:30:00,311.9700012207031,312.25,311.42999267578125,311.7699890136719,457646
2025-05-07 12:30:00,311.79998779296875,312.4800109863281,311.7301025390625,311.9700012207031,741383
2025-05-07 13:30:00,311.9599914550781,313.260009765625,311.9200134277344,312.2200012207031,1016516
2025-05-07 14:30:00,312.2799987792969,312.5199890136719,310.0799865722656,310.95001220703125,1394081
2025-05-07 15:30:00,310.95001220703125,311.2488098144531,310.3949890136719,310.80999755859375,1260539
2025-05-07 16:00:00,310.75,311.7823,310.1,310.21,0
2025-05-07 17:00:00,310.16,310.75,310.1101,310.5,0
2025-05-07 18:00:00,310.41,310.948,310.11,310.5,0
2025-05-07 19:00:00,310.61,311.31,310.46,311.13,0
2025-05-08 04:00:00,308.1,310.0,307.26,307.93,0
2025-05-08 05:00:00,307.66,308.14,307.51,307.6,0
2025-05-08 06:00:00,307.55,308.46,306.89,308.4,0
2025-05-08 07:00:00,308.25,308.3,307.65,308.13,0
2025-05-08 08:00:00,308.1,313.04,305.98,309.08,0
2025-05-08 09:00:00,309.0004,310.75,308.43,309.9,0
2025-05-08 09:30:00,309.760009765625,310.4800109863281,308.7701110839844,309.07000732421875,1606449
2025-05-08 10:30:00,309.0899963378906,309.8388977050781,307.8800048828125,308.3999938964844,2556377
2025-05-08 11:30:00,308.3699951171875,308.9750061035156,304.4700012207031,305.09100341796875,2275012
2025-05-08 12:30:00,305.1499938964844,305.510009765625,303.94000244140625,304.2950134277344,1605427
2025-05-08 13:30:00,304.2900085449219,305.1000061035156,303.92010498046875,304.8500061035156,1036372
2025-05-08 14:30:00,304.8399963378906,304.9800109863281,303.04998779296875,303.375,1111399
2025-05-08 15:30:00,303.3599853515625,305.0199890136719,303.3500061035156,304.6499938964844,1331654
2025-05-08 16:00:00,304.63,305.09,304.45,304.63,0
2025-05-08 17:00:00,304.82,305.0,304.35,304.94,0
2025-05-08 18:00:00,304.82,306.4,304.72,306.26,0
2025-05-08 19:00:00,306.2,306.25,305.18,305.35,0
2025-05-09 04:00:00,306.72,306.84,306.01,306.14,0
2025-05-09 05:00:00,306.4,306.9,306.06,306.53,0
2025-05-09 06:00:00,306.59,306.9,306.2,306.41,0
2025-05-09 07:00:00,306.37,307.68,306.12,307.5,0
2025-05-09 08:00:00,307.41,307.725,304.63,307.32,0
2025-05-09 09:00:00,307.26,307.56,304.63,307.0304,0
2025-05-09 09:30:00,307.75,307.7950134277344,306.0101013183594,307.6650085449219,1456624
2025-05-09 10:30:00,307.67999267578125,308.14801025390625,307.2699890136719,307.82000732421875,1143522
2025-05-09 11:30:00,307.79998779296875,308.57000732421875,307.7401123046875,307.8299865722656,958634
2025-05-09 12:30:00,307.8399963378906,308.0690002441406,307.5,307.7300109863281,431102
2025-05-09 13:30:00,307.760009765625,308.1000061035156,307.5,307.78570556640625,1237908
2025-05-09 14:30:00,307.81500244140625,307.8399963378906,306.9100036621094,306.92999267578125,444244
2025-05-09 15:30:00,306.9200134277344,306.94000244140625,306.5,306.8399963378906,975089
2025-05-09 16:00:00,306.84,306.99,306.39,306.54,0
2025-05-09 17:00:00,306.54,307.0,306.38,306.83,0
2025-05-09 18:00:00,306.56,307.0,306.56,307.0,0
2025-05-09 19:00:00,306.76,307.0,306.6,306.67,0
2025-05-12 04:00:00,298.49,302.89,296.9,297.25,0
2025-05-12 05:00:00,297.16,298.21,297.1,297.4,0
2025-05-12 06:00:00,297.31,297.36,295.92,296.26,0
2025-05-12 07:00:00,296.2,297.17,295.6,296.8,0
2025-05-12 08:00:00,296.85,306.84,295.6426,297.6,0
2025-05-12 09:00:00,297.54,306.84,297.06,298.8586,0
2025-05-12 09:30:00,298.3299865722656,299.44000244140625,297.8599853515625,298.8900146484375,5560341
2025-05-12 10:30:00,298.95001220703125,299.3299865722656,297.9599914550781,298.5744934082031,1920656
2025-05-12 11:30:00,298.55999755859375,299.0198974609375,297.29998779296875,297.4778137207031,1445348
2025-05-12 12:30:00,297.4971923828125,297.739990234375,296.8699951171875,297.1600036621094,1473751
2025-05-12 13:30:00,297.1700134277344,297.4598083496094,296.82000732421875,297.1499938964844,1091682
2025-05-12 14:30:00,297.1400146484375,298.5199890136719,296.8699951171875,298.44000244140625,998686
2025-05-12 15:30:00,298.44000244140625,298.5,298.07000732421875,298.1600036621094,1346726
2025-05-12 16:00:00,298.19,298.48,297.72,298.2602,0
2025-05-12 17:00:00,298.24,298.52,298.01,298.24,0
2025-05-12 18:00:00,298.25,298.99,297.51,298.15,0
2025-05-12 19:00:00,297.965,298.61,297.9001,298.44,0
2025-05-13 04:00:00,299.8,300.54,299.8,300.01,0
2025-05-13 05:00:00,300.1,300.29,299.53,299.93,0
2025-05-13 06:00:00,299.95,300.18,299.64,299.95,0
2025-05-13 07:00:00,299.95,300.39,299.65,300.1,0
2025-05-13 08:00:00,300.0,300.94,298.15,298.67,0
2025-05-13 09:00:00,298.8,299.95,298.19,299.0,0
2025-05-13 09:30:00,298.9800109863281,299.1087951660156,297.2900085449219,298.6549987792969,2529370
2025-05-13 10:30:00,298.6300048828125,299.42120361328125,298.5299987792969,299.3257141113281,1021417
2025-05-13 11:30:00,299.3399963378906,300.29998779296875,299.1199951171875,299.8999938964844,2086016
2025-05-13 12:30:00,299.9100036621094,300.07000732421875,298.82000732421875,298.95001220703125,1184754
2025-05-13 13:30:00,298.9599914550781,299.510009765625,298.79400634765625,299.29998779296875,1046320
2025-05-13 14:30:00,299.30999755859375,299.6098937988281,299.20001220703125,299.460205078125,1343080
2025-05-13 15:30:00,299.4599914550781,299.6600036621094,299.32000732421875,299.489990234375,722195
2025-05-13 16:00:00,299.47,300.0,285.913,299.56,0
2025-05-13 17:00:00,299.69,299.95,285.913,299.9388,0
2025-05-13 18:00:00,299.56,299.94,299.5,299.94,0
2025-05-13 19:00:00,299.95,300.23,299.6,299.9,0
2025-05-14 04:00:00,298.48,298.99,297.22,298.31,0
2025-05-14 05:00:00,298.49,298.54,297.64,297.95,0
2025-05-14 06:00:00,297.88,298.27,297.67,298.03,0
2025-05-14 07:00:00,297.94,298.55,297.66,298.36,0
2025-05-14 08:00:00,298.42,299.46,295.75,296.19,0
2025-05-14 09:00:00,296.19,296.59,292.68,293.02,0
2025-05-14 09:30:00,293.6700134277344,294.79998779296875,293.010009765625,293.5703125,4104256
2025-05-14 10:30:00,293.57000732421875,294.17999267578125,292.9599914550781,293.5950012207031,1976957
2025-05-14 11:30:00,293.6000061035156,293.69000244140625,292.9800109863281,293.3999938964844,1919944
2025-05-14 12:30:00,293.3500061035156,294.0907897949219,292.4800109863281,293.4541931152344,2040503
2025-05-14 13:30:00,293.4800109863281,293.5400085449219,292.67999267578125,292.8236083984375,821724
2025-05-14 14:30:00,292.8299865722656,292.9700012207031,291.9599914550781,292.5199890136719,1809703
2025-05-14 15:30:00,292.510009765625,293.2699890136719,292.42999267578125,293.1700134277344,1596862
2025-05-14 16:00:00,293.18,293.44,292.75,292.9548,0
2025-05-14 17:00:00,292.88,293.5,292.75,293.19,0
2025-05-14 18:00:00,293.17,293.4,292.89,293.25,0
2025-05-14 19:00:00,293.14,293.78,293.09,293.6888,0
2025-05-15 04:00:00,289.6,290.78,288.5,290.42,0
2025-05-15 05:00:00,290.48,292.09,290.29,291.7,0
2025-05-15 06:00:00,291.77,292.89,291.6,292.7,0
2025-05-15 07:00:00,292.74,293.08,292.5,292.68,0
2025-05-15 08:00:00,292.66,293.7,287.8,293.47,0
2025-05-15 09:00:00,293.4599,294.5,293.0,294.48,0
2025-05-15 09:30:00,294.1000061035156,295.57000732421875,293.75,295.4100036621094,3655004
2025-05-15 10:30:00,295.4200134277344,296.42999267578125,294.6701965332031,296.3695983886719,1936088
2025-05-15 11:30:00,296.17999267578125,296.8399963378906,296.0,296.6300048828125,1483948
2025-05-15 12:30:00,296.6206970214844,297.54998779296875,296.5899963378906,297.0299987792969,1838822
2025-05-15 13:30:00,297.0224914550781,297.29998779296875,296.3699951171875,297.1099853515625,948749
2025-05-15 14:30:00,297.0950012207031,297.6400146484375,296.8900146484375,297.6300048828125,1358978
2025-05-15 15:30:00,297.6300048828125,297.8999938964844,297.3800048828125,297.8299865722656,1715409
2025-05-15 16:00:00,297.84,298.69,283.1928,298.56,0
2025-05-15 17:00:00,298.53,298.97,298.2,298.89,0
2025-05-15 18:00:00,298.84,299.79,298.3,299.68,0
2025-05-15 19:00:00,299.6,299.6,298.21,298.22,0
2025-05-16 04:00:00,295.65,296.98,294.4,295.31,0
2025-05-16 05:00:00,295.5,295.91,295.19,295.9,0
2025-05-16 06:00:00,295.84,296.14,294.97,295.05,0
2025-05-16 07:00:00,295.18,295.34,292.1,292.37,0
2025-05-16 08:00:00,292.3,297.84,290.73,292.61,0
2025-05-16 09:00:00,292.6,297.84,292.1101,292.83,0
2025-05-16 09:30:00,292.6199951171875,293.9599914550781,292.15008544921875,292.6600036621094,5234033
2025-05-16 10:30:00,292.67999267578125,293.1499938964844,291.7799987792969,292.9200134277344,1818014
2025-05-16 11:30:00,292.8999938964844,293.739990234375,292.8699951171875,293.3999938964844,1074484
2025-05-16 12:30:00,293.3999938964844,294.2200012207031,293.260009765625,293.510009765625,1039556
2025-05-16 13:30:00,293.5199890136719,294.1499938964844,293.4100036621094,294.0199890136719,738444
2025-05-16 14:30:00,294.0199890136719,294.5299987792969,293.5400085449219,294.3500061035156,1317229
2025-05-16 15:30:00,294.3599853515625,294.57501220703125,294.125,294.260009765625,1902104
2025-05-16 16:00:00,294.26,295.35,294.24,295.11,0
2025-05-16 17:00:00,295.15,295.86,294.5,295.75,0
2025-05-16 18:00:00,295.78,297.12,295.6,296.6399,0
2025-05-16 19:00:00,296.64,297.99,296.33,296.92,0
2025-05-19 04:00:00,297.87,298.86,297.65,298.23,0
2025-05-19 05:00:00,298.18,299.34,298.02,298.61,0
2025-05-19 06:00:00,298.55,298.81,298.13,298.8,0
2025-05-19 07:00:00,298.8,299.1,298.53,298.79,0
2025-05-19 08:00:00,298.77,299.4,295.66,298.75,0
2025-05-19 09:00:00,298.75,298.95,294.24,298.43,0
2025-05-19 09:30:00,297.8450012207031,298.0899963378906,296.48199462890625,297.7799987792969,4445206
2025-05-19 10:30:00,297.7799987792969,298.25,297.45001220703125,298.0899963378906,1835555
2025-05-19 11:30:00,298.010009765625,298.5799865722656,297.5,297.6000061035156,1399949
2025-05-19 12:30:00,297.6050109863281,298.1000061035156,297.45001220703125,297.739990234375,823545
2025-05-19 13:30:00,297.79998779296875,298.0799865722656,297.2650146484375,298.0799865722656,791621
2025-05-19 14:30:00,298.0799865722656,298.25,297.92999267578125,298.0899963378906,713146
2025-05-19 15:30:00,298.0899963378906,298.0899963378906,297.8399963378906,297.989990234375,1384125
2025-05-19 16:00:00,298.03,298.9,297.51,297.71,0
2025-05-19 17:00:00,297.75,299.29,284.4181,297.9,0
2025-05-19 18:00:00,297.8,297.8,297.18,297.3899,0
2025-05-19 19:00:00,297.38,297.48,296.55,296.99,0
2025-05-20 04:00:00,297.06,297.51,296.66,296.91,0
2025-05-20 05:00:00,297.03,298.55,297.03,298.25,0
2025-05-20 06:00:00,298.2,298.52,297.91,298.05,0
2025-05-20 07:00:00,298.0,298.65,297.99,298.55,0
2025-05-20 08:00:00,298.55,299.06,295.77,298.6003,0
2025-05-20 09:00:00,298.79,299.6,297.96,298.24,0
2025-05-20 09:30:00,298.3500061035156,302.80999755859375,298.29998779296875,302.2698974609375,4100725
2025-05-20 10:30:00,302.2688903808594,302.760009765625,301.69000244140625,302.1099853515625,2226784
2025-05-20 11:30:00,302.1199951171875,302.510009765625,301.94000244140625,302.1400146484375,974309
2025-05-20 12:30:00,302.1400146484375,302.760009765625,301.8599853515625,302.4800109863281,739971
2025-05-20 13:30:00,302.4800109863281,303.1600036621094,302.4700012207031,303.0299987792969,1307671
2025-05-20 14:30:00,303.0400085449219,303.2900085449219,302.8500061035156,303.1650085449219,1351847
2025-05-20 15:30:00,303.1700134277344,303.6824951171875,303.1199951171875,303.5899963378906,1547189
2025-05-20 16:00:00,303.61,303.761,302.4706,303.18,0
2025-05-20 17:00:00,303.25,303.26,284.2356,303.1,0
2025-05-20 18:00:00,303.1,304.6793,303.1,303.81,0
2025-05-20 19:00:00,303.8,303.84,303.01,303.4,0
2025-05-21 04:00:00,305.08,305.66,304.3,304.81,0
2025-05-21 05:00:00,304.85,305.31,304.65,305.26,0
2025-05-21 06:00:00,305.17,305.77,304.82,305.68,0
2025-05-21 07:00:00,305.67,305.88,304.91,305.28,0
2025-05-21 08:00:00,305.3,306.0,303.29,303.69,0
2025-05-21 09:00:00,303.69,304.7,303.35,304.64,0
2025-05-21 09:30:00,304.54998779296875,305.0400085449219,303.6700134277344,304.70001220703125,3336178
2025-05-21 10:30:00,304.6700134277344,305.50201416015625,304.2699890136719,305.2001037597656,1422917
2025-05-21 11:30:00,305.2200012207031,305.4649963378906,304.9501037597656,305.0199890136719,1399378
2025-05-21 12:30:00,305.0199890136719,305.55999755859375,304.3599853515625,305.1400146484375,1021942
2025-05-21 13:30:00,305.1400146484375,305.6499938964844,304.75,305.4097900390625,1172443
2025-05-21 14:30:00,305.4200134277344,306.4599914550781,305.260009765625,306.43499755859375,1667686
2025-05-21 15:30:00,306.42999267578125,306.44500732421875,305.67999267578125,305.8399963378906,1943094
2025-05-21 16:00:00,305.86,305.97,305.035,305.452,0
2025-05-21 17:00:00,305.65,305.88,305.44,305.88,0
2025-05-21 18:00:00,305.78,306.09,305.5,305.66,0
2025-05-21 19:00:00,305.76,306.29,305.6,305.79,0
2025-05-22 04:00:00,308.0,308.0,305.67,305.68,0
2025-05-22 05:00:00,305.73,305.74,304.36,304.56,0
2025-05-22 06:00:00,304.52,304.93,303.81,303.93,0
2025-05-22 07:00:00,303.8,304.04,302.4,303.49,0
2025-05-22 08:00:00,303.48,307.84,302.26,305.12,0
2025-05-22 09:00:00,305.13,305.82,304.11,305.4,0
2025-05-22 09:30:00,305.0899963378906,305.2799987792969,302.1000061035156,303.7900085449219,3109653
2025-05-22 10:30:00,303.8399963378906,304.45001220703125,302.3312072753906,303.5199890136719,1442937
2025-05-22 11:30:00,303.5799865722656,304.0299987792969,302.9700012207031,304.0299987792969,711868
2025-05-22 12:30:00,304.0199890136719,304.4800109863281,303.3999938964844,303.6199951171875,441739
2025-05-22 13:30:00,303.6440124511719,304.0,303.1400146484375,303.5299987792969,1396179
2025-05-22 14:30:00,303.5299987792969,303.7795104980469,302.989990234375,303.1099853515625,972001
2025-05-22 15:30:00,303.1099853515625,303.4849853515625,303.0400085449219,303.0799865722656,1183746
2025-05-22 16:00:00,303.11,303.62,303.05,303.6099,0
2025-05-22 17:00:00,303.56,303.57,303.04,303.32,0
2025-05-22 18:00:00,303.47,303.92,303.11,303.91,0
2025-05-22 19:00:00,303.85,304.34,303.52,304.05,0
2025-05-23 04:00:00,306.83,306.88,306.12,306.28,0
2025-05-23 05:00:00,306.14,307.24,306.1,307.13,0
2025-05-23 06:00:00,307.1,307.2,306.23,306.73,0
2025-05-23 07:00:00,306.63,307.2,306.47,307.0,0
2025-05-23 08:00:00,307.06,309.26,304.36,308.49,0
2025-05-23 09:00:00,308.55,310.09,308.3501,309.2083,0
2025-05-23 09:30:00,308.8599853515625,309.1199951171875,307.4700012207031,308.8800048828125,4399576
2025-05-23 10:30:00,308.8699951171875,309.6600036621094,308.59381103515625,309.4552001953125,2134401
2025-05-23 11:30:00,309.4599914550781,309.8900146484375,309.239990234375,309.7200012207031,1206314
2025-05-23 12:30:00,309.70001220703125,310.19000244140625,309.3102111816406,310.17999267578125,1367516
2025-05-23 13:30:00,310.17999267578125,310.20001220703125,309.7699890136719,310.1700134277344,856661
2025-05-23 14:30:00,310.1492919921875,310.25,309.7099914550781,310.0400085449219,1409855
2025-05-23 15:30:00,310.0567932128906,310.0567932128906,309.5,309.739990234375,1422776
2025-05-23 16:00:00,309.75,309.87,288.2554,309.31,0
2025-05-23 17:00:00,309.35,309.75,288.2554,309.6524,0
2025-05-23 18:00:00,309.75,309.95,309.41,309.733,0
2025-05-23 19:00:00,309.6,309.95,309.41,309.9,0
2025-05-27 04:00:00,303.81,306.7,303.71,304.79,0
2025-05-27 05:00:00,304.78,305.05,303.85,304.3,0
2025-05-27 06:00:00,304.26,304.26,303.26,303.7,0
2025-05-27 07:00:00,303.6,303.91,303.04,303.12,0
2025-05-27 08:00:00,303.2,309.75,303.02,303.94,0
2025-05-27 09:00:00,303.7,309.75,303.35,303.99,0
2025-05-27 09:30:00,303.80999755859375,304.6000061035156,302.739990234375,303.7699890136719,3473621
2025-05-27 10:30:00,303.75,304.42999267578125,303.6099853515625,303.7799987792969,1437303
2025-05-27 11:30:00,303.760009765625,304.0097961425781,303.1199951171875,303.9100036621094,1008999
2025-05-27 12:30:00,303.9200134277344,304.3900146484375,303.6499938964844,304.29998779296875,563624
2025-05-27 13:30:00,304.1499938964844,304.5400085449219,304.04400634765625,304.2300109863281,821045
2025-05-27 14:30:00,304.239990234375,304.6199951171875,304.2300109863281,304.5830078125,813143
2025-05-27 15:30:00,304.5799865722656,304.875,304.5,304.5199890136719,899865
2025-05-27 16:00:00,304.5,304.58,285.913,304.25,0
2025-05-27 17:00:00,304.29,304.58,285.913,304.58,0
2025-05-27 18:00:00,304.5,304.63,304.23,304.43,0
2025-05-27 19:00:00,304.43,305.21,303.98,304.92,0
2025-05-28 04:00:00,305.85,306.31,305.32,305.8,0
2025-05-28 05:00:00,305.86,306.33,305.6,306.29,0
2025-05-28 06:00:00,306.28,306.46,305.81,305.96,0
2025-05-28 07:00:00,305.82,305.85,305.01,305.32,0
2025-05-28 08:00:00,305.35,306.4,303.61,305.06,0
2025-05-28 09:00:00,305.06,305.68,303.755,304.77,0
2025-05-28 09:30:00,304.6400146484375,304.989990234375,304.0199890136719,304.8399963378906,2219764
2025-05-28 10:30:00,304.8299865722656,304.8800048828125,303.6400146484375,303.6600036621094,1007587
2025-05-28 11:30:00,303.6199951171875,304.0400085449219,303.45001220703125,303.8599853515625,806623
2025-05-28 12:30:00,303.8599853515625,304.0177001953125,303.05999755859375,303.7900085449219,832557
2025-05-28 13:30:00,303.82000732421875,304.3699951171875,303.6199951171875,304.239990234375,1029244
2025-05-28 14:30:00,304.25,304.4200134277344,303.57000732421875,303.57000732421875,1067867
2025-05-28 15:30:00,303.5799865722656,303.95989990234375,303.54998779296875,303.82000732421875,1214478
2025-05-28 16:00:00,303.85,303.88,302.0,302.95,0
2025-05-28 17:00:00,303.0,303.85,302.81,303.1,0
2025-05-28 18:00:00,303.02,303.73,302.28,302.619,0
2025-05-28 19:00:00,302.83,303.318,299.5,300.48,0
2025-05-29 04:00:00,302.66,303.12,301.4,302.51,0
2025-05-29 05:00:00,302.62,302.62,301.87,302.04,0
2025-05-29 06:00:00,302.02,304.0,302.02,303.94,0
2025-05-29 07:00:00,303.86,304.25,303.56,304.25,0
2025-05-29 08:00:00,304.21,305.08,301.0,304.96,0
2025-05-29 09:00:00,304.97,305.75,303.81,305.06,0
2025-05-29 09:30:00,305.739990234375,306.0799865722656,304.9436950683594,305.0299987792969,2471825
2025-05-29 10:30:00,305.04998779296875,305.6700134277344,304.4599914550781,305.5268859863281,890559
2025-05-29 11:30:00,305.510009765625,306.8900146484375,305.3900146484375,306.42999267578125,1457620
2025-05-29 12:30:00,306.4599914550781,306.54998779296875,305.760009765625,305.760009765625,752730
2025-05-29 13:30:00,305.7900085449219,306.3900146484375,305.6600036621094,305.7799987792969,2212484
2025-05-29 14:30:00,305.7900085449219,306.0400085449219,305.6199951171875,305.79998779296875,624386
2025-05-29 15:30:00,305.82000732421875,305.8299865722656,305.4800109863281,305.5899963378906,742033
2025-05-29 16:00:00,305.58,305.978,305.4729,305.83,0
2025-05-29 17:00:00,305.78,305.91,305.61,305.69,0
2025-05-29 18:00:00,305.69,306.1299,305.29,305.41,0
2025-05-29 19:00:00,305.2731,305.75,305.23,305.6,0
2025-05-30 04:00:00,303.69,304.28,303.4,303.95,0
2025-05-30 05:00:00,304.02,304.17,303.6,303.83,0
2025-05-30 06:00:00,303.7,304.25,303.46,303.75,0
2025-05-30 07:00:00,303.8,303.93,303.21,303.5,0
2025-05-30 08:00:00,303.57,305.61,302.51,304.48,0
2025-05-30 09:00:00,304.31,305.61,303.77,304.4,0
2025-05-30 09:30:00,303.6400146484375,304.0199890136719,301.5,302.5899963378906,2179074
2025-05-30 10:30:00,302.6099853515625,303.072998046875,301.6400146484375,302.9100036621094,1428184
2025-05-30 11:30:00,302.8949890136719,303.42999267578125,302.8599853515625,303.1099853515625,1052064
2025-05-30 12:30:00,303.1099853515625,303.7200012207031,302.6099853515625,303.3299865722656,815502
2025-05-30 13:30:00,303.30999755859375,303.6600036621094,303.2300109863281,303.6099853515625,1746474
2025-05-30 14:30:00,303.6000061035156,303.67999267578125,303.4305114746094,303.4989929199219,576334
2025-05-30 15:30:00,303.510009765625,303.6499938964844,303.3500061035156,303.6099853515625,1298472
2025-05-30 16:00:00,303.65,303.73,302.9,303.25,0
2025-05-30 17:00:00,303.27,303.75,303.07,303.4,0
2025-05-30 18:00:00,303.35,303.75,303.1,303.51,0
2025-05-30 19:00:00,303.7,303.75,303.51,303.7,0
2025-06-02 04:00:00,308.98,309.3,307.12,308.91,0
2025-06-02 05:00:00,308.88,309.23,308.2,308.38,0
2025-06-02 06:00:00,308.44,308.86,308.14,308.65,0
2025-06-02 07:00:00,308.68,309.1,308.2,309.02,0
2025-06-02 08:00:00,309.07,309.93,303.6,309.77,0
2025-06-02 09:00:00,309.77,309.99,303.6,309.3,0
2025-06-02 09:30:00,308.9049987792969,311.32000732421875,308.7200012207031,310.8299865722656,4940090
2025-06-02 10:30:00,310.8699951171875,311.3900146484375,310.4800109863281,310.8500061035156,2109342
2025-06-02 11:30:00,310.8599853515625,311.3999938964844,310.55999755859375,310.8399963378906,1228432
2025-06-02 12:30:00,310.8464050292969,311.05999755859375,310.4700012207031,310.760009765625,945712
2025-06-02 13:30:00,310.75,311.1099853515625,310.6199951171875,310.7300109863281,917102
2025-06-02 14:30:00,310.7300109863281,311.510009765625,310.6700134277344,311.39898681640625,1211243
2025-06-02 15:30:00,311.3900146484375,311.7200012207031,311.3450012207031,311.6199951171875,1686896
2025-06-02 16:00:00,311.67,311.88,311.33,311.62,0
2025-06-02 17:00:00,311.6,311.89,311.41,311.54,0
2025-06-02 18:00:00,311.65,312.5,311.52,312.2,0
2025-06-02 19:00:00,312.39,312.56,311.8,312.39,0
2025-06-03 04:00:00,309.62,310.2,309.59,309.86,0
2025-06-03 05:00:00,309.77,310.04,309.42,309.56,0
2025-06-03 06:00:00,309.5,309.68,309.2,309.45,0
2025-06-03 07:00:00,309.38,309.5,309.05,309.34,0
2025-06-03 08:00:00,309.35,311.67,308.56,309.1,0
2025-06-03 09:00:00,309.226,311.67,308.99,309.61,0
2025-06-03 09:30:00,309.1099853515625,309.55999755859375,307.1499938964844,308.3800048828125,3532638
2025-06-03 10:30:00,308.3815002441406,308.75,308.1199951171875,308.69000244140625,1374494
2025-06-03 11:30:00,308.68499755859375,309.0400085449219,308.4200134277344,308.6300048828125,1157047
2025-06-03 12:30:00,308.6099853515625,309.0350036621094,308.17999267578125,309.0350036621094,880186
2025-06-03 13:30:00,309.010009765625,309.1199951171875,308.7200012207031,308.9200134277344,630340
2025-06-03 14:30:00,308.9100036621094,309.2099914550781,308.7950134277344,308.9849853515625,572814
2025-06-03 15:30:00,308.9801025390625,309.2149963378906,308.79998779296875,308.9200134277344,837039
2025-06-03 16:00:00,308.91,309.2,308.91,309.13,0
2025-06-03 17:00:00,309.13,309.25,288.9467,309.1,0
2025-06-03 18:00:00,309.06,309.5,308.91,309.35,0
2025-06-03 19:00:00,309.35,309.85,309.25,309.6778,0
2025-06-04 04:00:00,309.16,309.41,308.95,309.16,0
2025-06-04 05:00:00,309.18,310.1,309.18,310.06,0
2025-06-04 06:00:00,310.03,310.04,309.44,309.44,0
2025-06-04 07:00:00,309.41,309.53,308.2,308.33,0
2025-06-04 08:00:00,308.38,309.994,308.18,308.67,0
2025-06-04 09:00:00,308.73,309.9,308.56,309.59,0
2025-06-04 09:30:00,309.42999267578125,310.5299987792969,308.739990234375,310.5278015136719,2194085
2025-06-04 10:30:00,310.5,311.8800048828125,310.46881103515625,310.94000244140625,1558625
2025-06-04 11:30:00,310.94000244140625,311.0,310.489990234375,310.82000732421875,641706
2025-06-04 12:30:00,310.8299865722656,311.1549987792969,310.79998779296875,311.0199890136719,530096
2025-06-04 13:30:00,311.0199890136719,311.67999267578125,311.0199890136719,311.489990234375,600401
2025-06-04 14:30:00,311.5,311.54998779296875,310.7099914550781,310.8550109863281,828307
2025-06-04 15:30:00,310.8599853515625,310.95001220703125,310.7349853515625,310.8900146484375,779130
2025-06-04 16:00:00,310.9,311.04,310.62,310.79,0
2025-06-04 17:00:00,310.7,311.59,310.57,311.1,0
2025-06-04 18:00:00,311.0,311.12,310.65,310.78,0
2025-06-04 19:00:00,310.88,311.46,310.65,311.3,0
2025-06-05 04:00:00,310.65,310.85,310.47,310.73,0
2025-06-05 05:00:00,310.75,312.12,310.7,312.06,0
2025-06-05 06:00:00,312.14,312.92,311.58,312.79,0
2025-06-05 07:00:00,312.85,313.55,312.69,312.76,0
2025-06-05 08:00:00,312.85,313.5,309.78,312.59,0
2025-06-05 09:00:00,312.97,313.25,310.61,311.52,0
2025-06-05 09:30:00,311.239990234375,312.20001220703125,310.239990234375,310.9700012207031,2477582
2025-06-05 10:30:00,310.989990234375,311.6700134277344,309.5899963378906,309.7699890136719,1706487
2025-06-05 11:30:00,309.75,309.82000732421875,307.65008544921875,308.4549865722656,1656877
2025-06-05 12:30:00,308.45001220703125,309.2300109863281,308.3800048828125,308.8900146484375,671120
2025-06-05 13:30:00,308.864990234375,309.1300048828125,308.6300048828125,309.1300048828125,512961
2025-06-05 14:30:00,309.1099853515625,309.69000244140625,308.8900146484375,309.30999755859375,926673
2025-06-05 15:30:00,309.32000732421875,309.4700012207031,308.8500061035156,309.20001220703125,2380049
2025-06-05 16:00:00,309.33,309.33,308.82,308.85,0
2025-06-05 17:00:00,309.0,309.96,308.55,309.25,0
2025-06-05 18:00:00,309.14,309.8682,308.8,309.56,0
2025-06-05 19:00:00,309.39,309.99,309.21,309.8,0
2025-06-06 04:00:00,309.52,311.0,309.47,310.0,0
2025-06-06 05:00:00,310.16,310.42,309.24,309.24,0
2025-06-06 06:00:00,309.24,309.63,308.91,309.37,0
2025-06-06 07:00:00,309.38,309.99,309.37,309.72,0
2025-06-06 08:00:00,309.72,311.0,309.0,309.39,0
2025-06-06 09:00:00,309.03,309.99,308.09,309.25,0
2025-06-06 09:30:00,309.04998779296875,309.20001220703125,305.67498779296875,306.32000732421875,2186484
2025-06-06 10:30:00,306.2699890136719,307.239990234375,306.17999267578125,306.9100036621094,1081116
2025-06-06 11:30:00,306.94000244140625,307.4599914550781,306.2799987792969,306.2900085449219,813868
2025-06-06 12:30:00,306.30010986328125,306.5400085449219,306.010009765625,306.2998962402344,574462
2025-06-06 13:30:00,306.2900085449219,306.3299865722656,305.3500061035156,305.5199890136719,801394
2025-06-06 14:30:00,305.510009765625,305.91680908203125,305.32000732421875,305.44000244140625,761504
2025-06-06 15:30:00,305.4800109863281,305.55999755859375,305.1000061035156,305.2200012207031,1093167
2025-06-06 16:00:00,305.23,305.3286,288.2554,305.06,0
2025-06-06 17:00:00,305.09,305.97,288.2554,305.0,0
2025-06-06 18:00:00,305.0,305.4,304.703,305.01,0
2025-06-06 19:00:00,305.01,305.4,304.81,305.26,0
2025-06-09 04:00:00,306.33,306.47,305.9,306.29,0
2025-06-09 05:00:00,306.42,306.48,305.67,305.87,0
2025-06-09 06:00:00,305.85,306.18,305.51,305.59,0
2025-06-09 07:00:00,305.55,305.81,305.2,305.73,0
2025-06-09 08:00:00,305.75,306.71,304.9,305.75,0
2025-06-09 09:00:00,305.75,306.2,305.18,305.5289,0
2025-06-09 09:30:00,305.3900146484375,306.5400085449219,305.05999755859375,306.1000061035156,1534808
2025-06-09 10:30:00,306.1000061035156,306.9198913574219,305.55999755859375,306.8999938964844,962674
2025-06-09 11:30:00,306.92999267578125,307.3699951171875,306.6199951171875,307.13128662109375,750319
2025-06-09 12:30:00,307.1000061035156,307.6099853515625,307.0139465332031,307.2200012207031,1425874
2025-06-09 13:30:00,307.2300109863281,307.489990234375,307.1400146484375,307.43499755859375,828153
2025-06-09 14:30:00,307.43499755859375,307.5,306.9599914550781,306.9599914550781,848901
2025-06-09 15:30:00,306.9700012207031,307.0050048828125,306.44000244140625,306.5799865722656,591402
2025-06-09 16:00:00,306.62,307.1495,306.39,306.4,0
2025-06-09 17:00:00,306.36,306.93,305.9997,306.21,0
2025-06-09 18:00:00,306.25,306.93,306.07,306.29,0
2025-06-09 19:00:00,306.28,306.93,306.12,306.54,0
2025-06-10 04:00:00,306.75,307.27,306.45,306.91,0
2025-06-10 05:00:00,306.9,306.98,306.46,306.82,0
2025-06-10 06:00:00,306.73,307.34,306.6,307.17,0
2025-06-10 07:00:00,307.2,307.91,307.08,307.76,0
2025-06-10 08:00:00,307.82,307.97,304.34,307.4,0
2025-06-10 09:00:00,307.58,307.9,306.62,307.59,0
2025-06-10 09:30:00,308.30999755859375,308.6000061035156,306.94000244140625,307.17999267578125,1510484
2025-06-10 10:30:00,307.1600036621094,307.1700134277344,306.2300109863281,306.5,1403774
2025-06-10 11:30:00,306.510009765625,306.7699890136719,305.989990234375,306.1700134277344,909409
2025-06-10 12:30:00,306.19000244140625,306.3399963378906,305.9100036621094,306.0950012207031,661996
2025-06-10 13:30:00,306.17999267578125,306.4649963378906,306.0506896972656,306.239990234375,611199
2025-06-10 14:30:00,306.239990234375,307.0199890136719,305.8699951171875,306.9800109863281,770720
2025-06-10 15:30:00,306.989990234375,307.2699890136719,306.6199951171875,306.7099914550781,949735
2025-06-10 16:00:00,306.71,306.73,285.913,306.26,0
2025-06-10 17:00:00,306.25,307.2,285.913,306.4402,0
2025-06-10 18:00:00,306.44,306.64,306.0,306.38,0
2025-06-10 19:00:00,306.3,306.71,305.5468,306.67,0
2025-06-11 04:00:00,308.24,308.42,307.12,308.19,0
2025-06-11 05:00:00,308.26,308.38,307.2,307.73,0
2025-06-11 06:00:00,307.53,307.67,306.99,307.09,0
2025-06-11 07:00:00,306.97,307.2,306.5,306.82,0
2025-06-11 08:00:00,306.86,308.4007,306.6,307.8,0
2025-06-11 09:00:00,307.92,309.6955,307.02,307.85,0
2025-06-11 09:30:00,307.5,307.7099914550781,306.55999755859375,307.1200866699219,2140651
2025-06-11 10:30:00,307.1400146484375,308.0199890136719,307.05999755859375,307.75,1160804
2025-06-11 11:30:00,307.7449951171875,307.82000732421875,306.7449951171875,306.989990234375,814065
2025-06-11 12:30:00,307.0,307.07000732421875,306.05999755859375,306.2799987792969,792134
2025-06-11 13:30:00,306.2650146484375,308.2793884277344,305.8500061035156,308.2793884277344,1101197
2025-06-11 14:30:00,308.29998779296875,308.44000244140625,307.6300048828125,308.2149963378906,1597655
2025-06-11 15:30:00,308.2200012207031,308.614990234375,308.17999267578125,308.3800048828125,1127702
2025-06-11 16:00:00,308.37,309.204,307.118,309.11,0
2025-06-11 17:00:00,309.15,309.5,308.37,308.6,0
2025-06-11 18:00:00,308.98,310.45,308.98,310.39,0
2025-06-11 19:00:00,310.39,310.92,308.37,310.01,0
2025-06-12 04:00:00,308.28,310.91,308.28,309.56,0
2025-06-12 05:00:00,309.56,309.84,309.13,309.65,0
2025-06-12 06:00:00,309.59,311.37,309.34,311.29,0
2025-06-12 07:00:00,311.31,312.24,311.26,311.42,0
2025-06-12 08:00:00,311.5,312.24,307.8,311.78,0
2025-06-12 09:00:00,311.83,312.67,308.37,311.71,0
2025-06-12 09:30:00,311.6449890136719,313.1000061035156,311.4100036621094,312.1700134277344,3924019
2025-06-12 10:30:00,312.17999267578125,312.3299865722656,311.1499938964844,312.1099853515625,1641542
2025-06-12 11:30:00,312.1099853515625,312.30999755859375,311.760009765625,312.2099914550781,966658
2025-06-12 12:30:00,312.2099914550781,312.3949890136719,311.20001220703125,311.489990234375,1210458
2025-06-12 13:30:00,311.5098876953125,311.8500061035156,311.260009765625,311.6499938964844,777127
2025-06-12 14:30:00,311.6499938964844,312.0299987792969,311.635009765625,312.010009765625,1065639
2025-06-12 15:30:00,312.0,312.3399963378906,311.94000244140625,312.1099853515625,1386382
2025-06-12 16:00:00,312.2,312.2,311.7844,311.89,0
2025-06-12 17:00:00,311.89,312.2,311.89,312.0,0
2025-06-12 18:00:00,312.05,312.08,311.34,311.65,0
2025-06-12 19:00:00,311.72,312.95,311.6,312.95,0
2025-06-13 04:00:00,314.68,316.0,314.4,315.49,0
2025-06-13 05:00:00,315.49,315.8,315.2,315.35,0
2025-06-13 06:00:00,315.3,315.83,314.64,315.35,0
2025-06-13 07:00:00,315.39,315.52,314.37,315.03,0
2025-06-13 08:00:00,315.09,316.11,312.2,315.8933,0
2025-06-13 09:00:00,315.8933,317.1,312.2,317.0,0
2025-06-13 09:30:00,317.260009765625,317.6000061035156,315.5,316.5799865722656,4734888
2025-06-13 10:30:00,316.519287109375,316.95001220703125,315.25,315.6700134277344,4015977
2025-06-13 11:30:00,315.6700134277344,315.8599853515625,315.0375061035156,315.7799987792969,1722134
2025-06-13 12:30:00,315.7950134277344,316.3800048828125,315.7298889160156,316.239990234375,1019684
2025-06-13 13:30:00,316.25,316.5799865722656,315.79998779296875,316.2900085449219,1364587
2025-06-13 14:30:00,316.2998962402344,316.9299011230469,316.2300109863281,316.5150146484375,1632480
2025-06-13 15:30:00,316.5199890136719,316.54998779296875,316.2099914550781,316.2699890136719,1625698
2025-06-13 16:00:00,316.28,316.49,316.0,316.46,0
2025-06-13 17:00:00,316.3,316.46,316.07,316.28,0
2025-06-13 18:00:00,316.25,316.29,315.58,316.0,0
2025-06-13 19:00:00,316.07,316.71,315.58,316.64,0
2025-06-16 04:00:00,314.46,315.48,314.18,314.56,0
2025-06-16 05:00:00,314.62,315.05,314.44,314.89,0
2025-06-16 06:00:00,314.9,315.08,314.29,314.47,0
2025-06-16 07:00:00,314.6,315.4,314.54,315.2,0
2025-06-16 08:00:00,315.11,316.35,314.15,314.5001,0
2025-06-16 09:00:00,314.61,316.29,314.25,314.63,0
2025-06-16 09:30:00,314.79998779296875,314.8699951171875,311.6600036621094,312.5199890136719,3677020
2025-06-16 10:30:00,312.6199951171875,313.74700927734375,312.3299865722656,313.67999267578125,1310993
2025-06-16 11:30:00,313.69000244140625,313.8500061035156,313.0400085449219,313.2699890136719,917185
2025-06-16 12:30:00,313.2699890136719,313.3399963378906,312.9700012207031,313.1000061035156,1847887
2025-06-16 13:30:00,313.0950012207031,313.1099853515625,312.1650085449219,312.3599853515625,863307
2025-06-16 14:30:00,312.35009765625,312.42999267578125,311.6600036621094,311.8699951171875,1581567
2025-06-16 15:30:00,311.8599853515625,312.239990234375,311.7300109863281,311.7900085449219,1890331
2025-06-16 16:00:00,311.78,312.02,311.75,311.9,0
2025-06-16 17:00:00,311.88,312.17,311.86,312.03,0
2025-06-16 18:00:00,312.03,313.29,311.78,312.9488,0
2025-06-16 19:00:00,312.77,313.5,312.55,313.48,0
2025-06-17 04:00:00,312.14,312.9,311.82,311.85,0
2025-06-17 05:00:00,311.88,311.99,310.97,311.38,0
2025-06-17 06:00:00,311.33,312.95,311.33,312.6,0
2025-06-17 07:00:00,312.64,313.24,312.56,312.61,0
2025-06-17 08:00:00,312.74,313.3,311.26,312.2,0
2025-06-17 09:00:00,312.15,312.67,311.76,312.67,0
2025-06-17 09:30:00,312.6300048828125,313.0,311.4200134277344,311.739990234375,2073776
2025-06-17 10:30:00,311.70001220703125,312.1400146484375,310.1199951171875,311.4700012207031,1486918
2025-06-17 11:30:00,311.5199890136719,311.633056640625,310.6600036621094,311.5400085449219,666775
2025-06-17 12:30:00,311.57000732421875,312.3900146484375,311.3999938964844,312.1564025878906,658902
2025-06-17 13:30:00,312.2200012207031,312.5050048828125,312.1400146484375,312.2300109863281,783856
2025-06-17 14:30:00,312.2300109863281,312.44000244140625,311.5899963378906,311.79998779296875,989450
2025-06-17 15:30:00,311.80999755859375,311.989990234375,311.6700134277344,311.9100036621094,1278863
2025-06-17 16:00:00,311.94,312.34,311.73,312.15,0
2025-06-17 17:00:00,312.32,312.62,312.1,312.44,0
2025-06-17 18:00:00,312.43,312.88,312.201,312.201,0
2025-06-17 19:00:00,312.31,312.43,311.84,312.2,0
2025-06-18 04:00:00,311.96,312.38,311.69,312.12,0
2025-06-18 05:00:00,312.12,312.15,311.58,311.63,0
2025-06-18 06:00:00,311.61,311.61,311.1,311.15,0
2025-06-18 07:00:00,311.21,311.99,311.1,311.91,0
2025-06-18 08:00:00,312.0,313.29,311.15,312.06,0
2025-06-18 09:00:00,312.11,312.47,311.57,312.47,0
2025-06-18 09:30:00,312.8900146484375,312.9710998535156,310.88250732421875,311.6799011230469,1766828
2025-06-18 10:30:00,311.69000244140625,312.3800048828125,311.57000732421875,312.1629943847656,1957576
2025-06-18 11:30:00,312.20989990234375,312.7900085449219,312.0600891113281,312.6000061035156,1175572
2025-06-18 12:30:00,312.6000061035156,312.6700134277344,312.2300109863281,312.3299865722656,313464
2025-06-18 13:30:00,312.3500061035156,312.9100036621094,311.8800048828125,312.4800109863281,672567
2025-06-18 14:30:00,312.5,312.5799865722656,310.1199951171875,310.1199951171875,1470931
2025-06-18 15:30:00,310.1300048828125,310.9800109863281,309.8599853515625,310.2300109863281,1715538
2025-06-18 16:00:00,310.26,310.52,309.84,310.33,0
2025-06-18 17:00:00,310.38,310.9,310.26,310.72,0
2025-06-18 18:00:00,310.67,311.3,310.44,310.99,0
2025-06-18 19:00:00,310.99,311.09,310.45,311.0,0
2025-06-20 04:00:00,308.46,309.29,308.36,308.58,0
2025-06-20 05:00:00,308.5,309.26,308.5,309.23,0
2025-06-20 06:00:00,309.21,309.46,309.1,309.18,0
2025-06-20 07:00:00,309.16,309.3,308.75,308.81,0
2025-06-20 08:00:00,308.85,310.26,307.8,308.39,0
2025-06-20 09:00:00,308.47,310.26,307.91,308.9,0
2025-06-20 09:30:00,309.3299865722656,310.8900146484375,309.25,310.30999755859375,2046681
2025-06-20 10:30:00,310.32000732421875,310.6300048828125,310.07000732421875,310.3807067871094,1344262
2025-06-20 11:30:00,310.29998779296875,310.6600036621094,310.1600036621094,310.44000244140625,813820
2025-06-20 12:30:00,310.42999267578125,310.80999755859375,310.3949890136719,310.4599914550781,1014349
2025-06-20 13:30:00,310.4800109863281,310.5,310.010009765625,310.1199951171875,788925
2025-06-20 14:30:00,310.1112976074219,310.55010986328125,309.989990234375,310.4200134277344,580928
2025-06-20 15:30:00,310.4200134277344,310.44000244140625,310.0,310.0799865722656,1190136
2025-06-20 16:00:00,310.07,310.44,309.99,310.41,0
2025-06-20 17:00:00,310.42,310.61,310.0,310.13,0
2025-06-20 18:00:00,310.038,310.62,288.2554,309.84,0
2025-06-20 19:00:00,310.0,310.13,309.84,310.0,0
2025-06-23 04:00:00,309.36,309.88,309.32,309.63,0
2025-06-23 05:00:00,309.71,310.47,309.5,310.1,0
2025-06-23 06:00:00,310.0,310.29,309.75,310.18,0
2025-06-23 07:00:00,310.19,311.58,310.0,311.22,0
2025-06-23 08:00:00,311.3,311.69,308.49,309.79,0
2025-06-23 09:00:00,309.8,310.31,309.2,310.27,0
2025-06-23 09:30:00,310.3399963378906,312.1099853515625,310.30999755859375,311.29998779296875,3002061
2025-06-23 10:30:00,311.2900085449219,312.2099914550781,311.17999267578125,312.1050109863281,1319820
2025-06-23 11:30:00,312.1650085449219,312.6700134277344,311.9599914550781,312.4599914550781,950650
2025-06-23 12:30:00,312.4599914550781,312.57000732421875,311.00421142578125,311.3500061035156,2295614
2025-06-23 13:30:00,311.3399963378906,312.1600036621094,311.260009765625,311.85919189453125,828061
2025-06-23 14:30:00,311.8500061035156,311.8500061035156,311.1199951171875,311.44000244140625,2477316
2025-06-23 15:30:00,311.42999267578125,311.6099853515625,310.989990234375,311.0799865722656,1348260
2025-06-23 16:00:00,311.08,311.244,310.22,310.22,0
2025-06-23 17:00:00,310.21,310.98,310.21,310.93,0
2025-06-23 18:00:00,310.72,311.08,308.66,309.17,0
2025-06-23 19:00:00,309.23,309.29,307.87,308.15,0
2025-06-24 04:00:00,306.79,307.3,306.0,306.56,0
2025-06-24 05:00:00,306.53,306.7,305.86,305.9,0
2025-06-24 06:00:00,305.96,306.38,305.7,306.38,0
2025-06-24 07:00:00,306.38,306.81,306.14,306.3,0
2025-06-24 08:00:00,306.3,311.08,305.09,305.3,0
2025-06-24 09:00:00,305.38,311.08,304.4,305.6,0
2025-06-24 09:30:00,305.07000732421875,305.17999267578125,303.5400085449219,304.4469909667969,4855581
2025-06-24 10:30:00,304.45001220703125,305.25,303.9800109863281,305.1199951171875,1726899
2025-06-24 11:30:00,305.1499938964844,305.5799865722656,305.05010986328125,305.1099853515625,812937
2025-06-24 12:30:00,305.1700134277344,305.95001220703125,305.1099853515625,305.92999267578125,910748
2025-06-24 13:30:00,305.94000244140625,305.9800109863281,305.3999938964844,305.54998779296875,1135408
2025-06-24 14:30:00,305.5249938964844,305.760009765625,305.4599914550781,305.760009765625,777863
2025-06-24 15:30:00,305.7777099609375,306.3399963378906,305.7699890136719,306.19000244140625,1409035
2025-06-24 16:00:00,306.19,306.27,304.2232,306.2,0
2025-06-24 17:00:00,306.18,306.22,285.913,306.02,0
2025-06-24 18:00:00,306.03,306.3488,305.84,306.1,0
2025-06-24 19:00:00,306.1,306.35,305.9,306.27,0
2025-06-25 04:00:00,306.37,306.99,306.37,306.73,0
2025-06-25 05:00:00,306.89,306.89,306.01,306.13,0
2025-06-25 06:00:00,306.05,306.7,306.0,306.41,0
2025-06-25 07:00:00,306.4,306.72,306.25,306.39,0
2025-06-25 08:00:00,306.36,307.29,305.85,306.64,0
2025-06-25 09:00:00,306.34,306.81,305.31,305.38,0
2025-06-25 09:30:00,305.30999755859375,306.1199951171875,305.1199951171875,306.010009765625,1529884
2025-06-25 10:30:00,306.0201110839844,306.4200134277344,305.8900146484375,306.1199951171875,630412
2025-06-25 11:30:00,306.1099853515625,306.7200012207031,306.0799865722656,306.70001220703125,713491
2025-06-25 12:30:00,306.70001220703125,307.260009765625,306.659912109375,306.6700134277344,846785
2025-06-25 13:30:00,306.69000244140625,306.802490234375,306.2900085449219,306.7449951171875,1345652
2025-06-25 14:30:00,306.7300109863281,307.1650085449219,306.7099914550781,307.1300048828125,636369
2025-06-25 15:30:00,307.1400146484375,307.3599853515625,306.9700927734375,307.1000061035156,772507
2025-06-25 16:00:00,307.12,307.26,306.285,307.13,0
2025-06-25 17:00:00,307.12,307.25,306.59,307.0,0
2025-06-25 18:00:00,306.98,307.3,306.75,306.95,0
2025-06-25 19:00:00,307.0481,307.88,306.827,307.55,0
2025-06-26 04:00:00,308.16,308.32,307.67,308.18,0
2025-06-26 05:00:00,308.18,308.57,307.57,307.6,0
2025-06-26 06:00:00,307.62,307.81,307.48,307.62,0
2025-06-26 07:00:00,307.7,307.95,307.49,307.55,0
2025-06-26 08:00:00,307.55,308.5,306.81,307.77,0
2025-06-26 09:00:00,307.3313,307.43,305.055,305.61,0
2025-06-26 09:30:00,305.7699890136719,306.5794982910156,304.8550109863281,305.20001220703125,2029319
2025-06-26 10:30:00,305.2099914550781,306.1199951171875,305.0199890136719,305.9549865722656,1002268
2025-06-26 11:30:00,306.010009765625,306.7749938964844,305.8500061035156,306.6549987792969,717379
2025-06-26 12:30:00,306.67999267578125,307.2101135253906,306.6400146484375,307.1199951171875,714737
2025-06-26 13:30:00,307.1199951171875,307.2799987792969,306.7799987792969,306.93499755859375,596881
2025-06-26 14:30:00,306.95001220703125,307.1499938964844,306.5199890136719,306.7650146484375,572602
2025-06-26 15:30:00,306.7799987792969,306.8247985839844,306.6000061035156,306.7900085449219,780070
2025-06-26 16:00:00,306.78,306.91,306.46,306.51,0
2025-06-26 17:00:00,306.51,306.75,306.2,306.6,0
2025-06-26 18:00:00,306.6,306.78,305.58,305.99,0
2025-06-26 19:00:00,305.99,306.25,305.54,306.24,0
2025-06-27 04:00:00,302.71,303.88,302.33,302.47,0
2025-06-27 05:00:00,302.56,303.15,302.45,302.7,0
2025-06-27 06:00:00,302.65,303.18,302.38,302.84,0
2025-06-27 07:00:00,302.89,302.93,302.17,302.51,0
2025-06-27 08:00:00,302.6,306.78,301.48,302.09,0
2025-06-27 09:00:00,302.04,306.78,300.44,300.61,0
2025-06-27 09:30:00,300.0299987792969,301.8900146484375,299.8900146484375,301.6499938964844,4955030
2025-06-27 10:30:00,301.6700134277344,301.95001220703125,300.6400146484375,301.4049987792969,1796250
2025-06-27 11:30:00,301.4012145996094,301.95001220703125,301.2900085449219,301.9100036621094,1480244
2025-06-27 12:30:00,301.9100036621094,301.9700012207031,301.489990234375,301.7449951171875,819819
2025-06-27 13:30:00,301.7449951171875,302.3599853515625,301.42999267578125,301.5799865722656,1214555
2025-06-27 14:30:00,301.57000732421875,301.7950134277344,301.0199890136719,301.3299865722656,1241572
2025-06-27 15:30:00,301.3399963378906,301.385009765625,301.1199951171875,301.2300109863281,1151406
2025-06-27 16:00:00,301.22,301.76,301.22,301.68,0
2025-06-27 17:00:00,301.4517,302.0,301.22,301.81,0
2025-06-27 18:00:00,301.97,301.97,301.63,301.76,0
2025-06-27 19:00:00,301.78,301.78,301.39,301.4,0
2025-06-30 04:00:00,303.32,304.0,302.7,303.28,0
2025-06-30 05:00:00,303.24,303.46,302.3,302.55,0
2025-06-30 06:00:00,302.55,302.99,301.88,302.68,0
2025-06-30 07:00:00,302.77,302.8,301.7,301.72,0
2025-06-30 08:00:00,301.81,303.7714,301.22,302.5,0
2025-06-30 09:00:00,302.5,303.0,302.15,302.15,0
2025-06-30 09:30:00,302.385009765625,302.8999938964844,301.95001220703125,302.54998779296875,1581886
2025-06-30 10:30:00,302.5299987792969,302.9800109863281,302.3399963378906,302.625,1054388
2025-06-30 11:30:00,302.635009765625,303.28338623046875,302.5299987792969,303.1300048828125,665036
2025-06-30 12:30:00,303.1300048828125,303.7049865722656,303.1300048828125,303.42999267578125,683037
2025-06-30 13:30:00,303.44000244140625,303.8399963378906,303.04998779296875,303.8399963378906,1183173
2025-06-30 14:30:00,303.8399963378906,304.56500244140625,303.7149963378906,304.45001220703125,823631
2025-06-30 15:30:00,304.45001220703125,304.9200134277344,304.4200134277344,304.79998779296875,1657910
2025-06-30 16:00:00,304.83,304.83,304.0,304.46,0
2025-06-30 17:00:00,304.06,304.65,304.06,304.35,0
2025-06-30 18:00:00,304.33,305.2,304.15,304.97,0
2025-06-30 19:00:00,305.07,305.19,304.6,305.08,0
2025-07-01 04:00:00,307.59,307.85,306.2,307.63,0
2025-07-01 05:00:00,307.68,308.1,307.41,307.92,0
2025-07-01 06:00:00,307.99,308.44,307.93,308.31,0
2025-07-01 07:00:00,308.32,308.79,308.18,308.73,0
2025-07-01 08:00:00,308.8,309.23,304.83,308.88,0
2025-07-01 09:00:00,308.88,309.38,304.83,308.41,0
2025-07-01 09:30:00,308.55499267578125,309.0,308.07000732421875,308.739990234375,2557957
2025-07-01 10:30:00,308.739990234375,308.82000732421875,307.5400085449219,307.70001220703125,1718670
2025-07-01 11:30:00,307.70001220703125,307.9100036621094,307.3599853515625,307.5299987792969,1166676
2025-07-01 12:30:00,307.5199890136719,307.9800109863281,307.3699951171875,307.44000244140625,723836
2025-07-01 13:30:00,307.45001220703125,307.7300109863281,307.4100036621094,307.4649963378906,562618
2025-07-01 14:30:00,307.4700012207031,307.67498779296875,307.364990234375,307.510009765625,842487
2025-07-01 15:30:00,307.5400085449219,307.5899963378906,307.4100036621094,307.510009765625,1263845
2025-07-01 16:00:00,307.55,307.9151,307.39,307.49,0
2025-07-01 17:00:00,307.55,308.0,307.2,307.31,0
2025-07-01 18:00:00,307.37,308.0,307.21,307.7399,0
2025-07-01 19:00:00,307.74,308.0,307.23,307.49,0
2025-07-02 04:00:00,307.09,307.3,306.92,307.3,0
2025-07-02 05:00:00,307.38,307.41,306.95,307.41,0
2025-07-02 06:00:00,307.41,307.95,307.4,307.87,0
2025-07-02 07:00:00,307.87,308.26,307.72,307.95,0
2025-07-02 08:00:00,307.95,308.8,306.5,308.12,0
2025-07-02 09:00:00,308.26,308.69,307.55,308.0,0
2025-07-02 09:30:00,308.0350036621094,308.05999755859375,306.9599914550781,307.3599853515625,1929812
2025-07-02 10:30:00,307.3599853515625,307.8699951171875,307.2900085449219,307.7300109863281,1095863
2025-07-02 11:30:00,307.7300109863281,308.2900085449219,307.5350036621094,308.0799865722656,711371
2025-07-02 12:30:00,308.0799865722656,308.5199890136719,307.92498779296875,308.3599853515625,784559
2025-07-02 13:30:00,308.3599853515625,308.7300109863281,308.2200012207031,308.6700134277344,1113571
2025-07-02 14:30:00,308.66009521484375,309.1499938964844,308.6000061035156,309.0400085449219,1031097
2025-07-02 15:30:00,309.0400085449219,309.3949890136719,308.989990234375,309.239990234375,1246641
2025-07-02 16:00:00,309.25,309.48,309.0,309.22,0
2025-07-02 17:00:00,309.13,309.49,296.7762,309.1,0
2025-07-02 18:00:00,309.26,309.93,309.07,309.78,0
2025-07-02 19:00:00,309.67,309.67,308.2625,308.69,0
2025-07-03 04:00:00,308.94,309.5,308.65,309.04,0
2025-07-03 05:00:00,309.12,309.32,308.62,308.62,0
2025-07-03 06:00:00,308.61,308.63,308.12,308.59,0
2025-07-03 07:00:00,308.55,309.19,308.38,308.46,0
2025-07-03 08:00:00,308.41,309.8,308.0,308.7,0
2025-07-03 09:00:00,308.5,309.25,305.1,306.58,0
2025-07-03 09:30:00,307.04998779296875,307.55999755859375,306.17999267578125,306.55999755859375,2043227
2025-07-03 10:30:00,306.57000732421875,306.9200134277344,306.1499938964844,306.7099914550781,847054
2025-07-03 11:30:00,306.7200012207031,306.79998779296875,306.3999938964844,306.6556091308594,808129
2025-07-03 13:00:00,306.6700134277344,307.25,306.6700134277344,307.0199890136719,0
2025-07-03 14:00:00,307.11,307.18,306.39,306.6003,0
2025-07-03 15:00:00,306.88,307.14,306.5,306.7,0
2025-07-03 16:00:00,306.66,307.14,306.37,306.43,0
2025-07-07 04:00:00,304.22,304.98,304.19,304.96,0
2025-07-07 05:00:00,304.96,305.13,304.71,304.71,0
2025-07-07 06:00:00,304.7,304.93,304.52,304.8,0
2025-07-07 07:00:00,304.72,304.8,303.68,304.23,0
2025-07-07 08:00:00,304.15,307.14,303.69,304.27,0
2025-07-07 09:00:00,304.2,307.14,304.2,304.63,0
2025-07-07 09:30:00,305.07000732421875,305.75,304.57000732421875,305.3299865722656,2048955
2025-07-07 10:30:00,305.32000732421875,305.94500732421875,305.32000732421875,305.7149963378906,602891
2025-07-07 11:30:00,305.7200012207031,306.4800109863281,305.7200012207031,306.25,708334
2025-07-07 12:30:00,306.2300109863281,307.1000061035156,306.1449890136719,306.9750061035156,629219
2025-07-07 13:30:00,306.9800109863281,307.2799987792969,306.6199951171875,306.7699890136719,1172543
2025-07-07 14:30:00,306.7950134277344,307.5799865722656,306.7550048828125,307.5299987792969,711784
2025-07-07 15:30:00,307.5248107910156,307.7049865722656,307.3299865722656,307.3900146484375,1187256
2025-07-07 16:00:00,307.37,307.4992,288.2554,307.45,0
2025-07-07 17:00:00,307.44,307.5,288.2554,307.31,0
2025-07-07 18:00:00,307.34,308.37,307.25,307.7,0
2025-07-07 19:00:00,307.7,307.7,305.3585,307.2,0
2025-07-08 04:00:00,307.06,307.09,306.21,306.6,0
2025-07-08 05:00:00,306.42,306.75,306.1,306.21,0
2025-07-08 06:00:00,306.05,306.36,305.9,306.04,0
2025-07-08 07:00:00,306.09,306.6,306.09,306.19,0
2025-07-08 08:00:00,306.2,307.6,305.81,306.04,0
2025-07-08 09:00:00,306.5,307.37,305.85,305.91,0
2025-07-08 09:30:00,306.29998779296875,306.44500732421875,304.0199890136719,304.3999938964844,3106085
2025-07-08 10:30:00,304.3900146484375,304.3900146484375,302.7699890136719,303.6300048828125,2605690
2025-07-08 11:30:00,303.6499938964844,304.0906982421875,303.4700012207031,303.9700012207031,1114855
2025-07-08 12:30:00,303.8999938964844,304.9200134277344,303.6000061035156,304.697509765625,1036256
2025-07-08 13:30:00,304.7200012207031,304.7900085449219,304.0249938964844,304.1199951171875,969893
2025-07-08 14:30:00,304.125,304.5899963378906,304.0299987792969,304.2650146484375,798688
2025-07-08 15:30:00,304.2650146484375,304.5,304.1499938964844,304.20098876953125,1509928
2025-07-08 16:00:00,304.16,304.31,285.913,304.14,0
2025-07-08 17:00:00,304.24,304.65,304.1,304.58,0
2025-07-08 18:00:00,304.39,304.55,303.99,304.0,0
2025-07-08 19:00:00,304.0042,304.34,303.7024,304.2,0
2025-07-09 04:00:00,303.24,303.88,302.54,302.68,0
2025-07-09 05:00:00,302.7,303.02,302.38,302.93,0
2025-07-09 06:00:00,302.84,303.21,302.84,303.14,0
2025-07-09 07:00:00,303.2,303.61,302.86,302.86,0
2025-07-09 08:00:00,302.86,304.16,302.36,303.0473,0
2025-07-09 09:00:00,303.25,304.16,303.16,303.89,0
2025-07-09 09:30:00,303.5799865722656,304.7900085449219,303.2300109863281,304.6700134277344,2313486
2025-07-09 10:30:00,304.6300048828125,305.1700134277344,304.6000061035156,304.760009765625,1128879
2025-07-09 11:30:00,304.739990234375,305.0799865722656,304.54998779296875,305.0299987792969,790981
2025-07-09 12:30:00,305.0799865722656,305.3399963378906,304.8699951171875,305.1300048828125,1333548
2025-07-09 13:30:00,305.1300048828125,305.260009765625,304.7099914550781,305.05499267578125,1539573
2025-07-09 14:30:00,305.05999755859375,305.5400085449219,304.9237976074219,305.30999755859375,2068147
2025-07-09 15:30:00,305.29998779296875,305.5199890136719,305.239990234375,305.45001220703125,1061307
2025-07-09 16:00:00,305.52,305.52,305.01,305.2,0
2025-07-09 17:00:00,305.2,305.66,305.14,305.23,0
2025-07-09 18:00:00,305.22,305.95,305.2,305.77,0
2025-07-09 19:00:00,305.68,305.78,305.2,305.35,0
2025-07-10 04:00:00,305.81,306.0,305.42,305.88,0
2025-07-10 05:00:00,305.92,306.66,305.8,306.34,0
2025-07-10 06:00:00,306.35,306.39,305.97,306.21,0
2025-07-10 07:00:00,306.27,306.65,305.98,306.51,0
2025-07-10 08:00:00,306.51,306.7088,305.4,305.79,0
2025-07-10 09:00:00,305.7,306.59,305.57,306.3301,0
2025-07-10 09:30:00,306.1099853515625,306.510009765625,304.82000732421875,305.1499938964844,2083927
2025-07-10 10:30:00,305.1400146484375,305.889892578125,305.0799865722656,305.7974853515625,791547
2025-07-10 11:30:00,305.79998779296875,305.8399963378906,305.385009765625,305.385009765625,733755
2025-07-10 12:30:00,305.3699951171875,305.6000061035156,305.0,305.42999267578125,957356
2025-07-10 13:30:00,305.44000244140625,305.6449890136719,305.3974914550781,305.5541076660156,607754
2025-07-10 14:30:00,305.55499267578125,306.2900085449219,305.4200134277344,306.1400146484375,802116
2025-07-10 15:30:00,306.1300048828125,306.2650146484375,306.0141906738281,306.2099914550781,731999
2025-07-10 16:00:00,306.2,306.29,297.6557,306.06,0
2025-07-10 17:00:00,306.12,306.29,306.05,306.2,0
2025-07-10 18:00:00,306.18,306.4,305.8,306.0,0
2025-07-10 19:00:00,306.28,306.4,305.8,306.39,0
2025-07-11 04:00:00,307.77,307.98,307.1,307.58,0
2025-07-11 05:00:00,307.73,307.79,306.82,307.05,0
2025-07-11 06:00:00,307.1,308.34,307.1,308.33,0
2025-07-11 07:00:00,308.33,308.45,307.82,308.16,0
2025-07-11 08:00:00,308.06,308.58,306.2,308.24,0
2025-07-11 09:00:00,308.33,309.36,306.2,309.083,0
2025-07-11 09:30:00,308.8550109863281,309.42999267578125,308.5700988769531,309.0400085449219,2114526
2025-07-11 10:30:00,309.0400085449219,310.2799987792969,309.03009033203125,310.0400085449219,1766750
2025-07-11 11:30:00,310.0513916015625,310.07000732421875,308.8800048828125,309.07501220703125,1394655
2025-07-11 12:30:00,309.05999755859375,309.1709899902344,308.5199890136719,308.55999755859375,847865
2025-07-11 13:30:00,308.55999755859375,309.30999755859375,308.5152893066406,309.1099853515625,639884
2025-07-11 14:30:00,309.1199951171875,309.46038818359375,309.0799865722656,309.3800048828125,846391
2025-07-11 15:30:00,309.3599853515625,309.4849853515625,309.1099853515625,309.1549987792969,1055670
2025-07-11 16:00:00,309.155,309.44,308.91,309.1888,0
2025-07-11 17:00:00,309.02,309.49,309.02,309.12,0
2025-07-11 18:00:00,309.2707,309.49,309.02,309.12,0
2025-07-11 19:00:00,309.08,309.43,309.08,309.15,0
2025-07-14 04:00:00,310.52,310.7,309.62,310.2,0
2025-07-14 05:00:00,310.19,310.25,309.82,310.21,0
2025-07-14 06:00:00,310.11,310.86,309.9,310.48,0
2025-07-14 07:00:00,310.31,310.73,310.25,310.35,0
2025-07-14 08:00:00,310.33,310.89,308.85,309.25,0
2025-07-14 09:00:00,309.38,309.48,308.14,308.87,0
2025-07-14 09:30:00,309.07000732421875,309.3800048828125,308.0899963378906,308.7300109863281,1601776
2025-07-14 10:30:00,308.75,308.75,307.739990234375,308.2950134277344,871102
2025-07-14 11:30:00,308.29998779296875,308.5199890136719,307.92498779296875,308.4200134277344,784723
2025-07-14 12:30:00,308.4200134277344,308.67999267578125,308.2300109863281,308.6199951171875,410948
2025-07-14 13:30:00,308.6199951171875,308.7349853515625,308.375,308.4800109863281,607806
2025-07-14 14:30:00,308.4800109863281,308.6549987792969,308.3699951171875,308.3900146484375,498007
2025-07-14 15:30:00,308.3900146484375,308.4150085449219,307.92999267578125,308.010009765625,828959
2025-07-14 16:00:00,308.01,308.3549,288.6341,307.755,0
2025-07-14 17:00:00,307.76,308.05,288.6341,307.9001,0
2025-07-14 18:00:00,307.96,308.35,307.58,308.27,0
2025-07-14 19:00:00,308.14,308.27,307.9,308.26,0
2025-07-15 04:00:00,309.82,310.0,309.09,309.18,0
2025-07-15 05:00:00,309.33,309.88,309.31,309.77,0
2025-07-15 06:00:00,309.5,310.07,309.41,309.8,0
2025-07-15 07:00:00,309.8,309.9,309.3,309.3,0
2025-07-15 08:00:00,309.27,310.2,308.01,309.176,0
2025-07-15 09:00:00,309.05,309.49,308.15,308.23,0
2025-07-15 09:30:00,307.7300109863281,308.4700927734375,307.1199951171875,308.2799987792969,1584984
2025-07-15 10:30:00,308.260009765625,308.739990234375,306.92999267578125,307.1099853515625,1102367
2025-07-15 11:30:00,307.07000732421875,307.0799865722656,305.7900085449219,306.30999755859375,1794215
2025-07-15 12:30:00,306.29998779296875,306.8399963378906,306.1700134277344,306.6499938964844,635058
2025-07-15 13:30:00,306.6499938964844,306.760009765625,306.3399963378906,306.3900146484375,884336
2025-07-15 14:30:00,306.4100036621094,306.9100036621094,306.3999938964844,306.43499755859375,1225209
2025-07-15 15:30:00,306.44000244140625,306.8550109863281,306.42999267578125,306.7699890136719,696930
2025-07-15 16:00:00,306.78,306.83,288.9467,306.13,0
2025-07-15 17:00:00,306.39,306.73,306.03,306.28,0
2025-07-15 18:00:00,306.27,306.55,306.12,306.49,0
2025-07-15 19:00:00,306.45,307.0,306.35,306.8799,0
2025-07-16 04:00:00,306.92,307.83,306.92,307.61,0
2025-07-16 05:00:00,307.65,307.87,307.55,307.56,0
2025-07-16 06:00:00,307.61,307.8,307.42,307.51,0
2025-07-16 07:00:00,307.58,307.58,307.01,307.17,0
2025-07-16 08:00:00,307.29,307.99,306.73,307.1,0
2025-07-16 09:00:00,307.15,307.72,306.73,307.05,0
2025-07-16 09:30:00,307.1099853515625,307.114990234375,305.94000244140625,306.26348876953125,1877483
2025-07-16 10:30:00,306.2699890136719,310.55999755859375,305.7300109863281,309.7850036621094,5383075
2025-07-16 11:30:00,309.80999755859375,311.0899963378906,307.2699890136719,308.75,6376203
2025-07-16 12:30:00,308.760009765625,309.010009765625,308.4100036621094,308.7200012207031,1248993
2025-07-16 13:30:00,308.7200012207031,309.260009765625,308.6000061035156,308.8800048828125,772235
2025-07-16 14:30:00,308.8900146484375,308.9700012207031,308.2200012207031,308.32000732421875,907606
2025-07-16 15:30:00,308.3299865722656,308.3900146484375,308.1700134277344,308.260009765625,884883
2025-07-16 16:00:00,308.26,314.23,294.2014,308.27,0
2025-07-16 17:00:00,308.35,308.49,308.19,308.27,0
2025-07-16 18:00:00,308.29,308.72,308.26,308.46,0
2025-07-16 19:00:00,308.44,308.63,308.0,308.45,0
2025-07-17 04:00:00,306.3,308.06,306.27,306.83,0
2025-07-17 05:00:00,306.86,306.89,306.45,306.68,0
2025-07-17 06:00:00,306.68,306.85,306.18,306.49,0
2025-07-17 07:00:00,306.58,306.79,306.0,306.32,0
2025-07-17 08:00:00,306.33,307.98,305.95,306.4,0
2025-07-17 09:00:00,306.32,308.26,304.7755,305.3,0
2025-07-17 09:30:00,305.5,306.6549987792969,305.1199951171875,306.635009765625,2449161
2025-07-17 10:30:00,306.6700134277344,307.3900146484375,306.6000061035156,307.2900085449219,1328151
2025-07-17 11:30:00,307.260009765625,307.4800109863281,307.1400146484375,307.4700012207031,611510
2025-07-17 12:30:00,307.4601135253906,307.6650085449219,307.239990234375,307.55999755859375,395471
2025-07-17 13:30:00,307.6199951171875,307.6499938964844,307.1700134277344,307.2900085449219,528452
2025-07-17 14:30:00,307.2799987792969,307.59991455078125,307.2799987792969,307.53009033203125,321389
2025-07-17 15:30:00,307.5491027832031,307.6499938964844,307.4175109863281,307.57000732421875,757368
2025-07-17 16:00:00,307.59,307.64,307.2623,307.5,0
2025-07-17 17:00:00,307.49,307.86,307.01,307.6,0
2025-07-17 18:00:00,307.6,307.96,307.3,307.8,0
2025-07-17 19:00:00,307.94,307.98,307.3,307.69,0
2025-07-18 04:00:00,308.48,308.68,306.91,308.41,0
2025-07-18 05:00:00,308.44,308.95,308.13,308.73,0
2025-07-18 06:00:00,308.74,308.99,308.0,308.63,0
2025-07-18 07:00:00,308.58,308.97,308.54,308.78,0
2025-07-18 08:00:00,308.78,309.49,306.9,309.0477,0
2025-07-18 09:00:00,309.27,309.68,307.59,309.4,0
2025-07-18 09:30:00,309.239990234375,309.3699951171875,308.6400146484375,308.9100036621094,1468119
2025-07-18 10:30:00,308.8999938964844,309.17999267578125,308.75,308.875,879806
2025-07-18 11:30:00,308.8699951171875,309.1000061035156,308.6199951171875,308.8550109863281,700090
2025-07-18 12:30:00,308.8399963378906,309.21990966796875,308.5799865722656,308.69000244140625,819926
2025-07-18 13:30:00,308.70001220703125,308.8299865722656,308.5400085449219,308.70001220703125,450425
2025-07-18 14:30:00,308.69000244140625,308.79998779296875,308.5899963378906,308.6099853515625,516375
2025-07-18 15:30:00,308.6099853515625,308.6099853515625,308.32000732421875,308.3900146484375,602928
2025-07-18 16:00:00,308.4,308.74,308.36,308.68,0
2025-07-18 17:00:00,308.75,308.75,288.2554,308.48,0
2025-07-18 18:00:00,308.4789,308.83,308.3,308.73,0
2025-07-18 19:00:00,308.7,308.82,308.34,308.82,0
2025-07-21 04:00:00,309.94,309.99,309.52,309.96,0
2025-07-21 05:00:00,309.98,310.14,309.87,309.93,0
2025-07-21 06:00:00,309.93,310.19,309.75,309.9,0
2025-07-21 07:00:00,309.95,310.71,309.75,310.58,0
2025-07-21 08:00:00,310.56,311.78,308.39,311.57,0
2025-07-21 09:00:00,311.46,312.13,311.09,311.92,0
2025-07-21 09:30:00,311.8800048828125,312.9800109863281,311.6099853515625,312.9100036621094,2627881
2025-07-21 10:30:00,312.92999267578125,313.30999755859375,312.71148681640625,313.1499938964844,2110809
2025-07-21 11:30:00,313.1600036621094,313.2130126953125,312.79998779296875,312.885009765625,986085
2025-07-21 12:30:00,312.8869934082031,313.04998779296875,312.3500061035156,312.440185546875,661955
2025-07-21 13:30:00,312.4306945800781,312.7200012207031,312.3900146484375,312.6600036621094,437329
2025-07-21 14:30:00,312.65069580078125,313.0899963378906,312.510009765625,313.0098876953125,881102
2025-07-21 15:30:00,313.0,313.1400146484375,312.8811950683594,313.07000732421875,2783443
2025-07-21 16:00:00,313.13,313.2,294.1834,312.9683,0
2025-07-21 17:00:00,312.97,313.13,294.1834,312.97,0
2025-07-21 18:00:00,312.96,313.3,312.96,313.07,0
2025-07-21 19:00:00,313.12,313.43,312.49,312.8171,0
2025-07-22 04:00:00,312.35,312.42,311.92,312.11,0
2025-07-22 05:00:00,312.22,312.48,311.75,311.86,0
2025-07-22 06:00:00,311.86,312.13,311.76,312.02,0
2025-07-22 07:00:00,312.0,312.15,311.94,312.04,0
2025-07-22 08:00:00,312.0,313.24,311.64,313.14,0
2025-07-22 09:00:00,313.19,314.46,312.9,314.2,0
2025-07-22 09:30:00,314.4800109863281,315.29998779296875,313.6199951171875,315.1600036621094,3299623
2025-07-22 10:30:00,315.1499938964844,315.9700012207031,315.1400146484375,315.489990234375,2307861
2025-07-22 11:30:00,315.4800109863281,315.9599914550781,315.32000732421875,315.6499938964844,1185941
2025-07-22 12:30:00,315.6600036621094,316.239990234375,315.6000061035156,315.79998779296875,1206102
2025-07-22 13:30:00,315.79010009765625,316.0050048828125,315.6449890136719,315.8900146484375,2630403
2025-07-22 14:30:00,315.8900146484375,316.1000061035156,315.7699890136719,316.07000732421875,1033604
2025-07-22 15:30:00,316.0799865722656,316.1700134277344,316.0,316.05499267578125,1620333
2025-07-22 16:00:00,316.1,316.2,315.47,316.02,0
2025-07-22 17:00:00,316.02,316.36,315.95,316.22,0
2025-07-22 18:00:00,316.2,316.3,315.68,315.72,0
2025-07-22 19:00:00,315.74,316.2,315.51,315.81,0
2025-07-23 04:00:00,315.11,315.73,315.01,315.4,0
2025-07-23 05:00:00,315.45,316.25,315.3,316.02,0
2025-07-23 06:00:00,316.01,316.33,315.2,315.38,0
2025-07-23 07:00:00,315.39,315.51,315.01,315.4,0
2025-07-23 08:00:00,315.49,316.27,314.64,315.5416,0
2025-07-23 09:00:00,315.47,316.1,314.28,314.6,0
2025-07-23 09:30:00,313.9700012207031,314.9599914550781,313.6600036621094,314.239990234375,1828894
2025-07-23 10:30:00,314.239990234375,314.6650085449219,314.07000732421875,314.25,923755
2025-07-23 11:30:00,314.2799987792969,314.3599853515625,311.42999267578125,311.6199951171875,3070885
2025-07-23 12:30:00,311.6199951171875,312.2699890136719,311.4200134277344,312.07000732421875,985295
2025-07-23 13:30:00,312.0899963378906,312.760009765625,311.80999755859375,312.5849914550781,1240770
2025-07-23 14:30:00,312.57501220703125,312.7699890136719,312.28009033203125,312.3389892578125,790483
2025-07-23 15:30:00,312.30999755859375,312.3999938964844,312.07000732421875,312.2099914550781,815370
2025-07-23 16:00:00,312.18,313.7,301.4467,311.93,0
2025-07-23 17:00:00,311.85,312.8,311.85,312.28,0
2025-07-23 18:00:00,312.25,312.62,311.84,311.84,0
2025-07-23 19:00:00,311.8304,312.8,311.83,312.1,0
2025-07-24 04:00:00,310.13,311.38,309.86,310.43,0
2025-07-24 05:00:00,310.49,310.74,309.61,309.61,0
2025-07-24 06:00:00,309.7,309.91,309.57,309.86,0
2025-07-24 07:00:00,309.81,310.08,309.65,309.69,0
2025-07-24 08:00:00,309.66,312.18,309.18,309.6,0
2025-07-24 09:00:00,309.51,309.9,308.6,309.21,0
2025-07-24 09:30:00,309.2900085449219,310.715087890625,309.05999755859375,310.5899963378906,2389613
2025-07-24 10:30:00,310.6000061035156,310.989990234375,310.3450012207031,310.739990234375,1252723
2025-07-24 11:30:00,310.75,310.80999755859375,310.2799987792969,310.32000732421875,621642
2025-07-24 12:30:00,310.30999755859375,310.4700012207031,309.9599914550781,310.45001220703125,774022
2025-07-24 13:30:00,310.42999267578125,310.4599914550781,310.0799865722656,310.260009765625,686878
2025-07-24 14:30:00,310.260009765625,310.6099853515625,310.2550048828125,310.4949951171875,762441
2025-07-24 15:30:00,310.5,310.5400085449219,310.2799987792969,310.30999755859375,952266
2025-07-24 16:00:00,310.27,310.4186,310.01,310.18,0
2025-07-24 17:00:00,310.0,310.45,310.0,310.45,0
2025-07-24 18:00:00,310.25,310.45,309.8,309.83,0
2025-07-24 19:00:00,310.24,310.45,310.0,310.2901,0
2025-07-25 04:00:00,308.92,309.3,308.13,308.13,0
2025-07-25 05:00:00,308.13,308.45,307.86,308.29,0
2025-07-25 06:00:00,308.23,308.41,307.96,308.0,0
2025-07-25 07:00:00,307.94,308.08,307.57,307.61,0
2025-07-25 08:00:00,307.6,310.27,307.5,307.78,0
2025-07-25 09:00:00,307.71,310.27,307.23,307.5,0
2025-07-25 09:30:00,307.9750061035156,308.30999755859375,307.0400085449219,307.3999938964844,2343865
2025-07-25 10:30:00,307.3999938964844,307.4700012207031,306.5,306.69500732421875,2203685
2025-07-25 11:30:00,306.69000244140625,306.8800048828125,306.20001220703125,306.57501220703125,1356993
2025-07-25 12:30:00,306.5799865722656,307.1300048828125,306.32501220703125,307.05999755859375,702709
2025-07-25 13:30:00,307.07000732421875,307.5299987792969,307.0050048828125,307.45001220703125,832142
2025-07-25 14:30:00,307.45001220703125,307.6199951171875,307.4100036621094,307.5588073730469,657874
2025-07-25 15:30:00,307.55999755859375,307.6000061035156,307.32501220703125,307.3999938964844,887047
2025-07-25 16:00:00,307.4,307.51,306.897,307.43,0
2025-07-25 17:00:00,307.46,307.51,307.22,307.5,0
2025-07-25 18:00:00,307.5,307.51,307.48,307.5,0
2025-07-25 19:00:00,307.49,307.51,307.25,307.25,0
2025-07-28 04:00:00,307.09,307.5,307.03,307.25,0
2025-07-28 05:00:00,307.27,307.59,306.86,307.43,0
2025-07-28 06:00:00,307.4,307.47,307.16,307.28,0
2025-07-28 07:00:00,307.28,307.36,307.09,307.12,0
2025-07-28 08:00:00,307.15,307.96,306.53,306.72,0
2025-07-28 09:00:00,306.8327,307.4,306.26,306.65,0
2025-07-28 09:30:00,306.44000244140625,306.5799865722656,304.04998779296875,304.9801940917969,3169778
2025-07-28 10:30:00,304.9800109863281,305.2900085449219,304.4490051269531,305.1600036621094,1139948
2025-07-28 11:30:00,305.1875,305.4949951171875,304.9700012207031,305.17999267578125,703741
2025-07-28 12:30:00,305.17999267578125,305.2900085449219,304.7167053222656,304.8599853515625,521673
2025-07-28 13:30:00,304.8900146484375,305.1700134277344,304.7799987792969,305.1700134277344,487115
2025-07-28 14:30:00,305.1600036621094,305.42498779296875,305.110107421875,305.2300109863281,1420031
2025-07-28 15:30:00,305.2200012207031,305.6549987792969,305.2200012207031,305.4700012207031,1441968
2025-07-28 16:00:00,305.47,312.68,288.6341,305.26,0
2025-07-28 17:00:00,305.28,305.5,305.01,305.24,0
2025-07-28 18:00:00,305.24,305.55,305.0,305.25,0
2025-07-28 19:00:00,305.3,305.3,304.8,305.21,0
2025-07-29 04:00:00,305.44,306.6,305.21,306.43,0
2025-07-29 05:00:00,306.44,306.5,305.92,306.25,0
2025-07-29 06:00:00,306.22,306.5,306.06,306.14,0
2025-07-29 07:00:00,306.14,306.34,305.57,305.77,0
2025-07-29 08:00:00,305.83,306.66,304.77,306.03,0
2025-07-29 09:00:00,305.99,306.435,305.41,305.84,0
2025-07-29 09:30:00,305.79998779296875,306.19000244140625,304.9849853515625,306.1665954589844,1438278
2025-07-29 10:30:00,306.1300048828125,307.0299987792969,306.010009765625,306.239990234375,1055692
2025-07-29 11:30:00,306.2699890136719,306.3599853515625,305.6499938964844,305.94000244140625,879306
2025-07-29 12:30:00,305.9599914550781,306.4849853515625,305.80999755859375,306.3299865722656,483878
2025-07-29 13:30:00,306.3399963378906,306.739990234375,306.2318115234375,306.65960693359375,459290
2025-07-29 14:30:00,306.6549987792969,306.7349853515625,306.2149963378906,306.4200134277344,502287
2025-07-29 15:30:00,306.4049987792969,306.4100036621094,305.9599914550781,306.19500732421875,686435
2025-07-29 16:00:00,306.25,306.39,306.1105,306.3,0
2025-07-29 17:00:00,306.33,306.4,288.9467,306.33,0
2025-07-29 18:00:00,306.29,306.55,306.13,306.32,0
2025-07-29 19:00:00,306.32,307.0,306.25,306.49,0
2025-07-30 04:00:00,306.47,307.0,306.0,306.74,0
2025-07-30 05:00:00,306.8,306.97,306.61,306.87,0
2025-07-30 06:00:00,306.8,307.0,306.48,306.66,0
2025-07-30 07:00:00,306.66,306.95,306.25,306.51,0
2025-07-30 08:00:00,306.5,307.06,306.02,306.3,0
2025-07-30 09:00:00,306.66,306.8,304.74,304.76,0
2025-07-30 09:30:00,304.4200134277344,304.6499938964844,303.739990234375,304.05999755859375,2222955
2025-07-30 10:30:00,304.07000732421875,304.4750061035156,303.0199890136719,303.2200012207031,1614619
2025-07-30 11:30:00,303.2200012207031,303.67999267578125,302.8299865722656,303.4700012207031,1499535
2025-07-30 12:30:00,303.4599914550781,303.9200134277344,303.3299865722656,303.7900085449219,932739
2025-07-30 13:30:00,303.8251037597656,304.3494873046875,303.6199951171875,303.69000244140625,1311479
2025-07-30 14:30:00,303.7099914550781,303.8299865722656,301.30999755859375,301.4100036621094,3153888
2025-07-30 15:30:00,301.4100036621094,301.6700134277344,300.9549865722656,301.0299987792969,2035242
2025-07-30 16:00:00,300.96,301.8,300.96,301.67,0
2025-07-30 17:00:00,301.68,302.4,296.7762,301.81,0
2025-07-30 18:00:00,301.81,302.07,301.4,301.8218,0
2025-07-30 19:00:00,301.87,302.66,301.71,302.22,0
2025-07-31 04:00:00,304.22,305.15,303.56,304.81,0
2025-07-31 05:00:00,304.85,305.06,304.48,304.48,0
2025-07-31 06:00:00,304.57,304.65,304.11,304.2,0
2025-07-31 07:00:00,304.22,304.41,303.23,304.06,0
2025-07-31 08:00:00,304.05,305.1,300.96,304.4799,0
2025-07-31 09:00:00,304.39,304.91,300.96,304.55,0
2025-07-31 09:30:00,304.5899963378906,304.6099853515625,303.4100036621094,303.4849853515625,2910472
2025-07-31 10:30:00,303.489990234375,303.739990234375,303.010009765625,303.4100036621094,1415493
2025-07-31 11:30:00,303.3999938964844,303.6400146484375,302.8599853515625,303.1199951171875,1167778
2025-07-31 12:30:00,303.1400146484375,303.6600036621094,303.0299987792969,303.4700012207031,580879
2025-07-31 13:30:00,303.4599914550781,303.54998779296875,303.1499938964844,303.5,643087
2025-07-31 14:30:00,303.5,303.510009765625,302.94500732421875,303.010009765625,763608
2025-07-31 15:30:00,303.0,303.32501220703125,302.9100036621094,302.9599914550781,1017217
2025-07-31 16:00:00,302.96,303.4076,302.8099,302.9499,0
2025-07-31 17:00:00,302.95,302.96,302.609,302.75,0
2025-07-31 18:00:00,302.89,303.36,302.76,303.3,0
2025-07-31 19:00:00,303.31,303.45,302.75,303.31,0
2025-08-01 04:00:00,302.7,303.12,302.52,302.75,0
2025-08-01 05:00:00,302.74,303.6,302.69,303.47,0
2025-08-01 06:00:00,303.34,303.62,303.3,303.4,0
2025-08-01 07:00:00,303.34,304.23,303.29,303.88,0
2025-08-01 08:00:00,303.88,304.38,302.5538,303.94,0
2025-08-01 09:00:00,304.15,308.46,302.96,308.44,0
2025-08-01 09:30:00,308.6099853515625,308.95001220703125,307.45001220703125,308.1199951171875,3921554
2025-08-01 10:30:00,308.114990234375,308.5899963378906,307.69000244140625,308.4599914550781,2345216
2025-08-01 11:30:00,308.4599914550781,308.625,307.6199951171875,307.6824951171875,1057601
2025-08-01 12:30:00,307.70001220703125,308.4599914550781,307.6199951171875,308.260009765625,983909
2025-08-01 13:30:00,308.2792053222656,308.5,308.1199951171875,308.45001220703125,700822
2025-08-01 14:30:00,308.45001220703125,308.6400146484375,308.2799987792969,308.6199951171875,621728
2025-08-01 15:30:00,308.6099853515625,309.54998779296875,308.6000061035156,309.1700134277344,2534258
2025-08-01 16:00:00,309.11,309.85,307.99,309.66,0
2025-08-01 17:00:00,309.66,309.78,288.2554,309.55,0
2025-08-01 18:00:00,309.55,309.72,309.15,309.53,0
2025-08-01 19:00:00,309.6,309.8,309.26,309.74,0
2025-08-04 04:00:00,309.05,309.68,308.85,309.3,0
2025-08-04 05:00:00,309.36,309.54,309.13,309.5,0
2025-08-04 06:00:00,309.49,309.49,308.75,309.2,0
2025-08-04 07:00:00,309.14,310.2,309.09,310.1,0
2025-08-04 08:00:00,310.16,310.49,308.75,309.72,0
2025-08-04 09:00:00,309.72,310.64,309.11,310.64,0
2025-08-04 09:30:00,310.79998779296875,311.739990234375,310.6099853515625,311.0199890136719,2132628
2025-08-04 10:30:00,311.0199890136719,311.239990234375,310.44000244140625,310.5400085449219,998152
2025-08-04 11:30:00,310.5,311.07000732421875,310.3699951171875,310.67999267578125,842542
2025-08-04 12:30:00,310.6700134277344,310.6700134277344,310.3699951171875,310.55999755859375,476474
2025-08-04 13:30:00,310.55999755859375,310.95001220703125,310.489990234375,310.8800048828125,477857
2025-08-04 14:30:00,310.8800048828125,310.9700012207031,310.7900085449219,310.92010498046875,716620
2025-08-04 15:30:00,310.92999267578125,310.9849853515625,310.7200012207031,310.889892578125,1497958
2025-08-04 16:00:00,310.91,310.97,289.0631,310.52,0
2025-08-04 17:00:00,310.61,310.98,310.4,310.6,0
2025-08-04 18:00:00,310.6,310.91,310.59,310.67,0
2025-08-04 19:00:00,310.77,311.39,310.66,311.36,0
2025-08-05 04:00:00,310.62,311.01,310.45,310.74,0
2025-08-05 05:00:00,310.59,310.72,309.8,309.87,0
2025-08-05 06:00:00,309.84,309.86,308.9,309.05,0
2025-08-05 07:00:00,309.1,309.25,308.65,308.69,0
2025-08-05 08:00:00,308.67,310.91,308.4,309.7792,0
2025-08-05 09:00:00,309.44,310.91,309.44,310.1981,0
2025-08-05 09:30:00,310.3699951171875,311.4700012207031,310.2200012207031,311.260009765625,1741378
2025-08-05 10:30:00,311.260009765625,312.0199890136719,311.1400146484375,311.69830322265625,1577739
2025-08-05 11:30:00,311.70001220703125,312.239990234375,311.3999938964844,311.4800109863281,1015705
2025-08-05 12:30:00,311.489990234375,311.5299987792969,310.9599914550781,311.239990234375,765228
2025-08-05 13:30:00,311.260009765625,311.510009765625,311.1199951171875,311.23724365234375,402098
2025-08-05 14:30:00,311.2300109863281,311.3800048828125,311.0950012207031,311.2300109863281,614896
2025-08-05 15:30:00,311.2300109863281,311.3599853515625,311.1199951171875,311.1400146484375,682842
2025-08-05 16:00:00,311.16,311.5,311.1,311.34,0
2025-08-05 17:00:00,311.6,311.8,310.9,311.44,0
2025-08-05 18:00:00,311.45,311.53,311.15,311.17,0
2025-08-05 19:00:00,311.29,311.99,311.28,311.7992,0
2025-08-06 04:00:00,310.68,313.02,309.16,310.02,0
2025-08-06 05:00:00,310.05,310.15,309.76,309.8,0
2025-08-06 06:00:00,309.75,310.0,309.24,309.8,0
2025-08-06 07:00:00,309.88,310.04,309.41,309.99,0
2025-08-06 08:00:00,310.05,311.18,309.28,309.8799,0
2025-08-06 09:00:00,309.88,310.45,309.42,310.27,0
2025-08-06 09:30:00,310.32000732421875,310.9100036621094,309.8399963378906,310.8699951171875,1663159
2025-08-06 10:30:00,310.8699951171875,311.239990234375,310.7300109863281,310.8999938964844,954585
2025-08-06 11:30:00,310.92999267578125,311.1700134277344,310.32000732421875,310.739990234375,884216
2025-08-06 12:30:00,310.7394104003906,311.0,310.3999938964844,310.54998779296875,1078786
2025-08-06 13:30:00,310.55499267578125,310.9200134277344,310.2200012207031,310.2900085449219,901104
2025-08-06 14:30:00,310.2799987792969,310.7149963378906,310.2799987792969,310.4800109863281,843411
2025-08-06 15:30:00,310.4700012207031,310.5899963378906,310.36090087890625,310.5,769157
2025-08-06 16:00:00,310.5,310.51,310.02,310.2,0
2025-08-06 17:00:00,310.31,310.51,310.0,310.25,0
2025-08-06 18:00:00,310.26,310.81,310.2,310.59,0
2025-08-06 19:00:00,310.45,310.8,310.01,310.01,0
2025-08-07 04:00:00,312.82,312.82,310.52,310.67,0
2025-08-07 05:00:00,310.67,311.43,310.6,311.02,0
2025-08-07 06:00:00,310.9,311.21,310.59,310.77,0
2025-08-07 07:00:00,310.76,311.45,310.4,311.25,0
2025-08-07 08:00:00,311.32,313.0,310.44,311.3,0
2025-08-07 09:00:00,311.36,312.12,310.31,311.75,0
2025-08-07 09:30:00,311.7200012207031,312.489990234375,310.70001220703125,311.4049987792969,3881914
2025-08-07 10:30:00,311.3999938964844,312.1499938964844,311.2950134277344,311.739990234375,1148173
2025-08-07 11:30:00,311.7784118652344,312.3349914550781,311.6700134277344,312.07501220703125,603492
2025-08-07 12:30:00,312.090087890625,312.125,311.54998779296875,312.0,638183
2025-08-07 13:30:00,312.0,312.489990234375,311.92999267578125,312.0400085449219,708914
2025-08-07 14:30:00,312.0400085449219,312.2099914550781,311.8699951171875,312.0950012207031,891247
2025-08-07 15:30:00,312.1000061035156,313.135009765625,312.1000061035156,313.05499267578125,2409291
2025-08-07 16:00:00,312.98,313.5,297.6557,312.9,0
2025-08-07 17:00:00,313.15,313.88,312.99,313.7052,0
2025-08-07 18:00:00,313.5,313.84,311.88,313.47,0
2025-08-07 19:00:00,313.69,314.44,312.55,313.13,0
2025-08-08 04:00:00,313.12,313.4,312.87,313.0,0
2025-08-08 05:00:00,312.98,313.12,312.55,313.06,0
2025-08-08 06:00:00,313.0,313.29,312.04,312.04,0
2025-08-08 07:00:00,312.15,312.44,311.35,311.48,0
2025-08-08 08:00:00,311.48,313.4288,311.2101,312.6,0
2025-08-08 09:00:00,312.67,313.34,311.9,312.78,0
2025-08-08 09:30:00,312.3500061035156,313.260009765625,311.5,311.5199890136719,4488329
2025-08-08 10:30:00,311.5,312.6199951171875,311.3500061035156,312.4599914550781,1440866
2025-08-08 11:30:00,312.4599914550781,312.9750061035156,312.2300109863281,312.9100036621094,1352602
2025-08-08 12:30:00,312.9200134277344,313.1700134277344,312.6499938964844,312.9549865722656,771867
2025-08-08 13:30:00,312.9700012207031,313.5299987792969,311.0,312.5199890136719,6989443
2025-08-08 14:30:00,312.54998779296875,313.1700134277344,312.25,312.55999755859375,2640523
2025-08-08 15:30:00,312.54998779296875,313.0799865722656,312.3500061035156,313.0,1888489
2025-08-08 16:00:00,313.05,313.05,312.39,312.96,0
2025-08-08 17:00:00,313.05,313.05,312.7,312.97,0
2025-08-08 18:00:00,312.9692,313.0,312.96,312.981,0
2025-08-08 19:00:00,313.0,313.2,312.96,312.96,0
2025-08-11 04:00:00,309.55,310.6,309.3,309.93,0
2025-08-11 05:00:00,309.71,309.89,308.91,309.66,0
2025-08-11 06:00:00,309.48,309.86,308.77,309.5,0
2025-08-11 07:00:00,309.66,309.67,308.5,308.59,0
2025-08-11 08:00:00,308.65,313.05,308.25,308.39,0
2025-08-11 09:00:00,308.3,309.32,307.8533,308.58,0
2025-08-11 09:30:00,308.6199951171875,309.6600036621094,308.45001220703125,308.6499938964844,2706459
2025-08-11 10:30:00,308.6400146484375,308.70001220703125,307.67999267578125,308.4599914550781,1133227
2025-08-11 11:30:00,308.4700012207031,308.70001220703125,308.0299987792969,308.1592102050781,924062
2025-08-11 12:30:00,308.1700134277344,308.2099914550781,307.7300109863281,308.0299987792969,666388
2025-08-11 13:30:00,308.04998779296875,309.30999755859375,307.6300048828125,308.9800109863281,2902965
2025-08-11 14:30:00,308.989990234375,309.1361999511719,308.6449890136719,308.739990234375,648968
2025-08-11 15:30:00,308.7300109863281,308.8800048828125,308.489990234375,308.5950012207031,844919
2025-08-11 16:00:00,308.55,308.665,288.6341,307.79,0
2025-08-11 17:00:00,308.32,308.58,288.6341,308.53,0
2025-08-11 18:00:00,308.23,308.42,307.77,308.1,0
2025-08-11 19:00:00,308.02,308.58,308.0,308.0,0
2025-08-12 04:00:00,308.7,308.98,308.02,308.45,0
2025-08-12 05:00:00,308.47,308.62,308.09,308.33,0
2025-08-12 06:00:00,308.41,308.5,307.94,308.43,0
2025-08-12 07:00:00,308.43,308.43,307.25,307.84,0
2025-08-12 08:00:00,307.84,309.08,307.1,308.3,0
2025-08-12 09:00:00,307.7,309.24,307.7,307.95,0
2025-08-12 09:30:00,308.2200012207031,309.1000061035156,306.7099914550781,307.1000061035156,3749745
2025-08-12 10:30:00,307.0899963378906,309.30499267578125,306.82989501953125,308.8900146484375,1558905
2025-08-12 11:30:00,308.92999267578125,309.2200012207031,308.07501220703125,308.3699951171875,1346066
2025-08-12 12:30:00,308.4049987792969,308.57989501953125,308.19000244140625,308.2799987792969,905519
2025-08-12 13:30:00,308.2699890136719,308.5299987792969,308.1199951171875,308.3699951171875,483509
2025-08-12 14:30:00,308.36920166015625,308.45001220703125,308.05999755859375,308.2950134277344,758224
2025-08-12 15:30:00,308.2900085449219,308.3900146484375,308.1499938964844,308.239990234375,625437
2025-08-12 16:00:00,308.27,308.49,308.02,308.29,0
2025-08-12 17:00:00,308.29,308.47,288.9467,308.47,0
2025-08-12 18:00:00,308.3,308.7877,308.28,308.47,0
2025-08-12 19:00:00,308.5,308.72,308.42,308.48,0
2025-08-13 04:00:00,308.64,309.98,308.57,308.77,0
2025-08-13 05:00:00,308.84,309.7,308.84,309.7,0
2025-08-13 06:00:00,309.6,309.98,309.6,309.71,0
2025-08-13 07:00:00,309.8,310.11,309.33,309.45,0
2025-08-13 08:00:00,309.5,310.0,308.18,309.34,0
2025-08-13 09:00:00,309.2,309.5,308.27,309.0,0
2025-08-13 09:30:00,309.1000061035156,310.3900146484375,309.04998779296875,309.8399963378906,1748891
2025-08-13 10:30:00,309.8323974609375,309.9599914550781,308.9800109863281,308.9849853515625,340222
2025-08-13 11:30:00,308.9700012207031,309.42498779296875,308.8612060546875,309.3399963378906,607093
2025-08-13 12:30:00,309.33489990234375,309.45001220703125,309.1000061035156,309.1700134277344,383227
2025-08-13 13:30:00,309.1600036621094,309.2099914550781,308.45001220703125,308.5400085449219,389605
2025-08-13 14:30:00,308.5400085449219,309.0899963378906,308.5400085449219,308.9800109863281,279711
2025-08-13 15:30:00,308.9800109863281,309.2900085449219,308.8800048828125,309.1700134277344,688239
2025-08-13 16:00:00,309.18,309.21,296.7762,309.082,0
2025-08-13 17:00:00,309.0001,309.21,309.0,309.02,0
2025-08-13 18:00:00,309.05,309.21,308.91,309.11,0
2025-08-13 19:00:00,309.16,309.79,309.16,309.79,0
2025-08-14 04:00:00,308.04,309.7,307.63,308.35,0
2025-08-14 05:00:00,308.42,309.23,307.9,308.99,0
2025-08-14 06:00:00,309.0,309.23,308.75,309.09,0
2025-08-14 07:00:00,309.23,309.25,308.59,308.9,0
2025-08-14 08:00:00,308.89,309.81,307.68,308.68,0
2025-08-14 09:00:00,308.67,309.21,307.65,308.68,0
2025-08-14 09:30:00,307.8999938964844,308.3399963378906,306.94000244140625,307.8800048828125,1523255
2025-08-14 10:30:00,307.9200134277344,308.0450134277344,307.0299987792969,307.3999938964844,538990
2025-08-14 11:30:00,307.4200134277344,307.7099914550781,306.5199890136719,306.7650146484375,1160934
2025-08-14 12:30:00,306.70001220703125,307.30999755859375,306.5899963378906,307.1499938964844,602899
2025-08-14 13:30:00,307.1499938964844,307.32000732421875,307.0400085449219,307.1499938964844,327043
2025-08-14 14:30:00,307.1499938964844,307.55999755859375,307.1199951171875,307.489990234375,555138
2025-08-14 15:30:00,307.5,307.5400085449219,307.239990234375,307.239990234375,845843
2025-08-14 16:00:00,307.27,307.3,306.95,307.05,0
2025-08-14 17:00:00,307.09,307.5,306.95,307.3,0
2025-08-14 18:00:00,307.25,307.5,306.76,307.1,0
2025-08-14 19:00:00,306.7622,307.49,306.67,307.12,0
2025-08-15 04:00:00,308.07,308.3,307.33,307.47,0
2025-08-15 05:00:00,307.51,307.99,307.39,307.97,0
2025-08-15 06:00:00,307.92,307.92,307.32,307.32,0
2025-08-15 07:00:00,307.41,307.6,307.23,307.5,0
2025-08-15 08:00:00,307.54,308.38,307.23,307.26,0
2025-08-15 09:00:00,307.39,308.05,306.91,307.7,0
2025-08-15 09:30:00,307.4800109863281,307.7799987792969,306.8699951171875,307.369384765625,1643940
2025-08-15 10:30:00,307.3800048828125,307.9599914550781,307.3699951171875,307.8346862792969,833252
2025-08-15 11:30:00,307.8500061035156,308.0,307.2699890136719,307.4049987792969,710445
2025-08-15 12:30:00,307.4198913574219,307.4798889160156,307.0950012207031,307.19000244140625,303494
2025-08-15 13:30:00,307.2099914550781,307.3699035644531,307.0299987792969,307.2550048828125,684025
2025-08-15 14:30:00,307.260009765625,307.32000732421875,307.0199890136719,307.2900085449219,489231
2025-08-15 15:30:00,307.29998779296875,307.5150146484375,307.2200012207031,307.4599914550781,1137217
2025-08-15 16:00:00,307.46,307.51,288.2554,307.0101,0
2025-08-15 17:00:00,307.0274,307.43,288.2554,307.31,0
2025-08-15 18:00:00,307.32,307.35,307.1,307.35,0
2025-08-15 19:00:00,307.1,307.49,307.1,307.35,0
2025-08-18 04:00:00,307.7,308.46,307.7,308.13,0
2025-08-18 05:00:00,308.13,308.5,308.1,308.3,0
2025-08-18 06:00:00,308.3,308.57,308.23,308.3,0
2025-08-18 07:00:00,308.3,308.46,308.09,308.29,0
2025-08-18 08:00:00,308.26,309.09,307.43,308.15,0
2025-08-18 09:00:00,308.15,308.37,307.43,307.69,0
2025-08-18 09:30:00,307.7900085449219,307.889892578125,306.79998779296875,307.1099853515625,1826821
2025-08-18 10:30:00,307.1000061035156,307.3900146484375,306.79998779296875,307.04998779296875,955819
2025-08-18 11:30:00,307.0386962890625,307.2200012207031,306.75,306.82000732421875,622974
2025-08-18 12:30:00,306.8399963378906,307.0299987792969,306.75,306.82000732421875,449245
2025-08-18 13:30:00,306.82000732421875,307.05499267578125,306.7799987792969,306.8399963378906,286279
2025-08-18 14:30:00,306.8599853515625,306.8999938964844,306.625,306.760009765625,280226
2025-08-18 15:30:00,306.7650146484375,307.0,306.7149963378906,306.9200134277344,1065253
2025-08-18 16:00:00,306.95,307.089,289.0631,306.8,0
2025-08-18 17:00:00,306.92,306.95,306.65,306.88,0
2025-08-18 18:00:00,306.88,307.0,306.68,306.95,0
2025-08-18 19:00:00,306.85,307.0,306.6169,306.94,0
2025-08-19 04:00:00,307.56,307.61,307.2,307.38,0
2025-08-19 05:00:00,307.37,307.44,307.24,307.3,0
2025-08-19 06:00:00,307.34,307.95,307.25,307.87,0
2025-08-19 07:00:00,307.89,307.95,307.62,307.62,0
2025-08-19 08:00:00,307.7,307.99,306.95,307.3,0
2025-08-19 09:00:00,307.41,307.51,306.18,306.56,0
2025-08-19 09:30:00,306.760009765625,307.4787902832031,306.7200012207031,307.1000061035156,828324
2025-08-19 10:30:00,307.1099853515625,307.19000244140625,305.7449951171875,306.0899963378906,832592
2025-08-19 11:30:00,306.07000732421875,306.25,305.54998779296875,305.5987854003906,468435
2025-08-19 12:30:00,305.6029968261719,305.7300109863281,305.19000244140625,305.25,653828
2025-08-19 13:30:00,305.25,305.6700134277344,305.2349853515625,305.56500244140625,308277
2025-08-19 14:30:00,305.57000732421875,305.67999267578125,305.32000732421875,305.3546142578125,821406
2025-08-19 15:30:00,305.3550109863281,305.3999938964844,305.2250061035156,305.2900085449219,925234
2025-08-19 16:00:00,305.27,305.69,285.913,305.3,0
2025-08-19 17:00:00,305.49,305.65,305.19,305.3,0
2025-08-19 18:00:00,305.6,305.6,305.19,305.31,0
2025-08-19 19:00:00,305.36,305.55,305.02,305.04,0
2025-08-20 04:00:00,306.08,306.17,305.8,305.87,0
2025-08-20 05:00:00,305.86,306.35,305.8,306.22,0
2025-08-20 06:00:00,306.25,306.39,306.04,306.28,0
2025-08-20 07:00:00,306.3,306.66,306.2,306.66,0
2025-08-20 08:00:00,306.58,307.34,305.44,307.3,0
2025-08-20 09:00:00,307.3,307.95,305.27,307.71,0
2025-08-20 09:30:00,307.5400085449219,308.260009765625,307.510009765625,307.92999267578125,2249973
2025-08-20 10:30:00,307.95001220703125,308.4700012207031,307.44000244140625,307.6400146484375,1166349
2025-08-20 11:30:00,307.6297912597656,308.0299987792969,307.3999938964844,307.84979248046875,354941
2025-08-20 12:30:00,307.8599853515625,308.1199951171875,307.8598937988281,308.05999755859375,532873
2025-08-20 13:30:00,308.06500244140625,308.260009765625,307.8999938964844,307.9237976074219,471960
2025-08-20 14:30:00,307.92120361328125,308.3900146484375,307.9200134277344,308.3276062011719,501417
2025-08-20 15:30:00,308.32501220703125,308.3900146484375,308.2099914550781,308.3500061035156,1019675
2025-08-20 16:00:00,308.36,308.4,308.14,308.14,0
2025-08-20 17:00:00,308.27,308.37,308.0001,308.28,0
2025-08-20 18:00:00,308.34,308.51,308.2,308.3,0
2025-08-20 19:00:00,308.3,308.35,307.81,308.19,0
2025-08-21 04:00:00,307.42,307.9,307.35,307.38,0
2025-08-21 05:00:00,307.53,307.53,307.23,307.35,0
2025-08-21 06:00:00,307.37,307.59,307.3,307.3,0
2025-08-21 07:00:00,307.3,307.34,306.08,306.54,0
2025-08-21 08:00:00,306.58,308.36,306.09,307.14,0
2025-08-21 09:00:00,307.41,308.36,307.01,307.6499,0
2025-08-21 09:30:00,307.8599853515625,308.1199951171875,307.0314025878906,307.8599853515625,1455190
2025-08-21 10:30:00,307.8699951171875,308.1499938964844,307.1700134277344,307.69000244140625,1061045
2025-08-21 11:30:00,307.70001220703125,308.0,307.4200134277344,307.489990234375,436271
2025-08-21 12:30:00,307.5126037597656,307.6099853515625,307.2149963378906,307.2699890136719,303341
2025-08-21 13:30:00,307.2699890136719,307.42999267578125,307.0849914550781,307.25048828125,526914
2025-08-21 14:30:00,307.2550048828125,307.5799865722656,307.2349853515625,307.55499267578125,410704
2025-08-21 15:30:00,307.55499267578125,307.5899963378906,307.2250061035156,307.29998779296875,490789
2025-08-21 16:00:00,307.29,307.61,307.21,307.61,0
2025-08-21 17:00:00,307.4,307.75,307.25,307.35,0
2025-08-21 18:00:00,307.43,307.5,307.2609,307.4455,0
2025-08-21 19:00:00,307.45,307.5,307.03,307.04,0
2025-08-22 04:00:00,306.35,306.8,306.11,306.49,0
2025-08-22 05:00:00,306.53,306.69,306.38,306.45,0
2025-08-22 06:00:00,306.44,306.7,306.44,306.55,0
2025-08-22 07:00:00,306.59,306.74,306.36,306.51,0
2025-08-22 08:00:00,306.51,306.9,306.12,306.2489,0
2025-08-22 09:00:00,306.25,307.29,305.7501,306.05,0
2025-08-22 09:30:00,306.5199890136719,310.010009765625,306.42999267578125,309.8399963378906,2319846
2025-08-22 10:30:00,309.8500061035156,310.9800109863281,309.8500061035156,310.8599853515625,2200995
2025-08-22 11:30:00,310.8599853515625,311.0249938964844,309.9849853515625,310.1000061035156,986084
2025-08-22 12:30:00,310.1199951171875,310.6199951171875,310.1199951171875,310.6199951171875,277830
2025-08-22 13:30:00,310.6199951171875,310.75,310.3399963378906,310.4800109863281,520074
2025-08-22 14:30:00,310.4800109863281,310.625,310.1300048828125,310.239990234375,561875
2025-08-22 15:30:00,310.2300109863281,310.6080017089844,310.1499938964844,310.55499267578125,1151493
2025-08-22 16:00:00,310.54,310.6,310.28,310.39,0
2025-08-22 17:00:00,310.34,310.58,310.34,310.49,0
2025-08-22 18:00:00,310.48,311.1,310.2,310.9,0
2025-08-22 19:00:00,310.95,311.05,310.42,310.83,0
2025-08-25 04:00:00,310.29,310.32,309.65,309.72,0
2025-08-25 05:00:00,309.76,309.81,309.51,309.56,0
2025-08-25 06:00:00,309.59,310.32,309.56,309.89,0
2025-08-25 07:00:00,309.89,310.13,309.78,310.1,0
2025-08-25 08:00:00,310.1,310.58,309.4853,310.38,0
2025-08-25 09:00:00,310.2,310.58,309.5,309.56,0
2025-08-25 09:30:00,309.80999755859375,310.6600036621094,309.6700134277344,310.3500061035156,980907
2025-08-25 10:30:00,310.3900146484375,310.8399963378906,310.3810119628906,310.6400146484375,512693
2025-08-25 11:30:00,310.6499938964844,310.69000244140625,310.42999267578125,310.5649108886719,359767
2025-08-25 12:30:00,310.5451965332031,310.7349853515625,310.4100036621094,310.5249938964844,275500
2025-08-25 13:30:00,310.5299072265625,310.57000732421875,310.30999755859375,310.5150146484375,382886
2025-08-25 14:30:00,310.489990234375,310.5299987792969,310.0899963378906,310.125,449365
2025-08-25 15:30:00,310.1300048828125,310.20001220703125,309.81500244140625,309.83160400390625,708327
2025-08-25 16:00:00,309.83,310.2895,288.6341,309.87,0
2025-08-25 17:00:00,309.87,309.89,288.6341,309.72,0
2025-08-25 18:00:00,309.81,309.97,309.7034,309.78,0
2025-08-25 19:00:00,309.77,309.77,308.61,308.88,0
2025-08-26 04:00:00,310.94,311.12,310.3,311.06,0
2025-08-26 05:00:00,311.1,311.15,310.69,310.77,0
2025-08-26 06:00:00,310.7,310.75,310.27,310.31,0
2025-08-26 07:00:00,310.3,311.01,310.0,311.01,0
2025-08-26 08:00:00,310.99,311.18,309.83,311.071,0
2025-08-26 09:00:00,310.9,311.15,309.83,310.46,0
2025-08-26 09:30:00,310.6199951171875,311.0299987792969,310.30499267578125,310.6600036621094,1093993
2025-08-26 10:30:00,310.6700134277344,311.5400085449219,310.6449890136719,311.3699951171875,1408534
2025-08-26 11:30:00,311.3699951171875,312.04998779296875,311.3500061035156,311.6195068359375,1510926
2025-08-26 12:30:00,311.6099853515625,311.739990234375,311.42999267578125,311.5400085449219,537617
2025-08-26 13:30:00,311.54998779296875,311.5799865722656,311.2300109863281,311.4599914550781,1320713
2025-08-26 14:30:00,311.4649963378906,312.0400085449219,311.4649963378906,311.9700012207031,1113740
2025-08-26 15:30:00,311.9800109863281,312.2099914550781,311.9100036621094,312.07000732421875,1190064
2025-08-26 16:00:00,312.08,312.42,311.0214,312.4,0
2025-08-26 17:00:00,312.35,312.4,312.08,312.4,0
2025-08-26 18:00:00,312.4,312.5,312.0,312.3,0
2025-08-26 19:00:00,312.41,312.41,312.12,312.4,0
2025-08-27 04:00:00,311.25,311.59,311.25,311.59,0
2025-08-27 05:00:00,311.56,311.67,311.38,311.42,0
2025-08-27 06:00:00,311.45,311.49,310.88,310.88,0
2025-08-27 07:00:00,310.87,311.02,310.65,310.73,0
2025-08-27 08:00:00,310.73,312.08,310.51,311.39,0
2025-08-27 09:00:00,311.22,311.56,310.81,311.4591,0
2025-08-27 09:30:00,311.3900146484375,311.5050048828125,310.7699890136719,311.4800109863281,813645
2025-08-27 10:30:00,311.4551086425781,312.1499938964844,311.27099609375,311.9100036621094,594878
2025-08-27 11:30:00,311.9200134277344,312.2196960449219,311.7650146484375,312.2196960449219,483833
2025-08-27 12:30:00,312.2080993652344,312.9100036621094,312.1199951171875,312.7300109863281,714544
2025-08-27 13:30:00,312.739990234375,312.7655029296875,312.3299865722656,312.6099853515625,426117
2025-08-27 14:30:00,312.6099853515625,312.7049865722656,312.45001220703125,312.625,394486
2025-08-27 15:30:00,312.6300048828125,312.7149963378906,312.4800109863281,312.7099914550781,637595
2025-08-27 16:00:00,312.69,312.83,296.7762,312.75,0
2025-08-27 17:00:00,312.77,312.8,312.63,312.63,0
2025-08-27 18:00:00,312.73,312.8,312.36,312.69,0
2025-08-27 19:00:00,312.5,313.0,312.42,312.641,0
2025-08-28 04:00:00,312.57,312.68,312.37,312.59,0
2025-08-28 05:00:00,312.51,313.02,312.51,312.81,0
2025-08-28 06:00:00,312.8,312.94,312.37,312.58,0
2025-08-28 07:00:00,312.63,313.28,312.47,313.28,0
2025-08-28 08:00:00,313.26,313.7,311.94,313.62,0
2025-08-28 09:00:00,313.53,313.7,312.36,312.75,0
2025-08-28 09:30:00,313.32000732421875,314.04998779296875,313.07000732421875,313.9410095214844,1557706
2025-08-28 10:30:00,313.9100036621094,314.1499938964844,313.4200134277344,313.5,1027077
2025-08-28 11:30:00,313.4992980957031,314.3599853515625,313.3399963378906,314.3399963378906,694628
2025-08-28 12:30:00,314.3500061035156,314.55999755859375,314.239990234375,314.30999755859375,930790
2025-08-28 13:30:00,314.32000732421875,314.6499938964844,314.30999755859375,314.6000061035156,742605
2025-08-28 14:30:00,314.59991455078125,314.82000732421875,314.5299987792969,314.7300109863281,1465757
2025-08-28 15:30:00,314.7300109863281,315.0799865722656,314.5899963378906,314.9599914550781,1996717
2025-08-28 16:00:00,314.99,315.25,314.37,314.49,0
2025-08-28 17:00:00,314.46,315.03,314.46,314.79,0
2025-08-28 18:00:00,314.75,314.82,314.1,314.23,0
2025-08-28 19:00:00,314.57,314.57,314.23,314.49,0
2025-08-29 04:00:00,314.07,315.5,313.84,314.21,0
2025-08-29 05:00:00,314.22,314.3,313.88,313.89,0
2025-08-29 06:00:00,313.88,313.88,313.55,313.6,0
2025-08-29 07:00:00,313.6,313.8,313.43,313.62,0
2025-08-29 08:00:00,313.69,315.03,313.4,313.8,0
2025-08-29 09:00:00,313.86,315.03,313.82,314.88,0
2025-08-29 09:30:00,314.7510070800781,316.489990234375,314.7101135253906,316.36700439453125,3006657
2025-08-29 10:30:00,316.3800048828125,317.3399963378906,316.1499938964844,317.19000244140625,3223453
2025-08-29 11:30:00,317.20001220703125,317.5199890136719,316.939208984375,317.239990234375,1678659
2025-08-29 12:30:00,317.25,317.67999267578125,317.2300109863281,317.4700012207031,1286186
2025-08-29 13:30:00,317.4800109863281,317.5,316.7900085449219,317.19000244140625,1224690
2025-08-29 14:30:00,317.19000244140625,317.2699890136719,316.9100036621094,317.1300048828125,1218461
2025-08-29 15:30:00,317.1400146484375,318.0899963378906,317.1000061035156,318.04998779296875,3436830
2025-08-29 16:00:00,318.07,318.09,317.29,317.71,0
2025-08-29 17:00:00,317.51,318.07,317.48,317.55,0
2025-08-29 18:00:00,317.54,318.2,317.54,318.14,0
2025-08-29 19:00:00,318.1,318.2,317.8,318.1,0
2025-09-02 04:00:00,320.18,322.0,319.5,320.21,0
2025-09-02 05:00:00,320.11,320.53,319.81,320.38,0
2025-09-02 06:00:00,320.36,320.69,320.0,320.35,0
2025-09-02 07:00:00,320.3,321.0,320.24,320.25,0
2025-09-02 08:00:00,320.27,322.19,318.07,320.62,0
2025-09-02 09:00:00,320.7,321.37,318.07,320.65,0
2025-09-02 09:30:00,320.82000732421875,322.7027893066406,320.239990234375,322.45001220703125,7042326
2025-09-02 10:30:00,322.4700012207031,323.7699890136719,321.82000732421875,323.4150085449219,3387803
2025-09-02 11:30:00,323.42999267578125,324.6600036621094,323.29998779296875,324.510009765625,2278625
2025-09-02 12:30:00,324.5199890136719,324.8800048828125,324.2049865722656,324.80999755859375,1503691
2025-09-02 13:30:00,324.80499267578125,325.05999755859375,324.489990234375,324.9945983886719,1775895
2025-09-02 14:30:00,324.989990234375,325.75,324.55999755859375,325.6099853515625,2146028
2025-09-02 15:30:00,325.6072082519531,325.9200134277344,325.2699890136719,325.6300048828125,2639269
2025-09-02 16:00:00,325.59,325.88,323.4,325.34,0
2025-09-02 17:00:00,325.26,325.65,325.0,325.65,0
2025-09-02 18:00:00,325.5,325.64,324.87,324.91,0
2025-09-02 19:00:00,324.9925,325.4,324.65,325.16,0
2025-09-03 04:00:00,325.39,326.0,325.06,325.98,0
2025-09-03 05:00:00,325.91,326.06,325.57,325.78,0
2025-09-03 06:00:00,325.81,325.9,325.2,325.61,0
2025-09-03 07:00:00,325.61,326.59,325.46,326.41,0
2025-09-03 08:00:00,326.46,326.97,324.75,326.49,0
2025-09-03 09:00:00,326.5925,327.33,325.59,327.23,0
2025-09-03 09:30:00,327.760009765625,328.2900085449219,326.7301025390625,328.05999755859375,3925648
2025-09-03 10:30:00,328.07501220703125,328.2149963378906,327.2112121582031,328.16070556640625,1927823
2025-09-03 11:30:00,328.1719970703125,328.4700012207031,327.8399963378906,328.45001220703125,1511805
2025-09-03 12:30:00,328.45001220703125,328.92999267578125,328.3800048828125,328.8299865722656,1572453
2025-09-03 13:30:00,328.82000732421875,329.45001220703125,328.82000732421875,329.1007995605469,2358079
2025-09-03 14:30:00,329.1000061035156,329.1000061035156,327.8699951171875,328.1000061035156,2530166
2025-09-03 15:30:00,328.0899963378906,328.2799987792969,327.8399963378906,328.0799865722656,1769297
2025-09-03 16:00:00,328.11,328.55,327.57,327.66,0
2025-09-03 17:00:00,327.7,337.6933,327.6066,327.8,0
2025-09-03 18:00:00,327.79,328.3,327.5,327.89,0
2025-09-03 19:00:00,327.75,327.88,327.05,327.72,0
2025-09-04 04:00:00,325.85,326.54,324.9,326.06,0
2025-09-04 05:00:00,326.14,326.24,325.57,325.75,0
2025-09-04 06:00:00,325.79,326.45,325.5,325.78,0
2025-09-04 07:00:00,325.96,326.09,325.5,325.83,0
2025-09-04 08:00:00,325.8,326.9,324.4,326.3321,0
2025-09-04 09:00:00,326.34,326.6,325.8,326.36,0
2025-09-04 09:30:00,327.0299987792969,327.55999755859375,325.3599853515625,325.92999267578125,3915939
2025-09-04 10:30:00,325.9176025390625,326.6300048828125,325.7900085449219,326.1600036621094,1814438
2025-09-04 11:30:00,326.1690979003906,327.32000732421875,326.1690979003906,327.010009765625,1218967
2025-09-04 12:30:00,327.0199890136719,327.2250061035156,326.489990234375,326.67999267578125,934958
2025-09-04 13:30:00,326.64068603515625,326.68499755859375,326.0249938964844,326.32000732421875,1268568
2025-09-04 14:30:00,326.32989501953125,326.760009765625,326.25,326.6650085449219,1147881
2025-09-04 15:30:00,326.6700134277344,326.8399963378906,326.6099853515625,326.7049865722656,1055951
2025-09-04 16:00:00,326.69,326.8492,326.16,326.27,0
2025-09-04 17:00:00,326.26,326.73,326.08,326.69,0
2025-09-04 18:00:00,326.44,326.45,325.78,326.04,0
2025-09-04 19:00:00,325.83,327.3,325.83,327.13,0
2025-09-05 04:00:00,326.71,327.2,326.4,326.63,0
2025-09-05 05:00:00,326.74,326.84,326.33,326.71,0
2025-09-05 06:00:00,326.6,327.19,326.59,327.0,0
2025-09-05 07:00:00,326.95,327.2,326.73,326.73,0
2025-09-05 08:00:00,326.73,327.84,326.32,327.33,0
2025-09-05 09:00:00,327.27,330.3,326.69,329.75,0
2025-09-05 09:30:00,329.5299987792969,331.239990234375,329.0799865722656,329.42999267578125,4942443
2025-09-05 10:30:00,329.45001220703125,330.70001220703125,328.92999267578125,330.3999938964844,2672609
2025-09-05 11:30:00,330.4100036621094,331.4100036621094,330.3699951171875,331.3699951171875,2038044
2025-09-05 12:30:00,331.3800048828125,331.44000244140625,330.5299987792969,331.05999755859375,1498053
2025-09-05 13:30:00,331.04998779296875,331.18499755859375,330.70001220703125,330.9150085449219,1304957
2025-09-05 14:30:00,330.8999938964844,331.0899963378906,330.7300109863281,330.8100891113281,1319284
2025-09-05 15:30:00,330.80999755859375,331.0799865722656,330.7300109863281,330.9100036621094,1805905
2025-09-05 16:00:00,330.87,331.05,330.01,330.2,0
2025-09-05 17:00:00,330.49,331.05,330.0,330.09,0
2025-09-05 18:00:00,330.0,330.4,330.0,330.3,0
2025-09-05 19:00:00,330.2,330.74,330.2,330.73,0
2025-09-08 04:00:00,332.23,332.92,329.35,332.57,0
2025-09-08 05:00:00,332.5,332.72,332.19,332.48,0
2025-09-08 06:00:00,332.41,333.4,332.38,333.0,0
2025-09-08 07:00:00,333.08,333.13,332.58,332.81,0
2025-09-08 08:00:00,332.91,333.47,329.55,333.0,0
2025-09-08 09:00:00,333.04,334.3,331.05,334.26,0
2025-09-08 09:30:00,333.6600036621094,334.8500061035156,333.2300109863281,334.1700134277344,4747198
2025-09-08 10:30:00,334.1600036621094,335.6700134277344,334.05999755859375,334.7449951171875,3596518
2025-09-08 11:30:00,334.760009765625,335.25,334.4381103515625,335.17999267578125,2147663
2025-09-08 12:30:00,335.1918029785156,335.2200012207031,334.4800109863281,334.7300109863281,1562414
2025-09-08 13:30:00,334.7300109863281,334.7900085449219,334.260009765625,334.46990966796875,1451762
2025-09-08 14:30:00,334.4700012207031,334.760009765625,334.3699951171875,334.44000244140625,2105756
2025-09-08 15:30:00,334.44000244140625,334.8699951171875,334.3699951171875,334.7699890136719,2294646
2025-09-08 16:00:00,334.82,335.0,334.53,334.65,0
2025-09-08 17:00:00,334.82,334.82,334.49,334.82,0
2025-09-08 18:00:00,334.81,334.82,334.03,334.16,0
2025-09-08 19:00:00,334.18,334.81,334.0051,334.63,0
2025-09-09 04:00:00,335.52,336.54,335.12,335.55,0
2025-09-09 05:00:00,335.58,336.59,335.4,336.3,0
2025-09-09 06:00:00,336.34,336.48,336.14,336.33,0
2025-09-09 07:00:00,336.31,336.4,335.92,336.2,0
2025-09-09 08:00:00,336.25,336.86,334.82,335.99,0
2025-09-09 09:00:00,335.99,336.4799,334.82,336.26,0
2025-09-09 09:30:00,336.9728088378906,338.30999755859375,335.2250061035156,336.2550048828125,8495916
2025-09-09 10:30:00,336.2524108886719,336.3999938964844,333.8500061035156,335.1099853515625,4130277
2025-09-09 11:30:00,335.1300048828125,335.95001220703125,334.7250061035156,335.6300048828125,2836553
2025-09-09 12:30:00,335.635009765625,335.79998779296875,335.3399963378906,335.385009765625,1151668
2025-09-09 13:30:00,335.4100036621094,335.5400085449219,335.1700134277344,335.42999267578125,906558
2025-09-09 14:30:00,335.435791015625,335.54998779296875,334.57000732421875,334.6300048828125,1375322
2025-09-09 15:30:00,334.635009765625,334.7049865722656,333.9700012207031,334.0299987792969,1952953
2025-09-09 16:00:00,334.06,335.5136,333.72,333.73,0
2025-09-09 17:00:00,333.72,334.06,333.4,333.6,0
2025-09-09 18:00:00,333.79,334.81,332.9935,334.77,0
2025-09-09 19:00:00,334.71,335.9934,334.25,334.54,0
2025-09-10 04:00:00,335.47,335.63,335.26,335.45,0
2025-09-10 05:00:00,335.43,335.76,335.35,335.6,0
2025-09-10 06:00:00,335.6,336.53,335.57,336.44,0
2025-09-10 07:00:00,336.43,336.72,336.04,336.46,0
2025-09-10 08:00:00,336.44,336.7,334.06,335.8,0
2025-09-10 09:00:00,335.8,336.69,334.06,335.578,0
2025-09-10 09:30:00,335.7300109863281,336.489990234375,335.67999267578125,336.2200012207031,2564881
2025-09-10 10:30:00,336.2099914550781,336.5,334.92999267578125,335.45001220703125,2086050
2025-09-10 11:30:00,335.4700012207031,335.8599853515625,335.1099853515625,335.1600036621094,1693328
2025-09-10 12:30:00,335.1600036621094,335.4389953613281,335.0450134277344,335.29998779296875,777283
2025-09-10 13:30:00,335.2900085449219,335.95001220703125,335.2799987792969,335.8599853515625,2017008
2025-09-10 14:30:00,335.8699951171875,335.8699951171875,334.9700012207031,335.0172119140625,928152
2025-09-10 15:30:00,334.956787109375,335.29998779296875,334.6199951171875,335.25,1713466
2025-09-10 16:00:00,335.26,335.69,334.91,335.19,0
2025-09-10 17:00:00,335.15,335.28,334.9387,335.23,0
2025-09-10 18:00:00,335.23,335.53,334.7039,334.95,0
2025-09-10 19:00:00,334.95,335.86,334.87,335.86,0
2025-09-11 04:00:00,334.09,334.8,333.79,334.04,0
2025-09-11 05:00:00,334.08,334.14,332.63,332.93,0
2025-09-11 06:00:00,332.93,333.62,332.86,333.26,0
2025-09-11 07:00:00,333.27,333.65,333.12,333.24,0
2025-09-11 08:00:00,333.2,335.26,332.66,333.4,0
2025-09-11 09:00:00,333.6,335.4831,332.55,334.539,0
2025-09-11 09:30:00,333.3699951171875,334.7650146484375,332.9700012207031,334.5150146484375,2484056
2025-09-11 10:30:00,334.5130920410156,334.8800048828125,333.760009765625,334.6747131347656,1365672
2025-09-11 11:30:00,334.6600036621094,335.1618957519531,334.1650085449219,334.70989990234375,1526467
2025-09-11 12:30:00,334.7349853515625,334.8900146484375,334.2200012207031,334.489990234375,594512
2025-09-11 13:30:00,334.510009765625,334.7087097167969,334.2149963378906,334.2300109863281,1009091
2025-09-11 14:30:00,334.239990234375,334.69989013671875,334.0899963378906,334.489990234375,1008688
2025-09-11 15:30:00,334.4800109863281,334.75,334.4649963378906,334.70001220703125,718861
2025-09-11 16:00:00,334.76,334.8,334.36,334.47,0
2025-09-11 17:00:00,334.52,334.76,334.36,334.36,0
2025-09-11 18:00:00,334.4,335.0,334.36,335.0,0
2025-09-11 19:00:00,334.41,334.99,334.32,334.32,0
2025-09-12 04:00:00,335.79,336.1,335.32,335.6,0
2025-09-12 05:00:00,335.6,335.64,334.88,335.64,0
2025-09-12 06:00:00,335.66,336.11,335.32,336.04,0
2025-09-12 07:00:00,336.07,336.19,335.79,335.83,0
2025-09-12 08:00:00,335.86,343.13,334.76,335.43,0
2025-09-12 09:00:00,335.44,336.06,334.76,335.93,0
2025-09-12 09:30:00,335.8800048828125,336.3900146484375,335.67999267578125,336.239990234375,1598858
2025-09-12 10:30:00,336.260009765625,336.32501220703125,335.2300109863281,335.4800109863281,1472813
2025-09-12 11:30:00,335.4649963378906,335.75,335.32000732421875,335.6900939941406,840640
2025-09-12 12:30:00,335.69000244140625,336.0400085449219,335.6000061035156,335.760009765625,2779145
2025-09-12 13:30:00,335.7699890136719,335.9836120605469,335.7049865722656,335.7900085449219,614581
2025-09-12 14:30:00,335.7799987792969,335.92999267578125,335.6000061035156,335.6050109863281,1061375
2025-09-12 15:30:00,335.6099853515625,335.6799011230469,335.3599853515625,335.4200134277344,927174
2025-09-12 16:00:00,335.42,335.8471,335.1168,335.24,0
2025-09-12 17:00:00,335.4,335.55,335.24,335.51,0
2025-09-12 18:00:00,335.5,335.98,335.24,335.69,0
2025-09-12 19:00:00,335.77,336.0,335.24,335.65,0
2025-09-15 04:00:00,335.41,335.95,334.82,335.2,0
2025-09-15 05:00:00,335.24,335.61,335.02,335.02,0
2025-09-15 06:00:00,335.02,335.64,334.69,335.58,0
2025-09-15 07:00:00,335.58,335.61,335.0,335.41,0
2025-09-15 08:00:00,335.46,335.81,334.51,334.85,0
2025-09-15 09:00:00,334.97,336.2,334.82,335.91,0
2025-09-15 09:30:00,336.30999755859375,337.30999755859375,336.2300109863281,336.69000244140625,2069402
2025-09-15 10:30:00,336.69000244140625,337.61370849609375,336.6050109863281,337.5801086425781,1207660
2025-09-15 11:30:00,337.5880126953125,339.1700134277344,337.4700012207031,339.1400146484375,2166996
2025-09-15 12:30:00,339.1400146484375,339.2799987792969,338.260009765625,338.75,1309094
2025-09-15 13:30:00,338.75,338.98028564453125,338.510009765625,338.7507019042969,809194
2025-09-15 14:30:00,338.760009765625,338.8299865722656,338.3550109863281,338.67999267578125,1178528
2025-09-15 15:30:00,338.67999267578125,339.010009765625,338.6600036621094,338.8500061035156,1439013
2025-09-15 16:00:00,338.91,338.98,336.278,338.85,0
2025-09-15 17:00:00,338.85,338.91,338.6813,338.8499,0
2025-09-15 18:00:00,338.83,338.91,338.17,338.84,0
2025-09-16 04:00:00,339.38,340.27,339.12,340.2,0
2025-09-16 05:00:00,340.06,340.41,339.85,340.13,0
2025-09-16 06:00:00,340.24,340.5,340.1,340.36,0
2025-09-16 07:00:00,340.3,340.33,339.74,339.88,0
2025-09-16 08:00:00,339.92,340.59,338.82,339.92,0
2025-09-16 09:00:00,339.81,340.0,338.91,339.5,0
2025-09-16 09:30:00,340.0899963378906,340.8800048828125,339.8299865722656,339.9100036621094,3309106
2025-09-16 10:30:00,339.92999267578125,340.20001220703125,338.7200012207031,338.9200134277344,2729623
2025-09-16 11:30:00,338.92999267578125,339.6499938964844,338.6199951171875,339.57000732421875,1761050
2025-09-16 12:30:00,339.57000732421875,339.7699890136719,339.29998779296875,339.5199890136719,1147656
2025-09-16 13:30:00,339.5249938964844,339.6099853515625,339.3299865722656,339.57000732421875,1225150
2025-09-16 14:30:00,339.55999755859375,339.7550048828125,339.5144958496094,339.54998779296875,695144
2025-09-16 15:30:00,339.54998779296875,339.7099914550781,339.44500732421875,339.60931396484375,933764
2025-09-16 16:00:00,339.61,340.0,326.69,339.6,0
2025-09-16 17:00:00,339.65,339.91,339.59,339.9,0
2025-09-16 18:00:00,339.76,339.91,339.6,339.91,0
2025-09-16 19:00:00,339.8,340.1,339.8,340.08,0
2025-09-17 04:00:00,337.58,338.38,337.22,337.45,0
2025-09-17 05:00:00,337.56,337.87,337.14,337.7,0
2025-09-17 06:00:00,337.7,337.82,336.98,337.46,0
2025-09-17 07:00:00,337.45,337.64,336.87,337.62,0
2025-09-17 08:00:00,337.55,339.59,336.79,337.86,0
2025-09-17 09:00:00,337.8263,339.59,337.8,338.59,0
2025-09-17 09:30:00,338.5299987792969,339.20001220703125,338.375,339.0000915527344,1526668
2025-09-17 10:30:00,339.010009765625,339.3949890136719,338.94500732421875,339.2200012207031,959970
2025-09-17 11:30:00,339.2200012207031,339.51959228515625,338.989990234375,339.4599914550781,861430
2025-09-17 12:30:00,339.4580078125,339.4744873046875,338.6099853515625,338.9849853515625,588055
2025-09-17 13:30:00,339.0,341.239990234375,335.9200134277344,338.92999267578125,3664326
2025-09-17 14:30:00,338.95001220703125,339.1400146484375,335.5199890136719,337.239990234375,6449370
2025-09-17 15:30:00,337.2200012207031,337.3900146484375,336.5,337.0899963378906,2077605
2025-09-17 16:00:00,337.04,338.722,336.54,336.91,0
2025-09-17 17:00:00,336.9,337.6933,336.7,337.06,0
2025-09-17 18:00:00,337.06,337.26,336.41,337.12,0
2025-09-17 19:00:00,337.09,337.96,337.01,337.734,0
2025-09-18 04:00:00,336.65,336.89,335.0,336.49,0
2025-09-18 05:00:00,336.4,337.92,336.4,337.8,0
2025-09-18 06:00:00,337.82,337.96,337.33,337.5,0
2025-09-18 07:00:00,337.71,337.76,337.28,337.31,0
2025-09-18 08:00:00,337.36,338.0,334.5,337.3,0
2025-09-18 09:00:00,337.79,337.79,336.39,336.68,0
2025-09-18 09:30:00,336.2200012207031,336.32000732421875,333.80999755859375,334.5350036621094,5677831
2025-09-18 10:30:00,334.5400085449219,335.5299987792969,334.510009765625,334.8949890136719,2284715
2025-09-18 11:30:00,334.8999938964844,335.4800109863281,334.8399963378906,335.3349914550781,1421782
2025-09-18 12:30:00,335.3399963378906,335.6099853515625,335.260009765625,335.3900146484375,1183070
2025-09-18 13:30:00,335.3999938964844,335.4649963378906,334.9800109863281,335.17999267578125,1009589
2025-09-18 14:30:00,335.17999267578125,335.30999755859375,335.0050048828125,335.17999267578125,1521482
2025-09-18 15:30:00,335.1700134277344,335.635009765625,335.1700134277344,335.5899963378906,1434462
2025-09-18 16:00:00,335.62,335.625,335.35,335.36,0
2025-09-18 17:00:00,335.38,335.62,335.2,335.3873,0
2025-09-18 18:00:00,335.4,335.62,334.83,335.0,0
2025-09-18 19:00:00,335.0,335.4,334.6,335.06,0
2025-09-19 04:00:00,336.28,336.39,335.88,336.18,0
2025-09-19 05:00:00,336.21,336.72,336.21,336.6,0
2025-09-19 06:00:00,336.59,336.83,336.49,336.7,0
2025-09-19 07:00:00,336.61,336.64,336.0,336.0,0
2025-09-19 08:00:00,336.04,337.0,335.2322,335.86,0
2025-09-19 09:00:00,335.7,336.2964,335.38,336.27,0
2025-09-19 09:30:00,336.510009765625,337.2950134277344,336.3118896484375,337.25,2005831
2025-09-19 10:30:00,337.2699890136719,338.3450012207031,337.0946044921875,337.92999267578125,2334426
2025-09-19 11:30:00,337.92999267578125,338.1000061035156,337.489990234375,337.6300048828125,2072613
2025-09-19 12:30:00,337.6300048828125,338.0107116699219,337.57000732421875,337.9800109863281,926319
2025-09-19 13:30:00,337.9800109863281,338.9757385253906,337.9549865722656,338.92999267578125,1855183
2025-09-19 14:30:00,338.92999267578125,339.1449890136719,338.7900085449219,339.07000732421875,1380979
2025-09-19 15:30:00,339.07000732421875,339.2300109863281,338.8500061035156,339.1600036621094,1462722
2025-09-19 16:00:00,339.16,339.25,338.7681,339.09,0
2025-09-19 17:00:00,339.2,339.43,339.08,339.37,0
2025-09-19 18:00:00,339.3,339.8,339.08,339.15,0
2025-09-19 19:00:00,339.23,339.23,338.75,339.05,0
2025-09-22 04:00:00,341.72,342.4,340.12,342.28,0
2025-09-22 05:00:00,342.27,343.04,342.23,342.9,0
2025-09-22 06:00:00,342.98,343.03,342.43,342.91,0
2025-09-22 07:00:00,342.93,343.14,342.74,342.99,0
2025-09-22 08:00:00,343.0,343.1681,339.84,341.78,0
2025-09-22 09:00:00,341.95,342.86,339.18,342.66,0
2025-09-22 09:30:00,342.75,342.8900146484375,341.8399963378906,342.5299987792969,3399760
2025-09-22 10:30:00,342.57501220703125,343.489990234375,342.1199951171875,343.45001220703125,1542967
2025-09-22 11:30:00,343.45001220703125,344.1499938964844,343.375,343.9652099609375,1636246
2025-09-22 12:30:00,343.9693908691406,344.4049987792969,343.8800048828125,344.2699890136719,989908
2025-09-22 13:30:00,344.2900085449219,344.93499755859375,344.2699890136719,344.79998779296875,1045725
2025-09-22 14:30:00,344.79998779296875,345.07000732421875,344.54998779296875,344.5981140136719,1316589
2025-09-22 15:30:00,344.5899963378906,345.05499267578125,344.4700012207031,344.92999267578125,1789907
2025-09-22 16:00:00,344.93,345.1,339.18,344.76,0
2025-09-22 17:00:00,344.76,345.1,322.8917,344.83,0
2025-09-22 18:00:00,344.89,345.05,344.06,344.29,0
2025-09-22 19:00:00,344.3885,345.1,344.05,344.89,0
2025-09-23 04:00:00,345.52,347.82,345.44,346.01,0
2025-09-23 05:00:00,346.01,348.9,346.01,348.55,0
2025-09-23 06:00:00,348.54,348.68,347.8,348.1,0
2025-09-23 07:00:00,348.21,348.71,347.84,348.65,0
2025-09-23 08:00:00,348.67,348.8893,344.51,348.07,0
2025-09-23 09:00:00,348.02,348.65,345.05,348.53,0
2025-09-23 09:30:00,348.2300109863281,348.75,346.760009765625,347.1099853515625,4214111
2025-09-23 10:30:00,347.1199951171875,347.9800109863281,347.1000061035156,347.95001220703125,1531456
2025-09-23 11:30:00,347.9599914550781,348.1099853515625,347.3299865722656,347.4800109863281,1314506
2025-09-23 12:30:00,347.4700012207031,348.4599914550781,346.5299987792969,348.125,2880452
2025-09-23 13:30:00,348.1400146484375,348.17999267578125,347.5199890136719,347.82000732421875,1139261
2025-09-23 14:30:00,347.79998779296875,348.0400085449219,345.32000732421875,345.9175109863281,5331923
2025-09-23 15:30:00,345.9100036621094,346.8216857910156,345.9100036621094,346.4700012207031,1563977
2025-09-23 16:00:00,346.46,347.496,346.13,346.46,0
2025-09-23 17:00:00,346.53,348.0,346.33,346.81,0
2025-09-23 18:00:00,346.7,347.0,346.23,346.61,0
2025-09-23 19:00:00,346.38,347.0,346.15,346.4462,0
2025-09-24 04:00:00,347.12,347.75,347.02,347.02,0
2025-09-24 05:00:00,347.13,347.2,346.7,346.75,0
2025-09-24 06:00:00,346.75,347.0,346.02,346.4,0
2025-09-24 07:00:00,346.43,346.63,346.02,346.52,0
2025-09-24 08:00:00,346.58,347.85,346.04,346.83,0
2025-09-24 09:00:00,346.71,347.13,346.43,347.13,0
2025-09-24 09:30:00,346.70001220703125,346.82989501953125,345.45001220703125,345.94000244140625,2393242
2025-09-24 10:30:00,345.92999267578125,346.05499267578125,345.1000061035156,345.239990234375,1747774
2025-09-24 11:30:00,345.2300109863281,345.27978515625,343.9700012207031,344.4100036621094,2156511
2025-09-24 12:30:00,344.42999267578125,344.4800109863281,343.510009765625,343.7200012207031,1316177
2025-09-24 13:30:00,343.7099914550781,343.7900085449219,342.9649963378906,343.20001220703125,1577661
2025-09-24 14:30:00,343.2099914550781,343.3999938964844,342.1400146484375,342.2099914550781,1541588
2025-09-24 15:30:00,342.2099914550781,343.4700012207031,342.2099914550781,343.29998779296875,1549241
2025-09-24 16:00:00,343.32,344.0,343.26,343.92,0
2025-09-24 17:00:00,343.77,344.0,343.32,343.89,0
2025-09-24 18:00:00,343.89,344.59,343.32,344.36,0
2025-09-24 19:00:00,344.1,344.75,344.0,344.4,0
2025-09-25 04:00:00,345.22,346.09,343.81,345.7,0
2025-09-25 05:00:00,345.77,345.81,345.11,345.11,0
2025-09-25 06:00:00,345.15,346.08,345.15,345.69,0
2025-09-25 07:00:00,345.78,346.09,344.23,345.04,0
2025-09-25 08:00:00,345.07,346.11,343.32,345.5,0
2025-09-25 09:00:00,345.35,345.5,343.25,343.86,0
2025-09-25 09:30:00,344.3900146484375,344.44000244140625,342.4700012207031,343.5398864746094,3277793
2025-09-25 10:30:00,343.5299987792969,344.0299987792969,342.6000061035156,343.2300109863281,1834052
2025-09-25 11:30:00,343.2200012207031,344.3900146484375,343.0950012207031,343.8999938964844,1510348
2025-09-25 12:30:00,343.8999938964844,344.44000244140625,343.42999267578125,344.1300048828125,894651
2025-09-25 13:30:00,344.1300048828125,345.1099853515625,343.82000732421875,345.05999755859375,1210857
2025-09-25 14:30:00,345.0740051269531,345.8299865722656,344.9549865722656,345.1888122558594,1487306
2025-09-25 15:30:00,345.20001220703125,345.260009765625,344.54998779296875,344.739990234375,2001836
2025-09-25 16:00:00,344.76,345.34,336.9675,344.9706,0
2025-09-25 17:00:00,345.0,345.27,344.75,345.0,0
2025-09-25 18:00:00,345.0,345.22,344.656,344.885,0
2025-09-25 19:00:00,345.0,345.11,343.96,344.63,0
2025-09-26 04:00:00,344.99,345.39,344.73,345.24,0
2025-09-26 05:00:00,345.33,345.63,345.01,345.03,0
2025-09-26 06:00:00,345.04,345.6,344.9,345.15,0
2025-09-26 07:00:00,345.08,345.3,344.52,345.29,0
2025-09-26 08:00:00,345.26,345.65,344.34,345.3,0
2025-09-26 09:00:00,345.13,346.5,344.75,346.43,0
2025-09-26 09:30:00,345.8299865722656,348.25,345.3139953613281,347.69940185546875,2814011
2025-09-26 10:30:00,347.67999267578125,348.05499267578125,347.260009765625,347.8500061035156,2019415
2025-09-26 11:30:00,347.8518981933594,348.010009765625,347.1199951171875,347.3299865722656,1343694
2025-09-26 12:30:00,347.3500061035156,347.9281005859375,347.29998779296875,347.79998779296875,775766
2025-09-26 13:30:00,347.80999755859375,348.2001037597656,347.44000244140625,347.739990234375,1718307
2025-09-26 14:30:00,347.75,348.0,347.19000244140625,347.239990234375,981201
2025-09-26 15:30:00,347.25,347.30999755859375,346.4700012207031,346.7300109863281,1627574
2025-09-26 16:00:00,346.7,347.6747,346.04,346.1891,0
2025-09-26 17:00:00,346.0943,346.99,346.0,346.43,0
2025-09-26 18:00:00,346.43,346.55,346.1,346.46,0
2025-09-26 19:00:00,346.5424,346.99,346.14,346.64,0
2025-09-29 04:00:00,350.45,351.3,350.12,350.82,0
2025-09-29 05:00:00,350.82,351.56,350.78,351.28,0
2025-09-29 06:00:00,351.3,351.33,350.39,351.15,0
2025-09-29 07:00:00,351.24,352.1,351.08,351.98,0
2025-09-29 08:00:00,351.9,352.6593,346.74,351.37,0
2025-09-29 09:00:00,351.35,351.5197,346.74,351.26,0
2025-09-29 09:30:00,351.7900085449219,352.57000732421875,351.2799987792969,352.2099914550781,4572839
2025-09-29 10:30:00,352.2149963378906,352.7699890136719,351.7900085449219,352.45001220703125,2547209
2025-09-29 11:30:00,352.4800109863281,352.83050537109375,351.6700134277344,352.6099853515625,1906251
2025-09-29 12:30:00,352.6050109863281,352.77191162109375,351.95001220703125,352.1499938964844,1200417
2025-09-29 13:30:00,352.1600036621094,352.5899963378906,351.8900146484375,352.489990234375,1231676
2025-09-29 14:30:00,352.489990234375,352.5199890136719,351.79998779296875,352.125,2361705
2025-09-29 15:30:00,352.1199951171875,352.510009765625,352.0799865722656,352.4150085449219,1339617
2025-09-29 16:00:00,352.46,353.0,352.155,352.86,0
2025-09-29 17:00:00,352.8,353.4,352.46,353.0075,0
2025-09-29 18:00:00,353.01,353.01,352.01,352.46,0
2025-09-29 19:00:00,352.68,352.99,352.3,352.9,0
2025-09-30 04:00:00,353.8,354.11,351.58,351.98,0
2025-09-30 05:00:00,351.91,351.96,349.49,349.9,0
2025-09-30 06:00:00,350.11,350.69,349.08,350.09,0
2025-09-30 07:00:00,350.08,351.08,350.08,350.65,0
2025-09-30 08:00:00,350.69,356.41,349.1262,351.15,0
2025-09-30 09:00:00,350.96,352.46,350.5977,351.23,0
2025-09-30 09:30:00,351.1300048828125,354.5899963378906,350.864990234375,353.8099060058594,4075234
2025-09-30 10:30:00,353.8299865722656,354.7799987792969,352.650390625,353.018798828125,2129697
2025-09-30 11:30:00,352.989990234375,353.9100036621094,352.9649963378906,353.81988525390625,1121386
2025-09-30 12:30:00,353.8550109863281,354.2799987792969,353.739990234375,353.989990234375,961366
2025-09-30 13:30:00,354.010009765625,354.3399963378906,353.44000244140625,354.05999755859375,907175
2025-09-30 14:30:00,354.04998779296875,354.8800048828125,353.8699951171875,354.7200012207031,942252
2025-09-30 15:30:00,354.7200012207031,355.57000732421875,354.7200012207031,355.42999267578125,2264783
2025-09-30 16:00:00,355.47,355.47,353.8552,355.3,0
2025-09-30 17:00:00,355.28,355.6,355.2,355.3001,0
2025-09-30 18:00:00,355.43,355.53,354.88,355.35,0
2025-09-30 19:00:00,355.4888,355.7,355.18,355.687,0
2025-10-01 04:00:00,356.99,358.5,355.3,358.21,0
2025-10-01 05:00:00,358.25,358.51,357.5,357.68,0
2025-10-01 06:00:00,357.61,358.15,357.43,357.7,0
2025-10-01 07:00:00,357.7,358.0,357.25,357.3,0
2025-10-01 08:00:00,357.25,358.5288,354.71,356.94,0
2025-10-01 09:00:00,356.76,357.58,355.47,355.78,0
2025-10-01 09:30:00,356.1700134277344,356.8900146484375,355.94000244140625,356.6700134277344,3641389
2025-10-01 10:30:00,356.67999267578125,356.9721984863281,354.9100036621094,355.19000244140625,3968467
2025-10-01 11:30:00,355.19000244140625,356.25,355.04998779296875,356.25,1588336
2025-10-01 12:30:00,356.2300109863281,356.3699035644531,356.05059814453125,356.2699890136719,870972
2025-10-01 13:30:00,356.2799987792969,356.29998779296875,354.7900085449219,355.5199890136719,1353515
2025-10-01 14:30:00,355.5343017578125,355.8599853515625,355.05999755859375,355.68499755859375,1811732
2025-10-01 15:30:00,355.68499755859375,356.2699890136719,355.639892578125,355.9800109863281,1724150
2025-10-01 16:00:00,355.95,356.035,337.6933,355.7,0
2025-10-01 17:00:00,355.7896,356.09,355.38,356.0,0
2025-10-01 18:00:00,355.93,356.14,355.0,355.48,0
2025-10-01 19:00:00,355.37,355.84,355.0,355.55,0
2025-10-02 04:00:00,355.93,356.11,355.64,355.99,0
2025-10-02 05:00:00,356.09,356.86,356.09,356.6,0
2025-10-02 06:00:00,356.63,357.32,356.6,357.13,0
2025-10-02 07:00:00,357.25,357.5,356.93,357.35,0
2025-10-02 08:00:00,357.35,358.19,355.37,357.29,0
2025-10-02 09:00:00,357.17,358.14,356.03,357.99,0
2025-10-02 09:30:00,358.260009765625,358.6700134277344,354.9200134277344,355.5,3823334
2025-10-02 10:30:00,355.5,355.70001220703125,351.92010498046875,352.9306945800781,4358326
2025-10-02 11:30:00,352.92999267578125,353.739990234375,351.3999938964844,353.1241149902344,2335689
2025-10-02 12:30:00,353.07000732421875,354.0199890136719,352.8699951171875,353.7099914550781,1470974
2025-10-02 13:30:00,353.7099914550781,354.0400085449219,353.3500061035156,353.9801025390625,961482
2025-10-02 14:30:00,353.9800109863281,355.07000732421875,353.8999938964844,354.8900146484375,1588585
2025-10-02 15:30:00,354.885009765625,354.989990234375,354.5199890136719,354.7650146484375,1210376
2025-10-02 16:00:00,354.79,355.8187,354.56,354.9,0
2025-10-02 17:00:00,354.89,355.4,354.73,354.97,0
2025-10-02 18:00:00,354.97,355.42,354.41,355.0,0
2025-10-02 19:00:00,355.3,355.5,354.83,355.3,0
2025-10-03 04:00:00,355.58,355.74,355.26,355.5,0
2025-10-03 05:00:00,355.4,355.75,354.98,355.09,0
2025-10-03 06:00:00,355.17,355.81,355.09,355.6,0
2025-10-03 07:00:00,355.59,355.96,355.03,355.17,0
2025-10-03 08:00:00,355.08,356.0,353.65,355.53,0
2025-10-03 09:00:00,355.53,356.86,354.79,356.82,0
2025-10-03 09:30:00,357.1199951171875,358.0359802246094,355.79998779296875,357.0,4368690
2025-10-03 10:30:00,356.989990234375,357.92999267578125,356.4100036621094,357.80999755859375,1827373
2025-10-03 11:30:00,357.79998779296875,358.1400146484375,357.1050109863281,357.32501220703125,1738922
2025-10-03 12:30:00,357.30999755859375,357.62969970703125,357.1099853515625,357.44000244140625,1168631
2025-10-03 13:30:00,357.45001220703125,357.6099853515625,356.79998779296875,357.4776916503906,1306139
2025-10-03 14:30:00,357.4800109863281,357.94000244140625,357.3599853515625,357.67999267578125,1839986
2025-10-03 15:30:00,357.69000244140625,357.95001220703125,357.489990234375,357.6300048828125,1517050
2025-10-03 16:00:00,357.62,357.9999,357.25,357.7381,0
2025-10-03 17:00:00,357.7091,358.0,336.2297,357.77,0
2025-10-03 18:00:00,357.77,358.0,357.64,357.8,0
2025-10-03 19:00:00,357.84,357.84,357.64,357.7816,0
2025-10-06 04:00:00,362.7,363.48,358.81,362.88,0
2025-10-06 05:00:00,362.9,363.23,362.2,362.92,0
2025-10-06 06:00:00,362.92,362.96,361.9,362.52,0
2025-10-06 07:00:00,362.6,363.17,362.01,362.44,0
2025-10-06 08:00:00,362.44,363.5,357.64,361.5,0
2025-10-06 09:00:00,361.8099,362.49,357.64,362.1,0
2025-10-06 09:30:00,362.1600036621094,363.510009765625,361.3699951171875,363.3299865722656,4655033
2025-10-06 10:30:00,363.30999755859375,364.3399963378906,363.2099914550781,363.4898986816406,3280493
2025-10-06 11:30:00,363.4599914550781,365.2999877929687,363.1199951171875,363.718994140625,2998917
2025-10-06 12:30:00,363.739990234375,364.3301086425781,363.5799865722656,363.6600036621094,1114492
2025-10-06 13:30:00,363.6700134277344,364.4100036621094,363.6099853515625,364.2349853515625,1200359
2025-10-06 14:30:00,364.239990234375,364.8399963378906,364.0499877929687,364.7799987792969,1384341
2025-10-06 15:30:00,364.7900085449219,364.8599853515625,364.2799987792969,364.3699951171875,1883019
2025-10-06 16:00:00,364.38,364.62,364.15,364.42,0
2025-10-06 17:00:00,364.5,364.72,364.36,364.5,0
2025-10-06 18:00:00,365.35,366.0,364.28,364.8,0
2025-10-06 19:00:00,364.83,365.59,364.4,365.48,0
2025-10-07 04:00:00,363.17,364.33,362.22,363.59,0
2025-10-07 05:00:00,363.54,364.75,363.54,364.19,0
2025-10-07 06:00:00,364.32,364.67,363.89,364.16,0
2025-10-07 07:00:00,364.21,364.71,364.09,364.25,0
2025-10-07 08:00:00,364.22,366.0,362.73,365.06,0
2025-10-07 09:00:00,365.06,366.74,343.32,366.58,0
2025-10-07 09:30:00,366.5079956054687,366.5799865722656,365.19000244140625,366.0700073242187,4792400
2025-10-07 10:30:00,366.0799865722656,367.2699890136719,366.0199890136719,366.7000122070313,2815815
2025-10-07 11:30:00,366.7099914550781,366.7699890136719,364.5499877929687,365.2699890136719,3458053
2025-10-07 12:30:00,365.2749938964844,366.7449951171875,365.1799926757813,366.30999755859375,1365244
2025-10-07 13:30:00,366.3299865722656,366.9599914550781,365.7099914550781,366.2699890136719,1404223
2025-10-07 14:30:00,366.2699890136719,366.6000061035156,366.1199951171875,366.2900085449219,1085694
2025-10-07 15:30:00,366.2900085449219,366.50689697265625,366.1799926757813,366.2900085449219,1409686
2025-10-07 16:00:00,366.29,367.0,357.08,366.72,0
2025-10-07 17:00:00,366.7,367.0,366.26,366.85,0
2025-10-07 18:00:00,366.79,367.25,366.6,367.0,0
2025-10-07 19:00:00,367.14,367.76,366.94,367.66,0
2025-10-08 04:00:00,371.29,371.95,370.17,371.84,0
2025-10-08 05:00:00,371.75,371.9,371.2,371.38,0
2025-10-08 06:00:00,371.5,372.7,370.95,371.75,0
2025-10-08 07:00:00,371.89,371.93,371.1,371.36,0
2025-10-08 08:00:00,371.3,377.88,366.26,371.8,0
2025-10-08 09:00:00,371.861,372.68,366.26,372.3101,0
2025-10-08 09:30:00,371.6499938964844,372.3500061035156,370.5,372.2000122070313,6477788
2025-10-08 10:30:00,372.2149963378906,372.7900085449219,371.5000915527344,372.19000244140625,3762947
2025-10-08 11:30:00,372.2300109863281,373.3200073242187,372.010009765625,373.2300109863281,2625303
2025-10-08 12:30:00,373.2200012207031,373.5700073242187,372.55999755859375,372.639892578125,2106497
2025-10-08 13:30:00,372.6499938964844,373.0700073242187,371.6600036621094,372.5700073242187,3175253
2025-10-08 14:30:00,372.5799865722656,373.1600036621094,371.0400085449219,372.2099914550781,4860783
2025-10-08 15:30:00,372.19000244140625,372.3900146484375,371.2200012207031,372.2999877929687,3972264
2025-10-08 16:00:00,372.28,372.4,325.5361,371.89,0
2025-10-08 17:00:00,371.92,372.3,329.9361,372.06,0
2025-10-08 18:00:00,372.07,372.15,369.4,370.0,0
2025-10-08 19:00:00,369.95,370.06,368.13,369.18,0
2025-10-09 04:00:00,370.94,371.88,370.75,371.4,0
2025-10-09 05:00:00,371.3,371.85,371.23,371.6,0
2025-10-09 06:00:00,371.54,371.65,371.09,371.62,0
2025-10-09 07:00:00,371.55,372.25,371.05,371.3,0
2025-10-09 08:00:00,371.42,372.3,370.18,371.59,0
2025-10-09 09:00:00,371.77,373.35,356.03,373.19,0
2025-10-09 09:30:00,373.135009765625,373.2200012207031,368.5299987792969,368.5499877929687,8442970
2025-10-09 10:30:00,368.5499877929687,370.6099853515625,368.2900085449219,369.4100036621094,4769567
2025-10-09 11:30:00,369.3900146484375,369.9500122070313,368.5499877929687,369.1000061035156,2058288
2025-10-09 12:30:00,369.0899963378906,369.1000061035156,362.8599853515625,364.1700134277344,8605370
2025-10-09 13:30:00,364.1700134277344,365.1000061035156,362.8299865722656,364.5799865722656,3773604
2025-10-09 14:30:00,364.55999755859375,365.9500122070313,363.80999755859375,365.9299926757813,2840722
2025-10-09 15:30:00,365.9500122070313,366.30999755859375,365.3001098632813,365.4500122070313,2519933
2025-10-09 16:00:00,365.43,366.06,365.3879,365.82,0
2025-10-09 17:00:00,365.81,365.89,365.65,365.7981,0
2025-10-09 18:00:00,365.74,366.3,364.15,365.7,0
2025-10-09 19:00:00,365.85,367.64,365.62,366.94,0
2025-10-10 04:00:00,365.53,367.09,365.43,366.87,0
2025-10-10 05:00:00,366.81,368.29,366.77,367.8,0
2025-10-10 06:00:00,367.89,368.73,367.35,367.98,0
2025-10-10 07:00:00,367.95,368.13,367.56,367.95,0
2025-10-10 08:00:00,368.05,373.37,363.39,367.261,0
2025-10-10 09:00:00,367.32,367.47,365.43,366.89,0
2025-10-10 09:30:00,367.5400085449219,367.989990234375,365.44000244140625,366.55999755859375,4461476
2025-10-10 10:30:00,366.55999755859375,370.0,366.2999877929687,369.6799926757813,4688586
2025-10-10 11:30:00,369.6749877929687,370.30999755859375,366.0299987792969,367.0299987792969,4725950
2025-10-10 12:30:00,367.0,367.7000122070313,365.8299865722656,366.7000122070313,1938791
2025-10-10 13:30:00,366.7099914550781,368.989990234375,366.1300048828125,368.5299987792969,1997640
2025-10-10 14:30:00,368.510009765625,368.9800109863281,367.510009765625,368.6799926757813,1905415
2025-10-10 15:30:00,368.7200012207031,370.1799926757813,368.1358947753906,369.1300048828125,3405160
2025-10-10 16:00:00,369.12,370.2,368.6,369.8,0
2025-10-10 17:00:00,369.86,371.76,369.0,370.2,0
2025-10-10 18:00:00,370.2,370.38,369.12,370.25,0
2025-10-10 19:00:00,370.25,370.25,369.59,369.7971,0
2025-10-13 04:00:00,374.66,375.16,372.92,374.84,0
2025-10-13 05:00:00,374.91,375.5,374.39,374.78,0
2025-10-13 06:00:00,374.73,375.39,374.58,375.03,0
2025-10-13 07:00:00,375.02,375.99,374.9,375.54,0
2025-10-13 08:00:00,375.58,375.99,369.12,375.78,0
2025-10-13 09:00:00,375.79,376.2,369.12,376.13,0
2025-10-13 09:30:00,376.5,377.0299987792969,375.5797119140625,376.8200073242187,5102035
2025-10-13 10:30:00,376.85931396484375,377.6400146484375,376.5499877929687,376.69000244140625,2934639
2025-10-13 11:30:00,376.6700134277344,378.8599853515625,376.6300048828125,378.2000122070313,2586447
2025-10-13 12:30:00,378.1799926757813,378.7200012207031,377.4599914550781,378.489990234375,1761527
2025-10-13 13:30:00,378.489990234375,378.5499877929687,377.2200012207031,377.75,1344932
2025-10-13 14:30:00,377.7300109863281,377.9599914550781,376.43499755859375,377.7199096679687,2171628
2025-10-13 15:30:00,377.7099914550781,378.30999755859375,377.4800109863281,378.1199951171875,1819356
2025-10-13 16:00:00,378.09,378.5,377.25,378.49,0
2025-10-13 17:00:00,378.49,378.49,377.83,378.2488,0
2025-10-13 18:00:00,378.24,378.8,377.86,378.7,0
2025-10-13 19:00:00,378.7,380.3,378.43,379.93,0
2025-10-14 04:00:00,379.66,383.13,379.56,381.4,0
2025-10-14 05:00:00,381.41,381.47,380.14,381.0,0
2025-10-14 06:00:00,381.06,381.3,379.32,380.95,0
2025-10-14 07:00:00,380.95,381.3,379.94,380.3,0
2025-10-14 08:00:00,380.27,384.77,369.12,379.03,0
2025-10-14 09:00:00,379.0,379.18,377.1,378.49,0
2025-10-14 09:30:00,378.2099914550781,380.739990234375,377.8999938964844,380.3800048828125,5492203
2025-10-14 10:30:00,380.3399963378906,381.1000061035156,379.7099914550781,380.8019104003906,1795260
2025-10-14 11:30:00,380.7900085449219,381.25,379.8399963378906,380.3511962890625,2210131
2025-10-14 12:30:00,380.4100036621094,382.3800048828125,379.9500122070313,381.6300048828125,1782887
2025-10-14 13:30:00,381.6300048828125,382.1600036621094,381.2300109863281,381.4800109863281,1300250
2025-10-14 14:30:00,381.5,381.9800109863281,381.4599914550781,381.8800048828125,1967429
2025-10-14 15:30:00,381.9197998046875,381.9299926757813,380.4703979492187,381.1000061035156,2407989
2025-10-14 16:00:00,380.79,381.52,379.6722,381.24,0
2025-10-14 17:00:00,381.2,381.5,381.1,381.5,0
2025-10-14 18:00:00,381.49,383.5,380.79,382.73,0
2025-10-14 19:00:00,382.9,383.4912,382.43,383.14,0
2025-10-15 04:00:00,387.13,388.16,386.1,387.49,0
2025-10-15 05:00:00,387.45,388.04,383.24,385.71,0
2025-10-15 06:00:00,385.63,387.12,385.48,386.64,0
2025-10-15 07:00:00,386.62,386.84,385.6,386.64,0
2025-10-15 08:00:00,386.67,388.22,380.79,384.89,0
2025-10-15 09:00:00,384.78,386.22,380.79,386.07,0
2025-10-15 09:30:00,385.9299926757813,387.6199035644531,384.9200134277344,387.033203125,5568169
2025-10-15 10:30:00,387.0299987792969,387.1499938964844,385.673095703125,386.6099853515625,2606169
2025-10-15 11:30:00,386.5899963378906,386.6400146484375,384.5899963378906,386.2149963378906,2784083
2025-10-15 12:30:00,386.1799926757813,386.489990234375,384.8399963378906,385.44000244140625,2379376
2025-10-15 13:30:00,385.4500122070313,386.9363098144531,385.2000122070313,386.2950134277344,1853616
2025-10-15 14:30:00,386.31988525390625,387.55999755859375,386.1099853515625,387.4599914550781,1889136
2025-10-15 15:30:00,387.4500122070313,387.7550048828125,386.989990234375,387.4800109863281,2841953
2025-10-15 16:00:00,387.39,387.8,371.8434,387.1,0
2025-10-15 17:00:00,387.25,387.88,387.1,387.87,0
2025-10-15 18:00:00,387.7,387.9,386.45,387.68,0
2025-10-15 19:00:00,387.68,388.0,386.91,387.42,0
2025-10-16 04:00:00,389.18,390.0,388.92,389.41,0
2025-10-16 05:00:00,389.33,389.67,388.55,388.63,0
2025-10-16 06:00:00,388.63,390.39,388.49,389.91,0
2025-10-16 07:00:00,389.91,390.68,389.62,390.44,0
2025-10-16 08:00:00,390.47,390.87,386.88,390.0685,0
2025-10-16 09:00:00,390.06,391.1,387.39,390.62,0
2025-10-16 09:30:00,391.1499938964844,392.4599914550781,390.3999938964844,392.239990234375,6902446
2025-10-16 10:30:00,392.2000122070313,393.2000122070313,391.3999938964844,393.0400085449219,3720047
2025-10-16 11:30:00,393.0499877929687,394.8900146484375,392.5700073242187,394.6400146484375,4279844
2025-10-16 12:30:00,394.6600036621094,395.260009765625,392.0499877929687,394.6400146484375,6748137
2025-10-16 13:30:00,394.6400146484375,395.5400085449219,393.1300048828125,394.2900085449219,3510118
2025-10-16 14:30:00,394.2699890136719,395.3599853515625,394.05999755859375,395.1400146484375,3203082
2025-10-16 15:30:00,395.1400146484375,396.8699951171875,394.7900085449219,396.3699951171875,3424399
2025-10-16 16:00:00,396.36,398.48,393.8118,398.2789,0
2025-10-16 17:00:00,398.24,399.46,398.0,399.24,0
2025-10-16 18:00:00,399.2,402.98,396.45,399.81,0
2025-10-16 19:00:00,399.99,402.98,399.42,401.79,0
2025-10-17 04:00:00,399.41,401.33,397.4,399.52,0
2025-10-17 05:00:00,399.49,400.23,398.63,398.98,0
2025-10-17 06:00:00,398.95,399.81,398.78,399.49,0
2025-10-17 07:00:00,399.46,399.5,397.25,397.62,0
2025-10-17 08:00:00,397.7,402.9,394.1,395.1997,0
2025-10-17 09:00:00,395.01,397.5,394.8,396.92,0
2025-10-17 09:30:00,397.1400146484375,397.2799987792969,387.9500122070313,390.25,24009073
2025-10-17 10:30:00,390.2699890136719,392.55999755859375,389.25,390.8900146484375,8224969
2025-10-17 11:30:00,390.8900146484375,391.9200134277344,387.7000122070313,387.8200073242187,5345511
2025-10-17 12:30:00,387.7799987792969,388.4299926757813,385.2200012207031,386.6300048828125,8717145
2025-10-17 13:30:00,386.6000061035156,390.6000061035156,386.1600036621094,390.5751037597656,6640487
2025-10-17 14:30:00,390.5750122070313,390.5950012207031,387.55999755859375,387.9200134277344,3661919
2025-10-17 15:30:00,387.9500122070313,389.2799987792969,387.9500122070313,388.7799987792969,3707533
2025-10-17 16:00:00,388.99,391.4,388.27,391.15,0
2025-10-17 17:00:00,391.2,391.21,390.0669,391.1195,0
2025-10-17 18:00:00,391.12,391.2,390.5,390.8883,0
2025-10-17 19:00:00,390.89,391.4,390.17,391.4,0
2025-10-20 04:00:00,391.61,392.8,391.41,391.99,0
2025-10-20 05:00:00,391.88,392.54,391.12,391.27,0
2025-10-20 06:00:00,391.22,392.31,390.71,391.69,0
2025-10-20 07:00:00,391.44,392.33,391.17,392.25,0
2025-10-20 08:00:00,392.25,395.6,388.66,395.12,0
2025-10-20 09:00:00,395.11,398.44,388.99,397.4,0
2025-10-20 09:30:00,397.4500122070313,398.9299926757813,394.2000122070313,398.1119995117187,11626839
2025-10-20 10:30:00,398.1199951171875,400.8200073242187,397.2300109863281,399.8599853515625,4322513
2025-10-20 11:30:00,399.8999938964844,400.4299926757813,399.6199951171875,399.8450927734375,3207845
2025-10-20 12:30:00,399.8299865722656,400.4200134277344,399.3900146484375,399.5400085449219,2711532
2025-10-20 13:30:00,399.5400085449219,401.05999755859375,399.1000061035156,401.0299987792969,2349129
2025-10-20 14:30:00,401.0150146484375,401.8900146484375,400.75,401.8500061035156,4239177
2025-10-20 15:30:00,401.8699951171875,403.2999877929687,401.6400146484375,403.0,4078607
2025-10-20 16:00:00,403.0,403.18,395.0961,400.99,0
2025-10-20 17:00:00,400.96,403.15,400.93,401.42,0
2025-10-20 18:00:00,401.35,403.15,400.71,401.98,0
2025-10-20 19:00:00,401.98,402.29,400.7,401.42,0
2025-10-21 04:00:00,398.0,398.5,390.58,392.55,0
2025-10-21 05:00:00,392.52,393.67,391.5,393.0,0
2025-10-21 06:00:00,392.99,393.5,391.04,392.42,0
2025-10-21 07:00:00,392.32,393.1,391.23,392.5,0
2025-10-21 08:00:00,392.5,400.01,387.83,389.17,0
2025-10-21 09:00:00,389.1,403.15,385.5,386.2699,0
2025-10-21 09:30:00,386.5400085449219,388.8900146484375,380.0799865722656,380.6199951171875,18746330
2025-10-21 10:30:00,380.69000244140625,381.9200134277344,375.6499938964844,379.5893859863281,14111657
2025-10-21 11:30:00,379.5700073242187,381.6300048828125,378.6600036621094,378.8699951171875,4694665
2025-10-21 12:30:00,378.9299926757813,379.7099914550781,376.7000122070313,377.0499877929687,4732237
2025-10-21 13:30:00,377.0899963378906,379.489990234375,376.8299865722656,378.760009765625,3033530
2025-10-21 14:30:00,378.760009765625,379.6199951171875,377.2799987792969,377.6600036621094,3293715
2025-10-21 15:30:00,377.6499938964844,378.3500061035156,377.19000244140625,377.8800048828125,3474298
2025-10-21 16:00:00,377.24,381.266,377.24,379.59,0
2025-10-21 17:00:00,379.48,379.84,379.2,379.34,0
2025-10-21 18:00:00,379.4,380.4,377.24,379.4104,0
2025-10-21 19:00:00,379.22,379.8,376.3,376.61,0
2025-10-22 04:00:00,380.34,380.7,373.07,377.87,0
2025-10-22 05:00:00,377.9,378.14,373.99,374.82,0
2025-10-22 06:00:00,374.99,375.8,373.7,375.78,0
2025-10-22 07:00:00,375.82,376.4,369.48,370.0,0
2025-10-22 08:00:00,370.0,382.75,369.44,372.21,0
2025-10-22 09:00:00,372.1012,377.24,370.2,374.05,0
2025-10-22 09:30:00,372.75,375.8900146484375,372.30999755859375,373.1000061035156,9564835
2025-10-22 10:30:00,373.1799926757813,373.3999938964844,368.9299926757813,370.6885986328125,7322906
2025-10-22 11:30:00,370.75,372.3200073242187,370.1199951171875,372.0517883300781,2589347
2025-10-22 12:30:00,372.0799865722656,373.94000244140625,371.4501037597656,372.6000061035156,2286945
2025-10-22 13:30:00,372.6600036621094,375.3500061035156,372.2099914550781,374.8399963378906,2788557
2025-10-22 14:30:00,374.8699951171875,377.7200012207031,374.8599853515625,377.7012939453125,2427542
2025-10-22 15:30:00,377.7398986816406,378.4700012207031,377.1000061035156,377.3399963378906,2623722
2025-10-22 16:00:00,377.34,377.9,376.17,377.41,0
2025-10-22 17:00:00,377.01,377.41,377.0,377.25,0
2025-10-22 18:00:00,377.25,378.75,376.3538,377.44,0
2025-10-22 19:00:00,377.44,378.0,375.34,376.5943,0
2025-10-23 04:00:00,377.28,381.0,376.65,378.45,0
2025-10-23 05:00:00,378.4,379.35,377.93,379.25,0
2025-10-23 06:00:00,379.05,379.5,377.96,378.15,0
2025-10-23 07:00:00,378.07,379.04,377.36,378.36,0
2025-10-23 08:00:00,378.4,380.5,375.25,377.51,0
2025-10-23 09:00:00,377.8175,380.5,377.28,380.41,0
2025-10-23 09:30:00,381.4599914550781,382.25,380.0700073242187,381.5350036621094,5827954
2025-10-23 10:30:00,381.4700012207031,381.9634094238281,380.6000061035156,381.2900085449219,2122164
2025-10-23 11:30:00,381.3577880859375,381.6499938964844,380.1499938964844,380.8599853515625,1309020
2025-10-23 12:30:00,380.8250122070313,381.1899108886719,379.4601135253906,379.8900146484375,945166
2025-10-23 13:30:00,379.9500122070313,381.19000244140625,379.6422119140625,381.1199951171875,883287
2025-10-23 14:30:00,381.1050109863281,381.1199951171875,379.5400085449219,379.7900085449219,946128
2025-10-23 15:30:00,379.8041076660156,379.8041076660156,378.6499938964844,378.7999877929687,1165565
2025-10-23 16:00:00,378.8,379.66,377.77,379.65,0
2025-10-23 17:00:00,379.55,379.89,378.79,379.48,0
2025-10-23 18:00:00,379.65,380.23,378.3,378.56,0
2025-10-23 19:00:00,378.88,379.4999,377.76,379.3,0
2025-10-24 04:00:00,374.96,379.0,372.47,373.0,0
2025-10-24 05:00:00,372.84,374.85,372.67,374.41,0
2025-10-24 06:00:00,374.41,374.93,373.06,373.65,0
2025-10-24 07:00:00,373.59,373.98,372.14,373.3,0
2025-10-24 08:00:00,373.2,379.32,372.1106,373.7,0
2025-10-24 09:00:00,373.8,378.79,373.8,378.32,0
2025-10-24 09:30:00,378.510009765625,380.4800109863281,376.80999755859375,379.3999938964844,4396104
2025-10-24 10:30:00,379.4299926757813,380.1492004394531,378.3200073242187,379.55999755859375,1850751
2025-10-24 11:30:00,379.5700073242187,380.7699890136719,379.1099853515625,380.5320129394531,1207853
2025-10-24 12:30:00,380.5199890136719,380.6199951171875,379.0899963378906,379.1449890136719,1198152
2025-10-24 13:30:00,379.25,379.4590148925781,377.3599853515625,377.77789306640625,1545266
2025-10-24 14:30:00,377.760009765625,378.8200073242187,377.55999755859375,378.4186096191406,1057805
2025-10-24 15:30:00,378.3800048828125,378.5198974609375,377.3900146484375,377.4800109863281,1576564
2025-10-24 16:00:00,377.52,378.49,376.9,378.25,0
2025-10-24 17:00:00,378.16,378.5,378.01,378.37,0
2025-10-24 18:00:00,378.5,378.5,377.52,378.3,0
2025-10-24 19:00:00,378.1,378.65,378.0,378.25,0
2025-10-27 04:00:00,374.38,375.73,373.23,373.4,0
2025-10-27 05:00:00,373.42,374.01,370.3,371.45,0
2025-10-27 06:00:00,371.45,372.53,371.28,371.33,0
2025-10-27 07:00:00,371.42,372.27,370.01,370.86,0
2025-10-27 08:00:00,370.81,377.52,369.33,371.3,0
2025-10-27 09:00:00,371.2,377.52,370.75,371.73,0
2025-10-27 09:30:00,371.1300048828125,371.5899963378906,366.5899963378906,367.8699951171875,8628478
2025-10-27 10:30:00,367.8825073242187,368.0199890136719,365.3399963378906,366.79730224609375,4643413
2025-10-27 11:30:00,366.7999877929687,367.8537902832031,366.1099853515625,366.7900085449219,2407765
2025-10-27 12:30:00,366.81500244140625,368.5669860839844,366.5199890136719,368.5,2052038
2025-10-27 13:30:00,368.4599914550781,368.9305114746094,367.8999938964844,368.7799987792969,1468586
2025-10-27 14:30:00,368.760009765625,368.8599853515625,366.989990234375,367.0299987792969,1804583
2025-10-27 15:30:00,367.0400085449219,367.30999755859375,366.6499938964844,367.0199890136719,1916992
2025-10-27 16:00:00,367.01,368.19,366.11,366.491,0
2025-10-27 17:00:00,366.32,367.01,366.0924,366.28,0
2025-10-27 18:00:00,366.28,367.9,366.23,367.19,0
2025-10-27 19:00:00,367.12,368.5,366.42,368.0,0
2025-10-28 04:00:00,361.85,363.88,359.79,360.09,0
2025-10-28 05:00:00,360.04,360.36,357.57,359.29,0
2025-10-28 06:00:00,359.23,359.83,358.61,359.41,0
2025-10-28 07:00:00,359.41,361.65,359.36,360.52,0
2025-10-28 08:00:00,360.51,367.45,357.56,361.04,0
2025-10-28 09:00:00,360.82,367.01,359.34,360.9,0
2025-10-28 09:30:00,361.80999755859375,363.4849853515625,360.1199951171875,363.44000244140625,6942448
2025-10-28 10:30:00,363.4599914550781,364.4100036621094,362.44000244140625,364.2000122070313,2282543
2025-10-28 11:30:00,364.2000122070313,365.239990234375,363.80999755859375,364.62249755859375,2090647
2025-10-28 12:30:00,364.6199951171875,365.2999877929687,363.4500122070313,365.0499877929687,1530763
2025-10-28 13:30:00,365.0499877929687,365.1799926757813,363.6499938964844,363.8800048828125,1264124
2025-10-28 14:30:00,363.8299865722656,364.25,362.9299926757813,363.9200134277344,2410940
2025-10-28 15:30:00,363.9100036621094,364.5950012207031,363.489990234375,364.3299865722656,1485452
2025-10-28 16:00:00,364.38,364.45,363.15,363.7,0
2025-10-28 17:00:00,363.87,364.0,363.4,363.5,0
2025-10-28 18:00:00,363.58,364.38,360.24,361.93,0
2025-10-28 19:00:00,362.0,364.98,361.91,364.79,0
2025-10-29 04:00:00,368.11,369.05,364.8,368.93,0
2025-10-29 05:00:00,369.0,369.94,368.59,369.6,0
2025-10-29 06:00:00,369.5,370.74,369.4,370.3,0
2025-10-29 07:00:00,370.33,370.74,369.64,369.87,0
2025-10-29 08:00:00,369.7,373.5,363.53,370.4,0
2025-10-29 09:00:00,370.4,370.7,364.38,369.14,0
2025-10-29 09:30:00,369.6499938964844,370.0799865722656,368.2000122070313,369.5400085449219,3792847
2025-10-29 10:30:00,369.5299987792969,369.9599914550781,368.1099853515625,368.614990234375,1265750
2025-10-29 11:30:00,368.5899963378906,368.7799987792969,366.989990234375,367.8699951171875,1389589
2025-10-29 12:30:00,367.8576049804687,368.0,366.69000244140625,366.7999877929687,2228496
2025-10-29 13:30:00,366.80999755859375,368.6885070800781,365.7999877929687,366.2218017578125,1666756
2025-10-29 14:30:00,366.2799987792969,367.04400634765625,362.8500061035156,363.760009765625,4897161
2025-10-29 15:30:00,363.7300109863281,363.8900146484375,361.360107421875,363.0199890136719,2851429
2025-10-29 16:00:00,363.0,368.7183,361.27,361.6,0
2025-10-29 17:00:00,361.72,363.0,337.6933,361.8,0
2025-10-29 18:00:00,361.8,363.22,360.16,362.61,0
2025-10-29 19:00:00,362.61,363.75,362.28,363.4,0
2025-10-30 04:00:00,364.3,365.65,364.07,365.54,0
2025-10-30 05:00:00,365.55,369.0,365.05,368.24,0
2025-10-30 06:00:00,368.31,368.56,366.33,366.72,0
2025-10-30 07:00:00,366.61,366.84,364.68,364.78,0
2025-10-30 08:00:00,364.85,368.79,362.0,365.2259,0
2025-10-30 09:00:00,365.21,366.2,364.2512,365.68,0
2025-10-30 09:30:00,365.0899963378906,369.260009765625,364.5,367.7300109863281,3797100
2025-10-30 10:30:00,367.739990234375,368.2999877929687,366.6600036621094,367.7850036621094,1503808
2025-10-30 11:30:00,367.7799987792969,368.760009765625,367.1300048828125,367.5700073242187,2819447
2025-10-30 12:30:00,367.5299987792969,368.30999755859375,367.4500122070313,368.1600036621094,618764
2025-10-30 13:30:00,368.1554870605469,369.6199951171875,367.9773864746094,369.1300048828125,1205981
2025-10-30 14:30:00,369.1799926757813,370.3599853515625,368.6400146484375,369.8299865722656,2421318
2025-10-30 15:30:00,369.8200073242187,370.3500061035156,369.7850036621094,370.1099853515625,1882654
2025-10-30 16:00:00,370.13,370.57,353.7837,370.2,0
2025-10-30 17:00:00,358.1509,370.45,353.7837,369.9312,0
2025-10-30 18:00:00,369.99,372.152,369.34,371.53,0
2025-10-30 19:00:00,371.21,371.96,369.74,371.03,0
2025-10-31 04:00:00,370.0,370.69,369.2,369.86,0
2025-10-31 05:00:00,369.89,370.39,367.86,368.31,0
2025-10-31 06:00:00,368.49,369.97,367.92,369.39,0
2025-10-31 07:00:00,369.32,369.48,368.11,368.54,0
2025-10-31 08:00:00,368.34,370.8821,367.01,369.98,0
2025-10-31 09:00:00,369.83,371.27,369.2,370.86,0
2025-10-31 09:30:00,370.4700012207031,370.6625061035156,368.9299926757813,369.4100036621094,2243684
2025-10-31 10:30:00,369.3200073242187,370.05999755859375,368.80999755859375,369.6400146484375,1910807
2025-10-31 11:30:00,369.6138000488281,370.0823974609375,365.5,366.7449951171875,2451715
2025-10-31 12:30:00,366.68499755859375,367.1400146484375,366.0400085449219,366.6099853515625,1008161
2025-10-31 13:30:00,366.5299987792969,368.9200134277344,366.19000244140625,368.80999755859375,805599
2025-10-31 14:30:00,368.7300109863281,368.8599853515625,367.1700134277344,368.1496887207031,792691
2025-10-31 15:30:00,368.0799865722656,368.2300109863281,367.5199890136719,368.1400146484375,1253467
2025-10-31 16:00:00,368.12,370.13,357.5339,368.13,0
2025-10-31 17:00:00,368.5708,368.6,367.9512,368.4,0
2025-10-31 18:00:00,368.2,368.53,368.01,368.08,0
2025-10-31 19:00:00,368.25,368.34,368.01,368.34,0
2025-11-03 04:00:00,369.75,370.31,368.47,368.47,0
2025-11-03 05:00:00,368.48,368.59,367.37,367.84,0
2025-11-03 06:00:00,367.73,368.61,367.5,368.39,0
2025-11-03 07:00:00,368.39,368.74,368.2,368.4,0
2025-11-03 08:00:00,368.58,370.49,367.02,369.3,0
2025-11-03 09:30:00,368.9100036621094,370.8399963378906,368.0960083007813,369.0299987792969,2218978
2025-11-03 10:30:00,368.9800109863281,370.1998901367187,367.5400085449219,367.7950134277344,1291429
2025-11-03 11:30:00,367.760009765625,369.0899963378906,367.5501098632813,368.6400146484375,791575
2025-11-03 12:30:00,368.614990234375,368.69000244140625,367.9100036621094,368.1377868652344,563443
2025-11-03 13:30:00,368.1199951171875,368.885009765625,367.5700073242187,368.3450012207031,771078
2025-11-03 14:30:00,368.30999755859375,369.3299865722656,367.93170166015625,369.0150146484375,531352
2025-11-03 15:30:00,369.0199890136719,369.0799865722656,368.5700073242187,368.8699951171875,753602
2025-11-03 16:00:00,368.78,368.91,368.0,368.1896,0
2025-11-03 17:00:00,368.06,368.78,368.01,368.211,0
2025-11-03 18:00:00,368.25,368.7,366.2,367.98,0
2025-11-04 04:00:00,367.44,367.7,366.65,367.35,0
2025-11-04 05:00:00,367.21,367.89,366.56,367.43,0
2025-11-04 06:00:00,367.41,367.75,367.15,367.5,0
2025-11-04 07:00:00,367.47,367.89,367.08,367.08,0
2025-11-04 08:00:00,367.03,368.78,365.0,366.4,0
2025-11-04 09:00:00,366.5,368.78,364.66,365.74,0
2025-11-04 09:30:00,363.4800109863281,364.2749938964844,361.3900146484375,363.2699890136719,4229597
2025-11-04 10:30:00,363.260009765625,365.739990234375,363.2000122070313,365.4500122070313,1101968
2025-11-04 11:30:00,365.3999938964844,365.5799865722656,364.1500854492187,364.25,855123
2025-11-04 12:30:00,364.2099914550781,364.8299865722656,362.9700012207031,363.44000244140625,1153752
2025-11-04 13:30:00,363.4500122070313,363.5199890136719,361.7300109863281,362.6300048828125,1229679
2025-11-04 14:30:00,362.6300048828125,362.7349853515625,361.6600036621094,362.2300109863281,1429173
2025-11-04 15:30:00,362.239990234375,362.6799926757813,362.1099853515625,362.3399963378906,948152
2025-11-04 16:00:00,362.35,368.78,357.0237,361.98,0
2025-11-04 17:00:00,361.71,362.32,351.9197,361.6065,0
2025-11-04 18:00:00,361.66,362.51,361.6,362.0,0
2025-11-05 04:00:00,366.18,366.19,364.7,364.71,0
2025-11-05 05:00:00,364.58,365.5,363.85,364.72,0
2025-11-05 06:00:00,364.51,365.54,364.08,364.19,0
2025-11-05 07:00:00,364.13,365.25,364.06,365.0,0
2025-11-05 08:00:00,364.99,366.79,362.32,365.71,0
2025-11-05 09:00:00,365.71,366.2,362.32,366.14,0
2025-11-05 09:30:00,366.4599914550781,366.6400146484375,364.6499938964844,366.1400146484375,1936568
2025-11-05 10:30:00,366.1300048828125,366.5799865722656,365.6499938964844,366.2699890136719,1403225
2025-11-05 11:30:00,366.3200073242187,367.1000061035156,365.9049987792969,366.3557739257813,1198264
2025-11-05 12:30:00,366.3710021972656,366.7200012207031,366.0700073242187,366.5,573968
2025-11-05 13:30:00,366.510009765625,366.7000122070313,366.0799865722656,366.5499877929687,1327689
2025-11-05 14:30:00,366.56500244140625,367.1000061035156,366.44000244140625,366.6549072265625,814896
2025-11-05 15:30:00,366.6600036621094,366.8999938964844,366.2999877929687,366.5299987792969,806170
2025-11-05 16:00:00,366.51,366.62,343.4506,366.0112,0
2025-11-05 17:00:00,366.2,366.2,340.9728,366.2,0
2025-11-05 18:00:00,366.1,366.19,364.75,365.41,0
2025-11-06 04:00:00,369.22,369.28,368.6,369.14,0
2025-11-06 05:00:00,369.14,369.31,368.4,368.48,0
2025-11-06 06:00:00,368.48,368.88,368.28,368.7,0
2025-11-06 07:00:00,368.84,369.71,368.84,368.98,0
2025-11-06 08:00:00,368.98,369.77,366.3,369.07,0
2025-11-06 09:00:00,369.2,369.38,368.36,368.62,0
2025-11-06 09:30:00,367.1600036621094,368.1799926757813,365.7601013183594,366.6549987792969,1860992
2025-11-06 10:30:00,366.6950988769531,366.6950988769531,365.5799865722656,366.406494140625,911399
2025-11-06 11:30:00,366.3800048828125,366.5549926757813,364.7000122070313,365.1099853515625,1072226
2025-11-06 12:30:00,365.1000061035156,366.9200134277344,364.8299865722656,366.3200073242187,724727
2025-11-06 13:30:00,366.3800048828125,367.4779968261719,366.3699951171875,367.2004089355469,508970
2025-11-06 14:30:00,367.2200012207031,367.2344055175781,366.260009765625,366.31500244140625,578786
2025-11-06 15:30:00,366.30999755859375,366.7000122070313,365.9700012207031,366.0899963378906,634569
2025-11-06 16:00:00,366.07,366.51,349.8172,365.75,0
2025-11-06 17:00:00,365.75,366.07,357.576,365.9485,0
2025-11-06 18:00:00,365.9485,366.95,365.43,366.74,0
2025-11-07 04:00:00,368.6,369.17,368.12,368.88,0
2025-11-07 05:00:00,368.88,368.97,368.28,368.3,0
2025-11-07 06:00:00,368.56,369.0,367.77,367.97,0
2025-11-07 07:00:00,367.86,368.67,367.39,367.93,0
2025-11-07 08:00:00,367.78,369.14,366.07,367.5,0
2025-11-07 09:00:00,367.29,368.31,366.07,368.18,0
2025-11-07 09:30:00,367.94000244140625,367.9500122070313,366.4200134277344,367.2601013183594,2088780
2025-11-07 10:30:00,367.2099914550781,368.7699890136719,366.4599914550781,368.6174011230469,1262852
2025-11-07 11:30:00,368.6300048828125,370.4200134277344,367.239990234375,367.7300109863281,2110743
2025-11-07 12:30:00,367.7300109863281,368.760009765625,367.4100036621094,368.2099914550781,1300440
2025-11-07 13:30:00,368.239990234375,368.760009765625,368.1101989746094,368.5199890136719,642402
2025-11-07 14:30:00,368.5400085449219,368.69000244140625,367.3999938964844,367.7900085449219,1839763
2025-11-07 15:30:00,367.7900085449219,368.4299926757813,367.6600036621094,368.2999877929687,1456222
2025-11-07 16:00:00,368.29,368.4196,366.07,367.95,0
2025-11-07 17:00:00,367.98,368.1,350.518,368.0399,0
2025-11-07 18:00:00,368.04,368.31,367.73,367.85,0
2025-11-10 04:00:00,375.53,375.75,374.12,375.35,0
2025-11-10 05:00:00,375.35,375.9,375.15,375.2,0
2025-11-10 06:00:00,375.2,375.71,375.01,375.34,0
2025-11-10 07:00:00,375.34,376.79,375.25,376.61,0
2025-11-10 08:00:00,376.67,377.97,368.31,377.33,0
2025-11-10 09:00:00,377.4,377.59,368.31,375.93,0
2025-11-10 09:30:00,375.9299926757813,376.7300109863281,374.7814025878906,376.2200012207031,4585572
2025-11-10 10:30:00,376.2300109863281,376.6099853515625,375.1600036621094,376.5700073242187,1363223
2025-11-10 11:30:00,376.5799865722656,377.0700073242187,376.1499938964844,376.9200134277344,1148156
2025-11-10 12:30:00,376.9200134277344,378.510009765625,376.6300048828125,378.4818115234375,1246815
2025-11-10 13:30:00,378.4657897949219,378.6600036621094,377.7401123046875,378.5499877929687,1364004
2025-11-10 14:30:00,378.56500244140625,378.5700073242187,377.8500061035156,378.2799072265625,1131252
2025-11-10 15:30:00,378.260009765625,378.44000244140625,377.9800109863281,378.3399963378906,1700754
2025-11-10 16:00:00,378.36,378.7935,368.31,378.62,0
2025-11-10 17:00:00,378.6216,379.0,378.38,378.94,0
2025-11-10 18:00:00,378.85,379.3,378.41,378.98,0
2025-11-11 04:00:00,380.4,381.22,380.0,381.22,0
2025-11-11 05:00:00,381.17,381.42,380.6,381.06,0
2025-11-11 06:00:00,381.01,381.23,380.6,381.08,0
2025-11-11 07:00:00,381.08,381.28,380.55,380.7,0
2025-11-11 08:00:00,380.75,381.48,379.48,381.03,0
2025-11-11 09:00:00,381.0,381.5,378.38,380.72,0
2025-11-11 09:30:00,379.9800109863281,380.3999938964844,376.8699951171875,377.30999755859375,3083258
2025-11-11 10:30:00,377.2799987792969,378.5700073242187,376.8988037109375,378.0299987792969,1132027
2025-11-11 11:30:00,378.0400085449219,378.8099060058594,377.6400146484375,378.4700012207031,753609
2025-11-11 12:30:00,378.4700012207031,378.6799926757813,378.0199890136719,378.1000061035156,2362735
2025-11-11 13:30:00,378.1099853515625,378.9200134277344,377.74029541015625,378.7900085449219,515789
2025-11-11 14:30:00,378.7999877929687,379.8299865722656,378.7900085449219,379.5499877929687,922392
2025-11-11 15:30:00,379.5299987792969,380.1099853515625,379.3999938964844,379.9100036621094,1327972
2025-11-11 16:00:00,379.87,380.11,378.38,379.839,0
2025-11-11 17:00:00,379.7,379.87,379.05,379.4801,0
2025-11-11 18:00:00,379.5,381.3,379.48,381.19,0
2025-11-12 04:00:00,380.01,380.37,377.76,379.41,0
2025-11-12 05:00:00,379.7,379.93,379.07,379.48,0
2025-11-12 06:00:00,379.08,379.99,378.88,379.5,0
2025-11-12 07:00:00,379.37,380.58,379.37,380.58,0
2025-11-12 08:00:00,380.46,380.9,377.11,379.87,0
2025-11-12 09:00:00,379.65,380.7,379.42,380.38,0
2025-11-12 09:30:00,380.2099914550781,383.8500061035156,379.44000244140625,383.3450012207031,2821327
2025-11-12 10:30:00,383.3200073242187,385.3800048828125,383.2900085449219,385.1300048828125,3145927
2025-11-12 11:30:00,385.1099853515625,386.5899963378906,385.0710144042969,386.05999755859375,3031559
2025-11-12 12:30:00,386.0899963378906,387.4599914550781,385.510009765625,387.0,2443985
2025-11-12 13:30:00,386.9800109863281,387.3800048828125,385.6799926757813,385.8599853515625,1575967
2025-11-12 14:30:00,385.8900146484375,386.3999938964844,385.510009765625,385.947509765625,1233113
2025-11-12 15:30:00,385.9599914550781,386.3525085449219,385.6099853515625,386.010009765625,1416391
2025-11-12 16:00:00,386.02,387.008,368.595,385.85,0
2025-11-12 17:00:00,386.0,386.29,385.85,386.25,0
2025-11-12 18:00:00,386.06,387.0088,385.05,385.5,0
2025-11-13 04:00:00,389.25,389.8,387.3,388.81,0
2025-11-13 05:00:00,388.84,389.96,388.44,389.55,0
2025-11-13 06:00:00,389.6,389.66,388.15,388.5,0
2025-11-13 07:00:00,388.35,389.72,388.29,389.36,0
2025-11-13 08:00:00,389.36,390.42,385.99,389.74,0
2025-11-13 09:00:00,389.58,389.74,385.99,388.13,0
2025-11-13 09:30:00,387.2900085449219,388.1799926757813,384.8299865722656,385.8299865722656,4947915
2025-11-13 10:30:00,385.8299865722656,387.3599853515625,385.0899963378906,386.8710021972656,2324629
2025-11-13 11:30:00,386.8710021972656,387.0950012207031,385.6315002441406,386.5199890136719,1221034
2025-11-13 12:30:00,386.5199890136719,386.9299926757813,385.1199951171875,385.3900146484375,959576
2025-11-13 13:30:00,385.3699951171875,385.4599914550781,381.2099914550781,382.55999755859375,3433055
2025-11-13 14:30:00,382.5299987792969,383.5799865722656,382.3800048828125,383.44000244140625,1633812
2025-11-13 15:30:00,383.4599914550781,383.5700073242187,382.6499938964844,382.9800109863281,942468
2025-11-13 16:00:00,382.87,385.99,358.1509,383.65,0
2025-11-13 17:00:00,383.7,384.26,358.1509,383.5,0
2025-11-13 18:00:00,383.55,385.0,383.35,385.0,0
2025-11-14 04:00:00,384.21,384.88,383.47,383.61,0
2025-11-14 05:00:00,383.61,383.95,382.91,383.32,0
2025-11-14 06:00:00,383.17,383.75,381.03,381.42,0
2025-11-14 07:00:00,381.51,382.44,378.2,378.35,0
2025-11-14 08:00:00,378.37,386.71,372.8,373.05,0
2025-11-14 09:00:00,373.02,382.87,371.5,372.65,0
2025-11-14 09:30:00,372.8699951171875,375.7099914550781,370.8900146484375,375.3999938964844,5243803
2025-11-14 10:30:00,375.3699951171875,377.5,374.5799865722656,377.3800048828125,2398949
2025-11-14 11:30:00,377.4100036621094,378.2000122070313,376.6163024902344,377.08990478515625,1196011
2025-11-14 12:30:00,377.1099853515625,378.1300048828125,375.3999938964844,376.510009765625,1345957
2025-11-14 13:30:00,376.510009765625,377.5,376.2200927734375,376.5799865722656,904277
2025-11-14 14:30:00,376.5799865722656,376.7998962402344,374.8599853515625,375.6799926757813,1693925
2025-11-14 15:30:00,375.6700134277344,376.4750061035156,375.489990234375,375.9700012207031,1753848
2025-11-14 16:00:00,375.93,382.87,357.5339,375.51,0
2025-11-14 17:00:00,375.53,375.83,357.5339,375.79,0
2025-11-14 18:00:00,375.78,375.96,375.69,375.8,0
2025-11-17 04:00:00,375.27,377.07,374.47,375.52,0
2025-11-17 05:00:00,375.51,376.3,375.1,375.83,0
2025-11-17 06:00:00,375.72,375.8,373.57,374.05,0
2025-11-17 07:00:00,374.0,375.7,373.97,375.2,0
2025-11-17 08:00:00,375.13,376.7,372.53,375.32,0
2025-11-17 09:00:00,374.84,375.96,373.45,374.66,0
2025-11-17 09:30:00,374.2699890136719,375.4552917480469,373.510009765625,374.59429931640625,2194159
2025-11-17 10:30:00,374.6199951171875,375.1099853515625,372.7200012207031,374.2850036621094,1193566
2025-11-17 11:30:00,374.3349914550781,375.3599853515625,373.9100036621094,375.0799865722656,2902404
2025-11-17 12:30:00,375.06500244140625,375.3999938964844,374.1199951171875,374.6400146484375,0
2025-11-17 13:30:00,374.6199951171875,374.6199951171875,372.80999755859375,373.1199951171875,1136211
2025-11-17 14:30:00,373.1000061035156,373.2699890136719,368.5199890136719,370.44000244140625,4215638
2025-11-17 15:30:00,370.4599914550781,371.989990234375,370.25,371.6700134277344,1387879
2025-11-17 16:00:00,371.65,375.96,351.8972,372.09,0
2025-11-17 17:00:00,372.1075,372.2,366.07,372.0199,0
2025-11-17 18:00:00,371.84,373.22,370.2512,371.84,0
2025-11-18 04:00:00,371.38,371.6,368.4,371.11,0
2025-11-18 05:00:00,371.1,372.24,370.76,371.51,0
2025-11-18 06:00:00,371.45,372.55,371.22,372.27,0
2025-11-18 07:00:00,372.41,372.55,370.92,371.0,0
2025-11-18 08:00:00,370.91,372.81,367.85,372.45,0
2025-11-18 09:00:00,372.48,374.87,371.65,374.76,0
2025-11-18 09:30:00,374.8320007324219,375.510009765625,372.8471984863281,373.9050903320313,2383097
2025-11-18 10:30:00,373.8699951171875,374.6300048828125,371.6199951171875,373.8399963378906,1755036
2025-11-18 11:30:00,373.9100036621094,374.3869934082031,373.2000122070313,373.5679931640625,805877
2025-11-18 12:30:00,373.56500244140625,374.9100036621094,373.510009765625,373.9500122070313,537482
2025-11-18 13:30:00,373.9599914550781,375.3500061035156,373.7699890136719,374.8937072753906,475165
2025-11-18 14:30:00,374.8699951171875,375.5400085449219,374.3200073242187,374.6000061035156,623238
2025-11-18 15:30:00,374.6099853515625,374.7200012207031,374.1300048828125,374.30999755859375,874050
2025-11-18 16:00:00,374.35,374.6088,351.9197,374.06,0
2025-11-18 17:00:00,374.15,374.24,351.9197,374.12,0
2025-11-18 18:00:00,374.15,375.1,374.0,375.1,0
2025-11-19 04:00:00,375.76,376.39,375.3,376.07,0
2025-11-19 05:00:00,376.3,378.89,376.06,378.2,0
2025-11-19 06:00:00,378.18,378.73,377.79,378.36,0
2025-11-19 07:00:00,378.49,378.94,378.1,378.72,0
2025-11-19 08:00:00,378.74,378.96,374.35,377.99,0
2025-11-19 09:00:00,377.98,378.84,374.35,378.68,0
2025-11-19 09:30:00,377.7749938964844,380.1700134277344,377.2799987792969,378.6600036621094,2715955
2025-11-19 10:30:00,378.6000061035156,379.1000061035156,374.4299926757813,374.7449951171875,2161051
2025-11-19 11:30:00,374.7200012207031,375.2000122070313,373.0299987792969,374.55999755859375,1402030
2025-11-19 12:30:00,374.4800109863281,375.9200134277344,373.7300109863281,375.44000244140625,1109622
2025-11-19 13:30:00,375.3756103515625,376.3399963378906,374.2699890136719,374.5450134277344,1829089
2025-11-19 14:30:00,374.5350036621094,375.4700012207031,374.3049926757813,375.2200012207031,606625
2025-11-19 15:30:00,375.2099914550781,375.3299865722656,374.5499877929687,374.9750061035156,629302
2025-11-19 16:00:00,374.95,375.9899,353.0928,375.01,0
2025-11-19 17:00:00,374.96,375.3,355.6725,375.26,0
2025-11-19 18:00:00,375.26,377.79,374.96,377.5,0
2025-11-20 04:00:00,373.55,374.82,373.32,373.32,0
2025-11-20 05:00:00,373.39,374.2,372.99,373.5,0
2025-11-20 06:00:00,373.6,373.94,372.6,373.0,0
2025-11-20 07:00:00,373.0,375.0,372.85,374.55,0
2025-11-20 08:00:00,374.55,376.56,371.42,375.71,0
2025-11-20 09:00:00,375.9,376.66,374.0,375.05,0
2025-11-20 09:30:00,375.2900085449219,377.6925048828125,374.6700134277344,376.6099853515625,2359488
2025-11-20 10:30:00,376.6400146484375,376.7200012207031,373.69000244140625,373.8299865722656,978922
2025-11-20 11:30:00,373.760009765625,374.1600036621094,371.8514099121094,372.9800109863281,1723733
2025-11-20 12:30:00,372.9599914550781,374.5,372.3599853515625,373.3500061035156,2449522
2025-11-20 13:30:00,373.4100036621094,375.8200073242187,372.9700012207031,375.489990234375,834891
2025-11-20 14:30:00,375.5199890136719,375.8049926757813,374.5499877929687,374.8900146484375,918183
2025-11-20 15:30:00,374.8800048828125,375.1499938964844,374.510009765625,374.9150085449219,899673
2025-11-20 16:00:00,374.9,375.5,374.16,374.89,0
2025-11-20 17:00:00,374.75,375.0,374.16,374.4,0
2025-11-20 18:00:00,374.55,375.99,352.4875,375.01,0
2025-11-21 04:00:00,371.49,373.85,371.49,372.93,0
2025-11-21 05:00:00,373.12,373.53,370.99,370.99,0
2025-11-21 06:00:00,371.0,372.18,370.94,371.72,0
2025-11-21 07:00:00,371.64,372.5,370.8,372.09,0
2025-11-21 08:00:00,372.03,374.85,370.03,374.3,0
2025-11-21 09:00:00,374.24,375.6,374.0,374.9004,0
2025-11-21 09:30:00,374.0249938964844,375.0,373.5499877929687,374.2691955566406,2540038
2025-11-21 10:30:00,374.239990234375,374.5499877929687,372.9500122070313,374.3900146484375,1033844
2025-11-21 11:30:00,374.3500061035156,377.2300109863281,374.3399963378906,375.4242858886719,1602507
2025-11-21 12:30:00,375.4700012207031,376.05999755859375,375.17041015625,375.2300109863281,727183
2025-11-21 13:30:00,375.25,376.3999938964844,374.9100036621094,376.239990234375,568089
2025-11-21 14:30:00,376.2601013183594,376.4299926757813,374.2000122070313,374.3399963378906,1684970
2025-11-21 15:30:00,374.3200073242187,374.4700012207031,372.94000244140625,374.2200012207031,3537354
2025-11-21 16:00:00,374.14,374.85,372.9,373.9307,0
2025-11-21 17:00:00,374.05,374.14,350.518,373.51,0
2025-11-21 18:00:00,373.5001,374.27,373.5,374.05,0
2025-11-24 04:00:00,374.01,374.64,373.67,374.23,0
2025-11-24 05:00:00,374.26,374.94,374.03,374.4,0
2025-11-24 06:00:00,374.27,374.35,373.8,374.3,0
2025-11-24 07:00:00,374.33,374.7,373.99,374.45,0
2025-11-24 08:00:00,374.5,375.72,371.7,375.35,0
2025-11-24 09:00:00,375.39,375.86,374.27,375.28,0
2025-11-24 09:30:00,374.8800048828125,376.6000061035156,374.19000244140625,376.0249938964844,1931841
2025-11-24 10:30:00,376.0,376.760009765625,375.9299926757813,376.4939880371094,873614
2025-11-24 11:30:00,376.4800109863281,377.0899963378906,376.1099853515625,376.5350036621094,993122
2025-11-24 12:30:00,376.5499877929687,377.2000122070313,376.0199890136719,376.75,644374
2025-11-24 13:30:00,376.760009765625,379.5400085449219,376.75,378.89599609375,2286742
2025-11-24 14:30:00,378.9100036621094,379.5199890136719,378.3699951171875,379.464111328125,993825
2025-11-24 15:30:00,379.4700012207031,380.260009765625,379.4400939941406,380.1600036621094,1803600
2025-11-24 16:00:00,380.2,380.94,355.0851,380.24,0
2025-11-24 17:00:00,380.38,380.75,380.0,380.0634,0
2025-11-24 18:00:00,380.03,381.45,379.13,381.12,0
2025-11-25 04:00:00,378.63,381.0,378.36,379.39,0
2025-11-25 05:00:00,379.37,380.72,379.15,380.0,0
2025-11-25 06:00:00,380.22,380.5,379.63,379.99,0
2025-11-25 07:00:00,380.0,380.62,379.68,380.13,0
2025-11-25 08:00:00,380.11,381.86,378.04,380.9,0
2025-11-25 09:00:00,381.02,381.78,380.2,381.03,0
2025-11-25 09:30:00,380.2550048828125,380.5700073242187,378.05999755859375,379.7200012207031,2889124
2025-11-25 10:30:00,379.6799926757813,380.8900146484375,378.9700012207031,380.8299865722656,971837
2025-11-25 11:30:00,380.8410034179687,382.0700073242187,380.25,381.6550903320313,1637184
2025-11-25 12:30:00,381.6499938964844,382.5199890136719,380.94000244140625,381.0299987792969,1161474
2025-11-25 13:30:00,381.0299987792969,381.2799987792969,379.6600036621094,379.8200073242187,814884
2025-11-25 14:30:00,379.8200073242187,380.6000061035156,379.6799926757813,380.0675048828125,1415551
2025-11-25 15:30:00,380.0499877929687,380.409912109375,379.8900146484375,380.05999755859375,518611
2025-11-25 16:00:00,380.08,380.38,379.5,379.87,0
2025-11-25 17:00:00,380.0,380.08,379.6,380.0713,0
2025-11-25 18:00:00,380.08,380.49,379.8,380.0,0
2025-11-26 04:00:00,382.83,383.16,381.54,382.97,0
2025-11-26 05:00:00,382.99,383.14,382.51,383.0,0
2025-11-26 06:00:00,382.88,383.11,382.26,383.11,0
2025-11-26 07:00:00,383.17,383.94,382.65,382.75,0
2025-11-26 08:00:00,382.89,383.9491,380.08,382.9433,0
2025-11-26 09:00:00,383.1,383.1191,380.08,381.53,0
2025-11-26 09:30:00,381.0549926757813,382.4500122070313,380.4599914550781,382.3800048828125,2402831
2025-11-26 10:30:00,382.3399963378906,383.2000122070313,382.260009765625,382.8450012207031,1409745
2025-11-26 11:30:00,382.8399963378906,383.6000061035156,382.7799987792969,383.4200134277344,943217
2025-11-26 12:30:00,383.4299926757813,383.7749938964844,383.1749877929687,383.3699951171875,1520567
2025-11-26 13:30:00,383.3800048828125,383.6099853515625,382.4700012207031,383.3800048828125,1096554
2025-11-26 14:30:00,383.4100036621094,383.4599914550781,382.7999877929687,383.19000244140625,536546
2025-11-26 15:30:00,383.1799926757813,383.4049987792969,382.8599853515625,383.05999755859375,948081
2025-11-26 16:00:00,383.12,383.3978,380.08,383.0,0
2025-11-26 17:00:00,383.12,383.39,382.95,383.26,0
2025-11-26 18:00:00,383.25,383.35,382.8,383.19,0
2025-11-28 04:00:00,383.0,383.68,382.0,382.96,0
2025-11-28 05:00:00,383.18,384.35,382.01,383.51,0
2025-11-28 06:00:00,383.59,384.5,382.51,383.99,0
2025-11-28 07:00:00,383.77,384.38,383.52,384.0,0
2025-11-28 08:00:00,384.0,385.49,382.02,383.65,0
2025-11-28 09:00:00,383.51,385.54,383.12,385.54,0
2025-11-28 09:30:00,385.9800109863281,387.1499938964844,384.989990234375,386.0499877929687,1738343
2025-11-28 10:30:00,386.0499877929687,387.3900146484375,385.7799987792969,387.239990234375,1344802
2025-11-28 11:30:00,387.25,387.510009765625,386.6099853515625,386.981201171875,1596752
2025-11-28 13:00:00,386.9800109863281,388.1700134277344,383.1199951171875,388.1400146484375,0
2025-11-28 14:00:00,387.9,388.8,367.0468,387.98,0
2025-11-28 15:00:00,387.99,390.0,360.7883,389.94,0
2025-11-28 16:00:00,389.869,389.94,388.9,389.19,0
2025-12-01 04:00:00,390.1,391.02,389.17,391.0,0
2025-12-01 05:00:00,390.96,392.01,390.33,391.25,0
2025-12-01 06:00:00,391.2,391.58,390.75,391.33,0
2025-12-01 07:00:00,391.26,391.65,390.66,391.14,0
2025-12-01 08:00:00,391.11,392.18,387.88,391.52,0
2025-12-01 09:00:00,391.53,392.4,387.88,390.68,0
2025-12-01 09:30:00,390.6099853515625,390.7001037597656,388.06048583984375,388.8599853515625,4165143
2025-12-01 10:30:00,388.8800048828125,390.0400085449219,388.2900085449219,389.989990234375,1578086
2025-12-01 11:30:00,390.0,390.2799987792969,388.4549865722656,389.5300903320313,1474922
2025-12-01 12:30:00,389.5799865722656,390.1462097167969,389.0799865722656,390.0299987792969,771367
2025-12-01 13:30:00,390.05999755859375,390.4100036621094,389.5799865722656,390.1400146484375,1030216
2025-12-01 14:30:00,390.1199951171875,390.339599609375,388.9700012207031,389.739990234375,837549
2025-12-01 15:30:00,389.75,390.0799865722656,389.4500122070313,389.7300109863281,1024671
2025-12-01 16:00:00,389.75,390.03,371.25,389.37,0
2025-12-01 17:00:00,389.0,389.81,389.0,389.6,0
2025-12-01 18:00:00,389.56,390.0,388.5,388.6,0
2025-12-02 04:00:00,387.27,388.15,385.61,385.81,0
2025-12-02 05:00:00,385.68,385.95,384.67,385.07,0
2025-12-02 06:00:00,385.05,385.97,384.7,385.97,0
2025-12-02 07:00:00,385.92,387.01,385.82,386.75,0
2025-12-02 08:00:00,386.7,389.75,384.55,386.6,0
2025-12-02 09:00:00,386.62,389.75,386.55,388.42,0
2025-12-02 09:30:00,388.8699951171875,388.9800109863281,385.0199890136719,385.1400146484375,2264966
2025-12-02 10:30:00,385.1050109863281,385.5199890136719,382.9103088378906,384.1449890136719,1810524
2025-12-02 11:30:00,384.1300048828125,385.6300048828125,384.1300048828125,385.5849914550781,835637
2025-12-02 12:30:00,385.5799865722656,385.97698974609375,385.25,385.2999877929687,484720
2025-12-02 13:30:00,385.2699890136719,386.1199951171875,384.72698974609375,386.0150146484375,735207
2025-12-02 14:30:00,386.0199890136719,386.3500061035156,385.6600036621094,386.1499938964844,492992
2025-12-02 15:30:00,386.1400146484375,387.4200134277344,386.1400146484375,387.19000244140625,879527
2025-12-02 16:00:00,387.22,389.75,386.59,386.68,0
2025-12-02 17:00:00,386.8,387.24,386.64,386.9,0
2025-12-02 18:00:00,386.95,387.81,386.51,387.7925,0
2025-12-03 04:00:00,386.5,387.17,386.05,386.28,0
2025-12-03 05:00:00,386.26,386.68,385.8,386.68,0
2025-12-03 06:00:00,386.47,386.75,385.99,386.75,0
2025-12-03 07:00:00,386.76,387.22,386.52,387.05,0
2025-12-03 08:00:00,386.96,388.43,385.98,388.13,0
2025-12-03 09:00:00,388.21,390.01,387.24,388.77,0
2025-12-03 09:30:00,388.4599914550781,390.1293029785156,386.7716064453125,388.2900085449219,2304219
2025-12-03 10:30:00,388.2200012207031,388.9500122070313,387.4200134277344,387.9700012207031,872727
2025-12-03 11:30:00,387.9949951171875,388.55999755859375,385.9100036621094,387.05999755859375,820078
2025-12-03 12:30:00,387.1000061035156,387.6600036621094,386.0899963378906,386.3999938964844,859753
2025-12-03 13:30:00,386.3999938964844,386.8599853515625,385.8299865722656,386.8049926757813,829946
2025-12-03 14:30:00,386.8049926757813,387.4299926757813,386.6799926757813,387.2000122070313,529975
2025-12-03 15:30:00,387.19000244140625,387.2699890136719,386.6099853515625,386.8599853515625,504294
2025-12-03 16:00:00,386.88,387.2,386.51,386.51,0
2025-12-03 17:00:00,387.08,388.2,386.5162,387.0747,0
2025-12-03 18:00:00,386.97,386.99,386.31,386.7,0
2025-12-04 04:00:00,384.84,385.92,384.62,385.38,0
2025-12-04 05:00:00,385.35,386.4,385.3,386.02,0
2025-12-04 06:00:00,386.12,386.7,385.85,386.0,0
2025-12-04 07:00:00,386.25,386.35,385.54,385.6,0
2025-12-04 08:00:00,385.63,386.88,383.9,385.88,0
2025-12-04 09:00:00,385.76,386.88,385.0,386.62,0
2025-12-04 09:30:00,386.9200134277344,387.3800048828125,385.3999938964844,386.6700134277344,1988850
2025-12-04 10:30:00,386.69000244140625,388.0,386.3999938964844,387.6799926757813,888838
2025-12-04 11:30:00,387.6700134277344,387.7099914550781,386.8399963378906,387.1749877929687,1219358
2025-12-04 12:30:00,387.1600036621094,387.7900085449219,387.0400085449219,387.3900146484375,823917
2025-12-04 13:30:00,387.364990234375,387.38421630859375,386.1300048828125,386.6199951171875,738082
2025-12-04 14:30:00,386.6000061035156,387.1400146484375,386.5700073242187,386.9200134277344,423011
2025-12-04 15:30:00,386.9100036621094,387.1600036621094,386.69000244140625,387.1000061035156,468165
2025-12-04 16:00:00,387.13,387.19,386.88,387.1,0
2025-12-04 17:00:00,387.11,387.13,363.5123,387.0,0
2025-12-04 18:00:00,387.05,387.06,386.53,386.6,0
2025-12-05 04:00:00,387.65,388.36,387.65,388.25,0
2025-12-05 05:00:00,388.06,388.78,387.89,388.44,0
2025-12-05 06:00:00,388.56,388.65,388.14,388.21,0
2025-12-05 07:00:00,388.34,388.96,388.1,388.59,0
2025-12-05 08:00:00,388.5,389.46,387.63,389.29,0
2025-12-05 09:00:00,389.27,389.9297,387.13,389.7493,0
2025-12-05 09:30:00,389.1199951171875,390.7999877929687,388.8500061035156,390.7999877929687,2290006
2025-12-05 10:30:00,390.7999877929687,391.7349853515625,386.19000244140625,387.8200073242187,2628869
2025-12-05 11:30:00,387.8200073242187,387.9371032714844,386.9500122070313,387.7999877929687,1289445
2025-12-05 12:30:00,387.9100036621094,388.1199951171875,386.80999755859375,387.4200134277344,672599
2025-12-05 13:30:00,387.3900146484375,387.6700134277344,386.5499877929687,387.1199951171875,565098
2025-12-05 14:30:00,387.1199951171875,387.2090148925781,386.44000244140625,386.510009765625,987324
2025-12-05 15:30:00,386.5,386.7499084472656,386.1749877929687,386.4599914550781,758154
2025-12-05 16:00:00,386.44,387.26,385.51,386.3592,0
2025-12-05 17:00:00,386.37,386.44,385.85,386.07,0
2025-12-05 18:00:00,386.0849,386.44,386.02,386.4,0
2025-12-08 04:00:00,387.19,387.72,386.64,387.0,0
2025-12-08 05:00:00,387.08,387.35,386.7,386.75,0
2025-12-08 06:00:00,386.71,387.0,386.25,387.0,0
2025-12-08 07:00:00,387.08,387.5,387.0,387.36,0
2025-12-08 08:00:00,387.38,387.94,386.36,386.5889,0
2025-12-08 09:00:00,386.53,387.15,386.0,387.1,0
2025-12-08 09:30:00,387.0199890136719,387.2300109863281,384.010009765625,385.4750061035156,2440900
2025-12-08 10:30:00,385.4750061035156,385.8999938964844,384.1099853515625,385.7900085449219,964458
2025-12-08 11:30:00,385.7999877929687,386.0199890136719,384.8900146484375,385.510009765625,537203
2025-12-08 12:30:00,385.510009765625,385.8500061035156,385.0299987792969,385.2099914550781,659864
2025-12-08 13:30:00,385.2099914550781,385.5,384.760009765625,385.0899963378906,462638
2025-12-08 14:30:00,385.0899963378906,385.4599914550781,384.8399963378906,385.25,650471
2025-12-08 15:30:00,385.25,385.80999755859375,385.25,385.4200134277344,803691
2025-12-08 16:00:00,385.42,386.44,385.1177,385.38,0
2025-12-08 17:00:00,385.37,412.3742,385.22,385.49,0
2025-12-08 18:00:00,385.49,385.96,385.2331,385.8,0
2025-12-09 04:00:00,386.52,387.38,385.0,387.0,0
2025-12-09 05:00:00,386.87,387.07,386.35,386.73,0
2025-12-09 06:00:00,386.7,386.75,386.29,386.53,0
2025-12-09 07:00:00,386.76,386.85,386.11,386.52,0
2025-12-09 08:00:00,386.46,387.37,383.61,386.3225,0
2025-12-09 09:00:00,386.42,386.5675,385.28,385.5789,0
2025-12-09 09:30:00,385.6199951171875,387.19000244140625,385.2699890136719,386.8200988769531,1709740
2025-12-09 10:30:00,386.8599853515625,388.114990234375,386.1000061035156,387.48291015625,1291957
2025-12-09 11:30:00,387.489990234375,388.2099914550781,386.6799926757813,386.9599914550781,861090
2025-12-09 12:30:00,386.9549865722656,387.0899963378906,386.3299865722656,386.9200134277344,526558
2025-12-09 13:30:00,386.9299926757813,387.3999938964844,386.5899963378906,387.0299987792969,364416
2025-12-09 14:30:00,387.0299987792969,387.7349853515625,386.9299926757813,387.2099914550781,479418
2025-12-09 15:30:00,387.2000122070313,387.510009765625,387.05999755859375,387.3900146484375,526895
2025-12-09 16:00:00,387.39,387.75,385.42,386.9,0
2025-12-09 17:00:00,387.46,387.5,387.0,387.48,0
2025-12-09 18:00:00,387.33,387.5,386.9,387.03,0
2025-12-10 04:00:00,386.7,386.76,385.75,386.17,0
2025-12-10 05:00:00,386.25,386.25,385.5,385.5,0
2025-12-10 06:00:00,385.56,385.93,385.2,385.79,0
2025-12-10 07:00:00,385.79,386.44,385.7,386.02,0
2025-12-10 08:00:00,386.02,387.56,385.1,386.15,0
2025-12-10 09:00:00,386.15,387.4,385.85,386.72,0
2025-12-10 09:30:00,385.9500122070313,386.4200134277344,385.1799926757813,385.9500122070313,1662403
2025-12-10 10:30:00,385.9299926757813,386.3299865722656,385.3299865722656,386.2799987792969,543291
2025-12-10 11:30:00,386.2900085449219,386.7300109863281,386.1099853515625,386.30999755859375,870204
2025-12-10 12:30:00,386.30999755859375,386.4500122070313,385.6499938964844,385.93499755859375,332005
2025-12-10 13:30:00,385.9200134277344,388.0899963378906,385.3999938964844,386.1400146484375,1333360
2025-12-10 14:30:00,386.0700073242187,389.760009765625,384.5,389.25250244140625,2459704
2025-12-10 15:30:00,389.2999877929687,389.706298828125,388.9800109863281,388.9800109863281,1454107
2025-12-10 16:00:00,389.01,389.28,387.4,388.89,0
2025-12-10 17:00:00,388.88,389.3,388.73,389.04,0
2025-12-10 18:00:00,388.95,389.41,388.27,389.2574,0
2025-12-11 04:00:00,387.72,388.85,387.14,387.5,0
2025-12-11 05:00:00,387.41,388.5,387.35,387.73,0
2025-12-11 06:00:00,387.75,387.97,387.3,387.4,0
2025-12-11 07:00:00,387.4,387.87,386.97,387.77,0
2025-12-11 08:00:00,387.85,389.05,386.68,387.6463,0
2025-12-11 09:00:00,387.54,389.05,387.01,388.61,0
2025-12-11 09:30:00,389.0199890136719,390.25,388.5,389.685791015625,2406783
2025-12-11 10:30:00,389.7099914550781,391.8399963378906,389.69000244140625,391.44000244140625,1894032
2025-12-11 11:30:00,391.4599914550781,393.7099914550781,391.2699890136719,393.1799926757813,2149942
2025-12-11 12:30:00,393.19000244140625,394.0899963378906,392.80999755859375,393.6799926757813,959509
2025-12-11 13:30:00,393.69000244140625,393.864990234375,391.8999938964844,392.9200134277344,1024765
2025-12-11 14:30:00,392.9150085449219,393.3500061035156,392.0799865722656,392.5199890136719,907645
2025-12-11 15:30:00,392.5199890136719,393.2999877929687,392.510009765625,393.2799987792969,1359100
2025-12-11 16:00:00,393.26,393.88,367.0468,393.68,0
2025-12-11 17:00:00,393.67,394.0,369.9596,393.8,0
2025-12-11 18:00:00,393.76,393.98,392.91,393.29,0
2025-12-12 04:00:00,396.12,397.06,394.42,396.77,0
2025-12-12 05:00:00,396.65,397.42,396.14,396.98,0
2025-12-12 06:00:00,396.94,399.03,396.94,398.47,0
2025-12-12 07:00:00,398.52,399.0,398.16,398.35,0
2025-12-12 08:00:00,398.45,399.0,392.4,398.8,0
2025-12-12 09:00:00,398.8,399.6,393.24,399.24,0
2025-12-12 09:30:00,399.1549987792969,400.3900146484375,395.2900085449219,395.5,6167850
2025-12-12 10:30:00,395.4599914550781,397.4599914550781,392.8500061035156,394.5,3718771
2025-12-12 11:30:00,394.4700012207031,394.6199951171875,391.4700012207031,393.78509521484375,2307264
2025-12-12 12:30:00,393.7900085449219,395.7900085449219,393.7900085449219,395.0400085449219,1109850
2025-12-12 13:30:00,395.0499877929687,395.4800109863281,394.5199890136719,395.1300048828125,1018281
2025-12-12 14:30:00,395.1300048828125,395.760009765625,394.6799926757813,394.85009765625,977962
2025-12-12 15:30:00,394.8500061035156,395.7300109863281,394.4200134277344,395.4200134277344,1218439
2025-12-12 16:00:00,395.44,395.8,368.0363,395.47,0
2025-12-12 17:00:00,395.4,395.8,368.0363,395.3,0
2025-12-12 18:00:00,395.43,395.72,395.23,395.63,0
2025-12-15 04:00:00,399.67,400.0,396.8,399.75,0
2025-12-15 05:00:00,399.69,400.0,399.21,399.4,0
2025-12-15 06:00:00,399.44,399.44,398.65,399.08,0
2025-12-15 07:00:00,399.2,399.66,398.99,399.65,0
2025-12-15 08:00:00,399.67,400.17,395.44,399.1641,0
2025-12-15 09:00:00,398.81,399.4739,395.44,398.04,0
2025-12-15 09:30:00,397.760009765625,398.7099914550781,396.4450073242187,396.7000122070313,2688546
2025-12-15 10:30:00,396.7000122070313,398.0199890136719,394.7300109863281,395.0199890136719,1929882
2025-12-15 11:30:00,395.0400085449219,395.7000122070313,394.07379150390625,395.5700073242187,1701820
2025-12-15 12:30:00,395.55999755859375,396.010009765625,395.3500061035156,395.9049987792969,1234012
2025-12-15 13:30:00,395.9049987792969,397.0499877929687,395.6499938964844,396.2799987792969,1103940
2025-12-15 14:30:00,396.2900085449219,396.7799987792969,395.3500061035156,395.8500061035156,953260
2025-12-15 15:30:00,395.8550109863281,396.1000061035156,395.4200134277344,395.80999755859375,1008382
2025-12-15 16:00:00,395.84,396.0,395.2512,395.91,0
2025-12-15 17:00:00,395.77,396.3,395.75,396.2,0
2025-12-15 18:00:00,396.07,396.3,395.78,395.88,0
2025-12-16 04:00:00,394.06,394.68,393.66,393.75,0
2025-12-16 05:00:00,393.74,393.94,393.29,393.41,0
2025-12-16 06:00:00,393.43,393.66,393.04,393.3,0
2025-12-16 07:00:00,393.37,394.75,393.21,394.64,0
2025-12-16 08:00:00,394.6,395.8,393.0,395.5,0
2025-12-16 09:00:00,395.56,397.27,395.41,397.25,0
2025-12-16 09:30:00,397.75,398.7099914550781,396.5480041503906,397.3550109863281,2605159
2025-12-16 10:30:00,397.4200134277344,398.2300109863281,395.7301025390625,396.1000061035156,1364561
2025-12-16 11:30:00,396.1000061035156,396.44000244140625,394.5899963378906,395.6675109863281,1352106
2025-12-16 12:30:00,395.6400146484375,396.2207946777344,395.19000244140625,395.5499877929687,742518
2025-12-16 13:30:00,395.5499877929687,396.6600036621094,395.1199951171875,395.9100036621094,939369
2025-12-16 14:30:00,395.93499755859375,396.885009765625,395.8800048828125,396.4200134277344,1222002
2025-12-16 15:30:00,396.4200134277344,396.5499877929687,395.6700134277344,395.8450012207031,475796
2025-12-16 16:00:00,395.89,395.92,395.47,395.6,0
2025-12-16 17:00:00,395.63,395.89,395.5,395.7,0
2025-12-16 18:00:00,395.7,396.22,395.52,396.04,0
2025-12-17 04:00:00,397.22,397.58,396.68,397.5,0
2025-12-17 05:00:00,397.45,397.46,396.91,397.2,0
2025-12-17 06:00:00,397.26,397.42,396.1,397.06,0
2025-12-17 07:00:00,397.1,397.55,396.81,397.45,0
2025-12-17 08:00:00,397.41,399.28,395.89,397.91,0
2025-12-17 09:00:00,397.97,399.69,395.89,398.0,0
2025-12-17 09:30:00,398.0799865722656,399.6199951171875,397.7999877929687,399.43499755859375,2948722
2025-12-17 10:30:00,399.4599914550781,399.9800109863281,397.25,397.9299926757813,2062294
2025-12-17 11:30:00,397.885009765625,399.1300048828125,397.6199951171875,398.8250122070313,1356577
2025-12-17 12:30:00,398.8399963378906,399.75,398.7267150878906,399.2898864746094,972350
2025-12-17 13:30:00,399.2200012207031,399.4700012207031,398.0899963378906,399.1199951171875,838399
2025-12-17 14:30:00,399.1000061035156,399.3699951171875,398.2200012207031,399.25,735020
2025-12-17 15:30:00,399.260009765625,399.7181091308594,399.0,399.2550048828125,1166629
2025-12-17 16:00:00,399.26,399.8,395.89,399.0484,0
2025-12-17 17:00:00,399.05,399.35,398.8512,399.15,0
2025-12-17 18:00:00,399.14,399.29,398.55,398.99,0
2025-12-18 04:00:00,397.8,398.49,397.5,397.63,0
2025-12-18 05:00:00,397.55,397.74,397.25,397.44,0
2025-12-18 06:00:00,397.48,398.02,397.34,397.75,0
2025-12-18 07:00:00,397.68,397.83,396.94,397.03,0
2025-12-18 08:00:00,397.06,399.29,396.6757,397.5187,0
2025-12-18 09:00:00,397.39,399.29,397.34,398.69,0
2025-12-18 09:30:00,398.2799987792969,399.1000061035156,396.0499877929687,398.3699951171875,3214803
2025-12-18 10:30:00,398.25,402.2099914550781,398.1950073242187,401.4865112304687,2497832
2025-12-18 11:30:00,401.489990234375,401.9121398925781,397.3399963378906,397.8865966796875,2690879
2025-12-18 12:30:00,397.8999938964844,399.1300048828125,397.5799865722656,398.2900085449219,1039497
2025-12-18 13:30:00,398.2799987792969,399.0199890136719,397.6799926757813,398.4110107421875,658920
2025-12-18 14:30:00,398.4143981933594,398.6000061035156,397.3500061035156,398.25,698654
2025-12-18 15:30:00,398.25,398.8599853515625,398.1600036621094,398.5299987792969,767598
2025-12-18 16:00:00,398.57,399.29,397.99,398.6149,0
2025-12-18 17:00:00,398.56,398.65,398.16,398.49,0
2025-12-18 18:00:00,398.4,399.0,398.17,398.79,0
2025-12-19 04:00:00,397.83,398.29,397.7,398.08,0
2025-12-19 05:00:00,397.88,398.4,397.75,397.93,0
2025-12-19 06:00:00,398.05,398.09,397.52,397.86,0
2025-12-19 07:00:00,397.95,398.03,397.3,397.88,0
2025-12-19 08:00:00,397.79,398.75,397.09,398.6,0
2025-12-19 09:00:00,398.6,398.74,376.72,397.99,0
2025-12-19 09:30:00,397.9200134277344,399.7000122070313,397.1700134277344,398.8699951171875,1774989
2025-12-19 10:30:00,398.7999877929687,400.489990234375,398.760009765625,399.75,1844946
2025-12-19 11:30:00,399.75,400.3699951171875,399.4299926757813,400.2200012207031,1220752
2025-12-19 12:30:00,400.2200012207031,400.6300048828125,400.0,400.4500122070313,787963
2025-12-19 13:30:00,400.44000244140625,400.489990234375,399.3900146484375,399.8200073242187,883452
2025-12-19 14:30:00,399.80999755859375,400.0299987792969,399.2000122070313,399.5799865722656,1502145
2025-12-19 15:30:00,399.5700073242187,399.5700073242187,398.7900085449219,399.0199890136719,1463213
2025-12-19 16:00:00,399.03,399.7622,398.57,398.96,0
2025-12-19 17:00:00,399.05,399.1,398.93,399.04,0
2025-12-19 18:00:00,399.0309,399.1,398.8,399.1,0
2025-12-22 04:00:00,405.58,405.9,404.25,405.75,0
2025-12-22 05:00:00,405.75,406.04,405.6,405.72,0
2025-12-22 06:00:00,405.66,405.67,405.16,405.41,0
2025-12-22 07:00:00,405.4,405.82,405.15,405.45,0
2025-12-22 08:00:00,405.45,407.22,399.02,406.2853,0
2025-12-22 09:00:00,406.3042,407.13,399.02,407.06,0
2025-12-22 09:30:00,406.9800109863281,407.3299865722656,405.7200012207031,406.2799987792969,4590525
2025-12-22 10:30:00,406.2900085449219,408.3699951171875,406.1650085449219,408.1199951171875,2453639
2025-12-22 11:30:00,408.1050109863281,408.5199890136719,407.6799926757813,407.7650146484375,1608913
2025-12-22 12:30:00,407.7650146484375,408.25,407.5710144042969,407.7799987792969,809056
2025-12-22 13:30:00,407.7900085449219,408.05999755859375,407.25,407.6199951171875,975349
2025-12-22 14:30:00,407.6199951171875,408.2099914550781,407.510009765625,407.5750122070313,1052023
2025-12-22 15:30:00,407.5700073242187,408.3200073242187,407.5299987792969,408.25,1761704
2025-12-22 16:00:00,408.23,409.13,399.02,408.7387,0
2025-12-22 17:00:00,408.765,412.3742,408.23,408.91,0
2025-12-22 18:00:00,408.76,410.2,408.23,410.11,0
2025-12-23 04:00:00,412.73,412.96,411.39,411.98,0
2025-12-23 05:00:00,412.12,412.4,411.6,412.27,0
2025-12-23 06:00:00,412.2,412.43,412.0,412.13,0
2025-12-23 07:00:00,412.17,413.05,412.0,412.17,0
2025-12-23 08:00:00,412.23,413.33,408.23,412.5262,0
2025-12-23 09:00:00,412.5101,412.93,408.23,410.8019,0
2025-12-23 09:30:00,410.2999877929687,410.4200134277344,407.1000061035156,408.3299865722656,3858579
2025-12-23 10:30:00,408.2699890136719,410.4599914550781,408.239990234375,410.1372985839844,1674268
2025-12-23 11:30:00,410.1600036621094,411.8399963378906,409.6199951171875,411.625,1731715
2025-12-23 12:30:00,411.6400146484375,411.9500122070313,410.8900146484375,411.6099853515625,1087672
2025-12-23 13:30:00,411.6300048828125,413.3699951171875,411.1700134277344,412.7999877929687,1386109
2025-12-23 14:30:00,412.7950134277344,413.239990234375,412.6199951171875,412.989990234375,1172756
2025-12-23 15:30:00,412.9989929199219,413.760009765625,412.75,413.5899963378906,1454805
2025-12-23 16:00:00,413.64,413.64,408.23,412.53,0
2025-12-23 17:00:00,412.49,413.64,412.2501,412.9,0
2025-12-23 18:00:00,412.9,414.59,412.36,414.2,0
2025-12-24 04:00:00,412.13,413.07,412.0,412.9,0
2025-12-24 05:00:00,412.9,413.72,412.56,413.12,0
2025-12-24 06:00:00,413.15,413.15,412.1,412.55,0
2025-12-24 07:00:00,412.57,413.31,412.23,413.04,0
2025-12-24 08:00:00,413.0,413.91,411.35,411.79,0
2025-12-24 09:00:00,411.8196,413.64,411.6873,412.31,0
2025-12-24 09:30:00,412.25,412.6300048828125,409.9599914550781,410.8399963378906,2949374
2025-12-24 10:30:00,410.80999755859375,411.1400146484375,408.8299865722656,410.7478942871094,1819114
2025-12-24 11:30:00,410.75,412.5400085449219,410.6014099121094,411.6300048828125,1034172
2025-12-24 13:00:00,411.6499938964844,413.6400146484375,411.5,411.9200134277344,0
2025-12-24 14:00:00,411.9,412.08,411.55,411.7499,0
2025-12-24 15:00:00,411.75,412.36,411.5,412.36,0
2025-12-24 16:00:00,412.13,412.45,411.78,412.0342,0
2025-12-26 04:00:00,415.41,416.08,414.68,415.35,0
2025-12-26 05:00:00,415.31,415.9,414.8,415.8,0
2025-12-26 06:00:00,415.68,416.0,414.1,414.11,0
2025-12-26 07:00:00,414.11,414.89,414.0,414.89,0
2025-12-26 08:00:00,414.89,415.98,411.93,415.41,0
2025-12-26 09:00:00,415.48,416.35,411.93,416.1346,0
2025-12-26 09:30:00,416.4800109863281,416.9500122070313,414.9500122070313,416.8901062011719,2640072
2025-12-26 10:30:00,416.8699951171875,418.4500122070313,416.760009765625,417.989990234375,2125864
2025-12-26 11:30:00,418.010009765625,418.0499877929687,415.3299865722656,415.44000244140625,1223474
2025-12-26 12:30:00,415.4100036621094,416.0,414.75,415.4800109863281,1121807
2025-12-26 13:30:00,415.510009765625,417.05999755859375,415.3599853515625,416.5450134277344,815332
2025-12-26 14:30:00,416.510009765625,417.07470703125,415.6499938964844,415.9700012207031,748333
2025-12-26 15:30:00,415.9599914550781,416.9200134277344,415.9100036621094,416.6799926757813,1273868
2025-12-26 16:00:00,416.7,416.99,411.93,416.69,0
2025-12-26 17:00:00,416.69,416.99,416.69,416.93,0
2025-12-26 18:00:00,416.93,416.93,416.83,416.92,0
2025-12-29 04:00:00,410.24,412.0,410.01,410.6,0
2025-12-29 05:00:00,410.67,411.5,410.2,410.4,0
2025-12-29 06:00:00,410.32,410.75,409.71,410.63,0
2025-12-29 07:00:00,410.6,410.68,407.77,409.8,0
2025-12-29 08:00:00,409.8,416.74,407.7799,409.16,0
2025-12-29 09:00:00,409.16,416.74,403.32,404.3814,0
2025-12-29 09:30:00,403.6600036621094,403.760009765625,395.3299865722656,397.1401062011719,8002009
2025-12-29 10:30:00,397.1400146484375,399.3200073242187,396.8699951171875,398.5150146484375,3242563
2025-12-29 11:30:00,398.5168151855469,399.7799987792969,397.4500122070313,398.0549926757813,1860112
2025-12-29 12:30:00,398.0549926757813,398.5899963378906,396.75,397.9299926757813,1921614
2025-12-29 13:30:00,397.9200134277344,398.7699890136719,397.7999877929687,398.2000122070313,992424
2025-12-29 14:30:00,398.2200012207031,399.4849853515625,398.1700134277344,399.1400146484375,1401599
2025-12-29 15:30:00,399.1400146484375,399.2099914550781,397.7453308105469,398.56500244140625,2088374
2025-12-29 16:00:00,398.6,416.74,397.9,398.35,0
2025-12-29 17:00:00,398.4,398.6,397.87,398.15,0
2025-12-29 18:00:00,398.15,399.63,397.27,399.59,0
2025-12-30 04:00:00,401.23,402.38,401.03,401.58,0
2025-12-30 05:00:00,401.61,402.88,401.44,402.8,0
2025-12-30 06:00:00,402.8,403.7,402.51,403.47,0
2025-12-30 07:00:00,403.47,404.4,402.79,403.83,0
2025-12-30 08:00:00,403.92,404.9,398.6,403.9,0
2025-12-30 09:00:00,403.89,403.95,398.6,403.2,0
2025-12-30 09:30:00,403.6000061035156,403.7999877929687,400.3999938964844,401.3500061035156,2879544
2025-12-30 10:30:00,401.44000244140625,402.0799865722656,400.2900085449219,401.6199951171875,1410300
2025-12-30 11:30:00,401.614990234375,402.8299865722656,401.0199890136719,402.1369934082031,958954
2025-12-30 12:30:00,402.1499938964844,402.4500122070313,401.1400146484375,401.6700134277344,786257
2025-12-30 13:30:00,401.7099914550781,401.75,401.0,401.3250122070313,728288
2025-12-30 14:30:00,401.3399963378906,401.3699951171875,398.7000122070313,399.8900146484375,1301836
2025-12-30 15:30:00,399.9299926757813,400.3200073242187,398.55999755859375,399.010009765625,1270508
2025-12-30 16:00:00,398.89,399.84,398.44,398.57,0
2025-12-30 17:00:00,398.57,399.69,398.32,398.77,0
2025-12-30 18:00:00,398.85,399.56,397.76,398.6,0
2025-12-31 04:00:00,395.99,398.7,395.94,397.53,0
2025-12-31 05:00:00,397.46,398.62,397.1,397.26,0
2025-12-31 06:00:00,397.0,397.03,395.63,396.35,0
2025-12-31 07:00:00,396.35,396.75,395.5,395.9,0
2025-12-31 08:00:00,395.87,399.19,393.0,397.9613,0
2025-12-31 09:00:00,397.9,399.6504,397.66,398.91,0
2025-12-31 09:30:00,398.6000061035156,400.1300048828125,397.6400146484375,398.6400146484375,2212773
2025-12-31 10:30:00,398.6300048828125,399.010009765625,397.0700073242187,397.4150085449219,1636196
2025-12-31 11:30:00,397.4500122070313,397.8299865722656,396.6600036621094,397.0,1061875
2025-12-31 12:30:00,396.989990234375,397.989990234375,396.8299865722656,397.739990234375,961771
2025-12-31 13:30:00,397.75,397.760009765625,396.5499877929687,396.739990234375,572350
2025-12-31 14:30:00,396.75250244140625,396.8800048828125,395.5899963378906,396.5499877929687,1565978
2025-12-31 15:30:00,396.5499877929687,397.385009765625,395.7999877929687,396.30999755859375,1574995
2025-12-31 16:00:00,396.31,398.89,395.8112,397.0,0
2025-12-31 17:00:00,397.37,397.37,396.31,396.85,0
2025-12-31 18:00:00,396.91,396.92,396.4997,396.5,0
2026-01-02 04:00:00,402.74,403.83,402.15,403.52,0
2026-01-02 05:00:00,403.5,403.65,403.2,403.22,0
2026-01-02 06:00:00,403.23,404.49,403.21,404.11,0
2026-01-02 07:00:00,404.05,404.35,403.6,403.93,0
2026-01-02 08:00:00,403.95,404.75,396.31,402.21,0
2026-01-02 09:00:00,402.4,402.55,396.31,401.85,0
2026-01-02 09:30:00,401.6199951171875,401.80999755859375,398.18499755859375,398.69000244140625,3960800
2026-01-02 10:30:00,398.75,399.7000122070313,396.75,397.3900146484375,1499911
2026-01-02 11:30:00,397.3599853515625,398.5090026855469,396.7699890136719,398.0400085449219,1356340
2026-01-02 12:30:00,398.05999755859375,398.25,396.3500061035156,397.05999755859375,907635
2026-01-02 13:30:00,397.0700073242187,397.4595031738281,396.25,397.0499877929687,691845
2026-01-02 14:30:00,397.05999755859375,398.1099853515625,396.9299926757813,398.0199890136719,834258
2026-01-02 15:30:00,398.010009765625,398.3250122070313,397.7200012207031,398.3250122070313,815987
2026-01-02 16:00:00,398.28,399.8861,396.31,398.4666,0
2026-01-02 17:00:00,398.43,398.5,398.11,398.469,0
2026-01-02 18:00:00,398.4799,398.68,398.32,398.45,0
2026-01-05 04:00:00,406.77,407.67,406.25,407.54,0
2026-01-05 05:00:00,407.55,408.03,407.34,407.59,0
2026-01-05 06:00:00,407.63,408.16,405.57,406.0,0
2026-01-05 07:00:00,406.12,406.94,405.77,406.0,0
2026-01-05 08:00:00,405.96,408.13,398.28,404.55,0
2026-01-05 09:00:00,404.47,407.14,398.28,406.9427,0
2026-01-05 09:30:00,406.3900146484375,409.7200012207031,406.1499938964844,408.7000122070313,5082777
2026-01-05 10:30:00,408.7300109863281,409.3399963378906,407.8500061035156,408.3500061035156,1739091
2026-01-05 11:30:00,408.3500061035156,409.6000061035156,407.55999755859375,408.885009765625,1763557
2026-01-05 12:30:00,408.8550109863281,409.05999755859375,408.0199890136719,408.3800048828125,860289
2026-01-05 13:30:00,408.3500061035156,409.0899963378906,407.7200012207031,408.4100036621094,1062950
2026-01-05 14:30:00,408.3999938964844,408.8999938964844,408.13238525390625,408.7799987792969,793085
2026-01-05 15:30:00,408.7799987792969,408.8465881347656,408.0400085449219,408.69000244140625,1437664
2026-01-05 16:00:00,408.76,409.3,384.72,409.05,0
2026-01-05 17:00:00,409.16,412.3742,409.05,409.25,0
2026-01-05 18:00:00,409.15,410.0,407.96,408.0,0
2026-01-06 04:00:00,410.25,410.98,409.38,409.71,0
2026-01-06 05:00:00,409.71,409.85,408.44,409.13,0
2026-01-06 06:00:00,409.19,409.73,409.06,409.64,0
2026-01-06 07:00:00,409.52,410.6,409.45,410.5,0
2026-01-06 08:00:00,410.5,411.5,408.49,409.9843,0
2026-01-06 09:00:00,409.97,411.22,409.52,411.15,0
2026-01-06 09:30:00,411.0450134277344,412.8999938964844,411.0299987792969,411.8699951171875,2921906
2026-01-06 10:30:00,411.6737060546875,412.2300109863281,410.30999755859375,412.1700134277344,1827204
2026-01-06 11:30:00,412.323486328125,412.8500061035156,412.1000061035156,412.5150146484375,1527311
2026-01-06 12:30:00,412.6300048828125,413.239990234375,412.0199890136719,412.4500122070313,1289538
2026-01-06 13:30:00,412.4500122070313,412.7000122070313,411.6436767578125,411.989990234375,1048089
2026-01-06 14:30:00,411.9800109863281,412.5799865722656,411.75,412.4800109863281,1158093
2026-01-06 15:30:00,412.2999877929687,413.4800109863281,412.2699890136719,413.3299865722656,1111440
2026-01-06 16:00:00,413.18,413.5,412.702,413.21,0
2026-01-06 17:00:00,413.35,413.8,413.2,413.54,0
2026-01-06 18:00:00,413.54,413.84,413.05,413.66,0
2026-01-07 04:00:00,410.13,411.94,410.06,410.28,0
2026-01-07 05:00:00,410.2,410.64,409.94,410.0,0
2026-01-07 06:00:00,410.1,410.78,409.68,409.95,0
2026-01-07 07:00:00,410.0,410.04,408.16,409.14,0
2026-01-07 08:00:00,409.11,413.18,407.13,408.35,0
2026-01-07 09:00:00,408.36,413.18,408.05,408.9,0
2026-01-07 09:30:00,408.6300048828125,409.4100036621094,406.6499938964844,408.3999938964844,3087844
2026-01-07 10:30:00,408.3800048828125,410.1700134277344,408.2000122070313,409.8500061035156,1483857
2026-01-07 11:30:00,409.8200073242187,410.80999755859375,409.7510070800781,409.8999938964844,1205703
2026-01-07 12:30:00,409.9299926757813,410.19000244140625,408.8299865722656,409.30999755859375,816266
2026-01-07 13:30:00,409.3500061035156,409.9299926757813,408.6700134277344,409.1600036621094,721104
2026-01-07 14:30:00,409.1600036621094,410.19000244140625,409.1600036621094,409.8799133300781,771233
2026-01-07 15:30:00,409.8800048828125,410.0899963378906,409.1199951171875,409.2300109863281,1232585
2026-01-07 16:00:00,409.27,410.05,398.57,409.71,0
2026-01-07 17:00:00,409.55,410.04,409.23,409.45,0
2026-01-07 18:00:00,409.69,410.29,409.44,410.27,0
2026-01-08 04:00:00,407.27,409.33,406.84,407.08,0
2026-01-08 05:00:00,407.19,407.6,406.54,406.54,0
2026-01-08 06:00:00,406.7,407.6,406.7,407.02,0
2026-01-08 07:00:00,406.84,407.0,405.15,406.34,0
2026-01-08 08:00:00,406.31,409.23,405.2303,407.55,0
2026-01-08 09:00:00,407.36,407.69,406.18,406.59,0
2026-01-08 09:30:00,406.7900085449219,409.4299926757813,406.3999938964844,408.8500061035156,2344595
2026-01-08 10:30:00,408.8200073242187,409.7579956054687,408.7200012207031,409.3409118652344,995124
2026-01-08 11:30:00,409.3469848632813,410.4500122070313,409.2000122070313,410.0700073242187,777253
2026-01-08 12:30:00,410.1000061035156,410.3500061035156,408.9725036621094,409.260009765625,678332
2026-01-08 13:30:00,409.1600036621094,409.4800109863281,408.510009765625,408.7699890136719,819558
2026-01-08 14:30:00,408.760009765625,411.2200012207031,408.760009765625,410.8500061035156,974024
2026-01-08 15:30:00,410.8699951171875,411.6400146484375,410.8699951171875,411.489990234375,1796396
2026-01-08 16:00:00,411.49,411.88,409.4735,411.63,0
2026-01-08 17:00:00,411.6,411.79,411.21,411.56,0
2026-01-08 18:00:00,411.61,412.25,406.75,411.443,0
2026-01-09 04:00:00,410.85,411.6,410.83,411.36,0
2026-01-09 05:00:00,411.27,411.43,410.92,411.01,0
2026-01-09 06:00:00,411.01,411.36,410.73,411.1,0
2026-01-09 07:00:00,411.0,411.93,410.67,410.74,0
2026-01-09 08:00:00,410.78,411.8788,409.95,411.05,0
2026-01-09 09:00:00,410.9,413.38,409.97,412.74,0
2026-01-09 09:30:00,413.2149963378906,414.7000122070313,411.7999877929687,414.18011474609375,3092224
2026-01-09 10:30:00,414.2018127441406,415.2900085449219,413.6700134277344,414.0700073242187,2200665
2026-01-09 11:30:00,414.0350036621094,414.760009765625,413.7799987792969,414.0700073242187,1953080
2026-01-09 12:30:00,414.0400085449219,414.6199951171875,412.0350036621094,412.9200134277344,1424845
2026-01-09 13:30:00,412.94000244140625,414.1499938964844,412.9100036621094,413.6199951171875,1425323
2026-01-09 14:30:00,413.5899963378906,414.5899963378906,413.3299865722656,414.2300109863281,1380367
2026-01-09 15:30:00,414.239990234375,414.6700134277344,413.9599914550781,414.4599914550781,1751148
2026-01-09 16:00:00,414.47,414.78,413.331,414.52,0
2026-01-09 17:00:00,414.6093,414.97,414.47,414.79,0
2026-01-09 18:00:00,414.75,414.9535,414.64,414.85,0
2026-01-12 04:00:00,419.0,422.82,419.0,422.6,0
2026-01-12 05:00:00,422.52,422.64,421.68,422.27,0
2026-01-12 06:00:00,422.2,422.46,421.41,421.55,0
2026-01-12 07:00:00,421.59,422.14,420.93,421.31,0
2026-01-12 08:00:00,421.35,423.96,414.47,423.3211,0
2026-01-12 09:00:00,423.39,424.75,414.47,422.58,0
2026-01-12 09:30:00,421.5199890136719,424.989990234375,421.5199890136719,424.7200012207031,7055957
2026-01-12 10:30:00,424.739990234375,425.739990234375,424.5499877929687,424.7200012207031,3233122
2026-01-12 11:30:00,424.7099914550781,425.0299987792969,423.6000061035156,424.4200134277344,2384807
2026-01-12 12:30:00,424.4249877929687,424.8450012207031,422.9649963378906,423.4299926757813,1258911
2026-01-12 13:30:00,423.44879150390625,424.489990234375,423.2099914550781,424.4500122070313,1578071
2026-01-12 14:30:00,424.4800109863281,424.6549987792969,422.860107421875,423.1199951171875,1938733
2026-01-12 15:30:00,423.1199951171875,423.3399963378906,422.0,422.18011474609375,2709274
2026-01-12 16:00:00,422.23,422.7177,421.91,422.69,0
2026-01-12 17:00:00,422.61,423.1,422.23,422.88,0
2026-01-12 18:00:00,422.89,424.0093,420.78,422.5482,0
2026-01-13 04:00:00,422.27,422.59,421.33,421.87,0
2026-01-13 05:00:00,421.94,422.07,421.12,421.48,0
2026-01-13 06:00:00,421.49,421.87,421.23,421.58,0
2026-01-13 07:00:00,421.62,422.12,420.87,421.15,0
2026-01-13 08:00:00,421.13,423.48,420.58,423.27,0
2026-01-13 09:00:00,423.27,424.77,422.23,424.64,0
2026-01-13 09:30:00,424.5899963378906,426.1199951171875,422.989990234375,423.7300109863281,4583939
2026-01-13 10:30:00,423.7300109863281,424.8699951171875,422.25,422.739990234375,1718052
2026-01-13 11:30:00,422.75,424.3999938964844,422.6000061035156,423.8399963378906,1239592
2026-01-13 12:30:00,423.8200073242187,424.0400085449219,421.1600036621094,422.1600036621094,2874652
2026-01-13 13:30:00,422.1600036621094,423.1300048828125,421.4800109863281,422.3299865722656,2196767
2026-01-13 14:30:00,422.3299865722656,422.8699951171875,421.80999755859375,421.9200134277344,1512044
2026-01-13 15:30:00,421.9249877929687,421.9700012207031,420.0700073242187,421.6000061035156,2174687
2026-01-13 16:00:00,421.66,422.9,421.28,421.9,0
2026-01-13 17:00:00,421.89,422.13,421.6,421.8984,0
2026-01-13 18:00:00,421.89,422.8,421.71,422.42,0
2026-01-14 04:00:00,426.15,426.5,425.46,426.38,0
2026-01-14 05:00:00,426.25,426.26,425.42,426.18,0
2026-01-14 06:00:00,426.13,426.35,425.62,425.62,0
2026-01-14 07:00:00,425.83,426.49,425.34,426.25,0
2026-01-14 08:00:00,426.23,426.73,421.63,425.77,0
2026-01-14 09:00:00,425.79,426.46,421.63,426.06,0
2026-01-14 09:30:00,426.0299987792969,426.1199951171875,422.8398132324219,424.3298950195313,5227671
2026-01-14 10:30:00,424.3200073242187,425.2000122070313,423.7999877929687,424.8949890136719,2245739
2026-01-14 11:30:00,424.8699951171875,425.010009765625,423.3900146484375,423.94000244140625,1917634
2026-01-14 12:30:00,423.94000244140625,425.6400146484375,422.9700012207031,425.4800109863281,2532046
2026-01-14 13:30:00,425.4700012207031,426.8599853515625,425.4299926757813,426.1218872070313,1586596
2026-01-14 14:30:00,426.1300048828125,426.739990234375,425.30999755859375,426.0499877929687,2155186
2026-01-14 15:30:00,426.0400085449219,426.1600036621094,425.260009765625,425.94000244140625,1989782
2026-01-14 16:00:00,425.94,426.3,424.55,425.6887,0
2026-01-14 17:00:00,425.58,426.28,425.3,425.87,0
2026-01-14 18:00:00,425.89,425.95,423.08,424.02,0
2026-01-15 04:00:00,423.21,423.33,422.88,423.22,0
2026-01-15 05:00:00,423.2,424.23,423.09,423.95,0
2026-01-15 06:00:00,424.1,424.74,423.72,424.55,0
2026-01-15 07:00:00,424.57,424.87,424.07,424.32,0
2026-01-15 08:00:00,424.32,425.94,421.11,423.093,0
2026-01-15 09:00:00,423.25,425.94,421.06,422.78,0
2026-01-15 09:30:00,423.0199890136719,424.44000244140625,422.7900085449219,424.243896484375,5140306
2026-01-15 10:30:00,424.2099914550781,425.05999755859375,423.5,423.80999755859375,2097078
2026-01-15 11:30:00,423.8200073242187,424.0199890136719,422.8699951171875,423.760009765625,1305708
2026-01-15 12:30:00,423.7000122070313,424.7000122070313,423.7000122070313,424.5299987792969,1028894
2026-01-15 13:30:00,424.5400085449219,424.7999877929687,423.989990234375,424.4200134277344,1218769
2026-01-15 14:30:00,424.4299926757813,424.5199890136719,422.8299865722656,423.2699890136719,1297043
2026-01-15 15:30:00,423.260009765625,423.6600036621094,423.0799865722656,423.30999755859375,1878559
2026-01-15 16:00:00,423.34,424.49,423.22,424.0748,0
2026-01-15 17:00:00,424.49,424.5,423.33,424.2,0
2026-01-15 18:00:00,424.1,424.85,423.34,423.74,0
2026-01-16 04:00:00,423.5,423.78,422.93,423.04,0
2026-01-16 05:00:00,423.04,423.9,422.86,423.66,0
2026-01-16 06:00:00,423.59,423.93,422.84,423.93,0
2026-01-16 07:00:00,423.9,424.36,423.35,423.47,0
2026-01-16 08:00:00,423.5,424.39,421.3,421.72,0
2026-01-16 09:00:00,421.66,423.71,421.53,423.62,0
2026-01-16 09:30:00,422.7999877929687,424.7999877929687,419.6600036621094,419.6799926757813,4895823
2026-01-16 10:30:00,419.6700134277344,422.6499938964844,417.0400085449219,422.1499938964844,6631940
2026-01-16 11:30:00,422.1600036621094,422.7869873046875,420.75,420.9299926757813,1893582
2026-01-16 12:30:00,420.9100036621094,422.1199951171875,420.7999877929687,421.94000244140625,1274417
2026-01-16 13:30:00,421.9599914550781,422.5799865722656,421.1099853515625,421.4299926757813,2551694
2026-01-16 14:30:00,421.4327087402344,422.5499877929687,421.4299926757813,421.8550109863281,1532444
2026-01-16 15:30:00,421.8500061035156,421.8999938964844,421.1400146484375,421.2200012207031,1638469
2026-01-16 16:00:00,421.28,422.77,421.28,422.62,0
2026-01-16 17:00:00,422.63,422.64,421.29,422.52,0
2026-01-16 18:00:00,422.5,422.72,421.29,422.72,0
2026-01-20 04:00:00,430.29,435.16,430.29,435.13,0
2026-01-20 05:00:00,435.08,435.48,434.6,434.6,0
2026-01-20 06:00:00,434.59,434.75,434.05,434.54,0
2026-01-20 07:00:00,434.54,435.27,434.44,434.45,0
2026-01-20 08:00:00,434.43,435.49,421.29,433.8161,0
2026-01-20 09:00:00,433.82,436.5,421.29,435.81,0
2026-01-20 09:30:00,436.69000244140625,436.760009765625,434.1000061035156,434.2699890136719,7693350
2026-01-20 10:30:00,434.239990234375,436.0799865722656,434.1000061035156,435.7799987792969,3711398
2026-01-20 11:30:00,435.75,437.3200073242187,435.739990234375,437.1300048828125,2505535
2026-01-20 12:30:00,437.1199951171875,438.1257934570313,436.8200073242187,437.67913818359375,1976914
2026-01-20 13:30:00,437.6700134277344,438.139892578125,436.8900146484375,437.5199890136719,1283362
2026-01-20 14:30:00,437.5249938964844,437.9599914550781,436.4201049804687,436.6799926757813,1317299
2026-01-20 15:30:00,436.6600036621094,437.3999938964844,436.5199890136719,437.2850036621094,1788609
2026-01-20 16:00:00,437.23,437.93,436.8578,437.8804,0
2026-01-20 17:00:00,437.8139,438.17,412.3742,438.1,0
2026-01-20 18:00:00,438.02,439.76,437.23,439.04,0
2026-01-21 04:00:00,445.0,448.26,440.0,448.24,0
2026-01-21 05:00:00,448.2,448.32,446.69,446.83,0
2026-01-21 06:00:00,446.87,447.87,446.78,447.44,0
2026-01-21 07:00:00,447.4,447.46,446.3,447.21,0
2026-01-21 08:00:00,447.24,449.29,437.23,447.56,0
2026-01-21 09:00:00,447.5516,448.87,437.23,445.31,0
2026-01-21 09:30:00,446.8699951171875,447.9999084472656,442.4100036621094,444.0700073242187,12019455
2026-01-21 10:30:00,444.0899963378906,446.3800048828125,443.8699951171875,444.8699951171875,3452996
2026-01-21 11:30:00,444.8699951171875,445.8200073242187,442.5199890136719,443.1600036621094,4059321
2026-01-21 12:30:00,443.1991882324219,444.1600036621094,441.3999938964844,443.9100036621094,3037482
2026-01-21 13:30:00,444.4898986816406,446.2200012207031,441.6300048828125,442.6799926757813,3805087
2026-01-21 14:30:00,442.7300109863281,443.247802734375,437.1099853515625,440.9649963378906,7636175
2026-01-21 15:30:00,440.8500061035156,443.7900085449219,440.8500061035156,443.7200012207031,4234412
2026-01-21 16:00:00,443.64,446.06,442.45,444.25,0
2026-01-21 17:00:00,444.13,444.76,443.85,444.25,0
2026-01-21 18:00:00,444.25,444.25,439.11,439.1904,0
2026-01-22 04:00:00,443.92,444.63,440.97,443.86,0
2026-01-22 05:00:00,443.89,443.93,442.45,443.66,0
2026-01-22 06:00:00,443.5,444.03,443.35,443.68,0
2026-01-22 07:00:00,443.68,444.49,443.3,444.08,0
2026-01-22 08:00:00,444.08,444.73,440.61,443.57,0
2026-01-22 09:00:00,443.57,443.617,441.99,443.3222,0
2026-01-22 09:30:00,443.8399963378906,446.30999755859375,443.55999755859375,446.1300048828125,5012296
2026-01-22 10:30:00,446.1300048828125,448.5799865722656,446.0769958496094,448.1650085449219,2727253
2026-01-22 11:30:00,448.17620849609375,449.7900085449219,447.4800109863281,449.4100036621094,2319921
2026-01-22 12:30:00,449.4585876464844,451.7699890136719,449.3299865722656,451.2900085449219,2066136
2026-01-22 13:30:00,451.2900085449219,452.6300048828125,451.0400085449219,451.6700134277344,2211135
2026-01-22 14:30:00,451.7000122070313,452.9841003417969,450.9100036621094,452.7398986816406,1999649
2026-01-22 15:30:00,452.739990234375,452.8699951171875,451.6099853515625,451.9200134277344,1881517
2026-01-22 16:00:00,451.95,454.14,451.66,453.6,0
2026-01-22 17:00:00,453.63,454.06,453.15,453.9,0
2026-01-22 18:00:00,453.86,455.89,451.79,455.84,0
2026-01-23 04:00:00,452.0,453.88,450.39,450.88,0
2026-01-23 05:00:00,450.9,453.42,450.69,453.09,0
2026-01-23 06:00:00,453.16,453.24,451.51,452.33,0
2026-01-23 07:00:00,452.36,453.85,452.12,453.6,0
2026-01-23 08:00:00,453.55,456.6465,450.427,453.31,0
2026-01-23 09:00:00,453.26,455.1372,451.79,454.55,0
2026-01-23 09:30:00,454.1099853515625,455.6400146484375,453.4544067382813,454.5498962402344,4863347
2026-01-23 10:30:00,454.5849914550781,458.4200134277344,454.489990234375,458.31500244140625,3543256
2026-01-23 11:30:00,458.3299865722656,458.5700073242187,457.4200134277344,458.1099853515625,2085373
2026-01-23 12:30:00,458.1199951171875,458.5799865722656,456.1300048828125,457.69000244140625,2258071
2026-01-23 13:30:00,457.7300109863281,457.7999877929687,455.7699890136719,457.5700988769531,2541677
2026-01-23 14:30:00,457.5799865722656,458.75,456.9800109863281,457.9299926757813,2862889
2026-01-23 15:30:00,457.9299926757813,458.2300109863281,457.4500122070313,457.8399963378906,2709848
2026-01-23 16:00:00,458.0,458.8799,456.46,458.34,0
2026-01-23 17:00:00,458.4,458.99,457.55,458.39,0
2026-01-23 18:00:00,458.37,458.578,458.0,458.5,0
2026-01-26 04:00:00,466.83,468.55,466.62,468.55,0
2026-01-26 05:00:00,468.5,468.68,466.52,467.57,0
2026-01-26 06:00:00,467.68,468.36,466.79,467.53,0
2026-01-26 07:00:00,467.55,468.51,467.34,467.83,0
2026-01-26 08:00:00,467.88,469.7967,458.0,466.2434,0
2026-01-26 09:00:00,466.2617,466.56,458.0,466.1745,0
2026-01-26 09:30:00,466.7799987792969,468.5799865722656,466.4299926757813,467.9299926757813,8295928
2026-01-26 10:30:00,467.9299926757813,469.25,466.0400085449219,466.5162048339844,4610412
2026-01-26 11:30:00,466.5499877929687,468.5499877929687,465.5535888671875,467.7300109863281,3559933
2026-01-26 12:30:00,467.7099914550781,469.2799987792969,466.6000061035156,467.4299926757813,3189320
2026-01-26 13:30:00,467.3999938964844,467.4483947753906,461.5,462.1199951171875,6108239
2026-01-26 14:30:00,462.05999755859375,464.7799987792969,460.3599853515625,464.7699890136719,4024461
2026-01-26 15:30:00,464.7999877929687,465.2799987792969,462.7099914550781,464.7099914550781,2755517
2026-01-26 16:00:00,464.7,465.05,458.68,460.6029,0
2026-01-26 17:00:00,460.42,461.7,460.3484,460.5787,0
2026-01-26 18:00:00,460.55,465.25,460.55,463.88,0
2026-01-27 04:00:00,466.56,467.71,466.24,467.71,0
2026-01-27 05:00:00,467.68,468.76,467.11,467.81,0
2026-01-27 06:00:00,467.63,467.94,467.08,467.57,0
2026-01-27 07:00:00,467.58,467.7,465.77,466.85,0
2026-01-27 08:00:00,466.77,468.88,464.7,467.0,0
2026-01-27 09:00:00,467.04,467.49,464.67,465.15,0
2026-01-27 09:30:00,465.0700073242187,467.1700134277344,463.9500122070313,465.9818115234375,6522292
2026-01-27 10:30:00,465.9879150390625,469.1099853515625,465.9200134277344,468.6749877929687,2433173
2026-01-27 11:30:00,468.7099914550781,468.7499084472656,466.94000244140625,467.7300109863281,2324549
2026-01-27 12:30:00,467.6600036621094,467.8599853515625,466.6099853515625,467.4150085449219,1419107
2026-01-27 13:30:00,467.5,468.3599853515625,467.010009765625,467.639892578125,1337558
2026-01-27 14:30:00,467.6400146484375,473.5299987792969,467.6300048828125,472.5799865722656,4842883
2026-01-27 15:30:00,472.55999755859375,476.489990234375,471.7300109863281,475.9299926757813,6793415
2026-01-27 16:00:00,476.1,477.43,472.75,476.3103,0
2026-01-27 17:00:00,476.33,476.9999,454.11,476.09,0
2026-01-27 18:00:00,476.1,476.55,474.07,475.46,0
2026-01-28 04:00:00,486.68,487.0,484.2,484.91,0
2026-01-28 05:00:00,484.99,485.83,483.69,485.05,0
2026-01-28 06:00:00,485.08,485.4,481.6,483.45,0
2026-01-28 07:00:00,483.54,484.27,482.72,483.61,0
2026-01-28 08:00:00,483.69,488.29,476.1,485.5,0
2026-01-28 09:00:00,485.48,485.91,476.1,483.67,0
2026-01-28 09:30:00,483.3900146484375,487.0400085449219,481.2500915527344,484.3900146484375,9802689
2026-01-28 10:30:00,484.44000244140625,486.6000061035156,484.1300048828125,486.0198974609375,3475487
2026-01-28 11:30:00,486.0299987792969,487.7999877929687,484.9599914550781,487.4299926757813,3274901
2026-01-28 12:30:00,487.4299011230469,489.5400085449219,485.610107421875,487.6600036621094,4233349
2026-01-28 13:30:00,487.6700134277344,487.9500122070313,484.2200012207031,485.6300048828125,4755857
2026-01-28 14:30:00,485.6099853515625,492.30999755859375,485.3500061035156,492.2000122070313,6787356
2026-01-28 15:30:00,492.1700134277344,495.8800048828125,492.0400085449219,494.3500061035156,6735702
2026-01-28 16:00:00,494.26,498.27,486.05,497.6598,0
2026-01-28 17:00:00,497.7,499.0,494.56,497.6443,0
2026-01-28 18:00:00,497.65,514.5,494.56,506.8156,0
2026-01-29 04:00:00,507.65,509.08,505.25,506.88,0
2026-01-29 05:00:00,506.91,508.23,505.7,506.45,0
2026-01-29 06:00:00,506.44,507.0,502.76,506.93,0
2026-01-29 07:00:00,506.85,509.46,506.17,509.23,0
2026-01-29 08:00:00,509.24,514.19,494.56,507.36,0
2026-01-29 09:00:00,507.06,509.11,494.56,508.13,0
2026-01-29 09:30:00,509.510009765625,509.7000122070313,469.0499877929687,476.9200134277344,28235988
2026-01-29 10:30:00,476.9200134277344,486.7099914550781,468.510009765625,486.0150146484375,14674250
2026-01-29 11:30:00,485.9700012207031,493.260009765625,480.3265075683594,492.75,6679528
2026-01-29 12:30:00,492.5400085449219,494.1199951171875,487.80999755859375,489.7300109863281,5145179
2026-01-29 13:30:00,489.8450012207031,492.8699951171875,487.2699890136719,488.7099914550781,4877614
2026-01-29 14:30:00,488.7349853515625,489.6000061035156,485.3599853515625,488.6700134277344,4492414
2026-01-29 15:30:00,488.7200012207031,496.8999938964844,487.8699951171875,495.73529052734375,3637236
2026-01-29 16:00:00,495.83,498.8,493.4356,494.46,0
2026-01-29 17:00:00,494.57,495.9,494.0,495.0,0
2026-01-29 18:00:00,495.04,500.76,494.35,500.0,0
2026-01-30 04:00:00,473.48,473.86,460.83,462.17,0
2026-01-30 05:00:00,462.1,466.6,453.94,465.1,0
2026-01-30 06:00:00,465.12,471.72,464.72,471.07,0
2026-01-30 07:00:00,471.06,473.0,467.75,470.56,0
2026-01-30 08:00:00,470.75,495.9,454.3272,462.3596,0
2026-01-30 09:00:00,462.39,495.9,458.8,464.4727,0
2026-01-30 09:30:00,466.2449951171875,470.05999755859375,457.6799926757813,464.1400146484375,16693438
2026-02-02 13:30:00,428.7301025390625,429.31500244140625,425.7250061035156,426.75,17296801
2026-02-02 14:30:00,426.75,433.18499755859375,426.10009765625,429.260009765625,3418244
2026-02-02 15:30:00,429.2699890136719,431.3999938964844,427.0750122070313,427.5799865722656,2565963
2026-02-02 16:00:00,427.64,430.78,426.72,428.4,0
2026-02-02 17:00:00,428.28,428.9861,412.3742,428.97,0
2026-02-02 18:00:00,428.9436,438.99,427.13,438.87,0
2026-02-03 04:00:00,451.01,452.5,449.48,449.53,0
2026-02-03 05:00:00,449.45,453.0,448.92,451.59,0
2026-02-03 06:00:00,451.59,452.5,448.8,450.45,0
2026-02-03 07:00:00,450.31,453.64,449.61,450.6,0
2026-02-03 08:00:00,450.62,454.95,427.13,453.52,0
2026-02-03 09:00:00,453.59,455.0,427.13,452.5315,0
2026-02-03 09:30:00,452.6300048828125,454.8999938964844,449.7699890136719,452.6900939941406,9086391
2026-02-03 10:30:00,452.7799987792969,457.8200073242187,451.0700073242187,457.125,3101163
2026-02-03 11:30:00,457.0799865722656,459.0,452.510009765625,454.8699951171875,3871054
2026-02-03 12:30:00,454.8500061035156,456.3074951171875,450.85009765625,451.25,3441734
2026-02-03 13:30:00,451.2200012207031,453.4500122070313,448.30999755859375,453.1199951171875,3970392
2026-02-03 14:30:00,453.0799865722656,454.8699951171875,450.5499877929687,453.9924926757813,2311761
2026-02-03 15:30:00,453.94000244140625,455.6199951171875,453.2999877929687,454.4500122070313,1700191
2026-02-03 16:00:00,454.32,456.3,453.4734,454.91,0
2026-02-03 17:00:00,454.4578,455.15,454.0,454.94,0
2026-02-03 18:00:00,454.75,457.0,451.27,454.89,0
2026-02-04 04:00:00,465.25,467.51,462.0,464.75,0
2026-02-04 05:00:00,464.53,465.55,463.35,463.52,0
2026-02-04 06:00:00,463.59,465.12,460.75,461.99,0
2026-02-04 07:00:00,461.84,464.54,461.64,463.85,0
2026-02-04 08:00:00,463.88,468.0,454.29,464.01,0
2026-02-04 09:00:00,463.9,465.37,454.29,464.0,0
2026-02-04 09:30:00,462.4700012207031,463.1000061035156,454.69000244140625,455.6594848632813,7526827
2026-02-04 10:30:00,455.7300109863281,456.0899963378906,449.19000244140625,452.5450134277344,4339706
2026-02-04 11:30:00,452.5400085449219,453.5,445.7099914550781,452.0400085449219,4529209
2026-02-04 12:30:00,451.989990234375,453.5799865722656,447.8500061035156,452.7950134277344,3065930
2026-02-04 13:30:00,452.7699890136719,455.0,450.6311950683594,453.4700012207031,1465328
2026-02-04 14:30:00,453.4800109863281,455.69000244140625,452.2000122070313,452.3999938964844,1441139
2026-02-04 15:30:00,452.4599914550781,455.0499877929687,451.69000244140625,453.8699951171875,1191510
2026-02-04 16:00:00,453.94,456.88,453.5,456.3182,0
2026-02-04 17:00:00,456.32,457.0,455.6,456.0,0
2026-02-04 18:00:00,456.15,461.84,453.97,460.21,0
2026-02-05 04:00:00,451.55,452.5,446.07,447.57,0
2026-02-05 05:00:00,447.75,449.66,445.39,446.69,0
2026-02-05 06:00:00,446.81,449.72,445.87,449.37,0
2026-02-05 07:00:00,449.6,449.6,442.01,445.5,0
2026-02-05 08:00:00,445.41,454.22,441.24,445.8,0
2026-02-05 09:00:00,446.04,447.4,442.03,442.28,0
2026-02-05 09:30:00,444.2900085449219,447.4898986816406,441.5,442.8550109863281,5828713
2026-02-05 10:30:00,442.80999755859375,446.4100036621094,441.0,445.6400146484375,2346123
2026-02-05 11:30:00,445.9100036621094,450.8999938964844,445.1099853515625,447.260009765625,2394283
2026-02-05 12:30:00,447.1400146484375,448.8399963378906,445.7000122070313,447.4500122070313,1026155
2026-02-05 13:30:00,447.3599853515625,447.7799987792969,444.5799865722656,445.7900085449219,1158576
2026-02-05 14:30:00,445.7900085449219,445.9500122070313,441.989990234375,443.3299865722656,1360151
2026-02-05 15:30:00,443.3699951171875,443.9800109863281,440.3500061035156,442.0,1876503
2026-02-05 16:00:00,442.0,443.4583,437.15,439.0,0
2026-02-05 17:00:00,439.0,441.88,438.0,438.95,0
2026-02-05 18:00:00,438.75,441.88,432.1,432.14,0
2026-02-06 04:00:00,445.83,447.76,438.77,446.92,0
2026-02-06 05:00:00,446.99,448.26,445.96,446.1,0
2026-02-06 06:00:00,446.03,449.78,446.03,449.47,0
2026-02-06 07:00:00,449.59,450.65,447.56,448.19,0
2026-02-06 08:00:00,448.28,452.99,439.29,451.11,0
2026-02-06 09:00:00,451.1994,453.87,451.1994,452.35,0
2026-02-06 09:30:00,450.6099853515625,456.2199096679687,450.1749877929687,455.1549987792969,4246780
2026-02-06 10:30:00,454.8399963378906,454.9399108886719,452.2300109863281,453.8200073242187,1388674
2026-02-06 11:30:00,453.8800048828125,455.9599914550781,452.9700012207031,455.3949890136719,1236147
2026-02-06 12:30:00,455.4599914550781,456.9299926757813,454.3205871582031,455.5,615382
2026-02-06 13:30:00,455.44000244140625,456.6000061035156,455.0603942871094,455.6449890136719,997059
2026-02-06 14:30:00,455.6199951171875,456.1499938964844,454.5799865722656,455.3800048828125,1324862
2026-02-06 15:30:00,455.3800048828125,455.3800048828125,453.6600036621094,455.3500061035156,2227398
2026-02-06 16:00:00,455.46,456.63,454.57,456.43,0
2026-02-06 17:00:00,456.25,456.66,455.21,456.05,0
2026-02-06 18:00:00,456.0536,456.4,455.46,456.3,0
2026-02-09 04:00:00,461.16,463.23,460.95,461.75,0
2026-02-09 05:00:00,461.75,462.02,458.2,458.68,0
2026-02-09 06:00:00,458.5,460.12,457.85,460.11,0
2026-02-09 07:00:00,460.15,461.15,459.79,460.88,0
2026-02-09 08:00:00,460.91,463.73,455.46,459.95,0
2026-02-09 09:00:00,459.97,461.12,455.46,460.99,0
2026-02-09 09:30:00,461.3900146484375,463.4599914550781,460.8500061035156,462.6899108886719,3519627
2026-02-09 10:30:00,462.69000244140625,466.9599914550781,462.6700134277344,466.239990234375,2192951
2026-02-09 11:30:00,466.3349914550781,467.0700073242187,465.1499938964844,465.8500061035156,991752
2026-02-09 12:30:00,465.8999938964844,466.1000061035156,463.30999755859375,464.55999755859375,797381
2026-02-09 13:30:00,464.5899963378906,466.44000244140625,464.0400085449219,466.3999938964844,671200
2026-02-09 14:30:00,466.4500122070313,467.1099853515625,466.2999877929687,466.99951171875,1547867
2026-02-09 15:30:00,466.9851989746094,467.55999755859375,466.2300109863281,466.9299926757813,1604208
2026-02-09 16:00:00,467.03,467.4,443.44,465.0,0
2026-02-09 17:00:00,464.85,467.03,464.8125,465.49,0
2026-02-09 18:00:00,465.4755,466.83,458.5,462.2913,0
2026-02-10 04:00:00,463.0,465.34,462.99,464.44,0
2026-02-10 05:00:00,464.42,464.44,463.0,463.85,0
2026-02-10 06:00:00,463.85,464.93,463.61,463.87,0
2026-02-10 07:00:00,464.0,464.8,463.4,463.93,0
2026-02-10 08:00:00,463.9,467.03,460.65,463.0,0
2026-02-10 09:00:00,463.2,467.03,462.9979,464.74,0
2026-02-10 09:30:00,465.9599914550781,466.75,461.3699951171875,462.5,2635327
2026-02-10 10:30:00,462.489990234375,462.9700012207031,459.5199890136719,460.489990234375,1557359
2026-02-10 11:30:00,460.4599914550781,463.1885986328125,460.2799987792969,462.9800109863281,617620
2026-02-10 12:30:00,462.930908203125,463.2300109863281,459.8999938964844,460.2900085449219,626663
2026-02-10 13:30:00,460.3049926757813,461.6000061035156,459.9200134277344,461.5299987792969,494850
2026-02-10 14:30:00,461.55999755859375,462.6799926757813,461.44000244140625,462.2000122070313,529868
2026-02-10 15:30:00,462.1300048828125,463.760009765625,462.0799865722656,462.3900146484375,964484
2026-02-10 16:00:00,462.34,462.63,461.42,461.9,0
2026-02-10 17:00:00,461.9,462.16,461.5212,461.82,0
2026-02-10 18:00:00,461.82,464.5,461.5921,463.26,0
2026-02-11 04:00:00,464.55,464.93,463.92,464.57,0
2026-02-11 05:00:00,464.5,466.56,464.46,466.04,0
2026-02-11 06:00:00,465.98,469.44,465.84,469.39,0
2026-02-11 07:00:00,469.43,470.47,467.68,468.41,0
2026-02-11 08:00:00,468.38,470.37,462.4,467.5,0
2026-02-11 09:00:00,467.05,467.09,461.11,466.2,0
2026-02-11 09:30:00,466.0,467.1000061035156,462.8200073242187,464.0,4040348
2026-02-11 10:30:00,463.9700012207031,465.510009765625,463.1400146484375,465.19000244140625,1451378
2026-02-11 11:30:00,465.1700134277344,468.0,464.5899963378906,467.6099853515625,974694
2026-02-11 12:30:00,467.5899963378906,468.6099853515625,465.6700134277344,466.3399963378906,1479757
2026-02-11 13:30:00,466.2999877929687,468.2699890136719,466.0899963378906,468.0249938964844,956841
2026-02-11 14:30:00,468.0249938964844,468.0249938964844,466.6300048828125,467.3999938964844,897936
2026-02-11 15:30:00,467.3900146484375,467.8900146484375,466.760009765625,467.5199890136719,981360
2026-02-11 16:00:00,467.63,468.18,439.241,467.1927,0
2026-02-11 17:00:00,467.48,467.63,439.241,467.44,0
2026-02-11 18:00:00,467.31,468.751,464.4,464.89,0
2026-02-12 04:00:00,465.78,466.53,465.14,465.94,0
2026-02-12 05:00:00,466.01,466.79,464.98,464.98,0
2026-02-12 06:00:00,465.08,465.44,464.52,465.15,0
2026-02-12 07:00:00,465.18,465.66,464.65,465.14,0
2026-02-12 08:00:00,465.12,467.63,463.79,465.1,0
2026-02-12 09:00:00,465.26,467.63,456.62,465.38,0
2026-02-12 09:30:00,464.8999938964844,466.0,462.94000244140625,465.5199890136719,2705440
2026-02-12 10:30:00,465.489990234375,466.3799133300781,448.05999755859375,449.8999938964844,6612310
2026-02-12 11:30:00,449.7699890136719,457.6600036621094,449.6000061035156,456.1000061035156,4566869
2026-02-12 12:30:00,456.0799865722656,457.0,450.75,452.7099914550781,1863149
2026-02-12 13:30:00,452.7699890136719,454.9299926757813,452.5499877929687,453.010009765625,1006937
2026-02-12 14:30:00,453.0700073242187,455.4599914550781,452.0700073242187,452.1499938964844,1391856
2026-02-12 15:30:00,452.1199951171875,452.6549987792969,451.1199951171875,451.55999755859375,1543561
2026-02-12 16:00:00,451.39,459.6141,441.452,450.7989,0
2026-02-12 17:00:00,452.34,452.75,430.3227,452.75,0
2026-02-12 18:00:00,452.75,452.86,449.0,451.89,0
2026-02-13 04:00:00,458.05,458.05,456.42,456.56,0
2026-02-13 05:00:00,456.23,457.7,456.06,457.5,0
2026-02-13 06:00:00,457.53,457.53,453.42,454.5,0
2026-02-13 07:00:00,454.46,457.01,453.53,456.46,0
2026-02-13 08:00:00,456.47,458.55,451.39,456.58,0
2026-02-13 09:00:00,456.71,459.84,451.39,459.41,0
2026-02-13 09:30:00,459.7300109863281,460.7300109863281,456.25,460.4417114257813,3138149
2026-02-13 10:30:00,460.44000244140625,462.7298889160156,457.1000061035156,462.1300048828125,3223575
2026-02-13 11:30:00,462.1300048828125,462.1600036621094,460.1199951171875,461.2099914550781,1119734
2026-02-13 12:30:00,461.1700134277344,462.4100036621094,460.94000244140625,461.5799865722656,760651
2026-02-13 13:30:00,461.55999755859375,463.83990478515625,461.4444885253906,463.4100036621094,1150098
2026-02-13 14:30:00,463.3999938964844,463.55999755859375,461.75,462.2099914550781,1152513
2026-02-13 15:30:00,462.19000244140625,462.7999877929687,461.5400085449219,462.6000061035156,1181244
2026-02-13 16:00:00,462.62,463.8,435.574,463.25,0
2026-02-13 17:00:00,463.25,463.75,435.574,463.15,0
2026-02-13 18:00:00,463.15,463.4,462.62,463.2,0
2026-02-17 04:00:00,452.34,453.75,451.9,452.15,0
2026-02-17 05:00:00,452.0,453.92,451.28,453.0,0
2026-02-17 06:00:00,452.9,453.2,451.16,452.8,0
2026-02-17 07:00:00,452.98,454.48,452.41,454.35,0
2026-02-17 08:00:00,454.29,462.62,446.83,452.15,0
2026-02-17 09:00:00,452.27,462.62,444.78,450.0,0
2026-02-17 09:30:00,450.260009765625,450.9898986816406,445.5299987792969,446.69000244140625,4034233
2026-02-17 10:30:00,446.7699890136719,449.75,445.8800048828125,448.8200073242187,1639369
2026-02-17 11:30:00,448.8599853515625,449.2000122070313,445.7699890136719,447.1099853515625,1360371
2026-02-17 12:30:00,447.0700073242187,449.4800109863281,446.1000061035156,449.1099853515625,817118
2026-02-17 13:30:00,449.0075073242187,451.3699951171875,448.489990234375,448.75,1055987
2026-02-17 14:30:00,448.718505859375,449.19000244140625,447.8299865722656,448.2699890136719,758912
2026-02-17 15:30:00,448.239990234375,448.8500061035156,447.8937072753906,448.2300109863281,858447
2026-02-17 16:00:00,448.23,449.07,447.96,448.5,0
2026-02-17 17:00:00,448.41,448.5,428.6734,448.5,0
2026-02-17 18:00:00,448.35,448.8192,445.9,446.686,0
2026-02-18 04:00:00,450.8,452.98,450.8,452.28,0
2026-02-18 05:00:00,452.34,452.6,451.88,452.31,0
2026-02-18 06:00:00,452.17,452.17,451.21,451.73,0
2026-02-18 07:00:00,451.81,452.97,450.85,452.34,0
2026-02-18 08:00:00,452.25,456.0,448.2,455.4178,0
2026-02-18 09:00:00,455.5,456.57,448.2,455.61,0
2026-02-18 09:30:00,455.80999755859375,460.4200134277344,455.3240051269531,459.9450073242187,4223948
2026-02-18 10:30:00,459.9525146484375,459.989990234375,458.6799926757813,459.2200012207031,916628
2026-02-18 11:30:00,459.1700134277344,460.510009765625,458.989990234375,459.4299926757813,945273
2026-02-18 12:30:00,459.44000244140625,459.7900085449219,458.2699890136719,458.3900146484375,723022
2026-02-18 13:30:00,458.3900146484375,459.0685119628906,456.9200134277344,457.5499877929687,1224364
2026-02-18 14:30:00,457.539306640625,458.0997009277344,457.010009765625,457.3800048828125,840116
2026-02-18 15:30:00,457.3699951171875,458.3500061035156,457.3200073242187,458.1400146484375,860020
2026-02-18 16:00:00,458.28,458.28,446.7,457.5114,0
2026-02-18 17:00:00,457.55,458.28,456.5,457.58,0
2026-02-18 18:00:00,457.5,458.3,455.9,457.08,0
2026-02-19 04:00:00,460.11,461.34,459.24,459.45,0
2026-02-19 05:00:00,459.42,459.99,457.91,458.39,0
2026-02-19 06:00:00,458.01,459.25,457.46,458.25,0
2026-02-19 07:00:00,458.14,458.65,457.46,458.64,0
2026-02-19 08:00:00,458.69,461.48,457.04,457.98,0
2026-02-19 09:00:00,457.8,459.29,456.64,456.9932,0
2026-02-19 09:30:00,457.3399963378906,460.94000244140625,456.0299987792969,460.9100036621094,2635743
2026-02-19 10:30:00,460.8900146484375,461.5050048828125,458.5899963378906,459.2799987792969,1259183
2026-02-19 11:30:00,459.30999755859375,460.2999877929687,458.5299987792969,458.8399963378906,904918
2026-02-19 12:30:00,458.8200073242187,459.0549926757813,457.2000122070313,457.3800048828125,752823
2026-02-19 13:30:00,457.3399963378906,458.5400085449219,457.0899963378906,458.4100036621094,606791
2026-02-19 14:30:00,458.3900146484375,459.1099853515625,457.427001953125,458.989990234375,683918
2026-02-19 15:30:00,458.9800109863281,459.6799926757813,458.9100036621094,459.55999755859375,914559
2026-02-19 16:00:00,459.56,459.79,458.631,458.81,0
2026-02-19 17:00:00,459.0124,459.56,458.87,459.33,0
2026-02-19 18:00:00,459.34,460.05,458.04,458.3,0
2026-02-20 04:00:00,462.23,463.4,461.44,462.65,0
2026-02-20 05:00:00,462.61,462.81,461.25,461.91,0
2026-02-20 06:00:00,462.13,463.04,461.9,462.0,0
2026-02-20 07:00:00,462.01,462.57,460.55,460.55,0
2026-02-20 08:00:00,460.64,463.33,459.38,462.13,0
2026-02-20 09:00:00,462.15,464.0,459.56,463.48,0
2026-02-20 09:30:00,463.25,465.3699951171875,458.3399963378906,461.8200073242187,4628279
2026-02-20 10:30:00,461.9500122070313,464.7099914550781,461.135009765625,464.3999938964844,1176214
2026-02-20 11:30:00,464.3800048828125,466.25,464.3399963378906,465.4164123535156,1487469
2026-02-20 12:30:00,465.3999938964844,466.5299987792969,464.4500122070313,464.9299926757813,898256
2026-02-20 13:30:00,464.9200134277344,466.4599914550781,464.75,465.9200134277344,1362087
2026-02-20 14:30:00,465.9599914550781,467.5,465.9299926757813,467.3250122070313,1573547
2026-02-20 15:30:00,467.3200073242187,468.5899963378906,467.1300048828125,468.4800109863281,2562216
2026-02-20 16:00:00,468.49,469.45,467.94,469.4499,0
2026-02-20 17:00:00,469.45,492.9273,468.62,469.51,0
2026-02-20 18:00:00,469.55,469.8,469.5,469.78,0
2026-02-23 04:00:00,472.26,473.2,471.5,473.17,0
2026-02-23 05:00:00,473.2,473.86,472.62,473.71,0
2026-02-23 06:00:00,473.77,474.49,472.78,473.34,0
2026-02-23 07:00:00,473.26,473.66,472.87,473.2,0
2026-02-23 08:00:00,473.3,474.68,468.62,473.24,0
2026-02-23 09:00:00,473.27,473.96,468.62,473.93,0
2026-02-23 09:30:00,474.6499938964844,478.2699890136719,474.6099853515625,477.69000244140625,4888585
2026-02-23 10:30:00,477.7099914550781,479.6499938964844,475.6300048828125,479.2300109863281,2341998
2026-02-23 11:30:00,479.2699890136719,479.5794067382813,477.8699951171875,478.8299865722656,2213644
2026-02-23 12:30:00,478.8804016113281,479.3299865722656,477.1000061035156,478.4200134277344,1580818
2026-02-23 13:30:00,478.4599914550781,479.2699890136719,478.4100036621094,478.7699890136719,938739
2026-02-23 14:30:00,478.760009765625,480.2999877929687,478.6700134277344,480.1951904296875,2106638
2026-02-23 15:30:00,480.2000122070313,481.4599914550781,480.1499938964844,481.30999755859375,2738335
2026-02-23 16:00:00,481.28,481.44,460.05,480.46,0
2026-02-23 17:00:00,480.6,481.28,480.42,480.87,0
2026-02-23 18:00:00,480.61,482.5,480.0,481.31,0
2026-02-24 04:00:00,475.36,476.48,474.72,474.99,0
2026-02-24 05:00:00,475.03,476.15,474.78,475.66,0
2026-02-24 06:00:00,475.65,475.8,474.53,475.52,0
2026-02-24 07:00:00,475.59,475.91,473.0,474.4,0
2026-02-24 08:00:00,474.5,481.28,472.67,473.84,0
2026-02-24 09:00:00,473.95,474.0,468.0,469.14,0
2026-02-24 09:30:00,470.0849914550781,472.9800109863281,469.5499877929687,472.19000244140625,4488337
2026-02-24 10:30:00,472.1700134277344,473.809814453125,471.8200073242187,472.7000122070313,1695141
2026-02-24 11:30:00,472.7200012207031,474.5400085449219,471.5199890136719,474.05999755859375,2272847
2026-02-24 12:30:00,474.0400085449219,475.1700134277344,473.8500061035156,474.0799865722656,1331667
2026-02-24 13:30:00,474.0799865722656,474.510009765625,472.9700012207031,473.44000244140625,983511
2026-02-24 14:30:00,473.4800109863281,475.1199951171875,472.9599914550781,474.9690856933594,862046
2026-02-24 15:30:00,474.9800109863281,475.44000244140625,474.0199890136719,474.5799865722656,1794329
2026-02-24 16:00:00,474.61,475.0,470.4526,472.59,0
2026-02-24 17:00:00,472.7,474.61,472.5,472.5186,0
2026-02-24 18:00:00,472.52,473.55,470.417,473.0,0
2026-02-25 04:00:00,476.58,477.12,475.6,476.63,0
2026-02-25 05:00:00,476.67,477.39,475.37,475.6,0
2026-02-25 06:00:00,475.56,476.1,473.78,475.0,0
2026-02-25 07:00:00,475.0,476.67,474.8,476.33,0
2026-02-25 08:00:00,476.41,479.0,473.74,476.72,0
2026-02-25 09:00:00,476.7229,477.08,474.61,476.54,0
2026-02-25 09:30:00,475.739990234375,478.1099853515625,474.1000061035156,476.0,4223395
2026-02-25 10:30:00,476.010009765625,478.4599914550781,475.2799987792969,478.1600036621094,1117063
2026-02-25 11:30:00,478.1400146484375,479.5299987792969,477.8200073242187,479.0400085449219,1361201
2026-02-25 12:30:00,479.1300048828125,479.2398986816406,478.2099914550781,478.52288818359375,673713
2026-02-25 13:30:00,478.5249938964844,478.6000061035156,477.1099853515625,478.0899963378906,741622
2026-02-25 14:30:00,478.1199951171875,478.7000122070313,476.2999877929687,476.6325073242187,1872937
2026-02-25 15:30:00,476.6600036621094,476.9800109863281,472.8999938964844,473.455810546875,1909809
2026-02-25 16:00:00,473.42,477.08,473.26,474.79,0
2026-02-25 17:00:00,474.95,475.0,442.1677,474.4,0
2026-02-25 18:00:00,474.41,476.12,473.42,474.11,0
2026-02-26 04:00:00,475.72,477.4,475.33,476.01,0
2026-02-26 05:00:00,475.96,476.87,475.83,475.83,0
2026-02-26 06:00:00,475.8,475.8,474.68,475.25,0
2026-02-26 07:00:00,475.2,475.88,473.85,475.79,0
2026-02-26 08:00:00,475.77,478.21,473.42,475.45,0
2026-02-26 09:00:00,475.47,475.96,473.42,474.69,0
2026-02-26 09:30:00,474.9500122070313,475.55999755859375,471.2300109863281,472.3599853515625,2975553
2026-02-26 10:30:00,472.2999877929687,477.1499938964844,472.226806640625,476.0299987792969,2064501
2026-02-26 11:30:00,475.9599914550781,476.9198913574219,475.3299865722656,475.3999938964844,1012388
2026-02-26 12:30:00,475.3599853515625,475.75,474.25,475.6050109863281,931565
2026-02-26 13:30:00,475.6300048828125,476.7300109863281,474.0700073242187,476.4100036621094,1152630
2026-02-26 14:30:00,476.4700012207031,477.5299987792969,476.2200012207031,477.1536865234375,1173161
2026-02-26 15:30:00,477.1524963378906,477.8299865722656,476.7737121582031,477.4700012207031,989669
2026-02-26 16:00:00,477.48,477.81,449.9327,476.3,0
2026-02-26 17:00:00,476.35,476.52,446.8754,476.29,0
2026-02-26 18:00:00,476.3,477.48,475.5,476.45,0
2026-02-27 04:00:00,475.94,476.3,475.6,475.86,0
2026-02-27 05:00:00,475.84,476.24,474.84,475.37,0
2026-02-27 06:00:00,475.38,475.92,475.0,475.77,0
2026-02-27 07:00:00,475.83,476.98,475.72,476.67,0
2026-02-27 08:00:00,476.6,481.62,474.9385,481.15,0
2026-02-27 09:00:00,481.2,481.25,477.48,480.26,0
2026-02-27 09:30:00,480.75,481.5799865722656,479.1099853515625,480.760009765625,4269139
2026-02-27 10:30:00,480.7799987792969,483.1730041503906,479.8900146484375,481.05999755859375,2860101
2026-02-27 11:30:00,481.0700073242187,481.44000244140625,480.0150146484375,480.510009765625,1867713
2026-02-27 12:30:00,480.4599914550781,481.3800048828125,479.7099914550781,480.7000122070313,1228670
2026-02-27 13:30:00,480.69000244140625,482.6700134277344,480.3200073242187,482.2799987792969,1487649
2026-02-27 14:30:00,482.3349914550781,483.6000061035156,481.8999938964844,483.1000061035156,1191588
2026-02-27 15:30:00,483.0799865722656,483.8999938964844,482.8800048828125,483.739990234375,2344890
2026-02-27 16:00:00,483.68,485.29,479.904,485.192,0
2026-02-27 17:00:00,485.2079,485.34,483.75,485.29,0
2026-02-27 18:00:00,485.26,485.85,483.75,485.53,0
2026-03-02 04:00:00,495.0,497.0,493.35,495.62,0
2026-03-02 05:00:00,495.7,496.5,494.23,495.24,0
2026-03-02 06:00:00,495.33,496.3,494.46,495.39,0
2026-03-02 07:00:00,495.39,496.22,493.58,495.65,0
2026-03-02 08:00:00,495.65,498.01,483.75,496.4,0
2026-03-02 09:00:00,496.5,497.8,483.75,493.86,0
2026-03-02 09:30:00,490.0950012207031,492.1499938964844,487.5,489.7699890136719,7903796
2026-03-02 10:30:00,489.7550048828125,491.4800109863281,483.2799987792969,487.93499755859375,3987035
2026-03-02 11:30:00,487.9100036621094,488.1300048828125,485.37310791015625,487.4800109863281,2791355
2026-03-02 12:30:00,487.4599914550781,488.8999938964844,486.0501098632813,486.8399963378906,1186435
2026-03-02 13:30:00,486.8500061035156,490.1000061035156,486.1600036621094,489.8699951171875,946826
2026-03-02 14:30:00,489.9100036621094,491.3299865722656,489.1449890136719,490.0799865722656,1389116
2026-03-02 15:30:00,490.1499938964844,491.14849853515625,489.8800048828125,489.9800109863281,1206822
2026-03-02 16:00:00,490.04,490.75,455.5871,489.16,0
2026-03-02 17:00:00,489.07,490.0,455.5871,489.06,0
2026-03-02 18:00:00,489.11,491.3,489.0101,491.29,0
2026-03-03 04:00:00,487.44,487.83,480.09,481.61,0
2026-03-03 05:00:00,481.59,485.82,481.51,484.9,0
2026-03-03 06:00:00,484.8,484.8,469.64,471.19,0
2026-03-03 07:00:00,471.04,478.62,466.11,478.29,0
2026-03-03 08:00:00,478.26,493.19,466.2631,475.8598,0
2026-03-03 09:00:00,475.68,490.0,471.1328,474.65,0
2026-03-03 09:30:00,472.8299865722656,472.8800048828125,458.9299926757813,463.4100036621094,9930361
2026-03-03 10:30:00,463.3699951171875,471.0400085449219,462.7701110839844,469.7999877929687,3784136
2026-03-03 11:30:00,469.7749938964844,471.7300109863281,466.8500061035156,467.1749877929687,1935793
2026-03-03 12:30:00,467.19000244140625,470.1700134277344,465.4100036621094,469.7799072265625,1536252
2026-03-03 13:30:00,469.6799926757813,473.2000122070313,468.80999755859375,469.239990234375,1671328
2026-03-03 14:30:00,469.25,471.44000244140625,468.5700073242187,470.7200012207031,1114335
2026-03-03 15:30:00,470.760009765625,471.0400085449219,467.3200073242187,468.2200012207031,1819404
2026-03-03 16:00:00,468.24,469.53,462.416,467.71,0
2026-03-03 17:00:00,467.72,468.14,467.6,467.99,0
2026-03-03 18:00:00,468.28,471.39,467.11,470.9,0
2026-03-04 04:00:00,475.0,475.73,474.1,475.1,0
2026-03-04 05:00:00,475.0,478.01,474.94,476.8,0
2026-03-04 06:00:00,476.8,477.55,475.95,477.37,0
2026-03-04 07:00:00,477.4,478.37,475.5,475.8,0
2026-03-04 08:00:00,475.72,478.429,468.14,477.0285,0
2026-03-04 09:00:00,477.07,477.1138,468.14,474.58,0
2026-03-04 09:30:00,474.8200073242187,476.4150085449219,471.44000244140625,473.8599853515625,3341769
2026-03-04 10:30:00,473.8599853515625,474.7999877929687,471.614990234375,472.9299926757813,1340137
2026-03-04 11:30:00,472.8999938964844,474.0799865722656,470.3999938964844,471.6300048828125,1626696
2026-03-04 12:30:00,471.6600036621094,472.9500122070313,469.5499877929687,470.7099914550781,994643
2026-03-04 13:30:00,470.739990234375,472.0,469.3900146484375,470.8500061035156,581817
2026-03-04 14:30:00,470.8399963378906,472.2799987792969,470.739990234375,472.0,722464
2026-03-04 15:30:00,472.1600036621094,472.8999938964844,471.55999755859375,471.75,949591
2026-03-04 16:00:00,471.77,472.57,471.34,472.24,0
2026-03-04 17:00:00,472.0,472.88,471.8,471.8,0
2026-03-04 18:00:00,472.36,474.6897,472.36,474.58,0
2026-03-05 04:00:00,474.67,475.93,474.08,474.87,0
2026-03-05 05:00:00,474.86,474.9,472.8,473.68,0
2026-03-05 06:00:00,473.7,474.71,472.8,474.12,0
2026-03-05 07:00:00,474.16,475.02,473.76,474.35,0
2026-03-05 08:00:00,474.2,475.98,466.59,470.38,0
2026-03-05 09:00:00,470.53,471.95,469.4,469.7,0
2026-03-05 09:30:00,470.4500122070313,470.6700134277344,464.7799987792969,467.19000244140625,4214412
2026-03-05 10:30:00,467.2000122070313,468.8200073242187,464.7300109863281,465.1050109863281,1204305
2026-03-05 11:30:00,465.1700134277344,467.4700012207031,464.239990234375,466.1300048828125,1157714
2026-03-05 12:30:00,466.19000244140625,466.3291015625,463.9100036621094,465.7999877929687,1226433
2026-03-05 13:30:00,465.739990234375,467.0700073242187,464.94000244140625,465.3999938964844,889817
2026-03-05 14:30:00,465.3800048828125,467.9599914550781,464.4100036621094,466.62249755859375,1158109
2026-03-05 15:30:00,466.6600036621094,466.80999755859375,465.9200134277344,466.2099914550781,1244008
2026-03-05 16:00:00,466.13,467.28,465.86,466.87,0
2026-03-05 17:00:00,466.8437,467.03,466.13,466.8,0
2026-03-05 18:00:00,466.94,469.0,466.8827,467.32,0
2026-03-06 04:00:00,469.27,470.24,467.93,468.5,0
2026-03-06 05:00:00,468.42,468.75,466.35,467.78,0
2026-03-06 06:00:00,467.49,468.37,466.8,468.08,0
2026-03-06 07:00:00,468.01,468.5,465.19,467.3,0
2026-03-06 08:00:00,467.55,471.35,465.27,467.08,0
2026-03-06 09:00:00,467.49,471.4,466.0,468.27,0
2026-03-06 09:30:00,469.0400085449219,475.1400146484375,467.0700073242187,474.260009765625,4231926
2026-03-06 10:30:00,474.25,474.6400146484375,471.7300109863281,472.4450073242187,1212193
2026-03-06 11:30:00,472.5,472.989990234375,470.9299926757813,472.4649963378906,1250419
2026-03-06 12:30:00,472.510009765625,473.3999938964844,471.6000061035156,473.239990234375,789358
2026-03-06 13:30:00,473.19000244140625,475.4599914550781,473.0700073242187,474.6000061035156,880995
2026-03-06 14:30:00,474.5700073242187,474.8349914550781,473.4100036621094,473.510009765625,772678
2026-03-06 15:30:00,473.5299987792969,474.25,473.1099853515625,473.5199890136719,926446
2026-03-06 16:00:00,473.51,475.55,471.02,475.2,0
2026-03-06 17:00:00,475.34,475.56,473.51,475.2499,0
2026-03-06 18:00:00,475.2051,475.42,475.0,475.4,0
2026-03-09 04:00:00,469.7,469.88,467.76,467.76,0
2026-03-09 05:00:00,467.76,471.05,467.46,470.9,0
2026-03-09 06:00:00,470.92,471.51,468.32,468.45,0
2026-03-09 07:00:00,468.44,468.5,466.74,467.19,0
2026-03-09 08:00:00,467.25,473.51,466.61,469.43,0
2026-03-09 09:00:00,469.55,473.51,467.54,467.987,0
2026-03-09 09:30:00,468.0899963378906,469.5899963378906,464.7900085449219,466.8900146484375,3227577
2026-03-09 10:30:00,466.8299865722656,470.043701171875,466.6300048828125,468.5,1164117
2026-03-09 11:30:00,468.4700012207031,469.4200134277344,467.9500122070313,468.9800109863281,771295
2026-03-09 12:30:00,468.9299926757813,469.5199890136719,467.7000122070313,468.0799865722656,685897
2026-03-09 13:30:00,468.1099853515625,469.2099914550781,467.5899963378906,469.0299987792969,583260
2026-03-09 14:30:00,469.010009765625,472.6300048828125,468.9500122070313,472.2500915527344,1176119
2026-03-09 15:30:00,472.260009765625,472.6799926757813,470.9299926757813,472.4500122070313,936834
2026-03-09 16:00:00,472.42,473.51,468.97,472.16,0
2026-03-09 17:00:00,472.17,472.17,471.5,472.05,0
2026-03-09 18:00:00,472.14,473.3623,470.25,473.3623,0
2026-03-09 19:00:00,473.4,473.776,471.9011,472.52,0
2026-03-10 04:00:00,476.0,476.32,475.0,476.2,0
2026-03-10 05:00:00,476.3,477.27,476.0,476.65,0
2026-03-10 06:00:00,476.59,476.78,475.37,475.37,0
2026-03-10 07:00:00,475.35,477.0,473.78,476.22,0
2026-03-10 08:00:00,476.0,477.28,472.53,475.92,0
2026-03-10 09:00:00,475.84,478.04,475.7914,477.84,0
2026-03-10 09:30:00,479.739990234375,479.7699890136719,476.4200134277344,478.6000061035156,2413053
2026-03-10 10:30:00,478.6499938964844,480.3900146484375,478.0,480.1189880371094,1471164
2026-03-10 11:30:00,480.1400146484375,481.30999755859375,479.8999938964844,480.739990234375,1099024
2026-03-10 12:30:00,480.7650146484375,481.0499877929687,479.9674987792969,480.8599853515625,883981
2026-03-10 13:30:00,480.8800048828125,481.010009765625,474.2099914550781,478.14990234375,1424048
2026-03-10 14:30:00,478.125,478.5599060058594,476.3622131347656,477.8699951171875,716358
2026-03-10 15:30:00,477.8949890136719,477.8999938964844,475.9599914550781,477.7300109863281,1145427
2026-03-10 16:00:00,477.78,477.86,471.8,477.0,0
2026-03-10 17:00:00,477.05,477.3988,477.01,477.13,0
2026-03-10 18:00:00,477.13,477.86,476.36,476.99,0
2026-03-10 19:00:00,477.0,477.72,476.4,477.37,0
2026-03-11 04:00:00,477.76,477.86,476.17,476.27,0
2026-03-11 05:00:00,476.2,476.87,475.55,476.62,0
2026-03-11 06:00:00,476.6,477.47,476.56,477.02,0
2026-03-11 07:00:00,476.94,477.17,475.73,476.06,0
2026-03-11 08:00:00,476.05,478.68,475.48,476.9585,0
2026-03-11 09:00:00,477.0,477.86,474.22,475.7,0
2026-03-11 09:30:00,476.1300048828125,477.3900146484375,473.1300048828125,477.2799987792969,2159498
2026-03-11 10:30:00,477.25,477.4500122070313,474.8800048828125,475.25,1410704
2026-03-11 11:30:00,475.25,475.5400085449219,474.4800109863281,474.7799987792969,762459
2026-03-11 12:30:00,474.7699890136719,476.05999755859375,474.69000244140625,475.2200012207031,787927
2026-03-11 13:30:00,475.2300109863281,475.80999755859375,473.4800109863281,475.75,828017
2026-03-11 14:30:00,475.75,475.8299865722656,474.9599914550781,475.7099914550781,650309
2026-03-11 15:30:00,475.7200012207031,476.2999877929687,475.6000061035156,476.260009765625,682912
2026-03-11 16:00:00,476.24,476.3,475.521,475.7,0
2026-03-11 17:00:00,475.71,476.24,475.55,475.73,0
2026-03-11 18:00:00,475.67,476.1,471.28,472.2887,0
2026-03-11 19:00:00,472.09,474.012,471.6,471.6,0
2026-03-12 04:00:00,474.98,476.68,474.98,475.6,0
2026-03-12 05:00:00,475.8,476.05,475.29,475.8,0
2026-03-12 06:00:00,475.88,476.88,475.88,475.92,0
2026-03-12 07:00:00,475.8,476.16,475.3,475.66,0
2026-03-12 08:00:00,475.74,476.94,471.91,475.1,0
2026-03-12 09:00:00,475.0911,476.3899,474.81,476.21,0
2026-03-12 09:30:00,475.0199890136719,475.0199890136719,472.7250061035156,473.3049926757813,1572869
2026-03-12 10:30:00,473.2999877929687,473.4299926757813,469.3500061035156,471.1099853515625,2006396
2026-03-12 11:30:00,471.114990234375,471.94000244140625,470.1099853515625,471.3599853515625,1088068
2026-03-12 12:30:00,471.3500061035156,471.8799133300781,469.6799926757813,470.1799926757813,1442539
2026-03-12 13:30:00,470.19000244140625,470.2950134277344,468.5199890136719,468.8900146484375,1764235
2026-03-12 14:30:00,468.8500061035156,468.8800048828125,466.6000061035156,467.8399963378906,1860118
2026-03-12 15:30:00,467.8450012207031,468.1300048828125,466.6600036621094,466.9800109863281,1582631
2026-03-12 16:00:00,467.05,467.57,441.452,466.48,0
2026-03-12 17:00:00,466.37,466.88,441.452,466.7,0
2026-03-12 18:00:00,466.7,468.0,465.9937,467.97,0
2026-03-12 19:00:00,467.8084,468.595,467.37,468.37,0
2026-03-13 04:00:00,467.84,467.84,465.05,465.8,0
2026-03-13 05:00:00,465.98,468.22,465.8,467.7,0
2026-03-13 06:00:00,467.81,468.25,467.05,467.57,0
2026-03-13 07:00:00,467.63,468.37,466.8,468.02,0
2026-03-13 08:00:00,468.04,470.28,465.1379,469.9,0
2026-03-13 09:00:00,469.83,470.59,466.88,469.64,0
2026-03-13 09:30:00,469.30999755859375,470.10198974609375,466.9200134277344,467.4800109863281,1947439
2026-03-13 10:30:00,467.4700927734375,467.7999877929687,462.6044006347656,465.1499938964844,2295759
2026-03-13 11:30:00,465.114990234375,465.6000061035156,461.1099853515625,463.1199951171875,2323677
2026-03-13 12:30:00,463.1199951171875,465.0499877929687,463.0799865722656,464.4599914550781,1348138
2026-03-13 13:30:00,464.5299987792969,465.2000122070313,462.7000122070313,463.1799926757813,941638
2026-03-13 14:30:00,463.0899963378906,463.9100036621094,462.30999755859375,462.55999755859375,893984
2026-03-13 15:30:00,462.5400085449219,462.7499084472656,460.2200012207031,460.7999877929687,1514718
2026-03-13 16:00:00,460.85,461.65,460.5,461.1392,0
2026-03-13 17:00:00,461.1,461.2,433.612,461.07,0
2026-03-13 18:00:00,461.08,461.08,460.84,461.08,0
2026-03-13 19:00:00,461.0738,461.08,460.5877,460.72,0
2026-03-16 04:00:00,459.69,460.24,458.21,459.02,0
2026-03-16 05:00:00,459.0,459.14,457.54,458.24,0
2026-03-16 06:00:00,458.28,458.52,456.63,458.09,0
2026-03-16 07:00:00,458.02,461.4,457.57,461.08,0
2026-03-16 08:00:00,461.08,462.65,456.5973,461.35,0
2026-03-16 09:00:00,461.38,461.81,460.35,461.4018,0
2026-03-16 09:30:00,461.2650146484375,462.7999877929687,460.6199951171875,460.6400146484375,2498885
2026-03-16 10:30:00,460.6199951171875,460.6700134277344,457.9100036621094,458.5499877929687,1873408
2026-03-16 11:30:00,458.5499877929687,459.6300048828125,457.2799987792969,457.5,1269940
2026-03-16 12:30:00,457.4393005371094,459.7000122070313,456.9049987792969,458.9200134277344,844981
2026-03-16 13:30:00,458.94000244140625,460.0599060058594,457.8699951171875,459.8699951171875,619149
2026-03-16 14:30:00,459.8800048828125,461.1700134277344,459.7900085449219,460.239990234375,834625
2026-03-16 15:30:00,460.2300109863281,460.8299865722656,460.0700073242187,460.4500122070313,666503
2026-03-16 16:00:00,460.43,461.34,459.696,460.0,0
2026-03-16 17:00:00,460.0,461.35,432.7559,460.2,0
2026-03-16 18:00:00,460.05,460.8,459.26,459.62,0
2026-03-16 19:00:00,459.6,460.8,459.4,460.8,0
2026-03-17 04:00:00,461.38,462.8,460.67,461.34,0
2026-03-17 05:00:00,461.3,461.7,460.49,461.12,0
2026-03-17 06:00:00,460.94,460.99,459.5,459.69,0
2026-03-17 07:00:00,459.6,460.24,458.64,459.95,0
2026-03-17 08:00:00,459.97,463.37,458.69,461.22,0
2026-03-17 09:00:00,461.18,461.5,460.25,460.86,0
2026-03-17 09:30:00,460.510009765625,462.2099914550781,459.7999877929687,460.1199951171875,2589551
2026-03-17 10:30:00,460.05999755859375,461.1199951171875,458.7200012207031,458.8500061035156,976071
2026-03-17 11:30:00,458.80999755859375,459.8399963378906,456.8699951171875,459.7200012207031,1187014
2026-03-17 12:30:00,459.7200012207031,460.114990234375,459.0899963378906,459.5499877929687,521285
2026-03-17 13:30:00,459.5700073242187,460.2000122070313,458.9549865722656,459.6831970214844,461679
2026-03-17 14:30:00,459.69000244140625,460.1400146484375,459.1499938964844,459.2980041503906,757546
2026-03-17 15:30:00,459.30999755859375,459.6499938964844,458.989990234375,459.2999877929687,863893
2026-03-17 16:00:00,459.27,459.96,459.22,459.7654,0
2026-03-17 17:00:00,459.76,459.95,428.6734,459.84,0
2026-03-17 18:00:00,459.84,459.84,458.75,459.25,0
2026-03-17 19:00:00,459.45,459.76,459.25,459.69,0
2026-03-18 04:00:00,459.69,459.69,457.88,458.31,0
2026-03-18 05:00:00,458.4,458.71,457.32,458.6,0
2026-03-18 06:00:00,458.67,458.9,457.6,457.7,0
2026-03-18 07:00:00,457.74,458.0,454.38,454.7,0
2026-03-18 08:00:00,454.6,460.8,449.77,450.35,0
2026-03-18 09:00:00,450.5,450.5,445.43,446.42,0
2026-03-18 09:30:00,446.6600036621094,449.6300048828125,445.5499877929687,446.510009765625,6429946
2026-03-18 10:30:00,446.5,448.2799987792969,446.1000061035156,447.510009765625,1926798
2026-03-18 11:30:00,447.510009765625,448.5398864746094,446.4800109863281,448.4898986816406,1524884
2026-03-18 12:30:00,448.4700012207031,449.9500122070313,447.6600036621094,449.2999877929687,2089178
2026-03-18 13:30:00,449.2900085449219,450.05999755859375,448.05999755859375,448.8900146484375,1329833
2026-03-18 14:30:00,448.7900085449219,449.0799865722656,444.8999938964844,445.4100036621094,2744565
2026-03-18 15:30:00,445.4200134277344,446.4800109863281,444.3900146484375,444.8299865722656,1521989
2026-03-18 16:00:00,444.74,446.796,424.4514,442.79,0
2026-03-18 17:00:00,442.7,443.44,414.0583,442.86,0
2026-03-18 18:00:00,442.96,444.74,441.2696,443.9,0
2026-03-18 19:00:00,443.9899,444.7988,443.5,443.9,0
2026-03-19 04:00:00,441.88,441.88,430.47,432.51,0
2026-03-19 05:00:00,432.52,434.0,430.62,431.58,0
2026-03-19 06:00:00,431.59,433.45,429.09,430.44,0
2026-03-19 07:00:00,430.14,431.65,428.66,430.48,0
2026-03-19 08:00:00,430.43,445.85,422.68,423.23,0
2026-03-19 09:00:00,423.18,444.74,413.46,417.078,0
2026-03-19 09:30:00,420.3599853515625,426.9599914550781,416.7999877929687,421.1300048828125,13466957
2026-03-19 10:30:00,421.1300048828125,426.0199890136719,420.7513122558594,422.7698059082031,3407273
2026-03-19 11:30:00,422.6799926757813,424.8500061035156,419.2999877929687,422.3900146484375,2932708
2026-03-19 12:30:00,422.4249877929687,423.75,420.05999755859375,422.75,2600879
2026-03-19 13:30:00,422.7999877929687,425.1600036621094,422.4299926757813,423.30999755859375,1896568
2026-03-19 14:30:00,423.2799987792969,428.2677001953125,422.1099853515625,426.5199890136719,2961686
2026-03-19 15:30:00,426.510009765625,427.0700073242187,425.3999938964844,426.4649963378906,1852610
2026-03-19 16:00:00,426.41,436.7373,418.9065,427.26,0
2026-03-19 17:00:00,427.26,427.8634,426.41,427.2148,0
2026-03-19 18:00:00,427.3,429.7,425.66,426.07,0
2026-03-19 19:00:00,426.03,426.96,425.68,426.4,0
2026-03-20 04:00:00,433.5,434.9,430.08,433.82,0
2026-03-20 05:00:00,433.76,433.78,430.3,430.99,0
2026-03-20 06:00:00,430.99,431.0,426.8,427.79,0
2026-03-20 07:00:00,427.88,428.92,426.0,428.55,0
2026-03-20 08:00:00,428.47,434.93,426.035,429.82,0
2026-03-20 09:00:00,429.97,430.0988,426.41,428.2897,0
2026-03-20 09:30:00,428.0899963378906,428.5899963378906,418.0199890136719,418.69000244140625,5174368
2026-03-20 10:30:00,418.6799926757813,421.1600036621094,417.0499877929687,419.1050109863281,3530207
2026-03-20 11:30:00,419.0700073242187,423.80999755859375,417.3901062011719,421.1600036621094,3029382
2026-03-20 12:30:00,421.1700134277344,422.5199890136719,419.5499877929687,419.9500122070313,4135870
2026-03-20 13:30:00,419.9599914550781,420.5199890136719,416.7127075195313,418.3599853515625,2513450
2026-03-20 14:30:00,418.3200073242187,418.55999755859375,411.2300109863281,413.1799926757813,4723278
2026-03-20 15:30:00,413.25,414.8599853515625,412.6300048828125,413.5499877929687,3003985
2026-03-20 16:00:00,413.38,419.5,402.6451,412.88,0
2026-03-20 17:00:00,412.82,418.8837,402.6451,412.7803,0
2026-03-20 18:00:00,412.7817,414.0,412.59,413.15,0
2026-03-20 19:00:00,413.19,413.29,412.2,412.7411,0
2026-03-23 04:00:00,389.06,390.97,385.53,388.3,0
2026-03-23 05:00:00,388.24,395.33,387.55,395.26,0
2026-03-23 06:00:00,395.28,395.76,387.96,392.26,0
2026-03-23 07:00:00,392.17,410.0,389.6,403.96,0
2026-03-23 08:00:00,404.25,413.38,376.5,403.2291,0
2026-03-23 09:00:00,403.1,413.38,401.9,408.26,0
2026-03-23 09:30:00,405.1199951171875,414.5400085449219,404.0,412.1199951171875,12295257
2026-03-23 10:30:00,412.0899963378906,413.7799987792969,406.75,408.5299987792969,4303426
2026-03-23 11:30:00,408.4599914550781,409.2999877929687,399.6401062011719,400.0374145507813,5311720
2026-03-23 12:30:00,400.0499877929687,405.489990234375,399.8900146484375,404.614990234375,3393830
2026-03-23 13:30:00,404.6499938964844,407.7300109863281,404.3699951171875,406.5299987792969,2894029
2026-03-23 14:30:00,406.5299987792969,410.3299865722656,403.5499877929687,405.1300048828125,3913848
2026-03-23 15:30:00,405.1400146484375,406.69000244140625,403.94000244140625,404.0379943847656,3134458
2026-03-23 16:00:00,404.04,421.0,402.36,404.8957,0
2026-03-23 17:00:00,404.815,420.767,397.7639,404.74,0
2026-03-23 18:00:00,404.7,407.0,400.64,406.55,0
2026-03-23 19:00:00,406.6,408.53,406.12,408.0,0
2026-03-24 04:00:00,405.91,407.6,403.36,403.75,0
2026-03-24 05:00:00,403.8,405.9,403.42,404.85,0
2026-03-24 06:00:00,404.78,407.18,404.65,406.25,0
2026-03-24 07:00:00,406.12,408.0,401.44,405.35,0
2026-03-24 08:00:00,405.32,408.0,396.84,404.5,0
2026-03-24 09:00:00,404.31,404.77,400.69,402.12,0
2026-03-24 09:30:00,400.239990234375,405.5799865722656,399.2000122070313,405.0400085449219,5488977
2026-03-24 10:30:00,404.9599914550781,407.2900085449219,403.7999877929687,405.3550109863281,2782504
2026-03-24 11:30:00,405.3399963378906,407.010009765625,404.4299926757813,406.0899963378906,1816150
2026-03-24 12:30:00,406.0899963378906,406.75,403.0700073242187,404.1499938964844,2059277
2026-03-24 13:30:00,404.1300048828125,405.1099853515625,401.6000061035156,404.8399963378906,1863414
2026-03-24 14:30:00,404.8900146484375,406.3500061035156,402.7099914550781,404.8399963378906,1395964
2026-03-24 15:30:00,404.8800048828125,404.8800048828125,403.739990234375,404.1799011230469,1128321
2026-03-24 16:00:00,404.13,426.9068,403.92,411.0,0
2026-03-24 17:00:00,410.95,428.6734,394.769,411.15,0
2026-03-24 18:00:00,411.1,412.24,394.769,411.8299,0
2026-03-24 19:00:00,411.9096,418.0051,411.0,417.7,0
2026-03-25 04:00:00,420.0,420.0,416.66,419.37,0
2026-03-25 05:00:00,419.3,419.6,418.28,418.7,0
2026-03-25 06:00:00,418.69,418.97,415.99,418.38,0
2026-03-25 07:00:00,418.36,420.91,418.09,420.68,0
2026-03-25 08:00:00,420.74,421.37,416.0,417.51,0
2026-03-25 09:00:00,417.54,419.8,404.13,418.81,0
2026-03-25 09:30:00,419.7049865722656,420.4299926757813,416.3900146484375,419.1300048828125,4028242
2026-03-25 10:30:00,419.1866149902344,420.6600036621094,415.6000061035156,418.8912048339844,2337196
2026-03-25 11:30:00,418.9200134277344,419.30999755859375,417.4599914550781,418.4800109863281,1363901
2026-03-25 12:30:00,418.4299926757813,418.989990234375,417.30999755859375,418.2799987792969,1717784
2026-03-25 13:30:00,418.3500061035156,419.7799987792969,417.5700073242187,418.19000244140625,2314526
2026-03-25 14:30:00,418.1799926757813,418.75,412.25,414.6199951171875,2126637
2026-03-25 15:30:00,414.6300048828125,416.4800109863281,413.9700012207031,416.2850036621094,1292946
2026-03-25 16:00:00,416.29,439.241,413.0,414.27,0
2026-03-25 17:00:00,419.2239,442.1677,391.5799,414.19,0
2026-03-25 18:00:00,414.16,416.5,413.8,414.6618,0
2026-03-25 19:00:00,414.6422,415.21,412.3,413.45,0
2026-03-26 04:00:00,409.55,411.4,406.49,406.7,0
2026-03-26 05:00:00,406.69,407.7,405.28,407.0,0
2026-03-26 06:00:00,406.8,408.47,405.5,408.03,0
2026-03-26 07:00:00,407.99,409.15,406.34,408.09,0
2026-03-26 08:00:00,408.1,416.29,405.4091,407.92,0
2026-03-26 09:00:00,407.5,416.29,406.0,407.75,0
2026-03-26 09:30:00,408.5299987792969,410.4800109863281,406.7614135742187,409.4599914550781,3954486
2026-03-26 10:30:00,409.489990234375,411.3699951171875,408.3200073242187,409.1583862304687,1440829
2026-03-26 11:30:00,409.0299987792969,409.0700073242187,402.80999755859375,403.7799987792969,2097994
2026-03-26 12:30:00,403.7099914550781,404.2999877929687,401.010009765625,402.5,2225858
2026-03-26 13:30:00,402.5499877929687,403.3800048828125,401.1000061035156,401.6700134277344,1681530
2026-03-26 14:30:00,401.69000244140625,403.989990234375,401.5976867675781,402.2799987792969,1382715
2026-03-26 15:30:00,402.2900085449219,402.96929931640625,400.260009765625,400.6400146484375,1941317
2026-03-26 16:00:00,400.55,422.3488,399.5,402.25,0
2026-03-26 17:00:00,402.1968,430.3227,401.73,402.2605,0
2026-03-26 18:00:00,402.22,405.48,400.64,405.0493,0
2026-03-26 19:00:00,404.79,405.4,403.03,404.0634,0
2026-03-27 04:00:00,408.0,409.02,407.0,407.35,0
2026-03-27 05:00:00,407.4,407.84,406.02,407.35,0
2026-03-27 06:00:00,407.3,407.74,406.32,406.85,0
2026-03-27 07:00:00,406.7,406.84,404.55,405.57,0
2026-03-27 08:00:00,405.53,411.08,400.64,406.83,0
2026-03-27 09:00:00,406.85,408.33,400.64,406.8017,0
2026-03-27 09:30:00,406.2000122070313,410.69000244140625,405.4100036621094,409.2850036621094,3631761
2026-03-27 10:30:00,409.2000122070313,418.3999938964844,408.9049987792969,417.3399963378906,3988819
2026-03-27 11:30:00,417.3699951171875,418.1799926757813,414.94000244140625,415.9299926757813,1805396
2026-03-27 12:30:00,415.9800109863281,415.989990234375,412.1300048828125,412.7900085449219,2398133
2026-03-27 13:30:00,412.7699890136719,414.4100036621094,412.0499877929687,414.239990234375,1485071
2026-03-27 14:30:00,414.2699890136719,415.989990234375,414.0400085449219,415.489990234375,1341332
2026-03-27 15:30:00,415.5299987792969,415.7799072265625,413.4500122070313,414.6899108886719,1201093
2026-03-27 16:00:00,414.7,433.612,412.66,412.72,0
2026-03-27 17:00:00,412.78,433.612,397.5491,412.98,0
2026-03-27 18:00:00,412.9579,413.0,412.7,412.83,0
2026-03-27 19:00:00,412.83,413.0,412.55,412.85,0
2026-03-30 04:00:00,415.31,418.0,412.05,416.1,0
2026-03-30 05:00:00,416.08,417.09,415.56,415.9762,0
2026-03-30 06:00:00,415.85,417.06,415.6,416.3,0
2026-03-30 07:00:00,416.25,417.89,414.7,417.4515,0
2026-03-30 08:00:00,417.4198,420.8,416.93,419.48,0
2026-03-30 09:00:00,419.2703,420.57,414.7,419.38,0
2026-03-30 09:30:00,419.5400085449219,420.1000061035156,414.44000244140625,415.05999755859375,3932538
2026-03-30 10:30:00,415.0299987792969,417.3699951171875,414.8900146484375,416.260009765625,1673538
2026-03-30 11:30:00,416.25,418.5400085449219,415.8999938964844,416.7149963378906,1399348
2026-03-30 12:30:00,416.7000122070313,417.8299865722656,415.0899963378906,415.8500061035156,1242471
2026-03-30 13:30:00,415.8200073242187,415.9200134277344,414.25,414.5499877929687,2022214
2026-03-30 14:30:00,414.5899963378906,415.1000061035156,412.6600036621094,413.489990234375,1540748
2026-03-30 15:30:00,413.5,415.0299987792969,413.1499938964844,414.5899963378906,924365
2026-03-30 16:00:00,414.58,414.95,413.46,414.3278,0
2026-03-30 17:00:00,414.29,414.58,413.5,414.47,0
2026-03-30 18:00:00,414.58,415.28,413.74,414.42,0
2026-03-30 19:00:00,414.4,415.2399,412.8,414.43,0
2026-03-31 04:00:00,418.81,420.9,417.4,419.96,0
2026-03-31 05:00:00,419.95,420.24,419.0,419.05,0
2026-03-31 06:00:00,419.01,419.09,418.0,418.85,0
2026-03-31 07:00:00,418.833,420.92,414.58,420.3187,0
2026-03-31 08:00:00,420.22,422.2991,419.7,420.7,0
2026-03-31 09:00:00,420.593,421.6,414.58,420.8488,0
2026-03-31 09:30:00,420.0750122070313,424.8699951171875,419.5899963378906,424.3194885253906,3072946
2026-03-31 10:30:00,424.3500061035156,425.3699951171875,422.1014099121094,423.4800109863281,2065735
2026-03-31 11:30:00,423.489990234375,424.75,423.1700134277344,424.2099914550781,1306251
2026-03-31 12:30:00,424.25,427.9200134277344,423.9599914550781,426.9800109863281,2346618
2026-03-31 13:30:00,427.0,428.94000244140625,426.7000122070313,428.5,1281347
2026-03-31 14:30:00,428.4800109863281,430.05999755859375,428.1499938964844,429.3299865722656,1709406
2026-03-31 15:30:00,429.3399963378906,430.5700073242187,429.2799987792969,430.2449951171875,2075708
2026-03-31 16:00:00,430.32,430.62,428.662,428.91,0
2026-03-31 17:00:00,428.91,430.29,428.7305,428.93,0
2026-03-31 18:00:00,428.91,431.4,428.1,430.0,0
2026-03-31 19:00:00,430.15,431.68,429.19,431.17,0
2026-04-01 04:00:00,432.5,435.95,428.6,434.45,0
2026-04-01 05:00:00,434.48,435.22,432.83,433.35,0
2026-04-01 06:00:00,433.38,434.2,432.76,434.2,0
2026-04-01 07:00:00,434.34,435.8,430.29,435.68,0
2026-04-01 08:00:00,435.8,437.47,433.87,434.6,0
2026-04-01 09:00:00,434.7,436.58,433.05,434.4944,0
2026-04-01 09:30:00,435.0,436.6000061035156,433.760009765625,435.5,3819381
2026-04-01 10:30:00,435.4849853515625,438.6300048828125,434.8299865722656,438.3200073242187,2254395
2026-04-01 11:30:00,438.3399963378906,439.9849853515625,438.0199890136719,438.6099853515625,1573066
2026-04-01 12:30:00,438.6099853515625,440.19000244140625,438.510009765625,439.4800109863281,1026045
2026-04-01 13:30:00,439.4800109863281,439.5499877929687,436.3399963378906,436.5350036621094,1448925
2026-04-01 14:30:00,436.5400085449219,437.9590148925781,435.4299926757813,437.6449890136719,1347841
2026-04-01 15:30:00,437.6449890136719,438.8399963378906,436.94000244140625,437.7699890136719,1885927
2026-04-01 16:00:00,437.82,438.26,436.66,437.0,0
2026-04-01 17:00:00,436.99,437.82,436.72,437.15,0
2026-04-01 18:00:00,437.06,439.0749,436.82,438.7219,0
2026-04-01 19:00:00,438.51,440.8,438.2582,439.4,0
2026-04-02 04:00:00,427.0,437.82,418.39,425.5035,0
2026-04-02 05:00:00,425.52,426.4906,423.66,424.2452,0
2026-04-02 06:00:00,424.34,425.66,422.88,424.2,0
2026-04-02 07:00:00,424.1215,437.82,423.68,423.9955,0
2026-04-02 08:00:00,423.94,425.25,421.9,424.87,0
2026-04-02 09:00:00,425.0,437.82,420.81,421.49,0
2026-04-02 09:30:00,422.2900085449219,429.5199890136719,421.1700134277344,428.55999755859375,3833204
2026-04-02 10:30:00,428.6000061035156,431.6700134277344,427.9100036621094,429.1799926757813,2117558
2026-04-02 11:30:00,429.2300109863281,429.55999755859375,426.3900146484375,427.1639099121094,1050050
2026-04-02 12:30:00,427.1499938964844,429.1099853515625,427.1499938964844,427.2799987792969,950396
2026-04-02 13:30:00,427.3699951171875,427.989990234375,426.760009765625,427.30999755859375,664126
2026-04-02 14:30:00,427.3200073242187,430.0400085449219,427.3200073242187,428.5400085449219,861497
2026-04-02 15:30:00,428.55999755859375,429.6300048828125,428.2000122070313,429.239990234375,899022
2026-04-02 16:00:00,429.24,429.88,428.2491,429.8,0
2026-04-02 17:00:00,429.61,429.99,429.41,429.9591,0
2026-04-02 18:00:00,429.9494,429.99,429.02,429.34,0
2026-04-02 19:00:00,429.49,429.99,429.3,429.7927,0
2026-04-06 04:00:00,430.5402,431.15,426.33,430.48,0
2026-04-06 05:00:00,430.84,432.06,430.81,431.91,0
2026-04-06 06:00:00,432.0,432.31,430.43,430.68,0
2026-04-06 07:00:00,430.68,431.4357,429.41,430.63,0
2026-04-06 08:00:00,430.5539,431.13,428.0007,428.55,0
2026-04-06 09:00:00,428.58,429.98,428.3,428.77,0
2026-04-06 09:30:00,428.8699951171875,430.8599853515625,428.0,430.4895935058594,1694020
2026-04-06 10:30:00,430.489990234375,431.489990234375,427.6000061035156,428.7300109863281,812463
2026-04-06 11:30:00,428.7300109863281,429.239990234375,427.3500061035156,428.6199951171875,458617
2026-04-06 12:30:00,428.6199951171875,429.1300048828125,426.7699890136719,427.7699890136719,551504
2026-04-06 13:30:00,427.75,428.6799926757813,427.2099914550781,428.0899963378906,401380
2026-04-06 14:30:00,428.0799865722656,428.3900146484375,426.7099914550781,427.1199951171875,883660
2026-04-06 15:30:00,427.1199951171875,427.8500061035156,426.989990234375,427.6799926757813,442370
2026-04-06 16:00:00,427.65,427.92,426.9962,427.17,0
2026-04-06 17:00:00,427.2,427.65,426.8,427.24,0
2026-04-06 18:00:00,427.16,429.0,427.13,427.85,0
2026-04-06 19:00:00,427.7,428.1,427.1702,428.09,0
2026-04-07 04:00:00,427.45,430.71,424.7,429.7,0
2026-04-07 05:00:00,429.7,431.18,429.65,430.52,0
2026-04-07 06:00:00,430.2751,430.38,427.81,428.7,0
2026-04-07 07:00:00,428.7699,429.0649,425.18,426.8127,0
2026-04-07 08:00:00,426.877,429.0,426.87,428.49,0
2026-04-07 09:00:00,428.64,428.7,426.77,427.67,0
2026-04-07 09:30:00,427.8949890136719,428.3399963378906,423.1000061035156,426.6199951171875,1740286
2026-04-07 10:30:00,426.6300048828125,428.1499938964844,424.739990234375,427.3699951171875,1047012
2026-04-07 11:30:00,427.385009765625,428.7999877929687,426.1499938964844,428.3049926757813,802402
2026-04-07 12:30:00,428.3215026855469,429.2000122070313,427.44000244140625,428.0499877929687,541108
2026-04-07 13:30:00,428.1000061035156,430.4299011230469,428.0450134277344,429.875,708540
2026-04-07 14:30:00,430.0,431.9100036621094,427.7698059082031,430.5499877929687,718061
2026-04-07 15:30:00,430.5849914550781,433.4299926757813,430.0,431.7950134277344,1086648
2026-04-07 16:00:00,431.81,433.29,431.49,432.39,0
2026-04-07 17:00:00,432.47,432.9,431.81,432.45,0
2026-04-07 18:00:00,432.44,442.84,432.4,442.5686,0
2026-04-07 19:00:00,442.4,444.32,441.0,443.964,0
2026-04-08 04:00:00,442.85,444.77,431.81,441.68,0
2026-04-08 05:00:00,441.52,441.5321,439.84,440.72,0
2026-04-08 06:00:00,441.0,441.2,438.31,439.22,0
2026-04-08 07:00:00,439.2908,440.63,431.81,440.0,0
2026-04-08 08:00:00,440.04,441.6,438.0,439.2872,0
2026-04-08 09:00:00,439.45,441.46,431.81,440.25,0
2026-04-08 09:30:00,439.9800109863281,440.44000244140625,437.3699951171875,437.9500122070313,3166865
2026-04-08 10:30:00,437.9299926757813,438.1083068847656,434.5801086425781,436.3800048828125,1480998
2026-04-08 11:30:00,436.3999938964844,437.489990234375,435.8699951171875,436.2749938964844,940196
2026-04-08 12:30:00,436.2999877929687,437.7200012207031,435.8800048828125,436.3900146484375,476947
2026-04-08 13:30:00,436.3800048828125,436.6400146484375,433.2200012207031,433.7699890136719,949132
2026-04-08 14:30:00,433.8200073242187,434.0199890136719,431.30999755859375,432.3800048828125,1097850
2026-04-08 15:30:00,432.3800048828125,434.6499938964844,432.3800048828125,434.510009765625,802723
2026-04-08 16:00:00,434.53,440.22318,415.4599,419.2239,0
2026-04-08 17:00:00,433.6257,442.1677,415.4599,433.4699,0
2026-04-08 18:00:00,433.48,434.53,432.0,433.19,0
2026-04-08 19:00:00,432.8712,433.53,432.13,433.05,0
2026-04-09 04:00:00,433.3,434.45,431.92,433.59,0
2026-04-09 05:00:00,433.52,434.66,433.49,434.3,0
2026-04-09 06:00:00,434.3,435.15,433.74,435.15,0
2026-04-09 07:00:00,435.15,435.9,434.53,435.8388,0
2026-04-09 08:00:00,435.82,437.0,434.75,435.0,0
2026-04-09 09:00:00,434.8,436.76,434.53,436.6,0
2026-04-09 09:30:00,436.4700012207031,438.69000244140625,436.25,437.5899963378906,1486418
2026-04-09 10:30:00,437.55999755859375,439.6000061035156,435.8699951171875,438.8299865722656,1191866
2026-04-09 11:30:00,438.7999877929687,440.8200073242187,438.7300109863281,440.0849914550781,885054
2026-04-09 12:30:00,440.05999755859375,440.6799926757813,439.3200073242187,440.1199951171875,525439
2026-04-09 13:30:00,440.19000244140625,440.9049987792969,438.69000244140625,439.1300048828125,872923
2026-04-09 14:30:00,439.0299987792969,439.260009765625,437.8599853515625,438.3699951171875,642719
2026-04-09 15:30:00,438.3699951171875,438.7699890136719,437.7000122070313,437.8500061035156,636245
2026-04-09 16:00:00,437.91,438.5505,437.2049,437.8649,0
2026-04-09 17:00:00,459.6141,459.6141,417.1627,437.8,0
2026-04-09 18:00:00,437.8,450.7989,417.5094,437.4,0
2026-04-09 19:00:00,437.4187,437.7,436.8047,437.42,0
2026-04-10 04:00:00,436.8,438.18,435.51,435.98,0
2026-04-10 05:00:00,435.98,437.2,434.44,436.2,0
2026-04-10 06:00:00,436.17,437.2,435.6,437.0667,0
2026-04-10 07:00:00,436.94,437.91,436.52,437.311,0
2026-04-10 08:00:00,437.32,438.2167,437.1,437.4,0
2026-04-10 09:00:00,437.68,439.31,437.6,438.34,0
2026-04-10 09:30:00,438.5899963378906,440.1700134277344,437.5700073242187,439.989990234375,1941545
2026-04-10 10:30:00,439.9800109863281,440.3500061035156,438.1400146484375,438.6950073242187,884378
2026-04-10 11:30:00,438.6499938964844,438.8999938964844,436.0,437.0398864746094,842361
2026-04-10 12:30:00,437.0299987792969,438.00250244140625,436.8900146484375,437.44000244140625,483596
2026-04-10 13:30:00,437.3999938964844,438.0299987792969,436.30999755859375,437.6600036621094,908187
2026-04-10 14:30:00,437.760009765625,438.3800048828125,437.4700012207031,437.5499877929687,398392
2026-04-10 15:30:00,437.510009765625,437.6991882324219,436.9750061035156,437.1700134277344,500755
2026-04-10 16:00:00,437.18,440.5971,416.29,436.13,0
2026-04-10 17:00:00,436.18,437.13,417.939,436.19,0
2026-04-10 18:00:00,436.1994,436.85,436.1,436.2698,0
2026-04-10 19:00:00,436.2699,436.78,436.25,436.78,0
2026-04-13 04:00:00,435.37,435.37,432.46,434.63,0
2026-04-13 05:00:00,434.58,435.0265,432.92,433.08,0
2026-04-13 06:00:00,433.13,433.5,432.3682,432.66,0
2026-04-13 07:00:00,432.78,434.29,432.7,433.53,0
2026-04-13 08:00:00,433.5,433.7,431.94,432.58,0
2026-04-13 09:00:00,432.63,437.13,432.4969,434.8499,0
2026-04-13 09:30:00,434.7749938964844,435.7300109863281,432.4601135253906,433.1000061035156,1396541
2026-04-13 10:30:00,433.0499877929687,433.7994995117187,431.6300048828125,432.0350036621094,644733
2026-04-13 11:30:00,432.0201110839844,434.8500061035156,431.8800048828125,434.5400085449219,604943
2026-04-13 12:30:00,434.4450073242187,436.2200012207031,434.010009765625,435.6099853515625,809563
2026-04-13 13:30:00,435.5799865722656,436.0,433.80999755859375,434.1700134277344,532749
2026-04-13 14:30:00,434.1300048828125,435.6700134277344,434.1300048828125,435.5799865722656,423324
2026-04-13 15:30:00,435.5799865722656,436.010009765625,435.2099914550781,435.3399963378906,816983
2026-04-13 16:00:00,435.36,438.4679,409.6564,435.56,0
2026-04-13 17:00:00,435.5087,435.79,409.6564,435.67,0
2026-04-13 18:00:00,435.67,437.37,435.6437,437.37,0
2026-04-13 19:00:00,437.37,437.7001,436.6191,437.4699,0
2026-04-14 04:00:00,438.2,440.5,437.1,439.53,0
2026-04-14 05:00:00,439.5,439.87,438.93,438.93,0
2026-04-14 06:00:00,438.88,439.65,438.2,439.4,0
2026-04-14 07:00:00,439.33,439.4406,435.36,438.89,0
2026-04-14 08:00:00,438.88,439.25,437.45,437.7581,0
2026-04-14 09:00:00,437.93,439.15,435.36,439.1106,0
2026-04-14 09:30:00,439.3200073242187,441.889892578125,439.0199890136719,441.7799987792969,1947506
2026-04-14 10:30:00,441.7799987792969,442.5400085449219,440.0700073242187,441.1300048828125,1171814
2026-04-14 11:30:00,441.135009765625,442.6799926757813,441.1199951171875,442.3949890136719,1340401
2026-04-14 12:30:00,442.4299926757813,444.0499877929687,441.75,443.1994018554687,867939
2026-04-14 13:30:00,443.2200012207031,444.8599853515625,443.2200012207031,444.3900146484375,682252
2026-04-14 14:30:00,444.3599853515625,444.8074035644531,443.7000122070313,444.6300048828125,540184
2026-04-14 15:30:00,444.6199951171875,445.1799926757813,444.44000244140625,445.0299987792969,1510208
2026-04-14 16:00:00,445.08,445.17,415.8438,444.7116,0
2026-04-14 17:00:00,444.81,445.04,416.29,444.79,0
2026-04-14 18:00:00,444.79,445.5,443.91,444.15,0
2026-04-14 19:00:00,444.13,444.99,444.0,444.3,0
2026-04-15 04:00:00,442.88,445.09,441.31,441.8,0
2026-04-15 05:00:00,441.77,442.91,440.0,440.67,0
2026-04-15 06:00:00,440.6,441.17,439.52,440.32,0
2026-04-15 07:00:00,440.37,441.5,440.2045,441.37,0
2026-04-15 08:00:00,441.37,442.36,441.0662,442.07,0
2026-04-15 09:00:00,442.02,442.4,441.63,442.2,0
2026-04-15 09:30:00,442.8800048828125,443.739990234375,442.2799987792969,443.1700134277344,1996773
2026-04-15 10:30:00,443.1799926757813,443.2099914550781,440.6400146484375,440.6700134277344,1084311
2026-04-15 11:30:00,440.7200012207031,442.0400085449219,439.6000061035156,441.8800048828125,950507
2026-04-15 12:30:00,441.9200134277344,441.9599914550781,440.7000122070313,441.0400085449219,447534
2026-04-15 13:30:00,441.0,441.135009765625,440.0,440.3900146484375,392889
2026-04-15 14:30:00,440.44000244140625,441.2000122070313,440.3599853515625,441.19000244140625,479182
2026-04-15 15:30:00,441.1300048828125,441.1700134277344,440.30999755859375,440.4500122070313,744224
2026-04-15 16:00:00,440.46,442.9832,420.2957,440.09,0
2026-04-15 17:00:00,440.1,440.96,419.3469,440.0,0
2026-04-15 18:00:00,440.0,441.79,420.1446,441.54,0
2026-04-15 19:00:00,441.4708,443.2,441.47,442.88,0
2026-04-16 04:00:00,443.0,444.27,441.4,441.92,0
2026-04-16 05:00:00,441.74,442.4327,441.34,441.97,0
2026-04-16 06:00:00,441.95,442.19,441.18,441.42,0
2026-04-16 07:00:00,441.43,442.63,441.21,442.25,0
2026-04-16 08:00:00,442.3344,442.8705,441.9,442.15,0
2026-04-16 09:00:00,442.1,442.8,440.46,442.34,0
2026-04-16 09:30:00,442.1499938964844,442.9800109863281,439.3299865722656,440.69000244140625,1935994
2026-04-16 10:30:00,440.739990234375,441.9500122070313,438.1799926757813,441.0199890136719,695609
2026-04-16 11:30:00,440.9200134277344,441.80999755859375,440.4800109863281,440.6950073242187,519108
2026-04-16 12:30:00,440.74029541015625,440.75,439.3710021972656,439.3999938964844,446649
2026-04-16 13:30:00,439.3900146484375,440.2300109863281,439.05999755859375,439.5899963378906,397467
2026-04-16 14:30:00,439.5899963378906,440.3200073242187,439.5499877929687,439.8900146484375,362781
2026-04-16 15:30:00,440.0,440.635009765625,439.0,440.1600036621094,511553
2026-04-16 16:00:00,440.08,442.7,436.7373,439.77,0
2026-04-16 17:00:00,439.6462,440.08,418.9065,439.9696,0
2026-04-16 18:00:00,439.95,440.6,439.9101,440.3,0
2026-04-16 19:00:00,439.9,440.5,439.9,440.06,0
2026-04-17 04:00:00,440.02,441.3,438.97,439.5,0
2026-04-17 05:00:00,439.45,440.95,439.35,440.5132,0
2026-04-17 06:00:00,440.3878,440.66,439.66,439.89,0
2026-04-17 07:00:00,439.86,440.27,439.25,440.22,0
2026-04-17 08:00:00,440.24,442.5954,439.88,442.35,0
2026-04-17 09:00:00,442.4,449.77,440.08,448.48,0
2026-04-17 09:30:00,445.6499938964844,448.7000122070313,445.3200073242187,447.4649963378906,3133213
2026-04-17 10:30:00,447.4800109863281,448.489990234375,446.5899963378906,446.8900146484375,1436668
2026-04-17 11:30:00,446.9299926757813,447.6485900878906,445.9299926757813,447.1000061035156,876869
2026-04-17 12:30:00,447.2200012207031,447.5799865722656,445.7799987792969,446.25,783683
2026-04-17 13:30:00,446.25,447.1700134277344,445.8399963378906,446.489990234375,835931
2026-04-17 14:30:00,446.510009765625,447.0299987792969,445.8450012207031,446.1000061035156,974819
2026-04-17 15:30:00,446.1000061035156,446.5400085449219,445.7409057617187,445.8800048828125,1050100
2026-04-17 16:00:00,445.93,445.93,443.565,443.76,0
2026-04-17 17:00:00,443.75,445.93,418.8837,443.79,0
2026-04-17 18:00:00,443.79,445.93,443.69,443.74,0
2026-04-17 19:00:00,443.78,444.1,443.74,443.85,0
2026-04-20 05:00:00,440.4,440.56,440.12,440.15,0
2026-04-20 06:00:00,440.2,440.8644,439.4,440.65,0
2026-04-20 07:00:00,440.7,445.93,439.5583,439.8,0
2026-04-20 08:00:00,439.71,442.86,439.71,441.43,0
2026-04-20 09:00:00,441.4,445.93,440.8,442.25,0
2026-04-20 09:30:00,443.1300048828125,443.3599853515625,441.4200134277344,443.0199890136719,2476487
2026-04-20 10:30:00,443.01031494140625,443.4200134277344,440.05999755859375,441.6499938964844,1649878
2026-04-20 11:30:00,441.6199951171875,441.69000244140625,440.1839904785156,440.9150085449219,690400
2026-04-20 12:30:00,440.94000244140625,441.9200134277344,440.7250061035156,441.8049926757813,1295573
2026-04-20 13:30:00,441.7799987792969,442.3399963378906,441.3200073242187,442.1300048828125,661951
2026-04-20 14:30:00,442.1600036621094,442.8200073242187,441.8900146484375,442.4599914550781,575938
2026-04-20 15:30:00,442.4599914550781,442.4700012207031,441.69000244140625,442.1698913574219,764079
2026-04-20 16:00:00,442.09,473.008,411.8003,442.6,0
2026-04-20 17:00:00,442.7,442.78,411.8003,442.72,0
2026-04-20 18:00:00,442.72,443.81,414.5507,443.35,0
2026-04-20 19:00:00,443.37,443.7779,442.6,442.66,0
2026-04-21 04:00:00,440.05,440.7,438.35,439.65,0
2026-04-21 05:00:00,439.6,440.13,439.15,439.17,0
2026-04-21 06:00:00,439.17,439.8,439.1,439.27,0
2026-04-21 07:00:00,439.3,439.96,438.6,439.27,0
2026-04-21 08:00:00,439.3,440.65,438.91,439.0983,0
2026-04-21 09:00:00,439.05,439.86,437.5,437.63,0
2026-04-21 09:30:00,438.5499877929687,440.2449951171875,438.010009765625,438.44000244140625,1368555
2026-04-21 10:30:00,438.4200134277344,438.5299987792969,433.760009765625,435.510009765625,1903347
2026-04-21 11:30:00,435.489990234375,436.2000122070313,433.3800048828125,433.5499877929687,721265
2026-04-21 12:30:00,433.5299987792969,434.1400146484375,431.3399963378906,431.6600036621094,738216
2026-04-21 13:30:00,431.6400146484375,433.7099914550781,430.94000244140625,431.3200073242187,1832757
2026-04-21 14:30:00,431.3599853515625,433.0,431.3599853515625,432.9150085449219,588376
2026-04-21 15:30:00,432.9500122070313,433.0199890136719,428.7099914550781,429.7099914550781,1564202
2026-04-21 16:00:00,429.57,433.5,408.4699,433.3,0
2026-04-21 17:00:00,433.4519,434.51,408.4699,434.494,0
2026-04-21 18:00:00,433.95,434.51,429.57,433.3,0
2026-04-21 19:00:00,433.4875,435.5,433.03,435.1,0
2026-04-22 04:00:00,436.0,438.23,435.25,436.57,0
2026-04-22 05:00:00,436.62,437.3165,436.34,436.8,0
2026-04-22 06:00:00,436.807,437.3,435.8,436.6,0
2026-04-22 07:00:00,436.55,437.19,429.57,436.763,0
2026-04-22 08:00:00,436.85,437.1,435.95,436.56,0
2026-04-22 09:00:00,436.5,436.62,429.57,435.51,0
2026-04-22 09:30:00,436.2699890136719,437.1700134277344,435.3900146484375,435.6099853515625,1267079
2026-04-22 10:30:00,435.6799926757813,435.739990234375,434.2799987792969,434.8999938964844,1216870
2026-04-22 11:30:00,434.8299865722656,434.91839599609375,433.7999877929687,434.0499877929687,617683
2026-04-22 12:30:00,434.0700073242187,435.2099914550781,433.7799987792969,434.8450012207031,262791
2026-04-22 13:30:00,434.8500061035156,435.1499938964844,434.30999755859375,434.3800048828125,480726
2026-04-22 14:30:00,434.3999938964844,436.2000122070313,434.3699951171875,435.7099914550781,541218
2026-04-22 15:30:00,435.7300109863281,435.7349853515625,435.0150146484375,435.3179931640625,549595
2026-04-22 16:00:00,435.26,439.241,419.2239,435.25,0
2026-04-22 17:00:00,435.34,442.1677,415.4599,435.2,0
2026-04-22 18:00:00,435.21,435.75,433.82,434.0,0
2026-04-22 19:00:00,434.033,434.52,433.7,434.2,0
2026-04-23 04:00:00,432.0,435.26,430.85,433.0,0
2026-04-23 05:00:00,433.0,433.0,431.05,431.6,0
2026-04-23 06:00:00,431.65,431.7588,430.1,430.35,0
2026-04-23 07:00:00,430.4,435.26,430.14,431.48,0
2026-04-23 08:00:00,431.5,435.15,431.26,434.55,0
2026-04-23 09:00:00,434.6,435.52,433.64,433.87,0
2026-04-23 09:30:00,433.9599914550781,435.2912902832031,433.0299987792969,434.3500061035156,1241927
2026-04-23 10:30:00,434.2999877929687,435.25,433.8797912597656,434.5400085449219,490581
2026-04-23 11:30:00,434.510009765625,434.7000122070313,432.9500122070313,433.6099853515625,301289
2026-04-23 12:30:00,433.5700073242187,434.8450012207031,431.8800048828125,432.1600036621094,635912
2026-04-23 13:30:00,432.1300048828125,433.5400085449219,428.239990234375,433.0350036621094,746248
2026-04-23 14:30:00,433.0700073242187,433.3699951171875,430.7900085449219,431.4800109863281,593835
2026-04-23 15:30:00,431.4949951171875,431.6300048828125,430.4800109863281,431.0700073242187,663965
2026-04-23 16:00:00,431.04,459.6141,417.1627,430.94,0
2026-04-23 17:00:00,430.4,458.9926,406.1563,431.3,0
2026-04-23 18:00:00,431.2,431.6477,430.6,430.91,0
2026-04-23 19:00:00,430.8,431.6025,430.2638,431.1,0
2026-04-24 04:00:00,430.15,431.3,427.724,430.77,0
2026-04-24 05:00:00,431.007,431.007,430.71,430.7263,0
2026-04-24 06:00:00,430.05,430.5,429.67,430.0,0
2026-04-24 07:00:00,429.95,433.1293,429.28,433.0,0
2026-04-24 08:00:00,433.05,433.15,431.76,432.6662,0
2026-04-24 09:00:00,432.6,432.69,430.68,431.9,0
2026-04-24 09:30:00,431.3349914550781,435.2799987792969,430.6500854492187,433.9599914550781,3040403
2026-04-24 10:30:00,433.9500122070313,434.6499938964844,433.2980041503906,433.55999755859375,541984
2026-04-24 11:30:00,433.5849914550781,434.69000244140625,432.9100036621094,433.7900085449219,433294
2026-04-24 12:30:00,433.7900085449219,434.3999938964844,433.3399963378906,433.697509765625,281595
2026-04-24 13:30:00,433.6799926757813,434.1600036621094,433.1700134277344,433.2000122070313,325245
2026-04-24 14:30:00,433.1749877929687,433.9700012207031,433.1449890136719,433.3534240722656,241369
2026-04-24 15:30:00,433.3550109863281,433.4700012207031,432.75,433.1300048828125,814163
2026-04-24 16:00:00,433.22,433.7191,432.0,432.45,0
2026-04-24 17:00:00,432.2,433.612,415.1453,432.3,0
2026-04-24 18:00:00,432.3739,432.6988,432.3,432.64,0
2026-04-24 19:00:00,432.64,432.7,432.3,432.6993,0
2026-04-27 04:00:00,432.6,434.33,432.43,432.52,0
2026-04-27 05:00:00,432.5,432.9867,431.75,431.75,0
2026-04-27 06:00:00,431.85,432.257,431.55,432.05,0
2026-04-27 07:00:00,432.1,433.25,431.65,432.12,0
2026-04-27 08:00:00,432.1,432.78,431.5,432.33,0
2026-04-27 09:00:00,432.2,433.25,431.0458,431.18,0
2026-04-27 09:30:00,431.6600036621094,431.7999877929687,430.2999877929687,430.6400146484375,898516
2026-04-27 10:30:00,430.510009765625,431.2799987792969,428.5199890136719,429.8200073242187,1230308
2026-04-27 11:30:00,429.8049926757813,429.9800109863281,428.5400085449219,429.3299865722656,724024
2026-04-27 12:30:00,429.3699951171875,429.69000244140625,428.6400146484375,429.69000244140625,514448
2026-04-27 13:30:00,429.7000122070313,430.2999877929687,429.635009765625,430.1499938964844,580541
2026-04-27 14:30:00,430.1300048828125,430.2200012207031,429.6099853515625,429.9500122070313,291257
2026-04-27 15:30:00,429.9200134277344,429.94000244140625,429.4299926757813,429.8699951171875,806910
2026-04-27 16:00:00,429.89,429.9099,429.4063,429.9,0
2026-04-27 17:00:00,429.87,438.4679,409.6564,422.3488,0
2026-04-27 18:00:00,429.9,435.2279,409.6564,430.45,0
2026-04-27 19:00:00,430.4277,431.08,430.203,430.88,0
2026-04-28 04:00:00,424.58,430.0,423.77,425.15,0
2026-04-28 05:00:00,425.15,425.15,422.83,422.85,0
2026-04-28 06:00:00,422.85,423.86,422.7,422.75,0
2026-04-28 07:00:00,422.7,429.89,422.44,422.5957,0
2026-04-28 08:00:00,419.0,429.89,418.23,421.77,0
2026-04-28 09:00:00,421.8,421.8,419.8,420.3061,0
2026-04-28 09:30:00,420.7200012207031,421.7200012207031,419.0299987792969,419.635009765625,2419890
2026-04-28 10:30:00,419.7999877929687,420.6549987792969,418.3999938964844,420.2200012207031,1892711
2026-04-28 11:30:00,420.1499938964844,421.0799865722656,419.6600036621094,420.7099914550781,433190
2026-04-28 12:30:00,420.8200073242187,422.139892578125,420.6099853515625,421.8200073242187,694495
2026-04-28 13:30:00,421.8299865722656,422.5199890136719,421.6499938964844,422.3200073242187,378797
2026-04-28 14:30:00,422.3299865722656,422.3500061035156,421.7799987792969,422.0199890136719,346800
2026-04-28 15:30:00,422.0299987792969,422.3919982910156,421.739990234375,422.0,579552
2026-04-28 16:00:00,422.0,438.6796,415.8438,422.0,0
2026-04-28 17:00:00,422.0,445.2506,399.6126,422.04,0
2026-04-28 18:00:00,422.05,422.3,412.0011,421.7,0
2026-04-28 19:00:00,421.7,422.08,421.1,422.0,0
2026-04-29 04:00:00,420.0,423.1,418.48,419.9813,0
2026-04-29 05:00:00,419.9,420.59,417.9781,418.25,0
2026-04-29 06:00:00,418.34,420.23,418.32,419.6,0
2026-04-29 07:00:00,419.67,421.91,418.64,418.9,0
2026-04-29 08:00:00,418.9,419.58,417.0,417.37,0
2026-04-29 09:00:00,417.77,418.08,417.42,417.867,0
2026-04-29 09:30:00,416.0499877929687,416.8800048828125,414.1600036621094,416.2300109863281,1739197
2026-04-29 10:30:00,416.2449951171875,417.5,416.0246887207031,417.3299865722656,773740
2026-04-29 11:30:00,417.2699890136719,419.1705017089844,416.8999938964844,418.9049987792969,595814
2026-04-29 12:30:00,418.7200012207031,418.7200012207031,417.16009521484375,417.55999755859375,389059
2026-04-29 13:30:00,417.6199035644531,418.0199890136719,415.5400085449219,416.2000122070313,802647
2026-04-29 14:30:00,416.2200012207031,417.8900146484375,414.7999877929687,417.14849853515625,966890
2026-04-29 15:30:00,417.1300048828125,417.7999877929687,416.6400146484375,417.4500122070313,825346
2026-04-29 16:00:00,417.49,433.6039,401.2076,417.06,0
2026-04-29 17:00:00,417.2,422.115,401.7958,404.0186,0
2026-04-29 18:00:00,417.35,417.99,416.65,417.72,0
2026-04-29 19:00:00,417.88,418.98,417.41,418.7,0
2026-04-30 04:00:00,420.7,425.0,416.9,423.88,0
2026-04-30 05:00:00,423.8,425.18,423.6,424.67,0
2026-04-30 06:00:00,424.7,426.58,424.42,425.96,0
2026-04-30 07:00:00,425.87,426.51,424.7763,425.03,0
2026-04-30 08:00:00,425.04,425.9,417.41,425.8715,0
2026-04-30 09:00:00,426.003,426.251,425.8,426.251,0
2026-04-30 09:30:00,425.3399963378906,425.4599914550781,423.1300048828125,424.3599853515625,2230866
2026-04-30 10:30:00,424.2900085449219,424.4800109863281,423.2200012207031,424.3500061035156,623904
2026-04-30 11:30:00,424.364990234375,424.55999755859375,422.7394104003906,422.9601135253906,594326
2026-04-30 12:30:00,422.9599914550781,424.1199951171875,422.7799987792969,423.9200134277344,493325
2026-04-30 13:30:00,423.9100036621094,424.5350036621094,423.5899963378906,424.1148986816406,728406
2026-04-30 14:30:00,424.1300048828125,424.739990234375,423.7799987792969,423.8500061035156,644021
2026-04-30 15:30:00,423.8500061035156,424.3800048828125,423.5,423.69000244140625,701772
2026-04-30 16:00:00,423.72,436.7373,410.4751,424.25,0
2026-04-30 17:00:00,424.22,424.5,410.4751,424.3,0
2026-04-30 18:00:00,424.36,425.8,423.66,425.1,0
2026-04-30 19:00:00,425.119,425.32,424.6,424.71,0
2026-05-01 04:00:00,421.87,424.43,419.16,419.5,0
2026-05-01 05:00:00,419.45,419.8697,418.66,418.9,0
2026-05-01 06:00:00,418.9067,420.19,418.84,419.3,0
2026-05-01 07:00:00,419.35,420.4655,418.95,420.46,0
2026-05-01 08:00:00,420.4,423.66,420.09,421.5998,0
2026-05-01 09:00:00,421.5,422.1,421.47,421.54,0
2026-05-01 09:30:00,421.4119873046875,427.9299926757813,421.1199951171875,426.44000244140625,3650787
2026-05-01 10:30:00,426.5,426.6199951171875,424.06500244140625,425.7200012207031,3042875
2026-05-01 11:30:00,425.75,426.9200134277344,425.3100891113281,425.8013916015625,572927
2026-05-01 12:30:00,425.9700012207031,426.25,425.1799926757813,425.260009765625,282556
2026-05-01 13:30:00,425.25,425.489990234375,423.5700073242187,424.5299987792969,448828
2026-05-01 14:30:00,424.2300109863281,424.9049987792969,423.7999877929687,424.6000061035156,382067
2026-05-01 15:30:00,424.6099853515625,424.61090087890625,423.0799865722656,423.2999877929687,1063567
2026-05-01 16:00:00,423.18,423.9999,396.4532,423.6,0
2026-05-01 17:00:00,423.61,423.9667,396.4532,423.65,0
2026-05-01 18:00:00,423.65,423.7,423.51,423.6,0
2026-05-01 19:00:00,423.67,423.7,423.1,423.1,0
2026-05-04 04:00:00,420.5,423.78,420.0012,420.13,0
2026-05-04 05:00:00,420.28,420.9,419.74,420.16,0
2026-05-04 06:00:00,420.12,420.16,415.52,419.02,0
2026-05-04 07:00:00,419.0,423.18,417.89,418.72,0
2026-05-04 08:00:00,418.7864,423.18,418.63,419.51,0
2026-05-04 09:00:00,419.5,420.2,418.5,419.3,0
2026-05-04 09:30:00,418.8399963378906,419.7200012207031,418.260009765625,418.7200012207031,1551019
2026-05-04 10:30:00,419.6400146484375,420.8599853515625,414.3800048828125,416.6700134277344,1560170
2026-05-04 11:30:00,416.6799926757813,417.2099914550781,413.2800903320313,414.5299987792969,1427818
2026-05-04 12:30:00,414.5299987792969,416.1400146484375,413.8900146484375,415.44000244140625,483402
2026-05-04 13:30:00,415.4299926757813,415.75,414.1199951171875,414.2999877929687,534155
2026-05-04 14:30:00,414.2999877929687,415.5700073242187,414.2099914550781,415.2900085449219,877838
2026-05-04 15:30:00,415.2999877929687,415.739990234375,414.5549926757813,414.760009765625,729987
2026-05-04 16:00:00,414.71,417.114,414.24,415.33,0
2026-05-04 17:00:00,415.31,415.43,411.9201,415.28,0
2026-05-04 18:00:00,415.36,443.544,390.8361,414.79,0
2026-05-04 19:00:00,414.8147,443.544,397.7639,415.0,0
2026-05-05 04:00:00,416.6,418.66,414.71,418.54,0
2026-05-05 05:00:00,418.4,418.6832,417.9,418.3,0
2026-05-05 06:00:00,418.4,418.47,416.9,417.26,0
2026-05-05 07:00:00,417.2,419.15,414.71,418.8,0
2026-05-05 08:00:00,418.9,420.0,414.71,419.08,0
2026-05-05 09:00:00,419.1,420.6,419.0547,420.4382,0
2026-05-05 09:30:00,420.1499938964844,421.1600036621094,419.1802978515625,420.9100036621094,1815636
2026-05-05 10:30:00,420.8999938964844,421.0700073242187,420.1099853515625,420.5849914550781,2227919
2026-05-05 11:30:00,420.4100036621094,420.5700073242187,418.2999877929687,418.6400146484375,2949518
2026-05-05 12:30:00,418.6499938964844,418.6499938964844,418.1650085449219,418.1700134277344,11675
2026-05-05 13:30:00,418.5450134277344,419.169189453125,418.2950134277344,418.8999938964844,229929
2026-05-05 14:30:00,418.9100036621094,418.9299926757813,418.7301025390625,418.7301025390625,37293
2026-05-05 15:30:00,418.3999938964844,418.5799865722656,417.9049987792969,418.0700073242187,394989
2026-05-05 16:00:00,418.27,418.725,418.14,418.54,125703
2026-05-05 17:00:00,418.32,428.6734,411.9296,418.2101,0
2026-05-05 18:00:00,418.39,418.55,418.0012,418.1,0
2026-05-05 19:00:00,419.9,421.99,408.4699,421.24,0
2026-05-06 04:00:00,429.31,429.89,418.27,429.33,0
2026-05-06 05:00:00,431.6,432.3,430.5437,431.653,0
2026-05-06 06:00:00,431.9,432.0,431.8,431.89,0
2026-05-06 07:00:00,433.2,433.5,418.27,430.8926,0
2026-05-06 08:00:00,430.7924,430.9467,429.91,430.09,0
2026-05-06 09:00:00,429.9,430.85,428.63,430.0,0
2026-05-06 09:30:00,430.1499938964844,432.2200012207031,429.7300109863281,432.0700073242187,1598901
2026-05-06 10:30:00,432.0950012207031,432.8699951171875,430.8900146484375,431.08648681640625,6820474
2026-05-06 11:30:00,431.1000061035156,431.2699890136719,430.9800109863281,431.0,23779
2026-05-06 12:30:00,430.4500122070313,430.7799987792969,429.6400146484375,429.9800109863281,395959
2026-05-06 13:30:00,429.9549865722656,430.0,429.739990234375,429.9100036621094,38249
2026-05-06 14:30:00,430.3699951171875,431.5299987792969,430.1449890136719,431.385009765625,480890
2026-05-06 15:30:00,431.3699951171875,431.4549865722656,431.1600036621094,431.3599853515625,31371
2026-05-06 16:00:00,430.96,439.241,401.2076,430.66,243021
2026-05-06 17:00:00,430.7582,430.78,418.5399,430.6532,0
2026-05-06 18:00:00,430.57,442.1677,419.2239,431.1855,0
2026-05-06 19:00:00,430.9,431.1588,430.9,431.13,0
2026-05-07 04:00:00,432.65,436.3137,430.83,434.5935,0
2026-05-07 05:00:00,434.3,435.02,433.5,434.16,0
2026-05-07 06:00:00,433.98,434.4088,433.98,434.4088,0
2026-05-07 07:00:00,434.67,435.4395,434.0,435.4,0
2026-05-07 08:00:00,435.36,435.6958,434.9391,434.9391,0
2026-05-07 09:00:00,434.99,436.26,430.96,434.49,0
2026-05-07 09:30:00,435.6099853515625,436.9299926757813,434.8699951171875,436.7000122070313,1873525
2026-05-07 10:30:00,436.7000122070313,437.4200134277344,434.7900085449219,435.1199951171875,878118
2026-05-07 11:30:00,435.2200012207031,435.83990478515625,431.7900085449219,433.3049926757813,1045867
2026-05-07 12:30:00,433.2200012207031,433.385009765625,430.25,431.3330078125,1001418
2026-05-07 13:30:00,431.2900085449219,432.6700134277344,430.7799987792969,432.6499938964844,547113
2026-05-07 14:30:00,432.6700134277344,432.94000244140625,431.06500244140625,431.9100036621094,525906
2026-05-07 15:30:00,431.9299926757813,432.5299987792969,431.6499938964844,431.7000122070313,475708
2026-05-07 16:00:00,431.68,459.6141,417.1627,430.28,0
2026-05-07 17:00:00,430.36,450.7989,417.31,430.3,0
2026-05-07 18:00:00,430.3,446.8754,417.31,430.06,0
2026-05-07 19:00:00,430.06,432.05,406.1563,431.8,0
2026-05-08 04:00:00,433.37,434.67,431.47,432.9,0
2026-05-08 05:00:00,433.0,433.65,432.24,432.66,0
2026-05-08 06:00:00,432.57,434.1,432.57,433.2835,0
2026-05-08 07:00:00,433.31,434.1067,432.77,433.12,0
2026-05-08 08:00:00,433.3185,434.44,431.68,433.6707,0
2026-05-08 09:00:00,433.6565,434.0,433.303,433.31,0
2026-05-08 09:30:00,434.0499877929687,436.2000122070313,433.0700073242187,433.25,3982843
2026-05-08 10:30:00,433.19000244140625,433.9249877929687,432.6926879882813,432.875,5095509
2026-05-08 11:30:00,432.7499084472656,433.2300109863281,431.7000122070313,433.2200012207031,13955758
2026-05-08 12:30:00,433.239990234375,433.4549865722656,433.1199951171875,433.2900085449219,45433
2026-05-08 13:30:00,433.4800109863281,434.2300109863281,433.3299865722656,434.0,328222
2026-05-08 14:30:00,433.9500122070313,433.9999084472656,433.44000244140625,433.7699890136719,361254
2026-05-08 15:30:00,433.760009765625,434.0799865722656,433.5809020996094,433.80999755859375,506256
2026-05-08 16:00:00,433.77,440.5971,432.87,433.0,0
2026-05-08 17:00:00,433.02,433.77,417.939,433.09,0
2026-05-08 18:00:00,433.08,433.22,432.5,433.0,0
2026-05-08 19:00:00,432.8912,433.0,432.7,432.83,0
2026-05-11 04:00:00,431.0,431.0,426.83,428.95,0
2026-05-11 05:00:00,428.9,429.2,427.62,427.64,0
2026-05-11 06:00:00,427.64,428.4,427.1,428.15,0
2026-05-11 07:00:00,428.14,433.77,427.97,428.9,0
2026-05-11 08:00:00,428.86,431.135,428.58,430.7,0
2026-05-11 09:00:00,430.65,433.77,430.33,433.54,0
2026-05-11 09:30:00,434.1820068359375,436.0400085449219,433.2200012207031,433.7699890136719,2316130
2026-05-11 10:30:00,433.7699890136719,435.0499877929687,432.9599914550781,434.55999755859375,755405
2026-05-11 11:30:00,434.6000061035156,434.7300109863281,433.5799865722656,433.7200012207031,508870
2026-05-11 12:30:00,433.7200012207031,433.893310546875,432.2099914550781,433.2000122070313,486624
2026-05-11 13:30:00,433.25,434.1000061035156,433.239990234375,434.06500244140625,444843
2026-05-11 14:30:00,434.0499877929687,434.30999755859375,433.6600036621094,433.7950134277344,448975
2026-05-11 15:30:00,433.7950134277344,434.8699951171875,433.6199951171875,434.6799926757813,451870
2026-05-11 16:00:00,434.65,438.4679,409.6564,434.9,0
2026-05-11 17:00:00,434.76,435.2279,409.6564,434.75,0
2026-05-11 18:00:00,434.75,436.5999,434.75,436.3,0
2026-05-11 19:00:00,436.28,437.903,435.82,437.7,0
2026-05-12 04:00:00,432.04,434.3347,430.3,431.89,0
2026-05-12 05:00:00,431.8,432.0,431.06,431.4757,0
2026-05-12 06:00:00,431.47,432.3177,430.22,431.0,0
2026-05-12 07:00:00,431.02,434.65,430.3406,432.27,0
2026-05-12 08:00:00,432.2727,434.65,430.53,432.11,0
2026-05-12 09:00:00,432.03,432.3,430.37,430.5545,0
2026-05-12 09:30:00,430.7000122070313,431.739990234375,429.3500061035156,430.0199890136719,2641944
2026-05-12 10:30:00,429.9299926757813,430.3800048828125,425.8500061035156,427.4299926757813,5900921
2026-05-12 11:30:00,427.4549865722656,428.6700134277344,427.260009765625,428.44000244140625,172047
2026-05-12 12:30:00,428.6300048828125,429.9399108886719,428.3500061035156,429.6300048828125,324666
2026-05-12 13:30:00,429.6499938964844,430.4599914550781,429.3500061035156,430.25,641952
2026-05-12 14:30:00,430.19000244140625,431.989990234375,430.19000244140625,431.9100036621094,1256584
2026-05-12 15:30:00,431.9500122070313,432.9800109863281,431.9500122070313,432.9800109863281,776559
2026-05-12 16:00:00,432.98,433.3,412.0011,432.98,0
2026-05-12 17:00:00,432.6,432.9988,415.8438,432.539,0
2026-05-12 18:00:00,432.68,433.5984,432.57,433.05,0
2026-05-12 19:00:00,433.0,433.6762,432.936,433.2,0
2026-05-13 04:00:00,431.27,432.92,431.0,431.5972,0
2026-05-13 05:00:00,431.63,431.7,430.26,431.6,0
2026-05-13 06:00:00,431.53,432.45,430.9352,431.03,0
2026-05-13 07:00:00,431.01,432.93,430.73,431.31,0
2026-05-13 08:00:00,431.3,431.7,429.25,429.9922,0
2026-05-13 09:00:00,430.1,430.77,430.0735,430.71,0
2026-05-13 09:30:00,430.5199890136719,430.7099914550781,428.7799987792969,429.4599914550781,1007996
2026-05-13 10:30:00,430.0799865722656,430.80999755859375,429.4599914550781,430.7850036621094,406501
2026-05-13 11:30:00,430.7799987792969,432.489990234375,430.3599853515625,432.18499755859375,642571
2026-05-13 12:30:00,432.1499938964844,432.2699890136719,431.1199951171875,431.4299926757813,346692
2026-05-13 13:30:00,431.3999938964844,431.3999938964844,430.1199951171875,430.80999755859375,467101
2026-05-13 14:30:00,430.7999877929687,430.8949890136719,429.489990234375,430.385009765625,382470
2026-05-13 15:30:00,430.3900146484375,430.6000061035156,430.05999755859375,430.4700012207031,479154
2026-05-13 16:00:00,430.5,431.2693,401.2076,430.5,0
2026-05-13 17:00:00,408.2193,430.8,401.7958,430.67,0
2026-05-13 18:00:00,430.63,431.4888,430.44,431.43,0
2026-05-13 19:00:00,431.39,431.6,430.44,431.1,0
2026-05-14 04:00:00,430.99,433.1,428.62,431.71,0
2026-05-14 05:00:00,431.69,432.01,430.5,430.6,0
2026-05-14 06:00:00,430.55,431.9,430.397,431.12,0
2026-05-14 07:00:00,431.17,431.28,430.4,430.71,0
2026-05-14 08:00:00,430.7623,432.15,430.5413,431.8,0
2026-05-14 09:00:00,431.63,432.3196,430.5,431.81,0
2026-05-14 09:30:00,430.2999877929687,431.5400085449219,428.0499877929687,430.6099853515625,1464455
2026-05-14 10:30:00,430.6199951171875,430.760009765625,429.3500061035156,430.2000122070313,364890
2026-05-14 11:30:00,430.1499938964844,430.4700012207031,429.05999755859375,429.3299865722656,365668
2026-05-14 12:30:00,429.30999755859375,429.8949890136719,428.7099914550781,429.3999938964844,292405
2026-05-14 13:30:00,429.3800048828125,429.760009765625,428.56201171875,428.9410095214844,217301
2026-05-14 14:30:00,428.989990234375,429.09039306640625,428.0400085449219,428.05999755859375,272210
2026-05-14 15:30:00,428.0799865722656,428.239990234375,427.1000061035156,427.2200012207031,796552
2026-05-14 16:00:00,427.21,436.7373,418.9065,426.91,0
2026-05-14 17:00:00,426.92,427.23,426.51,426.678,0
2026-05-14 18:00:00,426.8,427.9945,426.61,427.95,0
2026-05-14 19:00:00,427.95,428.1696,426.6,427.0,0
2026-05-15 04:00:00,423.0,424.3317,417.74,418.56,0
2026-05-15 05:00:00,418.18,418.9,416.1,417.36,0
2026-05-15 06:00:00,417.37,418.98,417.2488,418.81,0
2026-05-15 07:00:00,417.88,427.21,417.68,418.888,0
2026-05-15 08:00:00,418.887,418.9,417.31,418.3,0
2026-05-15 09:00:00,418.32,427.21,416.51,417.5,0
2026-05-15 09:30:00,417.6400146484375,418.94000244140625,414.1199951171875,418.260009765625,3733288
2026-05-15 10:30:00,418.2900085449219,419.2484130859375,417.1199951171875,417.489990234375,986032
2026-05-15 11:30:00,417.5400085449219,417.7875061035156,415.80999755859375,416.7999877929687,1040471
2026-05-15 12:30:00,416.9800109863281,419.0299987792969,416.8200073242187,418.4150085449219,604556
2026-05-15 13:30:00,418.4949951171875,418.9700012207031,418.05999755859375,418.5299987792969,558688
2026-05-15 14:30:00,418.5400085449219,418.9500122070313,417.6300048828125,417.7749938964844,806871
2026-05-15 15:30:00,417.8299865722656,418.2699890136719,417.2200012207031,417.30999755859375,1071556
2026-05-15 16:00:00,417.26,418.8837,396.4532,416.8,0
2026-05-15 17:00:00,417.08,417.29,416.61,417.2,0
2026-05-15 18:00:00,417.2,417.29,417.0,417.0482,0
2026-05-15 19:00:00,417.0002,417.29,417.0,417.0009,0
2026-05-18 04:00:00,417.09,418.55,415.96,417.5,0
2026-05-18 05:00:00,417.42,418.3,416.92,417.3,0
2026-05-18 06:00:00,417.25,417.42,416.43,416.6652,0
2026-05-18 07:00:00,416.82,417.5,415.93,416.46,0
2026-05-18 08:00:00,416.51,419.28,416.44,417.8,0
2026-05-18 09:00:00,417.9,420.23,417.29,419.5,0
2026-05-18 09:30:00,419.8200073242187,420.9299011230469,418.1400146484375,418.7699890136719,2155540
2026-05-18 10:30:00,418.760009765625,418.8999938964844,416.05999755859375,416.2850036621094,824127
2026-05-18 11:30:00,416.260009765625,417.7900085449219,416.2300109863281,416.510009765625,584674
2026-05-18 12:30:00,416.4700012207031,418.489990234375,416.2749938964844,418.05999755859375,396704
2026-05-18 13:30:00,418.0799865722656,418.0799865722656,416.4800109863281,416.989990234375,223092
2026-05-18 14:30:00,417.0,419.0400085449219,416.2699890136719,417.8299865722656,725214
2026-05-18 15:30:00,417.8299865722656,418.8900146484375,417.7000122070313,418.44000244140625,410467
2026-05-18 16:00:00,418.54,419.2767,402.8484,419.17,0
2026-05-18 17:00:00,418.43,419.4,397.7639,419.3,0
2026-05-18 18:00:00,419.28,420.5,419.26,419.7,0
2026-05-18 19:00:00,419.88,421.26,419.78,420.73,0
2026-05-19 04:00:00,418.95,419.02,416.06,416.68,0
2026-05-19 05:00:00,416.6,417.57,416.39,416.93,0
2026-05-19 06:00:00,416.78,417.23,416.45,416.75,0
2026-05-19 07:00:00,416.9,418.43,415.39,416.6717,0
2026-05-19 08:00:00,416.81,417.45,415.61,417.2167,0
2026-05-19 09:00:00,417.06,418.43,414.35,415.4198,0
2026-05-19 09:30:00,412.4500122070313,414.4700012207031,409.8900146484375,412.2000122070313,2277717
2026-05-19 10:30:00,412.2300109863281,413.55999755859375,411.7999877929687,413.0,580923
2026-05-19 11:30:00,412.9500122070313,414.1700134277344,412.7099914550781,413.87939453125,452980
2026-05-19 12:30:00,413.8539123535156,414.239990234375,413.4299926757813,413.7950134277344,248377
2026-05-19 13:30:00,413.71148681640625,413.8599853515625,412.6199951171875,412.7099914550781,335931
2026-05-19 14:30:00,412.6799926757813,413.1600036621094,411.7999877929687,411.8999938964844,384208
2026-05-19 15:30:00,411.9299926757813,412.1700134277344,411.3599853515625,411.5199890136719,798448
2026-05-19 16:00:00,411.5,428.6734,389.461,411.54,0
2026-05-19 17:00:00,411.61,411.91,394.769,411.85,0
2026-05-19 18:00:00,411.67,411.91,411.03,411.62,0
2026-05-19 19:00:00,411.58,412.8,411.2047,412.0,0
2026-05-20 04:00:00,410.69,411.81,409.2,411.8,0
2026-05-20 05:00:00,411.88,412.22,410.7,410.7,0
2026-05-20 06:00:00,410.78,412.44,410.64,412.07,0
2026-05-20 07:00:00,412.1875,413.18,411.5,413.18,0
2026-05-20 08:00:00,413.06,413.23,412.31,413.06,0
2026-05-20 09:00:00,413.11,413.7,412.6004,413.54,0
2026-05-20 09:30:00,412.25,414.0499877929687,410.0799865722656,413.7099914550781,1856538
2026-05-20 10:30:00,413.70849609375,417.989990234375,413.70849609375,415.7900085449219,1126153
2026-05-20 11:30:00,415.7799987792969,416.7699890136719,415.33538818359375,415.5,487813
2026-05-20 12:30:00,415.5750122070313,416.6799926757813,415.3999938964844,416.0700073242187,472016
2026-05-20 13:30:00,416.1600036621094,416.5,415.7900085449219,416.3500061035156,390891
2026-05-20 14:30:00,416.3599853515625,417.3734130859375,416.3599853515625,417.2999877929687,466155
2026-05-20 15:30:00,417.2999877929687,417.80999755859375,417.2799987792969,417.3800048828125,865024
2026-05-20 16:00:00,417.4,442.1677,392.7473,417.2,0
2026-05-20 17:00:00,417.12,436.3682,391.5799,417.2988,0
2026-05-20 18:00:00,417.01,417.38,416.15,416.6957,0
2026-05-20 19:00:00,416.65,417.4,416.19,417.24,0
2026-05-21 04:00:00,415.85,416.7,414.1,416.3,0
2026-05-21 05:00:00,416.18,416.89,415.46,416.42,0
2026-05-21 06:00:00,416.38,416.92,413.99,414.66,0
2026-05-21 07:00:00,414.5,417.4,413.47,414.2201,0
2026-05-21 08:00:00,414.31,414.79,413.28,413.65,0
2026-05-21 09:00:00,413.51,417.4,412.97,413.18,0
2026-05-21 09:30:00,413.1400146484375,414.9599914550781,411.9500122070313,413.6300048828125,1195451
2026-05-21 10:30:00,413.739990234375,414.4150085449219,412.6499938964844,413.2900085449219,483931
2026-05-21 11:30:00,413.3049926757813,414.88079833984375,413.2149963378906,414.510009765625,377457
2026-05-21 12:30:00,414.5,417.19000244140625,414.3399963378906,416.7999877929687,885387
2026-05-21 13:30:00,416.80999755859375,418.4200134277344,416.5499877929687,417.4100036621094,517940
2026-05-21 14:30:00,417.41009521484375,417.5499877929687,415.510009765625,416.6199951171875,520356
2026-05-21 15:30:00,416.6000061035156,417.0212097167969,416.1600036621094,416.9700012207031,574475
2026-05-21 16:00:00,416.99,442.799,404.8709,416.92,0
2026-05-21 17:00:00,417.07,441.452,404.8716,416.8,0
2026-05-21 18:00:00,417.0,417.3599,416.3,416.9,0
2026-05-21 19:00:00,417.0,417.11,415.824,416.2,0
2026-05-22 04:00:00,415.6,416.99,413.83,415.5,0
2026-05-22 05:00:00,415.58,415.58,414.55,414.72,0
2026-05-22 06:00:00,414.7527,416.46,414.47,415.51,0
2026-05-22 07:00:00,415.41,416.99,414.1,414.25,0
2026-05-22 08:00:00,414.25,416.41,414.15,415.1,0
2026-05-22 09:00:00,415.2,416.99,414.5696,415.7015,0
2026-05-22 09:30:00,415.1700134277344,415.6099853515625,412.0,412.9200134277344,1377271
2026-05-22 10:30:00,413.0199890136719,414.8599853515625,412.8200073242187,414.8599853515625,489832
2026-05-22 11:30:00,414.8800048828125,415.3599853515625,414.4700012207031,415.2800903320313,581531
2026-05-22 12:30:00,415.3290100097656,415.5799865722656,414.239990234375,415.4800109863281,500129
2026-05-22 13:30:00,415.4800109863281,415.6799926757813,414.1199951171875,414.4599914550781,813117
2026-05-22 14:30:00,414.4700012207031,414.9100036621094,413.6600036621094,413.7349853515625,879613
2026-05-22 15:30:00,413.75,414.1099853515625,413.4800109863281,413.8500061035156,534795
2026-05-22 16:00:00,413.87,433.612,397.5491,413.8,0
2026-05-22 17:00:00,413.8647,414.63,413.52,413.93,0
2026-05-22 18:00:00,414.1,414.43,413.82,413.9,0
2026-05-22 19:00:00,413.91,414.15,413.06,413.4987,0
2026-05-26 04:00:00,416.08,417.03,415.0,415.22,0
2026-05-26 05:00:00,415.07,415.61,414.8,415.42,0
2026-05-26 06:00:00,415.38,416.3,414.24,416.14,0
2026-05-26 07:00:00,416.18,416.81,413.82,415.24,0
2026-05-26 08:00:00,415.255,415.26,413.46,413.6,0
2026-05-26 09:00:00,413.68,415.53,413.22,414.85,0
2026-05-26 09:30:00,415.1600036621094,415.9800109863281,413.8500061035156,414.7699890136719,1214136
2026-05-26 10:30:00,414.7300109863281,415.3949890136719,413.5799865722656,413.7000122070313,522797
2026-05-26 11:30:00,413.7200012207031,414.1099853515625,413.1000061035156,413.8349914550781,525872
2026-05-26 12:30:00,413.8399963378906,414.2000122070313,413.1600036621094,413.239990234375,318711
2026-05-26 13:30:00,413.2200012207031,413.2999877929687,411.5,412.7000122070313,744746
2026-05-26 14:30:00,412.6799926757813,413.5199890136719,412.5700073242187,413.3349914550781,760328
2026-05-26 15:30:00,413.3599853515625,414.0899963378906,413.2099914550781,413.9549865722656,734430
2026-05-26 16:00:00,414.0,438.4679,389.1262,413.82,0
2026-05-26 17:00:00,413.79,435.2279,389.1262,413.9,0
2026-05-26 18:00:00,413.9,414.44,412.9,414.44,0
2026-05-26 19:00:00,414.44,415.74,413.21,414.8,0
2026-05-27 04:00:00,411.95,414.64,410.9,412.08,0
2026-05-27 05:00:00,412.04,412.99,411.8,412.18,0
2026-05-27 06:00:00,412.1649,412.5,410.9892,411.03,0
2026-05-27 07:00:00,411.03,411.05,407.58,407.7,0
2026-05-27 08:00:00,407.69,410.01,406.2,409.0,0
2026-05-27 09:00:00,409.1,414.0,404.95,405.55,0
2026-05-27 09:30:00,404.3349914550781,408.9800109863281,404.29998779296875,408.05999755859375,3084148
2026-05-27 10:30:00,408.0299987792969,408.3800048828125,406.5,407.1549987792969,973947
2026-05-27 11:30:00,407.17999267578125,408.2799987792969,406.7799987792969,408.20001220703125,584493
2026-05-27 12:30:00,408.1600036621094,408.8399963378906,407.7200012207031,408.5199890136719,453154
2026-05-27 13:30:00,408.54998779296875,409.25,408.28009033203125,409.010009765625,295177
2026-05-27 14:30:00,409.0151062011719,409.05999755859375,408.4549865722656,408.5799865722656,314996
2026-05-27 15:30:00,408.5899963378906,408.9242858886719,408.3550109863281,408.5199890136719,622314
2026-05-27 16:00:00,408.49,428.1447,386.3896,409.0484,0
2026-05-27 17:00:00,409.07,428.3722,386.3896,408.81,0
2026-05-27 18:00:00,408.9,410.0,408.89,409.11,0
2026-05-27 19:00:00,409.13,409.44,407.73,408.05,0
2026-05-28 04:00:00,404.0,408.49,400.87,402.876,0
2026-05-28 05:00:00,402.89,403.77,402.6,403.57,0
2026-05-28 06:00:00,403.53,404.1742,402.93,403.99,0
2026-05-28 07:00:00,403.96,404.06,401.6,402.46,0
2026-05-28 08:00:00,402.45,403.23,402.01,402.5,0
2026-05-28 09:00:00,402.84,408.49,402.43,406.27,0
2026-05-28 09:30:00,406.4800109863281,410.57000732421875,405.4107971191406,409.3999938964844,2117361
2026-05-28 10:30:00,409.3800048828125,411.4150085449219,408.7300109863281,410.8999938964844,1102862
2026-05-28 11:30:00,411.010009765625,413.2799987792969,410.9200134277344,413.0899963378906,664651
2026-05-28 12:30:00,413.1199951171875,414.3599853515625,412.7879943847656,413.19000244140625,990819
2026-05-28 13:30:00,413.2598876953125,414.510009765625,413.239990234375,413.5799865722656,685163
2026-05-28 14:30:00,413.6099853515625,413.614990234375,412.8450012207031,412.9649963378906,525295
2026-05-28 15:30:00,412.9700012207031,413.1499938964844,412.67999267578125,412.80279541015625,664569
2026-05-28 16:00:00,412.77,438.6796,412.5,412.58,0
2026-05-28 17:00:00,412.54,412.77,412.54,412.61,0
2026-05-28 18:00:00,412.61,413.04,412.2,412.34,0
2026-05-28 19:00:00,412.72,412.9888,411.91,412.375,0
2026-05-29 04:00:00,414.82,415.44,413.21,414.66,0
2026-05-29 05:00:00,414.74,416.0,414.0,415.86,0
2026-05-29 06:00:00,415.8,416.7,414.5188,415.8184,0
2026-05-29 07:00:00,415.94,417.05,412.77,415.6945,0
2026-05-29 08:00:00,415.6531,416.66,414.4012,415.15,0
2026-05-29 09:00:00,415.16,415.53,412.5299,415.25,0
2026-05-29 09:30:00,415.6199951171875,417.9100036621094,415.0799865722656,415.7799987792969,1578955
2026-05-29 10:30:00,415.739990234375,421.82000732421875,415.3599853515625,420.19000244140625,1615109
2026-05-29 11:30:00,420.2200012207031,420.67999267578125,418.3599853515625,418.81500244140625,1090323
2026-05-29 12:30:00,418.8299865722656,419.8399963378906,418.5799865722656,418.7200012207031,642871
2026-05-29 13:30:00,418.7099914550781,418.75,417.760009765625,418.4800109863281,463563
2026-05-29 14:30:00,418.5,418.69500732421875,417.6700134277344,418.1400146484375,846212
2026-05-29 15:30:00,418.1300048828125,418.2200012207031,416.9599914550781,417.20001220703125,976215
2026-05-29 16:00:00,417.12,433.6039,396.4532,416.7,0
2026-05-29 17:00:00,416.65,417.09,396.4532,416.67,0
2026-05-29 18:00:00,416.67,417.12,416.6,416.8,0
2026-05-29 19:00:00,416.76,417.1,416.6,416.81,0
2026-06-01 04:00:00,413.91,415.35,412.16,412.7,0
2026-06-01 05:00:00,412.6,413.64,412.3712,412.88,0
2026-06-01 06:00:00,412.75,413.36,412.17,413.18,0
2026-06-01 07:00:00,413.18,414.22,413.06,414.03,0
2026-06-01 08:00:00,414.05,414.21,412.83,413.61,0
2026-06-01 09:00:00,413.5,417.12,410.53,411.59,0
2026-06-01 09:30:00,409.8599853515625,411.0602111816406,408.239990234375,409.0199890136719,2289448
2026-06-01 10:30:00,409.0199890136719,410.3399963378906,408.6400146484375,410.1700134277344,668776
2026-06-01 11:30:00,410.19000244140625,411.2449951171875,409.7200012207031,410.19500732421875,663894
2026-06-01 12:30:00,410.19000244140625,411.4700012207031,410.1099853515625,411.4700012207031,396273
2026-06-01 13:30:00,411.5400085449219,412.6099853515625,411.25,411.80999755859375,524867
2026-06-01 14:30:00,411.80999755859375,412.0,411.6000061035156,411.6400146484375,348930
2026-06-01 15:30:00,411.6499938964844,411.739990234375,411.1000061035156,411.2300109863281,706174
2026-06-01 16:00:00,411.26,414.5507,406.7291,411.9201,0
2026-06-01 17:00:00,411.4396,414.5507,397.7639,411.75,0
2026-06-01 18:00:00,411.78,411.98,411.1115,411.74,0
2026-06-01 19:00:00,411.4895,412.39,411.16,411.3,0
2026-06-02 04:00:00,415.95,416.79,412.97,415.9032,0
2026-06-02 05:00:00,415.85,416.25,415.29,415.45,0
2026-06-02 06:00:00,415.54,415.94,414.56,415.5712,0
2026-06-02 07:00:00,415.65,416.23,411.26,415.82,0
2026-06-02 08:00:00,415.9,416.2025,415.21,415.75,0
2026-06-02 09:00:00,415.59,416.14,411.26,414.32,0
2026-06-02 09:30:00,414.0799865722656,414.39990234375,412.1400146484375,412.6300048828125,1493836
2026-06-02 10:30:00,412.7850036621094,413.79998779296875,412.6300048828125,413.57501220703125,409456
2026-06-02 11:30:00,413.57000732421875,413.8299865722656,412.1499938964844,412.17999267578125,397877
2026-06-02 12:30:00,412.1400146484375,412.4100036621094,411.7900085449219,412.2099914550781,370097
2026-06-02 13:30:00,412.1400146484375,412.260009765625,411.3949890136719,411.9849853515625,459815
2026-06-02 14:30:00,412.0,412.17999267578125,411.1000061035156,412.07000732421875,295575
2026-06-02 15:30:00,412.0799865722656,412.1499938964844,411.5400085449219,411.9219970703125,261308
2026-06-02 16:00:00,411.95,426.9068,389.461,389.461,0
2026-06-02 17:00:00,417.2636,428.6734,389.461,411.86,0
2026-06-02 18:00:00,412.1,412.523,411.6142,411.627,0
2026-06-02 19:00:00,411.65,411.98,409.62,410.7,0
2026-06-03 04:00:00,409.1,411.95,408.55,409.1,0
2026-06-03 05:00:00,409.17,409.3046,407.51,407.54,0
2026-06-03 06:00:00,407.59,410.01,407.44,409.41,0
2026-06-03 07:00:00,409.34,411.95,408.8,409.82,0
2026-06-03 08:00:00,409.85,410.05,408.51,408.72,0
2026-06-03 09:00:00,408.75,411.95,408.3,409.6584,0
2026-06-03 09:30:00,408.3800048828125,409.239990234375,406.2250061035156,408.67999267578125,1682874
2026-06-03 10:30:00,408.6199951171875,409.3800048828125,407.4750061035156,407.9800109863281,1023863
2026-06-03 11:30:00,407.9200134277344,408.0,406.9599914550781,407.30999755859375,457647
2026-06-03 12:30:00,407.29998779296875,408.2900085449219,407.1405944824219,407.42999267578125,393976
2026-06-03 13:30:00,407.3900146484375,407.739990234375,407.010009765625,407.54998779296875,292688
2026-06-03 14:30:00,407.5600891113281,408.67999267578125,407.26849365234375,408.28009033203125,333898
2026-06-03 15:30:00,408.32000732421875,408.45001220703125,407.79998779296875,407.8999938964844,523666
2026-06-03 16:00:00,407.86,430.0556,392.7473,419.2239,0
2026-06-03 17:00:00,396.1332,436.3682,391.5799,408.1,0
2026-06-03 18:00:00,407.94,408.55,406.0,408.04,0
2026-06-03 19:00:00,408.26,409.58,407.8602,408.94,0
2026-06-04 04:00:00,408.94,411.47,408.94,409.6,0
2026-06-04 05:00:00,409.65,410.083,409.34,409.7,0
2026-06-04 06:00:00,409.82,410.6738,409.45,410.0,0
2026-06-04 07:00:00,410.0,412.13,407.87,411.96,0
2026-06-04 08:00:00,411.96,414.29,411.16,412.85,0
2026-06-04 09:00:00,412.85,413.9909,407.87,413.23,0
2026-06-04 09:30:00,413.32000732421875,414.3699951171875,411.510009765625,411.69500732421875,1575069
2026-06-04 10:30:00,411.69000244140625,411.7300109863281,409.010009765625,410.2699890136719,699783
2026-06-04 11:30:00,410.239990234375,411.5799865722656,410.1700134277344,411.44000244140625,323567
2026-06-04 12:30:00,411.45001220703125,411.5,410.5799865722656,410.85101318359375,217003
2026-06-04 13:30:00,410.8999938964844,411.2499084472656,410.7300109863281,410.95001220703125,175627
2026-06-04 14:30:00,410.92999267578125,411.3800048828125,410.45001220703125,411.0950012207031,761997
2026-06-04 15:30:00,411.1000061035156,411.3799133300781,410.80999755859375,411.2699890136719,682403
2026-06-04 16:00:00,411.27,430.3227,404.8709,410.5697,0
2026-06-04 17:00:00,410.62,423.4528,404.8716,410.51,0
2026-06-04 18:00:00,410.7,411.28,410.15,410.18,0
2026-06-04 19:00:00,410.1145,410.52,409.3,409.3,0
2026-06-05 04:00:00,409.0,410.0,406.51,410.0,0
2026-06-05 05:00:00,410.0,410.24,409.3,409.6,0
2026-06-05 06:00:00,409.5,410.26,409.37,409.89,0
2026-06-05 07:00:00,410.0,411.27,409.16,409.9,0
2026-06-05 08:00:00,409.84,410.81,409.55,409.74,0
2026-06-05 09:00:00,409.8,411.27,403.84,405.65,0
2026-06-05 09:30:00,404.3800048828125,404.718994140625,399.5299987792969,400.239990234375,3421617
2026-06-05 10:30:00,400.2200012207031,401.3299865722656,398.739990234375,399.44000244140625,1561511
2026-06-05 11:30:00,399.45001220703125,399.7049865722656,396.9700012207031,397.38970947265625,1230374
2026-06-05 12:30:00,397.3399963378906,398.981201171875,396.739990234375,398.54998779296875,1068593
2026-06-05 13:30:00,398.57000732421875,398.9800109863281,396.6000061035156,397.0849914550781,1050379
2026-06-05 14:30:00,397.0400085449219,397.1400146484375,395.9200134277344,396.8299865722656,1139819
2026-06-05 15:30:00,396.8599853515625,396.9700012207031,395.92999267578125,396.25,1414528
2026-06-05 16:00:00,396.24,417.939,383.1966,397.4,0
2026-06-05 17:00:00,397.4,397.75,396.24,397.4391,0
2026-06-05 18:00:00,397.4404,398.0,397.21,397.21,0
2026-06-05 19:00:00,397.3,398.0,396.63,396.9112,0
2026-06-08 04:00:00,394.9,396.73,391.807,393.55,0
2026-06-08 05:00:00,393.49,394.11,392.8,392.8637,0
2026-06-08 06:00:00,392.77,394.86,392.19,394.16,0
2026-06-08 07:00:00,394.1,397.49,394.0,397.0,0
2026-06-08 08:00:00,397.1,397.82,396.58,397.47,0
2026-06-08 09:00:00,397.48,398.41,396.24,396.957,0
2026-06-08 09:30:00,397.5199890136719,398.9454040527344,396.0799865722656,396.5199890136719,2181691
2026-06-08 10:30:00,396.5,398.0,396.0299987792969,397.45001220703125,961753
2026-06-08 11:30:00,397.4700012207031,398.8999938964844,397.2449951171875,398.4700012207031,783831
2026-06-08 12:30:00,398.510009765625,398.9800109863281,397.79998779296875,398.3299865722656,576243
2026-06-08 13:30:00,398.32000732421875,398.9200134277344,397.6499938964844,398.6199951171875,552276
2026-06-08 14:30:00,398.5899963378906,398.80999755859375,397.0899963378906,397.2200012207031,530192
2026-06-08 15:30:00,397.2200012207031,397.4800109863281,396.8599853515625,397.1499938964844,980528
2026-06-08 16:00:00,397.27,438.4679,375.0806,397.45,0
2026-06-08 17:00:00,422.2964,422.2964,375.0806,398.9,0
2026-06-08 18:00:00,399.0,399.01,396.8,397.2,0
2026-06-08 19:00:00,397.2,397.3,395.9,396.11,0
2026-06-09 04:00:00,398.2,399.35,396.62,397.92,0
2026-06-09 05:00:00,397.81,398.0,396.8976,397.1275,0
2026-06-09 06:00:00,397.11,398.0,396.92,397.703,0
2026-06-09 07:00:00,397.7,398.4331,397.27,398.2,0
2026-06-09 08:00:00,398.16,398.76,397.9,397.91,0
2026-06-09 09:00:00,397.91,398.85,397.27,398.46,0
2026-06-09 09:30:00,397.57000732421875,400.4800109863281,395.1700134277344,396.3599853515625,1922744
2026-06-09 10:30:00,396.260009765625,396.6400146484375,392.5262145996094,392.6700134277344,1639726
2026-06-09 11:30:00,392.67999267578125,393.2799987792969,390.29998779296875,391.25,1581584
2026-06-09 12:30:00,391.1719970703125,391.7099914550781,388.75,391.2699890136719,1269920
2026-06-09 13:30:00,391.260009765625,392.25,390.6451110839844,391.92498779296875,604998
2026-06-09 14:30:00,391.94000244140625,392.2699890136719,390.3399963378906,390.7120056152344,867703
2026-06-09 15:30:00,390.7449951171875,391.0,390.0299987792969,390.8699951171875,937756
2026-06-09 16:00:00,390.82,417.1524,371.2398,391.0494,0
2026-06-09 17:00:00,381.9227,415.8438,371.2398,391.12,0
2026-06-09 18:00:00,391.12,391.15,388.5,388.98,0
2026-06-09 19:00:00,388.92,389.95,386.5,387.7,0
