Date,Premium_USD
2003-04-25,0.4600000000000001
2003-04-28,-0.27999999999999997
2003-04-29,0.039999999999999966
2003-04-30,-0.08
2003-05-01,-0.2
2003-05-02,-0.32
2003-05-05,-0.64
2003-05-06,-0.96
2003-05-07,-0.8
2003-05-08,-0.82
2003-05-09,-1.56
2003-05-12,-1.9400000000000002
2003-05-13,-2.38
2003-05-14,-2.9400000000000004
2003-05-15,-3.38
2003-05-16,-2.6599999999999997
2003-05-19,-2.7399999999999998
2003-05-20,-3.2
2003-05-21,-2.54
2003-05-22,-2.34
2003-05-23,-3.4599999999999995
2003-05-26,-3.4
2003-05-27,-3.1599999999999997
2003-05-28,-2.9800000000000004
2003-05-29,-2.0799999999999996
2003-05-30,-0.2999999999999998
2003-06-02,0.7000000000000002
2003-06-03,1.6200000000000003
2003-06-04,1.2200000000000002
2003-06-05,0.66
2003-06-06,-0.22000000000000003
2003-06-09,-0.28
2003-06-10,0.33999999999999997
2003-06-11,0.8400000000000001
2003-06-12,1.3399999999999999
2003-06-13,2.34
2003-06-16,2.3
2003-06-17,1.8
2003-06-18,1.6799999999999997
2003-06-19,1.7399999999999998
2003-06-20,1.36
2003-06-23,1.58
2003-06-24,1.9
2003-06-25,2.4
2003-06-26,3.2
2003-06-27,3.7400000000000007
2003-06-30,3.6800000000000006
2003-07-01,3.6
2003-07-02,3.1800000000000006
2003-07-03,2.32
2003-07-04,1.6199999999999999
2003-07-07,1.5199999999999998
2003-07-08,1.7399999999999998
2003-07-09,1.8399999999999999
2003-07-10,2.1399999999999997
2003-07-11,2.7600000000000002
2003-07-14,2.92
2003-07-15,2.5200000000000005
2003-07-16,2.56
2003-07-17,2.2600000000000007
2003-07-18,2.1799999999999997
2003-07-21,1.7
2003-07-22,1.3199999999999998
2003-07-23,0.86
2003-07-24,0.18
2003-07-25,-0.8800000000000001
2003-07-28,-1.3399999999999999
2003-07-29,-1.38
2003-07-30,-1.4
2003-07-31,-1.08
2003-08-01,-0.13999999999999996
2003-08-04,0.7200000000000001
2003-08-05,1.3800000000000001
2003-08-06,1.6800000000000002
2003-08-07,1.9200000000000004
2003-08-08,1.6400000000000001
2003-08-11,1.08
2003-08-12,0.34
2003-08-13,0.15999999999999998
2003-08-14,-0.45999999999999996
2003-08-15,-1.06
2003-08-18,-1.1
2003-08-19,-0.76
2003-08-20,-1.06
2003-08-21,-1.1
2003-08-22,-0.5800000000000001
2003-08-25,-0.040000000000000036
2003-08-26,0.15999999999999998
2003-08-27,0.7
2003-08-28,0.25999999999999995
2003-08-29,-0.5600000000000002
2003-09-01,-1.56
2003-09-02,-2.08
2003-09-03,-2.5
2003-09-04,-1.6200000000000003
2003-09-05,-0.6799999999999999
2003-09-08,-0.38
2003-09-09,-0.36000000000000004
2003-09-10,-0.2800000000000001
2003-09-11,-0.06000000000000001
2003-09-12,0.0
2003-09-15,0.34
2003-09-16,0.82
2003-09-17,1.1
2003-09-18,0.96
2003-09-19,0.8400000000000001
2003-09-22,0.5999999999999999
2003-09-23,0.07999999999999989
2003-09-24,-0.2800000000000001
2003-09-25,-1.1400000000000001
2003-09-26,-0.9
2003-09-29,-0.4400000000000002
2003-09-30,-0.4800000000000001
2003-10-01,-0.64
2003-10-02,-0.1600000000000001
2003-10-03,-0.8
2003-10-06,-1.3
2003-10-07,-1.3
2003-10-08,-0.8400000000000001
2003-10-09,-0.4800000000000001
2003-10-10,-0.12000000000000002
2003-10-13,0.7
2003-10-14,1.0
2003-10-15,1.04
2003-10-16,1.1800000000000002
2003-10-17,2.3
2003-10-20,2.6
2003-10-21,3.4200000000000004
2003-10-22,3.1399999999999997
2003-10-23,2.94
2003-10-24,1.8199999999999998
2003-10-27,0.9400000000000001
2003-10-28,-0.15999999999999998
2003-10-29,-0.07999999999999999
2003-10-30,-1.06
2003-10-31,-1.2000000000000002
2003-11-03,-1.2200000000000002
2003-11-04,-0.56
2003-11-05,-0.3200000000000001
2003-11-06,1.2
2003-11-07,1.7399999999999998
2003-11-10,2.16
2003-11-11,1.8399999999999999
2003-11-12,1.58
2003-11-13,0.52
2003-11-14,0.08000000000000002
2003-11-17,-0.5799999999999998
2003-11-18,-0.45999999999999985
2003-11-19,-0.15999999999999998
2003-11-20,0.64
2003-11-21,1.6800000000000002
2003-11-24,2.9200000000000004
2003-11-25,4.08
2003-11-26,4.739999999999999
2003-11-27,4.86
2003-11-28,3.46
2003-12-01,2.68
2003-12-02,1.4000000000000001
2003-12-03,0.44000000000000006
2003-12-04,0.13999999999999999
2003-12-05,0.78
2003-12-08,0.33999999999999997
2003-12-09,0.64
2003-12-10,1.0799999999999998
2003-12-11,1.3199999999999998
2003-12-12,1.02
2003-12-15,1.5
2003-12-16,1.22
2003-12-17,1.0
2003-12-18,0.6399999999999999
2003-12-19,0.9
2003-12-22,0.9800000000000001
2003-12-23,1.1199999999999999
2003-12-24,1.02
2003-12-25,1.1400000000000001
2003-12-26,1.54
2003-12-29,1.34
2003-12-30,1.0
2003-12-31,0.82
2004-01-01,0.6399999999999999
2004-01-02,0.44000000000000006
2004-01-05,0.9
2004-01-06,1.78
2004-01-07,3.54
2004-01-08,5.74
2004-01-09,5.779999999999999
2004-01-12,5.359999999999999
2004-01-13,5.08
2004-01-14,4.14
2004-01-15,2.9200000000000004
2004-01-16,2.1199999999999997
2004-01-19,2.9799999999999995
2004-01-20,2.6
2004-01-21,2.0599999999999996
2004-01-22,1.36
2004-01-23,1.8599999999999999
2004-01-26,1.1
2004-01-27,1.2
2004-01-28,1.2
2004-01-29,1.3599999999999999
2004-01-30,2.1
2004-02-02,2.6
2004-02-03,2.4400000000000004
2004-02-04,2.7800000000000002
2004-02-05,3.1400000000000006
2004-02-06,3.3200000000000003
2004-02-09,2.7399999999999998
2004-02-10,3.04
2004-02-11,3.04
2004-02-12,2.3600000000000003
2004-02-13,1.4
2004-02-16,1.4
2004-02-17,1.02
2004-02-18,0.44000000000000006
2004-02-19,0.74
2004-02-20,1.1199999999999999
2004-02-23,1.8
2004-02-24,2.5
2004-02-25,3.2399999999999998
2004-02-26,4.540000000000001
2004-02-27,5.88
2004-03-01,5.640000000000001
2004-03-02,5.6000000000000005
2004-03-03,5.74
2004-03-04,4.6
2004-03-05,3.6599999999999993
2004-03-08,3.56
2004-03-09,3.4
2004-03-10,2.74
2004-03-11,2.96
2004-03-12,2.26
2004-03-15,2.0200000000000005
2004-03-16,1.8400000000000003
2004-03-17,1.78
2004-03-18,0.8400000000000001
2004-03-19,0.2800000000000001
2004-03-22,-0.4999999999999999
2004-03-23,-0.4999999999999999
2004-03-24,-0.76
2004-03-25,-0.8
2004-03-26,-0.74
2004-03-29,-0.66
2004-03-30,-1.2
2004-03-31,-1.34
2004-04-01,-1.32
2004-04-02,-1.28
2004-04-05,-0.78
2004-04-06,-0.4600000000000001
2004-04-07,0.16
2004-04-08,0.74
2004-04-09,1.18
2004-04-12,1.38
2004-04-13,1.9599999999999997
2004-04-14,2.66
2004-04-15,3.8
2004-04-16,5.0200000000000005
2004-04-19,5.76
2004-04-20,6.4399999999999995
2004-04-21,6.6
2004-04-22,6.4399999999999995
2004-04-23,5.58
2004-04-26,4.96
2004-04-27,4.6
2004-04-28,4.36
2004-04-29,4.2
2004-04-30,4.68
2004-05-03,5.4
2004-05-04,5.5
2004-05-05,5.6
2004-05-06,5.5
2004-05-07,5.5
2004-05-10,6.16
2004-05-11,6.340000000000001
2004-05-12,6.5200000000000005
2004-05-13,6.640000000000001
2004-05-14,6.74
2004-05-17,5.7
2004-05-18,5.32
2004-05-19,4.76
2004-05-20,4.26
2004-05-21,3.5599999999999996
2004-05-24,3.1399999999999997
2004-05-25,2.3
2004-05-26,1.6199999999999999
2004-05-27,1.1800000000000002
2004-05-28,1.28
2004-05-31,1.2200000000000002
2004-06-01,1.3
2004-06-02,1.1600000000000001
2004-06-03,0.9200000000000002
2004-06-04,0.76
2004-06-07,0.9600000000000002
2004-06-08,0.9000000000000001
2004-06-09,1.2000000000000002
2004-06-10,2.2600000000000002
2004-06-11,2.3600000000000003
2004-06-14,2.22
2004-06-15,2.6399999999999997
2004-06-16,2.78
2004-06-17,1.8
2004-06-18,0.9
2004-06-21,0.45999999999999996
2004-06-22,-0.4600000000000001
2004-06-23,-0.8400000000000001
2004-06-24,-1.56
2004-06-25,-1.5
2004-06-28,-1.8200000000000003
2004-06-29,-1.24
2004-06-30,-1.26
2004-07-01,-0.6799999999999999
2004-07-02,-0.25999999999999995
2004-07-05,0.2
2004-07-06,0.18
2004-07-07,0.33999999999999997
2004-07-08,-0.34
2004-07-09,-1.0399999999999998
2004-07-12,-1.5599999999999998
2004-07-13,-1.92
2004-07-14,-1.8800000000000001
2004-07-15,-1.22
2004-07-16,-0.68
2004-07-19,-0.3
2004-07-20,-0.22000000000000003
2004-07-21,0.039999999999999994
2004-07-22,1.2600000000000002
2004-07-23,2.16
2004-07-26,2.7800000000000002
2004-07-27,3.34
2004-07-28,3.9
2004-07-29,3.6
2004-07-30,3.08
2004-08-02,2.82
2004-08-03,2.84
2004-08-04,2.1600000000000006
2004-08-05,1.98
2004-08-06,2.0
2004-08-09,1.6800000000000002
2004-08-10,1.12
2004-08-11,1.1
2004-08-12,0.4
2004-08-13,0.5
2004-08-16,0.74
2004-08-17,1.2
2004-08-18,0.74
2004-08-19,0.1
2004-08-20,-0.5800000000000001
2004-08-23,-1.1
2004-08-24,-1.6400000000000001
2004-08-25,-1.6800000000000002
2004-08-26,-1.04
2004-08-27,-0.76
2004-08-30,-0.8200000000000001
2004-08-31,-0.82
2004-09-01,-0.44000000000000006
2004-09-02,-0.32
2004-09-03,0.07999999999999999
2004-09-06,1.06
2004-09-07,1.7
2004-09-08,2.06
2004-09-09,2.6399999999999997
2004-09-10,2.68
2004-09-13,2.8
2004-09-14,2.6
2004-09-15,2.32
2004-09-16,1.7399999999999998
2004-09-17,1.44
2004-09-20,0.9800000000000001
2004-09-21,0.64
2004-09-22,0.48
2004-09-23,0.36
2004-09-24,0.0
2004-09-27,-0.44000000000000006
2004-09-28,-0.6
2004-09-29,-0.9199999999999999
2004-09-30,-1.72
2004-10-01,-2.3600000000000003
2004-10-04,-2.92
2004-10-05,-3.46
2004-10-06,-4.0
2004-10-07,-4.0
2004-10-08,-3.7
2004-10-11,-3.46
2004-10-12,-2.56
2004-10-13,-0.8400000000000002
2004-10-14,0.13999999999999996
2004-10-15,0.6799999999999999
2004-10-18,1.08
2004-10-19,0.9
2004-10-20,-0.56
2004-10-21,-1.1800000000000002
2004-10-22,-1.28
2004-10-25,-1.7600000000000002
2004-10-26,-2.3200000000000003
2004-10-27,-1.98
2004-10-28,-1.58
2004-10-29,-1.6600000000000001
2004-11-01,-1.1
2004-11-02,-0.19999999999999996
2004-11-03,0.10000000000000005
2004-11-04,0.6
2004-11-05,1.0799999999999998
2004-11-08,1.22
2004-11-09,0.9
2004-11-10,0.6799999999999999
2004-11-11,0.10000000000000002
2004-11-12,-0.27999999999999997
2004-11-15,-0.52
2004-11-16,-0.58
2004-11-17,-1.1600000000000001
2004-11-18,-0.8800000000000001
2004-11-19,-0.8800000000000001
2004-11-22,-0.78
2004-11-23,-0.8
2004-11-24,-0.05999999999999998
2004-11-25,-0.42000000000000004
2004-11-26,-0.5800000000000001
2004-11-29,-0.38
2004-11-30,-0.06000000000000003
2004-12-01,0.38
2004-12-02,1.16
2004-12-03,2.16
2004-12-06,2.02
2004-12-07,1.98
2004-12-08,2.6800000000000006
2004-12-09,3.34
2004-12-10,3.4
2004-12-13,3.56
2004-12-14,4.040000000000001
2004-12-15,3.38
2004-12-16,3.28
2004-12-17,2.8600000000000003
2004-12-20,2.7
2004-12-21,2.3600000000000003
2004-12-22,2.12
2004-12-23,1.2600000000000002
2004-12-24,1.0799999999999998
2004-12-27,1.42
2004-12-28,1.6599999999999997
2004-12-29,1.7
2004-12-30,2.16
2004-12-31,3.06
2005-01-03,3.9
2005-01-04,4.360000000000001
2005-01-05,5.1000000000000005
2005-01-06,5.18
2005-01-07,4.48
2005-01-10,3.7999999999999994
2005-01-11,3.22
2005-01-12,2.9799999999999995
2005-01-13,3.0199999999999996
2005-01-14,3.6400000000000006
2005-01-17,3.7599999999999993
2005-01-18,4.08
2005-01-19,3.9800000000000004
2005-01-20,3.88
2005-01-21,3.56
2005-01-24,3.2800000000000002
2005-01-25,2.9799999999999995
2005-01-26,2.5599999999999996
2005-01-27,1.9600000000000002
2005-01-28,1.26
2005-01-31,1.34
2005-02-01,1.72
2005-02-02,1.9
2005-02-03,1.8199999999999998
2005-02-04,1.8400000000000003
2005-02-07,1.5200000000000002
2005-02-08,0.7999999999999999
2005-02-09,0.4
2005-02-10,0.4
2005-02-11,0.4
2005-02-14,0.4
2005-02-15,0.4
2005-02-16,0.45999999999999996
2005-02-17,0.16
2005-02-18,0.3
2005-02-21,0.4
2005-02-22,0.45999999999999996
2005-02-23,0.76
2005-02-24,1.1800000000000002
2005-02-25,1.32
2005-02-28,1.36
2005-03-01,1.6199999999999999
2005-03-02,2.2600000000000002
2005-03-03,2.74
2005-03-04,3.54
2005-03-07,4.0
2005-03-08,4.34
2005-03-09,3.4200000000000004
2005-03-10,3.2600000000000002
2005-03-11,2.3
2005-03-14,1.72
2005-03-15,1.28
2005-03-16,1.4
2005-03-17,1.24
2005-03-18,2.16
2005-03-21,3.08
2005-03-22,4.24
2005-03-23,5.42
2005-03-24,6.5200000000000005
2005-03-25,7.2
2005-03-28,7.720000000000001
2005-03-29,7.340000000000001
2005-03-30,6.62
2005-03-31,5.380000000000001
2005-04-01,4.380000000000001
2005-04-04,3.56
2005-04-05,3.16
2005-04-06,2.94
2005-04-07,3.6
2005-04-08,3.62
2005-04-11,3.44
2005-04-12,3.4
2005-04-13,3.5199999999999996
2005-04-14,3.28
2005-04-15,3.1
2005-04-18,3.08
2005-04-19,3.1
2005-04-20,2.7
2005-04-21,2.16
2005-04-22,1.7400000000000002
2005-04-25,1.46
2005-04-26,0.82
2005-04-27,0.6599999999999999
2005-04-28,0.5399999999999999
2005-04-29,0.28
2005-05-02,0.0
2005-05-03,-0.06
2005-05-04,-0.18
2005-05-05,-0.2
2005-05-06,-0.2
2005-05-09,0.28
2005-05-10,0.6
2005-05-11,0.8800000000000001
2005-05-12,1.26
2005-05-13,1.98
2005-05-16,1.8599999999999999
2005-05-17,1.86
2005-05-18,2.2199999999999998
2005-05-19,2.2600000000000002
2005-05-20,1.98
2005-05-23,1.9400000000000002
2005-05-24,1.9200000000000004
2005-05-25,1.6599999999999997
2005-05-26,1.6199999999999999
2005-05-27,1.56
2005-05-30,1.48
2005-05-31,1.44
2005-06-01,1.3199999999999998
2005-06-02,1.2
2005-06-03,0.6400000000000001
2005-06-06,0.26000000000000006
2005-06-07,-0.12
2005-06-08,-0.4
2005-06-09,-0.5999999999999999
2005-06-10,-0.36
2005-06-13,-0.52
2005-06-14,-0.6599999999999999
2005-06-15,-0.9
2005-06-16,-1.7600000000000002
2005-06-17,-2.46
2005-06-20,-3.2
2005-06-21,-3.4200000000000004
2005-06-22,-3.6
2005-06-23,-3.2800000000000002
2005-06-24,-3.78
2005-06-27,-3.3
2005-06-28,-3.2
2005-06-29,-3.3
2005-06-30,-3.3600000000000003
2005-07-01,-2.3
2005-07-04,-1.6199999999999999
2005-07-05,-0.9199999999999999
2005-07-06,0.11999999999999993
2005-07-07,0.54
2005-07-08,1.08
2005-07-11,1.34
2005-07-12,1.3199999999999998
2005-07-13,1.28
2005-07-14,2.42
2005-07-15,2.62
2005-07-18,2.68
2005-07-19,2.9
2005-07-20,2.96
2005-07-21,3.9
2005-07-22,3.8
2005-07-25,3.96
2005-07-26,3.8599999999999994
2005-07-27,3.5599999999999996
2005-07-28,1.86
2005-07-29,1.64
2005-08-01,1.02
2005-08-02,0.68
2005-08-03,0.0
2005-08-04,-0.5
2005-08-05,-1.08
2005-08-08,-1.6199999999999999
2005-08-09,-1.9400000000000002
2005-08-10,-1.92
2005-08-11,-1.8000000000000003
2005-08-12,-2.58
2005-08-15,-2.4799999999999995
2005-08-16,-2.54
2005-08-17,-2.76
2005-08-18,-2.88
2005-08-19,-1.9
2005-08-22,-1.3199999999999998
2005-08-23,-1.06
2005-08-24,-0.48
2005-08-25,-0.16
2005-08-26,0.12000000000000002
2005-08-29,0.4800000000000001
2005-08-30,0.9200000000000002
2005-08-31,1.52
2005-09-01,1.78
2005-09-02,0.46000000000000013
2005-09-05,-0.3999999999999999
2005-09-06,-1.06
2005-09-07,-1.5999999999999999
2005-09-08,-2.16
2005-09-09,-1.24
2005-09-12,-1.38
2005-09-13,-1.8
2005-09-14,-2.2199999999999998
2005-09-15,-2.3200000000000003
2005-09-16,-3.22
2005-09-19,-4.220000000000001
2005-09-20,-5.18
2005-09-21,-5.34
2005-09-22,-5.48
2005-09-23,-4.4
2005-09-26,-2.8600000000000003
2005-09-27,-1.5
2005-09-28,-0.8200000000000001
2005-09-29,-1.2
2005-09-30,-2.18
2005-10-03,-3.16
2005-10-04,-3.84
2005-10-05,-4.88
2005-10-06,-5.0
2005-10-07,-5.0
2005-10-10,-4.88
2005-10-11,-4.3
2005-10-12,-3.8200000000000003
2005-10-13,-2.4
2005-10-14,-1.1800000000000002
2005-10-17,-0.07999999999999999
2005-10-18,0.36000000000000004
2005-10-19,1.1400000000000001
2005-10-20,1.0400000000000003
2005-10-21,0.9399999999999998
2005-10-24,0.66
2005-10-25,0.30000000000000016
2005-10-26,0.22000000000000003
2005-10-27,-0.13999999999999999
2005-10-28,-0.5599999999999999
2005-10-31,-0.8400000000000001
2005-11-01,-0.24
2005-11-02,0.0
2005-11-03,0.4
2005-11-04,1.0
2005-11-07,1.8199999999999998
2005-11-08,1.8800000000000001
2005-11-09,1.7599999999999998
2005-11-10,1.3199999999999998
2005-11-11,0.9
2005-11-14,0.4600000000000001
2005-11-15,0.12000000000000004
2005-11-16,-0.32
2005-11-17,-1.52
2005-11-18,-2.5
2005-11-21,-3.28
2005-11-22,-4.08
2005-11-23,-3.7400000000000007
2005-11-24,-2.5999999999999996
2005-11-25,-1.7399999999999998
2005-11-28,-1.1800000000000002
2005-11-29,-0.05999999999999996
2005-11-30,0.26000000000000006
2005-12-01,0.74
2005-12-02,0.36000000000000004
2005-12-05,1.1199999999999999
2005-12-06,1.4
2005-12-07,1.1199999999999999
2005-12-08,1.64
2005-12-09,2.3200000000000003
2005-12-12,1.6799999999999997
2005-12-13,1.48
2005-12-14,1.6199999999999999
2005-12-15,1.7399999999999998
2005-12-16,1.08
2005-12-19,1.6599999999999997
2005-12-20,1.8399999999999999
2005-12-21,1.6
2005-12-22,1.26
2005-12-23,2.22
2005-12-26,2.44
2005-12-27,3.0
2005-12-28,3.3599999999999994
2005-12-29,2.7
2005-12-30,2.7
2006-01-02,2.3200000000000003
2006-01-03,1.56
2006-01-04,0.76
2006-01-05,0.8400000000000001
2006-01-06,0.07999999999999999
2006-01-09,-0.11999999999999997
2006-01-10,-0.8600000000000001
2006-01-11,-0.27999999999999997
2006-01-12,-0.41999999999999993
2006-01-13,-0.3
2006-01-16,-1.54
2006-01-17,-1.48
2006-01-18,-1.2200000000000002
2006-01-19,-0.25999999999999995
2006-01-20,-0.7999999999999998
2006-01-23,-0.31999999999999995
2006-01-24,-0.5999999999999999
2006-01-25,-1.7399999999999998
2006-01-26,-3.34
2006-01-27,-3.3600000000000003
2006-01-30,-3.6
2006-01-31,-3.84
2006-02-01,-4.08
2006-02-02,-4.2
2006-02-03,-4.2
2006-02-06,-3.22
2006-02-07,-2.2400000000000007
2006-02-08,-1.02
2006-02-09,-0.31999999999999995
2006-02-10,0.9199999999999999
2006-02-13,1.2
2006-02-14,0.8800000000000001
2006-02-15,1.3199999999999998
2006-02-16,3.0599999999999996
2006-02-17,2.8
2006-02-20,2.2199999999999998
2006-02-21,2.6399999999999997
2006-02-22,2.5
2006-02-23,1.06
2006-02-24,1.6199999999999999
2006-02-27,1.7799999999999998
2006-02-28,1.22
2006-03-01,0.05999999999999996
2006-03-02,-0.2
2006-03-03,-1.1
2006-03-06,-1.04
2006-03-07,0.26000000000000006
2006-03-08,1.7399999999999998
2006-03-09,2.0
2006-03-10,2.66
2006-03-13,2.84
2006-03-14,2.3
2006-03-15,1.4
2006-03-16,0.8800000000000001
2006-03-17,0.4200000000000001
2006-03-20,1.0
2006-03-21,0.76
2006-03-22,1.6199999999999999
2006-03-23,2.3
2006-03-24,2.3999999999999995
2006-03-27,1.06
2006-03-28,1.1400000000000001
2006-03-29,0.07999999999999999
2006-03-30,-1.4200000000000002
2006-03-31,-1.6200000000000003
2006-04-03,-1.56
2006-04-04,-1.5799999999999998
2006-04-05,-1.42
2006-04-06,-0.8399999999999999
2006-04-07,-1.26
2006-04-10,-1.1800000000000002
2006-04-11,-0.8400000000000002
2006-04-12,-0.5599999999999999
2006-04-13,-0.24
2006-04-14,0.9399999999999998
2006-04-17,3.1599999999999997
2006-04-18,2.32
2006-04-19,1.9600000000000002
2006-04-20,1.98
2006-04-21,0.2799999999999999
2006-04-24,-2.08
2006-04-25,-1.6600000000000001
2006-04-26,-1.3199999999999998
2006-04-27,-0.7800000000000001
2006-04-28,0.5399999999999999
2006-05-01,1.3399999999999999
2006-05-02,1.4400000000000002
2006-05-03,1.4
2006-05-04,1.4
2006-05-05,1.4
2006-05-08,1.2
2006-05-09,0.33999999999999997
2006-05-10,-0.02000000000000004
2006-05-11,0.7
2006-05-12,-0.5999999999999999
2006-05-15,4.1
2006-05-16,4.659999999999999
2006-05-17,3.479999999999999
2006-05-18,2.6599999999999993
2006-05-19,4.8199999999999985
2006-05-22,0.1400000000000002
2006-05-23,-0.3599999999999999
2006-05-24,0.9
2006-05-25,1.98
2006-05-26,1.0799999999999998
2006-05-29,0.72
2006-05-30,1.54
2006-05-31,1.7399999999999998
2006-06-01,0.8
2006-06-02,0.05999999999999996
2006-06-05,-0.1200000000000001
2006-06-06,0.12000000000000002
2006-06-07,0.5
2006-06-08,0.9199999999999999
2006-06-09,1.2
2006-06-12,0.8400000000000002
2006-06-13,0.96
2006-06-14,-0.36000000000000004
2006-06-15,-1.1199999999999999
2006-06-16,-0.05999999999999996
2006-06-19,1.5599999999999998
2006-06-20,0.27999999999999997
2006-06-21,1.8
2006-06-22,2.06
2006-06-23,1.5799999999999998
2006-06-26,1.14
2006-06-27,2.2199999999999998
2006-06-28,1.28
2006-06-29,1.1400000000000001
2006-06-30,0.5799999999999998
2006-07-03,0.019999999999999952
2006-07-04,-0.4
2006-07-05,-0.54
2006-07-06,-0.30000000000000004
2006-07-07,0.09999999999999995
2006-07-10,1.28
2006-07-11,0.8
2006-07-12,0.6599999999999999
2006-07-13,0.43999999999999995
2006-07-14,-0.34
2006-07-17,-0.78
2006-07-18,0.54
2006-07-19,1.1800000000000002
2006-07-20,0.5600000000000002
2006-07-21,1.44
2006-07-24,1.4
2006-07-25,1.8
2006-07-26,2.46
2006-07-27,2.4
2006-07-28,2.7
2006-07-31,2.1199999999999997
2006-08-01,0.7
2006-08-02,-0.17999999999999997
2006-08-03,0.96
2006-08-04,0.48
2006-08-07,1.28
2006-08-08,1.7399999999999998
2006-08-09,2.06
2006-08-10,1.9600000000000002
2006-08-11,2.12
2006-08-14,2.12
2006-08-15,2.44
2006-08-16,2.78
2006-08-17,2.92
2006-08-18,2.98
2006-08-21,2.92
2006-08-22,2.7
2006-08-23,2.34
2006-08-24,1.8599999999999999
2006-08-25,2.16
2006-08-28,1.8
2006-08-29,1.6800000000000002
2006-08-30,1.8199999999999998
2006-08-31,1.8
2006-09-01,1.9
2006-09-04,2.08
2006-09-05,1.98
2006-09-06,1.56
2006-09-07,2.1
2006-09-08,3.28
2006-09-11,2.8
2006-09-12,3.2199999999999998
2006-09-13,4.3
2006-09-14,3.96
2006-09-15,2.9
2006-09-18,3.4599999999999995
2006-09-19,3.9800000000000004
2006-09-20,4.1
2006-09-21,4.319999999999999
2006-09-22,2.7
2006-09-25,2.28
2006-09-26,1.2599999999999998
2006-09-27,0.2200000000000001
2006-09-28,-0.58
2006-09-29,0.64
2006-10-02,0.9399999999999998
2006-10-03,1.2799999999999998
2006-10-04,1.5799999999999998
2006-10-05,2.3
2006-10-06,2.3
2006-10-09,2.76
2006-10-10,3.2399999999999998
2006-10-11,2.8199999999999994
2006-10-12,2.76
2006-10-13,2.8600000000000003
2006-10-16,1.5999999999999999
2006-10-17,0.6799999999999999
2006-10-18,-0.10000000000000009
2006-10-19,-0.44000000000000006
2006-10-20,-0.36
2006-10-23,0.6599999999999999
2006-10-24,1.48
2006-10-25,2.7800000000000002
2006-10-26,3.12
2006-10-27,2.2399999999999998
2006-10-30,0.86
2006-10-31,-0.10000000000000006
2006-11-01,-1.6600000000000001
2006-11-02,-2.54
2006-11-03,-3.02
2006-11-06,-2.2399999999999998
2006-11-07,-2.2399999999999998
2006-11-08,-0.9999999999999998
2006-11-09,-0.14000000000000012
2006-11-10,0.6
2006-11-13,0.9199999999999999
2006-11-14,1.2799999999999998
2006-11-15,1.9600000000000002
2006-11-16,1.7799999999999998
2006-11-17,2.08
2006-11-20,1.6
2006-11-21,1.1999999999999997
2006-11-22,0.52
2006-11-23,0.5599999999999999
2006-11-24,-0.62
2006-11-27,-0.32
2006-11-28,0.44000000000000006
2006-11-29,0.76
2006-11-30,0.62
2006-12-01,1.8
2006-12-04,2.2600000000000002
2006-12-05,2.3200000000000003
2006-12-06,2.5
2006-12-07,2.7
2006-12-08,3.1599999999999997
2006-12-11,3.1
2006-12-12,3.0599999999999996
2006-12-13,2.68
2006-12-14,2.74
2006-12-15,3.9799999999999995
2006-12-18,3.96
2006-12-19,4.0
2006-12-20,3.7399999999999998
2006-12-21,2.34
2006-12-22,0.8399999999999999
2006-12-25,0.82
2006-12-26,1.8
2006-12-27,1.2
2006-12-28,1.9799999999999998
2006-12-29,1.2799999999999998
2007-01-01,0.5199999999999999
2007-01-02,-1.3000000000000003
2007-01-03,-0.9800000000000001
2007-01-04,0.58
2007-01-05,0.6599999999999999
2007-01-08,1.48
2007-01-09,2.3600000000000003
2007-01-10,3.38
2007-01-11,2.18
2007-01-12,2.5
2007-01-15,1.4999999999999998
2007-01-16,0.9000000000000001
2007-01-17,0.16
2007-01-18,-0.16
2007-01-19,-0.14000000000000004
2007-01-22,0.15999999999999998
2007-01-23,-0.42000000000000004
2007-01-24,-0.72
2007-01-25,-1.1
2007-01-26,-1.4
2007-01-29,-0.82
2007-01-30,-0.19999999999999996
2007-01-31,-0.13999999999999996
2007-02-01,0.33999999999999997
2007-02-02,0.45999999999999985
2007-02-05,-0.08
2007-02-06,-0.9199999999999999
2007-02-07,-0.58
2007-02-08,-0.05999999999999996
2007-02-09,0.0
2007-02-12,0.1
2007-02-13,0.15999999999999998
2007-02-14,-0.44000000000000006
2007-02-15,-1.22
2007-02-16,-0.8400000000000002
2007-02-19,-0.41999999999999993
2007-02-20,0.72
2007-02-21,1.6199999999999999
2007-02-22,2.5
2007-02-23,2.5
2007-02-26,2.08
2007-02-27,1.54
2007-02-28,0.05999999999999996
2007-03-01,-0.30000000000000016
2007-03-02,-1.22
2007-03-05,-0.9400000000000001
2007-03-06,-0.36000000000000015
2007-03-07,0.56
2007-03-08,0.68
2007-03-09,1.28
2007-03-12,1.06
2007-03-13,0.86
2007-03-14,1.6
2007-03-15,1.52
2007-03-16,1.2200000000000002
2007-03-19,1.6200000000000003
2007-03-20,1.48
2007-03-21,0.7
2007-03-22,0.54
2007-03-23,0.66
2007-03-26,0.13999999999999999
2007-03-27,-0.22000000000000003
2007-03-28,-0.06000000000000002
2007-03-29,0.0
2007-03-30,0.42000000000000004
2007-04-02,0.6799999999999999
2007-04-03,1.2599999999999998
2007-04-04,1.8800000000000001
2007-04-05,1.9
2007-04-06,1.8199999999999998
2007-04-09,1.3199999999999998
2007-04-10,0.8400000000000001
2007-04-11,-0.11999999999999997
2007-04-12,0.0
2007-04-13,-0.19999999999999996
2007-04-16,-0.25999999999999995
2007-04-17,-0.31999999999999995
2007-04-18,0.3
2007-04-19,-0.19999999999999996
2007-04-20,-0.31999999999999995
2007-04-23,-0.019999999999999962
2007-04-24,0.5
2007-04-25,0.4600000000000001
2007-04-26,0.9400000000000001
2007-04-27,1.6600000000000001
2007-04-30,1.7799999999999998
2007-05-01,1.52
2007-05-02,1.36
2007-05-03,1.3000000000000003
2007-05-04,0.7
2007-05-07,0.7
2007-05-08,0.86
2007-05-09,0.96
2007-05-10,1.48
2007-05-11,2.1399999999999997
2007-05-14,1.9600000000000002
2007-05-15,2.5
2007-05-16,2.9400000000000004
2007-05-17,3.0200000000000005
2007-05-18,2.0200000000000005
2007-05-21,2.2600000000000002
2007-05-22,1.78
2007-05-23,1.7
2007-05-24,1.28
2007-05-25,1.7400000000000002
2007-05-28,2.18
2007-05-29,1.8599999999999999
2007-05-30,1.28
2007-05-31,1.46
2007-06-01,1.52
2007-06-04,0.78
2007-06-05,1.1600000000000001
2007-06-06,1.5999999999999999
2007-06-07,1.1800000000000002
2007-06-08,1.46
2007-06-11,1.8400000000000003
2007-06-12,1.7
2007-06-13,2.0
2007-06-14,2.16
2007-06-15,2.1399999999999997
2007-06-18,2.26
2007-06-19,2.66
2007-06-20,2.3
2007-06-21,2.66
2007-06-22,2.68
2007-06-25,2.72
2007-06-26,2.6399999999999997
2007-06-27,2.0
2007-06-28,1.72
2007-06-29,1.18
2007-07-02,0.9600000000000002
2007-07-03,0.78
2007-07-04,1.5399999999999998
2007-07-05,1.3
2007-07-06,1.7
2007-07-09,1.1600000000000001
2007-07-10,0.6399999999999999
2007-07-11,0.7
2007-07-12,0.6399999999999999
2007-07-13,-0.14000000000000007
2007-07-16,0.15999999999999998
2007-07-17,0.23999999999999994
2007-07-18,-0.020000000000000018
2007-07-19,-0.08000000000000004
2007-07-20,0.22000000000000003
2007-07-23,-0.1
2007-07-24,-0.21999999999999997
2007-07-25,-0.32
2007-07-26,-0.05999999999999996
2007-07-27,0.20000000000000004
2007-07-30,1.24
2007-07-31,1.28
2007-08-01,1.26
2007-08-02,0.96
2007-08-03,0.82
2007-08-06,-0.10000000000000002
2007-08-07,0.13999999999999999
2007-08-08,-0.020000000000000007
2007-08-09,0.5599999999999999
2007-08-10,0.6799999999999999
2007-08-13,0.9199999999999999
2007-08-14,0.8
2007-08-15,1.2
2007-08-16,1.0
2007-08-17,0.8200000000000001
2007-08-20,1.04
2007-08-21,1.8
2007-08-22,1.8800000000000001
2007-08-23,1.9400000000000002
2007-08-24,2.38
2007-08-27,3.8200000000000003
2007-08-28,3.2
2007-08-29,3.0400000000000005
2007-08-30,2.8000000000000003
2007-08-31,2.3400000000000003
2007-09-03,0.72
2007-09-04,0.5399999999999999
2007-09-05,0.08
2007-09-06,0.12000000000000002
2007-09-07,-0.42000000000000004
2007-09-10,-0.6199999999999999
2007-09-11,-0.74
2007-09-12,-0.6
2007-09-13,-0.5399999999999999
2007-09-14,0.08000000000000003
2007-09-17,0.5599999999999999
2007-09-18,0.54
2007-09-19,0.9400000000000001
2007-09-20,0.5400000000000001
2007-09-21,1.04
2007-09-24,1.42
2007-09-25,1.98
2007-09-26,2.54
2007-09-27,3.02
2007-09-28,2.54
2007-10-01,1.94
2007-10-02,1.6599999999999997
2007-10-03,0.78
2007-10-04,0.6
2007-10-05,0.6
2007-10-08,1.0399999999999998
2007-10-09,2.28
2007-10-10,2.18
2007-10-11,1.4799999999999998
2007-10-12,1.14
2007-10-15,0.43999999999999984
2007-10-16,0.14000000000000004
2007-10-17,-0.36000000000000004
2007-10-18,0.9
2007-10-19,1.44
2007-10-22,2.8
2007-10-23,2.4
2007-10-24,2.9999999999999996
2007-10-25,2.2800000000000002
2007-10-26,1.9799999999999998
2007-10-29,0.39999999999999997
2007-10-30,0.13999999999999999
2007-10-31,0.6799999999999999
2007-11-01,1.44
2007-11-02,1.78
2007-11-05,2.8200000000000003
2007-11-06,1.9000000000000004
2007-11-07,0.040000000000000216
2007-11-08,-1.8800000000000001
2007-11-09,-1.5999999999999999
2007-11-12,-1.64
2007-11-13,0.6199999999999998
2007-11-14,1.98
2007-11-15,5.5200000000000005
2007-11-16,6.58
2007-11-19,7.12
2007-11-20,6.2
2007-11-21,9.16
2007-11-22,7.860000000000001
2007-11-23,6.659999999999999
2007-11-26,3.7
2007-11-27,3.6399999999999997
2007-11-28,3.7599999999999993
2007-11-29,2.9999999999999996
2007-11-30,3.7399999999999998
2007-12-03,7.459999999999999
2007-12-04,7.959999999999999
2007-12-05,5.859999999999999
2007-12-06,7.26
2007-12-07,6.26
2007-12-10,4.4399999999999995
2007-12-11,3.88
2007-12-12,2.54
2007-12-13,1.04
2007-12-14,2.1599999999999997
2007-12-17,4.0200000000000005
2007-12-18,3.8200000000000003
2007-12-19,4.9
2007-12-20,5.180000000000001
2007-12-21,4.0200000000000005
2007-12-24,2.6599999999999997
2007-12-25,3.28
2007-12-26,3.8200000000000003
2007-12-27,3.78
2007-12-28,3.9799999999999995
2007-12-31,2.3399999999999994
2008-01-01,-0.040000000000000036
2008-01-02,-2.1399999999999997
2008-01-03,-3.94
2008-01-04,-2.9
2008-01-07,-2.0600000000000005
2008-01-08,-0.9000000000000001
2008-01-09,1.06
2008-01-10,3.5200000000000005
2008-01-11,1.86
2008-01-14,0.8200000000000003
2008-01-15,2.4200000000000004
2008-01-16,2.4800000000000004
2008-01-17,2.7600000000000002
2008-01-18,5.28
2008-01-21,7.76
2008-01-22,6.04
2008-01-23,5.24
2008-01-24,3.9799999999999995
2008-01-25,0.19999999999999965
2008-01-28,-1.5400000000000003
2008-01-29,-1.5
2008-01-30,-1.6600000000000001
2008-01-31,-1.2000000000000002
2008-02-01,-1.2
2008-02-04,1.2199999999999998
2008-02-05,4.42
2008-02-06,7.06
2008-02-07,9.52
2008-02-08,14.02
2008-02-11,15.1
2008-02-12,15.1
2008-02-13,10.84
2008-02-14,8.099999999999998
2008-02-15,5.4
2008-02-18,3.2199999999999998
2008-02-19,-0.4600000000000001
2008-02-20,1.6200000000000003
2008-02-21,1.36
2008-02-22,1.06
2008-02-25,0.2000000000000001
2008-02-26,0.74
2008-02-27,-0.38
2008-02-28,-0.7
2008-02-29,-0.86
2008-03-03,0.45999999999999996
2008-03-04,0.74
2008-03-05,1.1
2008-03-06,1.78
2008-03-07,3.04
2008-03-10,3.2399999999999998
2008-03-11,1.7599999999999998
2008-03-12,1.86
2008-03-13,1.4
2008-03-14,0.0
2008-03-17,-0.9199999999999999
2008-03-18,0.24
2008-03-19,0.08
2008-03-20,5.9399999999999995
2008-03-21,8.719999999999999
2008-03-24,7.840000000000001
2008-03-25,7.62
2008-03-26,6.26
2008-03-27,1.2999999999999998
2008-03-28,-0.86
2008-03-31,0.040000000000000036
2008-04-01,2.92
2008-04-02,3.72
2008-04-03,3.5799999999999996
2008-04-04,3.9199999999999995
2008-04-07,3.2
2008-04-08,0.5799999999999998
2008-04-09,1.6600000000000001
2008-04-10,0.060000000000000143
2008-04-11,-0.96
2008-04-14,-0.13999999999999985
2008-04-15,0.6200000000000001
2008-04-16,-0.5399999999999999
2008-04-17,-0.6799999999999999
2008-04-18,0.08000000000000007
2008-04-21,0.4200000000000002
2008-04-22,-0.9800000000000001
2008-04-23,0.5800000000000002
2008-04-24,2.8200000000000003
2008-04-25,3.4799999999999995
2008-04-28,3.46
2008-04-29,5.12
2008-04-30,6.9799999999999995
2008-05-01,8.6
2008-05-02,13.080000000000002
2008-05-05,14.76
2008-05-06,13.5
2008-05-07,10.82
2008-05-08,6.62
2008-05-09,0.7799999999999998
2008-05-12,-2.18
2008-05-13,-1.5400000000000003
2008-05-14,-0.7600000000000001
2008-05-15,1.44
2008-05-16,1.2
2008-05-19,1.1600000000000001
2008-05-20,1.1800000000000002
2008-05-21,-0.9
2008-05-22,-0.9199999999999999
2008-05-23,-0.6000000000000001
2008-05-26,0.6799999999999999
2008-05-27,0.64
2008-05-28,5.32
2008-05-29,5.54
2008-05-30,5.26
2008-06-02,3.3800000000000003
2008-06-03,3.3
2008-06-04,0.14
2008-06-05,0.7799999999999999
2008-06-06,1.2999999999999998
2008-06-09,2.2399999999999993
2008-06-10,2.6999999999999993
2008-06-11,3.0599999999999996
2008-06-12,1.72
2008-06-13,3.56
2008-06-16,3.6800000000000006
2008-06-17,3.66
2008-06-18,3.7
2008-06-19,3.16
2008-06-20,1.5
2008-06-23,1.1800000000000002
2008-06-24,0.27999999999999997
2008-06-25,-0.18
2008-06-26,-0.5199999999999999
2008-06-27,-2.6399999999999997
2008-06-30,-3.34
2008-07-01,-3.7
2008-07-02,-3.1199999999999997
2008-07-03,-1.6199999999999999
2008-07-04,1.18
2008-07-07,2.04
2008-07-08,3.0199999999999996
2008-07-09,1.8999999999999997
2008-07-10,0.5200000000000001
2008-07-11,-1.3800000000000001
2008-07-14,-0.8400000000000001
2008-07-15,-3.2
2008-07-16,-3.1599999999999997
2008-07-17,-2.9399999999999995
2008-07-18,-1.2799999999999998
2008-07-21,-2.78
2008-07-22,-1.08
2008-07-23,0.5599999999999998
2008-07-24,1.0
2008-07-25,0.82
2008-07-28,1.92
2008-07-29,3.1799999999999997
2008-07-30,2.64
2008-07-31,3.0599999999999996
2008-08-01,3.1399999999999997
2008-08-04,4.0200000000000005
2008-08-05,4.5
2008-08-06,4.5200000000000005
2008-08-07,4.68
2008-08-08,4.959999999999999
2008-08-11,3.44
2008-08-12,3.4400000000000004
2008-08-13,3.5799999999999996
2008-08-14,3.18
2008-08-15,4.32
2008-08-18,6.44
2008-08-19,4.46
2008-08-20,5.42
2008-08-21,5.319999999999999
2008-08-22,4.859999999999999
2008-08-25,1.7799999999999998
2008-08-26,4.68
2008-08-27,2.0799999999999996
2008-08-28,2.8600000000000003
2008-08-29,1.44
2008-09-01,4.0200000000000005
2008-09-02,3.4799999999999995
2008-09-03,5.42
2008-09-04,4.86
2008-09-05,6.38
2008-09-08,7.5
2008-09-09,6.359999999999999
2008-09-10,6.3
2008-09-11,9.28
2008-09-12,8.76
2008-09-15,3.1399999999999992
2008-09-16,2.36
2008-09-17,2.2399999999999998
2008-09-18,-0.09999999999999964
2008-09-19,-0.2999999999999998
2008-09-22,2.66
2008-09-23,1.3800000000000001
2008-09-24,-0.26000000000000006
2008-09-25,-0.72
2008-09-26,-0.36
2008-09-29,1.3199999999999998
2008-09-30,3.9799999999999995
2008-10-01,5.720000000000001
2008-10-02,6.3
2008-10-03,6.3
2008-10-06,4.26
2008-10-07,1.2599999999999998
2008-10-08,-3.5
2008-10-09,-4.999999999999999
2008-10-10,-5.66
2008-10-13,-5.38
2008-10-14,-3.5199999999999996
2008-10-15,0.5399999999999999
2008-10-16,1.3399999999999999
2008-10-17,3.28
2008-10-20,5.72
2008-10-21,8.719999999999999
2008-10-22,10.5
2008-10-23,12.98
2008-10-24,18.119999999999997
2008-10-27,19.94
2008-10-28,19.54
2008-10-29,19.759999999999998
2008-10-30,18.16
2008-10-31,13.960000000000003
2008-11-03,14.26
2008-11-04,14.720000000000002
2008-11-05,13.86
2008-11-06,15.540000000000001
2008-11-07,14.38
2008-11-10,13.0
2008-11-11,13.940000000000001
2008-11-12,16.8
2008-11-13,18.240000000000002
2008-11-14,19.939999999999998
2008-11-17,19.540000000000003
2008-11-18,18.9
2008-11-19,17.520000000000003
2008-11-20,15.02
2008-11-21,11.9
2008-11-24,4.339999999999999
2008-11-25,2.960000000000001
2008-11-26,-0.7599999999999996
2008-11-27,-3.3599999999999994
2008-11-28,-4.22
2008-12-01,3.1399999999999997
2008-12-02,0.9400000000000001
2008-12-03,3.66
2008-12-04,5.220000000000001
2008-12-05,7.219999999999999
2008-12-08,7.140000000000001
2008-12-09,10.74
2008-12-10,10.419999999999998
2008-12-11,8.8
2008-12-12,6.239999999999999
2008-12-15,4.14
2008-12-16,1.02
2008-12-17,-2.32
2008-12-18,-4.5200000000000005
2008-12-19,-1.48
2008-12-22,-1.6800000000000002
2008-12-23,-0.8399999999999999
2008-12-24,1.6799999999999997
2008-12-25,7.08
2008-12-26,7.4
2008-12-29,8.66
2008-12-30,8.799999999999999
2008-12-31,8.5
2009-01-01,6.7
2009-01-02,3.5200000000000005
2009-01-05,5.24
2009-01-06,5.779999999999999
2009-01-07,4.86
2009-01-08,6.140000000000001
2009-01-09,8.3
2009-01-12,7.42
2009-01-13,7.76
2009-01-14,8.760000000000002
2009-01-15,8.0
2009-01-16,7.18
2009-01-19,5.4
2009-01-20,2.5
2009-01-21,0.07999999999999971
2009-01-22,0.1
2009-01-23,-4.24
2009-01-26,-7.6
2009-01-27,-10.280000000000001
2009-01-28,-12.02
2009-01-29,-16.7
2009-01-30,-16.7
2009-02-02,-14.66
2009-02-03,-11.559999999999999
2009-02-04,-8.9
2009-02-05,-7.419999999999999
2009-02-06,-3.8
2009-02-09,-1.8
2009-02-10,-1.48
2009-02-11,-2.5
2009-02-12,-1.4599999999999997
2009-02-13,-1.3599999999999999
2009-02-16,-2.7399999999999998
2009-02-17,-3.3
2009-02-18,-0.15999999999999998
2009-02-19,0.8600000000000001
2009-02-20,-0.13999999999999996
2009-02-23,0.28000000000000014
2009-02-24,0.38
2009-02-25,-0.9000000000000001
2009-02-26,0.8199999999999997
2009-02-27,1.42
2009-03-02,2.56
2009-03-03,2.9400000000000004
2009-03-04,3.72
2009-03-05,2.34
2009-03-06,3.3600000000000003
2009-03-09,2.52
2009-03-10,3.7399999999999998
2009-03-11,2.88
2009-03-12,2.7600000000000002
2009-03-13,2.7600000000000002
2009-03-16,3.6799999999999997
2009-03-17,2.72
2009-03-18,2.88
2009-03-19,1.6400000000000001
2009-03-20,0.5800000000000001
2009-03-23,0.54
2009-03-24,2.58
2009-03-25,3.9599999999999995
2009-03-26,4.74
2009-03-27,5.960000000000001
2009-03-30,5.760000000000001
2009-03-31,4.14
2009-04-01,2.5599999999999996
2009-04-02,4.34
2009-04-03,4.64
2009-04-06,5.38
2009-04-07,5.34
2009-04-08,5.88
2009-04-09,4.5
2009-04-10,3.5800000000000005
2009-04-13,3.78
2009-04-14,4.040000000000001
2009-04-15,3.66
2009-04-16,4.46
2009-04-17,4.94
2009-04-20,3.9599999999999995
2009-04-21,3.78
2009-04-22,4.56
2009-04-23,3.34
2009-04-24,3.04
2009-04-27,2.2199999999999998
2009-04-28,1.8200000000000003
2009-04-29,1.1600000000000001
2009-04-30,3.7
2009-05-01,5.46
2009-05-04,8.64
2009-05-05,8.62
2009-05-06,8.6
2009-05-07,6.0200000000000005
2009-05-08,2.92
2009-05-11,0.52
2009-05-12,-0.76
2009-05-13,-1.02
2009-05-14,-1.32
2009-05-15,-0.5
2009-05-18,-0.66
2009-05-19,0.58
2009-05-20,0.52
2009-05-21,1.6
2009-05-22,1.06
2009-05-25,0.6799999999999999
2009-05-26,2.5
2009-05-27,2.72
2009-05-28,2.14
2009-05-29,-2.0599999999999996
2009-06-01,-3.04
2009-06-02,-5.8
2009-06-03,-4.720000000000001
2009-06-04,-4.380000000000001
2009-06-05,0.82
2009-06-08,3.0
2009-06-09,4.040000000000001
2009-06-10,2.54
2009-06-11,2.5400000000000005
2009-06-12,2.4200000000000004
2009-06-15,2.08
2009-06-16,2.1799999999999997
2009-06-17,3.5200000000000005
2009-06-18,3.9
2009-06-19,3.8599999999999994
2009-06-22,5.279999999999999
2009-06-23,5.58
2009-06-24,4.64
2009-06-25,4.3999999999999995
2009-06-26,4.479999999999999
2009-06-29,1.9
2009-06-30,1.8
2009-07-01,2.06
2009-07-02,2.26
2009-07-03,2.48
2009-07-06,3.88
2009-07-07,3.2
2009-07-08,4.040000000000001
2009-07-09,3.6399999999999997
2009-07-10,3.8600000000000003
2009-07-13,3.66
2009-07-14,3.9
2009-07-15,2.5
2009-07-16,2.82
2009-07-17,2.4
2009-07-20,0.11999999999999993
2009-07-21,-0.04
2009-07-22,0.45999999999999985
2009-07-23,-0.6200000000000001
2009-07-24,-1.2600000000000002
2009-07-27,0.09999999999999996
2009-07-28,0.13999999999999999
2009-07-29,0.07999999999999999
2009-07-30,0.74
2009-07-31,1.28
2009-08-03,1.08
2009-08-04,1.44
2009-08-05,1.3199999999999998
2009-08-06,1.92
2009-08-07,1.6
2009-08-10,2.1799999999999997
2009-08-11,2.74
2009-08-12,3.0799999999999996
2009-08-13,2.6
2009-08-14,2.2
2009-08-17,3.4799999999999995
2009-08-18,3.6
2009-08-19,4.26
2009-08-20,4.82
2009-08-21,5.54
2009-08-24,4.34
2009-08-25,3.2399999999999998
2009-08-26,2.2399999999999998
2009-08-27,2.56
2009-08-28,2.38
2009-08-31,2.7800000000000002
2009-09-01,4.26
2009-09-02,4.659999999999999
2009-09-03,3.0799999999999996
2009-09-04,3.2600000000000002
2009-09-07,2.7
2009-09-08,0.9600000000000002
2009-09-09,1.2
2009-09-10,2.8
2009-09-11,2.7600000000000002
2009-09-14,3.2199999999999998
2009-09-15,4.38
2009-09-16,3.7399999999999998
2009-09-17,2.44
2009-09-18,2.04
2009-09-21,1.9
2009-09-22,0.23999999999999994
2009-09-23,0.19999999999999996
2009-09-24,0.38
2009-09-25,0.3
2009-09-28,-0.38
2009-09-29,0.9199999999999999
2009-09-30,0.76
2009-10-01,0.58
2009-10-02,0.6
2009-10-05,0.58
2009-10-06,0.0
2009-10-07,0.0
2009-10-08,-10.9
2009-10-09,-11.540000000000001
2009-10-12,-12.360000000000001
2009-10-13,-14.5
2009-10-14,-14.2
2009-10-15,-2.48
2009-10-16,-1.2599999999999998
2009-10-19,0.040000000000000036
2009-10-20,3.0
2009-10-21,4.32
2009-10-22,4.3
2009-10-23,3.72
2009-10-26,3.6199999999999997
2009-10-27,3.4799999999999995
2009-10-28,3.46
2009-10-29,2.7
2009-10-30,3.7399999999999998
2009-11-02,2.4200000000000004
2009-11-03,2.6399999999999997
2009-11-04,-0.64
2009-11-05,-1.06
2009-11-06,-2.9400000000000004
2009-11-09,-2.5
2009-11-10,-3.2600000000000002
2009-11-11,-2.6399999999999997
2009-11-12,-0.9600000000000002
2009-11-13,-0.15999999999999992
2009-11-16,0.6600000000000001
2009-11-17,1.4200000000000002
2009-11-18,1.34
2009-11-19,1.8799999999999997
2009-11-20,2.9599999999999995
2009-11-23,2.7199999999999998
2009-11-24,0.47999999999999987
2009-11-25,2.5199999999999996
2009-11-26,1.52
2009-11-27,0.4200000000000001
2009-11-30,1.26
2009-12-01,0.7799999999999997
2009-12-02,-0.23999999999999994
2009-12-03,-0.82
2009-12-04,0.8799999999999999
2009-12-07,2.3
2009-12-08,4.42
2009-12-09,3.02
2009-12-10,4.1
2009-12-11,3.14
2009-12-14,2.92
2009-12-15,5.12
2009-12-16,5.78
2009-12-17,6.94
2009-12-18,7.9
2009-12-21,7.26
2009-12-22,5.9399999999999995
2009-12-23,9.1
2009-12-24,7.6
2009-12-25,8.32
2009-12-28,8.64
2009-12-29,8.44
2009-12-30,7.6
2009-12-31,8.559999999999999
2010-01-01,8.16
2010-01-04,5.96
2010-01-05,7.1
2010-01-06,5.58
2010-01-07,5.58
2010-01-08,5.340000000000001
2010-01-11,5.860000000000001
2010-01-12,5.720000000000001
2010-01-13,6.9
2010-01-14,7.040000000000001
2010-01-15,8.4
2010-01-18,10.36
2010-01-19,11.5
2010-01-20,13.319999999999999
2010-01-21,15.919999999999998
2010-01-22,16.119999999999997
2010-01-25,16.419999999999998
2010-01-26,17.36
2010-01-27,16.8
2010-01-28,13.339999999999998
2010-01-29,11.920000000000002
2010-02-01,11.48
2010-02-02,7.08
2010-02-03,5.88
2010-02-04,6.28
2010-02-05,8.4
2010-02-08,7.139999999999999
2010-02-09,9.419999999999998
2010-02-10,9.499999999999998
2010-02-11,8.12
2010-02-12,6.720000000000001
2010-02-15,8.620000000000001
2010-02-16,9.26
2010-02-17,10.58
2010-02-18,12.9
2010-02-19,12.9
2010-02-22,11.06
2010-02-23,9.580000000000002
2010-02-24,9.36
2010-02-25,7.44
2010-02-26,4.32
2010-03-01,3.7000000000000006
2010-03-02,2.72
2010-03-03,0.039999999999999945
2010-03-04,-1.06
2010-03-05,-0.8400000000000002
2010-03-08,-0.20000000000000018
2010-03-09,-0.5000000000000001
2010-03-10,-0.020000000000000084
2010-03-11,1.3
2010-03-12,1.1400000000000001
2010-03-15,1.6
2010-03-16,2.5200000000000005
2010-03-17,2.4200000000000004
2010-03-18,2.0
2010-03-19,3.560000000000001
2010-03-22,4.0
2010-03-23,4.88
2010-03-24,7.92
2010-03-25,9.28
2010-03-26,10.18
2010-03-29,9.34
2010-03-30,9.040000000000001
2010-03-31,6.92
2010-04-01,5.6
2010-04-02,5.42
2010-04-05,6.4
2010-04-06,5.84
2010-04-07,5.88
2010-04-08,5.18
2010-04-09,3.5199999999999996
2010-04-12,2.0399999999999996
2010-04-13,2.34
2010-04-14,0.6799999999999999
2010-04-15,1.6599999999999997
2010-04-16,1.0399999999999998
2010-04-19,2.02
2010-04-20,0.82
2010-04-21,1.8199999999999998
2010-04-22,2.2399999999999998
2010-04-23,3.46
2010-04-26,3.08
2010-04-27,3.8
2010-04-28,3.12
2010-04-29,1.4400000000000002
2010-04-30,0.10000000000000009
2010-05-03,-1.48
2010-05-04,-3.6400000000000006
2010-05-05,-3.6400000000000006
2010-05-06,-4.0
2010-05-07,-3.08
2010-05-10,-0.31999999999999995
2010-05-11,1.0799999999999996
2010-05-12,-0.2600000000000001
2010-05-13,1.2199999999999998
2010-05-14,0.5999999999999999
2010-05-17,0.09999999999999983
2010-05-18,0.3799999999999999
2010-05-19,3.12
2010-05-20,3.04
2010-05-21,3.34
2010-05-24,3.5599999999999996
2010-05-25,3.499999999999999
2010-05-26,1.5399999999999996
2010-05-27,1.1799999999999997
2010-05-28,1.1799999999999997
2010-05-31,-1.08
2010-06-01,-1.28
2010-06-02,0.0
2010-06-03,0.82
2010-06-04,1.2399999999999998
2010-06-07,2.56
2010-06-08,1.14
2010-06-09,0.9599999999999997
2010-06-10,1.48
2010-06-11,1.8
2010-06-14,0.0
2010-06-15,0.6600000000000001
2010-06-16,-1.8199999999999998
2010-06-17,-3.12
2010-06-18,-3.96
2010-06-21,-2.2600000000000002
2010-06-22,-0.4400000000000002
2010-06-23,1.8599999999999999
2010-06-24,2.12
2010-06-25,2.9799999999999995
2010-06-28,1.8800000000000001
2010-06-29,0.8600000000000001
2010-06-30,1.7399999999999998
2010-07-01,1.38
2010-07-02,0.8799999999999999
2010-07-05,2.54
2010-07-06,2.68
2010-07-07,3.2399999999999998
2010-07-08,4.46
2010-07-09,5.38
2010-07-12,5.220000000000001
2010-07-13,4.46
2010-07-14,3.4400000000000004
2010-07-15,2.0200000000000005
2010-07-16,1.94
2010-07-19,1.9600000000000002
2010-07-20,4.1
2010-07-21,4.08
2010-07-22,4.38
2010-07-23,3.6399999999999997
2010-07-26,4.32
2010-07-27,4.380000000000001
2010-07-28,5.84
2010-07-29,7.040000000000001
2010-07-30,7.9799999999999995
2010-08-02,7.76
2010-08-03,7.0
2010-08-04,5.64
2010-08-05,4.6
2010-08-06,4.4
2010-08-09,3.78
2010-08-10,4.22
2010-08-11,4.52
2010-08-12,4.92
2010-08-13,4.24
2010-08-16,2.7199999999999998
2010-08-17,1.7999999999999996
2010-08-18,0.7
2010-08-19,0.5200000000000001
2010-08-20,0.2800000000000001
2010-08-23,1.7
2010-08-24,2.66
2010-08-25,2.2
2010-08-26,2.3600000000000003
2010-08-27,2.3600000000000003
2010-08-30,2.3
2010-08-31,1.64
2010-09-01,2.62
2010-09-02,2.06
2010-09-03,1.92
2010-09-06,1.9600000000000002
2010-09-07,2.44
2010-09-08,2.8999999999999995
2010-09-09,3.4200000000000004
2010-09-10,3.8199999999999994
2010-09-13,4.86
2010-09-14,4.96
2010-09-15,4.840000000000001
2010-09-16,4.4
2010-09-17,4.76
2010-09-20,3.6
2010-09-21,3.16
2010-09-22,1.2400000000000002
2010-09-23,-0.2599999999999998
2010-09-24,-4.24
2010-09-27,-4.040000000000001
2010-09-28,-4.1
2010-09-29,-2.0199999999999996
2010-09-30,-0.7000000000000001
2010-10-01,2.6
2010-10-04,1.72
2010-10-05,1.2399999999999998
2010-10-06,0.6
2010-10-07,-8.66
2010-10-08,-8.38
2010-10-11,-7.4799999999999995
2010-10-12,-6.14
2010-10-13,-5.74
2010-10-14,3.94
2010-10-15,4.4799999999999995
2010-10-18,3.9800000000000004
2010-10-19,2.62
2010-10-20,2.68
2010-10-21,2.08
2010-10-22,2.66
2010-10-25,3.2399999999999998
2010-10-26,5.14
2010-10-27,5.42
2010-10-28,6.62
2010-10-29,7.359999999999999
2010-11-01,6.4799999999999995
2010-11-02,5.220000000000001
2010-11-03,4.76
2010-11-04,4.640000000000001
2010-11-05,3.4799999999999995
2010-11-08,3.5200000000000005
2010-11-09,3.8200000000000003
2010-11-10,5.0600000000000005
2010-11-11,5.159999999999999
2010-11-12,6.9
2010-11-15,9.56
2010-11-16,11.14
2010-11-17,12.86
2010-11-18,14.280000000000001
2010-11-19,13.9
2010-11-22,14.5
2010-11-23,15.440000000000001
2010-11-24,14.020000000000001
2010-11-25,13.9
2010-11-26,13.220000000000002
2010-11-29,12.959999999999999
2010-11-30,9.72
2010-12-01,9.1
2010-12-02,8.74
2010-12-03,7.8
2010-12-06,5.84
2010-12-07,5.159999999999999
2010-12-08,3.5799999999999996
2010-12-09,4.0
2010-12-10,4.9
2010-12-13,5.4399999999999995
2010-12-14,6.22
2010-12-15,7.959999999999999
2010-12-16,7.0
2010-12-17,7.4399999999999995
2010-12-20,8.58
2010-12-21,10.08
2010-12-22,10.48
2010-12-23,11.219999999999999
2010-12-24,12.8
2010-12-27,13.780000000000001
2010-12-28,16.5
2010-12-29,16.78
2010-12-30,16.38
2010-12-31,15.479999999999999
2011-01-03,14.379999999999999
2011-01-04,13.360000000000003
2011-01-05,14.34
2011-01-06,17.580000000000002
2011-01-07,21.68
2011-01-10,24.919999999999998
2011-01-11,26.9
2011-01-12,28.919999999999998
2011-01-13,28.419999999999998
2011-01-14,26.8
2011-01-17,25.96
2011-01-18,26.72
2011-01-19,26.360000000000003
2011-01-20,26.419999999999998
2011-01-21,27.179999999999996
2011-01-24,27.380000000000003
2011-01-25,27.04
2011-01-26,27.359999999999996
2011-01-27,26.54
2011-01-28,23.740000000000002
2011-01-31,21.060000000000002
2011-02-01,17.4
2011-02-02,14.64
2011-02-03,13.16
2011-02-04,12.219999999999999
2011-02-07,11.8
2011-02-08,11.8
2011-02-09,10.84
2011-02-10,10.320000000000002
2011-02-11,10.12
2011-02-14,10.12
2011-02-15,8.02
2011-02-16,8.36
2011-02-17,8.5
2011-02-18,7.6800000000000015
2011-02-21,6.279999999999999
2011-02-22,7.8
2011-02-23,7.12
2011-02-24,5.22
2011-02-25,5.06
2011-02-28,5.76
2011-03-01,5.0
2011-03-02,3.9200000000000004
2011-03-03,3.4
2011-03-04,2.54
2011-03-07,1.94
2011-03-08,-0.060000000000000143
2011-03-09,0.05999999999999979
2011-03-10,2.68
2011-03-11,5.140000000000001
2011-03-14,5.9
2011-03-15,9.819999999999999
2011-03-16,12.559999999999999
2011-03-17,11.220000000000002
2011-03-18,10.24
2011-03-21,10.02
2011-03-22,9.440000000000001
2011-03-23,8.959999999999999
2011-03-24,8.58
2011-03-25,8.18
2011-03-28,7.300000000000002
2011-03-29,7.360000000000001
2011-03-30,7.4799999999999995
2011-03-31,7.840000000000001
2011-04-01,7.12
2011-04-04,7.08
2011-04-05,5.339999999999999
2011-04-06,2.7800000000000002
2011-04-07,2.0999999999999996
2011-04-08,1.6199999999999999
2011-04-11,2.4
2011-04-12,1.9599999999999997
2011-04-13,3.6799999999999997
2011-04-14,5.9
2011-04-15,6.62
2011-04-18,5.539999999999999
2011-04-19,5.08
2011-04-20,3.079999999999999
2011-04-21,1.8399999999999999
2011-04-22,3.02
2011-04-25,5.12
2011-04-26,5.800000000000001
2011-04-27,6.2
2011-04-28,5.06
2011-04-29,3.6199999999999997
2011-05-02,1.8
2011-05-03,0.33999999999999986
2011-05-04,-0.7
2011-05-05,1.1800000000000002
2011-05-06,1.32
2011-05-09,1.36
2011-05-10,1.7400000000000002
2011-05-11,2.7800000000000002
2011-05-12,2.4200000000000004
2011-05-13,2.92
2011-05-16,3.3600000000000003
2011-05-17,5.159999999999999
2011-05-18,6.7
2011-05-19,7.4799999999999995
2011-05-20,6.58
2011-05-23,5.44
2011-05-24,4.62
2011-05-25,3.14
2011-05-26,2.8600000000000003
2011-05-27,3.46
2011-05-30,5.76
2011-05-31,5.86
2011-06-01,6.0
2011-06-02,4.220000000000001
2011-06-03,4.0200000000000005
2011-06-06,2.52
2011-06-07,1.48
2011-06-08,2.5
2011-06-09,3.6
2011-06-10,3.5200000000000005
2011-06-13,4.84
2011-06-14,7.12
2011-06-15,7.9399999999999995
2011-06-16,8.48
2011-06-17,8.7
2011-06-20,7.1
2011-06-21,5.9
2011-06-22,4.220000000000001
2011-06-23,3.3
2011-06-24,3.6
2011-06-27,4.279999999999999
2011-06-28,4.859999999999999
2011-06-29,6.08
2011-06-30,6.42
2011-07-01,8.14
2011-07-04,8.48
2011-07-05,7.92
2011-07-06,7.5200000000000005
2011-07-07,8.1
2011-07-08,6.8
2011-07-11,6.16
2011-07-12,6.660000000000001
2011-07-13,5.340000000000001
2011-07-14,1.6799999999999997
2011-07-15,-0.7200000000000001
2011-07-18,-2.46
2011-07-19,-2.5199999999999996
2011-07-20,-1.0799999999999996
2011-07-21,1.6799999999999997
2011-07-22,2.94
2011-07-25,3.9200000000000004
2011-07-26,3.94
2011-07-27,2.94
2011-07-28,1.7599999999999998
2011-07-29,1.2800000000000002
2011-08-01,1.36
2011-08-02,0.6199999999999999
2011-08-03,1.2
2011-08-04,1.6800000000000002
2011-08-05,1.8199999999999998
2011-08-08,0.4800000000000001
2011-08-09,-4.66
2011-08-10,-5.4799999999999995
2011-08-11,-4.76
2011-08-12,-2.9800000000000004
2011-08-15,0.5199999999999999
2011-08-16,5.140000000000001
2011-08-17,5.08
2011-08-18,4.94
2011-08-19,1.5799999999999996
2011-08-22,2.56
2011-08-23,2.7
2011-08-24,3.1
2011-08-25,10.419999999999998
2011-08-26,13.66
2011-08-29,18.98
2011-08-30,22.66
2011-08-31,25.400000000000002
2011-09-01,19.86
2011-09-02,17.779999999999998
2011-09-05,7.4
2011-09-06,8.66
2011-09-07,5.819999999999999
2011-09-08,9.059999999999999
2011-09-09,10.18
2011-09-12,12.76
2011-09-13,13.719999999999999
2011-09-14,15.160000000000002
2011-09-15,13.2
2011-09-16,14.280000000000001
2011-09-19,17.4
2011-09-20,14.36
2011-09-21,15.8
2011-09-22,16.5
2011-09-23,19.14
2011-09-26,10.46
2011-09-27,6.4
2011-09-28,6.1
2011-09-29,4.14
2011-09-30,3.62
2011-10-03,6.38
2011-10-04,5.799999999999999
2011-10-05,0.9599999999999987
2011-10-06,-3.6
2011-10-07,-9.6
2011-10-10,-6.06
2011-10-11,1.8000000000000007
2011-10-12,4.92
2011-10-13,10.34
2011-10-14,13.919999999999998
2011-10-17,14.580000000000002
2011-10-18,11.96
2011-10-19,12.940000000000001
2011-10-20,9.98
2011-10-21,11.8
2011-10-24,12.499999999999998
2011-10-25,11.74
2011-10-26,11.959999999999999
2011-10-27,15.0
2011-10-28,12.940000000000001
2011-10-31,9.180000000000001
2011-11-01,9.86
2011-11-02,7.2
2011-11-03,2.9999999999999996
2011-11-04,2.96
2011-11-07,5.2
2011-11-08,1.1
2011-11-09,3.12
2011-11-10,2.26
2011-11-11,2.1
2011-11-14,2.4200000000000004
2011-11-15,5.6
2011-11-16,4.0600000000000005
2011-11-17,7.980000000000001
2011-11-18,6.8199999999999985
2011-11-21,9.24
2011-11-22,5.880000000000001
2011-11-23,10.9
2011-11-24,9.3
2011-11-25,11.260000000000002
2011-11-28,6.3999999999999995
2011-11-29,7.8
2011-11-30,4.76
2011-12-01,3.0800000000000005
2011-12-02,1.2
2011-12-05,3.78
2011-12-06,4.540000000000001
2011-12-07,2.44
2011-12-08,4.34
2011-12-09,6.18
2011-12-12,6.8
2011-12-13,4.06
2011-12-14,6.839999999999999
2011-12-15,2.3000000000000007
2011-12-16,5.640000000000001
2011-12-19,6.040000000000001
2011-12-20,8.7
2011-12-21,5.1
2011-12-22,11.379999999999999
2011-12-23,8.54
2011-12-26,7.76
2011-12-27,6.28
2011-12-28,8.459999999999999
2011-12-29,8.820000000000002
2011-12-30,7.2
2012-01-02,5.779999999999999
2012-01-03,4.1
2012-01-04,6.760000000000001
2012-01-05,7.9799999999999995
2012-01-06,10.559999999999999
2012-01-09,12.299999999999999
2012-01-10,16.160000000000004
2012-01-11,14.279999999999998
2012-01-12,11.58
2012-01-13,12.12
2012-01-16,12.44
2012-01-17,12.22
2012-01-18,11.885105999999999
2012-01-19,11.58111
2012-01-20,11.146353
2012-01-23,11.891595999999998
2012-01-24,13.916839
2012-01-25,15.556975999999997
2012-01-26,17.726215
2012-01-27,17.726215
2012-01-30,15.889685
2012-01-31,13.912333
2012-02-01,9.366427
2012-02-02,6.7332149999999995
2012-02-03,3.4417989999999996
2012-02-06,5.199318
2012-02-07,6.435452000000001
2012-02-08,9.683595
2012-02-09,11.02842
2012-02-10,15.349516
2012-02-13,13.660551000000002
2012-02-14,10.78565
2012-02-15,10.242195
2012-02-16,10.283017000000001
2012-02-17,7.107431
2012-02-20,7.105087
2012-02-21,9.130475
2012-02-22,8.816898
2012-02-23,6.670018000000002
2012-02-24,4.8970650000000004
2012-02-27,5.199698000000001
2012-02-28,3.8081909999999994
2012-02-29,2.507993
2012-03-01,1.7886630000000001
2012-03-02,3.578024
2012-03-05,5.158694
2012-03-06,8.390049000000001
2012-03-07,7.779806000000001
2012-03-08,6.205590000000001
2012-03-09,7.2149659999999995
2012-03-12,3.898756000000001
2012-03-13,2.3597910000000004
2012-03-14,5.775513999999999
2012-03-15,9.944951
2012-03-16,11.584799
2012-03-19,14.183338000000001
2012-03-20,14.475530000000001
2012-03-21,12.751801
2012-03-22,15.95932
2012-03-23,13.817524
2012-03-26,13.826215
2012-03-27,12.004434
2012-03-28,12.283338
2012-03-29,9.826305999999999
2012-03-30,10.613414
2012-04-02,10.374449000000002
2012-04-03,12.358924000000002
2012-04-04,13.618300000000001
2012-04-05,13.363323
2012-04-06,15.850142
2012-04-09,19.394479999999998
2012-04-10,19.684130000000003
2012-04-11,19.665576
2012-04-12,19.835104
2012-04-13,17.015667
2012-04-16,11.990081
2012-04-17,9.904632
2012-04-18,10.036078
2012-04-19,9.325728000000002
2012-04-20,9.391649
2012-04-23,10.526610999999999
2012-04-24,11.061573
2012-04-25,10.991847
2012-04-26,11.048193999999999
2012-04-27,9.803369
2012-04-30,7.809030999999999
2012-05-01,7.103658
2012-05-02,6.719868
2012-05-03,6.812349
2012-05-04,8.601999000000001
2012-05-07,11.345165
2012-05-08,13.094191
2012-05-09,13.617341999999999
2012-05-10,14.164222
2012-05-11,12.716961999999999
2012-05-14,13.82439
2012-05-15,12.992365999999999
2012-05-16,11.581727
2012-05-17,11.348333
2012-05-18,9.649505
2012-05-21,8.740616
2012-05-22,11.300281
2012-05-23,12.154771
2012-05-24,11.409946
2012-05-25,14.608286999999999
2012-05-28,13.436902
2012-05-29,11.721864
2012-05-30,11.541103000000001
2012-05-31,10.549794
2012-06-01,9.661514
2012-06-04,21.928697999999997
2012-06-05,32.274983999999996
2012-06-06,29.433766
2012-06-07,29.483369999999997
2012-06-08,27.209443
2012-06-11,15.377023
2012-06-12,5.476536
2012-06-13,7.523705
2012-06-14,7.376048999999999
2012-06-15,8.701239
2012-06-18,5.524967999999999
2012-06-19,3.5224260000000003
2012-06-20,2.322426
2012-06-21,2.763248
2012-06-22,2.60993
2012-06-25,5.2363990000000005
2012-06-26,4.955349
2012-06-27,6.620783
2012-06-28,7.720981
2012-06-29,8.821179
2012-07-02,7.103599
2012-07-03,6.9679519999999995
2012-07-04,5.217069
2012-07-05,3.5039789999999997
2012-07-06,3.8049530000000003
2012-07-09,5.424192
2012-07-10,4.056323
2012-07-11,5.624588
2012-07-12,7.165607999999999
2012-07-13,4.1169780000000005
2012-07-16,3.765806
2012-07-17,4.909946
2012-07-18,4.745395
2012-07-19,4.209261
2012-07-20,6.146369
2012-07-23,5.784847
2012-07-24,6.950083000000001
2012-07-25,5.909946000000001
2012-07-26,4.855745
2012-07-27,3.3043750000000003
2012-07-30,2.2046639999999997
2012-07-31,1.088058
2012-08-01,1.4233090000000002
2012-08-02,1.869793
2012-08-03,2.2030960000000004
2012-08-06,2.535714
2012-08-07,3.179367
2012-08-08,2.863157
2012-08-09,3.265988
2012-08-10,3.925166
2012-08-13,4.370965
2012-08-14,4.4442070000000005
2012-08-15,5.8366880000000005
2012-08-16,5.57165
2012-08-17,6.0866880000000005
2012-08-20,6.802411000000001
2012-08-21,6.208758
2012-08-22,5.021253999999999
2012-08-23,5.040584
2012-08-24,3.5007360000000007
2012-08-27,3.514891
2012-08-28,3.390766
2012-08-29,3.9283609999999998
2012-08-30,4.095256000000001
2012-08-31,5.596428
2012-09-03,5.3044340000000005
2012-09-04,6.049548
2012-09-05,5.7272799999999995
2012-09-06,4.633916
2012-09-07,3.577858
2012-09-10,2.625803
2012-09-11,1.7551940000000001
2012-09-12,0.31183000000000005
2012-09-13,1.012804
2012-09-14,1.14014
2012-09-17,1.393945
2012-09-18,1.7181610000000003
2012-09-19,3.2062429999999997
2012-09-20,3.0292869999999996
2012-09-21,2.530459
2012-09-24,2.6008699999999996
2012-09-25,2.342666
2012-09-26,2.253214
2012-09-27,2.145695
2012-09-28,2.437491
2012-10-01,1.856532
2012-10-02,1.6814329999999997
2012-10-03,0.9685410000000001
2012-10-04,0.60848
2012-10-05,0.60848
2012-10-08,1.2666840000000001
2012-10-09,-0.7267710000000001
2012-10-10,-0.17491400000000015
2012-10-11,0.5844619999999998
2012-10-12,1.7048729999999999
2012-10-15,1.2649339999999998
2012-10-16,4.804584
2012-10-17,5.490717999999999
2012-10-18,5.35947
2012-10-19,5.5533209999999995
2012-10-22,5.835452
2012-10-23,5.705375999999999
2012-10-24,6.152743
2012-10-25,6.283215
2012-10-26,4.754996
2012-10-29,4.928922999999999
2012-10-30,4.187126999999999
2012-10-31,1.7894710000000003
2012-11-01,0.8237479999999999
2012-11-02,1.902165
2012-11-05,2.157051
2012-11-06,-0.7601329999999997
2012-11-07,-2.015993
2012-11-08,-1.4235119999999999
2012-11-09,-1.969022
2012-11-12,-2.3705900000000004
2012-11-13,0.36045999999999995
2012-11-14,3.240049
2012-11-15,3.095224
2012-11-16,3.975011
2012-11-19,4.111145
2012-11-20,3.7541129999999994
2012-11-21,2.682043
2012-11-22,2.73839
2012-11-23,1.023154
2012-11-26,0.639851
2012-11-27,0.540338
2012-11-28,-0.2568309999999999
2012-11-29,-1.5706969999999998
2012-11-30,-1.141595
2012-12-03,-1.3878809999999997
2012-12-04,-1.9346539999999997
2012-12-05,-0.6797679999999999
2012-12-06,0.208223
2012-12-07,1.6682839999999999
2012-12-10,1.639867
2012-12-11,2.532835
2012-12-12,2.374631
2012-12-13,4.264082999999999
2012-12-14,3.8042199999999995
2012-12-17,4.082835
2012-12-18,4.950902
2012-12-19,5.832546
2012-12-20,5.410673999999999
2012-12-21,4.672105
2012-12-24,5.133338
2012-12-25,3.8865649999999996
2012-12-26,2.305317
2012-12-27,1.793795
2012-12-28,1.9332470000000002
2012-12-31,2.0064889999999997
2013-01-01,2.6395939999999998
2013-01-02,3.8325620000000002
2013-01-03,-0.21343500000000012
2013-01-04,3.780217999999999
2013-01-07,4.897112999999999
2013-01-08,4.645453999999999
2013-01-09,4.62104
2013-01-10,8.447797999999999
2013-01-11,6.285393000000001
2013-01-14,6.595743000000001
2013-01-15,7.677477999999999
2013-01-16,8.657554000000001
2013-01-17,8.688801999999999
2013-01-18,7.947980000000001
2013-01-21,7.319365
2013-01-22,6.823367999999999
2013-01-23,6.3761990000000015
2013-01-24,7.377371000000001
2013-01-25,7.781572
2013-01-28,9.179426
2013-01-29,10.976108
2013-01-30,12.443688
2013-01-31,12.694860000000002
2013-02-01,12.562926999999998
2013-02-04,12.680309
2013-02-05,10.797691
2013-02-06,10.545347
2013-02-07,9.984312
2013-02-08,10.278452
2013-02-11,10.428451999999998
2013-02-12,12.830796000000001
2013-02-13,13.757553999999999
2013-02-14,15.709897999999999
2013-02-15,17.022105
2013-02-18,17.643399
2013-02-19,16.943795
2013-02-20,18.170949
2013-02-21,19.006504999999997
2013-02-22,22.332
2013-02-25,22.660615
2013-02-26,23.982198
2013-02-27,23.988545000000002
2013-02-28,25.460417
2013-03-01,25.283172
2013-03-04,25.259442999999997
2013-03-05,24.935713999999997
2013-03-06,24.557495
2013-03-07,21.743142
2013-03-08,18.539139
2013-03-11,18.328104
2013-03-12,17.807206
2013-03-13,16.671072000000002
2013-03-14,16.579763
2013-03-15,15.009351999999998
2013-03-18,12.351148
2013-03-19,10.839428
2013-03-20,8.830052
2013-03-21,6.630539000000001
2013-03-22,5.6554400000000005
2013-03-25,6.2873730000000005
2013-03-26,6.7153030000000005
2013-03-27,6.958469000000001
2013-03-28,7.275364000000001
2013-03-29,6.711498000000001
2013-04-01,4.6708739999999995
2013-04-02,4.259839
2013-04-03,4.343142
2013-04-04,4.860235
2013-04-05,6.061605
2013-04-08,8.063462000000001
2013-04-09,8.199109
2013-04-10,8.833873
2013-04-11,9.455456000000002
2013-04-12,11.689246
2013-04-15,17.93672
2013-04-16,17.02424
2013-04-17,17.836174
2013-04-18,13.941563000000002
2013-04-19,15.174485999999998
2013-04-22,11.943725
2013-04-23,13.300360999999999
2013-04-24,18.321350000000002
2013-04-25,26.399172999999998
2013-04-26,28.195261
2013-04-29,29.827483
2013-04-30,34.264195
2013-05-01,33.059309
2013-05-02,33.274347
2013-05-03,31.233038
2013-05-06,31.431181000000002
2013-05-07,29.290557000000007
2013-05-08,30.505107999999996
2013-05-09,31.164285999999997
2013-05-10,36.614286
2013-05-13,40.925518999999994
2013-05-14,44.54593
2013-05-15,43.25384499999999
2013-05-16,44.895748000000005
2013-05-17,40.982476000000005
2013-05-20,38.826723
2013-05-21,41.481122
2013-05-22,43.459737
2013-05-23,40.415597
2013-05-24,40.395186
2013-05-27,39.81823000000001
2013-05-28,36.844500999999994
2013-05-29,33.324288
2013-05-30,31.327119000000003
2013-05-31,28.628778
2013-06-03,22.534151
2013-06-04,17.408565000000003
2013-06-05,15.755049
2013-06-06,13.434836
2013-06-07,12.98718
2013-06-10,13.634151
2013-06-11,13.928290999999998
2013-06-12,13.52995
2013-06-13,16.80202
2013-06-14,19.368428
2013-06-17,20.560422
2013-06-18,21.635033999999997
2013-06-19,23.841092000000003
2013-06-20,28.995004
2013-06-21,31.529875000000004
2013-06-24,33.791017
2013-06-25,34.886435999999996
2013-06-26,38.461155
2013-06-27,35.293195
2013-06-28,33.284611
2013-07-01,35.884809
2013-07-02,38.806392
2013-07-03,36.463911
2013-07-04,39.184611000000004
2013-07-05,43.113317
2013-07-08,43.66517399999999
2013-07-09,42.740273
2013-07-10,42.112342999999996
2013-07-11,39.65697
2013-07-12,35.685874
2013-07-15,32.99602600000001
2013-07-16,31.297000000000004
2013-07-17,31.428735
2013-07-18,28.331764
2013-07-19,27.935767
2013-07-22,26.225706000000002
2013-07-23,26.162616000000003
2013-07-24,24.654701
2013-07-25,27.162509
2013-07-26,26.277348999999997
2013-07-29,23.001763
2013-07-30,21.040241
2013-07-31,20.06534
2013-08-01,17.279891
2013-08-02,17.468567
2013-08-05,20.920910999999997
2013-08-06,23.176284000000003
2013-08-07,25.978339
2013-08-08,28.201779
2013-08-09,28.544062000000004
2013-08-12,29.139861000000003
2013-08-13,28.764563999999996
2013-08-14,26.866025
2013-08-15,25.598247
2013-08-16,24.687988
2013-08-19,21.568551
2013-08-20,18.017866
2013-08-21,18.194913
2013-08-22,15.727332999999998
2013-08-23,14.034851999999997
2013-08-26,18.414927999999996
2013-08-27,17.265217
2013-08-28,14.553785999999999
2013-08-29,15.863938
2013-08-30,16.755049
2013-09-02,12.782979000000001
2013-09-03,14.804562
2013-09-04,15.857591
2013-09-05,14.278687
2013-09-06,14.450954999999999
2013-09-09,14.567849999999998
2013-09-10,15.605156
2013-09-11,16.524593000000003
2013-09-12,19.297546
2013-09-13,20.908977
2013-09-16,22.65537
2013-09-17,21.737212
2013-09-18,21.649327999999997
2013-09-19,8.165934
2013-09-20,-6.181036999999999
2013-09-23,-7.892071999999999
2013-09-24,-7.306622999999999
2013-09-25,-8.607308
2013-09-26,2.6314590000000004
2013-09-27,15.199328
2013-09-30,14.389952
2013-10-01,14.474716
2013-10-02,15.496101000000001
2013-10-03,16.665827
2013-10-04,16.506451000000002
2013-10-07,17.330865
2013-10-08,17.092585
2013-10-09,18.158993
2013-10-10,19.534777
2013-10-11,20.934487999999998
2013-10-14,22.417989
2013-10-15,26.373559999999998
2013-10-16,26.340652999999996
2013-10-17,19.3263
2013-10-18,16.435478
2013-10-21,14.531763999999999
2013-10-22,10.00012
2013-10-23,7.261444
2013-10-24,10.793666
2013-10-25,9.265051000000001
2013-10-28,6.059678
2013-10-29,3.911824
2013-10-30,1.669343
2013-10-31,1.2362380000000002
2013-11-01,3.774716
2013-11-04,4.530774
2013-11-05,5.783316000000001
2013-11-06,6.498065000000001
2013-11-07,6.937715
2013-11-08,5.288399999999999
2013-11-11,6.660667999999999
2013-11-12,6.054519000000001
2013-11-13,6.914092999999999
2013-11-14,7.0567720000000005
2013-11-15,7.654626
2013-11-18,7.393590999999999
2013-11-19,7.961658
2013-11-20,9.048278999999999
2013-11-21,9.528751
2013-11-22,10.063911
2013-11-25,10.522998
2013-11-26,11.214992
2013-11-27,10.077397000000001
2013-11-28,9.498980000000001
2013-11-29,7.928082000000001
2013-12-02,9.266361999999999
2013-12-03,10.390974
2013-12-04,12.777793
2013-12-05,13.208067
2013-12-06,15.174961999999999
2013-12-09,15.917443
2013-12-10,14.113242
2013-12-11,12.381598
2013-12-12,13.778569
2013-12-13,14.507670999999998
2013-12-16,13.125737999999998
2013-12-17,15.572222
2013-12-18,16.177594999999997
2013-12-19,18.788828000000002
2013-12-20,18.553577
2013-12-23,21.362466
2013-12-24,21.301142000000002
2013-12-25,24.607687
2013-12-26,24.802511999999997
2013-12-27,26.182588
2013-12-30,25.4279
2013-12-31,24.614521
2014-01-01,22.308173999999998
2014-01-02,21.452801
2014-01-03,20.896255999999997
2014-01-06,20.501233
2014-01-07,22.383455
2014-01-08,22.484429
2014-01-09,20.487945
2014-01-10,19.679254000000004
2014-01-13,19.696635999999998
2014-01-14,18.441948
2014-01-15,18.754642
2014-01-16,19.241750000000003
2014-01-17,19.98003
2014-01-20,18.354444
2014-01-21,17.559131999999998
2014-01-22,16.761476
2014-01-23,14.366164000000001
2014-01-24,12.333546
2014-01-27,10.216651
2014-01-28,9.439893000000001
2014-01-29,8.131689
2014-01-30,8.85659
2014-01-31,8.786863999999998
2014-02-03,9.996239999999998
2014-02-04,9.647412
2014-02-05,10.04624
2014-02-06,10.04624
2014-02-07,10.71245
2014-02-10,11.042526
2014-02-11,10.642327999999997
2014-02-12,9.989785999999999
2014-02-13,9.337243999999998
2014-02-14,8.346224
2014-02-17,7.363894999999999
2014-02-18,7.583422999999999
2014-02-19,6.856466999999999
2014-02-20,6.071992
2014-02-21,5.052753
2014-02-24,2.844062
2014-02-25,0.9602719999999998
2014-02-26,1.7490390000000002
2014-02-27,0.3518699999999999
2014-02-28,0.07159599999999995
2014-03-03,1.4296019999999998
2014-03-04,0.8260859999999999
2014-03-05,-0.299987
2014-03-06,0.9162230000000001
2014-03-07,0.42422900000000013
2014-03-10,-0.8727419999999999
2014-03-11,-1.826258
2014-03-12,-2.668252
2014-03-13,-3.7975520000000005
2014-03-14,-5.037202000000001
2014-03-17,-5.029394
2014-03-18,-5.6277349999999995
2014-03-19,-4.921875000000001
2014-03-20,-4.457613
2014-03-21,-5.809074000000001
2014-03-24,-7.724401
2014-03-25,-6.447932
2014-03-26,-7.052909
2014-03-27,-5.940504000000001
2014-03-28,-3.548997
2014-03-31,-1.678388
2014-04-01,-1.067155
2014-04-02,-0.565785
2014-04-03,-1.441858
2014-04-04,-2.1115839999999997
2014-04-07,-2.260412
2014-04-08,-2.996059
2014-04-09,-2.858464
2014-04-10,-3.798799
2014-04-11,-3.261204
2014-04-14,-2.2451920000000003
2014-04-15,-1.4707780000000001
2014-04-16,-1.4358159999999998
2014-04-17,-0.904857
2014-04-18,-1.099484
2014-04-21,-3.141082
2014-04-22,-4.858951
2014-04-23,-4.869301000000001
2014-04-24,-4.083167
2014-04-25,-3.8918580000000005
2014-04-28,-1.829164
2014-04-29,0.6306989999999999
2014-04-30,0.98353
2014-05-01,1.2119469999999999
2014-05-02,2.22181
2014-05-05,6.865950000000001
2014-05-06,7.532647
2014-05-07,7.029618000000001
2014-05-08,6.93079
2014-05-09,7.468583
2014-05-12,2.8082329999999995
2014-05-13,2.412434
2014-05-14,2.136361
2014-05-15,1.6891919999999998
2014-05-16,1.174641
2014-05-19,0.8931950000000001
2014-05-20,1.0187810000000002
2014-05-21,2.084504
2014-05-22,2.752571
2014-05-23,3.102571
2014-05-26,3.7206379999999997
2014-05-27,3.367807
2014-05-28,3.019177
2014-05-29,2.9700599999999997
2014-05-30,3.167427
2014-06-02,3.924657
2014-06-03,4.14761
2014-06-04,4.202983
2014-06-05,3.6269099999999996
2014-06-06,3.191461
2014-06-09,2.4938049999999996
2014-06-10,2.210015
2014-06-11,1.3360880000000002
2014-06-12,1.0464380000000002
2014-06-13,0.6678229999999999
2014-06-16,0.35658999999999996
2014-06-17,0.5094209999999999
2014-06-18,0.951217
2014-06-19,0.5092229999999999
2014-06-20,0.4496490000000001
2014-06-23,1.1290400000000003
2014-06-24,-0.866668
2014-06-25,-1.0687229999999999
2014-06-26,-0.06374599999999994
2014-06-27,-0.18064099999999988
2014-06-30,-1.0137459999999998
2014-07-01,0.115843
2014-07-02,-0.22146300000000002
2014-07-03,-1.115116
2014-07-04,-0.8721479999999999
2014-07-07,-1.1087690000000001
2014-07-08,-0.728495
2014-07-09,-0.18953000000000003
2014-07-10,-2.722148
2014-07-11,-2.736212
2014-07-14,-2.656623
2014-07-15,-2.899591
2014-07-16,-2.6895300000000004
2014-07-17,1.118187
2014-07-18,0.9561779999999999
2014-07-21,1.660866
2014-07-22,2.2254169999999998
2014-07-23,2.464869
2014-07-24,1.7085219999999999
2014-07-25,2.023758
2014-07-28,1.6453410000000002
2014-07-29,1.296513
2014-07-30,1.679131
2014-07-31,2.430303
2014-08-01,2.412921
2014-08-04,2.971125
2014-08-05,3.246224
2014-08-06,3.242221
2014-08-07,3.2729820000000003
2014-08-08,3.14251
2014-08-11,2.991825
2014-08-12,3.074245
2014-08-13,2.718872
2014-08-14,2.2339100000000003
2014-08-15,2.0808050000000002
2014-08-18,1.687837
2014-08-19,1.5361779999999998
2014-08-20,1.8112769999999998
2014-08-21,2.1173349999999997
2014-08-22,2.4166350000000003
2014-08-25,2.10111
2014-08-26,3.1093140000000004
2014-08-27,3.3919319999999997
2014-08-28,3.633728
2014-08-29,4.30111
2014-09-01,5.414976000000001
2014-09-02,4.365661
2014-09-03,4.057655
2014-09-04,3.4142
2014-09-05,3.098675
2014-09-08,3.020943
2014-09-09,3.140867
2014-09-10,3.627001
2014-09-11,4.818994999999999
2014-09-12,5.192435000000001
2014-09-15,5.257184
2014-09-16,5.410213000000001
2014-09-17,5.352207
2014-09-18,4.864612
2014-09-19,4.206606000000001
2014-09-22,2.633562
2014-09-23,1.2778999999999998
2014-09-24,1.0407920000000002
2014-09-25,0.6792700000000002
2014-09-26,2.097824
2014-09-29,2.9652060000000002
2014-09-30,6.276241000000001
2014-10-01,8.194308
2014-10-02,10.647139
2014-10-03,11.593136
2014-10-06,14.314034000000001
2014-10-07,14.800655
2014-10-08,12.314034000000001
2014-10-09,10.069209
2014-10-10,7.9412790000000015
2014-10-13,6.840594
2014-10-14,4.615495
2014-10-15,5.3462559999999995
2014-10-16,4.574673
2014-10-17,5.032679
2014-10-20,3.6146119999999997
2014-10-21,3.597032
2014-10-22,2.492831
2014-10-23,3.401522
2014-10-24,2.2876559999999997
2014-10-27,2.02379
2014-10-28,1.6228159999999998
2014-10-29,2.138052
2014-10-30,1.685419
2014-10-31,1.317261
2014-11-03,1.7589659999999998
2014-11-04,1.0553589999999997
2014-11-05,1.369332
2014-11-06,1.4267599999999998
2014-11-07,1.5403369999999998
2014-11-10,1.0415090000000002
2014-11-11,2.526471
2014-11-12,3.0321330000000004
2014-11-13,2.9668970000000003
2014-11-14,2.7220720000000003
2014-11-17,3.3922849999999998
2014-11-18,0.14726199999999992
2014-11-19,-2.313971
2014-11-20,-3.9996180000000003
2014-11-21,-3.140638
2014-11-24,-2.887807
2014-11-25,-0.8849760000000002
2014-11-26,1.421371
2014-11-27,2.974202
2014-11-28,4.039925
2014-12-01,-1.281262
2014-12-02,0.9506710000000002
2014-12-03,-0.7359499999999997
2014-12-04,-1.240638
2014-12-05,-2.005874
2014-12-08,2.0345519999999997
2014-12-09,0.321173
2014-12-10,3.034841
2014-12-11,3.729468
2014-12-12,2.4177480000000005
2014-12-15,4.854171
2014-12-16,4.873410000000001
2014-12-17,2.947535
2014-12-18,0.9651149999999997
2014-12-19,2.868144
2014-12-22,1.924689
2014-12-23,2.32889
2014-12-24,3.3075050000000004
2014-12-25,6.698327000000001
2014-12-26,7.750184
2014-12-29,7.564735000000001
2014-12-30,7.595496
2014-12-31,7.499986
2015-01-01,7.031234
2015-01-02,5.940412
2015-01-05,7.086896
2015-01-06,6.852421
2015-01-07,6.316287000000001
2015-01-08,6.67029
2015-01-09,6.447534999999999
2015-01-12,6.3572
2015-01-13,6.044795
2015-01-14,8.083561999999999
2015-01-15,5.630533
2015-01-16,5.001720000000001
2015-01-19,3.570563
2015-01-20,1.131887
2015-01-21,-0.463334
2015-01-22,0.632754
2015-01-23,0.7365590000000001
2015-01-26,3.0811859999999998
2015-01-27,6.975326
2015-01-28,6.438218000000001
2015-01-29,7.431870999999999
2015-01-30,5.967031
2015-02-02,4.556681
2015-02-03,3.223576
2015-02-04,2.5435000000000003
2015-02-05,2.467427
2015-02-06,4.482465
2015-02-09,3.1065899999999997
2015-02-10,4.652785
2015-02-11,5.617533999999999
2015-02-12,4.110898
2015-02-13,4.544886
2015-02-16,4.9263319999999995
2015-02-17,4.530533
2015-02-18,5.165495
2015-02-19,6.923014
2015-02-20,6.852116
2015-02-23,7.771355
2015-02-24,7.771355
2015-02-25,7.897626
2015-02-26,5.386104
2015-02-27,5.7501679999999995
2015-03-02,6.065890999999999
2015-03-03,5.879955000000001
2015-03-04,5.521264
2015-03-05,7.642847000000001
2015-03-06,7.227809000000001
2015-03-09,6.372345
2015-03-10,6.764537
2015-03-11,7.342178000000001
2015-03-12,8.074994
2015-03-13,8.423533
2015-03-16,9.285253
2015-03-17,8.482422
2015-03-18,7.446486
2015-03-19,8.202833
2015-03-20,7.143457
2015-03-23,5.747048999999999
2015-03-24,4.516577
2015-03-25,3.7690729999999997
2015-03-26,0.723152
2015-03-27,1.071782
2015-03-30,2.360062
2015-03-31,3.045024
2015-04-01,4.060884
2015-04-02,5.2676419999999995
2015-04-03,4.318814
2015-04-06,2.7429539999999997
2015-04-07,2.9892399999999997
2015-04-08,2.244628
2015-04-09,1.478418
2015-04-10,0.09207100000000015
2015-04-13,1.755176
2015-04-14,2.17924
2015-04-15,2.7590270000000006
2015-04-16,3.278479
2015-04-17,4.490275
2015-04-20,4.716621999999999
2015-04-21,3.404415
2015-04-22,3.0094529999999997
2015-04-23,2.7714469999999998
2015-04-24,4.131721000000001
2015-04-27,2.384263
2015-04-28,3.4482659999999994
2015-04-29,4.150199
2015-04-30,3.701721
2015-05-01,2.2048259999999997
2015-05-04,3.452482
2015-05-05,3.3909599999999998
2015-05-06,3.4882660000000003
2015-05-07,4.451295
2015-05-08,5.5241869999999995
2015-05-11,4.436394
2015-05-12,4.093289
2015-05-13,3.743289
2015-05-14,3.551782
2015-05-15,3.562482
2015-05-18,3.4670479999999997
2015-05-19,3.207611
2015-05-20,2.634856
2015-05-21,2.856165
2015-05-22,2.36099
2015-05-25,1.001051
2015-05-26,1.8387680000000004
2015-05-27,2.384004
2015-05-28,1.3752370000000003
2015-05-29,1.513989
2015-06-01,2.70819
2015-06-02,2.1408080000000003
2015-06-03,2.577429
2015-06-04,2.9199100000000007
2015-06-05,2.896181
2015-06-08,3.187901
2015-06-09,2.436242
2015-06-10,1.3121019999999999
2015-06-11,2.199758
2015-06-12,2.6494839999999997
2015-06-15,3.6701080000000004
2015-06-16,5.378525
2015-06-17,5.447764
2015-06-18,2.8186620000000007
2015-06-19,1.9623909999999998
2015-06-22,1.609499
2015-06-23,1.297292
2015-06-24,1.287429
2015-06-25,3.1869419999999997
2015-06-26,3.520245
2015-06-29,2.978997
2015-06-30,2.658373
2015-07-01,3.157338
2015-07-02,3.270093
2015-07-03,3.5047810000000004
2015-07-06,4.088571
2015-07-07,4.3456030000000005
2015-07-08,2.2991800000000007
2015-07-09,2.4903520000000006
2015-07-10,2.229591
2015-07-13,1.787932
2015-07-14,1.53641
2015-07-15,3.4270340000000004
2015-07-16,3.7788910000000002
2015-07-17,4.299713
2015-07-20,4.327217
2015-07-21,4.160581
2015-07-22,3.4335950000000004
2015-07-23,1.85944
2015-07-24,1.703489
2015-07-27,2.9306579999999998
2015-07-28,3.171206
2015-07-29,3.9276899999999997
2015-07-30,5.261480000000001
2015-07-31,5.6904449999999995
2015-08-03,5.006442
2015-08-04,4.237888
2015-08-05,4.110643
2015-08-06,4.30285
2015-08-07,3.8468530000000003
2015-08-10,3.860095
2015-08-11,2.467203
2015-08-12,4.742941
2015-08-13,4.866883
2015-08-14,5.074478000000001
2015-08-17,4.727933
2015-08-18,6.9693179999999995
2015-08-19,4.756213000000001
2015-08-20,4.555254
2015-08-21,5.437886999999999
2015-08-24,6.361417999999999
2015-08-25,5.31329
2015-08-26,6.494674999999999
2015-08-27,6.394050999999999
2015-08-28,6.436319
2015-08-31,7.1841729999999995
2015-09-01,8.098998
2015-09-02,8.036517
2015-09-03,11.210109
2015-09-04,13.223838
2015-09-07,11.946593
2015-09-08,12.361966
2015-09-09,11.547476
2015-09-10,8.542636
2015-09-11,6.128831
2015-09-14,5.805102000000001
2015-09-15,6.137994000000001
2015-09-16,6.698679
2015-09-17,7.29358
2015-09-18,5.220414
2015-09-21,5.297872
2015-09-22,5.576639
2015-09-23,5.67568
2015-09-24,5.339409000000001
2015-09-25,6.425345
2015-09-28,6.170931
2015-09-29,4.933686
2015-09-30,3.876167
2015-10-01,3.233473
2015-10-02,3.245604
2015-10-05,2.901875
2015-10-06,2.901875
2015-10-07,2.901875
2015-10-08,3.702986
2015-10-09,3.1129249999999997
2015-10-12,3.031007
2015-10-13,3.3539140000000005
2015-10-14,2.9893780000000003
2015-10-15,1.759941
2015-10-16,2.077536
2015-10-19,1.4584339999999998
2015-10-20,1.082026
2015-10-21,1.4396820000000001
2015-10-22,1.771539
2015-10-23,2.91816
2015-10-26,2.615055
2015-10-27,2.338845
2015-10-28,2.2967750000000002
2015-10-29,2.418221
2015-10-30,1.7662120000000001
2015-11-02,3.9517219999999993
2015-11-03,5.447506
2015-11-04,5.883350999999999
2015-11-05,6.332437999999999
2015-11-06,6.62877
2015-11-09,5.151099
2015-11-10,4.2465329999999994
2015-11-11,4.776731
2015-11-12,4.237827
2015-11-13,4.362302
2015-11-16,5.328786
2015-11-17,5.056092
2015-11-18,4.757051
2015-11-19,5.6664270000000005
2015-11-20,4.826564
2015-11-23,4.955590000000001
2015-11-24,5.333657
2015-11-25,6.673246000000001
2015-11-26,7.1310389999999995
2015-11-27,8.493931
2015-11-30,7.985788000000001
2015-12-01,8.549167
2015-12-02,6.996473
2015-12-03,7.5550880000000005
2015-12-04,7.138604000000001
2015-12-07,8.198132
2015-12-08,10.497447
2015-12-09,10.00145
2015-12-10,8.520765
2015-12-11,8.489456
2015-12-14,8.754555
2015-12-15,4.60903
2015-12-16,4.5885430000000005
2015-12-17,4.574403
2015-12-18,4.724951
2015-12-21,3.099639
2015-12-22,4.20454
2015-12-23,5.169578
2015-12-24,5.65696
2015-12-25,6.557035999999999
2015-12-28,7.277934
2015-12-29,7.8002780000000005
2015-12-30,7.856001000000001
2015-12-31,7.65317
2016-01-01,6.5350269999999995
2016-01-04,4.757645000000001
2016-01-05,4.0353010000000005
2016-01-06,2.4426829999999997
2016-01-07,1.97559
2016-01-08,1.5295320000000001
2016-01-11,3.3408559999999996
2016-01-12,4.014311
2016-01-13,4.610932
2016-01-14,4.105757
2016-01-15,5.260719
2016-01-18,5.000368999999999
2016-01-19,5.139608
2016-01-20,5.534509
2016-01-21,7.310445
2016-01-22,5.617827
2016-01-25,4.77183
2016-01-26,4.457218
2016-01-27,4.5249500000000005
2016-01-28,2.6354370000000005
2016-01-29,3.5666849999999997
2016-02-01,4.074554
2016-02-02,3.849729
2016-02-03,2.5182829999999994
2016-02-04,2.231464
2016-02-05,0.2652690000000001
2016-02-08,-1.24948
2016-02-09,-2.8796779999999997
2016-02-10,-3.2920829999999994
2016-02-11,-3.9380800000000002
2016-02-12,-3.9380800000000002
2016-02-15,-1.8599219999999999
2016-02-16,-3.4777
2016-02-17,-1.0604400000000003
2016-02-18,0.45916400000000007
2016-02-19,1.731325
2016-02-22,2.8157389999999998
2016-02-23,5.509194
2016-02-24,2.2140949999999995
2016-02-25,2.2347949999999996
2016-02-26,3.320731
2016-02-29,-0.16657499999999992
2016-03-01,-0.559741
2016-03-02,0.8289500000000001
2016-03-03,0.7008829999999999
2016-03-04,-2.1737290000000002
2016-03-07,-1.398889
2016-03-08,-1.313912
2016-03-09,-0.7487980000000001
2016-03-10,-0.9379
2016-03-11,2.342861
2016-03-14,2.1889950000000002
2016-03-15,1.704429
2016-03-16,1.9444900000000005
2016-03-17,1.0824960000000001
2016-03-18,0.5174579999999999
2016-03-21,1.4222829999999997
2016-03-22,2.8832569999999995
2016-03-23,2.938843
2016-03-24,3.4913089999999998
2016-03-25,3.0766060000000004
2016-03-28,4.468737
2016-03-29,4.0738970000000005
2016-03-30,4.802314
2016-03-31,4.482663999999999
2016-04-01,3.8409440000000004
2016-04-04,2.3905330000000005
2016-04-05,0.811294
2016-04-06,0.12873700000000002
2016-04-07,-1.086712
2016-04-08,-0.9202280000000002
2016-04-11,0.5908829999999998
2016-04-12,1.209376
2016-04-13,0.817382
2016-04-14,1.6881430000000002
2016-04-15,1.8672450000000005
2016-04-18,0.6046880000000001
2016-04-19,0.4966820000000001
2016-04-20,0.7187520000000001
2016-04-21,0.9811719999999997
2016-04-22,0.277245
2016-04-25,1.5228309999999998
2016-04-26,2.962831
2016-04-27,2.2564839999999995
2016-04-28,2.8397259999999998
2016-04-29,3.1160119999999996
2016-05-02,1.5398169999999998
2016-05-03,-0.844856
2016-05-04,0.13205400000000003
2016-05-05,0.967579
2016-05-06,0.564063
2016-05-09,0.5983400000000001
2016-05-10,2.636057
2016-05-11,3.5273660000000007
2016-05-12,3.1511560000000003
2016-05-13,2.989223
2016-05-16,3.4589489999999996
2016-05-17,4.337366
2016-05-18,3.5842609999999993
2016-05-19,3.508325
2016-05-20,3.505905
2016-05-23,3.0319629999999997
2016-05-24,1.8709890000000002
2016-05-25,2.383318
2016-05-26,2.888965
2016-05-27,3.8426789999999995
2016-05-30,0.15500800000000012
2016-05-31,0.9189959999999999
2016-06-01,0.512649
2016-06-02,-0.24328699999999995
2016-06-03,0.8114009999999998
2016-06-06,4.85169
2016-06-07,4.827976
2016-06-08,4.254125
2016-06-09,4.214551
2016-06-10,2.901735
2016-06-13,2.465266
2016-06-14,1.3370009999999999
2016-06-15,2.69522
2016-06-16,2.4126169999999996
2016-06-17,2.3999379999999997
2016-06-20,3.005387
2016-06-21,3.7206989999999998
2016-06-22,2.392967
2016-06-23,3.6135759999999997
2016-06-24,4.564261
2016-06-27,4.070136
2016-06-28,5.046148
2016-06-29,6.502098999999999
2016-06-30,5.1476999999999995
2016-07-01,4.264685999999999
2016-07-04,4.846695
2016-07-05,2.9000130000000004
2016-07-06,1.2212
2016-07-07,1.445218
2016-07-08,1.4895709999999998
2016-07-11,1.580195
2016-07-12,2.75951
2016-07-13,2.6132239999999998
2016-07-14,4.941489
2016-07-15,4.836100999999999
2016-07-18,4.9109869999999995
2016-07-19,3.7533920000000003
2016-07-20,5.5636660000000004
2016-07-21,2.198004
2016-07-22,0.9742750000000001
2016-07-25,0.9026160000000001
2016-07-26,1.475234
2016-07-27,-0.550702
2016-07-28,0.7524789999999999
2016-07-29,3.069176
2016-08-01,1.960013
2016-08-02,1.6031939999999998
2016-08-03,2.3386579999999997
2016-08-04,2.4836959999999997
2016-08-05,1.502463
2016-08-08,3.2818389999999993
2016-08-09,3.9835589999999996
2016-08-10,4.316314
2016-08-11,4.26776
2016-08-12,5.279891
2016-08-15,4.746238
2016-08-16,5.290241
2016-08-17,5.368445
2016-08-18,6.41362
2016-08-19,5.503345999999999
2016-08-22,5.1769989999999995
2016-08-23,4.570514999999999
2016-08-24,4.167547000000001
2016-08-25,3.586573
2016-08-26,3.3732550000000003
2016-08-29,1.894077
2016-08-30,2.5893129999999998
2016-08-31,2.3693739999999996
2016-09-01,2.8324030000000002
2016-09-02,3.272951
2016-09-05,4.023712
2016-09-06,2.716817
2016-09-07,3.508278
2016-09-08,2.326497
2016-09-09,1.7265730000000001
2016-09-12,2.322022
2016-09-13,2.9430570000000005
2016-09-14,2.39222
2016-09-15,2.6866950000000003
2016-09-16,3.0616570000000003
2016-09-19,3.872068
2016-09-20,4.820272
2016-09-21,5.478065
2016-09-22,6.054138
2016-09-23,6.630211
2016-09-26,5.92601
2016-09-27,4.938567000000001
2016-09-28,4.334016
2016-09-29,4.538978
2016-09-30,3.582768
2016-10-03,3.023316
2016-10-04,2.7471059999999996
2016-10-05,2.3137269999999996
2016-10-06,1.152555
2016-10-07,1.152555
2016-10-10,1.152555
2016-10-11,1.152555
2016-10-12,1.59598
2016-10-13,2.947959
2016-10-14,4.299938
2016-10-17,5.6543980000000005
2016-10-18,6.21417
2016-10-19,5.27038
2016-10-20,4.896590000000001
2016-10-21,4.017625
2016-10-24,3.023835
2016-10-25,2.924596
2016-10-26,4.396255
2016-10-27,3.8785990000000004
2016-10-28,4.91936
2016-10-31,6.092054
2016-11-01,6.120197
2016-11-02,5.773652
2016-11-03,7.752007999999999
2016-11-04,6.128431
2016-11-07,5.474641
2016-11-08,5.554641
2016-11-09,7.858096000000001
2016-11-10,7.043332000000001
2016-11-11,9.783804
2016-11-14,9.000471000000001
2016-11-15,9.569695
2016-11-16,9.228081999999999
2016-11-17,7.935236000000001
2016-11-18,8.01653
2016-11-21,9.981978999999999
2016-11-22,12.189772
2016-11-23,12.129285
2016-11-24,16.724795
2016-11-25,16.339133
2016-11-28,19.642923000000003
2016-11-29,21.898296
2016-11-30,23.149255
2016-12-01,24.360975000000003
2016-12-02,27.344354
2016-12-05,29.509453
2016-12-06,31.438966
2016-12-07,32.118479
2016-12-08,30.794065
2016-12-09,30.659788
2016-12-12,30.271508
2016-12-13,30.039711999999998
2016-12-14,32.721782000000005
2016-12-15,37.69819
2016-12-16,38.847353
2016-12-19,38.785968000000004
2016-12-20,38.568099
2016-12-21,38.217262
2016-12-22,34.304979
2016-12-23,34.266287999999996
2016-12-26,33.844492
2016-12-27,33.733731
2016-12-28,32.290489
2016-12-29,31.839804000000004
2016-12-30,30.760915
2017-01-02,29.308783999999996
2017-01-03,28.889134000000002
2017-01-04,30.09507
2017-01-05,29.572802000000003
2017-01-06,26.414872000000003
2017-01-09,24.072391
2017-01-10,20.386394000000003
2017-01-11,17.956196
2017-01-12,14.781995
2017-01-13,14.464004
2017-01-16,14.60822
2017-01-17,15.286027999999998
2017-01-18,14.774932000000002
2017-01-19,14.564034000000001
2017-01-20,16.074034
2017-01-23,16.051279
2017-01-24,14.278584999999998
2017-01-25,12.408372
2017-01-26,13.648646
2017-01-27,13.168021999999999
2017-01-30,12.942497
2017-01-31,13.933319000000001
2017-02-01,14.954765
2017-02-02,14.954765
2017-02-03,14.760426999999998
2017-02-06,14.236849999999999
2017-02-07,13.002998999999999
2017-02-08,11.782253
2017-02-09,10.513440000000001
2017-02-10,9.466408
2017-02-13,9.013926999999999
2017-02-14,9.470547999999999
2017-02-15,10.627443
2017-02-16,10.818752
2017-02-17,10.674688
2017-02-20,10.604414
2017-02-21,11.354277000000002
2017-02-22,10.377244999999998
2017-02-23,10.941521999999999
2017-02-24,11.697320999999999
2017-02-27,12.680502
2017-02-28,12.892648
2017-03-01,13.359893
2017-03-02,13.538447
2017-03-03,14.192922000000001
2017-03-06,14.671811
2017-03-07,15.273043999999999
2017-03-08,17.033105000000003
2017-03-09,18.24137
2017-03-10,19.518189
2017-03-13,20.144734
2017-03-14,20.317899999999998
2017-03-15,20.537276
2017-03-16,20.256317
2017-03-17,19.547290999999998
2017-03-20,18.675159999999998
2017-03-21,17.32965
2017-03-22,15.589041
2017-03-23,13.928355999999999
2017-03-24,12.736636
2017-03-27,12.43554
2017-03-28,12.221202
2017-03-29,11.421064999999999
2017-03-30,11.691963
2017-03-31,12.400791000000002
2017-04-03,12.641476
2017-04-04,13.351887
2017-04-05,13.680715000000001
2017-04-06,13.732784999999998
2017-04-07,13.007412000000002
2017-04-10,12.74245
2017-04-11,12.492937
2017-04-12,12.576392
2017-04-13,11.829436
2017-04-14,11.575098
2017-04-17,10.735935
2017-04-18,9.728081
2017-04-19,9.395462999999998
2017-04-20,9.951185999999998
2017-04-21,8.880562000000001
2017-04-24,8.941247
2017-04-25,9.228553000000002
2017-04-26,8.791719
2017-04-27,9.112404
2017-04-28,10.062952
2017-05-01,10.006605000000002
2017-05-02,10.333911
2017-05-03,10.916529
2017-05-04,10.883485
2017-05-05,9.768370999999998
2017-05-08,10.033394
2017-05-09,9.942694
2017-05-10,10.108615
2017-05-11,10.714749000000001
2017-05-12,12.392679000000001
2017-05-15,13.027991
2017-05-16,14.171719999999999
2017-05-17,14.382831
2017-05-18,13.155600999999999
2017-05-19,13.279953999999998
2017-05-22,12.946651
2017-05-23,12.379969
2017-05-24,11.776453
2017-05-25,12.875281000000001
2017-05-26,10.805144
2017-05-29,8.855144
2017-05-30,6.528797
2017-05-31,6.4026629999999995
2017-06-01,5.152526
2017-06-02,6.273560999999999
2017-06-05,7.177015999999999
2017-06-06,8.454474
2017-06-07,8.397518000000002
2017-06-08,9.208629
2017-06-09,9.347944
2017-06-12,9.02525
2017-06-13,9.731932
2017-06-14,10.454063
2017-06-15,9.641018999999998
2017-06-16,9.62522
2017-06-19,10.580319
2017-06-20,10.741004
2017-06-21,10.564307
2017-06-22,11.650030000000001
2017-06-23,11.958858000000001
2017-06-26,15.005059
2017-06-27,14.784922
2017-06-28,14.74582
2017-06-29,15.083749999999998
2017-06-30,15.267677
2017-07-03,12.228919000000001
2017-07-04,11.549254
2017-07-05,12.38828
2017-07-06,12.182755
2017-07-07,12.522679
2017-07-10,12.765083999999998
2017-07-11,13.368874
2017-07-12,12.935768999999999
2017-07-13,12.520457
2017-07-14,12.561629
2017-07-17,12.456119
2017-07-18,12.703714
2017-07-19,12.346134
2017-07-20,12.986347
2017-07-21,12.240699999999999
2017-07-24,11.146362000000002
2017-07-25,10.903470000000002
2017-07-26,10.291126
2017-07-27,8.736925
2017-07-28,8.879619
2017-07-31,9.205692
2017-08-01,8.248523
2017-08-02,7.9175640000000005
2017-08-03,7.9675639999999985
2017-08-04,6.960669
2017-08-07,6.978873
2017-08-08,7.012663000000001
2017-08-09,7.001491
2017-08-10,7.5627390000000005
2017-08-11,7.370744999999999
2017-08-14,7.886132999999999
2017-08-15,7.458057000000001
2017-08-16,7.7645409999999995
2017-08-17,6.924404
2017-08-18,5.845439
2017-08-21,5.043094999999999
2017-08-22,5.497594
2017-08-23,5.347944
2017-08-24,6.032221
2017-08-25,8.036687
2017-08-28,10.448346
2017-08-29,8.884632
2017-08-30,7.787052
2017-08-31,6.6063670000000005
2017-09-01,6.752464000000001
2017-09-04,4.956131999999999
2017-09-05,6.7653099999999995
2017-09-06,6.8893889999999995
2017-09-07,7.797471
2017-09-08,5.838582000000001
2017-09-11,3.951063
2017-09-12,3.500302
2017-09-13,2.9030569999999996
2017-09-14,1.9763600000000001
2017-09-15,3.9838030000000004
2017-09-18,5.308004
2017-09-19,5.819861
2017-09-20,6.988201999999999
2017-09-21,9.007852000000002
2017-09-22,8.822601
2017-09-25,8.185904
2017-09-26,8.495904
2017-09-27,10.229968000000001
2017-09-28,9.107548
2017-09-29,10.060029000000002
2017-10-02,12.203597000000002
2017-10-03,12.834419
2017-10-04,12.895728
2017-10-05,14.107524000000002
2017-10-06,14.107524000000002
2017-10-09,14.633956000000001
2017-10-10,14.601612
2017-10-11,14.076025999999999
2017-10-12,14.193408
2017-10-13,14.296376
2017-10-16,11.998035
2017-10-17,11.853621
2017-10-18,12.830516
2017-10-19,12.171253
2017-10-20,11.786404
2017-10-23,13.100879
2017-10-24,12.830392
2017-10-25,11.623284
2017-10-26,11.218057
2017-10-27,10.664413
2017-10-30,9.858066
2017-10-31,9.456133
2017-11-01,8.952617
2017-11-02,8.837168
2017-11-03,8.581307999999998
2017-11-06,9.557792000000001
2017-11-07,9.789862000000001
2017-11-08,9.500897
2017-11-09,8.914002
2017-11-10,8.763591
2017-11-13,7.83904
2017-11-14,8.36904
2017-11-15,8.238903
2017-11-16,9.250074999999999
2017-11-17,9.370075
2017-11-20,8.197457
2017-11-21,7.372906
2017-11-22,8.220562000000001
2017-11-23,7.8456
2017-11-24,8.02974
2017-11-27,8.492844999999999
2017-11-28,8.014504
2017-11-29,6.829815999999999
2017-11-30,6.750227000000001
2017-12-01,7.20181
2017-12-04,6.776011
2017-12-05,7.016833
2017-12-06,7.611307999999999
2017-12-07,8.202404
2017-12-08,8.510532000000001
2017-12-11,9.758249000000001
2017-12-12,10.286376999999998
2017-12-13,11.757336
2017-12-14,12.370578
2017-12-15,12.205616000000001
2017-12-18,12.74624
2017-12-19,13.533972
2017-12-20,13.391703999999999
2017-12-21,12.834672000000001
2017-12-22,12.851917
2017-12-25,15.690735999999998
2017-12-26,17.686671999999998
2017-12-27,16.658194
2017-12-28,16.857996
2017-12-29,16.766626000000002
2018-01-01,14.071474999999998
2018-01-02,9.973621
2018-01-03,10.043286
2018-01-04,8.547014999999998
2018-01-05,7.626193000000001
2018-01-08,6.214336
2018-01-09,6.468613
2018-01-10,6.997122
2018-01-11,8.006573999999999
2018-01-12,8.054717
2018-01-15,8.253484000000002
2018-01-16,9.354458
2018-01-17,8.506025000000001
2018-01-18,8.765477
2018-01-19,7.874441999999999
2018-01-22,8.151474
2018-01-23,7.2860249999999995
2018-01-24,6.833270000000001
2018-01-25,7.016177000000001
2018-01-26,8.155042
2018-01-29,7.9799430000000005
2018-01-30,6.508771
2018-01-31,8.125392
2018-02-01,7.538695
2018-02-02,7.048109999999999
2018-02-05,6.571002
2018-02-06,7.962935
2018-02-07,6.765066
2018-02-08,6.554365999999999
2018-02-09,8.674153
2018-02-10,10.156863000000001
2018-02-12,9.894717
2018-02-13,8.597859000000001
2018-02-14,8.514693
2018-02-15,6.756626
2018-02-16,6.108466999999999
2018-02-19,6.72454
2018-02-20,8.255675
2018-02-21,8.255675
2018-02-22,8.1505
2018-02-23,7.89843
2018-02-26,7.731398
2018-02-27,7.393605000000001
2018-02-28,6.933118
2018-03-01,7.1436660000000005
2018-03-02,8.024601
2018-03-05,7.588664999999999
2018-03-06,8.962044
2018-03-07,9.321359
2018-03-08,9.104053
2018-03-09,8.64015
2018-03-10,9.891276999999999
2018-03-12,9.876102
2018-03-13,10.645478
2018-03-14,11.170927
2018-03-15,10.992997
2018-03-16,9.685523
2018-03-19,8.307243
2018-03-20,8.066481999999999
2018-03-21,7.422616
2018-03-22,6.882479000000001
2018-03-23,7.2124179999999996
2018-03-26,7.897121
2018-03-27,6.413406999999999
2018-03-28,6.325553
2018-03-29,7.0675229999999996
2018-03-30,8.145764
2018-04-02,8.940102
2018-04-03,10.070513
2018-04-04,7.908717
2018-04-05,5.239851999999999
2018-04-06,2.010986999999999
2018-04-09,1.0287799999999998
2018-04-10,1.6027989999999999
2018-04-11,4.2409419999999995
2018-04-12,6.365843
2018-04-13,8.089983
2018-04-16,7.211642
2018-04-17,5.824107
2018-04-18,5.554107
2018-04-19,5.776177000000001
2018-04-20,6.269419000000001
2018-04-23,7.1855530000000005
2018-04-24,6.3032699999999995
2018-04-25,5.3722959999999995
2018-04-26,5.471321999999999
2018-04-27,5.669039000000001
2018-04-30,5.427380000000001
2018-05-01,6.977904
2018-05-02,7.417417
2018-05-03,7.084586
2018-05-04,7.137204
2018-05-07,7.7496849999999995
2018-05-08,7.7929509999999995
2018-05-09,9.195021
2018-05-10,10.210014
2018-05-11,9.110638
2018-05-14,8.209192
2018-05-15,5.969740000000001
2018-05-16,5.319527000000001
2018-05-17,4.71563
2018-05-18,5.455067
2018-05-21,4.89802
2018-05-22,5.7641539999999996
2018-05-23,3.2613229999999995
2018-05-24,2.321186
2018-05-25,2.081536
2018-05-28,0.761314
2018-05-29,0.49986800000000003
2018-05-30,3.3744950000000005
2018-05-31,3.4996700000000005
2018-06-01,3.2777369999999997
2018-06-04,5.015204
2018-06-05,6.042098999999999
2018-06-06,5.343545
2018-06-07,5.512646999999999
2018-06-08,5.067197999999999
2018-06-11,5.906924
2018-06-12,6.252099
2018-06-13,5.862236
2018-06-14,4.835478
2018-06-15,5.090927
2018-06-18,3.7210639999999997
2018-06-19,3.288781
2018-06-20,2.791049
2018-06-21,3.7084159999999997
2018-06-22,3.567716
2018-06-25,2.2250829999999997
2018-06-26,2.551628
2018-06-27,3.2289339999999997
2018-06-28,3.2562399999999996
2018-06-29,3.540441
2018-07-02,3.221537
2018-07-03,4.17519
2018-07-04,3.346499
2018-07-05,3.3197409999999996
2018-07-06,3.8338810000000003
2018-07-09,5.157336
2018-07-10,2.280989
2018-07-11,2.60347
2018-07-12,3.698021
2018-07-13,1.9591170000000002
2018-07-16,2.824216
2018-07-17,3.2790410000000003
2018-07-18,0.9997870000000001
2018-07-19,-1.223881
2018-07-20,-0.5821610000000002
2018-07-23,-2.0954789999999996
2018-07-24,-1.3358290000000004
2018-07-25,0.852177
2018-07-26,1.2748709999999999
2018-07-27,2.290457
2018-07-30,3.459422000000001
2018-07-31,4.10618
2018-08-01,3.6133490000000004
2018-08-02,3.5238970000000003
2018-08-03,3.9476869999999997
2018-08-06,3.4694070000000004
2018-08-07,2.736439
2018-08-08,2.950229
2018-08-09,3.2458149999999995
2018-08-10,1.3982960000000002
2018-08-13,1.7985700000000002
2018-08-14,1.837322
2018-08-15,1.811194
2018-08-16,2.01401
2018-08-17,3.529794
2018-08-20,3.4250300000000005
2018-08-21,4.165873
2018-08-22,5.045873
2018-08-23,5.319876
2018-08-24,6.962159
2018-08-27,10.394935
2018-08-28,9.772098
2018-08-29,9.035257999999999
2018-08-30,8.824573
2018-08-31,6.446862
2018-09-03,3.845471
2018-09-04,4.135121
2018-09-05,4.810981
2018-09-06,4.047739
2018-09-07,3.4310359999999998
2018-09-10,2.8070330000000006
2018-09-11,2.9082049999999997
2018-09-12,2.474826
2018-09-13,2.691529
2018-09-14,2.933599
2018-09-17,3.106841
2018-09-18,2.959946
2018-09-19,3.2885000000000004
2018-09-20,4.4485
2018-09-21,4.9771909999999995
2018-09-24,4.683401
2018-09-25,4.984436
2018-09-26,5.32678
2018-09-27,4.9258
2018-09-28,6.511036
2018-10-01,8.096272
2018-10-02,9.233441000000001
2018-10-03,10.116196
2018-10-04,11.49647
2018-10-05,11.49647
2018-10-08,9.982954000000001
2018-10-09,9.825024
2018-10-10,9.680473000000001
2018-10-11,8.586546
2018-10-12,6.5753129999999995
2018-10-15,5.093806
2018-10-16,3.895404
2018-10-17,1.92169
2018-10-18,1.078524
2018-10-19,2.288874
2018-10-22,4.433288
2018-10-23,2.8344600000000004
2018-10-24,3.7206699999999997
2018-10-25,5.632054999999999
2018-10-26,5.3784019999999995
2018-10-29,5.487991
2018-10-30,8.794611999999999
2018-10-31,8.723090000000001
2018-11-01,8.201431
2018-11-02,8.12481
2018-11-05,7.332739999999999
2018-11-06,4.860396
2018-11-07,4.064679
2018-11-08,3.6527519999999996
2018-11-09,3.334746
2018-11-12,3.641428
2018-11-13,5.751626
2018-11-14,6.935821
2018-11-15,7.140639999999999
2018-11-16,7.417398
2018-11-19,6.4845120000000005
2018-11-20,5.115903
2018-11-21,5.091708000000001
2018-11-22,4.486889
2018-11-23,5.340000000000001
2018-11-26,6.14
2018-11-27,5.799999999999999
2018-11-28,5.779999999999999
2018-11-29,5.959999999999999
2018-11-30,5.4799999999999995
2018-12-03,6.04
2018-12-04,6.94
2018-12-05,7.140000000000001
2018-12-06,7.859999999999999
2018-12-07,7.632277
2018-12-10,7.217659
2018-12-11,7.030696999999999
2018-12-12,7.172700000000001
2018-12-13,6.950289
2018-12-14,7.360289
2018-12-17,7.957184
2018-12-18,7.784977
2018-12-19,7.885875
2018-12-20,8.051186999999999
2018-12-21,7.533744
2018-12-24,7.903683000000001
2018-12-25,10.763485
2018-12-26,13.147838000000002
2018-12-27,13.748812000000001
2018-12-28,14.048888
2018-12-31,13.461582000000002
2019-01-01,10.945859000000002
2019-01-02,8.430760000000001
2019-01-03,8.855387
2019-01-04,10.154428
2019-01-07,10.228157000000001
2019-01-08,10.702160000000001
2019-01-09,11.571125000000002
2019-01-10,11.054367000000001
2019-01-11,9.88009
2019-01-14,9.502296999999999
2019-01-15,9.407608999999999
2019-01-16,9.309405000000002
2019-01-17,8.118507000000001
2019-01-18,9.730714
2019-01-21,10.988918
2019-01-22,9.731672999999999
2019-01-23,8.923256
2019-01-24,10.529115999999998
2019-01-25,10.513667000000002
2019-01-28,10.159329
2019-01-29,12.033271
2019-01-30,13.266041000000001
2019-01-31,12.056467000000001
2019-02-01,9.846269
2019-02-04,8.757791
2019-02-05,7.273103000000001
2019-02-06,5.402068000000001
2019-02-07,4.88117
2019-02-08,4.88117
2019-02-11,5.877167
2019-02-12,6.587441
2019-02-13,7.760956999999999
2019-02-14,9.039161
2019-02-15,9.029298
2019-02-18,8.761855
2019-02-19,8.779861
2019-02-20,8.018353999999999
2019-02-21,7.799191
2019-02-22,10.121748
2019-02-25,10.947958
2019-02-26,11.472372
2019-02-27,12.313057
2019-02-28,10.500637000000001
2019-03-01,9.352631
2019-03-04,9.667928
2019-03-05,10.091018
2019-03-06,10.839557
2019-03-07,12.739892
2019-03-08,12.923956
2019-03-11,13.257660999999999
2019-03-12,13.925642999999999
2019-03-13,13.208176
2019-03-14,14.564986
2019-03-15,15.1
2019-03-18,13.550161
2019-03-19,12.815496999999999
2019-03-20,14.832902999999998
2019-03-21,13.827828
2019-03-22,13.50082
2019-03-25,14.122205
2019-03-26,14.919450000000001
2019-03-27,12.615934000000001
2019-03-28,13.762829
2019-03-29,14.518065000000002
2019-04-01,15.031505
2019-04-02,14.980668
2019-04-03,16.27942
2019-04-04,15.731414000000001
2019-04-05,15.517
2019-04-08,15.969968
2019-04-09,15.279419999999998
2019-04-10,14.804458
2019-04-11,15.304808
2019-04-12,15.763362
2019-04-15,16.402601
2019-04-16,17.347700000000003
2019-04-17,19.417487
2019-04-18,18.14251
2019-04-19,18.588918
2019-04-22,19.14595
2019-04-23,18.655462999999997
2019-04-24,16.564975999999998
2019-04-25,16.792631999999998
2019-04-26,15.792632000000001
2019-04-29,14.413803999999999
2019-04-30,13.566772
2019-05-01,13.038568000000001
2019-05-02,12.760501000000001
2019-05-03,12.030501000000001
2019-05-06,14.326087000000001
2019-05-07,14.909466
2019-05-08,14.576087000000001
2019-05-09,13.417533
2019-05-10,12.745462999999999
2019-05-13,8.610288
2019-05-14,7.714154000000001
2019-05-15,6.541673
2019-05-16,7.299816000000002
2019-05-17,7.593057999999999
2019-05-20,9.133058
2019-05-21,10.09388
2019-05-22,12.398979
2019-05-23,13.395249999999999
2019-05-24,15.250561999999999
2019-05-27,16.234754
2019-05-28,15.897910999999999
2019-05-29,15.309896
2019-05-30,16.14526
2019-05-31,14.680000000000001
2019-06-03,13.17182
2019-06-04,13.257506000000001
2019-06-05,11.857332000000001
2019-06-06,9.892607
2019-06-07,9.347882
2019-06-10,9.341611
2019-06-11,10.340302
2019-06-12,12.115477
2019-06-13,13.094168
2019-06-14,13.044518
2019-06-17,15.478969000000001
2019-06-18,16.514592
2019-06-19,17.159591
2019-06-20,18.745625
2019-06-21,21.954193999999998
2019-06-24,20.199149
2019-06-25,18.249629
2019-06-26,18.327689
2019-06-27,18.194713999999998
2019-06-28,16.521684999999998
2019-07-01,14.936160000000001
2019-07-02,13.828215
2019-07-03,13.019737000000001
2019-07-04,11.104014000000001
2019-07-05,9.744288000000001
2019-07-08,10.942156999999998
2019-07-09,12.790848
2019-07-10,12.313527
2019-07-11,11.987666999999998
2019-07-12,12.627940999999998
2019-07-15,11.850909
2019-07-16,10.254363999999999
2019-07-17,11.672644
2019-07-18,12.237058000000001
2019-07-19,12.727621000000003
2019-07-22,14.011350000000002
2019-07-23,14.467834
2019-07-24,12.877011999999999
2019-07-25,12.595703
2019-07-26,11.44135
2019-07-29,10.861761000000001
2019-07-30,10.36135
2019-07-31,10.916525000000002
2019-08-01,11.671761
2019-08-02,11.346525
2019-08-05,10.800329999999999
2019-08-06,12.456068
2019-08-07,11.424637
2019-08-08,12.384393
2019-08-09,13.26421
2019-08-12,13.197604000000002
2019-08-13,12.506797
2019-08-14,13.823631
2019-08-15,11.888669
2019-08-16,13.391363000000002
2019-08-19,15.342124000000002
2019-08-20,14.031424000000001
2019-08-21,13.860389000000001
2019-08-22,14.353418000000001
2019-08-23,12.335686
2019-08-26,19.761835
2019-08-27,20.826812
2019-08-28,19.809444999999997
2019-08-29,22.296979
2019-08-30,23.614026
2019-09-02,14.185509999999999
2019-09-03,12.572542
2019-09-04,14.095647000000003
2019-09-05,11.723714
2019-09-06,14.053090000000001
2019-09-09,14.681941
2019-09-10,14.662687
2019-09-11,13.615153000000001
2019-09-12,12.151896
2019-09-13,7.761957
2019-09-16,8.222230999999999
2019-09-17,8.526371000000001
2019-09-18,8.371546
2019-09-19,9.219339000000002
2019-09-20,9.860237
2019-09-23,7.676584
2019-09-24,8.400936999999999
2019-09-25,7.212048
2019-09-26,7.099430000000001
2019-09-27,7.507497000000001
2019-09-30,8.102246
2019-10-01,7.416234
2019-10-02,7.792703
2019-10-03,7.203798999999999
2019-10-04,6.301105
2019-10-07,6.301105
2019-10-08,3.6344839999999996
2019-10-09,5.015594999999999
2019-10-10,4.6280149999999995
2019-10-11,5.774986
2019-10-14,4.641607
2019-10-15,6.500297999999999
2019-10-16,4.885047
2019-10-17,7.208974
2019-10-18,6.641866
2019-10-21,7.871728999999999
2019-10-22,8.460830999999999
2019-10-23,8.733525
2019-10-24,7.293661999999999
2019-10-25,7.160633
2019-10-28,7.3687759999999995
2019-10-29,7.1174669999999995
2019-10-30,7.190983
2019-10-31,4.800709
2019-11-01,4.444986
2019-11-04,4.237056
2019-11-05,4.728578
2019-11-06,4.1776800000000005
2019-11-07,8.886508000000001
2019-11-08,8.715321
2019-11-11,7.626614999999999
2019-11-12,6.1627339999999995
2019-11-13,5.646311
2019-11-14,1.9691269999999998
2019-11-15,1.348229
2019-11-18,2.519401
2019-11-19,4.458442
2019-11-20,4.372308
2019-11-21,5.428655000000001
2019-11-22,4.7863109999999995
2019-11-25,3.76762
2019-11-26,2.6671329999999998
2019-11-27,3.1722319999999997
2019-11-28,2.0830539999999997
2019-11-29,3.269051
2019-12-02,4.028358
2019-12-03,1.7320790000000001
2019-12-04,4.188143999999999
2019-12-05,6.0028999999999995
2019-12-06,5.662077999999999
2019-12-09,5.316911
2019-12-10,7.932779000000001
2019-12-11,5.070854
2019-12-12,5.673556
2019-12-13,4.5951390000000005
2019-12-16,5.194317
2019-12-17,5.3902529999999995
2019-12-18,6.268396
2019-12-19,4.959841999999999
2019-12-20,6.996813
2019-12-23,6.868746
2019-12-24,7.115854000000001
2019-12-25,9.453586000000001
2019-12-26,11.762216
2019-12-27,11.429537
2019-12-30,11.207132000000001
2019-12-31,11.184453000000001
2020-01-01,9.046736
2020-01-02,6.341500000000001
2020-01-03,5.077786000000001
2020-01-06,4.884635
2020-01-07,4.831408
2020-01-08,7.231225
2020-01-09,6.436750000000001
2020-01-10,7.8985460000000005
2020-01-13,9.466126
2020-01-14,8.177496000000001
2020-01-15,5.347481
2020-01-16,6.0547260000000005
2020-01-17,5.572245
2020-01-20,3.916659
2020-01-21,7.1930819999999995
2020-01-22,6.699566
2020-01-23,7.987084999999999
2020-01-24,9.161362
2020-01-27,10.636811
2020-01-28,9.583843000000002
2020-01-29,11.389155
2020-01-30,11.389155
2020-01-31,11.389155
2020-02-03,9.726126
2020-02-04,7.7268870000000005
2020-02-05,8.718957
2020-02-06,5.459231
2020-02-07,2.199505
2020-02-10,0.9200529999999999
2020-02-11,-0.023188999999999814
2020-02-12,-3.4308449999999993
2020-02-13,-2.1216669999999995
2020-02-14,-1.144696
2020-02-17,0.09358400000000007
2020-02-18,0.560555
2020-02-19,0.03525799999999997
2020-02-20,-1.187284
2020-02-21,-1.024575
2020-02-24,-4.078822000000001
2020-02-25,-7.479080999999999
2020-02-26,-6.89555
2020-02-27,-5.0011209999999995
2020-02-28,-3.5311209999999997
2020-03-02,-2.2512119999999998
2020-03-03,1.4051200000000001
2020-03-04,0.3555310000000002
2020-03-05,-1.556265
2020-03-06,-5.661562
2020-03-09,-7.160025
2020-03-10,-10.867529000000001
2020-03-11,-12.168077
2020-03-12,-14.673601999999999
2020-03-13,-14.187772
2020-03-16,-3.8718810000000006
2020-03-17,-0.8269030000000015
2020-03-18,-1.314680000000001
2020-03-19,0.2025809999999993
2020-03-20,-1.5328980000000012
2020-03-23,-11.011193
2020-03-24,-15.664055
2020-03-25,-18.685608000000002
2020-03-26,-21.931636
2020-03-27,-21.394147999999998
2020-03-30,-25.860526
2020-03-31,-21.913966
2020-04-01,-21.115077000000003
2020-04-02,-17.691013
2020-04-03,-18.262535000000003
2020-04-06,-15.695777000000001
2020-04-07,-15.563692
2020-04-08,-14.953190000000001
2020-04-09,-18.64593
2020-04-10,-17.99867
2020-04-13,-18.471136
2020-04-14,-28.215200000000003
2020-04-15,-35.380984
2020-04-16,-41.163389
2020-04-17,-49.595048
2020-04-20,-56.573328000000004
2020-04-21,-53.477818
2020-04-22,-54.792581999999996
2020-04-23,-55.364028
2020-04-24,-53.661669
2020-04-27,-52.594622
2020-04-28,-55.322064999999995
2020-04-29,-50.953298
2020-04-30,-47.424744
2020-05-01,-45.822399999999995
2020-05-04,-43.918397
2020-05-05,-41.604942
2020-05-06,-40.309356
2020-05-07,-37.861913
2020-05-08,-30.748945
2020-05-11,-28.09205
2020-05-12,-25.435155
2020-05-13,-23.821152
2020-05-14,-25.203283
2020-05-15,-30.399828000000003
2020-05-18,-27.463389999999997
2020-05-19,-25.111304999999998
2020-05-20,-21.527972
2020-05-21,-17.529752999999996
2020-05-22,-14.996922000000001
2020-05-25,-17.633969
2020-05-26,-16.067073999999998
2020-05-27,-17.102401
2020-05-28,-17.193025
2020-05-29,-16.828336999999998
2020-06-01,-13.192675
2020-06-02,-13.582325
2020-06-03,-11.717835000000001
2020-06-04,-10.462872999999998
2020-06-05,-8.424806
2020-06-08,-7.080817999999999
2020-06-09,-8.804349
2020-06-10,-8.752142000000001
2020-06-11,-8.367926
2020-06-12,-10.517576
2020-06-15,-9.843086000000001
2020-06-16,-9.409768
2020-06-17,-8.717698
2020-06-18,-11.418185
2020-06-19,-9.895978
2020-06-22,-11.618383000000001
2020-06-23,-11.980788
2020-06-24,-17.626708999999998
2020-06-25,-19.518353
2020-06-26,-23.722965000000002
2020-06-29,-26.962204000000003
2020-06-30,-27.169509999999995
2020-07-01,-26.088124999999998
2020-07-02,-25.069297
2020-07-03,-23.677364000000004
2020-07-06,-22.309084
2020-07-07,-20.780804
2020-07-08,-20.869145
2020-07-09,-20.715614000000002
2020-07-10,-22.270089
2020-07-13,-24.334564
2020-07-14,-26.324077
2020-07-15,-26.323453
2020-07-16,-26.557455999999995
2020-07-17,-27.542630999999993
2020-07-20,-29.112356999999996
2020-07-21,-31.56187
2020-07-22,-31.19289
2020-07-23,-35.54563
2020-07-24,-37.872845
2020-07-27,-39.662115
2020-07-28,-40.326149
2020-07-29,-46.501917999999996
2020-07-30,-50.518798999999994
2020-07-31,-53.81195
2020-08-03,-59.047810000000005
2020-08-04,-64.306288
2020-08-05,-66.640748
2020-08-06,-66.435542
2020-08-07,-68.05717100000001
2020-08-10,-65.468389
2020-08-11,-63.744447
2020-08-12,-72.182909
2020-08-13,-75.48854000000001
2020-08-14,-77.233684
2020-08-17,-78.686058
2020-08-18,-82.946545
2020-08-19,-78.75169
2020-08-20,-74.491477
2020-08-21,-71.277063
2020-08-24,-76.97555600000001
2020-08-25,-74.47226800000001
2020-08-26,-68.00242
2020-08-27,-66.48220699999999
2020-08-28,-66.04344
2020-08-31,-58.061355000000006
2020-09-01,-57.062436000000005
2020-09-02,-58.018007
2020-09-03,-59.50408
2020-09-04,-58.093532
2020-09-07,-56.646987
2020-09-08,-52.819072000000006
2020-09-09,-49.675632
2020-09-10,-46.652451
2020-09-11,-45.668585
2020-09-14,-45.213821
2020-09-15,-47.3965
2020-09-16,-48.269179
2020-09-17,-45.720488
2020-09-18,-45.220000999999996
2020-09-21,-43.810899
2020-09-22,-41.985054000000005
2020-09-23,-44.933912
2020-09-24,-48.827670999999995
2020-09-25,-48.559146999999996
2020-09-28,-47.49882699999999
2020-09-29,-47.091246999999996
2020-09-30,-41.236894
2020-10-01,-37.378325
2020-10-02,-34.760729999999995
2020-10-05,-35.589901
2020-10-06,-34.607976
2020-10-07,-34.607984
2020-10-08,-34.607992
2020-10-09,-34.62274
2020-10-12,-34.811133999999996
2020-10-13,-37.065737999999996
2020-10-14,-36.56538
2020-10-15,-36.172541
2020-10-16,-36.016819000000005
2020-10-19,-34.86550999999999
2020-10-20,-32.286545000000004
2020-10-21,-31.809985
2020-10-22,-32.796530000000004
2020-10-23,-33.587565
2020-10-26,-36.635297
2020-10-27,-34.772055
2020-10-28,-34.333303
2020-10-29,-32.49179600000001
2020-10-30,-31.503668000000005
2020-11-02,-27.911597999999998
2020-11-03,-28.910289
2020-11-04,-23.953318
2020-11-05,-21.927991000000002
2020-11-06,-21.86376
2020-11-09,-26.486089
2020-11-10,-23.175677999999998
2020-11-11,-27.175206000000003
2020-11-12,-25.813150999999998
2020-11-13,-21.940685
2020-11-16,-16.311111
2020-11-17,-16.109451999999997
2020-11-18,-14.318828
2020-11-19,-13.940624
2020-11-20,-13.815662
2020-11-23,-12.34794
2020-11-24,-12.262441999999998
2020-11-25,-13.213299000000001
2020-11-26,-15.838346000000001
2020-11-27,-16.67636
2020-11-30,-18.585847
2020-12-01,-23.350279
2020-12-02,-28.230274
2020-12-03,-27.741376000000002
2020-12-04,-28.330546000000005
2020-12-07,-26.255143000000004
2020-12-08,-23.80353
2020-12-09,-21.273241000000002
2020-12-10,-21.713104
2020-12-11,-22.449314
2020-12-14,-22.05435
2020-12-15,-21.684571
2020-12-16,-20.252765
2020-12-17,-20.524540000000002
2020-12-18,-19.569219999999998
2020-12-21,-14.626159999999999
2020-12-22,-14.01884
2020-12-23,-12.74278
2020-12-24,-10.312299999999999
2020-12-25,-7.97478
2020-12-28,-11.434098
2020-12-29,-10.869812
2020-12-30,-10.658150000000001
2020-12-31,-12.439732000000001
2021-01-01,-15.154414
2021-01-04,-17.348950000000002
2021-01-05,-18.19341
2021-01-06,-20.624491
2021-01-07,-16.465374
2021-01-08,-10.844536999999999
2021-01-11,-8.48994
2021-01-12,-4.053547
2021-01-13,3.096499
2021-01-14,4.068614999999999
2021-01-15,1.8543230000000002
2021-01-18,4.375495
2021-01-19,4.517489
2021-01-20,3.8286610000000003
2021-01-21,4.444947000000001
2021-01-22,6.734399000000001
2021-01-25,4.643851000000001
2021-01-26,5.609787000000001
2021-01-27,4.761507
2021-01-28,5.011705
2021-01-29,5.440533
2021-02-01,8.359711
2021-02-02,9.206469000000002
2021-02-03,10.302329
2021-02-04,10.883562000000001
2021-02-05,8.267474
2021-02-08,8.601869
2021-02-09,6.907862
2021-02-10,6.028763
2021-02-11,3.816635
2021-02-12,4.674720000000001
2021-02-15,1.984937
2021-02-16,1.298594
2021-02-17,1.298591
2021-02-18,1.049395
2021-02-19,2.7346130000000004
2021-02-22,3.0178400000000005
2021-02-23,4.582452
2021-02-24,6.534857
2021-02-25,8.407277
2021-02-26,7.400169
2021-03-01,10.118708
2021-03-02,8.776334
2021-03-03,9.077963
2021-03-04,9.936212999999999
2021-03-05,9.874052
2021-03-08,10.109897
2021-03-09,11.072028
2021-03-10,11.818162
2021-03-11,10.974858999999999
2021-03-12,13.147279000000001
2021-03-15,11.371632
2021-03-16,11.080262
2021-03-17,9.287232999999999
2021-03-18,12.225513
2021-03-19,11.589592
2021-03-22,11.484904
2021-03-23,11.587871999999999
2021-03-24,11.421388
2021-03-25,8.482347
2021-03-26,7.553032
2021-03-29,6.954751999999999
2021-03-30,7.8754979999999986
2021-03-31,8.03562
2021-04-01,7.844098
2021-04-02,12.110308
2021-04-05,16.840658
2021-04-06,17.062255999999998
2021-04-07,18.067309
2021-04-08,17.784904000000004
2021-04-09,14.226426
2021-04-12,10.206152
2021-04-13,9.240977
2021-04-14,9.398359
2021-04-15,9.844706
2021-04-16,9.068435
2021-04-19,7.785345000000001
2021-04-20,8.578876
2021-04-21,9.177992999999999
2021-04-22,9.79711
2021-04-23,9.883944000000001
2021-04-26,10.949667000000002
2021-04-27,10.420154
2021-04-28,10.254355
2021-04-29,10.214903
2021-04-30,10.902209000000001
2021-05-03,11.579241
2021-05-04,12.070824
2021-05-05,11.203031
2021-05-06,11.608693
2021-05-07,12.154918
2021-05-10,12.210595000000001
2021-05-11,10.981995000000001
2021-05-12,9.405876000000001
2021-05-13,9.592573
2021-05-14,8.858782999999999
2021-05-17,9.544582000000002
2021-05-18,11.083836
2021-05-19,14.263988000000001
2021-05-20,13.704764
2021-05-21,12.588432
2021-05-24,13.066922
2021-05-25,12.101953999999997
2021-05-26,10.271347
2021-05-27,10.107917
2021-05-28,10.13386
2021-05-31,10.310834
2021-06-01,10.867263
2021-06-02,7.5707010000000015
2021-06-03,0.8724720000000005
2021-06-04,-3.1321009999999996
2021-06-07,-9.885495
2021-06-08,-15.651096
2021-06-09,-16.738341
2021-06-10,-14.459512999999998
2021-06-11,-12.656605999999998
2021-06-14,-10.779772
2021-06-15,-9.556469
2021-06-16,-9.586271
2021-06-17,-7.475327
2021-06-18,-7.710395
2021-06-21,-6.525326
2021-06-22,-3.3852799999999994
2021-06-23,0.176699
2021-06-24,0.19910399999999998
2021-06-25,1.6458619999999997
2021-06-28,4.281174
2021-06-29,5.372483
2021-06-30,5.415922999999999
2021-07-01,6.780337
2021-07-02,6.854751
2021-07-05,4.136820999999999
2021-07-06,1.4111740000000002
2021-07-07,0.394705
2021-07-08,-3.6205309999999997
2021-07-09,-3.3704550000000006
2021-07-12,-3.157761
2021-07-13,-1.2393399999999999
2021-07-14,-0.6976809999999999
2021-07-15,2.0439130000000003
2021-07-16,1.994119
2021-07-19,2.12074
2021-07-20,1.6882549999999998
2021-07-21,2.745013
2021-07-22,3.5687310000000005
2021-07-23,4.061767
2021-07-26,4.325906999999999
2021-07-27,2.0462419999999995
2021-07-28,2.806379
2021-07-29,3.3729389999999997
2021-07-30,3.309499
2021-08-02,3.7405339999999994
2021-08-03,5.647231
2021-08-04,3.7015080000000005
2021-08-05,2.676607
2021-08-06,1.780458
2021-08-09,2.549058
2021-08-10,4.64469
2021-08-11,5.395010000000001
2021-08-12,5.399957
2021-08-13,6.7305660000000005
2021-08-16,5.914644999999999
2021-08-17,3.9630769999999997
2021-08-18,4.350337
2021-08-19,3.533381
2021-08-20,4.196425
2021-08-23,4.765731
2021-08-24,5.7850399999999995
2021-08-25,5.024908
2021-08-26,6.6514
2021-08-27,7.7494
2021-08-30,10.57052
2021-08-31,10.104529
2021-09-01,10.307979000000001
2021-09-02,9.636600999999999
2021-09-03,7.819575
2021-09-06,4.700062
2021-09-07,5.410062
2021-09-08,4.6188139999999995
2021-09-09,3.726668
2021-09-10,4.352665
2021-09-13,4.896516
2021-09-14,5.832924
2021-09-15,7.009134
2021-09-16,8.42058
2021-09-17,6.907049000000001
2021-09-20,5.409591000000001
2021-09-21,3.0146139999999995
2021-09-22,4.243366
2021-09-23,4.021707
2021-09-24,5.403015999999999
2021-09-27,9.415085999999999
2021-09-28,12.092392
2021-09-29,10.496654000000001
2021-09-30,12.295954
2021-10-01,13.527948
2021-10-04,12.129180999999999
2021-10-05,12.065178
2021-10-06,13.645315
2021-10-07,13.645315
2021-10-08,13.498496
2021-10-11,12.475473000000001
2021-10-12,12.195275
2021-10-13,11.178192000000001
2021-10-14,8.326768999999999
2021-10-15,8.513325
2021-10-18,9.021599
2021-10-19,9.067260999999998
2021-10-20,8.482426
2021-10-21,9.98152
2021-10-22,9.055664
2021-10-25,6.557810000000001
2021-10-26,4.919332
2021-10-27,5.023472
2021-10-28,5.553821999999999
2021-10-29,3.4474749999999994
2021-11-01,4.173472
2021-11-02,4.760504
2021-11-03,3.854157
2021-11-04,1.964492
2021-11-05,3.9530459999999996
2021-11-08,4.568023
2021-11-09,4.146516
2021-11-10,5.106394
2021-11-11,4.863593
2021-11-12,5.944992999999999
2021-11-15,3.3167190000000004
2021-11-16,0.154045
2021-11-17,-1.0717310000000002
2021-11-18,-0.264209
2021-11-19,-3.4773199999999997
2021-11-22,-1.3011770000000003
2021-11-23,2.740386
2021-11-24,4.20222
2021-11-25,5.233161
2021-11-26,4.853562999999999
2021-11-29,5.240168999999999
2021-11-30,4.12265
2021-12-01,4.238373
2021-12-02,4.242437000000001
2021-12-03,6.277049000000001
2021-12-06,7.658500000000001
2021-12-07,9.382296
2021-12-08,9.964239
2021-12-09,8.486454
2021-12-10,9.11748
2021-12-13,8.47748
2021-12-14,8.62176
2021-12-15,7.7874
2021-12-16,9.17918
2021-12-17,8.52872
2021-12-20,9.422300000000002
2021-12-21,7.7176
2021-12-22,7.723260000000001
2021-12-23,7.997760000000001
2021-12-24,13.407480000000001
2021-12-27,17.046039999999998
2021-12-28,23.48494
2021-12-29,25.740739999999995
2021-12-30,25.072319999999998
2021-12-31,20.43956
2022-01-03,16.180048
2022-01-04,9.278396
2022-01-05,6.092533999999999
2022-01-06,4.6415
2022-01-07,3.378738
2022-01-10,0.8814169999999999
2022-01-11,2.0868659999999997
2022-01-12,3.8754199999999996
2022-01-13,5.859636
2022-01-14,7.190062
2022-01-17,8.577657
2022-01-18,8.826210999999999
2022-01-19,7.424277999999999
2022-01-20,7.5502139999999995
2022-01-21,8.011736
2022-01-24,8.352984000000001
2022-01-25,9.106028
2022-01-26,9.973348999999999
2022-01-27,7.3083719999999985
2022-01-28,7.284978000000001
2022-01-31,8.559239999999999
2022-02-01,8.380396999999999
2022-02-02,9.178448999999997
2022-02-03,12.55886
2022-02-04,12.55886
2022-02-07,10.670518999999999
2022-02-08,8.616181000000001
2022-02-09,7.070259999999999
2022-02-10,6.052893
2022-02-11,4.379316
2022-02-14,4.344917000000001
2022-02-15,9.841902999999999
2022-02-16,9.869498
2022-02-17,6.608752
2022-02-18,7.407808
2022-02-21,6.07175
2022-02-22,4.31245
2022-02-23,5.3835
2022-02-24,1.6515209999999996
2022-02-25,1.6502880000000004
2022-02-28,4.18595
2022-03-01,-1.7749479999999997
2022-03-02,-1.8008689999999994
2022-03-03,2.736299999999999
2022-03-04,-0.04790099999999988
2022-03-07,-5.801189
2022-03-08,-2.2096370000000007
2022-03-09,1.3950199999999988
2022-03-10,-0.9774460000000011
2022-03-11,-2.047294000000001
2022-03-14,2.1235379999999986
2022-03-15,-0.8885560000000006
2022-03-16,-7.646528000000001
2022-03-17,-5.914191
2022-03-18,-3.9084799999999995
2022-03-21,-3.6278809999999995
2022-03-22,-0.9485719999999997
2022-03-23,-1.7623649999999997
2022-03-24,-0.29850699999999997
2022-03-25,0.23908500000000013
2022-03-28,1.8397090000000003
2022-03-29,3.82012
2022-03-30,8.245295
2022-03-31,9.681566
2022-04-01,9.178385
2022-04-04,6.913073000000002
2022-04-05,3.2617640000000008
2022-04-06,-0.03575499999999998
2022-04-07,-1.117825
2022-04-08,-1.061067
2022-04-11,-3.3971980000000004
2022-04-12,-1.8440089999999998
2022-04-13,-2.9448920000000003
2022-04-14,-4.320052
2022-04-15,-3.4288650000000005
2022-04-18,2.3434909999999998
2022-04-19,-0.8247210000000003
2022-04-20,-1.443214
2022-04-21,0.12760799999999958
2022-04-22,-0.684127
2022-04-25,-4.798363
2022-04-26,-3.662871
2022-04-27,-0.785498
2022-04-28,-3.9653189999999996
2022-04-29,-5.80912
2022-05-02,-6.838704
2022-05-03,-8.066768
2022-05-04,-10.309392
2022-05-05,-9.234350000000001
2022-05-06,-8.354156
2022-05-09,-5.684582000000001
2022-05-10,-5.308737
2022-05-11,-4.139239000000001
2022-05-12,-2.9007000000000005
2022-05-13,-0.8338199999999999
2022-05-16,-0.17328699999999983
2022-05-17,2.9342930000000003
2022-05-18,2.1816600000000004
2022-05-19,3.489240000000001
2022-05-20,2.5528320000000004
2022-05-23,-0.0027309999999999947
2022-05-24,-0.8251319999999998
2022-05-25,-0.35057299999999997
2022-05-26,-0.351534
2022-05-27,1.3485400000000003
2022-05-30,3.5672200000000003
2022-05-31,2.85204
2022-06-01,5.860519999999999
2022-06-02,11.25218
2022-06-03,15.671420000000001
2022-06-06,15.763904
2022-06-07,15.231073999999998
2022-06-08,13.367289
2022-06-09,7.342251999999999
2022-06-10,0.506591
2022-06-13,-0.19678800000000002
2022-06-14,0.8874130000000001
2022-06-15,1.01306
2022-06-16,1.131675
2022-06-17,0.20491700000000018
2022-06-20,-0.14205399999999993
2022-06-21,-0.22377399999999997
2022-06-22,1.1234709999999999
2022-06-23,2.2731970000000006
2022-06-24,4.143882
2022-06-27,4.276225999999999
2022-06-28,3.2524970000000004
2022-06-29,3.978631
2022-06-30,3.8062110000000002
2022-07-01,5.124065
2022-07-04,6.03647
2022-07-05,6.886256999999999
2022-07-06,5.724309
2022-07-07,5.882148
2022-07-08,6.902544000000001
2022-07-11,6.960381
2022-07-12,8.217952
2022-07-13,7.743239
2022-07-14,6.9825360000000005
2022-07-15,6.6043199999999995
2022-07-18,5.124246
2022-07-19,4.489887
2022-07-20,4.194097999999999
2022-07-21,5.759611
2022-07-22,4.131130000000001
2022-07-25,4.834996
2022-07-26,6.316518
2022-07-27,6.980247
2022-07-28,5.1099879999999995
2022-07-29,7.474417
2022-08-01,7.170565999999999
2022-08-02,6.886928
2022-08-03,7.439150000000001
2022-08-04,7.835299000000001
2022-08-05,6.059926000000001
2022-08-08,8.188967000000002
2022-08-09,6.639591
2022-08-10,7.542498
2022-08-11,7.235329000000002
2022-08-12,8.201676
2022-08-15,8.855678999999999
2022-08-16,10.999195
2022-08-17,10.614705
2022-08-18,11.640077999999999
2022-08-19,11.534066
2022-08-22,12.244041000000001
2022-08-23,13.674376
2022-08-24,13.587677
2022-08-25,13.730030000000003
2022-08-26,14.82314
2022-08-29,9.532389
2022-08-30,8.569558
2022-08-31,13.005968
2022-09-01,15.7636
2022-09-02,16.654478
2022-09-05,23.004889
2022-09-06,25.127644
2022-09-07,22.678603000000003
2022-09-08,22.503504
2022-09-09,23.096822
2022-09-12,23.082762000000002
2022-09-13,21.790138
2022-09-14,22.786628999999998
2022-09-15,23.126956
2022-09-16,27.1346
2022-09-19,31.26666
2022-09-20,35.50742
2022-09-21,36.40086
2022-09-22,36.4717
2022-09-23,33.80694
2022-09-26,30.735196000000002
2022-09-27,30.08152
2022-09-28,34.986399
2022-09-29,41.093908
2022-09-30,41.25997399999999
2022-10-03,41.708603999999994
2022-10-04,40.27254599999999
2022-10-05,35.645452999999996
2022-10-06,31.09973
2022-10-07,31.09973
2022-10-10,30.448421000000003
2022-10-11,31.919593000000003
2022-10-12,31.636351
2022-10-13,31.030765000000002
2022-10-14,33.182211
2022-10-17,33.67317
2022-10-18,33.502683000000005
2022-10-19,35.405986
2022-10-20,38.260735
2022-10-21,38.968726
2022-10-24,40.303414
2022-10-25,41.374723
2022-10-26,41.139973999999995
2022-10-27,38.416945000000005
2022-10-28,36.525088
2022-10-31,34.976945
2022-11-01,30.921906999999997
2022-11-02,27.135758
2022-11-03,31.000233
2022-11-04,33.267478
2022-11-07,30.780522
2022-11-08,32.418117
2022-11-09,34.310826
2022-11-10,33.173611
2022-11-11,27.650399
2022-11-14,27.898770000000003
2022-11-15,24.207901999999997
2022-11-16,18.364400999999997
2022-11-17,11.187719000000001
2022-11-18,10.005786
2022-11-21,9.93778
2022-11-22,10.767841
2022-11-23,14.970246
2022-11-24,15.648313000000002
2022-11-25,15.524447
2022-11-28,11.247689000000001
2022-11-29,10.075345
2022-11-30,10.023077
2022-12-01,11.062742
2022-12-02,9.460824
2022-12-05,13.6216
2022-12-06,13.75402
2022-12-07,13.677886
2022-12-08,13.85437
2022-12-09,15.466577000000001
2022-12-12,14.039329
2022-12-13,16.033823
2022-12-14,15.855423000000002
2022-12-15,18.648389
2022-12-16,19.4766
2022-12-19,19.851779999999998
2022-12-20,17.042540000000002
2022-12-21,15.23606
2022-12-22,11.180679999999999
2022-12-23,10.03234
2022-12-26,11.84296
2022-12-27,15.188139999999999
2022-12-28,16.549439999999997
2022-12-29,17.94958
2022-12-30,23.29532
2023-01-02,26.774850000000004
2023-01-03,24.345816000000003
2023-01-04,21.950385
2023-01-05,21.378335999999997
2023-01-06,19.685434
2023-01-09,17.348554
2023-01-10,19.271674
2023-01-11,22.702861000000002
2023-01-12,26.085980999999997
2023-01-13,24.057518
2023-01-16,20.400836
2023-01-17,19.489603
2023-01-18,17.139953
2023-01-19,14.561612
2023-01-20,12.047685000000001
2023-01-23,11.805965
2023-01-24,9.845279999999999
2023-01-25,9.266801999999998
2023-01-26,7.1318399999999995
2023-01-27,7.1318399999999995
2023-01-30,9.335843
2023-01-31,12.988324
2023-02-01,15.111292
2023-02-02,15.044473000000002
2023-02-03,16.243986000000003
2023-02-06,16.692038
2023-02-07,15.756026
2023-02-08,14.150836000000002
2023-02-09,15.833986999999999
2023-02-10,16.491628
2023-02-13,18.185280999999996
2023-02-14,18.668036
2023-02-15,23.933409
2023-02-16,27.170365000000004
2023-02-17,31.544565999999996
2023-02-20,31.854079000000002
2023-02-21,33.706073
2023-02-22,33.110761
2023-02-23,32.879102
2023-02-24,30.09758
2023-02-27,32.088813
2023-02-28,34.20053299999999
2023-03-01,36.429985
2023-03-02,36.651918
2023-03-03,37.525099
2023-03-06,35.340213000000006
2023-03-07,32.813668
2023-03-08,32.613592
2023-03-09,33.721796
2023-03-10,36.774901
2023-03-13,37.040025
2023-03-14,36.495084000000006
2023-03-15,30.841941000000002
2023-03-16,27.631067
2023-03-17,23.30854
2023-03-20,24.613324
2023-03-21,25.025616
2023-03-22,27.062244
2023-03-23,27.002751999999997
2023-03-24,21.542005999999997
2023-03-27,17.670682
2023-03-28,15.540879999999998
2023-03-29,11.860606
2023-03-30,10.453635
2023-03-31,14.172462999999999
2023-04-03,11.300804000000001
2023-04-04,8.802052
2023-04-05,8.756816
2023-04-06,6.764898
2023-04-07,4.797942000000001
2023-04-10,0.0020209999999998727
2023-04-11,-0.7998360000000001
2023-04-12,1.023969
2023-04-13,0.4847300000000003
2023-04-14,-0.2715409999999997
2023-04-17,4.4532229999999995
2023-04-18,5.328671999999999
2023-04-19,7.409768
2023-04-20,10.287348
2023-04-21,12.048231
2023-04-24,11.801671
2023-04-25,11.320012
2023-04-26,6.6055980000000005
2023-04-27,5.201321
2023-04-28,5.819114000000001
2023-05-01,7.815461000000001
2023-05-02,9.315461
2023-05-03,11.216907
2023-05-04,10.628505
2023-05-05,10.585764999999999
2023-05-08,5.690878999999999
2023-05-09,3.580407
2023-05-10,1.7274539999999998
2023-05-11,0.988139
2023-05-12,-0.46214999999999995
2023-05-15,3.3869519999999995
2023-05-16,2.918946
2023-05-17,4.224106000000001
2023-05-18,4.466435000000001
2023-05-19,6.4657350000000005
2023-05-22,5.261032
2023-05-23,7.224121000000001
2023-05-24,5.281701000000001
2023-05-25,5.039144
2023-05-26,2.908034
2023-05-29,3.160439
2023-05-30,1.2713990000000002
2023-05-31,2.778568
2023-06-01,5.043743
2023-06-02,4.022646
2023-06-05,5.849404
2023-06-06,6.106512
2023-06-07,4.052372
2023-06-08,3.553057
2023-06-09,4.616984
2023-06-12,2.6508499999999997
2023-06-13,3.039541
2023-06-14,4.896299000000001
2023-06-15,5.11464
2023-06-16,4.258156
2023-06-19,4.351946
2023-06-20,3.831459
2023-06-21,4.922007000000001
2023-06-22,4.9264209999999995
2023-06-23,7.275036
2023-06-26,6.374198999999999
2023-06-27,7.8130880000000005
2023-06-28,7.232251
2023-06-29,8.30907
2023-06-30,9.983545000000001
2023-07-03,13.778994
2023-07-04,14.36079
2023-07-05,13.470105
2023-07-06,10.921764
2023-07-07,10.990044
2023-07-10,10.907288999999999
2023-07-11,10.737015
2023-07-12,14.347989000000002
2023-07-13,17.481246
2023-07-14,16.776086
2023-07-17,16.685751
2023-07-18,17.009967
2023-07-19,14.066390000000002
2023-07-20,12.983360999999999
2023-07-21,13.451778
2023-07-24,14.190057999999999
2023-07-25,16.759373
2023-07-26,18.922478
2023-07-27,19.187165999999998
2023-07-28,21.543923999999997
2023-07-31,23.131717
2023-08-01,22.908748999999997
2023-08-02,24.009571
2023-08-03,27.999358
2023-08-04,28.803285
2023-08-07,29.609555999999998
2023-08-08,30.391550000000002
2023-08-09,32.349891
2023-08-10,31.915264
2023-08-11,32.49257
2023-08-14,34.37325500000001
2023-08-15,37.402905
2023-08-16,38.861383000000004
2023-08-17,43.718140999999996
2023-08-18,47.23634499999999
2023-08-21,51.854138
2023-08-22,53.112829
2023-08-23,55.92669500000001
2023-08-24,53.31380299999999
2023-08-25,50.333254999999994
2023-08-28,45.840773999999996
2023-08-29,45.056573
2023-08-30,40.84706
2023-08-31,40.252722000000006
2023-09-01,39.690454
2023-09-04,40.94674
2023-09-05,42.39709
2023-09-06,45.999159999999996
2023-09-07,47.945431
2023-09-08,51.19777499999999
2023-09-11,55.71853600000001
2023-09-12,61.40888600000001
2023-09-13,70.69827699999999
2023-09-14,84.637744
2023-09-15,92.352858
2023-09-18,92.206237
2023-09-19,90.79024000000001
2023-09-20,89.67852
2023-09-21,83.302584
2023-09-22,81.615963
2023-09-25,86.675851
2023-09-26,93.269666
2023-09-27,92.66533799999999
2023-09-28,83.86384100000001
2023-09-29,76.12
2023-10-02,66.279397
2023-10-03,54.198794
2023-10-04,45.298191
2023-10-05,45.297588000000005
2023-10-06,45.296985
2023-10-09,53.70044
2023-10-10,55.522921
2023-10-11,56.65395600000001
2023-10-12,57.607822
2023-10-13,58.698035000000004
2023-10-16,51.826665000000006
2023-10-17,50.522753
2023-10-18,48.442981
2023-10-19,48.441900000000004
2023-10-20,45.362341
2023-10-23,41.682219
2023-10-24,41.16575
2023-10-25,40.757895999999995
2023-10-26,36.427972
2023-10-27,35.99679999999999
2023-10-30,36.44039200000001
2023-10-31,34.506054
2023-11-01,35.02199
2023-11-02,37.527165000000004
2023-11-03,40.14648
2023-11-06,41.64544500000001
2023-11-07,44.992751
2023-11-08,47.233299
2023-11-09,49.31363399999999
2023-11-10,50.911625
2023-11-13,54.683132
2023-11-14,58.622097
2023-11-15,58.823618999999994
2023-11-16,59.663558
2023-11-17,57.45998099999999
2023-11-20,55.463024999999995
2023-11-21,49.675719
2023-11-22,42.571715999999995
2023-11-23,37.040681
2023-11-24,33.817987
2023-11-27,28.927439
2023-11-28,28.751792000000002
2023-11-29,31.475947
2023-11-30,32.005825
2023-12-01,31.840117
2023-12-04,31.489721000000003
2023-12-05,30.65724
2023-12-06,30.973510999999995
2023-12-07,30.328336
2023-12-08,30.563435
2023-12-11,35.237073
2023-12-12,36.63740800000001
2023-12-13,40.501746
2023-12-14,44.136373
2023-12-15,44.765551
2023-12-18,44.315353
2023-12-19,45.017712
2023-12-20,42.828899
2023-12-21,42.042415000000005
2023-12-22,42.513937
2023-12-25,39.565185
2023-12-26,37.999675
2023-12-27,37.284165
2023-12-28,35.73797
2023-12-29,37.985975999999994
2024-01-01,40.171775000000004
2024-01-02,37.120466
2024-01-03,38.401638000000005
2024-01-04,39.672734000000005
2024-01-05,42.248868
2024-01-08,47.01383
2024-01-09,50.444789
2024-01-10,49.712506000000005
2024-01-11,51.037468000000004
2024-01-12,48.241395
2024-01-15,42.511532
2024-01-16,44.30657
2024-01-17,45.611121
2024-01-18,47.115048
2024-01-19,47.694286999999996
2024-01-22,49.143176
2024-01-23,48.799447
2024-01-24,49.453587
2024-01-25,48.076966000000006
2024-01-26,49.445931
2024-01-29,50.31110600000001
2024-01-30,49.751867000000004
2024-01-31,49.640421
2024-02-01,50.114911000000006
2024-02-02,46.916296
2024-02-05,47.237468
2024-02-06,47.721258
2024-02-07,46.857254999999995
2024-02-08,46.148564
2024-02-09,47.734835
2024-02-12,46.180421
2024-02-13,45.233663
2024-02-14,45.108214
2024-02-15,44.81966
2024-02-16,44.81966
2024-02-19,46.644211
2024-02-20,47.427589999999995
2024-02-21,47.748762
2024-02-22,47.276692000000004
2024-02-23,47.942689
2024-02-26,45.729172999999996
2024-02-27,44.138000999999996
2024-02-28,44.972415
2024-02-29,46.147589999999994
2024-03-01,43.928838
2024-03-04,41.35822900000001
2024-03-05,36.931562
2024-03-06,32.93421
2024-03-07,28.714727
2024-03-08,24.888759999999998
2024-03-11,22.811270999999998
2024-03-12,21.614665000000002
2024-03-13,20.140052999999998
2024-03-14,17.736674
2024-03-15,18.143158
2024-03-18,17.921012
2024-03-19,19.977145999999998
2024-03-20,20.720661999999997
2024-03-21,19.953295
2024-03-22,22.763918999999998
2024-03-25,26.996689000000003
2024-03-26,25.822838
2024-03-27,25.557678
2024-03-28,28.278301999999996
2024-03-29,36.426536
2024-04-01,45.61684
2024-04-02,48.006108999999995
2024-04-03,53.292075
2024-04-04,58.706519
2024-04-05,54.167843000000005
2024-04-08,45.979045
2024-04-09,45.208801
2024-04-10,44.980688
2024-04-11,44.413396999999996
2024-04-12,43.366471000000004
2024-04-15,46.977308
2024-04-16,53.419940999999994
2024-04-17,50.571676
2024-04-18,48.914172
2024-04-19,49.336927
2024-04-22,42.06023
2024-04-23,37.132681000000005
2024-04-24,37.933138
2024-04-25,35.149805
2024-04-26,28.983991000000003
2024-04-29,28.093154
2024-04-30,28.495573999999998
2024-05-01,27.311296999999996
2024-05-02,28.859226999999997
2024-05-03,32.189014
2024-05-06,37.000734
2024-05-07,36.898527
2024-05-08,37.091008
2024-05-09,36.631419
2024-05-10,34.463641
2024-05-13,33.155376000000004
2024-05-14,31.340901000000002
2024-05-15,28.4574
2024-05-16,28.210458999999997
2024-05-17,30.300535000000004
2024-05-20,27.779393
2024-05-21,27.659347000000004
2024-05-22,29.309088000000003
2024-05-23,28.515907000000006
2024-05-24,26.527337999999997
2024-05-27,27.665512
2024-05-28,28.387765
2024-05-29,31.362849
2024-05-30,32.915878
2024-05-31,34.836365
2024-06-03,35.109257
2024-06-04,39.006776
2024-06-05,36.5067
2024-06-06,37.258708999999996
2024-06-07,43.153062
2024-06-10,49.077628000000004
2024-06-11,44.47568
2024-06-12,44.151053000000005
2024-06-13,41.356137000000004
2024-06-14,33.694599999999994
2024-06-17,25.832926000000004
2024-06-18,28.090795000000004
2024-06-19,27.341419000000002
2024-06-20,30.428739999999998
2024-06-21,29.717720000000003
2024-06-24,29.537446
2024-06-25,26.524964999999998
2024-06-26,25.60358
2024-06-27,20.192667000000004
2024-06-28,20.692104
2024-07-01,20.758725000000002
2024-07-02,21.687553
2024-07-03,22.369425
2024-07-04,24.485513
2024-07-05,24.027110999999998
2024-07-08,23.779469999999996
2024-07-09,22.449272
2024-07-10,21.107004000000003
2024-07-11,20.875771
2024-07-12,19.958541
2024-07-15,17.316273
2024-07-16,13.683396000000002
2024-07-17,10.429423
2024-07-18,6.9995140000000005
2024-07-19,1.5591640000000002
2024-07-22,-2.2647019999999998
2024-07-23,-4.740165999999999
2024-07-24,-2.5722509999999996
2024-07-25,-3.2762840000000004
2024-07-26,-0.18946500000000005
2024-07-29,2.0622549999999995
2024-07-30,6.801844
2024-07-31,6.137156
2024-08-01,7.023868
2024-08-02,8.992452
2024-08-05,10.651705999999999
2024-08-06,6.211568999999999
2024-08-07,2.2005950000000003
2024-08-08,2.5867899999999997
2024-08-09,0.418084
2024-08-12,-1.225843
2024-08-13,2.49542
2024-08-14,3.677855
2024-08-15,1.3299400000000001
2024-08-16,0.05946800000000012
2024-08-19,-1.8262399999999999
2024-08-20,-8.116575000000001
2024-08-21,-7.657320999999999
2024-08-22,-9.091583
2024-08-23,-9.941019999999998
2024-08-26,-6.631842000000001
2024-08-27,-2.391218
2024-08-28,-3.082253
2024-08-29,-1.117763
2024-08-30,-1.5954799999999998
2024-09-02,-5.543486
2024-09-03,-7.057214999999999
2024-09-04,-4.7027399999999995
2024-09-05,-7.088813
2024-09-06,-7.229574000000001
2024-09-09,-7.092679000000001
2024-09-10,-5.606332
2024-09-11,-8.626804
2024-09-12,-7.447077999999999
2024-09-13,-8.410579
2024-09-16,-9.105176
2024-09-17,-11.521294999999999
2024-09-18,-11.666865999999999
2024-09-19,-16.523746
2024-09-20,-16.576562000000003
2024-09-23,-14.559301999999999
2024-09-24,-13.682316
2024-09-25,-15.220566
2024-09-26,-12.653915000000001
2024-09-27,-11.716792
2024-09-30,-14.004509000000002
2024-10-01,-15.151952
2024-10-02,-14.795194
2024-10-03,-14.217750999999998
2024-10-04,-15.372514999999998
2024-10-07,-15.372514999999998
2024-10-08,-16.984935
2024-10-09,-22.035437
2024-10-10,-24.973108000000003
2024-10-11,-25.090215999999998
2024-10-14,-26.051524999999998
2024-10-15,-26.303245000000004
2024-10-16,-21.006457
2024-10-17,-15.641876000000002
2024-10-18,-14.191435000000002
2024-10-21,-11.646854000000001
2024-10-22,-7.800614
2024-10-23,-6.879899
2024-10-24,-9.921056
2024-10-25,-7.967464000000001
2024-10-28,-6.938636000000001
2024-10-29,-6.015181
2024-10-30,-4.207236
2024-10-31,-2.134116
2024-11-01,-3.5240400000000003
2024-11-04,-4.905349
2024-11-05,-6.557769
2024-11-06,-11.368210000000001
2024-11-07,-12.163628
2024-11-08,-16.591725
2024-11-11,-18.978787
2024-11-12,-15.754555
2024-11-13,-13.552728000000002
2024-11-14,-11.791799000000001
2024-11-15,-10.237491
2024-11-18,-9.014964
2024-11-19,-15.006820999999999
2024-11-20,-13.935573
2024-11-21,-17.595056
2024-11-22,-19.440323
2024-11-25,-21.317127
2024-11-26,-20.995818
2024-11-27,-21.505741999999998
2024-11-28,-22.07113
2024-11-29,-20.5239
2024-12-02,-20.176807
2024-12-03,-18.14804
2024-12-04,-16.895833000000003
2024-12-05,-13.651206000000002
2024-12-06,-11.32597
2024-12-09,-9.074098000000001
2024-12-10,-9.552987
2024-12-11,-12.981525999999999
2024-12-12,-15.793992
2024-12-13,-14.192667999999998
2024-12-16,-16.581222
2024-12-17,-14.979091
2024-12-18,-13.805864
2024-12-19,-11.955133
2024-12-20,-10.659014
2024-12-23,-2.9522559999999993
2024-12-24,0.7515339999999998
2024-12-25,7.422706
2024-12-26,14.03368
2024-12-27,15.192447000000001
2024-12-30,15.314029999999999
2024-12-31,15.879615999999999
2025-01-01,15.512097
2025-01-02,12.390239999999999
2025-01-03,12.052249
2025-01-06,12.29336
2025-01-07,10.636541
2025-01-08,8.911518000000001
2025-01-09,9.538078
2025-01-10,10.417743
2025-01-13,11.206312
2025-01-14,12.964805000000002
2025-01-15,12.742125999999999
2025-01-16,10.182963
2025-01-17,8.972004000000002
2025-01-20,8.844013
2025-01-21,7.734926
2025-01-22,4.533220999999999
2025-01-23,5.8520639999999995
2025-01-24,5.725534000000001
2025-01-27,1.4569949999999998
2025-01-28,-0.9024419999999997
2025-01-29,0.8801150000000002
2025-01-30,0.3837070000000002
2025-01-31,-1.065745
2025-02-03,-1.065745
2025-02-04,-1.065745
2025-02-05,-4.179094
2025-02-06,-6.265411
2025-02-07,-9.650556
2025-02-10,-11.515274999999999
2025-02-11,-9.792536000000002
2025-02-12,-3.8644540000000007
2025-02-13,-1.739949
2025-02-14,3.3486350000000003
2025-02-17,4.684845
2025-02-18,4.720294000000001
2025-02-19,0.03734099999999998
2025-02-20,1.0664580000000001
2025-02-21,0.12376399999999999
2025-02-24,1.0992279999999999
2025-02-25,-1.1240750000000002
2025-02-26,0.5670209999999999
2025-02-27,-1.02514
2025-02-28,0.504495
2025-03-03,0.48026400000000014
2025-03-04,-1.952095
2025-03-05,1.0125319999999998
2025-03-06,6.041923
2025-03-07,3.7041449999999996
2025-03-10,6.700644
2025-03-11,10.000857
2025-03-12,8.705819000000002
2025-03-13,3.4027900000000004
2025-03-14,0.6939159999999998
2025-03-17,-2.875369
2025-03-18,-4.556922
2025-03-19,-3.8163289999999988
2025-03-20,0.4641880000000004
2025-03-21,2.634340000000001
2025-03-24,1.9106260000000006
2025-03-25,3.473594000000001
2025-03-26,2.482209
2025-03-27,-3.986345
2025-03-28,0.44843400000000033
2025-03-31,1.8048110000000002
2025-04-01,4.719818
2025-04-02,5.390061
2025-04-03,13.303272000000002
2025-04-04,14.381293
2025-04-07,17.662922000000002
2025-04-08,23.019025999999997
2025-04-09,27.047625999999998
2025-04-10,32.529559
2025-04-11,30.774687999999998
2025-04-14,31.974824
2025-04-15,26.732889999999998
2025-04-16,24.745111
2025-04-17,21.515247
2025-04-18,27.263982999999996
2025-04-21,43.350527
2025-04-22,55.795244000000004
2025-04-23,56.636979
2025-04-24,60.33574600000001
2025-04-25,62.660844999999995
2025-04-28,50.774879
2025-04-29,42.02274899999999
2025-04-30,46.942809999999994
2025-05-01,45.779827
2025-05-02,44.248716
2025-05-05,44.798305000000006
2025-05-06,45.879431
2025-05-07,49.237466999999995
2025-05-08,47.457345000000004
2025-05-09,48.260739
2025-05-12,55.935213999999995
2025-05-13,56.697726
2025-05-14,52.252567
2025-05-15,45.643603
2025-05-16,39.16189899999999
2025-05-19,23.119464
2025-05-20,14.554548
2025-05-21,13.624227999999999
2025-05-22,22.047804000000003
2025-05-23,24.973435000000002
2025-05-26,28.038229
2025-05-27,32.752049
2025-05-28,25.433282
2025-05-29,19.200573
2025-05-30,17.366144
2025-06-02,18.082202000000002
2025-06-03,16.229599
2025-06-04,19.074652
2025-06-05,15.090404999999999
2025-06-06,13.538837000000001
2025-06-09,13.229948000000002
2025-06-10,13.49249
2025-06-11,13.018274
2025-06-12,19.541242
2025-06-13,17.037603999999998
2025-06-16,12.440526
2025-06-17,9.885228999999999
2025-06-18,8.015792000000001
2025-06-19,1.91013
2025-06-20,1.8566600000000002
2025-06-23,3.4478170000000006
2025-06-24,6.140146
2025-06-25,9.718822
2025-06-26,12.036401999999999
2025-06-27,16.423144999999998
2025-06-30,21.878228999999997
2025-07-01,19.449888
2025-07-02,17.225200000000005
2025-07-03,19.184241000000004
2025-07-04,18.154393
2025-07-07,14.892672999999998
2025-07-08,18.637223999999996
2025-07-09,20.080451000000004
2025-07-10,17.530025000000002
2025-07-11,14.26071
2025-07-14,11.584104
2025-07-15,7.0578330000000005
2025-07-16,5.123571
2025-07-17,6.464194999999999
2025-07-18,5.2204049999999995
2025-07-21,6.34351
2025-07-22,6.597726
2025-07-23,4.559339
2025-07-24,3.085899
2025-07-25,5.019004000000001
2025-07-28,3.4294759999999997
2025-07-29,3.5435250000000003
2025-07-30,4.542871
2025-07-31,4.233404
2025-08-01,7.108563999999999
2025-08-04,8.163951999999998
2025-08-05,9.47176
2025-08-06,12.009294
2025-08-07,12.673525000000001
2025-08-08,7.785275000000001
2025-08-11,6.109064999999999
2025-08-12,4.272505
2025-08-13,-0.07639899999999997
2025-08-14,-1.3273730000000004
2025-08-15,-0.7927000000000002
2025-08-18,-0.1690470000000001
2025-08-19,0.827848
2025-08-20,3.7443929999999996
2025-08-21,4.034043
2025-08-22,6.850801
2025-08-25,15.277498
2025-08-26,16.239994000000003
2025-08-27,15.263114000000002
2025-08-28,15.763479
2025-08-29,13.691225999999997
2025-09-01,3.713463
2025-09-02,3.221773
2025-09-03,1.3346489999999998
2025-09-04,-3.2222769999999996
2025-09-05,-5.688579
2025-09-08,-11.882887
2025-09-09,-18.363253
2025-09-10,-21.414531999999998
2025-09-11,-18.328018
2025-09-12,-20.322265
2025-09-15,-16.904457
2025-09-16,-17.824030999999998
2025-09-17,-18.378369
2025-09-18,-33.32182400000001
2025-09-19,-39.678658
2025-09-22,-45.153605
2025-09-23,-53.427243
2025-09-24,-56.052525
2025-09-25,-49.648005
2025-09-26,-46.117762000000006
2025-09-29,-46.335525000000004
2025-09-30,-31.365631999999998
2025-10-01,-23.14064
2025-10-02,-13.628951
2025-10-03,-6.464644000000002
2025-10-06,3.62875
2025-10-07,3.62875
2025-10-08,3.62875
2025-10-09,-10.087126000000001
2025-10-10,-27.050125
2025-10-13,-35.379913
2025-10-14,-48.77203000000001
2025-10-15,-51.810114
2025-10-16,-39.283342
2025-10-17,-18.927195
2025-10-20,-12.312158000000002
2025-10-21,11.504477
2025-10-22,28.042468000000003
2025-10-23,25.617948000000002
2025-10-24,26.026549
2025-10-27,37.169183000000004
2025-10-28,31.830570000000005
2025-10-29,8.705684999999999
2025-10-30,9.505640000000003
2025-10-31,6.488030000000002
2025-11-03,0.7833880000000001
2025-11-04,-6.447768999999999
2025-11-05,4.113677
2025-11-06,6.132307000000001
2025-11-07,6.310374
2025-11-10,2.2483950000000004
2025-11-11,3.645411
2025-11-12,3.3256690000000004
2025-11-13,-2.924058
2025-11-14,-3.2782139999999997
2025-11-17,-7.757392
2025-11-18,-13.163571000000001
2025-11-19,-18.178548
2025-11-20,-10.577558
2025-11-21,-10.951256
2025-11-24,-9.207603
2025-11-25,-2.331424
2025-11-26,-1.438304
2025-11-27,-5.420694
2025-11-28,-4.500375
2025-12-01,-10.31584
2025-12-02,-9.855338
2025-12-03,-9.26546
2025-12-04,-11.958139
2025-12-05,-17.734334
2025-12-08,-11.849996
2025-12-09,-20.78097
2025-12-10,-19.565247
2025-12-11,-16.963238
2025-12-12,-25.85129
2025-12-15,-27.825111
2025-12-16,-22.136664
2025-12-17,-23.872280999999997
2025-12-18,-24.020866
2025-12-19,-15.553332000000001
2025-12-22,-13.970410000000001
2025-12-23,-17.330761000000003
2025-12-24,-16.182497
2025-12-25,-18.971828000000002
2025-12-26,-14.163838000000002
2025-12-29,-13.669820000000001
2025-12-30,-14.785025
2025-12-31,-8.519210000000001
2026-01-01,1.9144739999999985
2026-01-02,6.127457999999999
2026-01-05,4.738827999999998
2026-01-06,13.229208
2026-01-07,3.748552999999999
2026-01-08,-0.3665160000000006
2026-01-09,-4.525709999999999
2026-01-12,-5.675041
2026-01-13,-11.218938
2026-01-14,-7.402805000000001
2026-01-15,-8.055850000000001
2026-01-16,-8.703461
2026-01-19,-1.8833550000000006
2026-01-20,-0.9382719999999999
2026-01-21,0.1669779999999999
2026-01-22,1.6927759999999998
2026-01-23,8.694341999999999
2026-01-26,9.504279
2026-01-27,16.983515999999998
2026-01-28,18.797106
2026-01-29,33.921425
2026-01-30,52.753432999999994
2026-02-02,18.60620600000002
2026-02-03,5.587440000000242
2026-02-04,12.726756000000204
2026-02-05,12.540473000000201
2026-02-06,-13.422599999999875
2026-02-09,29.737367000000084
2026-02-10,33.803622000000175
2026-02-11,23.74850800000022
2026-02-12,7.05482400000019
2026-02-13,8.67623900000035
2026-02-16,-1.862268999999651
2026-02-17,2.9192990000003194
2026-02-18,5.265890000000399
2026-02-19,6.9489650000004985
2026-02-20,6.9489650000004985
2026-02-23,6.9489650000004985
2026-02-24,8.664413000000422
2026-02-25,13.461109000000397
2026-02-26,16.040423000000192
2026-02-27,17.87883899999997
2026-03-02,14.144696999999905
2026-03-03,19.330738999999813
2026-03-04,14.950114999999641
2026-03-05,14.297968999999648
2026-03-06,22.05029799999975
2026-03-09,30.46938599999976
2026-03-10,27.55134999999991
2026-03-11,29.748595000000023
2026-03-12,26.470254000000203
2026-03-13,18.8034810000001
2026-03-16,23.41317700000018
2026-03-17,24.001260000000002
2026-03-18,28.426648999999998
2026-03-19,50.24127799999987
2026-03-20,52.5674140000001
2026-03-23,37.054389000000086
2026-03-24,28.810663000000204
2026-03-25,23.36402900000012
2026-03-26,5.621230000000105
2026-03-27,9.978750000000037
