,Active,Unnamed: 1,Unnamed: 2,Unnamed: 3,Unnamed: 4,Active.1,Active.2,Active.3,Active.4,Active.5,Active.6,Active.7,Active.8,Active.9,Active.10,Active.11,Inactive,Inactive.1,Inactive.2,Active.12,Active.13,Active.14,Active.15,Active.16,Active.17,Active.18,Active.19,Active.20,Active.21,Active.22,Active.23,Active.24,Active.25,Active.26,Inactive.3,Active.27,Active.28,Active.29,Active.30,Active.31,Active.32,Active.33,Active.34,Active.35,Active.36,Active.37,Active.38,Active.39,Inactive.4,Inactive.5,Inactive.6,Active.40,Active.41,Active.42,Active.43,Active.44,Active.45,Active.46,Active.47,Active.48,Active.49,Active.50,Active.51,Active.52,Active.53,Active.54,Inactive.7,Inactive.8,Active.55,Active.56,Active.57,Active.58,Active.59,Active.60,Active.61,Active.62,Active.63,Active.64,Active.65,Active.66,Active.67,Active.68,Active.69,Active.70,Active.71,Active.72,Active.73,Active.74,Active.75,Active.76,Active.77,Active.78,Active.79,Active.80,Active.81,Active.82,Active.83,Active.84,Active.85,Active.86,Active.87,Active.88,Active.89,Active.90,Active.91,Active.92,Active.93,Active.94,Active.95,Active.96,Active.97,Active.98,Active.99,Active.100,Active.101,Active.102,Active.103,Active.104,Active.105,Active.106,Active.107,Active.108,Active.109,Active.110,Active.111,Active.112,Active.113,Active.114,Inactive.9,Inactive.10,Inactive.11,Inactive.12,Inactive.13,Inactive.14,Inactive.15,Inactive.16,Inactive.17,Inactive.18,Inactive.19,Inactive.20,Inactive.21,Inactive.22,Inactive.23,Inactive.24,Active.115,Active.116,Active.117,Active.118,Inactive.25,Active.119,Active.120,Active.121,Active.122,Active.123,Active.124,Active.125,Active.126,Active.127,Active.128,Active.129,Active.130,Active.131,Active.132,Active.133,Active.134,Inactive.26,Inactive.27,Active.135,Active.136,Active.137,Active.138,Active.139,Active.140,Active.141,Active.142,Active.143,Active.144,Active.145,Active.146,Active.147,Active.148,Active.149,Active.150,Active.151,Active.152,Active.153,Active.154,Active.155,Active.156,Active.157,Active.158,Active.159,Active.160,Inactive.28,Inactive.29,Inactive.30,Active.161,Active.162,Active.163,Active.164,Active.165,Inactive.31,Active.166,Inactive.32,Inactive.33,Inactive.34,Inactive.35,Active.167,Active.168,Active.169,Active.170,Active.171,Active.172,Inactive.36,Active.173,Active.174,Active.175,Inactive.37,Active.176,Inactive.38
0,Fund Type,,,,,ETF,ETF,ETF,Closed-End Fund,ETF,ETF,ETF,ETF,ETF,ETF,ETF,ETF,ETF,ETF,Investment Trust,ETF,ETF,ETF,ETF,ETF,ETF,ETF,ETF,ETF,Open-End Fund,ETF,Open-End Fund,ETF,ETF,Investment Trust,ETC,ETC,ETC,ETC,ETC,ETC,ETC,ETC,ETC,ETC,ETC,ETC,ETC,ETC,ETC,ETC,ETC,ETC,ETC,ETC,ETC,ETC,ETC,ETC,ETC,ETC,ETC,ETC,ETC,ETC,ETC,ETC,ETC,ETC,ETF,FCP,ETF,ETF,ETF,ETF,FCP,ETF,ETF,ETF,ETF,ETF,Opend-End Fund,ETF,ETF,Opend-End Fund,FCP,ETF,ETF,FCP,Open-End Fund,FCP,FCP,FCP,Open-End Fund,FCP,ETF,ETF,FCP,ETF,Open-End Fund,FCP,Opend-End Fund,ETF,Open-End Fund,ETF,FCP,ETF,ETF,Opend-End Fund,FCP,ETF,FCP,ETF,Opend-End Fund,ETC,Opend-End Fund,FCP,FCP,Opend-End Fund,ETF,ETF,Opend-End Fund,FCP,FCP,FCP,FCP,FCP,FCP,ETF,ETF,FCP,ETF,ETF,ETF,ETF,ETF,ETF,ETF,FCP,FCP,FCP,FCP,Opend-End Fund,Opend-End Fund,ETC,ETC,Open-End Fund,Open-End Fund,Open-End Fund,ETF,ETF,ETF,ETF,ETF,ETF,ETF,ETF,ETF,ETF,ETF,ETF,ETF,ETF,Open End Fund,Open End Fund,ETF,ETF,ETF,ETF,ETF,ETF,ETF,ETF,ETF,ETF,ETF,ETF,ETF,ETF,ETF,ETF,ETF,ETF,ETF,ETF,ETF,ETF,ETF,ETF,ETF,ETF,ETF,ETF,ETF,ETF,ETF,ETF,ETP,ETF,ETF,ETF,ETF,ETF,ETF,ETF,ETF,ETF,ETC,ETF,ETF,ETF,ETF,ETF,ETF,ETF,ETC,ETF,ETF,ETF,Special Purpose Partnership
1,Region,,,,,North America,North America,North America,North America,North America,North America,North America,North America,North America,North America,North America,North America,North America,North America,North America,North America,North America,North America,North America,North America,North America,North America,North America,North America,North America,North America,North America,North America,North America,North America,Europe,Europe,Europe,Europe,Europe,Europe,Europe,Europe,Europe,Europe,Europe,Europe,Europe,Europe,Europe,Europe,Europe,Europe,Europe,Europe,Europe,Europe,Europe,Europe,Europe,Europe,Europe,Europe,Europe,Europe,Europe,Europe,Europe,Europe,Europe,Europe,Europe,Europe,Europe,Europe,Europe,Europe,Europe,Europe,Europe,Europe,Europe,Europe,Europe,Europe,Europe,Europe,Europe,Europe,Europe,Europe,Europe,Europe,Europe,Europe,Europe,Europe,Europe,Europe,Europe,Europe,Europe,Europe,Europe,Europe,Europe,Europe,Europe,Europe,Europe,Europe,Europe,Europe,Europe,Europe,Europe,Europe,Europe,Europe,Europe,Europe,Europe,Europe,Europe,Europe,Europe,Europe,Europe,Europe,Europe,Europe,Europe,Europe,Europe,Europe,Europe,Europe,Europe,Europe,Europe,Europe,Europe,Europe,Europe,Europe,Europe,Europe,Europe,Europe,Asia,Asia,Asia,Asia,Asia,Asia,Asia,Asia,Asia,Asia,Asia,Asia,Asia,Asia,Asia,Asia,Asia,Asia,Asia,Asia,Asia,Asia,Asia,Asia,Asia,Asia,Asia,Asia,Asia,Asia,Asia,Asia,Asia,Asia,Asia,Asia,Asia,Asia,Asia,Asia,Asia,Asia,Asia,Asia,Asia,Asia,Asia,Asia,Asia,Asia,Asia,Asia,Asia,Asia,Asia,Asia,Asia,Asia,Other,Other,Other,Other,Other,Other,Other,Other,Other,Other,Other,Other,Other
2,Country,,,,,US,US,US,US,US,US,US,US,US,US,US,US,US,US,Canada,Canada,Canada,Canada,Canada,Canada,Canada,Canada,Canada,Canada,Canada,Canada,Canada,Canada,Canada,Canada,UK,UK,UK,UK,UK,UK,UK,UK,UK,UK,UK,UK,UK,UK,UK,UK,Germany,Germany,Germany,Germany,Germany,Germany,Germany,Germany,Germany,Germany,Germany,Germany,Germany,Germany,Germany,Germany,Germany,France,Switzerland,Switzerland,Switzerland,Switzerland,Switzerland,Switzerland,Switzerland,Switzerland,Switzerland,Switzerland,Switzerland,Switzerland,Switzerland,Switzerland,Switzerland,Switzerland,Switzerland,Switzerland,Switzerland,Switzerland,Switzerland,Switzerland,Switzerland,Switzerland,Switzerland,Switzerland,Switzerland,Switzerland,Switzerland,Switzerland,Switzerland,Switzerland,Switzerland,Switzerland,Switzerland,Switzerland,Switzerland,Switzerland,Switzerland,Switzerland,Switzerland,Switzerland,Switzerland,Switzerland,Switzerland,Switzerland,Switzerland,Switzerland,Switzerland,Switzerland,Switzerland,Switzerland,Switzerland,Switzerland,Switzerland,Switzerland,Switzerland,Switzerland,Switzerland,Switzerland,Switzerland,Switzerland,Switzerland,Switzerland,Switzerland,Switzerland,Switzerland,Switzerland,Switzerland,Switzerland,Switzerland,Switzerland,Switzerland,Switzerland,Switzerland,Italy,Ireland,Liechtenstein,Liechtenstein,Liechtenstein,China P.R. Mainland,China P.R. Mainland,China P.R. Mainland,China P.R. Mainland,China P.R. Mainland,China P.R. Mainland,China P.R. Mainland,China P.R. Mainland,China P.R. Mainland,China P.R. Mainland,China P.R. Mainland,China P.R. Mainland,China P.R. Mainland,China P.R. Mainland,China P.R. Mainland,China P.R. Mainland,China P.R. Mainland,China P.R. Mainland,Japan,India,India,India,India,India,India,India,India,India,India,India,India,India,India,India,India,India,India,India,India,India,India,India,India,India,India,India,India,South Korea,South Korea,Hong Kong SAR,Hong Kong SAR,Hong Kong SAR,Hong Kong SAR,Malaysia,Thailand,Thailand,Thailand,Thailand,Australia,Australia,Australia,Australia,Australia,Australia,Australia,South Africa,South Africa,Turkey,Turkey,Saudi Arabia,UAE
3,Date,"Gold, US$/oz",Ounces,Tonnes,Value (USD),SPDR Gold Shares,iShares Gold Trust,SPDR Gold MiniShares Trust,Sprott Physical Gold Trust,abrdn Gold ETF Trust,iShares Gold Trust Micro,Goldman Sachs Physical Gold ETF,VanEck Merk Gold ETF,abrdn Precious Metals Basket ETF Trust,Graniteshares Gold Trust,Franklin Responsibly Sourced Gold ETF,ETFS Physical Asian Gold Shares,SPDR Long Dollar Gold Trust,Sprott ESG Gold ETF,Sprott Physical Gold & Silver Trust,iShares Gold Bullion ETF ‡,BMO Gold Bullion ETF,Royal Canadian Mint -  Canadian Gold Reserves,iShares Gold Bullion Fund,Purpose Gold Bullion Fund - Hedged  ‡,Purpose Gold Bullion Fund - CAD,CI Gold Bullion ETF (USD),BMO Gold Bullion Hedged to CAD,CI Gold Bullion ETF (CAD Hedged),BMG Gold Bullion Fund,CI Gold Bullion ETF (CAD),BMG BullionFund,BMO Gold Bullion ETF (USD Units),Purpose Gold Bullion Fund - USD,Central GoldTrust,iShares Physical Gold ETC,Invesco Physical Gold ETC,WisdomTree Physical Gold,WisdomTree Physical Swiss Gold,Gold Bullion Securities Ltd,WisdomTree Physical Gold GBP Daily Hedged,WisdomTree Core Physical Gold,iShares Physical Gold GBP Hedged ETC,Xtrackers IE Physical Gold GBP Hedged ETC,Invesco Physical Gold GBP Hedged ETC,WisdomTree Physical Precious Metals,The Royal Mint Responsibly Sourced Physical GBP Hedged Gold ETC,SMO Physical Gold ETC,RBS Physical Gold ETC,RBS Physical Gold ETCi,GPF Physical Gold ETC,Xetra-Gold,Xtrackers IE Physical Gold ETC,EUWAX Gold II,Xtrackers Physical Gold ETC EUR,Xtrackers Physical Gold Euro Hedged ETC,Xtrackers IE Physical Gold EUR Hedged ETC,Invesco Physical Gold EUR Hedged ETC,EUWAX Gold,Xtrackers Physical Gold ETC,iShares Physical Gold EUR Hedged ETC,The Royal Mint Responsibly Sourced Physical EUR Hedged Gold ETC,Boerse.DE Gold,Xtrackers Physical Gold GBP Hedged ETC,EUWAX Gold Core,EUWAX Gold Traceable,Xtrackers Physical Gold SGD Hedged ETC,Xtrackers Physical Gold CHF Hedged ETC,Amundi Physical Gold ETC,Swisscanto CH Gold ETF EA CHF ‡,PICTET CH Physical Gold-IDYJPY,UBS Gold ETF,Swisscanto CH Gold ETF AA USD,Swisscanto CH Gold ETF AAH CHF,UBS Gold hCHF ETF,Pictet CH Precious Metals Fund - Physical Gold  ‡,Swisscanto CH Gold ETF AA EUR,iShares Gold CH,Swisscanto CH Gold ETF AAH EUR,UBS Gold hEUR ETF,iShares Gold CHF Hedged CH,UBS CH Fund Solutions III UBS Gold USD I A acc,Raiffeisen ETF - Solid Gold Reliable and Traceable H CHF H,Raiffeisen ETF - Solid Gold Reliable and Traceable A USD,UBS CH Fund Solutions III UBS Gold hCHF I A acc,PICTET CH Physical Gold-JDYUSD,Raiffeisen ETF - Solid Gold Ounces - AC,iShares Gold EUR Hedged CH,PICTET CH Physical Gold-PDYUSD,UBS CH Fund Solutions III UBS Gold hCHF I B acc,PICTET CH Physical Gold-PDYCHF,PICTET CH Physical Gold-RDYUSD,PICTET CH Physical Gold ZDYEUR,UBS CH Fund Solutions III UBS Gold USD I B acc ‡,PICTET CH Physical Gold-ZDYUSD,BKB Physical Gold Fairtrade Max Havelaar Class I CHF,Raiffeisen ETF - Solid Gold Ounces Hedged CHF,PICTET CH Physical Gold-IDYEUR,Swisscanto CH Gold ETF AAH GBP,UBS CH Fund Solutions III UBS Gold USD A acc,PICTET CH Physical Gold-IDYCHF,UBS CH Fund Solutions III UBS Gold Income Maximizer hCHF I A dis,Raiffeisen ETF - Solid Gold Ounces A USD,UBS CH Fund Solutions III UBS Gold hCHF A acc,Raiffeisen ETF - Solid Gold Reliable and Traceable,PICTET CH Physical Gold-PDYEUR,BKB Physical Gold Fairtrade Max Havelaar Class I CHF H,Raiffeisen ETF - Solid Gold HSF CHF,UBS CH Fund Solutions III UBS Gold Income Maximizer  hCHF A dis,PICTET CH Physical Gold-HIDYJPY,Swisscanto CH Gold ETF AA GBP,PICTET CH Physical Gold-HPCHF,UBS Carbon Compensated Gold ETF,UBS CH Fund Solutions III UBS Gold Income Maximizer  CHF A dis,The Royal Mint Responsibly Sourced Physical CHF Hedged Gold ETC,UBS CH Fund Solutions III UBS Gold Income Maximizer CHF I A dis ‡,PICTET CH Physical Gold-RDYEUR,PICTET CH Physical Gold-HPEUR,UBS CH Fund Solutions III UBS Gold hEUR I A acc,Raiffeisen ETF - Solid Gold  ‡,BKB Physical Gold Fairtrade Max Havelaar Class A CHF,UBS CH Fund Solutions III UBS Gold hEUR I B acc,PICTET CH Physical Gold-HZCHF,PICTET CH Physical Gold-RDYCHF,PICTET CH Physical Gold-PSGD,PICTET CH Physical Gold-PHKD,PICTET CH Physical Gold-PRMB,PICTET CH Physical Gold-ISGD,UBS ETF CH-Gold USD,Swisscanto ETF Precious Metal Physical Gold USD A  ‡,UBAM CH - Gold+ IHD,Swisscanto ETF Precious Metal Physical Gold USD AX,Swisscanto ETF Precious Metal Physical Gold EUR A,Swisscanto ETF Precious Metal Physical Gold EUR AX,Swisscanto ETF Precious Metal Physical Gold CHF A,Swisscanto ETF Precious Metal Physical Gold GBP A,Swisscanto ETF Precious Metal Physical Gold CHF AX,Swisscanto ETF Precious Metal Physical Gold GBP AX,UBAM CH - Gold+ A USD  ‡,UBAM CH - Gold+ AHD,UBAM CH - Gold+ AH EUR,UBAM CH - Gold+ IHD USD,CSIF CH II Gold Income Maximizer Blue Class IA CHF INC,CSIF CH II Gold Income Maximizer Blue Class IAH CHF INC,WisdomTree Physical Gold EUR Daily Hedged,Royal Mint Responsibly Sourced Physical Gold ETC,Safe Port Physical Gold 95+ Fund,Safe Port Precious Metals 95+ Fund,SafePort PM Value Fund,Huaan Yifu Gold ETF,Bosera Gold Exchange Trade Open-End Fund ETF,Guotai Gold ETF,E Fund Gold Tradable Open-end Securities Investment Fund,ChinaAMC Gold ETF,ICBC Credit Suisse Gold Fund,Fullgoal Shanghai Gold ETF,GF Shanghai Gold ETF,CCB Principal Shanghai Gold,BOC Shanghai Gold,Tianhong Shanghai Gold ETF,Harvest Shanghai Gold ETF,First Seafront Gold ETF,China Southern Shanghai Gold ETF,Bosera Gold ETF I,Bosera Gold ETF d,Ping An Shanghai Gold ETF,Da Cheng Shanghai Gold ETF,Japan Physical Gold ETF,Nippon India ETF Gold BeES,ICICI Prudential Gold iWIN ETF,SBI-ETF Gold,HDFC Gold Exchange Traded Fund,Kotak Gold ETF,Tata Gold Exchange Traded Fund,AXIS GOLD ETF,UTI-Gold Exchange Traded Fund,Mirae Asset Gold ETF,Aditya Birla Sun Life Gold ETF,Zerodha Gold ETF,DSP Gold ETF,Motilal Oswal Gold ETF,Edelweiss Gold ETF,LIC MF Gold ETF,Invesco India Gold Exchange Traded Fund,Quantum Gold Fund,Groww Gold ETF,Baroda BNP Paribas Gold ETF,Union Gold ETF,360 One Gold ETF,Bandhan Gold ETF,Angel One Gold ETF,Choice Gold ETF,The Wealth Company Gold ETF,Canara Robeco Gold Exchange Traded Fund,Motilal Oswal MOSt Shares Gold ETF,R*Shares Gold Exchange Traded Fund,KIM Ace KRX Physical Gold ETF,Mirae Asset TIGER Gold Spot,ValueGold ETF,Hang Seng Gold ETF,Hang Seng RMB Gold ETF,ETFS Physical Gold ETF,TradePlus Shariah Gold Tracker,Bualuang CHAY Gold ETF,ThaiDEX GOLD ETF,K Gold ETF,Thanachart Gold ETF,Global X Physical Gold Structured,Perth Mint Gold Structured Product,BetaShares Gold Bullion ETF Currency Hedged,Global X Bullion ETF,Global X Gold Bullion (Currency Hedged) ETF,VanEck Gold Bullion ETF,ANZ ETFS Physical Gold ETF,NewGold Issuer Ltd,1nvest Gold ETF,Istanbul Gold Exchange Traded Fund,Kuveyt Turk Katilim Bankasi A.S.B Tipi Altin Borsa Yatirim Fonu,Albilad Gold ETF,Dubai Gold Securities LLP
4,2003-03-31 00:00:00,340.55,264546.56085358,8.22831781,88583415.870309,,,,,,,,,,,,,,,8.12820938,,,,,,,,,,,,0.06899009,,,,,,,,,,,,,,,,,,,,,,,,,,,,,,,,,,,,,,,,,,,,,,,,,,,,,,,,,,,,,,,,,,,,,,,,,,,,,,,,,,,,,,,,,,,,,,,,,,,,,,,,,,,,,,,,,,,,,,,,,,,,,,,,,,,,,,,,,,,,,,,,,,,,,,,,,,,,,,,,,,,,,,,,,,,,,,,,0.03111834,,,,,,,,,,,,
5,2003-04-30 00:00:00,328.07272727,321831.72428388,10.01008556,108376833.16664,,,,,,,,,,,,,,,1.11092288,,,,,,,,,,,,0,,,,,,,,,,,,,,,,,,,,,,,,,,,,,,,,,,,,,,,,,,,,,,,,,,,,,,,,,,,,,,,,,,,,,,,,,,,,,,,,,,,,,,,,,,,,,,,,,,,,,,,,,,,,,,,,,,,,,,,,,,,,,,,,,,,,,,,,,,,,,,,,,,,,,,,,,,,,,,,,,,,,,,,,,,,,,,,,0.67084487,,,,,,,,,,,,
6,2003-05-31 00:00:00,355.66590909,375806.00061424,11.68887321,135816288.1466,,,,,,,,,,,,,,,0,,,,,,,,,,,,0,,,,,,,,,,,,,,,,,,,,,,,,,,,,,,,,,,,,,,,,,,,,,,,,,,,,,,,,,,,,,,,,,,,,,,,,,,,,,,,,,,,,,,,,,,,,,,,,,,,,,,,,,,,,,,,,,,,,,,,,,,,,,,,,,,,,,,,,,,,,,,,,,,,,,,,,,,,,,,,,,,,,,,,,,,,,,,,,1.67878765,0,,,,,,,,,,,
7,2003-06-30 00:00:00,356.35238095,392412.90934748,12.20540581,135774866.64479,,,,,,,,,,,,,,,0,,,,,,,,,,,,0,,,,,,,,,,,,,,,,,,,,,,,,,,,,,,,,,,,,,,,,,,,,,,,,,,,,,,,,,,,,,,,,,,,,,,,,,,,,,,,,,,,,,,,,,,,,,,,,,,,,,,,,,,,,,,,,,,,,,,,,,,,,,,,,,,,,,,,,,,,,,,,,,,,,,,,,,,,,,,,,,,,,,,,,,,,,,,,,0.50381254,0.01272006,,,,,,,,,,,
8,2003-07-31 00:00:00,351.01956522,412413.03070391,12.82747912,146303522.56529,,,,,,,,,,,,,,,0,,,,,,,,,,,,0,,,,,,,,,,,,,,,,,,,,,,,,,,,,,,,,,,,,,,,,,,,,,,,,,,,,,,,,,,,,,,,,,,,,,,,,,,,,,,,,,,,,,,,,,,,,,,,,,,,,,,,,,,,,,,,,,,,,,,,,,,,,,,,,,,,,,,,,,,,,,,,,,,,,,,,,,,,,,,,,,,,,,,,,,,,,,,,,0.6045181,0.01755521,,,,,,,,,,,
9,2003-08-31 00:00:00,359.71904762,429292.04438743,13.35247513,161242094.49253,,,,,,,,,,,,,,,0,,,,,,,,,,,,0,,,0,,,,,,,,,,,,,,,,,,,,,,,,,,,,,,,,,,,,,,,,,,,,,,,,,,,,,,,,,,,,,,,,,,,,,,,,,,,,,,,,,,,,,,,,,,,,,,,,,,,,,,,,,,,,,,,,,,,,,,,,,,,,,,,,,,,,,,,,,,,,,,,,,,,,,,,,,,,,,,,,,,,,,,,,,,,,,0.52499601,0,,,,,,,,,,,
10,2003-09-30 00:00:00,378.94545455,496012.93110274,15.42772668,192453017.23658,,,,,,,,,,,,,,,0,,,,,,,,,,,,0,,,0,,,,,,,,,,,,,,,,,,,,,,,,,,,,,,,,,,,,,,,,,,,,,,,,,,,,,,,,,,,,,,,,,,,,,,,,,,,,,,,,,,,,,,,,,,,,,,,,,,,,,,,,,,,,,,,,,,,,,,,,,,,,,,,,,,,,,,,,,,,,,,,,,,,,,,,,,,,,,,,,,,,,,,,,,,,,,2.07339556,0.00185599,,,,,,,,,,,
11,2003-10-31 00:00:00,378.91956522,533428.44412139,16.59147922,206036736.48265,,,,,,,,,,,,,,,0,,,,,,,,,,,,0,,,0,,,,,,,,,,,,,,,,,,,,,,,,,,,,,,,,,,,,,,,,,,,,,,,,,,,,,,,,,,,,,,,,,,,,,,,,,,,,,,,,,,,,,,,,,,,,,,,,,,,,,,,,,,,,,,,,,,,,,,,,,,,,,,,,,,,,,,,,,,,,,,,,,,,,,,,,,,,,,,,,,,,,,,,,,,,,,1.15200791,0.01174463,,,,,,,,,,,
12,2003-11-30 00:00:00,389.91,557983.42412109,17.35522447,222272700.39557,,,,,,,,,,,,,,,0,,,,,,,,,,,,0,,,0,,,,,,,,,,,,,,,,,,,,,,,,,,,,,,,,,,,,,,,,,,,,,,,,,,,,,,,,,,,,,,,,,,,,,,,,,,,,,,,,,,,,,,,,,,,,,,,,,,,,,,,,,,,,,,,,,,,,,,,,,,,,,,,,,,,,,,,,,,,,,,,,,,,,,,,,,,,,,,,,,,,,,,,,,,,,,0.76374525,0,,,,,,,,,,,
13,2003-12-31 00:00:00,407.90217391,1364811.8364511,42.45039325,568363300.02892,,,,,,,,,,,,,,,0,,,,,,,,,,,,0.23969475,,,0,,,,,23.48493829,,,,,,,,,,,,,,,,,,,,,,,,,,,,,,,,,,,,,,,,,,,,,,,,,,,,,,,,,,,,,,,,,,,,,,,,,,,,,,,,,,,,,,,,,,,,,,,,,,,,,,,,,,,,,,,,,,,,,,,,,,,,,,,,,,,,,,,,,,,,,,,,,,,,,,,,,,,,,,,,,,,,,,,,0.09528348,1.27525226,,,,,,,,,,,
14,2004-01-31 00:00:00,413.94545455,1389021.0348496,43.20338349,555261158.58021,,,,,,,,,,,,,,,0,,,,,,,,,,,,0,,,0,,,,,0.77197212,,,,,,,,,,,,,,,,,,,,,,,,,,,,,,,,,,,,,,,,,,,,,,,,,,,,,,,,,,,,,,,,,,,,,,,,,,,,,,,,,,,,,,,,,,,,,,,,,,,,,,,,,,,,,,,,,,,,,,,,,,,,,,,,,,,,,,,,,,,,,,,,,,,,,,,,,,,,,,,,,,,,,,,,-0.01898188,0,,,,,,,,,,,
15,2004-02-29 00:00:00,404.8775,1456584.3058486,45.30483612,576588901.33992,,,,,,,,,,,,,,,0,,,,,,,,,,,,0,,,0,,,,,1.54937646,,,,,,,,,,,,,,,,,,,,,,,,,,,,,,,,,,,,,,,,,,,,,,,,,,,,,,,,,,,,,,,,,,,,,,,,,,,,,,,,,,,,,,,,,,,,,,,,,,,,,,,,,,,,,,,,,,,,,,,,,,,,,,,,,,,,,,,,,,,,,,,,,,,,,,,,,,,,,,,,,,,,,,,,0.55207617,0,,,,,,,,,,,
16,2004-03-31 00:00:00,406.6673913,1902716.4930239,59.18109824,806180985.52481,,,,,,,,,,,,,,,0,,,,,,,,,,,,0,,,0,,,,,14.30049746,,,,,,,,,,,,,,,,,,,,,,,,,,,,,,,,,,,,,,,,,,,,,,,,,,,,,,,,,,,,,,,,,,,,,,,,,,,,,,,,,,,,,,,,,,,,,,,,,,,,,,,,,,,,,,,,,,,,,,,,,,,,,,,,,,,,,,,,,,,,,,,,,,,,,,,,,,,,,,,,,,,,,,,,-0.48985773,0.06562239,,,,,,,,,,,
17,2004-04-30 00:00:00,404.73636364,2621540.032128,81.53900949,1018468302.4831,,,,,,,,,,,,,,,0,,,,,,,,,,,,0,,,0,,,,,22.37341545,,,,,,,,,,,,,,,,,,,,,,,,,,,,,,,,,,,,,,,,,,,,,,,,,,,,,,,,,,,,,,,,,,,,,,,,,,,,,,,,,,,,,,,,,,,,,,,,,,,,,,,,,,,,,,,,,,,,,,,,,,,,,,,,,,,,,,,,,,,,,,,,,,,,,,,,,,,,,,,,,,,,,,,,-0.03596486,0.02046066,,,,,,,,,,,
18,2004-05-31 00:00:00,384.4547619,2041021.4485072,63.48286321,802631684.59329,,,,,,,,,,,,,,,0,,,,,,,,,,,,0,,,0,,,,,-18.03430037,,,,,,,,,,,,,,,,,,,,,,,,,,,,,,,,,,,,,,,,,,,,,,,,,,,,,,,,,,,,,,,,,,,,,,,,,,,,,,,,,,,,,,,,,,,,,,,,,,,,,,,,,,,,,,,,,,,,,,,,,,,,,,,,,,,,,,,,,,,,,,,,,,,,,,,,,,,,,,,,,,,,,,,,-0.04323347,0.02138756,,,,,,,,,,,
19,2004-06-30 00:00:00,392.37272727,1928697.5402871,59.98919914,763378462.83621,,,,,,,,,,,,,,,0,,,,,,,,,,,,0,,,0,,,,,-3.44651783,,,,,,,,,,,,,,,,,,,,,,,,,,,,,,,,,,,,,,,,,,,,,,,,,,,,,,,,,,,,,,,,,,,,,,,,,,,,,,,,,,,,,,,,,,,,,,,,,,,,,,,,,,,,,,,,,,,,,,,,,,,,,,,,,,,,,,,,,,,,,,,,,,,,,,,,,,,,,,,,,,,,,,,,-0.05277454,0.0056283,,,,,,,,,,,
20,2004-07-31 00:00:00,398.09090909,1917777.1935839,59.64953839,750617981.87681,,,,,,,,,,,,,,,0,,,,,,,,,,,,0,,,0,,,,,-2.71150967,,,,,,,,,,,,,,,,,,,,,,,,,,,,,,,,,,,,,,,,,,,,,,,,,,,,,,,,,,,,,,,,,,,,,,,,,,,,,,,,,,,,,,,,,,,,,,,,,,,,,,,,,,,,,,,,,,,,,,,,,,,,,,,,,,,,,,,,,,,,,,,,,,,,,,,,,,,,,,,,,,,,,,,,2.37184892,0,,,,,,,,,,,
21,2004-08-31 00:00:00,400.71818182,1850829.8839496,57.5672443,753750470.21051,,,,,,,,,,,,,,,0,,,,,,,,,,,,0,,,0,,,,,0.26401879,,,,,,,,,,,,,,,,,,,,,,,,,,,,,,,,,,,,,,,,,,,,,,,,,,,,,,,,,,,,,,,,,,,,,,,,,,,,,,,,,,,,,,,,,,,,,,,,,,,,,,,,,,,,,,,,,,,,,,,,,,,,,,,,,,,,,,,,,,,,,,,,,,,,,,,,,,,,,,,,,,,,,,,,-2.35383139,0.00751851,,,,,,,,,,,
22,2004-09-30 00:00:00,405.275,1870708.6902509,58.18554429,777560055.6373,,,,,,,,,,,,,,,0,,,,,,,,,,,,0,,,0,,,,,0.60519084,,,,,,,,,,,,,,,,,,,,,,,,,,,,,,,,,,,,,,,,,,,,,,,,,,,,,,,,,,,,,,,,,,,,,,,,,,,,,,,,,,,,,,,,,,,,,,,,,,,,,,,,,,,,,,,,,,,,,,,,,,,,,,,,,,,,,,,,,,,,,,,,,,,,,,,,,,,,,,,,,,,,,,,,0.01177136,0.00133779,,,,,,,,,,,
23,2004-10-31 00:00:00,420.46428571,2212030.816347,68.80184911,941329686.88329,,,,,,,,,,,,,,,0,,,,,,,,,,,,0,,,0,,,,,11.23888454,,,,,,,,,,,,,,,,,,,,,,,,,,,,,,,,,,,,,,,,,,,,,,,,,,,,,,,,,,,,,,,,,,,,,,,,,,,,,,,,,,,,,,,,,,,,,,,,,,,,,,,,,,,,,,,,,,,,,,,,,,,,,,,,,,,,,,,,,,,,,,,,,,,,,,,,,,,,,,,,,,,,,,,,-0.62257972,0,,,,,,,,,,,
24,2004-11-30 00:00:00,439.375,5515658.6140042,171.55615957,2500799581.9744,103.55173506,,,,,,,,,,,,,,0,,,,,,,,,,,,0,,,0,,,,,-3.52918628,,,,,,,,,,,,,,,,,,,,,,,,,,,,,,,,,,,,,,,,,,,,,,,,,,,,,,,,,,,,,,,,,,,,,,,,,,,,,,,,,,,,,,,,,,,,,,,,,,,,,,,,,,,,,,,,,,,,,,,,,,,,,,,,,,,,,,,,,,,,,,,,,,,,,,,,,,,,,,,,,,,,,,,,0.00849103,-0.01722146,,,,,,2.74049211,,,,,
25,2004-12-31 00:00:00,441.9173913,5398413.6417779,167.9094333,2364505175.1471,-8.72944854,,,,,,,,,,,,,,0,,,,,,,,,,,,0.23302799,,,0,,,,,4.35695379,,,,,,,,,,,,,,,,,,,,,,,,,,,,,,,,,,,,,,,,,,,,,,,,,,,,,,,,,,,,,,,,,,,,,,,,,,,,,,,,,,,,,,,,,,,,,,,,,,,,,,,,,,,,,,,,,,,,,,,,,,,,,,,,,,,,,,,,,,,,,,,,,,,,,,,,,,,,,,,,,,,,,,,,0.11357173,0.14052939,,,,,,0.23863937,,,,,
26,2005-01-31 00:00:00,424.6952381,7202595.1889275,224.02575214,3040575514.9889,57.14761593,1.08771914,,,,,,,,,,,,,0,,,,,,,,,,,,0,,,0,,,,,-2.09689098,,,,,,,,,,,,,,,,,,,,,,,,,,,,,,,,,,,,,,,,,,,,,,,,,,,,,,,,,,,,,,,,,,,,,,,,,,,,,,,,,,,,,,,,,,,,,,,,,,,,,,,,,,,,,,,,,,,,,,,,,,,,,,,,,,,,,,,,,,,,,,,,,,,,,,,,,,,,,,,,,,,,,,,,-0.03180795,-0.00165972,,,,,,0.01134242,,,,,
27,2005-02-28 00:00:00,423.35,8724464.6683611,271.36118414,3799068246.2583,5.8724699,45.97020776,,,,,,,,,,,,,0,,,,,,,,,,,,0,,,0,,,,,-4.62226502,,,,,,,,,,,,,,,,,,,,,,,,,,,,,,,,,,,,,,,,,,,,,,,,,,,,,,,,,,,,,,,,,,,,,,,,,,,,,,,,,,,,,,,,,,,,,,,,,,,,,,,,,,,,,,,,,,,,,,,,,,,,,,,,,,,,,,,,,,,,,,,,,,,,,,,,,,,,,,,,,,,,,,,,0.00689668,0.12074215,,,,,,-0.01261947,,,,,
28,2005-03-31 00:00:00,433.52391304,8243676.1452403,256.40698948,3524171552.036,6.15349186,-25.33132986,,,,,,,,,,,,,0,,,,,,,,,,,,0,,,0,,,,,4.34286881,,,,,,,,,,,,,,,,,,,,,,,,,,,,,,,,,,,,,,,,,,,,,,,,,,,,,,,,,,,,,,,,,,,,,,,,,,,,,,,,,,,,,,,,,,,,,,,,,,,,,,,,,,,,,,,,,,,,,,,,,,,,,,,,,,,,,,,,,,,,,,,,,,,,,,,,,,,,,,,,,,,,,,,,-0.0028023,0.00114899,,,,,,-0.11757216,,,,,
29,2005-04-30 00:00:00,429.23333333,8368433.8438326,260.28738766,3646126728.0052,14.83120397,-9.33660559,,,,,,,,,,,,,0,,,,,,,,,,,,0,,,0,,,,,-2.00798176,,,,,,,,,,,,,,,,,,,,,,,,,,,,,,,,,,,,,,,,,,,,,,,,,,,,,,,,,,,,,,,,,,,,,,,,,,,,,,,,,,,,,,,,,,,,,,,,,,,,,,,,,,,,,,,,,,,,,,,,,,,,,,,,,,,,,,,,,,,,,,,,,,,,,,,,,,,,,,,,,,,,,,,,0.37361783,0,,,,,,0.02016373,,,,,
30,2005-05-31 00:00:00,422.33636364,8329112.0239905,259.06434235,3452000579.9936,0.27191656,0.19398932,,,,,,,,,,,,,0,,,,,,,,,,,,0,,,0,,,,,-1.62779135,,,,,,,,,,,,,,,,,,,,,,,,,,,,,,,,,,,,,,,,,,,,,,,,,,,,,,,,,,,,,,,,,,,,,,,,,,,,,,,,,,,,,,,,,,,,,,,,,,,,,,,,,,,,,,,,,,,,,,,,,,,,,,,,,,,,,,,,,,,,,,,,,,,,,,,,,,,,,,,,,,,,,,,,-0.00174831,-0.02129114,,,,,,-0.03812039,,,,,
31,2005-06-30 00:00:00,430.65681818,8517121.7459681,264.91209837,3722833963.3173,-3.80659489,-0.19951721,,,,,,,,,,,,,10.03230202,,,,,,,,,,,,0,,,0,,,,,-0.17916223,,,,,,,,,,,,,,,,,,,,,,,,,,,,,,,,,,,,,,,,,,,,,,,,,,,,,,,,,,,,,,,,,,,,,,,,,,,,,,,,,,,,,,,,,,,,,,,,,,,,,,,,,,,,,,,,,,,,,,,,,,,,,,,,,,,,,,,,,,,,,,,,,,,,,,,,,,,,,,,,,,,,,,,,-0.01856098,0.00337978,,,,,,0.01590953,,,,,
32,2005-07-31 00:00:00,424.47857143,8990938.4513848,279.64944526,3857112595.6447,12.35727808,1.37592482,,,,,,,,,,,,,0,,,,,,,,,,,,0,,,0,,,,,0.96242586,,,,,,,,,,,,,,,,,,,,,,,,,,,,,,,,,,,,,,,,,,,,,,,,,,,,,,,,,,,,,,,,,,,,,,,,,,,,,,,,,,,,,,,,,,,,,,,,,,,,,,,,,,,,,,,,,,,,,,,,,,,,,,,,,,,,,,,,,,,,,,,,,,,,,,,,,,,,,,,,,,,,,,,,0.02509879,0,,,,,,0.01661934,,,,,
33,2005-08-31 00:00:00,437.87826087,9216088.0380971,286.6523802,3992870142.4798,6.76145599,0.06308792,,,,,,,,,,,,,0,,,,,,,,,,,,0,,,0,,,,,0.12277857,,,,,,,,,,,,,,,,,,,,,,,,,,,,,,,,,,,,,,,,,,,,,,,,,,,,,,,,,,,,,,,,,,,,,,,,,,,,,,,,,,,,,,,,,,,,,,,,,,,,,,,,,,,,,,,,,,,,,,,,,,,,,,,,,,,,,,,,,,,,,,,,,,,,,,,,,,,,,,,,,,,,,,,,-0.04378029,0.0678759,,,,,,0.03151685,,,,,
34,2005-09-30 00:00:00,456.04772727,9708461.5014696,301.96690678,4594529405.4304,12.94565077,1.8532675,,,,,,,,,,,,,0,,,,,,,,,,,,0,,,0,,,,,0.438192,,,,,,,,,,,,,,,,,,,,,,,,,,,,,,,,,,,,,,,,,,,,,,,,,,,,,,,,,,,,,,,,,,,,,,,,,,,,,,,,,,,,,,,,,,,,,,,,,,,,,,,,,,,,,,,,,,,,,,,,,,,,,,,,,,,,,,,,,,,,,,,,,,,,,,,,,,,,,,,,,,,,,,,,0.06307731,0.05265101,,,,,,-0.03831201,,,,,
35,2005-10-31 00:00:00,469.89761905,10019702.766608,311.64759224,4716775077.4292,3.98036546,2.70585696,,,,,,,,,,,,,0,,,,,,,,,,,,0,,,0,,,,,2.86343714,,,,,,,,,,,,,,,,,,,,,,,,,,,,,,,,,,,,,,,,,,,,,,,,,,,,,,,,,,,,,,,,,,,,,,,,,,,,,,,,,,,,,,,,,,,,,,,,,,,,,,,,,,,,,,,,,,,,,,,,,,,,,,,,,,,,,,,,,,,,,,,,,,,,,,,,,,,,,,,,,,,,,,,,0.09184782,0.03597916,,,,,,0.00319892,,,,,
36,2005-11-30 00:00:00,476.66590909,10860347.801684,337.79457556,5382931321.5653,17.87662922,1.10387044,,,,,,,,,,,,,0,,,,,,,,,,,,0,,,0,,,,,6.86963426,,,,,,,,,,,,,,,,,,,,,,,,,,,,,,,,,,,,,,,,,,,,,,,,,,,,,,,,,,,,,,,,,,,,,,,,,,,,,,,,,,,,,,,,,,,,,,,,,,,,,,,,,,,,,,,,,,,,,,,,,,,,,,,,,,,,,,,,,,,,,,,,,,,,,,,,,,,,,,,,,,,,,,,,0.1455946,0.03420404,,,,,,0.11705076,,,,,
37,2005-12-31 00:00:00,509.34318182,12436241.605872,386.81035189,6379791943.85,33.98045574,2.84788656,,,,,,,,,,,,,0,,,,,,,,,,,,0,,,0,,,,,7.25863757,,,,,,,,,,,,,,,,,,,,,,,,,,,,,,,,,,,,,,,,,,,,,,,,,,,,,,,,,,,,,,,,,,,,,,,,,,,,,,,,,,,,,,,,,,,,,,,,,,,,,,,,,,,,,,,,,,,,,,,,,,,,,,,,,,,,,,,,,,,,,,,,,,,,,,,,,,,,,,,,,,,,,,,,0.24683045,0,,,,,,4.68196601,,,,,
38,2006-01-31 00:00:00,548.18863636,15031671.179802,467.53723535,8549262983.528,70.48004555,6.26826276,,,,,,,,,,,,,0,,,,,,,,,,,,0.16729422,,,0,,,,,1.93106737,,,,,,,,,,,,,,,,,,,,,,,,,,,,,,,,,,,,,,,,,,,,,,,,,,,,,,,,,,,,,,,,,,,,,,,,,,,,,,,,,,,,,,,,,,,,,,,,,,,,,,,,,,,,,,,,,,,,,,,,,,,,,,,,,,,,,,,,,,,,,,,,,,,,,,,,,,,,,,,,,,,,,,,,0.04579571,0.02998321,,,,,,1.80443464,,,,,
39,2006-02-28 00:00:00,554.995,15713903.826884,488.75704264,8736930527.6194,9.2167227,5.8469694,,,,,,,,,,,,,0,,,,,,,,,,,,0,,,0,,,,,5.04632397,,,,,,,,,,,,,,,,,,,,,,,,,,,,,,,,,,,,,,,,,,,,,,,,,,,,,,,,,,,,,,,,,,,,,,,,,,,,,,,,,,,,,,,,,,,,,,,,,,,,,,,,,,,,,,,,,,,,,,,,,,,,,,,,,,,,,,,,,,,,,,,,,,,,,,,,,,,,,,,,,,,,,,,,0.27827737,0.01051788,,,,,,0.82099597,,,,,
40,2006-03-31 00:00:00,557.09347826,16033649.942203,498.70225851,9331584266.3837,4.84993855,0.98643549,,,,,,,,,,,,,0,,,,,,,,,,,,0,,,0,,,,,0.47754937,,,,,,,,,,,,,,,,,,,,,,,,,,,,,,3.27787998,,,,,,,,,,,,,,,,,,,,,,,,,,,,,,,,,,,,,,,,,,,,,,,,,,,,,,,,,,,,,,,,,,,,,,,,,,,,,,,,,,,,,,,,,,,,,,,,,,,,,,,,,,,,,,,,,,,,,,,,,,,,,,,,,,,,,,,,,,0.06711249,0.00507434,,,,,,0.28122565,,,,,
41,2006-04-30 00:00:00,608.8875,16852691.097591,524.17728606,10853133066.754,10.6772297,4.02820115,,,,,,,,,,,,,0,,,,,,,,,,,,0,,,0,,,,,5.76328666,,,,,,,,,,,,,,,,,,,,,,,,,,,,,,4.55020925,,,,,,,,,,,,,,,,,,,,,,,,,,,,,,,,,,,,,,,,,,,,,,,,,,,,,,,,,,,,,,,,,,,,,,,,,,,,,,,,,,,,,,,,,,,,,,,,,,,,,,,,,,,,,,,,,,,,,,,,,,,,,,,,,,,,,,,,,,0.20418034,0,,,,,,0.25192045,,,,,
42,2006-05-31 00:00:00,672.58695652,16621412.026339,516.98370284,10853782052.982,-6.88376163,0.40776329,,,,,,,,,,,,,0,,,,,,,,,,,,0,,,0,,,,,-2.01694914,,,,,,,,,,,,,,,,,,,,,,,,,,,,,,0.95560406,,,,,,,,,,,,,,,,,,,,,,,,,,,,,,,,,,,,,,,,,,,,,,,,,,,,,,,,,,,,,,,,,,,,,,,,,,,,,,,,,,,,,,,,,,,,,,,,,,,,,,,,,,,,,,,,,,,,,,,,,,,,,,,,,,,,,,,,,,0.35501673,0.03574215,,,,,,-0.04699868,,,,,
43,2006-06-30 00:00:00,596.14545455,17603173.843712,547.51990872,10799547153.106,20.26180809,1.25963314,,,,,,,,,,,,,0,,,,,,,,,,,,0,,,0,,,,,3.78152849,,,,,,,,,,,,,,,,,,,,,,,,,,,,,,4.91568577,,,,,,,,,,,,,,,,,,,,,,,,,,,,,,,,,,,,,,,,,,,,,,,,,,,,,,,,,,,,,,,,,,,,,,,,,,,,,,,,,,,,,,,,,,,,,,,,,,,,,,,,,,,,,,,,,,,,,,,,,,,,,,,,,,,,,,,,,,0.25130205,0.01273654,,,,,,0.0535118,,,,,
44,2006-07-31 00:00:00,633.70952381,18063840.94296,561.84825714,11425379396.47,12.87069305,1.02866031,,,,,,,,,,,,,0,,,,,,,,,,,,0,,,0,,,,,-0.2150159,,,,,,,,,,,,,,,,,,,,,,,,,,,,,,0.38823876,,,,,,,,,,,,,,,,,,,,,,,,,,,,,,,,,,,,,,,,,,,,,,,,,,,,,,,,,,,,,,,,,,,,,,,,,,,,,,,,,,,,,,,,,,,,,,,,,,,,,,,,,,,,,,,,,,,,,,,,,,,,,,,,,,,,,,,,,,0.06789223,0.02113811,,,,,,0.16674186,,,,,
45,2006-08-31 00:00:00,632.1,18321732.070997,569.86956785,11423599946.573,7.25082417,1.11772283,,,,,,,,,,,,,0,,,,,,,,,,,,0,,,0,,,,,-0.04409414,,,,,,,,,,,,,,,,,,,,,,,,,,,,,,0.72635956,,,,,,,,,,,,,,,,,,,,,,,,,,,,,,,,,,,,,,,,,,,,,,,,,,,,,,,,,,,,,,,,,,,,,,,,,,,,,,,,,,,,,,,,,,,,,,,,,,,,,,,,,,,,,,,,,,,,,,,,,,,,,,,,,,,,,,,,,,0.13372105,0.01082581,,,,,,-1.17404857,,,,,
46,2006-09-30 00:00:00,598.18571429,18158929.051016,564.8058279,10881738233.776,-5.70270107,-0.22534436,,,,,,,,,,,,,0,,,,,,,,,,,,0,,,0,,,,,-0.61502782,,,,,,,,,,,,,,,,,,,,,,,,,,,,,,0.25310629,,,,,,,,,,,,,,,,,,,,,,,,,,,,,,,,,,,,,,,,,,,,,,,,,,,,,,,,,,,,,,,,,,,,,,,,,,,,,,,,,,,,,,,,,,,,,,,,,,,,,,,,,,,,,,,,,,,,,,,,,,,,,,,,,,,,,,,,,,0.13904199,0,,,,,,0.07866056,,1.00852446,,,
47,2006-10-31 00:00:00,585.77954545,18381517.162348,571.72909205,11097840986.535,2.36440742,-0.5581001,,,,,,,,,,,,,0,,,,,,,,,,,,0,,,0,,,,,6.13449769,,,,,,,,,,,,,,,,,,,,,,,,,,,,,,-0.94050994,,,,,,,,,,,,,,,,,,,,,,,,,,,,,,,,,,,,,,,,,,,,,,,,,,,,,,,,,,,,,,,,,,,,,,,,,,,,,,,,,,,,,,,,,,,,,,,,,,,,,,,,,,,,,,,,,,,,,,,,,,,,,,,,,,,,,,,,,,0.14756503,-0.42062799,,,,,,-0.0075523,,0.20358434,,,
48,2006-11-30 00:00:00,627.82727273,20331040.687614,632.36605173,13148084260.86,52.95149635,-0.02487394,,,,,,,,,,,,,0,,,,,,,,,,,,0,,,0,,,,,6.6655998,,,,,,,,,,,,,,,,,,,,,,,,,,,,,,0.73339987,,,,,,,,,,,,,,,,,,,,,,,,,,,,,,,,,,,,,,,,,,,,,,,,,,,,,,,,,,,,,,,,,,,,,,,,,,,,,,,,,,,,,,,,,,,,,,,,,,,,,,,,,,,,,,,,,,,,,,,,,,,,,,,,,,,,,,,,,,0.34350955,0.00419471,,,,,,-0.02124535,,-0.01512131,,,
49,2006-12-31 00:00:00,628.63809524,20701449.289048,643.88704706,13147137054.468,11.57816585,1.93885534,,,,,,,,,,,,,0,,,,,,,,,,,,0,,,0,,,,,-4.61900572,,,,,,,,,,,,,,,,,,,,,,,,,,,,,,2.0675268,,,,,,,,,,,,,,,,,,,,,,,,,,,,,,,,,,,,,,,,,,,,,,,,,,,,,,,,,,,,,,,,,,,,,,,,,,,,,,,,,,,,,,,,,,,,,,,,,,,,,,,,,,,,,,,,,,,,,,,,,,,,,,,,,,,,,,,,,,0.09041197,0,,,,,,0.36274677,,0.10229432,,,
50,2007-01-31 00:00:00,631.36304348,20642580.214264,642.05601416,13427998429.436,-2.94091505,-0.64745742,,,,,,,,,,,,,0,,,,,,,,,,,,0.42650201,,,0,,,,,0.92401417,,,,,,,,,,,,,,,,,,,,,,,,,,,,,,0.03130907,,,,,,,,,,,,,,,,,,,,,,,,,,,,,,,,,,,,,,,,,,,,,,,,,,,,,,,,,,,,,,,,,,,,,,,,,,,,,,,,,,,,,,,,,,,,,,,,,,,,,,,,,,,,,,,,,,,,,,,,,,,,,,,,,,,,,,,,,,0.09708112,0.1920084,,,,,,0.07623446,,0.01019034,,,
51,2007-02-28 00:00:00,664.745,21745897.986555,676.37303286,14443625708.407,30.99703477,0.84552315,,,,,,,,,,,,,0,,,,,,,,,,,,0,,,0,,,,,0.94497951,,,,,,,,,,,,,,,,,,,,,,,,,,,,,,0.40569279,,,,,,,,,,,,,,,,,,,,,,,,,,,,,,,,,,,,,,,,,,,,,,,,,,,,,,,,,,,,,,,,,,,,,,,,,,,,,,,,,,,,,,,,,,,,,,,,,,,,,,,,,,,,,,,,,,,,,,,,,,,,,,,,,,,,,,,,,,0.68706288,0.02593064,,,,,,0.39891118,,0.01188378,,,
52,2007-03-31 00:00:00,654.89545455,21944099.221924,682.53778038,14521770029.517,2.61231368,0.19015305,,,,,,,,,,,,,0,,,,,,,,,,,,0,,,0,,,,,1.43429008,,,,,,,,,,,,,,,,,,,,,,,,,,,,,,0.22977689,,,,,,,,,,,,,,,,,,,,,,,,,,,,,,,,,,,,,,,,,,,,,,,,,,,,,,,,,,,,,,,,,,,,,,,,,,,,,,,,,,,,,,,,,,,,,,,,,,,1.02838461,,,,,,,,,,,,,,,,,,,,,,,,,,,,,,,,,,,,,,,0.13573753,0,,,,,,0.55437895,,-0.02028727,,,
53,2007-04-30 00:00:00,678.80952381,22400525.3059,696.73421848,15165798468.756,9.38690145,0.13007399,,,,,,,,,,,,,0,,,,,,,,,,,,0,,,0,,,0.21771055,,2.25417202,,,,,,0.11935667,,,,,,,,,,,,,,,,,,,,,,,,0.40988155,,,,,,,,,,,,,,,,,,,,,,,,,,,,,,,,,,,,,,,,,,,,,,,,,,,,,,,,,,,,,,,,,,,,,,,,,,,,,,,,,,,,,,,,,,,,,,,,,,,0.07067073,,,,,,,1.39671077,,,,,,,,,,,,,,,,,,,,,,,,,,,,,,,,0.07428647,0.04201804,,,,,,0.11675645,,-0.02210059,,,
54,2007-05-31 00:00:00,667.31086957,21736409.014882,676.07789285,14326937127.35,-25.10942532,1.1149946,,,,,,,,,,,,,0,,,,,,,,,,,,0,,,0,,,0.46629226,,-0.30604913,,,,,,0.15140111,,,,,,,,,,,,,,,,,,,,,,,,0.94154107,,,,,,,,,,,,,,,,,,,,,,,,,,,,,,,,,,,,,,,,,,,,,,,,,,,,,,,,,,,,,,,,,,,,,,,,,,,,,,,,,,,,,,,,,,,,,,,,,,,0.16676664,,,,,,,0.10358262,,,,,,,,,,,,,,,,,,,,,,,,,,,,,,,,0.37882183,0.00118444,,,,,,1.40436565,,0.0301986,,,
55,2007-06-30 00:00:00,655.49047619,21822483.025831,678.75509385,14196167130.701,-3.8417759,-0.3103479,,,,,,,,,,,,,0,,,,,,,,,,,,0,,,0,,,0.85505269,,2.04903542,,,,,,0.14697874,,,,,,,,,,,,,,,,,,,,,,,,2.84120214,,,,,,,,,,,,,,,,,,,,,,,,,,,,,,,,,,,,,,,,,,,,,,,,,,,,,,,,,,,,,,,,,,,,,,,,,,,,,,,,,,,,,,,,,,,,,,,,,,,0.12479232,,,,,,,0.07833097,,,,,,,,,,,,,,,,,,,,,,,,,,,,,,,,0.38822197,0,,,,,,0.35375926,,-0.00804871,,,
56,2007-07-31 00:00:00,665.29545455,23009116.819324,715.66353048,15313286757.813,32.14909912,0.86778842,,,,,,,,,,,,,0,,,,,,,,,,,,0,,,0,,,0.31031376,,1.5574286,,,,,,0.0731944,,,,,,,,,,,,,,,,,,,,,,,,0.2630766,,,,,,,,,,,,,,,,,,,,,,,,,,,,,,,,,,,,,,,,,,,,,,,,,,,,,,,,,,,,,,,,,,,,,,,,,,,,,,,,,,,,,,,,,,,,,,,,,,,0.02635734,,,,,,,-0.00636842,,,,,,,,,,,,,,,,,,,,,,,,,,,,,,,,0.29158374,0.16275304,,,,,,1.18721671,,0.02599332,,,
57,2007-08-31 00:00:00,665.21304348,23815837.841409,740.75535905,16004741805.472,18.90600184,0.72538636,,,,,,,,,,,,,0,,,,,,,,,,,,0,,,0,,,7.97102125,,-6.5350811,,,,,,-0.0979359,,,,,,,,,,,,,,,,,,,,,,,,1.1951089,,,,,,,,,,,,,,,,,,,,,,,,,,,,,,,,,,,,,,,,,,,,,,,,,,,,,,,,,,,,,,,,,,,,,,,,,,,,,,,,,,,,,,,,,,,,,,,,,,,-0.03565278,,,,0.44574408,,,-0.02432625,,,,,,,,,,,,,,,,,,,,,,,,,,,,,,,,0.09135709,0.10763328,,,,,,2.32407262,,0.01849918,,,
58,2007-09-30 00:00:00,712.6525,26264645.193528,816.92178164,19515090855.443,62.59031065,2.66748366,,,,,,,,,,,,,0,,,,,,,,,,,,0,,,0,,,0.61808281,,7.52250029,,,,,,-0.00099598,,,,,,,,,,,,,,,,,,,,,,,,0.72783452,,,,,,,,,,,,,,,,,,,,,,,,,,,,,,,,,,,,,,,,,,,,,,,,,,,,,,,,,,,,,,,,,,,,,,,,,,,,,,,,,,,,,,,,,,,,,,,,,,,-0.03387791,,,,0.108647,,,-0.0503391,,,,,,,,,,,,,,,,,,,,,,,,,,,,,,,,1.0402522,0,,,,,,1.02913743,,-0.05261298,,,
59,2007-10-31 00:00:00,754.60434783,27326073.081301,849.93587929,21573993366.967,19.47217186,2.46853122,,,,,,,,,,,,,0,,,,,,,,,,,,0,,,0,,,6.14612899,,2.21961356,,,,,,0.02693899,,,,,,,,,,,,,,,,,,,,,,,,0.45242994,,,,,,,,,,,,,,,,,,,,,,,,,,,,,,,,,,,,,,,,,,,,,,,,,,,,,,,,,,,,,,,,,,,,,,,,,,,,,,,,,,,,,,,,,,,,,,,,,,,0.00981162,,,,0.00733517,,,-0.02063624,,,,,,,,,,,,,,,,,,,,,,,,,,,,,,,,1.22084886,0.28983079,,,,,,0.71123999,,0.0098529,,,
60,2007-11-30 00:00:00,806.24772727,27685736.672058,861.12266743,21694366265.988,4.10801261,1.57577314,,,,,,,,,,,,,0,,,,,,,,,,,,0,,,0,,,2.11341849,,-0.89075481,,,,,,0.15376896,,,,,,,,,,,,,,,,,,,,,,,,1.46094679,,,,,,,,,,,,,,,,,,,,,,,,,,,,,,,,,,,,,,,,,,,,,,,,,,,,,,,,,,,,,,,,,,,,,,,,,,,,,,,,,,,,,,,,,,,,,,,,,,,-0.08727113,,,,-0.08065407,,,-0.15389651,,,,,,,,,,,,,,,,,,,,1.4240073,,,,,,,,,,,,0.90976521,-0.01091166,,,,,,0.64735421,,0.01722961,,,
61,2007-12-31 00:00:00,805.7952381,28805530.036894,895.95213434,24085813730.887,26.22946037,1.04009657,,,,,,,,,,,,,0,,,,,,,,,,,,0.44237032,,,0,,,-0.00620331,,0.28190299,,,,,,0.57383718,,,,,,0.2879998,,,,,,,,,,,,,,,,,,1.17804701,,,,,,,,,,,,,,,,,,,,,,,,,,,,,,,,,,,,,,,,,,,,,,,,,,,,,,,,,,,,,,,,,,,,,,,,,,,,,,,,,,,,,,,,,,,,,,,,,,,-0.01735067,,,,-0.04742127,,,-0.00294905,,,,,,,,,,,,,,,,,,,,-0.04569804,,,,,,,,,,,,0.56169585,-0.01867465,,,,,,4.41227902,,-0.03992521,,,
62,2008-01-31 00:00:00,887.28695652,29712430.670509,924.15989713,27432639256.672,4.1010421,3.89504364,,,,,,,,,,,,,0,,,,,,,,,,,,0,,,0,,,1.49484932,,8.15805381,,,,,,0.26297973,,,,,,2.77799805,,,,,,,,,,,,,,,,,,2.99820042,,,,,,,,,,,,,,,,,,,,,,,,,,,,,,,,,,,,,,,,,,,,,,,,,,,,,,,,,,,,,,,,,,,,,,,,,,,,,,,,,,,,,,,,,,,,,,,,,,,-0.05441549,,,,-0.10611233,,,-0.04109287,,,,,,,,,,,,,,,,,,,,-0.14175241,,,,,,,,,,,,0.93815784,0.00950295,,,,,,3.923257,,-0.00794897,,,
63,2008-02-29 00:00:00,922.29761905,30309825.657494,942.74095823,29445567682.111,7.47883728,0.97472312,,,,,,,,,,,,,0,,,,,,,,,,,,0,,,0,,,3.94957353,,2.4432288,,,,,,0.02558764,,,,,,1.72399879,,,,,,,,,,,,,,,,,,0.95007259,,,,,,,,,,,,,,,,,,,,,,,,,,,,,,,,,,,,,,,,,,,,,,,,,,,,,,,,,,,,,,,,,,,,,,,,,,,,,,,,,,,,,,,,,,,,,,,,,,,0,,,,-0.06112366,,,-0.00839335,,,,,,,,,0.02982883,,,,,,,,,,,0,,,,,,,,,,,,1.73195187,0.01547216,,,,,,-0.61480628,,-0.05789022,,,
64,2008-03-31 00:00:00,964.36904762,31128369.156941,968.20050695,29081794387.044,2.02292578,2.85323394,,,,,,,,,,,,,0,,,,,,,,,,,,0,,,0,,,7.72531231,,5.9722124,,,,,,0.1084446,,,,,,2.10899851,,,,,,,,,,,,,,,,,,1.35685599,,,,,,,,,,,,,,,,,,,,,,,,,,,,,,,,,,,,,,,,,,,,,,,,,,,,,,,,,,,,,,,,,,,,,,,,,,,,,,,,,,,,,,,,,,,,,,,,,,,0,,,,0.01094152,,,0.01782303,,,,,,,,,0.00064843,,,,,,,,,,,-0.12962215,,,,,,,,,,,,1.24739338,0.00554246,,,,,,2.1508469,,0.00799162,,,
65,2008-04-30 00:00:00,909.70454545,29212315.723064,908.60458348,25444288224.836,-61.07683224,-0.60235578,,,,,,,,,,,,,0,,,,,,,,,,,,0,,,0,,,0.06969441,,-0.2040351,,,,,,0.23539018,,,,,,0.5729996,,,,,,,,,,,,,,,,,,2.69709869,,,,,,,,,,,,,,,,,,,,,,,,,,,,,,,,,,,,,,,,,,,,,,,,,,,,,,,,,,,,,,,,,,,,,,,,,,,,,,,,,,,,,,,,,,,,,,,,,,,0,,,,0,,,0.01263891,,,,,,,,,0,,,,,,,,,,,0,,,,,,,,,,,,0.57780987,-0.01050917,,,,,,-1.92680354,,0.0589807,,,
66,2008-05-31 00:00:00,888.82954545,29684308.794409,923.28520901,26294584666.744,18.96359548,-0.85681144,,,,,,,,,,,,,0,,,,,,,,,,,,0,,,0,,,2.81075884,,0.0261394,,,,,,0.29907375,,,,,,0.04299997,,,,,,,,,,,,,,,,,,2.03800183,,,,,,,,,,,,,,,,,,,,,,,,,,,,,,,,,,,,,,,,,,,,,,,,,,,,,,,,,,,,,,,,,,,,,,,,,,,,,,,,,,,,,,,,,,,,,,,,,,,0,,,,0.04099446,,,0.02780359,,,,,,,,,-0.03009426,,,,,,,,,,,0.2760595,,,,,,,,,,,,-10.08164138,0,,,,,,1.13991668,,-0.01617089,,,
67,2008-06-30 00:00:00,889.48809524,31287002.936262,973.13456902,29105325480.997,44.74590916,-0.39956155,,,,,,,,,,,,,0,,,,,,,,,,,,0,,,0,,,3.99084193,,-0.1017388,,,,,,-0.02503182,,,,,,1.01999928,,,,,,,,,,,,,,,,,,0.5975046,,,,,,,,,,,,,,,,,,,,,,,,,,,,,,,,,,,,,,,,,,,,,,,,,,,,,,,,,,,,,,,,,,,,,,,,,,,,,,,,,,,,,,,,,,,,,,,,,,,0,,,,0.01049849,,,0.02268314,,,,,,,,,0.04101012,,,,,,,,,,,0.0090106,,,,,,,,,,,,-0.04321186,-0.0065266,,,,,,0.00243968,,-0.01446636,,,
68,2008-07-31 00:00:00,939.77173913,33431814.453767,1039.84566423,30690295625.674,29.20131745,-0.02495952,,,,,,,,,,,,,0,,,,,,,,,,,,0,,,0,,,14.58464396,,5.9970747,,,,,,0.13828909,,,,,,3.46999757,,,,,,,,,,,,,,,,,,11.1509938,,,,,,,,,,,,,,,,,,,,,,,,,,,,,,,,,,,,,,,,,,,,,,,,,,,,,,,,,,,,,,,,,,,,,,,,,,,,,,,,,,,,,,,,,,,,,,,,,,,0,,,,0.01432654,,,-0.01270957,,,,,,,,,0.00190355,,,,,,,,,,,0.06665239,,,,,,,,,,,,0.08392136,0.01243235,,,,,,2.02078029,,0.00643125,,,
69,2008-08-31 00:00:00,838.30952381,32726299.340376,1017.90169129,27262550489.18,-21.99514955,-1.69789636,,,,,,,,,,,,,0,,,,,,,,,,,,0,,,0,,,3.95633085,,-3.8717758,,,,,,-0.30316875,,,,,,0,,,,,,,,,,,,,,,,,,2.60930997,,,,,,,,,,,,,,,,,,,,,,,,,,,,,,,,,,,,,,,,,,,,,,,,,,,,,,,,,,,,,,,,,,,,,,,,,,,,,,,,,,,,,,,,,,,,,,,,,,,0,,,,0.06631849,,,0.07222086,,,,,,,,,0.00681684,,,,,,,,,,,0.29339522,,,,,,,,,,,,1.51726877,0,,,,,,-2.05281364,,-0.54482984,,,
70,2008-09-30 00:00:00,829.93181818,36121650.906123,1123.50892984,31948777490.861,100.07472712,3.49203146,,,,,,,,,,,,,0,,,,,,,,,,,,0,,,0,,,-10.76478855,,0.2475382,,,,,,-0.35009526,,,,,,3.79199733,,,,,,,,,,,,,,,,,,11.13110138,,,,,,,,,,,,,,,,,,,,,,,,,,,,,,,,,,,,,,,,,,,,,,,,,,,,,,,,,,,,,,,,,,,,,,,,,,,,,,,,,,,,,,,,,,,,,,,,,,,0,,,,0.01183287,,,0.06398637,,,,,,,,,0.00317573,,,,,,,,,,,0.05532298,,,,,,,,,,,,-0.02577608,-0.26951975,,,,,,-1.91231958,,0.05802433,,,
71,2008-10-31 00:00:00,806.61956522,37278019.241611,1159.4760055,27242110171.424,-2.25528258,0.55426951,,,,,,,,,,,,,0,,,,,,,,,,,,0,,,0,,,-0.31090278,,4.642578,,,,,,-0.27692149,,,,,,2.85999799,,,,,,,,,,,,,,,,,,29.65172495,,,,,,,,,,,,,,,,,,,,,,,,,,,,,,,,,,,,,,,,,,,,,,,,,,,,,,,,,,,,0.93335969,,0.00765355,0.49948999,0.00783575,0.86508384,,0.00537588,,,,,,,,,,,,,,,,,,,,,,,,,,,,,,,,-0.96155935,,,,-0.00305488,,,-0.06850545,,,,,,,,,-0.00030975,,,,,,,,,,,-0.19983747,,,,,,,,,,,,-0.76877054,-0.0435633,,,,,,0.78150693,,0.04690717,,,
72,2008-11-30 00:00:00,760.8625,37766775.126124,1174.6780128,30761011515.524,8.9686321,2.26929642,,,,,,,,,,,,,0,,,,,,,,,,,,0,,,0,,,2.42082639,,-3.5854293,,,,,,-0.06465076,,,,,,1.11399922,,,,,,,,,,,,,,,,,,2.18059902,,,,,,,,,,,,,,,,,,,,,,,,,,,,,,,,,,,,,,,,,,,,,,,,,,,,,,,,,,,,0.49676786,,0.33141104,0.52726707,0.20271168,0.61563353,,0.00943161,,,,,,,,,,,,,,,,,,,,,,,,,,,,,,,,0,,,,0,,,0.01559713,,,,,,,,,0.00228499,,,,,,,,,,,-0.00979342,,,,,,,,,,,,-0.08356005,0,,,,,,-0.18071483,,-0.0283024,,,
73,2008-12-31 00:00:00,820.91304348,39302639.193148,1222.44872513,33999416230.72,22.06652052,2.65612498,,,,,,,,,,,,,0,,,,,,,,,,,,0.99303003,,,0,,,9.10633003,,-0.6828286,,,,,,-0.05647345,,,,,,2.11799851,,,,,,,,,,,,,,,,,,3.89101345,,,,,,,,,,,,,,,,,,,,,,,,,,,,,,,,,,,,,,,,,,,,,,,,,,,,,,,,,,,,1.30327619,,0.0680262,1.44993093,0.8240296,1.0224576,,0.05194519,,,,,,,,,,,,,,,,,,,,,,,,,,,,,,,,1.80038096,,,,0,,,-0.03743652,,,,,,,,,-0.00021348,,,,,,,,,,,-0.08209049,,,,,,,,,,,,1.15445434,0.00638538,,,,,,0.121698,,-0.00384704,,,
74,2009-01-31 00:00:00,858.97727273,42506183.550518,1322.09009263,39082249408.971,63.38265208,1.11363545,,,,,,,,,,,,,0,,,,,,,,,,,,0,,,0,,,10.28332173,,6.4482787,,,,,,0.0227831,,,,,,3.35199765,,,,,,,,,,,,,,,,,,8.66547827,,,2.17707424,,,,0.84059861,,,,,,,,,,,,,,,,,,,,,,,,,,,,,,,,,,,,,,,,,,,,,,,,,,,,,0.86851756,,0.09301735,0.84165089,-0.01733553,0.57969922,,0.05656578,,,,,,,,,,,,,,,,,,,,,,,,,,,,,,,,-0.06036547,,,,0,,,-0.03160251,,,,,,,,,0.00053858,,,,,,,,,,,-0.08633407,,,,,,,,,,,,0.20766048,0,,,,,,0.94916157,,-0.04562618,,,
75,2009-02-28 00:00:00,943.1625,49696955.446097,1545.74809924,47309161664.936,185.66998791,-2.24725833,,,,,,,,,,,,,0,,,,,,,,,,,,0,,,0,,,4.33650273,,9.3134467,,,,,,0.29047049,,,,,,2.93999793,,,,,,,,,,,,,,,,,,8.65440326,,,2.1695713,,,,3.66673265,,,,,,,,,,,,,,,,,,,,,,,,,,,,,,,,,,,,,,,,,,,,,,,,,,,,,0.98192092,,0.49572586,2.29050273,1.40131127,2.23243653,,0.17884659,,,,,,,,,,,,,,,,,,,,,,,,,,,,,,,,-0.01209217,,,,0,,,-0.07133063,,,,,,,,,-0.00189117,,,,,,,,,,,-0.10264823,,,,,,,,,,,,0.58809024,0,,,,,,0.85493198,,0.02834805,,,
76,2009-03-31 00:00:00,924.27272727,53950615.850361,1678.05172681,49446854878.132,98.06222676,1.1540877,,,,,,,,,,,,,0,,,,,,,,,,,,0,,,0,,,6.06519503,,2.7025295,,,,,,0.16263022,,,,,,1.69399881,,,,,,,,,,,,,,,,,,4.64483535,,,3.43855639,,,,2.62826955,,,,,,,,,,,,,,,,,,,,,,,,,,,,,,,,,,,,,,,,,,,,,,,,,,,,,1.7563122,,3.85243953,2.70038824,0.19696218,3.83315914,,0.09860215,,,,,,,,,,,,,,,,,,,,,,,,,,,,,,,,-0.00433771,,,,-0.0709099,,,-0.04019855,,,,,,,,,-0.00087091,,,,,,,,,,,-0.06250253,,,,,,,,,,,,0.21014796,-1.31794339,,,,,,0.40216728,,0.04185613,,,0.15602644
77,2009-04-30 00:00:00,889.31818182,53872793.4208,1675.63117868,47585837577.193,-22.99136035,0.711902,,,,,,,,,,,,,0,,,,,,,,,,,,0,,,0,,,4.57462804,,-0.9752222,,,,,,-0.1099235,,,,,,0.25799982,,,,,,,,,,,,,,,,,,2.07196906,,,2.94545354,,,,1.08071967,,,,,,,,,,,,,,,,,,,,,,,,,,,,,,,,,,,,,,,,,,,,,,,,,,,,,0.92008199,,0.92660239,5.06742418,0.33674889,3.2634936,,0.24975062,,,,,,,,,,,,,,,,,,,,,,,,,,,,,,,,0.00814421,,,,0,,,-0.00309001,,,,,,,,,-0.00220902,,,,,,,,,,,0.00022308,,,,,,,,,,,,-0.52249161,0.0162,,,,,,-0.735232,,0.48555143,,,0.00208804
78,2009-05-31 00:00:00,928.02380952,55231687.743226,1717.89751667,53879817293.747,14.34177857,1.25326322,,,,,,,,,,,,,0,10.73069949,,,,,,,,,,,0,,,0,,,0.90347236,,0.7366021,,,,,,0.48244409,,,,,,0.68599952,,,,,,,,,,,,,,,,,,-1.61713037,,,1.11512996,,,,1.42333695,,,,,,,,,,,,,,,,,,,,,,,,,,,,,,,,,,,,,,,,,,,,,,,,,,,,,1.10579507,,0.15256504,2.7192385,0.38869935,3.40401889,,0.26181284,,,,,,,,,,,,,,,,,,,,,,,,,,,,,,,,0.03174548,,0,,0,,,-0.00481489,,,,,,,,,0.00195886,,,,,,,,,,,-0.01835181,,,,,,,,,,,,0.37209333,0,,,,,,3.62681556,,0.1737521,,,-0.00458622
79,2009-06-30 00:00:00,945.67045455,55705282.122372,1732.62794844,52058573391.105,1.69142643,0.01082492,,,,,,,,,,,,,0,0.64381268,,,,,,,,,,,0,,,0,,0.01866209,1.64257551,,0.2541695,,,,,,-0.28060943,,,,,,0.89199937,,,,,,,,,,,,,,,,,,-0.83562061,,,2.17457685,,,,0.54587283,,,,,,,,,,,,,,,,,,,,,,,,,,,,,,,,,,,,,,,,,,,,,,,,,,,,,0.36535249,,0.0483577,0.37958307,-0.16157902,1.1436395,,0.001046,,,,,,,,,,,,,,,,,,,,,,,,,,,,,,,,0.1281113,,0.7668695,,0,,,0.00734376,,,,,,,,,0.00918178,,,,,,,,,,,-0.02046167,,,,,,,,,,,,0.21566518,-0.00202799,,,,,,5.08396823,,0.00445454,,,0.00323726
80,2009-07-31 00:00:00,934.22826087,54659421.280161,1700.09804003,51327265765.975,-47.65371636,3.19340904,,,,,,,,,,,,,0,0.8140192,,,,,,,,,,,0,,,0,,0.04664859,-2.85000536,,-3.5004398,,,,,,0.00848833,,,,,,0.76299947,,,,,,,,,,,,,,,,,,1.24389676,,,1.41577319,,,,1.91467452,,,,,,,,,,,,,,,,,,,,,,,,,,,,,,,,,,,,,,,,,,,,,,,,,,,,,1.17339399,,0.1527827,2.14329011,0.14292347,1.70015208,0.06787711,0.61395012,0.04537798,,,,,,,,,,,,,,,,,,,,,,,,,,,,,,,0.09280325,,-0.00583362,,0,,,0.00483602,,,,,,,,,0.00309013,,,,,,,,,,,-0.0194498,,,,,,,,,,,,-0.0150531,-0.01345599,,,,,,5.99730613,,-0.00839843,,,-0.00124814
81,2009-08-31 00:00:00,949.66666667,55083708.618446,1713.2948514,52634321647.47,-11.04050445,-0.22755238,,,,,,,,,,,,,0,-0.27308922,,,,,,,,,,,0,,,0,,0.09327636,22.27399203,,-3.5044979,,,,,,0.09244063,,,,,,1.54699891,,,,,,,,,,,,,,,,,,-1.05780056,,,0.04268634,,,,0.7756779,,,,,,,,,,,,,,,,,,,,,,,,,,,,,,,,,,,,,,,,,,,,,,,,,,,,,1.82237048,,-0.00199722,1.04183033,0.15744387,0.66710806,-0.00174029,0.01347873,-0.00116343,,,,,,,,,,,,,,,,,,,,,,,,,,,,,,,0.05639161,,-0.03240899,,0,,,0.00696134,,,,,,,,,0.00270663,,,,,,,,,,,0.01009606,,,,,,,,,,,,-0.02692165,-0.023879,,,,,,0.78383163,,0.00131969,,,-0.00024414
82,2009-09-30 00:00:00,996.59090909,57310755.588886,1782.56375511,57070133552.702,33.52916812,2.41104284,,,3.1094512,,,,,,,,,,0,0.36415863,,,,,,,,,0,,0,,,0,,0.24245805,7.63494941,,4.1163766,,,,,,0.26205351,,,,,,1.20499915,,,,,,,,,,,,,,,,,,0.79511972,,,1.12479665,,,0.0456049,0.55507994,,,,,,,,,,,,2.69318782,,0.01342596,0.00031236,,,,,,0.03201745,,,0.06827428,,,,,0.0752662,,,,,,,,,,,0.00044762,,,,,,,0.00029706,,,,,,0.33754582,,0.71007594,1.11521716,-0.56758624,1.74038552,0.01395062,0.20058862,0.02948406,,,,,,,,,,,,,,,,,,,,,,,,,,,,,,,0.54807253,,-0.18451763,,0.06444742,,,0.08160557,,,,,,,,,0.01044001,,,,,,,,,,,0.04997034,,,,,,,,,,,,0.63229729,-0.03516952,,,,,,6.24157881,,0.00174673,,,0.00028319
83,2009-10-31 00:00:00,1043.15909091,58724621.23888,1826.53989251,61077287688.339,8.19510805,4.22405243,,,2.79550798,,,,,,,,,,0,-0.15468974,,,,,,,,,0,,0,,,0,,1.66522467,-12.88520026,,0.2720121,,,,,,0.22481976,,,,,,0.89199938,,,,,,,,,,,,,,,,,,-1.05574007,,,0.3815715,,,0.06654706,0.1716734,33.21336317,,,1.87262579,,,,,,,1.0532666,0.20721139,,0.07102865,0.00237929,,,,,,-0.00016659,,,9.834e-05,,,,,0.10454958,,,,,,,,,,,0.01186158,,,,,,,0.00330317,,,,,,0.95457572,,-0.00225036,-0.70999152,0.01558807,0.15577634,0.0333361,0.22565293,0.00204155,,,,,,,,,0,0,,,,,,,,,,,,,,,,,,,,,0.10752674,,-0.00236251,,0,,,0.04680671,,,,,,,,,0.00174883,,,,,,,,,,,0.02024193,,,,,,,,,,,,-0.05818517,0,,,,,,1.86771815,,-0.01445429,,,-3.905e-05
84,2009-11-30 00:00:00,1127.03571429,60158847.805266,1871.1493252,70732569869.359,26.49034396,2.35434449,,,1.86043417,,,,,,,,,,0,10.20580306,,,,,,,,,0,,0,,,0,,3.79686325,-0.03162176,,-2.4639692,,,,,,0.12909117,,,,,,-0.02699998,,,,,,,,,,,,,,,,,,-1.58439832,,,1.00072781,,,0.08837056,0.58294666,-0.0097569,,,0.532158,,,,,,,1.01361849,0.19315008,,0.02343206,-4.623e-05,,,,,,0.12283375,,,0.00050951,,,,,-0.02387698,,,,,,,,,,,0.00034779,,,,,,,-8.81e-06,,,,,,-1.82847422,,-0.18794262,0.54366607,-0.85952508,0.65305804,0.09508791,-0.28154364,0.06153375,,,,,,,,,0,0,,,,,,,,,,,,,,,,,,,,,0.003163,,0.01978213,,0,,,0.06271691,,,,,,,,,0.00224214,,,,,,,,,,,0.04160618,,,,,,,,,,,,0.5635155,0.02722426,,,,,,1.47014959,,-0.03048235,,,-0.00064151
85,2009-12-31 00:00:00,1129.44565217,59856946.507236,1861.75914519,66085307244.223,3.57747402,-3.47724545,,,1.70913701,,,,,,,,,,0,-0.0839529,,,,,,,,,0,,0.33854527,,,0,,0.01205005,1.44011358,0.15548921,-5.6055323,,,,,,-0.07230467,,,,,,-0.06599996,,,,,,,,,,,,,,,,,,-5.03274034,,,-0.70517543,,0.23596129,0.04058305,0.27114654,-0.00861446,,,0.04698645,,,,,,,0.26195591,0.50673177,,0.1377121,-0.00035735,,,,,,0.16786402,,,0.00322131,,,,,0.061541,,,,,,,,,,,0.0020556,,,,,,,-0.00027686,,,,,,-0.22167291,,-0.68297214,-1.97553768,-0.37110385,-1.09734833,-0.0035294,-0.05042772,-0.00232359,,,,,,,,,0,0,,,,,,,,,,,,,,,,,,,,,0.66571073,,0.03248397,,0.26391489,,,0.11166638,,,,,,,,,0.00818612,,,,,,,,,,,0.07201444,,,,,,,,,,,,0.29655866,0.02130513,,,,,,-0.41197978,,0.03841448,,,9.213e-05
86,2010-01-31 00:00:00,1117.29761905,59177223.205672,1840.61738727,63826803207.309,-21.69307207,0.93764261,,,0.15234898,,,,,,,,,,0,-0.24246741,,,,,,,,,0,,0,,,0,,-1.11658471,-3.69277252,-4.393e-05,-0.8193101,,,,,,0.09082562,,,,,,0.96099933,,,,,,,,,,,,,,,,,,0.47195561,,0.15548566,0.58018045,0.77980728,0.23713658,-0.00260232,0.28704322,-0.00925479,0.51347125,0.12205108,0.23912405,,,,,,,0.10109988,0.30488518,,0.0159372,0.00059589,,,,,,-0.0006027,0.03131141,,0.04021746,,,,,0.00688456,,,,,0.03113837,,,,,,0.00273679,,,,,,,0.00294074,,,,,0.15547989,0.67577891,,-0.00204658,0.25498587,-0.05606437,-0.5294997,-0.00185009,-0.04427359,-0.00121801,,,,,,,,,0,0,,,,,,,,,,,,,,,,,,,,,0.4616696,,0.02625734,,0.05254695,,,0.18326491,,,,,,,,,0.00745715,,,,,,,,,,,0.04171449,,,,,,,,,,,,0.26996632,0,,,,,,-1.14087362,,0.01591036,,,-7.24e-05
87,2010-02-28 00:00:00,1095.4125,59739114.107754,1858.09414789,66213051238.932,-4.89189035,-2.24830306,,10.65642581,0.30782233,,,,,,,,,,0,-2.33440821,,,,,,,,,0,,0,,,0,,1.80022611,6.15802084,0.03104929,-3.9516941,,,,,,-0.0483609,,,,,,3.46099757,,,,,,,,,,,,,,,,,,-0.64563965,,-0.01401641,1.50869194,1.62779856,0.42423652,0.10445591,-1.0401576,0.05376909,1.83579786,0.10307859,0.5122926,,,,,,,0.31414634,0.15084501,,0.00448078,0.00020323,,,,,,0.20461706,-0.00130697,,0.0015929,,,,,0.01228925,,,,,0.00023453,,,,,,0.02086017,,,,,,,0.00668565,,,,,0.00411119,0.55184147,,0.15236215,0.0438445,0.29150229,2.13848699,0.10457643,-0.0242879,0.07935611,0,0,,,,,,,0,0,,,,,,,,,,,,,,,,,,,,,0.24322185,,0.00507873,,0,,,0.09387743,,,,,,,,,0.00170117,,,,,,,,,,,0.20418384,,,,,,,,,,,,-0.57914338,0,,,,,,0.05240009,,-0.01066389,0,,-0.00052914
88,2010-03-31 00:00:00,1113.33695652,60563184.298679,1883.72559593,67562090083.101,22.75096286,-0.57032034,,0.84226048,0.15188678,,,,,,,,,,0,-6.89209801,,,,,,,,,0,,0,,,0,,0.75810743,-2.88414983,0.13984796,-3.0455843,,,,,,0.31378264,,,,,,0.91299935,,,,,,,,,,,,,,,,,,2.14326925,,0.07300393,0.53326444,0.61442915,0.85778949,1.18949004,1.33556752,0.23866465,0.19586217,0.19402948,0.70398111,,,,,,,0.72792906,0.1465132,,0.03244446,0.00025877,,,,,,0.23462734,0.01440424,,0.00172617,,,,,0.04359164,,,,,-0.00031459,,,,,,0.00632526,,,,,,,1.014e-05,,,,,0.12763998,0.36568364,,2.00392477,0.80953092,1.1297764,1.00402622,-0.00102489,0.20207828,-0.00071289,0,0,,,,,,,0,0,,,,,,,,,,,,,,,,,,,,,0.36147363,,0.01857654,,0.05626702,,,0.07420249,,,,,,,,0.1160679,0.00338702,,,,,,,,,,,-0.18215474,,,,,,,,,,,,0.03085158,0.02364697,,,,,,-2.26630502,,-0.0094719,0,,-0.00057782
89,2010-04-30 00:00:00,1146.39772727,62112767.403068,1931.92301802,73250899993.957,29.18126932,1.86120691,,0.00498701,0.46213888,,,,,,,,,,0,-1.00307974,,,,,,,,,0,,0,,,0,,1.22262294,8.10504848,0.12428533,-1.6921677,,,,,,0.02820759,,,0.35886014,,,7.19299495,,,,,,,,,,,,,,,,,,-0.64321486,,0.00616435,0.49736175,0.46712626,0.52953245,0.11154462,0.7063901,-0.00957428,0.24064196,0.27088965,0.68726878,,,,,,,-0.55431524,0.33883373,,0.11132766,0.0217109,,,,,,-0.27951518,0.00031729,,0.0013972,,,,,0.03825013,,,,,-4.451e-05,,,,,,0.01011311,,,,,,,-9.085e-05,,,,,0.18147994,0.76557369,,0.45907987,-0.22079988,-0.05902927,-0.13821696,0.00159681,-0.04728429,0.00110894,0,0,,,,,,,0,0,,,,,,,,,,,,,,,,,,,,,0.01440963,,0.00191542,,0,,,0.02428887,,,,,,,,0,0.00497809,,,,,,,,,,,0.19990448,,,,,,,,,,,,-0.66769366,-6.19e-05,,,,,,-0.71015278,,-0.01389278,0,,0.00172874
90,2010-05-31 00:00:00,1204.28571429,67558516.18911,2101.30473888,81584966925.241,108.90374382,5.88239609,,6.99835157,2.69610675,,,,,,,,,,0,-0.54012378,,,,,,,,,1.26257319,,0,,,0,,1.60919667,16.75430952,1.46034915,6.8958251,,,,,,-0.12106248,,,0.47734659,,,1.48499896,,,,,,,,,,,,,,,,,,1.88393638,,0.09315083,3.8524858,0.72501288,0.65700412,0.35152282,2.48277504,-0.00962444,0.53376676,0.3102336,-0.00895127,,,,,,,0.50457703,1.9351198,,0.08277944,0.05711299,,,,,,-1.07e-05,-0.00192321,,0.06605425,,,,,0.28157633,,,,,0.02529547,,,,,,0.12273354,,,,,,,-0.00021871,,,,,0.36731182,2.18735307,,0.76941177,-0.12206096,0.81152151,0.34703183,0.06646624,0.33357431,-0.01065477,0,0,,,,,,,0.05640876,0.31936746,,,,,,,,,,,,,,,,,,,,,0.00615839,,-0.01407382,,-0.07490286,,,-0.00802294,,,,,,,,0.02912597,0.00377744,,,,,,,,,,,0.05975005,,,,,,,,,,,,0.13028556,-0.01141213,,,,,,-3.57911418,,0.00627534,0,,-0.0002769
91,2010-06-30 00:00:00,1232.92045455,70220797.842806,2184.11095445,87359518813.357,52.47791991,1.43753819,,-0.18895032,1.9480892,,,,,,,,,,0,-0.23071003,,,,,,,,,0.07650799,,0,,,0,,1.34154039,5.86442525,0.10817369,2.2153616,,,,,,0.01496109,,,-0.00809591,,,-0.03299998,,,,0.3099539,,,,0.26435455,,,,,,,,,,1.11121667,,0.05428028,2.13897336,0.832572,0.92757406,-0.22756902,0.89462208,0.86146182,0.12963205,0.31907633,0.98924214,,,,,,,0.05229957,0.4843001,,0.05828476,0.02084166,,,0,,,0.28178439,0.00086362,,0.00438929,,,,,0.40829626,,,,,-0.00050028,,,,,,-0.08487586,,,,,,,0.00880087,,,,,0.43741453,0.4572783,,0.15093666,0.53537739,-0.01631871,2.15319534,0.01085636,0.14523635,0.00587316,0,0,,,,,,,0.00856423,0.0014692,,,,,,,,,,,,,,,,,,,,,0.10987338,,-0.00384998,,-0.00556897,,,-0.01881487,,,,,,,,0,-0.00190095,,,,,,,,,,,-0.05368982,,,,,,,,,,,,0.01805077,-0.0076563,,,,,,4.01377404,,0.00317174,0,,-0.00069195
92,2010-07-31 00:00:00,1192.96590909,69259671.677027,2154.21658908,80971591501.527,-38.1740438,5.86242918,,0.21857646,0.45924288,,,,,,,,,,0,0.2176668,,,,,,,,,0,,0,,,0,,0.0308829,-3.55812774,0.12345048,-1.1316873,,,,,,0.09223297,,,0.00215725,0.323635,,-0.06899995,,,,0.02009922,,,,0.31086022,,,,,,,,,,3.09191995,,0.01542738,0.98654334,0.38858165,0.85572924,-1.06871805,0.70379774,-7.90913873,0.65157472,0.44200588,-0.67876449,,,,,,,1.22154528,0.20499469,,0.01224039,0.00341613,,,0,,,-0.01849263,0.01813003,,-0.01322781,,,,,0.03280296,,,,,0.03216782,,,,,,0.0002887,,,,,,,0.01374151,,,,,0.2457533,0.61274017,,0.15194694,1.97161364,0.25009943,1.40622602,0.16683288,-0.09024672,0.09895838,0,0,,,,,,,0.01568361,-0.01717354,,,,,,,,,,,,,,,,,,,,0.86653867,0.74528677,,0.02692784,,0.13828896,,,0.06542976,,,,,,,,0,0.00320607,,,,,,,,,,,-0.07088295,,,,,,,,,,,,-0.04846284,0,,,,,,-0.15153937,,0.00249849,0,,0.00096885
93,2010-08-31 00:00:00,1216.68181818,70773343.508272,2201.29704572,88185079707.422,20.24891467,3.7109355,,-0.18639854,3.86910976,,,,,,,,,,0,-0.66720329,,,,,,,,,0.2961931,,0,,,0,,0.16443888,-1.45814862,-0.0007299,4.2444548,,,,,,0.02225098,,,-0.01045581,-0.00407224,,-0.02799998,,,,3.19743412,,,,4.35164085,,,,,,,,,,-1.88732908,,0.02318818,1.13910157,0.52425763,0.35171103,0.01395368,1.67031028,-0.1328388,0.37082035,0.00866486,0.6764274,,,,,,,-0.25480755,-0.05515852,,0.01645143,0.00665322,,,0,,,-0.25986928,0.05785812,,0.02326217,,,,,0.06294883,,,,,-0.00117514,,,,,,-0.00529083,,,,,,,-0.00090743,,,,,2.89794489,0.30229207,,-0.00341915,-0.50242353,-0.26245158,0.93958675,-0.01257378,0.04641563,-0.00700229,0,0,,,,,,,0.00088354,-0.00705103,,,,,,,,,,,,,,,,,,,,-0.00062988,0.3046137,,0.02565095,1.48241002,0.24548592,,,-0.03055297,,,,,,,,0,0.0093481,,,,,,,,,,,0.09207614,,,,,,,,,,,,1.0914656,0.01856081,,,,,,0.36585618,,-0.01215455,0,,-0.0024713
94,2010-09-30 00:00:00,1270.97727273,71943532.985788,2237.69400695,94039127649.233,2.31883586,4.22002707,,7.38578049,3.86497135,,,,,,,,,,0,0.37905406,,,,,,,,,0.1058755,,0,,,0,,1.06861804,1.61150568,-0.00068129,-0.9366194,,,,,,0.09712759,,,0.01006658,0.00392649,,-0.02599998,,,0.31094957,1.97498814,,,,-0.00120243,,,,,,,,,,0.02793539,,0.02627286,0.78322482,1.19977575,0.59065593,0.36770421,1.14766564,0.36557909,1.17963071,0.31994093,0.57737078,,,,,,,0.38082512,0.2514145,,0.14545359,0.00019577,,,0,,,0.15981808,0.00300002,,0.00277466,,,,,-0.00202196,,,,,0.02165546,,,,,,-0.0036643,,,,,,,-0.00263661,,,,,2.37918831,0.4878631,,-0.03377183,1.5219793,-0.12323329,1.34536332,0.01322622,0.0760317,0.00737001,0,0,,,,,,,0.00206015,0.0136807,,,,,,,,,,,,,,,,,,,,0.14764493,0.64023316,0.47416198,0.04775566,0.20234199,0.18958698,,,0.09450343,,,,,,,,0.04144968,0.00290947,,,,,,,,,,,-0.01431165,,,,,,,,,,,,-0.43780036,0.02566221,,,,,,-0.65990945,,0.02140653,0,,0.00177522
95,2010-10-31 00:00:00,1342.02380952,71906633.02253,2236.5462898,96852832302.662,-11.65085904,3.67705546,,0.19891077,-0.00687178,,,,0.41680733,,,,,,0,-0.43517636,,,,,,,,,0,,0,,,0,,1.70368048,2.81775388,0.15482051,-1.5301012,,,,,,0.15198725,,,-0.00593129,-0.00230968,,-0.02999998,,,-7.254e-05,1.1661426,,,,-0.00115351,,,,,,,,,,-0.29023572,,-0.00475797,0.85946755,0.02737527,0.03046179,0.00620417,0.32574053,0.49021045,0.39164476,0.06472835,0.27861401,,,,,,,-0.02428572,0.0727819,,-0.04584659,0.00866609,,,0,,,0.07148468,0.00313768,,-0.01139584,,,,,0.0150377,,,,,0.03263106,,,,,,0.00364388,,,,,,,0.00011258,,,,,0.10122519,0.05636091,0,-0.31080608,-0.57289466,-0.42673136,-1.20700588,-0.05039745,-0.36386614,-0.1448029,1.49968759,0.12743146,0.2379311,0.24443972,,,,,0.00134311,0.01246421,,,,,,,,,,,,,,,,,,,,-0.00043063,0.50123097,-0.0030589,0.02714871,-0.01706122,0,,,0,,,,,,,,0,0.00214047,,,,,,,,,,,0,,,,,,,,,,,,-0.31915136,0,,,,,,0.53400634,,-0.00584231,0,,-0.00118155
96,2010-11-30 00:00:00,1369.88636364,72201215.419792,2245.70882655,99892832112.553,-6.50757386,4.04978419,,-0.18011384,1.07515141,,,,1.25191749,,,,,,0,-0.09715212,,,,,,,,,0.34001251,,0,,,0,,4.27714058,1.70356359,1.17431468,-2.5140874,,,,,,0.38484822,,,0.00117227,0.00045983,,-0.02099999,,,1.08770862,0.55910993,,,,-0.00127007,,,,,,,,,,-2.08163566,,-0.03733169,1.12509181,0.90076105,0.19521474,0.31801664,-0.48014357,0.98703359,-0.04055322,-0.11779647,-0.00363107,,,,,,,-0.58983089,0.11253173,,-0.01351546,0.03812721,,,0,,,0.31141014,-0.0045125,,0.03191292,,,,,0.04734203,,,,,0.01425474,,,,,,0.0538873,,,,,,,-0.00040437,,,,,-0.16508852,-0.03612729,0,-0.09521524,-1.24720395,-0.20319965,-0.54467068,0.07369111,-0.20890954,-0.00452215,0.76080564,0.11037599,0.07758536,0.0024097,,,,,0.00388174,0.02138806,,,,,,,,,,,,,,,,,,,,0.19985044,0.52195636,0.00351495,0.03419266,-0.18625821,0,,0.33512467,0,,,,,,,,0,0.00203461,,,,,,,,,,,0,,,1.1097716,,,,,,,,,-0.56567126,0.0290958,,,,,,1.81059959,,-0.02607881,0,,-0.00101127
97,2010-12-31 00:00:00,1390.09782609,72937006.816346,2268.59449716,102870579223.68,-5.88846806,9.77664315,,0.09335808,1.07392321,,,,0.47066702,,,,,,0,0.32783843,,,,,,,,,0.03024427,,-0.28035598,,,0,,1.69882719,-0.51931378,0.63630419,1.3901719,,,,,,0.47768703,,,0.0004678,0.00018548,,-0.02999997,,,0.62108942,1.3501637,,,,-0.93283164,,,,,,,,,,0.95067519,,0.05106333,1.57527223,1.44165126,0.98528939,0.18403486,0.43843733,0.48977646,0.38120426,0.45287342,0.82885604,,,,,,,0.00716466,0.15494513,,0.10897204,0.00922327,,,0,,,-0.00336173,0.0311766,,0.01899425,,,,,0.03459724,,,,,8.359e-05,,,,,,-0.0039713,,,,,,,0.00013802,,,,,-0.20625745,0.48661202,0,-0.21860849,1.13836404,0.04942346,1.11644461,0.03418511,0.40622448,0.04066372,0.40096307,0.06884023,0.18276858,-0.00190334,,,,,0.00417835,0.04332301,,,,,,,,,,,,,,,,,,,,0.59881537,0.28542342,-0.00315274,0.03484584,-0.00522761,0,,0,0.15040897,,,,,,,,0,0.00209769,,,,,,,,,,,-0.01929906,,,0.11914822,,,,,,,,,-0.32933974,0.00028989,,,,,,0.04577965,,0.02407343,0,,0.0028889
98,2011-01-31 00:00:00,1358.96428571,70535976.616954,2193.91411013,93614679247.884,-53.57119065,-6.40649629,,-0.08096571,-0.31665626,,,,0.04988968,,,1.2438578,,,0,-0.36036114,,,,,,,,,-0.26130332,,0,,,0,,-0.78271974,-6.34283161,0.35623905,-6.6152633,,,,,,0.07423059,,,0.00614982,0.00240015,,-0.02599999,,,-0.00050439,0.20585352,,,,-1.05656897,,,,,,,,,,-0.33057263,,0.00764694,-0.42231124,0.59009272,0.29453756,-0.16757126,-0.38711473,-0.00815805,0.07376464,0.4437425,-0.72025033,,,,,,,0.20397117,-0.76787636,,-0.07027973,0.01845273,,,0,,,-0.09277764,0.05073211,,-0.02680131,,,,,-0.07466322,,,,,0.03140787,,,,,,-0.00157967,,,,,,,-5.26e-05,,,,,-0.01006453,0.60472668,0,0.76380937,-0.25577385,-0.22719758,-0.69300405,0.0270781,-0.01021006,0.00884409,-0.01592629,0.01818463,0.05158587,0.10080176,,,,,-0.00091925,-0.04562699,,,,,,,,,,,,,,,,,,,,0.31926473,0.40468547,0.00038394,0.0587297,0.0331328,0,,0,0,,,,,,,,0,0.00237996,,,,,,,,,,,0,,,0.00013051,,,,,,,,,-0.09427576,0.00733375,,,,,,-0.48673721,,-0.00376294,0,,-5.859e-05
99,2011-02-28 00:00:00,1372.725,70418530.43571,2190.26112556,99370368665.673,-16.13400273,7.68259795,,-0.11871946,2.15676376,,,,0.38158987,,,-0.00033595,,,0,-0.12933823,,,,,,,,,0.0085021,,0,,,0,,1.18775259,-3.01656371,-0.0013381,-0.1215602,,,,,,0.07062788,,,-0.0053875,-0.0020975,,-0.04199997,,,-0.0004554,1.27070525,,,,-0.00064549,,,,,,,,,,-1.2364508,,0.04019518,-1.06524097,0.45634779,0.79994492,1.70993763,-0.26218508,-0.00789776,0.22275057,0.22422712,0.071373,,,,,,,0.4067797,-0.10443153,,0.02034017,0.01152794,,,0,,,-0.035756,0.00183858,,0.00052198,,,,,0.00454855,,,,,0.04527316,,,,,,0.00598544,,,,,,,-3.266e-05,,,,,2.46643754,0.85514081,0,-0.49511444,0.38467401,-0.04618351,0.31374801,0.00799101,-0.08841212,0.09381785,-0.0376655,0.02998725,0.08601811,0.00163677,,,,,0.03238542,0.02833676,,,,,,,,,,,,,,,,,,,,0.1907368,-0.08578532,-0.00298793,-0.00423068,-0.00545629,0,,0,0.07908152,,,,,,,,0,0.00019677,,,,,,,,,,,0,,,0.02921443,,,,,,,,,-0.51354249,0.00436547,,,,,,-1.45954178,,-0.01236031,0,,-0.00116482
100,2011-03-31 00:00:00,1424.01086957,71226363.152808,2215.38753171,102498081147.46,0.20336105,6.73105443,,-0.14281267,0.60990594,,,,0.34034037,,,-0.00042028,,,0,-0.11311731,,,0.14199375,,,,,,0.23013167,,0,,,0,,0.82717038,1.67423309,0.44776118,-1.2898343,,,,,,0.22131335,,,-0.00023047,-8.774e-05,,-0.12999991,,,-0.15575103,3.31510331,,,,-0.00074599,,,,,,,,,,-1.22040358,,-0.01562747,1.07008724,1.02693334,0.24648063,-0.09573235,0.06423049,1.23585381,1.4882105,0.30911261,0.46882235,,,,,,,0.26644717,0.05471768,,-0.00989221,-0.00474205,,,0,,,-0.05908455,0.01201451,,-0.00011816,,,,,0.03665101,,,,,0.03033036,,,,,,-0.00552829,,,,,,,-4.253e-05,,,,,0.51141761,1.56075714,0,-0.15709679,1.3839966,0.31779826,0.70865044,0.06759133,0.02819313,0.07160293,0.40912951,0.15290169,0.32157462,0.06949708,,,,,-0.00101825,0.02486216,0.01592389,,,,,,,,,,,,,,,,,,,1.33379899,0,0.0017601,0.02157336,0.00227241,0.39715776,,0,0.22669605,,,,,,,,0.02326211,0.002858,,,,,,,,,,,0.43320706,,,0.41956502,,,,,,,,,0.04386997,-0.00219035,,,,,,-1.07134301,,0.00127785,0,,-0.00122985
101,2011-04-30 00:00:00,1479.61904762,73237928.549608,2277.9542093,112469741181.93,18.43803766,9.34961732,,7.76118157,-0.00946978,,,,0.5058841,,,-0.00033992,,,0,0.53546788,,,0.0020114,,,,,,0,,0,,,0,0.21769193,0.70417132,2.12528039,0.65188051,0.1922438,,,,,,0.26003545,,,-0.00216133,-0.00083962,,0,,,-0.62126829,5.20994722,,,,-0.00064871,,,,0.16183247,,,,,,3.93255574,,0.04171657,1.30661469,2.89897748,1.05837565,-1.5455246,0.59131313,-0.00745081,1.14478631,0.20595688,0.46156998,,,,,,,0.09696975,0.05712067,,0.0016179,0.01248709,,,0,,,-0.02206925,0.02990043,,-0.11654667,,,,,-0.02021094,,,,,0.00565785,,,,,,0.00421908,,,,,,,1.842e-05,,,,,-0.03427484,0.30080874,0,0.45812701,1.3319677,0.48260076,1.53614298,0.02443174,0.09438809,0.01568494,0.13234694,-0.10342973,0.09378255,0.02885716,,,,,-0.00058832,0.04756364,0.00298179,,,,,,,,,,,,,,,,,,,0.40206361,0.66583502,-0.00239744,0.03939897,-0.25192433,0.17577216,,0,0.25110017,,,,,,,,0,0.00420495,,,,,,,,,,,0,,,0.17863314,,,,,,,,,-0.0720448,0,,,,,,1.13872497,,0.00485604,0,,0.00245326
102,2011-05-31 00:00:00,1512.60227273,72472767.877498,2254.15505211,111365471731.15,-18.92251713,3.23731082,,-0.62035483,-0.00904307,,,,-0.57845423,,,-0.00048494,,,0,-0.53940791,,,0.42169594,,,,,,-0.03337898,,0,,,0,-4.856e-05,1.48886321,-2.28899194,0.06221108,-2.2002959,,,,,,-0.47442742,,,0.00346175,0.0013523,,-0.00799999,,,0.93069515,-2.52963301,,,,-0.00079473,,,,-0.00204683,,,,,,-3.28721539,,0.02774342,-0.63613995,0.64017182,0.09106076,0.14336318,-0.43109031,-0.38203622,-0.21333929,-0.16012195,0.10639738,,,,,,,-0.28481153,0.38313684,,0.01364196,-0.01207815,,,0,,,0.09838932,-0.0083124,,0.04343243,,,,,-0.0400907,,,,,-0.00568829,,,,,,-0.01294807,,,,,,,-2.953e-05,,,,,0.09980771,0.29911123,0,0.30354372,-0.79963727,-0.10515435,1.66537793,0.08271962,0.12542387,-0.00777716,0.6771458,0.17761303,0.2261099,-0.04674794,,,,,0.00409727,-0.06942369,-0.00058593,,,,,,,,,,,,,,,,,,,0.23218491,0.23206025,0.00019888,0,0.04968994,0.41286828,,0,0.00268817,,0.11207296,,,,,,0,0.00692088,,,,,,,,,,,0,,,-0.00108104,,,,,,,,,0.0043834,0.02388336,0.04318344,,,,,-1.56721201,,0.00761819,0,,-0.00138665
103,2011-06-30 00:00:00,1528.65909091,73063116.169298,2272.51693649,110016861066.08,-2.52612465,6.4176189,,-0.10384236,0.60819501,,,,-0.04261029,,,-0.00036891,,,0,0.05239846,,,0.00014666,,,,,,0.02847513,,0,,,0,0.01736297,0.25858841,2.17281737,0.54543526,-0.3022255,,,,,,-0.12013515,,,0.00210829,0.00082493,,0.97699931,,,0.30974071,2.16089835,,,,-0.00069742,,,,-0.00363152,,,0.03115513,,,-1.60967113,,0.29558523,1.00331175,0.62572257,0.69055334,0.01132537,0.01895533,-0.00813959,0.34153194,0.06262194,0.34704663,,,,,,,0.04772143,1.21e-05,,0.02264981,-0.0022305,,,0,,,0.01363124,-0.006052,,0.0284696,,,,,0.01063906,,,,,-0.00025795,,,,,,-0.00381066,,,,,,,-3.24e-06,,,,,0.04296894,-0.00728509,0,0.15019713,0.05992848,-0.13976207,1.20614908,-0.0182851,0.02677654,-0.00850408,0.21880395,0.0653494,-0.0279042,0.00096406,,,,,0.0016159,-0.01576732,0.00118806,,,,,,,,,,,,,,,,,,,-0.00216403,0.58951963,-0.00062639,0.14292803,0.01586265,0.22751762,,0,-0.00291765,,-0.00094931,,,,,,0,0.00272289,,,,,,,,,,,3.08216492,,,-0.00076376,,,,,,,,,0.02143052,0.00025536,0.04410265,,,,,0.3123648,,-0.00012524,0,,0.00138665
104,2011-07-31 00:00:00,1572.80952381,76836024.974931,2389.86751788,125126545086.36,55.38085713,12.36598002,,5.04667242,1.22553758,,,,0.21544827,,,-0.00036626,,,0,0.65293967,,,-0.00220462,,,,,,0,,0,,,0,0.12673368,3.99087922,5.91087293,1.31549753,1.1201002,,,,,,0.0326631,,,-0.00906105,-0.00353014,,2.88899797,,,3.10135958,2.54922554,,,,-0.00068721,,,,0.0354093,,,0.00026349,,,0.36441248,,0.16697679,1.2023875,5.72363886,1.1326245,3.03385454,0.73981379,0.3037726,0.48312679,0.06373774,1.11927323,,,,,,,0.15118842,0.18265031,,0.03299681,0.23492673,,,0,,,0.26485559,0.03773753,,0.00297695,,,,,-0.01696099,,,,,0.02553787,,,,,,-0.00238759,,,,,,,-0.00010507,,,,,-0.07958308,0.88292758,0,0.3035781,0.36599927,0.07773795,3.56712851,0.01823574,0.14835269,0.00848526,0.15462408,0.11075082,-0.00628313,-0.00287712,,,,,0.00329304,0.04891713,-0.00235137,,,,,,,,,,,,,,,,,,,-0.00179938,0.26995612,-0.00017971,0,0.00058016,0.28048042,,0,0.00072882,,0,,,,,,0,0.00387964,,,,,,,,,,,0,,,-0.00055871,,,,,,,,,0.04907957,0,0.04493592,,,,,-0.03400497,,-0.05050944,0,,-0.00156625
105,2011-08-31 00:00:00,1757.20652174,76866270.292744,2390.80825242,139396004944.14,-31.29394317,10.32682288,,0.92917344,1.68694565,,,,-0.33836624,,,-0.00048966,,,0,0.08042162,,,0.00137901,,,,,,0.15519199,,0,,,0,0.29961234,5.57224711,3.11117352,-0.25163842,2.5217582,,,,,,-0.02722145,,,0.01298256,0.00506427,,-0.24799982,,,-0.3115953,0.77296816,,,,0.30914833,,,,0.09608568,,,0.03221187,,,-6.88435847,,0.27986833,3.49720534,1.76804267,0.75677179,0.42570767,1.15746477,0.48882714,1.21445613,0.3729929,0.96395997,,,,,,,0.94826418,0.93860179,,0.001213,-0.12766467,,,0,,,0.01947311,-0.00078696,,-0.01270201,,,,,0.14785437,,,,,0.07925491,,,,,,0.01692919,,,,,,,5.325e-05,,,,,-0.16623196,0.6667695,0,-0.00383127,0.72733686,-0.33948378,1.38700929,0.06672242,-0.26782675,0.07160775,0.16445098,0.08657333,0.13414413,-0.00253449,,,,,0.0047766,-0.00207564,-0.00143531,,,,,,,,,,,,,,,,,,,0.8045239,0.16893354,-0.00154747,0,0.04657122,0,,0,-0.00702576,,0.12294949,,,,,,0,0.00924382,,,,,,,,,,,0,,,0.24072279,,,,,,,,,-0.45871387,0.0466619,0.18242304,,,,,-2.29265799,,0.05775105,0,,0.00156625
106,2011-09-30 00:00:00,1771.85227273,76670253.448224,2384.71144705,124234671104.81,-0.44364212,-3.21735546,,-0.15255417,-0.16393976,,,,-0.0160213,,,0.15471664,,,0,-0.71339236,,,0.00043734,,,,,,0.06414679,,0,,,0,0.21754741,0.20052462,-1.16358715,-0.9289243,-1.9111337,,,,,,-0.24681039,,,-1.763e-05,-4.23e-06,,-0.15999989,,,0.23125356,-0.1004828,,,,-0.15571204,,,,-0.003731,,,-0.00516747,,,-0.80267482,,-0.09781187,2.89632654,-1.81036455,-0.74078517,-2.78307036,1.28514775,2.16868401,-0.01253114,0.32306826,-0.42714255,,,,,,,-0.23018687,0.23280299,,-0.00026084,0.19441936,,,0,,,-0.09864491,0.04890082,,-0.00458111,,,,,0.09945058,,,,,0.00011233,,,,,,0.03078719,,,,,,,0.00011488,,,,,0.90434117,2.3541567,0,-0.92379469,-0.44209607,-0.21066793,-5.2911798,-0.03608548,-0.61633431,0.12709958,-0.09956071,0.01010483,0.0474807,-0.04618442,,,,,0.00678567,-0.08314672,0.00049127,,,,,,,,,,,,,,,,,,,0.59255449,-0.03089949,-0.00166367,1.92270113,0.01958361,0.75736997,,0.38971232,-0.00884945,,-0.01236308,,,,,,-0.04687667,0.00239102,,,,,,,,,,,3.5352198,,,0.23689385,,,,,,,,,-2.576e-05,0.05452379,0.06909204,,,,,-1.0049329,,-0.03055727,0,,0
107,2011-10-31 00:00:00,1665.21428571,77894927.388764,2422.80306451,134154601755.59,11.71278673,1.63109007,,-0.27962491,1.06885773,,,,-0.04950491,,,-0.00050123,,,0,0.7484591,,,-0.00249179,,,,,,0.0594198,,0,,,0,4.54757318,1.57940792,0.83781911,-0.00210207,0.3051976,,,,,,0.01993103,,,-0.00882199,-0.00343625,,-0.10299993,,,-0.0013727,0.76466589,,,,-0.15565225,,,,0.00836644,,,0.00173901,,,-0.19798373,,-0.22456878,2.25705315,1.52206773,1.38459492,0.06623755,0.40221944,-0.00936874,1.12381595,0.15419632,0.60996835,,,,,,,0.40896623,0.33556754,,0.01055725,0.19252192,,,0,,,0.04207281,0.01968354,,-0.00137543,,,,,0.04093576,,,,,-0.00442873,,,,,,0.00347127,,,,,,,0.01310238,,,,,0.19708171,1.05935282,0,-0.0050659,2.26096613,0.27397408,2.52953334,0.32612391,0.44473524,-0.13219781,0.11216939,0.03394058,0.08566136,0.0078138,,,,,0.00571829,0.02159306,0.0005773,,,,,,,,,,,,,,,,,,,0.04798927,1.37887818,0.00145883,0,0.00068612,0,,0,0.01000527,,0.01266708,,,,,,0,0.00572673,,,,,,,,,,,0,,,-0.00211761,,,,,,0.18952656,0.95635153,,-0.33349244,0.05432007,0.11276021,,,,,-2.59232206,,0.20131181,0,,-0.00222167
108,2011-11-30 00:00:00,1738.97727273,81396278.275244,2531.70725047,142080474841.93,54.96783094,6.14858809,,0.14575265,1.06986753,,,,-0.11061973,,,-0.00042065,,,0,-0.2586292,,10.18799726,-0.00026696,,,,,,0.0374986,,0,,,21.72565411,0.38439045,4.77968585,1.57543477,0.00106053,4.0205638,,,,,,-0.14621543,,,-0.01887985,-0.00735764,,-0.18299987,,,2.01291744,-1.83459713,,,,0.52578718,,,,-0.12954442,,,-0.00287615,,,0.53640218,,2.17710311,3.56696302,0.49202646,-0.19742058,0.07940882,0.82300388,-0.87932621,-0.66140012,-0.04810229,0.51355639,,,,,,,-0.28553373,-0.02985326,,0.02232951,0.08604164,,,0,,,-0.1782132,0.0379273,,0.02713222,,,,,0.05591678,,,,,0.00139416,,,,,,-0.00359988,,,,,,,0.0014573,,,,,0.02704791,0.45054732,0,-0.46292738,0.61133074,-0.11546963,-1.23438398,-0.03083076,-0.46034677,-0.01173492,0.0836489,-0.0589163,-0.03144455,0.39672379,,,,,0.01768147,-0.01556178,-0.00108128,,,,,,,,,,,,,,,,,,,-0.35095555,-0.6354449,-0.00165607,0,0.50808198,0,,0,0.09151811,,-0.01717586,,,,,0.19503609,0,-0.00246757,,,,,,,,,,,0,,,0.24349657,,,,,0.55142153,-0.00228007,-0.44922466,,-0.29579311,0.03742332,0.07734286,,,,,-1.22743642,,-0.00752453,0,,-0.00229421
109,2011-12-31 00:00:00,1642.65909091,80713666.410106,2510.47564818,125680728909.25,-44.00569297,-0.50401861,,0.81342939,0.62290368,,,,-0.33429281,,,0.03918413,,,0,0.31938251,,0.02185693,0.01776247,,,,,,0,,0,,,0,0.28791502,3.21347908,4.62796759,0.17701008,1.78861,,,,,,-0.75429935,,,0.02576872,0.0100482,,-0.17999987,,,-0.23417296,-0.77828503,,,,-0.00083696,,,,0.04120219,,,0.00230097,,,3.36381755,,0.36182648,4.93943726,1.85793813,0.69641984,0.32817043,1.34258656,-5.91925707,0.13099229,0.02443646,-0.10726465,,,,,,0.13392434,-0.29302716,1.22008894,,0.04099205,0.15811748,,,0,,0.16334932,0.030613,0.00255352,,-0.00942972,,,,,0.0346098,,0.30680155,,,0.05436355,,,,,,0.01376971,,,0,,,,0.00065012,,,,,1.30857406,1.06190039,0,0.87994634,0.2789026,0.11961639,-0.60389132,0.16327616,-0.00849172,0.0058063,0.15303195,-0.02738994,-0.09174991,0.01906291,,,,,0.00976369,-0.00615872,0.00083492,,,,,,,,,,,,,,,,,,,0.32306177,-0.01952094,0.00204998,0.34897779,0.08807099,0,,0,0.01080816,,0,,,,,0.0095707,0,-0.00035531,,,,,,,,,,,0.64651726,,,0.1137935,,,,,-0.03976974,-0.01194701,0.05212482,,-0.25692051,0,0.02168168,,,,,0.07245138,,0.04247771,0,,0.0085892
110,2012-01-31 00:00:00,1652.40909091,81297636.188935,2528.63913863,141804103312.1,16.53572425,5.88591008,,4.18536587,-0.64645898,,,,-0.04908148,,,-0.04007246,,,0,-0.46995206,,-0.06003104,-0.01798607,,,,,,0.07768093,,0.17516797,,,0,0.54472804,-2.54910737,-3.22556122,-0.18117848,-1.5770725,,,,,,-0.00760387,,,-0.00956174,-0.00372446,,-0.03099998,,,0.7724487,0.93800963,,,,-0.00089219,,,,0.00433988,,,-0.00021992,,,-2.9904304,,-0.03575083,-1.30302924,-0.35799145,0.33967601,0.00566827,-0.483285,-0.81409508,0.04189183,0.10185019,0.55583314,,,,,,0.09178703,-0.27713595,0.48538981,,0.02484204,0.11456767,,,0,,0.16672652,0.02209078,0.05644232,,-0.00893831,,,,,0.0080941,,0.75262228,,,-0.01036307,,,,,,0.00244903,,,0,,,,0.00525625,,,,,0.01907198,0.90941057,0,-0.27384986,0.2083414,-0.06396287,0.94146291,-0.01747949,-0.01649211,-0.00590067,-0.03732443,0.00415049,0.02753023,-0.00632168,,,,,-0.00230299,0.01146155,-0.00062716,,,,,,,,,,,,,,,,,,,0.34511111,-0.15627078,-3.958e-05,0,0.05408477,0,,0,0.02570617,,0.0194092,,,,,0,0,0.00134527,,,,,,,,,,,0,,,-0.00172509,,,,,-0.02970324,-0.04550096,-0.01769058,,0.35823506,0.05164293,0.05937457,,,,,-0.89609283,,-0.03710662,0,,-0.00849629
111,2012-02-29 00:00:00,1742.61904762,82114741.535653,2554.0539558,145390262069.46,22.56909082,4.58741218,,-0.90319858,1.22347652,,,,0.07963276,,,-0.00046983,,,0,0.17473678,,0.15116353,0.01358738,,,,,,0.06346713,,0,,,0,0.32779311,0.87616851,-1.29648202,0.0251802,-0.2685107,,,,,,0.09431991,,,0.01105784,0.00431337,,0,,,2.6611707,0.99233351,,,,0.33962298,,,,0.00238342,,,0.00084947,,,-5.76069651,,0.09806568,-2.62827119,-0.42334906,1.23294037,0.01561602,-1.02994145,0.42901037,-0.31924605,2.46756029,0.60231771,,,,,,0.06704211,-0.01250607,0.20461241,,0.00274332,0.14244213,,,0,,0.07023399,-0.0047535,-0.01139925,,-0.00237997,,,,,0.02204059,,0.04105308,,,-0.0009407,,,,,,-0.00388756,,,0,,,,0.00084117,,,,,-2.24980843,1.30755808,0.37398915,-0.4316464,0.21646367,-0.41035338,0.69286877,0.11908452,-0.34451805,-0.03907369,0.09045587,0.0211423,0.06337776,0.02243999,,,,,0.00025991,0.00286464,-0.00065196,,,,,,,,,,,,,,,,,,,-0.19964547,0.10646288,-0.00171061,0,0.01687959,0,,0,-0.01486291,,-0.00313025,,,,,0,0,0.0038988,,,,,,,,,,0,0,,,-0.00105759,,0,,,0.00139052,-0.02976183,-0.02617053,0,-0.31001514,0.02383981,0.03089298,,,,,-0.57332063,,0.02549858,0,,0.0029293
112,2012-03-31 00:00:00,1673.77272727,82726301.751602,2573.07560477,137589718083.42,-7.09812221,-0.72319825,,1.97302321,-0.47312918,,,,-0.01287467,,,-0.00039883,,,0,-0.1187392,,-0.15234896,0.00121658,,,,,,0,,0,,,0,-0.04664975,3.47681082,0.49385197,0.1288121,-3.3416487,,,,,,-0.10343922,,,-0.00729081,-0.00283973,,0,,,0.19864074,-0.4070339,,,,0.1537818,,,,0.04675818,,,-0.00124866,,,3.76735218,,0.13810364,2.73899137,1.75137185,4.85373954,-0.07344125,1.59382004,0.05510821,0.18483699,4.31667732,0.29384602,,,,,,0.0173393,-0.01393486,-0.3218904,,0.01109555,0.12415679,,,0,,0.0785621,-0.00764556,0.02099498,,0.00031584,,,,,0.02188686,,0.160498,,,0.02026678,,,,,,-0.00314971,,,0,,,,0.00012276,,,,,2.36643394,0.81582048,-0.00679641,-0.00318025,-0.32417352,-0.00971294,-0.58600738,0.0040675,-0.00321125,0.00114822,-0.07726061,-0.04252158,0.66563863,0.35320002,,,,,-0.00310864,-0.00720602,0.00072413,,,,,,,,,,,,,,,,,,,-0.49817361,0.3430956,0.13172327,0.3719382,0.07399715,0.22970047,,0.16572406,0.22475596,,0,,,,,0.12336422,0.04925466,0.01305154,,,,,,,,,0.03863213,0.11172445,0.35864313,,,-0.00105698,,0.31407292,,,2.374e-05,-0.00041427,-0.0021819,0,-0.18198807,0,-0.00459356,,,,,0.32681292,,-0.02476272,0,,0.00149367
113,2012-04-30 00:00:00,1648.25,82563948.60448,2568.02585743,136417789060.51,-8.29301782,-0.6103765,,0.19139922,-0.31958526,,,,-0.02757803,,,-0.00051094,,,0,0.12052357,,0.01336401,-0.00041873,,,,,,0.06815767,,0,,,0,0.00629543,-0.62084402,0.22302523,0.15279753,0.802249,,,,,,-0.12071773,,,0.00498077,0.00194473,,-0.01299999,,,-0.62173598,-0.18633452,,,,0.1536825,,,,0.14437888,,,0.00134384,,,0.34869927,,-0.00091618,0.80881539,-1.0065295,-0.15242366,-0.08340412,-0.94570273,5.09359958,-0.22130551,-0.06354481,0.85235654,,,,,,0.01552563,0.51572682,0.03040536,,0.00239608,-0.01686544,,,0,,0.09194586,-0.00149717,-0.03865268,,-0.006468,,,,,-0.00809917,,-0.00828219,,,0.00135413,,,,,,0.02651873,,,0,,,,-0.00010698,,,,,0.08603911,0.44825185,0.00334678,-0.00307653,-0.2271009,-0.02161351,-0.77914864,0.02139728,-0.00716515,0.00601761,-0.27015029,-0.07230399,-0.33945537,0.00387643,,,,,0.00316298,-0.00590163,0.00042696,,,,,,,,,,,,,,,,,,,-0.00284443,-0.17087564,-0.00388719,0.02609694,-0.00301496,0,,0,-0.10361655,,0.1134181,,,,,0,0,-0.00420785,,,,,,,,,0,0,0,,,-0.00128205,,0.00059324,,,0.003218,0.00067553,0.018157,0.83846252,-0.04768492,0.01784044,0.02410118,,,,,-0.9281761,,0.01352532,0,,0.00958298
114,2012-05-31 00:00:00,1588.03695652,81272743.065709,2527.86487595,126686372134.64,-8.02277215,-3.95577531,,-0.27681484,0.45007156,,,,-0.09851051,,,-0.00044658,,,0,-0.87515976,,-0.01007287,0.14206835,,,,,,0.09168515,,0,,,0,-2.71899947,-2.27649003,2.45306881,0.47130683,1.5668469,,,,,,-0.12153025,,,-0.00048849,-0.00018771,,-0.1389999,,,-0.55954031,-3.69758432,,,,-0.46490208,,,,-0.02056408,,,-0.00249672,,,-0.86915087,,0.00829828,-0.40513184,-0.30861691,-5.47005494,-0.00012181,-0.39184313,-0.0085868,-0.83214425,-4.68494621,-0.68557791,,,,,,0.03032694,-0.38935667,0.33877289,,0.02305394,0.16976359,,,0.10221425,,0.09744221,-0.01426739,-0.02315118,,0.00150607,,,,,0.09842484,,-0.0569606,,,-0.00215969,,,,,,0.02010255,,,0,,,,-9.647e-05,,,,,-2.23381574,0.81465666,-0.03656424,-0.98193079,-1.90997075,-0.17879511,-3.22172066,0.01337967,0.02922675,0.02250907,-0.35829417,-0.07769945,-0.28524638,-0.05561418,,,,,0.00906334,-0.00992266,6.711e-05,,,,,,,,,,,,,,,,,,,0.28896364,-0.03960208,0.0073229,0,0.0613205,0,,0,-0.0085616,,-0.00417812,,,,,0,0,0.00792378,,,,,,,,,0,0,0,,,-0.00054519,,-0.0047402,,,-0.00171115,-1.799e-05,0.01440232,-0.00060433,-0.60032381,0.02068211,-0.04587374,,,,,-0.04090829,,-0.04519146,0,,0.00988165
115,2012-06-30 00:00:00,1597.58333333,82679571.060665,2571.62211781,132213419362.52,9.26922174,4.79528899,,-0.12525372,-0.00981919,,,,-0.10219331,,,-0.00044369,,,0,0.14249752,,-0.00844492,-0.00167909,,,,,,0,,0,,,0,0.08924963,3.26101446,5.40989176,0.43506866,3.0670165,,,,,,-0.06488442,,,-0.02267884,-0.00883914,,-0.01699999,,,1.23514865,2.69111704,,,,0.1537491,,,,0.00621928,,,-0.00059022,,,1.12203443,,0.23529655,2.40241959,2.04876905,0.53612967,0.1028733,0.67211127,-0.00763237,0.02072776,-0.00944652,1.14037307,,,,,,0.04970625,0.12569822,0.41002135,,0.00517298,0.10764579,,,0.02173267,,0.12037707,0.18625528,0.0055554,,0.03863727,,,,,0.07479616,,0.7821128,,,-0.00186001,,,,,,0.01436957,,,0,,,,0.00861783,,,,,1.10432553,0.57098338,0.01204134,-0.6140545,0.72990286,-0.33099949,2.37336669,0.17160796,0.09691002,0.0076928,-0.62537242,0.00066738,-0.09975617,-0.27347507,,,,,0.02175762,-0.00711446,0.00067778,,,,,,,,,,,,,,,,,,,0.2965194,-0.64885199,-0.01149898,0.05842203,-0.08207304,-0.09284814,,-0.01297267,-0.0698375,,0,,,,,-0.02832121,0.00631143,-0.00233462,,,,,,,,,0.00504798,-0.02263621,-0.29935654,,,-0.00204485,,0.00037437,,,-0.00798827,-0.01194433,-0.03992662,-0.04253305,-0.0078487,0,-0.03055179,,,,,1.24825801,,0.0300293,0,,-0.01946463
116,2012-07-31 00:00:00,1593.90909091,82173588.828307,2555.8843112,133338992754.7,-27.59513697,1.83589732,,-0.1994041,0.14213675,,,,0.01531834,,,-0.0004886,,,0,0.1546398,,0.00784253,-0.00108889,,,,,,0.10849258,,0,,,0,0.15456748,5.40585002,2.45095642,-0.00257755,3.3172365,,,,,,0.01351632,,,0.01702016,0.00663823,,-0.004,,,0.08995706,-0.57018684,,,,0.15357042,,,,-0.00068499,,,0.00212344,,,-0.89383944,,0.00825852,0.37187614,0.55457111,0.05636972,0.10130412,0.00343664,-0.00911051,0.01938878,-0.35311003,-0.07309845,,,,,,0.03180404,-0.09602369,0.07676111,,0.03349382,0.0274542,,,0.0093263,,0.05922357,0.00136587,0.05770059,,0.00031905,,,,,0.03381404,,-0.03070551,,,0.07176476,,,,,,0.03145818,,,0,,,,6.446e-05,,,,,0.06768142,-0.28663564,-0.0119081,-0.12484653,-0.67838432,-0.26495626,-0.82417208,-0.06038559,-0.10431794,0.02844324,-0.33757954,-0.07533981,-0.14137466,0.01078512,,,,,0.02671235,0.0010142,0.0041942,,,,,,,,,,,,,,,,,,,0.21937272,-0.13228273,0.01031555,0,0,0.05791064,,0,0.02103742,,0.0665035,,,,,0,0,0.00162779,,,,,,,,,0,0,0,,,-0.00069548,,-0.00073223,,,0.00539317,0.00109185,-0.00928876,-0.00036534,0.32112177,0.08064386,0.03993866,,,,,0.74060172,,0.00244611,0,,0.01256029
117,2012-08-31 00:00:00,1627.81521739,84744388.677217,2635.84512458,139788935910.95,37.58337789,6.4884374,,1.33766767,-0.32016618,,,,0.10268253,,,-0.00045839,,,0,0.16602384,,-0.01634621,0.00020251,,,,,,0.03066098,,0,,,0,0.6087152,3.55342796,1.1705026,0.22143675,7.3739676,,,,,,-0.0747907,,,0.00247315,0.00096719,,-0.02699998,,,1.85242996,4.11950687,,,0,0.46253004,,,,0.00456848,,,0.02979975,,,2.7059317,,-0.0226684,2.0309025,2.39064006,0.70983366,0.15830235,0.88828285,0.115925,0.96067293,-0.02788578,0.65207226,,,,,,0.05080008,0.11315054,-0.04976106,,0.02857658,0.06352026,,,0.00936693,,0.05270737,0.0894398,0.01935396,,-0.00082683,,,,,0.16994359,,0.04360925,,,-0.01685624,,,,,,0.03726403,,,0,,,,-0.00060057,,,,,0.15528238,0.53870193,0.00649357,0.33354402,1.00546557,0.21634024,1.67163146,0.0187892,0.23293802,-0.01648538,-0.06585581,0.01678737,-0.01577122,-0.03214067,,,,,0.01147284,0.01148302,0.00135699,,,,,,,,,,,,,,,,,,,-0.00099788,-0.31623595,-0.00484498,0.15360839,0,0.0305143,,0,-0.02116769,,-0.00973509,,,,,0,0,-0.00024326,,,,,,,,,0,0,0,,,-0.00093655,,0.00028088,,,0.00377816,0.00055147,-0.01096008,-0.15949568,-0.16578459,0.07350482,0.02875036,,,,,0.43440433,,0.00603545,0,,-0.01256029
118,2012-09-30 00:00:00,1744.45,87288301.04322,2714.96964376,155100948981.8,31.2981889,11.64790822,,5.46635203,0.91185639,,,,0.0899398,,,-0.00038451,,,0,0.58578128,,0.00228398,-0.00053326,,,,,,0,,0,,,0,0.29414132,6.60056312,6.03918824,0.14537199,6.5186402,,,,,,0.03095101,,,0.00045149,0.00017867,,0.9899993,,,0.92447552,1.38513248,,,0.00559302,2.09985491,,,,0.00674461,,,0.00125043,,,-5.48823055,,0.02226019,-1.75335145,0.3198312,0.46198092,0.02157568,-0.55331189,0.24079714,0.60058843,0.03921017,0.20823644,,,,,,0.10518688,0.11962058,0.05804605,,0.04694385,0.25761754,,,0.20114434,,0.06848288,-0.13582706,-0.00509426,,0.08941455,,,,,0.08796665,,0.13307432,,,-0.01279819,,,,,,0.00640547,,,1.85237316,,,,0.00125981,,,,,0.12189073,1.11975536,0.00578357,0.11980516,0.94727307,0.07789416,1.11619786,0.08721434,0.02185976,0.00773957,-0.07212007,-0.01603468,0.09629426,-0.01528359,,,,,0.00908947,0.02296009,-0.00051768,,,,,,,,,,,,,,,,,,,-0.00254461,0.43998712,0.029359,0.13335243,0.25245952,0.04509089,,0.21497393,-0.0057092,,0,,,,,0.25209305,0.02176725,0.00995281,,,,,,,,,0.23555906,0.02302023,0.1431953,,,-0.0005902,,0.00285291,,,-0.1079425,-0.0106488,-0.16384634,-0.43387226,0.76650828,0,0.07981842,,,,,1.53913439,,-0.02658487,0,,0
119,2012-10-31 00:00:00,1747.01086957,88750195.313328,2760.43963823,152640491513.69,15.4886301,8.57653982,,0.15727057,-0.16552339,,,,-0.03736647,,,-0.00047121,,,0,-0.17715307,,-0.00523901,0.00127958,,,,,,0.05603141,,0,,,0,0.4585703,6.36470206,0.98217731,0.07472736,2.2480684,,,,,,-0.04945324,,,-0.00296376,-0.00115263,,-0.02699998,,,0.15084732,2.80457259,,,0.07210813,0.24535332,,,,-0.00076158,,,4.952e-05,,,-0.38092849,,0.01901516,1.19609722,1.90518589,0.39486218,0.17474617,0.32599993,0.67512322,0.11330425,-0.03201442,0.1098985,,,,,,0.03063862,0.03798381,0.06332327,,-0.00237761,0.32770105,,,-0.07527047,,0.11483688,-8.535e-05,-0.03034296,,-0.03695234,,,,,0.04261013,,0.02500332,,,0.01725562,,,,,,0.01095392,,,-0.00082064,,,,0.00905683,,,,,0.12595422,0.4455479,0.00418798,-0.18609106,-0.23677652,-0.13789762,0.24647872,0.02729939,-0.02475468,-0.0006998,0.11926612,-0.00194596,0.01820615,0.06020522,,,,,-0.00830799,-0.00857251,0.00179307,,,,,,,,,,,,,,,,,,,-0.4971207,0.44370668,0.01748486,0.17921432,0.13344182,0.07830583,,0.09394619,0.03082937,,0.03438659,,,,,0.01593253,0.0103708,0.00414176,,,,,,,,,0.03468396,0,0.22709008,,,-0.00099081,,0.00220361,,,-0.05821051,0.00962525,-0.04479751,-0.01078732,-0.00889551,0.17912068,0.29407919,,,,,1.59988281,,0.00981073,0,,0
120,2012-11-30 00:00:00,1721.13636364,89741901.83535,2791.285159,154984214035.02,10.71382095,5.43556161,,-0.3944297,0.29661939,,,,0.16047466,,,-0.00044693,,,0,0.07154468,,0.01066141,-0.01591936,,,,,,0.03681383,,0,,,0,0.09210326,4.61210163,4.10147678,0.20190377,1.2136124,,,,,,0.09982316,,,-0.0010878,-0.00042176,,-0.01599998,,,-0.52863213,0.82138478,,,0.09142355,0.72403292,,,,0.21213274,,,-4.262e-05,,,-0.61826955,,0.00823463,0.17374415,1.11578012,0.44188723,-0.01449413,-0.19445279,-0.81738691,-0.00679758,-0.1681055,0.30119206,,,,,,0.00020791,-0.17634337,0.34746784,,0.04738163,0.0979207,,,-0.10128328,,0.05634388,-0.0530724,-0.00614328,,0.0041067,,,,,0.04490976,,0.06094562,,,-0.00430308,,,,,,-0.02556771,,,-0.0401264,,,,0.00084253,,,,,-0.1573285,0.62970747,0.00046863,-0.55190654,0.6966301,-0.02661719,0.43954837,-0.04096463,-0.17542529,0.02664419,0.0279763,-0.01694183,0.03481138,0.10428561,,,,,0.00163423,0.00801065,-0.00146265,,,,,,,,,,,,,,,,,,,0.05303652,0.22911778,-0.00162427,0.06271377,0.09917875,0.11940052,,0.0525322,-0.03010262,,-0.00831071,,,,,-0.00541131,0.01871945,0.00681547,,,,,,,,,0.0197704,0,0.07467959,,,-0.00093995,,0.00031647,0.06220479,,0.0006773,6.722e-05,0.02908736,0.01792448,0.16637699,0.08060529,0.308543,,,,,0.07523332,,0.00270864,0,,0
121,2012-12-31 00:00:00,1683.64285714,90118886.872323,2803.01070434,150040436068.71,3.74746016,2.63051128,,0.66724818,0.90877848,,,,-0.07915619,,,0.15386562,,,0,-0.01937314,,0.4972864,2.989e-05,,,,,,0.02418248,,-0.07477307,,,0,0.18172107,1.3546767,-1.1741427,0.07450436,-2.5286538,,,,,,-0.10310229,,,0.00121179,0.00047569,,0.48599965,,,-0.68292818,1.44694104,,,0.10602069,0.18336347,,,,0.00461088,,,-0.00020022,,,2.31130548,,-2.19743677,1.17432415,1.35170186,0.38956261,0.00498013,0.34278959,-0.256326,0.37093781,0.07919537,0.22090909,,,,,,-0.00058457,-0.03022582,0.02293722,,0.04855789,0.05025113,,,-3.196e-05,,0.10934467,-0.07479458,0.01115527,,0.00172148,,,,,-0.00038611,,-0.14779775,,,0.0057107,,,,,,-0.00102111,,,-0.60613121,,,,-0.00029626,,,,,-0.74518088,-0.87742473,-0.00202717,0.00070614,0.76222303,-0.09040373,0.32138172,0.00685137,0.01783536,0.00199392,-0.21060676,-0.02917119,-0.40993827,-0.11387999,,,,,0.00135086,-0.01614683,0.00266615,,,,,,,,,,,,,,,,,,,-0.11204225,0.48085348,0.02249245,0.13988074,0.10016374,0.54349134,,0.1209538,0.01122965,,0.01145068,,,,,-0.00062041,-0.00612516,0.00742776,,,,,,,,,0.03873847,0.08921021,0.01950836,,,-0.00086796,,-0.00069872,0.06216351,,0.00154223,2.79e-05,0.00048191,0.03196235,0.06737425,0.06477574,-0.0036074,,,,,0.43530983,,-0.00667071,0,,0
122,2013-01-31 00:00:00,1670.65217391,89404021.031932,2780.77589128,148959978038.61,-22.74618778,3.01589401,,-0.39321172,-0.16532937,,,,0.12406957,,,-0.00050845,,,0,0.25598054,,0.05352652,0.14055859,,,,,,-0.00720156,,0,,,0,-0.99645792,1.03958163,-1.61187227,0.08132249,0.7612361,,,,,,0.00395884,,,0.00441616,0.00172407,,-0.03199997,,,-0.00318913,1.51660714,,,0.09835286,-0.00191715,,,,-0.01133709,,,-0.00075063,,,-2.03655358,0.01579285,-0.00816102,-1.45528736,0.26318895,0.13157658,0.01350121,-1.05537085,-0.00928852,0.065391,0.11710752,0.06736533,,,,,,0.03280104,0.40851184,-0.27046795,,-0.02223542,0.04525526,,,1.919e-05,,0.03642423,0.03409483,-0.01313772,,0.02626727,,,,,-0.2187991,,0.00922573,,,-0.00279162,,,,,,0.01258913,,,-0.65525055,,,,0.00044587,,,,,-0.02157549,0.24377292,-0.30564273,-0.12745283,0.52634977,-0.20414751,-0.07729789,-0.02357465,-0.10523782,-0.00684537,-0.08684945,-0.05799496,-0.11136287,0.0149279,,,,,-0.001855,0.00341152,0.00055749,,,,,,,,,,,,,,,,,,,-0.00085632,0.09833249,0.02518439,0.12096244,0.05821509,0.05840643,,0.08619786,0.03161749,,0.02175659,,,,,0.01335144,-0.00092836,0.00458802,,,,,,,,,0.02104431,0.0074483,0.05615088,,,-0.0008891,,0.00051271,-0.06220446,,0.00047935,0.0002123,0.01549322,0.05404964,0.0086719,0.03781835,0.00906344,,,,,0.74846823,,0.03337766,0,,0
123,2013-02-28 00:00:00,1627.5875,85600356.326016,2662.46869446,136112242208.9,-69.67733105,-6.09159928,,-0.24369337,-0.16385435,,,,0.06164065,,,-0.0004473,,,0,-0.62690871,,-0.01155783,-0.00284776,,,,,,-0.04156729,,0,,,0,-0.24939808,-7.08696277,-7.47631379,0.73293362,-4.6412776,,,,,,-0.06661582,,,-0.00375622,-0.00146155,,-0.008,,,-1.23787259,-2.46643575,,,0.06602335,2.62109526,,,,-0.02648874,,,-0.00044262,,,-2.88704013,0.00019142,-0.00501936,-3.49074585,-0.77458895,-0.42493905,-0.15293106,-1.0893724,0.05467433,-0.48185812,-0.33581422,-0.42156088,,,,,,-0.00372145,-0.41108685,-1.79770808,,-0.08481766,0.12879568,,,-0.03289638,,0.0174186,-0.07058242,-0.0204368,,-0.07545768,,,,,-0.26659532,,0.02503659,,,-0.00299041,,,,,,-0.01178645,,,-0.00022653,,,,-0.0224821,,,,,-0.40889187,-1.84012561,-0.0013561,-0.42902,-1.28876794,-0.00409655,-2.01448825,-0.10608327,-0.06649318,-0.05470562,-0.09777666,-0.06269386,-0.09950754,-0.00332033,,,,,0.12881227,-0.01322436,-0.00045673,,,,,,,,,,,,,,,,,,,-0.64392235,-0.27385973,-0.0154622,-0.07647377,-0.05049291,-0.15715018,,0.07054285,-0.06538673,,0.0155569,,,,,-0.0150543,-0.0087995,-0.01537796,,,,,,,,,0.01969452,0.00217345,-0.36050058,,,-0.00023673,,-0.00051686,-1.798e-05,,0.01351339,-0.00048839,0.04225253,0.03110947,0.01081066,0.0219689,-0.07389274,,,,,-1.12597837,,-0.00733149,0,,0
124,2013-03-31 00:00:00,1593.11904762,83983078.138997,2612.16571994,134330839758.39,-37.09297101,-2.36226011,,0.21783924,0.14161298,,,,0.08593389,,,-0.00045694,,,0,0.12955284,,-0.02710534,0.0002851,,,,,,0,,0,,,0,-0.15600314,-3.18999109,-1.96075775,0.14657635,0.8835298,0.02018335,,,,,-0.07184995,,,-0.00108186,-0.00041914,,-0.01099999,,,-0.49648704,-2.17024459,,,0.26658833,-0.3108107,,,,0.00343866,,,0.00033249,,,-0.51847548,0.00054314,-0.00351841,-0.8159242,0.18679864,-0.19975968,0.02817612,-0.79639064,0.73858565,-0.1411519,-0.19602014,-0.17951863,,,,,,0.01653504,0.43953727,-0.28185036,,0.00364516,-0.00245256,,,-0.00373856,,0.03793169,-0.00844632,0.01641924,,0.09947382,,,,,-0.09404009,,-0.03104795,,,0.04815959,,,,,,-0.01333339,,,-0.00024036,,,,-0.00290571,,,,,0.01556566,-0.74165364,-0.00100956,-0.09340652,-1.35070082,-0.15638798,-0.7201374,-8.393e-05,-0.12258966,-0.05615724,-0.06883019,-0.04252169,-0.10639689,-0.03000549,,,,,0.00048938,-0.00165872,-0.00037858,,,,,,,,,,,,,,,,,,,0.41357219,0.02748453,0.01237673,0.12196643,0.06348055,0.06045641,,0.06007518,0.02763247,,0,,,,,0.01983368,-0.00045946,0.00352433,,,,,,,,,0.03793195,0.01231351,0.08282198,,,-0.00120152,,9.844e-05,-1.909e-05,,-8.214e-05,0.0002577,3.064e-05,-0.00634844,-0.0417049,0,-0.15652084,,,,,0.08752363,,-0.02358057,0,,0
125,2013-04-30 00:00:00,1490.22727273,78228650.12037,2433.18300174,115049818082.86,-142.73767895,-16.60266422,,0.33388234,-0.93310043,,,,0.04036518,,,-0.00058636,,,0,-0.60304232,,-6.157e-05,0.13897997,,,,,,-0.10707718,,0,,,0,0.00779616,2.64937102,-6.1553894,-0.91522979,-0.9979419,0.00050861,,,,,-0.21968218,,,-0.00071241,-0.00027513,,-0.03099998,,,-0.31152971,-0.28564905,,,0.33297127,1.2309936,,,,0.00927207,,,-5.432e-05,,,-3.19874353,0.00098095,0.19204482,-1.40533357,0.20536847,-0.10129216,0.06949119,-0.69180077,-0.44531033,-0.4511088,-0.18904643,0.13420297,,,,,,-0.00965447,-0.01498854,-0.95334837,,-0.0342897,-0.08099183,,,-0.01434199,,0.04200138,-0.00322965,0.04172668,,-0.00584876,,,,,-0.08962396,,0.03727077,,,-0.12112595,,,,,,0.01141874,,,-0.00013212,,,,-0.0001159,,,,,-0.05823827,-2.66465885,0.00192098,-1.22163552,-2.42753475,-0.05300842,-2.21398973,0.03434563,0.01744034,-0.06213399,-0.1630597,-0.03121719,-0.01350612,0.02110446,,,,,0.00174099,-0.01266529,0.00140211,,,,,,,,,,,,,,,,,,,0.56597792,-0.18704373,0.00892233,0.13859087,0.04251374,-0.25494687,,0.03874278,-0.0036493,,-0.01692064,,,,,0.00396235,-0.00177365,0.00799443,,,,,,,,,0.0209927,0.00653908,-0.23974498,,,-0.0308734,,0.00210508,-2.166e-05,,0.00145199,0.00015926,0.00116854,-0.00126816,0.00154449,0.00850793,-0.12829093,,,,,2.68091934,,-0.57122885,0,,0
126,2013-05-31 00:00:00,1414.91304348,73487395.345795,2285.713494,102609351536.55,-65.33677554,-8.37964329,,-0.49485299,-2.00400624,,,,-0.05311575,,,-0.00051787,,,0,-0.80770279,,0.01188652,-0.0007075,,,,,,0.03338831,,0,,,0,-0.49320633,-8.7757565,-15.58337214,-0.98857597,-7.6239962,-0.00059035,,,,,-0.21671138,,,0.00932021,0.00363665,,-0.005,,,-0.00267665,-2.00302049,,,0.06374928,-0.00279498,,,,-0.01421731,,,-0.00160668,,,-3.85281406,0.04211842,-0.00821209,-3.11659655,-3.39825854,-0.8895919,-1.44831538,-1.93875736,-4.17470655,-0.83820196,-0.08608059,-1.00509488,,,,,,0.07604102,-0.64565278,-3.11165861,,-0.08120254,-0.14076335,,,0.010894,,-0.04336069,-0.01617877,-0.01572329,,-0.00997145,,,,,-0.26685835,,-0.06204491,,,-0.0337906,,,,,,-0.04272391,,,-0.00031118,,,,-0.00085098,,,,,-0.08300332,-1.41242442,-0.00082952,0.88138006,-2.63961516,-0.26681179,-2.98608398,-0.13584583,-0.20286522,-0.02226167,-0.15567789,-0.05052974,-0.15842757,-0.03259538,,,0.11350113,,-0.00424955,-0.00876578,4.933e-05,,,,,,,,,,,,,,,,,,,-0.00129898,-0.19661617,-0.00345613,0.02605194,0.05298903,-0.13015284,,0.03386798,-0.02523528,,0.0138314,,,,,0.01277732,0.00769629,0.00218203,,,,,,,,,0.03179391,0.0108501,-0.06988155,,,-0.00076924,,0.00119472,-2.083e-05,,-0.01321476,7.325e-05,-0.02871205,-0.01229187,-0.65185358,-0.03750575,-0.14817939,,,,,-1.33394114,,-0.07909604,0,,0
127,2013-06-30 00:00:00,1342.3625,70428460.910116,2190.56999784,84137124955.812,-43.6542387,-8.18142333,,2.11055154,-2.46088797,,,,0.04232742,,,-0.00048697,,,0,-0.69685055,,-0.05183535,0.0045984,,,,,,0,,0,,,0,-0.17746751,-13.56905385,-4.52472562,-0.11722941,-6.8104112,0.00051227,,,,,-0.04715313,,,-0.00203811,-0.00079191,,-0.06999995,,,-0.00241714,0.02593434,,,0.26204409,-0.00250273,,,,-0.00039503,,,-0.00059691,,,0.85795696,-0.03928401,-0.02507992,-1.40534239,-0.0361948,-0.39037052,-0.22100847,-0.4768654,-0.75336973,-0.58823547,-0.46444215,-0.25094787,,,,,,-0.00161698,-1.28872329,-0.51663515,,-0.02442336,-0.36476656,,,-5.959e-05,,0.13719269,-0.01872657,0.01792845,,-0.06737718,,,,,-0.0629654,,0.02821809,,,-0.06438375,,,,,,-0.01928275,,,-0.00012649,,,,-0.00803676,,,,,-0.41753234,-1.40982529,0.00167755,-0.58057903,-1.82547648,-0.18395243,-1.44793932,-0.18595155,0.00666343,-0.00088343,-0.12957291,0.00327879,-0.01750922,-0.08552456,,,0,,-0.00466958,-0.01943701,0.00150707,,,,,,,,,,,,,,,,,,,-0.00352645,-0.73500662,-0.0028348,-0.10384607,-0.05626166,-0.17742508,,-0.03836977,-0.02882201,,0,,,,,-0.01232865,-0.01115125,0.00021496,,,,,,,,,0.00545473,-0.00708607,-0.36051218,,,-0.0304942,,-0.00042303,-1.928e-05,,0.00359854,-0.000137,-0.00403679,-0.01454392,-0.24095654,0,-0.08785321,,,,,-3.37933137,,-0.09531769,0.50475124,,0
128,2013-07-31 00:00:00,1286.72391304,68040992.150918,2116.31141875,89622007617.861,-42.08078644,-0.15190402,,-1.46948724,-0.31556172,,,,0.01659787,,,-0.00050688,,,0,-0.08841079,,-0.04719816,-0.00383616,,,,,,-0.02554893,,0,,,0,-0.2403819,0.80266836,-3.9939517,0.18145106,-4.1960635,-0.00062011,,,,,-0.06870092,,,0.0020822,0.00081454,,-0.04499996,,,-2.09975016,-7.10341233,,,0.07364999,-0.61934954,,,,-0.14546231,,,-0.00021636,,,-3.59077703,-0.00013202,-0.20056525,-1.78389938,-1.57749015,-0.06065213,0.05492126,-1.49848018,0.24078841,-0.35779442,-0.25511366,-0.15532519,,,,,,0.00494215,-0.11409338,-0.2125552,,-0.00696545,0.00195637,,,0.01134626,,0.02578097,0.00368231,-0.01302678,,0.01501056,,,,,-0.10389733,,0.03662118,,,-0.00834724,,,,,,-0.0045584,,,-0.00028982,,,,-0.00011369,,,,,-1.62005002,-0.61819332,0.00094032,-0.12370767,-0.36934374,-0.00823924,-1.39222639,-0.0554057,0.04987887,0.00010059,-0.09387066,-0.01218638,-0.01069069,-0.17286197,,,-0.08774251,,0.00671262,0.00427352,-0.00056629,1.36271922,,0.68993536,,,,,,,,,,,,,,,,0.36394148,-0.11886555,-0.0095381,0.10103853,0.02588829,-0.01502823,,0.03233185,-0.13335493,,0.03593992,,,,,0.00961425,0.00047767,-0.00217388,,,,,,,,,0.01568631,-0.00119413,-0.01910281,,,-0.00184409,,0.00037365,-2.06e-05,,-0.00202327,0.00044564,-0.00246327,-0.0073707,-0.65854849,-0.07712162,-0.0129098,,,,,-0.04500351,,-0.11036824,-0.00894904,,0
129,2013-08-31 00:00:00,1348.47727273,67322959.756488,2093.97811485,94022433277.848,-6.29384413,-0.73070497,,-0.7036687,-0.31594298,,,,0.07867927,,,-0.00050884,,,0,-0.1779264,,-0.15052141,0.00170671,,,,,,0,,0,,,0,0.06140684,-1.4439436,-0.7835778,0.38636794,-5.514619,0.00041488,,,,,0.02767411,,,-0.83285267,-0.32474159,,-0.004,,,-0.00208403,0.21092592,,,0.11551575,0.15149315,,,,0.00831029,,,-0.0015217,,,-1.44002257,-0.00214163,-0.05425997,-1.30178513,-0.67054681,-0.00960576,0.00543929,-0.10649913,-0.13200876,-0.38797826,-0.14644537,0.38646844,,,,,,-0.00388856,-0.08720457,-0.10782941,,0.0228903,0.04371684,,,0.0199111,,-0.00615951,-0.00026684,0.00513579,,0.02743887,,,,,-0.02588484,,-0.00799758,,,-0.00259991,,,,,,-0.03342333,,,-0.00012813,,,,-0.00035329,,,,,-0.11589009,-0.22412365,-0.00026875,0.02811405,-0.61924991,-0.00670015,0.1012514,-0.00513154,-0.03877756,0.00549155,-0.0605493,-0.00928488,-0.01104579,-0.21983277,,,0,,0.00084954,0.01442431,-0.00122863,-0.53731546,,-0.34041426,,,,,,,,,,,,,,,,-0.0040948,-0.3105983,0.00960197,-0.02782845,0.00319047,-0.12449018,,-0.03495913,0.00974658,,0,,,,,-0.00871222,0.00795006,0.00492819,,,,,,,,,0.03334046,-0.01591431,-0.02753806,,,-0.0010099,,0.0001506,-2.009e-05,,-0.00532701,-0.00138101,-0.00802233,-0.02452125,-0.25745576,0,-0.19424381,,,,,-0.21875671,,-0.00106177,-0.00019782,,0
130,2013-09-30 00:00:00,1348.79761905,66469248.129757,2067.4247151,88367104292.868,-15.0413415,-0.47800557,,-0.30943478,-0.31755637,,,,0.0699166,,,-0.15440046,,,0,0.1949131,,2.02376164,-0.00361204,,,,,,0.00692844,,0,,,0,-0.12522073,-0.15261409,-0.23043076,-0.80484158,-5.4826337,-0.01219114,,,,,-0.00942612,,,,,,-0.00999999,,,2.27864887,0.18208144,,,0.09621708,0.08973029,,,,0.01965904,,,-0.08538821,,,-1.48585662,0.00051442,-0.25410307,-1.13426137,0.57023304,0.05913538,0.17513107,-0.07238974,-0.44298954,0.00768898,0.0415861,0.13074147,,,,,,-0.00017622,-0.03197077,-0.3666035,,-0.0105578,0.03564091,,,-6.031e-05,,0.03932645,-0.02055561,0.02112346,,0.00024518,,,,,-0.05354267,,0.05656764,,,-0.0306686,,,,,,-0.01672635,,,-0.00014622,,,,-0.0001526,,,,,-0.09381907,-0.28318757,0.00105973,-0.21489289,-0.76277519,-0.13232391,0.25444801,0.03984019,0.02115376,-0.0613006,-0.06454606,-0.00181468,-0.00512174,-0.03682698,,,0,,-0.00126608,-0.01225796,0.00112187,0.54688235,,-0.17965854,,,,,,,,,,,,,,,,-0.16673822,-0.50477701,-0.04764882,-0.24494197,-0.1561612,-0.36967025,,-0.08607222,-0.13719067,,-0.0541056,,,,,-0.07671982,-0.01688123,-0.00886096,,,,,,,,,-0.02000658,-0.01776272,-0.61622772,,,-0.00115524,,-0.00050509,-2.112e-05,,0.00386333,0.00079556,0.00268529,-0.00435118,0.01515009,0.0673042,0.03003677,,,,,-0.95059946,,-0.09363451,-0.00364456,,0
131,2013-10-31 00:00:00,1316.18478261,64716694.617373,2012.91420764,85917132373.519,-33.93494378,-6.11658047,,-0.14369336,-0.6220228,,,,-0.01909672,,,-0.00045075,,,0,-0.3695481,,-0.01074931,0.1406696,,,,,,-0.02096323,,0,,,0,-0.00079005,-0.73581359,-3.33230896,-0.00230223,-2.2950745,-8.456e-05,,,,,0.03776597,,,,,,-0.005,,,0.45948908,-0.16869521,,,0.12573375,0.30525659,,,,0.02327686,,,,,,-1.17570951,0.00190247,0.30723261,-0.86931076,-0.65749247,-0.20926227,-0.03854308,-0.15349314,-0.13208158,0.04069442,0.00737029,-0.27804786,,,,,,0.06769621,-0.17437881,-0.06315174,,-0.0440102,0.11289972,,,-0.00158051,,0.01316964,0.00569679,-0.00535358,,0.00790366,,,,,-0.04278208,,-0.50650584,,,0.0144376,,,,,,0.00097558,,,-0.00037394,,,,-4.898e-05,,,,,-0.21311401,-0.61607624,0.00013951,-0.00162836,-0.75436716,0.00331323,-0.26594516,-0.0406984,-0.00142856,-0.01680268,-0.06748762,-0.00359655,-0.00933097,-0.0012956,,,0.02598329,,0.00699507,0.00273754,-1.357e-05,-0.04127114,,-0.01038708,,,,,,,,,,,,,,,,0.32152675,-0.56055077,-0.02600679,-0.19889885,-0.11229646,-0.57624157,,-0.14370669,-0.10920476,,0.00281822,,,,,-0.02310519,-0.01000885,-0.00910801,,,,,,,,,-0.02041617,-0.01045489,-0.44489997,,,0.02880099,,0.00087419,-2.082e-05,,-0.03051094,-0.00024214,-0.00110705,-0.00182231,-0.01801448,0.00494214,-0.04299438,,,,,0.02091503,,-0.00423967,0.00120178,,0
132,2013-11-30 00:00:00,1275.82142857,63155383.723751,1964.35201053,79394828572.514,-28.80334255,-2.39750767,,-0.49555087,-0.92586582,,,,-0.08963283,,,-0.00041576,,,0,-0.14854984,,-0.01348174,-0.00430911,,,,,,0,,0,,,0,-0.10958693,0.68908288,-4.28109194,-0.00217118,0.3763647,5.101e-05,,,,,-0.05163763,,,,,,-6.02599577,,,-0.24910722,-0.62806668,,,0.12886993,1.78313674,,,,-0.05308042,,,,,,-1.45158655,8.3e-07,0.03350396,-0.93134493,-0.11443871,-0.30475402,-0.09635041,-0.29416634,-0.25591772,-0.28982708,-0.37486188,-0.29176378,,,,,,-0.00222641,-0.19623352,-0.10940884,,0.01435262,0.01386106,,,-0.04399464,,-0.00373467,-0.00104558,0.00947109,,-0.04667648,,,,,-0.03029515,,-0.04312875,,,0.00015383,,,,,,-0.00646639,,,0.04483667,,,,-0.00093787,,,,,-0.11492869,-0.22095509,0.00016189,-0.54882868,-0.31521264,-0.00160399,-0.29634123,0.07111414,-0.03856187,-0.01103108,0.27374443,0.00075805,0.02915122,0.00183793,,,0.02524336,,0.00393908,-0.01048778,0.00067281,0.05917585,,0.01963725,,,,,,,,,,,,,,,,0.19328626,-0.48187013,-0.04058181,-0.2550528,-0.13135492,-0.17535875,,-0.10203637,-0.1195075,,0,,,,,-0.02412305,-0.01276077,-0.00985069,,,,,,,,,-0.02277984,-0.00823818,-0.30298663,,,0.0880179,,-0.00015007,-1.893e-05,,-0.00237651,-0.00097108,-0.00345677,-0.00063167,-0.08945338,0,-0.02229118,,,,,0.34520386,,0.00127538,-0.23674608,,0
133,2013-12-31 00:00:00,1220.375,60243773.969295,1873.79082417,72639782644.708,-45.00138011,-6.74924151,,-0.47073649,-1.233809,,,,1.36753461,,,-0.00043734,,,0,-0.10348134,,0.05334663,0.00343733,,,,,,-0.10712165,,-0.28877084,,,0,0.17507848,-5.72301504,-2.1466767,-1.1810834,-6.31951686,0.00020013,,,,,-0.1059768,,,,,,-2.03099857,,,-0.64963621,0.03741974,,,0.15662211,0.95089001,,,,0.00500358,,,,,,-1.1157054,-8.25e-06,-0.23554458,-1.92407674,-0.02267393,-0.14142485,-0.01588138,-0.89869264,-7.65744041,-0.27171663,-0.25123493,-0.9172517,,,,,,0,-0.32259143,-0.06484724,,-0.00604126,0.02865154,,0.98861843,-0.00422996,,0,0.00615517,0.00727069,,-0.0120362,,,,,-0.0122111,,0.03035145,,,0.00112972,,,,,,-0.00681363,,,-0.00026532,,,,0.00034691,,,,,-0.39128474,-1.5886637,0.00063517,-2.0677878,-1.01238036,-0.08205581,-2.8678174,-0.05148345,-0.0956089,0.00242632,-0.1526398,-0.00540174,-0.08862556,-0.00135668,,,0.33869646,,-0.01249263,0.00546964,0.00098582,-0.37866348,,-0.01054556,0.66092819,,,,,,,,,,,,,,,0.23746788,-0.18181387,-0.00399956,-0.00301277,-0.00716647,-0.05251452,,-0.05047644,0.00607045,,0.03208425,,,,,-0.00136123,0.00412057,0.00188359,,,,,,,,,0.00341525,-1.131e-05,-0.08468908,,,-0.00129667,,0.00140312,-2.028e-05,,-0.00057523,-0.00012325,-0.00018054,0.0015152,0.01799087,-0.02587496,-0.0102935,,,,,-0.47327056,,0.00587318,0.00184844,,0
134,2014-01-31 00:00:00,1242.91304348,59312176.721354,1844.81491081,74419617791.054,-5.05420893,-0.62131117,,-3.05308723,-0.16096041,,,,-1.4940108,,,-0.00048273,,,0,-0.34828046,,-1.29903744,0.00334076,,,,,,-0.02802739,,0,,,0,-0.03189961,-0.27940385,0.60778959,0.00743838,-2.20347242,-0.00014353,,,,,-0.07098958,,,,,,-0.004,,,-0.06419178,0.06280114,,,0.00106643,-0.95741611,,,,-0.01542238,,,,,,-3.75956419,3.96e-06,0.1408242,-1.16601651,-1.43044529,-0.82393011,-0.04396914,-0.67317228,-1.68482086,-0.48990306,-0.27494992,-0.73629012,,,,,,0,-0.12935232,-0.09123378,,0.01865511,0.00369125,,0.13120619,0.01982513,,0,-0.06853751,-0.0074348,1.16805862,-0.00408065,,0.01244139,,,-0.0156115,,-0.03101957,,,0.01311253,,,,,,-0.00239714,,,-0.29642916,,,,-0.00086688,,,,,-0.00124893,-0.49492033,-0.0010158,-0.06183238,-0.95749962,-0.01828488,-1.39492429,-0.00773001,-0.08517057,-0.001274,-0.04006094,-0.00961116,-0.01783926,-0.0030802,,,0,,-0.00095903,-0.00824693,-0.00082705,-0.15675335,,-0.07920731,-0.46439143,,,,,,,,,,,,,,,-0.0020647,-0.0541668,-0.00174146,0.04281446,0.0372784,-0.01207072,,0.01225869,0.03743901,,-0.00589591,,,,,0.00891552,0.00128386,0.00302618,,,,,,,,,0.03607607,0.00242432,-0.06604311,,,-0.00137664,,-0.00096178,-2.083e-05,,-0.00076355,-2.484e-05,-0.00031873,-0.0272416,-0.33503443,-0.01585536,-0.01010569,,,,,0.4167133,,-0.0067407,-0.00272292,,0
135,2014-02-28 00:00:00,1300.975,59647936.365118,1855.25820309,79328611661.253,10.57168111,2.3863181,,-2.6533135,-0.00845579,,,,0.07534812,,,-0.00042923,,,0,-0.34199932,,-0.0058084,-0.00258111,,,,,,-0.05365553,,0,,,0,-0.0473653,0.8624942,0.57389988,0.13509095,-0.89736467,0.00016547,,,,,0.01029606,,,,,,-0.02099998,,,0.33627989,2.31511224,,,0.09749271,-0.00291694,,,,0.00661278,,,,,,-1.14038172,-7.994e-05,-0.03095552,0.31866682,0.03189185,0.38187997,-0.09436709,-0.09334685,-0.43796191,0.65790433,0.02985376,-0.59520397,,,,,,0,-0.12718114,-0.11217662,,0.0100863,-0.01091361,,-0.00019325,0.0128631,,0,-0.08838182,0.01015888,-0.00012483,0.00094571,,-1.107e-05,,,-0.02652219,,0.04258221,,,0.00045588,,,,,,-0.00131044,,,-9.728e-05,,,,0.00019562,,,,,-0.23739664,0.50910665,0.00124479,0.05993862,-0.52328943,0.04999255,0.12068281,0.01897936,0.01468695,0.00312844,-0.08362014,-0.017847,0.00014757,-4.644e-05,,,-0.05000064,,0.00161206,0.00576347,-0.00023367,-0.11905561,,-0.02987363,-0.09915064,,,,,,,,,,,,,,,-0.01006059,0.09774938,0.00817304,0.06914534,0.05735718,0.01482118,,-0.02207701,0.06074815,,-0.02179699,,,,,0.01137666,-0.00765022,0.00070803,,,,,,,,,0.00505396,0.0039153,0.0602178,,,-0.00049281,,-0.00482464,-1.879e-05,,0.00197241,-0.01900848,0.00243413,-0.01608058,-0.3141625,0.07827993,0.01135903,,,,,-1.32130579,,-0.00094615,-0.00054104,,0
136,2014-03-31 00:00:00,1336.08333333,59980901.726087,1865.61458346,77670960335.307,9.31397621,0.95406677,,-0.26537629,-0.00947966,,,,0.12746407,,,-0.00051118,,,0,-0.11607366,,-0.01240212,-0.00266914,,,,,,-0.01232753,,0,,,0,0.16764411,5.98255087,2.07826457,0.3960919,-3.67859463,-5.414e-05,,,,,-0.02733147,,,,,,0.96399932,,,0.24353406,1.20340969,,,0.12040898,1.07333293,,,,-0.00135014,,,,,,-1.84664531,0.07453192,-0.04936081,-0.79755743,-1.40119684,-0.07312682,0.00417663,-0.12687862,-0.50399737,-0.39497879,-0.01087032,0.24862877,,,,,,0,-0.07135464,-0.03953017,,0.00991982,0.02723622,,2.156e-05,-5.527e-05,,0,-0.0019626,-0.00441435,-0.00036453,-0.00036217,,-1.45e-06,,,-0.00632201,,-0.00914037,,,-0.00115788,,,,,,-0.00119425,,,-0.00011292,,,,0.00082343,,,,,-0.06257237,-0.46291935,-0.00021194,-0.00085567,-0.60509283,-0.0993258,-0.88025638,-0.03441433,0.03321355,-0.00061949,-0.06832889,-0.01196802,-0.03093124,0.04124143,,,0,,-0.0042901,-0.00812714,-2.3e-05,-0.15896482,,0.01966292,-0.04502555,,,,,,,,,,,,,,,-0.00790067,-0.05902687,-0.01646215,-0.04704806,-0.01357867,-0.03269411,,-0.008252,-0.00853451,,-0.00405416,,,,,-0.00276019,-0.00152347,0,,,,,,,,,0.00439297,0.00159025,-0.13852657,,,-0.00107219,,-0.00405381,-2.02e-05,,-0.00062525,-0.00019858,-0.00127258,-0.0065441,0.00075381,-0.01156671,0.0223816,,,,,-0.35023713,,-0.00030421,-0.1,,0
137,2014-04-30 00:00:00,1299,59727988.916749,1857.74811577,77192048014.247,-25.12912872,-0.73398178,,0.34338731,-0.16038184,,,,-0.11689064,,,-0.00039778,,,0,0.05759455,,-0.00914883,0.0021459,,,,,,-0.00505221,,0,,,0,0.51104847,-0.07281931,1.51205235,-0.06733653,-1.07898577,0.00019125,,,,,-0.03378241,,,,,,0.9939993,,,-0.00265184,-1.44556577,,,0.06799396,0.76538764,,,,0.0046773,,,,,,-0.22265641,0.00187296,6.64818822,-0.05981415,0.30749448,2.9946082,-0.03714227,0.16518172,7.27381679,0.01371564,0.19142178,0.41209287,,,,,,0,0.0806031,-0.02838476,,0.00611229,0.08289335,,0.03517076,0.06335945,,0,0.00317103,0.00958785,-0.00019314,-0.00284049,,-2.54e-06,,,0.002968,,0.00562762,,,0.00200017,,,,,,0.00157513,,,-0.00012747,,,,4.626e-05,,,,,-6.63029088,-0.18975095,9.022e-05,-0.00085869,-0.15984252,0.00516072,0.00485771,0.01329642,-0.07187749,-0.02255284,-0.01775804,-0.00185382,0.00161219,-0.00058527,,,0,,0.00817071,0.00722789,1.061e-05,-0.03998119,,-0.02982662,-0.00907462,,,,,,,,,,,,,,,-0.00311233,-0.41287319,-0.02101156,-0.16739609,-0.11177798,-0.15986229,,-0.08762915,-0.12960359,,-0.04775712,,,,,-0.01976578,-0.01580353,0,,,,,,,,,-0.00051086,-0.00678523,-0.40974335,,,-0.00101361,,-0.00249043,-2.037e-05,,-0.00020666,-4.36e-06,0.00047464,-0.00417724,-0.02072608,0.02733094,-0.02950218,,,,,0.69401088,0.12506832,0.08925505,0,,0
138,2014-05-31 00:00:00,1287.42045455,59247046.72592,1842.78914151,74240501847.426,-2.66450905,-0.98696948,,-0.13972782,-0.31449824,,,1.04154985,0.03511926,,,-0.00045928,,,0,0.06839942,,-0.02265029,-0.00215411,,,,,,0,,0,,,0,0.10172635,-1.00565272,-0.23273977,-0.0019961,0.29864501,0.02365648,,,,,0.03206034,,,,,,0.9989993,,,-0.00265054,-0.3225229,,,0.00611231,0.30388858,,,,-0.00283831,,,,,,-1.87365251,0.00296217,-0.03269128,-0.91022511,-0.50452502,-0.3815456,-0.01706072,-0.19016276,0.05843682,-0.17111783,-0.11958379,-0.18669215,,,,,,0,-0.10969348,-0.05040315,,-0.01126026,-0.02520109,,2.191e-05,-5.12e-06,,0,0.02369304,-0.0047107,-9.41e-05,2.644e-05,,-3.05e-06,,,-0.00315641,,-0.02729097,,,-0.00083941,,,,,,-0.00081325,,,-8.338e-05,,,,-4.96e-06,,,,,,-0.40183752,-0.0009342,-0.00086717,-0.74095007,-0.01273897,-0.54518455,-0.03517177,-0.00837962,-0.02266972,-0.04174388,-0.01046172,-0.01243305,-0.0005534,,,-0.00123848,,-0.00216324,-0.00232371,-1.151e-05,0.00055432,,0.00977664,-0.00588405,,,,,,,,,,,,,,,-0.00210821,0.07522868,0.0009158,0.03228977,0.03722453,0.03256858,,-0.00475316,0.04601329,,0,,,,,0.01269586,0.00174787,0.00701181,,,,,,,,,-0.00069607,0.01129431,-0.03423738,,,-0.00089213,,0.00022372,-1.966e-05,,0.0005323,-0.00011679,-0.00061313,-0.0021971,-0.0010687,0,0.00223382,,,,,0.6847041,-0.0635011,-0.00306129,0,,0
139,2014-06-30 00:00:00,1279.0952381,59247669.966535,1842.80852646,78038925081.884,5.43670923,1.33970283,,0.3936779,0.14462758,,,0.15547987,-0.03221129,,,-0.00044075,,,0,-0.1378843,,0.01015313,-0.00288705,,,,,,0,,0,,,0,-0.0320505,-1.23907902,-1.39000807,0.00098755,-0.99477575,0.00087177,,,,,0.00656005,,,,,,0,,,0.39706465,0.22249617,,,0.12313971,-1.01805342,,,,0.00819707,,,,,,-2.24022764,-5.32e-06,-0.06581149,-0.93693888,0.0671807,-0.02820221,0.15939589,-0.15522645,-0.06902905,-0.11596431,-0.18646849,0.08086688,,,,,,0,0.00824301,-0.05649491,,0.00359443,0.01719942,,0.12453619,0.01953766,,0,0.00135949,0.0145986,-0.00025119,0.00013498,,-8.85e-06,,,-0.0222187,,0.01183204,,,0.00300049,,,,,,-0.00190227,,,-0.00012295,,,,1.8e-05,,,,,,-0.21948784,0.0005486,-0.00086453,-0.14758461,0.03406912,-0.00225155,0.02219087,0.07729114,0.00295609,-0.24106692,0.00216931,-0.06506586,0.00061873,,,0,,0.0031327,0.00719034,-0.00045782,0.00068852,,0.08928015,-0.01188624,,,,,,,,,,,,,,,0.45692694,-0.13003796,-0.0031097,0.01697608,-0.02408283,-0.14902133,,-0.00229792,-0.0282527,,0.0097312,,,,,-0.00374394,-0.00108094,0.00307382,,,,,,,,,-0.00234323,0.00153275,-0.30461283,,,-0.00067457,,0.00180037,-2.072e-05,,-0.00194721,-0.00033213,-0.0012655,-0.00068609,-0.00416671,0.00492878,0.00755645,,,,,0.49830513,0.00042213,0.09943498,0,,0
140,2014-07-31 00:00:00,1310.9673913,59515945.850347,1851.15283918,76623368153.7,11.10092614,0.8986659,,-0.69698496,-0.00871023,,,0.15363679,0.02522285,,,-0.00045809,,,0,-0.1449912,,0.00271932,0.00022071,,,,,,-0.15263855,,0,,,0,0.11900482,3.46566658,-1.49535765,0.14721402,0.79092191,-0.00070345,,,,,0.34723986,,,,,,0.98299931,,,-0.15656921,-0.27723073,,,0.06122417,-0.00349346,,,,-0.00571276,,,,,,-0.98037718,0.00244431,-0.51037542,0.11746643,-0.92143441,-0.82666953,0.00619326,-0.25170299,-0.06863969,-0.45314236,-0.7984004,-0.27903294,,,,,,0,-0.06371692,-0.03246778,,0.0273438,-0.02968741,,0.0388103,0.09545204,,0,-0.00115772,-0.13994363,-0.00033282,0.00266064,,0.04642606,,,-0.00962043,,-0.04060796,,,0.026956,,,,,,0.00083483,,,-0.00021147,,,,0.00016317,,,,,,-0.15932301,-0.00123683,-0.03121154,-0.3736167,0.01246547,-0.38854224,-0.05606875,-0.0148353,-0.00210421,-0.08218604,-0.00517856,-0.06207412,-0.01916463,,,-0.26401166,,-0.0013717,0.01328317,0.00078673,-0.01956004,,-0.00981808,-0.00297571,,,,,,,,,,,,,,,0.21656087,-0.10005965,-0.01338042,-0.03514086,-0.01279759,-0.06459568,,-0.00768687,-0.02106804,,-0.07130348,,,,,-0.01048648,-0.00457924,-0.00295355,,,,,,,,,-0.00088444,0.00020411,-0.13117108,,,-0.00097828,,0.00131418,-2.099e-05,,-0.0129541,0.00032571,0.00173953,-0.00545513,0.16243812,-0.00776641,-0.00662775,,,,,-0.14112934,0.00065321,-0.00118175,-0.03,,0
141,2014-08-31 00:00:00,1295.0952381,59172921.099158,1840.4835768,76212387151.458,-6.83302941,-0.21371343,,-0.23286229,-0.00814644,,,0.07762837,-0.05179003,,,-0.00043037,,,0,-0.1070659,,-0.65269282,-0.00142772,,,,,,0,,0,,,0,0.19200714,0.18797244,0.5395611,-0.01173908,2.36480269,-0.00049906,,,,,-0.01489243,,,,,,0.9919993,,,0.58142258,-0.03167579,,,0.04605458,0.21178549,,,,-0.00773557,,,,,,-0.10183523,0.00020821,-0.00135755,0.00967586,-0.21225133,-0.15449225,0.00132874,-0.10411142,0.36698941,-0.11918292,-0.05167033,-0.29629054,,,,,,0,-0.23372666,0.00900052,,-0.03556406,0.02185117,,0.06649623,-0.00012422,,0,-0.0020605,-0.00520578,3.011e-05,-0.00064016,,-1.966e-05,,,0.01825308,,-0.01647588,,,0.00060784,,,,,,0.00263085,,,-9.893e-05,,,,-0.00012025,,,,,,-1.94808174,-0.00045824,0.05952539,-0.38811791,0.01576303,-0.11698576,-0.03490125,0.02990289,-0.00271805,-0.02460479,-0.00195206,-0.00916034,0.00205664,,,0,,-0.00073138,-0.00349022,-0.00044515,0.08014226,0,0.0297684,8.86e-06,,,,,,,,,,,,,,,-0.00265933,-0.13379974,-0.01003759,-0.05123972,-0.01690752,-0.04528896,,-0.00641884,-0.02506395,,0,,,,,-0.00549673,-0.00928843,0.00076644,,,,,,,,,-0.00592856,-0.0013461,-0.13163135,,,-0.00076284,,0.0015464,-1.799e-05,,-0.00157004,-0.00039378,-0.08083362,-0.00045875,-0.00414789,0,-0.05975881,,,,,-3.9513383,-0.00075202,0.00066736,0,,0
142,2014-09-30 00:00:00,1238.81818182,57720922.183588,1795.32136226,70329543522.808,-25.12181696,-3.0191191,,-0.36513772,-0.16145802,,,2.075e-05,-0.12593703,,,-0.00047245,,,0,-0.21151388,,-0.01939159,-0.00203841,,,,,,-0.06200762,,0,,,0,-0.11522964,-5.64563189,1.67361284,-0.01771895,-4.23147466,-0.00089938,,,,,-0.06410287,,,,,,-1.00799929,,,-0.98643351,-1.33155059,,,0.02839229,3.22119736,,,,-0.00941745,,,,,,-0.8092708,0.00237207,-0.23110813,-0.40347573,-1.91732665,-0.84463576,-0.03693143,-0.24723956,-0.13123265,-0.50956587,-0.11032749,-0.4303216,,,,,,0,-0.10066445,-0.00755606,,-0.00494598,-0.05869297,,0.00416565,-0.01557227,,0,0.00580484,-0.01097499,-0.00031578,0.00744184,,0.01545381,,,0.00147679,,-0.25177408,,,-0.00226175,,,,,,0.00971448,,,-0.00010214,,,,-0.00185601,,,,,,-0.42922902,-0.00112732,-0.03095571,-0.93114127,-0.06319402,-1.06044044,-0.01042117,-0.05884295,-0.00353802,0.02507978,-0.00675962,-0.02284464,0.00241632,,,0,,0.00438789,-0.00726113,0.00211482,0.20001347,0.04378411,0.00011286,0.02095427,,,,,,,,,,,0,,,,-0.00242789,0.02515972,-0.01071088,-0.01274715,-0.00442238,-0.03206185,,-0.02517189,-0.02159281,,0.01559618,,,,,-0.00461282,-0.00541451,0.0017961,,,,,,,,,-0.00604357,0.0013287,-0.14846735,,,-5.302e-05,,-2.609e-05,-2.077e-05,,-0.00027054,-0.0004896,-0.00134897,0.00610349,-0.01342528,0.01361679,-0.03123305,,,,,1.08160201,-0.00032892,-0.00380596,0,,0
143,2014-10-31 00:00:00,1222.48913043,56805230.416043,1766.84016464,66267302362.008,-28.68035797,-1.10519982,,0.6191724,-0.31349623,,,0.07808646,-0.09629918,,,-0.00045717,,,0,-0.03904253,,-0.00210477,0.0025685,,,,,,-0.01279903,,0,,,0,0.20285395,2.64643502,1.31520836,-0.73874866,0.05274403,-0.00013264,,,,,0.00802422,,,,,,-0.004,,,0.36598365,-0.64590241,,,0.08421478,-0.00436838,,,,-0.00606502,,,,,,0.30900238,0.00150869,-0.07197325,-0.52160068,-0.27781023,-0.60475401,-0.00373176,-0.19489022,-0.25507555,-0.29678709,-0.22163821,-0.21666578,,,,,,0,-0.08295494,-0.11442332,,-0.00172143,-0.00359588,,0.00061721,6.91e-06,,0,-0.0050526,2.687e-05,-0.00028242,0.00319442,,-0.0001014,,,-0.03732175,,-0.01296277,,,0.00445984,,,,,,-0.01421799,,,-0.00018107,,,,-0.00036221,,,,,,-0.12915831,-2.859e-05,-0.00107958,-0.14762056,-0.0077018,-0.28780612,-0.01554618,-0.00561709,-0.00214531,0.00534986,-0.00221527,-0.00261237,0.00062538,,,0,,0.00042925,-0.00760492,0.00022795,0.05029741,-0.00020984,0.03969623,-0.00296876,,,,,,,,,,,0,,,,0.19486592,0.00407033,0.002272,-0.00073324,0.01408539,0.00737524,,0.00171495,0.00503832,,-0.01801902,,,,,-0.00095335,0.00082019,0.00184016,,,,,,,,,0.00632681,0.00121827,-0.03197817,,,0.08652269,,0.00096948,-2.18e-05,,0.0033607,0.00083908,0.00282137,-0.00153158,0.00116923,0.01247186,0.0040222,,,,,0.81652129,-6.79e-06,-0.18761985,0,,0
144,2014-11-30 00:00:00,1176.3,55634132.811432,1730.4149575,65908824359.936,-23.53674601,0.48117854,,-1.76403574,-0.31247425,,,-0.00064669,-0.02355384,,,-0.00041388,,,0,-0.45622893,,-0.01186508,-0.00370403,,,,,,0,,0,,,0,-0.03975711,0.99448353,2.48202614,-0.19447061,-2.08426119,-0.00056518,,,,,0.01023112,,,,,,-0.07799994,,,-0.00260844,-0.14056258,,,0.08650982,-0.77150577,,,,-0.0094452,,,,,,-1.70512022,-0.00193799,-0.30744764,-1.12228449,-0.69830678,0.17132814,-0.01089518,-0.44739053,-0.37915643,-0.19174137,-0.2159566,-0.05176323,,,,,,0,-0.02012674,-0.02699481,,0.00238165,-0.02852252,,0.11711786,-0.06260588,,0,0.00221162,-0.01083289,-9.47e-05,0.00054164,,-3.17e-05,,,-0.02333756,,-0.00754948,,,-0.00336683,,,,,,-0.00197555,,,-0.00011694,,,,0.00013132,,,,,,-0.24811957,-6.255e-05,-0.06118673,-0.9244737,-0.00616574,-0.4820928,-0.03903264,0.06468059,-0.00340122,-0.14422436,-0.00630566,-0.00585651,0.00092593,,,0.02499811,,0.00184983,-0.00081116,0.00189132,-0.09006909,-0.00923829,0.01003623,2.912e-05,,,,,,,,,,,0,,,,-0.00403477,0.08007723,-0.00341,-0.02694638,0.0103975,-0.01963841,,-0.02192015,0.00371117,,0,,,,,-0.00542611,-0.00014639,0.00297802,,,,,,,,,-0.02567152,0.00033089,-0.1731512,,,0.02784469,,-0.00167191,-1.717e-05,,-0.00239901,-0.00045739,-0.00168833,0.00270556,-0.28548966,0,-0.01432378,,,,,-3.74304682,0.00019192,0.09288292,0,,0
145,2014-12-31 00:00:00,1198.85869565,55026944.254672,1711.52928233,66093266582.25,-8.61628478,-0.62313994,,-1.11665705,-1.68453147,,,0.03098848,1.33423137,,,-0.00048616,,,0,-0.32701024,,-0.11629708,-0.27698545,,,,,,-0.05803318,,-0.27628484,,,0,-0.05544737,-0.53185681,7.8345964,0.04784742,-1.3774456,-0.00046629,,,,,0.00838592,,,,,,0.49399965,,,-2.24466051,-2.68037858,,,-0.01957077,-0.61825107,,,,-0.00136116,,,,,,-0.27905854,0.04240884,-0.23111111,-0.25701677,-1.87182253,-0.64027701,0.0010177,-0.04976287,-0.44902324,-0.23246524,-0.12624629,-0.29314206,,,,,,0,-0.11211439,0.01951136,,0.04145572,0.01231447,,0.01272859,0.03039863,,0,0.00065249,0.00081505,0.00626176,-0.00045406,,0.01591413,,,-0.00402687,,-0.03088567,,,0.00227174,,,,,,-0.0092744,,,-0.00011327,,,,-7.971e-05,,,,,,-0.06720867,-0.00146828,0.1203472,-0.57416376,-0.10052242,-0.83422185,-0.03866083,-0.01419187,0.00021423,-0.02795175,-0.00776775,-0.01063323,0.00239907,,,0,,-0.0063577,-0.00556722,0.00334778,0.04195527,-0.0090542,-0.04732135,0.0060212,,,,,,,,,,,0.07,0,,,-0.00202685,0.00858708,-0.0090028,-0.01933735,0.01426022,-0.03386225,,-0.00153373,0.0072448,,-0.00157426,,,,,-0.00381332,-0.00297774,0.00245328,,,,,,,,,-0.02477477,0.00090369,-0.10793063,,,0.00033856,,-0.00347396,-2.266e-05,,-0.00415757,-0.00119601,-0.00413202,-0.01054537,-0.19713629,0.00462332,-0.05452985,,,,,-1.65911291,0.00038992,-0.00630691,0,,0
146,2015-01-31 00:00:00,1249.45454545,56940230.282492,1771.03912985,71866085964.728,49.36208629,6.36124504,,0.27307634,0.44918852,,,0.06132697,-1.1349683,,,-0.0004419,,,0,-0.70710062,,-0.10151811,0.13694707,,,,,,0,,-0.00601215,,,0,0.7988021,0.39023576,4.53101668,0.24261969,3.00623027,-0.00071238,,,,,-0.0292457,,,,,,2.47999826,,,0.0899463,0.13961968,,,0.11342079,-0.21864245,,,,-0.01427231,,,,,,-0.20254731,0.01339105,0.61088115,1.2687639,1.09537193,1.02101191,0.44122673,0.05659308,-9.87788747,-0.57936188,-0.08146061,-0.08312359,,,,,,0.16419586,-0.09384,0.4896048,,0.04489596,-0.00194495,,0.3117214,0.1119859,,0.25003384,-0.00300478,-0.01423394,-0.00688839,0.00849725,,-0.00053738,,,-0.04291932,,0.09513918,,,0.02879737,,,,,,-0.00153937,,,0.03389902,,,,0.00012552,,,,,,0.46482701,0.00326977,0.09094135,-0.99954281,-0.02919778,0.59110751,-0.03925127,0.07033572,-0.00251477,-0.00174397,0.01246423,-0.02143213,0.00128946,,,0,,0.00457906,0.00967974,0.00320513,-0.22061541,-0.01514282,0.02769389,-1.53e-05,,,,,,,,,,,0,0,,,-0.29962313,-0.16836302,-0.01058449,-0.0659668,-0.04522034,-0.05309767,,-0.02972158,-0.04110111,,0,,,,,-0.01117874,-0.004146,-0.00122805,,,,,,,,,-0.02267755,-0.00673858,-0.16421278,,,-0.00167946,,-0.00250662,-2.02e-05,,0.00351226,0.0010775,0.0040936,-0.00306588,0.01962999,0,-0.01825516,,,,,-0.80741264,-0.00018886,0.00889352,0,,0
147,2015-02-28 00:00:00,1227.1875,57594586.829213,1791.3918935,70023432354.155,12.89364995,-1.11535026,,-0.99927712,-0.00725615,,,0.06149691,-0.02367243,,,-0.00041503,,,0,0.08864647,,0.00279916,0.00136391,,,,,,0,,-0.01561394,,,0,2.19904834,3.7091401,1.03054928,1.05022237,3.49460754,0.00034333,,,,,0.4999788,,,,,,0.96899932,,,-0.00203185,1.08052545,,,0.0829305,0.45656321,,,,0.0104145,,,,,,-0.09442936,0.06188805,1.06962853,0.20141521,-0.85891719,-0.36974958,0.0313126,-0.16508257,-0.97942481,-0.16957643,-0.07664809,-0.457142,,,,,,0.01733136,-0.02726841,0.01199515,,0.02910802,-0.02896359,,1.12942781,7.78e-06,,0.09248053,0.0343763,0.00900283,-0.99375019,0.00501714,,0.02774489,,,-0.00780245,,-0.05053423,,,-0.00046314,,,,,,-0.00667225,,,-0.00028615,,,,-0.00025419,,,,,,-0.24846283,-0.00153397,-0.00050962,-0.07230705,0.01578669,-0.49388029,0.02694584,-0.05838967,0.00403346,0.2610805,-0.00178966,0.15201152,-0.013714,,,0,,0.00221632,0.00923755,0.00142417,0.08996871,-0.00297166,-0.0297101,0.02097408,,,,,,,,,,,0,0,,,0.19964085,-0.00721904,-0.02232402,-0.02784199,-0.00904451,-0.02263499,,-0.00640103,-0.01721058,,-0.01538013,,,,,-0.00353883,-0.00054849,0.00046595,,,,,,,,,-0.01623308,-0.01565549,-0.06999585,,,-0.00102244,,-0.00115372,-1.85e-05,,-0.00216029,-0.00069007,-0.0028375,3.976e-05,-0.25282556,0,0.00159696,,,,,-2.8202981,-0.00094785,-0.09484173,0,,0
148,2015-03-31 00:00:00,1178.62954545,55926904.60307,1739.52117812,66484705474.645,-34.01174841,-1.51025729,,-0.0983457,-0.16046827,,,-2.302e-05,-0.14022116,,,-0.00046958,,,0,-0.06776163,,-0.00791829,0.00033958,,,,,,-0.0219551,,-0.02534934,,,0,0.2094851,1.15979402,-15.82332693,0.08038206,-5.59153237,-0.00126765,,,,,-0.02263563,,,,,,2.08599853,,,0.68811053,-0.14773177,,,0.09992747,0.51714673,,,,-0.01540823,,,,,,-0.1250917,-0.05957003,0.68673173,-0.12013196,-0.13325639,-0.24262746,0.00527781,0.06726314,0.00983613,-0.25623925,-0.08382895,-0.01882843,,,,,,0.07166752,0.16673756,0.35320956,,0.00745091,-0.05222599,,0.0191257,-0.00018498,,0.03290673,0.00308209,-0.01316602,-2.59e-05,0.00176159,,-5.26e-05,,,-0.00917642,,-0.03189306,,,-0.030334,,,,,,0.01875619,,,-0.00012778,,,,0.00020027,,,,,,-0.21619517,-0.00092859,-0.11623986,-0.40252507,-0.00334576,-0.31751892,-0.08743527,-0.01089449,-0.00572895,0.03543799,-0.00173096,-0.01643965,-0.02469483,,,0.21299543,,-0.00850076,0.00262542,-0.00106305,0.51988109,0.00898477,0.04977787,0.14981126,,,,,,,,,,,1.08,0,,,0.69403252,-0.12789273,0.00174266,-0.03456677,-0.03938806,-0.05221268,,-0.01139485,-0.03432528,,0.01789185,,,,,-0.0065003,-0.00222275,0.00303291,,,,,,,,,-0.01758097,-0.1741987,-0.13312295,,,4.832e-05,,-0.05515672,-2.05e-05,,0.00011061,1.06e-05,8.147e-05,0.0018629,-0.22369711,-0.01310886,-0.00899101,,,,,-0.13879963,0.00100863,0.00016116,0,,0
149,2015-04-30 00:00:00,1197.96363636,56157427.237343,1746.69123352,66404495223.535,2.14529482,0.65760325,,0.23247999,-0.00771847,,,-0.07693449,-0.08057598,,,-0.00044292,,,0,0.11614592,,-0.01610198,0.14097349,,,,,,-0.00802938,,-0.02749547,,,0,0.32202946,3.15152686,-0.55984725,-0.00218474,-0.4072186,0.00097199,,,,,0.34392872,,,,,,0,,,0.61122678,1.20500555,,,0.08363844,-0.00405342,,,,0.0121046,,,,,,-0.40448089,0.01141942,-0.00191107,-0.34864666,0.82784587,0.64661438,-0.00444054,0.02429647,-0.45427801,0.25249016,0.02397196,0.29673104,,,,,,0.00244101,0.09788579,-0.06030869,,0.07546857,-0.01619695,,0.00333695,0.01536911,,0.06819832,0.00048995,0.01043818,0.00019099,0.00619379,,0.01537812,,,-0.00148419,,0.04536807,,,-0.00081192,,,,,,-0.01161091,,,-0.0002305,,,,4.333e-05,,,,,,-0.27439259,0.00976482,-0.13688533,0.32824309,0.02814507,0.65164713,0.00136802,0.0208938,-0.0375027,-0.02982969,-0.00072604,0.00682602,-0.00086867,,,1.378e-05,,0.0010506,-0.00685689,0.00076449,-0.02058905,-0.00297684,0.04973085,0.02087184,,,,,,,,,,,0,0,,,-0.00286173,-0.05420058,-0.00121845,-0.02235965,-0.01679453,-0.00139733,,-0.00498432,4.88e-05,,-0.02845675,,,,,-0.00384987,-0.00037443,0.00076599,,,,,,,,,-0.01488571,,-0.03609482,,,-0.00193505,,-0.00027686,-1.984e-05,,0.00609503,0.00165759,0.00580016,0.00403707,-0.02442847,0.00390389,0.0128381,,,,,-2.03611304,0.00079579,-0.00222692,0,,0
150,2015-05-31 00:00:00,1198.19285714,55502790.997453,1726.32977044,66221260695.721,-23.49267921,1.01921578,,-0.40411953,-0.00746325,,,-0.00053875,0.04040626,,,-0.00042564,,,0,-0.15362638,,-0.0021574,-0.00084013,,,,,,0,,-0.03203658,,,0,1.20625741,-3.88227866,1.01167494,0.36624709,0.21702093,0.04506777,,,,,-0.01149193,,,,,,2.9909979,,,0.30430408,-0.36800305,,,0.05335853,-0.00392061,,,,-0.0018516,,,,,,0.34829804,0.00848391,0.15129361,-0.31541752,-0.02544049,2.28792778,-0.00211942,-0.00455282,-0.02674399,-0.20198221,0.01482752,-0.09164292,,,,,,0.03878504,-0.03487066,-0.17553216,,-0.00194016,-0.01809071,,0.060324,-0.0465465,,-0.0121771,-0.003886,-0.00148787,0.26729055,-0.00093818,,-5.301e-05,,,-0.02208748,,-0.00807563,,,0.0008349,,,,,,0.00300785,,,6.22e-05,,,,-0.00014711,,,,,,0.11440535,-0.00017472,0.03118484,-0.20157023,-0.03222924,-0.15067113,-0.00398378,-0.09812248,-0.00044978,0.0121383,-0.00058922,-0.00605873,0.00043702,,,-0.0119907,,-0.00207217,0.00708439,-0.00021494,0.02875531,0.00597962,-0.00982369,2.637e-05,,,,,,,,,,,0,0,,,-0.29482021,-0.08758381,-0.00578793,-0.04162448,-0.01261567,-0.01409888,,-0.020188,-0.01044208,,0,,,,,-0.00447409,0.00174539,-0.00115269,,,,,,,,,-0.0096544,,-0.08200944,,,-0.14798746,,6.902e-05,-1.854e-05,,-0.00536559,-0.00138052,-0.012149,-0.006916,0.0152455,0,0.00736695,,,,,-0.38683052,-0.00092037,-0.00245208,0,,0
151,2015-06-30 00:00:00,1181.50454545,55275627.063905,1719.26418231,64825856738.928,-4.43017884,1.19596103,,-0.41360195,-0.31228417,,,0.0464598,-0.00530834,,,-0.00047146,,,0,-0.00713433,,0.02479004,-0.00201156,,,,,,-0.02615858,,-0.01362333,,,0,0.80444047,0.36506283,-3.079233,-0.15461508,-1.54983037,0.00228432,,,,,-0.10885083,,,,,,0.9939993,,,1.53043265,-0.29320463,,,0.10367575,-0.61725129,,,,0.0110473,,,,,,-0.44711512,0.01593288,0.07468653,-0.07315613,0.11543008,0.09366784,-0.13254738,-0.00429887,-0.24675457,0.08676362,0.02908586,0.09003352,,,,,,-0.00325245,0.01808608,-0.16492445,,-0.0034155,-0.00361155,,-0.00010632,0.00347917,,0.0711447,-0.00251096,0.00955927,-0.00058424,-0.00167354,,-4.975e-05,,,0.01045562,,0.00648577,,,0.03001577,,,,,,-0.00050619,,,-0.00012662,,,,-0.00024992,,,,,,-0.31582999,0.00018242,0.08102652,0.01378677,0.00982008,0.0131927,0.03057495,0.06771947,0.00301728,-0.00545574,0.00254536,-0.00530543,-0.08033816,,,0,,0.00078537,-0.00325682,0.0006677,0.43983791,-0.00299179,-0.0795343,0.00297068,,,,,,,,,,,1.01,0,,,-0.39806328,-0.08094194,-0.00211878,-0.01651005,-0.00899426,-0.02184547,,0.00011704,-0.00741728,,-0.00081865,,,,,-0.0047011,6.676e-05,0.00133102,,,,,,,,,-0.0173962,,-0.03262501,,,-0.05909437,,-0.00056465,-2.087e-05,,-0.01352292,0.0001461,-0.00966362,0.00036745,-0.21795133,0.00139906,0.00295605,,,,0.01564577,-0.9220235,0.0006786,-0.09177656,0,,0
152,2015-07-31 00:00:00,1130.03695652,52930185.766127,1646.31280339,58207906937.481,-38.70401892,-4.87568837,,-0.14918747,-0.31182457,,,0.15509051,-0.01930579,,,-1.06991666,,,0,-0.22698233,,0.02259677,-0.00317307,,,,,,-0.01599887,,-0.02310988,,,0,0.04778905,-1.32924412,-6.6554258,-0.26994236,-11.3254263,-0.00086069,,,,,-0.34472919,,,,,,-0.05799996,,,-0.00303272,-1.6793707,,,0.03339894,-0.00404456,,,,-0.00270971,,,,,,-0.77727049,0.02953592,-0.61331552,-0.72385971,-0.43085412,-0.64188226,0.02368212,-0.24387026,-0.11224886,0.31684324,-0.0284329,-0.37309544,,,,,,0.056972,-0.09774476,-0.2409431,,-0.0107427,-0.00461333,,0.00320385,-0.06682386,,-0.02951615,0.00447797,-0.00221698,0.0001017,0.02552647,,-4.698e-05,,,-0.0012675,,-0.04563762,,,0.00037142,,,,,,0.00033879,,,-0.00012237,,,,7.726e-05,,,,,,-0.25882748,-0.0015798,0.02654647,-0.26111124,-0.01004606,-0.78942573,-0.02667123,-0.02014188,-0.0007515,0.0003425,-0.00712991,-0.00314148,0.00065132,,,0.08685857,,-0.00055588,-0.0032954,0.00179009,0.08846523,-0.00298509,-0.01997777,-0.02999437,,,,,,,,,,,0,0,,,0.69589702,-0.10604615,-0.00721997,-0.05105278,-0.03674993,-0.0603678,,-0.02286939,-0.03890517,,-0.0048253,,,,,-0.01172751,-0.00883159,-0.00191181,,,,,,,,,-0.01061735,,-0.13905181,,,-0.00077534,,-0.00099808,-2.144e-05,,-0.00211963,-0.00084676,-0.00308762,-0.00084263,-0.0627092,-0.04564416,-0.01939594,,,,-0.00042647,-0.90299308,-0.00123519,-0.00353226,-0.075,,0
153,2015-08-31 00:00:00,1118.30952381,53143249.783989,1652.93983512,60402253859.847,9.90557003,-1.74704889,,-0.28218213,-0.00776394,,,0.23147517,0.00369048,,,-0.14977477,,,0,-0.0622594,,-0.02949678,0.14899379,,,,,,0.00273122,,0,,,0,0.67252583,1.92453395,5.58102598,0.10459455,-2.34519033,-0.00131204,,,,,-0.04851707,,,,,,-0.01399999,,,-0.76895595,-0.33510364,,,0.08170733,-1.84150081,,,,-0.00613623,,,,,,-1.62430762,0.18924494,-0.00153442,-1.10193101,0.22124188,-1.20226143,0.00236052,-0.17447222,-0.06311528,0.03165886,-0.08885439,0.04671972,,,,,,0.01217616,0.03031867,-0.00520891,,0.00535653,-0.02914219,,-0.00040261,0.00109956,,0.00090913,-0.00189993,-0.00617103,-0.26434241,0.00062808,,-3.954e-05,,,0.00773325,,0.00073377,,,-0.00075301,,,,,,-0.00105912,,,-0.00016057,,,,-0.00020552,,,,,,-0.43755636,-0.00063374,-0.02383814,-0.12388996,-0.07253579,-0.40962595,-0.01380938,0.00117132,-0.00160671,-0.05825371,-0.00409722,-0.00051793,-0.00169194,,,0,,-0.00270007,-0.00406702,-0.00086544,0.11885792,2.43819144,0.01978021,0.14938974,,,,,,,,,,,0,0,,,0.28945027,-0.17216479,-0.00176957,-0.01950848,-0.02134854,-0.0421858,,-0.01110252,-0.00776993,,0,,,,,-0.00635284,-0.00063807,-0.00034707,,,,,,,,,-0.02244228,,-0.10971193,,,-0.1185202,,-0.00562075,-1.727e-05,,0.00046649,-4.72e-06,0.00042149,-0.00407452,-0.18186029,-0.01287372,-0.00647524,,,,0.00011704,-1.49359284,0.0005337,0.00079662,0,,0
154,2015-09-30 00:00:00,1124.53181818,53179533.134508,1654.06837347,59342532547.352,4.83352144,-0.51392745,,-1.0401428,-0.15939426,,,0.13914825,0.03092451,,,-5.005e-05,,,0,-0.06566705,,-0.04829448,-0.00848504,,,,,,-0.01181011,,-0.03859941,,,0,0.03956118,0.67638728,-5.34405631,0.04948982,0.48888674,-0.00101747,,,,,0.17773825,,,,,,-0.00999999,,,-0.00302342,-0.02546657,,,0.03660906,-0.00380748,,,,-0.00673102,,,,,,-0.11418255,-0.07553404,0.07468569,-0.43660337,-0.1141391,-0.07854726,-0.00736807,-0.255096,-0.23424563,-0.02200781,-0.00304358,-0.18627285,,,,,,-0.00113468,-0.02850768,-0.39417007,,-0.00639527,-0.02151259,,0.00995422,0.04902157,,-0.03083016,-0.00362365,-0.00484833,0.46006548,-0.00131757,,-4.77e-05,,,-0.00974997,,-0.01952305,,,-0.00033242,,,,,,0.0014273,,,-0.00024329,,,,-4.971e-05,,,,,,-0.1394509,-0.00023549,-0.01995445,-0.21295006,-0.02620789,-0.61890274,-0.01461809,-0.01828878,-0.04045708,-0.01443623,-0.00275319,-0.01272733,0.00091853,,,0,,-0.00060412,0.00463928,-0.00091649,-0.05165879,-0.00537652,-2.228e-05,0.0298872,,,,,,,,,,,-0.21,0,,,-0.02440166,-0.01129007,0.00436737,0.02401403,0.02678089,-0.00063219,,0.00960923,0.00268409,,-0.01084773,,,,,0.00059991,0.0023057,0.00174507,,,,,,,,,-0.00530933,,0.05262058,,,-0.05974589,,-0.00102688,-2.282e-05,,0.00204554,0.00085944,-0.00100058,-0.00266493,-0.04715635,-0.0199126,-0.00759845,,,,0.00029609,4.90100273,0.0003503,-0.0926392,0,,0
155,2015-10-31 00:00:00,1159.24545455,53474715.158949,1663.24956071,61179928457.16,4.83898723,0.67256413,,-0.12631753,-0.00745956,,,0.00070149,0.03317142,,,-0.00103695,,,0,0.10582078,,0.01101682,-0.00074813,,,,,,0,,0,,,0,0.35811074,2.58602945,1.19952944,0.18610869,1.79483515,0.00127036,,,,,0.03726039,,,,,,0.9919993,,,-0.00274559,-0.21927614,,,-0.03188976,-0.61574379,,,,0.00762009,,,,,,-0.62392873,0.0245674,-0.07815602,-0.28374159,-0.28838323,-0.28403284,-0.08365757,-0.22784043,-0.12418655,-0.09832576,-0.02878192,0.04764788,,,,,,-0.00053993,-0.03487909,-0.10334258,,0.00329378,0.01716091,,0.01020022,2.863e-05,,-0.02871212,-0.04720392,0.00664113,-0.00240139,0.00063137,,-4.452e-05,,,-0.00374777,,-0.01814255,,,0.00027837,,,,,,0.0047152,,,4.045e-05,,,,7.295e-05,,,,,,-0.08390789,-0.00065115,-0.01573708,-0.21934539,-0.00930876,-0.27134122,0.03299297,0.00195839,0.00125675,-0.02453645,-0.00017067,-0.01705518,-0.03984249,,,0,,-0.00114355,0.0124888,0.00136885,-0.05025276,-0.00539157,-0.02982981,-0.08977589,,,,,,,,,,,0,0,,,0.19558847,-0.09454973,-0.00439585,-0.05360979,-0.07083532,-0.0304412,,-0.01764427,-0.02684779,,0,,,,,-0.00697824,-0.00090122,-0.00123243,,,,,,,,,-0.00353208,,-0.07526318,,,-0.00216894,,0.00100951,-1.92e-05,,-0.00055893,-0.00022367,-0.01146232,-0.00262488,0.01597541,0,0.00603623,,,,-1.494e-05,0.59902539,-0.00016756,0.00021006,0,,0
156,2015-11-30 00:00:00,1085.70238095,51936933.982129,1615.4192196,55230292156.894,-37.45465017,-2.67791379,,-0.26033618,-0.00770953,,,0.12291792,0.20895992,,,-0.15469647,,,0,-0.4102417,,-0.31394567,-0.00429117,,,,,,-0.02395886,,-0.03772852,,,0,0.2884383,-3.3874467,1.25834071,0.68439986,-2.66761105,-0.00174499,,,,,-0.09386893,,,,,,-0.00399999,,,-0.00283776,-0.57422766,,,0.06449979,-0.0034308,,,,-0.01055034,,,,,,-0.51326673,0.04761241,-0.30704209,-0.76704149,-0.83441553,0.5399717,-0.21103887,-0.17796986,-0.087669,-1.32707202,-0.07594907,2.20262268,,,,,,0.00224554,-0.09516973,-0.08343218,,0.00459332,-0.00145912,,0.02608471,0.07078877,,-0.08181678,-0.00866193,-0.00900668,-0.00015925,0.00097232,,-4.347e-05,,,-0.01030084,,-0.05174495,,,-0.00059529,,,,,,0.00661141,,,-8.165e-05,,,,0.00012632,,,,,,-0.00576733,-0.00181896,-0.07721275,-0.37073858,-0.02285508,-0.68301491,-0.04414319,-0.00643572,-0.00175049,-0.34006642,-0.02065162,-0.13508229,-0.00351702,,,0,,0.00161557,-0.00363773,0.00111363,1.16463044,0.01447652,0.02978837,0.24246221,,,,,,,,,,,0,0,,,0.27520233,-0.0912955,-0.00276619,-0.02888221,-0.01157665,-0.02388704,,-0.00802399,-0.0245041,,0.01275271,,,,,-0.00489071,-0.00088583,-0.00123095,,,,,,,,,-0.01520287,,-0.03369107,,,-0.00144185,,-0.00352797,-1.972e-05,,-0.00150771,-0.0005649,-0.00178491,0.00225654,-0.02633081,0.01121151,0.00436506,,,,-0.00021425,-0.53708201,-0.0010179,-0.00195011,0,,0
157,2015-12-31 00:00:00,1068.4673913,51052902.934294,1587.92278044,54318818013.144,-12.42470356,-6.06847167,,-0.65593373,-0.91807434,,,-0.00010631,0.2624731,,,,,,0,-0.14663142,,0.33857556,0.00843837,,,,,,0.00346637,,-0.01841326,,,-0.07704331,0.20287102,-0.77511945,-2.61679308,0.01260277,-0.96669005,-0.00195857,,,,,-0.76820366,,,,,,-1.0019993,,,-0.00283865,-0.42481768,,,0.01346773,-0.00343433,,,,-0.0079233,,,,,,-0.86897739,0.00573067,-0.0780889,-0.88746393,0.63475409,0.53713873,0.05833599,-0.28937508,-0.09965851,-0.08137892,-0.00378226,-2.41683884,,,,,,0.07408326,-0.02987271,-0.12341839,,-0.02147794,-0.02234877,,0.07013345,0.13514206,,0.13305667,-0.05167672,-0.00753833,-0.00137938,-0.00291516,,-5.928e-05,,,-0.01120557,,0.04117942,,,-0.00057282,,,,,,-0.00100644,,,-0.00029332,,,,-0.0003685,,,,,,-0.56214338,0.00096058,-0.09122666,0.1909173,-0.0019635,0.2845662,-0.01215631,0.01845359,-0.00086892,-0.12093908,-0.00681834,-0.00825852,-0.00085389,,,0,,-0.00336836,-0.00422335,0.00059741,0.28272944,-0.01712479,1.001e-05,-0.05978876,,,,,,,,,,,1.9,0,,,0.73192588,-0.03451837,-0.00083961,-0.02423858,-0.01624562,-0.02458321,,-0.00450927,-0.01448542,,0.00289619,,,,,-0.00254058,0.00021475,0.00031773,,,,,,,,,-0.00848944,,-0.05560001,,,0.00015719,,-0.00303533,-2.202e-05,,0.00272433,0.00058688,0.00203103,2.761e-05,0.02847834,-0.00857823,0.00310334,,,,0.00014455,-0.35935411,0.0014413,0.00015089,0,,0
158,2016-01-31 00:00:00,1095.70238095,53545191.051282,1665.44160599,59578854452.214,26.87623739,13.86901924,,21.79652753,0.29645519,,,0.06263692,-0.18329484,,,,,,0,-0.3530602,,-0.46329934,-0.14122864,,,,,,0,,0,,,-21.6486108,0.75484959,8.41656917,0.34495129,1.11424799,2.19537721,-0.002167,,,,,-0.04284746,,,,,,0.9949993,,,0.36467506,-0.04332957,,,0.06186748,-0.00319088,,,,-0.01297367,,,,,,0.36897162,0.00747604,1.29615461,0.26224756,-0.2457402,-0.2970343,0.08255283,0.05607057,-0.1117438,0.30118153,-0.01185168,-0.40165897,,,,,,0.00095905,-0.11824117,-0.0313009,,0.01718092,-0.0477634,,-0.04162243,-0.06652887,,-0.06691129,0.08495599,-0.01044223,0.00127863,0.00374629,,-4.405e-05,,,0.00589489,,-0.04087511,,,0.00170197,,,,,,0.00022106,,,-0.00013646,,,,0.00012321,,,,,,0.41867675,-0.00119241,0.02055808,-0.11859847,-0.00354484,-0.51375135,-0.03347392,-0.01829208,-0.00240459,-0.0279089,-0.00321683,0.00165416,-0.00224296,,,0,,0.00165835,-0.00210672,-0.00096709,1.63015889,-0.67528749,-3.32e-05,-0.04206116,,,,,,,,,,,0,0,,,0.33088773,-0.04957687,-0.00188983,-0.01756924,0.0017059,-0.00724364,,-0.04601753,-0.00439184,,0,,,,,-0.00146755,0.00115228,0.00063587,,,,,,,,,-0.00356131,,-0.03641174,,,0.0005932,,-0.00314565,-1.848e-05,,-0.0021791,-0.00031702,-0.00070521,-0.0047509,-0.01149679,0,-0.00983778,,,,-6.96e-06,-0.14864152,6.449e-05,0.00354715,0,,0
159,2016-02-29 00:00:00,1199.91190476,59535796.329268,1851.77025809,73585537005.147,108.0327825,22.96991668,,-1.18172634,1.05393862,,,0.15091788,-0.2356123,,,,,,0,0.33435652,,-0.0355188,-0.00288991,,,,,,0.04878953,,-0.03622756,,,,4.47300787,12.73288931,8.57759906,1.26542048,19.6216715,-0.00193933,,,,,-0.04263085,,,,,,6.49399544,,,-1.53308466,11.52124468,,,0.20171065,-0.00343486,,,,-0.00780618,,,,,,0.51211632,0.09670407,1.0667113,0.74398516,0.82045648,2.47717241,0.0396974,0.42878361,-0.2578882,0.54890551,0.22482737,-0.08217246,,,,,,0.00091369,-0.10512189,0.11589022,0.28810423,-0.00152349,0.06036608,,-0.12797444,0.00016788,,0.0427538,0.12425568,-0.00672445,-0.00025408,-0.00896013,,0.05217599,,,0.02071093,,0.02609705,,,-0.00167627,,,,,,0.00937775,,,-0.00010912,,,,9.886e-05,,,,,,-0.04395815,0.00051958,0.02835258,0.12676697,0.12860189,0.41603388,0.00226824,0.02612153,-0.00129316,0.01834229,-0.00799628,0.00111774,0.03983743,,,0.12296915,,0.00019862,-0.00426239,-0.00199612,4.63678077,0.25148739,0.44674986,0.49910864,,,,,,,,,,,0,0,,,-0.00237567,-0.05043062,-0.0037881,-0.00071407,0.02021146,0.010923,,-0.03831757,0.01135158,,-0.01694659,,,,,-0.00908098,0.01090916,0.00228841,,,,,,,,,-0.02538618,,0.00676022,,,-0.00345467,,0.00052862,-1.994e-05,,-0.002387,-0.03876845,-0.00083323,-0.01010533,-0.00172172,-0.04096827,0.2263218,,,,-2.738e-05,-0.25294735,0.00017617,-0.00492205,0,,0
160,2016-03-31 00:00:00,1244.13478261,62114831.439525,1931.98721673,76896979145.377,41.95603592,-3.10085409,,-2.18837447,0.59849806,,,-0.00010065,0.05077648,,,,,,0,0.8098657,,-0.06807437,-0.00510968,,,,,,-0.01533357,,-0.01262362,,,,4.80679718,4.54159632,2.13316534,0.47992697,2.1011279,0.00196684,,,,,0.04182808,,,,,,3.97199721,,,0.60936555,2.77183344,,,-0.01511226,1.37257326,,,,0.01123349,,,,,,0.12775413,0.00475894,0.37929418,0.44427841,2.14478901,1.10686442,0.27210118,-0.03991487,-0.17261767,0.58230814,0.72726944,1.70276347,,,,,,0.04100741,0.02819796,0.05940599,-0.01993644,-0.01556772,0.00958252,,-0.10264037,-1.939e-05,,0.10585819,0.00822091,0.00969156,0.0162776,-0.00410846,,-6.652e-05,,,0.02616021,,0.04444573,,,0.00098481,,,,,,-0.00379209,,,-5.211e-05,,,,-0.00292451,,,,,,-0.09885238,0.0015092,0.54779209,0.33329588,0.02781111,0.6059572,0.02736588,0.01304976,0.00192178,-0.01255438,0.00174537,-0.00021255,-0.00084617,,,0,,-0.01789146,0.00011873,0.00163822,3.97020012,0.08157559,0.22801332,0.04462033,,,,,,,,,,,2.72,0.02,,,-0.20450848,-0.12240947,-0.00917086,-0.06919086,-0.02645007,-0.05285484,,-0.01441298,-0.04302245,,-0.00476458,,,,,-0.01046075,-0.00252029,-0.00285046,,,,,,,,,-0.00633148,,-0.09279177,,,-0.20570007,,0.00353653,-1.953e-05,,0.0001241,-0.00019543,-0.00036505,-0.00224649,-0.03453861,0.04063421,0.19207435,,,,0.01536323,4.03933049,-0.00043182,0.00149534,0,,0
161,2016-04-30 00:00:00,1242.26190476,62347972.557276,1939.23871607,80224031319.48,-15.11088814,1.53867083,,0.48187084,0.29555915,,,0.1397475,0.1822522,,,,,,0,0.37283407,,-0.0177645,0.00026478,,,,,,0,,0,,,,3.82659477,3.61615331,6.59880787,0.27506831,2.22373557,0.07256213,,,,,0.05081561,,,,,,3.99599719,,,-0.00252087,-6.0704846,,,0.40184249,0.60789494,,,,0.00525318,,,,,,0.23478107,-0.22562678,-0.00203928,0.14068462,0.4126534,0.24946678,0.04648064,0.14693031,-0.14796613,0.02056718,0.12646725,-0.09086386,,,,,,0.00255445,-0.07451999,0.01287915,9.845e-05,-0.00409253,0.02726898,,0.13595193,2.23299489,,-0.00607502,0.00367848,0.00459999,0.60619624,0.00370736,,-5.862e-05,,,-0.00156884,,-0.00368023,,,-0.00119684,,,,,,0.00217414,,,-3.091e-05,,,,-5.419e-05,,,,,,-0.10189075,-0.0003385,0.07312649,0.08116668,0.00241608,-0.00228655,-0.00321995,0.0310091,0.00090045,-0.00241053,-0.0027785,-0.00454465,-0.00087249,,,-0.01157687,,0.00317413,0.01560942,0.00028741,-0.98981704,0.11963055,0.43660907,-0.00928132,,,,,,,,,,,0,0,,,0.19430428,-0.23098815,-0.0139083,-0.1136869,-0.05959384,-0.06048566,,-0.02545948,-0.05943465,,0,,,,,-0.01086123,-0.0107793,-0.0069895,,,,,,,,,-0.00661526,,-0.15909965,,,-0.14642151,,-0.00122201,-1.915e-05,,-0.00266895,-0.02794076,-0.00194936,-0.00346283,-0.32018072,0,-0.0065333,,,,0.01511021,1.33071435,-0.00119339,0.00932345,0,,0
162,2016-05-31 00:00:00,1258.62954545,65477246.114725,2036.57000347,79448574746.764,64.47149245,9.67514988,,-0.17149004,0.29458077,,,0.83202129,0.0779129,,,,,,0,-0.12589068,,0.01177439,0.00083174,,,,,,0,,-0.02505603,,,,4.13156921,0.18158846,0.77140597,-0.12202498,2.27867546,0.06943796,,,,,0.01915837,,,,,,1.9989986,,,1.37333881,2.54414068,,,0.17143696,0.30157931,,,,-0.00303342,,,,,,0.30592506,0.03364668,-0.07836992,0.80550753,-0.46353682,3.48080248,0.01694835,0.20451035,-0.12396865,-0.16779194,-0.01976252,-0.36151428,,,,,,0.06843974,-0.05040172,-0.05556054,0.45879095,-0.00680106,-0.01714236,,-0.00011205,0.02365731,,-0.07642152,-0.00393437,-0.00265433,0.02194293,0.00039703,,-6.152e-05,0.08029706,,-0.01772968,,-0.04603562,,,-0.00053515,,,,,,-0.00224621,,,-0.00018255,,,,-0.0002586,,,,,,0.05267315,-0.00164211,0.16638438,-0.18730445,0.0986686,-0.51634743,-0.0199257,-0.02872478,0.02730248,-0.00475531,-0.00395013,-0.00670137,0.01887875,,,0.26061893,,-0.00317719,-0.00665823,0.00389026,2.94373145,0.18345806,0.08952291,0.66019349,,,,,,,,,,,0,0,,,-0.00562117,0.00440177,-0.00169824,-0.03870236,-0.01993171,-0.01132265,,-0.03001564,-0.00635078,,0.00791437,,,,,-0.00588886,-0.00106913,0.00011295,,,,,,,,,-0.00625103,,-0.01213946,,,-0.0014709,,-0.00426551,-2.176e-05,,0.00249996,0,0.00113046,-0.00097792,0.01536613,-0.00234619,-0.01068504,,,,0.0314454,0.93576645,0.00116043,0.00066995,0,,0
163,2016-06-30 00:00:00,1276.40454545,69737786.122243,2169.08761062,92157395520.506,81.40433512,10.636238,,0.07579016,0.2949109,,,0.15411464,0.20581095,,,,,,0,0.25045065,,-0.05757963,0.13914329,,,,,,0.04396859,,0,,,,11.4830653,7.51209539,5.63616728,0.06020329,-1.54457627,-0.01825673,,,,,0.0788678,,,,,,4.9719965,,,1.52571479,0.11053244,,,0.46055565,-0.00387818,,,,-0.02990137,,,,,,0.01761879,0.02143955,-0.23105727,0.86585516,0.70206149,-0.43176321,0.15193633,0.1717982,0.71606915,0.71509568,0.32223008,-0.73358726,,,,,,0.00042624,0.60200022,-0.00515295,0.03678721,-0.00301634,0.04085225,,0.93210122,0.24033815,,0.02806393,0.077997,-0.02565868,0.31846961,0.01142214,,-7.696e-05,0.00831682,,0.03386805,,0.01688065,,,-0.00179337,,,,,,0.01092514,,,-2.566e-05,,,,-0.00270981,,,,,,0.5660818,0.00065743,0.0577467,0.18884726,0.05457535,0.35342961,-0.06651304,0.10308803,-0.00711906,0.01240498,-0.00036651,0.00354184,-0.05987613,,,0.16813668,,0.00191658,0.00675625,-0.00351554,0.76324557,0.81296663,0.15892968,1.78229739,,,,,,,,,,,-1.89,0.01,,,0.59827089,0.10341423,0.00466691,0.03437458,0.02574044,0.02402607,,0.00067048,0.02124274,,-0.00605378,,,,,-0.00015489,0.00079839,0.00329046,,,,,,,,,-0.0105295,,0.01157605,,,-0.00042942,,-0.00291545,-1.993e-05,,-0.00080169,0,-0.0004053,-0.00588009,0.24323771,0.09537139,0.0495463,,,,-2.037e-05,0.28497306,0.03072535,-0.00181909,0,,0
164,2016-07-31 00:00:00,1337.32619048,72321579.357166,2249.45256348,97121158112.858,8.02285682,11.00749065,,0.33974764,0.29499245,,,0.06278841,0.48207036,,,,,,0,0.79621027,,-0.20859596,-0.00411258,,,,,,0,,0,,,,4.61666052,3.87124734,17.97573866,0.08758041,5.82525848,0.03993532,,,,,0.09577084,,,,,,6.49699544,,,2.28924676,-0.24962565,,,0.42416327,0.60724068,,,,-0.14914492,,,,,,-0.05270429,0.01456121,0.15356886,-0.01103096,0.26973417,0.42486421,-0.00049188,0.1614588,0.01018638,0.04259171,0.07883231,2.64915117,,,,,,0.00368828,0.03293446,0.046665,0.1253442,0.01209306,0.11340683,,-0.01075726,0.07896648,,0.00904739,0.03022887,-0.00084751,0.03339224,0.01820673,,-6.395e-05,0.03195659,,-0.00020725,,0.00540872,,,0.00121891,,,,,,0.00147402,,,-0.00030499,,,,0.00010169,,,,,,0.2726063,-0.00174702,0.0109538,0.21690948,0.02958518,0.19413889,0.01225628,0.40096818,-0.00023386,-0.0117953,0.00037095,-0.00176432,-0.00843625,,,0.03800071,,0.02355382,0.00225418,-0.00048222,6.02636838,1.66669452,0.39733629,2.2866571,,,,,,,,,,,0,0,,,-0.00719,-0.12312975,-0.00595395,-0.11539236,-0.18588651,-0.02580839,,-0.01903127,-0.11760013,,0,,,,,-0.01904895,-0.00446114,-0.00492634,,,,,,,,,-0.01266427,,-0.15260563,,,-0.00128655,,0.00014563,-0.0613415,,-0.00118023,0,-0.00091546,-0.00635527,-0.01818953,0,0.04980927,,,,-0.00050127,2.58327095,0.00079922,0.00167029,0,,0
165,2016-08-31 00:00:00,1340.1173913,73144014.21837,2275.03314708,95858267857.587,-14.89177392,6.24427644,,-0.32875155,0.74770782,,,0.12199752,0.25701232,,,,,,0,0.07434671,,-0.00010216,0.00179897,,,,,,0.01975923,,-0.1057568,,,,8.99589249,6.01742142,4.5854281,-0.20990608,3.3935138,0.00906608,,,,,0.09513105,,,,,,3.48899755,,,1.9820119,1.25797334,,,0.1034806,-0.00440311,,,,-0.00142228,,,,,,0.00805413,-0.0204589,-0.94734178,0.13722201,0.01457431,-0.34160338,0.15107765,0.15286535,-0.09966604,-0.01108182,0.70189098,-0.4458783,,,,,,-0.00088161,0.01329453,-0.00057626,-0.00587742,-0.0076834,-0.00167815,,-8.971e-05,0.10728975,,-0.03018881,-0.16513172,-0.00204787,0.7978427,0.00805592,,-7.247e-05,0.21590702,,-0.00147659,,-0.01820583,,,0.00234533,,,,,,0.00230085,,,-0.00015189,,,,-0.0001589,,,,,,0.00522152,0.00671388,0.01543563,0.02874689,0.01242828,-0.17685641,-0.0060476,-0.0006635,-0.00063146,-0.01507551,0.00342253,-0.00046569,0.00365017,,,1.56976975,,0.01872867,-0.0113293,0.00074857,0.36203075,-1.07222654,0.04964437,0.82468842,,,,,,,,,,,0,0,,,0.19419227,-0.02471818,0,-0.08256508,-0.03787252,-0.04167298,,-0.01675068,-0.03751576,,-0.008638119999999999,,,,,-0.01060596,-0.00282497,-0.00348681,,,,,,,,,-0.00449947,,-0.12932976,,,-0.00078813,,-0.00211982,,,0.00274897,0,0.0018316,0.00114596,0.32871026,0.14760218,0.07082777,,,,0.03226047,1.55653637,0.02777282,-0.00241787,0,,0
166,2016-09-30 00:00:00,1326.02954545,74478901.306315,2316.55277661,98593592888.921,4.74368923,1.2423397,,-0.25988926,0.14290172,,,-0.00618757,0.21343537,,,,,,0,0.00075916,,0.00444241,0.13989746,,,,,,-0.01136965,,0.11730652,,,,3.97920061,2.53862969,1.18022402,-0.50168584,2.2924151,-0.00509715,,,,,0.01747546,,,,,,17.99698736,,,-0.00434217,0.75281464,,,0.03671433,-0.00400719,,,,-0.00259123,,,,,,-0.02219453,-0.00061123,-0.00201941,-0.06263567,0.72386461,3.03997425,0.1063301,0.24877762,-0.14798872,0.03090191,0.01726483,0.06041948,,,,,,0.11360595,-0.03341761,-0.0200649,0.06600456,0.00150047,0.02775701,,-3.498e-05,-0.00039771,,0.01442202,-0.00053837,-0.00381501,0.02061925,0.00358727,,0.0826763,0.11376209,,0.01502081,,0.0099008,,,-0.0018698,,,,,,7.605e-05,,,2.466e-05,,,,-1.432e-05,,,,,,-0.30725837,0.00017525,-0.00226524,0.09579916,0.00402143,0.18572549,0.00602268,0.06011719,-0.00110016,-0.00269315,-0.00335409,0.0020312,-0.00068744,,,2.58157441,,0.00060918,0.00153324,-0.00013889,-0.67505442,-0.44252005,0.34793739,-0.31095652,,,,,,,,,,,2.39,0.07,,,-0.00098233,-0.09716207,0,-0.07325977,-0.03730979,-0.02077412,,-0.01132218,-0.027728,,0.00357086,,,,,-0.01008313,-0.00211854,-0.00249746,,,,,,,,,-0.00599577,,-0.11025467,,,-0.00149564,,0.00025511,,,-0.00025085,0,-0.20439682,0.00026032,0.00264076,0.03840622,0.03560883,,,,0.06258099,-1.23049158,0.00437575,-0.0008122,0,,0
167,2016-10-31 00:00:00,1266.56904762,75242534.095212,2340.30441132,95806971580.752,-5.37619329,4.35605958,,0.66380223,0.44499332,,,0.13994944,-0.13266953,,,,,,0,-0.03835463,,-0.00190277,-0.00330388,,,,,,-0.02181663,,-0.02501715,,,,5.47122123,9.5103517,0.70023293,0.13891572,0.9042706,1.11117648,,,,,-0.15281507,,,,,,3.48099755,,,-2.29519834,-1.26631061,,,0.21163013,-1.22513653,,,,-0.00468446,,,,,,0.73238633,0.03039567,0.30298616,0.59105296,-0.04261903,-0.13813412,0.18109554,0.01035282,0.05863509,0.15896568,-0.00738973,-2.56323002,,,,,,-7.211e-05,-0.06804896,0.03101722,-0.0189616,0.01399707,0.0196847,,0.00021105,-0.00017454,,-0.04286128,-0.003802,-0.01607038,0.42257811,-0.00631041,,-9.596e-05,0.25570787,,-0.00633051,,-0.02580823,,,0.00096372,,,,,,-0.01089798,,,-0.00025359,,,,-0.00175646,,,,,,0.16481614,0.00100279,0.08011213,-0.10958489,0.03725441,-0.10018492,-0.0448292,-0.17261823,0.03325046,0.003104,-0.01276037,-0.00399666,0.00055311,,,1.49180176,,-6.123e-05,-0.00693547,0.00231398,4.10465998,0.0918244,0.28733102,1.15514362,,,,,,,,,,,0,0,,,0.51388791,0.05375645,-0.01231812,-0.05495621,-0.01835993,0.00659243,,-0.01018497,-0.02166339,,-0.0146886,,,,,-0.00444405,-0.00223594,-0.00183428,,,,,,,,,-0.00069761,,-0.06688951,,,-0.00035568,,-0.02986834,,,-0.00094559,0,,-0.00097312,-0.01616598,0.07665443,0.06817009,,,,-0.00072871,-0.03673131,0.06117529,0.02022834,0,,0
168,2016-11-30 00:00:00,1235.97954545,71644468.835214,2228.39207209,84562478968.933,-58.72690478,-28.64138249,,-0.3636783,-0.46213229,,,0.09100387,0.18299325,,,,,,0,-0.00712458,,0.0070767,0.00392801,,,,,,0.00727434,,0,,,,-3.09436908,-9.61309486,-3.9071074,0.37201467,-3.9131324,0.60827393,,,,,0.06817703,,,,,,0.98699931,,,-0.46181773,-1.57914662,,,0.49795151,-0.91924102,,,,0.0267769,,,,,,0.96864983,-0.14127169,0.54659893,1.6450902,-0.86324996,-3.77254812,-0.00452672,0.57934086,0.08294756,-0.24376857,-0.3529706,-0.27043829,,,,,,0.0001078,0.08397177,0.04833572,0.04601572,0.01241273,0.13502174,,0.00018184,0.29658132,,-0.00947471,-0.11678376,0.00541513,0.03037884,-0.00410373,,-9.498e-05,-0.02256437,,-0.00268787,,-0.03609882,,,-0.00057575,,,,,,0.00578916,,,-0.00015759,,,,-7.277e-05,,,,,,-0.02342489,-0.00159164,0.31500271,-0.34479714,-0.06071216,-0.33881683,0.09162447,-0.07405066,0.00243307,-0.02802899,-0.01179109,-0.00305664,1.707e-05,,,-0.39564785,,-0.00056228,-0.00239239,0.00109568,-0.78948193,-0.83142813,0.46712375,0.14647805,,,,,,,,,,,0,0,,,-0.00586413,4.12767271,-0.00049652,-0.0273002,-0.00481423,0.01536274,,-0.00596315,-0.09112618,,0.00319045,,,,,-0.00192515,0.00016887,0.00016251,,,,,,,,,-0.00869865,,-4.25388756,,,0.17432111,,-0.00395032,,,0.00491129,0,,-0.00517448,0.00404533,0.073786,0.1038824,,,,0.06385419,-4.23220824,-0.00138499,-0.02157159,0,,0
169,2016-12-31 00:00:00,1148.97045455,68521823.947014,2131.26695935,79538008950.924,-61.64575404,-6.18128099,,0.25857043,-1.21753097,,,-0.98493894,0.22910201,,,,,,0,-0.02179924,,-0.02005244,-0.00832672,,,,,,0,,-0.00059432,,,,-1.60386302,-11.93607718,-3.73447834,0.59871969,-10.16252296,0.10753321,,,,,-0.08909679,,,,,,3.46599756,,,-0.61423665,0.54113073,,,1.02116491,0.30160758,,,,-0.00288078,,,,,,-0.43184287,0,0.27191547,-0.48797446,-1.03412427,-2.72337671,0.4895596,-0.37369966,-0.34231183,-0.58177314,-0.22576035,0.0219623,,,,,,0.25690469,-0.12624046,-0.08270559,-0.01257423,0.02264197,-0.04579456,,-0.0482637,-0.45638899,,0.03213846,0.01167324,-0.00679457,-0.00077876,0.00360096,,0.03663795,-0.01902021,,-0.02016868,,-0.00349507,,,-0.00459826,,,,,,-0.00046347,,,-2.642e-05,,,,0.00010406,,,,,,-0.30272726,0.00359109,-0.08077002,-0.22896835,-0.02835411,-0.13508335,-0.08503887,0.0270456,-0.00260303,-0.04014578,-0.00535155,-0.00845084,-0.01196112,,,-0.23382998,,-0.00215184,0.00362689,0.00058044,-1.2092669,-1.02735317,0.17908211,0.03001481,,,,,,,,,,,9.504642,0.12992567,,,-0.00209462,-0.0357062,-0.00211119,-0.00271483,0.00523055,-0.00897539,,-0.00469481,-0.01943755,,-9.038e-05,,,,,-0.00466643,0.00028407,0.00031941,,,,,,,,,0.0008593,,,,,-0.20503128,,-0.00141927,,,-0.26147756,,,0.00095297,-0.03598134,0,-0.26276986,,,,-0.00283051,-1.18523596,-0.00090776,4.44e-06,-1.616e-05,,0
170,2017-01-31 00:00:00,1191.09318182,69117477.344132,2149.79385095,83889421987.765,-23.09303891,3.89499494,,0.01251735,0.14249489,,,0.12428305,0.18685789,,,,0.36809455,,0,0.18145415,,-0.01813088,0.14027482,,,,,,-0.10768873,,-0.06216699,,,,3.94343307,4.90756392,2.53407263,-0.28218295,1.31047632,0.09573199,,,,,0.02863482,,,,,,20.4979856,,,-0.82780616,0.18922479,,,0.2609139,-0.40031689,,,,0.00318327,,,,,,1.05361074,0.0022279,0.02841348,0.37450951,0.78720209,1.776213,0.40948646,0.15863209,0.1558166,0.18616315,0.19609052,0.26766372,,,,,,0.06979127,0.33212545,0.00172867,0.03413097,0.02029174,0.02858758,,0.1268943,0.00533665,,0.07461128,0.00674091,0.00718095,0.07170604,0.00932845,,-0.00011622,0.06187841,,0.01709036,,0.02798249,,,0.00393457,,,,,,0.01319927,,,-6.246e-05,,,,0.00010813,,,,,,0.06082464,-0.00624911,-0.04620954,0.16948698,0.00534455,0.51044737,0.01972168,0.02910962,0.00305866,-0.01275999,-0.00375507,0.00117022,-0.00653305,,,-2.49405155,,0.00228018,-0.00111601,0.00025803,2.5927615,-0.37332489,-0.72392148,-0.95841345,,,,,,,,,,,0.005358,7.433e-05,,,-0.00498313,-0.11932157,-0.00460817,-0.04143144,-0.02071898,-0.02022953,,-0.01167789,-0.0458893,,0.00829466,,,,,-0.00533792,-0.00232858,-0.00094662,,,,,,,,,-0.00566369,,,,,0.23266561,,0.00119108,,,,,,-0.00138757,0.00111772,0.04755615,0.0418256,,,,-0.00264741,-0.41356211,0.04456674,-0.00105078,1.616e-05,,0
171,2017-02-28 00:00:00,1234.3575,72015134.359052,2239.9210586,90539225900.647,42.1167564,2.14739473,,-0.9653058,0.29451952,,,0.06056306,0.11770416,,,,0.31761376,,0,-0.1186198,,0.01823249,-0.0046171,,,,,,-0.02533181,,0,,,,3.17042635,5.09911568,1.7714145,3.12780594,3.43585456,0.74783502,,,,,-0.07644709,,,,,,22.76898401,,,-0.0031036,0.89966842,,,0.24043531,0.14924672,,,,0.59344292,,,,,,0.56558269,0.08587779,0.11986714,0.59142867,0.04832098,0.12811563,0.30375964,0.001988,0.04671137,-0.31970151,0.04505114,-0.09621821,,,,,,0.00599991,-0.04428214,-0.04970372,-0.01399227,0.02718403,0.00779329,,-0.00074822,0.00625686,,-0.02933067,-0.02072558,-0.00343229,0.00552522,0.00282476,,-9.327e-05,0.0153495,,0.00398067,,-0.01670197,,,-0.00057103,,,,,,0.00193575,,,-0.00020276,,,,-9.766e-05,,,,,,-0.13444139,0.00658828,-0.05792912,-0.12153438,-0.0231193,-0.16362698,-0.00972013,-0.02672093,-0.00149696,-0.01013062,-0.00111709,-0.00131517,0.00409485,,,-0.06167087,,0.00054458,0.00362213,0.003361,-0.38181446,0.08848069,0.12964693,0.0945741,,,,,,,,,,,0,0,,,-0.00473247,-0.05748174,-0.00164293,-0.00157719,-0.00485175,0.00701376,,-0.00344225,-0.00131888,,-0.00536446,,,,,0.00114531,0.00011168,0.00331135,,,,,,,,,0.00015917,,,,,0.05683987,,0.00110715,,,,,,-0.00303661,0.63094264,0.0700734,0.01248999,,,,0.01774466,2.73014694,-0.00117934,0.0431341,0,,0
172,2017-03-31 00:00:00,1231.09347826,72038954.831133,2240.6619581,89772812180.081,-8.87422738,-2.39242076,,0.49455096,-0.15946161,,,-0.04631695,0.11943752,,,,-0.00370301,,0,-0.12217995,,-0.00767497,0.0069209,,,,,,-0.01303002,,0,,,,2.52936171,4.13461526,0.66797439,0.57092754,1.75872888,0.17594282,,,,,-0.04821295,,,,,,1.9949986,,,-0.23405977,5.16318009,,,0.29101671,0.00735633,,,,0.06319891,,,,,,-0.52057887,0.01233115,0.45442278,0.43724931,0.43870075,0.2410142,0.39452842,-0.21584557,0.03426835,0.03702387,0.04415337,-0.1643217,,,,,,0.16752653,-0.00900149,-0.16398293,0.18353158,0.02349963,-0.13741164,,-0.00046806,0.01877309,,0.03899193,0.11873224,0.0022101,-0.05575752,0.00463454,,-0.00010816,0.05731572,,-0.00032396,,0.00014521,,,0.00168057,,,,,,-0.00162763,,,-0.0001874,,,,-7.454e-05,,,,,,-0.04451309,2.075e-05,0.05329061,0.06742034,0.02227386,-0.10087141,0.02026742,0.04314988,0.00086195,-0.00654316,-0.00531148,0.00039061,0.00199029,,,0.03759637,,-0.00019738,-0.01043643,-0.00019166,-1.44144442,0.03415339,-0.1486858,0.25713297,,,,,,,,,,,-5.62,0.05,,,-0.00511018,-0.09540918,-0.00432716,-0.05023516,-0.02084355,-0.02151226,,-0.06339344,-0.0106276,,-0.01329711,,,,,-0.00379481,-0.00102004,-0.00014944,,,,,,,,,-0.00227701,,,,,-0.00119475,,-0.0008158,,,,,,-0.00146035,0.03012314,0.00297107,0.09813545,,,,0.00092467,0.18653655,-0.01352388,0.00287961,0,,0
173,2017-04-30 00:00:00,1267.48,72781747.136993,2263.76538133,92269321977.904,21.05907785,4.51026115,,-0.14208198,-0.1585466,,,0.00115103,0.01925316,,,,-0.00784242,,0,-0.1596896,,0.00642466,-0.00233191,,,,,,0,,0,,,,1.51051558,-1.20278235,-2.48355631,-2.11913381,1.6204353,0.18274349,,,,,-0.0072617,,,,,,2.23199843,,,-0.2183717,0.64173961,,,0.07752831,-0.0898515,,,,0.10109975,,,,,,0.0299807,0.00578292,0.21099135,-0.67057636,0.09513407,0.20329464,0.1000372,0.01168768,-0.14757717,0.1004558,0.06256914,1.46325432,,,,,,0.04056501,0.05181264,0.00786347,0.0050759,0.02591337,-0.02610889,,-0.00012643,0.00846256,,0.08725584,0.03000307,0.00823359,0.11892503,0.00661367,,-8.696e-05,0.09020378,,-0.00010753,,0.00528853,,,-0.00080586,,,,,,-0.00064579,,,0.0001003,,,,-7.703e-05,,,,,,-0.11350925,0.00010776,0.03207548,0.16984368,0.0305555,0.05996733,0.0568976,0.03600977,0.03394518,-0.00612131,0.00188189,0.00109636,0.00376301,,,0.41269371,,-0.00533356,-0.00670435,-8.282e-05,-1.83282186,-0.39317067,-1.17262426,-1.84608119,,,,,,,,,,,0,0,,,0.39790454,-0.17057049,-0.00565393,-0.04616088,-0.03207441,-0.00509885,,-0.00303919,-0.01951486,,0.00413638,,,,,-0.00599521,-0.00071869,-0.00099136,,,,,,,,,-0.00280167,,,,,0.02895279,,-0.0008379,,,,,,-0.00024862,-0.02178691,0,0.08909069,,,,-0.00014227,0.16903396,-0.00054653,-0.02607236,0,,0
174,2017-05-31 00:00:00,1246.80869565,73144592.51835,2275.05113422,92698049141.505,-5.93465945,-0.79380727,,0.01735875,-0.00890427,,,-0.00106189,0.12211878,,,,-0.01201891,,0,0.05602219,,-0.01879249,-0.003728,,,,,,-0.48200555,,-0.06057867,,,,0.44080609,1.20888397,0.77330477,0.33814651,1.5429106,0.58960246,,,,,0.04164669,,,,,,1.73499878,,,0.4080882,6.6927494,,,0.31281697,3.84184612,,,,-0.00578575,,,,0.21765385,,-0.03240149,-0.05986593,0.02818624,0.2278204,0.62835455,0.59951098,0.16397103,-0.03732713,0.04626068,0.28159193,0.15020019,0.24875712,,,,,,0.00502911,0.00602775,0.12904493,0.02838381,0.03391308,-0.02952652,,-0.00043356,0.0335166,,0.05140837,0.00659613,-0.00157357,0.42605585,0.00232812,,-0.00012202,0.06963293,,0.01035281,,0.02763789,,,-0.00100637,,,,,,0.00553685,,,-0.00018139,,,,0.00019579,,,,,,-0.1486583,0.00132224,-0.02508294,0.2084719,0.00940654,0.40162507,-0.00467384,0.00861984,-0.01482046,-0.01645797,0.00170365,2.187e-05,-0.01022996,,,0.14369243,,-0.00243862,-0.00169892,0.00101278,-2.26673169,0.08452067,0.06958299,-0.12153883,,,,,,,,,,,0,0,,,-0.00488581,-0.1541957,-0.00238575,-0.02322337,-0.01527082,-0.03080201,,-0.00122274,-0.00381956,,-0.00597419,,,,,-0.00266933,-0.00133642,0.0008045,,,,,,,,,-0.01435938,,,,,-0.00210991,,0.00164179,,,,,,-0.00023564,0.63523925,0.04337543,-0.00731413,,,,-0.00071549,-1.5370683,-0.00021958,0.02936456,0,,0
175,2017-06-30 00:00:00,1260.25681818,74049050.252395,2303.18291434,92091075395.057,5.04782619,6.77730865,,-0.16914803,0.29359525,,,-7.062e-05,0.06320585,,,,-0.00890711,,0,0.23799158,,-0.30173122,-0.00030094,,,,,,0.5817511,,0.07093779,,,,-3.09803642,12.24164474,-2.36573252,0.2083695,-1.3790539,0.01764933,,,,,0.02242901,,,,,,0.73199949,,,-0.18576613,2.4658772,,,0.25471096,0.20031795,,,,-0.02879348,,,,0.00141403,,0.14065658,0,0.18011765,-0.49392084,0.39249662,0.29675676,0.07268065,0.16778526,0.07075434,0.08534566,0.11894419,0.03071379,,,,,,-0.00940563,-0.05441948,-0.03971279,0.0094239,0.02010781,-0.00347055,,-0.08440777,0.1701787,,0.01598276,0.0035724,0.00204688,0.06404565,-0.00216849,,-0.00011134,0.02704734,,0.00409824,,0.00856852,,,0.00090281,,,,,,-0.00477042,,,-0.00023956,,,,-0.00010038,,,,,,-0.40567009,0.00041473,0.11163234,0.04609978,-0.01479894,0.12246744,0.04235125,-0.03212139,0.00338224,-0.03754713,-0.00495597,0.00099915,2.706e-05,,,0.09819439,,-2.529e-05,-0.0036403,-0.00074403,-0.72929238,1.656e-05,-0.2983171,-0.05944798,,,,,,,,,,,6.59,-0.09,,,-0.00402428,-0.16997636,-0.00947354,-0.05831686,-0.0482749,-0.09177434,,-0.01265371,-0.03553651,,0.00515542,,,,,-0.00709358,-0.00282703,-0.00365894,,,,,,,,,-0.00605094,,,,,0.00016189,,0.00160032,,,,,,-0.00154801,0.20931062,0.01906719,0.03541552,,,,0.00111231,0.10601594,0.00040115,-0.00326309,0,,0
176,2017-07-31 00:00:00,1236.22142857,72450442.65948,2253.46066021,91909502191.227,-60.61393076,0.52417153,,0.0899292,-0.46084328,,,0.00113196,0.00870225,,,,-0.18949313,,0,0.23957744,,0.00489905,0.00187624,,,,,,-0.22189592,,0.06929108,,,,-5.96643943,-1.2654308,-1.75854473,-0.00325151,-1.259184,0.07272308,,,,,-0.00836999,,,,,,2.38599832,,,-0.22539986,2.44256177,,,-0.12689439,-0.83735433,,,,0.01124513,,,,-0.00233833,,0.57084908,0,19.06106471,0.19843668,-0.16725216,-0.19804054,0.16836128,0.01355555,0.04632551,0.20400025,0.15070129,-1.6578293,,,,,,0.01050708,0.06324502,-0.03124122,-0.01195399,0.00652152,-0.01360587,,-0.00060959,-0.01370853,,-0.02391436,-0.00453141,0.00333901,0.03336154,-0.03174068,,-0.00010047,0.03622321,,0.00334363,,-0.01282894,,,-0.00045208,,,,,,0.00684662,,,-0.00010685,,,,0.00014518,,,,,,0.1043393,-0.00424014,-0.00108594,0.21746409,0.00498597,-0.16068135,-0.00602319,-0.02535555,0.00161013,-0.00347207,-0.00065778,-0.00398931,0.00013177,,,-0.06331807,,0.00354303,-0.00042734,0.00095833,-0.67775486,0.25224756,0.2578537,0.19689068,,,,,,,,,,,0,0,,,0.1962141,-0.07847791,-0.00083921,-0.00506047,0.02053114,0.00767593,,-0.00117309,0.0067994,,-0.00544022,,,,,-0.00225741,0.00077674,0.0002116,,,,,,,,,-0.00274857,,,,,-0.00064922,,0.00072966,,,,,,-0.00047896,-0.59969071,0.04985039,0.04233463,,,,-0.00086964,-0.7635534,-0.00225685,0.00145122,0,,0
177,2017-08-31 00:00:00,1282.44565217,73634584.393305,2290.29158512,96655262599.071,24.56611887,6.38472947,,0.29717321,0.29318227,,,-0.00105393,0.00561035,0.06220221,,,-0.11887511,,0,0.30045557,,0.00668505,-0.00148182,,,,,,-0.0721873,,-0.00029738,,,,0.42161283,5.90401495,2.56409552,-0.19626866,0.1789105,-0.79374708,,,,,-0.13933676,,,,,,0.68199952,,,-0.0924495,0.09626022,,,-0.10808091,-0.14424899,,,,-0.64723934,,,,0.0003017,,-0.04018562,-0.0102635,0.14564111,-0.46043388,0.03963246,-0.16117792,0.36732416,-0.19816718,0.08276974,-0.09580232,-0.03284932,0.04319159,,,,,,0.00248185,-0.05443123,-0.10709066,0.00270302,-0.00046328,-0.02289738,,-0.00042896,-0.14701889,,0.0048346,0.36145691,-0.00670821,0.02200106,0,,-9.288e-05,0.01997939,,0.00040362,,0.00254711,,,-4.131e-05,,,,,,-0.00626897,,,-3.993e-05,,,,1.471e-05,,,,,,-0.16762521,8.733e-05,0.02585706,-0.02176884,0.03550932,0.04688079,-0.01945738,0.09355695,-0.00435073,-0.0165966,8.553e-05,0.00015731,0.00397464,,,0.07154509,,0.00331691,0.00245897,-0.00311331,-0.70177377,-0.10269165,-0.49691907,-0.59562284,,,,,,,,,,,0,0,,,-0.00426157,-0.12072051,-0.00373754,-0.0361394,-0.01739871,-0.01872183,,-0.00387377,-0.01799834,,-0.00900069,,,,,-0.00271789,-0.01080507,-0.01425345,,,,,,,,,-0.00196214,,,,,0.02867334,,0.00341742,,,,,,-0.00249054,0.40930015,0.00342364,-0.00796643,,,,-0.00097353,-0.60145366,0.00256552,-0.09419594,0,,0
178,2017-09-30 00:00:00,1314.97857143,75093360.869197,2335.66460535,96448664486.216,48.20445161,11.30042119,,-0.72117185,-0.00786066,,,0.04473094,0.0757775,0.06219231,,,0.00355044,,0,0.12707353,,-0.01262721,0.00067299,,,,,,0,,0.00148787,,,,8.56167524,1.14573512,-2.17598716,1.03536074,-7.35653122,0.2177414,,,,,0.02091645,,,,,,-0.24799983,,,0.33733031,-7.5129265,,,0.0818377,0.02724339,,,,0.08198851,,,,-0.21703125,,-0.29232899,-0.00159848,0.17693993,-0.3114916,-0.12376728,-0.56877502,-0.21020145,0.15805011,0.04645221,0.05755878,0.05958748,0.59408702,,,,,,-0.00605737,0.09645974,0.10467014,-0.00559661,-0.00715635,0.03680876,,-0.13433719,0.01042345,,0.08093593,-0.00448171,0.01010078,0.02645884,0.26035122,,-9.967e-05,0.0039949,,0.0146399,,-0.01288944,,0.05028941,-0.0009155,,,,,,-0.01143964,,,-0.00026125,,,,-7.151e-05,,,,,,-0.26732482,0.00132267,-0.50485176,-0.11527249,0.03738595,-0.20914919,0.05554206,0.00593509,0.00514282,-0.0254119,-0.00071205,-0.00060036,0.01026681,,,-0.15829798,,0.0037009,-0.00287639,0.0004181,-0.62004787,0.16479316,-0.16897197,-0.38848106,,,,,,,,,,,-5.66,-0.04,,,-0.2605204,-0.13048303,-0.00260048,-0.06476469,-0.02507897,-0.0185122,,-0.00805774,-0.01806046,,0.00309704,,,,,-0.00500648,-0.00208292,-0.00030598,,,,,,,,,-0.00398914,,,,,-0.03072326,,-0.00169109,,,,,,-0.004674,0.54564542,0.06909362,-0.0157231,,,,0.00172227,-0.17198634,0.00228634,0.00150375,0,,0
179,2017-10-31 00:00:00,1279.51363636,75160944.046652,2337.76667714,95563158127.7,-13.89591193,5.77708277,,0.04167064,0.14197411,,,0.06248998,0.16754505,-2.224e-05,,,0.12397715,,0,-0.22747125,,0.00479274,0.13252464,,,,,,-0.05039179,,-0.06133901,,,,4.12333837,-0.69265187,4.05564999,0.31387624,0.5376608,0.72517218,,,,,0.01666832,,,,,,1.54199892,,0.03322081,-0.48425291,-0.00061233,,,0.07335274,0.94889247,,,,0.03932178,,,,,,-1.28114395,0.032569,-0.03637052,0.43452673,-0.54797152,-0.46248263,0.07528528,-0.13244165,0.00984345,-0.1022338,-0.03919522,-0.26794889,,,,,,0.11965846,-0.04869222,0.06198928,-0.03739376,0.0057859,-0.00737976,,-0.08732309,-0.17489278,,-0.04405991,0.00141934,-0.00305816,0.55057202,0.07044784,,0.03040169,0.01562062,,-0.00375303,,-0.03572587,,-0.00134885,0.00022426,,,,,,0.00499538,,,-0.00011898,,,,-3.032e-05,,,,,,0.03310257,-0.00173968,0.0816123,-0.3490712,0.16684831,-0.54013318,-0.00939611,-0.10883973,-0.00147598,-0.00546325,-0.00222284,-0.00122739,0.00380666,,,1.92534652,,-0.00354089,0.00082895,-0.00069702,-0.00539657,0.29345779,0.1683728,0.06481866,,,,,,,,,,,0,0,,,-0.0019999,-0.09536046,0.00844538,-0.03758763,-0.04364438,-0.02302931,,-0.00852757,-0.02735567,,0.00266326,,,,,-0.00471341,0.00149666,-0.00184739,,,,,,,,,-0.00555852,,,,,0.02840241,,-0.00026431,,,,,,-0.00031784,0.20227554,-0.00345506,-0.20793884,,,,-5.9e-06,-0.64311569,-0.03252272,-0.04425704,0,,0
180,2017-11-30 00:00:00,1282.28409091,75631702.492675,2352.40890153,96908093371.811,-11.20632426,7.01880422,,-0.34295453,0.14242313,,,-0.00108239,0.0277974,-2.136e-05,,,-0.00659964,,0,-0.21547757,,-0.54826604,-0.00231753,,,,,,-0.0808386,,-0.0004176,,,,0.99196702,-0.77238162,2.54145108,0.19319177,0.46261899,0.19138412,,,,,-0.00336814,,,,,,-0.35699975,,0.14353038,2.30249407,5.31355417,,,-0.00527863,0.04791034,,,,0.03980235,,,,,,-0.37138379,0.41508999,3.39897045,-0.06802906,0.41458784,4.24947764,0.16767408,-0.19880864,-0.06271375,0.34688934,0.14709368,0.33106344,,,,,,-0.00522766,0.13951324,0.0100663,0.05001121,0.00244446,-0.01556226,,-0.07097049,-7.478e-05,,0.03476995,0.05473878,0.00448187,0.04702322,0.0293416,,0.01513033,0.24695172,,0.00222741,,0.01109903,,0.00043627,-0.0006244,,,,,,-0.00066731,,,-0.00011757,,,,-4.702e-05,,,,,,-0.21748436,-0.02847464,0.08914962,0.13572977,0.05480495,0.10795248,-0.08975287,-0.03541591,0.09070769,-0.0769944,0.00041156,0.00318854,-0.00253044,,,0.27196107,,0.00499905,-0.00456812,-0.0002882,-0.02149222,0.10141325,-0.00026457,-0.27768817,,,,,,,,,,,0,0,,,0.49628807,-0.1547175,-0.00662029,-0.05859138,-0.01552421,-0.00994459,,-0.00082971,-0.00610607,,-0.00207154,,,,,-0.00285887,-0.0040558,0.00088004,,,,,,,,,-0.00599193,,,,,0.02808181,,0.00027081,,0,,,,0.00154609,-0.03526934,-0.02441493,-0.01257353,,,,-0.00128538,-0.8487165,0.00206509,-0.00215653,0,,0
181,2017-12-31 00:00:00,1263.9047619,77217116.921268,2401.72080238,100195315092.75,-2.03422888,2.13396693,,0.27039336,-0.45959958,,,-4.33e-05,0.05703338,-1.858e-05,,,-0.00406648,,32.45856572,0.18524976,,0.09665102,0.13833958,,,,,,-0.04588922,,-0.3117288,,,,0.52829082,-3.38826289,-1.53264588,-0.03497713,-1.26181249,0.30116685,,,,,-0.02042696,,,,,,3.48599755,,0.0696025,0.32876454,1.28911734,,,0.06776581,-0.07188697,,,,0.6566221,,,,,,-0.18716401,0.03761677,-0.18894303,-0.45517336,0.50136475,1.05026572,0.03519017,-0.01301563,0.20387097,-0.06900748,0.02839013,-0.04639335,,,,,,0.03779382,0.0544526,-0.03737055,0.34345446,0.02015919,-0.01353686,,-0.78306588,2.86445757,,0.03954759,0.0015787,-0.00147635,-0.1311164,0.00721518,,0.0303743,0.27520969,,-0.00739306,,0.00691917,,-0.00030723,-0.00101173,,,,,,-0.00517118,,,5.3e-07,,,,-5.205e-05,,,,,,-0.08938856,0.00034836,0.05009374,0.08869074,-0.0536856,-0.29186707,-0.00465667,0.01777928,-0.01220095,-0.00235894,0.00091395,-0.00332844,0.00089795,,,0,,0.00295395,0.00222359,0.00048301,0.58991065,0.11903363,-0.0005212,0.30823485,,,,,,,,,,,12.64609345,0.19934404,,,0.46310024,-0.14012681,-0.01104817,-0.02707158,-0.03322202,-0.00797634,,-0.00348476,-0.011507,,-0.0044778,,,,,-0.0045785,-0.00091631,-1.382e-05,,,,,,,,,-0.00374725,,,,,-0.05706401,,0.00264973,,0.19189418,,,,4.31e-05,0.02327841,0.02100156,-0.00938423,,,,0.00017403,-1.13459687,-0.00403836,-0.00558359,0,,0
182,2018-01-31 00:00:00,1330.13695652,78193445.52353,2432.08801638,105256488946.91,3.83563966,17.80725241,,-0.61844512,0.14161588,,,0.00112489,0.14835722,0.15536423,,,-0.01741554,,1.23751578,0.10176762,,-0.07306436,-0.00855751,,,,,,-0.00718165,,-0.04592246,,,,0.49682279,-1.07981548,2.2852356,0.49891776,-1.0860175,0.27152809,,,,,-0.00788822,,,,,,-1.15099919,,0.04624005,0.69040888,2.30260796,,,-0.01871071,0.28477269,,,,0.08991989,,,,,,-0.47015594,0.03442129,0.14548349,-0.09203843,1.16236924,0.98555612,0.13166775,-0.30905516,0.13084997,0.10908823,0.20025282,0.29567892,,,,,,-0.01047412,0.01567268,-0.00094268,0.11879506,-0.00045673,-0.06491209,,0.00255985,0.76849377,,0.09373898,-0.07723929,0.01417818,0.08245885,-0.07301748,,-0.00015222,0.15292748,,0.01635242,,0.04681891,,0.00137304,0.00059014,,,,,,-0.0360201,,,-0.00014531,,,,-0.01318119,,,,,,-0.02847934,0.00476906,0.09443212,0.54009209,0.05647421,0.42149408,0.0396559,0.18759004,0.01114685,-0.01920614,-0.00106669,-0.00030542,0.00580164,,,0.60618606,,-0.00380298,-0.00266854,-0.00041749,-2.22846059,1.65363094,0.0392502,-0.17217464,,,,,,,,,,,0,0,,,-0.00229757,-0.19236618,-0.00761685,-0.06551372,-0.02622596,-0.02102179,,-0.03506991,-0.02036635,,-0.00384576,,,,,-0.00291643,-0.00190968,-0.00093909,,,,,,,,,-0.01017932,,,,,-0.00241925,,0.00653504,,0.01022915,,,,-0.00245362,-0.04862299,0.01209051,0.02618895,,,,-0.0014594,-0.13438276,0.00251834,0.04270717,0,,0
183,2018-02-28 00:00:00,1331.525,77946854.383678,2424.41817459,102811988461.14,-10.294275,4.69730874,,0.10331577,0.8951341,,,0.04493466,-0.03546885,-4.495e-05,,,-0.0471832,,-0.66715855,-0.47867073,,0.01332898,0.14289932,,,,,,-0.00239995,,-0.02861126,,,,-0.25576162,0.56154265,-2.0206067,1.23969985,-8.06311719,-0.01344814,,,,,-0.00498171,,,,,,-1.90099866,,0.08807544,6.79858212,-0.39780585,,,0.10631163,0.12897071,,,,-0.63322229,,,,,,0.25759785,0.05878929,0.14575589,-0.25506682,-0.44490306,-0.226244,0.03453836,0.06712181,-0.07470843,-0.12738492,-0.1553765,-0.13525471,,,,,,-0.00076935,-0.02408711,-0.07491261,-0.07143658,-0.02548883,-0.00163228,,0.00226944,-0.00025027,,-0.03761281,0.05723278,-0.00871926,-0.31773537,-0.02017984,,-6.704e-05,0.0023648,,-0.00522038,,-0.01850969,,0.0011353,0.07614048,,,,,,-0.00278405,,,8.302e-05,,,,0.00236572,,,,,,-0.19893513,-0.00053192,0.10703388,-0.17125605,-0.0161709,-0.36307267,0.00640643,0.09044809,-0.00678661,-0.00749772,0.00058605,-0.00813511,0.01382456,,,-2.215,,0.00724637,-0.00031963,0.00223117,-0.09191564,7.39276691,-0.10914908,0.22834362,,,,,,,,,,,0,0,,,-0.00719633,-0.15065687,-0.00943513,-0.0830678,-0.02279968,-0.0371701,,-0.00717969,-0.02866376,,0.00815315,,,,,-0.00637398,-0.00134929,-0.00193168,,,,,,,,,-0.00253565,,,,,0.02903812,,-0.00162452,,0.00529085,,,,0.00020427,0.05231552,0.00029114,-0.00758877,,,,0.00200545,-0.71388829,-0.00071116,0.00151564,0,,0
184,2018-03-31 00:00:00,1324.62045455,78156245.466489,2430.93096527,103561328746.3,15.0743516,5.38062421,,0.62908667,0.29268587,,,0.06111558,0.06095936,0.06209309,,,-0.00167772,,-1.7502364,-0.05007189,,-0.00344388,-0.00251646,,,,,,-0.01739658,,-0.03468901,,,,0.34890207,1.66695897,-0.94556976,0.32845857,-1.49894669,-0.59876483,,,,,-0.05349168,,,,,,0.73699948,,0.03724822,0.17576202,0.45985629,,,0.01781466,-0.23640975,,,,0.00826952,,,,,,-0.37558886,0.02854991,0.32691106,0.49668662,-0.4134528,-0.0109698,0.06419804,-0.03412235,0.0826375,0.17931077,0.08899592,-0.71095428,,,,,,0.02573665,0.02905599,0.02766272,-0.01311031,-0.0014994,-0.00530398,,0.00203782,-0.00032389,,-0.00052488,0.03321137,0.00429464,0.01712491,0.00481237,,0.04557077,0.03791594,,-0.01111202,,-0.01978643,,-0.00172286,-0.08482491,,,,,,-0.02391958,,,-0.00029501,,,,0.03273607,,,,,,-0.07377586,-0.00060616,0.02610365,-0.04130782,0.05675925,-0.20752521,-0.00923782,0.02586007,0.00322722,-0.01576392,-0.00141479,-2.014e-05,-0.00256688,,,0.02,,-0.00554894,-0.0031417,-0.00036277,0.87462428,1.90762272,0.01938674,0.17551007,,,,,,,,,,,-15.17266677,-0.15184744,,,0.19895639,-0.14098393,-0.00058714,-0.02834333,-0.00786429,-0.00381471,,-0.0070066,-0.00932764,,-0.00409389,,,,,-0.00225425,-0.00384309,-0.00265756,,,,,,,,,-0.00332294,,,,,0.08624739,,0.00068815,,-0.00049412,,,,-0.00028082,0.00482124,-0.00760311,0.05386852,,,,-0.00033643,-0.98104668,6.49e-06,-0.01915399,0,,0
185,2018-04-30 00:00:00,1334.22142857,80279205.815875,2496.96241318,105510059352.16,25.05701348,17.133462,,-0.17339876,1.04341019,,,0.06241281,0.05428221,-6.121e-05,,,0.00855525,,0.07895712,0.03093418,,0.02038165,-0.000303,,,,,,0.22094919,,-0.01677905,,,,-0.20832301,6.18983383,0.76369661,-0.18452844,0.00018956,0.24239633,,,,,0.01184807,,,,,,5.33699625,,0.01798321,7.91923925,1.11764984,,,0.03417004,0.44277963,,,,-0.27134259,,,,,,-0.35801474,-0.00254553,-0.09763405,0.03251898,-0.77120103,-0.66867667,-0.09252305,0.18057769,0.76012865,0.18461594,0.06363285,-0.33380984,,,,,,0.00856126,-0.05007016,-0.0341521,1.22400369,-0.00841387,0.33416095,,0.00219669,0.04010184,,-0.03553904,0.00840017,-0.00545135,0.18264525,-0.00826165,,0.06075434,-0.03418283,,-0.00969347,,-0.04216378,,-0.00146681,-6.954e-05,,,,,,-0.00022697,,,2.219e-05,,,,-0.00021897,,,,,,-0.02916397,-0.00104137,0.05565062,-0.20248922,-0.02327469,-0.51405919,0.00388185,-0.00245367,-0.00431674,-0.00824465,-0.00412474,-0.00115366,-0.00611309,,,0.18554552,,-0.01413799,0.00092047,0.00022498,1.77054426,0.70228888,-0.02998384,-0.13886519,,,,,,,,,,,0,0,,,-0.00334701,-0.0484704,-0.00406053,-0.07491601,-0.03126922,-0.01310531,,-0.00130892,-0.00097674,,0.00208866,,,,,-0.0062623,-0.01195041,-0.00099317,,,,,,,,,-0.00761065,,,,,0.02846341,,-0.02877851,,0.04162117,,,,-0.00189517,0.17916217,0.01518227,-0.00916348,,,,0.00028293,-1.15438211,0.00069788,-0.03760489,0,,0
186,2018-05-31 00:00:00,1303.32391304,80779691.1142,2512.52924603,105514403733.22,-24.1691566,-2.44891195,,-1.29354818,-0.00913211,,,-0.0011714,-0.00753566,-5.874e-05,,,0.06687396,,-1.59247858,-0.07021899,,-0.07499722,0.00229776,,,,,,-0.02149496,,-0.02015625,,,,-2.36469156,4.12565223,1.55029307,0.07790446,-0.63105944,-0.07290393,,,,,-0.0660525,,,,,,3.77999735,,0.03329762,23.23680427,-2.4418303,,,-0.03295912,-0.01626796,,,,-0.0108842,,,,,,-0.50006848,0.04335216,0.44847673,-0.16088686,0.43659017,0.46784785,0.09722444,-0.21207084,0.02175131,-0.31396065,-0.00920993,0.04490766,,,,,,-0.00375191,-0.07921943,0.05419432,0.11388448,0.00917104,-0.03279037,,0.1721532,-0.19887814,,0.00428141,0.00634451,-0.01029243,0.04074637,0.00459863,,-0.00016945,0.0518691,,-0.00045759,,0.00204538,,0.00012443,-0.06928774,,,,,,0.00649403,,,-0.00019597,,,,0.00015691,,,,,,0.00654214,1.821e-05,0.02299607,-0.3603443,-0.002851,-0.0004698,-0.01059052,0.04215247,-0.00793584,-0.00271064,1.81e-05,-0.00447896,0.00184132,,,-0.12194902,,-0.00629513,-0.00317563,-0.00466139,0.82902911,19.54573027,0.07858661,0.16949731,,,,,,,,,,,0,0,,,-0.00511627,-0.06295591,0,-0.02717886,-0.00589945,-0.00861893,,-0.15504915,0.02273004,,-0.01258436,,,,,-0.00317988,-0.00359323,-0.00075718,,,,,,,,,-0.01993145,,,,,2.67e-06,,-0.00202048,,0.00408949,,,,-0.00237552,0.14472203,0.01296983,0.06497457,,,,-0.0009754,-2.49409581,-0.00293325,-0.00892544,0,,0
187,2018-06-30 00:00:00,1281.56666667,79119131.896254,2460.88008097,99009703105.98,-27.97413187,-17.4092113,0.68426408,0.37553477,-5.56805783,,,0.07645142,-0.29971572,5.89987531,,,0.09581509,,-0.20942325,-0.10560393,,0.07859268,-0.00163838,,,,,,-0.02816443,,-0.02836513,,,,0.68395682,-5.82855625,0.73174502,0.04493982,-1.57506253,-0.1874091,,,,,-0.00542923,,,,,,-0.50999965,,0.08263386,1.17886443,-0.83488412,,,0.08409972,0.7777964,,,,-0.00268643,,,,,,0.46114718,-0.22903754,0.08452926,-0.19406855,0.38577524,4.44943602,0.24364493,-0.00234354,-0.05074564,-0.15121928,0.01512716,0.00116163,,,,,,0.03122553,0.23056175,-0.08228316,0.09566855,0.01180169,-0.01902323,,0.27818175,-0.00042732,,-0.02407367,0.00201366,-0.02862261,0.14142628,0.01025745,,-0.000163,0.4946024,,0.00318255,,-0.01159108,,-0.00101239,-1.647e-05,,,,,,0.0004399,,,-0.00020983,,,,-1.523e-05,,,,,,-0.02814925,-0.00031102,0.01418675,-0.03832477,-0.03757302,-0.29193034,-0.00781516,0.01797724,-0.02946612,-0.06684511,-0.00071607,-0.00225372,-0.00016749,,,-0.00072269,,0.00279496,0.00153173,0.00071231,-0.71575612,-2.30362758,-0.09932746,-0.4692785,,,,,,,,,,,-1.65297796,-0.06522099,,,-0.00546503,-0.12845662,0,-0.06025062,-0.00967991,-0.02915862,,-0.00979488,0.02237703,,-6.435e-05,,,,,-0.00281392,-0.00041117,-0.00156805,,,,,,,,,-0.0022441,,,,,-0.00131992,,-0.0058205,,0.00023786,,,,-0.00025519,0.06407683,0.00363079,-0.00028526,,,,-0.00014788,-2.06336856,0.00316021,-0.01984348,0,,0
188,2018-07-31 00:00:00,1238.525,77875927.589019,2422.21210468,95150631713.356,-18.84533643,-6.44357038,1.55478383,-0.15018596,-0.75854286,,,0.00122912,-0.02317036,0.46460289,,,0.05663009,,-0.77723268,-0.04228471,,-0.00740399,-0.00062215,,,,,,-0.07975722,,0,,,,18.05600672,-14.79472201,-1.98935592,-0.14733767,-3.02137897,-0.47319924,,,,,-0.01633159,,,,,,-0.45199968,,0.12199364,-0.49453035,-0.0235453,,,0.0705501,-0.13321863,,,,-0.00210254,,,,,,-0.06314608,0.01375322,0.23586272,-0.01489807,0.14540664,-5.68451897,0.05496796,0.31095321,-0.01461985,-0.00507461,0.02163085,0.11367816,,,,,,0.02607863,-0.08737711,-0.01698375,0.08253282,0.0026442,-0.02196675,,0.02958527,0.02145769,,0.06492705,-0.00377964,-0.00172259,0.04728315,0.00506382,,-0.00018427,0.36369679,,0.00348543,,-0.00107535,,0.00103024,0.00024955,,,,,,0.00033573,,,-7.832e-05,,,,-0.00017785,,,,,,-0.10067087,-3.221e-05,-0.01300891,-0.10473666,0.00010433,0.01992741,-0.0052971,-0.02740598,-0.00120614,-0.01218836,-0.00177838,-7.082e-05,-0.03033329,,,-0.0265974,,0.00700516,-0.00348512,0.00020443,0.09467376,-5.55712104,-0.00313394,-0.02026444,,,,,,,,,,,0,0,,,0.55160989,-0.0378182,0,-0.05219404,-0.01162134,-0.0631219,,-0.00293579,-0.00291701,,-0.00334685,,,,,-0.00209924,-0.00112551,-0.00037271,,,,,,,,,-0.00349018,,,,,-0.00131146,,-0.00521152,,-0.00066305,,,,-0.00203209,0.11004294,0.04835739,0.06125704,,,,-0.24645467,-0.73475103,0.00042824,-0.00823197,0,,-0.15551738
189,2018-08-31 00:00:00,1201.09130435,76582359.850018,2381.97765056,92165934807.199,-45.02633679,1.30126516,0.71479298,-0.20256167,-0.60765114,,0.52870608,-0.00131398,-0.20370988,0.30927336,,,0.06651499,,-1.03324491,-0.1323716,,-0.04116696,-0.00561813,,,,,,-0.04830797,,0,,,,-0.41616232,1.58203781,2.04842573,-0.29866119,-0.428162,-0.1386363,,,,,0.00936902,,,,,,-2.04999856,,0.15919881,0.10118115,2.90092037,,,0.06373129,0.27765043,,,,0.02953798,,,,,,0.22841413,0.02299019,0.29604095,-0.25344333,0.56004979,0.90355948,0.02813544,0.19561538,0.0096607,-0.12760821,-0.21086148,0.18872919,,,,,,-0.00395969,-0.02788157,-0.0262805,0.15389909,0.04051322,-0.36620128,,0.00449731,-0.05911742,,0.14148996,0.00450836,-0.00350515,-0.1357901,0.00326965,,-0.00018227,-0.07002727,,0.00077698,,0.01884637,,0.00245566,-0.00112468,,,,,,0.00517968,,,6.29e-05,,,,-5.449e-05,,,,,,-0.19140085,0.00045884,-0.02177682,-0.25618082,-0.05089799,0.20929562,-0.01215711,-0.05288172,-0.00277311,-0.01790469,0.00097144,-0.00071833,-6.652e-05,,,-0.1363797,,-0.00195227,-0.00081513,-0.00100831,-4.31622628,5.0010915,-0.09826257,0.13963823,,,,,,,,,,,0,0,,,0.70298494,-0.07998097,0,-0.03526632,-0.02213828,-0.01375693,,-0.00252889,0.00201156,,-0.00074667,,,,,-0.00447587,9.263e-05,0.00017098,,,,,,,,,0.00023253,,,,,-0.05926179,,-0.00083396,,0.00118117,,,,0.00253664,0.06949683,0.0256818,-0.0207977,,,,,-1.54715885,-0.00256053,-0.01877655,0,,
190,2018-09-30 00:00:00,1198.4725,75765344.701255,2356.56563886,90040239679.325,-12.89292514,4.07824632,3.04627848,-0.52116001,-0.30638857,,0.80843298,-0.1067153,0.09856958,0.30927829,,,-0.00057058,,-0.67984199,0.04959761,,0.04974301,0.00043162,,,,,,-0.05023685,,0,,,,-8.66878315,3.60401295,-0.263743,0.08122968,-0.15518342,0.12926453,,,,,0.03812105,,,,,,0.25999982,,0.19306822,0.0427307,0.26138237,,,0.19140144,0.35205527,,,,0.00138155,,,,,,0.6171135,7.968e-05,0.14554444,-0.25243133,-0.1450753,-7.1709933,0.29582213,0.05129162,0.02195862,-0.00570156,-0.07060412,-0.06402811,0.03300938,,,0.00026565,,0.09355373,0.36866239,-0.18634034,-0.01695433,0.03840241,-0.03160519,,0.06760121,-0.50574484,,0.0266587,0.03521245,0.00106458,0.05975467,-9.937e-05,,0.03024428,-0.30308976,,-0.00399683,,-0.0105349,,-0.00072367,0.00073058,,,,,,-0.0001202,,,-0.00031079,,,,-0.00016331,,,,,,-0.17412882,-0.00026025,0.04091628,0.04283479,-0.00807224,-0.14077291,0.00385617,-0.03140666,0.00089232,-0.00605462,-0.00059118,-7.492e-05,-3.696e-05,,,0.21583468,,-0.00209781,-0.00131662,-0.0003296,0.39651217,-6.48859351,-0.01505096,-0.57984377,,,,,,,,,,,-1.02044872,-0.01227561,,,0.19127053,-0.04698899,0,-0.00807596,0.00514258,-0.00357742,,-0.00370237,0.00080171,,0.00478671,,,,,-0.00105168,-0.00071897,0.00035495,,,,,,,,,-0.00195706,,,,,-0.0014073,,-0.00107046,,-0.00210178,,,,-0.00046028,0.09427886,0.11616081,0.04408842,,,,,-1.10112137,0.00219936,0.01351653,0,,
191,2018-10-31 00:00:00,1215.39347826,76304275.993218,2373.32827578,92759283489.002,11.80117995,4.97773758,0.96263308,-2.51970079,-0.60739009,,0.21743572,0.00105285,0.1750432,-0.00117146,,,0.0179499,,-2.64483792,-0.10499242,,-0.05454452,0.13237649,0.0190387,0.01916592,,,,-0.03604188,,0,,0.02505418,,-0.0224033,4.27857374,2.97538458,0.08968209,0.93291346,0.37048592,,,,,-0.01990538,,,,,,0.36599974,,0.07458426,2.34793917,1.15825868,,,0.06079503,0.14172389,,,,0.90622415,,,,,,-0.17157056,0.04310174,0.26598899,-0.01355347,-0.92342547,0.78512533,0.20542336,0.15031841,0.11827909,-0.08012911,-0.18653484,-0.28526246,1.542e-05,,,0.40740968,,-0.01060792,-0.0495272,0.05012465,-0.07231963,0.05814113,-0.00630055,,0.15617341,0.04714448,,-0.09232405,0.07966745,-0.00586028,0.23921147,0.0135241,,-0.0001786,0.04188528,,0.00129396,,-0.04066339,,0.00012589,-0.03057459,,,,,,0.00053675,,,5.358e-05,,,,-2.444e-05,,,,,,-0.30375677,-0.00105004,0.00260532,-0.47144033,-0.04661675,-1.04114956,-0.04019457,-0.04152947,-0.00408051,-0.00894124,-0.00230527,-0.00167306,-0.00631287,,,-1.80000513,,0.00662844,5.849e-05,-0.00204831,4.7025683,-11.79901868,0.46117121,-0.02391238,,,,,,,,,,,0,0,,,0.09730749,-0.01143384,0,-0.02407806,-0.00332791,-0.00987101,,-0.00281465,-0.00075561,,-0.00118502,,,,,-0.00310466,-0.00078241,-0.00332453,,,,,,,,,-0.00089278,,,,,0.00105057,,-0.00259912,,0.00102355,,,,0.00261512,0.1480454,0.144121,0.08209901,,,,,-0.00212748,-0.00161147,0.04035438,0,,
192,2018-11-30 00:00:00,1220.94545455,76938419.307037,2393.05233761,93756755321.117,7.69021844,-0.83034443,0.9002591,-0.11054954,0.74373685,,0.26399062,-0.00120701,-0.01038655,0.30923929,,,0.00032908,,-0.27326579,-0.1700408,,-0.08854942,0.00086629,0.01860056,0.22943556,,,,-0.03111934,,0,,-6.283e-05,,5.24468445,-2.01640204,0.9631753,0.15017633,2.06483869,0.16420463,,,,,0.01225579,,,,,,1.39099902,,0.06195385,1.13129273,-0.30435713,,,0.04790343,0.2568075,,,,0.18019822,,,,,,0.22237662,0.05750661,-0.2501036,-0.01014378,0.17680266,-0.20544122,0.06553611,0.02091395,-0.00238713,-0.01440645,-0.0090252,0.11230882,-7.052e-05,,,0.00915162,,0.06916468,-0.00568866,-0.118173,0.02299502,0.00084038,0.03848835,,0.00180606,-0.00594765,,0.04218497,0.00034284,-0.0004277,0.13001178,0.00323274,,0.03020234,-0.0043001,,-0.00782141,,0.00784808,,-0.00048032,0.00027479,,,,,,0.00273206,,,-0.00017955,,,,-0.01042486,,,,,,-0.15447482,0.00012699,-0.07110853,-0.13506691,-0.02327778,-0.09777047,-0.00116044,0.02256739,-0.00026441,-0.02614529,0.00025104,-0.00026476,-0.07038241,,,0.29327825,,0.00793143,-0.00381279,-0.00037495,2.61015378,-1.12861485,0.17352702,-0.06197506,,,,,,,,,,,0,0,,,0.20453599,-0.01359951,0,-0.03764059,0.01329982,-0.00846148,,-0.00446212,-0.01749682,,-0.0023024,,,,,-0.00242483,-0.00074989,-0.00136051,,,,,,,,,-0.00102494,,,,,-0.00301083,,0.00011366,,-0.00024041,,,,-0.00111909,0.15903249,0.03739533,0.05566169,,,,,-0.36129892,0.00247907,0.01501351,0,,
193,2018-12-31 00:00:00,1251.43333333,79475510.804377,2471.96470406,101930750255.18,25.921756,8.48191237,1.77009911,-0.5951793,0.14704082,,0.34163434,0.06117308,0.06351667,-0.00108465,,,-0.00349625,,0.36510398,-0.13396569,,-0.15566519,0.00535122,0.01729784,0.00968911,,,,-0.22129323,,0,,-0.00017191,,15.76365844,9.02115258,7.29733022,1.76921277,0.44756843,0.05987058,,,,,-0.0182715,,,,,,0.62499957,,0.4559571,2.71988258,1.20507375,,,0.03297887,-2.45616586,,,,0.09486244,,,,,,0.04465827,0.30208931,1.20637328,-0.0925972,0.25709543,0.62211978,0.10367504,-0.23775579,-0.01451433,-0.11749556,1.05845501,0.0985708,2.3512403,,,0.04453367,,0.01860199,0.03448147,0.01393629,0.05948543,0.03434491,-0.00186792,,0.00273738,-0.13681741,,0.02677377,-0.01326636,-0.00116417,0.54552649,0.00408706,,0.0150146,-0.03474167,,0.03670452,,0.01164979,,0.00161302,-0.00029496,,,,,,0.00040137,,,-0.00020544,,,,-2.86e-05,,,,,,-1.0638343,0.00031146,1.52549949,-0.42509113,-0.00562699,-0.33425982,-0.0066999,-0.03416003,0.30209834,-0.03513775,0.00064979,0.00038105,-4.044e-05,,,0.3150116,,0.00159926,0.00243632,0.00097534,3.6285319,-1.67542639,0.3910978,0.14001273,,,,,,,,,,,-2.05,-0.01,,,-0.00497229,-0.00415545,-0.02086154,-0.0063709,0.00369748,-0.00799606,,-0.00185545,-0.0038295,,0.00056514,,,,,-0.00080926,0.00040785,0.00073675,,,,,,,,,-0.00267998,,,,,-0.00024278,,0.00101013,,-0.00083453,,,,-0.00243314,-0.04906266,0.06119596,-0.0269201,,,,,-1.03487488,-0.00209882,0.01117429,0,,
194,2019-01-31 00:00:00,1291.30652174,81958146.369265,2549.18330168,108534060105.06,36.18809145,12.27648764,2.54629863,0.07246886,0.44692996,,0.27937528,0.13849181,0.08543179,2.88362443,,,-0.00668383,,-2.15859298,0.18756129,,-0.03829401,0.12746409,0.00165722,0.03655551,,,,0.16676269,,0,,-0.00013175,,2.44248944,2.08760238,9.73517422,0.68768827,-0.33250281,0.68237621,,,,,-0.01207842,,,,,,8.14199428,,0.20785755,-1.9312047,-1.80056551,,,0.04720153,0.42666555,,,,0.17165455,,,,,,-0.18533748,0.00289376,0.68978968,0.5473022,-0.44926854,0.49275112,0.37750585,-0.17283417,0.11828584,0.47177678,0.3363734,-0.08752172,0.0262808,,,2.46778371,,0.02573651,0.04818047,-0.22717868,-0.14660652,0.00173913,-0.00194783,,0.00375286,-0.00033394,,-0.03335606,-0.0009629,0.00709264,-0.01244829,0.04392442,,0.01497807,0.13597276,,-0.00663544,,-0.01455252,,-0.00218031,-0.00038022,,,,,,0.00279369,,,1.286e-05,,,,-0.00010541,,,,,,-0.43129252,-0.00038294,-0.13904744,-0.24762912,-0.00249189,-0.65601435,0.04697333,0.11167317,0.06704039,0.02112375,-0.00085746,-0.00017857,1.12e-05,,,0.37864362,,0.00462728,0.00122691,-7.513e-05,1.05830693,-0.42751939,-0.22096983,-0.30726942,,,,,,,,,,,0,0,,,-0.00896885,-0.13423938,-0.00408718,-0.03510501,-0.01832445,-0.01906914,,-0.0046081,-0.0166787,,0.00264218,,,,,-0.00282305,-0.00225652,-0.00072681,,,,,,,,,-0.0018101,,,,,-0.00090818,,0.00418459,,0.00978135,,,,0.00026836,-0.03913319,0.03382955,0.04636462,,,,,-0.15321448,0.0026085,0.04384595,0,,
195,2019-02-28 00:00:00,1320.065,80845084.877253,2514.56321942,106718030475.21,-39.63017545,7.01824954,2.88740581,-0.00361791,0.74699413,,-0.00033528,-0.0018884,-0.01921443,0.46379941,,,0.01022658,,-0.74329186,-0.01233017,,-0.01911252,0.1384641,-0.00018991,-0.00042412,,,,-0.01689183,,0,,-6.486e-05,,-2.04702146,2.16148855,-2.54579319,0.92597322,-0.30146773,1.44517888,,,,,0.00967483,,,,,,1.8489987,,0.06104639,-0.9908728,-1.00856822,,,-0.02534489,-0.21720253,,,,0.01479561,,,,,,-0.09297418,-0.03253489,0.38739519,0.31579117,0.25786913,0.181924,0.29424196,0.02248291,-0.06261939,-0.0640789,0.14855409,0.03016445,-0.00547623,,,-0.01057317,,-0.00515317,-0.04272642,0.01373535,-0.00444374,-0.04367494,0.00123054,,0.00549539,-0.00499204,,-0.01662318,0.01556541,0.00215503,-0.04994085,0.00093851,,0.0149941,0.0172121,,0.01730587,,-0.00726507,,-0.01728454,-0.00013084,,,,,,0.00758728,,,-0.00017513,,,,-4.058e-05,,,,,,-0.85780946,-0.00022421,-0.99859723,-0.14044948,-0.02919406,-0.62175621,0.00752277,-0.02209808,0.005316,-0.00259827,-0.00050305,-0.00246769,-5.648e-05,,,0.22699266,,-0.00209246,0.00019281,-0.000215,-2.84957277,-0.65830834,0.07304794,-0.13192128,,,,,,,,,,,0,0,,,0.14714605,0.03247191,-6.413e-05,-0.01187198,0.00020565,-0.00386477,,-0.00168677,-0.01183845,,0.0006996,,,,,-0.00125381,0.00027921,-0.0004095,,,,,,,,,0.00018207,,,,,-0.00032468,,-0.00037396,,-0.00907,,,,0.00020488,-0.14988541,0.01200248,0.05932362,,,,,-0.09475799,-0.00447626,-0.00035154,0,,
196,2019-03-31 00:00:00,1300.89761905,80855956.003092,2514.90134923,104816481221.58,0.04039701,2.02460282,0.46372903,0.12332232,-0.60264526,,0.13943393,-0.00012536,-0.23070535,0.10696038,,,0.0043005,,-0.0757085,0.49467409,,0.00794735,-0.00403045,-0.00081919,0.11000426,,,,0.06290961,,0,,5.874e-05,,0.45120158,0.06729944,-4.63646636,0.2502498,-0.67631336,0.56632406,,,,,-0.07044372,,,,,,0.87099938,,0.13727168,0.23342134,0.05752818,,,0.06995946,-0.12200767,,,,1.45637752,,,,,,0.07089308,0.00569064,0.3566777,-0.01272404,-0.158907,-1.19795545,0.71393386,0.25784485,-0.02647425,-0.04102956,0.16035943,-0.03247195,-0.00440813,,,-0.00656421,,0.0279672,0.13599878,0.03675863,0.1014154,0.01923267,-0.02425756,,0.30096305,0.47970185,,-0.00413035,0.01602528,-0.00544335,-0.35069758,0.00995297,,0.02825381,0.07708365,,0.0125973,,-0.00181635,,0.00069841,0.02968953,,,,,,-0.0028482,,,-8.464e-05,,,,0.00038509,,,,,,-0.18210458,-0.00011877,-0.11414566,-0.19441662,-0.05528206,-0.27020565,-0.03312979,-0.0724613,0.0036912,-0.00127165,-0.00028188,-0.00099099,0.02577937,,,0.01124289,,9.67e-06,-0.00351169,-4.328e-05,-1.0744315,0.45310015,0.60739929,0.53631949,,,,,,,,,,,-1.433,-0.042,,,-0.00604166,-0.10309842,0.00619129,-0.01666752,-0.02982214,-0.02179388,,-0.00011477,-0.00905042,,0.00164189,,,,,-0.00234273,-0.00042206,-0.00165348,,,,,,,,,-0.00161981,,,,,-0.08742715,,-0.00086072,,-0.00224956,,,,-0.00089849,0.01064362,0.01488927,-0.00196993,,,,,-0.09391477,0.00591937,0.22662742,0,,
197,2019-04-30 00:00:00,1285.46818182,78949866.257914,2455.61533112,101322189548.35,-37.57111726,-6.2148706,-0.15774958,0.12189235,-0.6027718,,-0.00038149,-0.12074173,-0.01215898,-0.20324949,,,0.00928117,,-0.24398725,-0.12733175,,0.03625466,0.00722399,0.10157876,0.08710937,,,,-0.66780375,,-0.56663365,,-4.147e-05,,-5.91979333,8.02793396,-6.14780384,-0.28706333,-0.70580022,0.07373451,,,,,-0.05635059,,,,,,0.44199969,,0.13692853,0.63140875,-0.81472603,,,0.05963937,-2.85101724,,,,-0.16202469,,,,,,0.45360208,0.02005077,0.75004808,-0.16312688,-0.87746001,-0.22598712,-0.03570591,-0.18902054,0.03361672,0.0590887,0.0238831,-0.12187995,-0.01768097,,,-2.40496085,,0.04337746,0.06244437,-0.0038842,0.02648026,0.0469858,-0.04783216,,0.07326732,0.23243877,,-0.06621319,0.00537626,0.00034862,0.27453303,0.01973805,,0.0149549,0.28353513,,0.00872149,,-0.02888492,,-0.00029967,0.00078435,,,,,,0.00496171,,,-9.909e-05,,,,-6.366e-05,,,,,,-0.14141504,-0.00071333,-0.10563106,-0.11464721,-0.0029615,-0.24999173,-0.01230542,-0.08779806,0.00094853,-0.03497257,-0.00156846,-0.00022221,-0.00605237,,,-0.14981127,,-0.00031296,0.00051316,-0.00056995,-5.50146109,2.82097396,-1.03089806,0.70234439,,,,,,,,,,,0,0,,,0.29685502,-0.01120089,0.0061489,-0.00126593,-0.00169802,-0.00268343,,0.00028,-0.00044958,,0.00027089,,,,,-0.00076193,-0.0017574,-0.0034683,,,,,,,,,-0.00194332,,,,,-0.00079561,,-0.00100167,,0.00622374,,,,-0.00100057,-0.12041981,0.00211042,-0.00862304,,,,,-0.03032495,-0.0045024,-0.04616287,0,,
198,2019-05-31 00:00:00,1283.65,78934298.394759,2455.13111645,102347350828.95,-3.47923765,-12.72860937,1.27079099,0.32923906,-0.30273174,,-0.00042124,-0.0012538,-0.04794026,1.16092199,,,0.00178569,,-0.2979533,-0.15564886,,0.04687193,-0.00898947,-0.00034582,0.00357145,,,,0.62620357,,0,,0.00015469,,1.41712295,4.58721702,-0.04328915,0.9142813,1.06785357,0.12081581,,,,,-0.05795955,,,,,,0.77799946,,0.10956272,0.02177828,1.65096961,,,0.08451426,2.10913931,,,,-0.0687612,,,,,1.71558452,1.06890116,0.0038412,0.81012153,0.04908056,0.3512981,0.39224959,0.19661277,0.067405,-0.0387071,-0.01341955,-0.25411712,0.02595,-0.01452752,,,0.12556148,,0.03651751,0.04597588,0.07130621,0.18392023,0.02869396,-0.06475259,,-0.06867665,-0.0005229,,0.03080463,-0.01133803,-0.0079714,0.13425843,0.03132963,,0.04524558,0.10303126,,0.00299337,,0.01416621,,0.06867442,0.01529905,,,,,,0.00073739,,,-0.00017835,,,,0.00012919,,,,,,-0.10512165,0.00024485,0.00794119,-0.05484122,0.00530806,0.06830725,-0.01195038,-0.00540549,-0.03846954,-0.00511186,-0.00264529,-0.00056437,0.01564739,,,0.1925871,,0.00223773,-0.02861816,0.00974265,-0.97388845,-3.14932739,-0.09180125,-0.32642363,,,,,,,,,,,0,0,,,0.49234685,-0.04451867,0.00275293,0.01790141,-0.00544339,-0.00441871,,-0.00301804,-0.07773466,,-0.00064828,,,,,-0.00232545,-0.0003568,-0.00068974,,,,,,,,,-0.00156718,,,,,0.0004322,,-0.00440981,,-0.00071666,,,,0.002094,-0.44254357,-0.05772846,-0.02417369,,,,,-0.09903192,-0.00267614,0.01128167,0,,
199,2019-06-30 00:00:00,1359.0425,83224078.201954,2588.55818303,117351848617,50.84847181,12.07754324,0.83612249,-0.24320617,0.44694794,,0.35676306,0.00021957,0.11773937,-0.00149894,,,0.02011202,,-0.40352131,0.07734073,,-0.0688109,0.53514689,0.0695491,-0.00326318,,,,-0.6705819,,0,,-0.00018077,,20.7173208,5.69115828,1.96669525,23.09774662,-2.14574144,-0.00732396,,,,,-0.00979791,,,,,,0.7089995,,0.13805778,3.2911325,1.83610359,,,-0.23586473,3.64367721,,,,0.00848464,,,,,5.43088871,-0.39399094,-0.1042653,0.65979909,0.14194752,0.22558826,0.30118133,0.28083166,0.2210999,-0.14697335,0.09514864,-0.60158436,0.15259347,-0.00460659,,,0.09167827,,0.00290445,0.21424784,-0.08715766,-0.05032472,0.00788268,0.01787344,,0.65331195,0.24680664,,0.0519686,-0.0154056,0.00064882,-0.11153148,-0.00086723,,0.0291077,0.08580753,,0.00068254,,0.02266123,,0.02393163,0.01358288,,,,,,0.00440523,,,-0.00013358,,,,-0.00040203,,,,,,-0.27307544,0.00059112,0.70828389,0.03622407,0.00069026,0.07474258,0.00215895,0.01900344,0.01473602,-0.01127871,-0.0004241,0.00070002,0.00601825,,,-0.02491399,,-0.00083007,-0.00073841,-0.01427982,0.97400203,0.95902412,0.65496378,0.45557872,,,,,,,,,,,-0.777,-0.028,,,-0.0057466,0.02657164,0.00367119,0.01951442,0.05948317,0.01393393,,0.00201973,0.00338274,,0.00046036,,,,,0.00220109,0.00141076,-0.0002833,,,,,,,,,-0.00118845,,,,,0.02596681,,0.00056038,,0.0207638,,,,-0.00458537,0.36159059,0.09217419,0.02056045,,,,,-0.12269917,0.03331211,-0.05706295,0,,
200,2019-07-31 00:00:00,1412.97826087,85073905.075204,2646.09423021,121525693128.67,29.34159852,13.14525304,1.70452339,-0.94456706,0.44633992,,0.12374927,0.00103455,-0.01424737,0.1685821,,,0.05722472,,-1.57741212,0.06686109,,-0.08064652,0.00025346,-0.00381487,-0.00390198,,,,0.64292038,,0.18548144,,-0.00029304,,5.07354585,-4.2960273,-2.83669022,2.75250504,1.2656335,-0.23991947,,,,,0.03935972,,,,,,0.39099972,,0.49071995,2.86544981,2.31679437,,,-0.03182469,0.42315188,,,,-0.06489656,,,,,3.60762571,0.10591903,0.1998035,0.47575868,-0.14745782,-0.49205119,-0.5577763,0.27990063,0.62359425,-0.292004,-0.15878488,-0.23838638,-0.21701834,0.00370946,,,0.02154918,,0.00323206,-0.08217659,-0.05430426,-0.00839315,-0.02249966,-0.00644986,,0.00815987,0.02267316,,-0.04159816,0.0190282,-0.00925741,0.08217565,0.04782565,,0.01489189,-0.03208506,,0.0065831,,-0.01818041,,-0.00108685,-0.00011511,,,,,,0.00279216,,,-4.825e-05,,,,0.00132615,,,,,,-0.23253288,-0.00047109,0.83334634,-0.19762679,-0.0092099,-0.14740174,-0.04087198,-0.03353498,-0.00843816,-0.0100752,-0.0009544,-0.00303994,0.19812919,,,0.05990479,,0.0001203,0.00210481,0.00017808,1.00791604,0.02545748,-0.32036317,0.15218252,,,,,,,,,,,0,0,,,-0.20667755,0.04936834,0.00412166,-0.00424378,0.02416768,0.00921209,,0.00169002,-0.00951244,,-0.00029905,,,,,-0.0048539,9.139e-05,0.0008543,,,,,,,,,-0.00608401,,,,,0.20158354,,-0.00096065,,-0.05136252,,,,0.00021447,0.76168602,0.19969704,0.10881336,,,,,0.63851145,0.00097824,-0.01038301,0,,
201,2019-08-31 00:00:00,1499.025,89181024.804489,2773.8399333,136397621248.43,54.88182941,18.42724847,0.30773586,1.06978142,1.34541588,,0.26338014,0.09011802,-0.47208032,0.33917199,,,0.00326824,,1.05182319,0.42103539,,0.02919481,0.13433069,0.03592717,0.17333718,,,,0.01301362,,0,,0.00017219,,9.11897643,9.26687536,1.65419709,-0.30405889,1.11927608,0.71830285,,,,,-0.01019084,,,,,,2.08999854,,0.45497151,4.1152432,-2.48849867,,,0.08391851,2.00919106,,,,-0.12933439,,,,,1.93204198,0.53516405,0.12381119,2.26347877,0.94369049,-0.09625867,0.47923075,0.39725778,0.97473213,0.14238889,-0.05517675,0.21727213,-0.06601109,0.00719708,,,0.31430105,,0.03267546,0.18437174,-0.01732522,-0.03827742,0.00114737,0.02835721,,0.00733349,-0.13506013,,-0.01474973,-0.15667988,-0.00129015,0.03685467,0.03195389,,0.01493186,-0.00999545,,0.01565246,,-0.00478106,,-0.00687614,0.05408611,,,,,,0.00061039,,,-9.864e-05,,,,-0.00011515,,,,,,-0.22624662,-0.00010911,-0.16526545,-0.02461729,-0.01308405,-0.04652465,-0.0033102,-0.02539423,-0.00247462,0.012985,-0.00496283,-0.00437565,0.01769789,,,-0.31469071,,-0.00262644,-0.00467341,0.01363482,5.47574113,3.02591843,0.3169495,0.97127014,,,,,,,,,,,0,0,,,-0.60685637,0.20673503,0.04738654,0.08628884,0.12307841,0.0546935,,0.011758,0.00704138,,0.00361288,,,,,-0.00103044,0.00071854,0.00478859,,,,,,,,,0.00048797,,,,,0.23133478,,-0.00603984,,0.04943354,,,,-0.00436726,1.55508052,0.39383266,0.10084673,,,,,2.5732177,0.00270432,-0.03430123,0,,
202,2019-09-30 00:00:00,1511.31428571,91687028.357959,2851.78535661,136290867958.86,42.49951242,16.24469044,2.51067574,0.02743388,-0.00324669,,0.12370313,0.00012884,0.02280088,0.26146625,,,-0.80357025,,-0.03098871,0.12265348,,-0.02654318,0.27176362,0.01818951,0.01531338,,,,-0.02302955,,0,,-0.00014061,,2.55635947,1.26875265,-2.16548613,3.63655465,-0.4269268,0.34054807,,,,,0.19979422,,,,,,0.26099981,,0.6513367,-0.63182542,3.46006773,,,-0.1018577,-1.44975099,,,,0.61830132,,,,,0.51724162,0.54785401,-0.17959279,0.87015112,0.28393325,-0.55232288,0.45919255,-0.00374886,0.78077616,0.3108779,-0.06674705,0.21492825,0.01651283,-0.00626989,,,0.0119063,,0.0169582,-0.36629023,0.03013044,-0.05774424,0.02657765,0.00970384,,-0.22447,0.12683076,,-0.02788632,0.05061841,0.00193224,0.15821049,0.06689166,,-0.00026203,-0.00550585,,0.00080954,,-0.01219729,,0.00943964,-0.00073265,,,,,,0.00305248,,,-7.545e-05,,,,0.00168305,,,,,,-0.06496286,-0.00037194,-0.0699351,0.05146112,0.00227718,-0.09099028,0.00597219,0.01131142,-0.0060136,-0.01254911,-0.00068823,-0.00236406,0.09175473,,,0.15322432,,0.00770767,0.00037607,0.00031644,0.69716399,2.18941242,0.08156298,0.43310203,,,,,,,,,,,-0.431,-0.0069,,,0.1952851,-0.14432295,0.00543707,0.01611506,0.00520372,0.06484413,,0.0018647,-0.07404878,,-0.0001065,,,,,-0.00599585,-0.00148686,-0.00089825,,,,,,,,,-0.00015383,,,,,0.08548035,,-0.00012455,,0.00560383,,,,0.00568879,1.28083271,0.27602644,0.16831361,,,,,-0.27025127,-0.00334241,0.0319744,-0.05,,
203,2019-10-31 00:00:00,1494.8,93005156.094084,2892.78371203,140552529884,-5.28875749,14.46937205,0.92756178,0.71601797,1.94383547,,-0.00052619,0.00112211,0.90567468,-0.55945597,,,,,0.28929829,0.03184105,,0.08209505,-0.41032441,0.04092182,0.00522581,,,,-0.03364759,,-0.038,,0.00015876,,2.84961762,3.93247628,6.65517271,0.9952661,1.79778448,0.85271688,,,,,0.02741325,,,,,,2.09599853,,0.50605805,-1.83799287,1.21372114,,,0.09563277,1.0800922,,,,0.50001725,,,,,0.52389521,0.47632894,0.02595395,1.65571315,0.73581679,0.47833867,0.51908422,0.52292885,0.36135973,0.09389872,0.23361946,0.82226735,0.45400317,0.01805027,,,0.76136157,,0.03476176,0.08913782,0.00913135,0.074556,0.09883087,0.03336364,,-0.05336767,0.14055606,,0.02040853,0.09734365,0.01123366,0.01200101,0.09332974,,0.03001541,-0.61988916,,0.01869606,,0.00889579,,0.00865673,0.06049117,,,,,,-0.00088085,,,-0.0001153,,,,0.00255077,,,,,,0.03945898,0.00013417,-0.67431961,0.17330802,0.00986271,0.09263404,0.01466971,-0.00398005,0.24670172,-0.0123668,-0.00134085,0.00059398,-0.00120797,,,-0.04987273,,0.00147385,0.00446571,0.00055141,-0.26766557,0.19355286,-0.25098277,0.16405125,,,,,,,,,,,0,0,,,-0.01083286,-0.17021042,0.00308031,-0.0321565,-0.00152923,0.00099637,,-0.00560899,-0.0276264,,-0.00472056,,,,,-0.00359859,-0.00264163,-0.00230047,,,,,,,,,-0.10087085,,,,,0.11353506,,0.0020399,,-0.00149101,,,,-0.00289701,0.51011453,0.15636765,0.20373405,,,,,-0.12451904,-0.00945296,-0.01592241,,,
204,2019-11-30 00:00:00,1470.01666667,92011677.215859,2861.88306482,134444211870.42,-19.93153349,1.56361967,0.92731749,-0.63048653,-0.1231031,,0.06153545,0.24214505,0.18459428,-0.14112688,,,,,-0.00169719,-0.16426483,,0.01238855,0.4078111,0.01636332,0.00101047,,,,-0.02114944,,0.87,,4.928e-05,,-6.83554485,-4.38613262,-11.33178608,3.1231939,0.3378255,0.27185622,,,,,0.0489244,,,,,,2.17399847,,0.34807523,0.61180036,0.31432572,,,0.01709137,1.03272665,,,,0.04400258,,,,,3.80601656,0.50330374,0.05094465,-6.2432432,0.07626312,0.1146064,-0.22517554,0.66619405,0.29053223,0.2023647,0.03413034,-0.03990604,-0.09867256,0.11391457,,,0.02124749,,0.04594952,0.12619014,0.15017184,-0.26563998,0.08616258,0.01219329,,0.12883206,0.20397567,,-0.03837545,0.04202921,0.02231937,0.30650583,0.03919354,,-0.00025973,0.05251706,,0.02501458,,-0.01676813,,-0.01366287,-0.04790042,,,,,,-0.00043323,,,-8.87e-05,,,,0.00519458,,,,,,0.02728662,-0.00047241,0.07327953,-0.05362437,-0.00140833,-0.1508785,-0.00142361,0.01109069,0.00294804,0.00471701,-0.00083593,-0.00423776,-0.00113022,,,-0.45248857,,0.00384404,-0.00254947,-0.00050819,-1.57835162,-0.56370484,-0.14745366,-0.01630266,,,,,,,,,,,0,0,,,-0.21188427,0.00066281,0.00329709,0.02816298,-0.03424522,0.01216052,,-0.00022285,-0.00857208,,0.00102726,,,,,-0.0018571,-7.315e-05,0.00067279,,,,,,,,,-0.00399275,,,,,-0.00110523,,-0.0002791,,-0.02329687,,,,0.00279234,0.55361981,0.08054775,0.37308644,,,,,0.02395746,1.93014521,0.04348909,,,
205,2019-12-31 00:00:00,1480.19772727,92451625.812646,2875.56699578,140883339443.42,-2.35351022,1.54381583,-0.7170686,0.51496142,0.13287593,,0.0925416,0.06082812,0.07425901,-0.00177984,,,,,-0.48314648,0.23989776,,-0.05395953,-0.13928319,0.07127367,0.01521851,,,,-0.024686,,-0.27,,-0.00019298,,8.20441608,-2.51128864,-5.24689027,1.17539943,-1.65321999,0.95611111,,,,,0.00181467,,,,,,1.91399866,,0.3534631,0.36536828,1.41463607,,,0.03330222,0.00283443,,,,1.2465978,,,,,4.30479166,0.06055025,0.04039491,0.62767493,-0.022687,0.56123787,1.16587576,0.38131235,-0.17992498,0.10574044,0.01751076,0.51970537,0.25231208,0.00423872,,,1.04051368,,0.02552835,0.48815094,0.04510947,0.17194741,0.0754512,-0.00402714,,0.12681007,-0.0037948,,0.07397783,0.05775968,0.02075559,-0.01460313,0.06357158,,0.0299684,0.10667217,,-0.00364259,,0.03228907,,0.02577367,-0.00157724,,,,,,0.00472545,,,-0.00021214,,,,0.00116559,,,,,,-0.07802988,0.00073017,0.02860241,0.13240798,0.01299411,0.2741447,0.00883663,0.02962968,0.06362175,-0.0027471,0.00125094,0.00045945,-0.00488668,,,0.15267799,,-0.00337139,-0.00151288,8.445e-05,-2.56616877,-0.63246171,1.74972047,-0.20943604,,,,,,,,,,,-0.1601,-0.0012,,,-0.0053542,0.03546177,0.00196939,0.02297704,0.01805733,0.03864054,,0.00185196,0.00612695,,0.00506056,,,,,0.00080466,0.00052253,0.00174595,,,,,,,,,,,,,,-0.11648756,,0.00108327,,-0.02565976,,,,-0.00377331,0.37615536,0.10254339,0.09634107,,,,,-0.82732294,-0.01534283,0.01764207,,,
206,2020-01-31 00:00:00,1559.03478261,94472119.440269,2938.41137239,149693830986.63,9.95527779,11.79815488,1.88849954,1.78218397,2.28532745,,0.1545373,0.00126689,0.12176611,0.6021143,,,,,0.18968242,-0.03100363,,0.03207762,0.40267402,0.0218592,0.02158789,,,,0,,0,,0.00012494,,17.16207496,4.7394871,-6.04896469,1.1072994,3.92447807,-0.11771865,,,,,0.00476972,,,,,,2.78199804,,0.57790286,1.02074311,1.14105511,,,0.07740344,-1.3602049,,,,0.97122772,,,,,2.74823702,1.26992895,0.02178508,1.23230808,0.25620963,0.26886063,0.31323234,0.51495933,0.35255935,-0.06248161,-0.04788613,-0.10482598,-0.04089085,0.03596578,,,0.21534846,,0.1459168,0.45861417,0.07271704,0.08514694,0.05721,0.27926956,,0.09196891,0.16347751,,-0.28930776,0.05293079,-0.0003679,0.06459854,0.04746792,,0.1431947,0.05015352,,0.07738271,,-0.00065115,,0.00075066,0.00185076,,,,,,0.01102797,,,-5.685e-05,,,,0.00128604,,,,,,-0.08103631,-0.00026206,-0.46685962,-0.07098238,-0.06800725,0.08282704,-0.00591954,-0.13764248,-0.03701782,-0.00935655,-0.0034799,-0.0011306,0.00164554,,,0.25109023,,0.00020516,0.00101374,-0.0005032,0.47626664,-0.01889844,-1.69585047,0.19384908,,,,,,,,,,,0,0,,,-0.25731766,0.05857046,0.0254935,0.03719714,0.07105228,0.29292559,,0.00577574,-0.01857433,,0.00160518,,,,,-0.00257978,-6.124e-05,0.00155329,,,,,,,,,,,,,,0.00075735,,0.00077053,,-0.02038526,,,,-0.00243591,0.43648518,0.11045403,-0.11298797,,,,,-0.12406461,-0.045694,0.28031335,,,
207,2020-02-29 00:00:00,1597.1025,97243370.164372,3024.60690491,156713931663.19,31.03742392,5.91642423,2.07421668,0.49297864,1.55332025,,0.20109341,0.13549798,0.51821919,0.92711148,,,,,-0.87294675,0.38516932,,-0.14055539,-0.0017048,0.01175638,-0.006564,,,,-0.012604,,0,,-0.00051495,,5.71227755,1.02591332,2.23247704,4.51703947,-0.25911255,-0.42858742,,,,,0.03129038,,,,,,3.75199737,,0.61019816,9.71086132,-6.53676916,,,0.01542354,0.2300502,,,,0.04749348,,,,,4.53472731,1.18436897,1.08136563,-0.24948022,0.4052013,-0.07513,0.37611267,1.98971003,0.67784974,0.2753945,-0.06453643,-0.07817787,0.1390608,-0.00125842,,,0.02109424,,-0.01081714,0.18649533,0.02579404,4.497e-05,0.04634451,0.12010136,,0.02656299,-0.25499215,,-0.01386299,0.14247409,-0.00950798,0.16362911,0.12728206,,-0.00160839,0.05496172,,0.09056385,,-0.00689668,,0.00277935,-0.00084738,,,,,,0.00964264,,,-0.00010068,,,,0.0043277,,,,,,-0.00322697,-0.00015303,-0.05448714,-0.01432474,-0.0073452,-0.06501423,-0.01332167,-0.00616337,-0.03793584,-0.00395204,-0.00026382,-0.00029074,0.16792002,,,0.16347467,3.60686918,-0.00178776,-0.00817138,-0.00260194,1.87522941,-0.19913107,0.21371497,1.13088189,,,,,,,,,,,0,0,,,1.28845553,0.12526579,3.29384773,0.14461645,0.11031464,0.02141712,,0.00414151,-0.01259064,,0.024,,,,,0.00047122,0.00184386,0.00081,,,,,,,,,,,,,,-0.00156776,,-0.00215267,,-0.04239928,,,,0,1.50750374,0.395992,0.11429307,,,,,-1.48042189,-0.01307943,0.17730546,,,
208,2020-03-31 00:00:00,1591.92727273,102126003.20938,3176.4737684,164360221392.77,32.73054309,13.21192191,4.11941813,4.53756323,0.11553253,,0.34055075,0.2126465,-0.13107568,1.29814236,,,,,0.73195309,0.07994273,,0.17546982,0.01198873,0.15185094,0.02174525,,,,0.037814,,-0.686,,0.0832669,,28.7889764,33.04907555,2.5960547,-7.61800181,-0.5381585,0.40923728,,,,,-0.03920146,,,,,,-0.75199947,,0.82731995,-11.6224628,11.35595212,,,-0.19428162,-1.02182415,,,,-1.33639962,,,,,16.34954565,2.92233326,0.35855818,3.31855035,3.49294206,-0.34338349,0.66347061,-1.34592425,1.10081606,0.09455507,0.18730304,-0.07884583,-0.02935601,-0.01713785,,,0.00821581,1.63274163,5.73e-06,0.1914089,0.13835698,-0.31423513,0.01706342,0.06665165,,-0.44530226,-1.38391248,,-0.12346365,0.41346102,0.04883764,0.04770877,0.02488986,,0.11768879,-0.00576627,,0.06828514,,-0.30071324,,-0.03197307,0.01506438,,,,,,0.0005819,,,-0.00020679,,,,0.00200637,,,,,,-0.10766014,-1.599e-05,0.2068035,-0.20797726,0.02159938,0.15344267,0.08383204,0.04718956,0.08881875,-0.00123703,-0.00035796,-0.00020658,0.00117942,,,2.10397617,0.22257108,0.00369417,0.00725224,0.00089965,1.57911604,2.75220251,-0.08914823,1.22285872,,,,,,,,,,,0,0,,,0.79052432,0.42445642,-0.75453478,0.19020004,0.19028231,0.23175094,,0.04777617,0.03958233,,0.007,,,,,0.00846003,0.0196057,0.01271709,,,,,,,,,,,,,,0.08510695,,-0.00237302,,-0.01530739,,,,0,1.42154404,0.75,0.09647253,,,,,2.4534463,0.15542572,-0.18248772,,,
209,2020-04-30 00:00:00,1682.72272727,107972458.89009,3358.31886685,183809936860.43,89.48887724,31.19482855,6.31988473,7.32156015,4.48550906,,0.65052703,0.39315533,-0.29153345,0.89551409,,,,,1.99063485,1.31932989,,0,0.11058585,0.21440579,0.17112853,,,,0,,-0.024,,0.00075611,,7.66926557,13.86283419,1.22461815,1.02162881,1.29483755,0.97072189,,,,,-0.00919728,,,,,,4.46899686,,0.56166979,-2.68653157,1.4042688,,,-0.03990079,2.31033138,,,,0.16635738,,,,,3.0531979,0.15174406,-0.02119723,-15.31870839,1.64784542,-0.65332294,0.06066676,0.29303547,0.37646185,0.16683768,0.08665369,0.19462443,0.13583066,0.01906566,,,0.05864037,2.36804648,0.00016983,-0.04249215,0.08112797,0.00472614,0.02465668,-0.00820698,3.93709371,0.40085204,-4.22972361,,-0.00643212,0.36681828,0.00431029,-0.09179567,0.11085368,,-0.00128344,0.02898713,,0.05567656,,-0.00246561,,0.00346019,-0.00105818,,,,,,0.00340995,,,1.959e-05,,,,-0.00063716,,,,,,-0.09289521,0.00097317,-0.09632685,-0.07325359,-0.10439612,-0.00262645,0.05229067,-0.00256023,0.08973149,0.00027201,0.00103026,0.00076933,0.01334948,,,-0.1862027,0.89035502,0.04359272,0.01669917,0.00010935,3.47979672,-1.72737566,-0.23839037,0.31550213,,,,,,,,,,,0,0,,,1.49506855,1.14903913,0.07131837,0.40319073,0.72099559,2.61557419,,0.0493771,0.08014512,,0.035,,,,,0.01218459,0.00975945,0.02943221,,,,,,,,,,,,,,0.0272964,,-0.00024162,,0.0045277,,,,0,0.36195468,0.42,0.18858144,,,,,0.81042727,1.2422258,0.02024394,,,
210,2020-05-31 00:00:00,1716.61190476,112956418.48207,3513.33733824,195191479135.84,66.62653074,19.54485828,1.51352806,5.27049875,4.09539778,,0.57279952,0.37626313,0.01245826,1.56068543,,,,,1.10817819,0.82205979,,0,0.28179379,0.11840926,0.26080901,,,,0.025513,,0,,0.00074784,,23.60921379,6.9058836,-1.17961458,0.05742866,0.08952511,0.0391048,,,0.00483744,,-0.01253702,,,,,,3.10299782,0.00964015,0.55404947,4.97988417,0.65796455,0.00492416,,0.04452052,0.39425818,,,,0.25593011,,,,,1.14914586,1.30101991,-0.13565491,0.72012475,1.30955556,-0.32916404,0.27155454,0.33763069,0.35959605,0.21494929,0.42037831,0.22822173,0.0346909,0.1376384,,,0.45098932,0.11862854,-0.01674717,0.17832846,0.02725791,0.05322776,-0.01441402,0.06235774,-0.03964023,0.05244839,0.03722145,,0.00704214,0.0369335,-0.00676251,0.00728627,-0.00466255,,-0.00033246,0.03943771,,0.01325163,,0.00265301,,-0.00703912,0.10627504,,,,,,0.0057226,,,-0.00014525,,,,-0.00046662,,,,,,-0.00349027,-0.00430357,-0.05463609,0.14025774,-0.00136618,0.03404475,-0.11774499,-0.05310807,-0.02819202,0.00282202,0.00097074,0.00313046,-0.00900974,,,-1.01400411,0.16020114,0.00942836,0.00995941,0.00100104,1.47127979,0.24931755,0.09291587,0.33553383,,1.4021449,,,,,,,0.81596535,,0,0,,,-0.00818912,0.8439561,0.23766039,0.30370956,0.44199954,-1.96057628,,0.05664457,0.02014389,,0.061,,,,,0.00137957,0.0085635,0.01528398,,,,,,,,,,,,,,0.08585596,,-0.00159849,,0.01835417,,,,-0.02954822,1.00575484,0.22,0.17769252,,,,,1.1847178,-0.02757164,0.0830405,,,
211,2020-06-30 00:00:00,1732.21818182,116053306.54392,3609.66132413,205322075223.22,55.73471435,14.15629319,5.29362887,2.42669326,1.75985887,,0.66565005,0.21248789,0.0337316,0.92565927,,,,,1.1026403,0.50431612,,0,0.26411494,-0.00984521,0.04349101,,,,0,,0,,0.02838984,,1.13318117,-4.19046638,-0.86712001,2.06573098,-1.07402217,0.36925103,,,0.04856674,,0.00967211,,,,,,5.13499639,-1.43e-06,0.54333525,-1.67608495,-0.65876233,0.49805817,,0.0949132,-1.83699956,,,,0.34278074,,,,,10.29891229,1.32180034,-0.31149971,-0.82163327,0.0449711,0.5839387,1.94218247,0.91497287,-0.04971682,-0.00180991,0.12839033,-0.22946439,0.15802822,-1.09055596,,,0.28576926,0.18724048,0.00250015,0.22424866,-0.00661617,0.6039388,0.02076945,0.00717721,0.34779218,0.04310862,0.00026808,,0.02856604,0.00288953,0.00135155,0.02929441,0.03363192,,-0.00036299,0.11530209,,-0.00013653,,0.01078405,,0.06898468,0.00256047,,,,,,0.00381566,,,-0.00012018,,,,0.00038404,,,,,,-0.00400795,0.00030612,-0.44127391,0.0321601,0.00882421,-0.13024147,-0.00500593,0.01251656,0.00435628,0.00423918,0.00070016,0.00010427,0.00876254,,,0.22435094,0.06770106,0.01448487,0.00040123,-0.00010163,-2.02478935,0.24640999,0.05763477,-0.27178526,0.4896501,-0.74723296,,,,,,,-0.23140782,,-0.1903,-0.0027,,,0.36716067,-1.04167609,-0.23853325,-0.29936144,-0.13129165,-0.19370606,,-0.05245221,-0.16729072,,0.022,,,,,-0.0192757,-0.01369289,-0.02239639,,,,,,,,,,,,,,0.02731906,,0.00107939,,0.00041285,,,,-0.07846186,0.90248427,0.33,0.22621402,,,,,0.54750809,0.09686472,0.1383521,,0.74,
212,2020-07-31 00:00:00,1843.31304348,121542641.39625,3780.39872319,238918532677.03,63.04180094,35.52978558,6.93501244,3.11904422,2.62711446,,1.09151171,0.62353895,0.078565,1.76100942,,,,,1.56882871,1.18535294,,0,-0.00948702,-0.01695249,0.05494331,,,,0,,-0.014,,0.02445419,,9.89483918,11.77255589,-1.84445979,0.05872963,-0.59108802,1.2592315,,,1.4386047,0.0115714,-0.00638013,,,,,,5.31999626,0.42162431,0.30482215,-0.22122593,4.69082071,0.25529302,0.21386478,-0.05706938,0.30951821,,,,-0.63586831,,,,,2.71813826,0.41388435,0.13320848,1.14240283,0.82185862,0.26994112,0.60804254,0.82315818,0.05286869,0.10660578,0.52191322,0.57519964,0.29584987,0.00823434,,,0.17374315,0.03297264,-0.01445495,0.48761559,0.0568292,0.20361594,-0.00619729,0.09070972,-0.03904473,0.01915368,0.13982964,,0.07143519,-0.17313272,0.04028012,-0.00747094,-0.01892961,,-0.00031823,0.11172351,,-0.0816311,,0.02695749,,0.00611191,-0.00198176,,,,,,-0.00049214,,0.13606904,-0.00017939,,,,-0.00029168,,,,,,-0.00433453,0.00088194,-0.13635763,0.29060831,0.03719631,0.25638138,0.05139475,0.01291108,0.04690698,-0.00126847,0.00152674,0.00932111,0.02051057,,,0.65636739,0.58978196,0.00211616,-0.0011969,0.0013033,0.59835548,-0.13389698,0.10456522,1.82037865,0.05632115,-0.27646862,,,,,,,-0.3120408,,0,0,,,1.67612469,0.55860758,0.09258706,0.32093868,0.36981327,0.21332092,,0.05313398,0.00216687,,0.026,,,,,0.00022876,0.00988658,0.02256133,,,,,,,,,,,,,,0.22900556,,0.00160432,,0.04401038,,,,,1.43860213,0.342862,0.48721263,,,,,1.16420819,0.19423084,0.15979986,,-0.22244,
213,2020-08-31 00:00:00,1968.03095238,122765524.69324,3818.43464541,240372535605.12,9.50416159,13.91745735,4.63947742,1.80049845,3.0451338,,0.74269491,0.42347713,0.69962819,1.23448885,,,,,1.45658397,1.00446416,,0,0.26853074,0.07256567,0.09867992,,,,-0.000311,,-0.206,,0.01264204,,-1.54461894,5.13433033,-0.86822229,-0.5954284,-0.52088523,0.31139247,,,0.32185798,0.08925926,0.03204815,,,,,,-4.99299649,0.02643805,0.38278703,-1.32865714,-7.4824638,0.02519809,0.02559346,-0.03053758,0.58445029,,,,-0.12353812,,,,,-1.29204588,0.4624979,0.13866419,-0.18669137,-0.15304637,-0.28151823,-0.20122211,0.74255041,0.27057308,0.28694613,0.05033617,0.1971664,0.08050296,0.12311323,,,0.24969151,0.01142016,0.00622498,0.0150241,-0.01082889,0.75700179,0.00649051,0.02958852,-0.16810424,0.11027168,-0.17460315,,0.01559539,-0.00758859,0.00845777,-0.48013365,0.01076121,,-0.00032437,-0.28766355,,-0.00502508,,0.00586584,,0.03271837,0.00232985,,,,,,0.01128168,,-6.373e-05,-3.359e-05,,,,-0.00032951,,,,,,-0.08310692,0.00034764,-0.05480772,0.00539787,-0.00400509,-0.70417322,0.0120012,-0.00140167,0.01519276,-0.00234596,0.00084672,0.01679522,0.00384162,,,0.21056369,-0.04038347,0.00663039,0.00101084,0.00126465,1.15592421,2.82115233,0.11318064,-0.02639709,0.00883682,-0.06289679,0.89652238,0.80551729,,,,,-0.03606536,,0,0,,,-0.00595531,0.82111398,0.15447571,0.33437796,0.39090645,0.29669007,,0.09997379,0.04546614,,0.039,,,,,0.01476129,0.01490719,0.02118837,,,,,,,,,,,,,,0.17132474,,0.00312102,,0.14993003,,,,,1.3165012,0.386238,0.48008077,,,,,-0.67270482,0.11394615,0.26510468,,0,
214,2020-09-30 00:00:00,1922.21363636,125178120.34599,3893.47475825,236315452783.07,17.39307751,12.80204776,2.77953972,0.51294468,0.05362795,,0.01430797,0.39036479,0.26149617,-0.01861631,,,,,-0.01027063,0.41324906,,-0.06394907,0.01786321,-0.00740227,0.00128111,,,,0.012755,,0.169,,0.01129654,,15.91464064,12.28687074,-5.60189879,1.49913081,-1.17285912,-1.03391488,,,6.057e-05,0.4395852,-0.04360626,,,,,,-0.74799947,2.54387097,0.2562728,-0.35941308,1.45709992,1.12639987,2.82171004,-0.00693717,-2.07964255,,,,-0.13321034,,,,,2.39467146,-0.2616577,0.09693133,1.50431529,0.55119844,-0.1527744,-0.04688028,0.81283279,0.06544213,0.45513523,-0.11335435,0.01704364,0.0186082,0.0276124,,,0.05193165,0.0208453,0.00132805,-0.07386413,-0.01730454,0.04868084,0.02482446,0.03199696,-0.15135981,0.29893897,0.05616663,,-0.04387356,0.16351674,-0.01452484,-0.01890195,-0.28455598,,-0.00040304,-0.00739164,,0.0052271,,-0.01659455,,0.53259841,-0.00238971,,,,,,-0.00379852,,0.1067706,-0.01258234,,,,0.00013505,,,,,,-0.09253249,-0.0006806,0.02867146,-0.15954805,-0.06529469,-0.1838246,-0.03377667,-0.02383444,-0.05337958,0.01028004,-0.00308785,0.00696753,-0.10355587,,,0.31206765,0.49635065,0.00461038,0.00999585,-0.00117924,-0.52171332,1.24695511,-0.04475175,0.32229812,-0.03030362,0.02086243,-0.09224184,-0.02647341,0.17,4.13904152,,,-0.0180824,,-0.2914,-0.0044,,,0.69438137,0.10360692,0.37944875,0.03403796,0.0839614,0.0546067,,0.00456426,-0.0179164,,0.022,,,,,-0.00436326,0.00092927,0.00289178,,,,,,,,,,,,,,-0.00122002,,0.00018442,,0.05521431,,,,,0.69220255,0.0561,0.09958542,,,,,-0.32396377,0.20825262,-0.08574518,,0,
215,2020-10-31 00:00:00,1900.275,125873174.76772,3915.09336731,236989183678.76,-11.2210759,8.98571768,2.50016354,1.2551235,-0.27533748,,0.24657169,0.22514007,0.11748228,-0.31231389,,,,,-0.0328257,0.35425887,,-0.04300589,-0.01932363,0.03116799,0.05073921,,,,-3.8e-05,,0,,-0.00050001,,0.03833228,3.00028515,-0.07298434,1.73405405,0.01709867,10.19501229,,,0.1852841,0.02397576,0.03860945,,,,,,2.03599857,0.44515646,0.21724972,0.62307038,0.75526875,0.5051032,0.13422361,-0.05972852,-1.62641579,,,,-0.03475144,,,,,-2.72346396,0.65719114,0.1285791,0.56722324,0.429846,0.32658334,0.57995176,1.29535406,0.35162108,0.33489127,0.12877141,0.07135149,0.2120804,0.04815792,,,0.24928033,0.0725112,-0.00625011,-0.04168853,0.14108488,0.09024834,0.01308059,0.03563545,-0.01455376,0.33775682,0.01685393,,0.00670813,0.02412738,0.00036712,-0.00613547,-0.00288608,,-0.00066161,0.16315307,,0.02971908,,0.00252211,,0.40379716,-0.05265656,,,,,,0.01257072,,-0.06413963,-0.00016449,,,,0.00036975,,,,,,-0.00367997,5.836e-05,0.00184477,-0.09685917,0.00641523,0.10646663,-0.02227275,0.00329489,0.13761195,0.00166964,-0.00601222,0.00108214,0.00681447,,,0.31280386,0.45389744,-0.0010428,0.00815463,0.00136257,0.61026111,0.24334118,-0.0328982,-0.04534957,-0.02432158,-0.09281458,-0.053109,-0.05110998,0,-1.88715658,,,-0.00610832,,0,0,,,0.40296469,0.24453451,0.03893286,0.03414303,0.13439503,0.1151735,,0.01652804,-0.01015211,,0.012,,,,,-0.00175834,-0.00049489,0.00264404,,,,,,,,,,,,,,-0.00144705,,0.00202455,,0.00563557,,,,,0.41774139,0.0741,-0.01715564,,,,,-0.78961101,-2.32093188,-0.14857613,,0,
216,2020-11-30 00:00:00,1863.49285714,122236102.1418,3801.96776338,215683863465.27,-62.89652158,0.77199527,-0.72213416,2.06194439,-0.18576441,,0.40149266,0.1499066,0.09737278,-2.19867058,,,,,0.02675598,0.0707146,,0.08683582,-0.00645672,0.06510265,0.01663112,,,,-0.025397,,-0.013,,0.00180289,,-13.39872439,-2.18969989,-13.81908484,2.3363224,-3.91610802,1.73842579,,,0.21737976,0.02270183,-0.00947198,,,,,,-2.7099981,0.24420428,0.28789871,-2.63444243,-2.72977647,0.14331044,-2.47020203,0.01053295,-0.98000857,,,,0.07660282,,,,,-6.4190098,-0.63445356,0.12526079,0.29593144,-1.23464503,0.25659682,0.35976823,0.52974581,-0.31774381,-0.06189236,0.24555417,0.11291371,0.33857357,-0.0085304,,,0.1279184,0.16445807,0.12977623,0.21986421,0.00330074,0.05652127,0.01752091,0.05596762,-0.00050428,0.01548527,-0.15085808,,-0.10120743,-0.00708268,0.0108214,-0.17657041,0.04302067,,-0.00037393,-0.00377159,,0.02028598,,-0.20819385,,-0.21131117,0.02327078,,,,,,0.01332942,,0.00570884,-0.00014676,,,,0.01043552,,,,,,-0.03619988,0.00022649,-0.03651566,0.31955319,0.00236035,0.10686293,0.02357997,-0.02527147,0.04850012,0.00557902,-0.00427458,-0.00811464,-0.07273367,,,-0.552,-0.17246931,0.00199648,0.00414535,0.00114878,-0.96770121,0.39757576,0.04576935,-0.08793006,-0.02518287,0.01640562,-0.04817154,-0.05180921,0.105,-1.88888494,,,-0.00826065,,0,0,,,0.49185441,0.02757426,-0.61128361,0.07532421,0.15407295,0.11756273,,0.0371474,0.01241854,,-0.0038,,,,,9.711e-05,-0.00153836,-0.00191158,,,,,,,,,,,,,,-0.00140862,,0.0023107,,-0.03676051,,,,,0.16764235,-0.107574,0.21820958,,,,,-1.45832248,-0.95560891,0.09197358,,-0.0049747,
217,2020-12-31 00:00:00,1859.64782609,121147734.85538,3768.11575677,229254071873.78,-24.00886871,-2.87900539,5.56502042,-0.39046824,-0.35629269,,-0.28004924,0.22725157,0.17102741,-0.49727572,,,,,-0.12737357,-0.53252797,,-2.03223227,-0.54110953,-0.00287556,-0.0201725,,,,0,,-0.012,,-0.00269745,,-3.61421419,-1.03820566,-1.26242175,-1.49986275,-0.74633647,1.12576293,0.17577387,,0.16179136,0.01001207,-0.00181761,,,,,,-3.7019974,0.75313827,0.17362298,0.21894606,1.99862296,0.08277952,0.24289943,-0.15522482,-0.68206301,,,,-0.00900908,,,,,-0.56479958,-0.89911295,0.20927133,-0.4600438,-1.47935899,0.84817013,0.53291223,0.371167,-0.61540372,0.03401168,0.1219899,0.26637638,-0.17971277,-0.84399791,,,-0.0740331,-0.02102684,-0.01072841,0.12581268,-0.08938449,0.46613496,-0.01340917,-0.0217734,1.1029291,0.51147975,-0.08410417,,0.04223124,0.05487282,-0.01662275,-0.0642377,-0.03748037,0.32176087,-0.00035141,-0.02600432,,-0.01701776,,0.01241171,0.01301096,0.07628015,-0.00166391,,,0.02128839,,0.22031396,0.01120243,,4.96e-05,-4.441e-05,,,,-0.00023787,,,,,,-0.36960676,0.00051621,-0.29157673,0.10108404,0.02447102,-0.04502692,0.09555196,0.00773377,-0.14371416,0.00409826,0.00104562,-0.00658305,-0.10894757,0.65117993,0.8189591,0.59,0.12214875,0.00381347,-0.00374579,0.00011815,-1.92463024,-0.10569811,-0.12036702,-1.03990766,-0.036,0.009,-0.079,-0.05480564,-0.027,-0.024,,,0.003,,-1e-05,-3e-05,,,0.39008335,0.3581498,0.22913537,0.1016817,0.09843568,0.07541544,,0.04728136,0.01630209,,0.022353,,,,,-0.00082446,0.00290952,0.00861282,,,,,,,,,,,,,,-0.00182182,,0.0009110500000000001,,-0.09561796,,,,,0.01426394,0.186532,0.24085313,,,,,-0.08556912,0.28197212,-0.15081099,,0,
218,2021-01-31 00:00:00,1868.13333333,121727188.29152,3786.13877326,227073079595.17,-10.58796377,1.73654275,3.11721174,0.32479742,0.70270976,,-2.10693216,0.11765684,0.42186406,0.64666619,,,,,0.05948055,-0.24292678,,-0.07176917,-0.13509009,0.04348988,-0.27894754,0.02177162,,0.06821421,-0.02516246,,0,,-0.00295141,,3.51179806,6.9297573,-1.03579584,-0.20816805,-1.01424672,1.38851879,-2.204e-05,,0.07937276,0.00392653,-0.00199471,,,,,0.26404412,1.16099918,0.30814301,0.54794052,-0.02192297,2.10466026,-0.05918202,2.48278822,-0.00943268,-0.38082869,,,,-0.00419414,,,,,4.60731618,0.15751288,0.1376742,-0.0054959,-0.11750965,-0.02639804,0.03295229,0.65783363,0.06542327,0.13036627,-0.04158483,-0.15832726,-0.01236405,0.41432839,,,0.10835626,0.02851206,0.00870723,-0.03747505,0.00453468,0.01230232,0.02931885,-0.11373881,0.01972429,0.11989395,0.03238123,,-0.01808113,0.02608939,0.00180265,-0.82697063,0.14032259,0.05434138,-0.00034279,0.03467635,,0.01306851,,-0.00507916,0.00242263,0.35212274,0.00041781,,,0.01396094,,0.0632355,-0.00726793,,0.00129177,-0.00016283,,,,0.00145514,,,,,,-0.11323653,-0.00033109,-0.0127781,-0.16585422,-0.00563117,-0.17322468,0.01482116,-0.00929471,0.00654742,-0.0014496,0.00301656,0.00241764,-0.25359097,0.03492759,0.05940038,0.07,-0.10515796,0.00520395,-0.00097139,6.416e-05,-0.50071299,-0.24487802,-0.07065768,-0.4250868,-0.036,-0.045,-0.072,-0.04250706,-0.039,-0.042,,,-0.003,,-0.08309,-0.00127,,,0.9941189,0.28028953,0.07108529,0.19153624,0.1761176,0.02423557,,0.02983253,-0.00492465,,0.01984179,,,,,-0.00242494,0.0030575,-0.00057681,,,,,,,,,,,,,,0.05700826,,0.00217691,,0.00798469,,,,,0.40247208,0.02678088,0.05552838,,,,,-0.16808163,2.20080885,0.15010378,,0,
219,2021-02-28 00:00:00,1808.175,119102475.04275,3704.5010657,207858190182.91,-66.55727684,-7.1591679,2.34236996,-0.16252578,-0.36443911,,-0.37243913,0.49560922,0.51537882,0.3836728,,,,,-0.06,-0.21603843,,0.02188615,-0.00708533,-0.00811054,-0.03137569,0.77738705,,0.03794433,0,,0,,-0.02371295,,-5.09295447,-8.57357048,-1.69020773,-0.17977183,-2.69479994,1.01388412,0.17619743,,0.22139584,0.02226853,0.03023532,,,,,-2.908e-05,2.74999807,-0.09683784,0.40413346,-1.86700216,0.21440362,-0.29597566,-0.02140051,-0.05947966,-0.39191447,,,,-0.50054736,,,,,0.2289582,-0.59180677,0.06014371,-0.12663315,-0.42943479,-0.40434972,-1.80912109,-0.19565156,-0.1893642,-0.25407739,-0.04646119,-0.0200268,0.02929766,-0.00128755,,,0.07983053,0.03266733,-0.00824557,-0.09865438,-0.04492006,-0.03278001,0.00793093,-0.02724585,-0.01120279,0.16407434,0.00427358,,-0.16528816,0.13026098,0.00580961,-0.34118077,-0.08334059,0.01694658,0.12008114,-0.06652182,,-0.0103377,,-0.01391652,0.00122917,0.14115422,-0.00047731,,,0.03176293,,0.03614863,0.00587968,,0.03675749,-5.977e-05,,,,5.514e-05,,,,,,-0.04608392,-0.00057084,0.04072709,-0.05604603,0.00276018,-0.35712676,0.00513556,-0.02085797,0.02594381,-0.00186328,-0.00091635,-0.00043629,-0.00162338,0.06804342,0.00816983,0.01,-0.1623346,-0.00056286,0.00017253,0.00074918,4.76607422,2.181381,-0.05326765,0.98422701,-0.009,0.006,-0.048,-0.05183498,-0.015,-0.024,,,0.018,,0,0,,,0.99279044,0.48666475,0.15426758,0.09829077,0.18658497,0.07067021,,0.05773685,0.02902284,,0.01665338,,,,,-0.00048012,0.00228375,0.00676699,,,,,,,,,,,,,,0.22903132,,-0.00144159,,0.01058478,,,,,0.02506156,-0.09149085,-0.07796075,,,,,-0.41315611,0.01445653,0.15711805,,0,
220,2021-03-31 00:00:00,1718.22826087,115484850.23658,3591.98035658,195479788830.91,-56.06782561,-15.70703279,1.00942782,0.42252578,-2.30776678,,-0.00092442,-0.00534714,0.26229587,-0.82207497,,,,,-0.13,-0.79585461,,0.10361623,-0.12089694,0.05825912,-0.16232047,5.44702202,,0.00108348,0.01554238,0.01554024,0,,0.01500331,,-8.20137499,-11.91227635,-5.70166548,1.91693447,-6.74939517,-1.14631414,0.00928,,0.00047622,-0.00723415,0.06255026,,,,,-3.324e-05,0.82099943,2.01552174,0.92593881,-3.61333127,-5.40310069,-0.08678345,-0.67950809,0.195283,-0.3149185,,,,-0.11340668,,,,,-4.6450681,-0.09213653,0.1174045,-0.37816538,-1.07022433,-1.36739143,-1.26964496,-0.54616315,0.07794145,-0.41050937,-0.29911511,-0.69544358,0.01322995,-0.21578233,,,-0.28596501,-0.29191022,0.01013236,-0.37049685,-0.05394104,0.63494547,0.02466818,-0.04484854,0.02213629,0.4155101,-0.02622753,,-0.0685632,-0.36677948,0.00082714,-0.06948459,-0.00755936,0.01635076,-0.00043275,0.18245266,,-0.01138679,,-0.02147376,0.00117219,-0.04274814,0.00105268,,,0.00557294,,0.01528307,0.00685839,,-0.00922519,-0.00013983,,,,0.00113018,,,,,,-0.10679982,-0.00081567,-0.04549504,-0.28140984,-0.02806417,-0.40398657,-0.03243006,-0.02901574,-0.08973721,0.00729585,-0.0017509,0.00131268,-3.495e-05,0.02893199,0.01712155,-0.47,0.12227065,0.00070774,-0.00105022,-0.00105216,1.25205169,2.51278345,0.07203663,1.48745834,0.033,0.021,-0.07,-0.00086268,0,0.003,,,-0.009,,0,0,,,0.59011052,0.31221057,0.30707273,0.43472586,0.17903007,0.17228708,,0.07313973,0.05428257,,0.02863583,,,,,0.0003778,0.00448493,0.0016453,,,,,,,,,,,,,,0.05558849,,-0.00228914,,-0.0734202,,,,,-0.05632754,-0.11091973,-0.15806588,,,,,-0.30516547,0.06000968,-0.26675857,,0.0574147,
221,2021-04-30 00:00:00,1758.43863636,114970862.42877,3575.99354874,203503278960.3,-20.43023101,-8.20372116,1.2893469,0,-0.69304107,,-0.00051506,0.00064526,0.25325205,0.24462383,,,,,-0.03,-0.1767569,,-0.05895552,0.00337987,0.04388776,-0.02681482,-0.62881519,,0.00250954,-0.01529592,2.25e-05,-0.0127,,-0.00163208,,2.18878299,1.09285412,-3.39423275,0.89728256,-0.34210341,-0.1526053,1.65747639,,0.12667085,-0.06443963,-0.0895372,,,,,-3.203e-05,4.62199675,18.5941262,1.30782621,-9.89128989,-9.68998927,6.56106204,-0.28872272,-0.08768702,-7.94462699,,,,-0.33128628,,,,,3.76802617,-0.01648144,0.26901906,0.17538333,-0.36679339,1.08140182,1.0032154,-0.02917636,-0.0221619,-0.04989958,-0.00217353,0.02107597,0.34278152,-0.05715128,,,0.30880655,-0.0338089,-0.00718643,0.36320491,0.01013692,0.08460917,-0.00434313,-0.03742201,-0.02559408,0.17399335,0.02687144,,0.05533281,-0.11432654,0.0006326,-0.00211502,0.0074239,0.02244192,-0.00039079,0.12865654,,-0.02664976,,0.01731334,0.00228074,-0.03036728,-0.00074824,,,0.00087665,,0.01723217,0.00143621,,0.00526798,-0.0001297,,,,0.00046464,,,,,,-0.00349879,-0.00280024,0.08791376,0.11174162,0.01592029,0.19602787,-0.01261524,0.03166517,0.03867722,-0.00466185,-0.00319568,-0.00379856,0.16787411,-0.01383843,0.03145357,0.4,0.06890561,0.00741599,0.00327636,0.00092107,-1.58631508,-0.11903591,-0.15197331,-0.13110371,-0.018,0.033,-0.025,-0.00966704,-0.003,-0.003,,,-0.009,,-0.0619,-0.0024,,,0.19086011,0.25492727,0.70923481,0.15521507,0.06770672,0.12878409,,0.01855393,-0.00300379,,0.00581041,,,,,-0.00101641,0.0051422,0.00120816,,,,,,,,,,,,,,0.02661304,,0.00161242,,0.01064398,,,,,0.34997698,0.06135304,0.00498397,,,,,-0.05998941,-0.27783474,-0.05925884,,0,
222,2021-05-31 00:00:00,1851.37380952,116934687.91434,3637.07534911,222412607319.59,26.20233583,4.82699197,1.5375921,1.14,0.44277972,,0.13032814,0.24000203,0.05831733,-0.00241167,,,,,-0.18,0.17464714,,0.02387464,-0.1373376,0.02355069,0.00238139,0.04276333,,0.0017449,0,0.02488889,0,,0.00047868,,8.58738671,6.41164826,-0.93059856,0.83539093,0.07869285,0.62075396,0.38895016,,0.14363845,0.05545014,0.02552644,,,,,-2.982e-05,5.70899599,6.33577689,0.55095799,-5.46971611,-3.20247219,3.92117542,-0.00988967,0.02535606,-0.17832134,,,,0.20297388,,,,,4.76809823,0.09341504,0.08840488,-0.18680618,-0.07030769,0.34753749,0.60235729,0.21116336,0.01751029,-0.02583284,-0.048071,-0.15178629,0.23281304,0.02919355,0,0,0.11159616,-0.03417833,0.01179636,-0.06219439,0.01494313,0.05774101,0.00379099,-0.02257525,0.03476836,0.10533431,-0.00063664,,0.02382895,-0.00086104,0.00918237,-0.03904051,-0.00630455,0.00742219,-0.00435404,0.09975151,,-0.02499627,,0.00745299,0.002099,-0.06882485,9.352e-05,,,0.00517848,,0.01749183,0.00570683,,0.00292113,4.02e-05,,,,0.0009125,,,,,,-0.07704941,0.0003063,-0.08671167,0.00934232,-0.00056422,0.02067761,0.02006235,0.01090567,0.03296355,-0.01928724,0.00046824,0.00045219,0.00016518,0.00738899,0.04001621,0.72,0.16765044,0.00029522,-0.00096741,-0.00036054,-1.16860785,-1.73618662,-0.02409029,-0.6257945,-0.03,0.003,-0.008,-0.02356284,-0.009,-0.006,,,-0.006,,0,0,,,-0.00674602,0.01188066,-0.29253185,0.03531689,0.24779482,0.03464102,,0.03553582,-0.01070569,,0.01077333,,,,,-0.00154291,-0.00036379,-0.00173841,,,,,,,,,,,,,,-0.00058,,0.00349283,,0.00345649,,,,,0.55129639,0.04752721,-0.23225375,,,,,0.13463535,-1.48818633,-0.03176244,,0,
223,2021-06-30 00:00:00,1834.56590909,116794569.32078,3632.71717369,206112818214.51,2.51868743,4.26554083,0.97720017,0.98,0.08324273,0.15550768,0.38585181,0.10586045,0.48230939,-0.92980985,,,,,0.01,-0.22078495,,-0.01344295,-0.14435232,-0.0239261,-0.04766448,0.98736589,,0.37278044,-0.00601672,0.02468126,-0.0127,,3.885e-05,,-8.8935614,-4.29770096,-0.63599689,-1.22542925,-0.25108047,-0.42526635,0.10623686,,0.08060967,-0.05796946,0.04443417,,,,,-3.566e-05,1.17499917,1.56715079,0.51969094,-1.82960767,-2.48588969,2.69991798,0.20470046,-0.03656257,-0.3050527,,,0.12749488,-0.13485027,,,,,1.42107898,0.39403323,0.07068464,0.20499131,-0.28286663,-0.85801375,-0.57707441,-0.48621604,-0.26845415,-0.25390493,-0.33225012,-0.00786411,-0.21242186,0.04272278,0,0,0.04225009,0.04780744,-0.00983205,0.20393772,0.00375569,-0.09339215,0.02215728,-0.03550817,-0.02457564,0.03483591,-0.00679838,,-0.05770123,-0.05918969,-0.01073724,-0.13807083,0.00240326,0.00035404,-0.00044117,0.37286391,,-0.0025999,,-0.01807987,0.00017438,0.03791729,-0.00038683,,,-0.00081892,,0.02499014,-0.00170955,,-0.00917516,-0.00013767,,,0.00577914,0.00095321,,,,,,-0.10659398,-0.00073376,0.00066555,-0.3069596,-0.0337494,-0.41788603,-0.1414186,-0.01232204,-0.00267957,-0.00455542,-0.00162631,-0.00392331,-0.00133445,-0.00157874,-0.01258715,0.34,-0.14906457,-0.0036213,-0.0025508,-0.00050639,0.52801723,0.92181955,0.03149994,0.56115096,0.024,0.015,-0.023,-0.0208854,-0.015,0.009,,,-0.003,,0,0,,,-0.71127891,0.34155281,0.16239186,0.15281822,0.21226636,0.08434086,,0.03310307,0.0136679,,0.00713502,,,,,0.00122181,0.00106776,0.00265981,,,,,,,,,,,,,,-0.00173009,,-0.00365125,,-0.01959971,,,,,0.28089531,0.08464691,-0.25777175,,,,,-0.15617474,-0.61537223,-0.16801198,,-0.05,
224,2021-07-31 00:00:00,1807.09318182,117202109.33837,3645.39308516,214210079777.09,-14.30030157,-5.34219325,0.45310905,0.12,-0.00580145,9.8120429,0.15372639,0.33473825,0.3675037,0.27546929,,,,,0,0.04216899,,-0.03698951,0.00656685,0.00026857,0.01973575,0.12351795,,0.09245728,-0.05398328,0.11210965,-0.0125,,0.01032932,,1.05735942,5.34827292,-0.96656752,0.96007323,-0.51228986,0.14267492,0.0866936,,0.20115275,0.02864921,-0.05228767,,,,,-3.072e-05,3.40599761,0.93786402,0.50456455,0.05301003,1.28086688,-0.51867704,0.18167092,-0.01394285,-0.15114324,,,0.01344906,0.02480386,,,,,1.01508597,0.3681354,0.18772703,1.77234228,0.0606335,0.68784691,1.08772275,0.08272945,0.01334018,0.10630666,-0.00115948,-0.04280147,0.476732,0.06448997,0,0,0.21165841,-0.12491236,0.00284646,0.08241263,-0.14753044,0.18793511,0.02035577,-0.00929508,0.24757559,0.04472979,-0.03779671,,0.03632524,0.37297106,0.00235398,-0.02192385,-0.03617929,0.01178259,-0.00038623,0.11847613,,0.00018591,,0.01142153,0.0012092,0.32086235,0.00017713,,,0.000128,,0.00374795,-0.00208896,,0.00101845,-0.00014465,,,0.00011617,0.00079386,,,,,,-0.10357667,0.0003998,-0.23778134,-0.06422646,-0.00426507,0.1394841,0.06271931,0.01753981,0.04409999,-0.00012474,0.00060927,6.68e-06,0.0002591,0.00341225,0.03036462,0.25,-0.03964437,0.00258151,0.00207747,-7.65e-05,-0.67864357,0.05289609,0.01071036,1.57233842,-0.003,0.024,-0.002,0.00452814,-0.009,0,0.16216918,,0.012,,-0.0432,-0.0022,,,0.19489213,-0.05178956,-0.37997871,0.00934439,0.13846626,0.04977554,,0.01077038,-0.01704085,,0.00654254,,,,,-0.00100868,-8.694e-05,-5.396e-05,,,,,,,,,,,,,,0.02776449,,-0.00043141,,0.01074197,,,,,0.26598875,-0.02809947,-0.13902837,,,,,0.05982551,-0.00197404,-0.04526173,,0,
225,2021-08-31 00:00:00,1784.62954545,116428943.80231,3621.34494887,211519656526.22,-31.1991102,-3.77925397,1.37963735,0.8,-0.21522137,0.23263141,-0.00099829,0.117485,0.24870917,0.27517414,,,,,0,-0.13253502,,0,-0.00103615,0.00139652,0.01364626,-0.00099651,,-0.05080135,-0.03,0.00621853,-0.0251,,0.00103082,,-1.42771063,9.16395609,-0.31066582,-1.00563206,-0.04441091,-0.30326198,0.04626245,,0.02070132,-0.0066985,-0.07286651,,,,,-3.144e-05,2.66099813,0.13928498,0.56531118,-0.48659971,0.16550018,0.14786902,0.0905889,-0.02852524,-0.15872988,,,0.02503999,-0.07917879,,,,,0.62583976,0.31211248,0.10544851,0.26488524,-0.10359934,-0.06877519,-0.23934463,0.04728692,-0.22750014,-0.02584127,-0.04214869,0.11236789,0.20204778,0.03011791,0,0,0.06336422,-0.00392002,0.0364151,-0.03052464,-0.00664762,-0.00206698,-0.01063382,-0.04332209,0.00147981,0.04758927,-0.04975944,,-0.07069302,-0.04889963,-0.00390486,-0.00012227,0.01414738,-0.00239747,-0.00041705,-0.56292623,,0.01140825,,-0.00695022,0.00223243,0.00052857,-0.03590854,,,0.00071033,,0.01489802,-0.01000812,,0.53359901,-0.0002118,,,-7.342e-05,-0.0001068,,,,,,-0.11531889,-0.00024039,-0.61182722,-0.02759865,-0.00363296,-0.157899,0.00112227,-0.01039523,-0.01085422,-0.00358493,-0.00128509,-0.0003324,-3.545e-05,-0.00221824,-0.00700076,-0.87,-0.08794925,0.00322598,0.00040795,-0.00058168,0.02825574,0.50625424,-0.02110637,0.34724055,0.009,-0.018,-0.031,-0.03827189,0.021,-0.027,-0.0600872,,-0.024,,0,0,,,-0.0108927,0.05924706,-0.33531822,0.04997784,0.13927173,0.09921577,,0.00740764,-0.00558874,,0.00359057,,,,,-0.00090252,-0.00089389,0.00217494,,,,,,,,,,,,,,0.00100908,,-0.0002927,,-0.00087501,,,,,0.11122193,-0.09156143,0.00975753,,,,,0.03465319,-0.45608694,-0.03639102,,0.015,
226,2021-09-30 00:00:00,1777.25227273,115836210.91889,3602.9088954,202074007936.12,-10.22870704,2.3819284,0.14264593,0.18,-0.09534377,0.63687397,0.50932756,1.02865324,0.45150625,0.22886767,,,,,-0.04,-0.15722657,,0.01387398,-0.00833907,0.03111993,0.00594509,-0.40480957,,-0.13971521,0,0.01196096,0,,0.0013707,,-6.26318039,-1.5300798,-1.13044767,-1.23394981,-0.31514082,-2.32748778,0.03073802,,0.08430295,0.02286009,0.10479521,,,,,0.01861664,0.83599941,1.64982333,0.39188584,-0.66450269,-2.53257005,-0.55352072,0.01435658,0.11655375,-0.03798546,,,0.01130339,-0.15971727,,,,,-0.42995932,-0.28923779,0.14948347,0.74650246,-0.10223547,-0.29927018,-0.07460992,0.12445814,-0.10728857,0.05825527,-0.21937083,-0.26155768,-0.0836396,0.05415705,0,0,-0.06294605,0.00817615,0.01467778,-0.12763425,0.01981712,-0.02387071,0.05587134,-0.03164736,0.0009258,0.03251616,-0.07516236,,-0.03819692,-0.01909677,-0.0075668,-0.01949991,0.00408398,0.00202968,-0.00039223,-0.05525425,,-0.00232036,,-0.01229088,-0.00040805,-0.02789605,-0.0005282,,,-0.00306873,,0.02791334,-0.0051769,,-0.01622029,1.841e-05,,,-0.00012179,-0.00028413,,,,,,-0.08581179,-0.00040943,-0.03024568,-0.11634034,-0.0348577,-0.28911089,-0.01643981,-0.01997957,-0.0535393,-0.00061196,-0.00064434,-0.00121101,-0.00016667,0.01889124,-0.01548208,-0.27,-0.05085884,0.00027594,0.00076779,-0.00049735,1.06720439,0.1959437,0.09802964,0.21522072,0.027,-0.015,0.041,0.01340866,-0.009,-0.012,-0.01125489,,-0.03,,0,0,,,-0.3148798,0.49328076,0.24155711,0.11101459,0.08373711,0.04373272,,0.07115516,0.01031217,,0.01846413,,,,,0.00358971,-0.00098234,0.00266146,,,,,,,,,,,,,,-0.00228654,,0.00013355,,0.00507275,,,,,0.37558751,0.05896081,-0.05935581,,,,,-0.11602254,-0.0035706,-0.04221481,,-0.015,
227,2021-10-31 00:00:00,1776.8547619,115035895.58037,3578.01630586,203847835147.9,-7.869395,-3.02794949,-4.12312845,0.27,0.11384843,3.13996551,-0.0010819,0.24129126,-0.83943345,-3.2132012,,,,,0,0.24297769,,-0.01,0.00303816,0.05576101,0.00937609,-1.19980017,,0.00890791,-0.03332497,0.02509804,0.18662454,,-1.573e-05,,-3.68750687,0.70501434,-4.01956494,-0.57917829,-0.23696442,0.30458414,-0.00031957,,0.10098152,0.02369288,0.00838103,,,,,-2.592e-05,-3.13499779,1.98251395,0.18916036,-1.71472324,-1.92814842,1.9187427,-0.00084584,-0.04461486,-0.02284891,,,0.10758143,0.02597002,,,,,-2.58368835,-0.26485561,0.13296939,-0.30775232,-0.09996393,0.34897523,0.70925595,-0.57036827,-0.09448655,0.39427816,-0.02842466,-0.06464019,0.74631911,-0.07374307,0,0,0.2174879,0.12055263,0.01473897,0.00337764,0.00314369,0.19174979,-0.01129026,-0.0183277,0.53592757,0.04596914,0.0175588,,-0.00264332,0.05579148,0.00549535,0.02714041,-0.00684172,0.00607332,-0.00039105,0.07200163,,-0.02192563,,0.01001437,0.00051763,-0.01444144,-0.01820432,,,0.0024139,,0.01086281,-0.00450002,,-0.01771938,-0.00017674,,,0.00010076,-0.00095089,,,,,,-0.00327273,-0.00130738,-0.0006597,-0.01873145,-0.00219031,0.14679335,0.0111108,0.01522218,0.01446707,-0.02161605,0.00051235,-0.00113836,0.0001294,0.01712761,0.02243816,-0.26,-0.40553266,-0.00612691,-0.00155116,8.058e-05,0.24840175,0.80529923,-0.13122863,0.5713612,0.021,0.009,0.017,0.00866598,0,0.015,0.01338071,,0,,-0.0442,-0.0002,,,-0.00819495,-0.01,0.254,0.037,-0.063168,0.08,,0.028641,-0.019165,,-0.003301,,,,,-0.008569,-0.004317,-0.004646,,,,,,,,,,,,,,-0.00414447,,0.0006472,,0.00411419,,,,,0.55368247,0.08382923,0.15214805,,,,,-0.40623814,0.08211791,-0.10508285,,-0.015,
228,2021-11-30 00:00:00,1820.23409091,115305197.97483,3586.39254663,208259274548,10.70181222,1.90372716,-0.28983756,-0.51,-0.0957049,0.27897889,0.1535526,0.27222005,0.03468958,-0.0023879,,,,,0,-0.4569192,,0,-0.13268728,-0.05548081,-0.0255614,-0.00076236,,0.00554548,-0.01223307,0.00014707,0,,0.01909508,,-0.18820653,3.4125292,0.93990323,2.26287489,-0.24500032,-0.77885788,0.25438893,,-0.18382055,-0.01888716,0.02753367,,,,,-0.00158348,0.09999993,0.06323235,0.45161794,0.23916525,-3.71568476,-0.67031407,-1.46293617,-0.12962038,-0.22487431,,,0.01245301,-0.16050589,,,,,1.8762782,0.63943272,0.29747208,-0.60924136,-0.21931865,-0.15470661,-0.29607617,-0.38714757,0.28500343,0.03398446,-0.11330436,-0.02765579,0.01947486,0.1112868,0.10651993,0.86757912,-0.56960116,0.02342755,-0.00121814,-0.10776102,-0.13587118,-0.02410163,0.00168009,-0.02323491,0.00434812,0.00977991,0.03558566,,0.00192192,-0.03385127,-0.01044812,-0.01866069,-0.01369941,0.00351726,-0.00020991,-0.01386822,0.07465507,-0.03905338,,-0.00339925,-6.203e-05,-0.31690933,0.03159577,,,0.00169232,,0.00695966,0.00030105,,-0.01312402,-0.06684193,,,-2.938e-05,0.00137577,,,,,,-0.21202646,-0.0059782,0.05111677,-0.13398522,-0.04440232,-0.09224739,-0.02276813,0.0119728,-0.02946061,-0.00551376,-0.00250257,-0.00112073,-0.01634427,0.02756384,-0.02570768,-0.09,0.15008461,0.00490923,0.00049676,-0.01026195,-0.37362633,-3.54421642,-0.16311022,-1.35310003,-0.021213,-0.024473,-0.04242,-0.05880936,-0.006402,-0.015452,-0.04078885,,-0.005869,,0,0,,,-1.0057295,0.18369464,0.77870105,0.17412722,0.23446797,0.1088158,,0.04009427,0.02568313,,0.03283387,,,,,0.00387313,0.00237728,0.00692253,,,,,,,,,,,,,,0.00149591,,0.00071046,,-0.02146656,,,,,0.76203677,0.16953033,-0.17893448,,,,,-0.05347643,-0.00136259,0.20142465,,0,
229,2021-12-31 00:00:00,1788.02826087,115083503.56552,3579.49707972,209686310496.83,-17.18917827,-6.02015032,0.54502912,1,-0.32840731,0.65206985,-0.00109646,-0.15137328,-0.14770487,0.21374406,,,,,-0.25,0.0177118,,0,0.12492312,-0.00143225,0.0520477,-0.43546816,,0.01130044,-0.01246891,0.01189325,-0.19914417,,-0.01972043,,3.35670115,6.09652362,-6.76744087,0.03395048,-0.16139611,0.61945418,4.10576826,,0.10240015,0.02885213,-0.04086111,,,,,-2.914e-05,0.55599961,0.0948694,0.79636374,5.15636093,0.7405251,-4.99543163,0.11218534,0.14823245,-0.02590957,,,0.01464598,0.0678668,,,,,3.47217524,-4.02809788,0.24437437,-0.30809509,-0.72582127,0.00983245,0.00182019,0.53588052,-0.34017081,0.05810816,0.07067267,-0.1050987,0.09635794,-0.06215263,0.00083551,0.69971415,0.78866057,-0.05875858,0.02197024,-0.00779033,-0.07706847,-0.69828116,-0.00425204,-0.04911804,0.01158365,0.43737218,-0.00809708,,0.01232428,0.02165393,0.00411648,-0.1425788,-0.01233103,0.00284603,-0.00025817,0.01054682,0.10080846,-0.01362495,,0.03571595,0.00033917,-0.17629642,-0.00496596,,,0.00349009,,0.01408351,0.00215906,,-0.00476504,-1.91e-05,,,-7.3e-07,-2.77e-06,,,,,,-0.10290114,0.00011771,0.01258156,0.00261424,-0.05808375,0.01957583,0.01102419,0.00397622,0.01436358,-0.00857263,0.00025303,0.00030924,0.00050577,-0.00026554,-0.00778421,-0.22,-1.14728006,0.00102131,-0.00196624,-0.00103088,2.17302686,3.70464914,0.27472441,0.96394299,0.075,0.018,0.002,-0.00333603,0.012,0.129,0.00522506,,0.006,,0,0,,,-0.0116554,-0.14812095,0.41601794,-0.15490254,0.11400409,0.2842913,,0.12745688,0.02335457,,-0.00178988,,,,,0.00024869,0.0008297,0.00040432,,,,,,,,,,,,0.14477804,,-0.00292049,,-9.589e-05,,-0.00160445,,,,,0.14258549,0.02288025,0.10862493,,,,,-1.66543197,-0.01017053,0.15215596,,-0.0571,
230,2022-01-31 00:00:00,1816.92380952,116578346.53353,3625.99189325,209535300065.44,42.07069796,-0.69736762,0.1430718,0.47,0.76411248,5.31532982,3.95535326,0.09292701,0.03470358,-0.00233441,,,,,-0.05,-0.24689687,,-0.01,0.0084414,-0.00099359,-0.00250095,-2.65833838,,0.02937879,-0.01249859,0.00687288,-0.03645782,,-0.00067475,,1.43909059,-4.58046781,-0.48619783,0.86566227,-0.59216376,-0.0636584,0.02536828,,-0.01456421,0.01648613,0.02554792,,,,,-2.952e-05,0.38299973,2.12818173,0.64721931,4.28423962,0.10775542,0.13927319,0.12556736,-0.02793087,-0.06983223,,,0.04268293,-0.12428856,,,,,0.74777762,0.56855105,0.11744047,-0.33772745,-0.10097779,-0.32958441,-0.56342726,-0.27731683,0.15673571,0.07012299,-0.01259336,0.24080729,-0.08157886,0.85798876,0.14426575,-0.00042823,-0.03114443,0.05446561,-0.00954473,-0.1211982,-0.00365289,-0.13783588,0.00603666,0.00931651,0.03832904,1.75913004,0.00616697,,-0.03846624,0.02577707,-0.00923624,-0.00231663,0.00992969,-0.00481999,-0.00026416,-0.01661658,-0.00041502,-0.00302498,,-0.01324035,-0.00023725,0.1560189,-0.06989247,,,0.00366887,,0.01663778,0.00187303,,-0.0053689,-0.00014398,,0.16700276,0,0.00196344,,,,,,-0.01818463,-0.00027667,-0.02572952,-0.06229349,-0.00502111,-0.13850175,-0.00304423,0.01229917,0.00734239,-0.00078201,-0.00363209,-0.0047238,-0.00162448,-0.00112429,-0.1082831,-0.27,0.08744275,-0.00589751,0.00086124,0.00073978,-2.76225247,-2.94315762,-0.229389,-2.81037393,-0.07479322,-0.00428696,-0.0082904,-0.01855214,-0.02008199,-0.1217804,0.00252316,,-0.00519843,,-0.03681924,-0.0006582,,,-0.0064812,-0.17414975,-0.74543187,-0.06986157,-0.01465504,0.04868262,,0.01700706,-0.01190864,,0.00655867,,,,,-0.0021612,-6.693e-05,-0.0033184,,,,,,,,,,,,0.00079715,,-0.0001609,,-0.00049504,,-0.00790147,,,,,0.49717348,0.15746345,-0.10342227,,,,,0.14610929,0.01082524,-0.07606515,,-0.0329,
231,2022-02-28 00:00:00,1856.295,117861699.59678,3665.90863544,225289342716.75,11.31273045,8.01032361,-0.19436739,2.18,1.30738043,0.24764835,0.15302934,-0.00503511,0.04854109,0.39907733,,,,,0,0.00372499,,-0.01,-0.00872025,0.03582784,0.0051041,-0.73286606,,0.01325659,-0.01309665,0.01192341,-0.01246077,,-0.00043985,,8.2841593,2.4442502,-0.51305941,-2.25431728,-0.60532702,-0.29521967,0.02470092,,2.51057419,0.05359287,0.07593554,,,,,-2.594e-05,1.15399919,6.61444336,0.42330279,3.3668355,-0.16947923,0.32883331,3.12284243,0.02799998,-0.13891526,,,0.02905111,-2.47778338,,,,,1.08933022,-0.25866722,0.30511848,-0.60805777,-0.15578054,0.14849553,0.37184951,0.03553933,0.01149474,-0.54147255,0.06043362,0.09076653,-0.54942795,0.12794041,0.00262817,-0.00035953,0.1162076,0.00836162,0.02552286,-0.06554458,-0.07186456,0.07185851,0.00581188,-0.0014458,-0.0257923,0.01166481,0.35603366,,-0.01141596,-0.21257882,-0.00108821,-0.00101869,6.18e-05,0.00221549,-0.00020081,0.07028755,-0.00026158,-0.01808964,,0.00630409,-0.00157,-0.42791344,-0.00133407,,,0.00117861,,-0.00453446,0.00760736,,-0.07580021,-5.664e-05,,-0.00089471,0,-0.00064231,,,,,,-0.02597521,0.00011308,0.12055535,-0.05530267,-0.01141717,0.04757426,-0.00249563,0.02199795,-0.00321802,-0.01047331,0.00021671,-0.00015905,0.26910275,-0.0199167,0.01132276,0.01,2.47084042,-0.00478288,-0.01631741,-0.02172958,-2.76478544,-2.47110181,0.00225572,-1.58428008,-0.03284032,-0.00921714,0.00198536,-0.00187255,-0.00248266,-0.0172055,0.00553021,,0.04710349,,0,0,,,-0.11403212,0.00814141,-0.3986398,-0.05623934,-0.05912448,-0.0101656,,0.02615884,-0.01598633,,-0.00739102,,,,,-0.00105394,-0.00024751,-0.00349335,,,,,,,,,,,,0.0562765,,-0.00167395,,0.00105476,,-0.00530381,,,,,-0.04015684,0.10309642,0.18190225,,,,,-0.21369613,-0.00203478,-0.1803489,,0.0478,
232,2022-03-31 00:00:00,1947.82826087,123825882.37589,3851.41545596,240645357739.63,62.35048665,18.31038397,9.26305152,6.11,1.60474412,0.76039001,-0.18713838,0.60152456,1.08515389,0.78428534,,,,,-0.25,0.16749303,,0,0.00175217,0.13862925,0.02768132,-0.44093928,,-0.06882603,-0.01246978,0.0064376,0,,-0.00052269,,44.97799124,35.34819748,-0.63139963,-9.7756507,1.0035032,-1.26423487,0.57579519,,0.01548958,0.39068165,0.03298047,,,,,-2.794e-05,1.82499871,16.80071846,0.3989878,-13.11097876,-0.51967209,-0.85981428,0.031833,0.11799992,0.0626464,,,0.03503607,0.03158416,,,,,7.59127067,-0.07101587,-0.281361,-0.12725518,0.95948077,-0.26907499,0.93732836,-0.88902147,0.04473071,0.50171895,-0.09353058,0.3408381,-0.27597453,-0.11582293,-0.00155906,-0.00043508,0.26330485,0.00827235,-0.00197893,-0.13909973,0.12142437,0.02838857,0.01041708,-0.06841389,-0.5177039,-1.40008696,-0.09397089,,-0.02877358,0.19238324,0.00945422,-0.90066846,0.00303274,-0.00465945,-0.00026119,0.00764812,0.00020738,-0.00679672,,0.03454992,0.00113691,-0.30916545,-0.00016443,,,0.00446607,,-0.00936126,-0.0017087,,-0.01005094,1.682e-05,,-0.00194707,0,-0.0018878,,,,,,0.0100334,-6.869e-05,-0.7315835,0.03165626,-0.00136365,-0.07486955,-0.00268741,0.0086258,-0.03315385,-0.00605039,-0.00015658,-0.01068966,-0.14629903,-0.00070583,-0.00876703,0.34,0.89152702,0.01019192,0.00416816,0.00333314,3.01795684,-2.5048989,0.42472251,0.60887741,0.01446688,-0.02092661,0.02058055,-0.01091184,-0.02439768,-0.04577121,0.02369751,,-0.02969179,0.46161376,0,0,0.14435977,0.32627885,-0.01030715,0.06296973,0.49495279,-0.10133126,-0.05506054,-0.04243525,,-0.06069829,-0.02022113,,0.00302225,,,,,-0.00097102,0.01314264,-0.00226869,,,,,,,,,,,,0.11251467,,-0.14582525,,-0.00105982,,-0.01122488,,,,,0.59026249,0.21760498,0.25103237,,,,,0.32422735,0.01577757,0.00431789,,0.0022,
233,2022-04-30 00:00:00,1936.6952381,124901058.7823,3884.85718034,238923210270.46,3.13078519,3.73723262,4.07138628,3.25,1.03797137,-0.77830273,0.72437452,0.2588639,0.18539068,0.35233238,,,,,-0.15,-0.17630482,,0,0.11952395,0.029069,0.03272006,0.04332358,,-0.03477368,0,0.01143314,0,,-0.00095332,,11.56219503,0.76639125,0.41842421,0.83008032,0.16933761,-0.77189122,-0.03022085,,0.08392528,-0.03381272,0.01040079,,,,,-0.22669055,3.28699769,0.2701563,0.20569937,0.53815047,0.06585847,-0.26428283,-0.13170977,-0.03999998,-0.02513869,,,0.00853145,-0.04278052,,,,,5.52410383,-0.59862042,0.43074328,-1.57110027,-0.25070975,-1.25354849,-1.27274281,-0.59841281,0.07996041,0.05815169,-0.33061257,0.45411166,-0.34562705,2.11297448,-0.0134417,-0.00034813,-0.13667876,0.01754179,-0.00819403,-0.32275363,-0.0938674,-0.24826742,-0.01836685,-0.00814759,0.18800533,0.04029636,0.08520632,,-0.09264678,0.01325405,-0.01472521,-0.59666418,-0.00539002,-0.01885367,-0.00022817,-0.17060677,-0.00047961,0.00425462,,-0.03411777,-0.0010381,-0.16717302,0.02198603,,,0.00596792,,0.00599375,0.01249176,,-0.02869711,-3.596e-05,,-0.00800893,0,-0.00017703,,,,,,-0.0661366,-0.00061224,-0.00047073,-0.23397905,-0.02560986,-0.39055163,-0.03127803,-0.04928973,-0.03969515,-0.01330682,-0.00126573,-0.0015254,-0.00887218,0.00331367,-0.02099183,0.12,1.65090304,-0.10666733,0.00220997,-0.00011564,-2.15151444,-0.61826174,-0.07873329,-0.18368744,-0.02686268,0.00567236,-0.03528758,-0.01180375,0.06499469,-0.00296021,0.01604546,0.103,-0.00013505,-0.23361376,-0.05948076,-0.0005418,-0.08435977,-0.01227885,0.21568966,0.02756246,1.78000231,0.02160337,0.06850418,0.08209067,,0.03142954,0.03274788,,-0.00126701,,,,,-0.0009677,-0.00449177,-0.00023031,,,,,,,,,,,,0.10196099,,0.00072215,,-0.00678047,,0.0022979,,,,,0.46740634,0.0474339,-0.11295206,,,,,-0.19918475,0.07237081,0.03607167,,-0.035,
234,2022-05-31 00:00:00,1851.16590909,123307814.37021,3835.30173978,227017086166.63,-26.20720724,-1.35826758,-0.56390972,0.25,-0.90151499,-2.20810718,-2.47319866,0.04092708,-0.10087036,-0.24942548,,,,,0,0.23969494,,0,0.2793245,0.02846512,-0.12513803,-0.45318806,,0.0173254,-0.01247502,0.00105633,0,,0.0011364,,-9.54039791,-6.3298086,-1.28374855,-0.35682358,-0.43963051,0.20064179,3.12176228,,0.09791854,0.05028439,-0.00978284,,,,,-4.99e-06,-0.15599989,-0.9823068,-0.19319003,-0.86826939,1.037868,1.17327769,0.58475234,-0.38799972,-0.17905491,,,0.01746018,0.11995779,,,,,-1.97675119,-0.04889229,0.05001429,-0.30685351,-0.51821021,0.22458083,0.25701564,-0.25705747,-0.027288,0.45353842,0.10651941,1.38570965,0.21523772,0.71315468,0.00274565,-0.00048682,0.20618064,-0.01291698,0.00720265,0.13404327,-0.00822205,0.08019435,-0.02008082,-0.01331984,-0.38557446,-0.26060763,-0.00146666,,0.01859815,0.00609659,0.00087806,-0.28097843,-0.02783521,7.26e-05,-0.00029515,0.05885388,0.00040907,0.01192847,,0.00697296,-1.561e-05,0.02806726,-0.00035737,,,-0.00138693,,-0.00814581,-0.00254429,,0.06478675,-0.00017739,,0.00246333,-0.00028912,0.00053219,,,,,,-0.04897516,7.121e-05,0.03781761,0.05621877,0.00713274,0.09155412,-0.00299533,0.01770451,0.00788054,-0.00344553,0.00013005,-0.00125726,-0.00191611,-0.00705022,0.00514276,-0.33,0.36913825,-0.00371583,-0.00099425,-0.00089764,-1.54061534,-0.12502881,-0.07902874,0.06616003,-0.02686402,-0.01789265,-0.00157499,-0.02704363,-0.03859874,0.00269208,-0.01903902,-0.03343757,-0.00013176,-0.08038624,2.525e-05,3.662e-05,-0.02364023,0.00027885,0.21165816,0.08236376,0.04284368,0.06052961,0.08419189,0.07365802,,0.04789989,-0.00334678,,0.00391522,,,,,2.239e-05,0.00091949,-0.00011914,,,,,,,,,,,,0.0504102,,-0.00122654,,-0.00176501,,0.00618045,,,,,0.37796637,-0.01832037,0.17099367,,,,,-0.66981938,-0.05447971,0.03005325,,-0.055,
235,2022-06-30 00:00:00,1834.83181818,122279436.13883,3803.31560135,222418093364.1,-18.04071794,-8.79243924,0.05457976,0.5565519,-0.2448053,-0.51387787,0.8016584,0.1812514,0.14166719,0.18257303,0.04164648,,,,-0.00148269,-0.59358607,,-0.00062176,0.00165922,-0.023767,-0.03282215,-7.219e-05,,-0.00049171,0,0.00020557,-0.01242926,,-0.00082041,,7.58803559,-6.00918173,0.02961522,1.30486171,-0.03810199,-0.75355112,0.35213236,,-0.06525076,0.03690192,-0.08630184,,,,,-5.32e-06,-1.51399893,-0.07691753,0.2271278,-0.03509252,-1.53830584,-0.09434608,-0.29285346,-0.02399999,0.1005935,,,0.02057579,-0.21518112,,,,,-1.70192822,0.19313478,0.16511139,-0.69842073,-0.4600301,0.07815161,-0.07593161,-0.46352339,-0.28587848,-0.18167303,-0.42277415,0.38002013,-0.02624819,-0.05184797,0.0006632,-0.00040536,-0.02302196,0.06286476,0.0029673,-1.19736797,-0.07739163,-0.01193637,-0.00090686,0.03618592,0.02367967,-0.11664779,-0.03715975,0.06557186,0.00452824,-0.01058024,-0.01166116,-0.03006107,-0.0036942,0.00253121,-0.00026957,0.01999816,0.00016621,0.00198014,0.06636143,0.00167779,-0.00056937,0.00587102,0.00031314,,,-0.00194596,,0.00561099,-0.00039547,,-0.0172859,-4.941e-05,,-0.00381028,1.206e-05,0.00480007,,,,,,-0.12624846,1.172e-05,-0.15749227,-0.09300998,-0.01277879,-0.1958587,-0.12150047,0.00266039,-0.03786864,-0.00436234,9.37e-06,-0.00086021,-0.29290583,0.00695373,0.01732805,-0.20041607,0.11108333,-0.00123167,-0.00526178,0.00025977,-0.34631152,0.31770436,0.4154706,-0.00986537,-0.00020093,0.0145696,0.02983146,0.01221012,-0.01747079,-0.00567903,0.00273178,-0.015,-0.00303735,-0.046,0,0,0.096,0,0.42403334,-0.05367229,-0.13175165,0.16080221,0.14269491,0.07114015,,0.0292424,-0.01034981,,-0.0030775,,,,,-0.00115395,0.00060315,0.0015963,,,,,,,,,,,,0.05696848,,-0.00118222,,-0.00089559,,-0.00262862,,,,,0.38015548,0.01250389,-0.06951424,,,,,-0.28437067,-0.00679682,0.17165063,,-0.035,
236,2022-07-31 00:00:00,1736.37142857,119614709.58161,3720.43334078,210093806795.39,-44.40369286,-9.05092931,4.50237053,-0.0065519,-1.07937036,1.02459357,0.02004774,-0.17905079,-0.03212161,-0.44945909,0.458058,,,,-0.03851731,0.03726613,,-0.08937824,-0.00903373,0.05458533,-0.01074264,-7.084e-05,,0.01359098,0,0.00561994,0,,0.00179082,,-33.48385141,4.15965337,-3.04561456,-1.09786459,-0.86277456,0.36077069,0.2223822,0.04841261,-0.15085933,-0.05285666,-0.0125402,,,,,-6.19e-06,-1.33899906,-0.81848994,0.37648376,-1.14829785,-0.30323681,0.09416623,0.31779749,-0.00599999,-0.51445566,0.05375576,,0.01680288,0.0241063,,,,,-1.87715302,-0.78165234,-0.33743408,0.11479112,-0.33931547,-0.34153349,0.20393389,-0.08936214,-0.21569275,0.54938609,-0.21451751,-0.66551396,0.74421596,0.10674399,-0.00039305,-0.00041251,0.05691623,0.04155426,0.00812565,0.08968046,0.01236392,0.06738706,-0.00909418,-0.01948176,-0.01832896,-0.01910869,-0.21674907,0.04929448,-0.0026164,-0.00350447,-0.00047094,-0.0168562,0.02693095,-0.00060392,-0.00025714,-0.02676713,0.00046834,-0.00264971,0.04877951,-0.00099634,0.00014332,0.05600743,-0.02182793,,,-0.00015233,,-0.0022097,-0.00273878,,-0.01855237,-5.52e-06,,-0.00459894,-9.52e-06,-0.00021501,,,,,,0.06597359,-3.294e-05,-0.00032182,-0.15229836,-0.01539341,-0.07758238,-0.00194865,-0.00896299,0.00116705,-0.00495259,-0.00047939,-0.00060747,1.444e-05,-0.0041354,0.00070059,-0.40958393,0.22097508,0.00443876,-0.00652826,0.00011707,3.9339497,3.44802368,0.04531497,1.69053105,0.04394188,-0.00311184,0.02951515,-0.00285643,-0.00593932,-0.00291272,-8.448e-05,0,0.0087404,-0.005,-0.02491655,-0.00022827,-0.003,-0.18,-0.00854537,-0.23915666,-0.60837004,0.00219252,-0.00955296,-0.00163643,,-0.00290333,-0.00411961,,-0.00441119,,,,,-2.991e-05,-0.00137198,-0.00105276,,,,,,,,,,,,0.01001164,,-0.0017407,,-0.00129559,,0.00126826,,,,,-0.36392295,-0.12458787,0.00223718,,,,,-0.43183542,-0.00484164,-0.18955814,,-0.015,
237,2022-08-31 00:00:00,1765.02826087,117758889.73203,3662.7108912,202461798881.85,-32.53157673,-5.16463312,-0.07015739,0.17,-0.45383491,0.12309826,-0.92174138,-0.03484434,-0.47519243,-0.819552,0.08320792,,,0.21765727,0,-0.90077954,,-0.01,0.13104332,-0.03522863,-0.00419305,0.01853054,,-0.05062831,-0.01249871,-5.67e-05,0,,-0.0015454,,-0.19760896,-0.84174117,-0.31752036,-0.31053303,-0.22160591,-0.82287409,-1.93905302,-0.00223974,0.22459495,-0.00936603,-0.03127267,,,,,-5.12e-06,-0.33199977,-0.40601658,0.12332893,0.63232797,-0.54084924,0.28714884,-0.15582867,-0.03799998,-0.21373599,-0.00091447,,-0.00120624,-0.24548325,,,,,-0.77058156,-0.06930064,0.04926181,-0.12608727,-0.04700546,-0.65964182,-0.68196865,0.13094404,-0.16191332,-0.00209455,-0.07290304,-0.10335416,-0.26136107,-0.00408362,-0.00668135,-0.00044329,-0.71975971,-0.02194214,-0.00205229,-0.28531531,-0.01574756,-0.13658171,0.00560103,-0.01560604,0.00954097,-0.4901479,0.05121085,0.00062852,-0.04512951,-0.32487259,-0.01451298,-0.00226994,-0.01639841,-0.00640114,-0.00029732,-0.07568202,-0.00012449,-0.02741817,-0.00223461,-0.01694325,-0.00049727,0.03773659,-0.0005086,,,-0.00301886,,0.01040939,-0.00382643,,-0.01159419,-2.312e-05,,-0.00249755,-0.00014715,-0.00195022,,,,,,-0.19545334,-0.0002987,0.00389124,-0.08135599,-0.00810432,-0.2952304,-0.02093226,-0.02401035,-0.030444,0.00128177,-0.00061277,-0.00094817,-6.639e-05,0.00268997,-0.01914127,0,0.34586912,0.00052225,0.00051463,-0.00015089,-3.83446037,-1.95741906,-0.00662824,-1.78711219,-0.05625014,0.01739797,0.00435001,-0.00421866,0.02615188,0.00233246,0.00221774,0.012,-0.00308311,0.031,0,0,-0.006,-0.093,0.18950198,-0.02788714,-0.03588847,-0.03640911,-0.07618782,-0.01361748,,0.00204847,0.08055845,,-0.00946758,,,,,-4.875e-05,0.00123296,0.00185206,,,,,,,,,,,,0.01524592,,-0.00184845,,-0.00351485,,-0.00035354,,,,,0.53107913,0.00482644,-0.27190547,,,,,0.23625692,0.6880923,-0.00234796,,0,
238,2022-09-30 00:00:00,1682.13409091,114443219.66422,3559.58202427,191679141003.53,-33.63412358,-16.99077286,-5.31920817,-0.00193407,-0.98962833,-0.18755716,-1.87538464,0.05997331,-0.11375604,-0.31051969,0.1872668,,,-6.968e-05,-0.19797967,-0.64273432,,-0.12094576,-0.01421843,-0.09184165,-0.01263338,-0.03728858,,-0.01081471,-0.01249872,-0.00713489,0,,-0.03673462,,-1.69138691,-10.495705,-2.39194437,-1.50333646,-1.62103778,-1.59915695,0.03319938,0.0982948,-0.72276084,0.04443336,0.00457563,,,,,-4.52e-06,-3.45899757,-4.13215435,0.10696361,-0.69734425,-3.47274335,-0.63458253,-0.06862766,-0.06699995,-0.09866691,0.01602619,,0.02197673,-0.02787285,,,,,-2.13795515,-0.52313927,0.06494636,-0.30690268,-0.60209739,-0.34375734,-1.45090575,-0.35977611,-0.75392909,-0.75661439,-0.15222554,-0.41337582,-0.17611146,-0.03117516,-0.00272606,-0.00041133,-0.20696203,-0.07365228,-0.03124565,-0.62407082,-0.04829907,-0.03228598,-0.00297813,-0.03197611,-0.24662081,-0.04910345,0.0330415,0.1315143,-0.01862605,-0.01008052,-0.01336221,-0.00542907,-0.02808496,0.00815851,-0.00025796,-0.08091894,-0.00180899,-0.00921342,0.13345598,-0.00692133,-0.00021998,0.03057573,-0.00085521,,,-0.0193983,,0.01841076,-0.00543002,,-0.0176176,-0.00018805,0.03224664,-0.00415911,-6.315e-05,-0.00136017,,,,,,-0.09088217,-0.00018736,0.12490276,-0.12800959,-0.0132337,-0.12031536,-0.01457839,-0.01722731,-0.03572423,-0.00357596,-0.00038845,-0.00047589,-0.01051244,-0.00932699,-0.00550496,-0.03756274,0.36605126,-0.00033947,-0.00094584,0.00030416,-0.46822066,-0.01162202,-0.05290662,0.17642404,0.020342,-0.00023898,0.02897784,-0.04712809,-0.00895889,0.02061548,0.01848986,-0.018,-0.00602027,-0.006,0,0,0,-0.006,-0.00711895,-0.0066258,0.42496584,-0.00678558,0.04280502,-0.06074727,,-0.00155786,0.06582844,,-0.01134568,,,,,0.00089938,-0.00261367,-0.00193166,,,,,,,,,,,,-0.03781742,,-0.02915161,,-0.00496229,,-0.00044581,,,,,-0.25295838,-0.12588485,-0.29204332,,,,,-0.28889483,-0.36231432,0.03594619,,0,
239,2022-10-31 00:00:00,1664.4452381,112553532.0182,3500.80616847,184831435413.4,-19.14049866,-20.70561328,2.77179682,-0.00077253,-0.57230482,0.06101605,-0.17710574,-1.02346111,-0.17774402,0.16721418,-9.962e-05,,,-7.39e-05,-0.24917998,-0.10188009,,-0.0017417,-0.65283938,0.00499351,-0.01024843,-0.04968101,,-0.11211735,0,0.00706126,-0.02474907,,0.00028762,,-3.48860332,-4.33415031,-2.92117972,-1.92856276,-0.6594126,0.18159909,0.42902952,0.00405855,0.12812731,-0.00110052,-0.02153415,,,,,-6.48e-06,-1.31299908,-0.3268294,0.00862084,-0.1072462,0.12872359,0.00859391,-0.01623067,-0.001,-0.35564195,0.00044393,,0.05284447,0.02926713,,,,,0.29688278,1.44277075,0.28015703,-0.27610658,0.04774574,-0.39694458,-0.57559059,-0.01009803,-0.16120952,0.05794035,0.03850313,-0.27622908,-0.20812602,0.05881753,-0.00488615,-0.00040359,-0.12401642,-0.01883468,0.02044298,-0.00838216,-0.02640249,-0.11177075,0.01317069,-0.0197892,-0.00894074,-0.01664523,-0.00456279,0.07273898,-0.03301099,-0.00107503,0.00813977,-0.74942371,0.00095044,-0.00776069,-0.00026082,-0.07318684,0.00117442,-0.0078805,0.0619329,-0.01240641,-0.00013746,0.09101456,-0.00046333,,,-0.00027996,,-0.02187972,-0.00392528,,0.00320886,3.664e-05,0.00682162,0.00101202,-0.00011229,0.00057922,,,,,,-0.07077362,-0.00012646,-0.1767675,0.03259809,0.00329062,-0.14776449,0.01572,0.00444766,0.04990276,-0.00114205,-0.00026709,-0.00051805,0.00015376,-0.00858474,-0.01196551,0.41034318,1.0442294,0.00199971,0.0038918,0.00063988,-3.64983144,-0.77875548,-0.00685593,-1.17311625,-0.04148562,0.00265883,-0.05875158,-0.00314893,-0.01180943,0.00878275,-0.00280071,0,-0.00602425,-0.002,-0.02198226,-0.00038218,0.003,0.063,0.18877795,0.19241485,0.35692598,0.0152965,-0.06287095,0.00896935,,0.02262379,0.13923857,,-0.00575269,,,,,-4.311e-05,0.00164438,0.00729793,,,,,,,,,,,,0.0071575,,-0.00107653,,-0.00403785,,-0.00026785,,,,,-0.54882371,-0.0470052,0.68587398,,,,,-0.05593912,-0.08597261,0.08753946,,0,
240,2022-11-30 00:00:00,1726.44772727,111721523.40605,3474.92780793,196254090367.52,-12.44847815,-7.14505518,-0.93332432,0,-0.60175013,0.35625754,0.16869755,0.07339006,-0.27306448,-0.3257555,-8.627e-05,,,-5.365e-05,-0.31103232,0.5067102,,-0.02605541,0.00354926,0.01323338,-0.01207617,-5.539e-05,,0.01282384,-0.01250867,0.00661341,-4.27e-06,,0.00190526,,1.28328501,-2.60925706,-2.10922462,-1.25236818,-0.54104618,0.76015492,-0.47776066,0.02164856,-0.01311697,0.00120006,-0.00023605,,,,,-4.66e-06,-3.92599724,0.18457464,0.15788389,-0.06935983,0.59000682,0.41936956,0.12020616,-0.03099998,-0.25088044,0.01804812,,0.01688081,0.00665316,,,,,0.30571118,0.08454193,0.23611221,0.11470047,-0.33393733,0.93050769,0.49041778,0.7085019,-0.35885265,-0.02587777,0.15799967,0.24408099,0.50469157,0.0233373,0.03829603,-0.00028375,0.24438888,-0.00060283,-0.00653523,0.07829507,-0.04219336,0.30241379,-0.00808952,-0.05638598,-0.03128051,-0.40451728,0.10932804,0.09979806,0.07093078,-0.01450555,0.01159634,-0.00268569,-0.01142573,0.01336594,-0.00023278,0.14803929,-0.00037572,-0.01172315,0.12165323,0.02665088,0.0008576,0.41001627,0.03187081,,,-0.00561432,,-0.00327478,-0.00182787,,0.02304705,-1.651e-05,0.00591407,0.00577798,0.00023803,-0.0001978,,,,,,-0.09465761,0.00042416,-0.06812413,0.12744466,-0.00331865,0.19696989,0.01278446,0.01373968,0.05127999,-0.00519541,0.00083347,0.00089192,-0.00011279,-0.0237683,0.02875895,-0.45772365,0.79901545,-0.00396569,-0.00322575,-6.15e-06,1.02524574,-1.85094708,0.18986292,-1.02179216,-0.01191757,-0.00018799,-0.05190355,0.00267679,0.00586647,-0.04740108,-0.00012708,0.027,-0.0059813,-0.007,0,0,-0.003,-0.015,0.85618935,-0.27943975,-0.14751551,-0.07554627,-0.07987707,0.00234045,,-0.00996554,-0.02212,,-0.00379362,,,,,-0.00101767,-0.00286875,-0.01337643,,,,,,,,,,,,0.03000034,,-0.03217088,,0.00347903,,0.005546,,,,,-0.63177326,-0.06662193,0.41512616,,,,,0.08680432,-0.38152665,0.10114338,,-0.015,
241,2022-12-31 00:00:00,1797.54090909,111576645.65256,3470.42160609,202596967848.22,9.53711068,-2.27251873,0.23966295,-0.03729278,1.18844569,0.15428672,0.06062103,0.12039581,-0.00079914,-0.00214109,-9.581e-05,,,-6.092e-05,-0.01570713,0.36496954,,-0.00991017,-0.40113489,-0.02286756,-0.02511913,-0.01214018,,0.01155702,-0.02608909,-0.11794273,-0.0125393,,-0.00046212,,-13.48517647,1.31728275,-1.0120115,-0.77983914,-0.75602854,-0.16586981,-0.25247843,0.02305399,-0.00782294,-0.05949112,-0.0129738,,,,,0,-1.12299921,0.51186988,0.33335525,-0.34229556,1.37855211,0.25687233,4.22682014,-0.03999997,-0.14351756,0.00280463,,0.01494605,-0.04926347,,,,,-3.77536605,-0.03883883,-0.16184547,-0.12622531,-0.38032374,0.88733071,0.1740586,0.02071288,-0.27775055,-0.49277671,0.24911438,0.2861835,0.20408478,0.10972853,0.00731467,-0.00042342,-0.91792114,-0.03101623,0.00190375,0.13674868,-0.01349297,0.0838798,3.008e-05,-0.00696795,0.04099404,-1.5762819,-0.03108521,0.16604254,0.04439957,0.0206334,-0.01283337,-0.00617967,0.00368581,0.00793252,-0.00026149,0.09610859,0.0001014,0.00053825,-0.1297866,0.01660468,0.00056389,0.47334583,0.00128987,,,-0.0001268,,-0.01033477,0.00491682,,0.02454557,-4.709e-05,0.00264901,-0.03061561,0.00014645,-0.00036234,,,,,,-0.09344347,0.0003018,-0.16897448,0.13501799,0.00815473,0.12876956,-0.00189875,-0.02749176,-0.03918802,-0.00150804,0.0005875,0.00099169,-0.00794272,-0.00182299,0.02323467,0.86374658,0.46207251,-0.00505779,0.00256444,5.579e-05,1.12722645,-0.24652034,0.04819183,-0.00322685,0.01449913,0.00563869,0.01320227,-0.03252026,-0.0177551,-0.01199159,-0.01077764,-0.042,0.00280292,-0.009,0,0,0,0.051,0.45554363,0.04065982,-0.55051891,0.01554929,0.00141183,0.02274807,,-0.00825336,-0.06331806,,-0.00704886,,,,,-9.648e-05,-0.00634633,0.00675283,,,,,,,,,,,,0.03225452,,-0.00065501,,0.00324207,,-0.00090792,,,,,-0.64823628,-0.10220404,0.52072663,,,0.03129123,,0.03465865,-0.0034341,0.00229653,,-0.05,
242,2023-01-31 00:00:00,1894.70681818,110729929.33577,3444.0857848,213305697118.71,-0.58453803,2.94320774,6.35240994,-0.46530434,-0.78315765,0.21632795,0.24881459,0.36416771,0.03532084,0.120933,0.04151863,,,-4.985e-05,-0.00102641,0.22187501,,-0.00174185,0.26393938,0.0131335,0.00454497,0.00581549,,0.0089889,-0.02506794,0.00608162,-0.18304507,,-0.00061926,,-4.23669631,-13.99171893,-0.82359883,-1.48288636,-0.67071236,0.40074104,-0.02267074,0.02580153,0.27019973,0.00550629,-0.00224765,,,,,-0.053989,-0.82499942,-2.96200422,-0.05231527,-0.30014852,-2.09602846,0.04155169,0.15301738,-0.04999996,0.08804897,-0.00187096,,0.01045774,0.0098002,,,,,-1.63491606,-0.70515001,0.04748798,-0.93695881,-0.39263957,-0.26336813,-1.48720819,0.60931527,-0.29292406,-0.08572471,0.17833344,0.1531655,-0.00964084,-0.05565019,7.134e-05,-0.00035735,0.02200485,-0.05815877,0.01421436,-0.01236982,-0.00314639,-0.05196367,0.00423011,-0.02897072,-1.14656756,-0.62222925,0.00767821,0.00188488,0.00049207,-0.00503195,0.00469424,-0.02728402,0.01662898,-0.00653048,-0.00023995,-0.02735771,0.00081531,-0.00090587,0.00114835,0.00017247,-0.00092891,0.26791831,-0.0021839,,,-0.0009789,,0.00028216,-0.00861178,,0.00064386,-0.00012943,0.00012416,-0.01034293,0,-0.00986501,,,,,,-0.06257879,-1.759e-05,-0.06682121,0.03054248,-0.00399816,-0.04699795,0.01067515,0.00125759,0.01629611,-0.00172785,-5.032e-05,0.00025145,9.841e-05,-0.01556295,-0.01338828,0.250243,0.02792183,-0.00234998,-0.00302871,-0.00033574,-2.4220193,-0.65918907,0.18314539,-0.17769262,0.00856103,-0.02369377,-0.07172782,-0.00852226,-0.00564505,-0.01162895,0.00538436,0.006,0.00569954,-0.011,-0.02197335,-0.00016891,-0.042,-0.051,-0.00972416,0.0179118,-0.38884251,-0.01099117,-0.01267995,-0.19923333,,0.0122031,-0.09989303,,0.0231363,,,,,-7.638e-05,-0.00105864,0.00110037,,,,,,,,,,,,0.04903168,,0.00010696,,0.00253544,,-0.00229114,,,,,-0.43830012,-0.01714417,-0.05213468,,,0.01535202,,0.68046581,0.00501068,1.55400976,,-0.02,
243,2023-02-28 00:00:00,1854.54,109629930.8506,3409.87200747,200377721436.24,-1.73863558,-7.19558856,1.22720532,-0.04982738,0.05420154,-3.16975712,0.0390171,0.17881211,-0.08600145,0.05949146,0.89443552,,,-8.519e-05,-0.04979627,-0.1233927,,-0.01403134,-0.00619237,-0.13393818,-0.02629809,-0.01239648,,0.00050082,-9.56e-06,-0.00030664,0.17060089,,-0.00016738,,-1.73085618,-7.82147485,-1.42362607,-0.40579938,-0.75050837,-0.4783865,-0.10058706,-0.00439739,-0.09406014,-0.06537828,-0.00147514,,,,,,-0.20399986,-1.77844629,-0.03530925,-0.03801777,-1.60948724,-0.46796243,-0.2498201,-0.03899997,-0.21422673,-0.00234884,,-0.00093142,-0.03250757,,,,,-1.47381103,-0.34869753,0.13156015,-0.99649223,-0.2472031,-0.89679667,-0.85253027,-0.07921097,-0.21901333,-0.03754517,-0.12235829,-0.30750746,-0.17490482,-0.07599881,-0.00679269,-0.00039044,-0.14566797,-0.00981913,-0.02280121,-0.16723045,-0.00486192,-0.25121102,-0.03158162,0.00674054,-0.40619164,0.00418287,-0.09014279,0.07964441,-0.04114885,-0.01973698,-0.02622499,0.0009148,-0.01398528,-0.00645898,-0.00026157,-0.06600906,-0.00231297,-0.0037308,-0.00501659,-0.0154401,-0.00041287,-0.09765276,-0.030236,,,0.00131423,,0.008081,0.0010092,,-0.01641392,-0.00011302,-0.00017163,-0.00285709,0,-0.00084045,,,,,,-0.0756907,-0.00029817,0.02317609,-0.22505772,-0.02597621,-0.23714139,-0.0287889,-0.03139192,-0.02286248,-0.00180127,-0.00089276,-0.00085855,-9.9e-07,0.00098118,-0.01871358,-0.20085723,0.11610846,-0.00025081,-0.02719537,-0.00030817,-0.62952754,-0.34464371,0.03388479,0.26893063,0.00862489,-0.00013501,0.05006093,-0.00630455,0.00275789,-0.00907374,-0.02146789,-0.006,-0.0088532,0,0,0,-0.036,-0.012,0.27362746,0.12490717,0.06118068,-0.02820792,0.02474648,0.00388485,,0.0030022,-0.01112629,,0.2945597,,,,,0.00137775,0.00559539,0.00209049,,,,,,,,,,,,0.05451155,,-0.14305581,,-0.00428159,,-0.00455115,,,,,0.09561644,0.01262582,-0.25694292,,,2.833e-05,,0.06864528,-0.03354204,1.38819043,,-0.01,
244,2023-03-31 00:00:00,1912.73043478,110662861.57336,3441.99974421,219439321219.38,12.70950115,-0.20810846,-0.31653274,0.18046095,0.70880788,-1.16581906,0.24871697,0.04496503,-0.22808005,-0.27935907,0.08299497,,,-3.15e-05,0,-0.22093174,,-0.00185031,0.00047388,0.01010032,-0.04358376,-0.00626375,,0.01338617,0,0.00013596,0,,-0.01295799,,17.63566521,3.48193617,-0.84952378,-2.78527269,-1.79872247,2.09680012,0.08125587,-0.01485266,-0.00671209,0.03332794,-0.01902625,,,,,,-1.80499873,-2.58238155,-0.11868218,-0.48730227,2.03222545,0.36051337,0.81063583,-0.06199996,0.02172297,0.00187877,,-0.00084635,0.05096233,,,,,0.58856949,-0.48132774,0.71448063,-0.27603367,-0.00908573,0.23563811,0.23174703,0.24000284,-0.16604955,-0.07367464,-0.03406134,0.1371628,0.14008402,-0.02432429,0.01505527,-0.00036552,0.08262982,0.02963839,0.00220156,-0.58564754,0.04054958,-0.1713391,0.00185784,0.06457802,0.00192177,-0.05095148,-0.05428098,-0.0025409,0.03381688,-0.00142015,0.00499888,-0.02959661,-0.00378153,-0.0086622,-0.00024625,-0.01109966,0.01008323,-0.00898099,0.00785881,0.0126827,7.025e-05,0.0568149,-0.00037676,,0.35900108,-0.00292301,,-0.02488567,-0.00542489,,0.00722185,-2.78e-05,0.00049992,0.0023493,0,-0.00355232,,,,,,-0.1575474,-0.00741793,-0.10122132,0.05483721,0.00907622,0.08885501,-0.05211563,0.01598534,0.04002419,-0.00344604,0.0003093,0.00030211,-0.00179229,-0.01565844,-0.03169608,1.91963454,-0.44295585,0.00320082,-0.00584267,0.00032557,2.31096826,0.20888808,0.22046814,0.37591416,0.02609098,-0.00026684,0.02582898,-0.01846436,-0.00927441,-0.00048408,0.02856264,0.06,0.00274752,0,0,0,-0.04535977,-0.003,0.63049836,-0.13292687,-0.64263584,0.05417711,0.12223044,0.07595793,,-0.01026908,-0.08911824,,0.0436938,,,,,0.00139029,-0.00231795,-0.00149272,,,,,,,,,,,,0.04191422,,0.05540076,,0.00072357,,0.00142542,,,,,-0.65769979,-0.11867207,-0.03950119,,,-6.381e-05,,-0.96754235,0.00033476,0.63391171,,0.004,
245,2023-04-30 00:00:00,2000.565,111159426.94399,3457.44465368,220749487872.48,-1.72856989,8.81740746,2.58528302,0.73686666,1.4238642,1.03976493,2.01888292,0.33388589,0.17443692,0.05955676,-0.16660392,,,-6.284e-05,-0.04976517,-0.11877507,,-0.00156996,-0.00121566,0.00636683,-0.09678504,0.04952019,,0.0050819,9.56e-06,0.00618401,-0.01254179,,0.00102421,,1.17441412,3.00866935,-1.02924338,-0.30757427,-0.54530115,0.4882172,0.21527106,0.00979604,-0.13588324,0.01708255,-0.01398823,,,,,,-0.05599996,0.10078186,0.04254587,0.06572531,-4.46986836,-0.28801452,0.40456005,-0.05099997,-0.19219028,0.00109103,,0.00212264,-0.10879651,,,,,2.93687307,0.64310682,0.8767502,-0.78583667,-0.37615712,0.12236913,0.34181829,-0.34588556,-0.13190378,-0.12130633,0.00675071,-0.03256283,0.16340373,0.03904932,0.01536964,-0.0003901,-0.05200585,-0.02790873,0.01043275,-0.00913842,-0.0482783,0.04660088,-0.00673494,-0.01880063,0.01806066,-0.02035955,0.06041835,0.09171517,0.03339029,0.01064514,-0.01118786,-0.01071921,-0.02134412,0.00360705,-0.00615254,-0.36039876,0.00062835,-0.00890056,0.01039347,0.01251484,-0.00035834,-0.66283666,0.00054808,,-7.209e-05,-0.00078977,,-0.00522755,-0.00075373,,-0.01532048,-2.975e-05,0.00055808,0.00138521,0,0.00037432,,,,,,-0.07919764,-0.00032311,-0.05628513,-0.00485903,0.00553263,0.09970706,0.00820656,0.01663054,0.01491109,-0.00095886,0.0004381,0.00036132,-9.55e-06,-0.05377905,-0.01417391,-0.90356195,-0.34885516,-0.0032873,-0.00057481,0.00014099,-0.09506925,-0.29091445,0.10223583,-0.08783,-0.00906752,-0.008972,-0.00230171,-0.0580748,-0.00873296,-0.02054192,-0.00792022,0,-0.00888573,0,-0.04390364,-0.00043379,,0.009,0.2887318,0.37893487,-0.0662227,-0.01451039,0.00941435,0.01266005,,-0.01421334,0.00503467,0.024,0.03351678,,0.00881984,,,0.00543674,-0.00101661,0.00220041,,,,,,,,,,,,0.07586665,,0.02728207,,-0.00145565,,-0.00492439,,,,,-0.01630966,-0.06040541,-0.10557777,,,0.01558334,,-0.07729794,0.00649941,1.04950484,,-0.02,
246,2023-05-31 00:00:00,1988.51086957,111787548.34645,3476.98141313,219955599347.72,13.24599199,2.28445387,3.20075661,0.48405959,1.12471691,-0.49799644,0.5935906,0.31395271,0.2508126,0.30545265,0.04138797,,,-7.558e-05,-0.07467886,0.04900703,,-0.00179424,-0.00636688,-0.01063456,-0.06843567,0.04329921,,0.01615392,0,0.00587595,0,,-0.00053863,,2.83400062,12.08260426,-0.72092283,0.11300421,-8.00539386,2.16279903,-0.24251197,0.11298073,-0.09110797,-0.03495958,0.04790175,,,,,,-1.38999902,0.44779543,0.0654827,-0.24546261,-1.32128686,-0.12083096,-5.7943321,-0.02599998,-0.17531012,0.09678629,,-0.00047105,0.01048208,,,,,2.9630964,-0.20525617,0.01863524,-0.09513955,-0.15949636,-0.80399253,-0.80980465,-0.01556076,-0.26744941,-0.15740494,-0.30025136,-0.33647886,-0.5910035,0.00298447,0.00091212,-0.00040107,-0.22045224,-0.00082472,-0.01656534,-0.04531214,-0.00581651,-0.25087456,0.00839683,-0.01285708,-0.02349932,-0.14021113,0.00450803,0.00160443,-0.11645418,0.14976181,-0.00441308,-0.01788853,0.02045804,-0.02335385,-0.00026889,-0.12802784,-0.00101037,-0.00821666,-0.00536331,-0.01801549,-0.00106523,-0.03501704,-0.00050455,0.06021113,-0.00012591,0.00018036,,-0.01288312,-0.00201714,0.00029435,-0.02265758,-9.05e-06,-0.00010178,-0.00414017,0.0001013,-0.00094183,,,,,,-0.06954162,-8.551e-05,-0.00850815,-0.22884597,-0.02101862,-0.19886758,-0.0321448,-0.04285288,-0.02059849,-0.00023614,-0.00139674,-0.00225483,-0.0006512,-0.0213616,-0.03314356,-0.45857264,0.95186737,-0.01226425,-0.00132828,-0.0005849,-0.48107134,-0.14157866,0.08490532,0.02467506,-0.0383397,-0.01479707,-0.01762661,0.01428151,-0.00304081,0.00284898,0.00772626,-0.003,-0.00012091,0,0,0,,-0.07727885,0.59025822,-0.03038174,0.05956405,0.0359184,0.07601791,0.0225842,,0.0075257,-0.00412869,0.001,0.00281476,,0.00199298,,,0.00085595,0.00087445,-0.00262073,,,,,,,,,,,,0.03912694,,-0.00040816,,-0.00449537,,-0.0056085,,,,,-0.21156681,0.04663536,0.02841286,,,0.01534243,,-0.15490788,0.12794461,0.20728122,,-0.02,
247,2023-06-30 00:00:00,1942.9,109991497.55047,3421.11798892,210688017199.26,-17.64479605,-6.72503103,-1.18116499,0.24717739,-0.24436793,-0.80843262,-0.41473871,0.19567044,-0.08422442,-0.35627256,-0.14575986,,,-7.005e-05,0,0.34108897,,-0.00179424,-0.12996899,0.06599883,-0.04247326,0.01231726,,0.0074884,-0.01247228,0.00636501,-0.01246115,,0.0127185,,-10.05614274,-7.42790773,-2.42895853,-0.06181691,-0.88889187,-0.21340813,0.25639741,-0.03693106,-0.82569037,0.02550243,-0.04553186,,,,,,0.24599982,-0.72272097,0.25972878,0.08985323,0.34403069,0.21208266,-0.80536153,0,-0.06661139,0.03001235,,0.00791059,0.01293723,,,,,-4.66995293,-0.2449387,0.28359513,0.14452548,-0.05821511,0.36588743,0.47447083,-0.12572165,-0.06971667,-3.07576062,0.13722261,0.09305406,-4.01669218,-0.00267455,4.37684003,2.56819339,0.15983508,0.00405601,0.01145052,0.07154062,-0.02481511,0.08903944,0.01304586,-0.0149545,0.01158133,0.0159639,-0.10390497,0.00298953,0.02822185,0.00522001,0.00657058,0.00280309,-0.04105559,0.00481874,-0.00026386,-0.09990514,0.04056267,0.00403765,0.00739048,0.01105022,0.00051097,-0.0887046,0.00012408,0.00460788,-7.659e-05,0.00030763,,-0.00302305,0.00167886,0.01704699,-0.0043129,-0.00015285,0.00045349,0.00261034,0.00010115,0.00014829,,,,,,-0.10215587,-0.00034347,0.01384156,0.08873547,0.01059988,0.12863255,0.0059706,0.0230501,0.01475593,-0.00562903,-0.00295621,0.00056113,1.684e-05,-0.01412293,-0.028801,0.12046011,-0.53200618,0.00100504,-0.00585378,0.000232,0.83291626,-0.06789305,-0.0500732,-0.04997494,-0.00024195,-0.00309093,0.11431665,-0.00883674,0.00874898,0.00289696,-0.00538372,0,-0.00302295,-0.036,0,0,,,0.28887649,-0.00875465,-0.04306672,0.03603593,0.03741523,0.00240318,,0.01951877,0.07679492,0,0.00641861,,1.315e-05,,,0.00090069,1.737e-05,-1.395e-05,,,,,,,,,,,,0.05990213,,-0.03090717,,-0.00326163,,-0.00533711,,,,,-0.23278566,-0.00563266,0.28851807,,,0.03285912,,0.03487741,-0.08698837,-3.99029603,,-0.02,
248,2023-07-31 00:00:00,1948.8547619,108877354.74333,3386.464274,214890557346.24,-8.96711127,-4.45348978,-1.674549,0,-0.36356531,0.18547525,-0.24814469,0.06813414,-0.27273687,-0.06376678,-0.43678489,,,-6.921e-05,0,-0.06065723,,-0.00162603,-0.00305051,0.01259307,-0.00349017,0.00612194,,0.00707817,0,0.00607975,-0.02503263,,-0.00105352,,-7.25480913,-3.85345499,-2.09111612,-1.34927778,-1.22353668,-0.5042259,-0.04124398,-0.02890505,-0.14183246,-0.01206231,-0.05751975,,,,,,-2.9809979,-0.00447821,0.03850777,-2.72158093,0.54514736,0.12527336,0.50139369,-0.01999998,-0.09549364,0.20336285,,0.00091026,-0.05206795,,,,,-0.55042263,-0.28752911,0.31128063,-0.06484935,-0.01126443,0.54996046,0.56628576,0.1572048,-0.05227896,-0.08501429,-0.15140277,-0.06525287,0.07927312,0.02920064,0.21347141,0.0789651,0.16732455,0.01133885,-0.00907212,0.07328179,0.00181539,0.12911116,-0.00432557,-0.02789399,-0.00944313,0.01131176,-0.00716601,0.07560665,0.03887642,-0.01177741,0.0156258,-0.00635248,0.08833426,0.01275794,-0.00025114,0.04749217,-0.00061069,0.0055782,0.14381616,0.01521864,0.0016831,0.04253579,-0.00042218,0.05206623,-8.753e-05,-0.00094006,,-0.00110257,0.00295663,0.00010132,-0.01900526,2.641e-05,0.00017228,0.00070742,0.00014373,-0.00091523,,,,,,-0.00312971,6.53e-05,-0.00031573,0.01613276,0.00235181,0.17152451,0.01270559,0.01986628,0.00841075,-0.00131733,0.00034372,-0.00061745,-3.582e-05,-0.01225033,0.00120455,0.02185139,0.53866916,0.00020513,-0.00397943,0.0001956,-0.19950583,0.60532662,0.19452069,0.13489692,0.01151979,0.01146201,0.0595571,-0.01476076,-0.00594883,-0.01775582,0.03128682,-0.021,0.00281444,-0.005,-0.0266544,-0.00065643,,,0.58977487,0.06008403,0.43046968,0.06237118,0.03747021,0.0132436,,-0.00110192,-0.01314323,0,0.01557552,,-0.00400952,,,-8.104e-05,-0.00101069,0.00174545,,,,,,,,,,,,0.05118251,,0.00048949,,0.00147189,,-0.01513376,,,,,0.0613569,-0.03571517,-0.05168339,,,0.0537467,,-1.67833262,-0.00991685,0.00695642,,-0.01,
249,2023-08-31 00:00:00,1919.82826087,107424328.19376,3341.27009647,209111735632.66,-22.826024490000002,-14.23288246,-3.09384159,-0.38564897,-0.83962675,-0.68410052,-0.93852282,-0.11489495,-0.12757044,-0.32536031,-0.00013962,,,0.03091529,-0.04960966,-0.54247534,,-0.00173817,-0.00312767,-0.02638081,-0.00120901,-0.03104398,,-0.00269086,-0.02450033,-0.00023129,0,,0.00024361,,-1.09266173,-0.55954192,-0.55199249,-0.55144373,-0.46426653,-0.43664794,0.21445454,-0.0040261,0.80108937,-0.0485597,-0.04450227,,,,,,0.33199977,0.15736288,0.08729935,-0.08393397,-0.93385488,-0.45625989,-0.29494308,-0.02899998,-0.04328648,0.01548394,,0.01165725,-0.00768915,,,,,-1.94049522,0.03767233,0.26734415,-0.90566084,-0.18824968,-0.44375582,-0.57569132,-0.29693993,-0.14672778,-0.03710207,-0.18612318,-0.17106966,-0.08095281,0.19181268,-0.01853275,0.68938189,-0.08683988,0.01228079,0.00275698,-0.04837889,-0.00811664,-0.02636303,0.01037878,-0.01913196,0.00638619,-0.01146079,-0.07715945,0.01874525,-0.0311351,-0.00406247,-0.00454109,-0.00161244,0.00486967,-0.00805466,-0.00027149,-0.06792308,0.00521115,-0.00367789,-0.00158005,-0.01220667,-0.00096024,0.06609596,-0.0148122,0.01527403,-9.785e-05,0.00038583,,0.00849441,-0.00102697,0.14772684,-0.01424605,-3.744e-05,0.00019057,-0.00189525,-0.00011288,-0.01691199,,,,,,-0.04067434,-0.00268873,-0.09153445,-0.1322386,-0.01553158,-0.09749532,-0.01990286,-0.04651193,-0.03067324,-0.16776132,-0.01796069,-0.02683712,-0.00596611,-0.00683557,-0.0384895,1.01926845,-0.36889311,0.00406243,0.0037804,0.00015382,2.71178615,0.4958668,0.38938156,0.87335616,-0.01192407,0.00562776,0.1372836,-0.02637174,0.01731942,-0.0031262,0.0022618,-0.003,0.02026736,0.02,0,0,,,0.28859437,0.12251619,1.46738157,0.07660369,0.02463474,0.00136512,,-0.01311692,-0.00460514,0.002,-0.00138574,,-2.2e-06,,,-4.88e-05,-6.49e-05,0.00031519,,,,,,,,,,,,0.06238389,,-0.00219332,,-0.00276178,,0.00044486,,,,,0.13369045,-0.00442312,-0.2254573,,,0.07451653,,-0.01490279,0.00365329,0.22210528,,0,
250,2023-09-30 00:00:00,1916.95952381,105530986.94011,3282.38060077,197825536752.09,-16.45990796,-18.08144272,0.36209236,-0.11194053,-0.06552588,-0.00082268,-0.33420367,-0.09197573,-0.04990571,-0.14066303,-0.00013665,,,-7.833e-05,0,-0.3756306,,-0.00162603,-0.00261841,0.02716038,-0.01202153,-0.01863151,,0.06323491,0,-0.00014534,0,,-0.00159157,,-6.089719,-7.40803661,-0.70179437,-0.74653601,-1.17192791,-0.84569236,-0.30894349,-0.00922052,-0.25649053,-0.0577683,-0.01110048,,,,,,-1.01199929,-1.12868914,-0.36665834,-2.36800578,-1.27454006,-0.44722741,5.53139869,-0.38299973,0.45461837,-0.01116703,,-0.00280944,0.03403952,,,,,-3.84419936,-0.5428929,0.29507846,-0.39461961,-0.1005006,-1.267904,-1.30357712,-0.19036378,0.08315115,-0.07282211,-0.17669148,-0.3198573,-0.29112081,1.57910988,-0.12628465,0.05398176,-1.72694748,-0.03727251,-0.00163674,-0.08315108,-0.01278854,-0.18940696,-0.00909653,-0.01506785,0.00233585,0.00328743,0.02868369,0.00202414,-0.06086025,-0.01613209,-0.01024409,-0.06206781,0.00953457,-0.02299458,-0.00024461,-0.02694487,0.00488444,-0.00856069,-0.01271227,-0.02384561,-0.00053339,0.0170706,0.00011505,-0.0027442,-8.04e-05,-0.00083615,,-0.00496275,0.0005667,-0.00407261,-0.01400561,-8.363e-05,0.00076197,-0.00278195,-0.0002248,-0.00016483,,,,,,-0.09138255,,0.06423554,-0.15600397,-0.01151093,-0.28707348,-0.02365372,-0.03169431,-0.03730428,,,,,-0.00544538,-0.02366088,-0.36278059,0.2548481,-0.00106642,-0.00552339,-0.00057367,1.31201898,0.99335196,0.54349865,1.13179832,0.1576834,-0.00308359,-0.16332554,0.01836618,0.01281286,0.00069404,-0.00677986,0,0.13955236,0.004,0,0,,,0.29258196,0.07778595,0.01387019,0.0863202,0.03958751,0.03477385,,-0.07849659,0.0656171,0.001,-0.008057,,0.20218575,,,-0.00415769,-0.00139116,-0.00202992,,,,,,,,,,,,0.04648946,,-0.030454,,-0.00096725,,0.0008756,,,,,-0.0838562,0.06312993,0.24516842,,,0.04304982,,-0.22753455,-0.02731783,-0.06009075,,0,
251,2023-10-31 00:00:00,1913.03636364,105079360.35753,3268.33344385,210156354511.23,-14.12996373,-9.59839207,-2.72249564,0.5717396,-0.33347535,-0.1095406,-0.17076969,0.09285821,-0.22091841,-0.06367085,-0.00013322,,,-0.18586434,-0.04979627,-0.19618767,,-0.00179424,-0.26011412,-0.04785589,-0.00816597,0.00612949,,0.00283245,0,-0.0553521,0,,-0.03523998,,-5.55799913,-1.88925969,-1.47924967,-0.23610272,-0.36422964,-0.42406675,-0.25350827,-0.01851293,-0.03987369,9.7755357,-0.00734199,,,,,,-2.95399793,-0.91948013,0.02404088,-3.89728363,0.47812357,-0.58085316,-0.64249205,-0.10499993,0.03247117,0.00530241,,0.05552574,-0.01369881,,,,,-0.77457349,0.59234733,0.09054968,-0.12469744,8.40923459,7.63116555,-0.09494722,-0.12930366,-0.27346362,-0.03719845,4.50826101,-0.23006122,-0.06113536,-0.02258776,0.04627921,0.02395217,-0.02200358,-0.08008965,-0.00655709,0.22286404,-0.00765964,-0.05520457,0.01837918,-0.01738138,-0.77438217,0.09566488,0.00272211,0.08659539,0.000472,0.06288643,1.22465225,-0.00014205,-4.65e-06,-0.01220167,-0.00022356,0.01736852,0.0044837,-0.00908896,0.00239386,0.00017732,-0.00050378,0.04461497,0.00024509,0.00024386,-9.551e-05,-0.00183356,,-0.02077161,0.00015668,0.00158898,-0.00319604,-4.775e-05,2.784e-05,-0.00021642,6.19e-06,-4.586e-05,,,,,,-7.77824706,,-1.0961606,-4.2569201,-0.40900798,-6.8815645,-0.43618099,-0.76105826,-0.82782124,,,,,-0.0484262,-0.02254495,0.05570968,-0.18810971,0.00155623,0.00191327,0.0001617,-0.65332711,0.26401054,0.32807063,0.04465888,0.00824735,0.02002034,-0.00627717,-0.02399593,0.01678847,0.01418507,-0.00608219,0.012,-0.02647169,0.012,-0.01498549,-9.508e-05,,,0.58620777,0.43886905,-0.29131866,0.1763907,0.10384191,0.24509291,,-0.01684592,-0.00978172,0.011,0.01302876,,0.08,,,0.00129644,0.00068632,0.00072183,,,,,,,,,,,,0.01826623,,0.02726827,,-0.00070777,,0.00950967,,,,,-0.27300185,0.1564795,-0.02532741,,,0.14677011,,0.13246737,0.19981457,0.61951429,,0.014,
252,2023-11-30 00:00:00,1985.27272727,104059632.60282,3236.61636532,212257945373.5,17.02009545,-6.17437478,0.36257346,-1.21184411,-0.30343679,0.40283695,0.92301498,0.04281198,0.0396699,-0.26353028,-0.00013298,,,-0.06192752,-0.43074865,0.06712327,,-0.02658264,-0.00708599,0.02496041,0.00262135,-0.03101696,,0.02460265,-0.01247383,0.00585204,-0.01247589,,-0.01146205,,-0.35431805,-1.10665188,-0.74338664,-0.20871821,-0.6854286,0.59980172,-0.1393768,0.00212894,0.20319407,0.31421309,-0.01217152,,,,,,-7.47899474,-4.45973447,0.00542934,-0.07230123,-1.50718557,-0.12138758,-1.37375018,-0.01799999,-0.15008624,0.01194982,,-0.02914231,0.05872424,,,,,-2.06537673,-0.67955739,0.33178717,-0.33491423,-0.72309925,0.58903309,0.61740057,-0.10646231,-0.19758023,-0.15656736,-0.4070066,0.15700914,0.1524515,-1.62125932,0.21884621,-0.0509984,1.6503989,-0.02764215,0.00660206,0.03176358,-0.05748483,0.1661599,-0.02653644,-0.01728634,0.00220104,-0.01678259,0.04430541,0.08969053,0.0539494,-0.0030531,0.04127774,-0.00552879,0.00159732,0.00862463,-0.00027377,0.07109552,0.00053052,-0.00565986,0.01237178,0.02110659,-5.677e-05,-0.15832945,-0.00156683,0.00458593,-8.958e-05,0.00060879,,-0.01226499,-0.00591434,0.00495858,0.01455282,-6.67e-05,0.00211782,0.00291176,0.0001977,-2.403e-05,,,,,,,,,,,,,,,,,,,-0.02826404,0.00763698,-0.31669177,-0.16652133,-0.00511217,0.0036709,0.00041303,-0.2759615,0.15013006,-0.22473945,-0.02026219,-0.03813667,-0.05821657,0.20980488,-0.00902216,-0.00910495,-0.00904782,0.00223004,0.009,-0.02049689,-0.011,0,0,,,0.26398649,-0.0106383,0.52661709,0.02612202,-0.03895212,0.19811807,,-0.01409859,-0.02050633,0.007,-0.02541062,,0.048,,,-7.559e-05,-0.00275553,0.00130298,,,,,,,,,,,,0.08545522,,-0.00121948,,0.00270716,,0.00490483,,,,,-0.27135608,-0.00915552,0.16307736,,,-0.05320037,,-0.0497568,-0.06159697,-0.01155342,,0,
253,2023-12-31 00:00:00,2034.62619048,103754344.90909,3227.12085663,214472605160.79,2.60728803,2.42444872,2.46013875,0.11974744,0.32240968,3.75596072,-0.02113671,-0.00348745,-0.22731124,0.1210438,-0.20791176,,,,-0.4378713,0.22085475,,-0.00178661,-0.00023565,0.08778166,0.00214401,-0.00919483,,0.01303738,-0.01247782,0.013615,-0.01246114,,2.85e-06,,-11.60876702,-3.46125304,-1.50566956,-0.30085949,-0.42368339,-2.46929644,-0.08293683,0.00228216,-0.47225682,6.63862883,-0.0255631,,,,,,-14.17299005,3.6706633,0.02661119,3.00849374,-1.10751203,-0.21306096,-0.4129912,-0.08599994,-0.14533489,-0.00097594,,0.00143405,0.00535988,,,,,-1.25642325,0.86692914,0.49775102,-0.18482981,-0.3419076,0.80740596,0.50980242,0.09937196,-0.04885974,-0.02506087,-0.13656334,0.02932104,0.14693439,0.03923247,0.26194013,0.06196742,0.22106589,-0.10035483,0.01456465,0.00924325,-0.13268667,0.24435195,-0.01759955,-0.02581178,-0.03063287,0.04839114,-0.01840357,0.00742794,0.07189407,-0.10231661,-0.03226174,-0.00866694,0.07045338,0.01502026,0.00865316,0.11278639,0.00114095,-0.01644567,0.02089089,-0.07271651,0.00108931,-0.10302194,-0.01082237,0.00507697,-8.131e-05,-0.00283059,,0.00408658,7.69e-06,-0.05586965,0.01154587,-0.07466718,0.00667624,0.00231218,0.00021838,-0.00097948,,,,,,,,,,,,,,,,,,,0.00963854,0.02443229,-1.172384,-2.16385203,-0.00068094,-0.00816332,-0.00051287,2.96626628,-0.54620844,0.13871822,-0.32331221,-0.02075362,0.00560001,-0.0380204,-0.00278432,0.00304924,0.00300012,-0.01824475,-0.003,-0.06987844,0,0,0,,,0.98127513,-0.25814533,0.10185502,0.07244148,-0.0010162,0.03697499,,-0.00091629,0.07819723,0.005,0.02015226,,0.042,,0.0764383,0.00265355,-0.00044815,0.00048267,,0.041,,,,,,,,,,0.10774055,,-0.00016662,,0.00011303,,-0.01010971,,,,,-0.40352279,-0.00248862,0.12813679,,,0.02058265,,0.19177432,0.05808408,1.03576118,,-0.017,
254,2024-01-31 00:00:00,2035.27391304,102124262.1008,3176.41961387,210148874823.16,-27.97894672,-3.44337332,0.6698162,0,-0.98887871,-3.58693085,0.01397752,0.24318353,-0.3046357,-0.18679203,-0.00011195,,,,-0.00012441,-0.30947016,,-0.03900361,-0.26643596,-0.02471057,-0.01377601,0.00907334,,-0.00299132,-0.01249206,0.01096831,-9e-08,,-0.00097268,,-1.29900302,-1.32714628,-0.56557582,-1.46270199,-0.33518923,-0.7994009,0.86239207,-0.00087488,-0.89059101,-0.11106933,-0.02980113,,,,,,-8.99399368,-0.21109571,0.06468814,-0.01332333,-0.7873932,-0.19138499,-0.02230849,-0.002,-0.04514123,-0.0228406,,-0.00206223,-0.02065184,,,,,4.41401446,-0.91955857,0.45683635,-0.00469027,-0.54246804,-1.15957439,-0.76233026,-0.33728227,-0.33199458,0.07042881,-0.34707133,-0.14057225,-0.21723759,-0.09334144,-0.08815698,0.04946071,-0.15245544,-0.00854429,-0.03087705,-0.0529975,-0.02548406,-0.12860299,-0.0065768,-0.02961267,-0.00624666,-0.01336453,0.00794063,0.08905503,-0.05915369,-0.0099204,-0.01844009,-0.01165198,-0.00643164,-0.01988756,-0.00919426,-0.09326482,-0.00244104,-0.00574353,-0.00521595,-0.01956306,-0.0006922,-0.04055529,-0.00348529,0,-0.00010252,-0.00654374,,-0.00806067,-0.00264291,0,-0.01750519,-0.00130253,-0.01132451,-0.00314995,0,-0.00052421,,,,,,,,,,,,,,,,,,,-0.0182014,-0.03669552,-0.13090333,-0.46893682,-0.00409879,0.00379421,-0.00015841,-0.36643898,0.53556906,0.35396817,0.77933852,0.10749667,0.06357983,0.17546216,0.01131883,0.02032351,-0.00011865,0.00762157,0,0.01144765,0.009,-0.02617036,-0.00081175,,,0.4867464,0.35625899,0.37064317,0.12758708,0.05383053,-0.02466446,0.08500033,0.00621406,0.04584554,0.005,0.01077917,,0.017,,0.00130911,-0.00038057,-0.00224636,-0.00135286,,0.04971815,,,,,,,,,,0.17342788,,0.02719552,,-0.00180203,,0.00809255,,,,,-0.1465879,0.06822926,-0.2571961,,,0.01074376,,-0.23693561,0.07240253,0.05470986,,0,
255,2024-02-29 00:00:00,2023.23809524,100560809.01194,3127.79078704,206408144897.37,-28.21077735,-6.25552383,0.17734879,-0.72156387,-0.54084582,0.20096907,-0.43246455,0.08769306,-0.08260072,-0.20182605,-0.00010522,,,,-0.63935803,-0.11678296,,-0.02629274,0.00220496,-0.0006158,0.00137895,0.00613108,,-0.00543891,-0.00831095,0.00020841,0.0061478,,0.00069915,,0.68085703,-3.14211589,-0.4643663,-0.06515958,-1.63300023,-0.41063995,0.27414014,-0.00195483,-0.01480948,0.12473271,-0.02626095,,,,,,-5.8289959,1.17566321,0.15009729,0.1831736,-0.44916781,-0.10469081,0.21442019,-0.03699997,-0.06623187,-0.00264424,,-0.0009017,-0.00471514,,,,,-1.68677931,-0.31399063,0.24814831,-0.21461241,0.24799833,-1.04422977,-0.68994924,-0.42024724,-0.0800651,-0.17332464,-0.21842195,-0.00739327,-0.27110795,-0.24665252,-0.04315005,0.09794997,0.2966612,0.2192759,-0.00502297,-0.09613103,-0.01095605,-0.1771542,-0.01273278,-0.00082315,0.32118432,0.01907245,-0.010762,-0.04870967,-0.05021824,-0.02061856,-0.02311063,0.00124748,-0.07213786,-0.0156731,-0.00025231,-0.09147565,-0.00139025,0.00600071,-0.06358165,-0.01664849,-0.00144795,-0.28715738,-0.00050724,0,-8.25e-05,-0.00025001,,-0.00276203,-0.00496053,0,-0.00337528,-3.821e-05,0.00103571,0.00600056,0,0.00094371,,,,,,,,,,,,,,,,,,,-0.02278462,-0.02738198,-0.27026817,0.06756392,-0.00605461,-0.00053796,-0.00010956,1.0292904,0.39656027,0.26760953,-0.02072867,-0.02657813,0.01719323,-0.07277863,0.01675518,-0.00053054,-0.00030965,-0.00046986,0.006,-0.00593374,0.001,0,0,,,-0.0076688,0.36707539,0.32200127,0.25299809,0.11551277,0.06454022,0.01106185,0.00335135,0.07688346,0.256,0.00310313,0.054,0.04,,0.00096723,-0.00028166,0.00228569,-0.00055726,,0.00028185,,,,,,,,,,0.0942694,,-0.00267657,,-0.00088845,,0.00469711,,,,,-0.04674075,-0.01253725,-0.00805999,,,0.03068412,,-0.14873894,0.07375047,-0.34996581,,0,
256,2024-03-31 00:00:00,2160.6952381,100136408.26961,3114.59044841,222314427778.78,7.22854838,-1.77798345,1.34916962,-1.46707723,0.20219376,0.32516569,-0.10910142,-0.00338678,-0.08925368,-0.00174236,-0.0001013,,,,-0.64013561,-0.26103189,0.06572837,-0.05366323,0.00069116,-0.01545884,-0.00652843,0.04325864,0.01345202,-0.01634132,-0.02885397,0.00628982,-0.01876431,0.01781066,0.02471586,,-3.0412985,-7.4413848,0.14582319,-0.38525529,-0.42533953,-0.39670431,0.26944283,0.00953508,-0.02133277,-8.44131174,-0.04123045,,,,,,-2.45099828,2.43290166,0.10577679,1.16958739,0.68641007,0.07719988,0.45605661,-0.16599988,-0.07783549,0.01595586,,0.01630572,-0.0366925,,,,,1.81807436,-1.131612,0.79853177,0.02545869,-0.50802487,-1.01668268,-0.41896486,-0.29781648,-0.12182118,-0.02504925,-0.31315488,-0.12246187,-0.21022404,-0.66840141,0.12356484,0.00014045,-0.50277781,-0.031715,0.02186999,-0.13867385,0.00256755,-0.18973398,-0.03315519,-0.01475235,0.1442203,-0.04771261,0.03228487,0.00555105,-0.03390399,-0.43024111,-0.01094066,-0.0072607,0.02569562,-0.02686288,-0.00020803,-0.08293776,0.01173723,0.00243865,-0.00835862,-0.01123724,0.01312278,-0.04554618,0.08837715,0,-8.789e-05,-0.00677014,,-0.02197079,0.00050769,0,-0.00136247,-2.877e-05,0.00210261,-0.00027932,0,0.00014178,,,,,,,,,,,,,,,,,,,-0.0138173,-0.04013208,-0.78458076,-0.24239079,0.00164679,-0.01181889,0.00047933,0.88282148,0.07058092,0.66883938,0.6712895,0.07827643,0.03158268,-0.20774711,-0.00826901,-0.00822599,-0.00847295,-0.00223371,0.018,0.00275696,0.01,0,0,,,1.08977851,-0.08538589,-0.34697386,0.16444781,0.01865816,0.24390041,0.01201955,-0.01200809,-0.03504493,-0.025,-0.01245815,0.006695,0.019,,-0.00277897,-0.00212581,-0.00475719,-0.00582715,,-0.00125673,,,,,,,,,,0.16952692,,0.14198259,,-0.0011224,,0.0200314,,,,,0.0057337,-0.04551148,-0.00440518,,,0.00069272,,0.18658777,0.32673889,-0.01292933,,0,
257,2024-04-30 00:00:00,2329.98409091,99089207.803205,3082.01887303,229220738562.53,2.0412487,-3.67285414,0.23891209,1.12335542,0.64823056,0.0300806,0.36813276,0.27203962,-0.0122625,-0.1097289,0.04143062,,,,-0.0018973,0.05862454,0.01312598,-0.03895493,0.12766969,-0.01000256,-0.00461061,-0.03099893,-0.00021194,0.01088392,0.01398663,0.00600016,-0.00901088,0.01779548,-0.00123844,,-5.67293984,-9.5260389,-1.3574916,-0.57557113,-0.51689266,-0.43016715,-0.00942314,0.00400757,-0.01869327,-0.21218974,-0.00829098,,0.2177149,,,,-7.08699502,-5.2841535,-0.13638321,-0.5994084,-2.10193248,-0.57596212,-0.4638726,-0.07199995,-0.10291228,0.01309101,,0.01399893,-0.03527212,,,,,-7.23612107,-1.3925748,-0.15320936,-0.90331941,-0.59828129,-0.82359304,-1.00213177,-0.53712126,-0.10998378,-0.19234186,-0.2460481,-0.15578347,-0.33688888,-0.04571852,-0.88393981,-0.66032161,-0.07769704,-0.05499599,-0.0146976,0.25205575,-0.03307986,-0.33965602,-0.00980747,-0.02071623,-0.51317664,-0.10505665,-0.28614485,0.0592552,-0.03274214,-0.07799535,-0.01460742,-0.01619923,-0.07051821,-0.02559922,-0.00026763,-0.22128934,0.01361205,-0.03980275,-0.00452661,-0.01085755,-0.0019437,-0.10332356,-0.00037876,0,-9.929e-05,-0.00268944,,-0.02363386,-0.00393995,0,-0.00624176,-3.962e-05,0.00115816,-0.00127929,0,0.00199404,,,,,,,,,,,,,,,,,,,-0.02113095,-0.03589009,-0.53284094,0.03914789,-0.00054584,0.00391757,-0.00111456,4.18697826,5.44640741,1.78778886,4.23766345,0.20603713,0.05753158,0.24340503,0.13136522,0.07243845,0.02014003,0.05938819,0.015,0.04900863,0.085,-0.01741641,-4.96e-05,,,2.77910965,0.68267098,-1.07800608,0.15851697,0.1039854,0.15450429,0.04916027,-0.00710291,-0.14499863,0.019,0.02902054,0.00882236,0.02658,,-0.01623567,0.00381169,0.00669734,0.01078258,,0.00080173,,,,,,,,,,0.30878459,,-0.14288531,,-0.04027073,,0.00128123,,,,,-0.37622723,-0.01935645,-0.06210142,0.00938991,,0.02307217,,-0.21004404,-0.35424129,-0.00960258,,-0.03838615,
258,2024-05-31 00:00:00,2349.22173913,99358130.478376,3090.38330321,233886001052.42,0.01335634,-2.25700087,-0.50139621,0.06273522,-0.09521228,0.3249902,0.12170891,0.35287856,-0.12599439,0.09012751,-0.0001129,,,,0,-0.03885927,0.01295516,-0.08679335,-0.13178908,-0.01762009,-0.00192169,-0.01243507,9.696e-05,0.01993908,-0.0385058,0.02475907,-0.01552051,-7.13e-06,-0.00028902,,-0.34807262,0.44673688,-1.21247548,-0.10229916,-0.50267415,0.17368249,0.16773133,0.0188705,-0.47691823,0.10722357,-0.02016206,,0.21759472,,,,0.33999976,0.16632989,0.12419009,-0.00298363,0.82948401,0.04833504,-0.00728659,-0.04599997,-0.209014,0.01862446,,0.00327842,-0.00998186,,,,,0.36862352,-0.23964312,0.91296767,4.30865189,-0.49300549,0.20352863,0.03219434,-0.03153799,-0.18685523,0.20178834,0.0617234,0.09523568,0.01605419,-0.01688388,0.05144469,-0.00115721,-0.0681876,-0.02185521,0.0043277,0.03335049,-0.01355751,0.08079411,-0.00577347,-0.01950378,0.00158867,-0.02341478,-0.07539694,5.118e-05,0.01757514,-0.00763599,0.00544555,-0.00826685,0.01280707,0.00519075,-0.00026201,0.0366738,0.00036805,-0.02218869,0.01134109,0.00581266,0.00052593,0.08361863,0.00029461,-0.00253461,-8.809e-05,0.00013213,,-0.00369606,-0.00605106,-0.00537727,0.00744167,-3.971e-05,-0.00016971,0.00159451,-0.0007049,4.018e-05,,,,,,,,,,,,,,,,,,,-0.0146115,0.00150949,-0.10170548,0.73999621,-0.00514307,-0.00170308,0.00032643,3.25438894,-0.78076493,-0.13170486,0.60153542,0.04009158,0.08054147,0.08143203,0.08760566,-0.02690429,-0.00616572,0.05896535,0.003,-0.00884546,0.015,0,0,,,0.58733888,0.22735106,0.31283619,0.13899707,0.13638684,0.05598488,0.0199,-0.00155294,0.04346527,0.023345,0.01557948,0.01011064,0.04730711,,0.00597,-0.00127374,-0.00025664,0.00181219,,0.00199,,,,,,,,,,0.16764844,,0.16732226,,-0.00043957,,0.01792658,,,,,-0.16958977,0.07197014,0.06527199,0.00313886,,0.1002038,,0.31618048,0.32004844,-0.93823675,,-0.00085207,
259,2024-06-30 00:00:00,2326.3325,99927837.993752,3108.10318768,233497278355.01,-3.15118636,-2.65993597,0.79346137,0.00076525,0.08333004,0.30952458,0.22943005,0.23831275,-0.13652434,-3.52041626,-0.00011426,,,,-0.50799363,-0.02479127,0.02637331,-0.05155812,0.13417241,0.01281831,0.03132597,-5.538e-05,-4.11e-05,-0.00122752,-0.00176442,0.00027628,-0.00901682,-6.8e-06,-0.01126998,,5.72902126,2.14442372,-0.42121258,-0.06665345,-0.15051349,-0.11730775,0.88704748,-0.00189298,-0.0242828,-0.08657611,-0.02114443,,0.80197145,,,,0.76499946,-0.02650415,0.35408999,0.21261665,-0.4387935,-0.16443466,-0.14818371,-0.02399998,-0.06689593,-0.00633319,,0.01586413,-0.02175995,,,,,4.03047179,-0.17202214,0.95395549,4.18787227,0.07433502,-0.11773729,-0.0903369,-0.07423018,0.00621031,0.48838503,-0.15694039,0.12201298,-0.40942008,-0.01387941,0.03680552,-0.10030553,0.01839609,-0.02645957,0.00637407,-0.08080874,0.00254206,-0.04464602,0.04666597,0.00218462,0.00838548,-0.00298772,0.045563,0.00832992,0.00242621,-0.01851267,-0.01082688,0.00069048,0.03016066,-0.00231839,-0.00023996,0.00805812,0.07004465,0.00376677,0.01836614,0.00079223,0.00015477,-0.01413335,-4.007e-05,0.04436515,-8.874e-05,0.00056669,,0.00312444,-0.01011244,-0.00800144,-0.13365367,-3.98e-05,0.001916,-0.00233867,8.55e-06,-1.794e-05,,,,,,,,,,,,,,,,,,,0.00048743,0.00158723,-0.21543588,0.26558116,-0.00264164,0.0003288,-0.00133094,3.54758071,1.474165,-0.20484959,0.66116911,0.02287826,0.03725407,0.02623496,0.07944046,-0.00021559,0.00570807,-0.02358868,0.006,-0.02323395,0.024,0,0,,,0.53716856,0.31884377,0.04643154,0.07312459,0.17979032,0.10344762,0.014925,0.02631376,0.17147979,-0.002985,-0.00767067,0.0015664,0.09689776,,0.00199,0.00104322,0.00146518,0.00152179,,0,,,,,,,,,,0.14196381,,0.0280921,,-0.00073511,,0.00974802,,,,,0.110821,0.02820345,0.01650011,-7.186e-05,,-0.01516214,,0.65788887,-0.07775218,-0.06699051,,0.00064023,
260,2024-07-31 00:00:00,2395.30652174,101472540.50485,3156.14880635,246470472289.69,16.99014582,3.20737906,2.82809609,1.24526131,0.76658827,0.55763105,-0.1476162,0.06254963,0.06073318,-0.00151673,-0.0001118,,,,-0.00032648,-0.0834141,0.02615759,-0.00874512,-0.00218715,-0.04047097,0.17353737,-6.348e-05,0.01269569,0.04059876,-0.00902841,0.01849743,-0.01051601,-7.75e-06,0.00124001,,0.56982623,8.6822315,-0.3833142,1.05790377,-0.07264729,0.30217987,0.93838774,0.00371351,0.30785177,-8.22157894,0.5258172,,3.68844867,,,,1.04199927,17.76450662,0.23462322,-13.6663807,0.13192192,0.01574155,-3.84996271,0,-0.1541809,-0.14889145,,0.00260324,0.00597846,,,,,2.36948977,0.0813116,1.72967055,1.43039006,0.04473894,0.27706448,0.32528373,0.36752643,0.02061914,0.23731332,0.05536771,0.13656117,0.18133114,-0.03292686,0.1372684,-0.005935,0.1021419,0.02030056,-0.01246588,0.00385277,0.00522867,0.08607292,0.0067263,0.01195444,-0.3686203,0.00523121,0.21257153,0.0670155,0.02378234,-0.01020801,0.02020584,0.00335462,0.00314492,-0.00290871,-0.00028637,0.03539137,0.00369473,-0.00711884,0.00784652,0.00786088,2.599e-05,0.0589621,-0.00041559,0.0043368,-9.31e-05,-0.00267196,,-0.0034172,-0.00577217,0.00164345,0.00268752,-3.901e-05,0.00043984,-0.00099393,-0.00499743,-0.00200973,,,,,,,,,,,,,,,,,,,-0.01152296,-0.00761049,0.07499452,0.12721077,-0.00105659,0.00050862,-0.00102014,2.39599299,-1.17119234,0.58525212,-0.71242082,0.01965139,0.08615606,0.03306923,0.04330803,0.03512314,0.0379167,-0.00497602,0.009,0.0142589,-0.002,-0.03641762,-0.00036382,,,1.20120921,0.97757647,0.22576197,0.16957882,0.28822049,0.02562505,0.040795,0.02983606,0.00952907,0.11343,0.00885143,0.0153366,0.09811018,,0.002985,0.00364075,0.00441131,0.00336012,,0,,,,,,,,,,0.31892373,,-0.0009522,,0.00021078,,0.00434296,,,,,0.16736954,0.15976538,-0.09529683,-0.00013418,,0.00033875,,0.90789206,-0.21987666,-0.01098914,,-0.0095092,
261,2024-08-31 00:00:00,2469.93181818,102403389.33517,3185.10144132,257597743637.68,16.69156429,-14.94345458,6.27986344,1.93042207,0.70708329,0.77490838,0.45241726,0.31249393,-0.17661916,-0.15508596,0.04139952,,,,0,0.1534553,4.87116572,-0.02664814,0.12394457,0.00923406,0.07258682,0.00612428,0.00052895,0.06056974,-0.01436969,0.01796759,-0.00370129,-8.74e-06,-0.01352719,,2.84354813,0.54975676,-0.70280648,0.13120582,-0.45973425,0.62053043,0.11303435,0.0252997,0.13155959,-0.00111575,-0.03312653,,1.00714261,,,,0.46799967,0.78848422,0.31485826,0.04617585,0.34212892,0.20782408,0.35177634,0.00699999,-0.58601352,0.00630133,,0.00638433,0.06155602,,,,,-2.59861201,-0.08669469,0.93359291,-0.09112567,-0.09735735,0.77611426,0.71083969,0.79345087,0.00223571,0.08217514,0.17687315,0.18423426,0.13550922,0.00731023,0.19367492,0.06895859,0.19581122,0.23426743,0.0031944,0.03348052,0.00326557,-0.47552699,0.00552478,0.02854456,0.00144642,0.00240944,0.02940733,-0.00013158,0.04828268,-0.0210644,0.01935883,0.00197092,-0.0174628,0.00622968,-0.00026979,0.06718211,0.00049562,-0.09968533,0.0140235,0.01598171,0.0012096,0.04252148,-0.0210415,0.0516618,-8.526e-05,-0.00035582,,-0.00037384,0.00042372,0.00493326,0.00822942,-4.002e-05,0.00036867,0.00226856,8.88e-06,-0.00099419,,,,,,,,,,,,,,,,,,,-0.00219034,0.01167511,0.38722177,-0.07352389,-0.00287259,-0.00082403,-0.0001087,-2.88157653,-0.34981786,0.35676367,-0.61876115,-0.12228948,0.04576964,-0.14358648,0.02484588,0.03733689,0.01137114,-0.01075009,0.021,0.04600617,-0.017,0,0,,,0.98385799,1.35991693,-0.37938312,0.27901133,0.42281612,0.68672661,0.0107172,0.0920386,0.18708546,0.06567,0.03542575,0.0022737,0.05265996,,0.008955,0.00702891,0.00238182,0.00424166,,0,,,,,,,,,,0.3642193,,0.02608139,,0.0010639,,0.03556288,,,,,0.19039159,0.2876196,0.40040752,-0.00143254,,-0.00237716,,1.87599748,0.45043933,-0.00318021,,-0.00100531,
262,2024-09-30 00:00:00,2567.12380952,103004834.49832,3203.80847698,271201998721.91,9.20497403,3.56577162,-0.0703647,1.39855681,0.79579788,-0.20272307,0.36001595,0.36078904,-0.00371045,-0.00151258,0.06214725,,,,-0.06257971,0.62620071,0.05445777,-0.00153064,0.00370842,0.02058692,0.07980227,-0.01242698,-3.27e-05,0.03942891,-0.0096731,0.00663626,-0.00979751,-6.85e-06,0.01249807,,-2.09442403,-3.15663188,-3.27816245,-0.0680969,-0.2538421,1.17321846,-0.12133493,0.01266461,0.11819395,0.01454218,-0.01724689,,2.71654814,,,,-0.61999957,0.11772503,0.38679693,0.0244895,0.29983417,-0.01559372,0.00747378,0.001,-0.03176147,0.03648386,,0.0287702,-0.0025966,,,,,1.08502479,0.08911047,1.34939869,-0.06566258,-0.21519899,-0.03484157,0.20962226,0.58734366,0.0056824,-0.12071109,0.0595746,0.03384978,-0.01814765,-0.01070796,0.07973299,0.04866418,-0.05501957,-0.02488474,0.00341825,0.02626616,-0.0021587,-0.07043525,-0.056014,-0.00163533,0.00098671,-0.00851608,0.0992328,0.06874129,0.0066229,-0.03128886,0.03006478,-0.00633025,-0.00229591,-0.00255239,-0.00024779,-0.02897837,0.06037812,-0.00307931,0.00157486,0.00218266,-0.00134505,-0.00248484,0.01778715,0.00062071,-8.473e-05,-0.00101255,,-0.00611474,-0.00184379,0.00122051,0.00141503,-3.721e-05,0.00131834,0.00081425,9e-07,-0.00045025,,,,,,,,,,,,,,,,,,,-0.00574144,-0.00913784,-0.02915997,-0.06403733,-0.00066398,0.00038512,0.00010852,-1.55933864,0.848272,0.82122333,0.39643267,0.04583988,0.14930129,0.00217876,0.07850205,0.17017434,0.08653671,0.07705582,0.006,0.08341009,0.02,0,0,,,-0.01362259,0.31641024,-0.03797817,0.12219593,0.20813053,0.06797556,0.014925,0.01645371,0.09856974,0.00796,-0.00528391,0.0087552,-0.05691921,,0.00995,0.00880848,-0.00146694,0.00161444,,0,,,,,,,,,,0.28182907,,-0.00171672,,0.00039732,,0.0056145,,,,,1.04846542,0.01517645,0.41399245,0.06998516,,0.03312302,,0.15220735,0.14121757,0.0693972,,-0.0001061,
263,2024-10-31 00:00:00,2690.07826087,104423391.30522,3247.93052567,286085050929.83,19.82837293,9.79254208,-0.25528164,0.31047246,0.35004634,-0.51297387,0.4014138,0.45991737,-0.00408964,-0.09365801,0.0828793,,,,0,0.10419538,0.05830439,-0.0016362,0.00135257,0.00746101,0.03920392,-0.01860175,-0.01348099,-0.01077917,-0.00646948,0.00640407,-0.00836677,-6.52e-06,0.01252993,,-5.01700922,0.49109848,-1.11530419,-0.07643448,-1.03817718,-1.07396396,0.78952818,0.01307965,-0.1147355,-0.04449991,-0.17105942,0.00305637,2.56167439,,,,-0.53281962,0.45211397,0.39637151,0.45146875,-2.02327791,-0.32305117,0.1197614,-0.03665997,-0.25222294,0.04055401,0.0028334,0.03051776,-0.06951261,,,,,-1.95468647,-0.08758108,0.50270902,0.41206699,-0.01390927,-0.93759312,-0.64633153,-0.329917,-0.05040233,0.08219863,-0.2103934,-0.34364939,-0.13861324,-0.05156618,-0.06769254,0.04906861,1.21398422,-0.01060871,-0.00249688,-0.00111998,0.01040396,-0.18548048,0.01573265,0.00592929,-0.07551372,0.13840406,-0.03010088,-0.00112213,-0.04461739,-0.2644431,-0.0913936,0.00272077,-0.00101865,-0.01383994,-0.00022757,-1.34942309,0.03965107,0.00677127,-0.01148014,-0.01478574,-0.00112453,-0.04161459,0.00031705,-0.00678416,-8.382e-05,0.00120863,0.01344429,-0.00673215,0.00067379,-0.0039893,-0.01098216,-3.19e-05,0.00283108,-0.00301419,0.00441214,-0.00132981,,,,,,,,,,,,,,,,,,,-0.00147823,-0.0175406,-0.01085866,-0.0720547,-0.00473012,-0.00280724,-0.0014598,5.85145146,3.87153431,3.21901634,4.66085744,0.90625646,0.81390174,0.24065494,0.1712349,0.2321539,0.30164887,0.27158732,0.006,0.05446965,0.319,-0.01474902,-6.642e-05,,,0.5877916,0.74304743,0.29632435,0.30551682,0.30723041,0.05507573,0.052735,0.05994163,0.0078161,0.048755,0.03970984,0.014925,0.00642202,,0.02388,0.01402666,0.00973363,0.0102764,0.046,0.000995,,,,,,,,,,0.64258452,,0.02738927,,-0.02101979,,0.00787164,,,,,0.37371483,0.21792635,-0.30561982,0.02925667,,0.01675792,,0.02048561,0.12578723,0.06515584,,0.0076186,
264,2024-11-30 00:00:00,2650.68333333,103525183.49402,3219.99313988,274741681847.31,-13.22716028,12.6103143,-0.13239845,0.3686977,-0.0357022,-0.34223308,0.18294692,0.05705899,0.03885279,-0.12433383,0.08285439,,,,-0.26126714,1.17561986,0.06566605,-0.0016362,-0.00356879,0.06607765,0.06031528,0.08647001,0.01252403,0.02968763,-0.00202171,0.01825003,-0.00743368,0.03554855,-0.00064896,,0.03354709,-11.19872312,0.11689332,0.83997113,-0.72813286,-0.03909155,0.86868101,0.02850342,-0.04159828,-0.00870588,-0.39550615,-3.372e-05,1.80750018,,,,-8.4063541,-0.91599095,0.26085401,-0.43130646,-1.47294192,-0.31249369,-0.61972379,-0.01299999,-0.17917742,0.07021384,-5.28e-06,0.01886854,-0.01952565,,,,,0.33598355,-0.99402338,0.00585536,0.53224644,-0.24648932,-1.15688697,-0.3800796,-0.03804129,-0.13034226,0.16585869,-0.25845874,0.25411507,-0.16859715,-0.88799585,0.25548815,0.1834254,-0.32792981,-0.11589794,0.00304533,-0.09564899,-0.01822113,-0.3114925,-0.02409148,-0.03787932,0.00303337,-1.8533754,-0.00133163,0.01067069,-0.03521111,0.01551847,-0.16077856,-0.10896743,0.00150973,-0.00645614,-0.00031163,-0.01006785,0.030178,-0.00098267,-0.00115275,-0.01171396,-0.00043468,0.01894927,-0.02907463,-0.00517373,-9.851e-05,0.00420656,0.00262315,0.01288441,0.00106322,0.00362888,-0.02013712,-2.556e-05,0.00079868,-0.02024038,-0.00010418,-0.00062847,,,,,,,,,,,,,,,,,,,-0.02083576,-0.01097434,-0.09461012,0.13647693,-0.00694353,0.0022867,0.00013123,-1.10329093,-2.59145647,-1.39573088,-0.17322495,0.04591417,-0.13860813,-0.01014192,0.01449431,-0.01437157,0.0726691,0.00803144,0.042,0.11488296,0.099,0,0,,,0.88394152,0.81648237,0.52295282,0.2238934,0.08793716,0.10331298,0.05572,0.05632679,-0.01481521,0.016915,0.05135449,0.0375143,0.03591798,,0.00995,0.00684199,0.01175081,0.00300447,0.02365,0,,,,,,,,,,0.52806592,,0.05781757,,-0.00144202,,-0.0341775,,,,,-1.04662307,0.16512398,-0.10961667,0.14262007,,0.02999138,,-0.03030216,0.01559663,0.03326085,,0.00600823,
265,2024-12-31 00:00:00,2638.42272727,103660544.42171,3224.20333535,270987188759.24,-6.05077538,-0.08697916,2.33236108,-0.39946398,0.23084467,-0.1096028,-0.18617694,0.01498643,-0.02587776,-0.09366223,0.10357867,,,,-0.35749047,-0.44957298,0.16053614,-0.00483126,0.12786712,-0.04829844,0.06858582,0.00576867,0.01147424,0.02594741,-0.02375491,0.01191561,-0.0045694,-6.071e-05,0.00062673,,-0.99611397,0.71442247,-0.17007447,1.16291525,-0.19527852,-0.22442334,-0.11562104,-0.00489729,-0.01768689,-0.04748961,-0.00047441,0.03113298,-0.01184096,,,,-0.94539933,-0.12224538,0.30374374,0.01148292,-0.44702659,0.06773716,-0.36294361,-0.00594,-0.06134497,-0.01301109,0.27078324,0.01459163,-0.00668072,,,,,4.39294344,-0.85773062,0.82108624,0.1129329,-0.27735014,-0.95237727,-0.65015684,0.03279987,-0.20377927,0.10596875,-0.20061306,-0.18483755,-0.24845953,-0.0760713,-0.10739536,0.16059851,-0.18321485,-0.04544579,-0.01434234,-0.06917326,0.01253977,-0.59925307,0.0108349,0.02353889,-0.00547218,-0.00113582,-0.00067463,-0.00948379,-0.05233812,-0.03131687,-0.0495513,-0.00583257,0.00682634,-0.01425872,-0.00103651,-0.02030931,-0.00222932,-0.0008401,-0.01159035,-0.01736717,-0.00011687,0.00438201,-0.00094615,-0.0060507,-0.00010057,0.00059217,0.1238026,-0.0046337,-0.0035018,-0.00148216,-0.00883322,-0.00015624,0.0033518,-0.00206442,-0.00014323,-0.00034555,,,,,,,,,,,,,,,,,,,1.846e-05,-0.01119102,0.31322408,-0.34844957,-0.00288881,-0.00094924,-0.00523358,2.22317031,1.36134799,1.28233883,0.52876362,0.58160229,0.17218666,0.25742509,0.41314192,0.12498235,0.15691806,0.12816247,0.012,0.12339985,0.099,0,0,,,0.58132591,0.08806393,-0.01171781,0.11417369,0.15763562,0.18156836,0.034825,0.01518785,0.02626546,0.004975,-0.00988511,0.0116403,0.06893471,,0.00488808,0.00535013,0.07531224,-0.00072369,0.000995,0.00094275,,,,,,,,,,0.57648165,,-0.06109401,,-0.00074975,,0.00421989,,,,,-0.80007538,-0.0110582,-0.19628304,0.992094,,0.00579432,,-0.05570304,-0.01029916,0.03626107,,0,
266,2025-01-31 00:00:00,2705.39130435,104787315.14961,3259.24982251,294725166894.7,-7.73353042,-0.75397407,1.59362358,-0.00161219,-0.24397461,0.23177062,0.08792137,0.46723007,0.08286581,-0.00139891,-0.00015258,,,,-0.06255867,0.06725253,0.11083879,-0.00173127,0.14677722,0.02582024,0.09381358,-0.04915911,0.02443738,0.02054262,-0.00681956,0.0143647,-0.00861837,0.03558063,-0.00112622,,11.64517148,5.28853636,0.81339051,-0.71662911,0.02586515,-1.02430595,1.84727792,0.01577394,0.01933613,-0.00517912,-0.0096328,-0.00014737,-0.02869935,,,,6.72459527,3.15007113,0.83664129,0.20124981,0.3038798,0.38769134,1.75017517,0.03349998,-0.01736973,0.01873964,0.0150804,0.05382755,-0.00204078,,,,,4.49716307,0.03535456,1.28972891,0.59136901,0.1022939,-0.23635927,-0.9117479,0.06164548,0.07776856,0.01051094,0.04798269,0.04220053,-0.03564582,0.5987859,0.10483364,0.20179283,0.7655823,0.02531375,-0.13619903,0.02164595,-0.02909928,0.04070569,0.05185781,-0.00720329,-0.21479739,0.01869957,0.80227636,-0.00301643,-0.24999467,0.0112546,-0.00586406,0.01377306,0.02469783,-0.01151476,-0.16011531,0.00094181,0.01408904,-0.00702819,-0.00112721,-0.02859948,-0.00035508,0.0028032,0.00995114,0,-5.83e-05,0.00201736,-0.00041977,-0.00626666,0.0001864,0,-0.07817458,-0.01193412,0.00279263,0.00058209,0,8.511e-05,,,,,,,,,,,,,,,,,,,-0.04024759,-0.00856964,0.19873355,0.24671259,-0.0121754,0.00266262,-0.01452223,-0.59443812,-1.5240747,0.139857,-1.74193429,-0.15975112,-0.13551498,-0.09986898,-0.13783089,0.07455625,-0.00378028,-0.15521744,-0.015,-0.13844885,-0.218,-0.03747837,-0.00014387,,,0.63839612,0.71955084,1.025226,0.16605615,1.17454239,1.2250439,0.040795,0.01713007,-0.01242499,0.034825,0.01585757,0.0175104,0.02493503,,0.0105586,0.00128905,0.00365726,0.00661748,0,-0.00015129,,,,,,,,,,0.51768417,,-0.02650301,,0.00026805,,0.00256787,,,,,0.36746389,0.17259738,0.3353795,0.0244703,,0.0648344,,1.10411239,-0.55425387,-0.51433924,,0.00259632,
267,2025-02-28 00:00:00,2894.725,108058609.34201,3360.99844543,306876874446.19,39.6205165,19.38057643,6.95424103,1.45640882,0.52851815,2.29478394,1.16663148,0.40191953,0.04508739,0.19816152,0.37320043,,,,-0.88507356,0.04415545,-0.06663801,-0.00147699,0.30234519,0.13526965,0.10625576,0.04318841,0.01190496,0.02938833,-0.00699823,0.0591769,-0.0028926,0.01775196,0.02555464,,0.32802596,-0.05371232,-0.03954311,-0.16248005,-0.08841866,0.31930612,-0.08309806,-0.0413308,0.09273158,-0.01357155,-0.00024413,0.01378963,-0.0413042,,,,0.37180974,-0.43692769,0.9208597,0.14156834,-0.48567892,-0.10696629,0.24247087,0.06029995,0.06902458,0.13372067,-0.00901625,0.06242657,0.00139715,,,,,-2.35351248,-0.44336294,2.24965285,1.66840966,-0.14041222,-0.15147538,0.15364187,0.11058133,-0.05120253,0.11795611,-0.03264962,0.07649433,0.05184817,-0.02007957,0.09687069,0.08823682,-0.03307718,-1.59055127,-0.00558574,-0.03806906,0.01401891,-0.00272919,0.00218531,-0.10992695,-0.01143962,-0.00524221,0.0521044,0.349747,0.00386104,-0.09073654,0.01220325,0.64103815,-0.07073299,-0.00492265,-0.00019389,-0.00034838,0.00446454,0.00094734,0.00148609,0.00142531,0.00597444,-0.02636951,-0.00106018,0,-8.099e-05,0.01119037,0.0105511,0.00128894,-0.01159628,0,-0.00533104,-4.186e-05,0.00848899,-0.00031456,0,-0.00087963,,,,,,,,,,,,,,,,,,,-0.02213178,-0.00022148,0.20112218,0.14660244,-0.01042088,-0.00129132,,5.11660828,3.86759913,3.25873017,3.65167057,1.11685633,0.81349972,0.30825172,0.27192141,0.57227557,0.64193974,0.20389471,0.108,0.20360565,0.424,0,0,,,1.45506906,1.35905487,-0.04607417,0.25545121,0.24718523,0.00406274,0.07736124,0.11463484,0.08949737,0.10746,-0.01882109,0.03383,-0.02770028,,0.01389269,0.08037878,0.00357309,0.00891336,0.010945,-4.86e-06,0.06965,,,,,,,,,1.73049565,,0.02638186,,-0.00054009,,0.06760865,,,,,0.38147512,0.36494708,0.09256515,0.06863761,,0.02726858,,-0.52070586,0.87048418,-0.01734013,,0.00115765,
268,2025-03-31 00:00:00,2983.2547619,111053098.5369,3454.13747054,346236662496.39,28.97707521,13.56144735,13.85347714,2.72654039,2.9615414,2.6512387,0.97107595,0.02884128,0.52293023,0.12134038,0.20719429,,,,-0.38701751,0.40362813,0.07266019,-0.00555803,0.40157972,0.13474242,0.10530703,0.01228852,0.04904949,0.02299874,0.00410563,0.02596377,-0.00693602,0.01773768,0.01147649,,4.9521856,-1.55831615,-0.63480023,0.18260308,-0.12741771,-0.34577844,1.61875406,0.06334311,0.09000645,0.01064704,0.00195924,0.04096209,-0.00317281,,,,0.75184947,-2.31217173,0.61341984,0.28359093,-0.00222262,0.51522857,0.66474489,-0.01649998,0.08390711,0.07069734,0.27201316,0.06658181,0.02341491,,,,,3.43185774,0.25198386,1.50768065,1.0099028,-0.49915901,0.38391718,0.11674823,0.44545795,0.07453292,0.21309635,0.33125931,0.05636583,0.01540944,0.15983825,0.17961429,0.13896683,0.08204635,0.07137599,-0.0101309,0.02999031,0.00526976,-0.023881,0.07401752,0.02726418,0.00244533,-0.00538808,-0.08484102,-0.00179567,0.0187036,-0.12282116,0.02900862,-0.03081366,0.02081224,-0.00057522,-0.00020248,0.0058556,0.00864955,0.00509672,-0.00032749,0.00702444,0.00065574,0.02340821,-0.0351003,0.07721815,-3.235e-05,0.00107552,0.17854384,-0.01264865,0.00026611,-0.01197287,-0.02284736,-3.326e-05,0.0036573,0.00334867,0.00396946,0.00322039,,,,,,,,,,,,,,,,,,,-0.01998345,0.00280635,-0.07669438,0.44174643,-0.00413217,-0.0004753,,5.70539691,0.18362308,1.16044464,0.05859617,0.18068696,0.32362249,0.05418068,0.03507224,0.12990319,-0.03393737,0.06750603,-0.003,-0.0321426,-0.169,0,0,,,2.27876904,-0.29033669,-0.4506411,0.11362342,0.10795221,-0.22917248,0.03584612,0.01870181,0.04956379,0.06169,0.01586416,0.02851909,8e-05,,0.01611348,0.01151657,0.00907627,0.00081059,0.00796,-0.00040064,0.07562,,,,,,,,,1.02020062,,-0.00260275,,0.00033254,,0.02499474,,,,,0.33321733,0.26214906,0.26508791,0.04313842,0.00323316,0.03335152,,0.29718937,0.01129377,0.09596897,,-0.00114744,
269,2025-04-30 00:00:00,3216.40681818,114790219.59963,3570.3749287,379588316238.49,10.88037049,12.44168542,5.5955226,6.87652017,0.67584408,3.37989994,1.2350958,0.66243319,0.0393199,0.27467358,0.35230617,,,,0,1.31897642,-0.08120124,-0.01767367,-0.07034382,0.1490249,-0.01073557,-0.01860475,0.4595533,0.06872702,-0.00320364,0.01193565,-0.00572299,-1.993e-05,-0.00088504,,-3.49822221,-5.86179219,-0.82929163,-1.95871112,-0.38225475,0.56146509,-1.19097171,1.03451662,0.13885705,0.11741122,0.010066,0.01225282,-0.00332213,,,,0.96263933,-4.34833653,0.4201758,0.32327013,1.78656576,0.11157824,0.15363297,0,-0.47707632,0.38271556,0.02275192,0.10648016,0.03510421,,,,,3.65539439,-1.63633167,0.85659068,2.47311984,0.2612238,1.34550612,1.42067865,1.3565224,0.13388277,0.79714988,0.34128241,0.14183679,0.33906522,0.42599415,0.41244614,-0.01122281,-0.01631771,-0.00580772,0.05064147,0.10912349,0.02662027,-0.1124054,0.03399829,0.02131209,-0.39834759,-0.79847279,-0.07152763,-0.03021523,0.08565428,-0.00555001,0.02801519,-0.09017453,0.04020358,0.00944177,-0.04482895,0.02967622,0.02107415,0.01042791,0.02149623,0.03218983,0.57136307,-0.47950463,0.08416674,0.04674239,0.00326061,0.33404055,-0.00999146,-0.0113087,-0.00185014,0.00695857,0.01060221,-3.502e-05,0.00261851,0.00418392,0.00076485,-0.00084189,,,,,,,,,,,,,,,,,,,-0.35082962,-0.4920908,0.7766838,-0.00248421,0.00346501,0.00220297,,19.45558987,10.69647788,8.85379435,12.07158179,2.28961082,2.47982956,1.68081231,1.2403295,1.49156085,1.62085552,1.07317393,0.528,0.69100364,0.617,-0.02128152,-8.545e-05,,,3.39890917,0.75318036,-0.10744767,-0.00158328,0.22886288,0.20587896,0.06816408,0.07390919,0.07656853,0.00796,0.04486659,0.04835447,-0.05859829,,0.00579708,0.03216122,0.01634053,0.00972287,0.00597,0.00258775,-0.07562,0.014925,,,,,,,,0.34309928,,-0.28323477,,-0.00046078,,0.0549184,,,,,0.42732181,0.27178825,0.35755189,-0.00485325,0.01297723,0.09092041,,0.64646028,0.24688618,0.03330461,,0.07821074,
270,2025-05-31 00:00:00,3279.64318182,114152231.30215,3550.53127451,374848361061.73,-14.06751165,-5.51803354,3.37686578,-0.00130633,-0.98598756,1.25474552,-0.50920695,0.14180257,-0.00541737,-0.21632602,-0.06248933,,,,0,-0.06867433,1.21111425,-0.0016818,-0.1345219,0.0073156,0.01754426,-0.030943,-0.03712465,0.02879684,-0.00656278,0.00581216,-0.00099531,0.01772398,0.00112413,,0.7666549,-0.70926686,-1.0354524,0.33033703,-0.3868838,0.67232904,-0.01609609,0.00702685,0.01703931,-0.13361694,-0.00034784,0.0150582,-0.00305599,,,,-1.98619861,-0.48307865,-0.09270728,0.14625428,0.02700899,0.21119709,-0.04345155,-0.2840998,0.09465693,0.05921458,0.00286454,-0.05817594,-0.01103311,0.02721216,0.01554951,,,2.98488596,-1.26392838,1.36322971,0.79962732,-0.07531329,-0.25448762,-0.06685454,0.43768344,0.00597248,-0.01341786,-0.15603681,-0.136357,-0.04868549,0.12040153,0.03279545,0.07875057,-0.09579767,0.00287676,0.00478037,-0.04652079,-0.00315346,0.08354031,-0.02203866,-0.02621576,0.03754722,-0.03149992,-0.00468171,-0.00538324,-0.00622788,-0.03518265,0.02040427,-0.01064,-0.015587,-0.00396082,-0.00021661,-0.01010832,0.0008339,0.00282959,-0.00269099,-0.00234936,-0.01060054,-0.00192483,-0.00066346,0.00178351,-8.619e-05,-0.00858594,-0.00158061,-0.00972551,0.00027405,0.00318988,-0.0013314,-3.717e-05,-0.00039219,-0.00029761,-4.688e-05,0.00060797,,,,,,,,,,,,,,,,,,,,,0.74392112,0.11332442,-0.00410261,-0.00014154,,0.68674321,-0.6935535,-1.40501454,-1.54014107,0.07404117,-0.61919736,0.18450548,-0.06429005,-0.36285818,-0.46446096,-0.1642593,0.036,-0.10116262,-0.103,0,0,,,0.51309271,-0.60567755,0.05289948,0.05871462,0.0230294,-0.22477019,0.05304936,0.01620934,-0.12050275,-0.007,-0.01802033,0.00754654,-0.00162697,,0.00837007,0.03776156,-0.0064936,0.03559171,0.00448,-0.00250371,0.07835,7.5e-05,,,,,,,,0.09260841,,-0.16956878,,-0.01842892,,0.07154986,,,,,-0.47407748,-0.04422404,0.28841622,-0.04589733,0.1326565,0.02103051,,-0.16861093,0.03448053,-0.10094821,,-0.01305572,
271,2025-06-30 00:00:00,3352.00238095,116554400.92914,3625.2471017,383791265686.98,22.32199238,10.1135032,7.31801763,-0.63876707,1.20949377,2.75885134,0.96044254,0.43468731,0.08076741,-0.00153155,-0.00026625,,,,-0.29865323,0.26196235,-0.57865558,-0.00152413,0.13589888,0.12290148,0.087553,-0.01241352,0.00429328,0.01697976,-0.00283039,0.00072556,-0.00416783,0.01772176,0.01231322,,6.26024519,6.00196606,0.61361011,0.37268854,-0.14025571,2.78810252,-2.30983377,2.6782261,0.1265769,0.11984232,0.05600141,0.01514282,0.05411787,,,,0.50343965,-0.25993963,0.33417714,0.30319278,1.22647559,0.54654575,0.42388075,-0.0003,0.12780658,0.2290381,-0.0011261,0.00071616,0.00707504,-5.78e-06,0.0118109,,,-4.6086817,0.257678,2.61028167,-0.75455517,0.0886605,0.83342488,0.89943281,0.04569685,0.03460284,0.10568645,0.27481056,0.41822161,0.23517424,-0.0373393,0.24320849,0.03865116,0.19934666,-0.00406569,0.00552744,-0.01480404,0.03536144,0.09573148,0.08893861,0.01509327,0.00144448,0.02775896,0.05000038,0.0372279,0.04115059,0.01258964,0.06777854,-0.00656474,0.01377448,0.0129363,-0.0002224,0.01415711,0.02108616,0.00387856,-0.00310148,0.01545892,0.05823668,0.15449178,0.00098134,0.01150357,-9.195e-05,0.00060761,0.00525962,-0.0013692,0.00387988,0.01863396,0.00921336,-3.826e-05,0.0029632,-0.00107675,0.00028052,-0.0012455,,,,,,,,,,,,,,,,,,,,,1.1131386,0.27960221,-0.00014011,0.00123584,,1.09092253,-0.91640721,0.08890107,-0.34860221,0.46973485,0.08760724,0.20560622,0.12159614,0.00703481,0.05351379,0.03344682,0.033,0.15395653,-0.014,0,0,,,1.82914834,0.697,0.277,0.31,0.325,0.127,0.096,0.123,0.049,0.017,-0.078,0.0263,0.007,,0.024,0.033,0.005,0.008,0.004,0.027,-0.009,0,,,,,,,,0.06701824,0.33766713,0.05453869,,-2.406e-05,,0.04826996,,,,,0.37250282,0.14917723,0.23451749,0.05296684,0.0811642,0.02704837,,0.25494578,0.49326356,0.07739709,,0.02159946,
272,2025-07-31 00:00:00,3338.31304348,117280468.17903,3647.83031754,387359171875.73,1.97033172,8.11543457,2.1431767,0,-0.27403773,1.70405134,0.21280316,0.39282331,0.10332733,-0.00155987,0.04118183,,,,0,-1.07460701,-1.14699422,-0.00162924,-0.01232874,-0.01089351,0.03531862,0.20983807,0.053007,-0.00304075,-0.00472769,0.01720901,-0.00363908,-4.128e-05,-0.0015256,,2.2526229,5.53121814,-0.08417817,0.87845602,-0.18836294,-0.6355555,0.68013666,1.7898495,0.29070602,0.04590325,0.32641949,0.00455955,-3.9509852,,,,0.67977952,-3.5913412,0.3900533,0.46702346,-0.54506668,-0.61765182,-0.94276247,0.02069998,0.01103995,0.10536458,0.00615903,0.00391068,-0.01359016,-5.77e-06,-6.77e-06,,,4.01987171,0.05941189,3.66001703,0.5589794,0.30320923,-0.63865666,-0.21545979,0.21188156,-0.16541819,0.06989485,-0.28750372,-0.12958488,-0.10550309,0.13966504,-0.07717243,0.22881477,0.04189699,0.00232576,-0.00670059,-0.07320119,0.02087871,-0.02116379,-0.01886336,0.01538186,0.07293046,0.01184554,0.09567258,-0.00387509,-0.03700133,0.10728595,-0.001909,0.02868645,0.01907538,-0.01429856,-0.02992826,-0.00395353,0.01881032,-6.536e-05,-0.01287009,-0.00407767,-0.02437896,0.09562263,-0.00086769,-0.00650865,-9.193e-05,-0.0031544,-0.00173198,-0.00310815,0.00022443,-0.00041248,-0.01726082,-3.549e-05,0.00129154,-0.00288612,-0.00054803,-0.00038074,0.00047294,0.00014699,0.00837984,0.00014709,,,,,,,,,,,,,,,,,0.06315337,0.08635471,-0.00337645,-0.0030374,,-2.15125735,0.38634329,-0.2847673,-0.89320079,-0.16613777,-0.06700959,0.19279583,0.18687376,-0.03016162,-0.0619031,-0.02346205,-0.051,0.03938545,-0.037,-0.02539804,-0.00053354,,,1.98146013,0.243,0.091,0.253,0.21,0.043,0.088,0.071,0.029,0.017,0.011,0.031,0.037,0.007,0.036,0.043,0.007,0.001,0.005,0,0.001,0.001,,,,,,,,-0.02468176,0.38863472,-0.00099889,,-0.00048172,,0.05056417,,,,,0.04361254,0.10697997,-0.17876046,0.05067648,0.03443422,0.01168115,,-1.48018792,-0.02595052,-0.01857372,,0.00102383,
273,2025-08-31 00:00:00,3361.62380952,119015870.63193,3701.80736742,408377759444.46,23.19462559,6.30367784,3.8686577,0,0.8832165,1.44042672,0.27423267,-0.03951767,0.15640882,-0.10873307,0.04118318,,,,0,0.15049029,0.11448617,-0.00168179,0.068348,0.08029914,0.06798667,0.51843061,0.0543359,0.03273301,0.00052875,0.0005543,-0.00379459,-0.01778518,0.00153019,,8.05613648,5.80089943,-0.21292204,0.66654961,0.0015007,1.38041783,0.27877147,0.3932573,0.11715608,0.08235382,-0.00205931,0.00280919,-8.94713219,,,,0.33680977,1.36357072,0.72953587,0.26651423,0.60407874,0.33177874,0.59103372,-0.0013,0.00214717,0.05098187,0.01100451,0.01193715,0.02316222,0.0124267,-6.27e-06,,,1.82757723,0.22277111,2.26001687,0.48711637,-0.21300166,0.32054121,0.58684159,0.06641989,0.02545347,0.2009922,0.19000109,0.33517878,0.09208914,0.26989066,0.6910227,0.67964211,-0.04047493,0.18131804,0.02338849,0.09745571,0.05522826,0.08217687,-0.02723714,0.0044884,0.00228607,0.0027963,-0.00015404,0.00707221,0.0161616,-0.00243585,0.0584333,0.01763647,-0.09100083,0.00347344,-0.02405347,0.00580359,-0.00613498,0.0003224,0.00791418,0.00618268,0.00410059,0.0689875,0.02637497,0.01588658,0.00329176,-0.00142577,-0.0012805,-0.00171237,0.00547858,0.00942377,0.00575303,-3.878e-05,0.0021611,0.00198863,0.00060726,-0.00018777,0.00064824,-5e-08,1.95e-06,1.2e-07,,,,,,,,,,,,,,,,,0.66662685,0.09356631,0.0013163,0.00852603,,-4.05779511,0.16875721,-1.92480744,-1.24472705,-0.37716507,-0.25645677,0.45065752,0.00557168,-0.12721523,-0.06098913,-0.06952921,-0.027,-0.13821881,-0.068,0,0,,,0.48548708,0.553,0.295,0.327,0.261,0.158,0.042,0.048,0.033,0.0904,0.035,0.0494,0.053,-0.005,0.038,0.046,0.007,0.004,0.003,0.05,0.001,0.014,,,,,,,,0.4838526,0.46014982,-0.00153485,,0.00024111,,0.0135234,,,,,0.24647713,0.21258164,0.1913083,0.06410134,0.04802452,0.00859332,,-0.12329615,-0.85117415,0.00886771,,-0.01138265,
274,2025-09-30 00:00:00,3665.19545455,123807568.15481,3850.84582001,474113630625.91,35.18861049,24.72694459,15.19851533,1.05847407,1.23813378,6.47929366,0.9191745,0.85383979,0.4517517,0.10588814,0.8287089,,,,0,1.32019016,-0.26517028,0.26764495,0.19063221,0.10376509,0.05778959,0.45656751,0.05318986,0.1023858,-0.00071537,0.00594339,-0.00376349,0.01770447,0.03671742,,12.2395651,4.48129441,0.11013946,0.65252043,0.09555052,0.25174157,0.23498248,0.15415744,0.31213329,0.18621397,0.07515284,0.0183436,-0.01247982,,,,1.85468869,0.93044412,1.21717387,0.27010104,0.57410985,0.37726989,0.65573593,0.01989999,0.0110025,0.4902734,0.50965267,0.02989499,0.00489239,0.01552804,-7e-06,,,0.299329,0.61510715,3.35811066,1.0378624,0.3099704,0.22694106,0.69000181,0.59355498,0.23121018,0.70085374,0.01524301,0.18929227,0.02106049,0.37471434,0.08427067,0.01872919,-0.04894084,0.04819523,0.02191768,0.080671,0.17444062,-0.25184921,0.03061423,0.06636198,-0.00083456,0.09159687,0.14581057,0.16614493,0.00181557,0.0342266,-0.02653187,0.00943925,0.0387265,-0.01063487,-0.00016545,-0.00012969,0.02061213,0.00561353,0.20781032,0.00069883,-0.02608541,0.00152986,-0.00014826,0.00011322,-0.01688262,-0.01154233,0.03427476,-0.01368356,0.00937653,0.00191719,0.00102299,-3.039e-05,0.01164664,0.00018629,0.00854866,0.0002292,0.00089425,-9e-08,-1.191e-05,-2.8e-07,,,,,,,,,,,,,,,,,1.99004255,0.05364524,-0.01302967,-0.00825987,,6.24819578,-2.07962957,1.45763167,-1.30351928,0.91667251,0.26843554,0.25911177,0.11198545,-0.10535271,-0.32741979,-0.28657487,0.033,-0.11824982,-0.117,0,0,,,3.38669949,2.161,0.8,1.237,1.078,0.336,0.381,0.194,0.129,0.1736,0.076,0.141,0.1,0.206,0.119,0.099,0.023,0.016,0.031,0.014,-0.002,0.009,,0.025,,,,,,3.32312328,1.65739126,0.1675527,,-0.00019051,,0.01365039,,,,,0.36676584,0.4539754,0.15414575,0.1954729,0.30333055,0.06013496,,-0.03635606,-0.54755527,0.47974779,,0.00887183,
275,2025-10-31 00:00:00,4053.27608696,125634811.60772,3907.6794443,504729897297.85,26.28029598,1.91972893,8.05253959,2.78041119,1.53451398,3.14507675,1.39459226,0.26952539,0.46475419,0.18247712,0.14466716,,,,0,0.07181396,0.57871794,-0.00181987,0.12802286,0.09370683,0.05601617,-0.08661374,0.10524026,0.03550307,-0.00796243,0.03692787,-0.0057852,0.01770947,-0.00250991,,-3.55827435,-12.77947327,-1.58041436,-0.82716705,-1.63921617,-5.54360556,-0.66425599,-0.07470589,-0.5367727,0.1540101,-0.16552303,-0.02132198,-0.01329195,,,,-3.4134176,-4.41988717,0.66243666,-0.32557192,-1.52596673,-0.4294253,-0.51027693,-0.0025,-0.17390553,0.32189178,0.09957085,0.03327156,0.00869208,0.01552161,-6.76e-06,,,2.4492849,-1.3346045,4.04281593,-0.00876699,-0.51457792,-0.96180327,-0.63402522,0.3480628,-0.08923554,-0.2397282,-0.14968675,-0.5514884,-0.02514254,-0.47049041,-0.49651627,-0.2053537,-0.3353706,0.01059496,0.01689943,-0.07450602,0.08261041,0.01819872,0.0125441,0.01149305,0.62968405,-0.02755362,-0.13058107,-0.12168025,-0.02127626,-0.03324668,-0.1094659,-0.00389209,-0.02855116,0.71652783,-0.00018121,-0.01891523,0.01061338,-0.00770381,-0.01478255,-0.00816039,-0.02321625,-0.07212862,0.01429191,-0.00037513,-3.782e-05,-0.01228053,-0.03733989,-0.00566711,-0.00222804,0.02106503,-0.00589511,-3.266e-05,0.00220236,-0.00202969,-0.00028205,0.00090052,0.00688444,0.00886839,-0.00014543,0,,,,,,,,,,,,,,,,,-1.42502127,-0.52790103,-0.01445686,6.6e-05,,9.91692934,6.00244157,4.50324405,4.653339,2.26878188,1.23552967,1.07261272,0.95825049,0.80977334,0.60674381,0.74666707,0.525,0.26240432,0.264,-0.01311447,-0.0003467,,,3.73530879,1.466,0.52,1.141,0.767,0.306,0.392,0.162,0.105,0.247,0.116,0.1109,0.025,0.341,0.151,0.085,0.019,0.019,0.045,0.01,0.008,0.011,,0.0068,,,,,,1.77810712,1.12817193,-0.08695621,,-0.00017787,,0.13403719,,,,,0.32825802,0.5481387,-0.15172551,0.56742102,0.12839188,0.06141216,,-0.56529492,-0.33489906,-0.30553132,,0.06775789,
276,2025-11-30 00:00:00,4082.9525,126952953.33521,3948.6782349,532546670025.96,6.27606571,1.02372464,-1.05973797,0,0.3192951,0.01334836,0.22775118,-0.00458548,0.27230417,0.13658173,-0.00037135,,,,-0.06189544,-0.07415537,0.16572724,-0.00154413,-0.00945287,0.09936168,0.06178004,-0.1050833,0.03826157,0.05022653,-0.02202109,0.00522908,-0.00314143,-0.01776941,0.00208931,,1.80103608,2.23333615,0.09187747,0.19343422,-0.30723404,-0.14411414,0.34680395,0.42259861,0.01780306,-0.03023098,-0.0253707,-0.00678463,-1.325e-05,,,,0.19213987,-0.93974271,0.70812747,0.42949778,0.46023222,0.00481716,-0.08349944,-0.0011,-0.02762821,0.51411605,-0.00068776,0.03925063,0.02012858,0.01085778,-6.07e-06,,,1.48465078,-0.24434929,2.08075907,0.23148456,-0.26004925,-0.20860152,0.0237833,0.02660538,-0.02019319,0.04602323,0.00205885,0.0548335,0.10741054,0.02717736,-0.77679813,-0.83086122,-0.03168374,0.02748837,0.00806328,0.0211564,0.04915511,0.00445649,0.03078184,0.02234727,0.00524557,-0.0322715,0.01648409,-0.04837401,-0.00204179,-0.01147994,-0.0041,-0.01053745,0.01206639,-0.0012278,-0.00017563,-0.00366523,0.05364191,0.01027619,-0.04054338,-0.00078939,-0.00785126,-0.00729775,0.0083255,0.03316123,0.00330836,0.00083275,-0.0011011,-0.0023932,-0.00612267,0.00688272,-0.03842483,-3.179e-05,-0.00028889,0.00047394,-4.974e-05,0.00025798,0.00770285,0.00155685,-3.76e-06,9e-08,,,,,,,,,,,,,,,,,0.44082619,-0.30040319,-0.00852898,-0.00131483,,7.29379728,1.46242821,2.54664755,1.69331993,1.38167176,0.59934768,0.27329434,0.39518796,0.33660812,0.25248168,0.13157373,0.123,0.02219833,0.056,0,0,,,3.67224623,0.705,0.861,0.389,0.229,0.115,0.039,0.065,0.041,0.057,0.073,0.0572,0.052,0.154,-0.002,0.027,0.019,0.006,0.013,0.001,0.002,0.009,,0.001,0.048,,,,,2.28680761,0.51025637,0.0834997,,0.00011838,,0.06895472,,,,,-0.25238517,0.08553145,-0.03643969,0.00080369,0.23973289,0.03056424,,-0.37336928,-0.05966215,0.0145925,,-0.0005746,
277,2025-12-31 00:00:00,4315.24130435,129390162.03092,4024.48389895,558729143554.46,25.07890354,9.76100278,6.01770685,-1.33081397,0.34761963,1.98170132,0.71866767,-0.00845673,0.29185289,-0.00166555,0.14461771,,,,-0.60365151,0.31312351,1.38470979,-0.00176473,0.00358686,0.15288151,-0.03740168,0.03856512,0.08907986,0.09607324,-0.00208391,0.01342666,-0.0067183,0.00242586,0.01071385,,3.71844726,-3.19550444,-0.23625648,0.09764992,-0.26634824,4.21734746,-0.20244875,0.21633205,0.06786865,0.01953028,0.03567162,0.00064454,0.00078248,,,,-0.5809396,-0.79858084,0.57982746,-0.16049698,0.3775846,-0.1336123,0.31366222,-0.06189996,0.00982169,0.17598645,0.04548087,0.00874583,0.0080199,0.01085037,-7.21e-06,,,2.21132833,0.16089628,2.1031139,0.08049199,0.27961578,0.66571648,0.24467748,0.45149292,0.14887677,0.20063088,0.20590272,-0.16484168,0.00990656,0.07162032,0.22402352,0.07234582,-0.20823833,0.07157384,0.01121993,0.01034084,0.03369429,0.04920214,-0.00973152,-0.00441565,-0.00485117,-0.08474614,-0.00556714,-0.00230887,0.04845544,0.01068917,0.0442467,0.01226834,0.00751656,0.02987461,0.01099523,0.01620783,0.00475257,-0.00596776,0.00644548,0.0105085,0.00231351,0.03290076,0.00710604,0.00137051,-5.085e-05,0.00593672,0.01214908,-0.0035433,0.02237605,0.01701341,0.00758609,0.0020434,0.00116172,0.00215374,0.00018777,-0.00041844,-0.00207101,-0.00085216,-1.6e-06,-4e-08,,,,,,,,,,,,,,,,,1.41808299,-0.63508668,-0.02728759,0.00728636,,0.80891792,-0.59745311,0.23121296,0.11637495,1.5905277,0.41431666,0.20411404,0.78288068,0.05157497,-0.04161277,0.19260328,0.045,-0.09225836,0.017,0,0,,,2.90095136,2.281,2.523,0.967,0.678,0.261,0.314,0.457,0.09,0.129,0.061,0.1299,0.092,0.162,0.206,0.106,0.014,0.018,0.021,0.003,-0.001,0.023,0.015,0.0029,-0.0021,,,,,1.43813273,0.567498,0.02757959,,0.00035669,,0.04360914,,,,,0.17308161,0.19913281,0.07414993,0.07014303,0.09468057,0.04721072,,0.11022312,0.02078911,1.15311318,,0.00053298,
278,2026-01-31 00:00:00,4724.61590909,133253997.3658,4144.66261153,668684683514.94,16.56152952,4.21038529,11.74528032,2.58934403,0.76319306,3.70256189,0.68057082,0.92946895,0.42146403,-0.00126692,0.06178331,,,,0,0.50279789,0.78486822,-0.00170957,0.05331583,0.07436997,-0.019377,-0.07596857,0.38682693,-0.03200774,-0.00426115,0.00461151,-0.00223943,0.05070264,0.01669791,,7.27066596,0.73867548,1.04819594,-1.47401864,-0.21789362,0.16836398,-0.45172903,0.34537534,0.07787783,2.16517273,0.19748015,0.00748523,-0.00081083,,,,0.4376697,-0.8814167,0.77482441,-0.31826376,0.2469863,0.10878435,0.3250499,-0.02699998,-0.08876914,0.46472539,-0.00064543,0.0153837,0.01130943,0.01550469,-6.51e-06,,,-1.31774536,-1.03456567,4.31793786,1.03681301,-1.11031654,0.34694169,0.56319589,0.29689398,-0.41614179,0.39068543,-0.0716891,-0.26962464,0.12881246,0.74421477,-0.89008577,-0.8243918,-0.95819116,0.48661273,-0.02108219,0.11457276,0.20417576,-0.053106,0.0491435,0.05157991,-0.22353843,0.07612833,-0.25166382,-0.05831283,0.01882544,0.01810608,0.00457276,0.08892962,-0.03051762,-0.04136003,-0.01244588,0.00350157,0.03905631,-0.00534984,0.01970018,0.01725345,-0.02778313,0.02249062,-0.03650218,0.02722307,-0.00010998,-0.03492446,-0.00359873,-0.01853177,0.02330777,0.02364985,-0.00362995,-0.00211106,0.04765734,-0.00035479,0.00036614,0.00197641,0.00928408,0.00608919,0.00134274,-4.5e-07,,,,,,,,,,,,,,,,,0.50421881,-0.05291188,0.00372048,-0.01784105,,13.09648456,4.93344692,6.81660033,4.19642622,3.14555941,1.51917462,1.05070134,1.61144198,0.66246857,0.71598716,0.14712503,0.222,0.27905169,0.115,-0.01942057,-0.00017244,,,2.03215201,5.719,2.065,1.802,1.353,0.598,1.334,0.346,0.223,0.463,0.207,0.4969,0.23,0.225,0.26,0.028,0.072,0.02,0.048,0.01,0.008,0.012,0.054,0.0156,0.0039,0.007,,,,3.9871002,1.51425192,0.2270031,0.17230907,8.3e-05,,0.04157193,,,,,0.04125513,0.5079331,0.41732621,0.34615393,0.17284056,0.02468508,,-0.18588567,0.07187819,0.41422242,,0.03908688,
279,2026-02-28 00:00:00,5019.5325,134091440.4778,4170.71000391,700792656540.64,14.26042905,1.33724147,7.74209261,0.24531119,0.34784816,2.02802163,0.21213388,0.35731652,0.4182806,0.12120081,0.08248607,,,,0,0.28822813,0.04908286,0.20441085,0.07724522,0.10612744,0.11407971,0.03683629,-0.20273273,0.01673974,-0.00357687,0.03876786,-0.00024883,0.02166072,-0.03953899,,-2.50224371,-5.90998481,-1.14546837,-1.03672441,-0.75360538,-0.8103278,-1.80428614,0.9324508,-0.25992082,0.01148134,0.07320913,0.00517022,-1.349e-05,,,,-1.5752889,-2.26888537,0.68181744,0.46256855,-0.17149838,-0.16590938,0.8049156,-0.04629996,-0.14441445,0.17400321,0.02622533,0.00518664,-0.02403993,0.0162761,0.00775182,,,1.2213957,-0.32008014,3.33844509,-0.81310617,-0.46248973,-0.62508866,0.08416495,0.34322296,-0.04269436,0.20067495,-0.34638151,-0.01261061,-0.09241633,-0.02187717,0.15404148,0.02457592,0.02698636,0.26378984,0.02918659,-0.01935107,0.11370514,-0.12989795,-0.00149474,-0.01236947,0.00789125,-0.02618678,-0.23209299,-0.0425856,0.00125773,-0.00673626,-0.05457032,-0.00525175,0.01687215,0.00368127,-0.00017335,-0.00166535,0.00217442,-0.00540816,-0.05082658,0.00037652,-0.02413839,0.0417757,0.00081331,0.01485924,-8.144e-05,-0.00612983,-0.00476366,-0.00689655,0.00900208,0.01861129,-0.03963674,-3.196e-05,0.00037362,-0.00064629,0.03543694,-0.00183307,0.0091121,0.00114094,0.00128356,0.00404612,,,,,,,,,,,,,,,,,-0.14560107,-0.03035703,-0.0106184,0.00032992,,-1.22410259,-0.27645331,2.38068373,-1.19093179,0.91690321,0.72707463,0.55317096,0.08649818,0.369632,0.28248985,0.53933497,0.183,0.06435241,0.179,0,0,,,4.09249967,0.85757803,0.84301242,0.73927605,0.17528923,0.06230966,0.25452391,0.08262003,0.07870781,0.03126486,0.06258168,0.07945395,0.01283474,-0.02145552,-0.03281149,0.04772447,0.01592522,-0.00864979,0.01717793,0.00670432,0.00759915,-0.00281655,0.001,3.061e-05,-0.00094003,0.00721143,,,,-0.77366688,-0.11041095,0.10901053,0.71727381,0.0004359,,0.01408758,,,,,0.12536784,0.31057424,0.09592453,0.12455806,0.10394448,0.00818165,,-0.35959494,-0.03447392,-0.21161364,,0.11376412,
280,,,,,,,,,,,,,,,,,,,,,,,,,,,,,,,,,,,,,,,,,,,,,,,,,,,,,,,,,,,,,,,,,,,,,,,,,,,,,,,,,,,,,,,,,,,,,,,,,,,,,,,,,,,,,,,,,,,,,,,,,,,,,,,,,,,,,,,,,,,,,,,,,,,,,,,,,,,,,,,,,,,,,,,,,,,,,,,,,,,,,,,,,,,,,,,,,,,,,,,,,,,,,,,,,,,,,,,,,,,,
281,,,,,,,,,,,,,,,,,,,,,,,,,,,,,,,,,,,,,,,,,,,,,,,,,,,,,,,,,,,,,,,,,,,,,,,,,,,,,,,,,,,,,,,,,,,,,,,,,,,,,,,,,,,,,,,,,,,,,,,,,,,,,,,,,,,,,,,,,,,,,,,,,,,,,,,,,,,,,,,,,,,,,,,,,,,,,,,,,,,,,,,,,,,,,,,,,,,,,,,,,,,,,,,,,,,,,,,,,,,,
282,,,,,,,,,,,,,,,,,,,,,,,,,,,,,,,,,,,,,,,,,,,,,,,,,,,,,,,,,,,,,,,,,,,,,,,,,,,,,,,,,,,,,,,,,,,,,,,,,,,,,,,,,,,,,,,,,,,,,,,,,,,,,,,,,,,,,,,,,,,,,,,,,,,,,,,,,,,,,,,,,,,,,,,,,,,,,,,,,,,,,,,,,,,,,,,,,,,,,,,,,,,,,,,,,,,,,,,,,,,,
283,,Column : fund_total_assets_tonnes_delta,,,,,,,,,,,,,,,,,,,,,,,,,,,,,,,,,,,,,,,,,,,,,,,,,,,,,,,,,,,,,,,,,,,,,,,,,,,,,,,,,,,,,,,,,,,,,,,,,,,,,,,,,,,,,,,,,,,,,,,,,,,,,,,,,,,,,,,,,,,,,,,,,,,,,,,,,,,,,,,,,,,,,,,,,,,,,,,,,,,,,,,,,,,,,,,,,,,,,,,,,,,,,,,,,,,,,,,,,,
