,Fund Type,Unnamed: 1,Unnamed: 2,Unnamed: 3,Unnamed: 4,ETF,ETF.1,ETF.2,Closed-End Fund,ETF.3,ETF.4,ETF.5,ETF.6,ETF.7,ETF.8,ETF.9,ETF.10,ETF.11,ETF.12,Investment Trust,ETF.13,ETF.14,ETF.15,ETF.16,ETF.17,ETF.18,ETF.19,ETF.20,ETF.21,Open-End Fund,ETF.22,Open-End Fund.1,ETF.23,ETF.24,Investment Trust.1,ETC,ETC.1,ETC.2,ETC.3,ETC.4,ETC.5,ETC.6,ETC.7,ETC.8,ETC.9,ETC.10,ETC.11,ETC.12,ETC.13,ETC.14,ETC.15,ETC.16,ETC.17,ETC.18,ETC.19,ETC.20,ETC.21,ETC.22,ETC.23,ETC.24,ETC.25,ETC.26,ETC.27,ETC.28,ETC.29,ETC.30,ETC.31,ETC.32,ETC.33,ETF.25,FCP,ETF.26,ETF.27,ETF.28,ETF.29,FCP.1,ETF.30,ETF.31,ETF.32,ETF.33,ETF.34,Opend-End Fund,ETF.35,ETF.36,Opend-End Fund.1,FCP.2,ETF.37,ETF.38,FCP.3,Open-End Fund.2,FCP.4,FCP.5,FCP.6,Open-End Fund.3,FCP.7,ETF.39,ETF.40,FCP.8,ETF.41,Open-End Fund.4,FCP.9,Opend-End Fund.2,ETF.42,Open-End Fund.5,ETF.43,FCP.10,ETF.44,ETF.45,Opend-End Fund.3,FCP.11,ETF.46,FCP.12,ETF.47,Opend-End Fund.4,ETC.34,Opend-End Fund.5,FCP.13,FCP.14,Opend-End Fund.6,ETF.48,ETF.49,Opend-End Fund.7,FCP.15,FCP.16,FCP.17,FCP.18,FCP.19,FCP.20,ETF.50,ETF.51,FCP.21,ETF.52,ETF.53,ETF.54,ETF.55,ETF.56,ETF.57,ETF.58,FCP.22,FCP.23,FCP.24,FCP.25,Opend-End Fund.8,Opend-End Fund.9,ETC.35,ETC.36,Open-End Fund.6,Open-End Fund.7,Open-End Fund.8,ETF.59,ETF.60,ETF.61,ETF.62,ETF.63,ETF.64,ETF.65,ETF.66,ETF.67,ETF.68,ETF.69,ETF.70,ETF.71,ETF.72,Open End Fund,Open End Fund.1,ETF.73,ETF.74,ETF.75,ETF.76,ETF.77,ETF.78,ETF.79,ETF.80,ETF.81,ETF.82,ETF.83,ETF.84,ETF.85,ETF.86,ETF.87,ETF.88,ETF.89,ETF.90,ETF.91,ETF.92,ETF.93,ETF.94,ETF.95,ETF.96,ETF.97,ETF.98,ETF.99,ETF.100,ETF.101,ETF.102,ETF.103,ETF.104,ETP,ETF.105,ETF.106,ETF.107,ETF.108,ETF.109,ETF.110,ETF.111,ETF.112,ETF.113,ETC.37,ETF.114,ETF.115,ETF.116,ETF.117,ETF.118,ETF.119,ETF.120,ETC.38,ETF.121,ETF.122,ETF.123,Special Purpose Partnership
0,Region,,,,,North America,North America,North America,North America,North America,North America,North America,North America,North America,North America,North America,North America,North America,North America,North America,North America,North America,North America,North America,North America,North America,North America,North America,North America,North America,North America,North America,North America,North America,North America,Europe,Europe,Europe,Europe,Europe,Europe,Europe,Europe,Europe,Europe,Europe,Europe,Europe,Europe,Europe,Europe,Europe,Europe,Europe,Europe,Europe,Europe,Europe,Europe,Europe,Europe,Europe,Europe,Europe,Europe,Europe,Europe,Europe,Europe,Europe,Europe,Europe,Europe,Europe,Europe,Europe,Europe,Europe,Europe,Europe,Europe,Europe,Europe,Europe,Europe,Europe,Europe,Europe,Europe,Europe,Europe,Europe,Europe,Europe,Europe,Europe,Europe,Europe,Europe,Europe,Europe,Europe,Europe,Europe,Europe,Europe,Europe,Europe,Europe,Europe,Europe,Europe,Europe,Europe,Europe,Europe,Europe,Europe,Europe,Europe,Europe,Europe,Europe,Europe,Europe,Europe,Europe,Europe,Europe,Europe,Europe,Europe,Europe,Europe,Europe,Europe,Europe,Europe,Europe,Europe,Europe,Europe,Europe,Europe,Europe,Europe,Europe,Europe,Europe,Asia,Asia,Asia,Asia,Asia,Asia,Asia,Asia,Asia,Asia,Asia,Asia,Asia,Asia,Asia,Asia,Asia,Asia,Asia,Asia,Asia,Asia,Asia,Asia,Asia,Asia,Asia,Asia,Asia,Asia,Asia,Asia,Asia,Asia,Asia,Asia,Asia,Asia,Asia,Asia,Asia,Asia,Asia,Asia,Asia,Asia,Asia,Asia,Asia,Asia,Asia,Asia,Asia,Asia,Asia,Asia,Asia,Asia,Other,Other,Other,Other,Other,Other,Other,Other,Other,Other,Other,Other,Other
1,Country,,,,,US,US,US,US,US,US,US,US,US,US,US,US,US,US,Canada,Canada,Canada,Canada,Canada,Canada,Canada,Canada,Canada,Canada,Canada,Canada,Canada,Canada,Canada,Canada,UK,UK,UK,UK,UK,UK,UK,UK,UK,UK,UK,UK,UK,UK,UK,UK,Germany,Germany,Germany,Germany,Germany,Germany,Germany,Germany,Germany,Germany,Germany,Germany,Germany,Germany,Germany,Germany,Germany,France,Switzerland,Switzerland,Switzerland,Switzerland,Switzerland,Switzerland,Switzerland,Switzerland,Switzerland,Switzerland,Switzerland,Switzerland,Switzerland,Switzerland,Switzerland,Switzerland,Switzerland,Switzerland,Switzerland,Switzerland,Switzerland,Switzerland,Switzerland,Switzerland,Switzerland,Switzerland,Switzerland,Switzerland,Switzerland,Switzerland,Switzerland,Switzerland,Switzerland,Switzerland,Switzerland,Switzerland,Switzerland,Switzerland,Switzerland,Switzerland,Switzerland,Switzerland,Switzerland,Switzerland,Switzerland,Switzerland,Switzerland,Switzerland,Switzerland,Switzerland,Switzerland,Switzerland,Switzerland,Switzerland,Switzerland,Switzerland,Switzerland,Switzerland,Switzerland,Switzerland,Switzerland,Switzerland,Switzerland,Switzerland,Switzerland,Switzerland,Switzerland,Switzerland,Switzerland,Switzerland,Switzerland,Switzerland,Switzerland,Switzerland,Switzerland,Italy,Ireland,Liechtenstein,Liechtenstein,Liechtenstein,China P.R. Mainland,China P.R. Mainland,China P.R. Mainland,China P.R. Mainland,China P.R. Mainland,China P.R. Mainland,China P.R. Mainland,China P.R. Mainland,China P.R. Mainland,China P.R. Mainland,China P.R. Mainland,China P.R. Mainland,China P.R. Mainland,China P.R. Mainland,China P.R. Mainland,China P.R. Mainland,China P.R. Mainland,China P.R. Mainland,Japan,India,India,India,India,India,India,India,India,India,India,India,India,India,India,India,India,India,India,India,India,India,India,India,India,India,India,India,India,South Korea,South Korea,Hong Kong SAR,Hong Kong SAR,Hong Kong SAR,Hong Kong SAR,Malaysia,Thailand,Thailand,Thailand,Thailand,Australia,Australia,Australia,Australia,Australia,Australia,Australia,South Africa,South Africa,Turkey,Turkey,Saudi Arabia,UAE
2,Date,"Gold, US$/oz",Ounces,Tonnes,Value (USD),SPDR Gold Shares,iShares Gold Trust,SPDR Gold MiniShares Trust,Sprott Physical Gold Trust,abrdn Gold ETF Trust,iShares Gold Trust Micro,Goldman Sachs Physical Gold ETF,VanEck Merk Gold ETF,abrdn Precious Metals Basket ETF Trust,Graniteshares Gold Trust,Franklin Responsibly Sourced Gold ETF,ETFS Physical Asian Gold Shares,SPDR Long Dollar Gold Trust,Sprott ESG Gold ETF,Sprott Physical Gold & Silver Trust,iShares Gold Bullion ETF ‡,BMO Gold Bullion ETF,Royal Canadian Mint -  Canadian Gold Reserves,iShares Gold Bullion Fund,Purpose Gold Bullion Fund - Hedged  ‡,Purpose Gold Bullion Fund - CAD,CI Gold Bullion ETF (USD),BMO Gold Bullion Hedged to CAD,CI Gold Bullion ETF (CAD Hedged),BMG Gold Bullion Fund,CI Gold Bullion ETF (CAD),BMG BullionFund,BMO Gold Bullion ETF (USD Units),Purpose Gold Bullion Fund - USD,Central GoldTrust,iShares Physical Gold ETC,Invesco Physical Gold ETC,WisdomTree Physical Gold,WisdomTree Physical Swiss Gold,Gold Bullion Securities Ltd,WisdomTree Physical Gold GBP Daily Hedged,WisdomTree Core Physical Gold,iShares Physical Gold GBP Hedged ETC,Xtrackers IE Physical Gold GBP Hedged ETC,Invesco Physical Gold GBP Hedged ETC,WisdomTree Physical Precious Metals,The Royal Mint Responsibly Sourced Physical GBP Hedged Gold ETC,SMO Physical Gold ETC,RBS Physical Gold ETC,RBS Physical Gold ETCi,GPF Physical Gold ETC,Xetra-Gold,Xtrackers IE Physical Gold ETC,EUWAX Gold II,Xtrackers Physical Gold ETC EUR,Xtrackers Physical Gold Euro Hedged ETC,Xtrackers IE Physical Gold EUR Hedged ETC,Invesco Physical Gold EUR Hedged ETC,EUWAX Gold,Xtrackers Physical Gold ETC,iShares Physical Gold EUR Hedged ETC,The Royal Mint Responsibly Sourced Physical EUR Hedged Gold ETC,Boerse.DE Gold,Xtrackers Physical Gold GBP Hedged ETC,EUWAX Gold Core,EUWAX Gold Traceable,Xtrackers Physical Gold SGD Hedged ETC,Xtrackers Physical Gold CHF Hedged ETC,Amundi Physical Gold ETC,Swisscanto CH Gold ETF EA CHF ‡,PICTET CH Physical Gold-IDYJPY,UBS Gold ETF,Swisscanto CH Gold ETF AA USD,Swisscanto CH Gold ETF AAH CHF,UBS Gold hCHF ETF,Pictet CH Precious Metals Fund - Physical Gold  ‡,Swisscanto CH Gold ETF AA EUR,iShares Gold CH,Swisscanto CH Gold ETF AAH EUR,UBS Gold hEUR ETF,iShares Gold CHF Hedged CH,UBS CH Fund Solutions III UBS Gold USD I A acc,Raiffeisen ETF - Solid Gold Reliable and Traceable H CHF H,Raiffeisen ETF - Solid Gold Reliable and Traceable A USD,UBS CH Fund Solutions III UBS Gold hCHF I A acc,PICTET CH Physical Gold-JDYUSD,Raiffeisen ETF - Solid Gold Ounces - AC,iShares Gold EUR Hedged CH,PICTET CH Physical Gold-PDYUSD,UBS CH Fund Solutions III UBS Gold hCHF I B acc,PICTET CH Physical Gold-PDYCHF,PICTET CH Physical Gold-RDYUSD,PICTET CH Physical Gold ZDYEUR,UBS CH Fund Solutions III UBS Gold USD I B acc ‡,PICTET CH Physical Gold-ZDYUSD,BKB Physical Gold Fairtrade Max Havelaar Class I CHF,Raiffeisen ETF - Solid Gold Ounces Hedged CHF,PICTET CH Physical Gold-IDYEUR,Swisscanto CH Gold ETF AAH GBP,UBS CH Fund Solutions III UBS Gold USD A acc,PICTET CH Physical Gold-IDYCHF,UBS CH Fund Solutions III UBS Gold Income Maximizer hCHF I A dis,Raiffeisen ETF - Solid Gold Ounces A USD,UBS CH Fund Solutions III UBS Gold hCHF A acc,Raiffeisen ETF - Solid Gold Reliable and Traceable,PICTET CH Physical Gold-PDYEUR,BKB Physical Gold Fairtrade Max Havelaar Class I CHF H,Raiffeisen ETF - Solid Gold HSF CHF,UBS CH Fund Solutions III UBS Gold Income Maximizer  hCHF A dis,PICTET CH Physical Gold-HIDYJPY,Swisscanto CH Gold ETF AA GBP,PICTET CH Physical Gold-HPCHF,UBS Carbon Compensated Gold ETF,UBS CH Fund Solutions III UBS Gold Income Maximizer  CHF A dis,The Royal Mint Responsibly Sourced Physical CHF Hedged Gold ETC,UBS CH Fund Solutions III UBS Gold Income Maximizer CHF I A dis ‡,PICTET CH Physical Gold-RDYEUR,PICTET CH Physical Gold-HPEUR,UBS CH Fund Solutions III UBS Gold hEUR I A acc,Raiffeisen ETF - Solid Gold  ‡,BKB Physical Gold Fairtrade Max Havelaar Class A CHF,UBS CH Fund Solutions III UBS Gold hEUR I B acc,PICTET CH Physical Gold-HZCHF,PICTET CH Physical Gold-RDYCHF,PICTET CH Physical Gold-PSGD,PICTET CH Physical Gold-PHKD,PICTET CH Physical Gold-PRMB,PICTET CH Physical Gold-ISGD,UBS ETF CH-Gold USD,Swisscanto ETF Precious Metal Physical Gold USD A  ‡,UBAM CH - Gold+ IHD,Swisscanto ETF Precious Metal Physical Gold USD AX,Swisscanto ETF Precious Metal Physical Gold EUR A,Swisscanto ETF Precious Metal Physical Gold EUR AX,Swisscanto ETF Precious Metal Physical Gold CHF A,Swisscanto ETF Precious Metal Physical Gold GBP A,Swisscanto ETF Precious Metal Physical Gold CHF AX,Swisscanto ETF Precious Metal Physical Gold GBP AX,UBAM CH - Gold+ A USD  ‡,UBAM CH - Gold+ AHD,UBAM CH - Gold+ AH EUR,UBAM CH - Gold+ IHD USD,CSIF CH II Gold Income Maximizer Blue Class IA CHF INC,CSIF CH II Gold Income Maximizer Blue Class IAH CHF INC,WisdomTree Physical Gold EUR Daily Hedged,Royal Mint Responsibly Sourced Physical Gold ETC,Safe Port Physical Gold 95+ Fund,Safe Port Precious Metals 95+ Fund,SafePort PM Value Fund,Huaan Yifu Gold ETF,Bosera Gold Exchange Trade Open-End Fund ETF,Guotai Gold ETF,E Fund Gold Tradable Open-end Securities Investment Fund,ChinaAMC Gold ETF,ICBC Credit Suisse Gold Fund,Fullgoal Shanghai Gold ETF,GF Shanghai Gold ETF,CCB Principal Shanghai Gold,BOC Shanghai Gold,Tianhong Shanghai Gold ETF,Harvest Shanghai Gold ETF,First Seafront Gold ETF,China Southern Shanghai Gold ETF,Bosera Gold ETF I,Bosera Gold ETF d,Ping An Shanghai Gold ETF,Da Cheng Shanghai Gold ETF,Japan Physical Gold ETF,Nippon India ETF Gold BeES,ICICI Prudential Gold iWIN ETF,SBI-ETF Gold,HDFC Gold Exchange Traded Fund,Kotak Gold ETF,Tata Gold Exchange Traded Fund,AXIS GOLD ETF,UTI-Gold Exchange Traded Fund,Mirae Asset Gold ETF,Aditya Birla Sun Life Gold ETF,Zerodha Gold ETF,DSP Gold ETF,Motilal Oswal Gold ETF,Edelweiss Gold ETF,LIC MF Gold ETF,Invesco India Gold Exchange Traded Fund,Quantum Gold Fund,Groww Gold ETF,Baroda BNP Paribas Gold ETF,Union Gold ETF,360 One Gold ETF,Bandhan Gold ETF,Angel One Gold ETF,Choice Gold ETF,The Wealth Company Gold ETF,Canara Robeco Gold Exchange Traded Fund,Motilal Oswal MOSt Shares Gold ETF,R*Shares Gold Exchange Traded Fund,KIM Ace KRX Physical Gold ETF,Mirae Asset TIGER Gold Spot,ValueGold ETF,Hang Seng Gold ETF,Hang Seng RMB Gold ETF,ETFS Physical Gold ETF,TradePlus Shariah Gold Tracker,Bualuang CHAY Gold ETF,ThaiDEX GOLD ETF,K Gold ETF,Thanachart Gold ETF,Global X Physical Gold Structured,Perth Mint Gold Structured Product,BetaShares Gold Bullion ETF Currency Hedged,Global X Bullion ETF,Global X Gold Bullion (Currency Hedged) ETF,VanEck Gold Bullion ETF,ANZ ETFS Physical Gold ETF,NewGold Issuer Ltd,1nvest Gold ETF,Istanbul Gold Exchange Traded Fund,Kuveyt Turk Katilim Bankasi A.S.B Tipi Altin Borsa Yatirim Fonu,Albilad Gold ETF,Dubai Gold Securities LLP
3,2003-03-31 00:00:00,340.55,264546.56085358,8.22831781,88583415.870309,,,,,,,,,,,,,,,8.12820938,,,,,,,,,,,,0.06899009,,,,,,,,,,,,,,,,,,,,,,,,,,,,,,,,,,,,,,,,,,,,,,,,,,,,,,,,,,,,,,,,,,,,,,,,,,,,,,,,,,,,,,,,,,,,,,,,,,,,,,,,,,,,,,,,,,,,,,,,,,,,,,,,,,,,,,,,,,,,,,,,,,,,,,,,,,,,,,,,,,,,,,,,,,,,,,,,0.03111834,,,,,,,,,,,,
4,2003-04-30 00:00:00,328.07272727,321831.72428388,10.01008556,108376833.16664,,,,,,,,,,,,,,,9.23913226,,,,,,,,,,,,0.06899009,,,,,,,,,,,,,,,,,,,,,,,,,,,,,,,,,,,,,,,,,,,,,,,,,,,,,,,,,,,,,,,,,,,,,,,,,,,,,,,,,,,,,,,,,,,,,,,,,,,,,,,,,,,,,,,,,,,,,,,,,,,,,,,,,,,,,,,,,,,,,,,,,,,,,,,,,,,,,,,,,,,,,,,,,,,,,,,,0.70196321,,,,,,,,,,,,
5,2003-05-30 00:00:00,355.66590909,375806.00061424,11.68887321,135816288.1466,,,,,,,,,,,,,,,9.23913226,,,,,,,,,,,,0.06899009,,,,,,,,,,,,,,,,,,,,,,,,,,,,,,,,,,,,,,,,,,,,,,,,,,,,,,,,,,,,,,,,,,,,,,,,,,,,,,,,,,,,,,,,,,,,,,,,,,,,,,,,,,,,,,,,,,,,,,,,,,,,,,,,,,,,,,,,,,,,,,,,,,,,,,,,,,,,,,,,,,,,,,,,,,,,,,,,2.38075086,,,,,,,,,,,,
6,2003-06-30 00:00:00,356.35238095,392412.90934748,12.20540581,135774866.64479,,,,,,,,,,,,,,,9.23913226,,,,,,,,,,,,0.06899009,,,,,,,,,,,,,,,,,,,,,,,,,,,,,,,,,,,,,,,,,,,,,,,,,,,,,,,,,,,,,,,,,,,,,,,,,,,,,,,,,,,,,,,,,,,,,,,,,,,,,,,,,,,,,,,,,,,,,,,,,,,,,,,,,,,,,,,,,,,,,,,,,,,,,,,,,,,,,,,,,,,,,,,,,,,,,,,,2.8845634,0.01272006,,,,,,,,,,,
7,2003-07-31 00:00:00,351.01956522,412413.03070391,12.82747912,146303522.56529,,,,,,,,,,,,,,,9.23913226,,,,,,,,,,,,0.06899009,,,,,,,,,,,,,,,,,,,,,,,,,,,,,,,,,,,,,,,,,,,,,,,,,,,,,,,,,,,,,,,,,,,,,,,,,,,,,,,,,,,,,,,,,,,,,,,,,,,,,,,,,,,,,,,,,,,,,,,,,,,,,,,,,,,,,,,,,,,,,,,,,,,,,,,,,,,,,,,,,,,,,,,,,,,,,,,,3.4890815,0.03027527,,,,,,,,,,,
8,2003-08-29 00:00:00,359.71904762,429292.04438743,13.35247513,161242094.49253,,,,,,,,,,,,,,,9.23913226,,,,,,,,,,,,0.06899009,,,,,,,,,,,,,,,,,,,,,,,,,,,,,,,,,,,,,,,,,,,,,,,,,,,,,,,,,,,,,,,,,,,,,,,,,,,,,,,,,,,,,,,,,,,,,,,,,,,,,,,,,,,,,,,,,,,,,,,,,,,,,,,,,,,,,,,,,,,,,,,,,,,,,,,,,,,,,,,,,,,,,,,,,,,,,,,,4.01407751,0.03027527,,,,,,,,,,,
9,2003-09-30 00:00:00,378.94545455,496012.93110274,15.42772668,192453017.23658,,,,,,,,,,,,,,,9.23913226,,,,,,,,,,,,0.06899009,,,,,,,,,,,,,,,,,,,,,,,,,,,,,,,,,,,,,,,,,,,,,,,,,,,,,,,,,,,,,,,,,,,,,,,,,,,,,,,,,,,,,,,,,,,,,,,,,,,,,,,,,,,,,,,,,,,,,,,,,,,,,,,,,,,,,,,,,,,,,,,,,,,,,,,,,,,,,,,,,,,,,,,,,,,,,,,,6.08747307,0.03213126,,,,,,,,,,,
10,2003-10-31 00:00:00,378.91956522,533428.44412139,16.59147922,206036736.48265,,,,,,,,,,,,,,,9.23913226,,,,,,,,,,,,0.06899009,,,,,,,,,,,,,,,,,,,,,,,,,,,,,,,,,,,,,,,,,,,,,,,,,,,,,,,,,,,,,,,,,,,,,,,,,,,,,,,,,,,,,,,,,,,,,,,,,,,,,,,,,,,,,,,,,,,,,,,,,,,,,,,,,,,,,,,,,,,,,,,,,,,,,,,,,,,,,,,,,,,,,,,,,,,,,,,,7.23948098,0.04387589,,,,,,,,,,,
11,2003-11-28 00:00:00,389.91,557983.42412109,17.35522447,222272700.39557,,,,,,,,,,,,,,,9.23913226,,,,,,,,,,,,0.06899009,,,,,,,,,,,,,,,,,,,,,,,,,,,,,,,,,,,,,,,,,,,,,,,,,,,,,,,,,,,,,,,,,,,,,,,,,,,,,,,,,,,,,,,,,,,,,,,,,,,,,,,,,,,,,,,,,,,,,,,,,,,,,,,,,,,,,,,,,,,,,,,,,,,,,,,,,,,,,,,,,,,,,,,,,,,,,,,,8.00322623,0.04387589,,,,,,,,,,,
12,2003-12-31 00:00:00,407.90217391,1364811.8364511,42.45039325,568363300.02892,,,,,,,,,,,,,,,9.23913226,,,,,,,,,,,,0.30868484,,,,,,,,23.48493829,,,,,,,,,,,,,,,,,,,,,,,,,,,,,,,,,,,,,,,,,,,,,,,,,,,,,,,,,,,,,,,,,,,,,,,,,,,,,,,,,,,,,,,,,,,,,,,,,,,,,,,,,,,,,,,,,,,,,,,,,,,,,,,,,,,,,,,,,,,,,,,,,,,,,,,,,,,,,,,,,,,,,,,,8.09850971,1.31912815,,,,,,,,,,,
13,2004-01-30 00:00:00,413.94545455,1389021.0348496,43.20338349,555261158.58021,,,,,,,,,,,,,,,9.23913226,,,,,,,,,,,,0.30868484,,,,,,,,24.25691041,,,,,,,,,,,,,,,,,,,,,,,,,,,,,,,,,,,,,,,,,,,,,,,,,,,,,,,,,,,,,,,,,,,,,,,,,,,,,,,,,,,,,,,,,,,,,,,,,,,,,,,,,,,,,,,,,,,,,,,,,,,,,,,,,,,,,,,,,,,,,,,,,,,,,,,,,,,,,,,,,,,,,,,,8.07952783,1.31912815,,,,,,,,,,,
14,2004-02-27 00:00:00,404.8775,1456584.3058486,45.30483612,576588901.33992,,,,,,,,,,,,,,,9.23913226,,,,,,,,,,,,0.30868484,,,,,,,,25.80628687,,,,,,,,,,,,,,,,,,,,,,,,,,,,,,,,,,,,,,,,,,,,,,,,,,,,,,,,,,,,,,,,,,,,,,,,,,,,,,,,,,,,,,,,,,,,,,,,,,,,,,,,,,,,,,,,,,,,,,,,,,,,,,,,,,,,,,,,,,,,,,,,,,,,,,,,,,,,,,,,,,,,,,,,8.631604,1.31912815,,,,,,,,,,,
15,2004-03-31 00:00:00,406.6673913,1902716.4930239,59.18109824,806180985.52481,,,,,,,,,,,,,,,9.23913226,,,,,,,,,,,,0.30868484,,,,,,,,40.10678433,,,,,,,,,,,,,,,,,,,,,,,,,,,,,,,,,,,,,,,,,,,,,,,,,,,,,,,,,,,,,,,,,,,,,,,,,,,,,,,,,,,,,,,,,,,,,,,,,,,,,,,,,,,,,,,,,,,,,,,,,,,,,,,,,,,,,,,,,,,,,,,,,,,,,,,,,,,,,,,,,,,,,,,,8.14174627,1.38475054,,,,,,,,,,,
16,2004-04-30 00:00:00,404.73636364,2621540.032128,81.53900949,1018468302.4831,,,,,,,,,,,,,,,9.23913226,,,,,,,,,,,,0.30868484,,,,,,,,62.48019978,,,,,,,,,,,,,,,,,,,,,,,,,,,,,,,,,,,,,,,,,,,,,,,,,,,,,,,,,,,,,,,,,,,,,,,,,,,,,,,,,,,,,,,,,,,,,,,,,,,,,,,,,,,,,,,,,,,,,,,,,,,,,,,,,,,,,,,,,,,,,,,,,,,,,,,,,,,,,,,,,,,,,,,,8.10578141,1.4052112,,,,,,,,,,,
17,2004-05-31 00:00:00,384.4547619,2041021.4485072,63.48286321,802631684.59329,,,,,,,,,,,,,,,9.23913226,,,,,,,,,,,,0.30868484,,,,,,,,44.44589941,,,,,,,,,,,,,,,,,,,,,,,,,,,,,,,,,,,,,,,,,,,,,,,,,,,,,,,,,,,,,,,,,,,,,,,,,,,,,,,,,,,,,,,,,,,,,,,,,,,,,,,,,,,,,,,,,,,,,,,,,,,,,,,,,,,,,,,,,,,,,,,,,,,,,,,,,,,,,,,,,,,,,,,,8.06254794,1.42659876,,,,,,,,,,,
18,2004-06-30 00:00:00,392.37272727,1928697.5402871,59.98919914,763378462.83621,,,,,,,,,,,,,,,9.23913226,,,,,,,,,,,,0.30868484,,,,,,,,40.99938158,,,,,,,,,,,,,,,,,,,,,,,,,,,,,,,,,,,,,,,,,,,,,,,,,,,,,,,,,,,,,,,,,,,,,,,,,,,,,,,,,,,,,,,,,,,,,,,,,,,,,,,,,,,,,,,,,,,,,,,,,,,,,,,,,,,,,,,,,,,,,,,,,,,,,,,,,,,,,,,,,,,,,,,,8.0097734,1.43222706,,,,,,,,,,,
19,2004-07-30 00:00:00,398.09090909,1917777.1935839,59.64953839,750617981.87681,,,,,,,,,,,,,,,9.23913226,,,,,,,,,,,,0.30868484,,,,,,,,38.28787191,,,,,,,,,,,,,,,,,,,,,,,,,,,,,,,,,,,,,,,,,,,,,,,,,,,,,,,,,,,,,,,,,,,,,,,,,,,,,,,,,,,,,,,,,,,,,,,,,,,,,,,,,,,,,,,,,,,,,,,,,,,,,,,,,,,,,,,,,,,,,,,,,,,,,,,,,,,,,,,,,,,,,,,,10.38162232,1.43222706,,,,,,,,,,,
20,2004-08-31 00:00:00,400.71818182,1850829.8839496,57.5672443,753750470.21051,,,,,,,,,,,,,,,9.23913226,,,,,,,,,,,,0.30868484,,,,,,,,38.5518907,,,,,,,,,,,,,,,,,,,,,,,,,,,,,,,,,,,,,,,,,,,,,,,,,,,,,,,,,,,,,,,,,,,,,,,,,,,,,,,,,,,,,,,,,,,,,,,,,,,,,,,,,,,,,,,,,,,,,,,,,,,,,,,,,,,,,,,,,,,,,,,,,,,,,,,,,,,,,,,,,,,,,,,,8.02779093,1.43974557,,,,,,,,,,,
21,2004-09-30 00:00:00,405.275,1870708.6902509,58.18554429,777560055.6373,,,,,,,,,,,,,,,9.23913226,,,,,,,,,,,,0.30868484,,,,,,,,39.15708154,,,,,,,,,,,,,,,,,,,,,,,,,,,,,,,,,,,,,,,,,,,,,,,,,,,,,,,,,,,,,,,,,,,,,,,,,,,,,,,,,,,,,,,,,,,,,,,,,,,,,,,,,,,,,,,,,,,,,,,,,,,,,,,,,,,,,,,,,,,,,,,,,,,,,,,,,,,,,,,,,,,,,,,,8.03956229,1.44108336,,,,,,,,,,,
22,2004-10-29 00:00:00,420.46428571,2212030.816347,68.80184911,941329686.88329,,,,,,,,,,,,,,,9.23913226,,,,,,,,,,,,0.30868484,,,,,,,,50.39596608,,,,,,,,,,,,,,,,,,,,,,,,,,,,,,,,,,,,,,,,,,,,,,,,,,,,,,,,,,,,,,,,,,,,,,,,,,,,,,,,,,,,,,,,,,,,,,,,,,,,,,,,,,,,,,,,,,,,,,,,,,,,,,,,,,,,,,,,,,,,,,,,,,,,,,,,,,,,,,,,,,,,,,,,7.41698257,1.44108336,,,,,,,,,,,
23,2004-11-30 00:00:00,439.375,5515658.6140042,171.55615957,2500799581.9744,103.55173506,,,,,,,,,,,,,,9.23913226,,,,,,,,,,,,0.30868484,,,,,,,,46.8667798,,,,,,,,,,,,,,,,,,,,,,,,,,,,,,,,,,,,,,,,,,,,,,,,,,,,,,,,,,,,,,,,,,,,,,,,,,,,,,,,,,,,,,,,,,,,,,,,,,,,,,,,,,,,,,,,,,,,,,,,,,,,,,,,,,,,,,,,,,,,,,,,,,,,,,,,,,,,,,,,,,,,,,,,7.4254736,1.4238619,,,,,,2.74049211,,,,,
24,2004-12-31 00:00:00,441.9173913,5398413.6417779,167.9094333,2364505175.1471,94.82228652,,,,,,,,,,,,,,9.23913226,,,,,,,,,,,,0.54171283,,,,,,,,51.22373359,,,,,,,,,,,,,,,,,,,,,,,,,,,,,,,,,,,,,,,,,,,,,,,,,,,,,,,,,,,,,,,,,,,,,,,,,,,,,,,,,,,,,,,,,,,,,,,,,,,,,,,,,,,,,,,,,,,,,,,,,,,,,,,,,,,,,,,,,,,,,,,,,,,,,,,,,,,,,,,,,,,,,,,,7.53904533,1.56439129,,,,,,2.97913148,,,,,
25,2005-01-31 00:00:00,424.6952381,7202595.1889275,224.02575214,3040575514.9889,151.96990245,1.08771914,,,,,,,,,,,,,9.23913226,,,,,,,,,,,,0.54171283,,,,,,,,49.12684261,,,,,,,,,,,,,,,,,,,,,,,,,,,,,,,,,,,,,,,,,,,,,,,,,,,,,,,,,,,,,,,,,,,,,,,,,,,,,,,,,,,,,,,,,,,,,,,,,,,,,,,,,,,,,,,,,,,,,,,,,,,,,,,,,,,,,,,,,,,,,,,,,,,,,,,,,,,,,,,,,,,,,,,,7.50723738,1.56273157,,,,,,2.9904739,,,,,
26,2005-02-28 00:00:00,423.35,8724464.6683611,271.36118414,3799068246.2583,157.84237235,47.0579269,,,,,,,,,,,,,9.23913226,,,,,,,,,,,,0.54171283,,,,,,,,44.50457759,,,,,,,,,,,,,,,,,,,,,,,,,,,,,,,,,,,,,,,,,,,,,,,,,,,,,,,,,,,,,,,,,,,,,,,,,,,,,,,,,,,,,,,,,,,,,,,,,,,,,,,,,,,,,,,,,,,,,,,,,,,,,,,,,,,,,,,,,,,,,,,,,,,,,,,,,,,,,,,,,,,,,,,,7.51413406,1.68347372,,,,,,2.97785443,,,,,
27,2005-03-31 00:00:00,433.52391304,8243676.1452403,256.40698948,3524171552.036,163.99586421,21.72659704,,,,,,,,,,,,,9.23913226,,,,,,,,,,,,0.54171283,,,,,,,,48.8474464,,,,,,,,,,,,,,,,,,,,,,,,,,,,,,,,,,,,,,,,,,,,,,,,,,,,,,,,,,,,,,,,,,,,,,,,,,,,,,,,,,,,,,,,,,,,,,,,,,,,,,,,,,,,,,,,,,,,,,,,,,,,,,,,,,,,,,,,,,,,,,,,,,,,,,,,,,,,,,,,,,,,,,,,7.51133176,1.68462271,,,,,,2.86028227,,,,,
28,2005-04-29 00:00:00,429.23333333,8368433.8438326,260.28738766,3646126728.0052,178.82706818,12.38999145,,,,,,,,,,,,,9.23913226,,,,,,,,,,,,0.54171283,,,,,,,,46.83946464,,,,,,,,,,,,,,,,,,,,,,,,,,,,,,,,,,,,,,,,,,,,,,,,,,,,,,,,,,,,,,,,,,,,,,,,,,,,,,,,,,,,,,,,,,,,,,,,,,,,,,,,,,,,,,,,,,,,,,,,,,,,,,,,,,,,,,,,,,,,,,,,,,,,,,,,,,,,,,,,,,,,,,,,7.88494959,1.68462271,,,,,,2.880446,,,,,
29,2005-05-31 00:00:00,422.33636364,8329112.0239905,259.06434235,3452000579.9936,179.09898474,12.58398077,,,,,,,,,,,,,9.23913226,,,,,,,,,,,,0.54171283,,,,,,,,45.21167329,,,,,,,,,,,,,,,,,,,,,,,,,,,,,,,,,,,,,,,,,,,,,,,,,,,,,,,,,,,,,,,,,,,,,,,,,,,,,,,,,,,,,,,,,,,,,,,,,,,,,,,,,,,,,,,,,,,,,,,,,,,,,,,,,,,,,,,,,,,,,,,,,,,,,,,,,,,,,,,,,,,,,,,,7.88320128,1.66333157,,,,,,2.84232561,,,,,
30,2005-06-30 00:00:00,430.65681818,8517121.7459681,264.91209837,3722833963.3173,175.29238985,12.38446356,,,,,,,,,,,,,19.27143428,,,,,,,,,,,,0.54171283,,,,,,,,45.03251106,,,,,,,,,,,,,,,,,,,,,,,,,,,,,,,,,,,,,,,,,,,,,,,,,,,,,,,,,,,,,,,,,,,,,,,,,,,,,,,,,,,,,,,,,,,,,,,,,,,,,,,,,,,,,,,,,,,,,,,,,,,,,,,,,,,,,,,,,,,,,,,,,,,,,,,,,,,,,,,,,,,,,,,,7.8646403,1.66671135,,,,,,2.85823514,,,,,
31,2005-07-29 00:00:00,424.47857143,8990938.4513848,279.64944526,3857112595.6447,187.64966793,13.76038838,,,,,,,,,,,,,19.27143428,,,,,,,,,,,,0.54171283,,,,,,,,45.99493692,,,,,,,,,,,,,,,,,,,,,,,,,,,,,,,,,,,,,,,,,,,,,,,,,,,,,,,,,,,,,,,,,,,,,,,,,,,,,,,,,,,,,,,,,,,,,,,,,,,,,,,,,,,,,,,,,,,,,,,,,,,,,,,,,,,,,,,,,,,,,,,,,,,,,,,,,,,,,,,,,,,,,,,,7.88973909,1.66671135,,,,,,2.87485448,,,,,
32,2005-08-31 00:00:00,437.87826087,9216088.0380971,286.6523802,3992870142.4798,194.41112392,13.8234763,,,,,,,,,,,,,19.27143428,,,,,,,,,,,,0.54171283,,,,,,,,46.11771549,,,,,,,,,,,,,,,,,,,,,,,,,,,,,,,,,,,,,,,,,,,,,,,,,,,,,,,,,,,,,,,,,,,,,,,,,,,,,,,,,,,,,,,,,,,,,,,,,,,,,,,,,,,,,,,,,,,,,,,,,,,,,,,,,,,,,,,,,,,,,,,,,,,,,,,,,,,,,,,,,,,,,,,,7.8459588,1.73458725,,,,,,2.90637133,,,,,
33,2005-09-30 00:00:00,456.04772727,9708461.5014696,301.96690678,4594529405.4304,207.35677469,15.6767438,,,,,,,,,,,,,19.27143428,,,,,,,,,,,,0.54171283,,,,,,,,46.55590749,,,,,,,,,,,,,,,,,,,,,,,,,,,,,,,,,,,,,,,,,,,,,,,,,,,,,,,,,,,,,,,,,,,,,,,,,,,,,,,,,,,,,,,,,,,,,,,,,,,,,,,,,,,,,,,,,,,,,,,,,,,,,,,,,,,,,,,,,,,,,,,,,,,,,,,,,,,,,,,,,,,,,,,,7.90903611,1.78723826,,,,,,2.86805932,,,,,
34,2005-10-31 00:00:00,469.89761905,10019702.766608,311.64759224,4716775077.4292,211.33714015,18.38260076,,,,,,,,,,,,,19.27143428,,,,,,,,,,,,0.54171283,,,,,,,,49.41934463,,,,,,,,,,,,,,,,,,,,,,,,,,,,,,,,,,,,,,,,,,,,,,,,,,,,,,,,,,,,,,,,,,,,,,,,,,,,,,,,,,,,,,,,,,,,,,,,,,,,,,,,,,,,,,,,,,,,,,,,,,,,,,,,,,,,,,,,,,,,,,,,,,,,,,,,,,,,,,,,,,,,,,,,8.00088393,1.82321742,,,,,,2.87125824,,,,,
35,2005-11-30 00:00:00,476.66590909,10860347.801684,337.79457556,5382931321.5653,229.21376937,19.4864712,,,,,,,,,,,,,19.27143428,,,,,,,,,,,,0.54171283,,,,,,,,56.28897889,,,,,,,,,,,,,,,,,,,,,,,,,,,,,,,,,,,,,,,,,,,,,,,,,,,,,,,,,,,,,,,,,,,,,,,,,,,,,,,,,,,,,,,,,,,,,,,,,,,,,,,,,,,,,,,,,,,,,,,,,,,,,,,,,,,,,,,,,,,,,,,,,,,,,,,,,,,,,,,,,,,,,,,,8.14647853,1.85742146,,,,,,2.988309,,,,,
36,2005-12-30 00:00:00,509.34318182,12436241.605872,386.81035189,6379791943.85,263.19422511,22.33435776,,,,,,,,,,,,,19.27143428,,,,,,,,,,,,0.54171283,,,,,,,,63.54761646,,,,,,,,,,,,,,,,,,,,,,,,,,,,,,,,,,,,,,,,,,,,,,,,,,,,,,,,,,,,,,,,,,,,,,,,,,,,,,,,,,,,,,,,,,,,,,,,,,,,,,,,,,,,,,,,,,,,,,,,,,,,,,,,,,,,,,,,,,,,,,,,,,,,,,,,,,,,,,,,,,,,,,,,8.39330898,1.85742146,,,,,,7.67027501,,,,,
37,2006-01-31 00:00:00,548.18863636,15031671.179802,467.53723535,8549262983.528,333.67427066,28.60262052,,,,,,,,,,,,,19.27143428,,,,,,,,,,,,0.70900705,,,,,,,,65.47868383,,,,,,,,,,,,,,,,,,,,,,,,,,,,,,,,,,,,,,,,,,,,,,,,,,,,,,,,,,,,,,,,,,,,,,,,,,,,,,,,,,,,,,,,,,,,,,,,,,,,,,,,,,,,,,,,,,,,,,,,,,,,,,,,,,,,,,,,,,,,,,,,,,,,,,,,,,,,,,,,,,,,,,,,8.43910469,1.88740467,,,,,,9.47470965,,,,,
38,2006-02-28 00:00:00,554.995,15713903.826884,488.75704264,8736930527.6194,342.89099336,34.44958992,,,,,,,,,,,,,19.27143428,,,,,,,,,,,,0.70900705,,,,,,,,70.5250078,,,,,,,,,,,,,,,,,,,,,,,,,,,,,,,,,,,,,,,,,,,,,,,,,,,,,,,,,,,,,,,,,,,,,,,,,,,,,,,,,,,,,,,,,,,,,,,,,,,,,,,,,,,,,,,,,,,,,,,,,,,,,,,,,,,,,,,,,,,,,,,,,,,,,,,,,,,,,,,,,,,,,,,,8.71738206,1.89792255,,,,,,10.29570562,,,,,
39,2006-03-31 00:00:00,557.09347826,16033649.942203,498.70225851,9331584266.3837,347.74093191,35.43602541,,,,,,,,,,,,,19.27143428,,,,,,,,,,,,0.70900705,,,,,,,,71.00255717,,,,,,,,,,,,,,,,,,,,,,,,,,,,,,3.27787998,,,,,,,,,,,,,,,,,,,,,,,,,,,,,,,,,,,,,,,,,,,,,,,,,,,,,,,,,,,,,,,,,,,,,,,,,,,,,,,,,,,,,,,,,,,,,,,,,,,,,,,,,,,,,,,,,,,,,,,,,,,,,,,,,,,,,,,,,,8.78449455,1.90299689,,,,,,10.57693127,,,,,
40,2006-04-28 00:00:00,608.8875,16852691.097591,524.17728606,10853133066.754,358.41816161,39.46422656,,,,,,,,,,,,,19.27143428,,,,,,,,,,,,0.70900705,,,,,,,,76.76584383,,,,,,,,,,,,,,,,,,,,,,,,,,,,,,7.82808923,,,,,,,,,,,,,,,,,,,,,,,,,,,,,,,,,,,,,,,,,,,,,,,,,,,,,,,,,,,,,,,,,,,,,,,,,,,,,,,,,,,,,,,,,,,,,,,,,,,,,,,,,,,,,,,,,,,,,,,,,,,,,,,,,,,,,,,,,,8.98867489,1.90299689,,,,,,10.82885172,,,,,
41,2006-05-31 00:00:00,672.58695652,16621412.026339,516.98370284,10853782052.982,351.53439998,39.87198985,,,,,,,,,,,,,19.27143428,,,,,,,,,,,,0.70900705,,,,,,,,74.74889469,,,,,,,,,,,,,,,,,,,,,,,,,,,,,,8.78369329,,,,,,,,,,,,,,,,,,,,,,,,,,,,,,,,,,,,,,,,,,,,,,,,,,,,,,,,,,,,,,,,,,,,,,,,,,,,,,,,,,,,,,,,,,,,,,,,,,,,,,,,,,,,,,,,,,,,,,,,,,,,,,,,,,,,,,,,,,9.34369162,1.93873904,,,,,,10.78185304,,,,,
42,2006-06-30 00:00:00,596.14545455,17603173.843712,547.51990872,10799547153.106,371.79620807,41.13162299,,,,,,,,,,,,,19.27143428,,,,,,,,,,,,0.70900705,,,,,,,,78.53042318,,,,,,,,,,,,,,,,,,,,,,,,,,,,,,13.69937906,,,,,,,,,,,,,,,,,,,,,,,,,,,,,,,,,,,,,,,,,,,,,,,,,,,,,,,,,,,,,,,,,,,,,,,,,,,,,,,,,,,,,,,,,,,,,,,,,,,,,,,,,,,,,,,,,,,,,,,,,,,,,,,,,,,,,,,,,,9.59499367,1.95147558,,,,,,10.83536484,,,,,
43,2006-07-31 00:00:00,633.70952381,18063840.94296,561.84825714,11425379396.47,384.66690112,42.1602833,,,,,,,,,,,,,19.27143428,,,,,,,,,,,,0.70900705,,,,,,,,78.31540728,,,,,,,,,,,,,,,,,,,,,,,,,,,,,,14.08761782,,,,,,,,,,,,,,,,,,,,,,,,,,,,,,,,,,,,,,,,,,,,,,,,,,,,,,,,,,,,,,,,,,,,,,,,,,,,,,,,,,,,,,,,,,,,,,,,,,,,,,,,,,,,,,,,,,,,,,,,,,,,,,,,,,,,,,,,,,9.6628859,1.97261369,,,,,,11.0021067,,,,,
44,2006-08-31 00:00:00,632.1,18321732.070997,569.86956785,11423599946.573,391.91772529,43.27800613,,,,,,,,,,,,,19.27143428,,,,,,,,,,,,0.70900705,,,,,,,,78.27131314,,,,,,,,,,,,,,,,,,,,,,,,,,,,,,14.81397738,,,,,,,,,,,,,,,,,,,,,,,,,,,,,,,,,,,,,,,,,,,,,,,,,,,,,,,,,,,,,,,,,,,,,,,,,,,,,,,,,,,,,,,,,,,,,,,,,,,,,,,,,,,,,,,,,,,,,,,,,,,,,,,,,,,,,,,,,,9.79660695,1.9834395,,,,,,9.82805813,,,,,
45,2006-09-29 00:00:00,598.18571429,18158929.051016,564.8058279,10881738233.776,386.21502422,43.05266177,,,,,,,,,,,,,19.27143428,,,,,,,,,,,,0.70900705,,,,,,,,77.65628532,,,,,,,,,,,,,,,,,,,,,,,,,,,,,,15.06708367,,,,,,,,,,,,,,,,,,,,,,,,,,,,,,,,,,,,,,,,,,,,,,,,,,,,,,,,,,,,,,,,,,,,,,,,,,,,,,,,,,,,,,,,,,,,,,,,,,,,,,,,,,,,,,,,,,,,,,,,,,,,,,,,,,,,,,,,,,9.93564894,1.9834395,,,,,,9.90671869,,1.00852446,,,
46,2006-10-31 00:00:00,585.77954545,18381517.162348,571.72909205,11097840986.535,388.57943164,42.49456167,,,,,,,,,,,,,19.27143428,,,,,,,,,,,,0.70900705,,,,,,,,83.79078301,,,,,,,,,,,,,,,,,,,,,,,,,,,,,,14.12657373,,,,,,,,,,,,,,,,,,,,,,,,,,,,,,,,,,,,,,,,,,,,,,,,,,,,,,,,,,,,,,,,,,,,,,,,,,,,,,,,,,,,,,,,,,,,,,,,,,,,,,,,,,,,,,,,,,,,,,,,,,,,,,,,,,,,,,,,,,10.08321397,1.56281151,,,,,,9.89916639,,1.2121088,,,
47,2006-11-30 00:00:00,627.82727273,20331040.687614,632.36605173,13148084260.86,441.53092799,42.46968773,,,,,,,,,,,,,19.27143428,,,,,,,,,,,,0.70900705,,,,,,,,90.45638281,,,,,,,,,,,,,,,,,,,,,,,,,,,,,,14.8599736,,,,,,,,,,,,,,,,,,,,,,,,,,,,,,,,,,,,,,,,,,,,,,,,,,,,,,,,,,,,,,,,,,,,,,,,,,,,,,,,,,,,,,,,,,,,,,,,,,,,,,,,,,,,,,,,,,,,,,,,,,,,,,,,,,,,,,,,,,10.42672352,1.56700622,,,,,,9.87792104,,1.19698749,,,
48,2006-12-29 00:00:00,628.63809524,20701449.289048,643.88704706,13147137054.468,453.10909384,44.40854307,,,,,,,,,,,,,19.27143428,,,,,,,,,,,,0.70900705,,,,,,,,85.83737709,,,,,,,,,,,,,,,,,,,,,,,,,,,,,,16.9275004,,,,,,,,,,,,,,,,,,,,,,,,,,,,,,,,,,,,,,,,,,,,,,,,,,,,,,,,,,,,,,,,,,,,,,,,,,,,,,,,,,,,,,,,,,,,,,,,,,,,,,,,,,,,,,,,,,,,,,,,,,,,,,,,,,,,,,,,,,10.51713549,1.56700622,,,,,,10.24066781,,1.29928181,,,
49,2007-01-31 00:00:00,631.36304348,20642580.214264,642.05601416,13427998429.436,450.16817879,43.76108565,,,,,,,,,,,,,19.27143428,,,,,,,,,,,,1.13550906,,,,,,,,86.76139126,,,,,,,,,,,,,,,,,,,,,,,,,,,,,,16.95880947,,,,,,,,,,,,,,,,,,,,,,,,,,,,,,,,,,,,,,,,,,,,,,,,,,,,,,,,,,,,,,,,,,,,,,,,,,,,,,,,,,,,,,,,,,,,,,,,,,,,,,,,,,,,,,,,,,,,,,,,,,,,,,,,,,,,,,,,,,10.61421661,1.75901462,,,,,,10.31690227,,1.30947215,,,
50,2007-02-28 00:00:00,664.745,21745897.986555,676.37303286,14443625708.407,481.16521356,44.6066088,,,,,,,,,,,,,19.27143428,,,,,,,,,,,,1.13550906,,,,,,,,87.70637077,,,,,,,,,,,,,,,,,,,,,,,,,,,,,,17.36450226,,,,,,,,,,,,,,,,,,,,,,,,,,,,,,,,,,,,,,,,,,,,,,,,,,,,,,,,,,,,,,,,,,,,,,,,,,,,,,,,,,,,,,,,,,,,,,,,,,,,,,,,,,,,,,,,,,,,,,,,,,,,,,,,,,,,,,,,,,11.30127949,1.78494526,,,,,,10.71581345,,1.32135593,,,
51,2007-03-30 00:00:00,654.89545455,21944099.221924,682.53778038,14521770029.517,483.77752724,44.79676185,,,,,,,,,,,,,19.27143428,,,,,,,,,,,,1.13550906,,,,,,,,89.14066085,,,,,,,,,,,,,,,,,,,,,,,,,,,,,,17.59427915,,,,,,,,,,,,,,,,,,,,,,,,,,,,,,,,,,,,,,,,,,,,,,,,,,,,,,,,,,,,,,,,,,,,,,,,,,,,,,,,,,,,,,,,,,,,,,,,,,,1.02838461,,,,,,,,,,,,,,,,,,,,,,,,,,,,,,,,,,,,,,,11.43701702,1.78494526,,,,,,11.2701924,,1.30106866,,,
52,2007-04-30 00:00:00,678.80952381,22400525.3059,696.73421848,15165798468.756,493.16442869,44.92683584,,,,,,,,,,,,,19.27143428,,,,,,,,,,,,1.13550906,,,,,,0.21771055,,91.39483287,,,,,,0.11935667,,,,,,,,,,,,,,,,,,,,,,,,18.0041607,,,,,,,,,,,,,,,,,,,,,,,,,,,,,,,,,,,,,,,,,,,,,,,,,,,,,,,,,,,,,,,,,,,,,,,,,,,,,,,,,,,,,,,,,,,,,,,,,,,1.09905534,,,,,,,1.39671077,,,,,,,,,,,,,,,,,,,,,,,,,,,,,,,,11.51130349,1.8269633,,,,,,11.38694885,,1.27896807,,,
53,2007-05-31 00:00:00,667.31086957,21736409.014882,676.07789285,14326937127.35,468.05500337,46.04183044,,,,,,,,,,,,,19.27143428,,,,,,,,,,,,1.13550906,,,,,,0.68400281,,91.08878374,,,,,,0.27075778,,,,,,,,,,,,,,,,,,,,,,,,18.94570177,,,,,,,,,,,,,,,,,,,,,,,,,,,,,,,,,,,,,,,,,,,,,,,,,,,,,,,,,,,,,,,,,,,,,,,,,,,,,,,,,,,,,,,,,,,,,,,,,,,1.26582198,,,,,,,1.50029339,,,,,,,,,,,,,,,,,,,,,,,,,,,,,,,,11.89012532,1.82814774,,,,,,12.7913145,,1.30916667,,,
54,2007-06-29 00:00:00,655.49047619,21822483.025831,678.75509385,14196167130.701,464.21322747,45.73148254,,,,,,,,,,,,,19.27143428,,,,,,,,,,,,1.13550906,,,,,,1.5390555,,93.13781916,,,,,,0.41773652,,,,,,,,,,,,,,,,,,,,,,,,21.78690391,,,,,,,,,,,,,,,,,,,,,,,,,,,,,,,,,,,,,,,,,,,,,,,,,,,,,,,,,,,,,,,,,,,,,,,,,,,,,,,,,,,,,,,,,,,,,,,,,,,1.3906143,,,,,,,1.57862436,,,,,,,,,,,,,,,,,,,,,,,,,,,,,,,,12.27834729,1.82814774,,,,,,13.14507376,,1.30111796,,,
55,2007-07-31 00:00:00,665.29545455,23009116.819324,715.66353048,15313286757.813,496.36232659,46.59927096,,,,,,,,,,,,,19.27143428,,,,,,,,,,,,1.13550906,,,,,,1.84936926,,94.69524776,,,,,,0.49093092,,,,,,,,,,,,,,,,,,,,,,,,22.04998051,,,,,,,,,,,,,,,,,,,,,,,,,,,,,,,,,,,,,,,,,,,,,,,,,,,,,,,,,,,,,,,,,,,,,,,,,,,,,,,,,,,,,,,,,,,,,,,,,,,1.41697164,,,,,,,1.57225594,,,,,,,,,,,,,,,,,,,,,,,,,,,,,,,,12.56993103,1.99090078,,,,,,14.33229047,,1.32711128,,,
56,2007-08-31 00:00:00,665.21304348,23815837.841409,740.75535905,16004741805.472,515.26832843,47.32465732,,,,,,,,,,,,,19.27143428,,,,,,,,,,,,1.13550906,,,,,,9.82039051,,88.16016666,,,,,,0.39299502,,,,,,,,,,,,,,,,,,,,,,,,23.24508941,,,,,,,,,,,,,,,,,,,,,,,,,,,,,,,,,,,,,,,,,,,,,,,,,,,,,,,,,,,,,,,,,,,,,,,,,,,,,,,,,,,,,,,,,,,,,,,,,,,1.38131886,,,,0.44574408,,,1.54792969,,,,,,,,,,,,,,,,,,,,,,,,,,,,,,,,12.66128812,2.09853406,,,,,,16.65636309,,1.34561046,,,
57,2007-09-28 00:00:00,712.6525,26265591.363959,816.95121083,19515090855.443,577.85863908,49.99214098,,,,,,,,,,,,,19.27143428,,,,,,,,,,,,1.13550906,,,,,,10.43847332,,95.68266695,,,,,,0.39199904,,,,,,,,,,,,,,,,,,,,,,,,23.97292393,,,,,,,,,,,,,,,,,,,,,,,,,,,,,,,,,,,,,,,,,,,,,,,,,,,,,,,,,,,,,,,,,,,,,,,,,,,,,,,,,,,,,,,,,,,,,,,,,,,1.3591059,,,,0.55919051,,,1.5105554,,,,,,,,,,,,,,,,,,,,,,,,,,,,,,,,13.70154032,2.09853406,,,,,,17.68550052,,1.29299748,,,
58,2007-10-31 00:00:00,754.60434783,27326073.081301,849.93587929,21573993366.967,597.33081094,52.4606722,,,,,,,,,,,,,19.27143428,,,,,,,,,,,,1.13550906,,,,,,16.58460231,,97.90228051,,,,,,0.41893803,,,,,,,,,,,,,,,,,,,,,,,,24.42535387,,,,,,,,,,,,,,,,,,,,,,,,,,,,,,,,,,,,,,,,,,,,,,,,,,,,,,,,,,,,,,,,,,,,,,,,,,,,,,,,,,,,,,,,,,,,,,,,,,,1.35725257,,,,0.56172625,,,1.47695435,,,,,,,,,,,,,,,,,,,,,,,,,,,,,,,,14.92238918,2.38836485,,,,,,18.39674051,,1.30285038,,,
59,2007-11-30 00:00:00,806.24772727,27685736.672058,861.12266743,21694366265.988,601.43882355,54.03644534,,,,,,,,,,,,,19.27143428,,,,,,,,,,,,1.13550906,,,,,,18.6980208,,97.0115257,,,,,,0.57270699,,,,,,,,,,,,,,,,,,,,,,,,25.88630066,,,,,,,,,,,,,,,,,,,,,,,,,,,,,,,,,,,,,,,,,,,,,,,,,,,,,,,,,,,,,,,,,,,,,,,,,,,,,,,,,,,,,,,,,,,,,,,,,,,1.26998144,,,,0.48107218,,,1.32305784,,,,,,,,,,,,,,,,,,,,1.4240073,,,,,,,,,,,,15.83215439,2.37745319,,,,,,19.04409472,,1.32007999,,,
60,2007-12-31 00:00:00,805.7952381,28805530.036894,895.95213434,24085813730.887,627.66828392,55.07654191,,,,,,,,,,,,,19.27143428,,,,,,,,,,,,1.57787938,,,,,,18.69181749,,97.29342869,,,,,,1.14654417,,,,,,0.2879998,,,,,,,,,,,,,,,,,,27.06434767,,,,,,,,,,,,,,,,,,,,,,,,,,,,,,,,,,,,,,,,,,,,,,,,,,,,,,,,,,,,,,,,,,,,,,,,,,,,,,,,,,,,,,,,,,,,,,,,,,,1.25263077,,,,0.43365091,,,1.32010879,,,,,,,,,,,,,,,,,,,,1.37830926,,,,,,,,,,,,16.39385024,2.35877854,,,,,,23.45637374,,1.28015478,,,
61,2008-01-31 00:00:00,887.28695652,29712430.670509,924.15989713,27432639256.672,631.76932602,58.97158555,,,,,,,,,,,,,19.27143428,,,,,,,,,,,,1.57787938,,,,,,20.18666681,,105.4514825,,,,,,1.4095239,,,,,,3.06599785,,,,,,,,,,,,,,,,,,30.06254809,,,,,,,,,,,,,,,,,,,,,,,,,,,,,,,,,,,,,,,,,,,,,,,,,,,,,,,,,,,,,,,,,,,,,,,,,,,,,,,,,,,,,,,,,,,,,,,,,,,1.19821528,,,,0.32753858,,,1.27901592,,,,,,,,,,,,,,,,,,,,1.23655685,,,,,,,,,,,,17.33200808,2.36828149,,,,,,27.37963074,,1.27220581,,,
62,2008-02-29 00:00:00,922.29761905,30309825.657494,942.74095823,29445567682.111,639.2481633,59.94630867,,,,,,,,,,,,,19.27143428,,,,,,,,,,,,1.57787938,,,,,,24.13624034,,107.8947113,,,,,,1.43511154,,,,,,4.78999664,,,,,,,,,,,,,,,,,,31.01262068,,,,,,,,,,,,,,,,,,,,,,,,,,,,,,,,,,,,,,,,,,,,,,,,,,,,,,,,,,,,,,,,,,,,,,,,,,,,,,,,,,,,,,,,,,,,,,,,,,,1.19821528,,,,0.26641492,,,1.27062257,,,,,,,,,0.02982883,,,,,,,,,,,1.23655685,,,,,,,,,,,,19.06395995,2.38375365,,,,,,26.76482446,,1.21431559,,,
63,2008-03-31 00:00:00,964.36904762,31128369.156941,968.20050695,29081794387.044,641.27108908,62.79954261,,,,,,,,,,,,,19.27143428,,,,,,,,,,,,1.57787938,,,,,,31.86155265,,113.8669237,,,,,,1.54355614,,,,,,6.89899515,,,,,,,,,,,,,,,,,,32.36947667,,,,,,,,,,,,,,,,,,,,,,,,,,,,,,,,,,,,,,,,,,,,,,,,,,,,,,,,,,,,,,,,,,,,,,,,,,,,,,,,,,,,,,,,,,,,,,,,,,,1.19821528,,,,0.27735644,,,1.2884456,,,,,,,,,0.03047726,,,,,,,,,,,1.1069347,,,,,,,,,,,,20.31135333,2.38929611,,,,,,28.91567136,,1.22230721,,,
64,2008-04-30 00:00:00,909.70454545,29212315.723064,908.60458348,25444288224.836,580.19425684,62.19718683,,,,,,,,,,,,,19.27143428,,,,,,,,,,,,1.57787938,,,,,,31.93124706,,113.6628886,,,,,,1.77894632,,,,,,7.47199475,,,,,,,,,,,,,,,,,,35.06657536,,,,,,,,,,,,,,,,,,,,,,,,,,,,,,,,,,,,,,,,,,,,,,,,,,,,,,,,,,,,,,,,,,,,,,,,,,,,,,,,,,,,,,,,,,,,,,,,,,,1.19821528,,,,0.27735644,,,1.30108451,,,,,,,,,0.03047726,,,,,,,,,,,1.1069347,,,,,,,,,,,,20.8891632,2.37878694,,,,,,26.98886782,,1.28128791,,,
65,2008-05-30 00:00:00,888.82954545,29684822.184282,923.30117722,26294584666.744,599.15785232,61.34037539,,,,,,,,,,,,,19.27143428,,,,,,,,,,,,1.57787938,,,,,,34.7420059,,113.689028,,,,,,2.07802007,,,,,,7.51499472,,,,,,,,,,,,,,,,,,37.10457719,,,,,,,,,,,,,,,,,,,,,,,,,,,,,,,,,,,,,,,,,,,,,,,,,,,,,,,,,,,,,,,,,,,,,,,,,,,,,,,,,,,,,,,,,,,,,,,,,,,1.19821528,,,,0.32002849,,,1.33589085,,,,,,,,,0.000383,,,,,,,,,,,1.39028207,,,,,,,,,,,,10.80752182,2.37878694,,,,,,28.1287845,,1.26511702,,,
66,2008-06-30 00:00:00,889.48809524,31287002.936262,973.13456902,29105325480.997,643.90376148,60.94081384,,,,,,,,,,,,,19.27143428,,,,,,,,,,,,1.57787938,,,,,,38.73284783,,113.5872892,,,,,,2.05298825,,,,,,8.534994,,,,,,,,,,,,,,,,,,37.70208179,,,,,,,,,,,,,,,,,,,,,,,,,,,,,,,,,,,,,,,,,,,,,,,,,,,,,,,,,,,,,,,,,,,,,,,,,,,,,,,,,,,,,,,,,,,,,,,,,,,1.19821528,,,,0.32884939,,,1.35157124,,,,,,,,,0.04139312,,,,,,,,,,,1.3920048,,,,,,,,,,,,10.76430996,2.37226034,,,,,,28.13122418,,1.25065066,,,
67,2008-07-31 00:00:00,939.77173913,33431814.453767,1039.84566423,30690295625.674,673.10507893,60.91585432,,,,,,,,,,,,,19.27143428,,,,,,,,,,,,1.57787938,,,,,,53.31749179,,119.5843639,,,,,,2.19127734,,,,,,12.00499157,,,,,,,,,,,,,,,,,,48.85307559,,,,,,,,,,,,,,,,,,,,,,,,,,,,,,,,,,,,,,,,,,,,,,,,,,,,,,,,,,,,,,,,,,,,,,,,,,,,,,,,,,,,,,,,,,,,,,,,,,,1.19821528,,,,0.34317593,,,1.33886167,,,,,,,,,0.04329667,,,,,,,,,,,1.45865719,,,,,,,,,,,,10.84823132,2.38469269,,,,,,30.15200447,,1.25708191,,,
68,2008-08-29 00:00:00,838.30952381,32726753.95547,1017.9158314,27262550489.18,651.10992938,59.21795796,,,,,,,,,,,,,19.27143428,,,,,,,,,,,,1.57787938,,,,,,57.27382264,,115.7125881,,,,,,1.88810859,,,,,,12.00499157,,,,,,,,,,,,,,,,,,51.46238556,,,,,,,,,,,,,,,,,,,,,,,,,,,,,,,,,,,,,,,,,,,,,,,,,,,,,,,,,,,,,,,,,,,,,,,,,,,,,,,,,,,,,,,,,,,,,,,,,,,1.19821528,,,,0.41111515,,,1.41666746,,,,,,,,,0.05011351,,,,,,,,,,,1.75898686,,,,,,,,,,,,12.36550009,2.38469269,,,,,,28.09919083,,0.71225207,,,
69,2008-09-30 00:00:00,829.93181818,36121650.906123,1123.50892984,31948777490.861,751.1846565,62.70998942,,,,,,,,,,,,,19.27143428,,,,,,,,,,,,1.57787938,,,,,,46.50903409,,115.9601263,,,,,,1.53801333,,,,,,15.7969889,,,,,,,,,,,,,,,,,,62.59348694,,,,,,,,,,,,,,,,,,,,,,,,,,,,,,,,,,,,,,,,,,,,,,,,,,,,,,,,,,,,,,,,,,,,,,,,,,,,,,,,,,,,,,,,,,,,,,,,,,,1.19821528,,,,0.42132729,,,1.4750689,,,,,,,,,0.05328924,,,,,,,,,,,1.80737539,,,,,,,,,,,,12.33972401,2.11517294,,,,,,26.18687125,,0.7702764,,,
70,2008-10-31 00:00:00,806.61956522,37278019.241611,1159.4760055,27242110171.424,748.92937392,63.26425893,,,,,,,,,,,,,19.27143428,,,,,,,,,,,,1.57787938,,,,,,46.19813131,,120.6027043,,,,,,1.26109184,,,,,,18.65698689,,,,,,,,,,,,,,,,,,92.24521189,,,,,,,,,,,,,,,,,,,,,,,,,,,,,,,,,,,,,,,,,,,,,,,,,,,,,,,,,,,,0.93335969,,0.00765355,0.49948999,0.00783575,0.86508384,,0.00537588,,,,,,,,,,,,,,,,,,,,,,,,,,,,,,,,0.23665593,,,,0.41827241,,,1.40656345,,,,,,,,,0.05297949,,,,,,,,,,,1.60753792,,,,,,,,,,,,11.57095347,2.07160964,,,,,,26.96837818,,0.81718357,,,
71,2008-11-28 00:00:00,760.8625,37767557.467281,1174.70234633,30761011515.524,757.89800602,65.53355535,,,,,,,,,,,,,19.27143428,,,,,,,,,,,,1.57787938,,,,,,48.6189577,,117.017275,,,,,,1.19644108,,,,,,19.77098611,,,,,,,,,,,,,,,,,,94.42581091,,,,,,,,,,,,,,,,,,,,,,,,,,,,,,,,,,,,,,,,,,,,,,,,,,,,,,,,,,,,1.43012755,,0.33906459,1.02675706,0.21054743,1.48071737,,0.01480749,,,,,,,,,,,,,,,,,,,,,,,,,,,,,,,,0.23665593,,,,0.41827241,,,1.43361994,,,,,,,,,0.05526448,,,,,,,,,,,1.61061867,,,,,,,,,,,,11.48739342,2.07160964,,,,,,26.78766335,,0.78888117,,,
72,2008-12-31 00:00:00,820.91304348,39302639.193148,1222.44872513,33999416230.72,779.96452654,68.18968033,,,,,,,,,,,,,19.27143428,,,,,,,,,,,,2.57090941,,,,,,57.72528773,,116.3344464,,,,,,1.13996763,,,,,,21.88898462,,,,,,,,,,,,,,,,,,98.31682436,,,,,,,,,,,,,,,,,,,,,,,,,,,,,,,,,,,,,,,,,,,,,,,,,,,,,,,,,,,,2.73340374,,0.40709079,2.47668799,1.03457703,2.50317497,,0.06675268,,,,,,,,,,,,,,,,,,,,,,,,,,,,,,,,2.03703689,,,,0.41827241,,,1.38472406,,,,,,,,,0.055051,,,,,,,,,,,1.51565401,,,,,,,,,,,,12.64184776,2.07799502,,,,,,26.90936135,,0.78503413,,,
73,2009-01-30 00:00:00,858.97727273,42506694.859595,1322.10599612,39082249408.971,843.34717862,69.30331578,,,,,,,,,,,,,19.27143428,,,,,,,,,,,,2.57090941,,,,,,68.00860946,,122.7827251,,,,,,1.16275073,,,,,,25.24098227,,,,,,,,,,,,,,,,,,106.98230263,,,2.17707424,,,,0.84059861,,,,,,,,,,,,,,,,,,,,,,,,,,,,,,,,,,,,,,,,,,,,,,,,,,,,,3.6019213,,0.50010814,3.31833888,1.0172415,3.08287419,,0.12331846,,,,,,,,,,,,,,,,,,,,,,,,,,,,,,,,1.98320058,,,,0.41827241,,,1.35759106,,,,,,,,,0.0557732,,,,,,,,,,,1.43404114,,,,,,,,,,,,12.84950824,2.07799502,,,,,,27.85852292,,0.73940795,,,
74,2009-02-27 00:00:00,943.1625,49697003.147517,1545.74958292,47309161664.936,1029.01716653,67.05605745,,,,,,,,,,,,,19.27143428,,,,,,,,,,,,2.57090941,,,,,,72.34511219,,132.0961718,,,,,,1.45322122,,,,,,28.1809802,,,,,,,,,,,,,,,,,,115.63670589,,,4.34664554,,,,4.50733126,,,,,,,,,,,,,,,,,,,,,,,,,,,,,,,,,,,,,,,,,,,,,,,,,,,,,4.58384222,,0.995834,5.60884161,2.41855277,5.31531072,,0.30216505,,,,,,,,,,,,,,,,,,,,,,,,,,,,,,,,1.96521664,,,,0.41827241,,,1.28220678,,,,,,,,,0.05369841,,,,,,,,,,,1.32710214,,,,,,,,,,,,13.43759848,2.07799502,,,,,,28.7134549,,0.767756,,,
75,2009-03-31 00:00:00,924.27272727,53950615.850361,1678.05172681,49446854878.132,1127.07939329,68.21014515,,,,,,,,,,,,,19.27143428,,,,,,,,,,,,2.57090941,,,,,,78.41030722,,134.7987013,,,,,,1.61585144,,,,,,29.87497901,,,,,,,,,,,,,,,,,,120.28154124,,,7.78520193,,,,7.13560081,,,,,,,,,,,,,,,,,,,,,,,,,,,,,,,,,,,,,,,,,,,,,,,,,,,,,6.34015442,,4.84827353,8.30922985,2.61551495,9.14846986,,0.4007672,,,,,,,,,,,,,,,,,,,,,,,,,,,,,,,,1.96024154,,,,0.34736251,,,1.24159237,,,,,,,,,0.0528275,,,,,,,,,,,1.26416918,,,,,,,,,,,,13.64774644,0.76005163,,,,,,29.11562218,,0.80961213,,,0.15602644
76,2009-04-30 00:00:00,889.31818182,53872793.4208,1675.63117868,47585837577.193,1104.08803294,68.92204715,,,,,,,,,,,,,19.27143428,,,,,,,,,,,,2.57090941,,,,,,82.98493526,,133.8234791,,,,,,1.50592794,,,,,,30.13297883,,,,,,,,,,,,,,,,,,122.3535103,,,10.73065547,,,,8.21632048,,,,,,,,,,,,,,,,,,,,,,,,,,,,,,,,,,,,,,,,,,,,,,,,,,,,,7.26023641,,5.77487592,13.37665403,2.95226384,12.41196346,,0.65051782,,,,,,,,,,,,,,,,,,,,,,,,,,,,,,,,1.96838575,,,,0.34736251,,,1.23850236,,,,,,,,,0.05061848,,,,,,,,,,,1.26439226,,,,,,,,,,,,13.12525483,0.77625163,,,,,,28.38039018,,1.29516356,,,0.15811448
77,2009-05-29 00:00:00,928.02380952,55232362.942985,1717.91851773,53879879678.899,1118.42981151,70.17531037,,,,,,,,,,,,,19.27143428,10.73069949,,,,,,,,,,,2.57090941,,,,,,83.88840762,,134.5600812,,,,,,1.98837203,,,,,,30.81897835,,,,,,,,,,,,,,,,,,120.73637993,,,11.84578543,,,,9.63965743,,,,,,,,,,,,,,,,,,,,,,,,,,,,,,,,,,,,,,,,,,,,,,,,,,,,,8.36603148,,5.92744096,16.09589253,3.34096319,15.81598235,,0.91233066,,,,,,,,,,,,,,,,,,,,,,,,,,,,,,,,2.00861953,,,,0.34736251,,,1.23892308,,,,,,,,,0.05257734,,,,,,,,,,,1.25132848,,,,,,,,,,,,13.49734816,0.77625163,,,,,,32.00720574,,1.46891566,,,0.15551738
78,2009-06-30 00:00:00,945.67045455,55705282.122372,1732.62794844,52058573391.105,1120.12123794,70.18613529,,,,,,,,,,,,,19.27143428,11.37451217,,,,,,,,,,,2.57090941,,,,,0.01866209,85.53098313,,134.8142507,,,,,,1.7077626,,,,,,31.71097772,,,,,,,,,,,,,,,,,,119.90075932,,,14.02036228,,,,10.18553026,,,,,,,,,,,,,,,,,,,,,,,,,,,,,,,,,,,,,,,,,,,,,,,,,,,,,8.73138397,,5.97579866,16.4754756,3.17938417,16.95962185,,0.91337666,,,,,,,,,,,,,,,,,,,,,,,,,,,,,,,,2.12824253,,0.7668695,,0.34736251,,,1.24103123,,,,,,,,,0.06175912,,,,,,,,,,,1.22557878,,,,,,,,,,,,13.71301334,0.77422364,,,,,,37.09117397,,1.4733702,,,0.15676552
79,2009-07-31 00:00:00,934.22826087,54659421.280161,1700.09804003,51327265765.975,1072.46752158,73.37954433,,,,,,,,,,,,,19.27143428,12.18853137,,,,,,,,,,,2.57090941,,,,,0.06531068,82.68097777,,131.3138109,,,,,,1.71625093,,,,,,32.47397719,,,,,,,,,,,,,,,,,,121.14465608,,,15.43613547,,,,12.10020478,,,,,,,,,,,,,,,,,,,,,,,,,,,,,,,,,,,,,,,,,,,,,,,,,,,,,9.90477796,,6.12858136,18.61876571,3.32230764,18.65977393,0.06787711,1.52732678,0.04537798,,,,,,,,,,,,,,,,,,,,,,,,,,,,,,,2.22104578,,0.76103588,,0.34736251,,,1.24586725,,,,,,,,,0.06484925,,,,,,,,,,,1.20612898,,,,,,,,,,,,13.69796024,0.76076765,,,,,,43.0884801,,1.46497177,,,0.15551738
80,2009-08-31 00:00:00,949.66666667,55083708.618446,1713.2948514,52634321647.47,1061.42701713,73.15199195,,,,,,,,,,,,,19.27143428,11.91544215,,,,,,,,,,,2.57090941,,,,,0.15858704,104.9549698,,127.809313,,,,,,1.80869156,,,,,,34.0209761,,,,,,,,,,,,,,,,,,120.08685552,,,15.47882181,,,,12.87588268,,,,,,,,,,,,,,,,,,,,,,,,,,,,,,,,,,,,,,,,,,,,,,,,,,,,,11.72714844,,6.12658414,19.66059604,3.47975151,19.32688199,0.06613682,1.54080551,0.04421455,,,,,,,,,,,,,,,,,,,,,,,,,,,,,,,2.27743739,,0.72862689,,0.34736251,,,1.25282859,,,,,,,,,0.06755588,,,,,,,,,,,1.21622504,,,,,,,,,,,,13.67103859,0.73688865,,,,,,43.87231173,,1.46629146,,,0.15527324
81,2009-09-30 00:00:00,996.59090909,57310755.588886,1782.56375511,57070133552.702,1094.95618525,75.56303479,,,3.1094512,,,,,,,,,,19.27143428,12.27960078,,,,,,,,,,,2.57090941,,,,,0.40104509,112.58991921,,131.9256896,,,,,,2.07074507,,,,,,35.22597525,,,,,,,,,,,,,,,,,,120.88197524,,,16.60361846,,,0.0456049,13.43096262,,,,,,,,,,,,2.69318782,,0.01342596,0.00031236,,,,,,0.03201745,,,0.06827428,,,,,0.0752662,,,,,,,,,,,0.00044762,,,,,,,0.00029706,,,,,,12.06469426,,6.83666008,20.7758132,2.91216527,21.06726751,0.08008744,1.74139413,0.07369861,,,,,,,,,,,,,,,,,,,,,,,,,,,,,,,2.82550992,,0.54410926,,0.41180993,,,1.33443416,,,,,,,,,0.07799589,,,,,,,,,,,1.26619538,,,,,,,,,,,,14.30333588,0.70171913,,,,,,50.11389054,,1.46803819,,,0.15555643
82,2009-10-30 00:00:00,1043.15909091,58724745.012181,1826.54374229,61077287688.339,1103.1512933,79.78708722,,,5.90495918,,,,,,,,,,19.27143428,12.12491104,,,,,,,,,,,2.57090941,,,,,2.06626976,99.70471895,,132.1977017,,,,,,2.29556483,,,,,,36.11797463,,,,,,,,,,,,,,,,,,119.82623517,,,16.98518996,,,0.11215196,13.60263602,33.21336317,,,1.87262579,,,,,,,1.0532666,2.90039921,,0.08445461,0.00269165,,,,,,0.03185086,,,0.06837262,,,,,0.17981578,,,,,,,,,,,0.0123092,,,,,,,0.00360023,,,,,,13.01926998,,6.83440972,20.06582168,2.92775334,21.22304385,0.11342354,1.96704706,0.07574016,,,,,,,,,,,,,,,,,,,,,,,,,,,,,,,2.93487494,,0.54208629,,0.41180993,,,1.38210656,,,,,,,,,0.07974472,,,,,,,,,,,1.28724358,,,,,,,,,,,,14.24515071,0.70171913,,,,,,51.98160869,,1.4535839,,,0.15551738
83,2009-11-30 00:00:00,1127.03571429,60158847.805266,1871.1493252,70732569869.359,1129.64163726,82.14143171,,,7.76539335,,,,,,,,,,19.27143428,22.3307141,,,,,,,,,,,2.57090941,,,,,5.86313301,99.67309719,,129.7337325,,,,,,2.424656,,,,,,36.09097465,,,,,,,,,,,,,,,,,,118.24183685,,,17.98591777,,,0.20052252,14.18558268,33.20360627,,,2.40478379,,,,,,,2.06688509,3.09354929,,0.10788667,0.00264542,,,,,,0.15468461,,,0.06888213,,,,,0.1559388,,,,,,,,,,,0.01265699,,,,,,,0.00359142,,,,,,11.19079576,,6.6464671,20.60948775,2.06822826,21.87610189,0.20851145,1.68550342,0.13727391,,,,,,,,,,,,,,,,,,,,,,,,,,,,,,,2.93619966,,0.56152888,,0.41180993,,,1.44395778,,,,,,,,,0.08198686,,,,,,,,,,,1.32804349,,,,,,,,,,,,14.80866621,0.72894339,,,,,,53.45175828,,1.42310155,,,0.15487587
84,2009-12-31 00:00:00,1129.44565217,59856946.507236,1861.75914519,66085307244.223,1133.21911128,78.66418626,,,9.47453036,,,,,,,,,,19.27143428,22.2467612,,,,,,,,,,,2.90945468,,,,,5.87518306,101.11321077,0.15548921,124.1282002,,,,,,2.35235133,,,,,,36.02497469,,,,,,,,,,,,,,,,,,113.20909651,,,17.28074234,,0.23596129,0.24110557,14.45672922,33.19499181,,,2.45177024,,,,,,,2.328841,3.60028106,,0.24559877,0.00228807,,,,,,0.32254863,,,0.07210344,,,,,0.2174798,,,,,,,,,,,0.01471259,,,,,,,0.00331456,,,,,,10.96912285,,5.96349496,18.63395007,1.69712441,20.77875356,0.20498205,1.6350757,0.13495032,,,,,,,,,,,,,,,,,,,,,,,,,,,,,,,3.60191039,,0.59401285,,0.67572482,,,1.55562416,,,,,,,,,0.09017298,,,,,,,,,,,1.40005793,,,,,,,,,,,,15.10522487,0.75024852,,,,,,53.0397785,,1.46151603,,,0.154968
85,2010-01-29 00:00:00,1117.29761905,59176613.847106,1840.5984341,63826824767.401,1111.52603921,79.60182887,,,9.62687934,,,,,,,,,,19.27143428,22.00429379,,,,,,,,,,,2.90945468,,,,,4.75859835,97.42043825,0.15544528,123.3088901,,,,,,2.44317695,,,,,,36.98597402,,,,,,,,,,,,,,,,,,113.68105212,,0.15548566,17.86092279,0.77980728,0.47309787,0.23850325,14.74377244,33.18573702,0.51347125,0.12205108,2.69089429,,,,,,,2.42994088,3.90516624,,0.26153597,0.00288396,,,,,,0.32194593,0.03131141,,0.1123209,,,,,0.22436436,,,,,0.03113837,,,,,,0.01744938,,,,,,,0.0062553,,,,,0.15547989,11.64490176,,5.96144838,18.88893594,1.64106004,20.24925386,0.20313196,1.59080211,0.13373231,,,,,,,,,,,,,,,,,,,,,,,,,,,,,,,4.05358966,,0.61874526,,0.72827177,,,1.734614,,,,,,,,,0.09739011,,,,,,,,,,,1.43822782,,,,,,,,,,,,15.37519119,0.75024852,,,,,,51.89890488,,1.47742639,,,0.15551738
86,2010-02-26 00:00:00,1095.4125,59739699.852883,1858.1123666,66213092247.731,1106.63414886,77.35352581,,10.65642581,9.93470167,,,,,,,,,,19.27143428,19.66988558,,,,,,,,,,,2.90945468,,,,,6.55882446,103.57845909,0.18649457,119.357196,,,,,,2.39481605,,,,,,40.44697159,,,,,,,,,,,,,,,,,,113.03541247,,0.14146925,19.36961473,2.40760584,0.89733439,0.34295916,13.70361484,33.23950611,2.34926911,0.22512967,3.20318689,,,,,,,2.74408722,4.05601125,,0.26601675,0.00308719,,,,,,0.52656299,0.03000444,,0.1139138,,,,,0.23665361,,,,,0.0313729,,,,,,0.03830955,,,,,,,0.01294095,,,,,0.15959108,12.19674323,,6.11381053,18.93278044,1.93256233,22.38774085,0.30770839,1.56651421,0.21308842,,,,,,,,,,,,,,,,,,,,,,,,,,,,,,,4.31554143,,0.62661791,,0.72827177,,,1.83648565,,,,,,,,,0.0993313,,,,,,,,,,,1.64929632,,,,,,,,,,,,14.79604781,0.75024852,,,,,,51.95130497,,1.4667625,,,0.15551738
87,2010-03-31 00:00:00,1113.33695652,60563184.298679,1883.72559593,67562090083.101,1129.38511172,76.78320547,,11.49868629,10.08658845,,,,,,,,,,19.27143428,12.77778757,,,,,,,,,,,2.90945468,,,,,7.31693189,100.69430926,0.32634253,116.3116117,,,,,,2.70859869,,,,,,41.35997094,,,,,,,,,,,,,,,,,,115.17868172,,0.21447318,19.90287917,3.02203499,1.75512388,1.5324492,15.03918236,33.47817076,2.54513128,0.41915915,3.907168,,,,,,,3.47201628,4.20252445,,0.29846121,0.00334596,,,,,,0.76119033,0.04440868,,0.11563997,,,,,0.28024525,,,,,0.03105831,,,,,,0.04463481,,,,,,,0.01295109,,,,,0.28723106,12.56242687,,8.1177353,19.74231136,3.06233873,23.39176707,0.3066835,1.76859249,0.21237553,,,,,,,,,,,,,,,,,,,,,,,,,,,,,,,4.66827547,,0.64392546,,0.78453879,,,1.90696899,,,,,,,,0.1160679,0.10271832,,,,,,,,,,,1.46380152,,,,,,,,,,,,14.82689939,0.77389549,,,,,,49.68499995,,1.4572906,,,0.15378864
88,2010-04-30 00:00:00,1146.39772727,62112767.403068,1931.92301802,73250899993.957,1158.56638104,78.64441238,,11.5036733,10.54872733,,,,,,,,,,19.27143428,11.77470783,,,,,,,,,,,2.90945468,,,,,8.53955483,108.79935774,0.45062786,114.619444,,,,,,2.73680628,,,0.35886014,,,48.55296589,,,,,,,,,,,,,,,,,,114.53546686,,0.22063753,20.40024092,3.48916125,2.28465633,1.64399382,15.74557246,33.46859648,2.78577324,0.6900488,4.59443678,,,,,,,2.91770104,4.54135818,,0.40978887,0.02505686,,,,,,0.48167515,0.04472597,,0.11703717,,,,,0.31849538,,,,,0.0310138,,,,,,0.05474792,,,,,,,0.01286024,,,,,0.468711,13.32800056,,8.57681517,19.52151148,3.00330946,23.25355011,0.30828031,1.7213082,0.21348447,,,,,,,,,,,,,,,,,,,,,,,,,,,,,,,4.6826851,,0.64584088,,0.78453879,,,1.93125786,,,,,,,,0.1160679,0.10769641,,,,,,,,,,,1.663706,,,,,,,,,,,,14.15920573,0.77383359,,,,,,48.97484717,,1.44339782,,,0.15551738
89,2010-05-31 00:00:00,1204.28571429,67558516.18911,2101.30473888,81584966925.241,1267.47012486,84.52680847,,18.50202487,13.24483408,,,,,,,,,,19.27143428,11.23458405,,,,,,,,,1.26257319,,2.90945468,,,,,10.1487515,125.55366726,1.91097701,121.5152691,,,,,,2.6157438,,,0.83620673,,,50.03796485,,,,,,,,,,,,,,,,,,116.41940324,,0.31378836,24.25272672,4.21417413,2.94166045,1.99551664,18.2283475,33.45897204,3.31954,1.0002824,4.58548551,,,,,,,3.42227807,6.47647798,,0.49256831,0.08216985,,,,,,0.48166445,0.04280276,,0.18309142,,,,,0.60007171,,,,,0.05630927,,,,,,0.17748146,,,,,,,0.01264153,,,,,0.83602282,15.51535363,,9.34622694,19.39945052,3.81483097,23.60058194,0.37474655,2.05488251,0.2028297,,,,,,,,,0.05640876,0.31936746,,,,,,,,,,,,,,,,,,,,,4.68884349,,0.63176706,,0.70963593,,,1.92323492,,,,,,,,0.14519387,0.11147385,,,,,,,,,,,1.72345605,,,,,,,,,,,,14.28949129,0.76242146,,,,,,45.39573299,,1.44967316,,,0.15524048
90,2010-06-30 00:00:00,1232.92045455,70220797.842806,2184.11095445,87359518813.357,1319.94804477,85.96434666,,18.31307455,15.19292328,,,,,,,,,,19.27143428,11.00387402,,,,,,,,,1.33908118,,2.90945468,,,,,11.49029189,131.41809251,2.0191507,123.7306307,,,,,,2.63070489,,,0.82811082,,,50.00496487,,,,0.3099539,,,,0.26435455,,,,,,,,,,117.53061991,,0.36806864,26.39170008,5.04674613,3.86923451,1.76794762,19.12296958,34.32043386,3.44917205,1.31935873,5.57472765,,,,,,,3.47457764,6.96077808,,0.55085307,0.10301151,,,,,,0.76344884,0.04366638,,0.18748071,,,,,1.00836797,,,,,0.05580899,,,,,,0.0926056,,,,,,,0.0214424,,,,,1.27343735,15.97263193,,9.4971636,19.93482791,3.79851226,25.75377728,0.38560291,2.20011886,0.20870286,,,,,,,,,0.06497299,0.32083666,,,,,,,,,,,,,,,,,,,,,4.79871687,,0.62791708,,0.70406696,,,1.90442005,,,,,,,,0.14519387,0.1095729,,,,,,,,,,,1.66976623,,,,,,,,,,,,14.30754206,0.75476516,,,,,,49.40950703,,1.4528449,,,0.15454853
91,2010-07-30 00:00:00,1192.96590909,69259671.677027,2154.21658908,80971591501.527,1281.77400097,91.82677584,,18.53165101,15.65216616,,,,,,,,,,19.27143428,11.22154082,,,,,,,,,1.33908118,,2.90945468,,,,,11.52117479,127.85996477,2.14260118,122.5989434,,,,,,2.72293786,,,0.83026807,0.323635,,49.93596492,,,,0.33005312,,,,0.57521477,,,,,,,,,,120.62253986,,0.38349602,27.37824342,5.43532778,4.72496375,0.69922957,19.82676732,26.41129513,4.10074677,1.76136461,4.89596316,,,,,,,4.69612292,7.16577277,,0.56309346,0.10642764,,,,,,0.74495621,0.06179641,,0.1742529,,,,,1.04117093,,,,,0.08797681,,,,,,0.0928943,,,,,,,0.03518391,,,,,1.51919065,16.5853721,,9.64911054,21.90644155,4.04861169,27.1600033,0.55243579,2.10987214,0.30766124,,,,,,,,,0.0806566,0.30366312,,,,,,,,,,,,,,,,,,,,0.86653867,5.54400364,,0.65484492,,0.84235592,,,1.96984981,,,,,,,,0.14519387,0.11277897,,,,,,,,,,,1.59888328,,,,,,,,,,,,14.25907922,0.75476516,,,,,,49.25796766,,1.45534339,,,0.15551738
92,2010-08-31 00:00:00,1216.68181818,70773343.508272,2201.29704572,88185079707.422,1302.02291564,95.53771134,,18.34525247,19.52127592,,,,,,,,,,19.27143428,10.55433753,,,,,,,,,1.63527428,,2.90945468,,,,,11.68561367,126.40181615,2.14187128,126.8433982,,,,,,2.74518884,,,0.81981226,0.31956276,,49.90796494,,,,3.52748724,,,,4.92685562,,,,,,,,,,118.73521078,,0.4066842,28.51734499,5.95958541,5.07667478,0.71318325,21.4970776,26.27845633,4.47156712,1.77002947,5.57239056,,,,,,,4.44131537,7.11061425,,0.57954489,0.11308086,,,,,,0.48508693,0.11965453,,0.19751507,,,,,1.10411976,,,,,0.08680167,,,,,,0.08760347,,,,,,,0.03427648,,,,,4.41713554,16.88766417,,9.64569139,21.40401802,3.78616011,28.09959005,0.53986201,2.15628777,0.30065895,,,,,,,,,0.08154014,0.29661209,,,,,,,,,,,,,,,,,,,,0.86590879,5.84861734,,0.68049587,1.48241002,1.08784184,,,1.93929684,,,,,,,,0.14519387,0.12212707,,,,,,,,,,,1.69095942,,,,,,,,,,,,15.35054482,0.77332597,,,,,,49.62382384,,1.44318884,,,0.15304608
93,2010-09-30 00:00:00,1270.97727273,71943532.985788,2237.69400695,94039127649.233,1304.3417515,99.75773841,,25.73103296,23.38624727,,,,,,,,,,19.27143428,10.93339159,,,,,,,,,1.74114978,,2.90945468,,,,,12.754231709999999,128.01332183,2.14118999,125.9067788,,,,,,2.84231643,,,0.82987884,0.32348925,,49.88196496,,,0.31094957,5.50247538,,,,4.92565319,,,,,,,,,,118.76314617,,0.43295706,29.30056981,7.15936116,5.66733071,1.08088746,22.64474324,26.64403542,5.65119783,2.0899704,6.14976134,,,,,,,4.82214049,7.36202875,,0.72499848,0.11327663,,,,,,0.64490501,0.12265455,,0.20028973,,,,,1.1020978,,,,,0.10845713,,,,,,0.08393917,,,,,,,0.03163987,,,,,6.79632385,17.37552727,,9.61191956,22.92599732,3.66292682,29.44495337,0.55308823,2.23231947,0.30802896,,,,,,,,,0.08360029,0.31029279,,,,,,,,,,,,,,,,,,,,1.01355372,6.4888505,0.47416198,0.72825153,1.68475201,1.27742882,,,2.03380027,,,,,,,,0.18664355,0.12503654,,,,,,,,,,,1.67664777,,,,,,,,,,,,14.91274446,0.79898818,,,,,,48.96391439,,1.46459537,,,0.1548213
94,2010-10-29 00:00:00,1342.02380952,71909879.079257,2236.64725345,96852696259.757,1292.69089246,103.43479387,,25.92994373,23.37937549,,,,0.41680733,,,,,,19.27143428,10.49821523,,,,,,,,,1.74114978,,2.90945468,,,,,14.45791219,130.83107571,2.2960105,124.3766776,,,,,,2.99430368,,,0.82394755,0.32117957,,49.85196498,,,0.31087703,6.66861798,,,,4.92449968,,,,,,,,,,118.47291045,,0.42819909,30.16003736,7.18673643,5.6977925,1.08709163,22.97048377,27.13424587,6.04284259,2.15469875,6.42837535,,,,,,,4.79785477,7.43481065,,0.67915189,0.12194272,,,,,,0.71638969,0.12579223,,0.18889389,,,,,1.1171355,,,,,0.14108819,,,,,,0.08758305,,,,,,,0.03175245,,,,,6.89754904,17.43188818,,9.30111348,22.35310266,3.23619546,28.23794749,0.50269078,1.86845333,0.16322606,1.49968759,0.12743146,0.2379311,0.24443972,,,,,0.0849434,0.322757,,,,,,,,,,,,,,,,,,,,1.01312309,7.06366127,0.47110308,0.76335182,1.68524543,1.27742882,,,2.03380027,,,,,,,,0.18664355,0.12717701,,,,,,,,,,,1.67664777,,,,,,,,,,,,14.5935931,0.79898818,,,,,,49.49792073,,1.45875306,,,0.15551738
95,2010-11-30 00:00:00,1369.88636364,72201215.419792,2245.70882655,99892832112.553,1286.1833186,107.48457806,,25.74982989,24.4545269,,,,1.66872482,,,,,,19.27143428,10.40106311,,,,,,,,,2.08116229,,2.90945468,,,,,18.73505277,132.5346393,3.47032518,121.8625902,,,,,,3.3791519,,,0.82511982,0.3216394,,49.83096499,,,1.39858565,7.22772791,,,,4.92322961,,,,,,,,,,116.39127479,,0.3908674,31.28512917,8.08749748,5.89300724,1.40510827,22.4903402,28.12127946,6.00228937,2.03690228,6.42474428,,,,,,,4.20802388,7.54734238,,0.66563643,0.16006993,,,,,,1.02779983,0.12127973,,0.22080681,,,,,1.16447753,,,,,0.15534293,,,,,,0.14147035,,,,,,,0.03134808,,,,,6.73246052,17.39576089,,9.20589824,21.10589871,3.03299581,27.69327681,0.57638189,1.65954379,0.15870391,2.26049323,0.23780745,0.31551646,0.24684942,,,,,0.08882514,0.34414506,,,,,,,,,,,,,,,,,,,,1.21297353,7.51203783,0.47461803,0.7895929,1.48143258,1.27742882,,0.33512467,2.03380027,,,,,,,,0.18664355,0.12921162,,,,,,,,,,,1.67664777,,,1.1097716,,,,,,,,,14.02792184,0.82808398,,,,,,51.30852032,,1.43267425,,,0.15262848
96,2010-12-31 00:00:00,1390.09782609,72937006.816346,2268.59449716,102870579223.68,1280.29485054,117.26122121,,25.84318797,25.52845011,,,,2.13939184,,,,,,19.27143428,10.72890154,,,,,,,,,2.11140656,,2.6290987,,,,,20.43387996,132.01532552,4.10662937,123.2527621,,,,,,3.85683893,,,0.82558762,0.32182488,,49.80096502,,,2.01967507,8.57789161,,,,3.99039797,,,,,,,,,,117.34194998,,0.44193073,32.8604014,9.52914874,6.87829663,1.58914313,22.92877753,28.61105592,6.38349363,2.4897757,7.25360032,,,,,,,4.21518854,7.70228751,,0.77460847,0.1692932,,,,,,1.0244381,0.15245633,,0.23980106,,,,,1.19907477,,,,,0.15542652,,,,,,0.13749905,,,,,,,0.0314861,,,,,6.52620307,17.88237291,,8.98728975,22.24426275,3.08241927,28.80972142,0.610567,2.06576827,0.19936763,2.6614563,0.30664768,0.49828504,0.24494608,,,,,0.09300349,0.38746807,,,,,,,,,,,,,,,,,,,,1.8117889,7.79746125,0.47146529,0.82443874,1.47620497,1.27742882,,0.33512467,2.18420924,,,,,,,,0.18664355,0.13130931,,,,,,,,,,,1.65734871,,,1.22891982,,,,,,,,,13.6985821,0.82837387,,,,,,51.35429997,,1.45674768,,,0.15551738
97,2011-01-31 00:00:00,1358.96428571,70535976.616954,2193.91411013,93614679247.884,1226.72365989,110.85472492,,25.76222226,25.21179385,,,,2.18928152,,,1.2438578,,,19.27143428,10.3685404,,,,,,,,,1.85010324,,2.6290987,,,,,19.65116022,125.67249391,4.46286842,116.6374988,,,,,,3.93106952,,,0.83173744,0.32422503,,49.77496503,,,2.01917068,8.78374513,,,,2.933829,,,,,,,,,,117.01137735,,0.44957767,32.43809016,10.11924146,7.17283419,1.42157187,22.5416628,28.60289787,6.45725827,2.9335182,6.53334999,,,,,,,4.41915971,6.93441115,,0.70432874,0.18774593,,,,,,0.93166046,0.20318844,,0.21299975,,,,,1.12441155,,,,,0.18683439,,,,,,0.13591938,,,,,,,0.0314335,,,,,6.51613854,18.48709959,,9.75109912,21.9884889,2.85522169,28.11671737,0.6376451,2.05555821,0.20821172,2.64553001,0.32483231,0.54987091,0.34574784,,,,,0.09208424,0.34184108,,,,,,,,,,,,,,,,,,,,2.13105363,8.20214672,0.47184923,0.88316844,1.50933777,1.27742882,,0.33512467,2.18420924,,,,,,,,0.18664355,0.13368927,,,,,,,,,,,1.65734871,,,1.22905033,,,,,,,,,13.60430634,0.83570762,,,,,,50.86756276,,1.45298474,,,0.15545879
98,2011-02-28 00:00:00,1372.725,70418530.43571,2190.26112556,99370368665.673,1210.58965716,118.53732287,,25.6435028,27.36855761,,,,2.57087139,,,1.24352185,,,19.27143428,10.23920217,,,,,,,,,1.85860534,,2.6290987,,,,,20.83891281,122.6559302,4.46153032,116.5159386,,,,,,4.0016974,,,0.82634994,0.32212753,,49.73296506,,,2.01871528,10.05445038,,,,2.93318351,,,,,,,,,,115.77492655,,0.48977285,31.37284919,10.57558925,7.97277911,3.1315095,22.27947772,28.59500011,6.68000884,3.15774532,6.60472299,,,,,,,4.82593941,6.82997962,,0.72466891,0.19927387,,,,,,0.89590446,0.20502702,,0.21352173,,,,,1.1289601,,,,,0.23210755,,,,,,0.14190482,,,,,,,0.03140084,,,,,8.98257608,19.3422404,,9.25598468,22.37316291,2.80903818,28.43046538,0.64563611,1.96714609,0.30202957,2.60786451,0.35481956,0.63588902,0.34738461,,,,,0.12446966,0.37017784,,,,,,,,,,,,,,,,,,,,2.32179043,8.1163614,0.4688613,0.87893776,1.50388148,1.27742882,,0.33512467,2.26329076,,,,,,,,0.18664355,0.13388604,,,,,,,,,,,1.65734871,,,1.25826476,,,,,,,,,13.09076385,0.84007309,,,,,,49.40802098,,1.44062443,,,0.15429397
99,2011-03-31 00:00:00,1424.01086957,71226363.152808,2215.38753171,102498081147.46,1210.79301821,125.2683773,,25.50069013,27.97846355,,,,2.91121176,,,1.24310157,,,19.27143428,10.12608486,,,0.14199375,,,,,,2.08873701,,2.6290987,,,,,21.66608319,124.33016329,4.9092915,115.2261043,,,,,,4.22301075,,,0.82611947,0.32203979,,49.60296515,,,1.86296425,13.36955369,,,,2.93243752,,,,,,,,,,114.55452297,,0.47414538,32.44293643,11.60252259,8.21925974,3.03577715,22.34370821,29.83085392,8.16821934,3.46685793,7.07354534,,,,,,,5.09238658,6.8846973,,0.7147767,0.19453182,,,,,,0.83681991,0.21704153,,0.21340357,,,,,1.16561111,,,,,0.26243791,,,,,,0.13637653,,,,,,,0.03135831,,,,,9.49399369,20.90299754,,9.09888789,23.75715951,3.12683644,29.13911582,0.71322744,1.99533922,0.3736325,3.01699402,0.50772125,0.95746364,0.41688169,,,,,0.12345141,0.39504,0.01592389,,,,,,,,,,,,,,,,,,,3.65558942,8.1163614,0.4706214,0.90051112,1.50615389,1.67458658,,0.33512467,2.48998681,,,,,,,,0.20990566,0.13674404,,,,,,,,,,,2.09055577,,,1.67782978,,,,,,,,,13.13463382,0.83788274,,,,,,48.33667797,,1.44190228,,,0.15306412
100,2011-04-29 00:00:00,1479.61904762,73237928.543178,2277.9542091,112469741171.93,1229.23105587,134.61799462,,33.2618717,27.96899377,,,,3.41709586,,,1.24276165,,,19.27143428,10.66155274,,,0.14400515,,,,,,2.08873701,,2.6290987,,,,0.21769193,22.37025451,126.45544368,5.56117201,115.4183481,,,,,,4.4830462,,,0.82395814,0.32120017,,49.60296515,,,1.24169596,18.57950091,,,,2.93178881,,,,0.16183247,,,,,,118.48707871,,0.51586195,33.74955112,14.50150007,9.27763539,1.49025255,22.93502134,29.82340311,9.31300565,3.67281481,7.53511532,,,,,,,5.18935633,6.94181797,,0.7163946,0.20701891,,,,,,0.81475066,0.24694196,,0.0968569,,,,,1.14540017,,,,,0.26809576,,,,,,0.14059561,,,,,,,0.03137673,,,,,9.45971885,21.20380628,,9.5570149,25.08912721,3.6094372,30.6752588,0.73765918,2.08972731,0.38931744,3.14934096,0.40429152,1.05124619,0.44573885,,,,,0.12286309,0.44260364,0.01890568,,,,,,,,,,,,,,,,,,,4.05765303,8.78219642,0.46822396,0.93991009,1.25422936,1.85035874,,0.33512467,2.74108698,,,,,,,,0.20990566,0.14094899,,,,,,,,,,,2.09055577,,,1.85646292,,,,,,,,,13.06258902,0.83788274,,,,,,49.47540294,,1.44675832,,,0.15551738
101,2011-05-31 00:00:00,1512.60227273,72472767.877498,2254.15505211,111365471731.15,1210.30853874,137.85530544,,32.64151687,27.9599507,,,,2.83864163,,,1.24227671,,,19.27143428,10.12214483,,,0.56570109,,,,,,2.05535803,,2.6290987,,,,0.21764337,23.85911772,124.16645174,5.62338309,113.2180522,,,,,,4.00861878,,,0.82741989,0.32255247,,49.59496516,,,2.17239111,16.0498679,,,,2.93099408,,,,0.15978564,,,,,,115.19986332,,0.54360537,33.11341117,15.14167189,9.36869615,1.63361573,22.50393103,29.44136689,9.09966636,3.51269286,7.6415127,,,,,,,4.9045448,7.32495481,,0.73003656,0.19494076,,,,,,0.91313998,0.23862956,,0.14028933,,,,,1.10530947,,,,,0.26240747,,,,,,0.12764754,,,,,,,0.0313472,,,,,9.55952656,21.50291751,,9.86055862,24.28948994,3.50428285,32.34063673,0.8203788,2.21515118,0.38154028,3.82648676,0.58190455,1.27735609,0.39899091,,,,,0.12696036,0.37317995,0.01831975,,,,,,,,,,,,,,,,,,,4.28983794,9.01425667,0.46842284,0.93991009,1.3039195,2.26322702,,0.33512467,2.74377515,,0.11207296,,,,,,0.20990566,0.14786987,,,,,,,,,,,2.09055577,,,1.85538188,,,,,,,,,13.06697242,0.8617661,0.04318344,,,,,47.90819093,,1.45437651,,,0.15413073
102,2011-06-30 00:00:00,1528.65909091,73063116.169298,2272.51693649,110016861066.08,1207.78241409,144.27292434,,32.53767451,28.56814571,,,,2.79603134,,,1.2419078,,,19.27143428,10.17454329,,,0.56584775,,,,,,2.08383316,,2.6290987,,,,0.23500634,24.11770613,126.33926911,6.16881835,112.9158267,,,,,,3.88848363,,,0.82952818,0.3233774,,50.57196447,,,2.48213182,18.21076625,,,,2.93029666,,,,0.15615412,,,0.03115513,,,113.59019219,,0.8391906,34.11672292,15.76739446,10.05924949,1.6449411,22.52288636,29.4332273,9.4411983,3.5753148,7.98855933,,,,,,,4.95226623,7.32496691,,0.75268637,0.19271026,,,,,,0.92677122,0.23257756,,0.16875893,,,,,1.11594853,,,,,0.26214952,,,,,,0.12383688,,,,,,,0.03134396,,,,,9.6024955,21.49563242,,10.01075575,24.34941842,3.36452078,33.54678581,0.8020937,2.24192772,0.3730362,4.04529071,0.64725395,1.24945189,0.39995497,,,,,0.12857626,0.35741263,0.01950781,,,,,,,,,,,,,,,,,,,4.28767391,9.6037763,0.46779645,1.08283812,1.31978215,2.49074464,,0.33512467,2.7408575,,0.11112365,,,,,,0.20990566,0.15059276,,,,,,,,,,,5.17272069,,,1.85461812,,,,,,,,,13.08840294,0.86202146,0.08728609,,,,,48.22055573,,1.45425127,,,0.15551738
103,2011-07-29 00:00:00,1572.80952381,76836467.545712,2389.88128337,125126627081.71,1263.16327122,156.63890436,,37.58434693,29.79368329,,,,3.01147961,,,1.24154154,,,19.27143428,10.82748296,,,0.56364313,,,,,,2.08383316,,2.6290987,,,,0.36174002,28.10858535,132.25014204,7.48431588,114.0359269,,,,,,3.92114673,,,0.82046713,0.31984726,,53.46096244,,,5.5834914,20.75999179,,,,2.92960945,,,,0.19156342,,,0.03141862,,,113.95460467,,1.00616739,35.31911042,21.49103332,11.19187399,4.67879564,23.26270015,29.7369999,9.92432509,3.63905254,9.10783256,,,,,,,5.10345465,7.50761722,,0.78568318,0.42763699,,,,,,1.19162681,0.27031509,,0.17173588,,,,,1.09898754,,,,,0.28768739,,,,,,0.12144929,,,,,,,0.03123889,,,,,9.52291242,22.37856,,10.31433385,24.71541769,3.44225873,37.11391432,0.82032944,2.39028041,0.38152146,4.19991479,0.75800477,1.24316876,0.39707785,,,,,0.1318693,0.40632976,0.01715644,,,,,,,,,,,,,,,,,,,4.28587453,9.87373242,0.46761674,1.08283812,1.3242989,2.77948771,,0.33512467,2.74158632,,0.11112365,,,,,,0.20990566,0.1544724,,,,,,,,,,,5.17272069,,,1.85405941,,,,,,,,,13.13748251,0.86202146,0.13222201,,,,,48.18655076,,1.40374183,,,0.15551738
104,2011-08-31 00:00:00,1757.20652174,76866270.292744,2390.80825242,139396004944.14,1231.86932805,166.96572724,,38.51352037,31.48062894,,,,2.67311337,,,1.24105188,,,19.27143428,10.90790458,,,0.56502214,,,,,,2.23902515,,2.6290987,,,,0.66135236,33.68083246,135.36131556,7.23267746,116.5576851,,,,,,3.89392528,,,0.83344969,0.32491153,,53.21296262,,,5.2718961,21.53295995,,,,3.23875778,,,,0.2876491,,,0.06363049,,,107.0702462,,1.28603572,38.81631576,23.25907599,11.94864578,5.10450331,24.42016492,30.22582704,11.13878122,4.01204544,10.07179253,,,,,,,6.05171883,8.44621901,,0.78689618,0.29997232,,,,,,1.21109992,0.26952813,,0.15903387,,,,,1.24684191,,,,,0.3669423,,,,,,0.13837848,,,,,,,0.03129214,,,,,9.35668046,23.0453295,,10.31050258,25.44275455,3.10277495,38.50092361,0.88705186,2.12245366,0.45312921,4.36436577,0.8445781,1.37731289,0.39454336,,,,,0.1366459,0.40425412,0.01572113,,,,,,,,,,,,,,,,,,,5.09039843,10.04266596,0.46606927,1.08283812,1.36693353,2.77122506,,0.33512467,2.73456056,,0.23407314,,,,,,0.20990566,0.16371622,,,,,,,,,,,5.17272069,,,2.0947822,,,,,,,,,12.67876864,0.90868336,0.31464505,,,,,45.89389277,,1.46149288,,,0.15551738
105,2011-09-30 00:00:00,1771.85227273,76670253.448224,2384.71144705,124234671104.81,1231.42568593,163.74837178,,38.3609662,31.31668918,,,,2.65709207,,,1.39576852,,,19.27143428,10.19451222,,,0.56545948,,,,,,2.30317194,,2.6290987,,,,0.87889977,33.88135708,134.19772841,6.30375316,114.6465514,,,,,,3.64711489,,,0.83343206,0.3249073,,53.05296273,,,5.50314966,21.43247715,,,,3.08304574,,,,0.2839181,,,0.05846302,,,106.26757138,,1.18822385,41.7126423,21.44871144,11.20786061,2.32143295,25.70531267,32.39451105,11.12625008,4.3351137,9.64464998,,,,,,,5.82153196,8.679022,,0.78663534,0.49439168,,,,,,1.11245501,0.31842895,,0.15445276,,,,,1.34629249,,,,,0.36705463,,,,,,0.16916567,,,,,,,0.03140702,,,,,10.26102163,25.3994862,,9.38670789,25.00065848,2.89210702,33.20974381,0.85096638,1.50611935,0.58022879,4.26480506,0.85468293,1.42479359,0.34835894,,,,,0.14343157,0.3211074,0.0162124,,,,,,,,,,,,,,,,,,,5.68295292,10.01176647,0.4644056,3.00553925,1.38651714,3.52859503,,0.72483699,2.72571111,,0.22171006,,,,,,0.16302899,0.16610724,,,,,,,,,,,8.70794049,,,2.33167605,,,,,,,,,12.67874288,0.96320715,0.38373709,,,,,44.88895987,,1.43093561,,,0.15551738
106,2011-10-31 00:00:00,1665.21428571,77894927.388764,2422.80306451,134154601755.59,1243.13847266,165.37946185,,38.08134129,32.38554691,,,,2.60758716,,,1.39526729,,,19.27143428,10.94297132,,,0.56296769,,,,,,2.36259174,,2.6290987,,,,5.42647295,35.460765,135.03554752,6.30165109,114.951749,,,,,,3.66704592,,,0.82461007,0.32147105,,52.9499628,,,5.50177696,22.19714304,,,,2.92739349,,,,0.29228454,,,0.06020203,,,106.06958765,,0.96365507,43.96969545,22.97077917,12.59245553,2.3876705,26.10753211,32.38514231,12.25006603,4.48931002,10.25461833,,,,,,,6.23049819,9.01458954,,0.79719259,0.6869136,,,,,,1.15452782,0.33811249,,0.15307733,,,,,1.38722825,,,,,0.3626259,,,,,,0.17263694,,,,,,,0.0445094,,,,,10.45810334,26.45883902,,9.38164199,27.26162461,3.1660811,35.73927715,1.17709029,1.95085459,0.44803098,4.37697445,0.88862351,1.51045495,0.35617274,,,,,0.14914986,0.34270046,0.0167897,,,,,,,,,,,,,,,,,,,5.73094219,11.39064465,0.46586443,3.00553925,1.38720326,3.52859503,,0.72483699,2.73571638,,0.23437714,,,,,,0.16302899,0.17183397,,,,,,,,,,,8.70794049,,,2.32955844,,,,,,0.18952656,0.95635153,,12.34525044,1.01752722,0.4964973,,,,,42.29663781,,1.63224742,,,0.15329571
107,2011-11-30 00:00:00,1738.97727273,81396278.275244,2531.70725047,142080474841.93,1298.1063036,171.52804994,,38.22709394,33.45541444,,,,2.49696743,,,1.39484664,,,19.27143428,10.68434212,,10.18799726,0.56270073,,,,,,2.40009034,,2.6290987,,,21.72565411,5.8108634,40.24045085,136.61098229,6.30271162,118.9723128,,,,,,3.52083049,,,0.80573022,0.31411341,,52.76696293,,,7.5146944,20.36254591,,,,3.45318067,,,,0.16274012,,,0.05732588,,,106.60598983,,3.14075818,47.53665847,23.46280563,12.39503495,2.46707932,26.93053599,31.5058161,11.58866591,4.44120773,10.76817472,,,,,,,5.94496446,8.98473628,,0.8195221,0.77295524,,,,,,0.97631462,0.37603979,,0.18020955,,,,,1.44314503,,,,,0.36402006,,,,,,0.16903706,,,,,,,0.0459667,,,,,10.48515125,26.90938634,,8.91871461,27.87295535,3.05061147,34.50489317,1.14625953,1.49050782,0.43629606,4.46062335,0.82970721,1.4790104,0.75289653,,,,,0.16683133,0.32713868,0.01570842,,,,,,,,,,,,,,,,,,,5.37998664,10.75519975,0.46420836,3.00553925,1.89528524,3.52859503,,0.72483699,2.82723449,,0.21720128,,,,,0.19503609,0.16302899,0.1693664,,,,,,,,,,,8.70794049,,,2.57305501,,,,,0.55142153,0.18724649,0.50712687,,12.04945733,1.05495054,0.57384016,,,,,41.06920139,,1.62472289,,,0.1510015
108,2011-12-30 00:00:00,1642.65909091,80713666.410106,2510.47564818,125680728909.25,1254.10061063,171.02403133,,39.04052333,34.07831812,,,,2.16267462,,,1.43403077,,,19.27143428,11.00372463,,10.20985419,0.5804632,,,,,,2.40009034,,2.6290987,,,21.72565411,6.09877842,43.45392993,141.23894988,6.4797217,120.7609228,,,,,,2.76653114,,,0.83149894,0.32416161,,52.58696306,,,7.28052144,19.58426088,,,,3.45234371,,,,0.20394231,,,0.05962685,,,109.96980738,,3.50258466,52.47609573,25.32074376,13.09145479,2.79524975,28.27312255,25.58655903,11.7196582,4.46564419,10.66091007,,,,,,0.13392434,5.6519373,10.20482522,,0.86051415,0.93107272,,,,,0.16334932,1.00692762,0.37859331,,0.17077983,,,,,1.47775483,,0.30680155,,,0.41838361,,,,,,0.18280677,,,,,,,0.04661682,,,,,11.79372531,27.97128673,,9.79866095,28.15185795,3.17022786,33.90100185,1.30953569,1.4820161,0.44210236,4.6136553,0.80231727,1.38726049,0.77195944,,,,,0.17659502,0.32097996,0.01654334,,,,,,,,,,,,,,,,,,,5.70304841,10.73567881,0.46625834,3.35451704,1.98335623,3.52859503,,0.72483699,2.8380426500000002,,0.21720128,,,,,0.20460679,0.16302899,0.16901109,,,,,,,,,,,9.35445775,,,2.68684851,,,,,0.51165179,0.17529948,0.55925169,,11.79253682,1.05495054,0.59552184,,,,,41.14165277,,1.6672006,,,0.1595907
109,2012-01-31 00:00:00,1652.40909091,81297636.188935,2528.63913863,141804103312.1,1270.63633488,176.90994141,,43.2258892,33.43185914,,,,2.11359314,,,1.39395831,,,19.27143428,10.53377257,,10.14982315,0.56247713,,,,,,2.47777127,,2.80426667,,,21.72565411,6.64350646,40.90482256,138.01338866,6.29854322,119.1838503,,,,,,2.75892727,,,0.8219372,0.32043715,,52.55596308,,,8.05297014,20.52227051,,,,3.45145152,,,,0.20828219,,,0.05940693,,,106.97937698,,3.46683383,51.17306649,24.96275231,13.4311308,2.80091802,27.78983755,24.77246395,11.76155003,4.56749438,11.21674321,,,,,,0.22571137,5.37480135,10.69021503,,0.88535619,1.04564039,,,,,0.33007584,1.0290184,0.43503563,,0.16184152,,,,,1.48584893,,1.05942383,,,0.40802054,,,,,,0.1852558,,,,,,,0.05187307,,,,,11.81279729,28.8806973,,9.52481109,28.36019935,3.10626499,34.84246476,1.2920562,1.46552399,0.43620169,4.57633087,0.80646776,1.41479072,0.76563776,,,,,0.17429203,0.33244151,0.01591618,,,,,,,,,,,,,,,,,,,6.04815952,10.57940803,0.46621876,3.35451704,2.037441,3.52859503,,0.72483699,2.86374882,,0.23661048,,,,,0.20460679,0.16302899,0.17035636,,,,,,,,,,,9.35445775,,,2.68512342,,,,,0.48194855,0.12979852,0.54156111,,12.15077188,1.10659347,0.65489641,,,,,40.24555994,,1.63009398,,,0.15109441
110,2012-02-29 00:00:00,1742.61904762,82114741.535653,2554.0539558,145390262069.46,1293.2054257,181.49735359,,42.32269062,34.65533566,,,,2.1932259,,,1.39348848,,,19.27143428,10.70850935,,10.30098668,0.57606451,,,,,,2.5412384,,2.80426667,,,21.72565411,6.97129957,41.78099107,136.71690664,6.32372342,118.9153396,,,,,,2.85324718,,,0.83299504,0.32475052,,52.55596308,,,10.71414084,21.51460402,,,,3.7910745,,,,0.21066561,,,0.0602564,,,101.21868047,,3.56489951,48.5447953,24.53940325,14.66407117,2.81653404,26.7598961,25.20147432,11.44230398,7.03505467,11.81906092,,,,,,0.29275348,5.36229528,10.89482744,,0.88809951,1.18808252,,,,,0.40030983,1.0242649,0.42363638,,0.15946155,,,,,1.50788952,,1.10047691,,,0.40707984,,,,,,0.18136824,,,,,,,0.05271424,,,,,9.56298886,30.18825538,0.37398915,9.09316469,28.57666302,2.69591161,35.53533353,1.41114072,1.12100594,0.397128,4.66678674,0.82761006,1.47816848,0.78807775,,,,,0.17455194,0.33530615,0.01526422,,,,,,,,,,,,,,,,,,,5.84851405,10.68587091,0.46450815,3.35451704,2.05432059,3.52859503,,0.72483699,2.84888591,,0.23348023,,,,,0.20460679,0.16302899,0.17425516,,,,,,,,,,,9.35445775,,,2.68406583,,,,,0.48333907,0.10003669,0.51539058,,11.84075674,1.13043328,0.68578939,,,,,39.67223931,,1.65559256,,,0.15402371
111,2012-03-30 00:00:00,1673.77272727,82738018.849748,2573.44004726,137575840080.16,1286.10730349,180.77415534,,44.29571383,34.18220648,,,,2.18035123,,,1.39308965,,,19.27143428,10.58977015,,10.14863772,0.57728109,,,,,,2.5412384,,2.80426667,,,21.72565411,6.92464982,45.25780189,137.21075861,6.45253552,115.5736909,,,,,,2.74980796,,,0.82570423,0.32191079,,52.55596308,,,10.91278158,21.10757012,,,,3.9448563,,,,0.25742379,,,0.05900774,,,104.98603265,,3.70300315,51.28378667,26.2907751,19.51781071,2.74309279,28.35371614,25.25658253,11.62714097,11.35173199,12.11290694,,,,,,0.31009278,5.34836042,10.57293704,,0.89919506,1.31223931,,,,,0.47887193,1.01661934,0.44463136,,0.15977739,,,,,1.52977638,,1.26097491,,,0.42734662,,,,,,0.17821853,,,,,,,0.052837,,,,,11.9294228,31.00407586,0.36719274,9.08998444,28.2524895,2.68619867,34.94932615,1.41520822,1.11779469,0.39827622,4.58952613,0.78508848,2.14380711,1.14127777,,,,,0.1714433,0.32810013,0.01598835,,,,,,,,,,,,,,,,,,,5.35034044,11.02896651,0.59623142,3.79141226,2.16541712,3.82380754,,0.9060847,3.07364187,,0.23348023,,,,,0.33368797,0.21598404,0.1873067,,,,,,,,,0.03930554,0.11367195,9.88241302,,,2.68300885,,0.31407292,,,0.48336281,0.09962242,0.51320868,,11.65876867,1.13043328,0.68119583,,,,,39.99905223,,1.63082984,,,0.15551738
112,2012-04-30 00:00:00,1648.25,82563948.60448,2568.02585743,136417789060.51,1277.81428567,180.16377884,,44.48711305,33.86262122,,,,2.1527732,,,1.39257871,,,19.27143428,10.71029372,,10.16200173,0.57686236,,,,,,2.60939607,,2.80426667,,,21.72565411,6.93094525,44.63695787,137.43378384,6.60533305,116.3759399,,,,,,2.62909023,,,0.830685,0.32385552,,52.54296309,,,10.2910456,20.9212356,,,,4.0985388,,,,0.40180267,,,0.06035158,,,105.33473192,,3.70208697,52.09260206,25.2842456,19.36538705,2.65968867,27.40801341,30.35018211,11.40583546,11.28818718,12.96526348,,,,,,0.32561841,5.86408724,10.6033424,,0.90159114,1.29537387,,,,,0.57081779,1.01512217,0.40597868,,0.15330939,,,,,1.52167721,,1.25269272,,,0.42870075,,,,,,0.20473726,,,,,,,0.05273002,,,,,12.01546191,31.45232771,0.37053952,9.08690791,28.0253886,2.66458516,34.17017751,1.4366055,1.11062954,0.40429383,4.31937584,0.71278449,1.80435174,1.1451542,,,,,0.17460628,0.3221985,0.01641531,,,,,,,,,,,,,,,,,,,5.34749601,10.85809087,0.59234423,3.75255218,2.12530278,3.7582955,,0.89056105,2.97002532,,0.34689833,,,,,0.32797101,0.21228365,0.18309885,,,,,,,,,0.03863213,0.11172445,9.71310088,,,2.6817268,,0.31466616,,,0.48658081,0.10029795,0.53136568,0.83846252,11.61108375,1.14827372,0.70529701,,,,,39.07087613,,1.64435516,,,0.16510036
113,2012-05-31 00:00:00,1588.03695652,81272743.065709,2527.86487595,126686372134.64,1269.79151352,176.20800353,,44.21029821,34.31269278,,,,2.05426269,,,1.39213213,,,19.27143428,9.83513396,,10.15192886,0.71893071,,,,,,2.70108122,,2.80426667,,,21.72565411,4.21194578,42.36046784,139.88685265,7.07663988,117.9427868,,,,,,2.50755998,,,0.83019651,0.32366781,,52.40396319,,,9.73150529,17.22365128,,,,3.63363672,,,,0.38123859,,,0.05785486,,,104.46558105,,3.71038525,51.68747022,24.97562869,13.89533211,2.65956686,27.01617028,30.34159531,10.57369121,6.60324097,12.27968557,,,,,,0.35594535,5.47473057,10.94211529,,0.92464508,1.46513746,,,0.10221425,,0.66826,1.00085478,0.3828275,,0.15481546,,,,,1.62010205,,1.19573212,,,0.42654106,,,,,,0.22483981,,,,,,,0.05263355,,,,,9.78164617,32.26698437,0.33397528,8.10497712,26.11541785,2.48579005,30.94845685,1.44998517,1.13985629,0.4268029,3.96108167,0.63508504,1.51910536,1.08954002,,,,,0.18366962,0.31227584,0.01648242,,,,,,,,,,,,,,,,,,,5.63645965,10.81848879,0.59966713,3.75255218,2.18662328,3.7582955,,0.89056105,2.96146372,,0.34272021,,,,,0.32797101,0.21228365,0.19102263,,,,,,,,,0.03863213,0.11172445,9.71310088,,,2.68118161,,0.30992596,,,0.48486966,0.10027996,0.545768,0.83785819,11.01075994,1.16895583,0.65942327,,,,,39.02996784,,1.5991637,,,0.17498201
114,2012-06-29 00:00:00,1597.58333333,82679571.060665,2571.62211781,132213419362.52,1279.06073526,181.00329252,,44.08504449,34.30287359,,,,1.95206938,,,1.39168844,,,19.27143428,9.97763148,,10.14348394,0.71725162,,,,,,2.70108122,,2.80426667,,,21.72565411,4.30119541,45.6214823,145.29674441,7.51170854,121.0098033,,,,,,2.44267556,,,0.80751767,0.31482867,,52.3869632,,,10.96665394,19.91476832,,,,3.78738582,,,,0.38745787,,,0.05726464,,,105.58761548,,3.9456818,54.08988981,27.02439774,14.43146178,2.76244016,27.68828155,30.33396294,10.59441897,6.59379445,13.42005864,,,,,,0.4056516,5.60042879,11.35213664,,0.92981806,1.57278325,,,0.12394692,,0.78863707,1.18711006,0.3883829,,0.19345273,,,,,1.69489821,,1.97784492,,,0.42468105,,,,,,0.23920938,,,,,,,0.06125138,,,,,10.8859717,32.83796775,0.34601662,7.49092262,26.84532071,2.15479056,33.32182354,1.62159313,1.23676631,0.4344957,3.33570925,0.63575242,1.41934919,0.81606495,,,,,0.20542724,0.30516138,0.0171602,,,,,,,,,,,,,,,,,,,5.93297905,10.1696368,0.58816815,3.81097421,2.10455024,3.66544736,,0.87758838,2.89162622,,0.34272021,,,,,0.2996498,0.21859508,0.18868801,,,,,,,,,0.04368011,0.08908824,9.41374434,,,2.67913676,,0.31030033,,,0.47688139,0.08833563,0.50584138,0.79532514,11.00291124,1.16895583,0.62887148,,,,,40.27822585,,1.629193,,,0.15551738
115,2012-07-31 00:00:00,1593.90909091,82173588.828307,2555.8843112,133338992754.7,1251.46559829,182.83918984,,43.88564039,34.44501034,,,,1.96738772,,,1.39119984,,,19.27143428,10.13227128,,10.15132647,0.71616273,,,,,,2.8095738,,2.80426667,,,21.72565411,4.45576289,51.02733232,147.74770083,7.50913099,124.3270398,,,,,,2.45619188,,,0.82453783,0.3214669,,52.3829632,,,11.056611,19.34458148,,,,3.94095624,,,,0.38677288,,,0.05938808,,,104.69377604,,3.95394032,54.46176595,27.57896885,14.4878315,2.86374428,27.69171819,30.32485243,10.61380775,6.24068442,13.34696019,,,,,,0.43745564,5.5044051,11.42889775,,0.96331188,1.60023745,,,0.13327322,,0.84786064,1.18847593,0.44608349,,0.19377178,,,,,1.72871225,,1.94713941,,,0.49644581,,,,,,0.27066756,,,,,,,0.06131584,,,,,10.95365312,32.55133211,0.33410852,7.36607609,26.16693639,1.8898343,32.49765146,1.56120754,1.13244837,0.46293894,2.99812971,0.56041261,1.27797453,0.82685007,,,,,0.23213959,0.30617558,0.0213544,,,,,,,,,,,,,,,,,,,6.15235177,10.03735407,0.5984837,3.81097421,2.10455024,3.723358,,0.87758838,2.91266364,,0.40922371,,,,,0.2996498,0.21859508,0.1903158,,,,,,,,,0.04368011,0.08908824,9.41374434,,,2.67844128,,0.3095681,,,0.48227456,0.08942748,0.49655262,0.7949598,11.32403301,1.24959969,0.66881014,,,,,41.01882757,,1.63163911,,,0.16807767
116,2012-08-31 00:00:00,1627.81521739,84744388.677217,2635.84512458,139788935910.95,1289.04897618,189.32762724,,45.22330806,34.12484416,,,,2.07007025,,,1.39074145,,,19.27143428,10.29829512,,10.13498026,0.71636524,,,,,,2.84023478,,2.80426667,,,21.72565411,5.06447809,54.58076028,148.91820343,7.73056774,131.7010074,,,,,,2.38140118,,,0.82701098,0.32243409,,52.35596322,,,12.90904096,23.46408835,,,,4.40348628,,,,0.39134136,,,0.08918783,,,107.39970774,,3.93127192,56.49266845,29.96960891,15.19766516,3.02204663,28.58000104,30.44077743,11.57448068,6.21279864,13.99903245,,,,,,0.48825572,5.61755564,11.37913669,,0.99188846,1.66375771,,,0.14264015,,0.90056801,1.27791573,0.46543745,,0.19294495,,,,,1.89865584,,1.99074866,,,0.47958957,,,,,,0.30793159,,,,,,,0.06071527,,,,,11.1089355,33.09003404,0.34060209,7.69962011,27.17240196,2.10617454,34.16928292,1.57999674,1.36538639,0.44645356,2.9322739,0.57719998,1.26220331,0.7947094,,,,,0.24361243,0.3176586,0.02271139,,,,,,,,,,,,,,,,,,,6.15135389,9.72111812,0.59363872,3.9645826,2.10455024,3.7538723,,0.87758838,2.89149595,,0.39948862,,,,,0.2996498,0.21859508,0.19007254,,,,,,,,,0.04368011,0.08908824,9.41374434,,,2.67750473,,0.30984898,,,0.48605272,0.08997895,0.48559254,0.63546412,11.15824842,1.32310451,0.6975605,,,,,41.4532319,,1.63767456,,,0.15551738
117,2012-09-28 00:00:00,1744.45,87288301.04322,2714.96964376,155100948981.8,1320.34716508,200.97553546,,50.68966009,35.03670055,,,,2.16001005,,,1.39035694,,,19.27143428,10.8840764,,10.13726424,0.71583198,,,,,,2.84023478,,2.80426667,,,21.72565411,5.35861941,61.1813234,154.95739167,7.87593973,138.2196476,,,,,,2.41235219,,,0.82746247,0.32261276,,53.34596252,,,13.83351648,24.84922083,,,0.00559302,6.50334119,,,,0.39808597,,,0.09043826,,,101.91147719,,3.95353211,54.739317,30.28944011,15.65964608,3.04362231,28.02668915,30.68157457,12.17506911,6.25200881,14.20726889,,,,,,0.5934426,5.73717622,11.43718274,,1.03883231,1.92137525,,,0.34378449,,0.96905089,1.14208867,0.46034319,,0.2823595,,,,,1.98662249,,2.12382298,,,0.46679138,,,,,,0.31433706,,,1.85237316,,,,0.06197508,,,,,11.23082623,34.2097894,0.34638566,7.81942527,28.11967503,2.1840687,35.28548078,1.66721108,1.38724615,0.45419313,2.86015383,0.5611653,1.35849757,0.77942581,,,,,0.2527019,0.34061869,0.02219371,,,,,,,,,,,,,,,,,,,6.14880928,10.16110524,0.62299772,4.09793503,2.35700976,3.79896319,,1.09256231,2.88578675,,0.39948862,,,,,0.55174285,0.24036233,0.20002535,,,,,,,,,0.27923917,0.11210847,9.55693964,,,2.67691453,,0.31270189,,,0.37811022,0.07933015,0.3217462,0.20159186,11.9247567,1.32310451,0.77737892,,,,,42.99236629,,1.61108969,,,0.15551738
118,2012-10-31 00:00:00,1747.01086957,88750195.313328,2760.43963823,152640491513.69,1335.83579518,209.55207528,,50.84693066,34.87117716,,,,2.12264358,,,1.38988573,,,19.27143428,10.70692333,,10.13202523,0.71711156,,,,,,2.89626619,,2.80426667,,,21.72565411,5.81718971,67.54602546,155.93956898,7.95066709,140.467716,,,,,,2.36289895,,,0.82449871,0.32146013,,53.31896254,,,13.9843638,27.65379342,,,0.07770115,6.74869451,,,,0.39732439,,,0.09048778,,,101.5305487,,3.97254727,55.93541422,32.194626,16.05450826,3.21836848,28.35268908,31.35669779,12.28837336,6.21999439,14.31716739,,,,,,0.62408122,5.77516003,11.50050601,,1.0364547,2.2490763,,,0.26851402,,1.08388777,1.14200332,0.43000023,,0.24540716,,,,,2.02923262,,2.1488263,,,0.484047,,,,,,0.32529098,,,1.85155252,,,,0.07103191,,,,,11.35678045,34.6553373,0.35057364,7.63333421,27.88289851,2.04617108,35.5319595,1.69451047,1.36249147,0.45349333,2.97941995,0.55921934,1.37670372,0.83963103,,,,,0.24439391,0.33204618,0.02398678,,,,,,,,,,,,,,,,,,,5.65168858,10.60481192,0.64048258,4.27714935,2.49045158,3.87726902,,1.1865085,2.91661612,,0.43387521,,,,,0.56767538,0.25073313,0.20416711,,,,,,,,,0.31392313,0.11210847,9.78402972,,,2.67592372,,0.3149055,,,0.31989971,0.0889554,0.27694869,0.19080454,11.91586119,1.50222519,1.07145811,,,,,44.5922491,,1.62090042,,,0.15551738
119,2012-11-30 00:00:00,1721.13636364,89741901.83535,2791.285159,154984214035.02,1346.54961613,214.98763689,,50.45250096,35.16779655,,,,2.28311824,,,1.3894388,,,19.27143428,10.77846801,,10.14268664,0.7011922,,,,,,2.93308002,,2.80426667,,,21.72565411,5.90929297,72.15812709,160.04104576,8.15257086,141.6813284,,,,,,2.46272211,,,0.82341091,0.32103837,,53.30296256,,,13.45573167,28.4751782,,,0.1691247,7.47272743,,,,0.60945713,,,0.09044516,,,100.91227915,,3.9807819,56.10915837,33.31040612,16.49639549,3.20387435,28.15823629,30.53931088,12.28157578,6.05188889,14.61835945,,,,,,0.62428913,5.59881666,11.84797385,,1.08383633,2.346997,,,0.16723074,,1.14023165,1.08893092,0.42385695,,0.24951386,,,,,2.07414238,,2.20977192,,,0.47974392,,,,,,0.29972327,,,1.81142612,,,,0.07187444,,,,,11.19945195,35.28504477,0.35104227,7.08142767,28.57952861,2.01955389,35.97150787,1.65354584,1.18706618,0.48013752,3.00739625,0.54227751,1.4115151,0.94391664,,,,,0.24602814,0.34005683,0.02252413,,,,,,,,,,,,,,,,,,,5.7047251,10.8339297,0.63885831,4.33986312,2.58963033,3.99666954,,1.2390407,2.8865135,,0.4255645,,,,,0.56226407,0.26945258,0.21098258,,,,,,,,,0.33369353,0.11210847,9.85870931,,,2.67498377,,0.31522197,0.06220479,,0.32057701,0.08902262,0.30603605,0.20872902,12.08223818,1.58283048,1.38000111,,,,,44.66748242,,1.62360906,,,0.15551738
120,2012-12-31 00:00:00,1683.64285714,90118886.872323,2803.01070434,150040436068.71,1350.29707629,217.61814817,,51.11974914,36.07657503,,,,2.20396205,,,1.54330442,,,19.27143428,10.75909487,,10.63997304,0.70122209,,,,,,2.9572625,,2.7294936,,,21.72565411,6.09101404,73.51280379,158.86690306,8.22707522,139.1526746,,,,,,2.35961982,,,0.8246227,0.32151406,,53.78896221,,,12.77280349,29.92211924,,,0.27514539,7.6560909,,,,0.61406801,,,0.09024494,,,103.22358463,,1.78334513,57.28348252,34.66210798,16.8859581,3.20885448,28.50102588,30.28298488,12.65251359,6.13108426,14.83926854,,,,,,0.62370456,5.56859084,11.87091107,,1.13239422,2.39724813,,,0.16719878,,1.24957632,1.01413634,0.43501222,,0.25123534,,,,,2.07375627,,2.06197417,,,0.48545462,,,,,,0.29870216,,,1.20529491,,,,0.07157818,,,,,10.45427107,34.40762004,0.3490151,7.08213381,29.34175164,1.92915016,36.29288959,1.66039721,1.20490154,0.48213144,2.79678949,0.51310632,1.00157683,0.83003665,,,,,0.247379,0.32391,0.02519028,,,,,,,,,,,,,,,,,,,5.59268285,11.31478318,0.66135076,4.47974386,2.68979407,4.54016088,,1.3599945,2.89774315,,0.43701518,,,,,0.56164366,0.26332742,0.21841034,,,,,,,,,0.372432,0.20131868,9.87821767,,,2.67411581,,0.31452325,0.1243683,,0.32211924,0.08905052,0.30651796,0.24069137,12.14961243,1.64760622,1.37639371,,,,,45.10279225,,1.61693835,,,0.15551738
121,2013-01-31 00:00:00,1670.65217391,89404021.031932,2780.77589128,148959978038.61,1327.55088851,220.63404218,,50.72653742,35.91124566,,,,2.32803162,,,1.54279597,,,19.27143428,11.01507541,,10.69349956,0.84178068,,,,,,2.95006094,,2.7294936,,,21.72565411,5.09455612,74.55238542,157.25503079,8.30839771,139.9139107,,,,,,2.36357866,,,0.82903886,0.32323813,,53.75696224,,,12.76961436,31.43872638,,,0.37349825,7.65417375,,,,0.60273092,,,0.08949431,,,101.18703105,0.01579285,1.77518411,55.82819516,34.92529693,17.01753468,3.22235569,27.44565503,30.27369636,12.71790459,6.24819178,14.90663387,,,,,,0.6565056,5.97710268,11.60044312,,1.1101588,2.44250339,,,0.16721797,,1.28600055,1.04823117,0.4218745,,0.27750261,,,,,1.85495717,,2.0711999,,,0.482663,,,,,,0.31129129,,,0.55004436,,,,0.07202405,,,,,10.43269558,34.65139296,0.04337237,6.95468098,29.86810141,1.72500265,36.2155917,1.63682256,1.09966372,0.47528607,2.70994004,0.45511136,0.89021396,0.84496455,,,,,0.245524,0.32732152,0.02574777,,,,,,,,,,,,,,,,,,,5.59182653,11.41311567,0.68653515,4.6007063,2.74800916,4.59856731,,1.44619236,2.92936064,,0.45877177,,,,,0.5749951,0.26239906,0.22299836,,,,,,,,,0.39347631,0.20876698,9.93436855,,,2.67322671,,0.31503596,0.06216384,,0.32259859,0.08926282,0.32201118,0.29474101,12.15828433,1.68542457,1.38545715,,,,,45.85126048,,1.65031601,,,0.15551738
122,2013-02-28 00:00:00,1627.5875,85600356.326016,2662.46869446,136112242208.9,1257.87355746,214.5424429,,50.48284405,35.74739131,,,,2.38967227,,,1.54234867,,,19.27143428,10.3881667,,10.68194173,0.83893292,,,,,,2.90849365,,2.7294936,,,21.72565411,4.84515804,67.46542265,149.778717,9.04133133,135.2726331,,,,,,2.29696284,,,0.82528264,0.32177658,,53.74896224,,,11.53174177,28.97229063,,,0.4395216,10.27526901,,,,0.57624218,,,0.08905169,,,98.29999092,0.01598427,1.77016475,52.33744931,34.15070798,16.59259563,3.06942463,26.35628263,30.32837069,12.23604647,5.91237756,14.48507299,,,,,,0.65278415,5.56601583,9.80273504,,1.02534114,2.57129907,,,0.13432159,,1.30341915,0.97764875,0.4014377,,0.20204493,,,,,1.58836185,,2.09623649,,,0.47967259,,,,,,0.29950484,,,0.54981783,,,,0.04954195,,,,,10.02380371,32.81126735,0.04201627,6.52566098,28.57933347,1.7209061,34.20110345,1.53073929,1.03317054,0.42058045,2.61216338,0.3924175,0.79070642,0.84164422,,,,,0.37433627,0.31409716,0.02529104,,,,,,,,,,,,,,,,,,,4.94790418,11.13925594,0.67107295,4.52423253,2.69751625,4.44141713,,1.51673521,2.86397391,,0.47432867,,,,,0.5599408,0.25359956,0.2076204,,,,,,,,,0.41317083,0.21094043,9.57386797,,,2.67298998,,0.3145191,0.06214586,,0.33611198,0.08877443,0.36426371,0.32585048,12.16909499,1.70739347,1.31156441,,,,,44.72528211,,1.64298452,,,0.15551738
123,2013-03-29 00:00:00,1593.11904762,83977702.976882,2611.99853371,134331745253.46,1220.78058645,212.18018279,,50.70068329,35.88900429,,,,2.47560616,,,1.54189173,,,19.27143428,10.51771954,,10.65483639,0.83921802,,,,,,2.90849365,,2.7294936,,,21.72565411,4.6891549,64.27543156,147.81795925,9.18790768,136.1561629,0.02018335,,,,,2.22511289,,,0.82420078,0.32135744,,53.73796225,,,11.03525473,26.80204604,,,0.70610993,9.96445831,,,,0.57968084,,,0.08938418,,,97.78151544,0.01652741,1.76664634,51.52152511,34.33750662,16.39283595,3.09760075,25.55989199,31.06695634,12.09489457,5.71635742,14.30555436,,,,,,0.66931919,6.0055531,9.52088468,,1.0289863,2.56884651,,,0.13058303,,1.34135084,0.96920243,0.41785694,,0.30151875,,,,,1.49432176,,2.06518854,,,0.52783218,,,,,,0.28617145,,,0.54957747,,,,0.04663624,,,,,10.03936937,32.06961371,0.04100671,6.43225446,27.22863265,1.56451812,33.48096605,1.53065536,0.91058088,0.36442321,2.54333319,0.34989581,0.68430953,0.81163873,,,,,0.37482565,0.31243844,0.02491246,,,,,,,,,,,,,,,,,,,5.36147637,11.11461587,0.68344968,4.62451122,2.7481089,4.48085949,,1.56945009,2.89160638,,0.47432867,,,,,0.57706818,0.25195848,0.21114473,,,,,,,,,0.4489971,0.22221182,9.61161403,,,2.67178846,,0.31461754,0.06212677,,0.33602984,0.08903213,0.36429435,0.31950204,12.12739009,1.70739347,1.15504357,,,,,44.81280574,,1.61940395,,,0.15551738
124,2013-04-30 00:00:00,1490.22727273,78228650.12037,2433.18300174,115049818082.86,1078.0429075,195.57751857,,51.03456563,34.95590386,,,,2.51597134,,,1.54130537,,,19.27143428,9.91467722,,10.65477482,0.97819799,,,,,,2.80141647,,2.7294936,,,21.72565411,4.69695106,66.92480258,141.66256985,8.27267789,135.158221,0.02069196,,,,,2.00543071,,,0.82348837,0.32108231,,53.70696227,,,10.72372502,26.51639699,,,1.0390812,11.19545191,,,,0.58895291,,,0.08932986,,,94.58277191,0.01750836,1.95869116,50.11619154,34.54287509,16.29154379,3.16709194,24.86809122,30.62164601,11.64378577,5.52731099,14.43975733,,,,,,0.65966472,5.99056456,8.56753631,,0.9946966,2.48785468,,,0.11624104,,1.38335222,0.96597278,0.45958362,,0.29566999,,,,,1.4046978,,2.10245931,,,0.40670623,,,,,,0.29759019,,,0.54944535,,,,0.04652034,,,,,9.9811311,29.40495486,0.04292769,5.21061894,24.8010979,1.5115097,31.26697632,1.56500099,0.92802122,0.30228922,2.38027349,0.31867862,0.67080341,0.83274319,,,,,0.37656664,0.29977315,0.02631457,,,,,,,,,,,,,,,,,,,5.92745429,10.97969674,0.69237201,4.78478983,2.80351054,4.24692667,,1.61555317,2.88795708,,0.45740803,,,,,0.58373683,0.25136645,0.21913916,,,,,,,,,0.47209548,0.22979302,9.41694497,,,2.64091506,,0.31672262,0.06210511,,0.33748183,0.08919139,0.36546289,0.31823388,12.12893458,1.7159014,1.02675264,,,,,47.49372508,,1.0481751,,,0.15551738
125,2013-05-31 00:00:00,1414.91304348,73487395.345795,2285.713494,102609351536.55,1012.70613196,187.19787528,,50.53971264,32.95189762,,,,2.46285559,,,1.5407875,,,19.27143428,9.10697443,,10.66666134,0.97749049,,,,,,2.83480478,,2.7294936,,,21.72565411,4.20374473,58.14904608,126.07919771,7.28410192,127.5342248,0.02010161,,,,,1.78871933,,,0.83280858,0.32471896,,53.70196227,,,10.72104837,24.5133765,,,1.10283048,11.19265693,,,,0.5747356,,,0.08772318,,,90.72995785,0.05962678,1.95047907,46.99959499,31.14461655,15.40195189,1.71877656,22.92933386,26.44693946,10.80558381,5.4412304,13.43466245,,,,,,0.73570574,5.34491178,5.4558777,,0.91349406,2.34709133,,,0.12713504,,1.33999153,0.94979401,0.44386033,,0.28569854,,,,,1.13783945,,2.0404144,,,0.37291563,,,,,,0.25486628,,,0.54913417,,,,0.04566936,,,,,9.89812778,27.99253044,0.04209817,6.091999,22.16148274,1.24469791,28.28089234,1.42915516,0.725156,0.28002755,2.2245956,0.26814888,0.51237584,0.80014781,,,0.11350113,,0.37231709,0.29100737,0.0263639,,,,,,,,,,,,,,,,,,,5.92615531,10.78308057,0.68891588,4.81084177,2.85649957,4.11677383,,1.64942115,2.8627218,,0.47123943,,,,,0.59651415,0.25906274,0.22132119,,,,,,,,,0.50388939,0.24064312,9.34706342,,,2.64014582,,0.31791734,0.06208428,,0.32426707,0.08926464,0.33675084,0.30594201,11.477081,1.67839565,0.87857325,,,,,46.15978394,,0.96907906,,,0.15551738
126,2013-06-28 00:00:00,1342.3625,70453903.490567,2191.36135055,84133630658.107,969.05189326,179.01645195,,52.65026418,30.49100965,,,,2.50518301,,,1.54030053,,,19.27143428,8.41012388,,10.61482599,0.98208889,,,,,,2.83480478,,2.7294936,,,21.72565411,4.02627722,44.57999223,121.55447209,7.16687251,120.7238136,0.02061388,,,,,1.7415662,,,0.83077047,0.32392705,,53.63196232,,,10.71863123,24.53931084,,,1.36487457,11.1901542,,,,0.57434057,,,0.08712627,,,91.58791481,0.02034277,1.92539915,45.5942526,31.10842175,15.01158137,1.49776809,22.45246846,25.69356973,10.21734834,4.97678825,13.18371458,,,,,,0.73408876,4.05618849,4.93924255,,0.8890707,1.98232477,,,0.12707545,,1.47718422,0.93106744,0.46178878,,0.21832136,,,,,1.07487405,,2.06863249,,,0.30853188,,,,,,0.23558353,,,0.54900768,,,,0.0376326,,,,,9.48059544,26.58270515,0.04377572,5.51141997,20.33600626,1.06074548,26.83295302,1.24320361,0.73181943,0.27914412,2.09502269,0.27142767,0.49486662,0.71462325,,,0.11350113,,0.36764751,0.27157036,0.02787097,,,,,,,,,,,,,,,,,,,5.92262886,10.284255,0.68608108,4.81763413,2.86605781,4.03194356,,1.64891932,2.83389979,,0.47123943,,,,,0.59791708,0.25373867,0.22153615,,,,,,,,,0.52131631,0.23904683,9.19778109,,,2.60965162,,0.31749431,0.062065,,0.32786561,0.08912764,0.33271405,0.29139809,11.23612446,1.67839565,0.79072004,,,,,42.78045257,,0.87376137,0.50475124,,0.15551738
127,2013-07-31 00:00:00,1286.72391304,68040992.150918,2116.31141875,89622007617.861,926.97110682,178.86454793,,51.18077694,30.17544793,,,,2.52178088,,,1.53979365,,,19.27143428,8.32171309,,10.56762783,0.97825273,,,,,,2.80925585,,2.7294936,,,21.72565411,3.78589532,45.38266059,117.56052039,7.34832357,116.5277501,0.01999377,,,,,1.67286528,,,0.83285267,0.32474159,,53.58696236,,,8.61888107,17.43589851,,,1.43852456,10.57080466,,,,0.42887826,,,0.08690991,,,87.99713778,0.02021075,1.7248339,43.81035322,29.5309316,14.95092924,1.55268935,20.95398828,25.93435814,9.85955392,4.72167459,13.02838939,,,,,,0.73903091,3.94209511,4.72668735,,0.88210525,1.98428114,,,0.13842171,,1.50296519,0.93474975,0.448762,,0.23333192,,,,,0.97097672,,2.10525367,,,0.30018464,,,,,,0.23102513,,,0.54871786,,,,0.03751891,,,,,7.86054542,25.96451183,0.04471604,5.3877123,19.96666252,1.05250624,25.44072663,1.18779791,0.7816983,0.27924471,2.00115203,0.25924129,0.48417593,0.54176128,,,0.02575862,,0.37436013,0.27584388,0.02730468,1.36271922,,0.68993536,,,,,,,,,,,,,,,,6.28657034,9.9292084,0.67654298,4.80803423,2.8261262,3.92432052,,1.64338323,2.70054486,,0.50717935,,,,,0.59379975,0.24838916,0.21936227,,,,,,,,,0.52503043,0.23236292,8.96744843,,,2.60780753,,0.31786796,0.0620444,,0.32584234,0.08957328,0.33025078,0.28402739,10.57757597,1.60127403,0.77781024,,,,,42.73544906,,0.76339313,0.4958022,,0.15551738
128,2013-08-30 00:00:00,1348.47727273,67282561.315204,2092.72158287,93974000278.464,920.67726269,178.13384296,,50.47710824,29.85950495,,,,2.60046015,,,1.53928481,,,19.27143428,8.14378669,,10.41710642,0.97995944,,,,,,2.80925585,,2.7294936,,,21.72565411,3.84730216,43.93871699,116.77694259,7.73469151,111.0131311,0.02040865,,,,,1.70053939,,,,,,53.58296236,,,8.61679704,17.64682443,,,1.55404031,10.72229781,,,,0.43718855,,,0.08538821,,,86.55711521,0.01806912,1.67057393,42.50856809,28.86038479,14.94132348,1.55812864,20.84748915,25.80234938,9.47157566,4.57522922,13.41485783,,,,,,0.73514235,3.85489054,4.61885794,,0.90499555,2.02799798,,,0.15833281,,1.49680568,0.93448291,0.45389779,,0.26077079,,,,,0.94509188,,2.09725609,,,0.29758473,,,,,,0.1976018,,,0.54858973,,,,0.03716562,,,,,7.74465533,25.74038818,0.04444729,5.41582635,19.34741261,1.04580609,25.54197803,1.18266637,0.74292074,0.28473626,1.94060273,0.24995641,0.47313014,0.32192851,,,0.02575862,,0.37520967,0.29026819,0.02607605,0.82540376,,0.3495211,,,,,,,,,,,,,,,,6.28247554,9.5899397,0.68614495,4.76595732,2.82088326,3.78850411,,1.60362984,2.71029144,,0.50717935,,,,,0.58334354,0.25557515,0.22429046,,,,,,,,,0.55670654,0.21580344,8.91326299,,,2.60679763,,0.31801856,0.06202431,,0.32051533,0.08819227,0.32222845,0.25950614,10.32012021,1.60127403,0.58356643,,,,,42.51669235,,0.76233136,0.49560438,,0.15551738
129,2013-09-30 00:00:00,1348.79761905,66466502.835055,2067.33932689,88363275292.868,905.63592119,177.65583739,,50.16767346,29.54194858,,,,2.67037675,,,1.38488435,,,19.27143428,8.33869979,,12.44086806,0.9763474,,,,,,2.81618429,,2.7294936,,,21.72565411,3.72208143,43.7861029,116.54651183,6.92984993,105.5304974,0.00821751,,,,,1.69111327,,,,,,53.57296237,,,10.89544591,17.82890587,,,1.65025739,10.8120281,,,,0.45684759,,,,,,85.07125859,0.01858354,1.41647086,41.37430672,29.43061783,15.00045886,1.73325971,20.77509941,25.35935984,9.47926464,4.61681532,13.5455993,,,,,,0.73496613,3.82291977,4.25225444,,0.89443775,2.06363889,,,0.1582725,,1.53613213,0.9139273,0.47502125,,0.26101597,,,,,0.89154921,,2.15382373,,,0.26691613,,,,,,0.18087545,,,0.54844351,,,,0.03701302,,,,,7.65083626,25.45720061,0.04550702,5.20093346,18.58463742,0.91348218,25.79642604,1.22250656,0.7640745,0.22343566,1.87605667,0.24814173,0.4680084,0.28510153,,,0.02575862,,0.37394359,0.27801023,0.02719792,1.37228611,,0.16986256,,,,,,,,,,,,,,,,6.11573732,9.11383309,0.63849613,4.53526381,2.67315547,3.43016009,,1.52235188,2.57310077,,0.45307375,,,,,0.50836771,0.23945799,0.2154295,,,,,,,,,0.53836431,0.19868589,8.32368265,,,2.60564239,,0.31751347,0.06200319,,0.32437866,0.08898783,0.32491374,0.25515496,10.3352703,1.66857823,0.6136032,,,,,41.56609289,,0.66869685,0.49195982,,0.15551738
130,2013-10-31 00:00:00,1316.18478261,64716694.617373,2012.91420764,85917132373.519,871.70097741,171.53925692,,50.0239801,28.91992578,,,,2.65128003,,,1.3844336,,,19.27143428,7.96915169,,12.43011875,1.117017,,,,,,2.79522106,,2.7294936,,,21.72565411,3.72129138,43.05028931,113.21420287,6.9275477,103.2354229,0.00813295,,,,,1.72887924,,,,,,53.56796237,,,11.35493499,17.66021066,,,1.77599114,11.11728469,,,,0.48012445,,,,,,83.89554908,0.02048601,1.72370347,40.50499596,28.77312536,14.79119659,1.69471663,20.62160627,25.22727826,9.51995906,4.62418561,13.26755144,,,,,,0.80266234,3.64854096,4.1891027,,0.85042755,2.17653861,,,0.15669199,,1.54930177,0.91962409,0.46966767,,0.26891963,,,,,0.84876713,,1.64731789,,,0.28135373,,,,,,0.18185103,,,0.54806957,,,,0.03696404,,,,,7.43772225,24.84112437,0.04564653,5.1993051,17.83027026,0.91679541,25.53048088,1.18180816,0.76264594,0.20663298,1.80856905,0.24454518,0.45867743,0.28380593,,,0.05174191,,0.38093866,0.28074777,0.02718435,1.33101497,,0.15947548,,,,,,,,,,,,,,,,6.43726407,8.55328232,0.61248934,4.33636496,2.56085901,2.85391852,,1.37864519,2.46389601,,0.45589197,,,,,0.48526252,0.22944914,0.20632149,,,,,,,,,0.51794814,0.188231,7.87878268,,,2.63444338,,0.31838766,0.06198237,,0.29386772,0.08874569,0.32380669,0.25333265,10.31725582,1.67352037,0.57060882,,,,,41.58700792,,0.66445718,0.4931616,,0.15551738
131,2013-11-29 00:00:00,1275.82142857,63155383.723751,1964.35201053,79394828572.514,842.89763486,169.14174925,,49.52842923,27.99405996,,,,2.5616472,,,1.38401784,,,19.27143428,7.82060185,,12.41663701,1.11270789,,,,,,2.79522106,,2.7294936,,,21.72565411,3.61170445,43.73937219,108.93311093,6.92537652,103.6117876,0.00818396,,,,,1.67724161,,,,,,47.5419666,,,11.10582777,17.03214398,,,1.90486107,12.90042143,,,,0.42704403,,,,,,82.44396253,0.02048684,1.75720743,39.57365103,28.65868665,14.48644257,1.59836622,20.32743993,24.97136054,9.23013198,4.24932373,12.97578766,,,,,,0.80043593,3.45230744,4.07969386,,0.86478017,2.19039967,,,0.11269735,,1.5455671,0.91857851,0.47913876,,0.22224315,,,,,0.81847198,,1.60418914,,,0.28150756,,,,,,0.17538464,,,0.59290624,,,,0.03602617,,,,,7.32279356,24.62016928,0.04580842,4.65047642,17.51505762,0.91519142,25.23413965,1.2529223,0.72408407,0.1956019,2.08231348,0.24530323,0.48782865,0.28564386,,,0.07698527,,0.38487774,0.27025999,0.02785716,1.39019082,,0.17911273,,,,,,,,,,,,,,,,6.63055033,8.07141219,0.57190753,4.08131216,2.42950409,2.67855977,,1.27660882,2.34438851,,0.45589197,,,,,0.46113947,0.21668837,0.1964708,,,,,,,,,0.4951683,0.17999282,7.57579605,,,2.72246128,,0.31823759,0.06196344,,0.29149121,0.08777461,0.32034992,0.25270098,10.22780244,1.67352037,0.54831764,,,,,41.93221178,,0.66573256,0.25641552,,0.15551738
132,2013-12-31 00:00:00,1220.375,60243773.969295,1873.79082417,72639782644.708,797.89625475,162.39250774,,49.05769274,26.76025096,,,,3.92918181,,,1.3835805,,,19.27143428,7.71712051,,12.46998364,1.11614522,,,,,,2.68809941,,2.44072276,,,21.72565411,3.78678293,38.01635715,106.78643423,5.74429312,97.29227074,0.00838409,,,,,1.57126481,,,,,,45.51096803,,,10.45619156,17.06956372,,,2.06148318,13.85131144,,,,0.43204761,,,,,,81.32825713,0.02047859,1.52166285,37.64957429,28.63601272,14.34501772,1.58248484,19.42874729,17.31392013,8.95841535,3.9980888,12.05853596,,,,,,0.80043593,3.12971601,4.01484662,,0.85873891,2.21905121,,0.98861843,0.10846739,,1.5455671,0.92473368,0.48640945,,0.21020695,,,,,0.80626088,,1.63454059,,,0.28263728,,,,,,0.16857101,,,0.59264092,,,,0.03637308,,,,,6.93150882,23.03150558,0.04644359,2.58268862,16.50267726,0.83313561,22.36632225,1.20143885,0.62847517,0.19802822,1.92967368,0.23990149,0.39920309,0.28428718,,,0.41568173,,0.37238511,0.27572963,0.02884298,1.01152734,,0.16856717,0.66092819,,,,,,,,,,,,,,,6.86801821,7.88959832,0.56790797,4.07829939,2.42233762,2.62604525,,1.22613238,2.35045896,,0.48797622,,,,,0.45977824,0.22080894,0.19835439,,,,,,,,,0.49858355,0.17998151,7.49110697,,,2.72116461,,0.31964071,0.06194316,,0.29091598,0.08765136,0.32016938,0.25421618,10.24579331,1.64764541,0.53802414,,,,,41.45894122,,0.67160574,0.25826396,,0.15551738
133,2014-01-31 00:00:00,1242.91304348,59312176.721354,1844.81491081,74419617791.054,792.84204582,161.77119657,,46.00460551,26.59929055,,,,2.43517101,,,1.38309777,,,19.27143428,7.36884005,,11.1709462,1.11948598,,,,,,2.66007202,,2.44072276,,,21.72565411,3.75488332,37.7369533,107.39422382,5.7517315,95.08879832,0.00824056,,,,,1.50027523,,,,,,45.50696803,,,10.39199978,17.13236486,,,2.06254961,12.89389533,,,,0.41662523,,,,,,77.56869294,0.02048255,1.66248705,36.48355778,27.20556743,13.52108761,1.5385157,18.75557501,15.62909927,8.46851229,3.72313888,11.32224584,,,,,,0.80043593,3.00036369,3.92361284,,0.87739402,2.22274246,,1.11982462,0.12829252,,1.5455671,0.85619617,0.47897465,1.16805862,0.2061263,,0.01244139,,,0.79064938,,1.60352102,,,0.29574981,,,,,,0.16617387,,,0.29621176,,,,0.0355062,,,,,6.93025989,22.53658525,0.04542779,2.52085624,15.54517764,0.81485073,20.97139796,1.19370884,0.5433046,0.19675422,1.88961274,0.23029033,0.38136383,0.28120698,,,0.41568173,,0.37142608,0.2674827,0.02801593,0.85477399,,0.08935986,0.19653676,,,,,,,,,,,,,,,6.86595351,7.83543152,0.56616651,4.12111385,2.45961602,2.61397453,,1.23839107,2.38789797,,0.48208031,,,,,0.46869376,0.2220928,0.20138057,,,,,,,,,0.53465962,0.18240583,7.42506386,,,2.71978797,,0.31867893,0.06192233,,0.29015243,0.08762652,0.31985065,0.22697458,9.91075888,1.63179005,0.52791845,,,,,41.87565452,,0.66486504,0.25554104,,0.15551738
134,2014-02-28 00:00:00,1300.975,59647936.365118,1855.25820309,79328611661.253,803.41372693,164.15751467,,43.35129201,26.59083476,,,,2.51051913,,,1.38266854,,,19.27143428,7.02684073,,11.1651378,1.11690487,,,,,,2.60641649,,2.44072276,,,21.72565411,3.70751802,38.5994475,107.9681237,5.88682245,94.19143365,0.00840603,,,,,1.51057129,,,,,,45.48596805,,,10.72827967,19.4474771,,,2.16004232,12.89097839,,,,0.42323801,,,,,,76.42831122,0.02040261,1.63153153,36.8022246,27.23745928,13.90296758,1.44414861,18.66222816,15.19113736,9.12641662,3.75299264,10.72704187,,,,,,0.80043593,2.87318255,3.81143622,,0.88748032,2.21182885,,1.11963137,0.14115562,,1.5455671,0.76781435,0.48913353,1.16793379,0.20707201,,0.01243032,,,0.76412719,,1.64610323,,,0.29620569,,,,,,0.16486343,,,0.29611448,,,,0.03570182,,,,,6.69286325,23.0456919,0.04667258,2.58079486,15.02188821,0.86484328,21.09208077,1.2126882,0.55799155,0.19988266,1.8059926,0.21244333,0.3815114,0.28116054,,,0.36568109,,0.37303814,0.27324617,0.02778226,0.73571838,,0.05948623,0.09738612,,,,,,,,,,,,,,,6.85589292,7.9331809,0.57433955,4.19025919,2.5169732,2.62879571,,1.21631406,2.44864612,,0.46028332,,,,,0.48007042,0.21444258,0.2020886,,,,,,,,,0.53971358,0.18632113,7.48528166,,,2.71929516,,0.31385429,0.06190354,,0.29212484,0.06861804,0.32228478,0.210894,9.59659638,1.71006998,0.53927748,,,,,40.55434873,,0.66391889,0.255,,0.15551738
135,2014-03-31 00:00:00,1336.08333333,59980901.726087,1865.61458346,77670960335.307,812.72770314,165.11158144,,43.08591572,26.5813551,,,,2.6379832,,,1.38215736,,,19.27143428,6.91076707,,11.15273568,1.11423573,,,,,,2.59408896,,2.44072276,,,21.72565411,3.87516213,44.58199837,110.04638827,6.28291435,90.51283902,0.00835189,,,,,1.48323982,,,,,,46.44996737,,,10.97181373,20.65088679,,,2.2804513,13.96431132,,,,0.42188787,,,,,,74.58166591,0.09493453,1.58217072,36.00466717,25.83626244,13.82984076,1.44832524,18.53534954,14.68713999,8.73143783,3.74212232,10.97567064,,,,,,0.80043593,2.80182791,3.77190605,,0.89740014,2.23906507,,1.11965293,0.14110035,,1.5455671,0.76585175,0.48471918,1.16756926,0.20670984,,0.01242887,,,0.75780518,,1.63696286,,,0.29504781,,,,,,0.16366918,,,0.29600156,,,,0.03652525,,,,,6.63029088,22.58277255,0.04646064,2.57993919,14.41679538,0.76551748,20.21182439,1.17827387,0.5912051,0.19926317,1.73766371,0.20047531,0.35058016,0.32240197,,,0.36568109,,0.36874804,0.26511903,0.02775926,0.57675356,,0.07914915,0.05236057,,,,,,,,,,,,,,,6.84799225,7.87415403,0.5578774,4.14321113,2.50339453,2.5961016,,1.20806206,2.44011161,,0.45622916,,,,,0.47731023,0.21291911,0.2020886,,,,,,,,,0.54410655,0.18791138,7.34675509,,,2.71822297,,0.30980048,0.06188334,,0.29149959,0.06841946,0.3210122,0.2043499,9.59735019,1.69850327,0.56165908,,,,,40.2041116,,0.66361468,0.155,,0.15551738
136,2014-04-30 00:00:00,1299,59514820.114782,1851.11782489,76916687214.247,787.59857442,164.37759966,,43.42930303,26.42097326,,,,2.52109256,,,1.38175958,,,19.27143428,6.96836162,,11.14358685,1.11638163,,,,,,2.58903675,,2.44072276,,,21.72565411,4.3862106,44.50917906,111.55844062,6.21557782,89.43385325,0.00854314,,,,,1.44945741,,,,,,47.44396667,,,10.96916189,19.20532102,,,2.34844526,14.72969896,,,,0.42656517,,,,,,74.3590095,0.09680749,8.23035894,35.94485302,26.14375692,16.82444896,1.41118297,18.70053126,21.96095678,8.74515347,3.9335441,11.38776351,,,,,,0.80043593,2.88243101,3.74352129,,0.90351243,2.32195842,,1.15482369,0.2044598,,1.5455671,0.76902278,0.49430703,1.16737612,0.20386935,,0.01242633,,,0.76077318,,1.64259048,,,0.29704798,,,,,,0.16524431,,,0.29587409,,,,0.03657151,,,,,,22.3930216,0.04655086,2.5790805,14.25695286,0.7706782,20.2166821,1.19157029,0.51932761,0.17671033,1.71990567,0.19862149,0.35219235,0.3218167,,,0.36568109,,0.37691875,0.27234692,0.02776987,0.53677237,,0.04932253,0.04328595,,,,,,,,,,,,,,,6.84487992,7.46128084,0.53686584,3.97581504,2.39161655,2.43623931,,1.12043291,2.31050802,,0.40847204,,,,,0.45754445,0.19711558,0.2020886,,,,,,,,,0.54359569,0.18112615,6.93701174,,,2.71720936,,0.30731005,0.06186297,,0.29129293,0.0684151,0.32148684,0.20017266,9.57662411,1.72583421,0.5321569,,,,,40.89812248,0.12506832,0.75286973,0.155,,0.15551738
137,2014-05-30 00:00:00,1287.42045455,59247046.72592,1842.78914151,74240501847.426,784.93406537,163.39063018,,43.28957521,26.10647502,,,1.04154985,2.55621182,,,1.3813003,,,19.27143428,7.03676104,,11.12093656,1.11422752,,,,,,2.58903675,,2.44072276,,,21.72565411,4.48793695,43.50352634,111.32570085,6.21358172,89.73249826,0.03219962,,,,,1.48151775,,,,,,48.44296597,,,10.96651135,18.88279812,,,2.35455757,15.03358754,,,,0.42372686,,,,,,72.48535699,0.09976966,8.19766766,35.03462791,25.6392319,16.44290336,1.39412225,18.5103685,22.0193936,8.57403564,3.81396031,11.20107136,,,,,,0.80043593,2.77273753,3.69311814,,0.89225217,2.29675733,,1.1548456,0.20445468,,1.5455671,0.79271582,0.48959633,1.16728202,0.20389579,,0.01242328,,,0.75761677,,1.61529951,,,0.29620857,,,,,,0.16443106,,,0.29579071,,,,0.03656655,,,,,,21.99118408,0.04561666,2.57821333,13.51600279,0.75793923,19.67149755,1.15639852,0.51094799,0.15404061,1.67816179,0.18815977,0.3397593,0.3212633,,,0.36444261,,0.37475551,0.27002321,0.02775836,0.53732669,,0.05909917,0.0374019,,,,,,,,,,,,,,,6.84277171,7.53650952,0.53778164,4.00810481,2.42884108,2.46880789,,1.11567975,2.35652131,,0.40847204,,,,,0.47024031,0.19886345,0.20910041,,,,,,,,,0.54289962,0.19242046,6.90277436,,,2.71631723,,0.30753377,0.06184331,,0.29182523,0.06829831,0.32087371,0.19797556,9.57555541,1.72583421,0.53439072,,,,,41.58282658,0.06156722,0.74980844,0.155,,0.15551738
138,2014-06-30 00:00:00,1279.0952381,59247669.966535,1842.80852646,78038925081.884,790.3707746,164.73033301,,43.68325311,26.2511026,,,1.19702972,2.52400053,,,1.38085955,,,19.27143428,6.89887674,,11.13108969,1.11134047,,,,,,2.58903675,,2.44072276,,,21.72565411,4.45588645,42.26444732,109.93569278,6.21456927,88.73772251,0.03307139,,,,,1.4880778,,,,,,48.44296597,,,11.363576,19.10529429,,,2.47769728,14.01553412,,,,0.43192393,,,,,,70.24512935,0.09976434,8.13185617,34.09768903,25.7064126,16.41470115,1.55351814,18.35514205,21.95036455,8.45807133,3.62749182,11.28193824,,,,,,0.80043593,2.78098054,3.63662323,,0.8958466,2.31395675,,1.27938179,0.22399234,,1.5455671,0.79407531,0.50419493,1.16703083,0.20403077,,0.01241443,,,0.73539807,,1.62713155,,,0.29920906,,,,,,0.16252879,,,0.29566776,,,,0.03658455,,,,,,21.77169624,0.04616526,2.5773488,13.36841818,0.79200835,19.669246,1.17858939,0.58823913,0.1569967,1.43709487,0.19032908,0.27469344,0.32188203,,,0.36444261,,0.37788821,0.27721355,0.02730054,0.53801521,,0.14837932,0.02551566,,,,,,,,,,,,,,,7.29969865,7.40647156,0.53467194,4.02508089,2.40475825,2.31978656,,1.11338183,2.32826861,,0.41820324,,,,,0.46649637,0.19778251,0.21217423,,,,,,,,,0.54055639,0.19395321,6.59816153,,,2.71564266,,0.30933414,0.06182259,,0.28987802,0.06796618,0.31960821,0.19728947,9.5713887,1.73076299,0.54194717,,,,,42.08113171,0.06198935,0.84924342,0.155,,0.15551738
139,2014-07-31 00:00:00,1310.9673913,59515945.850347,1851.15283918,76623368153.7,801.47170074,165.62899891,,42.98626815,26.24239237,,,1.35066651,2.54922338,,,1.38040146,,,19.27143428,6.75388554,,11.13380901,1.11156118,,,,,,2.4363982,,2.44072276,,,21.72565411,4.57489127,45.7301139,108.44033513,6.36178329,89.52864442,0.03236794,,,,,1.83531766,,,,,,49.42596528,,,11.20700679,18.82806356,,,2.53892145,14.01204066,,,,0.42621117,,,,,,69.26475217,0.10220865,7.62148075,34.21515546,24.78497819,15.58803162,1.5597114,18.10343906,21.88172486,8.00492897,2.82909142,11.0029053,,,,,,0.80043593,2.71726362,3.60415545,,0.9231904,2.28426934,,1.31819209,0.31944437999999997,,1.5455671,0.79291759,0.3642513,1.16669801,0.20669141,,0.05884049,,,0.72577764,,1.58652359,,,0.32616506,,,,,,0.16336362,,,0.29545629,,,,0.03674772,,,,,,21.61237323,0.04492843,2.54613726,12.99480148,0.80447382,19.28070376,1.12252064,0.57340383,0.15489249,1.35490883,0.18515052,0.21261932,0.3027174,,,0.10043095,,0.37651651,0.29049672,0.02808727,0.51845517,,0.13856124,0.02253995,,,,,,,,,,,,,,,7.51625952,7.30641191,0.52129152,3.98994003,2.39196066,2.25519088,,1.10569496,2.30720057,,0.34689976,,,,,0.45600989,0.19320327,0.20922068,,,,,,,,,0.53967195,0.19415732,6.46699045,,,2.71466438,,0.31064832,0.0618016,,0.27692392,0.06829189,0.32134774,0.19183434,9.73382682,1.72299658,0.53531942,,,,,41.94000237,0.06264256,0.84806167,0.125,,0.15551738
140,2014-08-29 00:00:00,1295.0952381,59172921.099158,1840.4835768,76212387151.458,794.63867133,165.41528548,,42.75340586,26.23424593,,,1.42829488,2.49743335,,,1.37997109,,,19.27143428,6.64681964,,10.48111619,1.11013346,,,,,,2.4363982,,2.44072276,,,21.72565411,4.76689841,45.91808634,108.97989623,6.35004421,91.89344711,0.03186888,,,,,1.82042523,,,,,,50.41796458,,,11.78842937,18.79638777,,,2.58497603,14.22382615,,,,0.4184756,,,,,,69.16291694,0.10241686,7.6201232,34.22483132,24.57272686,15.43353937,1.56104014,17.99932764,22.24871427,7.88574605,2.77742109,10.70661476,,,,,,0.80043593,2.48353696,3.61315597,,0.88762634,2.30612051,,1.38468832,0.31932016,,1.5455671,0.79085709,0.35904552,1.16672812,0.20605125,,0.05882083,,,0.74403072,,1.57004771,,,0.3267729,,,,,,0.16599447,,,0.29535736,,,,0.03662747,,,,,,19.66429149,0.04447019,2.60566265,12.60668357,0.82023685,19.163718,1.08761939,0.60330672,0.15217444,1.33030404,0.18319846,0.20345898,0.30477404,,,0.10043095,,0.37578513,0.2870065,0.02764212,0.59859743,,0.16832964,0.02254881,,,,,,,,,,,,,,,7.51360019,7.17261217,0.51125393,3.93870031,2.37505314,2.20990192,,1.09927612,2.28213662,,0.34689976,,,,,0.45051316,0.18391484,0.20998712,,,,,,,,,0.53374339,0.19281122,6.3353591,,,2.71390154,,0.31219472,0.06178361,,0.27535388,0.06789811,0.24051412,0.19137559,9.72967893,1.72299658,0.47556061,,,,,37.98866407,0.06189054,0.84872903,0.125,,0.15551738
141,2014-09-30 00:00:00,1238.81818182,57720922.183588,1795.32136226,70329543522.808,769.51685437,162.39616638,,42.38826814,26.07278791,,,1.42831563,2.37149632,,,1.37949864,,,19.27143428,6.43530576,,10.4617246,1.10809505,,,,,,2.37439058,,2.44072276,,,21.72565411,4.65166877,40.27245445,110.65350907,6.33232526,87.66197245,0.0309695,,,,,1.75632236,,,,,,49.40996529,,,10.80199586,17.46483718,,,2.61336832,17.44502351,,,,0.40905815,,,,,,68.35364614,0.10478893,7.38901507,33.82135559,22.65540021,14.58890361,1.52410871,17.75208808,22.11748162,7.37618018,2.6670936,10.27629316,,,,,,0.80043593,2.38287251,3.60559991,,0.88268036,2.24742754,,1.38885397,0.30374789,,1.5455671,0.79666193,0.34807053,1.16641234,0.21349309,,0.07427464,,,0.74550751,,1.31827363,,,0.32451115,,,,,,0.17570895,,,0.29525522,,,,0.03477146,,,,,,19.23506247,0.04334287,2.57470694,11.6755423,0.75704283,18.10327756,1.07719822,0.54446377,0.14863642,1.35538382,0.17643884,0.18061434,0.30719036,,,0.10043095,,0.38017302,0.27974537,0.02975694,0.7986109,0.04378411,0.1684425,0.04350308,,,,,,,,,,,,,,,7.5111723,7.19777189,0.50054305,3.92595316,2.37063076,2.17784007,,1.07410423,2.26054381,,0.36249594,,,,,0.44590034,0.17850033,0.21178322,,,,,,,,,0.52769982,0.19413992,6.18689175,,,2.71384852,,0.31216863,0.06176284,,0.27508334,0.06740851,0.23916515,0.19747908,9.71625365,1.73661337,0.44432756,,,,,39.07026608,0.06156162,0.84492307,0.125,,0.15551738
142,2014-10-31 00:00:00,1222.48913043,56805230.416043,1766.84016464,66267302362.008,740.8364964,161.29096656,,43.00744054,25.75929168,,,1.50640209,2.27519714,,,1.37904147,,,19.27143428,6.39626323,,10.45961983,1.11066355,,,,,,2.36159155,,2.44072276,,,21.72565411,4.85452272,42.91888947,111.96871743,5.5935766,87.71471648,0.03083686,,,,,1.76434658,,,,,,49.40596529,,,11.16797951,16.81893477,,,2.6975831,17.44065513,,,,0.40299313,,,,,,68.66264852,0.10629762,7.31704182,33.29975491,22.37758998,13.9841496,1.52037695,17.55719786,21.86240607,7.07939309,2.44545539,10.05962738,,,,,,0.80043593,2.29991757,3.49117659,,0.88095893,2.24383166,,1.38947118,0.3037548,,1.5455671,0.79160933,0.3480974,1.16612992,0.21668751,,0.07417324,,,0.70818576,,1.30531086,,,0.32897099,,,,,,0.16149096,,,0.29507415,,,,0.03440925,,,,,,19.10590416,0.04331428,2.57362736,11.52792174,0.74934103,17.81547144,1.06165204,0.53884668,0.14649111,1.36073368,0.17422357,0.17800197,0.30781574,,,0.10043095,,0.38060227,0.27214045,0.02998489,0.84890831,0.04357427,0.20813873,0.04053432,,,,,,,,,,,,,,,7.70603822,7.20184222,0.50281505,3.92521992,2.38471615,2.18521531,,1.07581918,2.26558213,,0.34447692,,,,,0.44494699,0.17932052,0.21362338,,,,,,,,,0.53402663,0.19535819,6.15491358,,,2.80037121,,0.31313811,0.06174104,,0.27844404,0.06824759,0.24198652,0.1959475,9.71742288,1.74908523,0.44834976,,,,,39.88678737,0.06155483,0.65730322,0.125,,0.15551738
143,2014-11-28 00:00:00,1176.3,55634132.811432,1730.4149575,65908824359.936,717.29975039,161.7721451,,41.2434048,25.44681743,,,1.5057554,2.2516433,,,1.37862759,,,19.27143428,5.9400343,,10.44775475,1.10695952,,,,,,2.36159155,,2.44072276,,,21.72565411,4.81476561,43.913373,114.45074357,5.39910599,85.63045529,0.03027168,,,,,1.7745777,,,,,,49.32796535,,,11.16537107,16.67837219,,,2.78409292,16.66914936,,,,0.39354793,,,,,,66.9575283,0.10435963,7.00959418,32.17747042,21.6792832,14.15547774,1.50948177,17.10980733,21.48324964,6.88765172,2.22949879,10.00786415,,,,,,0.80043593,2.27979083,3.46418178,,0.88334058,2.21530914,,1.50658904,0.24114892,,1.5455671,0.79382095,0.33726451,1.16603522,0.21722915,,0.07414154,,,0.6848482,,1.29776138,,,0.32560416,,,,,,0.15951541,,,0.29495721,,,,0.03454057,,,,,,18.85778459,0.04325173,2.51244063,10.60344804,0.74317529,17.33337864,1.0226194,0.60352727,0.14308989,1.21650932,0.16791791,0.17214546,0.30874167,,,0.12542906,,0.3824521,0.27132929,0.03187621,0.75883922,0.03433598,0.21817496,0.04056344,,,,,,,,,,,,,,,7.70200345,7.28191945,0.49940505,3.89827354,2.39511365,2.1655769,,1.05389903,2.2692933,,0.34447692,,,,,0.43952088,0.17917413,0.2166014,,,,,,,,,0.50835511,0.19568908,5.98176238,,,2.8282159,,0.3114662,0.06172387,,0.27604503,0.0677902,0.24029819,0.19865306,9.43193322,1.74908523,0.43402598,,,,,36.14374055,0.06174675,0.75018614,0.125,,0.15551738
144,2014-12-31 00:00:00,1198.85869565,55026944.254672,1711.52928233,66093266582.25,708.68346561,161.14900516,,40.12674775,23.76228596,,,1.53674388,3.58587467,,,1.37814143,,,19.27143428,5.61302406,,10.33145767,0.82997407,,,,,,2.30355837,,2.16443792,,,21.72565411,4.75931824,43.38151619,122.28533997,5.44695341,84.25300969,0.02980539,,,,,1.78296362,,,,,,49.821965,,,8.92071056,13.99799361,,,2.76452215,16.05089829,,,,0.39218677,,,,,,66.67846976,0.14676847,6.77848307,31.92045365,19.80746067,13.51520073,1.51049947,17.06004446,21.0342264,6.65518648,2.1032525,9.71472209,,,,,,0.80043593,2.16767644,3.48369314,,0.9247963,2.22762361,,1.51931763,0.27154755,,1.5455671,0.79447344,0.33807956,1.17229698,0.21677509,,0.09005567,,,0.68082133,,1.26687571,,,0.3278759,,,,,,0.15024101,,,0.29484394,,,,0.03446086,,,,,,18.79057592,0.04178345,2.63278783,10.02928428,0.64265287,16.49915679,0.98395857,0.5893354,0.14330412,1.18855757,0.16015016,0.16151223,0.31114074,,,0.12542906,,0.3760944,0.26576207,0.03522399,0.80079449,0.02528178,0.17085361,0.04658464,,,,,,,,,,,0.07,,,,7.6999766,7.29050653,0.49040225,3.87893619,2.40937387,2.13171465,,1.0523653,2.2765381,,0.34290266,,,,,0.43570756,0.17619639,0.21905468,,,,,,,,,0.48358034,0.19659277,5.87383175,,,2.82855446,,0.30799224,0.06170121,,0.27188746,0.06659419,0.23616617,0.18810769,9.23479693,1.75370855,0.37949613,,,,,34.48462764,0.06213667,0.74387923,0.125,,0.15551738
145,2015-01-30 00:00:00,1249.45454545,56940230.282492,1771.03912985,71866085964.728,758.0455519,167.5102502,,40.39982409,24.21147448,,,1.59807085,2.45090637,,,1.37769953,,,19.27143428,4.90592344,,10.22993956,0.96692114,,,,,,2.30355837,,2.15842577,,,21.72565411,5.55812034,43.77175195,126.81635665,5.6895731,87.25923996,0.02909301,,,,,1.75371792,,,,,,52.30196326,,,9.01065686,14.13761329,,,2.87794294,15.83225584,,,,0.37791446,,,,,,66.47592245,0.16015952,7.38936422,33.18921755,20.9028326,14.53621264,1.9517262,17.11663754,11.15633893,6.0758246,2.02179189,9.6315985,,,,,,0.96463179,2.07383644,3.97329794,,0.96969226,2.22567866,,1.83103903,0.38353345,,1.79560094,0.79146866,0.32384562,1.16540859,0.22527234,,0.08951829,,,0.63790201,,1.36201489,,,0.35667327,,,,,,0.14870164,,,0.32874296,,,,0.03458638,,,,,,19.25540293,0.04505322,2.72372918,9.02974147,0.61345509,17.0902643,0.9447073,0.65967112,0.14078935,1.1868136,0.17261439,0.1400801,0.3124302,,,0.12542906,,0.38067346,0.27544181,0.03842912,0.58017908,0.01013896,0.1985475,0.04656934,,,,,,,,,,,0.07,,,,7.40035347,7.12214351,0.47981776,3.81296939,2.36415353,2.07861698,,1.02264372,2.23543699,,0.34290266,,,,,0.42452882,0.17205039,0.21782663,,,,,,,,,0.46090279,0.18985419,5.70961897,,,2.826875,,0.30548562,0.06168101,,0.27539972,0.06767169,0.24025977,0.18504181,9.25442692,1.75370855,0.36124097,,,,,33.677215,0.06194781,0.75277275,0.125,,0.15551738
146,2015-02-27 00:00:00,1227.1875,57595157.039422,1791.40962902,70012301766.316,770.93920185,166.39489994,,39.40054697,24.20421833,,,1.65956776,2.42723394,,,1.3772845,,,19.27143428,4.99456991,,10.23273872,0.96828505,,,,,,2.30355837,,2.14281183,,,21.72565411,7.75716868,47.48089205,127.84690593,6.73979547,90.7538475,0.02943634,,,,,2.25369672,,,,,,53.27096258,,,9.00862501,15.21813874,,,2.96087344,16.28881905,,,,0.38832896,,,,,,66.38149309,0.22204757,8.45899275,33.39063276,20.04391541,14.16646306,1.9830388,16.95155497,10.17691412,5.90624817,1.9451438,9.1744565,,,,,,0.98196315,2.04656803,3.98529309,,0.99880028,2.19671507,,2.96046684,0.38354123,,1.88808147,0.82584496,0.33284845,0.1716584,0.23028948,,0.11726318,,,0.63009956,,1.31148066,,,0.35621013,,,,,,0.14202939,,,0.32845681,,,,0.03433219,,,,,,19.0069401,0.04351925,2.72321956,8.95743442,0.62924178,16.59638401,0.97165314,0.60128145,0.14482281,1.4478941,0.17082473,0.29209162,0.2987162,,,0.12542906,,0.38288978,0.28467936,0.03985329,0.67014779,0.0071673,0.1688374,0.06754342,,,,,,,,,,,0.07,,,,7.59999432,7.11492447,0.47522926,3.7851274,2.35510902,2.05598199,,1.01624269,2.21822641,,0.32752253,,,,,0.42098999,0.1715019,0.21829258,,,,,,,,,0.44466971,0.1741987,5.63962312,,,2.82585256,,0.3043319,0.06166251,,0.27323943,0.06698162,0.23742227,0.18508157,9.00160136,1.75370855,0.36283793,,,,,30.8569169,0.06099996,0.65793102,0.125,,0.15551738
147,2015-03-31 00:00:00,1178.62954545,55926904.60307,1739.52117812,66484538321.514,736.92745344,164.88464265,,39.30220127,24.04375006,,,1.65954474,2.28701278,,,1.37681492,,,19.27143428,4.92680828,,10.22482043,0.96862463,,,,,,2.28160327,,2.11746249,,,21.72565411,7.96665378,48.64068607,112.023579,6.82017753,85.16231513,0.02816869,,,,,2.23106109,,,,,,55.35696111,,,9.69673554,15.07040697,,,3.06080091,16.80596578,,,,0.37292073,,,,,,66.25640139,0.16247754,9.14572448,33.2705008,19.91065902,13.9238356,1.98831661,17.01881811,10.18675025,5.65000892,1.86131485,9.15562807,,,,,,1.05363067,2.21330559,4.33850265,,1.00625119,2.14448908,,2.97959254,0.38335625,,1.9209882,0.82892705,0.31968243,0.1716325,0.23205107,,0.11721058,,,0.62092314,,1.2795876,,,0.32587613,,,,,,0.16078558,,,0.32832903,,,,0.03453246,,,,,,18.79074493,0.04259066,2.6069797,8.55490935,0.62589602,16.27886509,0.88421787,0.59038696,0.13909386,1.48333209,0.16909377,0.27565197,0.27402137,,,0.33842449,,0.37438902,0.28730478,0.03879024,1.19002888,0.01615207,0.21861527,0.21735468,,,,,,,,,,,1.15,,,,8.29402684,6.98703174,0.4592364,3.75056063,2.31572096,2.00376931,,1.00484784,2.18390113,,0.34541438,,,,,0.41448969,0.16927915,0.22132549,,,,,,,,,0.42708874,0.1741987,5.50650017,,,2.82590088,,0.24917518,0.06164201,,0.27335004,0.06699222,0.23750374,0.18694447,8.77790425,1.74059969,0.35384692,,,,,30.71811727,0.06200859,0.65809218,0.125,,0.15551738
148,2015-04-30 00:00:00,1197.96363636,56157427.237343,1746.69123352,66404495223.535,739.07274826,165.5422459,,39.53468126,24.03603159,,,1.58261025,2.2064368,,,1.376372,,,19.27143428,5.0429542,,10.20871845,1.10959812,,,,,,2.27357389,,2.08996702,,,21.72565411,8.28868324,51.79221293,111.46373175,6.81799279,84.75509653,0.02914068,,,,,2.57498981,,,,,,55.35696111,,,10.30796232,16.27541252,,,3.14443935,16.80191236,,,,0.38502533,,,,,,65.8519205,0.17389696,9.14381341,32.92185414,20.73850489,14.57044998,1.98387607,17.04311458,9.73247224,5.90249908,1.88528681,9.45235911,,,,,,1.05607168,2.31119138,4.27819396,,1.08171976,2.12829213,,2.98292949,0.39872536,,1.98918652,0.829417,0.33012061,0.17182349,0.23824486,,0.1325887,,,0.61943895,,1.32495567,,,0.32506421,,,,,,0.14917467,,,0.32809853,,,,0.03457579,,,,,,18.51635234,0.05235548,2.47009437,8.88315244,0.65404109,16.93051222,0.88558589,0.61128076,0.10159116,1.4535024,0.16836773,0.28247799,0.2731527,,,0.33843827,,0.37543962,0.28044789,0.03955473,1.16943983,0.01317523,0.26834612,0.23822652,,,,,,,,,,,1.15,,,,8.29116511,6.93283116,0.45801795,3.72820098,2.29892643,2.00237198,,0.99986352,2.18394993,,0.31695763,,,,,0.41063982,0.16890472,0.22209148,,,,,,,,,0.41220303,,5.47040535,,,2.82396583,,0.24889832,0.06162217,,0.27944507,0.06864981,0.2433039,0.19098154,8.75347578,1.74450358,0.36668502,,,,,28.68200423,0.06280438,0.65586526,0.125,,0.15551738
149,2015-05-29 00:00:00,1198.19285714,55502790.997453,1726.32977044,66221260695.721,715.58006905,166.56146168,,39.13056173,24.02856834,,,1.5820715,2.24684306,,,1.37594636,,,19.27143428,4.88932782,,10.20656105,1.10875799,,,,,,2.27357389,,2.05793044,,,21.72565411,9.49494065,47.90993427,112.47540669,7.18423988,84.97211746,0.07420845,,,,,2.56349788,,,,,,58.34795901,,,10.6122664,15.90740947,,,3.19779788,16.79799175,,,,0.38317373,,,,,,66.20021854,0.18238087,9.29510702,32.60643662,20.7130644,16.85837776,1.98175665,17.03856176,9.70572825,5.70051687,1.90011433,9.36071619,,,,,,1.09485672,2.27632072,4.1026618,,1.0797796,2.11020142,,3.04325349,0.35217886,,1.97700942,0.825531,0.32863274,0.43911404,0.23730668,,0.13253569,,,0.59735147,,1.31688004,,,0.32589911,,,,,,0.15218252,,,0.32816073,,,,0.03442868,,,,,,18.63075769,0.05218076,2.50127921,8.68158221,0.62181185,16.77984109,0.88160211,0.51315828,0.10114138,1.4656407,0.16777851,0.27641926,0.27358972,,,0.32644757,,0.37336745,0.28753228,0.03933979,1.19819514,0.01915485,0.25852243,0.23825289,,,,,,,,,,,1.15,,,,7.9963449,6.84524735,0.45223002,3.6865765,2.28631076,1.9882731,,0.97967552,2.17350785,,0.31695763,,,,,0.40616573,0.17065011,0.22093879,,,,,,,,,0.40254863,,5.38839591,,,2.67597837,,0.24896734,0.06160363,,0.27407948,0.06726929,0.2311549,0.18406554,8.76872128,1.74450358,0.37405197,,,,,28.29517371,0.06188401,0.65341318,0.125,,0.15551738
150,2015-06-30 00:00:00,1181.50454545,55275627.063905,1719.26418231,64825856738.928,711.14989021,167.75742271,,38.71695978,23.71628417,,,1.6285313,2.24153472,,,1.3754749,,,19.27143428,4.88219349,,10.23135109,1.10674643,,,,,,2.24741531,,2.04430711,,,21.72565411,10.29938112,48.2749971,109.39617369,7.0296248,83.42228709,0.07649277,,,,,2.45464705,,,,,,59.34195831,,,12.14269905,15.61420484,,,3.30147363,16.18074046,,,,0.39422103,,,,,,65.75310342,0.19831375,9.36979355,32.53328049,20.82849448,16.9520456,1.84920927,17.03426289,9.45897368,5.78728049,1.92920019,9.45074971,,,,,,1.09160427,2.2944068,3.93773735,,1.0763641,2.10658987,,3.04314717,0.35565803,,2.04815412,0.82302004,0.33819201,0.4385298,0.23563314,,0.13248594,,,0.60780709,,1.32336581,,,0.35591488,,,,,,0.15167633,,,0.32803411,,,,0.03417876,,,,,,18.3149277,0.05236318,2.58230573,8.69536898,0.63163193,16.79303379,0.91217706,0.58087775,0.10415866,1.46018496,0.17032387,0.27111383,0.19325156,,,0.32644757,,0.37415282,0.28427546,0.04000749,1.63803305,0.01616306,0.17898813,0.24122357,,,,,,,,,,,2.16,,,,7.59828162,6.76430541,0.45011124,3.67006645,2.2773165,1.96642763,,0.97979256,2.16609057,,0.31613898,,,,,0.40146463,0.17071687,0.22226981,,,,,,,,,0.38515243,,5.3557709,,,2.616884,,0.24840269,0.06158276,,0.26055656,0.06741539,0.22149128,0.18443299,8.55076995,1.74590264,0.37700802,,,,0.01564577,27.37315021,0.06256261,0.56163662,0.125,,0.15551738
151,2015-07-31 00:00:00,1130.03695652,52930185.766127,1646.31280339,58207906937.481,672.44587129,162.88173434,,38.56777231,23.4044596,,,1.78362181,2.22222893,,,0.30555824,,,19.27143428,4.65521116,,10.25394786,1.10357336,,,,,,2.23141644,,2.02119723,,,21.72565411,10.34717017,46.94575298,102.74074789,6.75968244,72.09686079,0.07563208,,,,,2.10991786,,,,,,59.28395835,,,12.13966633,13.93483414,,,3.33487257,16.1766959,,,,0.39151132,,,,,,64.97583293,0.22784967,8.75647803,31.80942078,20.39764036,16.31016334,1.87289139,16.79039263,9.34672482,6.10412373,1.90076729,9.07765427,,,,,,1.14857627,2.19666204,3.69679425,,1.0656214,2.10197654,,3.04635102,0.28883417,,2.01863797,0.82749801,0.33597503,0.4386315,0.26115961,,0.13243896,,,0.60653959,,1.27772819,,,0.3562863,,,,,,0.15201512,,,0.32791174,,,,0.03425602,,,,,,18.05610022,0.05078338,2.6088522,8.43425774,0.62158587,16.00360806,0.88550583,0.56073587,0.10340716,1.46052746,0.16319396,0.26797235,0.19390288,,,0.41330614,,0.37359694,0.28098006,0.04179758,1.72649828,0.01317797,0.15901036,0.2112292,,,,,,,,,,,2.16,,,,8.29417864,6.65825926,0.44289127,3.61901367,2.24056657,1.90605983,,0.95692317,2.1271854,,0.31131368,,,,,0.38973712,0.16188528,0.220358,,,,,,,,,0.37453508,,5.21671909,,,2.61610866,,0.24740461,0.06156132,,0.25843693,0.06656863,0.21840366,0.18359036,8.48806075,1.70025848,0.35761208,,,,0.0152193,26.47015713,0.06132742,0.55810436,0.05,,0.15551738
152,2015-08-31 00:00:00,1118.30952381,53143249.783989,1652.93983512,60402253859.847,682.35144132,161.13468545,,38.28559018,23.39669566,,,2.01509698,2.22591941,,,0.15578347,,,19.27143428,4.59295176,,10.22445108,1.25256715,,,,,,2.23414766,,2.02119723,,,21.72565411,11.019696,48.87028693,108.32177387,6.86427699,69.75167046,0.07432004,,,,,2.06140079,,,,,,59.26995836,,,11.37071038,13.5997305,,,3.4165799,14.33519509,,,,0.38537509,,,,,,63.35152531,0.41709461,8.75494361,30.70748977,20.61888224,15.10790191,1.87525191,16.61592041,9.28360954,6.13578259,1.8119129,9.12437399,,,,,,1.16075243,2.22698071,3.69158534,,1.07097793,2.07283435,,3.04594841,0.28993373,,2.0195471,0.82559808,0.329804,0.17428909,0.26178769,,0.13239942,,,0.61427284,,1.27846196,,,0.35553329,,,,,,0.150956,,,0.32775117,,,,0.0340505,,,,,,17.61854386,0.05014964,2.58501406,8.31036778,0.54905008,15.59398211,0.87169645,0.56190719,0.10180045,1.40227375,0.15909674,0.26745442,0.19221094,,,0.41330614,,0.37089687,0.27691304,0.04093214,1.8453562,2.45136941,0.17879057,0.36061894,,,,,,,,,,,2.16,,,,8.58362891,6.48609447,0.4411217,3.59950519,2.21921803,1.86387403,,0.94582065,2.11941547,,0.31131368,,,,,0.38338428,0.16124721,0.22001093,,,,,,,,,0.3520928,,5.10700716,,,2.49758846,,0.24178386,0.06154405,,0.25890342,0.06656391,0.21882515,0.17951584,8.30620046,1.68738476,0.35113684,,,,0.01533634,24.97656429,0.06186112,0.55890098,0.05,,0.15551738
153,2015-09-30 00:00:00,1124.53181818,53179533.134508,1654.06837347,59342532547.352,687.18496276,160.620758,,37.24544738,23.2373014,,,2.15424523,2.25684392,,,0.15573342,,,19.27143428,4.52728471,,10.1761566,1.24408211,,,,,,2.22233755,,1.98259782,,,21.72565411,11.05925718,49.54667421,102.97771756,6.91376681,70.2405572,0.07330257,,,,,2.23913904,,,,,,59.25995837,,,11.36768696,13.57426393,,,3.45318896,14.33138761,,,,0.37864407,,,,,,63.23734276,0.34156057,8.8296293,30.2708864,20.50474314,15.02935465,1.86788384,16.36082441,9.04936391,6.11377478,1.80886932,8.93810114,,,,,,1.15961775,2.19847303,3.29741527,,1.06458266,2.05132176,,3.05590263,0.3389553,,1.98871694,0.82197443,0.32495567,0.63435457,0.26047012,,0.13235172,,,0.60452287,,1.25893891,,,0.35520087,,,,,,0.1523833,,,0.32750788,,,,0.03400079,,,,,,17.47909296,0.04991415,2.56505961,8.09741772,0.52284219,14.97507937,0.85707836,0.54361841,0.06134337,1.38783752,0.15634355,0.25472709,0.19312947,,,0.41330614,,0.37029275,0.28155232,0.04001565,1.79369741,2.44599289,0.17876829,0.39050614,,,,,,,,,,,1.95,,,,8.55922725,6.4748044,0.44548907,3.62351922,2.24599892,1.86324184,,0.95542988,2.12209956,,0.30046595,,,,,0.38398419,0.16355291,0.221756,,,,,,,,,0.34678347,,5.15962774,,,2.43784257,,0.24075698,0.06152123,,0.26094896,0.06742335,0.21782457,0.17685091,8.25904411,1.66747216,0.34353839,,,,0.01563243,29.87756702,0.06221142,0.46626178,0.05,,0.15551738
154,2015-10-30 00:00:00,1159.24545455,53474715.158949,1663.24956071,61179928457.16,692.02394999,161.29332213,,37.11912985,23.22984184,,,2.15494672,2.29001534,,,0.15469647,,,19.27143428,4.63310549,,10.18717342,1.24333398,,,,,,2.22233755,,1.98259782,,,21.72565411,11.41736792,52.13270366,104.177247,7.0998755,72.03539235,0.07457293,,,,,2.27639943,,,,,,60.25195767,,,11.36494137,13.35498779,,,3.4212992,13.71564382,,,,0.38626416,,,,,,62.61341403,0.36612797,8.75147328,29.98714481,20.21635991,14.74532181,1.78422627,16.13298398,8.92517736,6.01544902,1.7800874,8.98574902,,,,,,1.15907782,2.16359394,3.19407269,,1.06787644,2.06848267,,3.06610285,0.33898393,,1.96000482,0.77477051,0.3315968,0.63195318,0.26110149,,0.1323072,,,0.6007751,,1.24079636,,,0.35547924,,,,,,0.1570985,,,0.32754833,,,,0.03407374,,,,,,17.39518507,0.049263,2.54932253,7.87807233,0.51353343,14.70373815,0.89007133,0.5455768,0.06260012,1.36330107,0.15617288,0.23767191,0.15328698,,,0.41330614,,0.3691492,0.29404112,0.0413845,1.74344465,2.44060132,0.14893848,0.30073025,,,,,,,,,,,1.95,,,,8.75481572,6.38025467,0.44109322,3.56990943,2.1751636,1.83280064,,0.93778561,2.09525177,,0.30046595,,,,,0.37700595,0.16265169,0.22052357,,,,,,,,,0.34325139,,5.08436456,,,2.43567363,,0.24176649,0.06150203,,0.26039003,0.06719968,0.20636225,0.17422603,8.27501952,1.66747216,0.34957462,,,,0.01561749,30.47659241,0.06204386,0.46647184,0.05,,0.15551738
155,2015-11-30 00:00:00,1085.70238095,51931960.375122,1615.26452313,55224610556.894,654.56929982,158.61540834,,36.85879367,23.22213231,,,2.27786464,2.49897526,,,,,,19.27143428,4.22286379,,9.87322775,1.23904281,,,,,,2.19837869,,1.9448693,,,21.72565411,11.70580622,48.74525696,105.43558771,7.78427536,69.3677813,0.07282794,,,,,2.1825305,,,,,,60.24795768,,,11.36210361,12.78076013,,,3.48579899,13.71221302,,,,0.37571382,,,,,,62.1001473,0.41374038,8.44443119,29.22010332,19.38194438,15.28529351,1.5731874,15.95501412,8.83750836,4.688377,1.70413833,11.1883717,,,,,,1.16132336,2.06842421,3.11064051,,1.07246976,2.06702355,,3.09218756,0.4097727,,1.87818804,0.76610858,0.32259012,0.63179393,0.26207381,,0.13226373,,,0.59047426,,1.18905141,,,0.35488395,,,,,,0.16370991,,,0.32746668,,,,0.03420006,,,,,,17.38941774,0.04744404,2.47210978,7.50733375,0.49067835,14.02072324,0.84592814,0.53914108,0.06084963,1.02323465,0.13552126,0.10258962,0.14976996,,,0.41330614,,0.37076477,0.29040339,0.04249813,2.90807509,2.45507784,0.17872685,0.54319246,,,,,,,,,,,1.95,,,,9.03001805,6.28895917,0.43832703,3.54102722,2.16358695,1.8089136,,0.92976162,2.07074767,,0.31321866,,,,,0.37211524,0.16176586,0.21929262,,,,,,,,,0.32804852,,5.05067349,,,2.43423178,,0.23823852,0.06148231,,0.25888232,0.06663478,0.20457734,0.17648257,8.24868871,1.67868367,0.35393968,,,,0.01540324,29.9395104,0.06102596,0.46452173,0.05,,0.15551738
156,2015-12-31 00:00:00,1068.4673913,51052902.934294,1587.92278044,54318818013.144,642.14459626,152.54693667,,36.20285994,22.30405797,,,2.27775833,2.76144836,,,,,,19.27143428,4.07623237,,10.21180331,1.24748118,,,,,,2.20184506,,1.92645604,,,21.6486108,11.90867724,47.97013751,102.81879463,7.79687813,68.40109125,0.07086937,,,,,1.41432684,,,,,,59.24595838,,,11.35926496,12.35594245,,,3.49926672,13.70877869,,,,0.36779052,,,,,,61.23116991,0.41947105,8.36634229,28.33263939,20.01669847,15.82243224,1.63152339,15.66563904,8.73784985,4.60699808,1.70035607,8.77153286,,,,,,1.23540662,2.0385515,2.98722212,,1.05099182,2.04467478,,3.16232101,0.54491476,,2.01124471,0.71443186,0.31505179,0.63041455,0.25915865,,0.13220445,,,0.57926869,,1.23023083,,,0.35431113,,,,,,0.16270347,,,0.32717336,,,,0.03383156,,,,,,16.82727436,0.04840462,2.38088312,7.69825105,0.48871485,14.30528944,0.83377183,0.55759467,0.05998071,0.90229557,0.12870292,0.0943311,0.14891607,,,0.41330614,,0.36739641,0.28618004,0.04309554,3.19080453,2.43795305,0.17873686,0.4834037,,,,,,,,,,,3.85,,,,9.76194393,6.2544408,0.43748742,3.51678864,2.14734133,1.78433039,,0.92525235,2.05626225,,0.31611485,,,,,0.36957466,0.16198061,0.21961035,,,,,,,,,0.31955908,,4.99507348,,,2.43438897,,0.23520319,0.06146029,,0.26160665,0.06722166,0.20660837,0.17651018,8.27716705,1.67010544,0.35704302,,,,0.01554779,29.58015629,0.06246726,0.46467262,0.05,,0.15551738
157,2016-01-29 00:00:00,1095.70238095,52849172.051209,1643.79299519,58839508269.386,669.02083365,166.41595591,,57.99938747,22.60051316,,,2.34039525,2.57815352,,,,,,19.27143428,3.72317217,,9.74850397,1.10625254,,,,,,2.20184506,,1.92645604,,,,12.66352683,56.38670668,103.16374592,8.91112612,70.59646846,0.06870237,,,,,1.37147938,,,,,,60.24095768,,,11.72394002,12.31261288,,,3.5611342,13.70558781,,,,0.35481685,,,,,,61.60014153,0.42694709,9.6624969,28.59488695,19.77095827,15.52539794,1.71407622,15.72170961,8.62610605,4.90817961,1.68850439,8.36987389,,,,,,1.23636567,1.92031033,2.95592122,,1.06817274,1.99691138,,3.12069858,0.47838589,,1.94433342,0.79938785,0.30460956,0.63169318,0.26290494,,0.1321604,,,0.58516358,,1.18935572,,,0.3560131,,,,,,0.16292453,,,0.3270369,,,,0.03395477,,,,,,17.24595111,0.04721221,2.4014412,7.57965258,0.48517001,13.79153809,0.80029791,0.53930259,0.05757612,0.87438667,0.12548609,0.09598526,0.14667311,,,0.41330614,,0.36905476,0.28407332,0.04212845,4.82096342,1.76266556,0.17870366,0.44134254,,,,,,,,,,,3.85,,,,10.09283166,6.20486393,0.43559759,3.4992194,2.14904723,1.77708675,,0.87923482,2.05187041,,0.31611485,,,,,0.36810711,0.16313289,0.22024622,,,,,,,,,0.31599777,,4.95866174,,,2.43498217,,0.23205754,0.06144181,,0.25942755,0.06690464,0.20590316,0.17175928,8.26567026,1.67010544,0.34720524,,,,0.01554083,29.43151477,0.06253175,0.46821977,0.05,,0.15551738
158,2016-02-29 00:00:00,1199.91190476,59535796.329268,1851.77025809,73585537005.147,777.05361615,189.38587259,,56.81766113,23.65445178,,,2.49131313,2.34254122,,,,,,19.27143428,4.05752869,,9.71298517,1.10336263,,,,,,2.25063459,,1.89022848,,,,17.1365347,69.11959599,111.74134498,10.1765466,90.21813996,0.06676304,,,,,1.32884853,,,,,,66.73495312,,,10.19085536,23.83385756,,,3.76284485,13.70215295,,,,0.34701067,,,,,,62.11225785,0.52365116,10.7292082,29.33887211,20.59141475,18.00257035,1.75377362,16.15049322,8.36821785,5.45708512,1.91333176,8.28770143,,,,,,1.23727936,1.81518844,3.07181144,0.28810423,1.06664925,2.05727746,,2.99272414,0.47855377,,1.98708722,0.92364353,0.29788511,0.6314391,0.25394481,,0.18433639,,,0.60587451,,1.21545277,,,0.35433683,,,,,,0.17230228,,,0.32692778,,,,0.03405363,,,,,,17.20199296,0.04773179,2.42979378,7.70641955,0.6137719,14.20757197,0.80256615,0.56542412,0.05628296,0.89272896,0.11748981,0.097103,0.18651054,,,0.53627529,,0.36925338,0.27981093,0.04013233,9.45774419,2.01415295,0.62545352,0.94045118,,,,,,,,,,,3.85,,,,10.09045599,6.15443331,0.43180949,3.49850533,2.16925869,1.78800975,,0.84091725,2.06322199,,0.29916826,,,,,0.35902613,0.17404205,0.22253463,,,,,,,,,0.29061159,,4.96542196,,,2.4315275,,0.23258616,0.06142187,,0.25704055,0.02813619,0.20506993,0.16165395,8.26394854,1.62913717,0.57352704,,,,0.01551345,29.17856742,0.06270792,0.46329772,0.05,,0.15551738
159,2016-03-31 00:00:00,1244.13478261,62114831.439525,1931.98721673,76896979145.377,819.00965207,186.2850185,,54.62928666,24.25294984,,,2.49121248,2.3933177,,,,,,19.27143428,4.86739439,,9.6449108,1.09825295,,,,,,2.23530102,,1.87760486,,,,21.94333188,73.66119231,113.87451032,10.65647357,92.31926786,0.06872988,,,,,1.37067661,,,,,,70.70695033,,,10.80022091,26.605691,,,3.74773259,15.07472621,,,,0.35824416,,,,,,62.24001198,0.5284101,11.10850238,29.78315052,22.73620376,19.10943477,2.0258748,16.11057835,8.19560018,6.03939326,2.6406012,9.9904649,,,,,,1.27828677,1.8433864,3.13121743,0.26816779,1.05108153,2.06685998,,2.89008377,0.47853438,,2.09294541,0.93186444,0.30757667,0.6477167,0.24983635,,0.18426987,,,0.63203472,,1.2598985,,,0.35532164,,,,,,0.16851019,,,0.32687567,,,,0.03112912,,,,,,17.10314058,0.04924099,2.97758587,8.03971543,0.64158301,14.81352917,0.82993203,0.57847388,0.05820474,0.88017458,0.11923518,0.09689045,0.18566437,,,0.53627529,,0.35136192,0.27992966,0.04177055,13.42794431,2.09572854,0.85346684,0.98507151,,,,,,,,,,,6.57,0.02,,,9.88594751,6.03202384,0.42263863,3.42931447,2.14280862,1.73515491,,0.82650427,2.02019954,,0.29440368,,,,,0.34856538,0.17152176,0.21968417,,,,,,,,,0.28428011,,4.87263019,,,2.22582743,,0.23612269,0.06140234,,0.25716465,0.02794076,0.20470488,0.15940746,8.22940993,1.66977138,0.76560139,,,,0.03087668,33.21789791,0.0622761,0.46479306,0.05,,0.15551738
160,2016-04-29 00:00:00,1242.26190476,62348870.87357,1939.26665683,80225154439.48,803.89876393,187.82368933,,55.1111575,24.54850899,,,2.63095998,2.5755699,,,,,,19.27143428,5.24022846,,9.6271463,1.09851773,,,,,,2.23530102,,1.87760486,,,,25.76992665,77.27734562,120.47331819,10.93154188,94.54300343,0.14129201,,,,,1.42149222,,,,,,74.70294752,,,10.79770004,20.5352064,,,4.14957508,15.68262115,,,,0.36349734,,,,,,62.47479305,0.30278332,11.1064631,29.92383514,23.14885716,19.35890155,2.07235544,16.25750866,8.04763405,6.05996044,2.76706845,9.89960104,,,,,,1.28084122,1.76886641,3.14409658,0.26826624,1.046989,2.09412896,,3.0260357,2.71152927,,2.08687039,0.93554292,0.31217666,1.25391294,0.25354371,,0.18421125,,,0.63046588,,1.25621827,,,0.3541248,,,,,,0.17068433,,,0.32684476,,,,0.03107493,,,,,,17.00124983,0.04890249,3.05071236,8.12088211,0.64399909,14.81124262,0.82671208,0.60948298,0.05910519,0.87776405,0.11645668,0.0923458,0.18479188,,,0.52469842,,0.35453605,0.29553908,0.04205796,12.43812727,2.21535909,1.29007591,0.97579019,,,,,,,,,,,6.57,0.02,,,10.08025179,5.80103569,0.40873033,3.31562757,2.08321478,1.67466925,,0.80104479,1.96076489,,0.29440368,,,,,0.33770415,0.16074246,0.21269467,,,,,,,,,0.27766485,,4.71353054,,,2.07940592,,0.23490068,0.06138319,,0.2544957,0.02794076,0.20275552,0.15594463,7.90922921,1.66977138,0.75906809,,,,0.04598689,34.54861226,0.06108271,0.47411651,0.05,,0.15551738
161,2016-05-31 00:00:00,1258.62954545,65478144.43102,2036.59794423,79449697866.764,868.37025638,197.49883921,,54.93966746,24.84308976,,,3.46298127,2.6534828,,,,,,19.27143428,5.11433778,,9.63892069,1.09934947,,,,,,2.23530102,,1.85254883,,,,29.90149586,77.45893408,121.24472416,10.8095169,96.82167889,0.21072997,,,,,1.44065059,,,,,,76.70194612,,,12.17103885,23.07934708,,,4.32101204,15.98420046,,,,0.36046392,,,,,,62.78071811,0.33643,11.02809318,30.72934267,22.68532034,22.83970403,2.08930379,16.46201901,7.9236654,5.8921685,2.74730593,9.53808676,,,,,,1.34928096,1.71846469,3.08853604,0.72705719,1.04018794,2.0769866,,3.02592365,2.73518658,,2.01044887,0.93160855,0.30952233,1.27585587,0.25394074,,0.18414973,0.08029706,,0.6127362,,1.21018265,,,0.35358965,,,,,,0.16843812,,,0.32666221,,,,0.03081633,,,,,,17.05392298,0.04726038,3.21709674,7.93357766,0.74266769,14.29489519,0.80678638,0.5807582,0.08640767,0.87300874,0.11250655,0.08564443,0.20367063,,,0.78531735,,0.35135886,0.28888085,0.04594822,15.38185872,2.39881715,1.37959882,1.63598368,,,,,,,,,,,6.57,0.02,,,10.07463062,5.80543746,0.40703209,3.27692521,2.06328307,1.6633466,,0.77102915,1.95441411,,0.30231805,,,,,0.33181529,0.15967333,0.21280762,,,,,,,,,0.27141382,,4.70139108,,,2.07793502,,0.23063517,0.06136143,,0.25699566,0.02794076,0.20388598,0.15496671,7.92459534,1.66742519,0.74838305,,,,0.07743229,35.48437871,0.06224314,0.47478646,0.05,,0.15551738
162,2016-06-30 00:00:00,1276.40454545,69738684.438538,2169.11555138,92158518640.506,949.7745915,208.13507721,,55.01545762,25.13800066,,,3.61709591,2.85929375,,,,,,19.27143428,5.36478843,,9.58134106,1.23849276,,,,,,2.27926961,,1.85254883,,,,41.38456116,84.97102947,126.88089144,10.86972019,95.27710262,0.19247324,,,,,1.51951839,,,,,,81.67394262,,,13.69675364,23.18987952,,,4.78156769,15.98032228,,,,0.33056255,,,,,,62.7983369,0.35786955,10.79703591,31.59519783,23.38738183,22.40794082,2.24124012,16.63381721,8.63973455,6.60726418,3.06953601,8.8044995,,,,,,1.3497072,2.32046491,3.08338309,0.7638444,1.0371716,2.11783885,,3.95802487,2.97552473,,2.0385128,1.00960555,0.28386365,1.59432548,0.26536288,,0.18407277,0.08861388,,0.64660425,,1.2270633,,,0.35179628,,,,,,0.17936326,,,0.32663655,,,,0.02810652,,,,,,17.62000478,0.04791781,3.27484344,8.12242492,0.79724304,14.6483248,0.74027334,0.68384623,0.07928861,0.88541372,0.11214004,0.08918627,0.1437945,,,0.95345403,,0.35327544,0.2956371,0.04243268,16.14510429,3.21178378,1.5385285,3.41828107,,,,,,,,,,,4.68,0.03,,,10.67290151,5.90885169,0.411699,3.31129979,2.08902351,1.68737267,,0.77169963,1.97565685,,0.29626427,,,,,0.3316604,0.16047172,0.21609808,,,,,,,,,0.26088432,,4.71296713,,,2.0775056,,0.22771972,0.0613415,,0.25619397,0.02794076,0.20348068,0.14908662,8.16783305,1.76279658,0.79792935,,,,0.07741192,35.76935177,0.09296849,0.47296737,0.05,,0.15551738
163,2016-07-29 00:00:00,1337.32619048,72320505.498438,2249.41916274,97119676482.858,957.79744832,219.14256786,,55.35520526,25.43299311,,,3.67988432,3.34136411,,,,,,19.27143428,6.1609987,,9.3727451,1.23438018,,,,,,2.27926961,,1.85254883,,,,46.00122168,88.84227681,144.8566301,10.9573006,101.1023611,0.23240856,,,,,1.61528923,,,,,,88.17093806,,,15.9860004,22.94025387,,,5.20573096,16.58756296,,,,0.18141763,,,,,,62.74563261,0.37243076,10.95060477,31.58416687,23.657116,22.83280503,2.24074824,16.79527601,8.64992093,6.64985589,3.14836832,11.45365067,,,,,,1.35339548,2.35339937,3.13004809,0.8891886,1.04926466,2.23124568,,3.94726761,3.05449121,,2.04756019,1.03983442,0.28301614,1.62771772,0.28356961,,0.18400882,0.12057047,,0.646397,,1.23247202,,,0.35301519,,,,,,0.18083728,,,0.32633156,,,,0.02820821,,,,,,17.89261108,0.04617079,3.28579724,8.3393344,0.82682822,14.84246369,0.75252962,1.08481441,0.07905475,0.87361842,0.11251099,0.08742195,0.13535825,,,0.99145474,,0.37682926,0.29789128,0.04195046,22.17147267,4.8784783,1.93586479,5.70493817,,,,,,,,,,,4.68,0.03,,,10.66571151,5.78572194,0.40574505,3.19590743,1.903137,1.66156428,,0.75266836,1.85805672,,0.29626427,,,,,0.31261145,0.15601058,0.21117174,,,,,,,,,0.24822005,,4.5603615,,,2.07621905,,0.22786535,,,0.25501374,0.02794076,0.20256522,0.14273135,8.14964352,1.76279658,0.84773862,,,,0.07691065,38.35262272,0.09376771,0.47463766,0.05,,0.15551738
164,2016-08-31 00:00:00,1340.1173913,73144912.534664,2275.06108784,95859390977.587,942.9056744,225.3868443,,55.02645371,26.18070093,,,3.80188184,3.59837643,,,,,,19.27143428,6.23534541,,9.37264294,1.23617915,,,,,,2.29902884,,1.74679203,,,,54.99711417,94.85969823,149.4420582,10.74739452,104.4958749,0.24147464,,,,,1.71042028,,,,,,91.65993561,,,17.9680123,24.19822721,,,5.30921156,16.58315985,,,,0.17999535,,,,,,62.75368674,0.35197186,10.00326299,31.72138888,23.67169031,22.49120165,2.39182589,16.94814136,8.55025489,6.63877407,3.8502593,11.00777237,,,,,,1.35251387,2.3666939,3.12947183,0.88331118,1.04158126,2.22956753,,3.9471779,3.16178096,,2.01737138,0.8747027,0.28096827,2.42556042,0.29162553,,0.18393635,0.33647749,,0.64492041,,1.21426619,,,0.35536052,,,,,,0.18313813,,,0.32617967,,,,0.02804931,,,,,,17.8978326,0.05288467,3.30123287,8.36808129,0.8392565,14.66560728,0.74648202,1.08415091,0.07842329,0.85854291,0.11593352,0.08695626,0.13900842,,,2.56122449,,0.39555793,0.28656198,0.04269903,22.53350342,3.80625176,1.98550916,6.52962659,,,,,,,,,,,4.68,0.03,,,10.85990378,5.76100376,0.40574505,3.11334235,1.86526448,1.6198913,,0.73591768,1.82054096,,0.28762615,,,,,0.30200549,0.15318561,0.20768493,,,,,,,,,0.24372058,,4.43103174,,,2.07543092,,0.22574553,,,0.25776271,0.02794076,0.20439682,0.14387731,8.47835378,1.91039876,0.91856639,,,,0.10917112,39.90915909,0.12154053,0.47221979,0.05,,0.15551738
165,2016-09-30 00:00:00,1326.02954545,74473228.112244,2316.37632055,98586112258.921,947.64936363,226.629184,,54.76656445,26.32360265,,,3.79569427,3.8118118,,,,,,19.27143428,6.23610457,,9.37708535,1.37607661,,,,,,2.28765919,,1.86409855,,,,58.97631478,97.39832792,150.62228222,10.24570868,106.78829,0.23637749,,,,,1.72789574,,,,,,109.65692297,,,17.96367013,24.95104185,,,5.34592589,16.57915266,,,,0.17740412,,,,,,62.73149221,0.35136063,10.00124358,31.65875321,24.39555492,25.5311759,2.49815599,17.19691898,8.40226617,6.66967598,3.86752413,11.06819185,,,,,,1.46611982,2.33327629,3.10940693,0.94931574,1.04308173,2.25732454,,3.94714292,3.16138325,,2.0317934,0.87416433,0.27715326,2.44617967,0.2952128,,0.26661265,0.45023958,,0.65994122,,1.22416699,,,0.35349072,,,,,,0.18321418,,,0.32620433,,,,0.02803499,,,,,,17.59057423,0.05305992,3.29896763,8.46388045,0.84327793,14.85133277,0.7525047,1.1442681,0.07732313,0.85584976,0.11257943,0.08898746,0.13832098,,,5.1427989,,0.39616711,0.28809522,0.04256014,21.858449,3.36373171,2.33344655,6.21867007,,,,,,,,,,,7.07,0.1,,,10.85892145,5.66384169,0.40574505,3.04008258,1.82795469,1.59911718,,0.7245955,1.79281296,,0.29119701,,,,,0.29192236,0.15106707,0.20518747,,,,,,,,,0.23772481,,4.32077707,,,2.07393528,,0.22600064,,,0.25751186,0.02794076,,0.14413763,8.48099454,1.94880498,0.95417522,,,,0.17175211,38.67866751,0.12591628,0.47140759,0.05,,0.15551738
166,2016-10-31 00:00:00,1266.56904762,75243432.411506,2340.33235208,95808094700.752,942.27317034,230.98524358,,55.43036668,26.76859597,,,3.93564371,3.67914227,,,,,,19.27143428,6.19774994,,9.37518258,1.37277273,,,,,,2.26584256,,1.8390814,,,,64.44753601,106.90867962,151.32251515,10.3846244,107.6925606,1.34755397,,,,,1.57508067,,,,,,113.13792052,,,15.66847179,23.68473124,,,5.55755602,15.35401613,,,,0.17271966,,,,,,63.46387854,0.3817563,10.30422974,32.24980617,24.35293589,25.39304178,2.67925153,17.2072718,8.46090126,6.82864166,3.8601344,8.50496183,,,,,,1.46604771,2.26522733,3.14042415,0.93035414,1.0570788,2.27700924,,3.94735397,3.16120871,,1.98893212,0.87036233,0.26108288,2.86875778,0.28890239,,0.26651669,0.70594745,,0.65361071,,1.19835876,,,0.35445444,,,,,,0.1723162,,,0.32595074,,,,0.02627853,,,,,,17.75539037,0.05406271,3.37907976,8.35429556,0.88053234,14.75114785,0.7076755,0.97164987,0.11057359,0.85895376,0.09981906,0.0849908,0.13887409,,,6.63460066,,0.39610588,0.28115975,0.04487412,25.96310898,3.45555611,2.62077757,7.37381369,,,,,,,,,,,7.07,0.1,,,11.37280936,5.71759814,0.39342693,2.98512637,1.80959476,1.60570961,,0.71441053,1.77114957,,0.27650841,,,,,0.28747831,0.14883113,0.20335319,,,,,,,,,0.2370272,,4.25388756,,,2.0735796,,0.1961323,,,0.25656627,0.02794076,,0.14316451,8.46482856,2.02545941,1.02234531,,,,0.1710234,38.6419362,0.18709157,0.49163593,0.05,,0.15551738
167,2016-11-30 00:00:00,1235.97954545,71507703.174208,2224.13818453,84371119788.933,883.54626556,202.34386109,,55.06668838,26.30646368,,,4.02664758,3.86213552,,,,,,19.27143428,6.19062536,,9.38225928,1.37670074,,,,,,2.2731169,,1.8390814,,,,61.35316693,97.29558476,147.41540775,10.75663907,103.7794282,1.9558279,,,,,1.6432577,,,,,,114.12491983,,,15.20665406,22.10558462,,,6.05550753,14.43477511,,,,0.19949656,,,,,,64.43252837,0.24048461,10.85082867,33.89489637,23.48968593,21.62049366,2.67472481,17.78661266,8.54384882,6.58487309,3.5071638,8.23452354,,,,,,1.46615551,2.3491991,3.18875987,0.97636986,1.06949153,2.41203098,,3.94753581,3.45779003,,1.97945741,0.75357857,0.26649801,2.89913662,0.28479866,,0.26642171,0.68338308,,0.65092284,,1.16225994,,,0.35387869,,,,,,0.17810536,,,0.32579315,,,,0.02620576,,,,,,17.73196548,0.05247107,3.69408247,8.00949842,0.81982018,14.41233102,0.79929997,0.89759921,0.11300666,0.83092477,0.08802797,0.08193416,0.13889116,,,6.23895281,,0.3955436,0.27876736,0.0459698,25.17362705,2.62412798,3.08790132,7.52029174,,,,,,,,,,,7.07,0.1,,,11.36694523,9.84527085,0.39293041,2.95782617,1.80478053,1.62107235,,0.70844738,1.68002339,,0.27969886,,,,,0.28555316,0.149,0.2035157,,,,,,,,,0.22832855,,,,,2.24790071,,0.19218198,,,0.26147756,,,0.13799003,8.46887389,2.09924541,1.12622771,,,,0.23487759,34.40972796,0.18570658,0.47006434,0.05,,0.15551738
168,2016-12-30 00:00:00,1148.97045455,68513417.248241,2131.00548179,79528044070.924,821.90051152,196.1625801,,55.32525881,25.08893271,,,3.04170864,4.09123753,,,,,,19.27143428,6.16882612,,9.36220684,1.36837402,,,,,,2.2731169,,1.83848708,,,,59.74930391,85.35950758,143.68092941,11.35535876,93.61690524,2.06336111,,,,,1.55416091,,,,,,117.59091739,,,14.59241741,22.64671535,,,7.07667244,14.73638269,,,,0.19661578,,,,,,64.0006855,0.24048461,11.12274414,33.40692191,22.45556166,18.89711695,3.16428441,17.412913,8.20153699,6.00309995,3.28140345,8.25648584,,,,,,1.7230602,2.22295864,3.10605428,0.96379563,1.0921335,2.36623642,,3.89927211,3.00140104,,2.01159587,0.76525181,0.25970344,2.89835786,0.28839962,,0.30305966,0.66436287,,0.63075416,,1.15876487,,,0.34928043,,,,,,0.17764189,,,0.32576673,,,,0.02630982,,,,,,17.42923822,0.05606216,3.61331245,7.78053007,0.79146607,14.27724767,0.7142611,0.92464481,0.11040363,0.79077899,0.08267642,0.07348332,0.12693004,,,6.00512283,,0.39339176,0.28239425,0.04655024,23.96436015,1.59677481,3.26698343,7.55030655,,,,,,,,,,,16.574642,0.22992567,,,11.36485061,9.80956465,0.39081922,2.95511134,1.81001108,1.61209696,,0.70375257,1.66058584,,0.27960848,,,,,0.28088673,0.14928407,0.20383511,,,,,,,,,0.22918785,,,,,2.04286943,,0.19076271,,,,,,0.138943,8.43289255,2.09924541,0.86345785,,,,0.23204708,33.224492,0.18479882,0.47006878,0.04998384,,0.15551738
169,2017-01-31 00:00:00,1191.09318182,69117477.344132,2149.79385095,83889421987.765,798.80747261,200.05757504,,55.33777616,25.2314276,,,3.16599169,4.27809542,,,,0.36809455,,19.27143428,6.35028027,,9.34407596,1.50864884,,,,,,2.16542817,,1.77632009,,,,63.69273698,90.2670715,146.21500204,11.07317581,94.92738156,2.1590931,,,,,1.58279573,,,,,,138.08890299,,,13.76461125,22.83594014,,,7.33758634,14.3360658,,,,0.19979905,,,,,,65.05429624,0.24271251,11.15115762,33.78143142,23.24276375,20.67332995,3.57377087,17.57154509,8.35735359,6.1892631,3.47749397,8.52414956,,,,,,1.79285147,2.55508409,3.10778295,0.9979266,1.11242524,2.394824,,4.02616641,3.00673769,,2.08620715,0.77199272,0.26688439,2.9700639,0.29772807,,0.30294344,0.72624128,,0.64784452,,1.18674736,,,0.353215,,,,,,0.19084116,,,0.32570427,,,,0.02641795,,,,,,17.49006286,0.04981305,3.56710291,7.95001705,0.79681062,14.78769504,0.73398278,0.95375443,0.11346229,0.778019,0.07892135,0.07465354,0.12039699,,,3.51107128,,0.39567194,0.28127824,0.04680827,26.55712165,1.22344992,2.54306195,6.5918931,,,,,,,,,,,16.58,0.23,,,11.35986748,9.69024308,0.38621105,2.9136799,1.7892921,1.59186743,,0.69207468,1.61469654,,0.28790314,,,,,0.27554881,0.14695549,0.20288849,,,,,,,,,0.22352416,,,,,2.27553504,,0.19195379,,,,,,0.13755543,8.43401027,2.14680156,0.90528345,,,,0.22939967,32.81092989,0.22936556,0.469018,0.05,,0.15551738
170,2017-02-28 00:00:00,1234.3575,72015134.359052,2239.9210586,90539225900.647,840.92422901,202.20496977,,54.37247036,25.52594712,,,3.22655475,4.39579958,,,,0.68570831,,19.27143428,6.23166047,,9.36230845,1.50403174,,,,,,2.14009636,,1.77632009,,,,66.86316333,95.36618718,147.98641654,14.20098175,98.36323612,2.90692812,,,,,1.50634864,,,,,,160.857887,,,13.76150765,23.73560856,,,7.57802165,14.48531252,,,,0.79324197,,,,,,65.61987893,0.3285903,11.27102476,34.37286009,23.29108473,20.80144558,3.87753051,17.57353309,8.40406496,5.86956159,3.52254511,8.42793135,,,,,,1.79885138,2.51080195,3.05807923,0.98393433,1.13960927,2.40261729,,4.02541819,3.01299455,,2.05687648,0.75126714,0.2634521,2.97558912,0.30055283,,0.30285017,0.74159078,,0.65182519,,1.17004539,,,0.35264397,,,,,,0.19277691,,,0.32550151,,,,0.02632029,,,,,,17.35562147,0.05640133,3.50917379,7.82848267,0.77369132,14.62406806,0.72426265,0.9270335,0.11196533,0.76788838,0.07780426,0.07333837,0.12449184,,,3.44940041,,0.39621652,0.28490037,0.05016927,26.17530719,1.31193061,2.67270888,6.6864672,,,,,,,,,,,16.58,0.23,,,11.35513501,9.63276134,0.38456812,2.91210271,1.78444035,1.59888119,,0.68863243,1.61337766,,0.28253868,,,,,0.27669412,0.14706717,0.20619984,,,,,,,,,0.22368333,,,,,2.33237491,,0.19306094,,,,,,0.13451882,9.06495291,2.21687496,0.91777344,,,,0.24714433,35.54107683,0.22818622,0.5121521,0.05,,0.15551738
171,2017-03-31 00:00:00,1231.09347826,72038954.831133,2240.6619581,89772812180.081,832.05000163,199.81254901,,54.86702132,25.36648551,,,3.1802378,4.5152371,,,,0.6820053,,19.27143428,6.10948052,,9.35463348,1.51095264,,,,,,2.12706634,,1.77632009,,,,69.39252504,99.50080244,148.65439093,14.77190929,100.121965,3.08287094,,,,,1.45813569,,,,,,162.8528856,,,13.52744788,28.89878865,,,7.86903836,14.49266885,,,,0.85644088,,,,,,65.09930006,0.34092145,11.72544754,34.8101094,23.72978548,21.04245978,4.27205893,17.35768752,8.43833331,5.90658546,3.56669848,8.26360965,,,,,,1.96637791,2.50180046,2.8940963,1.16746591,1.1631089,2.26520565,,4.02495013,3.03176764,,2.09586841,0.86999938,0.2656622,2.9198316,0.30518737,,0.30274201,0.7989065,,0.65150123,,1.1701906,,,0.35432454,,,,,,0.19114928,,,0.32531411,,,,0.02624575,,,,,,17.31110838,0.05642208,3.5624644,7.89590301,0.79596518,14.52319665,0.74453007,0.97018338,0.11282728,0.76134522,0.07249278,0.07372898,0.12648213,,,3.48699678,,0.39601914,0.27446394,0.04997761,24.73386277,1.346084,2.52402308,6.94360017,,,,,,,,,,,10.96,0.28,,,11.35002483,9.53735216,0.38024096,2.86186755,1.7635968,1.57736893,,0.62523899,1.60275006,,0.26924157,,,,,0.27289931,0.14604713,0.2060504,,,,,,,,,0.22140632,,,,,2.33118016,,0.19224514,,,,,,0.13305847,9.09507605,2.21984603,1.01590889,,,,0.248069,35.72761338,0.21466234,0.51503171,0.05,,0.15551738
172,2017-04-28 00:00:00,1267.48,72781747.136993,2263.76538133,92269321977.904,853.10907948,204.32281016,,54.72493934,25.20793891,,,3.18138883,4.53449026,,,,0.67416288,,19.27143428,5.94979092,,9.36105814,1.50862073,,,,,,2.12706634,,1.77632009,,,,70.90304062,98.29802009,146.17083462,12.65277548,101.7424003,3.26561443,,,,,1.45087399,,,,,,165.08488403,,,13.30907618,29.54052826,,,7.94656667,14.40281735,,,,0.95754063,,,,,,65.12928076,0.34670437,11.93643889,34.13953304,23.82491955,21.24575442,4.37209613,17.3693752,8.29075614,6.00704126,3.62926762,9.72686397,,,,,,2.00694292,2.5536131,2.90195977,1.17254181,1.18902227,2.23909676,,4.0248237,3.0402302,,2.18312425,0.90000245,0.27389579,3.03875663,0.31180104,,0.30265505,0.88911028,,0.6513937,,1.17547913,,,0.35351868,,,,,,0.19050349,,,0.32541441,,,,0.02616872,,,,,,17.19759913,0.05652984,3.59453988,8.06574669,0.82652068,14.58316398,0.80142767,1.00619315,0.14677246,0.75522391,0.07437467,0.07482534,0.13024514,,,3.89969049,,0.39068558,0.26775959,0.04989479,22.90104091,0.95291333,1.35139882,5.09751898,,,,,,,,,,,10.96,0.28,,,11.74792937,9.36678167,0.37458703,2.81570667,1.73152239,1.57227008,,0.6221998,1.5832352,,0.27337795,,,,,0.2669041,0.14532844,0.20505904,,,,,,,,,0.21860465,,,,,2.36013295,,0.19140724,,,,,,0.13280985,9.07328914,2.21984603,1.10499958,,,,0.24792673,35.89664734,0.21411581,0.48895935,0.05,,0.15551738
173,2017-05-31 00:00:00,1246.80869565,73144592.51835,2275.05113422,92698049141.505,847.17442003,203.52900289,,54.74229809,25.19903464,,,3.18032694,4.65660904,,,,0.66214397,,19.27143428,6.00581311,,9.34226565,1.50489273,,,,,,1.64506079,,1.71574142,,,,71.34384671,99.50690406,146.94413939,12.99092199,103.2853109,3.85521689,,,,,1.49252068,,,,,,166.81988281,,,13.71716438,36.23327766,,,8.25938364,18.24466347,,,,0.95175488,,,,0.21765385,,65.09687927,0.28683844,11.96462513,34.36735344,24.4532741,21.8452654,4.53606716,17.33204807,8.33701682,6.28863319,3.77946781,9.97562109,,,,,,2.01197203,2.55964085,3.0310047,1.20092562,1.22293535,2.20957024,,4.02439014,3.0737468,,2.23453262,0.90659858,0.27232222,3.46481248,0.31412916,,0.30253303,0.95874321,,0.66174651,,1.20311702,,,0.35251231,,,,,,0.19604034,,,0.32523302,,,,0.02636451,,,,,,17.04894083,0.05785208,3.56945694,8.27421859,0.83592722,14.98478905,0.79675383,1.01481299,0.131952,0.73876594,0.07607832,0.07484721,0.12001518,,,4.04338292,,0.38824696,0.26606067,0.05090757,20.63430922,1.037434,1.42098181,4.97598015,,,,,,,,,,,10.96,0.28,,,11.74304356,9.21258597,0.37220128,2.7924833,1.71625157,1.54146807,,0.62097706,1.57941564,,0.26740376,,,,,0.26423477,0.14399202,0.20586354,,,,,,,,,0.20424527,,,,,2.35802304,,0.19304903,,,,,,0.13257421,9.70852839,2.26322146,1.09768545,,,,0.24721124,34.35957904,0.21389623,0.51832391,0.05,,0.15551738
174,2017-06-30 00:00:00,1260.25681818,74049050.252395,2303.18291434,92091075395.057,852.22224622,210.30631154,,54.57315006,25.49262989,,,3.18025632,4.71981489,,,,0.65323686,,19.27143428,6.24380469,,9.04053443,1.50459179,,,,,,2.22681189,,1.78667921,,,,68.24581029,111.7485488,144.57840687,13.19929149,101.906257,3.87286622,,,,,1.51494969,,,,,,167.5518823,,,13.53139825,38.69915486,,,8.5140946,18.44498142,,,,0.9229614,,,,0.21906788,,65.23753585,0.28683844,12.14474278,33.8734326,24.84577072,22.14202216,4.60874781,17.49983333,8.40777116,6.37397885,3.898412,10.00633488,,,,,,2.0025664,2.50522137,2.99129191,1.21034952,1.24304316,2.20609969,,3.93998237,3.2439255,,2.25051538,0.91017098,0.2743691,3.52885813,0.31196067,,0.30242169,0.98579055,,0.66584475,,1.21168554,,,0.35341512,,,,,,0.19126992,,,0.32499346,,,,0.02626413,,,,,,16.64327074,0.05826681,3.68108928,8.32031837,0.82112828,15.10725649,0.83910508,0.9826916,0.13533424,0.70121881,0.07112235,0.07584636,0.12004224,,,4.14157731,,0.38822167,0.26242037,0.05016354,19.90501684,1.03745056,1.12266471,4.91653217,,,,,,,,,,,17.55,0.19,,,11.73901928,9.04260961,0.36272774,2.73416644,1.66797667,1.44969373,,0.60832335,1.54387913,,0.27255918,,,,,0.25714119,0.14116499,0.2022046,,,,,,,,,0.19819433,,,,,2.35818493,,0.19464935,,,,,,0.1310262,9.91783901,2.28228865,1.13310097,,,,0.24832355,34.46559498,0.21429738,0.51506082,0.05,,0.15551738
175,2017-07-31 00:00:00,1236.22142857,72450442.65948,2253.46066021,91909502191.227,791.60831546,210.83048307,,54.66307926,25.03178661,,,3.18138828,4.72851714,,,,0.46374373,,19.27143428,6.48338213,,9.04543348,1.50646803,,,,,,2.00491597,,1.85597029,,,,62.27937086,110.483118,142.81986214,13.19603998,100.647073,3.9455893,,,,,1.5065797,,,,,,169.93788062,,,13.30599839,41.14171663,,,8.38720021,17.60762709,,,,0.93420653,,,,0.21672955,,65.80838493,0.28683844,31.20580749,34.07186928,24.67851856,21.94398162,4.77710909,17.51338888,8.45409667,6.5779791,4.04911329,8.34850558,,,,,,2.01307348,2.56846639,2.96005069,1.19839553,1.24956468,2.19249382,,3.93937278,3.23021697,,2.22660102,0.90563957,0.27770811,3.56221967,0.28021999,,0.30232122,1.02201376,,0.66918838,,1.1988566,,,0.35296304,,,,,,0.19811654,,,0.32488661,,,,0.02640931,,,,,,16.74761004,0.05402667,3.68000334,8.53778246,0.82611425,14.94657514,0.83308189,0.95733605,0.13694437,0.69774674,0.07046457,0.07185705,0.12017401,,,4.07825924,,0.3917647,0.26199303,0.05112187,19.22726198,1.28969812,1.38051841,5.11342285,,,,,,,,,,,17.55,0.19,,,11.93523338,8.9641317,0.36188853,2.72910597,1.68850781,1.45736966,,0.60715026,1.55067853,,0.26711896,,,,,0.25488378,0.14194173,0.2024162,,,,,,,,,0.19544576,,,,,2.35753571,,0.19537901,,,,,,0.13054724,9.3181483,2.33213904,1.1754356,,,,0.24745391,33.70204158,0.21204053,0.51651204,0.05,,0.15551738
176,2017-08-31 00:00:00,1282.44565217,73634584.393305,2290.29158512,96655262599.071,816.17443433,217.21521254,,54.96025247,25.32496888,,,3.18033435,4.73412749,0.06220221,,,0.34486862,,19.27143428,6.7838377,,9.05211853,1.50498621,,,,,,1.93272867,,1.85567291,,,,62.70098369,116.38713295,145.38395766,12.99977132,100.8259835,3.15184222,,,,,1.36724294,,,,,,170.61988014,,,13.21354889,41.23797685,,,8.2791193,17.4633781,,,,0.28696719,,,,0.21703125,,65.76819931,0.27657494,31.3514486,33.6114354,24.71815102,21.7828037,5.14443325,17.3152217,8.53686641,6.48217678,4.01626397,8.39169717,,,,,,2.01555533,2.51403516,2.85296003,1.20109855,1.2491014,2.16959644,,3.93894382,3.08319808,,2.23143562,1.26709648,0.2709999,3.58422073,0.28021999,,0.30222834,1.04199315,,0.669592,,1.20140371,,,0.35292173,,,,,,0.19184757,,,0.32484668,,,,0.02642402,,,,,,16.57998483,0.054114,3.7058604,8.51601362,0.86162357,14.99345593,0.81362451,1.050893,0.13259364,0.68115014,0.0705501,0.07201436,0.12414865,,,4.14980433,,0.39508161,0.264452,0.04800856,18.52548821,1.18700647,0.88359934,4.51780001,,,,,,,,,,,17.55,0.19,,,11.93097181,8.84341119,0.35815099,2.69296657,1.6711091,1.43864783,,0.60327649,1.53268019,,0.25811827,,,,,0.25216589,0.13113666,0.18816275,,,,,,,,,0.19348362,,,,,2.38620905,,0.19879643,,,,,,0.1280567,9.72744845,2.33556268,1.16746917,,,,0.24648038,33.10058792,0.21460605,0.4223161,0.05,,0.15551738
177,2017-09-29 00:00:00,1314.97857143,75086383.152474,2335.4475741,96439511466.216,864.37888594,228.51563373,,54.23908062,25.31710822,,,3.22506529,4.80990499,0.12439452,,,0.34841906,,19.27143428,6.91091123,,9.03949132,1.5056592,,,,,,1.93272867,,1.85716078,,,,71.26265893,117.53286807,143.2079705,14.03513206,93.46945228,3.36958362,,,,,1.38815939,,,,,,170.37188031,,,13.5508792,33.72505035,,,8.360957,17.49062149,,,,0.3689557,,,,,,65.47587032,0.27497646,31.52838853,33.2999438,24.59438374,21.21402868,4.9342318,17.47327181,8.58331862,6.53973556,4.07585145,8.98578419,,,,,,2.00949796,2.6104949,2.95763017,1.19550194,1.24194505,2.2064052,,3.80460663,3.09362153,,2.31237155,1.26261477,0.28110068,3.61067957,0.54057121,,0.30212867,1.04598805,,0.6842319,,1.18851427,,0.05028941,0.35200623,,,,,,0.18040793,,,0.32458543,,,,0.02635251,,,,,,16.31266001,0.05543667,3.20100864,8.40074113,0.89900952,14.78430674,0.86916657,1.05682809,0.13773646,0.65573824,0.06983805,0.071414,0.13441546,,,3.99150635,,0.39878251,0.26157561,0.04842666,17.90544034,1.35179963,0.71462737,4.12931895,,,,,,,,,,,11.89,0.15,,,11.67045141,8.71292816,0.35555051,2.62820188,1.64603013,1.42013563,,0.59521875,1.51461973,,0.26121531,,,,,0.24715941,0.12905374,0.18785677,,,,,,,,,0.18949448,,,,,2.35548579,,0.19710534,,,,,,0.1233827,10.27309387,2.4046563,1.15174607,,,,0.24820265,32.92860158,0.21689239,0.42381985,0.05,,0.15551738
178,2017-10-31 00:00:00,1279.51363636,75160944.046652,2337.76667714,95563158127.7,850.48297401,234.2927165,,54.28075126,25.45908233,,,3.28755527,4.97745004,0.12437228,,,0.47239621,,19.27143428,6.68343998,,9.04428406,1.63818384,,,,,,1.88233688,,1.79582177,,,,75.3859973,116.8402162,147.26362049,14.3490083,94.00711308,4.0947558,,,,,1.40482771,,,,,,171.91387923,,0.03322081,13.06662629,33.72443802,,,8.43430974,18.43951396,,,,0.40827748,,,,,,64.19472637,0.30754546,31.49201801,33.73447053,24.04641222,20.75154605,5.00951708,17.34083016,8.59316207,6.43750176,4.03665623,8.7178353,,,,,,2.12915642,2.56180268,3.01961945,1.15810818,1.24773095,2.19902544,,3.71728354,2.91872875,,2.26831164,1.26403411,0.27804252,4.16125159,0.61101905,,0.33253036,1.06160867,,0.68047887,,1.1527884,,0.04894056,0.35223049,,,,,,0.18540331,,,0.32446645,,,,0.02632219,,,,,,16.34576258,0.05369699,3.28262094,8.05166993,1.06585783,14.24417356,0.85977046,0.94798836,0.13626048,0.65027499,0.06761521,0.07018661,0.13822212,,,5.91685287,,0.39524162,0.26240456,0.04772964,17.90004377,1.64525742,0.88300017,4.19413761,,,,,,,,,,,11.89,0.15,,,11.66845151,8.6175677,0.36399589,2.59061425,1.60238575,1.39710632,,0.58669118,1.48726406,,0.26387857,,,,,0.242446,0.1305504,0.18600938,,,,,,,,,0.18393596,,,,,2.3838882,,0.19684103,,,,,,0.12306486,10.47536941,2.40120124,0.94380723,,,,0.24819675,32.28548589,0.18436967,0.37956281,0.05,,0.15551738
179,2017-11-30 00:00:00,1282.28409091,75631702.492675,2352.40890153,96908093371.811,839.27664975,241.31152072,,53.93779673,25.60150546,,,3.28647288,5.00524744,0.12435092,,,0.46579657,,19.27143428,6.46796241,,8.49601802,1.63586631,,,,,,1.80149828,,1.79540417,,,,76.37796432,116.06783458,149.80507157,14.54220007,94.46973207,4.28613992,,,,,1.40145957,,,,,,171.55687948,,0.17675119,15.36912036,39.03799219,,,8.42903111,18.4874243,,,,0.44807983,,,,,,63.82334258,0.72263545,34.89098846,33.66644147,24.46100006,25.00102369,5.17719116,17.14202152,8.53044832,6.7843911,4.18374991,9.04889874,,,,,,2.12392876,2.70131592,3.02968575,1.20811939,1.25017541,2.18346318,,3.64631305,2.91865397,,2.30308159,1.31877289,0.28252439,4.20827481,0.64036065,,0.34766069,1.30856039,,0.68270628,,1.16388743,,0.04937683,0.35160609,,,,,,0.184736,,,0.32434888,,,,0.02627517,,,,,,16.12827822,0.02522235,3.37177056,8.1873997,1.12066278,14.35212604,0.77001759,0.91257245,0.22696817,0.57328059,0.06802677,0.07337515,0.13569168,,,6.18881394,,0.40024067,0.25783644,0.04744144,17.87855155,1.74667067,0.8827356,3.91644944,,,,,,,,,,,11.89,0.15,,,12.16473958,8.4628502,0.3573756,2.53202287,1.58686154,1.38716173,,0.58586147,1.48115799,,0.26180703,,,,,0.23958713,0.1264946,0.18688942,,,,,,,,,0.17794403,,,,,2.41197001,,0.19711184,,,,,,0.12461095,10.44010007,2.37678631,0.9312337,,,,0.24691137,31.43676939,0.18643476,0.37740628,0.05,,0.15551738
180,2017-12-29 00:00:00,1263.9047619,77217116.921268,2401.72080238,100195315092.75,837.24242087,243.44548765,,54.20819009,25.14190588,,,3.28642958,5.06228082,0.12433234,,,0.46173009,,51.73,6.65321217,,8.59266904,1.77420589,,,,,,1.75560906,,1.48367537,,,,76.90625514,112.67957169,148.27242569,14.50722294,93.20791958,4.58730677,,,,,1.38103261,,,,,,175.04287703,,0.24635369,15.6978849,40.32710953,,,8.49679692,18.41553733,,,,1.10470193,,,,,,63.63617857,0.76025222,34.70204543,33.21126811,24.96236481,26.05128941,5.21238133,17.12900589,8.73431929,6.71538362,4.21214004,9.00250539,,,,,,2.16172258,2.75576852,2.9923152,1.55157385,1.2703346,2.16992632,,2.86324717,5.78311154,,2.34262918,1.32035159,0.28104804,4.07715841,0.64757583,,0.37803499,1.58377008,,0.67531322,,1.1708066,,0.0490696,0.35059436,,,,,,0.17956482,,,0.32434941,,,,0.02622312,,,,,,16.03888966,0.02557071,3.4218643,8.27609044,1.06697718,14.06025897,0.76536092,0.93035173,0.21476722,0.57092165,0.06894072,0.07004671,0.13658963,,,6.18881394,,0.40319462,0.26006003,0.04792445,18.4684622,1.8657043,0.8822144,4.22468429,,,,,,,,,,,24.53609345,0.34934404,,,12.62783982,8.32272339,0.34632743,2.50495129,1.55363952,1.37918539,,0.58237671,1.46965099,,0.25732923,,,,,0.23500863,0.12557829,0.1868756,,,,,,,,,0.17419678,,,,,2.354906,,0.19976157,,0.19189418,,,,0.12465405,10.46337848,2.39778787,0.92184947,,,,0.2470854,30.30217252,0.1823964,0.37182269,0.05,,0.15551738
181,2018-01-31 00:00:00,1330.13695652,78193445.52353,2432.08801638,105256488946.91,841.07806053,261.25274006,,53.58974497,25.28352176,,,3.28755447,5.21063804,0.27969657,,,0.44431455,,52.96751578,6.75497979,,8.51960468,1.76564838,,,,,,1.74842741,,1.43775291,,,,77.40307793,111.59975621,150.55766129,15.0061407,92.12190208,4.85883486,,,,,1.37314439,,,,,,173.89187784,,0.29259374,16.38829378,42.62971749,,,8.47808621,18.70031002,,,,1.19462182,,,,,,63.16602263,0.79467351,34.84752892,33.11922968,26.12473405,27.03684553,5.34404908,16.81995073,8.86516926,6.82447185,4.41239286,9.29818431,,,,,,2.15124846,2.7714412,2.99137252,1.67036891,1.26987787,2.10501423,,2.86580702,6.55160531,,2.43636816,1.2431123,0.29522622,4.15961726,0.57455835,,0.37788277,1.73669756,,0.69166564,,1.21762551,,0.05044264,0.3511845,,,,,,0.14354472,,,0.3242041,,,,0.01304193,,,,,,16.01041032,0.03033977,3.51629642,8.81618253,1.12345139,14.48175305,0.80501682,1.11794177,0.22591407,0.55171551,0.06787403,0.06974129,0.14239127,,,6.795,,0.39939164,0.25739149,0.04750696,16.24000161,3.51933524,0.9214646,4.05250965,,,,,,,,,,,24.53609345,0.34934404,,,12.62554225,8.13035721,0.33871058,2.43943757,1.52741356,1.3581636,,0.5473068,1.44928464,,0.25348347,,,,,0.2320922,0.12366861,0.18593651,,,,,,,,,0.16401746,,,,,2.35248675,,0.20629661,,0.20212333,,,,0.12220043,10.41475549,2.40987838,0.94803842,,,,0.245626,30.16778976,0.18491474,0.41452986,0.05,,0.15551738
182,2018-02-28 00:00:00,1331.525,77946854.383678,2424.41817459,102811988461.14,830.78378553,265.9500488,,53.69306074,26.17865586,,,3.33248913,5.17516919,0.27965162,,,0.39713135,,52.30035723,6.27630906,,8.53293366,1.9085477,,,,,,1.74602746,,1.40914165,,,,77.14731631,112.16129886,148.53705459,16.24584055,84.05878489,4.84538672,,,,,1.36816268,,,,,,171.99087918,,0.38066918,23.1868759,42.23191164,,,8.58439784,18.82928073,,,,0.56139953,,,,,,63.42362048,0.8534628,34.99328481,32.86416286,25.67983099,26.81060153,5.37858744,16.88707254,8.79046083,6.69708693,4.25701636,9.1629296,,,,,,2.15047911,2.74735409,2.91645991,1.59893233,1.24438904,2.10338195,,2.86807646,6.55135504,,2.39875535,1.30034508,0.28650696,3.84188189,0.55437851,,0.37781573,1.73906236,,0.68644526,,1.19911582,,0.05157794,0.42732498,,,,,,0.14076067,,,0.32428712,,,,0.01540765,,,,,,15.81147519,0.02980785,3.6233303,8.64492648,1.10728049,14.11868038,0.81142325,1.20838986,0.21912746,0.54421779,0.06846008,0.06160618,0.15621583,,,4.58,,0.40663801,0.25707186,0.04973813,16.14808597,10.91210215,0.81231552,4.28085327,,,,,,,,,,,24.53609345,0.34934404,,,12.61834592,7.97970034,0.32927545,2.35636977,1.50461388,1.3209935,,0.54012711,1.42062088,,0.26163662,,,,,0.22571822,0.12231932,0.18400483,,,,,,,,,0.16148181,,,,,2.38152487,,0.20467209,,0.20741418,,,,0.1224047,10.46707101,2.41016952,0.94044965,,,,0.24763145,29.45390147,0.18420358,0.4160455,0.05,,0.15551738
183,2018-03-30 00:00:00,1324.62045455,78156245.466489,2430.93096527,103561328746.51,845.85813713,271.33067301,,54.32214741,26.47134173,,,3.39360471,5.23612855,0.34174471,,,0.39545363,,50.55012083,6.22623717,,8.52948978,1.90603124,,,,,,1.72863088,,1.37445264,,,,77.49621838,113.82825783,147.59148483,16.57429912,82.5598382,4.24662189,,,,,1.314671,,,,,,172.72787866,,0.4179174,23.36263792,42.69176793,,,8.6022125,18.59287098,,,,0.56966905,,,,,,63.04803162,0.88201271,35.32019587,33.36084948,25.26637819,26.79963173,5.44278548,16.85295019,8.87309833,6.8763977,4.34601228,8.45197532,,,,,,2.17621576,2.77641008,2.94412263,1.58582202,1.24288964,2.09807797,,2.87011428,6.55103115,,2.39823047,1.33355645,0.2908016,3.8590068,0.55919088,,0.4233865,1.7769783,,0.67533324,,1.17932939,,0.04985508,0.34250007,,,,,,0.11684109,,,0.32399211,,,,0.04814372,,,,,,15.73769933,0.02920169,3.64943395,8.60361866,1.16403974,13.91115517,0.80218543,1.23424993,0.22235468,0.52845387,0.06704529,0.06158604,0.15364895,,,4.6,,0.40108907,0.25393016,0.04937536,17.02271025,12.81972487,0.83170226,4.45636334,,,,,,,,,,,9.36342668,0.1974966,,,12.81730231,7.83871641,0.32868831,2.32802644,1.49674959,1.31717879,,0.53312051,1.41129324,,0.25754273,,,,,0.22346397,0.11847623,0.18134727,,,,,,,,,0.15815887,,,,,2.46777226,,0.20536024,,0.20692006,,,,0.12212388,10.47189225,2.40256641,0.99431817,,,,0.24729502,28.47285479,0.18421007,0.39689151,0.05,,0.15551738
184,2018-04-30 00:00:00,1334.22142857,80279205.815875,2496.96241318,105510059352.16,870.91515061,288.46413501,,54.14874865,27.51475192,,,3.45601752,5.29041076,0.3416835,,,0.40400888,,50.62907795,6.25717135,,8.54987143,1.90572824,,,,,,1.94958007,,1.35767359,,,,77.28789537,120.01809166,148.35518144,16.38977068,82.56002776,4.48901822,,,,,1.32651907,,,,,,178.06487491,,0.43590061,31.28187717,43.80941777,,,8.63638254,19.03565061,,,,0.29832646,,,,,,62.69001688,0.87946718,35.22256182,33.39336846,24.49517716,26.13095506,5.35026243,17.03352788,9.63322698,7.06101364,4.40964513,8.11816548,,,,,,2.18477702,2.72633992,2.90997053,2.80982571,1.23447577,2.43223892,,2.87231097,6.59113299,,2.36269143,1.34195662,0.28535025,4.04165205,0.55092923,,0.48414084,1.74279547,,0.66563977,,1.13716561,,0.04838827,0.34243053,,,,,,0.11661412,,,0.3240143,,,,0.04792475,,,,,,15.70853536,0.02816032,3.70508457,8.40112944,1.14076505,13.39709598,0.80606728,1.23179626,0.21803794,0.52020922,0.06292055,0.06043238,0.14753586,,,4.78554552,,0.38695108,0.25485063,0.04960034,18.79325451,13.52201375,0.80171842,4.31749815,,,,,,,,,,,9.36342668,0.1974966,,,12.8139553,7.79024601,0.32462778,2.25311043,1.46548037,1.30407348,,0.53181159,1.4103165,,0.25963139,,,,,0.21720167,0.10652582,0.1803541,,,,,,,,,0.15054822,,,,,2.49623567,,0.17658173,,0.24854123,,,,0.12022871,10.65105442,2.41774868,0.98515469,,,,0.24757795,27.31847268,0.18490795,0.35928662,0.05,,0.15551738
185,2018-05-31 00:00:00,1303.32391304,80779691.1142,2512.52924603,105514403733.22,846.74599401,286.01522306,,52.85520047,27.50561981,,,3.45484612,5.2828751,0.34162476,,,0.47088284,,49.03659937,6.18695236,,8.47487421,1.908026,,,,,,1.92808511,,1.33751734,,,,74.92320381,124.14374389,149.90547451,16.46767514,81.92896832,4.41611429,,,,,1.26046657,,,,,,181.84487226,,0.46919823,54.51868144,41.36758747,,,8.60342342,19.01938265,,,,0.28744226,,,,,,62.1899484,0.92281934,35.67103855,33.2324816,24.93176733,26.59880291,5.44748687,16.82145704,9.65497829,6.74705299,4.4004352,8.16307314,,,,,,2.18102511,2.64712049,2.96416485,2.92371019,1.24364681,2.39944855,,3.04446417,6.39225485,,2.36697284,1.34830113,0.27505782,4.08239842,0.55552786,,0.48397139,1.79466457,,0.66518218,,1.13921099,,0.0485127,0.27314279,,,,,,0.12310815,,,0.32381833,,,,0.04808166,,,,,,15.7150775,0.02817853,3.72808064,8.04078514,1.13791405,13.39662618,0.79547676,1.27394873,0.2101021,0.51749858,0.06293865,0.05595342,0.14937718,,,4.6635965,,0.38065595,0.251675,0.04493895,19.62228362,33.06774402,0.88030503,4.48699546,,,,,,,,,,,9.36342668,0.1974966,,,12.80883903,7.7272901,0.32462778,2.22593157,1.45958092,1.29545455,,0.37676244,1.43304654,,0.24704703,,,,,0.21402179,0.10293259,0.17959692,,,,,,,,,0.13061677,,,,,2.49623834,,0.17456125,,0.25263072,,,,0.11785319,10.79577645,2.43071851,1.05012926,,,,0.24660255,24.82437687,0.1819747,0.35036118,0.05,,0.15551738
186,2018-06-29 00:00:00,1281.56666667,79119131.896254,2460.88008097,99009703105.98,818.77186214,268.60601176,0.68426408,53.23073524,21.93756198,,,3.53129754,4.98315938,6.24150007,,,0.56669793,,48.82717612,6.08134843,,8.55346689,1.90638762,,,,,,1.89992068,,1.30915221,,,,75.60716063,118.31518764,150.63721953,16.51261496,80.35390579,4.22870519,,,,,1.25503734,,,,,,181.33487261,,0.55183209,55.69754587,40.53270335,,,8.68752314,19.79717905,,,,0.28475583,,,,,,62.65109558,0.6937818,35.75556781,33.03841305,25.31754257,31.04823893,5.6911318,16.8191135,9.60423265,6.59583371,4.41556236,8.16423477,,,,,,2.21225064,2.87768224,2.88188169,3.01937874,1.2554485,2.38042532,,3.32264592,6.39182753,,2.34289917,1.35031479,0.24643521,4.2238247,0.56578531,,0.48380839,2.28926697,,0.66836473,,1.12761991,,0.04750031,0.27312632,,,,,,0.12354805,,,0.3236085,,,,0.04806643,,,,,,15.68692825,0.02786751,3.74226739,8.00246037,1.10034103,13.10469584,0.7876616,1.29192597,0.18063598,0.45065347,0.06222258,0.0536997,0.14920969,,,4.66287381,,0.38345091,0.25320673,0.04565126,18.9065275,30.76411644,0.78097757,4.01771696,,,,,,,,,,,7.71044872,0.13227561,,,12.803374,7.59883348,0.32462778,2.16568095,1.44990101,1.26629593,,0.36696756,1.45542357,,0.24698268,,,,,0.21120787,0.10252142,0.17802887,,,,,,,,,0.12837267,,,,,2.49491842,,0.16874075,,0.25286858,,,,0.117598,10.85985328,2.4343493,1.049844,,,,0.24645467,22.76100831,0.18513491,0.3305177,0.05,,0.15551738
187,2018-07-31 00:00:00,1238.525,77863003.8875,2421.81013263,95134326663.35,799.92652571,262.16244138,2.23904791,53.08054928,21.17901912,,,3.53252666,4.95998902,6.70610296,,,0.62332802,,48.04994344,6.03906372,,8.5460629,1.90576547,,,,,,1.82016346,,1.30915221,,,,93.66316735,103.52046563,148.64786361,16.36527729,77.33252682,3.75550595,,,,,1.23870575,,,,,,180.88287293,,0.67382573,55.20301552,40.50915805,,,8.75807324,19.66396042,,,,0.28265329,,,,,,62.5879495,0.70753502,35.99143053,33.02351498,25.46294921,25.36371996,5.74609976,17.13006671,9.5896128,6.5907591,4.43719321,8.27791293,,,,,,2.23832927,2.79030513,2.86489794,3.10191156,1.2580927,2.35845857,,3.35223119,6.41328522,,2.40782622,1.34653515,0.24471262,4.27110785,0.57084913,,0.48362412,2.65296376,,0.67185016,,1.12654456,,0.04853055,0.27337587,,,,,,0.12388378,,,0.32353018,,,,0.04788858,,,,,,15.58625738,0.0278353,3.72925848,7.89772371,1.10044536,13.12462325,0.7823645,1.26451999,0.17942984,0.43846511,0.0604442,0.05362888,0.1188764,,,4.63627641,,0.39045607,0.24972161,0.04585569,19.00120126,25.2069954,0.77784363,3.99745252,,,,,,,,,,,7.71044872,0.13227561,,,13.35498389,7.56101528,0.32462778,2.11348691,1.43827967,1.20317403,,0.36403177,1.45250656,,0.24363583,,,,,0.20910863,0.10139591,0.17765616,,,,,,,,,0.12488249,,,,,2.49360696,,0.16352923,,0.25220553,,,,0.11556591,10.96989622,2.48270669,1.11110104,,,,,22.02625728,0.18556315,0.32228573,0.05,,
188,2018-08-31 00:00:00,1201.09130435,76582359.850018,2381.97765056,92165934807.199,754.90018892,263.46370654,2.95384089,52.87798761,20.57136798,,0.52870608,3.53121268,4.75627914,7.01537632,,,0.68984301,,47.01669853,5.90669212,,8.50489594,1.90014734,,,,,,1.77185549,,1.30915221,,,,93.24700503,105.10250344,150.69628934,16.0666161,76.90436482,3.61686965,,,,,1.2480747700000001,,,,,,178.83287437,,0.83302454,55.30419667,43.41007842,,,8.82180453,19.94161085,,,,0.31219127,,,,,,62.81636363,0.73052521,36.28747148,32.77007165,26.022999,26.26727944,5.7742352,17.32568209,9.5992735,6.46315089,4.22633173,8.46664212,,,,,,2.23436958,2.76242356,2.83861744,3.25581065,1.29860592,1.99225729,,3.3567285,6.3541678,,2.54931618,1.35104351,0.24120747,4.13531775,0.57411878,,0.48344185,2.58293649,,0.67262714,,1.14539093,,0.05098621,0.27225119,,,,,,0.12906346,,,0.32359308,,,,0.04783409,,,,,,15.39485653,0.02829414,3.70748166,7.64154289,1.04954737,13.33391887,0.77020739,1.21163827,0.17665673,0.42056042,0.06141564,0.05291055,0.11880988,,,4.49989671,,0.3885038,0.24890648,0.04484738,14.68497498,30.2080869,0.67958106,4.13709075,,,,,,,,,,,7.71044872,0.13227561,,,14.05796883,7.48103431,0.32462778,2.07822059,1.41614139,1.1894171,,0.36150288,1.45451812,,0.24288916,,,,,0.20463276,0.10148854,0.17782714,,,,,,,,,0.12511502,,,,,2.43434517,,0.16269527,,0.2533867,,,,0.11810255,11.03939305,2.50838849,1.09030334,,,,,20.47909843,0.18300262,0.30350918,0.05,,
189,2018-09-28 00:00:00,1198.4725,75765344.701255,2356.56563886,90040239679.325,742.00726378,267.54195286,6.00011937,52.3568276,20.26497941,,1.33713906,3.42449738,4.85484872,7.32465461,,,0.68927243,,46.33685654,5.95628973,,8.55463895,1.90057896,,,,,,1.72161864,,1.30915221,,,,84.57822188,108.70651639,150.43254634,16.14784578,76.7491814,3.74613418,,,,,1.28619582,,,,,,179.09287419,,1.02609276,55.34692737,43.67146079,,,9.01320597,20.29366612,,,,0.31357282,,,,,,63.43347713,0.73060489,36.43301592,32.51764032,25.8779237,19.09628614,6.07005733,17.37697371,9.62123212,6.45744933,4.15572761,8.40261401,0.03300938,,,0.00026565,,2.32792331,3.13108595,2.6522771,3.23885632,1.33700833,1.9606521,,3.42432971,5.84842296,,2.57597488,1.38625596,0.24227205,4.19507242,0.57401941,,0.51368613,2.27984673,,0.66863031,,1.13485603,,0.05026254,0.27298177,,,,,,0.12894326,,,0.32328229,,,,0.04767078,,,,,,15.22072771,0.02803389,3.74839794,7.68437768,1.04147513,13.19314596,0.77406356,1.18023161,0.17754905,0.4145058,0.06082446,0.05283563,0.11877292,,,4.71573139,,0.38640599,0.24758986,0.04451778,15.08148715,23.71949339,0.6645301,3.55724698,,,,,,,,,,,6.69,0.12,,,14.24923936,7.43404532,0.32462778,2.07014463,1.42128397,1.18583968,,0.35780051,1.45531983,,0.24767587,,,,,0.20358108,0.10076957,0.17818209,,,,,,,,,0.12315796,,,,,2.43293787,,0.16162481,,0.25128492,,,,0.11764227,11.13367191,2.6245493,1.13439176,,,,,19.37797706,0.18520198,0.31702571,0.05,,
190,2018-10-31 00:00:00,1215.39347826,76304275.993218,2373.32827578,92759283489.002,753.80844373,272.51969044,6.96275245,49.83712681,19.65758932,,1.55457478,3.42555023,5.02989192,7.32348315,,,0.70722233,,43.69201862,5.85129731,,8.50009443,2.03295545,0.0190387,0.01916592,,,,1.68557676,,1.30915221,,0.02505418,,84.55581858,112.98509013,153.40793092,16.23752787,77.68209486,4.1166201,,,,,1.26629044,,,,,,179.45887393,,1.10067702,57.69486654,44.82971947,,,9.074001,20.43539001,,,,1.21979697,,,,,,63.26190657,0.77370663,36.69900491,32.50408685,24.95449823,19.88141147,6.27548069,17.52729212,9.73951121,6.37732022,3.96919277,8.11735155,0.0330248,,,0.40767533,,2.31731539,3.08155875,2.70240175,3.16653669,1.39514946,1.95435155,,3.58050312,5.89556744,,2.48365083,1.46592341,0.23641177,4.43428389,0.58754351,,0.51350753,2.32173201,,0.66992427,,1.09419264,,0.05038843,0.24240718,,,,,,0.12948001,,,0.32333587,,,,0.04764634,,,,,,14.91697094,0.02698385,3.75100326,7.21293735,0.99485838,12.1519964,0.73386899,1.13870214,0.17346854,0.40556456,0.05851919,0.05116257,0.11246005,,,2.91572626,,0.39303443,0.24764835,0.04246947,19.78405545,11.92047471,1.12570131,3.5333346,,,,,,,,,,,6.69,0.12,,,14.34654685,7.42261148,0.32462778,2.04606657,1.41795606,1.17596867,,0.35498586,1.45456422,,0.24649085,,,,,0.20047642,0.09998716,0.17485756,,,,,,,,,0.12226518,,,,,2.43398844,,0.15902569,,0.25230847,,,,0.12025739,11.28171731,2.7686703,1.21649077,,,,,19.37584958,0.18359051,0.35738009,0.05,,
191,2018-11-30 00:00:00,1220.94545455,76938419.307037,2393.05233761,93756755321.117,761.49866217,271.68934601,7.86301155,49.72657727,20.40132617,,1.8185654,3.42434322,5.01950537,7.63272244,,,0.70755141,,43.41875283,5.68125651,,8.41154501,2.03382174,0.03763926,0.24860148,,,,1.65445742,,1.30915221,,0.02499135,,89.80050303,110.96868809,154.37110622,16.3877042,79.74693355,4.28082473,,,,,1.27854623,,,,,,180.84987295,,1.16263087,58.82615927,44.52536234,,,9.12190443,20.69219751,,,,1.39999519,,,,,,63.48428319,0.83121324,36.44890131,32.49394307,25.13130089,19.67597025,6.3410168,17.54820607,9.73712408,6.36291377,3.96016757,8.22966037,0.03295428,,,0.41682695,,2.38648007,3.07587009,2.58422875,3.18953171,1.39598984,1.9928399,,3.58230918,5.88961979,,2.5258358,1.46626625,0.23598407,4.56429567,0.59077625,,0.54370987,2.31743191,,0.66210286,,1.10204072,,0.04990811,0.24268197,,,,,,0.13221207,,,0.32315632,,,,0.03722148,,,,,,14.76249612,0.02711084,3.67989473,7.07787044,0.9715806,12.05422593,0.73270855,1.16126953,0.17320413,0.37941927,0.05877023,0.05089781,0.04207764,,,3.20900451,,0.40096586,0.24383556,0.04209452,22.39420923,10.79185986,1.29922833,3.47135954,,,,,,,,,,,6.69,0.12,,,14.55108284,7.40901197,0.32462778,2.00842598,1.43125588,1.16750719,,0.35052374,1.4370674,,0.24418845,,,,,0.19805159,0.09923727,0.17349705,,,,,,,,,0.12124024,,,,,2.43097761,,0.15913935,,0.25206806,,,,0.1191383,11.4407498,2.80606563,1.27215246,,,,,19.01455066,0.18606958,0.3723936,0.05,,
192,2018-12-31 00:00:00,1251.43333333,79475510.804377,2471.96470406,101930750255.18,787.42041817,280.17125838,9.63311066,49.13139797,20.54836699,,2.16019974,3.4855163,5.08302204,7.63163779,,,0.70405516,,43.78385681,5.54729082,,8.25587982,2.03917296,0.0549371,0.25829059,,,,1.43316419,,1.30915221,,0.02481944,,105.56416147,119.98984067,161.66843644,18.15691697,80.19450198,4.34069531,,,,,1.26027473,,,,,,181.47487252,,1.61858797,61.54604185,45.73043609,,,9.1548833,18.23603165,,,,1.49485763,,,,,,63.52894146,1.13330255,37.65527459,32.40134587,25.38839632,20.29809003,6.44469184,17.31045028,9.72260975,6.24541821,5.01862258,8.32823117,2.38419458,,,0.46136062,,2.40508206,3.11035156,2.59816504,3.24901714,1.43033475,1.99097198,,3.58504656,5.75280238,,2.55260957,1.45299989,0.2348199,5.10982216,0.59486331,,0.55872447,2.28269024,,0.69880738,,1.11369051,,0.05152113,0.24238701,,,,,,0.13261344,,,0.32295088,,,,0.03719288,,,,,,13.69866182,0.0274223,5.20539422,6.65277931,0.96595361,11.71996611,0.72600865,1.1271095,0.47530247,0.34428152,0.05942002,0.05127886,0.0420372,,,3.52401611,,0.40256512,0.24627188,0.04306986,26.02274113,9.11643347,1.69032613,3.61137227,,,,,,,,,,,4.64,0.11,,,14.54611055,7.40485652,0.30376624,2.00205508,1.43495336,1.15951113,,0.34866829,1.4332379,,0.24475359,,,,,0.19724233,0.09964512,0.1742338,,,,,,,,,0.11856026,,,,,2.43073483,,0.16014948,,0.25123353,,,,0.11670516,11.39168714,2.86726159,1.24523236,,,,,17.97967578,0.18397076,0.38356789,0.05,,
193,2019-01-31 00:00:00,1291.30652174,81958146.369265,2549.18330168,108534060105.06,823.60850962,292.44774602,12.17940929,49.20386683,20.99529695,,2.43957502,3.62400811,5.16845383,10.51526222,,,0.69737133,,41.62526383,5.73485211,,8.21758581,2.16663705,0.05659432,0.2948461,,,,1.59992688,,1.30915221,,0.02468769,,108.00665091,122.07744305,171.40361066,18.84460524,79.86199917,5.02307152,,,,,1.24819631,,,,,,189.6168668,,1.82644552,59.61483715,43.92987058,,,9.20208483,18.6626972,,,,1.66651218,,,,,,63.34360398,1.13619631,38.34506427,32.94864807,24.93912778,20.79084115,6.82219769,17.13761611,9.84089559,6.71719499,5.35499598,8.24070945,2.41047538,,,2.92914433,,2.43081857,3.15853203,2.37098636,3.10241062,1.43207388,1.98902415,,3.58879942,5.75246844,,2.51925351,1.45203699,0.24191254,5.09737387,0.63878773,,0.57370254,2.418663,,0.69217194,,1.09913799,,0.04934082,0.24200679,,,,,,0.13540713,,,0.32296374,,,,0.03708747,,,,,,13.2673693,0.02703936,5.06634678,6.40515019,0.96346172,11.06395176,0.77298198,1.23878267,0.54234286,0.36540527,0.05856256,0.05110029,0.0420484,,,3.90265973,,0.4071924,0.24749879,0.04299473,27.08104806,8.68891408,1.4693563,3.30410285,,,,,,,,,,,4.64,0.11,,,14.5371417,7.27061714,0.29967906,1.96695007,1.41662891,1.14044199,,0.34406019,1.4165592,,0.24739577,,,,,0.19441928,0.0973886,0.17350699,,,,,,,,,0.11675016,,,,,2.42982665,,0.16433407,,0.26101488,,,,0.11697352,11.35255395,2.90109114,1.29159698,,,,,17.8264613,0.18657926,0.42741384,0.05,,
194,2019-02-28 00:00:00,1320.065,80845084.877253,2514.56321942,106718030475.21,783.97833417,299.46599556,15.0668151,49.20024892,21.74229108,,2.43923974,3.62211971,5.1492394,10.97906163,,,0.70759791,,40.88197197,5.72252194,,8.19847329,2.30510115,0.05640441,0.29442198,,,,1.58303505,,1.30915221,,0.02462283,,105.95962945,124.2389316,168.85781747,19.77057846,79.56053144,6.4682504,,,,,1.25787114,,,,,,191.4658655,,1.88749191,58.62396435,42.92130236,,,9.17673994,18.44549467,,,,1.68130779,,,,,,63.2506298,1.10366142,38.73245946,33.26443924,25.19699691,20.97276515,7.11643965,17.16009902,9.7782762,6.65311609,5.50355007,8.2708739,2.40499915,,,2.91857116,,2.4256654,3.11580561,2.38472171,3.09796688,1.38839894,1.99025469,,3.59429481,5.7474764,,2.50263033,1.4676024,0.24406757,5.04743302,0.63972624,,0.58869664,2.4358751,,0.70947781,,1.09187292,,0.03205628,0.24187595,,,,,,0.14299441,,,0.32278861,,,,0.03704689,,,,,,12.40955984,0.02681515,4.06774955,6.26470071,0.93426766,10.44219555,0.78050475,1.21668459,0.54765886,0.362807,0.05805951,0.0486326,0.04199192,,,4.12965239,,0.40509994,0.2476916,0.04277973,24.23147529,8.03060574,1.54240424,3.17218157,,,,,,,,,,,4.64,0.11,,,14.68428775,7.30308905,0.29961493,1.95507809,1.41683456,1.13657722,,0.34237342,1.40472075,,0.24809537,,,,,0.19316547,0.09766781,0.17309749,,,,,,,,,0.11693223,,,,,2.42950197,,0.16396011,,0.25194488,,,,0.1171784,11.20266854,2.91309362,1.3509206,,,,,17.73170331,0.182103,0.4270623,0.05,,
195,2019-03-29 00:00:00,1300.89761905,80855956.003092,2514.90134923,104816481221.58,784.01873118,301.49059838,15.53054413,49.32357124,21.13964582,,2.57867367,3.62199435,4.91853405,11.08602201,,,0.71189841,,40.80626347,6.21719603,,8.20642064,2.3010707,0.05558522,0.40442624,,,,1.64594466,,1.30915221,,0.02468157,,106.41083103,124.30623104,164.22135111,20.02082826,78.88421808,7.03457446,,,,,1.18742742,,,,,,192.33686488,,2.02476359,58.85738569,42.97883054,,,9.2466994,18.323487,,,,3.13768531,,,,,,63.32152288,1.10935206,39.08913716,33.2517152,25.03808991,19.7748097,7.83037351,17.41794387,9.75180195,6.61208653,5.6639095,8.23840195,2.40059102,,,2.91200695,,2.4536326,3.25180439,2.42148034,3.19938228,1.40763161,1.96599713,,3.89525786,6.22717825,,2.49849998,1.48362768,0.23862422,4.69673544,0.64967921,,0.61695045,2.51295875,,0.72207511,,1.09005657,,0.03275469,0.27156548,,,,,,0.14014621,,,0.32270397,,,,0.03743198,,,,,,12.22745526,0.02669638,3.95360389,6.07028409,0.8789856,10.1719899,0.74737496,1.14422329,0.55135006,0.36153535,0.05777763,0.04764161,0.06777129,,,4.14089528,,0.40510961,0.24417991,0.04273645,23.15704379,8.48370589,2.14980353,3.70850106,,,,,,,,,,,3.207,0.068,,,14.67824609,7.19999063,0.30580622,1.93841057,1.38701242,1.11478334,,0.34225865,1.39567033,,0.24973726,,,,,0.19082274,0.09724575,0.17144401,,,,,,,,,0.11531242,,,,,2.34207482,,0.16309939,,0.24969532,,,,0.11627991,11.21331216,2.92798289,1.34895067,,,,,17.63778854,0.18802237,0.65368972,0.05,,
196,2019-04-30 00:00:00,1285.46818182,78949866.257914,2455.61533112,101322189548.35,746.44761392,295.27572778,15.37279455,49.44546359,20.53687402,,2.57829218,3.50125262,4.90637507,10.88277252,,,0.72117958,,40.56227622,6.08986428,,8.2426753,2.30829469,0.15716398,0.49153561,,,,0.97814091,,0.74251856,,0.0246401,,100.4910377,132.334165,158.07354727,19.73376493,78.17841786,7.10830897,,,,,1.13107683,,,,,,192.77886457,,2.16169212,59.48879444,42.16410451,,,9.30633877,15.47246976,,,,2.97566062,,,,,,63.77512496,1.12940283,39.83918524,33.08858832,24.1606299,19.54882258,7.7946676,17.22892333,9.78541867,6.67117523,5.6877926,8.116522,2.38291005,,,0.5070461,,2.49701006,3.31424876,2.41759614,3.22586254,1.45461741,1.91816497,,3.96852518,6.45961702,,2.43228679,1.48900394,0.23897284,4.97126847,0.66941726,,0.63190535,2.79649388,,0.7307966,,1.06117165,,0.03245502,0.27234983,,,,,,0.14510792,,,0.32260488,,,,0.03736832,,,,,,12.08604022,0.02598305,3.84797283,5.95563688,0.8760241,9.92199817,0.73506954,1.05642523,0.55229859,0.32656278,0.05620917,0.0474194,0.06171892,,,3.99108401,,0.40479665,0.24469307,0.0421665,17.6555827,11.30467985,1.11890547,4.41084545,,,,,,,,,,,3.207,0.068,,,14.97510111,7.18878974,0.31195512,1.93714464,1.3853144,1.11209991,,0.34253865,1.39522075,,0.25000815,,,,,0.19006081,0.09548835,0.16797571,,,,,,,,,0.1133691,,,,,2.34127921,,0.16209772,,0.25591906,,,,0.11527934,11.09289235,2.93009331,1.34032763,,,,,17.60746359,0.18351997,0.60752685,0.05,,
197,2019-05-31 00:00:00,1283.65,78934298.394759,2455.13111645,102347350828.95,742.96837627,282.54711841,16.64358554,49.77470265,20.23414228,,2.57787094,3.49999882,4.85843481,12.04369451,,,0.72296527,,40.26432292,5.93421542,,8.28954723,2.29930522,0.15681816,0.49510706,,,,1.60434448,,0.74251856,,0.02479479,,101.90816065,136.92138202,158.03025812,20.64804623,79.24627143,7.22912478,,,,,1.07311728,,,,,,193.55686403,,2.27125484,59.51057272,43.81507412,,,9.39085303,17.58160907,,,,2.90689942,,,,,1.71558452,64.84402612,1.13324403,40.64930677,33.13766888,24.511928,19.94107217,7.99128037,17.29632833,9.74671157,6.65775568,5.43367548,8.142472,2.36838253,,,0.63260758,,2.53352757,3.36022464,2.48890235,3.40978277,1.48331137,1.85341238,,3.89984853,6.45909412,,2.46309142,1.47766591,0.23100144,5.1055269,0.70074689,,0.67715093,2.89952514,,0.73378997,,1.07533786,,0.10112944,0.28764888,,,,,,0.14584531,,,0.32242653,,,,0.03749751,,,,,,11.98091857,0.0262279,3.85591402,5.90079566,0.88133216,9.99030542,0.72311916,1.05101974,0.51382905,0.32145092,0.05356388,0.04685503,0.07736631,,,4.18367111,,0.40703438,0.21607491,0.05190915,16.68169425,8.15535246,1.02710422,4.08442182,,,,,,,,,,,3.207,0.068,,,15.46744796,7.14427107,0.31470805,1.95504605,1.37987101,1.1076812,,0.33952061,1.31748609,,0.24935987,,,,,0.18773536,0.09513155,0.16728597,,,,,,,,,0.11180192,,,,,2.34171141,,0.15768791,,0.2552024,,,,0.11737334,10.65034878,2.87236485,1.31615394,,,,,17.50843167,0.18084383,0.61880852,0.05,,
198,2019-06-28 00:00:00,1359.0425,83224078.201954,2588.55818303,117351848617,793.81684808,294.62466165,17.47970803,49.53149648,20.68109022,,2.934634,3.50021839,4.97617418,12.04219557,,,0.74307729,,39.86080161,6.01155615,,8.22073633,2.83445211,0.22636726,0.49184388,,,,0.93376258,,0.74251856,,0.02461402,,122.62548145,142.6125403,159.99695337,43.74579285,77.10052999,7.22180082,,,,,1.06331937,,,,,,194.26586353,,2.40931262,62.80170522,45.65117771,,,9.1549883,21.22528628,,,,2.91538406,,,,,7.14647323,64.45003518,1.02897873,41.30910586,33.2796164,24.73751626,20.2422535,8.27211203,17.51742823,9.59973822,6.75290432,4.83209112,8.29506547,2.36377594,,,0.72428585,,2.53643202,3.57447248,2.40174469,3.35945805,1.49119405,1.87128582,,4.55316048,6.70590076,,2.51506002,1.46226031,0.23165026,4.99399542,0.69987966,,0.70625863,2.98533267,,0.73447251,,1.09799909,,0.12506107,0.30123176,,,,,,0.15025054,,,0.32229295,,,,0.03709548,,,,,,11.70784313,0.02681902,4.56419791,5.93701973,0.88202242,10.065048,0.72527811,1.07002318,0.52856507,0.31017221,0.05313978,0.04755505,0.08338456,,,4.15875712,,0.40620431,0.2153365,0.03762933,17.65569628,9.11437658,1.682068,4.54000054,,,,,,,,,,,2.43,0.04,,,15.46170136,7.17084271,0.31837924,1.97456047,1.43935418,1.12161513,,0.34154034,1.32086883,,0.24982023,,,,,0.18993645,0.09654231,0.16700267,,,,,,,,,0.11061347,,,,,2.36767822,,0.15824829,,0.2759662,,,,0.11278797,11.01193937,2.96453904,1.33671439,,,,,17.3857325,0.21415594,0.56174557,0.05,,
199,2019-07-31 00:00:00,1412.97826087,85073905.075204,2646.09423021,121525693128.67,823.1584466,307.76991469,19.18423142,48.58692942,21.12743014,,3.05838327,3.50125294,4.96192681,12.21077767,,,0.80030201,,38.28338949,6.07841724,,8.14008981,2.83470557,0.22255239,0.4879419,,,,1.57668296,,0.928,,0.02432098,,127.6990273,138.316513,157.16026315,46.49829789,78.36616349,6.98188135,,,,,1.10267909,,,,,,194.65686325,,2.90003257,65.66715503,47.96797208,,,9.12316361,21.64843816,,,,2.8504875,,,,,10.75409894,64.55595421,1.22878223,41.78486454,33.13215858,24.24546507,19.6844772,8.55201266,18.14102248,9.30773422,6.59411944,4.59370474,8.07804713,2.3674854,,,0.74583503,,2.53966408,3.49229589,2.34744043,3.3510649,1.46869439,1.86483596,,4.56132035,6.72857392,,2.47346186,1.48128851,0.22239285,5.07617107,0.74770531,,0.72115052,2.95324761,,0.74105561,,1.07981868,,0.12397422,0.30111665,,,,,,0.1530427,,,0.3222447,,,,0.03842163,,,,,,11.47531025,0.02634793,5.39754425,5.73939294,0.87281252,9.91764626,0.68440613,1.0364882,0.52012691,0.30009701,0.05218538,0.04451511,0.28151375,,,4.21866191,,0.40632461,0.21744131,0.03780741,18.66361232,9.13983406,1.36170483,4.69218306,,,,,,,,,,,2.43,0.04,,,15.25502381,7.22021105,0.3225009,1.97031669,1.46352186,1.13082722,,0.34323036,1.31135639,,0.24952118,,,,,0.18508255,0.0966337,0.16785697,,,,,,,,,0.10452946,,,,,2.56926176,,0.15728764,,0.22460368,,,,0.11300244,11.77362539,3.16423608,1.44552775,,,,,18.02424395,0.21513418,0.55136256,0.05,,
200,2019-08-30 00:00:00,1499.025,89181024.804489,2773.8399333,136397621248.43,878.04027601,326.19716316,19.49196728,49.65671084,22.47284602,,3.32176341,3.59137096,4.48984649,12.54994966,,,0.80357025,,39.33521268,6.49945263,,8.16928462,2.96903626,0.25847956,0.66127908,,,,1.58969658,,0.928,,0.02449317,,136.81800373,147.58338836,158.81446024,46.194239,79.48543957,7.7001842,,,,,1.09248825,,,,,,196.74686179,,3.35500408,69.78239823,45.47947341,,,9.20708212,23.65762922,,,,2.72115311,,,,,12.68614092,65.09111826,1.35259342,44.04834331,34.07584907,24.1492064,20.16370795,8.94927044,19.11575461,9.45012311,6.53894269,4.81097687,8.01203604,2.37468248,,,1.06013608,,2.57233954,3.67666763,2.33011521,3.31278748,1.46984176,1.89319317,,4.56865384,6.59351379,,2.45871213,1.32460863,0.2211027,5.11302574,0.7796592,,0.73608238,2.94325216,,0.75670807,,1.07503762,,0.11709808,0.35520276,,,,,,0.15365309,,,0.32214606,,,,0.03830648,,,,,,11.24906363,0.02623882,5.2322788,5.71477565,0.85972847,9.87112161,0.68109593,1.01109397,0.51765229,0.31308201,0.04722255,0.04013946,0.29921164,,,3.9039712,,0.40369817,0.2127679,0.05144223,24.13935345,12.16575249,1.67865433,5.6634532,,,,,,,,,,,2.43,0.04,,,14.64816744,7.42694608,0.36988744,2.05660553,1.58660027,1.18552072,,0.35498836,1.31839777,,0.25313406,,,,,0.18405211,0.09735224,0.17264556,,,,,,,,,0.10501743,,,,,2.80059654,,0.1512478,,0.27403722,,,,0.10863518,13.32870591,3.55806874,1.54637448,,,,,20.59746165,0.2178385,0.51706133,0.05,,
201,2019-09-30 00:00:00,1511.31428571,91659585.437146,2850.93178636,136248924198.81,920.53978843,342.4418536,22.00264302,49.68414472,22.46959933,,3.44546654,3.5914998,4.51264737,12.81141591,,,,,39.30422397,6.62210611,,8.14274144,3.24079988,0.27666907,0.67659246,,,,1.56666703,,0.928,,0.02435256,,139.3743632,148.85214101,156.64897411,49.83079365,79.05851277,8.04073227,,,,,1.29228247,,,,,,197.0078616,,4.00634078,69.15057281,48.93954114,,,9.10522442,22.20787823,,,,3.33945443,,,,,13.20338254,65.63897227,1.17300063,44.91849443,34.35978232,23.59688352,20.6229005,8.94552158,19.89653077,9.76100101,6.47219564,5.02590512,8.02854887,2.36841259,,,1.07204238,,2.58929774,3.3103774,2.36024565,3.25504324,1.49641941,1.90289701,,4.34418384,6.72034455,,2.43082581,1.37522704,0.22303494,5.27123623,0.84655086,,0.73582035,2.93774631,,0.75751761,,1.06284033,,0.12653772,0.35447011,,,,,,0.15670557,,,0.32207061,,,,0.03998953,,,,,,11.18410077,0.02586688,5.1623437,5.76623677,0.86200565,9.78013133,0.68706812,1.02240539,0.51163869,0.3005329,0.04653432,0.0377754,0.39096637,,,4.05719552,,0.41140584,0.21314397,0.05175867,24.83651744,14.35516491,1.76021731,6.09655523,,,,,,,,,,,1.999,0.0331,,,14.84345254,7.28262313,0.37532451,2.07272059,1.59180399,1.25036485,,0.35685306,1.24434899,,0.25302756,,,,,0.17805626,0.09586538,0.17174731,,,,,,,,,0.1048636,,,,,2.88607689,,0.15112325,,0.27964105,,,,0.11432397,14.60953862,3.83409518,1.71468809,,,,,20.32721038,0.21449609,0.54903573,,,
202,2019-10-31 00:00:00,1494.8,93005156.094084,2892.78371203,140552529884,915.25103094,356.91122565,22.9302048,50.40016269,24.4134348,,3.44494035,3.59262191,5.41832205,12.25195994,,,,,39.59352226,6.65394716,,8.22483649,2.83047547,0.31759089,0.68181827,,,,1.53301944,,0.89,,0.02451132,,142.22398082,152.78461729,163.30414682,50.82605975,80.85629725,8.89344915,,,,,1.31969572,,,,,,199.10386013,,4.51239883,67.31257994,50.15326228,,,9.20085719,23.28797043,,,,3.83947168,,,,,13.72727775,66.11530121,1.19895458,46.57420758,35.09559911,24.07522219,21.14198472,9.46845043,20.2578905,9.85489973,6.7058151,5.84817247,8.48255204,2.38646286,,,1.83340395,,2.6240595,3.39951522,2.369377,3.32959924,1.59525028,1.93626065,,4.29081617,6.86090061,,2.45123434,1.47257069,0.2342686,5.28323724,0.9398806,,0.76583576,2.31785715,,0.77621367,,1.07173612,,0.13519445,0.41496128,,,,,,0.15582472,,,0.32195531,,,,0.0425403,,,,,,11.22355975,0.02600105,4.48802409,5.93954479,0.87186836,9.87276537,0.70173783,1.01842534,0.75834041,0.2881661,0.04519347,0.03836938,0.3897584,,,4.00732279,,0.41287969,0.21760968,0.05231008,24.56885187,14.54871777,1.50923454,6.26060648,,,,,,,,,,,1.999,0.0331,,,14.83261968,7.11241271,0.37840482,2.04056409,1.59027476,1.25136122,,0.35124407,1.21672259,,0.248307,,,,,0.17445767,0.09322375,0.16944684,,,,,,,,,0.00399275,,,,,2.99961195,,0.15316315,,0.27815004,,,,0.11142696,15.11965315,3.99046283,1.91842214,,,,,20.20269134,0.20504313,0.53311332,,,
203,2019-11-29 00:00:00,1470.01666667,92011677.215859,2861.88306482,134444207067.18,895.31949745,358.47484532,23.85752229,49.76967616,24.2903317,,3.5064758,3.83476696,5.60291633,12.11083306,,,,,39.59182507,6.48968233,,8.23722504,3.23828657,0.33395421,0.68282874,,,,1.51187,,1.76,,0.0245606,,135.38843597,148.39848467,151.97236074,53.94925365,81.19412275,9.16530537,,,,,1.36862012,,,,,,201.2778586,,4.86047406,67.9243803,50.467588,,,9.21794856,24.32069708,,,,3.88347426,,,,,17.53329431,66.61860495,1.24989923,40.33096438,35.17186223,24.18982859,20.91680918,10.13464448,20.54842273,10.05726443,6.73994544,5.80826643,8.38387948,2.50037743,,,1.85465144,,2.67000902,3.52570536,2.51954884,3.06395926,1.68141286,1.94845394,,4.41964823,7.06487628,,2.41285889,1.5145999,0.25658797,5.58974307,0.97907414,,0.76557603,2.37037421,,0.80122825,,1.05496799,,0.12153158,0.36706086,,,,,,0.15539149,,,0.32186661,,,,0.04773488,,,,,,11.25084637,0.02552864,4.56130362,5.88592042,0.87046003,9.72188687,0.70031422,1.02951603,0.76128845,0.29288311,0.04435754,0.03413162,0.38862818,,,3.55483422,,0.41672373,0.21506021,0.05180189,22.99050025,13.98501293,1.36178088,6.24430382,,,,,,,,,,,1.999,0.0331,,,14.62073541,7.11307552,0.38170191,2.06872707,1.55602954,1.26352174,,0.35102122,1.20815051,,0.24933426,,,,,0.17260057,0.0931506,0.17011963,,,,,,,,,0.00399275,,,,,2.99850672,,0.15288405,,0.25485317,,,,0.1142193,15.67327296,4.07101058,2.29150858,,,,,20.2266488,2.13518834,0.57660241,,,
204,2019-12-31 00:00:00,1480.19772727,92451625.812646,2875.56699578,140883339443.42,892.96598723,360.01866115,23.14045369,50.28463758,24.42320763,,3.5990174,3.89559508,5.67717534,12.10905322,,,,,39.10867859,6.72958009,,8.18326551,3.09900338,0.40522788,0.69804725,,,,1.487184,,1.49,,0.02436762,,143.59285205,145.88719603,146.72547047,55.12465308,79.54090276,10.12141648,,,,,1.37043479,,,,,,203.19185726,,5.21393716,68.28974858,51.88222407,,,9.25125078,24.32353151,,,,5.13007206,,,,,21.83808597,66.6791552,1.29029414,40.95863931,35.14917523,24.75106646,22.08268494,10.51595683,20.36849775,10.16300487,6.7574562,6.3279718,8.63619156,2.50461615,,,2.89516512,,2.69553737,4.0138563,2.56465831,3.23590667,1.75686406,1.9444268,,4.5464583,7.06108148,,2.48683672,1.57235958,0.27734356,5.57513994,1.04264572,,0.79554443,2.47704638,,0.79758566,,1.08725706,,0.14730525,0.36548362,,,,,,0.16011694,,,0.32165447,,,,0.04890047,,,,,,11.17281649,0.02625881,4.58990603,6.0183284,0.88345414,9.99603157,0.70915085,1.05914571,0.8249102,0.29013601,0.04560848,0.03459107,0.3837415,,,3.70751221,,0.41335234,0.21354733,0.05188634,20.42433148,13.35255122,3.11150135,6.03486778,,,,,,,,,,,1.8389,0.0319,,,14.61538121,7.14853729,0.3836713,2.09170411,1.57408687,1.30216228,,0.35287318,1.21427746,,0.25439482,,,,,0.17340523,0.09367313,0.17186558,,,,,,,,,,,,,,2.88201916,,0.15396732,,0.22919341,,,,0.11044599,16.04942832,4.17355397,2.38784965,,,,,19.39932586,2.11984551,0.59424448,,,
205,2020-01-31 00:00:00,1559.03478261,94472119.440269,2938.41137239,149693830986.63,902.92126502,371.81681603,25.02895323,52.06682155,26.70853508,,3.7535547,3.89686197,5.79894145,12.71116752,,,,,39.29836101,6.69857646,,8.21534313,3.5016774,0.42708708,0.71963514,,,,1.487184,,1.49,,0.02449256,,160.75492701,150.62668313,140.67650578,56.23195248,83.46538083,10.00369783,,,,,1.37520451,,,,,,205.9738553,,5.79184002,69.31049169,53.02327918,,,9.32865422,22.96332661,,,,6.10129978,,,,,24.58632299,67.94908415,1.31207922,42.19094739,35.40538486,25.01992709,22.39591728,11.03091616,20.7210571,10.10052326,6.70957007,6.22314582,8.59530071,2.54058193,,,3.11051358,,2.84145417,4.47247047,2.63737535,3.32105361,1.81407406,2.22369636,,4.63842721,7.22455899,,2.19752896,1.62529037,0.27697566,5.63973848,1.09011364,,0.93873913,2.5271999,,0.87496837,,1.08660591,,0.14805591,0.36733438,,,,,,0.17114491,,,0.32159762,,,,0.05018651,,,,,,11.09178018,0.02599675,4.12304641,5.94734602,0.81544689,10.07885861,0.70323131,0.92150323,0.78789238,0.28077946,0.04212858,0.03346047,0.38538704,,,3.95860244,,0.4135575,0.21456107,0.05138314,20.90059812,13.33365278,1.41565088,6.22871686,,,,,,,,,,,1.8389,0.0319,,,14.35806355,7.20710775,0.4091648,2.12890125,1.64513915,1.59508787,,0.35864892,1.19570313,,0.256,,,,,0.17082545,0.09361189,0.17341887,,,,,,,,,,,,,,2.88277651,,0.15473785,,0.20880815,,,,0.10801008,16.4859135,4.284008,2.27486168,,,,,19.27526125,2.07415151,0.87455783,,,
206,2020-02-28 00:00:00,1597.1025,97243370.164372,3024.60690491,156713931663.19,933.95868894,377.73324026,27.10316991,52.55980019,28.26185533,,3.95464811,4.03235995,6.31716064,13.638279,,,,,38.42541426,7.08374578,,8.07478774,3.4999726,0.43884346,0.71307114,,,,1.47458,,1.49,,0.02397761,,166.46720456,151.65259645,142.90898282,60.74899195,83.20626828,9.57511041,,,,,1.40649489,,,,,,209.72585267,,6.40203818,79.02135301,46.48651002,,,9.34407776,23.19337681,,,,6.14879326,,,,,29.1210503,69.13345312,2.39344485,41.94146717,35.81058616,24.94479709,22.77202995,13.02062619,21.39890684,10.37591776,6.64503364,6.14496795,8.73436151,2.53932351,,,3.13160782,,2.83063703,4.6589658,2.66316939,3.32109858,1.86041857,2.34379772,,4.6649902,6.96956684,,2.18366597,1.76776446,0.26746768,5.80336759,1.2173957,,0.93713074,2.58216162,,0.96553222,,1.07970923,,0.15083526,0.366487,,,,,,0.18078755,,,0.32149694,,,,0.05451421,,,,,,11.08855321,0.02584372,4.06855927,5.93302128,0.80810169,10.01384438,0.68990964,0.91533986,0.74995654,0.27682742,0.04186476,0.03316973,0.55330706,,,4.12207711,3.60686918,0.41176974,0.20638969,0.0487812,22.77582753,13.13452171,1.62936585,7.35959875,,,,,,,,,,,1.8389,0.0319,,,15.64651908,7.33237354,3.70301253,2.2735177,1.75545379,1.61650499,,0.36279043,1.18311249,,0.28,,,,,0.17129667,0.09545575,0.17422887,,,,,,,,,,,,,,2.88120875,,0.15258518,,0.16640887,,,,0.10801008,17.99341724,4.68,2.38915475,,,,,17.79483936,2.06107208,1.05186329,,,
207,2020-03-31 00:00:00,1591.92727273,102126003.20938,3176.4737684,164360221392.77,966.68923203,390.94516217,31.22258804,57.09736342,28.37738786,,4.29519886,4.24500645,6.18608496,14.93642136,,,,,39.15736735,7.16368851,,8.25025756,3.51196133,0.5906944,0.73481639,,,,1.512394,,0.804,,0.10724451,,195.25618096,184.701672,145.50503752,53.13099014,82.66810978,9.98434769,,,,,1.36729343,,,,,,208.9738532,,7.22935813,67.39889021,57.84246214,,,9.14979614,22.17155266,,,,4.81239364,,,,,45.47059595,72.05578638,2.75200303,45.26001752,39.30352822,24.6014136,23.43550056,11.67470194,22.4997229,10.47047283,6.83233668,6.06612212,8.7050055,2.52218566,,,3.13982363,1.63274163,2.83064276,4.8503747,2.80152637,3.00686345,1.87748199,2.41044937,,4.21968794,5.58565436,,2.06020232,2.18122548,0.31630532,5.85107636,1.24228556,,1.05481953,2.57639535,,1.03381736,,0.77899599,,0.11886219,0.38155138,,,,,,0.18136945,,,0.32129015,,,,0.05652058,,,,,,10.98089307,0.02582773,4.27536277,5.72504402,0.82970107,10.16728705,0.77374168,0.96252942,0.83877529,0.27559039,0.0415068,0.03296315,0.55448648,,,6.22605328,3.82944026,0.41546391,0.21364193,0.04968085,24.35494357,15.88672422,1.54021762,8.58245747,,,,,,,,,,,1.8389,0.0319,,,16.4370434,7.75682996,2.94847775,2.46371774,1.9457361,1.84825593,,0.4105666,1.22269482,,0.287,,,,,0.1797567,0.11506145,0.18694596,,,,,,,,,,,,,,2.9663157,,0.15021216,,0.15110148,,,,0.10801008,19.41496128,5.43,2.48562728,,,,,20.24828566,2.2164978,0.86937557,,,
208,2020-04-30 00:00:00,1682.72272727,107972458.89009,3358.31886685,183809936860.43,1056.17810927,422.13999072,37.54247277,64.41892357,32.86289692,,4.94572589,4.63816178,5.89455151,15.83193545,,,,,41.1480022,8.4830184,,8.25025756,3.62254718,0.80510019,0.90594492,,,,1.512394,,0.78,,0.10800062,,202.92544653,198.56450619,146.72965567,54.15261895,83.96294733,10.95506958,,,,,1.35809615,,,,,,213.44285006,,7.79102792,64.71235864,59.24673094,,,9.10989535,24.48188404,,,,4.97875102,,,,,48.52379385,72.20753044,2.7308058,29.94130913,40.95137364,23.94809066,23.49616732,11.96773741,22.87618475,10.63731051,6.91899037,6.26074655,8.84083616,2.54125132,,,3.198464,4.00078811,2.83081259,4.80788255,2.88265434,3.01158959,1.90213867,2.40224239,3.93709371,4.62053998,1.35593075,,2.0537702,2.54804376,0.32061561,5.75928069,1.35313924,,1.05353609,2.60538248,,1.08949392,,0.77653038,,0.12232238,0.3804932,,,,,,0.1847794,,,0.32130974,,,,0.05588342,,,,,,10.88799786,0.0268009,4.17903592,5.65179043,0.72530495,10.1646606,0.82603235,0.95996919,0.92850678,0.2758624,0.04253706,0.03373248,0.56783596,,,6.03985058,4.71979528,0.45905663,0.2303411,0.0497902,27.83474029,14.15934856,1.30182725,8.8979596,,,,,,,,,,,1.8389,0.0319,,,17.93211195,8.90586909,3.01979612,2.86690847,2.66673169,4.46383012,,0.4599437,1.30283994,,0.322,,,,,0.19194129,0.1248209,0.21637817,,,,,,,,,,,,,,2.9936121,,0.14997054,,0.15562918,,,,0.10801008,19.77691596,5.85,2.67420872,,,,,21.05871293,3.4587236,0.88961951,,,
209,2020-05-29 00:00:00,1716.61190476,112956418.48207,3513.33733824,195191479135.84,1122.80464001,441.684849,39.05600083,69.68942232,36.9582947,,5.51852541,5.01442491,5.90700977,17.39262088,,,,,42.25618039,9.30507819,,8.25025756,3.90434097,0.92350945,1.16675393,,,,1.537907,,0.78,,0.10874846,,226.53466032,205.47038979,145.55004109,54.21004761,84.05247244,10.99417438,,,0.00483744,,1.34555913,,,,,,216.54584788,0.00964015,8.34507739,69.69224281,59.90469549,0.00492416,,9.15441587,24.87614222,,,,5.23468113,,,,,49.67293971,73.50855035,2.59515089,30.66143388,42.2609292,23.61892662,23.76772186,12.3053681,23.2357808,10.8522598,7.33936868,6.48896828,8.87552706,2.67888972,,,3.64945332,4.11941665,2.81406542,4.98621101,2.90991225,3.06481735,1.88772465,2.46460013,3.89745348,4.67298837,1.3931522,,2.06081234,2.58497726,0.3138531,5.76656696,1.34847669,,1.05320363,2.64482019,,1.10274555,,0.77918339,,0.11528326,0.48676824,,,,,,0.190502,,,0.32116449,,,,0.0554168,,,,,,10.88450759,0.02249733,4.12439983,5.79204817,0.72393877,10.19870535,0.70828736,0.90686112,0.90031476,0.27868442,0.0435078,0.03686294,0.55882622,,,5.02584647,4.87999642,0.46848499,0.24030051,0.05079124,29.30602008,14.40866611,1.39474312,9.23349343,,1.4021449,,,,,,,0.81596535,,1.8389,0.0319,,,17.92392283,9.74982519,3.25745651,3.17061803,3.10873123,2.50325384,,0.51658827,1.32298383,,0.383,,,,,0.19332086,0.1333844,0.23166215,,,,,,,,,,,,,,3.07946806,,0.14837205,,0.17398335,,,,0.07846186,20.782670799999998,6.07,2.85190124,,,,,22.24343073,3.43115196,0.97266001,,,
210,2020-06-30 00:00:00,1732.21818182,116050783.93655,3609.58286227,205317714391.63,1178.53935436,455.84114219,44.3496297,72.11611558,38.71815357,,6.18417546,5.2269128,5.94074137,18.31828015,,,,,43.35882069,9.80939431,,8.25025756,4.16845591,0.91366424,1.21024494,,,,1.537907,,0.78,,0.1371383,,227.66784149,201.27992341,144.68292108,56.27577859,82.97845027,11.36342541,,,0.05340418,,1.35523124,,,,,,221.68084427,0.00963872,8.88841264,68.01615786,59.24593316,0.50298233,,9.24932907,23.03914266,,,,5.57746187,,,,,59.971852,74.83035069,2.28365118,29.83980061,42.3059003,24.20286532,25.70990433,13.22034097,23.18606398,10.85044989,7.46775901,6.25950389,9.03355528,1.58833376,,,3.93522258,4.30665713,2.81656557,5.21045967,2.90329608,3.66875615,1.9084941,2.47177734,4.24524566,4.71609699,1.39342028,,2.08937838,2.58786679,0.31520465,5.79586137,1.38210861,,1.05284064,2.76012228,,1.10260902,,0.78996744,,0.18426794,0.48932871,,,,,,0.19431766,,,0.32104431,,,,0.05580084,,,,,,10.88049964,0.02280345,3.68312592,5.82420827,0.73276298,10.06846388,0.70328143,0.91937768,0.90467104,0.2829236,0.04420796,0.03696721,0.56758876,,,5.25019741,4.94769748,0.48296986,0.24070174,0.05068961,27.28123073,14.6550761,1.45237789,8.96170817,0.4896501,0.65491194,,,,,,,0.58455753,,1.6486,0.0292,,,18.2910835,8.7081491,3.01892326,2.87125659,2.97743958,2.30954778,,0.46413606,1.15569311,,0.405,,,,,0.17404516,0.11969151,0.20926576,,,,,,,,,,,,,,3.10678712,,0.14945144,,0.1743962,,,,,21.68515507,6.4,3.07811526,,,,,22.79093882,3.52801668,1.11101211,,0.74,
211,2020-07-31 00:00:00,1843.31304348,121542641.39625,3780.39872319,238918532677.03,1241.5811553,491.37092777,51.28464214,75.2351598,41.34526803,,7.27568717,5.85045175,6.01930637,20.07928957,,,,,44.9276494,10.99474725,,8.25025756,4.15896889,0.89671175,1.26518825,,,,1.537907,,0.766,,0.16159249,,237.56268067,213.0524793,142.83846129,56.33450822,82.38736225,12.62265691,,,1.49200888,0.0115714,1.34885111,,,,,,227.00084053,0.43126303,9.19323479,67.79493193,63.93675387,0.75827535,0.21386478,9.19225969,23.34866087,,,,4.94159356,,,,,62.68999026,75.24423504,2.41685966,30.98220344,43.12775892,24.47280644,26.31794687,14.04349915,23.23893267,10.95705567,7.98967223,6.83470353,9.32940515,1.5965681,,,4.10896573,4.33962977,2.80211062,5.69807526,2.96012528,3.87237209,1.90229681,2.56248706,4.20620093,4.73525067,1.53324992,,2.16081357,2.41473407,0.35548477,5.78839043,1.363179,,1.05252241,2.87184579,,1.02097792,,0.81692493,,0.19037985,0.48734695,,,,,,0.19382552,,0.13606904,0.32086492,,,,0.05550916,,,,,,10.87616511,0.02368539,3.54676829,6.11481658,0.76995929,10.32484526,0.75467618,0.93228876,0.95157802,0.28165513,0.0457347,0.04628832,0.58809933,,,5.9065648,5.53747944,0.48508602,0.23950484,0.05199291,27.87958621,14.52117912,1.55694311,10.78208682,0.54597125,0.37844332,,,,,,,0.27251673,,1.6486,0.0292,,,19.96720819,9.26675668,3.11151032,3.19219527,3.34725285,2.5228687,,0.51727004,1.15785998,,0.431,,,,,0.17427392,0.12957809,0.23182709,,,,,,,,,,,,,,3.33579268,,0.15105576,,0.21840658,,,,,23.1237572,6.742862,3.56532789,,,,,23.95514701,3.72224752,1.27081197,,0.51756,
212,2020-08-31 00:00:00,1968.03095238,122765524.69324,3818.43464541,240372535605.12,1251.08531689,505.28838512,55.92411956,77.03565825,44.39040183,,8.01838208,6.27392888,6.71893456,21.31377842,,,,,46.38423337,11.99921141,,8.25025756,4.42749963,0.96927742,1.36386817,,,,1.537596,,0.56,,0.17423453,,236.01806173,218.18680963,141.970239,55.73907982,81.86647702,12.93404938,,,1.81386686,0.10083066,1.38089926,,,,,,222.00784404,0.45770108,9.57602182,66.46627479,56.45429007,0.78347344,0.23945824,9.16172211,23.93311116,,,,4.81805544,,,,,61.39794438,75.70673294,2.55552385,30.79551207,42.97471255,24.19128821,26.11672476,14.78604956,23.50950575,11.2440018,8.0400084,7.03186993,9.40990811,1.71968133,,,4.35865724,4.35104993,2.8083356,5.71309936,2.94929639,4.62937388,1.90878732,2.59207558,4.03809669,4.84552235,1.35864677,,2.17640896,2.40714548,0.36394254,5.30825678,1.37394021,,1.05219804,2.58418224,,1.01595284,,0.82279077,,0.22309822,0.4896768,,,,,,0.2051072,,0.13600531,0.32083133,,,,0.05517965,,,,,,10.79305819,0.02403303,3.49196057,6.12021445,0.7659542,9.62067204,0.76667738,0.93088709,0.96677078,0.27930917,0.04658142,0.06308354,0.59194095,,,6.11712849,5.49709597,0.49171641,0.24051568,0.05325756,29.03551042,17.34233145,1.67012375,10.75568973,0.55480807,0.31554653,0.89652238,0.80551729,,,,,0.23645137,,1.6486,0.0292,,,19.96125288,10.08787066,3.26598603,3.52657323,3.7381593,2.81955877,,0.61724383,1.20332612,,0.47,,,,,0.18903521,0.14448528,0.25301546,,,,,,,,,,,,,,3.50711742,,0.15417678,,0.36833661,,,,,24.4402584,7.1291,4.04540866,,,,,23.28244219,3.83619367,1.53591665,,0.51756,
213,2020-09-30 00:00:00,1922.21363636,125178120.34599,3893.47475825,236315452783.07,1268.4783944,518.09043288,58.70365928,77.54860293,44.44402978,,8.03269005,6.66429367,6.98043073,21.29516211,,,,,46.37396274,12.41246047,,8.18630849,4.44536284,0.96187515,1.36514928,,,,1.550351,,0.729,,0.18553107,,251.93270237,230.47368037,136.36834021,57.23821063,80.6936179,11.9001345,,,1.81392743,0.54041586,1.337293,,,,,,221.25984457,3.00157205,9.83229462,66.10686171,57.91138999,1.90987331,3.06116828,9.15478494,21.85346861,,,,4.6848451,,,,,63.79261584,75.44507524,2.65245518,32.29982736,43.52591099,24.03851381,26.06984448,15.59888235,23.57494788,11.69913703,7.92665405,7.04891357,9.42851631,1.74729373,,,4.41058889,4.37189523,2.80966365,5.63923523,2.93199185,4.67805472,1.93361178,2.62407254,3.88673688,5.14446132,1.4148134,,2.1325354,2.57066222,0.3494177,5.28935483,1.08938423,,1.051795,2.5767906,,1.02117994,,0.80619622,,0.75569663,0.48728709,,,,,,0.20130868,,0.24277591,0.30824899,,,,0.0553147,,,,,,10.7005257,0.02335243,3.52063203,5.9606664,0.70065951,9.43684744,0.73290071,0.90705265,0.9133912,0.28958921,0.04349357,0.07005107,0.48838508,,,6.42919614,5.99344662,0.49632679,0.25051153,0.05207832,28.5137971,18.58928656,1.625372,11.07798785,0.52450445,0.33640896,0.80428054,0.77904388,0.17,4.13904152,,,0.21836897,,1.3572,0.0248,,,20.65563425,10.19147758,3.64543478,3.56061119,3.8221207,2.87416547,,0.62180809,1.18540972,,0.492,,,,,0.18467195,0.14541455,0.25590724,,,,,,,,,,,,,,3.5058974,,0.1543612,,0.42355092,,,,,25.13246095,7.1852,4.14499408,,,,,22.95847842,4.04444629,1.45017147,,0.51756,
214,2020-10-30 00:00:00,1900.275,125873174.76772,3915.09336731,236989183678.76,1257.2573185,527.07615056,61.20382282,78.80372643,44.1686923,,8.27926174,6.88943374,7.09791301,20.98284822,,,,,46.34113704,12.76671934,,8.1433026,4.42603921,0.99304314,1.41588849,,,,1.550313,,0.729,,0.18503106,,251.97103465,233.47396552,136.29535587,58.97226468,80.71071657,22.09514679,,,1.99921153,0.56439162,1.37590245,,,,,,223.29584314,3.44672851,10.04954434,66.72993209,58.66665874,2.41497651,3.19539189,9.09505642,20.22705282,,,,4.65009366,,,,,61.06915188,76.10226638,2.78103428,32.8670506,43.95575699,24.36509715,26.64979624,16.89423641,23.92656896,12.0340283,8.05542546,7.12026506,9.64059671,1.79545165,,,4.65986922,4.44440643,2.80341354,5.5975467,3.07307673,4.76830306,1.94669237,2.65970799,3.87218312,5.48221814,1.43166733,,2.13924353,2.5947896,0.34978482,5.28321936,1.08649815,,1.05113339,2.73994367,,1.05089902,,0.80871833,,1.15949379,0.43463053,,,,,,0.2138794,,0.17863628,0.3080845,,,,0.05568445,,,,,,10.69684573,0.02341079,3.5224768,5.86380723,0.70707474,9.54331407,0.71062796,0.91034754,1.05100315,0.29125885,0.03748135,0.07113321,0.49519955,,,6.742,6.44734406,0.49528399,0.25866616,0.05344089,29.12405821,18.83262774,1.5924738,11.03263828,0.50018287,0.24359438,0.75117154,0.7279339,0.17,2.25188494,,,0.21226065,,1.3572,0.0248,,,21.05859894,10.43601209,3.68436764,3.59475422,3.95651573,2.98933897,,0.63833613,1.17525761,,0.504,,,,,0.18291361,0.14491966,0.25855128,,,,,,,,,,,,,,3.50445035,,0.15638575,,0.42918649,,,,,25.55020234,7.2593,4.12783844,,,,,22.16886741,1.72351441,1.30159534,,0.51756,
215,2020-11-30 00:00:00,1863.49285714,122236102.1418,3801.96776338,215683863465.27,1194.36079692,527.84814583,60.48168866,80.86567082,43.98292789,,8.6807544,7.03934034,7.19528579,18.78417764,,,,,46.36789302,12.83743394,,8.23013842,4.41958249,1.05814579,1.43251961,,,,1.524916,,0.716,,0.18683395,,238.57231026,231.28426563,122.47627103,61.30858708,76.79460855,23.83357258,,,2.21659129,0.58709345,1.36643047,,,,,,220.58584504,3.69093279,10.33744305,64.09548966,55.93688227,2.55828695,0.72518986,9.10558937,19.24704425,,,,4.72669648,,,,,54.65014208,75.46781282,2.90629507,33.16298204,42.72111196,24.62169397,27.00956447,17.42398222,23.60882515,11.97213594,8.30097963,7.23317877,9.97917028,1.78692125,,,4.78778762,4.6088645,2.93318977,5.81741091,3.07637747,4.82482433,1.96421328,2.71567561,3.87167884,5.49770341,1.28080925,,2.0380361,2.58770692,0.36060622,5.10664895,1.12951882,,1.05075946,2.73617208,,1.071185,,0.60052448,,0.94818262,0.45790131,,,,,,0.22720882,,0.18434512,0.30793774,,,,0.06611997,,,,,,10.66064585,0.02363728,3.48596114,6.18336042,0.70943509,9.650177,0.73420793,0.88507607,1.09950327,0.29683787,0.03320677,0.06301857,0.42246588,,,6.19,6.27487475,0.49728047,0.26281151,0.05458967,28.156357,19.2302035,1.63824315,10.94470822,0.475,0.26,0.703,0.67612469,0.275,0.363,,,0.204,,1.3572,0.0248,,,21.55045335,10.46358635,3.07308403,3.67007843,4.11058868,3.1069017,,0.67548353,1.18767615,,0.5002,,,,,0.18301072,0.1433813,0.2566397,,,,,,,,,,,,,,3.50304173,,0.15869645,,0.39242598,,,,,25.71784469,7.151726,4.34604802,,,,,20.71054493,0.7679055,1.39356892,,0.5125853,
216,2020-12-31 00:00:00,1859.64782609,121147734.85538,3768.11575677,229254071873.78,1170.35192821,524.96914044,66.04670908,80.47520258,43.6266352,,8.40070516,7.26659191,7.3663132,18.28690192,,,,,46.24051945,12.30490597,,6.19790615,3.87847296,1.05527023,1.41234711,,,,1.524916,,0.704,,0.1841365,,234.95809607,230.24605997,121.21384928,59.80872433,76.04827208,24.95933551,0.17577387,,2.37838265,0.59710552,1.36461286,,,,,,216.88384764,4.44407106,10.51106603,64.31443572,57.93550523,2.64106647,0.96808929,8.95036455,18.56498124,,,,4.7176874,,,,,54.0853425,74.56869987,3.1155664,32.70293824,41.24175297,25.4698641,27.5424767,17.79514922,22.99342143,12.00614762,8.42296953,7.49955515,9.79945751,0.94292334,,,4.71375452,4.58783766,2.92246136,5.94322359,2.98699298,5.29095929,1.95080411,2.69390221,4.97460794,6.00918316,1.19670508,,2.08026734,2.64257974,0.34398347,5.04241125,1.09203845,0.32176087,1.05040805,2.71016776,,1.05416724,,0.61293619,0.01301096,1.02446277,0.4562374,,,0.02128839,,0.22031396,0.23841125,,0.18439472,0.30789333,,,,0.0658821,,,,,,10.29103909,0.02415349,3.19438441,6.28444446,0.73390611,9.60515008,0.82975989,0.89280984,0.95578911,0.30093613,0.03425239,0.05643552,0.31351831,0.65117993,0.8189591,6.78,6.3970235,0.50109394,0.25906572,0.05470782,26.23172676,19.12450539,1.51787613,9.90480056,0.439,0.269,0.624,0.62131905,0.248,0.339,,,0.207,,1.35719,0.02477,,,21.9405367,10.82173615,3.3022194,3.77176013,4.20902436,3.18231714,,0.72276489,1.20397824,,0.522553,,,,,0.18218626,0.14629082,0.26525252,,,,,,,,,,,,,,3.50121991,,0.1596075,,0.29680802,,,,,25.73210863,7.338258,4.58690115,,,,,20.62497581,1.04987762,1.24275793,,0.5125853,
217,2021-01-29 00:00:00,1868.13333333,121727188.29152,3786.13877326,227073079595.17,1159.76396444,526.70568319,69.16392082,80.8,44.32934496,,6.293773,7.38424875,7.78817726,18.93356811,,,,,46.3,12.06197919,,6.12613698,3.74338287,1.09876011,1.13339957,0.02177162,,0.06821421,1.49975354,,0.704,,0.18118509,,238.46989413,237.17581727,120.17805344,59.60055628,75.03402536,26.3478543,0.17575183,,2.45775541,0.60103205,1.36261815,,,,,0.26404412,218.04484682,4.75221407,11.05900655,64.29251275,60.04016549,2.58188445,3.45087751,8.94093187,18.18415255,,,,4.71349326,,,,,58.69265868,74.72621275,3.2532406,32.69744234,41.12424332,25.44346606,27.57542899,18.45298285,23.0588447,12.13651389,8.3813847,7.34122789,9.78709346,1.35725173,,,4.82211078,4.61634972,2.93116859,5.90574854,2.99152766,5.30326161,1.98012296,2.5801634,4.99433223,6.12907711,1.22908631,,2.06218621,2.66866913,0.34578612,4.21544062,1.23236104,0.37610225,1.05006526,2.74484411,,1.06723575,,0.60785703,0.01543359,1.37658551,0.45665521,,,0.03524933,,0.28354946,0.23114332,,0.18568649,0.3077305,,,,0.06733724,,,,,,10.17780256,0.0238224,3.18160631,6.11859024,0.72827494,9.4319254,0.84458105,0.88351513,0.96233653,0.29948653,0.03726895,0.05885316,0.05992734,0.68610752,0.87835948,6.85,6.29186554,0.50629789,0.25809433,0.05477198,25.73101377,18.87962737,1.44721845,9.47971376,0.403,0.224,0.552,0.57881199,0.209,0.297,,,0.204,,1.2741,0.0235,,,22.9346556,11.10202568,3.37330469,3.96329637,4.38514196,3.20655271,,0.75259742,1.19905359,,0.54239479,,,,,0.17976132,0.14934832,0.26467571,,,,,,,,,,,,,,3.55822817,,0.16178441,,0.30479271,,,,,26.13458071,7.36503888,4.64242953,,,,,20.45689418,3.25068647,1.39286171,,0.5125853,
218,2021-02-26 00:00:00,1808.175,119102475.04275,3704.5010657,207858190182.91,1093.2066876,519.54651529,71.50629078,80.63747422,43.96490585,,5.92133387,7.87985797,8.30355608,19.31724091,,,,,46.24,11.84594076,,6.14802313,3.73629754,1.09064957,1.10202388,0.79915867,,0.10615854,1.49975354,,0.704,,0.15747214,,233.37693966,228.60224679,118.48784571,59.42078445,72.33922542,27.36173842,0.35194926,,2.67915125,0.62330058,1.39285347,,,,,0.26401504,220.79484489,4.65537623,11.46314001,62.42551059,60.25456911,2.28590879,3.429477,8.88145221,17.79223808,,,,4.2129459,,,,,58.92161688,74.13440598,3.31338431,32.57080919,40.69480853,25.03911634,25.7663079,18.25733129,22.8694805,11.8824365,8.33492351,7.32120109,9.81639112,1.35596418,,,4.90194131,4.64901705,2.92292302,5.80709416,2.9466076,5.2704816,1.98805389,2.55291755,4.98312944,6.29315145,1.23335989,,1.89689805,2.79893011,0.35159573,3.87425985,1.14902045,0.39304883,1.1701464,2.67832229,,1.05689805,,0.59394051,0.01666276,1.51773973,0.4561779,,,0.06701226,,0.31969809,0.237023,,0.22244398,0.30767073,,,,0.06739238,,,,,,10.13171864,0.02325156,3.2223334,6.06254421,0.73103512,9.07479864,0.84971661,0.86265716,0.98828034,0.29762325,0.0363526,0.05841687,0.05830396,0.75415094,0.88652931,6.86,6.12953094,0.50573503,0.25826686,0.05552116,30.49708799,21.06100837,1.3939508,10.46394077,0.394,0.23,0.504,0.52697701,0.194,0.273,,,0.222,,1.2741,0.0235,,,23.92744604,11.58869043,3.52757227,4.06158714,4.57172693,3.27722292,,0.81033427,1.22807643,,0.55904817,,,,,0.1792812,0.15163207,0.2714427,,,,,,,,,,,,,,3.78725949,,0.16034282,,0.31537749,,,,,26.15964227,7.27354803,4.56446878,,,,,20.04373807,3.265143,1.54997976,,0.5125853,
219,2021-03-31 00:00:00,1718.22826087,115484850.23658,3591.98035658,195479788830.91,1037.13886199,503.8394825,72.5157186,81.06,41.65713907,,5.92040945,7.87451083,8.56585195,18.49516594,,,,,46.11,11.05008615,,6.25163936,3.6154006,1.14890869,0.93970341,6.24618069,,0.10724202,1.51529592,0.01554024,0.704,,0.17247545,,225.17556467,216.68997044,112.78618023,61.33771892,65.58983025,26.21542428,0.36122926,,2.67962747,0.61606643,1.45540373,,,,,0.2639818,221.61584432,6.67089797,12.38907882,58.81217932,54.85146842,2.19912534,2.74996891,9.07673521,17.47731958,,,,4.09953922,,,,,54.27654878,74.04226945,3.43078881,32.19264381,39.6245842,23.67172491,24.49666294,17.71116814,22.94742195,11.47192713,8.0358084,6.62575751,9.82962107,1.14018185,,,4.6159763,4.35710683,2.93305538,5.43659731,2.89266656,5.90542707,2.01272207,2.50806901,5.00526573,6.70866155,1.20713236,,1.82833485,2.43215063,0.35242287,3.80477526,1.14146109,0.40939959,1.16971365,2.86077495,,1.04551126,,0.57246675,0.01783495,1.47499159,0.45723058,,,0.0725852,,0.33498116,0.24388139,,0.21321879,0.3075309,,,,0.06852256,,,,,,10.02491882,0.02243589,3.17683836,5.78113437,0.70297095,8.67081207,0.81728655,0.83364142,0.89854313,0.3049191,0.0346017,0.05972955,0.05826901,0.78308293,0.90365086,6.39,6.25180159,0.50644277,0.25721664,0.054469,31.74913968,23.57379182,1.46598743,11.95139911,0.427,0.251,0.434,0.52611433,0.194,0.276,,,0.213,,1.2741,0.0235,,,24.51755656,11.900901,3.834645,4.496313,4.750757,3.44951,,0.883474,1.282359,,0.587684,,,,,0.179659,0.156117,0.273088,,,,,,,,,,,,,,3.84284798,,0.15805368,,0.24195729,,,,,26.10331473,7.1626283,4.4064029,,,,,19.7385726,3.32515268,1.28322119,,0.57,
220,2021-04-30 00:00:00,1758.43863636,114970862.42877,3575.99354874,203503278960.3,1016.70863098,495.63576134,73.8050655,81.06,40.964098,,5.91989439,7.87515609,8.819104,18.73978977,,,,,46.08,10.87332925,,6.19268384,3.61878047,1.19279645,0.91288859,5.6173655,,0.10975156,1.5,0.01556274,0.6913,,0.17084337,,227.36434766,217.78282456,109.39194748,62.23500148,65.24772684,26.06281898,2.01870565,,2.80629832,0.5516268,1.36586653,,,,,0.26394977,226.23784107,25.26502417,13.69690503,48.92088943,45.16147915,8.76018738,2.46124619,8.98904819,9.53269259,,,,3.76825294,,,,,58.04457495,74.02578801,3.69980787,32.36802714,39.25779081,24.75312673,25.49987834,17.68199178,22.92526005,11.42202755,8.03363487,6.64683348,10.17240259,1.08303057,,,4.92478285,4.32329793,2.92586895,5.79980222,2.90280348,5.99003624,2.00837894,2.470647,4.97967165,6.8826549,1.2340038,,1.88366766,2.31782409,0.35305547,3.80266024,1.14888499,0.43184151,1.16932286,2.98943149,,1.0188615,,0.58978009,0.02011569,1.44462431,0.45648234,,,0.07346185,,0.35221333,0.2453176,,0.21848677,0.3074012,,,,0.0689872,,,,,,10.02142003,0.01963565,3.26475212,5.89287599,0.71889124,8.86683994,0.80467131,0.86530659,0.93722035,0.30025725,0.03140602,0.05593099,0.22614312,0.7692445,0.93510443,6.79,6.3207072,0.51385876,0.260493,0.05539007,30.1628246,23.45475591,1.31401412,11.8202954,0.409,0.284,0.409,0.51644729,0.191,0.273,,,0.204,,1.2122,0.0211,,,24.70841667,12.15582827,4.54387981,4.65152807,4.81846372,3.57829409,,0.90202793,1.27935521,,0.59349441,,,,,0.17864259,0.1612592,0.27429616,,,,,,,,,,,,,,3.86946102,,0.1596661,,0.25260127,,,,,26.45329171,7.22398134,4.41138687,,,,,19.67858319,3.04731794,1.22396235,,0.57,
221,2021-05-31 00:00:00,1851.37380952,116934687.91434,3637.07534911,222412607319.59,1042.91096681,500.46275331,75.3426576,82.2,41.40687772,,6.05022253,8.11515812,8.87742133,18.7373781,,,,,45.9,11.04797639,,6.21655848,3.48144287,1.21634714,0.91526998,5.66012883,,0.11149646,1.5,0.04045163,0.6913,,0.17132205,,235.95173437,224.19447282,108.46134892,63.07039241,65.32641969,26.68357294,2.40765581,,2.94993677,0.60707694,1.39139297,,,,,0.26391995,231.94683706,31.60080106,14.24786302,43.45117332,41.95900696,12.6813628,2.45135652,9.01440425,9.35437125,,,,3.97122682,,,,,62.81267318,74.11920305,3.78821275,32.18122096,39.18748312,25.10066422,26.10223563,17.89315514,22.94277034,11.39619471,7.98556387,6.49504719,10.40521563,1.11222412,,,5.03637901,4.2891196,2.93766531,5.73760783,2.91774661,6.04777725,2.01216993,2.44807175,5.01444001,6.98798921,1.23336716,,1.90749661,2.31696305,0.36223784,3.76361973,1.14258044,0.4392637,1.16496882,3.089183,,0.99386523,,0.59723308,0.02221469,1.37579946,0.45657586,,,0.07864033,,0.36970516,0.25102443,,0.2214079,0.3074414,,,,0.0698997,,,,,,9.94437062,0.01994195,3.17804045,5.90221831,0.71832702,8.88751755,0.82473366,0.87621226,0.9701839,0.28097001,0.03187426,0.05638318,0.2263083,0.77663349,0.97512064,7.51,6.48835764,0.51415398,0.25952559,0.05502953,28.99421675,21.71856929,1.28992383,11.1945009,0.379,0.287,0.401,0.49288445,0.182,0.267,,,0.198,,1.2122,0.0211,,,24.70167065,12.16770893,4.25134796,4.68684496,5.06625854,3.61293511,,0.93756375,1.26864952,,0.60426774,,,,,0.17709968,0.16089541,0.27255775,,,,,,,,,,,,,,3.86888102,,0.16315893,,0.25605776,,,,,27.0045881,7.27150855,4.17913312,,,,,19.81321854,1.55913161,1.19219991,,0.57,
222,2021-06-30 00:00:00,1834.56590909,116794569.32078,3632.71717369,206112818214.51,1045.42965424,504.72829414,76.31985777,83.18,41.49012045,0.15550768,6.43607434,8.22101857,9.35973072,17.80756825,,,,,45.91,10.82719144,,6.20311553,3.33709055,1.19242104,0.8676055,6.64749472,,0.4842769,1.49398328,0.06513289,0.6786,,0.1713609,,227.05817297,219.89677186,107.82535203,61.84496316,65.07533922,26.25830659,2.51389267,,3.03054644,0.54910748,1.43582714,,,,,0.26388429,233.12183623,33.16795185,14.76755396,41.62156565,39.47311727,15.38128078,2.65605698,8.97784168,9.04931855,,,0.12749488,3.83637655,,,,,64.23375216,74.51323628,3.85889739,32.38621227,38.90461649,24.24265047,25.52516122,17.4069391,22.67431619,11.14228978,7.65331375,6.48718308,10.19279377,1.1549469,,,5.0786291,4.33692704,2.92783326,5.94154555,2.9215023,5.9543851,2.03432721,2.41256358,4.98986437,7.02282512,1.22656878,,1.84979538,2.25777336,0.3515006,3.6255489,1.1449837,0.43961774,1.16452765,3.46204691,,0.99126533,,0.57915321,0.02238907,1.41371675,0.45618903,,,0.07782141,,0.3946953,0.24931488,,0.21223274,0.30730373,,,0.00577914,0.07085291,,,,,,9.83777664,0.01920819,3.178706,5.59525871,0.68457762,8.46963152,0.68331506,0.86389022,0.96750433,0.27641459,0.03024795,0.05245987,0.22497385,0.77505475,0.96253349,7.85,6.33929307,0.51053268,0.25697479,0.05452314,29.52223398,22.64038884,1.32142377,11.75565186,0.403,0.302,0.378,0.47199905,0.167,0.276,,,0.195,,1.2122,0.0211,,,23.99039174,12.50926174,4.41373982,4.83966318,5.2785249,3.69727597,,0.97066682,1.28231742,,0.61140276,,,,,0.17832149,0.16196317,0.27521756,,,,,,,,,,,,,,3.86715093,,0.15950768,,0.23645805,,,,,27.28548341,7.35615546,3.92136137,,,,,19.6570438,0.94375938,1.02418793,,0.52,
223,2021-07-30 00:00:00,1807.09318182,117202109.33837,3645.39308516,214210079777.09,1031.12935267,499.38610089,76.77296682,83.3,41.484319,9.96755058,6.58980073,8.55575682,9.72723442,18.08303754,,,,,45.91,10.86936043,,6.16612602,3.3436574,1.19268961,0.88734125,6.77101267,,0.57673418,1.44,0.17724254,0.6661,,0.18169022,,228.11553239,225.24504478,106.85878451,62.80503639,64.56304936,26.40098151,2.60058627,,3.23169919,0.57775669,1.38353947,,,,,0.26385357,236.52783384,34.10581587,15.27211851,41.67457568,40.75398415,14.86260374,2.8377279,8.96389883,8.89817531,,,0.14094394,3.86118041,,,,,65.24883813,74.88137168,4.04662442,34.15855455,38.96524999,24.93049738,26.61288397,17.48966855,22.68765637,11.24859644,7.65215427,6.44438161,10.66952577,1.21943687,,,5.29028751,4.21201468,2.93067972,6.02395818,2.77397186,6.14232021,2.05468298,2.4032685,5.23743996,7.06755491,1.18877207,,1.88612062,2.63074442,0.35385458,3.60362505,1.10880441,0.45140033,1.16414142,3.58052304,,0.99145124,,0.59057474,0.02359827,1.7345791,0.45636616,,,0.07794941,,0.39844325,0.24722592,,0.21325119,0.30715908,,,0.00589531,0.07164677,,,,,,9.73419997,0.01960799,2.94092466,5.53103225,0.68031255,8.60911562,0.74603437,0.88143003,1.01160432,0.27628985,0.03085722,0.05246655,0.22523295,0.778467,0.99289811,8.1,6.2996487,0.51311419,0.25905226,0.05444664,28.84359041,22.69328493,1.33213413,13.32799028,0.4,0.326,0.376,0.47652719,0.158,0.276,0.16216918,,0.207,,1.169,0.0189,,,24.18528387,12.45747218,4.03376111,4.84900757,5.41699116,3.74705151,,0.9814372,1.26527657,,0.6179453,,,,,0.17731281,0.16187623,0.2751636,,,,,,,,,,,,,,3.89491542,,0.15907627,,0.24720002,,,,,27.55147216,7.32805599,3.782333,,,,,19.71686931,0.94178534,0.9789262,,0.52,
224,2021-08-31 00:00:00,1784.62954545,116428943.80231,3621.34494887,211519656526.22,999.93024247,495.60684692,78.15260417,84.1,41.26909763,10.20018199,6.58880244,8.67324182,9.97594359,18.35821168,,,,,45.91,10.73682541,,6.16612602,3.34262125,1.19408613,0.90098751,6.77001616,,0.52593283,1.41,0.18346107,0.641,,0.18272104,,226.68782176,234.40900087,106.54811869,61.79940433,64.51863845,26.09771953,2.64684872,,3.25240051,0.57105819,1.31067296,,,,,0.26382213,239.18883197,34.24510085,15.83742969,41.18797597,40.91948433,15.01047276,2.9283168,8.93537359,8.73944543,,,0.16598393,3.78200162,,,,,65.87467789,75.19348416,4.15207293,34.42343979,38.86165065,24.86172219,26.37353934,17.53695547,22.46015623,11.22275517,7.61000558,6.5567495,10.87157355,1.24955478,,,5.35365173,4.20809466,2.96709482,5.99343354,2.76732424,6.14025323,2.04404916,2.35994641,5.23891977,7.11514418,1.13901263,,1.8154276,2.58184479,0.34994972,3.60350278,1.12295179,0.44900286,1.16372437,3.01759681,,1.00285949,,0.58362452,0.0258307,1.73510767,0.42045762,,,0.07865974,,0.41334127,0.2372178,,0.7468502,0.30694728,,,0.00582189,0.07153997,,,,,,9.61888108,0.0193676,2.32909744,5.5034336,0.67667959,8.45121662,0.74715664,0.8710348,1.0007501,0.27270492,0.02957213,0.05213415,0.2251975,0.77624876,0.98589735,7.23,6.21169945,0.51634017,0.25946021,0.05386496,28.87184615,23.19953917,1.31102776,13.67523083,0.409,0.308,0.345,0.4382553,0.179,0.249,0.10208198,,0.183,,1.169,0.0189,,,24.17439117,12.51671924,3.69844289,4.89898541,5.55626289,3.84626728,,0.98884484,1.25968783,,0.62153587,,,,,0.17641029,0.16098234,0.27733854,,,,,,,,,,,,,,3.8959245,,0.15878357,,0.24632501,,,,,27.66269409,7.23649456,3.79209053,,,,,19.7515225,0.4856984,0.94253518,,0.535,
225,2021-09-30 00:00:00,1777.25227273,115836210.91889,3602.9088954,202074007936.12,989.70153543,497.98877532,78.2952501,84.28,41.17375386,10.83705596,7.09813,9.70189506,10.42744984,18.58707935,,,,,45.87,10.57959884,,6.18,3.33428218,1.22520606,0.9069326,6.36520659,,0.38621762,1.41,0.19542203,0.641,,0.18409174,,220.42464137,232.87892107,105.41767102,60.56545452,64.20349763,23.77023175,2.67758674,,3.33670346,0.59391828,1.41546817,,,,,0.28243877,240.02483138,35.89492418,16.22931553,40.52347328,38.38691428,14.45695204,2.94267338,9.05192734,8.70145997,,,0.17728732,3.62228435,,,,,65.44471857,74.90424637,4.3015564,35.16994225,38.75941518,24.56245201,26.29892942,17.66141361,22.35286766,11.28101044,7.39063475,6.29519182,10.78793395,1.30371183,,,5.29070568,4.21627081,2.9817726,5.86579929,2.78714136,6.11638252,2.0999205,2.32829905,5.23984557,7.14766034,1.06385027,,1.77723068,2.56274802,0.34238292,3.58400287,1.12703577,0.45103254,1.16333214,2.96234256,,1.00053913,,0.57133364,0.02542265,1.70721162,0.41992942,,,0.07559101,,0.44125461,0.2320409,,0.73062991,0.30696569,,,0.0057001,0.07125584,,,,,,9.53306929,0.01895817,2.29885176,5.38709326,0.64182189,8.16210573,0.73071683,0.85105523,0.9472108,0.27209296,0.02892779,0.05092314,0.22503083,0.79514,0.97041527,6.96,6.16084061,0.51661611,0.260228,0.05336761,29.93905054,23.39548287,1.4090574,13.89045155,0.436,0.293,0.386,0.45166396,0.17,0.237,0.09082709,,0.153,,1.169,0.0189,,,23.85951137,13.01,3.94,5.01,5.64,3.89,,1.06,1.27,,0.64,,,,,0.18,0.16,0.28,,,,,,,,,,,,,,3.89363796,,0.15891712,,0.25139776,,,,,28.0382816,7.29545537,3.73273472,,,,,19.63549996,0.4821278,0.90032037,,0.52,
226,2021-10-29 00:00:00,1776.8547619,115035895.58037,3578.01630586,203847835147.9,981.83214043,494.96082583,74.17212165,84.55,41.28760229,13.97702147,7.0970481,9.94318632,9.58801639,15.37387815,,,,,45.87,10.82257653,,6.17,3.33732034,1.28096707,0.91630869,5.16540642,,0.39512553,1.37667503,0.22052007,0.82762454,,0.18407601,,216.7371345,233.58393541,101.39810608,59.98627623,63.96653321,24.07481589,2.67726717,,3.43768498,0.61761116,1.4238492,,,,,0.28241285,236.88983359,37.87743813,16.41847589,38.80875004,36.45876586,16.37569474,2.94182754,9.00731248,8.67861106,,,0.28486875,3.64825437,,,,,62.86103022,74.63939076,4.43452579,34.86218993,38.65945125,24.91142724,27.00818537,17.09104534,22.25838111,11.6752886,7.36221009,6.23055163,11.53425306,1.22996876,,,5.50819358,4.33682344,2.99651157,5.86917693,2.79028505,6.30813231,2.08863024,2.30997135,5.77577314,7.19362948,1.08140907,,1.77458736,2.6185395,0.34787827,3.61114328,1.12019405,0.45710586,1.16294109,3.03434419,,0.9786135,,0.58134801,0.02594028,1.69277018,0.4017251,,,0.07800491,,0.45211742,0.22754088,,0.71291053,0.30678895,,,0.00580086,0.07030495,,,,,,9.52979656,0.01765079,2.29819206,5.36836181,0.63963158,8.30889908,0.74182763,0.86627741,0.96167787,0.25047691,0.02944014,0.04978478,0.22516023,0.81226761,0.99285343,6.7,5.75530795,0.5104892,0.25867684,0.05344819,30.18745229,24.2007821,1.27782877,14.46181275,0.457,0.302,0.403,0.46032994,0.17,0.252,0.1042078,,0.153,,1.1248,0.0187,,,23.85131642,13,4.194,5.047,5.576832,3.97,,1.088641,1.250835,,0.636699,,,,,0.171431,0.155683,0.275354,,,,,,,,,,,,,,3.88949349,,0.15956432,,0.25551195,,,,,28.59196407,7.3792846,3.88488277,,,,,19.22926182,0.56424571,0.79523752,,0.505,
227,2021-11-30 00:00:00,1820.23409091,115305197.97483,3586.39254663,208259274548,992.53395265,496.86455299,73.88228409,84.04,41.19189739,14.25600036,7.2506007,10.21540637,9.62270597,15.37149025,,,,,45.87,10.36565733,,6.17,3.20463306,1.22548626,0.89074729,5.16464406,,0.40067101,1.36444196,0.22066714,0.82762454,,0.20317109,,216.54892797,236.99646461,102.33800931,62.24915112,63.72153289,23.29595801,2.9316561,,3.25386443,0.598724,1.45138287,,,,,0.28082937,236.98983352,37.94067048,16.87009383,39.04791529,32.7430811,15.70538067,1.47889137,8.8776921,8.45373675,,,0.29732176,3.48774848,,,,,64.73730842,75.27882348,4.73199787,34.25294857,38.4401326,24.75672063,26.7121092,16.70389777,22.54338454,11.70927306,7.24890573,6.20289584,11.55372792,1.34125556,0.10651993,0.86757912,4.93859242,4.36025099,2.99529343,5.76141591,2.65441387,6.28403068,2.09031033,2.28673644,5.78012126,7.20340939,1.11699473,,1.77650928,2.58468823,0.33743015,3.59248259,1.10649464,0.46062312,1.16273118,3.02047597,0.07465507,0.93956012,,0.57794876,0.02587825,1.37586085,0.43332087,,,0.07969723,,0.45907708,0.22784193,,0.69978651,0.23994702,,,0.00577148,0.07168072,,,,,,9.3177701,0.01167259,2.34930883,5.23437659,0.59522926,8.21665169,0.7190595,0.87825021,0.93221726,0.24496315,0.02693757,0.04866405,0.20881596,0.83983145,0.96714575,6.61,5.90539256,0.51539843,0.2591736,0.04318624,29.81382596,20.65656568,1.11471855,13.10871272,0.435787,0.277527,0.36058,0.40152058,0.163598,0.236548,0.06341895,,0.147131,,1.1248,0.0187,,,22.84558692,13.18369464,4.97270105,5.22112722,5.81129997,4.0788158,,1.12873527,1.27651813,,0.66953287,,,,,0.17530413,0.15806028,0.28227653,,,,,,,,,,,,,,3.8909894,,0.16027478,,0.23404539,,,,,29.35400084,7.54881493,3.70594829,,,,,19.17578539,0.56288312,0.99666217,,0.505,
228,2021-12-31 00:00:00,1788.02826087,115083503.56552,3579.49707972,209686310496.83,975.34477438,490.84440267,74.42731321,85.04,40.86349008,14.90807021,7.24950424,10.06403309,9.4750011,15.58523431,,,,,45.62,10.38336913,,6.17,3.32955618,1.22405401,0.94279499,4.7291759,,0.41197145,1.35197305,0.23256039,0.62848037,,0.18345066,,219.90562912,243.09298823,95.57056844,62.2831016,63.56013678,23.91541219,7.03742436,,3.35626458,0.62757613,1.41052176,,,,,0.28080023,237.54583313,38.03553988,17.66645757,44.20427622,33.4836062,10.70994904,1.59107671,9.02592455,8.42782718,,,0.31196774,3.55561528,,,,,68.20948366,71.2507256,4.97637224,33.94485348,37.71431133,24.76655308,26.71392939,17.23977829,22.20321373,11.76738122,7.3195784,6.09779714,11.65008586,1.27910293,0.10735544,1.56729327,5.72725299,4.30149241,3.01726367,5.75362558,2.5773454,5.58574952,2.08605829,2.2376184,5.79170491,7.64078157,1.10889765,,1.78883356,2.60634216,0.34154663,3.44990379,1.09416361,0.46346915,1.16247301,3.03102279,0.17546353,0.92593517,,0.61366471,0.02621742,1.19956443,0.42835491,,,0.08318732,,0.47316059,0.23000099,,0.69502147,0.23992792,,,0.00577075,0.07167795,,,,,,9.21486896,0.0117903,2.36189039,5.23699083,0.53714551,8.23622752,0.73008369,0.88222643,0.94658084,0.23639052,0.0271906,0.04897329,0.20932173,0.83956591,0.95936154,6.39,4.7581125,0.51641974,0.25720736,0.04215536,31.98685282,24.36121482,1.38944296,14.07265571,0.510787,0.295527,0.36258,0.39818455,0.175598,0.365548,0.06864401,,0.153131,,1.1248,0.0187,,,22.83393152,13.03557369,5.38871899,5.06622468,5.92530406,4.3631071,,1.25619215,1.2998727,,0.66774299,,,,,0.17555282,0.15888998,0.28268085,,,,,,,,,,,,0.14477804,,3.88806891,,0.16017889,,0.23244094,,,,,29.49658633,7.57169518,3.81457322,,,,,17.51035342,0.55271259,1.14881813,,0.4479,
229,2022-01-31 00:00:00,1816.92380952,116578346.53353,3625.99189325,209535300065.44,1017.41547234,490.14703505,74.57038501,85.51,41.62760256,20.22340003,11.2048575,10.1569601,9.50970468,15.5828999,,,,,45.57,10.13647226,,6.16,3.33799758,1.22306042,0.94029404,2.07083752,,0.44135024,1.33947446,0.23943327,0.59202255,,0.18277591,,221.34471971,238.51252042,95.08437061,63.14876387,62.96797302,23.85175379,7.06279264,,3.34170037,0.64406226,1.43606968,,,,,0.28077071,237.92883286,40.16372161,18.31367688,48.48851584,33.59136162,10.84922223,1.71664407,8.99799368,8.35799495,,,0.35465067,3.43132672,,,,,68.95726128,71.81927665,5.09381271,33.60712603,37.61333354,24.43696867,26.15050213,16.96246146,22.35994944,11.83750421,7.30698504,6.33860443,11.568507,2.13709169,0.25162119,1.56686504,5.69610856,4.35595802,3.00771894,5.63242738,2.57369251,5.44791364,2.09209495,2.24693491,5.83003395,9.39991161,1.11506462,,1.75036732,2.63211923,0.33231039,3.44758716,1.1040933,0.45864916,1.16220885,3.01440621,0.17504851,0.92291019,,0.60042436,0.02598017,1.35558333,0.35846244,,,0.08685619,,0.48979837,0.23187402,,0.68965257,0.23978394,,0.16700276,0.00577075,0.07364139,,,,,,9.19668433,0.01151363,2.33616087,5.17469734,0.5321244,8.09772577,0.72703946,0.8945256,0.95392323,0.23560851,0.02355851,0.04424949,0.20769725,0.83844162,0.85107844,6.12,4.84555525,0.51052223,0.2580686,0.04289514,29.22460035,21.4180572,1.16005396,11.26228178,0.43599378,0.29124004,0.3542896,0.37963241,0.15551601,0.2437676,0.07116717,,0.14793257,,1.08798076,0.0180418,,,22.82745032,12.86142394,4.64328712,4.99636311,5.91064902,4.41178972,,1.27319921,1.28796406,,0.67430166,,,,,0.17339162,0.15882305,0.27936245,,,,,,,,,,,,0.14557519,,3.88790801,,0.15968385,,0.22453947,,,,,29.99375981,7.72915863,3.71115095,,,,,17.65646271,0.56353783,1.07275298,,0.415,
230,2022-02-28 00:00:00,1856.295,117861699.59678,3665.90863544,225289342716.75,1028.72820279,498.15735866,74.37601762,87.69,42.93498299,20.47104838,11.35788684,10.15192499,9.55824577,15.98197723,,,,,45.57,10.14019725,,6.15,3.32927733,1.25888826,0.94539814,1.33797146,,0.45460683,1.32637781,0.25135668,0.57956178,,0.18233606,,229.62887901,240.95677062,94.5713112,60.89444659,62.362646,23.55653412,7.08749356,,5.85227456,0.69765513,1.51200522,,,,,0.28074477,239.08283205,46.77816497,18.73697967,51.85535134,33.42188239,11.17805554,4.8394865,9.02599366,8.21907969,,,0.38370178,0.95354334,,,,,70.0465915,71.56060943,5.39893119,32.99906826,37.457553,24.5854642,26.52235164,16.99800079,22.37144418,11.29603166,7.36741866,6.42937096,11.01907905,2.2650321,0.25424936,1.56650551,5.81231616,4.36431964,3.0332418,5.5668828,2.50182795,5.51977215,2.09790683,2.24548911,5.80424165,9.41157642,1.47109828,,1.73895136,2.41954041,0.33122218,3.44656847,1.1041551,0.46086465,1.16200804,3.08469376,0.17478693,0.90482055,,0.60672845,0.02441017,0.92766989,0.35712837,,,0.0880348,,0.48526391,0.23948138,,0.61385236,0.2397273,,0.16610805,0.00577075,0.07299908,,,,,,9.17070912,0.01162671,2.45671622,5.11939467,0.52070723,8.14530003,0.72454383,0.91652355,0.95070521,0.2251352,0.02377522,0.04409044,0.4768,0.81852492,0.8624012,6.13,7.31639567,0.50573935,0.24175119,0.02116556,26.45981491,18.94695539,1.16230968,9.6780017,0.40315346,0.2820229,0.35627496,0.37775986,0.15303335,0.2265621,0.07669738,,0.19503606,,1.08798076,0.0180418,,,22.7134182,12.86956535,4.24464732,4.94012377,5.85152454,4.40162412,,1.29935805,1.27197773,,0.66691064,,,,,0.17233768,0.15857554,0.2758691,,,,,,,,,,,,0.20185169,,3.88623406,,0.16073861,,0.21923566,,,,,29.95360297,7.83225505,3.8930532,,,,,17.44276658,0.56150305,0.89240408,,0.4628,
231,2022-03-31 00:00:00,1947.82826087,123825882.37589,3851.41545596,240645357739.63,1091.07868944,516.46774263,83.63906914,93.8,44.53972711,21.23143839,11.17074846,10.75344955,10.64339966,16.76626257,,,,,45.32,10.30769028,,6.15,3.3310295,1.39751751,0.97307946,0.89703218,,0.3857808,1.31390803,0.25779428,0.57956178,,0.18181337,,274.60687025,276.3049681,93.93991157,51.11879589,63.3661492,22.29229925,7.66328875,,5.86776414,1.08833678,1.54498569,,,,,0.28071683,240.90783076,63.57888343,19.13596747,38.74437258,32.9022103,10.31824126,4.8713195,9.14399358,8.28172609,,,0.41873785,0.9851275,,,,,77.63786217,71.48959356,5.11757019,32.87181308,38.41703377,24.31638921,27.45968,16.10897932,22.41617489,11.79775061,7.27388808,6.77020906,10.74310452,2.14920917,0.2526903,1.56607043,6.07562101,4.37259199,3.03126287,5.42778307,2.62325232,5.54816072,2.10832391,2.17707522,5.28653775,8.01148946,1.37712739,,1.71017778,2.61192365,0.3406764,2.54590001,1.10718784,0.4562052,1.16174685,3.09234188,0.17499431,0.89802383,,0.64127837,0.02554708,0.61850444,0.35696394,,,0.09250087,,0.47590265,0.23777268,,0.60380142,0.23974412,,0.16416098,0.00577075,0.07111128,,,,,,9.18074252,0.01155802,1.72513272,5.15105093,0.51934358,8.07043048,0.72185642,0.92514935,0.91755136,0.21908481,0.02361864,0.03340078,0.33050097,0.81781909,0.85363417,6.47,8.20792269,0.51593127,0.24591935,0.0244987,29.47777175,16.44205649,1.58703219,10.28687911,0.41762034,0.26109629,0.37685551,0.36684802,0.12863567,0.18079089,0.10039489,,0.16534427,0.46161376,1.08798076,0.0180418,0.14435977,0.32627885,22.70311105,12.93253508,4.73960011,4.83879251,5.796464,4.35918887,,1.23865976,1.2517566,,0.66993289,,,,,0.17136666,0.17171818,0.27360041,,,,,,,,,,,,0.31436636,,3.74040881,,0.15967879,,0.20801078,,,,,30.54386546,8.04986003,4.14408557,,,,,17.76699393,0.57728062,0.89672197,,0.465,
232,2022-04-29 00:00:00,1936.6952381,124901058.7823,3884.85718034,238923210270.46,1094.20947463,520.20497525,87.71045542,97.05,45.57769848,20.45313566,11.89512298,11.01231345,10.82879034,17.11859495,,,,,45.17,10.13138546,,6.15,3.45055345,1.42658651,1.00579952,0.94035576,,0.35100712,1.31390803,0.26922742,0.57956178,,0.18086005,,286.16906528,277.07135935,94.35833578,51.94887621,63.53548681,21.52040803,7.6330679,,5.95168942,1.05452406,1.55538648,,,,,0.05402628,244.19482845,63.84903973,19.34166684,39.28252305,32.96806877,10.05395843,4.73960973,9.1039936,8.2565874,,,0.4272693,0.94234698,,,,,83.161966,70.89097314,5.54831347,31.30071281,38.16632402,23.06284072,26.18693719,15.51056651,22.4961353,11.8559023,6.94327551,7.22432072,10.39747747,4.26218365,0.2392486,1.5657223,5.93894225,4.39013378,3.02306884,5.10502944,2.52938492,5.2998933,2.08995706,2.16892763,5.47454308,8.05178582,1.46233371,,1.617531,2.6251777,0.32595119,1.94923583,1.10179782,0.43735153,1.16151868,2.92173511,0.1745147,0.90227845,,0.6071606,0.02450898,0.45133142,0.37894997,,,0.09846879,,0.4818964,0.25026444,,0.57510431,0.23970816,,0.15615205,0.00577075,0.07093425,,,,,,9.11460592,0.01094578,1.72466199,4.91707188,0.49373372,7.67987885,0.69057839,0.87585962,0.87785621,0.20577799,0.02235291,0.03187538,0.32162879,0.82113276,0.83264234,6.59,9.85882573,0.40926394,0.24812932,0.02438306,27.32625731,15.82379475,1.5082989,10.10319167,0.39075766,0.26676865,0.34156793,0.35504427,0.19363036,0.17783068,0.11644035,0.103,0.16520922,0.228,1.0285,0.0175,0.06,0.314,22.91880071,12.96009754,6.51960242,4.86039588,5.86496818,4.44127954,,1.2700893,1.28450448,,0.66866588,,,,,0.17039896,0.16722641,0.2733701,,,,,,,,,,,,0.41632735,,3.74113096,,0.15289832,,0.21030868,,,,,31.0112718,8.09729393,4.03113351,,,,,17.56780918,0.64965143,0.93279364,,0.43,
233,2022-05-31 00:00:00,1851.16590909,123307814.37021,3835.30173978,227017086166.63,1068.00226739,518.84670767,87.1465457,97.3,44.67618349,18.24502848,9.42192432,11.05324053,10.72791998,16.86916947,,,,,45.17,10.3710804,,6.15,3.72987795,1.45505163,0.88066149,0.4871677,,0.36833252,1.30143301,0.27028375,0.57956178,,0.18199645,,276.62866737,270.74155075,93.07458723,51.59205263,63.0958563,21.72104982,10.75483018,,6.04960796,1.10480845,1.54560364,,,,,0.05402129,244.03882856,62.86673293,19.14847681,38.41425366,34.00593677,11.22723612,5.32436207,8.71599388,8.07753249,,,0.44472948,1.06230477,,,,,81.18521481,70.84208085,5.59832776,30.9938593,37.64811381,23.28742155,26.44395283,15.25350904,22.4688473,12.30944072,7.04979492,8.61003037,10.61271519,4.97533833,0.24199425,1.56523548,6.14512289,4.3772168,3.03027149,5.23907271,2.52116287,5.38008765,2.06987624,2.15560779,5.08896862,7.79117819,1.46086705,,1.63612915,2.63127429,0.32682925,1.6682574,1.07396261,0.43742413,1.16122353,2.98058899,0.17492377,0.91420692,,0.61413356,0.02449337,0.47939868,0.3785926,,,0.09708186,,0.47375059,0.24772015,,0.63989106,0.23953077,,0.15861538,0.00548163,0.07146644,,,,,,9.06563076,0.01101699,1.7624796,4.97329065,0.50086646,7.77143297,0.68758306,0.89356413,0.88573675,0.20233246,0.02248296,0.03061812,0.31971268,0.81408254,0.8377851,6.26,10.22796398,0.40554811,0.24713507,0.02348542,25.78564197,15.69876594,1.42927016,10.1693517,0.36389364,0.24887600000000001,0.33999294,0.32800064,0.15503162,0.18052276,0.09740133,0.06956243,0.16507746,0.14761376,1.02852525,0.01753662,0.03635977,0.31427885,23.13045887,13.0424613,6.5624461,4.92092549,5.94916007,4.51493756,,1.31798919,1.2811577,,0.6725811,,,,,0.17042135,0.1681459,0.27325096,,,,,,,,,,,,0.46673755,,3.73990442,,0.15113331,,0.21648913,,,,,31.38923817,8.07897356,4.20212718,,,,,16.8979898,0.59517172,0.96284689,,0.375,
234,2022-06-30 00:00:00,1834.83181818,122279436.13883,3803.31560135,222418093364.1,1049.96154945,510.05426843,87.20112546,97.8565519,44.43137819,17.73115061,10.22358272,11.23449193,10.86958717,17.0517425,0.04164648,,,,45.16851731,9.77749433,,6.14937824,3.73153717,1.43128463,0.84783934,0.48709551,,0.36784081,1.30143301,0.27048932,0.56713252,,0.18117604,,284.21670296,264.73236902,93.10420245,52.89691434,63.05775431,20.9674987,11.10696254,,5.9843572,1.14171037,1.4593018,,,,,0.05401597,242.52482963,62.7898154,19.37560461,38.37916114,32.46763093,11.13289004,5.03150861,8.69199389,8.17812599,,,0.46530527,0.84712365,,,,,79.48328659,71.03521563,5.76343915,30.29543857,37.18808371,23.36557316,26.36802122,14.78998565,22.18296882,12.12776769,6.62702077,8.9900505,10.586467,4.92349036,0.24265745,1.56483012,6.12210093,4.44008156,3.03323879,4.04170474,2.44377124,5.36815128,2.06896938,2.19179371,5.11264829,7.6745304,1.4237073,0.06557186,1.64065739,2.62069405,0.31516809,1.63819633,1.07026841,0.43995534,1.16095396,3.00058715,0.17508998,0.91618706,0.06636143,0.61581135,0.023924,0.4852697,0.37890574,,,0.0951359,,0.47936158,0.24732468,,0.62260516,0.23948136,,0.1548051,0.00549369,0.07626651,,,,,,8.9393823,0.01102871,1.60498733,4.88028067,0.48808767,7.57557427,0.56608259,0.89622452,0.84786811,0.19797012,0.02249233,0.02975791,0.02680685,0.82103627,0.85511315,6.05958393,10.33904731,0.40431644,0.24187329,0.02374519,25.43933045,16.0164703,1.84474076,10.15948633,0.36369271,0.2634456,0.3698244,0.34021076,0.13756083,0.17484373,0.10013311,0.05456243,0.16204011,0.10161376,1.02852525,0.01753662,0.13235977,0.31427885,23.55449221,12.98878901,6.43069445,5.0817277,6.09185498,4.58607771,,1.34723159,1.27080789,,0.6695036,,,,,0.1692674,0.16874905,0.27484726,,,,,,,,,,,,0.52370603,,3.7387222,,0.15023772,,0.21386051,,,,,31.76939365,8.09147745,4.13261294,,,,,16.61361913,0.5883749,1.13449752,,0.34,
235,2022-07-29 00:00:00,1736.37142857,119614709.58161,3720.43334078,210093806795.39,1005.55785659,501.00333912,91.70349599,97.85,43.35200783,18.75574418,10.24363046,11.05544114,10.83746556,16.60228341,0.49970448,,,,45.13,9.81476046,,6.06,3.72250344,1.48586996,0.8370967,0.48702467,,0.38143179,1.30143301,0.27610926,0.56713252,,0.18296686,,250.73285155,268.89202239,90.05858789,51.79904975,62.19497975,21.32826939,11.32934474,0.04841261,5.83349787,1.08885371,1.4467616,,,,,0.05400978,241.18583057,61.97132546,19.75208837,37.23086329,32.16439412,11.22705627,5.3493061,8.6859939,7.66367033,0.05375576,,0.48210815,0.87122995,,,,,77.60613357,70.25356329,5.42600507,30.41022969,36.84876824,23.02403967,26.57195511,14.70062351,21.96727607,12.67715378,6.41250326,8.32453654,11.33068296,5.03023435,0.2422644,1.56441761,6.17901716,4.48163582,3.04136444,4.1313852,2.45613516,5.43553834,2.0598752,2.17231195,5.09431933,7.65542171,1.20695823,0.11486634,1.63804099,2.61718958,0.31469715,1.62134013,1.09719936,0.43935142,1.16069682,2.97382002,0.17555832,0.91353735,0.11514094,0.61481501,0.02406732,0.54127713,0.35707781,,,0.09498357,,0.47715188,0.2445859,,0.60405279,0.23947584,,0.15020616,0.00548417,0.0760515,,,,,,9.00535589,0.01099577,1.60466551,4.72798231,0.47269426,7.49799189,0.56413394,0.88726153,0.84903516,0.19301753,0.02201294,0.02915044,0.02682129,0.81690087,0.85581374,5.65,10.56002239,0.4087552,0.23534503,0.02386226,29.37328015,19.46449398,1.89005573,11.85001738,0.40763459,0.26033376,0.39933955,0.33735433,0.13162151,0.17193101,0.10004863,0.05456243,0.17078051,0.09661376,1.0036087,0.01730835,0.12935977,0.13427885,23.54594684,12.74963235,5.82232441,5.08392022,6.08230202,4.58444128,,1.34432826,1.26668828,,0.66509241,,,,,0.16923749,0.16737707,0.2737945,,,,,,,,,,,,0.53371767,,3.7369815,,0.14894213,,0.21512877,,,,,31.4054707,7.96688958,4.13485012,,,,,16.18178371,0.58353326,0.94493938,,0.325,
236,2022-08-31 00:00:00,1765.02826087,117758889.73203,3662.7108912,202461798881.85,973.02627986,495.838706,91.6333386,98.02,42.89817292,18.87884244,9.32188908,11.0205968,10.36227313,15.78273141,0.5829124,,,0.21765727,45.13,8.91398092,,6.05,3.85354676,1.45064133,0.83290365,0.50555521,,0.33080348,1.2889343,0.27605256,0.56713252,,0.18142146,,250.53524259,268.05028122,89.74106753,51.48851672,61.97337384,20.5053953,9.39029172,0.04617287,6.05809282,1.07948768,1.41548893,,,,,0.05400466,240.8538308,61.56530888,19.8754173,37.86319126,31.62354488,11.51420511,5.19347743,8.64799392,7.44993434,0.05284129,,0.48090191,0.6257467,,,,,76.83555201,70.18426265,5.47526688,30.28414242,36.80176278,22.36439785,25.88998646,14.83156755,21.80536275,12.67505923,6.33960022,8.22118238,11.06932189,5.02615073,0.23558305,1.56397432,5.45925745,4.45969368,3.03931215,3.84606989,2.4403876,5.29895663,2.06547623,2.15670591,5.1038603,7.16527381,1.25816908,0.11549486,1.59291148,2.29231699,0.30018417,1.61907019,1.08080095,0.43295028,1.1603995,2.898138,0.17543383,0.88611918,0.11290633,0.59787176,0.02357005,0.57901372,0.35656921,,,0.09196471,,0.48756127,0.24075947,,0.5924586,0.23945272,,0.14770861,0.00533702,0.07410128,,,,,,8.80990255,0.01069707,1.60855675,4.64662632,0.46458994,7.20276149,0.54320168,0.86325118,0.81859116,0.1942993,0.02140017,0.02820227,0.0267549,0.81959084,0.83667247,5.65,10.90589151,0.40927745,0.23585966,0.02371137,25.53881978,17.50707492,1.88342749,10.06290519,0.35138445,0.27773173,0.40368956,0.33313567,0.15777339,0.17426347,0.10226637,0.06656243,0.1676974,0.12761376,1.0036087,0.01730835,0.12335977,0.04127885,23.73544882,12.72174521,5.78643594,5.04751111,6.0061142,4.5708238,,1.34637673,1.34724673,,0.65562483,,,,,0.16918874,0.16861003,0.27564656,,,,,,,,,,,,0.54896359,,3.73513305,,0.14542728,,0.21477523,,,,,31.93654983,7.97171602,3.86294465,,,,,16.41804063,1.27162556,0.94259142,,0.325,
237,2022-09-30 00:00:00,1682.13409091,114443219.66422,3559.58202427,191679141003.53,939.39215628,478.84793314,86.31413043,98.01806593,41.90854459,18.69128528,7.44650444,11.08057011,10.24851709,15.47221172,0.7701792,,,0.21758759,44.93202033,8.2712466,,5.92905424,3.83932833,1.35879968,0.82027027,0.46826663,,0.31998877,1.27643558,0.26891767,0.56713252,,0.14468684,,248.84385568,257.55457622,87.34912316,49.98518026,60.35233606,18.90623835,9.4234911,0.14446767,5.33533198,1.12392104,1.42006456,,,,,0.05400014,237.39483323,57.43315453,19.98238091,37.16584701,28.15080153,10.87962258,5.12484977,8.58099397,7.35126743,0.06886748,,0.50287864,0.59787385,,,,,74.69759686,69.66112338,5.54021324,29.97723974,36.19966539,22.02064051,24.43908071,14.47179144,21.05143366,11.91844484,6.18737468,7.80780656,10.89321043,4.99497557,0.23285699,1.56356299,5.25229542,4.3860414,3.0080665,3.22199907,2.39208853,5.26667065,2.0624981,2.1247298,4.85723949,7.11617036,1.29121058,0.24700916,1.57428543,2.28223647,0.28682196,1.61364112,1.05271599,0.44110879,1.16014154,2.81721906,0.17362484,0.87690576,0.24636231,0.59095043,0.02335007,0.60958945,0.355714,,,0.07256641,,0.50597203,0.23532945,,0.574841,0.23926467,0.03224664,0.1435495,0.00527387,0.07274111,,,,,,8.71902038,0.01050971,1.73345951,4.51861673,0.45135624,7.08244613,0.52862329,0.84602387,0.78286693,0.19072334,0.02101172,0.02772638,0.01624246,0.81026385,0.83116751,5.61243726,11.27194277,0.40893798,0.23491382,0.02401553,25.07059912,17.4954529,1.83052087,10.23932923,0.37172645,0.27749275,0.4326674,0.28600758,0.1488145,0.19487895,0.12075623,0.04856243,0.16167713,0.12161376,1.0036087,0.01730835,0.12335977,0.03527885,23.72832987,12.71511941,6.21140178,5.04072553,6.04891922,4.51007653,,1.34481887,1.41307517,,0.64427915,,,,,0.17008812,0.16599636,0.2737149,,,,,,,,,,,,0.51114617,,3.70598144,,0.14046499,,0.21432942,,,,,31.68359145,7.84583117,3.57090133,,,,,16.1291458,0.90931124,0.97853761,,0.325,
238,2022-10-31 00:00:00,1664.4452381,112553532.0182,3500.80616847,184831435413.4,920.25165762,458.14231986,89.08592725,98.0172934,41.33623977,18.75230133,7.2693987,10.057109,10.07077307,15.6394259,0.77007958,,,0.21751369,44.68284035,8.16936651,,5.92731254,3.18648895,1.36379319,0.81002184,0.41858562,,0.20787142,1.27643558,0.27597893,0.54238345,,0.14497446,,245.35525236,253.22042591,84.42794344,48.0566175,59.69292346,19.08783744,9.85252062,0.14852622,5.46345929,1.12282052,1.39853041,,,,,0.05399366,236.08183415,57.10632513,19.99100175,37.05860081,28.27952512,10.88821649,5.1086191,8.57999397,6.99562548,0.06931141,,0.55572311,0.62714098,,,,,74.99447964,71.10389413,5.82037027,29.70113316,36.24741113,21.62369593,23.86349012,14.46169341,20.89022414,11.97638519,6.22587781,7.53157748,10.68508441,5.0537931,0.22797084,1.5631594,5.128279,4.36720672,3.02850948,3.21361691,2.36568604,5.1548999,2.07566879,2.1049406,4.84829875,7.09952513,1.28664779,0.31974814,1.54127444,2.28116144,0.29496173,0.86421741,1.05366643,0.4333481,1.15988072,2.74403222,0.17479926,0.86902526,0.30829521,0.57854402,0.02321261,0.70060401,0.35525067,,,0.07228645,,0.48409231,0.23140417,,0.57804986,0.23930131,0.03906826,0.14456152,0.00516158,0.07332033,,,,,,8.64824676,0.01038325,1.55669201,4.55121482,0.45464686,6.93468164,0.54434329,0.85047153,0.83276969,0.18958129,0.02074463,0.02720833,0.01639622,0.80167911,0.819202,6.02278044,12.31617217,0.41093769,0.23880562,0.02465541,21.42076768,16.71669742,1.82366494,9.06621298,0.33024083,0.28015158,0.37391582,0.28285865,0.13700507,0.2036617,0.11795552,0.04856243,0.15565288,0.11961376,0.98162644,0.01692617,0.12635977,0.09827885,23.91710782,12.90753426,6.56832776,5.05602203,5.98604827,4.51904588,,1.36744266,1.55231374,,0.63852646,,,,,0.17004501,0.16764074,0.28101283,,,,,,,,,,,,0.51830367,,3.70490491,,0.13642714,,0.21406157,,,,,31.13476774,7.79882597,4.25677531,,,,,16.07320668,0.82333863,1.06607707,,0.325,
239,2022-11-30 00:00:00,1726.44772727,111721523.40605,3474.92780793,196254090367.52,907.80317947,450.99726468,88.15260293,98.0172934,40.73448964,19.10855887,7.43809625,10.13049906,9.79770859,15.3136704,0.76999331,,,0.21746004,44.37180803,8.67607671,,5.90125713,3.19003821,1.37702657,0.79794567,0.41853023,,0.22069526,1.26392691,0.28259234,0.54237918,,0.14687972,,246.63853737,250.61116885,82.31871882,46.80424932,59.15187728,19.84799236,9.37475996,0.17017478,5.45034232,1.12402058,1.39829436,,,,,0.053989,232.15583691,57.29089977,20.14888564,36.98924098,28.86953194,11.30758605,5.22882526,8.54899399,6.74474504,0.08735953,,0.57260392,0.63379414,,,,,75.30019082,71.18843606,6.05648248,29.81583363,35.9134738,22.55420362,24.3539079,15.17019531,20.53137149,11.95050742,6.38387748,7.77565847,11.18977598,5.0771304,0.26626687,1.56287565,5.37266788,4.36660389,3.02197425,3.29191198,2.32349268,5.45731369,2.06757927,2.04855462,4.81701824,6.69500785,1.39597583,0.4195462,1.61220522,2.26665589,0.30655807,0.86153172,1.0422407,0.44671404,1.15964794,2.89207151,0.17442354,0.85730211,0.42994844,0.6051949,0.02407021,1.11062028,0.38712148,,,0.06667213,,0.48081753,0.2295763,,0.60109691,0.2392848,0.04498233,0.1503395,0.00539961,0.07312253,,,,,,8.55358915,0.01080741,1.48856788,4.67865948,0.45132821,7.13165153,0.55712775,0.86421121,0.88404968,0.18438588,0.0215781,0.02810025,0.01628343,0.77791081,0.84796095,5.56505679,13.11518762,0.406972,0.23557987,0.02464926,22.44601342,14.86575034,2.01352786,8.04442082,0.31832326,0.27996359,0.32201227,0.28553544,0.14287154,0.15626062,0.11782844,0.07556243,0.14967158,0.11261376,0.98162644,0.01692617,0.12335977,0.08327885,24.77329717,12.62809451,6.42081225,4.98047576,5.9061712,4.52138633,,1.35747712,1.53019374,,0.63473284,,,,,0.16902734,0.16477199,0.2676364,,,,,,,,,,,,0.54830401,,3.67273403,,0.13990617,,0.21960757,,,,,30.50299448,7.73220404,4.67190147,,,,,16.160011,0.44181198,1.16722045,,0.31,
240,2022-12-30 00:00:00,1797.54090909,111576645.65256,3470.42160609,202596967848.22,917.34029015,448.72474595,88.39226588,97.98000062,41.92293533,19.26284559,7.49871728,10.25089487,9.79690945,15.31152931,0.7698975,,,0.21739912,44.3561009,9.04104625,,5.89134696,2.78890332,1.35415901,0.77282654,0.40639005,,0.23225228,1.23783782,0.16464961,0.52983988,,0.1464176,,233.1533609,251.9284516,81.30670732,46.02441018,58.39584874,19.68212255,9.12228153,0.19322877,5.44251938,1.06452946,1.38532056,,,,,0.053989,231.0328377,57.80276965,20.48224089,36.64694542,30.24808405,11.56445838,9.4556454,8.50899402,6.60122748,0.09016416,,0.58754997,0.58453067,,,,,71.52482477,71.14959723,5.89463701,29.68960832,35.53315006,23.44153433,24.5279665,15.19090819,20.25362094,11.45773071,6.63299186,8.06184197,11.39386076,5.18685893,0.27358154,1.56245223,4.45474674,4.33558766,3.023878,3.42866066,2.30999971,5.54119349,2.06760935,2.04158667,4.85801228,5.11872595,1.36489062,0.58558874,1.65660479,2.28728929,0.2937247,0.85535205,1.04592651,0.45464656,1.15938645,2.9881801,0.17452494,0.85784036,0.30016184,0.62179958,0.0246341,1.58396611,0.38841135,,,0.06654533,,0.47048276,0.23449312,,0.62564248,0.23923771,0.04763134,0.11972389,0.00554606,0.07276019,,,,,,8.46014568,0.01110921,1.3195934,4.81367747,0.45948294,7.26042109,0.555229,0.83671945,0.84486166,0.18287784,0.0221656,0.02909194,0.00834071,0.77608782,0.87119562,6.42880337,13.57726013,0.40191421,0.23814431,0.02470505,23.57323987,14.61923,2.06171969,8.04119397,0.33282239,0.28560228,0.33521454,0.25301518,0.12511644,0.14426903,0.1070508,0.03356243,0.1524745,0.10361376,0.98162644,0.01692617,0.12335977,0.13427885,25.2288408,12.66875433,5.87029334,4.99602505,5.90758303,4.5441344,,1.34922376,1.46687568,,0.62768398,,,,,0.16893086,0.15842566,0.27438923,,,,,,,,,,,,0.58055853,,3.67207902,,0.14314824,,0.21869965,,,,,29.8547582,7.63,5.1926281,,,0.03129123,,16.19466965,0.43837788,1.16951698,,0.26,
241,2023-01-31 00:00:00,1894.70681818,110728193.54911,3444.0317958,213302551265.66,916.75575212,451.66795369,94.74467582,97.51469628,41.13977768,19.47917354,7.74753187,10.61506258,9.83223029,15.43246231,0.81141613,,,0.21734927,44.35507449,9.26292126,,5.88960511,3.0528427,1.36729251,0.77737151,0.41220554,,0.24124118,1.21276988,0.17073123,0.34679481,,0.14579834,,228.91666459,237.93673267,80.48310849,44.54152382,57.72513638,20.08286359,9.09961079,0.2190303,5.71271911,1.07003575,1.38307291,,,,,,230.20783828,54.84076543,20.42992562,36.3467969,28.15205559,11.60601007,9.60866278,8.45899406,6.68927645,0.0882932,,0.59800771,0.59433087,,,,,69.88990871,70.44444722,5.94212499,28.75264951,35.14051049,23.1781662,23.04075831,15.80022346,19.96069688,11.372006,6.8113253,8.21500747,11.38421992,5.13120874,0.27365288,1.56209488,4.47675159,4.27742889,3.03809236,3.41629084,2.30685332,5.48922982,2.07183946,2.01261595,3.71144472,4.4964967,1.37256883,0.58747362,1.65709686,2.28225734,0.29841894,0.82806803,1.06255549,0.44811608,1.1591465,2.96082239,0.17534025,0.85693449,0.30131019,0.62197205,0.02370519,1.85188442,0.38622745,,,0.06556643,,0.47076492,0.22588134,,0.62628634,0.23910828,0.0477555,0.10938096,0.00554606,0.06289518,,,,,,8.39756689,0.01109162,1.25277219,4.84421995,0.45548478,7.21342314,0.56590415,0.83797704,0.86115777,0.18114999,0.02211528,0.02934339,0.00843912,0.76052487,0.85780734,6.67904637,13.60518196,0.39956423,0.2351156,0.02436931,21.15122057,13.96004093,2.24486508,7.86350135,0.34138342,0.26190851,0.26348672,0.24449292,0.11947139,0.13264008,0.11243516,0.03956243,0.15817404,0.09261376,0.95965309,0.01675726,0.08135977,0.08327885,25.21911664,12.68666613,5.48145083,4.98503388,5.89490308,4.34490107,,1.36142686,1.36698265,,0.65082028,,,,,0.16885448,0.15736702,0.2754896,,,,,,,,,,,,0.62959021,,3.67218598,,0.14568368,,0.21640851,,,,,29.41645808,7.61285583,5.14049342,,,0.04664325,,16.87513546,0.44338856,2.72352674,,0.24,
242,2023-02-28 00:00:00,1854.54,109629930.8506,3409.87200747,200377721436.24,915.01711654,444.47236513,95.97188114,97.4648689,41.19397922,16.30941642,7.78654897,10.79387469,9.74622884,15.49195377,1.70585165,,,0.21726408,44.30527822,9.13952856,,5.87557377,3.04665033,1.23335433,0.75107342,0.39980906,,0.241742,1.21276032,0.17042459,0.5173957,,0.14563096,,227.18580841,230.11525782,79.05948242,44.13572444,56.97462801,19.60447709,8.99902373,0.21463291,5.61865897,1.00465747,1.38159777,,,,,,230.00383842,53.06231914,20.39461637,36.30877913,26.54256835,11.13804764,9.35884268,8.41999409,6.47504972,0.08594436,,0.59707629,0.5618233,,,,,68.41609768,70.09574969,6.07368514,27.75615728,34.89330739,22.28136953,22.18822804,15.72101249,19.74168355,11.33446083,6.68896701,7.90750001,11.2093151,5.05520993,0.26686019,1.56170444,4.33108362,4.26760976,3.01529115,3.24906039,2.3019914,5.2380188,2.04025784,2.01935649,3.30525308,4.50067957,1.28242604,0.66711803,1.61594801,2.26252036,0.27219395,0.82898283,1.04857021,0.4416571,1.15888493,2.89481333,0.17302728,0.85320369,0.2962936,0.60653195,0.02329232,1.75423166,0.35599145,,,0.06688066,,0.47884592,0.22689054,,0.60987242,0.23899526,0.04758387,0.10652387,0.00554606,0.06205473,,,,,,8.32187619,0.01079345,1.27594828,4.61916223,0.42950857,6.97628175,0.53711525,0.80658512,0.83829529,0.17934872,0.02122252,0.02848484,0.00843813,0.76150605,0.83909376,6.47818914,13.72129042,0.39931342,0.20792023,0.02406114,20.52169303,13.61539722,2.27874987,8.13243198,0.35000831,0.2617735,0.31354765,0.23818837,0.12222928,0.12356634,0.09096727,0.03356243,0.14932084,0.09261376,0.95965309,0.01675726,0.04535977,0.07127885,25.4927441,12.8115733,5.54263151,4.95682596,5.91964956,4.34878592,,1.36442906,1.35585636,,0.94537998,,,,,0.17023223,0.16296241,0.27758009,,,,,,,,,,,,0.68410176,,3.52913017,,0.14140209,,0.21185736,,,,,29.51207452,7.62548165,4.8835505,,,0.04667158,,16.94378074,0.40984652,4.11171717,,0.23,
243,2023-03-31 00:00:00,1912.73043478,110661403.22289,3441.95438444,219436622309.16,927.72661769,444.26425667,95.6553484,97.64532985,41.9027871,15.14359736,8.03526594,10.83883972,9.51814879,15.2125947,1.78884662,,,0.21723258,44.30527822,8.91859682,,5.87372346,3.04712421,1.24345465,0.70748966,0.39354531,,0.25512817,1.21276032,0.17056055,0.5173957,,0.13267297,,244.82147362,233.59719399,78.20995864,41.35045175,55.17590554,21.70127721,9.0802796,0.19978025,5.61194688,1.03798541,1.36257152,,,,,,228.19883969,50.47993759,20.27593419,35.82147686,28.5747938,11.49856101,10.16947851,8.35799413,6.49677269,0.08782313,,0.59622994,0.61278563,,,,,69.00466717,69.61442195,6.78816577,27.48012361,34.88422166,22.51700764,22.41997507,15.96101533,19.575634,11.26078619,6.65490567,8.04466281,11.34939912,5.03088564,0.28191546,1.56133892,4.41371344,4.29724815,3.01749271,2.66341285,2.34254098,5.0666797,2.04211568,2.08393451,3.30717485,4.44972809,1.22814506,0.66457713,1.64976489,2.26110021,0.27719283,0.79938622,1.04478868,0.4329949,1.15863868,2.88371367,0.18311051,0.8442227,0.30415241,0.61921465,0.02336257,1.81104656,0.35561469,,0.35900108,0.06395765,,0.45396025,0.22146565,,0.61709427,0.23896746,0.04808379,0.10887317,0.00554606,0.05850241,,,,,,8.16432879,0.00337552,1.17472696,4.67399944,0.43858479,7.06513676,0.48499962,0.82257046,0.87831948,0.17590268,0.02153182,0.02878695,0.00664584,0.74584761,0.80739768,8.39782368,13.27833457,0.40251424,0.20207756,0.02438671,22.83266129,13.8242853,2.49921801,8.50834614,0.37609929,0.26150666,0.33937663,0.21972401,0.11295487,0.12308226,0.11952991,0.09356243,0.15206836,0.09261376,0.95965309,0.01675726,0,0.06827885,26.12324246,12.67864643,4.89999567,5.01100307,6.04188,4.42474385,,1.35415998,1.26673812,,0.98907378,,,,,0.17162252,0.16064446,0.27608737,,,,,,,,,,,,0.72601598,,3.58453093,,0.14212566,,0.21328278,,,,,28.85437473,7.50680958,4.84404931,,,0.04660777,,15.97623839,0.41018128,4.74562888,,0.234,
244,2023-04-28 00:00:00,2000.565,111159426.94399,3457.44465368,220749487872.48,925.9980478,453.08166413,98.24063142,98.38219651,43.3266513,16.18336229,10.05414886,11.17272561,9.69258571,15.27215146,1.6222427,,,0.21716974,44.25551305,8.79982175,,5.8721535,3.04590855,1.24982148,0.61070462,0.4430655,,0.26021007,1.21276988,0.17674456,0.50485391,,0.13369718,,245.99588774,236.60586334,77.18071526,41.04287748,54.63060439,22.18949441,9.29555066,0.20957629,5.47606364,1.05506796,1.34858329,,,,,,228.14283973,50.58071945,20.31848006,35.88720217,24.10492544,11.21054649,10.57403856,8.30699416,6.30458241,0.08891416,,0.59835258,0.50398912,,,,,71.94154024,70.25752877,7.66491597,26.69428694,34.50806454,22.63937677,22.76179336,15.61512977,19.44373022,11.13947986,6.66165638,8.01209998,11.51280285,5.06993496,0.2972851,1.56094882,4.36170759,4.26933942,3.02792546,2.65427443,2.29426268,5.11328058,2.03538074,2.06513388,3.32523551,4.42936854,1.28856341,0.7562923,1.68315518,2.27174535,0.26600497,0.78866701,1.02344456,0.43660195,1.15248614,2.52331491,0.18373886,0.83532214,0.31454588,0.63172949,0.02300423,1.1482099,0.35616277,,0.35892899,0.06316788,,0.4487327,0.22071192,,0.60177379,0.23893771,0.04864187,0.11025838,0.00554606,0.05887673,,,,,,8.08513115,0.00305241,1.11844183,4.66914041,0.44411742,7.16484382,0.49320618,0.839201,0.89323057,0.17494382,0.02196992,0.02914827,0.00663629,0.69206856,0.79322377,7.49426173,12.92947941,0.39922694,0.20150275,0.0245277,22.73759204,13.53337085,2.60145384,8.42051614,0.36703177,0.25253466,0.33707492,0.16164921,0.10422191,0.10254034,0.11160969,0.09356243,0.14318263,0.09261376,0.91574945,0.01632347,,0.07727885,26.41197426,13.0575813,4.83377297,4.99649268,6.05129435,4.4374039,,1.33994664,1.27177279,0.024,1.02259056,,0.00881984,,,0.17705926,0.15962785,0.27828778,,,,,,,,,,,,0.80188263,,3.611813,,0.14067001,,0.20835839,,,,,28.83806507,7.44640417,4.73847154,,,0.06219111,,15.89894045,0.41668069,5.79513372,,0.214,
245,2023-05-31 00:00:00,1988.51086957,111785063.77373,3476.90413428,219950641902.31,939.24403979,455.366118,101.44138803,98.8662561,44.45136821,15.68536585,10.64773946,11.48667832,9.94339831,15.57760411,1.66363067,,,0.21709416,44.18083419,8.84882878,,5.87035926,3.03954167,1.23918692,0.54226895,0.48636471,,0.27636399,1.21276988,0.18262051,0.50485391,,0.13315855,,248.82988836,248.6884676,76.45979243,41.15588169,46.62521053,24.35229344,9.05303869,0.32255702,5.38495567,1.02010838,1.39648504,,,,,,226.75284071,51.02851488,20.38396276,35.64173956,22.78363858,11.08971553,4.77970646,8.28099418,6.12927229,0.18570045,,0.59788153,0.5144712,,,,,74.90463664,70.0522726,7.68355121,26.59914739,34.34856818,21.83538424,21.95198871,15.59956901,19.17628081,10.98207492,6.36140502,7.67562112,10.92179935,5.07291943,0.29819722,1.56054775,4.14125535,4.2685147,3.01136012,2.60896229,2.28844617,4.86240602,2.04377757,2.0522768,3.30173619,4.28915741,1.29307144,0.75789673,1.566701,2.42150716,0.26159189,0.77077848,1.0439026,0.4132481,1.15221725,2.39528707,0.18272849,0.82710548,0.30918257,0.613714,0.021939,1.11319286,0.35565822,0.06021113,0.35880308,0.06334824,,0.43584958,0.21869478,0.00029435,0.57911621,0.23892866,0.04854009,0.10611821,0.00564736,0.0579349,,,,,,8.01558953,0.0029669,1.10993368,4.44029444,0.4230988,6.96597624,0.46106138,0.79634812,0.87263208,0.17470768,0.02057318,0.02689344,0.00598509,0.67070696,0.76008021,7.03568909,13.88134678,0.38696269,0.20017447,0.0239428,22.2565207,13.39179219,2.68635916,8.4451912,0.32869207,0.23773759,0.31944831,0.17593072,0.1011811,0.10538932,0.11933595,0.09056243,0.14306172,0.09261376,0.91574945,0.01632347,,0,27.00223248,13.02719956,4.89333702,5.03241108,6.12731226,4.4599881,,1.34747234,1.2676441,0.025,1.02540532,,0.01081282,,,0.17791521,0.1605023,0.27566705,,,,,,,,,,,,0.84100957,,3.61140484,,0.13617464,,0.20274989,,,,,28.62649826,7.49303953,4.7668844,,,0.07753354,,15.74403257,0.5446253,6.00241494,,0.194,
246,2023-06-30 00:00:00,1942.9,109991497.55047,3421.11798892,210688017199.26,921.59924374,448.64108697,100.26022304,99.11343349,44.20700028,14.87693323,10.23300075,11.68234876,9.85917389,15.22133155,1.51787081,,,0.21702411,44.18083419,9.18991775,,5.86856502,2.90957268,1.30518575,0.49979569,0.49868197,,0.28385239,1.2002976,0.18898552,0.49239276,,0.14587705,,238.77374562,241.26055987,74.0308339,41.09406478,45.73631866,24.13888531,9.3094361,0.28562596,4.5592653,1.04561081,1.35095318,,,,,,226.99884053,50.30579391,20.64369154,35.73159279,23.12766927,11.30179819,3.97434493,8.28099418,6.0626609,0.2157128,,0.60579212,0.52740843,,,,,70.23468371,69.8073339,7.96714634,26.74367287,34.29035307,22.20127167,22.42645954,15.47384736,19.10656414,7.9063143,6.49862763,7.76867518,6.90510717,5.07024488,4.67503725,4.12874114,4.30109043,4.27257071,3.02281064,2.68050291,2.26363106,4.95144546,2.05682343,2.0373223,3.31331752,4.30512131,1.18916647,0.76088626,1.59492285,2.42672717,0.26816247,0.77358157,1.00284701,0.41806684,1.15195339,2.29538193,0.22329116,0.83114313,0.31657305,0.62476422,0.02244997,1.02448826,0.3557823,0.06481901,0.35872649,0.06365587,,0.43282653,0.22037364,0.01734134,0.57480331,0.23877581,0.04899358,0.10872855,0.00574851,0.05808319,,,,,,7.91343366,0.00262343,1.12377524,4.52902991,0.43369868,7.09460879,0.46703198,0.81939822,0.88738801,0.16907865,0.01761697,0.02745457,0.00600193,0.65658403,0.73127921,7.1561492,13.3493406,0.38796773,0.19432069,0.0241748,23.08943696,13.32389914,2.63628596,8.39521626,0.32845012,0.23464666,0.43376496,0.16709398,0.10993008,0.10828628,0.11395223,0.09056243,0.14003877,0.05661376,0.91574945,0.01632347,,,27.29110897,13.01844491,4.8502703,5.06844701,6.16472749,4.46239128,,1.36699111,1.34443902,0.025,1.03182393,,0.01082597,,,0.1788159,0.16051967,0.2756531,,,,,,,,,,,,0.9009117,,3.58049767,,0.13291301,,0.19741278,,,,,28.3937126,7.48740687,5.05540247,,,0.11039266,,15.77890998,0.45763693,2.01211891,,0.174,
247,2023-07-31 00:00:00,1948.8547619,108877354.74333,3386.464274,214890557346.24,912.63213247,444.18759719,98.58567404,99.11343349,43.84343497,15.06240848,9.98485606,11.7504829,9.58643702,15.15756477,1.08108592,,,0.2169549,44.18083419,9.12926052,,5.86693899,2.90652217,1.31777882,0.49630552,0.50480391,,0.29093056,1.2002976,0.19506527,0.46736013,,0.14482353,,231.51893649,237.40710488,71.93971778,39.744787,44.51278198,23.63465941,9.26819212,0.25672091,4.41743284,1.0335485,1.29343343,,,,,,224.01784263,50.3013157,20.68219931,33.01001186,23.67281663,11.42707155,4.47573862,8.2609942,5.96716726,0.41907565,,0.60670238,0.47534048,,,,,69.68426108,69.51980479,8.27842697,26.67882352,34.27908864,22.75123213,22.9927453,15.63105216,19.05428518,7.82130001,6.34722486,7.70342231,6.98438029,5.09944552,4.88850866,4.20770624,4.46841498,4.28390956,3.01373852,2.7537847,2.26544645,5.08055662,2.05249786,2.00942831,3.30387439,4.31643307,1.18200046,0.83649291,1.63379927,2.41494976,0.28378827,0.76722909,1.09118127,0.43082478,1.15170225,2.3428741,0.22268047,0.83672133,0.46038921,0.63998286,0.02413307,1.06702405,0.35536012,0.11688524,0.35863896,0.06271581,,0.43172396,0.22333027,0.01744266,0.55579805,0.23880222,0.04916586,0.10943597,0.00589224,0.05716796,,,,,,7.91030395,0.00268873,1.12345951,4.54516267,0.43605049,7.2661333,0.47973757,0.8392645,0.89579876,0.16776132,0.01796069,0.02683712,0.00596611,0.6443337,0.73248376,7.17800059,13.88800976,0.38817286,0.19034126,0.0243704,22.88993113,13.92922576,2.83080665,8.53011318,0.33996991,0.24610867,0.49332206,0.15233322,0.10398125,0.09053046,0.14523905,0.06956243,0.14285321,0.05161376,0.88909505,0.01566704,,,27.88088384,13.07852894,5.28073998,5.13081819,6.2021977,4.47563488,,1.36588919,1.33129579,0.025,1.04739945,,0.00681645,,,0.17873486,0.15950898,0.27739855,,,,,,,,,,,,0.95209421,,3.58098716,,0.1343849,,0.18227902,,,,,28.4550695,7.4516917,5.00371908,,,0.16413936,,14.10057736,0.44772008,2.01907533,,0.164,
248,2023-08-31 00:00:00,1919.82826087,107417215.99947,3341.0488825,209097719986.66,889.80610798,429.95471473,95.49183245,98.72778452,43.00380822,14.37830796,9.04633324,11.63558795,9.45886658,14.83220446,1.0809463,,,0.24787019,44.13122453,8.58678518,,5.86520082,2.9033945,1.29139801,0.49509651,0.47375993,,0.2882397,1.17579727,0.19483398,0.46736013,,0.14506714,,230.42627476,236.84756296,71.38772529,39.19334327,44.04851545,23.19801147,9.48264666,0.25269481,5.21852221,0.9849888,1.24893116,,,,,,224.3498424,50.45867858,20.76949866,32.92607789,22.73896175,10.97081166,4.18079554,8.23199422,5.92388078,0.43455959,,0.61835963,0.46765133,,,,,67.74376586,69.55747712,8.54577112,25.77316268,34.09083896,22.30747631,22.41705398,15.33411223,18.9075574,7.78419794,6.16110168,7.53235265,6.90342748,5.2912582,4.86997591,4.89708813,4.3815751,4.29619035,3.0164955,2.70540581,2.25732981,5.05419359,2.06287664,1.99029635,3.31026058,4.30497228,1.10484101,0.85523816,1.60266417,2.41088729,0.27924718,0.76561665,1.09605094,0.42277012,1.15143076,2.27495102,0.22789162,0.83304344,0.45880916,0.62777619,0.02317283,1.13312001,0.34054792,0.13215927,0.35854111,0.06310164,,0.44021837,0.2223033,0.1651695,0.541552,0.23876478,0.04935643,0.10754072,0.00577936,0.04025597,,,,,,7.86962961,,1.03192506,4.41292407,0.42051891,7.16863798,0.45983471,0.79275257,0.86512552,,,,,0.63749813,0.69399426,8.19726904,13.51911665,0.39223529,0.19412166,0.02452422,25.60171728,14.42509256,3.22018821,9.40346934,0.32804584,0.25173643,0.63060566,0.12596148,0.12130067,0.08740426,0.14750085,0.06656243,0.16312057,0.07161376,0.88909505,0.01566704,,,28.16947821,13.20104513,6.74812155,5.20742188,6.22683244,4.477,,1.35277227,1.32669065,0.027,1.04601371,,0.00681425,,,0.17868606,0.15944408,0.27771374,,,,,,,,,,,,1.0144781,,3.57879384,,0.13162312,,0.18272388,,,,,28.58875995,7.44726858,4.77826178,,,0.23865589,,14.08567457,0.45137337,2.24118061,,0.164,
249,2023-09-29 00:00:00,1916.95952381,105530986.94011,3282.38060077,197825536752.09,873.34620002,411.87327201,95.85392481,98.61584399,42.93828234,14.37748528,8.71212957,11.54361222,9.40896087,14.69154143,1.08080965,,,0.24779186,44.13122453,8.21115458,,5.86357479,2.90077609,1.31855839,0.48307498,0.45512842,,0.35147461,1.17579727,0.19468864,0.46736013,,0.14347557,,224.33655576,229.43952635,70.68593092,38.44680726,42.87658754,22.35231911,9.17370317,0.24347429,4.96203168,0.9272205,1.23783068,,,,,,223.33784311,49.32998944,20.40284032,30.55807211,21.46442169,10.52358425,9.71219423,7.84899449,6.37849915,0.42339256,,0.61555019,0.50169085,,,,,63.8995665,69.01458422,8.84084958,25.37854307,33.99033836,21.03957231,21.11347686,15.14374845,18.99070855,7.71137583,5.9844102,7.21249535,6.61230667,6.87036808,4.74369126,4.95106989,2.65462762,4.25891784,3.01485876,2.62225473,2.24454127,4.86478663,2.05378011,1.9752285,3.31259643,4.30825971,1.1335247,0.8572623,1.54180392,2.3947552,0.26900309,0.70354884,1.10558551,0.39977554,1.15118615,2.24800615,0.23277606,0.82448275,0.44609689,0.60393058,0.02263944,1.15019061,0.34066297,0.12941507,0.35846071,0.06226549,,0.43525562,0.22287,0.16109689,0.52754639,0.23868115,0.0501184,0.10475877,0.00555456,0.04009114,,,,,,7.77824706,,1.0961606,4.2569201,0.40900798,6.8815645,0.43618099,0.76105826,0.82782124,,,,,0.63205275,0.67033338,7.83448845,13.77396475,0.39116887,0.18859827,0.02395055,26.91373626,15.41844452,3.76368686,10.53526766,0.48572924,0.24865284,0.46728012,0.14432766,0.13411353,0.0880983,0.14072099,0.06656243,0.30267293,0.07561376,0.88909505,0.01566704,,,28.46206017,13.27883108,6.76199174,5.29374208,6.26641995,4.51177385,,1.27427568,1.39230775,0.028,1.03795671,,0.209,,,0.17452837,0.15805292,0.27568382,,,,,,,,,,,,1.06096756,,3.54833984,,0.13065587,,0.18359948,,,,,28.50490375,7.51039851,5.0234302,,,0.28170571,,13.85814002,0.42405554,2.18108986,,0.164,
250,2023-10-31 00:00:00,1913.03636364,104357673.81116,3245.88648312,208806439826.23,859.21623629,402.27487994,93.13142917,99.18758359,42.60480699,14.26794468,8.54135988,11.63647043,9.18804246,14.62787058,1.08067643,,,0.06192752,44.08142826,8.01496691,,5.86178055,2.64066197,1.2707025,0.47490901,0.46125791,,0.35430706,1.17579727,0.13933654,0.46736013,,0.10823559,,218.77855663,227.55026666,69.20668125,38.21070454,42.5123579,21.92825236,8.9201949,0.22496136,4.92215799,10.7027562,1.23048869,,,,,,220.38384518,48.41050931,20.4268812,26.66078848,21.94254526,9.94273109,9.06970218,7.74399456,6.41097032,0.42869497,,0.67107593,0.48799204,,,,,63.12499301,69.60693155,8.93139926,25.25384563,42.39957295,28.67073786,21.01852964,15.01444479,18.71724493,7.67417738,10.49267121,6.98243413,6.55117131,6.84778032,4.78997047,4.97502206,2.63262404,4.17882819,3.00830167,2.84511877,2.23688163,4.80958206,2.07215929,1.95784712,2.53821426,4.40392459,1.13624681,0.94385769,1.54227592,2.45764163,1.49365534,0.70340679,1.10558086,0.38757387,1.15096259,2.26537467,0.23725976,0.81539379,0.44849075,0.6041079,0.02213566,1.19480558,0.34090806,0.12965893,0.3583652,0.06043193,,0.41448401,0.22302668,0.16268587,0.52435035,0.2386334,0.05014624,0.10454235,0.00556075,0.04004528,,,,,,,,,,,,,,,,,,,0.58362655,0.64778843,7.89019813,13.58585504,0.3927251,0.19051154,0.02411225,26.26040915,15.68245506,4.09175749,10.57992654,0.49397659,0.26867318,0.46100295,0.12033173,0.150902,0.10228337,0.1346388,0.07856243,0.27620124,0.08761376,0.87410956,0.01557196,,,29.04826794,13.71770013,6.47067308,5.47013278,6.37026186,4.75686676,,1.25742976,1.38252603,0.039,1.05098547,,0.289,,,0.17582481,0.15873924,0.27640565,,,,,,,,,,,,1.07923379,,3.57560811,,0.1299481,,0.19310915,,,,,28.2319019,7.66687801,4.99810279,,,0.42847582,,13.99060739,0.62387011,2.80060415,,0.178,
251,2023-11-30 00:00:00,1985.27272727,104057641.58681,3236.5544378,212253969513.5,876.23633174,396.10050516,93.49400263,97.97573948,42.3013702,14.67078163,9.46437486,11.67928241,9.22771236,14.3643403,1.08054345,,,,43.65067961,8.08209018,,5.83519791,2.63357598,1.29566291,0.47753036,0.43024095,,0.37890971,1.16332344,0.14518858,0.45488424,,0.09677354,,218.42423858,226.44361478,68.46329461,38.00198633,41.8269293,22.52805408,8.7808181,0.2270903,5.12535206,11.01696929,1.21831717,,,,,,212.90485044,43.95077484,20.43231054,26.58848725,20.43535969,9.82134351,7.695952,7.72599457,6.26088408,0.44064479,,0.64193362,0.54671628,,,,,61.05961628,68.92737416,9.26318643,24.9189314,41.6764737,29.25977095,21.63593021,14.90798248,18.5196647,7.51761002,10.08566461,7.13944327,6.70362281,5.226521,5.00881668,4.92402366,4.28302294,4.15118604,3.01490373,2.87688235,2.1793968,4.97574196,2.04562285,1.94056078,2.5404153,4.387142,1.18055222,1.03354822,1.59622532,2.45458853,1.53493308,0.697878,1.10717818,0.3961985,1.15068882,2.33647019,0.23779028,0.80973393,0.46086253,0.62521449,0.02207889,1.03647613,0.33934123,0.13424486,0.35827562,0.06104072,,0.40221902,0.21711234,0.16764445,0.53890317,0.2385667,0.05226406,0.10745411,0.00575845,0.04002125,,,,,,,,,,,,,,,,,,,0.55536251,0.65542541,7.57350636,13.41933371,0.38761293,0.19418244,0.02452528,25.98444765,15.83258512,3.86701804,10.55966435,0.45583992,0.21045661,0.67080783,0.11130957,0.14179705,0.09323555,0.13686884,0.08756243,0.25570435,0.07661376,0.87410956,0.01557196,,,29.31225443,13.70706183,6.99729017,5.4962548,6.33130974,4.95498483,,1.24333117,1.3620197,0.046,1.02557485,,0.337,,,0.17574922,0.15598371,0.27770863,,,,,,,,,,,,1.16468901,,3.57438863,,0.13265526,,0.19801398,,,,,27.96054582,7.65772249,5.16118015,,,0.37527545,,13.94085059,0.56227314,2.78905073,,0.178,
252,2023-12-29 00:00:00,2034.62619048,103754344.90909,3227.12085663,214472605160.79,878.84361977,398.52495388,95.95414138,98.09548692,42.62377988,18.42674235,9.44323815,11.67579496,9.00040112,14.4853841,0.87263169,,,,43.21280831,8.30294493,,5.8334113,2.63334033,1.38344457,0.47967437,0.42104612,,0.39194709,1.15084562,0.15880358,0.4424231,,0.09677639,,206.81547156,222.98236174,66.95762505,37.70112684,41.40324591,20.05875764,8.69788127,0.22937246,4.65309524,17.65559812,1.19275407,,,,,,198.73186039,47.62143814,20.45892173,29.59698099,19.32784766,9.60828255,7.2829608,7.63999463,6.11554919,0.43966885,,0.64336767,0.55207616,,,,,59.80319303,69.7943033,9.76093745,24.73410159,41.3345661,30.06717691,22.14573263,15.00735444,18.47080496,7.49254915,9.94910127,7.16876431,6.8505572,5.26575347,5.27075681,4.98599108,4.50408883,4.05083121,3.02946838,2.8861256,2.04671013,5.22009391,2.0280233,1.914749,2.50978243,4.43553314,1.16214865,1.04097616,1.66811939,2.35227192,1.50267134,0.68921106,1.17763156,0.41121876,1.15934198,2.44925658,0.23893123,0.79328826,0.48175342,0.55249798,0.0231682,0.93345419,0.32851886,0.13932183,0.35819431,0.05821013,,0.4063056,0.21712003,0.1117748,0.55044904,0.16389952,0.0589403,0.10976629,0.00597683,0.03904177,,,,,,,,,,,,,,,,,,,0.56500105,0.6798577,6.40112236,11.25548168,0.38693199,0.18601912,0.02401241,28.95071393,15.28637668,4.00573626,10.23635214,0.4350863,0.21605662,0.63278743,0.10852525,0.14484629,0.09623567,0.11862409,0.08456243,0.18582591,0.07661376,0.87410956,0.01557196,,,30.29352956,13.4489165,7.09914519,5.56869628,6.33029354,4.99195982,,1.24241488,1.44021693,0.051,1.04572711,,0.379,,0.0764383,0.17840277,0.15553556,0.2781913,,0.041,,,,,,,,,,1.27242956,,3.57422201,,0.13276829,,0.18790427,,,,,27.55702303,7.65523387,5.28931694,,,0.3958581,,14.13262491,0.62035722,3.82481191,,0.161,
253,2024-01-31 00:00:00,2035.27391304,102124262.1008,3176.41961387,210148874823.16,850.86467305,395.08158056,96.62395758,98.09548692,41.63490117,14.8398115,9.45721567,11.91897849,8.69576542,14.29859207,0.87251974,,,,43.2126839,7.99347477,,5.79440769,2.36690437,1.358734,0.46589836,0.43011946,,0.38895577,1.13835356,0.16977189,0.44242301,,0.09580371,,205.51646854,221.65521546,66.39204923,36.23842485,41.06805668,19.25935674,9.56027334,0.22849758,3.76250423,17.54452879,1.16295294,,,,,,189.73786671,47.41034243,20.52360987,29.58365766,18.54045446,9.41689756,7.26065231,7.63799463,6.07040796,0.41682825,,0.64130544,0.53142432,,,,,64.21720749,68.87474473,10.2177738,24.72941132,40.79209806,28.90760252,21.38340237,14.67007217,18.13881038,7.56297796,9.60202994,7.02819206,6.63331961,5.17241203,5.18259983,5.03545179,4.35163339,4.04228692,2.99859133,2.8331281,2.02122607,5.09149092,2.0214465,1.88513633,2.50353577,4.42216861,1.17008928,1.13003119,1.6089657,2.34235152,1.48423125,0.67755908,1.17119992,0.3913312,1.15014772,2.35599176,0.23649019,0.78754473,0.47653747,0.53293492,0.022476,0.8928989,0.32503357,0.13932183,0.35809179,0.05166639,,0.39824493,0.21447712,0.1117748,0.53294385,0.16259699,0.04761579,0.10661634,0.00597683,0.03851756,,,,,,,,,,,,,,,,,,,0.54679965,0.64316218,6.27021903,10.78654486,0.3828332,0.18981333,0.023854,28.58427495,15.82194574,4.35970443,11.01569066,0.54258297,0.27963645,0.80824959,0.11984408,0.1651698,0.09611702,0.12624566,0.08456243,0.19727356,0.08561376,0.8479392,0.01476021,,,30.78027596,13.80517549,7.46978836,5.69628336,6.38412407,4.96729536,0.08500033,1.24862894,1.48606247,0.056,1.05650628,,0.396,,0.07774741,0.1780222,0.1532892,0.27683844,,0.09071815,,,,,,,,,,1.44585744,,3.60141753,,0.13096626,,0.19599682,,,,,27.41043513,7.72346313,5.03212084,,,0.40660186,,13.8956893,0.69275975,3.87952177,,0.161,
254,2024-02-29 00:00:00,2023.23809524,100560809.01194,3127.79078704,206408144897.37,822.6538957,388.82605673,96.80130637,97.37392305,41.09405535,15.04078057,9.02475112,12.00667155,8.6131647,14.09676602,0.87241452,,,,42.57332587,7.87669181,,5.76811495,2.36910933,1.3581182,0.46727731,0.43625054,,0.38351686,1.13004261,0.1699803,0.44857081,,0.09650286,,206.19732557,218.51309957,65.92768293,36.17326527,39.43505645,18.84871679,9.83441348,0.22654275,3.74769475,17.6692615,1.13669199,,,,,,183.90887081,48.58600564,20.67370716,29.76683126,18.09128665,9.31220675,7.4750725,7.60099466,6.00417609,0.41418401,,0.64040374,0.52670918,,,,,62.53042818,68.5607541,10.46592211,24.51479891,41.04009639,27.86337275,20.69345313,14.24982493,18.05874528,7.38965332,9.38360799,7.02079879,6.36221166,4.92575951,5.13944978,5.13340176,4.64829459,4.26156282,2.99356836,2.73699707,2.01027002,4.91433672,2.00871372,1.88431318,2.82472009,4.44124106,1.15932728,1.08132152,1.55874746,2.32173296,1.46112062,0.67880656,1.09906206,0.3756581,1.14989541,2.26451611,0.23509994,0.79354544,0.41295582,0.51628643,0.02102805,0.60574152,0.32452633,0.13932183,0.35800929,0.05141638,,0.3954829,0.20951659,0.1117748,0.52956857,0.16255878,0.0486515,0.1126169,0.00597683,0.03946127,,,,,,,,,,,,,,,,,,,0.52401503,0.6157802,5.99995086,10.85410878,0.37677859,0.18927537,0.02374444,29.61356535,16.21850601,4.62731396,10.99496199,0.51600484,0.29682968,0.73547096,0.13659926,0.16463926,0.09580737,0.1257758,0.09056243,0.19133982,0.08661376,0.8479392,0.01476021,,,30.77260716,14.17225088,7.79178963,5.94928145,6.49963684,5.03183558,0.09606218,1.25198029,1.56294593,0.312,1.05960941,0.054,0.436,,0.07871464,0.17774054,0.15557489,0.27628118,,0.091,,,,,,,,,,1.54012684,,3.59874096,,0.13007781,,0.20069393,,,,,27.36369438,7.71092588,5.02406085,,,0.43728598,,13.74695036,0.76651022,3.52955596,,0.161,
255,2024-03-29 00:00:00,2160.6952381,100136408.26961,3114.59044841,222314427778.78,829.88244408,387.04807328,98.15047599,95.90684582,41.29624911,15.36594626,8.9156497,12.00328477,8.52391102,14.09502366,0.87231322,,,,41.93319026,7.61565992,0.06572837,5.71445172,2.36980049,1.34265936,0.46074888,0.47950918,0.01345202,0.36717554,1.10118864,0.17627012,0.4298065,0.01781066,0.12121872,,203.15602707,211.07171477,66.07350612,35.78800998,39.00971692,18.45201248,10.10385631,0.23607783,3.72636198,9.22794976,1.09546154,,,,,,181.45787253,51.0189073,20.77948395,30.93641865,18.77769672,9.38940663,7.93112911,7.43499478,5.9263406,0.43013987,,0.65670946,0.49001668,,,,,64.34850254,67.4291421,11.26445388,24.5402576,40.53207152,26.84669007,20.27448827,13.95200845,17.9369241,7.36460407,9.07045311,6.89833692,6.15198762,4.2573581,5.26301462,5.13354221,4.14551678,4.22984782,3.01543835,2.59832322,2.01283757,4.72460274,1.97555853,1.86956083,2.96894039,4.39352845,1.19161215,1.08687257,1.52484347,1.89149185,1.45017996,0.67154586,1.12475768,0.34879522,1.14968738,2.18157835,0.24683717,0.79598409,0.4045972,0.50504919,0.03415083,0.56019534,0.41290348,0.13932183,0.3579214,0.04464624,,0.37351211,0.21002428,0.1117748,0.5282061,0.16253001,0.05075411,0.11233758,0.00597683,0.03960305,,,,,,,,,,,,,,,,,,,0.51019773,0.57564812,5.2153701,10.61171799,0.37842538,0.17745648,0.02422377,30.49638683,16.28908693,5.29615334,11.66625149,0.59428127,0.32841236,0.52772385,0.12833025,0.15641327,0.08733442,0.12354209,0.10856243,0.19409678,0.09661376,0.8479392,0.01476021,,,31.86238567,14.08686499,7.44481577,6.11372926,6.518295,5.27573599,0.10808173,1.2399722,1.527901,0.287,1.04715126,0.060695,0.455,,0.07593567,0.17561473,0.1508177,0.27045403,,0.08974327,,,,,,,,,,1.70965376,,3.74072355,,0.12895541,,0.22072533,,,,,27.36942808,7.6654144,5.01965567,,,0.4379787,,13.93353813,1.09324911,3.51662663,,0.161,
256,2024-04-30 00:00:00,2329.98409091,99089207.803205,3082.01887303,229220738562.53,831.92369278,383.37521914,98.38938808,97.03020124,41.94447967,15.39602686,9.28378246,12.27532439,8.51164852,13.98529476,0.91374384,,,,41.93129296,7.67428446,0.07885435,5.67549679,2.49747018,1.3326568,0.45613827,0.44851025,0.01324008,0.37805946,1.11517527,0.18227028,0.42079562,0.03560614,0.11998028,,197.48308723,201.54567587,64.71601452,35.21243885,38.49282426,18.02184533,10.09443317,0.2400854,3.70766871,9.01576002,1.08717056,,0.2177149,,,,174.37087751,45.7347538,20.64310074,30.33701025,16.67576424,8.81344451,7.46725651,7.36299483,5.82342832,0.44323088,,0.67070839,0.45474456,,,,,57.11238147,66.0365673,11.11124452,23.63693819,39.93379023,26.02309703,19.2723565,13.41488719,17.82694032,7.17226221,8.82440501,6.74255345,5.81509874,4.21163958,4.37907481,4.4732206,4.06781974,4.17485183,3.00074075,2.85037897,1.97975771,4.38494672,1.96575106,1.8488446,2.45576375,4.2884718,0.9054673,1.14612777,1.49210133,1.8134965,1.43557254,0.65534663,1.05423947,0.323196,1.14941975,1.96028901,0.26044922,0.75618134,0.40007059,0.49419164,0.03220713,0.45687178,0.41252472,0.13932183,0.35782211,0.0419568,,0.34987825,0.20608433,0.1117748,0.52196434,0.16249039,0.05191227,0.11105829,0.00597683,0.04159709,,,,,,,,,,,,,,,,,,,0.48906678,0.53975803,4.68252916,10.65086588,0.37787954,0.18137405,0.02310921,34.68336509,21.73549434,7.0839422,15.90391494,0.8003184,0.38594394,0.77112888,0.25969547,0.22885172,0.10747445,0.18293028,0.12356243,0.24310541,0.18161376,0.83052279,0.01471061,,,34.64149532,14.76953597,6.36680969,6.27224623,6.6222804,5.43024028,0.157242,1.23286929,1.38290237,0.306,1.0761718,0.06951736,0.48158,,0.0597,0.17942642,0.15751504,0.28123661,,0.090545,,,,,,,,,,2.01843835,,3.59783824,,0.08868468,,0.22200656,,,,,26.99320085,7.64605795,4.95755425,0.00938991,,0.46105087,,13.72349409,0.73900782,3.50702405,,0.12261385,
257,2024-05-31 00:00:00,2349.22173913,99358130.478376,3090.38330321,233886001052.42,831.93704912,381.11821827,97.88799187,97.09293646,41.84926739,15.72101706,9.40549137,12.62820295,8.38565413,14.07542227,0.91363094,,,,41.93129296,7.63542519,0.09180951,5.58870344,2.3656811,1.31503671,0.45421658,0.43607518,0.01333704,0.39799854,1.07666947,0.20702935,0.40527511,0.03559901,0.11969126,,197.13501461,201.99241275,63.50353904,35.11013969,37.99015011,18.19552782,10.2621645,0.2589559,3.23075048,9.12298359,1.0670085,,0.43530962,,,,174.71087727,45.90108369,20.76729083,30.33402662,17.50524825,8.86177955,7.45996992,7.31699486,5.61441432,0.46185534,,0.67398681,0.4447627,,,,,57.48100499,65.79692418,12.02421219,27.94559008,39.44078474,26.22662566,19.30455084,13.3833492,17.64008509,7.37405055,8.88612841,6.83778913,5.83115293,4.1947557,4.4305195,4.47206339,3.99963214,4.15299662,3.00506845,2.88372946,1.9662002,4.46574083,1.95997759,1.82934082,2.45735242,4.26505702,0.83007036,1.14617895,1.50967647,1.80586051,1.44101809,0.64707978,1.06704654,0.32838675,1.14915774,1.99696281,0.26081727,0.73399265,0.41141168,0.5000043,0.03273306,0.54049041,0.41281933,0.13678722,0.35773402,0.04208893,,0.34618219,0.20003327,0.10639753,0.52940601,0.16245068,0.05174256,0.1126528,0.00527193,0.04163727,,,,,,,,,,,,,,,,,,,0.47445528,0.54126752,4.58082368,11.39086209,0.37273647,0.17967097,0.02343564,37.93775403,20.95472941,6.95223734,16.50545036,0.84040998,0.46648541,0.85256091,0.34730113,0.20194743,0.10130873,0.24189563,0.12656243,0.23425995,0.19661376,0.83052279,0.01471061,,,35.2288342,14.99688703,6.67964588,6.4112433,6.75866724,5.48622516,0.177142,1.23131635,1.42636764,0.329345,1.09175128,0.079628,0.52888711,,0.06567,0.17815268,0.1572584,0.2830488,,0.092535,,,,,,,,,,2.18608679,,3.7651605,,0.08824511,,0.23993314,,,,,26.82361108,7.71802809,5.02282624,0.01252877,,0.56125467,,14.03967457,1.05905626,2.5687873,,0.12176178,
258,2024-06-28 00:00:00,2326.3325,99927837.993752,3108.10318768,233497278355.01,828.78586276,378.4582823,98.68145324,97.09370171,41.93259743,16.03054164,9.63492142,12.8665157,8.24912979,10.55500601,0.91351668,,,,41.42329933,7.61063392,0.11818282,5.53714532,2.49985351,1.32785502,0.48554255,0.4360198,0.01329594,0.39677102,1.07490505,0.20730563,0.39625829,0.03559221,0.10842128,,202.86403587,204.13683647,63.08232646,35.04348624,37.83963662,18.07822007,11.14921198,0.25706292,3.20646768,9.03640748,1.04586407,,1.23728107,,,,175.47587673,45.87457954,21.12138082,30.54664327,17.06645475,8.69734489,7.31178621,7.29299488,5.54751839,0.45552215,,0.68985094,0.42300275,,,,,61.51147678,65.62490204,12.97816768,32.13346235,39.51511976,26.10888837,19.21421394,13.30911902,17.6462954,7.86243558,8.72918802,6.95980211,5.42173285,4.18087629,4.46732502,4.37175786,4.01802823,4.12653705,3.01144252,2.80292072,1.96874226,4.42109481,2.00664356,1.83152544,2.4657379,4.2620693,0.87563336,1.15450887,1.51210268,1.78734784,1.43019121,0.64777026,1.0972072,0.32606836,1.14891778,2.00502093,0.33086192,0.73775942,0.42977782,0.50079653,0.03288783,0.52635706,0.41277926,0.18115237,0.35764528,0.04265562,,0.34930663,0.18992083,0.09839609,0.39575234,0.16241088,0.05365856,0.11031413,0.00528048,0.04161933,,,,,,,,,,,,,,,,,,,0.47494271,0.54285475,4.3653878,11.65644325,0.37009483,0.17999977,0.0221047,41.48533474,22.42889441,6.74738775,17.16661947,0.86328824,0.50373948,0.87879587,0.42674159,0.20173184,0.1070168,0.21830695,0.13256243,0.211026,0.22061376,0.83052279,0.01471061,,,35.76600276,15.3157308,6.72607742,6.48436789,6.93845756,5.58967278,0.192067,1.25763011,1.59784743,0.32636,1.08408061,0.0811944,0.62578487,,0.06766,0.1791959,0.15872358,0.28457059,,0.092535,,,,,,,,,,2.3280506,,3.7932526,,0.08751,,0.24968116,,,,,26.93443208,7.74623154,5.03932635,0.01245691,,0.54609253,,14.69756344,0.98130408,2.50179679,,0.12240201,
259,2024-07-31 00:00:00,2395.30652174,101472540.50485,3156.14880635,246470472289.69,845.77600858,381.66566136,101.50954933,98.33896302,42.6991857,16.58817269,9.48730522,12.92906533,8.30986297,10.55348928,0.91340488,,,,41.42297285,7.52721982,0.14434041,5.5284002,2.49766636,1.28738405,0.65907992,0.43595632,0.02599163,0.43736978,1.06587664,0.22580306,0.38574228,0.03558446,0.10966129,,203.4338621,212.81906797,62.69901226,36.10139001,37.76698933,18.38039994,12.08759972,0.26077643,3.51431945,0.81482854,1.57168127,,4.92572974,,,,176.517876,63.63908616,21.35600404,16.88026257,17.19837667,8.71308644,3.4618235,7.29299488,5.39333749,0.3066307,,0.69245418,0.42898121,,,,,63.88096655,65.70621364,14.70783823,33.56385241,39.5598587,26.38595285,19.53949767,13.67664545,17.66691454,8.0997489,8.78455573,7.09636328,5.60306399,4.14794943,4.60459342,4.36582286,4.12017013,4.14683761,2.99897664,2.80677349,1.97397093,4.50716773,2.01336986,1.84347988,2.0971176,4.26730051,1.08820489,1.22152437,1.53588502,1.77713983,1.45039705,0.65112488,1.10035212,0.32315965,1.14863141,2.0404123,0.33455665,0.73064058,0.43762434,0.50865741,0.03291382,0.58531916,0.41236367,0.18548917,0.35755218,0.03998366,,0.34588943,0.18414866,0.10003954,0.39843986,0.16237187,0.0540984,0.1093202,0.00028305,0.0396096,,,,,,,,,,,,,,,,,,,0.46341975,0.53524426,4.44038232,11.78365402,0.36903824,0.18050839,0.02108456,43.88132773,21.25770207,7.33263987,16.45419865,0.88293963,0.58989554,0.9118651,0.47004962,0.23685498,0.1449335,0.21333093,0.14156243,0.2252849,0.21861376,0.79410517,0.01434679,,,36.96721197,16.29330727,6.95183939,6.65394671,7.22667805,5.61529783,0.232862,1.28746617,1.6073765,0.43979,1.09293204,0.096531,0.72389505,,0.070645,0.18283665,0.16313489,0.28793071,,0.092535,,,,,,,,,,2.64697433,,3.7923004,,0.08772078,,0.25402412,,,,,27.10180162,7.90599692,4.94402952,0.01232273,,0.54643128,,15.6054555,0.76142742,2.49080765,,0.11289281,
260,2024-08-30 00:00:00,2469.93181818,102403389.33517,3185.10144132,257597743637.68,862.46757287,366.72220678,107.78941277,100.26938509,43.40626899,17.36308107,9.93972248,13.24155926,8.13324381,10.39840332,0.9548044,,,,41.42297285,7.68067512,5.01550613,5.50175206,2.62161093,1.29661811,0.73166674,0.4420806,0.02652058,0.49793952,1.05150695,0.24377065,0.38204099,0.03557572,0.0961341,,206.27741023,213.36882473,61.99620578,36.23259583,37.30725508,19.00093037,12.20063407,0.28607613,3.64587904,0.81371279,1.53855474,,5.93287235,,,,176.98587567,64.42757038,21.6708623,16.92643842,17.54050559,8.92091052,3.81359984,7.29999487,4.80732397,0.31293203,,0.69883851,0.49053723,,,,,61.28235454,65.61951895,15.64143114,33.47272674,39.46250135,27.16206711,20.25033736,14.47009632,17.66915025,8.18192404,8.96142888,7.28059754,5.73857321,4.15525966,4.79826834,4.43478145,4.31598135,4.38110504,3.00217104,2.84025401,1.9772365,4.03164074,2.01889464,1.87202444,2.09856402,4.26970995,1.11761222,1.22139279,1.5841677,1.75607543,1.46975588,0.6530958,1.08288932,0.32938933,1.14836162,2.10759441,0.33505227,0.63095525,0.45164784,0.52463912,0.03412342,0.62784064,0.39132217,0.23715097,0.35746692,0.03962784,,0.34551559,0.18457238,0.1049728,0.40666928,0.16233185,0.05446707,0.11158876,0.00029193,0.03861541,,,,,,,,,,,,,,,,,,,0.46122941,0.54691937,4.82760409,11.71013013,0.36616565,0.17968436,0.02097586,40.9997512,20.90788421,7.68940354,15.8354375,0.76065015,0.63566518,0.76827862,0.4948955,0.27419187,0.15630464,0.20258084,0.16256243,0.27129107,0.20161376,0.79410517,0.01434679,,,37.95106996,17.6532242,6.57245627,6.93295804,7.64949417,6.30202444,0.2435792,1.37950477,1.79446196,0.50546,1.12835779,0.0988047,0.77655501,,0.0796,0.18986556,0.16551671,0.29217237,,0.092535,,,,,,,,,,3.01119363,,3.81838179,,0.08878468,,0.289587,,,,,27.29219321,8.19361652,5.34443704,0.01089019,,0.54405412,,17.48145298,1.21186675,2.48762744,,0.1118875,
261,2024-09-30 00:00:00,2567.12380952,103004834.49832,3203.80847698,271201998721.91,871.6725469,370.2879784,107.71904807,101.6679419,44.20206687,17.160358,10.29973843,13.6023483,8.12953336,10.39689074,1.01695165,,,,41.36039314,8.30687583,5.0699639,5.50022142,2.62531935,1.31720503,0.81146901,0.42965362,0.02648788,0.53736843,1.04183385,0.25040691,0.37224348,0.03556887,0.10863217,,204.1829862,210.21219285,58.71804333,36.16449893,37.05341298,20.17414883,12.07929914,0.29874074,3.76407299,0.82825497,1.52130785,,8.64942049,,,,176.3658761,64.54529541,22.05765923,16.95092792,17.84033976,8.9053168,3.82107362,7.30099487,4.7755625,0.34941589,,0.72760871,0.48794063,,,,,62.36737933,65.70862942,16.99082983,33.40706416,39.24730236,27.12722554,20.45995962,15.05743998,17.67483265,8.06121295,9.02100348,7.31444732,5.72042556,4.1445517,4.87800133,4.48344563,4.26096178,4.3562203,3.00558929,2.86652017,1.9750778,3.96120549,1.96288064,1.87038911,2.09955073,4.26119387,1.21684502,1.29013408,1.5907906,1.72478657,1.49982066,0.64676555,1.08059341,0.32683694,1.14811383,2.07861604,0.39543039,0.62787594,0.4532227,0.52682178,0.03277837,0.6253558,0.40910932,0.23777168,0.35738219,0.03861529,,0.33940085,0.18272859,0.10619331,0.40808431,0.16229464,0.05578541,0.11240301,0.00029283,0.03816516,,,,,,,,,,,,,,,,,,,0.45548797,0.53778153,4.79844412,11.6460928,0.36550167,0.18006948,0.02108438,39.44041256,21.75615621,8.51062687,16.23187017,0.80649003,0.78496647,0.77045738,0.57339755,0.44436621,0.24284135,0.27963666,0.16856243,0.35470116,0.22161376,0.79410517,0.01434679,,,37.93744737,17.96963444,6.5344781,7.05515397,7.8576247,6.37,0.2585042,1.39595848,1.8930317,0.51342,1.12307388,0.1075599,0.7196358,,0.08955,0.19867404,0.16404977,0.29378681,,0.092535,,,,,,,,,,3.2930227,,3.81666507,,0.089182,,0.2952015,,,,,28.34065863,8.20879297,5.75842949,0.08087535,,0.57717714,,17.63366033,1.35308432,2.55702464,,0.1117814,
262,2024-10-31 00:00:00,2690.07826087,104423391.30522,3247.93052567,286085050929.83,891.50091983,380.08052048,107.46376643,101.97841436,44.55211321,16.64738413,10.70115223,14.06226567,8.12544372,10.30323273,1.09983095,,,,41.36039314,8.41107121,5.12826829,5.49858522,2.62667192,1.32466604,0.85067293,0.41105187,0.01300689,0.52658926,1.03536437,0.25681098,0.36387671,0.03556235,0.1211621,,199.16597698,210.70329133,57.60273914,36.08806445,36.0152358,19.10018487,12.86882732,0.31182039,3.64933749,0.78375506,1.35024843,0.00305637,11.21109488,,,,175.83305648,64.99740938,22.45403074,17.40239667,15.81706185,8.58226563,3.94083502,7.2643349,4.52333956,0.3899699,0.0028334,0.75812647,0.41842802,,,,,60.41269286,65.62104834,17.49353885,33.81913115,39.23339309,26.18963242,19.81362809,14.72752298,17.62443032,8.14341158,8.81061008,6.97079793,5.58181232,4.09298552,4.81030879,4.53251424,5.474946,4.34561159,3.00309241,2.86540019,1.98548176,3.77572501,1.97861329,1.8763184,2.02403701,4.39959793,1.18674414,1.28901195,1.54617321,1.46034347,1.40842706,0.64948632,1.07957476,0.312997,1.14788626,0.72919295,0.43508146,0.63464721,0.44174256,0.51203604,0.03165384,0.58374121,0.40942637,0.23098752,0.35729837,0.03982392,0.01344429,0.3326687,0.18340238,0.10220401,0.39710215,0.16226274,0.05861649,0.10938882,0.00470497,0.03683535,,,,,,,,,,,,,,,,,,,0.45400974,0.52024093,4.78758546,11.5740381,0.36077155,0.17726224,0.01962458,45.29186402,25.62769052,11.72964321,20.89272761,1.71274649,1.59886821,1.01111232,0.74463245,0.67652011,0.54449022,0.55122398,0.17456243,0.40917081,0.54061376,0.77935615,0.01428037,,,38.52523897,18.71268187,6.83080245,7.36067079,8.16485511,6.42507573,0.3112392,1.45590011,1.9008478,0.562175,1.16278372,0.1224849,0.72605782,,0.11343,0.2127007,0.1737834,0.30406321,0.046,0.09353,,,,,,,,,,3.93560722,,3.84405434,,0.06816221,,0.30307314,,,,,28.71437346,8.42671932,5.45280967,0.11013202,,0.59393506,,17.65414594,1.47887155,2.62218048,,0.1194,
263,2024-11-29 00:00:00,2650.68333333,103525183.49402,3219.99313988,274741681847.31,878.27375955,392.69083478,107.33136798,102.34711206,44.51641101,16.30515105,10.88409915,14.11932466,8.16429651,10.1788989,1.18268534,,,,41.099126,9.58669107,5.19393434,5.49694902,2.62310313,1.39074369,0.91098821,0.49752188,0.02553092,0.55627689,1.03334266,0.27506101,0.35644303,0.0711109,0.12051314,,199.19952407,199.50456821,57.71963246,36.92803558,35.28710294,19.06109332,13.73750833,0.34032381,3.60773921,0.77504918,0.95474228,0.00302265,13.01859506,,,,167.42670238,64.08141843,22.71488475,16.97109021,14.34411993,8.26977194,3.32111123,7.25133491,4.34416214,0.46018374,0.00282812,0.77699501,0.39890237,,,,,60.74867641,64.62702496,17.49939421,34.35137759,38.98690377,25.03274545,19.43354849,14.68948169,17.49408806,8.30927027,8.55215134,7.224913,5.41321517,3.20498967,5.06579694,4.71593964,5.14701619,4.22971365,3.00613774,2.7697512,1.96726063,3.46423251,1.95452181,1.83843908,2.02707038,2.54622253,1.18541251,1.29968264,1.5109621,1.47586194,1.2476485,0.54051889,1.08108449,0.30654086,1.14757463,0.7191251,0.46525946,0.63366454,0.44058981,0.50032208,0.03121916,0.60269048,0.38035174,0.22581379,0.35719986,0.04403048,0.01606744,0.34555311,0.1844656,0.10583289,0.37696503,0.16223718,0.05941517,0.08914844,0.00460079,0.03620688,,,,,,,,,,,,,,,,,,,0.43317398,0.50926659,4.69297534,11.71051503,0.35382802,0.17954894,0.01975581,44.18857309,23.03623405,10.33391233,20.71950266,1.75866066,1.46026008,1.0009704,0.75912676,0.66214854,0.61715932,0.55925542,0.21656243,0.52405377,0.63961376,0.77935615,0.01428037,,,39.40918049,19.52916424,7.35375527,7.58456419,8.25279227,6.52838871,0.3669592,1.5122269,1.88603259,0.57909,1.21413821,0.1599992,0.7619758,,0.12338,0.21954269,0.18553421,0.30706768,0.06965,0.09353,,,,,,,,,,4.46367314,,3.90187191,,0.06672019,,0.26889564,,,,,27.66775039,8.5918433,5.343193,0.25275209,,0.62392644,,17.62384378,1.49446818,2.65544133,,0.12540823,
264,2024-12-31 00:00:00,2638.42272727,103660544.42171,3224.20333535,270987188759.24,872.22298417,392.60385562,109.66372906,101.94764808,44.74725568,16.19554825,10.69792221,14.13431109,8.13841875,10.08523667,1.28626401,,,,40.74163553,9.13711809,5.35447048,5.49211776,2.75097025,1.34244525,0.97957403,0.50329055,0.03700516,0.5822243,1.00958775,0.28697662,0.35187363,0.07105019,0.12113987,,198.2034101,200.21899068,57.54955799,38.09095083,35.09182442,18.83666998,13.62188729,0.33542652,3.59005232,0.72755957,0.95426787,0.03415563,13.0067541,,,,166.48130305,63.95917305,23.01862849,16.98257313,13.89709334,8.3375091,2.95816762,7.24539491,4.28281717,0.44717265,0.27361136,0.79158664,0.39222165,,,,,65.14161985,63.76929434,18.32048045,34.46431049,38.70955363,24.08036818,18.78339165,14.72228156,17.29030879,8.41523902,8.35153828,7.04007545,5.16475564,3.12891837,4.95840158,4.87653815,4.96380134,4.18426786,2.9917954,2.70057794,1.9798004,2.86497944,1.96535671,1.86197797,2.0215982,2.54508671,1.18473788,1.29019885,1.45862398,1.44454507,1.1980972,0.53468632,1.08791083,0.29228214,1.14653812,0.69881579,0.46303014,0.63282444,0.42899946,0.48295491,0.03110229,0.60707249,0.37940559,0.21976309,0.35709929,0.04462265,0.13987004,0.34091941,0.1809638,0.10435073,0.36813181,0.16208094,0.06276697,0.08708402,0.00445756,0.03586133,,,,,,,,,,,,,,,,,,,0.43319244,0.49807557,5.00619942,11.36206546,0.35093921,0.1785997,0.01452223,46.4117434,24.39758204,11.61625116,21.24826628,2.34026295,1.63244674,1.25839549,1.17226868,0.78713089,0.77407738,0.68741789,0.22856243,0.64745362,0.73861376,0.77935615,0.01428037,,,39.9905064,19.61722817,7.34203746,7.69873788,8.41042789,6.70995707,0.4017842,1.52741475,1.91229805,0.584065,1.2042531,0.1716395,0.83091051,,0.12826808,0.22489282,0.26084645,0.30634399,0.070645,0.09447275,,,,,,,,,,5.04015479,,3.8407779,,0.06597044,,0.27311553,,,,,26.86767501,8.5807851,5.14690996,1.24484609,,0.62972076,,17.56814074,1.48416902,2.6917024,,0.12540823,
265,2025-01-31 00:00:00,2705.39130435,104786848.24908,3259.23530028,294723947887.48,864.48945375,391.84988155,111.25735264,101.94603589,44.50328107,16.42731887,10.78584358,14.60154116,8.22128456,10.08383776,1.28611143,,,,40.67907686,9.20437062,5.46530927,5.49038649,2.89774747,1.36826549,1.07338761,0.45413144,0.06144254,0.60276692,1.00276819,0.30134132,0.34325526,0.10663082,0.12001365,,209.84858158,205.50752704,58.3629485,37.37432172,35.11768957,17.81236403,15.46916521,0.35120046,3.60938845,0.72238045,0.94463507,0.03400826,12.97805475,,,,173.20589832,67.10924418,23.85526978,17.18382294,14.20097314,8.72520044,4.70834279,7.27889489,4.26544744,0.46591229,0.28869176,0.84541419,0.39018087,,,,,69.63878292,63.8046489,19.61020936,35.0556795,38.81184753,23.84400891,17.87164375,14.78392704,17.36807735,8.42574996,8.39952097,7.08227598,5.12910982,3.72770427,5.06323522,5.07833098,5.72938364,4.20958161,2.85559637,2.72222389,1.95070112,2.90568513,2.01721452,1.85477468,1.80680081,2.56378628,1.98701424,1.28718242,1.20862931,1.45579967,1.19223314,0.54845938,1.11260866,0.28076738,0.98642281,0.6997576,0.47711918,0.62579625,0.42787225,0.45435543,0.03074721,0.60987569,0.38935673,0.21976309,0.35704099,0.04664001,0.13945027,0.33465275,0.1811502,0.10435073,0.28995723,0.15014682,0.0655596,0.08766611,0.00445756,0.03594644,,,,,,,,,,,,,,,,,,,0.39294485,0.48950593,5.20493297,11.60877805,0.33876381,0.18126232,,45.81730528,22.87350734,11.75610816,19.50633199,2.18051183,1.49693176,1.15852651,1.03443779,0.86168714,0.7702971,0.53220045,0.21356243,0.50900477,0.52061376,0.74187778,0.0141365,,,40.62890252,20.33677901,8.36726346,7.86479403,9.58497028,7.93500097,0.4425792,1.54454482,1.89987306,0.61889,1.22011067,0.1891499,0.85584554,,0.13882668,0.22618187,0.26450371,0.31296147,0.070645,0.09432146,,,,,,,,,,5.55783896,,3.81427489,,0.06623849,,0.2756834,,,,,27.2351389,8.75338248,5.48228946,1.26931639,,0.69455516,,18.67225313,0.92991515,2.17736316,,0.12800455,
266,2025-02-28 00:00:00,2894.725,108058609.34201,3360.99844543,306876874446.19,904.10997025,411.23045798,118.21159367,103.40244471,45.03179922,18.72210281,11.95247506,15.00346069,8.26637195,10.28199928,1.65931186,,,,39.7940033,9.24852607,5.39867126,5.4889095,3.20009266,1.50353514,1.17964337,0.49731985,0.0733475,0.63215525,0.99576996,0.36051822,0.34036266,0.12438278,0.14556829,,210.17660754,205.45381472,58.32340539,37.21184167,35.02927091,18.13167015,15.38606715,0.30986966,3.70212003,0.7088089,0.94439094,0.04779789,12.93675055,,,,173.57770806,66.67231649,24.77612948,17.32539128,13.71529422,8.61823415,4.95081366,7.33919484,4.33447202,0.59963296,0.27967551,0.90784076,0.39157802,,,,,67.28527044,63.36128596,21.85986221,36.72408916,38.67143531,23.69253353,18.02528562,14.89450837,17.31687482,8.54370607,8.36687135,7.15877031,5.18095799,3.7076247,5.16010591,5.1665678,5.69630646,2.61903034,2.85001063,2.68415483,1.96472003,2.90295594,2.01939983,1.74484773,1.79536119,2.55854407,2.03911864,1.63692942,1.21249035,1.36506313,1.20443639,1.18949753,1.04187567,0.27584473,0.98622892,0.69940922,0.48158372,0.62674359,0.42935834,0.45578074,0.03672165,0.58350618,0.38829655,0.21976309,0.35696,0.05783038,0.15000137,0.33594169,0.16955392,0.10435073,0.28462619,0.15010496,0.07404859,0.08735155,0.00445756,0.03506681,,,,,,,,,,,,,,,,,,,0.37081307,0.48928445,5.40605515,11.75538049,0.32834293,0.179971,,50.93391356,26.74110647,15.01483833,23.15800256,3.29736816,2.31043148,1.46677823,1.3063592,1.43396271,1.41223684,0.73609516,0.32156243,0.71261042,0.94461376,0.74187778,0.0141365,,,42.08397158,21.69583388,8.32118929,8.12024524,9.83215551,7.93906371,0.51994044,1.65917966,1.98937043,0.72635,1.20128958,0.2229799,0.82814526,,0.15271937,0.30656065,0.2680768,0.32187483,0.08159,0.0943166,0.06965,,,,,,,,,7.28833461,,3.84065675,,0.0656984,,0.34329205,,,,,27.61661402,9.11832956,5.57485461,1.337954,,0.72182374,,18.15154727,1.80039933,2.16002303,,0.1291622,
267,2025-03-31 00:00:00,2983.2547619,111053098.5369,3454.13747054,346236662496.39,933.08704546,424.79190533,132.06507081,106.1289851,47.99334062,21.37334151,12.92355101,15.03230197,8.78930218,10.40333966,1.86650615,,,,39.40698579,9.6521542,5.47133145,5.48335147,3.60167238,1.63827756,1.2849504,0.50960837,0.12239699,0.65515399,0.99987559,0.38648199,0.33342664,0.14212046,0.15704478,,215.12879314,203.89549857,57.68860516,37.39444475,34.9018532,17.78589171,17.00482121,0.37321277,3.79212648,0.71945594,0.94635018,0.08875998,12.93357774,,,,174.32955753,64.36014476,25.38954932,17.60898221,13.7130716,9.13346272,5.61555855,7.32269486,4.41837913,0.6703303,0.55168867,0.97442257,0.41499293,,,,,70.71712818,63.61326982,23.36754286,37.73399196,38.1722763,24.07645071,18.14203385,15.33996632,17.39140774,8.75680242,8.69813066,7.21513614,5.19636743,3.86746295,5.3397202,5.30553463,5.77835281,2.69040633,2.83987973,2.71414514,1.96998979,2.87907494,2.09341735,1.77211191,1.79780652,2.55315599,1.95427762,1.63513375,1.23119395,1.24224197,1.23344501,1.15868387,1.06268791,0.27526951,0.98602644,0.70526482,0.49023327,0.63184031,0.42903085,0.46280518,0.03737739,0.60691439,0.35319625,0.29698124,0.35692765,0.0589059,0.32854521,0.32329304,0.16982003,0.09237786,0.26177883,0.1500717,0.07770589,0.09070022,0.00842702,0.0382872,,,,,,,,,,,,,,,,,,,0.35082962,0.4920908,5.32936077,12.19712692,0.32421076,0.1794957,,56.63931047,26.92472955,16.17528297,23.21659873,3.47805512,2.63405397,1.52095891,1.34143144,1.5638659,1.37829947,0.80360119,0.31856243,0.68046782,0.77561376,0.74187778,0.0141365,,,44.36274062,21.40549719,7.87054819,8.23386866,9.94010772,7.70989123,0.55578656,1.67788147,2.03893422,0.78804,1.21715374,0.25149899,0.82822526,,0.16883285,0.31807722,0.27715307,0.32268542,0.08955,0.09391596,0.14527,,,,,,,,,8.30853523,,3.838054,,0.06603094,,0.36828679,,,,,27.94983135,9.38047862,5.83994252,1.38109242,0.00323316,0.75517526,,18.44873664,1.8116931,2.255992,,0.12801476,
268,2025-04-30 00:00:00,3216.40681818,114763119.0788,3569.53200828,379503895405.83,943.96741595,437.23359075,137.66059341,113.00550527,48.6691847,24.75324145,14.15864681,15.69473516,8.82862208,10.67801324,2.21881232,,,,39.40698579,10.97113062,5.39013021,5.4656778,3.53132856,1.78730246,1.27421483,0.49100362,0.58195029,0.72388101,0.99667195,0.39841764,0.32770365,0.14210053,0.15615974,,211.63057093,198.03370638,56.85931353,35.43573363,34.51959845,18.3473568,15.8138495,1.40772939,3.93098353,0.83686716,0.95641618,0.1010128,12.93025561,,,,175.29219686,60.01180823,25.80972512,17.93225234,15.49963736,9.24504096,5.76919152,7.32269486,3.94130281,1.05304586,0.57444059,1.08090273,0.45009714,,,,,74.37252257,61.97693815,24.22413354,40.2071118,38.4335001,25.42195683,19.5627125,16.69648872,17.52529051,9.5539523,9.03941307,7.35697293,5.53543265,4.2934571,5.75216634,5.29431182,5.7620351,2.68459861,2.8905212,2.82326863,1.99661006,2.76666954,2.12741564,1.793424,1.39945893,1.7546832,1.88274999,1.60491852,1.31684823,1.23669196,1.2614602,1.06850934,1.10289149,0.28471128,0.94119749,0.73494104,0.51130742,0.64226822,0.45052708,0.49499501,0.60874046,0.12740976,0.43736299,0.34372363,0.36018826,0.39294645,0.31855375,0.31198434,0.16796989,0.09933643,0.27238104,0.15003668,0.0803244,0.09488414,0.00919187,0.03744531,,,,,,,,,,,,,,,,,,,,,6.10604457,12.19464271,0.32767577,0.18169867,,76.09490034,37.62120743,25.02907732,35.28818052,5.76766594,5.11388353,3.20177122,2.58176094,3.05542675,2.99915499,1.87677512,0.84656243,1.37147146,1.39261376,0.72059626,0.01405105,,,47.76164979,22.15867755,7.76310052,8.23228538,10.1689706,7.91577019,0.62395064,1.75179066,2.11550275,0.796,1.26202033,0.29985346,0.76962697,,0.17462993,0.35023844,0.2934936,0.33240829,0.09552,0.09650371,0.06965,0.014925,,,,,,,,8.65163451,,3.55481923,,0.06557016,,0.42320519,,,,,28.37715316,9.65226687,6.19749441,1.37623917,0.01621039,0.84609567,,19.09519692,2.05857928,2.28929661,,0.2062255,
269,2025-05-30 00:00:00,3279.64318182,114152231.30215,3550.53127451,374848361061.73,929.8999043,431.71555721,141.03745919,113.00419894,47.68319714,26.00798697,13.64943986,15.83653773,8.82320471,10.46168722,2.15632299,,,,39.40698579,10.90245629,6.60124446,5.463996,3.39680666,1.79461806,1.29175909,0.46006062,0.54482564,0.75267785,0.99010917,0.4042298,0.32670834,0.15982451,0.15728387,,212.39722583,197.32443952,55.82386113,35.76607066,34.13271465,19.01968584,15.79775341,1.41475624,3.94802284,0.70325022,0.95606834,0.116071,12.92719962,,,,173.30599825,59.52872958,25.71701784,18.07850662,15.52664635,9.45623805,5.72573997,7.03859506,4.03595974,1.11226044,0.57730513,1.02272679,0.43906403,0.02721216,0.01554951,,,77.35740853,60.71300977,25.58736325,41.00673912,38.35818681,25.16746921,19.49585796,17.13417216,17.53126299,9.54053444,8.88337626,7.22061593,5.48674716,4.41385863,5.78496179,5.37306239,5.66623743,2.68747537,2.89530157,2.77674784,1.9934566,2.85020985,2.10537698,1.76720824,1.43700615,1.72318328,1.87806828,1.59953528,1.31062035,1.20150931,1.28186447,1.05786934,1.08730449,0.28075046,0.94098088,0.72483272,0.51214132,0.64509781,0.44783609,0.49264565,0.59813992,0.12548493,0.43669953,0.34550714,0.36010207,0.38436051,0.31697314,0.30225883,0.16824394,0.10252631,0.27104964,0.14999951,0.07993221,0.09458653,0.00914499,0.03805328,,,,,,,,,,,,,,,,,,,,,6.84996569,12.30796713,0.32357316,0.18155713,,76.78164355,36.92765393,23.62406278,33.74803945,5.84170711,4.49468617,3.3862767,2.51747089,2.69256857,2.53469403,1.71251582,0.88256243,1.27030884,1.28961376,0.72059626,0.01405105,,,48.2747425,21.553,7.816,8.291,10.192,7.691,0.677,1.768,1.995,0.789,1.244,0.3074,0.768,,0.183,0.388,0.287,0.368,0.1,0.094,0.148,0.015,,,,,,,,8.74424292,,3.38525045,,0.04714124,,0.49475505,,,,,27.90307568,9.60804283,6.48591063,1.33034184,0.14886689,0.86712618,,18.92658599,2.09305981,2.1883484,,0.19316978,
270,2025-06-30 00:00:00,3352.00238095,116554400.92914,3625.2471017,383791265686.98,952.22189668,441.82906041,148.35547682,112.36543187,48.89269091,28.76683831,14.6098824,16.27122504,8.90397212,10.46015567,2.15605674,,,,39.10833256,11.16441864,6.02258888,5.46247187,3.53270554,1.91751954,1.37931209,0.4476471,0.54911892,0.76965761,0.98727878,0.40495536,0.32254051,0.17754627,0.16959709,,218.65747102,203.32640558,56.43747124,36.1387592,33.99245894,21.80778836,13.48791964,4.09298234,4.07459974,0.82309254,1.01206975,0.13121382,12.98131749,,,,173.8094379,59.26878995,26.05119498,18.3816994,16.75312194,10.0027838,6.14962072,7.03829506,4.16376632,1.34129854,0.57617903,1.02344295,0.44613907,0.02720638,0.02736041,,,72.74872683,60.97068777,28.19764492,40.25218395,38.44684731,26.00089409,20.39529077,17.17986901,17.56586583,9.64622089,9.15818682,7.63883754,5.7219214,4.37651933,6.02817028,5.41171355,5.86558409,2.68340968,2.90082901,2.7619438,2.02881804,2.94594133,2.19431559,1.78230151,1.43845063,1.75094224,1.92806866,1.63676318,1.35177094,1.21409895,1.34964301,1.0513046,1.10107897,0.29368676,0.94075848,0.73898983,0.53322748,0.64897637,0.44473461,0.50810457,0.6563766,0.27997671,0.43768087,0.35701071,0.36001012,0.38496812,0.32223276,0.30088963,0.17212382,0.12116027,0.280263,0.14996125,0.08289541,0.09350978,0.00942551,0.03680778,,,,,,,,,,,,,,,,,,,,,7.96310429,12.58756934,0.32343305,0.18279297,,77.87256608,36.01124672,23.71296385,33.39943724,6.31144196,4.58229341,3.59188292,2.63906703,2.69960338,2.58820782,1.74596264,0.91556243,1.42426537,1.27561376,0.72059626,0.01405105,,,50.10389084,22.25,8.093,8.601,10.517,7.818,0.773,1.891,2.044,0.806,1.166,0.3337,0.775,,0.207,0.421,0.292,0.376,0.104,0.121,0.139,0.015,,,,,,,,8.81126116,0.33766713,3.43978914,,0.04711718,,0.54302501,,,,,28.2755785,9.75722006,6.72042812,1.38330868,0.23003109,0.89417455,,19.18153177,2.58632337,2.26574549,,0.21476924,
271,2025-07-31 00:00:00,3338.31304348,117280468.17903,3647.83031754,387359171875.73,954.1922284,449.94449498,150.49865352,112.36543187,48.61865318,30.47088965,14.82268556,16.66404835,9.00729945,10.4585958,2.19723857,,,,39.10833256,10.08981163,4.87559466,5.46084263,3.5203768,1.90662603,1.41463071,0.65748517,0.60212592,0.76661686,0.98255109,0.42216437,0.31890143,0.17750499,0.16807149,,220.91009392,208.85762372,56.35329307,37.01721522,33.804096,21.17223286,14.1680563,5.88283184,4.36530576,0.86899579,1.33848924,0.13577337,9.03033229,,,,174.48921742,55.67744875,26.44124828,18.84872286,16.20805526,9.38513198,5.20685825,7.05899504,4.17480627,1.44666312,0.58233806,1.02735363,0.43254891,0.02720061,0.02735364,,,76.76859854,61.03009966,31.85766195,40.81116335,38.75005654,25.36223743,20.17983098,17.39175057,17.40044764,9.71611574,8.8706831,7.50925266,5.61641831,4.51618437,5.95099785,5.64052832,5.90748108,2.68573544,2.89412842,2.68874261,2.04969675,2.92477754,2.17545223,1.79768337,1.51138109,1.76278778,2.02374124,1.63288809,1.31476961,1.3213849,1.34773401,1.07999105,1.12015435,0.2793882,0.91083022,0.7350363,0.5520378,0.64891101,0.43186452,0.5040269,0.63199764,0.37559934,0.43681318,0.35050206,0.35991819,0.38181372,0.32050078,0.29778148,0.17234825,0.12074779,0.26300218,0.14992576,0.08418695,0.09062366,0.00887748,0.03642704,0.00047294,0.00014699,0.00837984,0.00014709,,,,,,,,,,,,,,,,,8.02625766,12.67392405,0.3200566,0.17975557,,75.72130873,36.39759001,23.42819655,32.50623645,6.14530419,4.51528382,3.78467875,2.82594079,2.66944176,2.52630472,1.72250059,0.86456243,1.46365082,1.23861376,0.69519822,0.01351751,,,52.08535097,22.493,8.184,8.854,10.727,7.861,0.861,1.962,2.073,0.823,1.177,0.3647,0.812,0.007,0.243,0.464,0.299,0.377,0.109,0.121,0.14,0.016,,,,,,,,8.7865794,0.72630185,3.43879025,,0.04663546,,0.59358918,,,,,28.31919104,9.86420003,6.54166766,1.43398516,0.26446531,0.9058557,,17.70134385,2.56037285,2.24717177,,0.21579307,
272,2025-08-29 00:00:00,3361.62380952,119015899.37084,3701.8082613,408377858327.05,977.38685399,456.24817282,154.36731122,112.36543187,49.50186968,31.91131637,15.09691823,16.62453068,9.16370827,10.34986273,2.23842175,,,,39.10833256,10.24030192,4.99008083,5.45916084,3.5887248,1.98692517,1.48261738,1.17591578,0.65646182,0.79934987,0.98307984,0.42271867,0.31510684,0.15971981,0.16960168,,228.9662304,214.65852315,56.14037103,37.68376483,33.8055967,22.55265069,14.44682777,6.27608914,4.48246184,0.95134961,1.33642993,0.13858256,0.0832001,,,,174.82602719,57.04101947,27.17078415,19.11523709,16.812134,9.71691072,5.79789197,7.05769504,4.17695344,1.49764499,0.59334257,1.03929078,0.45571113,0.03962731,0.02734737,,,78.59617577,61.25287077,34.11767882,41.29827972,38.53705488,25.68277864,20.76667257,17.45817046,17.42590111,9.91710794,9.06068419,7.84443144,5.70850745,4.78607503,6.64202055,6.32017043,5.86700615,2.86705348,2.91751691,2.78619832,2.10492501,3.00695441,2.14821509,1.80217177,1.51366716,1.76558408,2.0235872,1.6399603,1.33093121,1.31894905,1.40616731,1.09762752,1.02915352,0.28286164,0.88677675,0.74083989,0.54590282,0.64923341,0.4397787,0.51020958,0.63609823,0.44458684,0.46318815,0.36638864,0.36320995,0.38038795,0.31922028,0.29606911,0.17782683,0.13017156,0.26875521,0.14988698,0.08634805,0.09261229,0.00948474,0.03623927,0.00112118,0.00014694,0.00838179,0.00014721,,,,,,,,,,,,,,,,,8.69288451,12.76749036,0.3213729,0.1882816,,71.66351362,36.56634722,21.50338911,31.2615094,5.76813912,4.25882705,4.23533627,2.83151247,2.54222653,2.46531559,1.65297138,0.83756243,1.32543201,1.17061376,0.69519822,0.01351751,,,52.57083805,23.046,8.479,9.181,10.988,8.019,0.903,2.01,2.106,0.9134,1.212,0.4141,0.865,0.002,0.281,0.51,0.306,0.381,0.112,0.171,0.141,0.03,,,,,,,,9.270432,1.18645167,3.4372554,,0.04687657,,0.60711258,,,,,28.56566817,10.07678167,6.73297596,1.4980865,0.31248983,0.91444902,,17.5780477,1.7091987,2.25603948,,0.2053043,
273,2025-09-30 00:00:00,3665.19545455,123807568.15481,3850.84582001,474113630625.91,1012.57546448,480.97511741,169.56582655,113.42390594,50.74000346,38.39061003,16.01609273,17.47837047,9.61545997,10.45575087,3.06713065,,,,39.10833256,11.56049208,4.72491055,5.72680579,3.77935701,2.09069026,1.54040697,1.63248329,0.70965168,0.90173567,0.98236447,0.42866206,0.31134335,0.17742428,0.2063191,,241.2057955,219.13981756,56.25051049,38.33628526,33.90114722,22.80439226,14.68181025,6.43024658,4.79459513,1.13756358,1.41158277,0.15692616,0.07072028,,,,176.68071588,57.97146359,28.38795802,19.38533813,17.38624385,10.09418061,6.4536279,7.07759503,4.18795594,1.98791839,1.10299524,1.06918577,0.46060352,0.05515535,0.02734037,,,78.89550477,61.86797792,37.47578948,42.33614212,38.84702528,25.9097197,21.45667438,18.05172544,17.65711129,10.61796168,9.0759272,8.03372371,5.72956794,5.16078937,6.72629122,6.33889962,5.81806531,2.91524871,2.93943459,2.86686932,2.27936563,2.7551052,2.17882932,1.86853375,1.5128326,1.85718095,2.16939777,1.80610523,1.33274678,1.35317565,1.37963544,1.10706677,1.06788002,0.27222677,0.8866113,0.7407102,0.56651495,0.65484694,0.64758902,0.51090841,0.61001282,0.4461167,0.46303989,0.36650186,0.34632733,0.36884562,0.35349504,0.28238555,0.18720336,0.13208875,0.2697782,0.14985659,0.09799469,0.09279858,0.0180334,0.03646847,0.00201543,0.00014685,0.00836988,0.00014693,,,,,,,,,,,,,,,,,10.68292706,12.8211356,0.30834323,0.18002173,,77.9117094,34.48671765,22.96102078,29.95799012,6.68481163,4.52726259,4.49444804,2.94349792,2.43687382,2.1378958,1.36639651,0.87056243,1.20718219,1.05361376,0.69519822,0.01351751,,,55.95753754,25.207,9.279,10.418,12.066,8.355,1.284,2.204,2.235,1.087,1.288,0.5551,0.965,0.208,0.4,0.609,0.329,0.397,0.143,0.185,0.139,0.039,,0.025,,,,,,12.59355528,2.84384293,3.6048081,,0.04668606,,0.62076297,,,,,28.93243401,10.53075707,6.88712171,1.6935594,0.61582038,0.97458398,,17.54169164,1.16164343,2.73578727,,0.21328225,
274,2025-10-31 00:00:00,4053.27608696,125634811.60772,3907.6794443,504729897297.85,1038.85576046,482.89484634,177.61836614,116.20431713,52.27451744,41.53568678,17.41068499,17.74789586,10.08021416,10.63822799,3.21179781,,,,39.10833256,11.63230604,5.30362849,5.72498592,3.90737987,2.18439709,1.59642314,1.54586955,0.81489194,0.93723874,0.97440204,0.46558993,0.30555815,0.19513375,0.20380919,,237.64752115,206.36034429,54.67009613,37.50911821,32.26193105,17.2607867,14.01755426,6.35554069,4.25782243,1.29157368,1.24605974,0.13560418,0.05742833,,,,173.26729828,53.55157642,29.05039468,19.05976621,15.86027712,9.66475531,5.94335097,7.07509503,4.01405041,2.30981017,1.20256609,1.10245733,0.4692956,0.07067696,0.02733361,,,81.34478967,60.53337342,41.51860541,42.32737513,38.33244736,24.94791643,20.82264916,18.39978824,17.56787575,10.37823348,8.92624045,7.48223531,5.7044254,4.69029896,6.22977495,6.13354592,5.48269471,2.92584367,2.95633402,2.7923633,2.36197604,2.77330392,2.19137342,1.8800268,2.14251665,1.82962733,2.0388167,1.68442498,1.31147052,1.31992897,1.27016954,1.10317468,1.03932886,0.9887546,0.88643009,0.72179497,0.57712833,0.64714313,0.63280647,0.50274802,0.58679657,0.37398808,0.4773318,0.36612673,0.34628951,0.35656509,0.31615515,0.27671844,0.18497532,0.15315378,0.26388309,0.14982393,0.10019705,0.09076889,0.01775135,0.03736899,0.00889987,0.00901524,0.00822445,0.00014693,,,,,,,,,,,,,,,,,9.25790579,12.29323457,0.29388637,0.18008773,,87.82863874,40.48915922,27.46426483,34.61132912,8.95359351,5.76279226,5.56706076,3.90174841,3.24664716,2.74463961,2.11306358,1.39556243,1.46958651,1.31761376,0.68208375,0.01317081,,,59.69284633,26.673,9.799,11.559,12.833,8.661,1.676,2.366,2.34,1.334,1.404,0.666,0.99,0.549,0.551,0.694,0.348,0.416,0.188,0.195,0.147,0.05,,0.0318,,,,,,14.3716624,3.97201486,3.51785189,,0.04650819,,0.75480016,,,,,29.26069203,11.07889577,6.7353962,2.26098042,0.74421226,1.03599614,,16.97639672,0.82674437,2.43025595,,0.28104014,
275,2025-11-28 00:00:00,4082.9525,126953036.75578,3948.68082957,532547020675.51,1045.13182617,483.91857098,176.55862817,116.20431713,52.59381254,41.54903514,17.63843617,17.74331038,10.35251833,10.77480972,3.21142646,,,,39.04643712,11.55815067,5.46935573,5.72344179,3.897927,2.28375877,1.65820318,1.44078625,0.85315351,0.98746527,0.95238095,0.47081901,0.30241672,0.17736434,0.2058985,,239.44855723,208.59368044,54.7619736,37.70255243,31.95469701,17.11667256,14.36435821,6.7781393,4.27562549,1.2613427,1.22068904,0.12881955,0.05741508,,,,173.45943815,52.61183371,29.75852215,19.48926399,16.32050934,9.66957247,5.85985153,7.07399503,3.9864222,2.82392622,1.20187833,1.14170796,0.48942418,0.08153474,0.02732754,,,82.82944045,60.28902413,43.59936448,42.55885969,38.07239811,24.73931491,20.84643246,18.42639362,17.54768256,10.42425671,8.9282993,7.53706881,5.81183594,4.71747632,5.45297682,5.3026847,5.45101097,2.95333204,2.9643973,2.8135197,2.41113115,2.77776041,2.22215526,1.90237407,2.14776222,1.79735583,2.05530079,1.63605097,1.30942873,1.30844903,1.26606954,1.09263723,1.05139525,0.9875268,0.88625446,0.71812974,0.63077024,0.65741932,0.59226309,0.50195863,0.57894531,0.36669033,0.4856573,0.39928796,0.34959787,0.35739784,0.31505405,0.27432524,0.17885265,0.1600365,0.22545826,0.14979214,0.09990816,0.09124283,0.01770161,0.03762697,0.01660272,0.01057209,0.00822069,0.00014702,,,,,,,,,,,,,,,,,9.69873198,11.99283138,0.28535739,0.1787729,,95.12243602,41.95158743,30.01091238,36.30464905,10.33526527,6.36213994,5.8403551,4.29693637,3.58325528,2.99712129,2.24463731,1.51856243,1.49178484,1.37361376,0.68208375,0.01317081,,,63.36509256,27.378,10.66,11.948,13.062,8.776,1.715,2.431,2.381,1.391,1.477,0.7232,1.042,0.703,0.549,0.721,0.367,0.422,0.201,0.196,0.149,0.059,,0.0328,0.048,,,,,16.65847001,4.48227123,3.60135159,,0.04662657,,0.82375488,,,,,29.00830686,11.16442722,6.69895651,2.26178411,0.98394515,1.06656038,,16.60302744,0.76708222,2.44484845,,0.28306021,
276,2025-12-31 00:00:00,4315.24130435,129390162.03092,4024.48389895,558729143554.46,1070.21072971,493.67957376,182.57633502,114.87350316,52.94143217,43.53073646,18.35710384,17.73485365,10.64437122,10.77314417,3.35604417,,,,38.44278561,11.87127418,6.85406552,5.72167706,3.90151386,2.43664028,1.6208015,1.47935137,0.94223337,1.08353851,0.95029704,0.48424567,0.29569842,0.1797902,0.21661235,,243.16700449,205.398176,54.52571712,37.80020235,31.68834877,21.33402002,14.16190946,6.99447135,4.34349414,1.28087298,1.25636066,0.12946409,0.05819756,,,,172.87849855,51.81325287,30.33834961,19.32876701,16.69809394,9.53596017,6.17351375,7.01209507,3.99624389,2.99991267,1.2473592,1.15045379,0.49744408,0.09238511,0.02732033,,,85.04076878,60.44992041,45.70247838,42.63935168,38.35201389,25.40503139,21.09110994,18.87788654,17.69655933,10.62488759,9.13420202,7.37222713,5.8217425,4.78909664,5.67700034,5.37503052,5.24277264,3.02490588,2.97561723,2.82386054,2.44482544,2.82696255,2.21242374,1.89795842,2.14291105,1.71260969,2.04973365,1.6337421,1.35788417,1.3191382,1.31031624,1.10490557,1.05891181,1.01740141,0.89724969,0.73433757,0.63552281,0.65145156,0.59870857,0.51246713,0.58125882,0.39959109,0.49276334,0.40065847,0.34954702,0.36333456,0.32720313,0.27078194,0.2012287,0.17704991,0.23304435,0.15183554,0.10106988,0.09339657,0.01788938,0.03720853,0.01453171,0.00971993,0.00821909,0.00014698,,,,,,,,,,,,,,,,,11.11681497,11.3577447,0.2580698,0.18605926,,95.93135394,41.35413432,30.24212534,36.421024,11.92579297,6.7764566,6.04446914,5.07981705,3.63483025,2.95550852,2.43724059,1.56356243,1.39952648,1.39061376,0.68208375,0.01317081,,,66.26604392,29.659,13.183,12.915,13.74,9.037,2.029,2.888,2.471,1.52,1.538,0.8531,1.134,0.865,0.755,0.827,0.381,0.44,0.222,0.199,0.148,0.082,0.015,0.0357,0.0459,,,,,18.09660274,5.04976923,3.62893118,,0.04698326,,0.86736402,,,,,29.18138847,11.36356003,6.77310644,2.33192714,1.07862572,1.1137711,,16.71325056,0.78787133,3.59796163,,0.28099852,
277,2026-01-30 00:00:00,4724.61590909,133253997.3658,4144.66261153,668684683514.94,1086.77225923,497.88995905,194.32161534,117.46284719,53.70462523,47.23329835,19.03767466,18.6643226,11.06583525,10.77187725,3.41782748,,,,38.44278561,12.37407207,7.63893374,5.71996749,3.95482969,2.51101025,1.6014245,1.4033828,1.3290603,1.05153077,0.94603589,0.48885718,0.29345899,0.23049284,0.23331026,,250.43767045,206.13685148,55.57391306,36.32618371,31.47045515,21.502384,13.71018043,7.33984669,4.42137197,3.44604571,1.45384081,0.13694932,0.05738673,,,,173.31616825,50.93183617,31.11317402,19.01050325,16.94508024,9.64474452,6.49856365,6.98509509,3.90747475,3.46463806,1.24671377,1.16583749,0.50875351,0.1078898,0.02731382,,,83.72302342,59.41535474,50.02041624,43.67616469,37.24169735,25.75197308,21.65430583,19.17478052,17.28041754,11.01557302,9.06251292,7.10260249,5.95055496,5.53331141,4.78691457,4.55063872,4.28458148,3.51151861,2.95453504,2.9384333,2.6490012,2.77385655,2.26156724,1.94953833,1.91937262,1.78873802,1.79806983,1.57542927,1.37670961,1.33724428,1.314889,1.19383519,1.02839419,0.97604138,0.88480381,0.73783914,0.67457912,0.64610172,0.61840875,0.52972058,0.55347569,0.42208171,0.45626116,0.42788154,0.34943704,0.3284101,0.3236044,0.25225017,0.22453647,0.20069976,0.2294144,0.14972448,0.14872722,0.09304178,0.01825552,0.03918494,0.02381579,0.01580912,0.00956183,0.00014653,,,,,,,,,,,,,,,,,11.62103378,11.30483282,0.26179028,0.16821821,,109.0278385,46.28758124,37.05872567,40.61745022,15.07135238,8.29563122,7.09517048,6.69125903,4.29729882,3.67149568,2.58436562,1.78556243,1.67857817,1.50561376,0.66266318,0.01299837,,,68.29819593,35.378,15.248,14.717,15.093,9.635,3.363,3.234,2.694,1.983,1.745,1.35,1.364,1.09,1.015,0.855,0.453,0.46,0.27,0.209,0.156,0.094,0.069,0.0513,0.0498,0.007,,,,22.08370294,6.56402115,3.85593428,0.17230907,0.04706626,,0.90893595,,,,,29.2226436,11.87149313,7.19043265,2.67808107,1.25146628,1.13845618,,16.52736489,0.85974952,4.01218405,,0.3200854,
278,2026-02-27 00:00:00,5019.5325,134091440.4778,4170.71000391,700792656540.64,1101.03268828,499.22720052,202.06370795,117.70815838,54.05247339,49.26131998,19.24980854,19.02163912,11.48411585,10.89307806,3.50031355,,,,38.44278561,12.6623002,7.6880166,5.92437834,4.03207491,2.61713769,1.71550421,1.44021909,1.12632757,1.06827051,0.94245902,0.52762504,0.29321016,0.25215356,0.19377127,,247.93542674,200.22686667,54.42844469,35.2894593,30.71684977,20.6920562,11.90589429,8.27229749,4.16145115,3.45752705,1.52704994,0.14211954,0.05737324,,,,171.74087935,48.6629508,31.79499146,19.4730718,16.77358186,9.47883514,7.30347925,6.93879513,3.7630603,3.63864127,1.2729391,1.17102413,0.48471358,0.1241659,0.03506564,,,84.94441912,59.0952746,53.35886133,42.86305852,36.77920762,25.12688442,21.73847078,19.51800348,17.23772318,11.21624797,8.71613141,7.08999188,5.85813863,5.51143424,4.94095605,4.57521464,4.31156784,3.77530845,2.98372163,2.91908223,2.76270634,2.6439586,2.2600725,1.93716886,1.92726387,1.76255124,1.56597684,1.53284367,1.37796734,1.33050802,1.26031868,1.18858344,1.04526634,0.97972265,0.88463046,0.73617379,0.67675354,0.64069356,0.56758217,0.5300971,0.5293373,0.46385741,0.45707447,0.44274078,0.3493556,0.32228027,0.31884074,0.24535362,0.23353855,0.21931105,0.18977766,0.14969252,0.14910084,0.09239549,0.05369246,0.03735187,0.03292789,0.01695006,0.01084539,0.00419265,,,,,,,,,,,,,,,,,11.47543271,11.27447579,0.25117188,0.16854813,,107.80373591,46.01112793,39.4394094,39.42651843,15.98825559,9.02270585,7.64834144,6.77775721,4.66693082,3.95398553,3.12370059,1.96856243,1.74293058,1.68461376,0.66266318,0.01299837,,,72.3906956,36.23557803,16.09101242,15.45627605,15.26828923,9.69730966,3.61752391,3.31662003,2.77270781,2.01426486,1.80758168,1.42945395,1.37683474,1.06854448,0.98218851,0.90272447,0.46892522,0.45135021,0.28717793,0.21570432,0.16359915,0.09118345,0.07,0.05133061,0.04885997,0.01421143,,,,21.31003606,6.4536102,3.96494481,0.88958288,0.04750216,,0.92302353,,,,,29.34801144,12.18206737,7.28635718,2.80263913,1.35541076,1.14663783,,16.16776995,0.8252756,3.80057041,,0.43384952,
279,,,,,,,,,,,,,,,,,,,,,,,,,,,,,,,,,,,,,,,,,,,,,,,,,,,,,,,,,,,,,,,,,,,,,,,,,,,,,,,,,,,,,,,,,,,,,,,,,,,,,,,,,,,,,,,,,,,,,,,,,,,,,,,,,,,,,,,,,,,,,,,,,,,,,,,,,,,,,,,,,,,,,,,,,,,,,,,,,,,,,,,,,,,,,,,,,,,,,,,,,,,,,,,,,,,,,,,,,,,,
280,,,,,,,,,,,,,,,,,,,,,,,,,,,,,,,,,,,,,,,,,,,,,,,,,,,,,,,,,,,,,,,,,,,,,,,,,,,,,,,,,,,,,,,,,,,,,,,,,,,,,,,,,,,,,,,,,,,,,,,,,,,,,,,,,,,,,,,,,,,,,,,,,,,,,,,,,,,,,,,,,,,,,,,,,,,,,,,,,,,,,,,,,,,,,,,,,,,,,,,,,,,,,,,,,,,,,,,,,,,,
281,,,,,,,,,,,,,,,,,,,,,,,,,,,,,,,,,,,,,,,,,,,,,,,,,,,,,,,,,,,,,,,,,,,,,,,,,,,,,,,,,,,,,,,,,,,,,,,,,,,,,,,,,,,,,,,,,,,,,,,,,,,,,,,,,,,,,,,,,,,,,,,,,,,,,,,,,,,,,,,,,,,,,,,,,,,,,,,,,,,,,,,,,,,,,,,,,,,,,,,,,,,,,,,,,,,,,,,,,,,,
282,,Column : fund_total_assets_tonnes,,,,,,,,,,,,,,,,,,,,,,,,,,,,,,,,,,,,,,,,,,,,,,,,,,,,,,,,,,,,,,,,,,,,,,,,,,,,,,,,,,,,,,,,,,,,,,,,,,,,,,,,,,,,,,,,,,,,,,,,,,,,,,,,,,,,,,,,,,,,,,,,,,,,,,,,,,,,,,,,,,,,,,,,,,,,,,,,,,,,,,,,,,,,,,,,,,,,,,,,,,,,,,,,,,,,,,,,,,
