Datetime,Open,High,Low,Close,Volume
2024-03-18 04:00:00,22.94,22.97,22.91,22.97,0
2024-03-18 05:00:00,22.97,23.0,22.92,22.92,0
2024-03-18 06:00:00,22.94,22.96,22.94,22.94,0
2024-03-18 07:00:00,22.94,23.03,22.94,23.03,0
2024-03-18 08:00:00,23.03,23.13,22.85,23.11,0
2024-03-18 09:00:00,23.1,23.16,23.03,23.1,0
2024-03-18 09:30:00,23.1299991607666,23.1299991607666,23.0,23.020000457763672,3775276
2024-03-18 10:30:00,23.020000457763672,23.020000457763672,22.905000686645508,22.98500061035156,2682430
2024-03-18 11:30:00,22.989999771118164,22.997499465942383,22.850000381469727,22.900999069213867,1477298
2024-03-18 12:30:00,22.899999618530273,22.940000534057617,22.8799991607666,22.920000076293945,1254801
2024-03-18 13:30:00,22.918500900268555,22.93000030517578,22.88999938964844,22.920000076293945,632836
2024-03-18 14:30:00,22.920000076293945,22.92989921569824,22.88999938964844,22.91010093688965,674170
2024-03-18 15:30:00,22.915000915527344,22.91990089416504,22.8799991607666,22.90999984741211,1055390
2024-03-18 16:00:00,22.91,22.91,22.89,22.89,0
2024-03-18 17:00:00,22.89,22.9,22.889,22.89,0
2024-03-18 18:00:00,22.89,22.92,22.89,22.91,0
2024-03-18 19:00:00,22.9,22.92,22.885,22.92,0
2024-03-19 04:00:00,22.84,22.84,22.69,22.75,0
2024-03-19 05:00:00,22.74,22.79,22.69,22.79,0
2024-03-19 06:00:00,22.79,22.82,22.77,22.79,0
2024-03-19 07:00:00,22.79,22.84,22.77,22.82,0
2024-03-19 08:00:00,22.83,22.98,22.6996,22.76,0
2024-03-19 09:00:00,22.79,22.995,22.76,22.76,0
2024-03-19 09:30:00,22.790000915527344,22.799999237060547,22.614999771118164,22.7450008392334,4419819
2024-03-19 10:30:00,22.7450008392334,22.829999923706055,22.719999313354492,22.825000762939453,2237815
2024-03-19 11:30:00,22.8257999420166,22.84000015258789,22.739999771118164,22.790000915527344,1704760
2024-03-19 12:30:00,22.795000076293945,22.84000015258789,22.770000457763672,22.818500518798828,1590816
2024-03-19 13:30:00,22.819799423217773,22.825000762939453,22.780000686645508,22.78499984741211,657265
2024-03-19 14:30:00,22.78499984741211,22.809999465942383,22.774900436401367,22.78499984741211,754907
2024-03-19 15:30:00,22.78499984741211,22.790000915527344,22.770000457763672,22.78499984741211,1384474
2024-03-19 16:00:00,22.79,22.8,22.77,22.7898,0
2024-03-19 17:00:00,22.7803,22.8,22.77,22.7992,0
2024-03-19 18:00:00,22.79,22.79,22.76,22.77,0
2024-03-19 19:00:00,22.79,22.79,22.7599,22.76,0
2024-03-20 04:00:00,22.77,22.77,22.73,22.73,0
2024-03-20 05:00:00,22.73,22.735,22.66,22.72,0
2024-03-20 06:00:00,22.72,22.73,22.68,22.68,0
2024-03-20 07:00:00,22.68,22.73,22.68,22.71,0
2024-03-20 08:00:00,22.71,22.8,22.6796,22.71,0
2024-03-20 09:00:00,22.71,22.79,22.63,22.74,0
2024-03-20 09:30:00,22.709999084472656,22.90999984741211,22.700000762939453,22.84000015258789,3953298
2024-03-20 10:30:00,22.834999084472656,22.850000381469727,22.760000228881836,22.795700073242188,1265661
2024-03-20 11:30:00,22.790000915527344,22.809999465942383,22.75,22.76499938964844,1008951
2024-03-20 12:30:00,22.770000457763672,22.81999969482422,22.750200271606445,22.780500411987305,721328
2024-03-20 13:30:00,22.78499984741211,23.13999938964844,22.760000228881836,23.026199340820312,5196322
2024-03-20 14:30:00,23.030000686645508,23.450000762939453,22.8700008392334,23.399999618530273,12819360
2024-03-20 15:30:00,23.399999618530273,23.424999237060547,23.290000915527344,23.309900283813477,6255649
2024-03-20 16:00:00,23.29,23.39,23.29,23.39,0
2024-03-20 17:00:00,23.38,23.4097,23.38,23.39,0
2024-03-20 18:00:00,23.39,23.55,23.37,23.44,0
2024-03-20 19:00:00,23.44,23.54,23.38,23.5,0
2024-03-21 04:00:00,23.55,23.55,23.39,23.39,0
2024-03-21 05:00:00,23.395,23.395,23.2,23.315,0
2024-03-21 06:00:00,23.3,23.39,23.265,23.34,0
2024-03-21 07:00:00,23.36,23.36,23.27,23.28,0
2024-03-21 08:00:00,23.31,23.53,23.22,23.27,0
2024-03-21 09:00:00,23.26,23.27,23.1,23.14,0
2024-03-21 09:30:00,23.13999938964844,23.15999984741211,22.670000076293945,22.690000534057617,12819251
2024-03-21 10:30:00,22.69499969482422,22.81999969482422,22.530000686645508,22.545000076293945,6187800
2024-03-21 11:30:00,22.540000915527344,22.670000076293945,22.53499984741211,22.6200008392334,3515814
2024-03-21 12:30:00,22.6200008392334,22.719999313354492,22.6200008392334,22.707399368286133,2055213
2024-03-21 13:30:00,22.700000762939453,22.700000762939453,22.649999618530273,22.670000076293945,1555804
2024-03-21 14:30:00,22.670000076293945,22.68420028686523,22.63999938964844,22.645000457763672,1700407
2024-03-21 15:30:00,22.645000457763672,22.649999618530273,22.6200008392334,22.649999618530273,2712127
2024-03-21 16:00:00,22.65,22.65,22.62,22.63,0
2024-03-21 17:00:00,22.63,22.64,22.61,22.64,0
2024-03-21 18:00:00,22.63,22.64,22.62,22.635,0
2024-03-21 19:00:00,22.635,22.65,22.63,22.65,0
2024-03-22 04:00:00,22.42,22.58,22.42,22.44,0
2024-03-22 05:00:00,22.44,22.52,22.44,22.49,0
2024-03-22 06:00:00,22.52,22.52,22.47,22.49,0
2024-03-22 07:00:00,22.49,22.53,22.48,22.495,0
2024-03-22 08:00:00,22.495,22.63,22.33,22.58,0
2024-03-22 09:00:00,22.58,23.2559,22.53,22.625,0
2024-03-22 09:30:00,22.649999618530273,22.81999969482422,22.6200008392334,22.649999618530273,8331917
2024-03-22 10:30:00,22.649999618530273,22.68000030517578,22.59000015258789,22.63990020751953,1597949
2024-03-22 11:30:00,22.63999938964844,22.649999618530273,22.59000015258789,22.59000015258789,1842681
2024-03-22 12:30:00,22.59320068359375,22.623600006103516,22.530000686645508,22.55500030517578,1600772
2024-03-22 13:30:00,22.55500030517578,22.604999542236328,22.520000457763672,22.584999084472656,1129263
2024-03-22 14:30:00,22.59000015258789,22.594999313354492,22.540000915527344,22.57010078430176,1118000
2024-03-22 15:30:00,22.575000762939453,22.579999923706055,22.549999237060547,22.56999969482422,1377007
2024-03-22 16:00:00,22.56,22.58,22.56,22.57,0
2024-03-22 17:00:00,22.56,22.58,22.56,22.56,0
2024-03-22 18:00:00,22.56,22.58,22.56,22.57,0
2024-03-22 19:00:00,22.58,22.58,22.54,22.54,0
2024-03-25 04:00:00,22.77,22.77,22.55,22.58,0
2024-03-25 05:00:00,22.59,22.6,22.55,22.575,0
2024-03-25 06:00:00,22.57,22.63,22.57,22.625,0
2024-03-25 07:00:00,22.59,22.62,22.59,22.61,0
2024-03-25 08:00:00,22.6,22.62,22.48,22.59,0
2024-03-25 09:00:00,22.63,22.67,22.61,22.6299,0
2024-03-25 09:30:00,22.600000381469727,22.729999542236328,22.594999313354492,22.704999923706055,2875604
2024-03-25 10:30:00,22.700000762939453,22.700000762939453,22.600000381469727,22.61000061035156,2089383
2024-03-25 11:30:00,22.614999771118164,22.6299991607666,22.5802001953125,22.625,1314559
2024-03-25 12:30:00,22.6200008392334,22.65999984741211,22.59000015258789,22.630300521850582,831475
2024-03-25 13:30:00,22.6299991607666,22.63999938964844,22.55010032653809,22.584999084472656,974539
2024-03-25 14:30:00,22.584999084472656,22.59000015258789,22.549999237060547,22.579999923706055,864665
2024-03-25 15:30:00,22.575000762939453,22.59000015258789,22.56999969482422,22.575000762939453,810590
2024-03-25 16:00:00,22.58,22.6064,22.55,22.58,0
2024-03-25 17:00:00,22.5797,22.61,22.56,22.58,0
2024-03-25 18:00:00,22.58,22.59,22.55,22.579,0
2024-03-25 19:00:00,22.55,22.57,22.55,22.56,0
2024-03-26 04:00:00,22.55,22.55,22.42,22.51,0
2024-03-26 05:00:00,22.51,22.62,22.51,22.62,0
2024-03-26 06:00:00,22.63,22.7,22.585,22.61,0
2024-03-26 07:00:00,22.62,22.68,22.61,22.63,0
2024-03-26 08:00:00,22.64,22.77,22.4396,22.72,0
2024-03-26 09:00:00,22.67,22.68,22.59,22.64,0
2024-03-26 09:30:00,22.61000061035156,22.614999771118164,22.43000030517578,22.459999084472656,3771449
2024-03-26 10:30:00,22.459999084472656,22.510000228881836,22.334999084472656,22.38999938964844,3260675
2024-03-26 11:30:00,22.38999938964844,22.38999938964844,22.290000915527344,22.3700008392334,2190660
2024-03-26 12:30:00,22.364999771118164,22.434999465942383,22.364999771118164,22.39579963684082,2069253
2024-03-26 13:30:00,22.395000457763672,22.40999984741211,22.344999313354492,22.38010025024414,1968858
2024-03-26 14:30:00,22.385000228881836,22.399999618530273,22.329999923706055,22.34000015258789,2239684
2024-03-26 15:30:00,22.34000015258789,22.350000381469727,22.329999923706055,22.334999084472656,2213172
2024-03-26 16:00:00,22.34,22.36,22.32,22.36,0
2024-03-26 17:00:00,22.37,22.37,22.35,22.35,0
2024-03-26 18:00:00,22.36,22.36,22.32,22.3201,0
2024-03-26 19:00:00,22.32,22.35,22.31,22.3495,0
2024-03-27 04:00:00,22.37,22.37,22.34,22.34,0
2024-03-27 05:00:00,22.34,22.36,22.33,22.34,0
2024-03-27 06:00:00,22.33,22.46,22.33,22.45,0
2024-03-27 07:00:00,22.445,22.51,22.445,22.481,0
2024-03-27 08:00:00,22.49,22.52,22.3204,22.4,0
2024-03-27 09:00:00,22.4,22.41,22.3496,22.36,0
2024-03-27 09:30:00,22.34000015258789,22.55500030517578,22.34000015258789,22.48500061035156,3627928
2024-03-27 10:30:00,22.48500061035156,22.520000457763672,22.399999618530273,22.40999984741211,2169671
2024-03-27 11:30:00,22.40999984741211,22.459999084472656,22.3799991607666,22.450000762939453,1226148
2024-03-27 12:30:00,22.454999923706055,22.539899826049805,22.450000762939453,22.510000228881836,1089835
2024-03-27 13:30:00,22.520000457763672,22.525299072265625,22.459999084472656,22.48500061035156,1281228
2024-03-27 14:30:00,22.48500061035156,22.525100708007812,22.480199813842773,22.4950008392334,993937
2024-03-27 15:30:00,22.490100860595703,22.524999618530273,22.479999542236328,22.51499938964844,1668044
2024-03-27 16:00:00,22.51,22.54,22.5,22.54,0
2024-03-27 17:00:00,22.54,22.54,22.53,22.53,0
2024-03-27 18:00:00,22.53,22.54,22.4608,22.4608,0
2024-03-27 19:00:00,22.48,22.48,22.46,22.46,0
2024-03-28 04:00:00,22.39,22.39,22.34,22.35,0
2024-03-28 05:00:00,22.35,22.37,22.31,22.33,0
2024-03-28 06:00:00,22.35,22.51,22.34,22.49,0
2024-03-28 07:00:00,22.51,22.61,22.51,22.52,0
2024-03-28 08:00:00,22.5,22.59,22.3196,22.49,0
2024-03-28 09:00:00,22.49,22.71,22.42,22.54,0
2024-03-28 09:30:00,22.479999542236328,22.579999923706055,22.415000915527344,22.532499313354492,5483232
2024-03-28 10:30:00,22.540000915527344,22.799999237060547,22.53499984741211,22.7549991607666,6555195
2024-03-28 11:30:00,22.75119972229004,22.760000228881836,22.620100021362305,22.70039939880371,6344889
2024-03-28 12:30:00,22.709999084472656,22.799999237060547,22.670000076293945,22.68989944458008,4383667
2024-03-28 13:30:00,22.690000534057617,22.77989959716797,22.689699172973633,22.7450008392334,1729041
2024-03-28 14:30:00,22.7450008392334,22.7450008392334,22.690000534057617,22.729900360107425,1643424
2024-03-28 15:30:00,22.725000381469727,22.760000228881836,22.709999084472656,22.75,2522444
2024-03-28 16:00:00,22.75,22.87,22.73,22.8202,0
2024-03-28 17:00:00,22.82,22.89,22.8,22.83,0
2024-03-28 18:00:00,22.83,22.88,22.81,22.8299,0
2024-03-28 19:00:00,22.8299,22.89,22.81,22.88,0
2024-04-01 04:00:00,23.06,23.06,22.8,22.98,0
2024-04-01 05:00:00,23.0,23.0,22.95,22.96,0
2024-04-01 06:00:00,22.98,22.99,22.9,22.91,0
2024-04-01 07:00:00,22.91,22.96,22.88,22.93,0
2024-04-01 08:00:00,22.94,23.13,22.77,22.85,0
2024-04-01 09:00:00,22.87,23.09,22.85,23.0704,0
2024-04-01 09:30:00,23.187000274658203,23.200000762939453,22.63999938964844,22.71500015258789,9096315
2024-04-01 10:30:00,22.71500015258789,22.86000061035156,22.6299991607666,22.857999801635746,4737258
2024-04-01 11:30:00,22.857999801635746,22.93000030517578,22.829999923706055,22.91990089416504,3504838
2024-04-01 12:30:00,22.90999984741211,22.93000030517578,22.799999237060547,22.825000762939453,1899036
2024-04-01 13:30:00,22.82830047607422,22.8700008392334,22.81999969482422,22.850000381469727,749251
2024-04-01 14:30:00,22.854999542236328,22.854999542236328,22.809999465942383,22.825000762939453,827989
2024-04-01 15:30:00,22.825000762939453,22.8700008392334,22.81999969482422,22.864999771118164,1235841
2024-04-01 16:00:00,22.86,22.94,22.85,22.94,0
2024-04-01 17:00:00,22.945,22.9648,22.91,22.94,0
2024-04-01 18:00:00,22.9301,23.05,22.91,23.0,0
2024-04-01 19:00:00,23.01,23.01,22.94,22.95,0
2024-04-02 04:00:00,23.35,23.47,23.34,23.41,0
2024-04-02 05:00:00,23.41,23.51,23.38,23.51,0
2024-04-02 06:00:00,23.5,23.52,23.36,23.42,0
2024-04-02 07:00:00,23.42,23.48,23.2,23.26,0
2024-04-02 08:00:00,23.27,23.47,23.09,23.41,0
2024-04-02 09:00:00,23.39,23.47,23.34,23.39,0
2024-04-02 09:30:00,23.329999923706055,23.559999465942383,23.239999771118164,23.520099639892575,15004030
2024-04-02 10:30:00,23.545000076293945,23.690000534057617,23.444000244140625,23.540000915527344,14698416
2024-04-02 11:30:00,23.540000915527344,23.649999618530273,23.469999313354492,23.559999465942383,6726933
2024-04-02 12:30:00,23.560300827026367,23.6299991607666,23.55010032653809,23.614999771118164,3134206
2024-04-02 13:30:00,23.61000061035156,23.76499938964844,23.600000381469727,23.7450008392334,4919162
2024-04-02 14:30:00,23.7450008392334,23.799999237060547,23.700000762939453,23.799999237060547,4613933
2024-04-02 15:30:00,23.798999786376953,23.895099639892575,23.780000686645508,23.850000381469727,7209796
2024-04-02 16:00:00,23.84,23.93,23.82,23.9002,0
2024-04-02 17:00:00,23.91,23.93,23.9,23.9299,0
2024-04-02 18:00:00,23.92,23.99,23.92,23.9383,0
2024-04-02 19:00:00,23.92,23.95,23.88,23.9197,0
2024-04-03 04:00:00,24.02,24.2,23.94,23.97,0
2024-04-03 05:00:00,23.97,24.08,23.95,24.02,0
2024-04-03 06:00:00,24.02,24.08,23.97,24.03,0
2024-04-03 07:00:00,24.04,24.08,23.96,23.99,0
2024-04-03 08:00:00,24.0,24.22,23.95,24.09,0
2024-04-03 09:00:00,24.1,24.34,23.84,24.29,0
2024-04-03 09:30:00,24.270000457763672,24.5,24.170000076293945,24.36000061035156,21053707
2024-04-03 10:30:00,24.36000061035156,24.56999969482422,24.31999969482422,24.430299758911133,8558877
2024-04-03 11:30:00,24.43000030517578,24.53499984741211,24.280000686645508,24.520000457763672,8421576
2024-04-03 12:30:00,24.510000228881836,24.649999618530273,24.510000228881836,24.649999618530273,5668615
2024-04-03 13:30:00,24.645000457763672,24.73500061035156,24.61000061035156,24.674999237060547,4882728
2024-04-03 14:30:00,24.670000076293945,24.760000228881836,24.66080093383789,24.73500061035156,4380749
2024-04-03 15:30:00,24.73500061035156,24.760000228881836,24.700000762939453,24.729999542236328,6504288
2024-04-03 16:00:00,24.73,24.8699,23.9975,24.8699,0
2024-04-03 17:00:00,24.8697,24.89,24.73,24.86,0
2024-04-03 18:00:00,24.87,24.95,24.81,24.86,0
2024-04-03 19:00:00,24.87,24.87,24.75,24.78,0
2024-04-04 04:00:00,24.78,24.78,24.73,24.74,0
2024-04-04 05:00:00,24.74,24.79,24.73,24.77,0
2024-04-04 06:00:00,24.76,24.76,24.71,24.72,0
2024-04-04 07:00:00,24.71,24.74,24.68,24.7,0
2024-04-04 08:00:00,24.7,24.8,24.56,24.64,0
2024-04-04 09:00:00,24.68,24.73,24.53,24.59,0
2024-04-04 09:30:00,24.570999145507812,24.760000228881836,24.46500015258789,24.75,14031980
2024-04-04 10:30:00,24.758899688720703,24.84000015258789,24.709999084472656,24.81999969482422,7604121
2024-04-04 11:30:00,24.809999465942383,24.84000015258789,24.760000228881836,24.784000396728516,3080317
2024-04-04 12:30:00,24.78499984741211,24.829999923706055,24.71500015258789,24.7903995513916,2783595
2024-04-04 13:30:00,24.795000076293945,24.950000762939453,24.795000076293945,24.924999237060547,4172141
2024-04-04 14:30:00,24.920000076293945,24.950000762939453,24.6299991607666,24.635000228881836,7624408
2024-04-04 15:30:00,24.635000228881836,24.68000030517578,24.385000228881836,24.5,10537436
2024-04-04 16:00:00,24.49,24.62,24.4817,24.6002,0
2024-04-04 17:00:00,24.61,24.61,24.49,24.6,0
2024-04-04 18:00:00,24.6,24.68,24.54,24.541,0
2024-04-04 19:00:00,24.54,24.64,24.5202,24.53,0
2024-04-05 04:00:00,24.5,24.51,24.44,24.47,0
2024-04-05 05:00:00,24.47,24.52,24.42,24.48,0
2024-04-05 06:00:00,24.48,24.59,24.48,24.49,0
2024-04-05 07:00:00,24.49,24.51,24.43,24.46,0
2024-04-05 08:00:00,24.47,24.57,24.24,24.37,0
2024-04-05 09:00:00,24.37,24.44,24.1,24.36,0
2024-04-05 09:30:00,24.42009925842285,24.809999465942383,24.392000198364254,24.799999237060547,10491206
2024-04-05 10:30:00,24.809999465942383,25.129899978637695,24.770099639892575,25.03260040283203,9612768
2024-04-05 11:30:00,25.03499984741211,25.100000381469727,24.920000076293945,24.979700088500977,4962942
2024-04-05 12:30:00,24.979999542236328,25.13999938964844,24.959999084472656,25.065000534057617,3144679
2024-04-05 13:30:00,25.065000534057617,25.1200008392334,25.030000686645508,25.065000534057617,4795619
2024-04-05 14:30:00,25.06999969482422,25.100000381469727,24.969999313354492,25.03499984741211,4545433
2024-04-05 15:30:00,25.030000686645508,25.059999465942383,25.010000228881836,25.030000686645508,4983191
2024-04-05 16:00:00,25.03,25.14,25.02,25.1399,0
2024-04-05 17:00:00,25.14,25.14,24.9,25.1,0
2024-04-05 18:00:00,25.11,25.11,25.08,25.1,0
2024-04-05 19:00:00,25.1,25.15,25.09,25.1105,0
2024-04-08 04:00:00,25.41,25.65,25.3,25.43,0
2024-04-08 05:00:00,25.42,25.45,25.39,25.42,0
2024-04-08 06:00:00,25.42,25.48,25.38,25.46,0
2024-04-08 07:00:00,25.46,25.49,25.37,25.38,0
2024-04-08 08:00:00,25.38,25.5096,25.16,25.18,0
2024-04-08 09:00:00,25.17,25.49,25.16,25.29,0
2024-04-08 09:30:00,25.36000061035156,25.38999938964844,24.899999618530273,25.109899520874023,14326883
2024-04-08 10:30:00,25.11000061035156,25.40999984741211,25.075000762939453,25.400100708007812,6752761
2024-04-08 11:30:00,25.40999984741211,25.41510009765625,25.309999465942383,25.350000381469727,2416695
2024-04-08 12:30:00,25.350000381469727,25.36000061035156,25.299999237060547,25.355100631713867,2691505
2024-04-08 13:30:00,25.36000061035156,25.479999542236328,25.34000015258789,25.475000381469727,3425676
2024-04-08 14:30:00,25.475000381469727,25.489900588989254,25.40999984741211,25.450000762939453,5335729
2024-04-08 15:30:00,25.450000762939453,25.450000762939453,25.399999618530273,25.399999618530273,4423676
2024-04-08 16:00:00,25.4,25.47,25.4,25.47,0
2024-04-08 17:00:00,25.47,25.49,25.38,25.4,0
2024-04-08 18:00:00,25.41,25.4903,25.395,25.49,0
2024-04-08 19:00:00,25.49,25.55,25.46,25.47,0
2024-04-09 04:00:00,25.5,25.64,25.5,25.63,0
2024-04-09 05:00:00,25.63,25.74,25.62,25.73,0
2024-04-09 06:00:00,25.73,25.77,25.56,25.59,0
2024-04-09 07:00:00,25.58,25.62,25.55,25.6,0
2024-04-09 08:00:00,25.6,25.74,25.37,25.59,0
2024-04-09 09:00:00,25.57,25.71,25.55,25.69,0
2024-04-09 09:30:00,25.75,25.899999618530273,25.700000762939453,25.770000457763672,12332236
2024-04-09 10:30:00,25.770000457763672,25.799999237060547,25.350000381469727,25.36000061035156,10947900
2024-04-09 11:30:00,25.36000061035156,25.495899200439453,25.2549991607666,25.4950008392334,4520966
2024-04-09 12:30:00,25.489999771118164,25.549999237060547,25.43000030517578,25.489999771118164,2797135
2024-04-09 13:30:00,25.489999771118164,25.6564998626709,25.489999771118164,25.63999938964844,4916077
2024-04-09 14:30:00,25.641300201416016,25.690000534057617,25.579999923706055,25.656200408935547,2565331
2024-04-09 15:30:00,25.649999618530273,25.719999313354492,25.63999938964844,25.71500015258789,2089184
2024-04-09 16:00:00,25.72,25.76,25.71,25.74,0
2024-04-09 17:00:00,25.74,25.75,25.7,25.71,0
2024-04-09 18:00:00,25.71,25.79,25.65,25.75,0
2024-04-09 19:00:00,25.76,25.8,25.71,25.7799,0
2024-04-10 04:00:00,26.27,26.27,25.46,25.67,0
2024-04-10 05:00:00,25.68,25.69,25.64,25.64,0
2024-04-10 06:00:00,25.65,25.695,25.59,25.695,0
2024-04-10 07:00:00,25.71,25.72,25.65,25.68,0
2024-04-10 08:00:00,25.69,25.86,25.61,25.72,0
2024-04-10 09:00:00,25.7,25.73,25.3,25.32,0
2024-04-10 09:30:00,25.329999923706055,25.850000381469727,25.1835994720459,25.789899826049805,15680286
2024-04-10 10:30:00,25.78499984741211,26.079999923706055,25.534500122070312,25.65999984741211,11448077
2024-04-10 11:30:00,25.65999984741211,25.719999313354492,25.530000686645508,25.57349967956543,4472554
2024-04-10 12:30:00,25.575000762939453,25.68320083618164,25.43000030517578,25.520000457763672,5642527
2024-04-10 13:30:00,25.51499938964844,25.719999313354492,25.51499938964844,25.63999938964844,5509842
2024-04-10 14:30:00,25.63999938964844,25.65999984741211,25.440000534057617,25.459999084472656,3637862
2024-04-10 15:30:00,25.459999084472656,25.469900131225582,25.40999984741211,25.44499969482422,3249149
2024-04-10 16:00:00,25.45,25.54,25.43,25.54,0
2024-04-10 17:00:00,25.55,25.55,25.45,25.5,0
2024-04-10 18:00:00,25.5,25.53,25.46,25.52,0
2024-04-10 19:00:00,25.5,25.55,25.48,25.51,0
2024-04-11 04:00:00,25.51,25.58,25.45,25.51,0
2024-04-11 05:00:00,25.54,25.54,25.44,25.53,0
2024-04-11 06:00:00,25.51,25.63,25.49,25.61,0
2024-04-11 07:00:00,25.6,25.63,25.58,25.6,0
2024-04-11 08:00:00,25.6,25.67,25.46,25.63,0
2024-04-11 09:00:00,25.63,25.75,25.53,25.63,0
2024-04-11 09:30:00,25.690000534057617,25.770000457763672,25.462400436401367,25.520000457763672,8183350
2024-04-11 10:30:00,25.51499938964844,25.540000915527344,25.3799991607666,25.459999084472656,4522489
2024-04-11 11:30:00,25.459999084472656,25.614999771118164,25.440000534057617,25.573299407958984,2329473
2024-04-11 12:30:00,25.56999969482422,25.780000686645508,25.56999969482422,25.74370002746582,2578384
2024-04-11 13:30:00,25.75,25.8799991607666,25.719999313354492,25.861499786376953,2831107
2024-04-11 14:30:00,25.860700607299805,25.93000030517578,25.850000381469727,25.924999237060547,2745867
2024-04-11 15:30:00,25.920000076293945,26.040000915527344,25.899999618530273,26.0049991607666,4384980
2024-04-11 16:00:00,26.0,26.06,25.99,26.015,0
2024-04-11 17:00:00,26.02,26.04,26.0,26.0397,0
2024-04-11 18:00:00,26.02,26.07,25.99,26.02,0
2024-04-11 19:00:00,26.02,26.07,26.01,26.04,0
2024-04-12 04:00:00,26.62,26.71,26.24,26.67,0
2024-04-12 05:00:00,26.65,26.7,26.59,26.615,0
2024-04-12 06:00:00,26.61,26.7,26.6,26.69,0
2024-04-12 07:00:00,26.69,26.71,26.45,26.49,0
2024-04-12 08:00:00,26.5,26.72,26.27,26.59,0
2024-04-12 09:00:00,26.58,26.79,26.01,26.73,0
2024-04-12 09:30:00,26.799999237060547,27.06999969482422,26.709999084472656,26.90999984741211,24721327
2024-04-12 10:30:00,26.905000686645508,27.239999771118164,26.5,26.530000686645508,22464239
2024-04-12 11:30:00,26.530000686645508,26.559999465942383,26.010000228881836,26.030000686645508,21320275
2024-04-12 12:30:00,26.040000915527344,26.065000534057617,25.709999084472656,25.84000015258789,22611698
2024-04-12 13:30:00,25.829999923706055,25.885000228881836,25.645000457763672,25.725000381469727,12629962
2024-04-12 14:30:00,25.719999313354492,25.75,25.520000457763672,25.66550064086914,6953534
2024-04-12 15:30:00,25.65999984741211,25.690000534057617,25.600000381469727,25.6299991607666,5797945
2024-04-12 16:00:00,25.63,25.64,25.4797,25.48,0
2024-04-12 17:00:00,25.49,25.54,25.48,25.51,0
2024-04-12 18:00:00,25.51,25.54,25.51,25.53,0
2024-04-12 19:00:00,25.53,25.59,25.5,25.53,0
2024-04-15 04:00:00,25.94,25.98,25.82,25.85,0
2024-04-15 05:00:00,25.84,25.91,25.78,25.83,0
2024-04-15 06:00:00,25.83,25.94,25.8,25.93,0
2024-04-15 07:00:00,25.92,26.03,25.91,26.02,0
2024-04-15 08:00:00,26.03,26.17,25.77,26.09,0
2024-04-15 09:00:00,26.07,26.33,25.99,26.2,0
2024-04-15 09:30:00,26.209999084472656,26.239999771118164,25.690000534057617,25.78499984741211,17004421
2024-04-15 10:30:00,25.790000915527344,26.16990089416504,25.790000915527344,26.149999618530273,8922327
2024-04-15 11:30:00,26.155000686645508,26.190000534057617,26.06999969482422,26.125,5287973
2024-04-15 12:30:00,26.1200008392334,26.270000457763672,26.040000915527344,26.255300521850582,4655017
2024-04-15 13:30:00,26.260000228881836,26.309999465942383,26.18000030517578,26.25,3822750
2024-04-15 14:30:00,26.25,26.420000076293945,26.219999313354492,26.3799991607666,5257835
2024-04-15 15:30:00,26.38999938964844,26.417499542236328,26.31999969482422,26.407499313354492,5552053
2024-04-15 16:00:00,26.41,26.42,26.34,26.39,0
2024-04-15 17:00:00,26.39,26.42,26.38,26.41,0
2024-04-15 18:00:00,26.41,26.49,26.3701,26.45,0
2024-04-15 19:00:00,26.44,26.5,26.4,26.42,0
2024-04-16 04:00:00,25.87,26.18,25.83,25.89,0
2024-04-16 05:00:00,25.92,25.97,25.87,25.9,0
2024-04-16 06:00:00,25.89,26.0,25.85,25.85,0
2024-04-16 07:00:00,25.85,25.92,25.81,25.86,0
2024-04-16 08:00:00,25.86,26.39,25.75,25.86,0
2024-04-16 09:00:00,25.85,26.41,25.81,25.88,0
2024-04-16 09:30:00,26.06999969482422,26.06999969482422,25.549999237060547,25.59000015258789,17507330
2024-04-16 10:30:00,25.59000015258789,25.959999084472656,25.575000762939453,25.75,14373400
2024-04-16 11:30:00,25.75,25.899999618530273,25.729999542236328,25.844999313354492,5823693
2024-04-16 12:30:00,25.84000015258789,25.989999771118164,25.780000686645508,25.82229995727539,4783479
2024-04-16 13:30:00,25.829999923706055,25.940000534057617,25.709999084472656,25.829999923706055,7332003
2024-04-16 14:30:00,25.829999923706055,25.899999618530273,25.790000915527344,25.88999938964844,2396180
2024-04-16 15:30:00,25.88629913330078,25.88999938964844,25.770000457763672,25.795000076293945,3309224
2024-04-16 16:00:00,25.8,25.83737,25.66,25.695,0
2024-04-16 17:00:00,25.69,25.74,25.69,25.7398,0
2024-04-16 18:00:00,25.72,25.75,25.7,25.72,0
2024-04-16 19:00:00,25.72,25.79,25.72,25.75,0
2024-04-17 04:00:00,25.96,26.03,25.95,26.01,0
2024-04-17 05:00:00,26.0,26.13,26.0,26.12,0
2024-04-17 06:00:00,26.12,26.12,26.02,26.04,0
2024-04-17 07:00:00,26.04,26.06,25.97,26.02,0
2024-04-17 08:00:00,26.03,26.1164,25.71,25.99,0
2024-04-17 09:00:00,25.99,26.08,25.8,26.05,0
2024-04-17 09:30:00,26.1299991607666,26.309999465942383,26.1299991607666,26.280099868774418,11564133
2024-04-17 10:30:00,26.290000915527344,26.337600708007812,26.045000076293945,26.1299991607666,6460548
2024-04-17 11:30:00,26.1299991607666,26.18989944458008,25.8799991607666,25.93000030517578,8348570
2024-04-17 12:30:00,25.93000030517578,25.946199417114254,25.709999084472656,25.920000076293945,9261076
2024-04-17 13:30:00,25.924999237060547,26.020000457763672,25.899999618530273,25.96339988708496,3708501
2024-04-17 14:30:00,25.969999313354492,26.030000686645508,25.799999237060547,25.825000762939453,3236261
2024-04-17 15:30:00,25.829999923706055,25.88990020751953,25.82489967346191,25.850000381469727,2796867
2024-04-17 16:00:00,25.85,25.86,25.72,25.7899,0
2024-04-17 17:00:00,25.81,25.86,25.77,25.83,0
2024-04-17 18:00:00,25.81,25.83,25.77,25.77,0
2024-04-17 19:00:00,25.77,25.82,25.74,25.79,0
2024-04-18 04:00:00,25.85,26.05,25.85,26.04,0
2024-04-18 05:00:00,26.05,26.06,25.97,25.995,0
2024-04-18 06:00:00,25.995,26.06,25.99,26.03,0
2024-04-18 07:00:00,26.04,26.08,25.95,25.96,0
2024-04-18 08:00:00,25.99,26.15,25.93,26.02,0
2024-04-18 09:00:00,26.04,26.2,25.85,25.98,0
2024-04-18 09:30:00,26.11000061035156,26.15999984741211,25.854999542236328,25.8700008392334,8451179
2024-04-18 10:30:00,25.8799991607666,26.020000457763672,25.739999771118164,25.98500061035156,6511849
2024-04-18 11:30:00,25.98500061035156,26.0049991607666,25.86000061035156,25.934999465942383,3188224
2024-04-18 12:30:00,25.93549919128418,26.010000228881836,25.850000381469727,25.88999938964844,2754656
2024-04-18 13:30:00,25.88999938964844,25.899999618530273,25.809999465942383,25.86000061035156,1620004
2024-04-18 14:30:00,25.8700008392334,25.899999618530273,25.799999237060547,25.829999923706055,2069286
2024-04-18 15:30:00,25.825000762939453,25.8700008392334,25.825000762939453,25.854999542236328,1684345
2024-04-18 16:00:00,25.86,25.86,25.8,25.81,0
2024-04-18 17:00:00,25.82,25.84,25.8,25.82,0
2024-04-18 18:00:00,25.82,25.82,25.77,25.8,0
2024-04-18 19:00:00,25.81,25.83,25.79,25.82,0
2024-04-19 04:00:00,25.94,25.94,25.8,25.83,0
2024-04-19 05:00:00,25.84,25.95,25.84,25.88,0
2024-04-19 06:00:00,25.88,25.94,25.83,25.85,0
2024-04-19 07:00:00,25.84,25.87,25.72,25.78,0
2024-04-19 08:00:00,25.78,25.92,25.66,25.84,0
2024-04-19 09:00:00,25.86,25.95,25.82,25.84,0
2024-04-19 09:30:00,25.93000030517578,26.1200008392334,25.904399871826172,26.065000534057617,8428967
2024-04-19 10:30:00,26.06999969482422,26.170000076293945,25.983999252319336,26.1299991607666,5266691
2024-04-19 11:30:00,26.125,26.200000762939453,26.059999465942383,26.094999313354492,3838671
2024-04-19 12:30:00,26.09000015258789,26.319900512695312,26.09000015258789,26.27199935913086,3924018
2024-04-19 13:30:00,26.280000686645508,26.299999237060547,26.200000762939453,26.260000228881836,2611496
2024-04-19 14:30:00,26.260000228881836,26.32029914855957,26.260000228881836,26.290000915527344,1892686
2024-04-19 15:30:00,26.290000915527344,26.309999465942383,26.190099716186523,26.209999084472656,2622825
2024-04-19 16:00:00,26.21,26.23,26.17,26.22,0
2024-04-19 17:00:00,26.215,26.25,26.2,26.25,0
2024-04-19 18:00:00,26.22,26.24,26.21,26.2299,0
2024-04-19 19:00:00,26.22,26.26,26.22,26.26,0
2024-04-22 04:00:00,25.58,25.58,25.38,25.4,0
2024-04-22 05:00:00,25.42,25.48,25.41,25.47,0
2024-04-22 06:00:00,25.46,25.47,25.4,25.43,0
2024-04-22 07:00:00,25.43,25.43,25.09,25.12,0
2024-04-22 08:00:00,25.11,25.64,25.05,25.1503,0
2024-04-22 09:00:00,25.13,25.19,24.96,25.04,0
2024-04-22 09:30:00,24.950000762939453,25.18000030517578,24.790000915527344,25.16010093688965,14619094
2024-04-22 10:30:00,25.15999984741211,25.190000534057617,24.850000381469727,24.8799991607666,6177126
2024-04-22 11:30:00,24.8799991607666,24.975000381469727,24.799999237060547,24.815000534057617,4972579
2024-04-22 12:30:00,24.809999465942383,24.899999618530273,24.790000915527344,24.875,3097989
2024-04-22 13:30:00,24.87120056152344,24.90999984741211,24.829999923706055,24.86000061035156,2462261
2024-04-22 14:30:00,24.864999771118164,24.93989944458008,24.864999771118164,24.915000915527344,1741156
2024-04-22 15:30:00,24.915000915527344,24.940000534057617,24.88999938964844,24.915000915527344,2899021
2024-04-22 16:00:00,24.93,24.93,24.84,24.87,0
2024-04-22 17:00:00,24.87,24.89,24.84,24.88,0
2024-04-22 18:00:00,24.87,24.93,24.85,24.91,0
2024-04-22 19:00:00,24.91,24.98,24.87,24.95,0
2024-04-23 04:00:00,24.78,24.78,24.54,24.62,0
2024-04-23 05:00:00,24.58,24.59,24.42,24.45,0
2024-04-23 06:00:00,24.45,24.52,24.38,24.52,0
2024-04-23 07:00:00,24.52,24.63,24.52,24.6,0
2024-04-23 08:00:00,24.6,24.75,24.39,24.66,0
2024-04-23 09:00:00,24.67,24.76,24.61,24.75,0
2024-04-23 09:30:00,24.65999984741211,25.040000915527344,24.6299991607666,24.979999542236328,14430803
2024-04-23 10:30:00,24.979999542236328,25.01499938964844,24.729999542236328,24.9197998046875,5660645
2024-04-23 11:30:00,24.920000076293945,24.959999084472656,24.850000381469727,24.950000762939453,3112470
2024-04-23 12:30:00,24.95009994506836,25.030000686645508,24.940000534057617,24.980100631713867,6100942
2024-04-23 13:30:00,24.98500061035156,25.030000686645508,24.944900512695312,25.010000228881836,2505315
2024-04-23 14:30:00,25.0049991607666,25.030000686645508,24.969999313354492,24.979999542236328,2268230
2024-04-23 15:30:00,24.979999542236328,24.989999771118164,24.959999084472656,24.98500061035156,2635533
2024-04-23 16:00:00,24.99,25.0,24.96,24.97,0
2024-04-23 17:00:00,24.9699,25.0,24.94,24.95,0
2024-04-23 18:00:00,24.96,24.97,24.9299,24.9492,0
2024-04-23 19:00:00,24.9497,24.9699,24.94,24.95,0
2024-04-24 04:00:00,24.94,24.95,24.87,24.9,0
2024-04-24 05:00:00,24.9,24.9,24.77,24.78,0
2024-04-24 06:00:00,24.77,24.84,24.71,24.84,0
2024-04-24 07:00:00,24.84,24.84,24.76,24.8,0
2024-04-24 08:00:00,24.79,25.14,24.73,24.78,0
2024-04-24 09:00:00,24.78,25.01,24.76,24.92,0
2024-04-24 09:30:00,24.8799991607666,24.989999771118164,24.780000686645508,24.895000457763672,5187444
2024-04-24 10:30:00,24.899999618530273,25.049999237060547,24.84000015258789,24.969999313354492,6196778
2024-04-24 11:30:00,24.969999313354492,24.969999313354492,24.8700008392334,24.899999618530273,3345453
2024-04-24 12:30:00,24.899999618530273,24.979999542236328,24.884899139404297,24.915000915527344,1364034
2024-04-24 13:30:00,24.920000076293945,24.940000534057617,24.88999938964844,24.899999618530273,1114729
2024-04-24 14:30:00,24.895000457763672,24.93000030517578,24.844999313354492,24.915000915527344,1095527
2024-04-24 15:30:00,24.915000915527344,24.920000076293945,24.8700008392334,24.88999938964844,942120
2024-04-24 16:00:00,24.9,24.9,24.8,24.84,0
2024-04-24 17:00:00,24.84,24.85,24.8,24.8,0
2024-04-24 18:00:00,24.81,24.88,24.81,24.86,0
2024-04-24 19:00:00,24.86,24.88,24.82,24.84,0
2024-04-25 04:00:00,25.0,25.12,25.0,25.04,0
2024-04-25 05:00:00,25.05,25.11,25.03,25.04,0
2024-04-25 06:00:00,25.04,25.04,25.01,25.03,0
2024-04-25 07:00:00,25.02,25.11,24.99,25.07,0
2024-04-25 08:00:00,25.07,25.11,24.74,25.01,0
2024-04-25 09:00:00,25.02,25.2,24.88,24.9,0
2024-04-25 09:30:00,24.86000061035156,25.0,24.809999465942383,24.975000381469727,7923771
2024-04-25 10:30:00,24.977500915527344,25.219999313354492,24.915000915527344,24.989999771118164,10523889
2024-04-25 11:30:00,24.989999771118164,25.0314998626709,24.915000915527344,24.959999084472656,4006029
2024-04-25 12:30:00,24.96500015258789,25.010000228881836,24.934900283813477,24.98500061035156,2719876
2024-04-25 13:30:00,24.979999542236328,25.040000915527344,24.969999313354492,24.975000381469727,2550241
2024-04-25 14:30:00,24.975000381469727,25.100000381469727,24.969999313354492,25.084999084472656,2418297
2024-04-25 15:30:00,25.084999084472656,25.100000381469727,25.030000686645508,25.059999465942383,1911998
2024-04-25 16:00:00,25.06,25.07,25.05,25.07,0
2024-04-25 17:00:00,25.08,25.1,25.06,25.09,0
2024-04-25 18:00:00,25.1,25.1,25.07,25.07,0
2024-04-25 19:00:00,25.075,25.08,24.99,25.01,0
2024-04-26 04:00:00,25.32,25.36,25.22,25.3,0
2024-04-26 05:00:00,25.3,25.34,25.26,25.28,0
2024-04-26 06:00:00,25.27,25.34,25.27,25.29,0
2024-04-26 07:00:00,25.25,25.27,25.18,25.23,0
2024-04-26 08:00:00,25.22,25.3488,25.11,25.18,0
2024-04-26 09:00:00,25.2,25.3,25.11,25.22,0
2024-04-26 09:30:00,25.190000534057617,25.219999313354492,25.03459930419922,25.079999923706055,7367988
2024-04-26 10:30:00,25.079999923706055,25.079999923706055,24.760099411010746,24.81999969482422,7480818
2024-04-26 11:30:00,24.825000762939453,24.979900360107425,24.790000915527344,24.920000076293945,3201133
2024-04-26 12:30:00,24.915000915527344,24.92989921569824,24.84000015258789,24.885000228881836,2226805
2024-04-26 13:30:00,24.88999938964844,25.0,24.870500564575195,24.9950008392334,2099060
2024-04-26 14:30:00,25.0,25.0,24.829999923706055,24.8700008392334,2108607
2024-04-26 15:30:00,24.864999771118164,24.88999938964844,24.829999923706055,24.885000228881836,2016107
2024-04-26 16:00:00,24.89,24.89,24.85,24.87,0
2024-04-26 17:00:00,24.87,24.89,24.8515,24.86,0
2024-04-26 18:00:00,24.88,24.89,24.87,24.89,0
2024-04-26 19:00:00,24.89,24.89,24.88,24.88,0
2024-04-29 04:00:00,24.95,24.99,24.95,24.985,0
2024-04-29 05:00:00,24.985,25.06,24.985,25.01,0
2024-04-29 06:00:00,25.0,25.07,24.99,25.05,0
2024-04-29 07:00:00,25.055,25.07,25.01,25.05,0
2024-04-29 08:00:00,25.06,25.06,24.82,24.92,0
2024-04-29 09:00:00,24.915,24.94,24.85,24.9,0
2024-04-29 09:30:00,24.899999618530273,24.959999084472656,24.68000030517578,24.934999465942383,5609034
2024-04-29 10:30:00,24.940000534057617,24.940000534057617,24.770000457763672,24.885000228881836,3892297
2024-04-29 11:30:00,24.88999938964844,25.07749938964844,24.86359977722168,25.03300094604492,3359552
2024-04-29 12:30:00,25.03499984741211,25.049999237060547,24.979999542236328,25.020000457763672,3208039
2024-04-29 13:30:00,25.020299911499023,25.02630043029785,24.88999938964844,24.899900436401367,1878122
2024-04-29 14:30:00,24.895000457763672,24.899999618530273,24.780000686645508,24.84000015258789,3630605
2024-04-29 15:30:00,24.829999923706055,24.84000015258789,24.790000915527344,24.822500228881836,1843735
2024-04-29 16:00:00,24.83,24.84,24.8,24.81,0
2024-04-29 17:00:00,24.81,24.84,24.8,24.84,0
2024-04-29 18:00:00,24.82,24.83,24.72,24.78,0
2024-04-29 19:00:00,24.77,24.77,24.72,24.75,0
2024-04-30 04:00:00,24.42,24.57,24.31,24.34,0
2024-04-30 05:00:00,24.34,24.39,24.25,24.33,0
2024-04-30 06:00:00,24.33,24.41,24.32,24.4,0
2024-04-30 07:00:00,24.4,24.43,24.35,24.36,0
2024-04-30 08:00:00,24.35,24.64,24.19,24.24,0
2024-04-30 09:00:00,24.24,24.83,24.07,24.17,0
2024-04-30 09:30:00,24.239999771118164,24.3700008392334,24.093000411987305,24.11000061035156,11920035
2024-04-30 10:30:00,24.1200008392334,24.18000030517578,24.020000457763672,24.170000076293945,5881573
2024-04-30 11:30:00,24.164600372314453,24.21500015258789,24.09460067749023,24.13999938964844,3120936
2024-04-30 12:30:00,24.13999938964844,24.170000076293945,24.079999923706055,24.100000381469727,3828834
2024-04-30 13:30:00,24.100000381469727,24.16990089416504,24.100000381469727,24.135000228881836,1876700
2024-04-30 14:30:00,24.13999938964844,24.165000915527344,24.059999465942383,24.075000762939453,2048599
2024-04-30 15:30:00,24.075000762939453,24.11000061035156,24.030000686645508,24.040000915527344,2970581
2024-04-30 16:00:00,24.05,24.13,23.99,24.03,0
2024-04-30 17:00:00,24.04,24.06,24.0,24.0,0
2024-04-30 18:00:00,24.04,24.0997,24.01,24.07,0
2024-04-30 19:00:00,24.08,24.12,24.07,24.08,0
2024-05-01 04:00:00,24.12,24.16,24.12,24.14,0
2024-05-01 05:00:00,24.15,24.18,24.09,24.13,0
2024-05-01 06:00:00,24.15,24.22,24.15,24.21,0
2024-05-01 07:00:00,24.21,24.23,24.15,24.22,0
2024-05-01 08:00:00,24.22,24.27,24.07,24.21,0
2024-05-01 09:00:00,24.23,24.24,24.05,24.11,0
2024-05-01 09:30:00,24.18000030517578,24.329999923706055,24.11000061035156,24.239999771118164,7334758
2024-05-01 10:30:00,24.239999771118164,24.280000686645508,24.09000015258789,24.270000457763672,4779615
2024-05-01 11:30:00,24.270000457763672,24.30500030517578,24.174999237060547,24.222700119018555,2856167
2024-05-01 12:30:00,24.219999313354492,24.2549991607666,24.18000030517578,24.19499969482422,1691919
2024-05-01 13:30:00,24.190000534057617,24.415000915527344,24.13999938964844,24.415000915527344,4812344
2024-05-01 14:30:00,24.40999984741211,24.649999618530273,24.290000915527344,24.459999084472656,12339437
2024-05-01 15:30:00,24.459999084472656,24.489999771118164,24.25,24.2549991607666,5621102
2024-05-01 16:00:00,24.255,24.38,22.5541,24.36,0
2024-05-01 17:00:00,24.36,24.36,24.32,24.36,0
2024-05-01 18:00:00,24.36,24.43,24.27,24.4,0
2024-05-01 19:00:00,24.41,24.47,24.27,24.465,0
2024-05-02 04:00:00,24.13,24.25,24.13,24.16,0
2024-05-02 05:00:00,24.17,24.19,24.12,24.12,0
2024-05-02 06:00:00,24.12,24.13,23.89,23.91,0
2024-05-02 07:00:00,23.92,24.09,23.91,24.03,0
2024-05-02 08:00:00,24.03,24.34,23.9,24.07,0
2024-05-02 09:00:00,24.07,24.07,23.78,23.8,0
2024-05-02 09:30:00,23.950000762939453,24.299999237060547,23.92009925842285,24.290000915527344,8352763
2024-05-02 10:30:00,24.295000076293945,24.469999313354492,24.284500122070312,24.320999145507812,5983552
2024-05-02 11:30:00,24.329999923706055,24.344999313354492,24.209999084472656,24.25,3299153
2024-05-02 12:30:00,24.25,24.34000015258789,24.24760055541992,24.29789924621582,1851994
2024-05-02 13:30:00,24.299999237060547,24.399999618530273,24.280000686645508,24.3799991607666,1915266
2024-05-02 14:30:00,24.3799991607666,24.42989921569824,24.350000381469727,24.385000228881836,1758468
2024-05-02 15:30:00,24.3799991607666,24.3799991607666,24.31999969482422,24.3700008392334,1031129
2024-05-02 16:00:00,24.36,24.38,24.33,24.375,0
2024-05-02 17:00:00,24.375,24.38,24.36,24.37,0
2024-05-02 18:00:00,24.38,24.42,24.38,24.39,0
2024-05-02 19:00:00,24.39,24.39,24.34,24.37,0
2024-05-03 04:00:00,24.26,24.3,24.26,24.26,0
2024-05-03 05:00:00,24.25,24.28,24.225,24.225,0
2024-05-03 06:00:00,24.27,24.29,24.25,24.27,0
2024-05-03 07:00:00,24.25,24.25,24.18,24.23,0
2024-05-03 08:00:00,24.21,24.43,24.105,24.13,0
2024-05-03 09:00:00,24.15,24.56,24.15,24.23,0
2024-05-03 09:30:00,24.209999084472656,24.299999237060547,23.8700008392334,23.969999313354492,14397559
2024-05-03 10:30:00,23.969999313354492,24.1200008392334,23.88999938964844,24.024999618530273,4736760
2024-05-03 11:30:00,24.024999618530273,24.190000534057617,24.020000457763672,24.184999465942383,2143665
2024-05-03 12:30:00,24.190000534057617,24.212400436401367,24.149999618530273,24.195499420166016,1780973
2024-05-03 13:30:00,24.197599411010746,24.219999313354492,24.13999938964844,24.13999938964844,1124159
2024-05-03 14:30:00,24.13999938964844,24.200000762939453,24.1299991607666,24.174999237060547,1261867
2024-05-03 15:30:00,24.17009925842285,24.229999542236328,24.170000076293945,24.225000381469727,1155520
2024-05-03 16:00:00,24.22,24.29,24.22,24.265,0
2024-05-03 17:00:00,24.26,24.27,24.25,24.2597,0
2024-05-03 18:00:00,24.26,24.26,24.23,24.25,0
2024-05-03 19:00:00,24.25,24.27,24.23,24.25,0
2024-05-06 04:00:00,24.62,24.8,24.62,24.8,0
2024-05-06 05:00:00,24.79,24.81,24.75,24.81,0
2024-05-06 06:00:00,24.79,24.85,24.77,24.83,0
2024-05-06 07:00:00,24.83,24.86,24.79,24.81,0
2024-05-06 08:00:00,24.8,24.8488,24.56,24.73,0
2024-05-06 09:00:00,24.71,24.99,24.69,24.91,0
2024-05-06 09:30:00,24.989999771118164,25.06999969482422,24.899999618530273,24.92530059814453,8131486
2024-05-06 10:30:00,24.924999237060547,24.969999313354492,24.829999923706055,24.954999923706055,4279039
2024-05-06 11:30:00,24.959999084472656,25.049999237060547,24.93000030517578,25.030000686645508,1982769
2024-05-06 12:30:00,25.024999618530273,25.04990005493164,24.90999984741211,25.0,2800946
2024-05-06 13:30:00,24.989999771118164,25.079999923706055,24.98500061035156,25.079999923706055,1652819
2024-05-06 14:30:00,25.079999923706055,25.1299991607666,25.040000915527344,25.07749938964844,3638997
2024-05-06 15:30:00,25.075000762939453,25.100000381469727,25.059999465942383,25.06999969482422,2034505
2024-05-06 16:00:00,25.07,25.11,25.07,25.08,0
2024-05-06 17:00:00,25.075,25.12,25.07,25.1,0
2024-05-06 18:00:00,25.1,25.11,25.08,25.09,0
2024-05-06 19:00:00,25.09,25.1,25.04,25.1,0
2024-05-07 04:00:00,24.95,24.95,24.83,24.87,0
2024-05-07 05:00:00,24.88,24.94,24.88,24.9,0
2024-05-07 06:00:00,24.9,24.9,24.85,24.89,0
2024-05-07 07:00:00,24.89,24.96,24.88,24.96,0
2024-05-07 08:00:00,24.97,25.05,24.87,24.93,0
2024-05-07 09:00:00,24.9,25.09,24.9,25.08,0
2024-05-07 09:30:00,25.030000686645508,25.100000381469727,25.0,25.059999465942383,3677510
2024-05-07 10:30:00,25.049999237060547,25.09000015258789,24.88999938964844,24.954999923706055,4228070
2024-05-07 11:30:00,24.954999923706055,24.979999542236328,24.90880012512207,24.969999313354492,1742060
2024-05-07 12:30:00,24.969999313354492,24.979999542236328,24.920499801635746,24.979999542236328,1128459
2024-05-07 13:30:00,24.975099563598633,24.9950008392334,24.900100708007812,24.910999298095703,1285293
2024-05-07 14:30:00,24.90999984741211,24.940000534057617,24.875,24.885000228881836,1031692
2024-05-07 15:30:00,24.88999938964844,24.93000030517578,24.8799991607666,24.920000076293945,1348145
2024-05-07 16:00:00,24.92,24.93,24.9,24.91,0
2024-05-07 17:00:00,24.91,24.91,24.9,24.91,0
2024-05-07 18:00:00,24.9,24.91,24.89,24.9,0
2024-05-07 19:00:00,24.9,24.91,24.87,24.91,0
2024-05-08 04:00:00,24.77,24.99,24.69,24.72,0
2024-05-08 05:00:00,24.72,24.81,24.72,24.81,0
2024-05-08 06:00:00,24.81,24.87,24.77,24.87,0
2024-05-08 07:00:00,24.87,24.92,24.86,24.88,0
2024-05-08 08:00:00,24.88,25.03,24.7,25.03,0
2024-05-08 09:00:00,25.0203,25.03,24.91,24.93,0
2024-05-08 09:30:00,24.88999938964844,25.100000381469727,24.821800231933594,25.059999465942383,4247865
2024-05-08 10:30:00,25.055099487304688,25.1200008392334,25.010000228881836,25.09000015258789,4025439
2024-05-08 11:30:00,25.079999923706055,25.1200008392334,25.049999237060547,25.100000381469727,3051546
2024-05-08 12:30:00,25.104999542236328,25.11000061035156,25.0,25.024999618530273,2168238
2024-05-08 13:30:00,25.030000686645508,25.049999237060547,24.969999313354492,24.98500061035156,1297981
2024-05-08 14:30:00,24.980300903320312,25.030000686645508,24.979999542236328,24.979999542236328,565643
2024-05-08 15:30:00,24.979999542236328,24.989999771118164,24.950000762939453,24.954999923706055,1221659
2024-05-08 16:00:00,24.95,24.99,24.95,24.98,0
2024-05-08 17:00:00,24.98,25.0,24.97,24.97,0
2024-05-08 18:00:00,24.97,25.01,24.97,25.01,0
2024-05-08 19:00:00,25.01,25.01,24.96,24.9699,0
2024-05-09 04:00:00,25.15,25.28,25.15,25.27,0
2024-05-09 05:00:00,25.26,25.29,25.23,25.25,0
2024-05-09 06:00:00,25.26,25.26,25.21,25.26,0
2024-05-09 07:00:00,25.25,25.31,25.25,25.29,0
2024-05-09 08:00:00,25.29,25.36,25.11,25.3,0
2024-05-09 09:00:00,25.36,25.53,25.29,25.33,0
2024-05-09 09:30:00,25.31999969482422,25.780000686645508,25.299999237060547,25.715200424194336,10188504
2024-05-09 10:30:00,25.710899353027344,25.780000686645508,25.600099563598633,25.71500015258789,5915331
2024-05-09 11:30:00,25.7189998626709,25.75,25.645000457763672,25.75,2589905
2024-05-09 12:30:00,25.75,25.760000228881836,25.670000076293945,25.719999313354492,2491566
2024-05-09 13:30:00,25.719999313354492,25.770000457763672,25.700300216674805,25.770000457763672,1648617
2024-05-09 14:30:00,25.76499938964844,25.81999969482422,25.7549991607666,25.81010055541992,2272245
2024-05-09 15:30:00,25.809999465942383,25.8799991607666,25.809999465942383,25.8700008392334,6192703
2024-05-09 16:00:00,25.86,25.91,25.815,25.91,0
2024-05-09 17:00:00,25.91,25.94,25.9,25.9103,0
2024-05-09 18:00:00,25.91,25.93,25.87,25.8805,0
2024-05-09 19:00:00,25.91,25.95,25.89,25.89,0
2024-05-10 04:00:00,26.16,26.2,26.02,26.145,0
2024-05-10 05:00:00,26.15,26.29,26.15,26.23,0
2024-05-10 06:00:00,26.225,26.28,26.15,26.24,0
2024-05-10 07:00:00,26.26,26.27,26.12,26.13,0
2024-05-10 08:00:00,26.12,26.2504,25.91,26.1,0
2024-05-10 09:00:00,26.08,26.09,25.87,25.97,0
2024-05-10 09:30:00,25.979999542236328,26.049999237060547,25.681499481201172,25.690000534057617,10621285
2024-05-10 10:30:00,25.690000534057617,25.829999923706055,25.62030029296875,25.799999237060547,5341051
2024-05-10 11:30:00,25.809999465942383,25.84000015258789,25.760000228881836,25.81999969482422,2381249
2024-05-10 12:30:00,25.815000534057617,25.8700008392334,25.774999618530273,25.85300064086914,2102596
2024-05-10 13:30:00,25.86000061035156,25.8799991607666,25.82029914855957,25.840999603271484,1032968
2024-05-10 14:30:00,25.840999603271484,25.846900939941406,25.78499984741211,25.799999237060547,1419016
2024-05-10 15:30:00,25.79990005493164,25.799999237060547,25.760000228881836,25.774999618530273,1209622
2024-05-10 16:00:00,25.77,25.78,25.72,25.75,0
2024-05-10 17:00:00,25.74,25.76,25.72,25.7544,0
2024-05-10 18:00:00,25.75,25.76,25.72,25.75,0
2024-05-10 19:00:00,25.72,25.76,25.72,25.76,0
2024-05-13 04:00:00,25.72,25.74,25.68,25.68,0
2024-05-13 05:00:00,25.66,25.74,25.63,25.71,0
2024-05-13 06:00:00,25.71,25.72,25.67,25.67,0
2024-05-13 07:00:00,25.66,25.75,25.66,25.73,0
2024-05-13 08:00:00,25.74,25.91,25.6,25.86,0
2024-05-13 09:00:00,25.855,25.94,25.77,25.9,0
2024-05-13 09:30:00,25.829999923706055,25.92620086669922,25.760099411010746,25.8700008392334,5084182
2024-05-13 10:30:00,25.86000061035156,25.920000076293945,25.700000762939453,25.704999923706055,3529854
2024-05-13 11:30:00,25.65850067138672,25.81999969482422,25.649999618530273,25.80039978027344,2778093
2024-05-13 12:30:00,25.80500030517578,25.844999313354492,25.770000457763672,25.809999465942383,1017895
2024-05-13 13:30:00,25.809999465942383,25.829999923706055,25.790000915527344,25.809999465942383,604219
2024-05-13 14:30:00,25.809999465942383,25.825000762939453,25.780000686645508,25.8031005859375,1034495
2024-05-13 15:30:00,25.80500030517578,25.829999923706055,25.799999237060547,25.815000534057617,750066
2024-05-13 16:00:00,25.81,25.82,25.77,25.78,0
2024-05-13 17:00:00,25.78,25.78,25.76,25.77,0
2024-05-13 18:00:00,25.77,25.84,25.765,25.83,0
2024-05-13 19:00:00,25.83,25.86,25.82,25.84,0
2024-05-14 04:00:00,25.85,25.91,25.85,25.89,0
2024-05-14 05:00:00,25.89,26.04,25.89,26.015,0
2024-05-14 06:00:00,26.015,26.02,25.97,25.98,0
2024-05-14 07:00:00,25.98,25.98,25.92,25.93,0
2024-05-14 08:00:00,25.93,26.02,25.83,25.9,0
2024-05-14 09:00:00,25.88,26.13,25.69,26.06,0
2024-05-14 09:30:00,26.0,26.270000457763672,25.854999542236328,26.030000686645508,7234079
2024-05-14 10:30:00,26.020000457763672,26.08989906311035,25.954999923706055,26.040000915527344,3072030
2024-05-14 11:30:00,26.049999237060547,26.1200008392334,25.88999938964844,25.93000030517578,2926266
2024-05-14 12:30:00,25.93000030517578,26.06049919128418,25.924999237060547,26.045000076293945,1494532
2024-05-14 13:30:00,26.045000076293945,26.100000381469727,26.03499984741211,26.079999923706055,1307669
2024-05-14 14:30:00,26.0757999420166,26.149999618530273,26.0757999420166,26.145000457763672,975303
2024-05-14 15:30:00,26.13999938964844,26.170000076293945,26.1299991607666,26.145000457763672,2386014
2024-05-14 16:00:00,26.145,26.16,26.11,26.15,0
2024-05-14 17:00:00,26.16,26.18,26.12,26.13,0
2024-05-14 18:00:00,26.15,26.16,26.0965,26.15,0
2024-05-14 19:00:00,26.15,26.17,26.11,26.14,0
2024-05-15 04:00:00,26.17,26.3,26.17,26.28,0
2024-05-15 05:00:00,26.28,26.44,26.28,26.4,0
2024-05-15 06:00:00,26.4,26.4,26.34,26.38,0
2024-05-15 07:00:00,26.38,26.43,26.31,26.35,0
2024-05-15 08:00:00,26.35,26.4288,26.05,26.25,0
2024-05-15 09:00:00,26.26,26.67,26.26,26.64,0
2024-05-15 09:30:00,26.579999923706055,26.61000061035156,26.068500518798828,26.350000381469727,11049131
2024-05-15 10:30:00,26.350000381469727,26.896299362182617,26.350000381469727,26.854999542236328,8188247
2024-05-15 11:30:00,26.850500106811523,26.92620086669922,26.71500015258789,26.885000228881836,4090749
2024-05-15 12:30:00,26.88999938964844,26.979900360107425,26.829999923706055,26.969999313354492,3669817
2024-05-15 13:30:00,26.969999313354492,27.1200008392334,26.959999084472656,27.1200008392334,3575891
2024-05-15 14:30:00,27.11000061035156,27.15999984741211,27.020000457763672,27.13999938964844,3419788
2024-05-15 15:30:00,27.13999938964844,27.18000030517578,27.1200008392334,27.1299991607666,4961919
2024-05-15 16:00:00,27.12,27.149,27.11,27.1102,0
2024-05-15 17:00:00,27.1101,27.15,27.08,27.12,0
2024-05-15 18:00:00,27.1,27.2107,27.1,27.175,0
2024-05-15 19:00:00,27.175,27.24,27.1599,27.18,0
2024-05-16 04:00:00,27.15,27.16,27.02,27.02,0
2024-05-16 05:00:00,27.035,27.04,26.95,26.96,0
2024-05-16 06:00:00,26.96,27.05,26.96,27.01,0
2024-05-16 07:00:00,26.98,27.17,26.95,27.07,0
2024-05-16 08:00:00,27.07,27.16,26.91,27.0793,0
2024-05-16 09:00:00,27.08,27.13,26.88,26.98,0
2024-05-16 09:30:00,26.979999542236328,27.030000686645508,26.790000915527344,26.88010025024414,6958726
2024-05-16 10:30:00,26.88010025024414,27.1200008392334,26.8799991607666,27.08009910583496,4404333
2024-05-16 11:30:00,27.075000762939453,27.170000076293945,27.059999465942383,27.1200008392334,2726236
2024-05-16 12:30:00,27.114999771118164,27.166900634765625,27.079999923706055,27.09000015258789,1897928
2024-05-16 13:30:00,27.094999313354492,27.129899978637695,27.059999465942383,27.065000534057617,711952
2024-05-16 14:30:00,27.06999969482422,27.1200008392334,27.059999465942383,27.06999969482422,621893
2024-05-16 15:30:00,27.06999969482422,27.09000015258789,27.040000915527344,27.057300567626953,2140028
2024-05-16 16:00:00,27.06,27.06,27.01,27.03,0
2024-05-16 17:00:00,27.02,27.0599,27.0,27.03,0
2024-05-16 18:00:00,27.03,27.17,27.03,27.16,0
2024-05-16 19:00:00,27.16,27.17,27.09,27.12,0
2024-05-17 04:00:00,27.01,27.18,27.01,27.13,0
2024-05-17 05:00:00,27.13,27.17,27.09,27.09,0
2024-05-17 06:00:00,27.11,27.15,27.1,27.1,0
2024-05-17 07:00:00,27.12,27.16,27.115,27.16,0
2024-05-17 08:00:00,27.16,27.26,26.96,27.21,0
2024-05-17 09:00:00,27.21,27.88,27.2,27.87,0
2024-05-17 09:30:00,27.86000061035156,27.959999084472656,27.549999237060547,27.950000762939453,14591701
2024-05-17 10:30:00,27.950000762939453,28.15999984741211,27.8700008392334,27.969999313354492,7260198
2024-05-17 11:30:00,27.969999313354492,28.145000457763672,27.950000762939453,28.059999465942383,4084110
2024-05-17 12:30:00,28.049999237060547,28.385000228881836,28.040000915527344,28.34000015258789,4626946
2024-05-17 13:30:00,28.34000015258789,28.600000381469727,28.31010055541992,28.591299057006836,4420267
2024-05-17 14:30:00,28.59000015258789,28.759899139404297,28.56999969482422,28.7450008392334,7991443
2024-05-17 15:30:00,28.739999771118164,28.84000015258789,28.704999923706055,28.799999237060547,7521800
2024-05-17 16:00:00,28.79,28.87,28.69,28.79,0
2024-05-17 17:00:00,28.79,28.83,28.78,28.83,0
2024-05-17 18:00:00,28.82,28.85,28.78,28.8099,0
2024-05-17 19:00:00,28.8199,28.84,28.79,28.84,0
2024-05-20 04:00:00,29.19,29.6,29.02,29.19,0
2024-05-20 05:00:00,29.19,29.29,29.08,29.22,0
2024-05-20 06:00:00,29.22,29.34,29.19,29.2,0
2024-05-20 07:00:00,29.2,29.2,28.69,28.76,0
2024-05-20 08:00:00,28.76,29.61,28.49,28.65,0
2024-05-20 09:00:00,28.65,28.87,28.2899,28.73,0
2024-05-20 09:30:00,28.875,28.90999984741211,28.40999984741211,28.81999969482422,16009934
2024-05-20 10:30:00,28.81999969482422,29.299999237060547,28.795000076293945,29.180099487304688,8397244
2024-05-20 11:30:00,29.18000030517578,29.270000457763672,29.01059913635254,29.1835994720459,6519930
2024-05-20 12:30:00,29.18000030517578,29.479999542236328,29.140100479125977,29.469999313354492,4028242
2024-05-20 13:30:00,29.469999313354492,29.530000686645508,29.309999465942383,29.46500015258789,5464489
2024-05-20 14:30:00,29.469999313354492,29.559999465942383,29.112499237060547,29.201499938964844,9523574
2024-05-20 15:30:00,29.209999084472656,29.280000686645508,28.979999542236328,28.989999771118164,6869144
2024-05-20 16:00:00,28.98,29.09,28.77,29.08,0
2024-05-20 17:00:00,29.08,29.1,28.98,29.07,0
2024-05-20 18:00:00,29.09,29.13,29.0,29.0,0
2024-05-20 19:00:00,29.03,29.0893,29.01,29.03,0
2024-05-21 04:00:00,28.94,28.97,28.84,28.89,0
2024-05-21 05:00:00,28.87,28.975,28.84,28.89,0
2024-05-21 06:00:00,28.89,28.9,28.75,28.87,0
2024-05-21 07:00:00,28.87,28.98,28.83,28.96,0
2024-05-21 08:00:00,28.96,29.12,28.56,29.02,0
2024-05-21 09:00:00,29.0,29.09,28.77,29.05,0
2024-05-21 09:30:00,29.100000381469727,29.510000228881836,29.059999465942383,29.299999237060547,10792062
2024-05-21 10:30:00,29.299999237060547,29.454999923706055,29.280000686645508,29.36000061035156,4698193
2024-05-21 11:30:00,29.36000061035156,29.3799991607666,28.81999969482422,29.040000915527344,6947436
2024-05-21 12:30:00,29.03949928283691,29.1299991607666,28.969999313354492,29.1299991607666,2904458
2024-05-21 13:30:00,29.135000228881836,29.200000762939453,29.075000762939453,29.15999984741211,1629659
2024-05-21 14:30:00,29.168500900268555,29.290000915527344,29.135000228881836,29.274999618530273,1203977
2024-05-21 15:30:00,29.275800704956055,29.299999237060547,29.250099182128903,29.280000686645508,1831642
2024-05-21 16:00:00,29.27,29.28,29.22,29.23,0
2024-05-21 17:00:00,29.23,29.23,29.21,29.22,0
2024-05-21 18:00:00,29.22,29.3,29.22,29.3,0
2024-05-21 19:00:00,29.3,29.3,29.27,29.28,0
2024-05-22 04:00:00,29.15,29.15,28.93,28.93,0
2024-05-22 05:00:00,28.92,29.05,28.89,28.96,0
2024-05-22 06:00:00,28.96,29.03,28.94,29.01,0
2024-05-22 07:00:00,29.01,29.15,28.98,29.09,0
2024-05-22 08:00:00,29.09,29.2825,28.69,28.93,0
2024-05-22 09:00:00,28.93,29.0699,28.88,29.05,0
2024-05-22 09:30:00,29.059999465942383,29.059999465942383,28.415000915527344,28.4950008392334,12746300
2024-05-22 10:30:00,28.489999771118164,28.729999542236328,28.43000030517578,28.63999938964844,6934379
2024-05-22 11:30:00,28.63999938964844,28.699800491333008,28.565000534057617,28.62380027770996,2885719
2024-05-22 12:30:00,28.6200008392334,28.690000534057617,28.530000686645508,28.540000915527344,3054578
2024-05-22 13:30:00,28.549999237060547,28.579999923706055,28.19499969482422,28.219900131225582,6832588
2024-05-22 14:30:00,28.219999313354492,28.31999969482422,28.104999542236328,28.209999084472656,8315613
2024-05-22 15:30:00,28.209999084472656,28.219999313354492,28.11000061035156,28.209999084472656,6481237
2024-05-22 16:00:00,28.22,28.2603,28.11,28.13,0
2024-05-22 17:00:00,28.12,28.22,28.12,28.17,0
2024-05-22 18:00:00,28.16,28.24,28.07,28.23,0
2024-05-22 19:00:00,28.23,28.29,28.21,28.25,0
2024-05-23 04:00:00,27.7,27.84,27.66,27.71,0
2024-05-23 05:00:00,27.71,27.89,27.71,27.835,0
2024-05-23 06:00:00,27.86,27.94,27.84,27.9,0
2024-05-23 07:00:00,27.92,27.98,27.87,27.98,0
2024-05-23 08:00:00,27.98,28.06,27.61,28.05,0
2024-05-23 09:00:00,28.06,28.22,27.86,28.1,0
2024-05-23 09:30:00,28.11000061035156,28.280000686645508,27.700000762939453,27.709999084472656,15118099
2024-05-23 10:30:00,27.70639991760254,27.75,27.56999969482422,27.68000030517578,8388753
2024-05-23 11:30:00,27.68000030517578,27.895000457763672,27.68000030517578,27.770000457763672,5309176
2024-05-23 12:30:00,27.77989959716797,27.809999465942383,27.579999923706055,27.61989974975586,2194942
2024-05-23 13:30:00,27.6200008392334,27.65999984741211,27.5,27.61000061035156,2605857
2024-05-23 14:30:00,27.61000061035156,27.645099639892575,27.479999542236328,27.4950008392334,2037973
2024-05-23 15:30:00,27.490100860595703,27.549999237060547,27.469999313354492,27.549999237060547,3236511
2024-05-23 16:00:00,27.55,27.55,27.5,27.53,0
2024-05-23 17:00:00,27.54,27.54,27.5,27.5196,0
2024-05-23 18:00:00,27.52,27.58,27.51,27.58,0
2024-05-23 19:00:00,27.58,27.62,27.52,27.555,0
2024-05-24 04:00:00,27.76,27.78,27.69,27.74,0
2024-05-24 05:00:00,27.74,27.97,27.74,27.93,0
2024-05-24 06:00:00,27.93,27.95,27.87,27.94,0
2024-05-24 07:00:00,27.94,27.98,27.89,27.94,0
2024-05-24 08:00:00,27.94,27.96,27.65,27.87,0
2024-05-24 09:00:00,27.83,27.96,27.55,27.9312,0
2024-05-24 09:30:00,27.93000030517578,27.989999771118164,27.739999771118164,27.81010055541992,4823235
2024-05-24 10:30:00,27.809999465942383,27.8799991607666,27.760000228881836,27.780000686645508,2430273
2024-05-24 11:30:00,27.774999618530273,27.780000686645508,27.61000061035156,27.71500015258789,2146570
2024-05-24 12:30:00,27.71500015258789,27.73509979248047,27.63999938964844,27.70989990234375,850758
2024-05-24 13:30:00,27.709999084472656,27.780000686645508,27.614999771118164,27.760000228881836,1494891
2024-05-24 14:30:00,27.754899978637695,27.768800735473633,27.690000534057617,27.704999923706055,1137964
2024-05-24 15:30:00,27.703500747680664,27.739999771118164,27.68000030517578,27.73500061035156,1386724
2024-05-24 16:00:00,27.74,27.75,27.72,27.74,0
2024-05-24 17:00:00,27.74,27.75,27.73,27.74,0
2024-05-24 18:00:00,27.75,27.88,27.7499,27.85,0
2024-05-24 19:00:00,27.85,27.88,27.8201,27.88,0
2024-05-28 04:00:00,28.88,28.88,28.3,28.73,0
2024-05-28 05:00:00,28.71,28.84,28.69,28.79,0
2024-05-28 06:00:00,28.81,28.85,28.8,28.85,0
2024-05-28 07:00:00,28.84,28.9,28.8,28.84,0
2024-05-28 08:00:00,28.83,29.02,28.59,28.92,0
2024-05-28 09:00:00,28.92,29.25,27.74,29.22,0
2024-05-28 09:30:00,29.299999237060547,29.329999923706055,28.690000534057617,29.079999923706055,12996587
2024-05-28 10:30:00,29.059999465942383,29.170000076293945,28.96220016479492,29.1299991607666,3153939
2024-05-28 11:30:00,29.13660049438477,29.34000015258789,29.11000061035156,29.209999084472656,3347097
2024-05-28 12:30:00,29.219999313354492,29.250200271606445,29.100099563598633,29.209800720214844,2213118
2024-05-28 13:30:00,29.204999923706055,29.290000915527344,29.100000381469727,29.1200008392334,1877280
2024-05-28 14:30:00,29.114999771118164,29.239999771118164,29.049999237060547,29.23500061035156,2443148
2024-05-28 15:30:00,29.239900588989254,29.299999237060547,29.229999542236328,29.2450008392334,4008366
2024-05-28 16:00:00,29.25,29.33,29.24,29.3299,0
2024-05-28 17:00:00,29.34,29.34,29.24,29.32,0
2024-05-28 18:00:00,29.325,29.33,29.24,29.3,0
2024-05-28 19:00:00,29.29,29.34,29.27,29.28,0
2024-05-29 04:00:00,29.35,29.38,29.3,29.3,0
2024-05-29 05:00:00,29.28,29.34,29.11,29.17,0
2024-05-29 06:00:00,29.2,29.29,29.19,29.2,0
2024-05-29 07:00:00,29.19,29.26,29.12,29.14,0
2024-05-29 08:00:00,29.14,29.5,29.08,29.17,0
2024-05-29 09:00:00,29.15,29.19,28.86,29.07,0
2024-05-29 09:30:00,29.06999969482422,29.31999969482422,28.979999542236328,29.25,6081013
2024-05-29 10:30:00,29.249799728393555,29.309999465942383,29.149999618530273,29.270000457763672,3013609
2024-05-29 11:30:00,29.26959991455078,29.36000061035156,29.18000030517578,29.28499984741211,3223668
2024-05-29 12:30:00,29.280000686645508,29.40999984741211,29.25,29.38999938964844,2521109
2024-05-29 13:30:00,29.38999938964844,29.469999313354492,29.3700008392334,29.38990020751953,1566764
2024-05-29 14:30:00,29.385000228881836,29.38999938964844,29.23500061035156,29.243499755859375,1702137
2024-05-29 15:30:00,29.2450008392334,29.25,29.15999984741211,29.18000030517578,1989628
2024-05-29 16:00:00,29.185,29.23,29.12,29.21,0
2024-05-29 17:00:00,29.22,29.22,29.2,29.22,0
2024-05-29 18:00:00,29.21,29.24,29.18,29.209,0
2024-05-29 19:00:00,29.2,29.27,29.2,29.26,0
2024-05-30 04:00:00,28.88,28.88,28.68,28.7,0
2024-05-30 05:00:00,28.69,28.86,28.67,28.79,0
2024-05-30 06:00:00,28.79,28.79,28.62,28.66,0
2024-05-30 07:00:00,28.63,28.79,28.62,28.65,0
2024-05-30 08:00:00,28.65,28.96,28.45,28.54,0
2024-05-30 09:00:00,28.55,28.7903,28.48,28.75,0
2024-05-30 09:30:00,28.829999923706055,29.049999237060547,28.770000457763672,28.829999923706055,7280607
2024-05-30 10:30:00,28.829999923706055,28.850000381469727,28.59000015258789,28.645000457763672,4159488
2024-05-30 11:30:00,28.63999938964844,28.67989921569824,28.5,28.56999969482422,2401240
2024-05-30 12:30:00,28.579999923706055,28.690000534057617,28.56999969482422,28.59510040283203,1387026
2024-05-30 13:30:00,28.59000015258789,28.63999938964844,28.510000228881836,28.519899368286133,1617719
2024-05-30 14:30:00,28.51499938964844,28.549999237060547,28.399999618530273,28.40999984741211,1483743
2024-05-30 15:30:00,28.40999984741211,28.468299865722656,28.315000534057617,28.420000076293945,3102142
2024-05-30 16:00:00,28.42,28.46,28.38,28.46,0
2024-05-30 17:00:00,28.47,28.49,28.45,28.46,0
2024-05-30 18:00:00,28.47,28.52,28.43,28.49,0
2024-05-30 19:00:00,28.49,28.52,28.44,28.4802,0
2024-05-31 04:00:00,28.39,28.44,28.38,28.44,0
2024-05-31 05:00:00,28.48,28.56,28.48,28.51,0
2024-05-31 06:00:00,28.51,28.58,28.5,28.53,0
2024-05-31 07:00:00,28.53,28.61,28.53,28.57,0
2024-05-31 08:00:00,28.59,28.65,28.19,28.55,0
2024-05-31 09:00:00,28.63,29.02,28.63,28.85,0
2024-05-31 09:30:00,28.770000457763672,28.854999542236328,28.450000762939453,28.520000457763672,7305108
2024-05-31 10:30:00,28.520000457763672,28.520000457763672,27.790000915527344,27.846099853515625,7276525
2024-05-31 11:30:00,27.850000381469727,27.86000061035156,27.649999618530273,27.79560089111328,5788373
2024-05-31 12:30:00,27.78870010375977,27.8700008392334,27.579999923706055,27.65999984741211,2887126
2024-05-31 13:30:00,27.649999618530273,27.739999771118164,27.6200008392334,27.71500015258789,1911605
2024-05-31 14:30:00,27.709999084472656,27.729900360107425,27.600000381469727,27.625,2415474
2024-05-31 15:30:00,27.625,27.799999237060547,27.61000061035156,27.75510025024414,3819239
2024-05-31 16:00:00,27.76,27.8,27.74,27.79,0
2024-05-31 17:00:00,27.77,27.8,27.755,27.755,0
2024-05-31 18:00:00,27.75,27.79,27.75,27.77,0
2024-05-31 19:00:00,27.76,27.79,27.76,27.765,0
2024-06-03 04:00:00,27.6,27.68,27.55,27.66,0
2024-06-03 05:00:00,27.65,27.68,27.59,27.62,0
2024-06-03 06:00:00,27.65,27.74,27.61,27.73,0
2024-06-03 07:00:00,27.74,27.82,27.71,27.76,0
2024-06-03 08:00:00,27.77,27.83,27.24,27.81,0
2024-06-03 09:00:00,27.84,27.96,27.79,27.9,0
2024-06-03 09:30:00,27.81999969482422,27.93989944458008,27.559999465942383,27.81999969482422,7276626
2024-06-03 10:30:00,27.829999923706055,27.91990089416504,27.681900024414062,27.799999237060547,923682
2024-06-03 11:30:00,27.8700008392334,27.920000076293945,27.799999237060547,27.829999923706055,721714
2024-06-03 12:30:00,27.81999969482422,28.145000457763672,27.81999969482422,27.98509979248047,2859183
2024-06-03 13:30:00,27.979999542236328,28.024999618530273,27.920000076293945,27.98500061035156,3803683
2024-06-03 14:30:00,27.98979949951172,28.0,27.891000747680664,27.90999984741211,1384755
2024-06-03 15:30:00,27.90999984741211,27.920000076293945,27.8700008392334,27.905000686645508,900948
2024-06-03 16:00:00,27.89,28.08,27.89,28.08,0
2024-06-03 17:00:00,28.08,28.1,28.0496,28.0496,0
2024-06-03 18:00:00,28.04,28.16,28.03,28.03,0
2024-06-03 19:00:00,28.04,28.0991,28.03,28.04,0
2024-06-04 04:00:00,27.67,27.88,27.28,27.39,0
2024-06-04 05:00:00,27.37,27.44,27.04,27.19,0
2024-06-04 06:00:00,27.205,27.32,27.14,27.22,0
2024-06-04 07:00:00,27.22,27.28,27.03,27.12,0
2024-06-04 08:00:00,27.13,28.12,27.04,27.35,0
2024-06-04 09:00:00,27.32,27.89,27.18,27.29,0
2024-06-04 09:30:00,27.309999465942383,27.309999465942383,26.8700008392334,27.084999084472656,12847669
2024-06-04 10:30:00,27.09000015258789,27.100000381469727,26.84000015258789,27.059999465942383,5573172
2024-06-04 11:30:00,27.059999465942383,27.075000762939453,26.899999618530273,26.954999923706055,2391076
2024-06-04 12:30:00,26.954999923706055,26.9950008392334,26.84000015258789,26.979999542236328,2325177
2024-06-04 13:30:00,26.979999542236328,27.059900283813477,26.96500015258789,27.020000457763672,1874711
2024-06-04 14:30:00,27.020000457763672,27.02790069580078,26.951400756835938,27.0049991607666,1106024
2024-06-04 15:30:00,27.0049991607666,27.020000457763672,26.959999084472656,27.0049991607666,2033277
2024-06-04 16:00:00,27.0,27.02,26.94,26.95,0
2024-06-04 17:00:00,27.885,27.885,26.92,26.98,0
2024-06-04 18:00:00,26.96,27.01,26.94,26.98,0
2024-06-04 19:00:00,26.99,27.03,26.98,27.02,0
2024-06-05 04:00:00,27.12,27.12,26.96,27.01,0
2024-06-05 05:00:00,27.0,27.07,26.94,26.99,0
2024-06-05 06:00:00,27.0,27.05,26.99,27.02,0
2024-06-05 07:00:00,27.0,27.07,26.99,27.05,0
2024-06-05 08:00:00,27.05,27.21,26.89,27.03,0
2024-06-05 09:00:00,27.02,27.18,26.96,27.09,0
2024-06-05 09:30:00,27.1200008392334,27.170000076293945,26.895000457763672,27.135000228881836,5585206
2024-06-05 10:30:00,27.135000228881836,27.317100524902344,27.084400177001953,27.25,3867246
2024-06-05 11:30:00,27.242900848388672,27.43000030517578,27.221399307250977,27.350200653076172,3153877
2024-06-05 12:30:00,27.350000381469727,27.395000457763672,27.300500869750977,27.3799991607666,1058538
2024-06-05 13:30:00,27.37969970703125,27.424999237060547,27.334999084472656,27.40570068359375,1137764
2024-06-05 14:30:00,27.405000686645508,27.454999923706055,27.3799991607666,27.40999984741211,1235765
2024-06-05 15:30:00,27.40999984741211,27.420000076293945,27.3799991607666,27.405000686645508,1705408
2024-06-05 16:00:00,27.4,27.42,27.37,27.4192,0
2024-06-05 17:00:00,27.41,27.44,27.38,27.4399,0
2024-06-05 18:00:00,27.4498,27.45,27.4,27.43,0
2024-06-05 19:00:00,27.44,27.45,27.4,27.41,0
2024-06-06 04:00:00,27.6,27.72,27.6,27.67,0
2024-06-06 05:00:00,27.67,27.73,27.64,27.68,0
2024-06-06 06:00:00,27.68,27.69,27.65,27.67,0
2024-06-06 07:00:00,27.67,27.7,27.63,27.69,0
2024-06-06 08:00:00,27.67,27.85,27.6,27.64,0
2024-06-06 09:00:00,27.63,27.71,27.4,27.66,0
2024-06-06 09:30:00,27.81999969482422,27.934999465942383,27.68549919128418,27.80500030517578,6544886
2024-06-06 10:30:00,27.799999237060547,28.43000030517578,27.79010009765625,28.420000076293945,5455460
2024-06-06 11:30:00,28.43000030517578,28.510099411010746,28.34000015258789,28.5049991607666,5800213
2024-06-06 12:30:00,28.510000228881836,28.584999084472656,28.469999313354492,28.520000457763672,2249254
2024-06-06 13:30:00,28.520000457763672,28.6299991607666,28.5,28.579999923706055,2427223
2024-06-06 14:30:00,28.579999923706055,28.616300582885746,28.559999465942383,28.57799911499023,1438182
2024-06-06 15:30:00,28.575000762939453,28.57990074157715,28.510000228881836,28.540000915527344,2851213
2024-06-06 16:00:00,28.53,28.61,28.53,28.61,0
2024-06-06 17:00:00,28.61,28.62,28.57,28.58,0
2024-06-06 18:00:00,28.6,28.68,28.59,28.63,0
2024-06-06 19:00:00,28.64,28.67,28.6,28.63,0
2024-06-07 04:00:00,28.59,28.59,28.21,28.22,0
2024-06-07 05:00:00,28.21,28.21,27.8,27.83,0
2024-06-07 06:00:00,27.82,27.93,27.78,27.82,0
2024-06-07 07:00:00,27.8,27.8,27.6,27.77,0
2024-06-07 08:00:00,27.77,28.84,27.61,27.69,0
2024-06-07 09:00:00,27.7,27.7,27.14,27.2198,0
2024-06-07 09:30:00,27.290000915527344,27.299999237060547,26.74209976196289,27.13999938964844,16376835
2024-06-07 10:30:00,27.1299991607666,27.219900131225582,26.809999465942383,26.81130027770996,5414584
2024-06-07 11:30:00,26.809999465942383,26.86989974975586,26.724599838256836,26.86000061035156,4095004
2024-06-07 12:30:00,26.86000061035156,26.915000915527344,26.77720069885254,26.79990005493164,3408047
2024-06-07 13:30:00,26.795000076293945,26.84000015258789,26.694499969482425,26.7450008392334,3395711
2024-06-07 14:30:00,26.7450008392334,26.7450008392334,26.63999938964844,26.66900062561035,3849659
2024-06-07 15:30:00,26.66010093688965,26.690000534057617,26.61000061035156,26.649999618530273,5548098
2024-06-07 16:00:00,26.67,26.7,26.6,26.65,0
2024-06-07 17:00:00,26.65,26.69,26.64,26.68,0
2024-06-07 18:00:00,26.68,26.68,26.62,26.65,0
2024-06-07 19:00:00,26.6597,26.7,26.61,26.7,0
2024-06-10 04:00:00,27.09,27.14,26.95,27.12,0
2024-06-10 05:00:00,27.12,27.14,27.05,27.09,0
2024-06-10 06:00:00,27.09,27.16,27.08,27.11,0
2024-06-10 07:00:00,27.11,27.19,27.08,27.14,0
2024-06-10 08:00:00,27.14,27.23,26.82,27.2299,0
2024-06-10 09:00:00,27.22,27.23,27.13,27.165,0
2024-06-10 09:30:00,26.979999542236328,27.06999969482422,26.8700008392334,26.88999938964844,4906840
2024-06-10 10:30:00,26.899999618530273,27.094999313354492,26.850000381469727,27.049999237060547,2121816
2024-06-10 11:30:00,27.05010032653809,27.15519905090332,27.049999237060547,27.134899139404297,2451628
2024-06-10 12:30:00,27.13999938964844,27.239999771118164,27.100000381469727,27.166900634765625,2247004
2024-06-10 13:30:00,27.165000915527344,27.229999542236328,27.1299991607666,27.146099090576172,1427236
2024-06-10 14:30:00,27.149999618530273,27.19499969482422,27.1299991607666,27.165000915527344,1815775
2024-06-10 15:30:00,27.15999984741211,27.18000030517578,27.1200008392334,27.1299991607666,1731762
2024-06-10 16:00:00,27.13,27.17,27.11,27.16,0
2024-06-10 17:00:00,27.16,27.19,27.16,27.165,0
2024-06-10 18:00:00,27.18,27.29,27.16,27.1601,0
2024-06-10 19:00:00,27.1601,27.2,27.1299,27.15,0
2024-06-11 04:00:00,26.8,26.81,26.66,26.73,0
2024-06-11 05:00:00,26.72,26.76,26.63,26.63,0
2024-06-11 06:00:00,26.65,26.71,26.64,26.71,0
2024-06-11 07:00:00,26.72,26.73,26.66,26.68,0
2024-06-11 08:00:00,26.69,26.9296,26.54,26.9,0
2024-06-11 09:00:00,26.91,26.99,26.78,26.81,0
2024-06-11 09:30:00,26.729999542236328,26.75,26.59000015258789,26.684999465942383,4118114
2024-06-11 10:30:00,26.68000030517578,26.809999465942383,26.559999465942383,26.594999313354492,2242234
2024-06-11 11:30:00,26.600000381469727,26.665000915527344,26.565000534057617,26.609699249267575,1396677
2024-06-11 12:30:00,26.604900360107425,26.729999542236328,26.600000381469727,26.6299991607666,1592491
2024-06-11 13:30:00,26.62980079650879,26.709999084472656,26.6200008392334,26.704999923706055,745858
2024-06-11 14:30:00,26.704999923706055,26.73500061035156,26.670000076293945,26.670000076293945,1087403
2024-06-11 15:30:00,26.665000915527344,26.709999084472656,26.65999984741211,26.700000762939453,1824641
2024-06-11 16:00:00,26.71,26.75,26.69,26.75,0
2024-06-11 17:00:00,26.74,26.78,26.74,26.765,0
2024-06-11 18:00:00,26.7503,26.77,26.73,26.73,0
2024-06-11 19:00:00,26.77,26.78,26.72,26.76,0
2024-06-12 04:00:00,26.78,26.86,26.78,26.83,0
2024-06-12 05:00:00,26.82,26.85,26.8,26.85,0
2024-06-12 06:00:00,26.85,26.86,26.81,26.83,0
2024-06-12 07:00:00,26.83,26.89,26.83,26.87,0
2024-06-12 08:00:00,26.87,27.04,26.79,26.96,0
2024-06-12 09:00:00,26.96,27.6303,26.96,27.59,0
2024-06-12 09:30:00,27.5,27.524999618530273,27.040000915527344,27.2549991607666,8574806
2024-06-12 10:30:00,27.25,27.4773006439209,27.149999618530273,27.4773006439209,2185371
2024-06-12 11:30:00,27.469999313354492,27.549999237060547,27.420000076293945,27.481000900268555,2488644
2024-06-12 12:30:00,27.489999771118164,27.569900512695312,27.479999542236328,27.520000457763672,1734764
2024-06-12 13:30:00,27.510000228881836,27.520000457763672,27.0,27.260000228881836,4128024
2024-06-12 14:30:00,27.2549991607666,27.309999465942383,26.940000534057617,26.96500015258789,5696005
2024-06-12 15:30:00,26.960100173950195,27.09000015258789,26.950000762939453,27.040000915527344,2325352
2024-06-12 16:00:00,27.03,27.17,27.02,27.15,0
2024-06-12 17:00:00,27.1403,27.15,27.11,27.125,0
2024-06-12 18:00:00,27.13,27.13,27.02,27.02,0
2024-06-12 19:00:00,27.02,27.0598,26.9845,26.99,0
2024-06-13 04:00:00,26.76,26.9,26.0,26.76,0
2024-06-13 05:00:00,26.75,26.84,26.71,26.78,0
2024-06-13 06:00:00,26.79,26.8,26.73,26.8,0
2024-06-13 07:00:00,26.81,26.82,26.62,26.66,0
2024-06-13 08:00:00,26.67,26.83,26.5,26.62,0
2024-06-13 09:00:00,26.62,26.9,26.62,26.75,0
2024-06-13 09:30:00,26.790000915527344,26.93000030517578,26.53499984741211,26.559999465942383,5549773
2024-06-13 10:30:00,26.55500030517578,26.63999938964844,26.3799991607666,26.469999313354492,3261697
2024-06-13 11:30:00,26.469900131225582,26.469900131225582,26.170000076293945,26.31999969482422,5597244
2024-06-13 12:30:00,26.31999969482422,26.4950008392334,26.299999237060547,26.469999313354492,2432637
2024-06-13 13:30:00,26.469999313354492,26.479999542236328,26.38010025024414,26.450000762939453,1022129
2024-06-13 14:30:00,26.450300216674805,26.465200424194336,26.415000915527344,26.434999465942383,1270541
2024-06-13 15:30:00,26.43000030517578,26.43000030517578,26.399999618530273,26.43000030517578,1822170
2024-06-13 16:00:00,26.43,26.46,26.41,26.445,0
2024-06-13 17:00:00,26.44,26.47,26.44,26.46,0
2024-06-13 18:00:00,26.45,26.45,26.4,26.41,0
2024-06-13 19:00:00,26.419,26.42,26.38,26.42,0
2024-06-14 04:00:00,26.55,26.635,26.55,26.6,0
2024-06-14 05:00:00,26.585,26.59,26.51,26.54,0
2024-06-14 06:00:00,26.54,26.69,26.54,26.68,0
2024-06-14 07:00:00,26.67,26.72,26.65,26.7,0
2024-06-14 08:00:00,26.7,26.84,26.38,26.71,0
2024-06-14 09:00:00,26.72,26.74,26.62,26.63,0
2024-06-14 09:30:00,26.6299991607666,26.72529983520508,26.540000915527344,26.635000228881836,3859674
2024-06-14 10:30:00,26.6299991607666,26.649999618530273,26.5,26.584999084472656,2287492
2024-06-14 11:30:00,26.59000015258789,26.904300689697266,26.565000534057617,26.78499984741211,3425198
2024-06-14 12:30:00,26.780000686645508,26.8799991607666,26.770000457763672,26.8700008392334,3196552
2024-06-14 13:30:00,26.870500564575195,26.954999923706055,26.8700008392334,26.93000030517578,4732037
2024-06-14 14:30:00,26.93000030517578,26.989999771118164,26.93000030517578,26.979999542236328,3354065
2024-06-14 15:30:00,26.989999771118164,27.030000686645508,26.97010040283203,27.030000686645508,4571076
2024-06-14 16:00:00,27.03,27.03,26.98,27.0,0
2024-06-14 17:00:00,26.99,27.01,26.965,26.9906,0
2024-06-14 18:00:00,27.0,27.01,26.95,27.01,0
2024-06-14 19:00:00,26.98,27.01,26.95,26.96,0
2024-06-17 04:00:00,26.58,26.66,26.56,26.65,0
2024-06-17 05:00:00,26.62,26.69,26.59,26.67,0
2024-06-17 06:00:00,26.65,26.69,26.65,26.69,0
2024-06-17 07:00:00,26.69,26.73,26.67,26.73,0
2024-06-17 08:00:00,26.72,26.7596,26.52,26.72,0
2024-06-17 09:00:00,26.7,26.93,26.68,26.92,0
2024-06-17 09:30:00,26.899999618530273,26.915000915527344,26.7450008392334,26.90959930419922,2917045
2024-06-17 10:30:00,26.90999984741211,26.93000030517578,26.81999969482422,26.825000762939453,1169914
2024-06-17 11:30:00,26.81999969482422,26.81999969482422,26.559999465942383,26.75,6885798
2024-06-17 12:30:00,26.75,26.81999969482422,26.719999313354492,26.770000457763672,577750
2024-06-17 13:30:00,26.77050018310547,26.850000381469727,26.740100860595703,26.844999313354492,652954
2024-06-17 14:30:00,26.849899291992188,26.909799575805664,26.829999923706055,26.885000228881836,1068568
2024-06-17 15:30:00,26.885000228881836,26.93600082397461,26.8799991607666,26.90999984741211,1308418
2024-06-17 16:00:00,26.92,26.92,26.88,26.905,0
2024-06-17 17:00:00,26.9,26.91,26.88,26.9,0
2024-06-17 18:00:00,26.9,26.97,26.9,26.97,0
2024-06-17 19:00:00,26.96,26.97,26.92,26.96,0
2024-06-18 04:00:00,26.8,26.8,26.61,26.61,0
2024-06-18 05:00:00,26.6,26.68,26.57,26.66,0
2024-06-18 06:00:00,26.64,26.67,26.62,26.65,0
2024-06-18 07:00:00,26.65,26.68,26.55,26.68,0
2024-06-18 08:00:00,26.67,26.97,26.555,26.7,0
2024-06-18 09:00:00,26.67,26.76,26.4203,26.72,0
2024-06-18 09:30:00,26.649999618530273,26.940000534057617,26.649999618530273,26.899999618530273,3327554
2024-06-18 10:30:00,26.899999618530273,26.950000762939453,26.65999984741211,26.760000228881836,1574955
2024-06-18 11:30:00,26.760000228881836,26.93989944458008,26.72410011291504,26.90999984741211,1388497
2024-06-18 12:30:00,26.913999557495117,26.989999771118164,26.850000381469727,26.969999313354492,1149799
2024-06-18 13:30:00,26.975000381469727,27.010000228881836,26.899999618530273,26.969999313354492,1045535
2024-06-18 14:30:00,26.969999313354492,27.010000228881836,26.940000534057617,26.989999771118164,2071741
2024-06-18 15:30:00,26.989999771118164,27.0,26.959999084472656,26.969999313354492,1223203
2024-06-18 16:00:00,26.96,27.0,26.96,26.98,0
2024-06-18 17:00:00,26.9701,27.0,26.96,26.96,0
2024-06-18 18:00:00,26.97,26.99,26.93,26.95,0
2024-06-18 19:00:00,26.95,26.98,26.92,26.97,0
2024-06-20 04:00:00,27.62,27.64,26.97,27.59,0
2024-06-20 05:00:00,27.59,27.6,27.55,27.58,0
2024-06-20 06:00:00,27.58,27.67,27.58,27.64,0
2024-06-20 07:00:00,27.64,27.68,27.575,27.64,0
2024-06-20 08:00:00,27.65,27.8,27.55,27.72,0
2024-06-20 09:00:00,27.74,27.76,26.96,27.5,0
2024-06-20 09:30:00,27.510000228881836,27.92300033569336,27.40999984741211,27.90999984741211,7633745
2024-06-20 10:30:00,27.90999984741211,28.09000015258789,27.850000381469727,27.850000381469727,4395084
2024-06-20 11:30:00,27.850000381469727,28.0,27.826799392700195,27.979999542236328,2835573
2024-06-20 12:30:00,27.989999771118164,28.100000381469727,27.959999084472656,28.045000076293945,1594782
2024-06-20 13:30:00,28.040000915527344,28.1200008392334,28.020000457763672,28.109899520874023,1562997
2024-06-20 14:30:00,28.104999542236328,28.104999542236328,28.0,28.024999618530273,1868700
2024-06-20 15:30:00,28.02989959716797,28.059999465942383,28.0,28.010000228881836,2374740
2024-06-20 16:00:00,28.0,28.06,26.96,28.06,0
2024-06-20 17:00:00,28.05,28.06,28.0,28.04,0
2024-06-20 18:00:00,28.04,28.09,28.03,28.06,0
2024-06-20 19:00:00,28.07,28.11,28.0,28.09,0
2024-06-21 04:00:00,27.74,27.82,27.72,27.81,0
2024-06-21 05:00:00,27.82,27.86,27.79,27.81,0
2024-06-21 06:00:00,27.81,27.82,27.74,27.8,0
2024-06-21 07:00:00,27.76,27.85,27.76,27.85,0
2024-06-21 08:00:00,27.86,28.0,27.63,27.76,0
2024-06-21 09:00:00,27.75,27.75,27.53,27.68,0
2024-06-21 09:30:00,27.549999237060547,27.565000534057617,27.059999465942383,27.209999084472656,8215977
2024-06-21 10:30:00,27.219999313354492,27.299999237060547,26.979900360107425,27.08989906311035,4835716
2024-06-21 11:30:00,27.079999923706055,27.170000076293945,27.040000915527344,27.1200008392334,2270335
2024-06-21 12:30:00,27.114999771118164,27.129899978637695,26.98500061035156,26.98500061035156,3527190
2024-06-21 13:30:00,26.989999771118164,27.030000686645508,26.90999984741211,26.987499237060547,3001039
2024-06-21 14:30:00,26.979999542236328,27.010000228881836,26.959999084472656,27.010000228881836,1259303
2024-06-21 15:30:00,27.0049991607666,27.010000228881836,26.959999084472656,26.969999313354492,3365211
2024-06-21 16:00:00,26.98,26.99,26.96,26.98,0
2024-06-21 17:00:00,26.99,27.0,26.96,27.0,0
2024-06-21 18:00:00,27.0,27.01,26.97,26.97,0
2024-06-21 19:00:00,26.99,27.0,26.97,27.0,0
2024-06-24 04:00:00,27.0,27.14,26.96,27.085,0
2024-06-24 05:00:00,27.09,27.14,27.08,27.08,0
2024-06-24 06:00:00,27.08,27.1,27.03,27.03,0
2024-06-24 07:00:00,27.03,27.05,26.98,27.01,0
2024-06-24 08:00:00,27.03,27.13,26.95,27.03,0
2024-06-24 09:00:00,27.04,27.06,26.95,27.005,0
2024-06-24 09:30:00,27.059999465942383,27.13999938964844,26.980100631713867,27.020000457763672,2238792
2024-06-24 10:30:00,27.01499938964844,27.09950065612793,27.01490020751953,27.03499984741211,1284562
2024-06-24 11:30:00,27.040000915527344,27.05500030517578,26.88010025024414,26.90999984741211,1451781
2024-06-24 12:30:00,26.90999984741211,26.975000381469727,26.899999618530273,26.94260025024414,748021
2024-06-24 13:30:00,26.94989967346191,27.009899139404297,26.940000534057617,27.0049991607666,766032
2024-06-24 14:30:00,27.0049991607666,27.049999237060547,26.990100860595703,27.0049991607666,1385491
2024-06-24 15:30:00,27.010000228881836,27.030000686645508,26.979999542236328,26.98500061035156,1277090
2024-06-24 16:00:00,26.98,27.02,26.98,27.0,0
2024-06-24 17:00:00,27.0,27.01,26.9803,26.9803,0
2024-06-24 18:00:00,27.0,27.02,26.97,26.98,0
2024-06-24 19:00:00,26.92,26.99,26.92,26.9897,0
2024-06-25 04:00:00,26.91,27.0,26.9,26.99,0
2024-06-25 05:00:00,26.99,27.04,26.99,27.03,0
2024-06-25 06:00:00,27.03,27.07,27.02,27.06,0
2024-06-25 07:00:00,27.06,27.06,26.98,26.98,0
2024-06-25 08:00:00,26.96,27.03,26.85,26.97,0
2024-06-25 09:00:00,26.97,27.05,26.84,26.86,0
2024-06-25 09:30:00,26.780000686645508,26.78969955444336,26.59000015258789,26.63999938964844,3705698
2024-06-25 10:30:00,26.63999938964844,26.725000381469727,26.469999313354492,26.520000457763672,3426977
2024-06-25 11:30:00,26.51499938964844,26.53499984741211,26.3799991607666,26.386499404907227,2517474
2024-06-25 12:30:00,26.38999938964844,26.420000076293945,26.34000015258789,26.405000686645508,1342832
2024-06-25 13:30:00,26.405000686645508,26.41990089416504,26.354999542236328,26.385000228881836,1033240
2024-06-25 14:30:00,26.385000228881836,26.42620086669922,26.3700008392334,26.40999984741211,843294
2024-06-25 15:30:00,26.415000915527344,26.43000030517578,26.38999938964844,26.399999618530273,1564138
2024-06-25 16:00:00,26.4,26.41,26.36,26.4001,0
2024-06-25 17:00:00,26.4,26.41,26.4,26.4,0
2024-06-25 18:00:00,26.4,26.46,26.39,26.41,0
2024-06-25 19:00:00,26.4093,26.4199,26.38,26.38,0
2024-06-26 04:00:00,26.45,26.47,26.41,26.44,0
2024-06-26 05:00:00,26.44,26.5,26.44,26.5,0
2024-06-26 06:00:00,26.5,26.53,26.38,26.39,0
2024-06-26 07:00:00,26.39,26.43,26.29,26.33,0
2024-06-26 08:00:00,26.33,26.52,26.3,26.49,0
2024-06-26 09:00:00,26.49,26.49,26.3,26.35,0
2024-06-26 09:30:00,26.15999984741211,26.329999923706055,26.09000015258789,26.260000228881836,5006531
2024-06-26 10:30:00,26.25,26.44510078430176,26.219999313354492,26.399999618530273,1795817
2024-06-26 11:30:00,26.399999618530273,26.43989944458008,26.32010078430176,26.420000076293945,1949938
2024-06-26 12:30:00,26.424999237060547,26.440000534057617,26.35029983520508,26.434999465942383,798010
2024-06-26 13:30:00,26.43000030517578,26.43510055541992,26.334999084472656,26.350000381469727,727836
2024-06-26 14:30:00,26.36000061035156,26.36000061035156,26.25,26.270099639892575,1144345
2024-06-26 15:30:00,26.250099182128903,26.31999969482422,26.229999542236328,26.299999237060547,1446209
2024-06-26 16:00:00,26.31,26.31,26.27,26.28,0
2024-06-26 17:00:00,26.27,26.31,26.27,26.2899,0
2024-06-26 18:00:00,26.27,26.28,26.22,26.2299,0
2024-06-26 19:00:00,26.2299,26.25,26.19,26.25,0
2024-06-27 04:00:00,26.25,26.29,26.23,26.23,0
2024-06-27 05:00:00,26.23,26.42,26.22,26.42,0
2024-06-27 06:00:00,26.405,26.41,26.37,26.4,0
2024-06-27 07:00:00,26.4,26.42,26.35,26.37,0
2024-06-27 08:00:00,26.37,26.4902,26.21,26.49,0
2024-06-27 09:00:00,26.5,26.71,26.48,26.7,0
2024-06-27 09:30:00,26.559999465942383,26.65999984741211,26.43000030517578,26.5,4065723
2024-06-27 10:30:00,26.4950008392334,26.614999771118164,26.45009994506836,26.475000381469727,1754799
2024-06-27 11:30:00,26.469999313354492,26.510000228881836,26.357500076293945,26.3799991607666,1362956
2024-06-27 12:30:00,26.372900009155273,26.459999084472656,26.370100021362305,26.424999237060547,441833
2024-06-27 13:30:00,26.43000030517578,26.455299377441406,26.364999771118164,26.38599967956543,853196
2024-06-27 14:30:00,26.385000228881836,26.450000762939453,26.351499557495117,26.43000030517578,370817
2024-06-27 15:30:00,26.439800262451172,26.440000534057617,26.420000076293945,26.440000534057617,1067596
2024-06-27 16:00:00,26.435,26.47,26.43,26.46,0
2024-06-27 17:00:00,26.46,26.47,26.42,26.4694,0
2024-06-27 18:00:00,26.45,26.45,26.43,26.45,0
2024-06-27 19:00:00,26.45,26.48,26.44,26.48,0
2024-06-28 04:00:00,26.67,26.75,26.52,26.72,0
2024-06-28 05:00:00,26.73,26.75,26.71,26.71,0
2024-06-28 06:00:00,26.71,26.79,26.71,26.79,0
2024-06-28 07:00:00,26.78,26.84,26.78,26.78,0
2024-06-28 08:00:00,26.8,26.84,26.48,26.81,0
2024-06-28 09:00:00,26.83,27.05,26.77,27.02,0
2024-06-28 09:30:00,26.8799991607666,26.88999938964844,26.729999542236328,26.78499984741211,3972676
2024-06-28 10:30:00,26.790000915527344,26.809999465942383,26.56999969482422,26.719999313354492,2282732
2024-06-28 11:30:00,26.719999313354492,26.780000686645508,26.690000534057617,26.729999542236328,739791
2024-06-28 12:30:00,26.73500061035156,26.760000228881836,26.6299991607666,26.686399459838867,654264
2024-06-28 13:30:00,26.690000534057617,26.690000534057617,26.6200008392334,26.6299991607666,494575
2024-06-28 14:30:00,26.625,26.630800247192383,26.579999923706055,26.582500457763672,666677
2024-06-28 15:30:00,26.59000015258789,26.6112003326416,26.540000915527344,26.579999923706055,1348151
2024-06-28 16:00:00,26.59,26.62,26.55,26.62,0
2024-06-28 17:00:00,26.62,26.62,26.61,26.61,0
2024-06-28 18:00:00,26.61,26.62,26.6083,26.6083,0
2024-06-28 19:00:00,26.6083,26.61,26.56,26.6,0
2024-07-01 04:00:00,26.56,26.66,26.56,26.66,0
2024-07-01 05:00:00,26.67,26.7,26.65,26.68,0
2024-07-01 06:00:00,26.67,26.7,26.64,26.66,0
2024-07-01 07:00:00,26.69,26.77,26.68,26.76,0
2024-07-01 08:00:00,26.75,26.79,26.46,26.78,0
2024-07-01 09:00:00,26.77,26.8,26.64,26.78,0
2024-07-01 09:30:00,26.719999313354492,26.920000076293945,26.655000686645508,26.739999771118164,4629440
2024-07-01 10:30:00,26.739999771118164,26.770000457763672,26.600000381469727,26.71500015258789,2772391
2024-07-01 11:30:00,26.710100173950195,26.80970001220703,26.68000030517578,26.79010009765625,899365
2024-07-01 12:30:00,26.790000915527344,26.811199188232425,26.739999771118164,26.79050064086914,959550
2024-07-01 13:30:00,26.790000915527344,26.799999237060547,26.702699661254883,26.709999084472656,539896
2024-07-01 14:30:00,26.704999923706055,26.85120010375977,26.704999923706055,26.850000381469727,602427
2024-07-01 15:30:00,26.84980010986328,26.8799991607666,26.84000015258789,26.86000061035156,1943407
2024-07-01 16:00:00,26.85,26.9,26.85,26.8902,0
2024-07-01 17:00:00,26.9,26.9,26.87,26.87,0
2024-07-01 18:00:00,26.88,26.92,26.87,26.89,0
2024-07-01 19:00:00,26.87,26.9,26.87,26.89,0
2024-07-02 04:00:00,26.85,26.85,26.76,26.76,0
2024-07-02 05:00:00,26.75,26.81,26.73,26.78,0
2024-07-02 06:00:00,26.78,26.78,26.72,26.765,0
2024-07-02 07:00:00,26.78,26.8,26.75,26.77,0
2024-07-02 08:00:00,26.77,26.86,26.67,26.81,0
2024-07-02 09:00:00,26.79,27.0,26.79,26.84,0
2024-07-02 09:30:00,26.850000381469727,27.229999542236328,26.799999237060547,27.079299926757812,6047672
2024-07-02 10:30:00,27.079999923706055,27.149999618530273,27.0049991607666,27.049999237060547,1745625
2024-07-02 11:30:00,27.05500030517578,27.06999969482422,26.774999618530273,26.829999923706055,1766995
2024-07-02 12:30:00,26.829999923706055,26.857099533081055,26.790000915527344,26.850000381469727,657077
2024-07-02 13:30:00,26.84000015258789,26.928600311279297,26.809999465942383,26.917600631713867,547317
2024-07-02 14:30:00,26.916000366210938,26.989999771118164,26.884700775146484,26.98500061035156,548304
2024-07-02 15:30:00,26.98500061035156,27.0,26.96500015258789,26.979999542236328,588179
2024-07-02 16:00:00,26.97,26.99,26.95,26.965,0
2024-07-02 17:00:00,26.96,26.98,26.95,26.9501,0
2024-07-02 18:00:00,26.96,27.03,26.96,27.02,0
2024-07-02 19:00:00,27.03,27.03,27.01,27.02,0
2024-07-03 04:00:00,27.52,27.56,27.22,27.56,0
2024-07-03 05:00:00,27.55,27.55,27.42,27.42,0
2024-07-03 06:00:00,27.41,27.52,27.41,27.51,0
2024-07-03 07:00:00,27.51,27.57,27.475,27.5,0
2024-07-03 08:00:00,27.52,27.81,27.07,27.8,0
2024-07-03 09:00:00,27.81,27.93,26.97,27.72,0
2024-07-03 09:30:00,27.709999084472656,27.975000381469727,27.68000030517578,27.899999618530273,7563520
2024-07-03 10:30:00,27.899999618530273,28.010000228881836,27.790000915527344,27.86000061035156,3701692
2024-07-03 11:30:00,27.8700008392334,27.92989921569824,27.81999969482422,27.8700008392334,1936909
2024-07-03 13:00:00,27.864999771118164,27.924999237060547,27.820199966430664,27.8799991607666,0
2024-07-03 14:00:00,27.89,27.89,27.84,27.86,0
2024-07-03 15:00:00,27.8799,27.8799,27.78,27.81,0
2024-07-03 16:00:00,27.81,27.86,27.8,27.84,0
2024-07-05 04:00:00,27.84,27.96,27.84,27.93,0
2024-07-05 05:00:00,27.93,27.95,27.89,27.89,0
2024-07-05 06:00:00,27.88,27.91,27.86,27.91,0
2024-07-05 07:00:00,27.94,27.97,27.91,27.94,0
2024-07-05 08:00:00,27.95,28.03,27.87,27.96,0
2024-07-05 09:00:00,27.95,28.24,27.6,28.22,0
2024-07-05 09:30:00,28.15999984741211,28.309900283813477,28.084800720214844,28.19930076599121,5998090
2024-07-05 10:30:00,28.19499969482422,28.5,28.190000534057617,28.450000762939453,4416559
2024-07-05 11:30:00,28.459999084472656,28.68000030517578,28.44499969482422,28.649999618530273,3443986
2024-07-05 12:30:00,28.63999938964844,28.75,28.584999084472656,28.65999984741211,3141531
2024-07-05 13:30:00,28.65999984741211,28.65999984741211,28.469999313354492,28.62310028076172,1625414
2024-07-05 14:30:00,28.6299991607666,28.65999984741211,28.600000381469727,28.63999938964844,1197154
2024-07-05 15:30:00,28.632999420166016,28.63990020751953,28.469999313354492,28.5,2711774
2024-07-05 16:00:00,28.48,28.7006,28.48,28.5,0
2024-07-05 17:00:00,28.51,28.54,28.48,28.5,0
2024-07-05 18:00:00,28.5,28.56,28.5,28.5495,0
2024-07-05 19:00:00,28.54,28.55,28.48,28.54,0
2024-07-08 04:00:00,28.29,28.35,28.22,28.28,0
2024-07-08 05:00:00,28.27,28.29,28.2,28.28,0
2024-07-08 06:00:00,28.28,28.31,28.25,28.31,0
2024-07-08 07:00:00,28.31,28.34,28.27,28.33,0
2024-07-08 08:00:00,28.33,28.42,28.2,28.3,0
2024-07-08 09:00:00,28.3,28.48,28.17,28.33,0
2024-07-08 09:30:00,28.350000381469727,28.4950008392334,28.31999969482422,28.45050048828125,3683675
2024-07-08 10:30:00,28.45170021057129,28.510000228881836,28.295000076293945,28.325000762939453,1947239
2024-07-08 11:30:00,28.329999923706055,28.329999923706055,27.790000915527344,27.929500579833984,6441590
2024-07-08 12:30:00,27.924999237060547,28.040000915527344,27.915000915527344,27.940099716186523,1247826
2024-07-08 13:30:00,27.950000762939453,28.019899368286133,27.950000762939453,28.0049991607666,673846
2024-07-08 14:30:00,28.010000228881836,28.059999465942383,27.92009925842285,28.05500030517578,1672158
2024-07-08 15:30:00,28.059999465942383,28.149999618530273,28.040000915527344,28.1200008392334,3630203
2024-07-08 16:00:00,28.13,28.14,28.07,28.09,0
2024-07-08 17:00:00,28.09,28.09,28.07,28.09,0
2024-07-08 18:00:00,28.08,28.13,28.08,28.13,0
2024-07-08 19:00:00,28.12,28.19,28.12,28.16,0
2024-07-09 04:00:00,28.2,28.33,28.2,28.29,0
2024-07-09 05:00:00,28.28,28.4,28.26,28.34,0
2024-07-09 06:00:00,28.34,28.395,28.34,28.37,0
2024-07-09 07:00:00,28.37,28.43,28.32,28.32,0
2024-07-09 08:00:00,28.33,28.4002,28.2401,28.29,0
2024-07-09 09:00:00,28.29,28.3,28.13,28.29,0
2024-07-09 09:30:00,28.31999969482422,28.42989921569824,28.065000534057617,28.201000213623047,4257235
2024-07-09 10:30:00,28.200000762939453,28.30010032653809,27.8700008392334,27.920000076293945,3657374
2024-07-09 11:30:00,27.920000076293945,28.143800735473633,27.899999618530273,28.135000228881836,1179461
2024-07-09 12:30:00,28.13629913330078,28.13999938964844,28.05500030517578,28.084999084472656,2307397
2024-07-09 13:30:00,28.084999084472656,28.168800354003903,28.065000534057617,28.149999618530273,552176
2024-07-09 14:30:00,28.149999618530273,28.170000076293945,28.1200008392334,28.125,714400
2024-07-09 15:30:00,28.125,28.1299991607666,28.09000015258789,28.1200008392334,1223263
2024-07-09 16:00:00,28.12,28.14,28.11,28.12,0
2024-07-09 17:00:00,28.12,28.13,28.1,28.13,0
2024-07-09 18:00:00,28.13,28.13,28.06,28.12,0
2024-07-09 19:00:00,28.13,28.15,28.1,28.1399,0
2024-07-10 04:00:00,28.15,28.27,28.15,28.27,0
2024-07-10 05:00:00,28.29,28.31,28.26,28.28,0
2024-07-10 06:00:00,28.29,28.32,28.26,28.28,0
2024-07-10 07:00:00,28.3,28.3,28.23,28.26,0
2024-07-10 08:00:00,28.25,28.4,28.04,28.3703,0
2024-07-10 09:00:00,28.38,28.39,28.26,28.27,0
2024-07-10 09:30:00,28.290000915527344,28.459999084472656,28.17169952392578,28.2450008392334,4509744
2024-07-10 10:30:00,28.239999771118164,28.26499938964844,28.09000015258789,28.260000228881836,1764047
2024-07-10 11:30:00,28.260000228881836,28.289899826049805,28.18000030517578,28.24099922180176,1660862
2024-07-10 12:30:00,28.2450008392334,28.2549991607666,28.030000686645508,28.045000076293945,1285489
2024-07-10 13:30:00,28.045000076293945,28.145000457763672,27.989999771118164,28.11000061035156,1069018
2024-07-10 14:30:00,28.11000061035156,28.149900436401367,28.100000381469727,28.131099700927734,799411
2024-07-10 15:30:00,28.135000228881836,28.15999984741211,28.11000061035156,28.149999618530273,1839707
2024-07-10 16:00:00,28.16,28.17,28.12,28.1302,0
2024-07-10 17:00:00,28.14,28.18,28.14,28.18,0
2024-07-10 18:00:00,28.16,28.1792,28.13,28.165,0
2024-07-10 19:00:00,28.17,28.17,28.1499,28.17,0
2024-07-11 04:00:00,28.2,28.29,28.2,28.25,0
2024-07-11 05:00:00,28.26,28.36,28.25,28.35,0
2024-07-11 06:00:00,28.36,28.37,28.32,28.32,0
2024-07-11 07:00:00,28.31,28.33,28.28,28.28,0
2024-07-11 08:00:00,28.29,28.39,28.2,28.2,0
2024-07-11 09:00:00,28.3,28.99,28.24,28.8201,0
2024-07-11 09:30:00,28.75,28.815000534057617,28.479900360107425,28.6200008392334,8049456
2024-07-11 10:30:00,28.614999771118164,28.908700942993164,28.549999237060547,28.854999542236328,3418526
2024-07-11 11:30:00,28.854999542236328,28.90999984741211,28.600000381469727,28.655000686645508,2851255
2024-07-11 12:30:00,28.649999618530273,28.739900588989254,28.565000534057617,28.729999542236328,1249507
2024-07-11 13:30:00,28.722999572753903,28.729900360107425,28.6560001373291,28.670000076293945,1033647
2024-07-11 14:30:00,28.674999237060547,28.770000457763672,28.674999237060547,28.75,980676
2024-07-11 15:30:00,28.739999771118164,28.780000686645508,28.68000030517578,28.700000762939453,2212023
2024-07-11 16:00:00,28.68,28.71,28.66,28.71,0
2024-07-11 17:00:00,28.71,28.74,28.68,28.74,0
2024-07-11 18:00:00,28.7,28.72,28.6227,28.64,0
2024-07-11 19:00:00,28.6304,28.68,28.63,28.67,0
2024-07-12 04:00:00,28.15,28.38,28.07,28.15,0
2024-07-12 05:00:00,28.14,28.19,28.13,28.15,0
2024-07-12 06:00:00,28.14,28.14,28.04,28.045,0
2024-07-12 07:00:00,28.07,28.11,28.0,28.1,0
2024-07-12 08:00:00,28.09,28.52,28.0004,28.02,0
2024-07-12 09:00:00,28.02,28.08,27.71,28.05,0
2024-07-12 09:30:00,28.0,28.204999923706055,27.940000534057617,28.166000366210938,5843505
2024-07-12 10:30:00,28.15999984741211,28.290000915527344,28.149999618530273,28.229999542236328,2598434
2024-07-12 11:30:00,28.239999771118164,28.30870056152344,28.190000534057617,28.295000076293945,1229729
2024-07-12 12:30:00,28.29599952697754,28.30929946899414,28.19499969482422,28.225000381469727,1256733
2024-07-12 13:30:00,28.229999542236328,28.280000686645508,28.209999084472656,28.219999313354492,667749
2024-07-12 14:30:00,28.219999313354492,28.219999313354492,28.149999618530273,28.155000686645508,1384642
2024-07-12 15:30:00,28.149999618530273,28.15999984741211,28.09000015258789,28.110200881958008,1884067
2024-07-12 16:00:00,28.12,28.12,28.0607,28.11,0
2024-07-12 17:00:00,28.11,28.12,28.1,28.12,0
2024-07-12 18:00:00,28.1,28.12,28.07,28.11,0
2024-07-12 19:00:00,28.12,28.15,28.11,28.11,0
2024-07-15 04:00:00,28.11,28.11,27.98,28.02,0
2024-07-15 05:00:00,28.02,28.05,28.01,28.03,0
2024-07-15 06:00:00,28.02,28.11,28.015,28.06,0
2024-07-15 07:00:00,28.07,28.15,28.04,28.14,0
2024-07-15 08:00:00,28.14,28.32,27.97,28.01,0
2024-07-15 09:00:00,28.011,28.04,27.94,27.9799,0
2024-07-15 09:30:00,28.09000015258789,28.200000762939453,27.8700008392334,28.1914005279541,3211008
2024-07-15 10:30:00,28.190099716186523,28.38999938964844,28.13999938964844,28.295000076293945,2224224
2024-07-15 11:30:00,28.290000915527344,28.290000915527344,28.190000534057617,28.230100631713867,1339120
2024-07-15 12:30:00,28.229999542236328,28.3799991607666,28.010000228881836,28.040000915527344,2133914
2024-07-15 13:30:00,28.030000686645508,28.040000915527344,27.959999084472656,28.03499984741211,2256670
2024-07-15 14:30:00,28.030000686645508,28.06999969482422,27.989999771118164,28.0,634675
2024-07-15 15:30:00,28.0049991607666,28.039899826049805,28.0,28.020000457763672,1191653
2024-07-15 16:00:00,28.03,28.03,28.0,28.015,0
2024-07-15 17:00:00,28.02,28.04,28.0,28.0,0
2024-07-15 18:00:00,28.0,28.03,27.95,27.95,0
2024-07-15 19:00:00,27.96,27.99,27.93,27.96,0
2024-07-16 04:00:00,28.05,28.12,28.02,28.07,0
2024-07-16 05:00:00,28.11,28.16,28.04,28.16,0
2024-07-16 06:00:00,28.16,28.22,28.16,28.2,0
2024-07-16 07:00:00,28.19,28.21,28.17,28.21,0
2024-07-16 08:00:00,28.18,28.22,28.03,28.1994,0
2024-07-16 09:00:00,28.14,28.17,27.84,27.99,0
2024-07-16 09:30:00,28.030000686645508,28.270000457763672,27.979999542236328,28.219999313354492,3942558
2024-07-16 10:30:00,28.219999313354492,28.649999618530273,28.190000534057617,28.59000015258789,4835146
2024-07-16 11:30:00,28.600000381469727,28.67970085144043,28.440000534057617,28.510099411010746,2629804
2024-07-16 12:30:00,28.510000228881836,28.539899826049805,28.420000076293945,28.520000457763672,1440645
2024-07-16 13:30:00,28.524999618530273,28.61989974975586,28.5049991607666,28.53499984741211,910006
2024-07-16 14:30:00,28.53499984741211,28.59000015258789,28.510099411010746,28.584999084472656,1238120
2024-07-16 15:30:00,28.584999084472656,28.6200008392334,28.565000534057617,28.600000381469727,1867208
2024-07-16 16:00:00,28.61,28.62,28.53,28.53,0
2024-07-16 17:00:00,28.54,28.58,28.53,28.57,0
2024-07-16 18:00:00,28.56,28.59,28.51,28.59,0
2024-07-16 19:00:00,28.53,28.59,28.51,28.55,0
2024-07-17 04:00:00,28.13,28.3,28.13,28.23,0
2024-07-17 05:00:00,28.23,28.3,28.19,28.215,0
2024-07-17 06:00:00,28.22,28.31,28.18,28.31,0
2024-07-17 07:00:00,28.31,28.31,28.2,28.28,0
2024-07-17 08:00:00,28.28,28.44,28.1,28.31,0
2024-07-17 09:00:00,28.31,28.61,28.2,28.26,0
2024-07-17 09:30:00,28.25,28.36000061035156,27.709999084472656,27.825000762939453,10747393
2024-07-17 10:30:00,27.82010078430176,27.94499969482422,27.540000915527344,27.655000686645508,6861277
2024-07-17 11:30:00,27.649999618530273,27.700000762939453,27.43000030517578,27.469999313354492,3153439
2024-07-17 12:30:00,27.459999084472656,27.57990074157715,27.450000762939453,27.53499984741211,2103168
2024-07-17 13:30:00,27.540000915527344,27.625,27.524999618530273,27.61000061035156,2177214
2024-07-17 14:30:00,27.613000869750977,27.670000076293945,27.590099334716797,27.645000457763672,3375316
2024-07-17 15:30:00,27.63999938964844,27.690000534057617,27.6299991607666,27.65999984741211,4963766
2024-07-17 16:00:00,27.66,27.7402,27.65,27.68,0
2024-07-17 17:00:00,27.68,27.68,27.65,27.65,0
2024-07-17 18:00:00,27.66,27.74,27.66,27.74,0
2024-07-17 19:00:00,27.73,27.76,27.7,27.73,0
2024-07-18 04:00:00,27.76,27.87,27.76,27.82,0
2024-07-18 05:00:00,27.81,27.88,27.79,27.87,0
2024-07-18 06:00:00,27.87,27.92,27.76,27.765,0
2024-07-18 07:00:00,27.765,27.83,27.74,27.77,0
2024-07-18 08:00:00,27.77,27.9,27.72,27.73,0
2024-07-18 09:00:00,27.79,28.03,27.67,27.6898,0
2024-07-18 09:30:00,27.760000228881836,27.790000915527344,27.61359977722168,27.630399703979492,2948925
2024-07-18 10:30:00,27.63999938964844,27.690000534057617,27.450000762939453,27.5,2736628
2024-07-18 11:30:00,27.5,27.530000686645508,27.274999618530273,27.44389915466309,2019502
2024-07-18 12:30:00,27.440000534057617,27.440000534057617,27.364999771118164,27.415000915527344,1756863
2024-07-18 13:30:00,27.414400100708008,27.48500061035156,27.309999465942383,27.31999969482422,1226815
2024-07-18 14:30:00,27.31999969482422,27.31999969482422,27.145000457763672,27.190000534057617,2925349
2024-07-18 15:30:00,27.190000534057617,27.21649932861328,27.140100479125977,27.200000762939453,1709743
2024-07-18 16:00:00,27.2,27.25,27.18,27.22,0
2024-07-18 17:00:00,27.22,27.23,27.22,27.22,0
2024-07-18 18:00:00,27.22,27.23,27.1632,27.18,0
2024-07-18 19:00:00,27.18,27.22,27.15,27.15,0
2024-07-19 04:00:00,27.0,27.0,26.71,26.8,0
2024-07-19 05:00:00,26.8,26.82,26.69,26.69,0
2024-07-19 06:00:00,26.7,26.73,26.64,26.69,0
2024-07-19 07:00:00,26.69,26.72,26.57,26.69,0
2024-07-19 08:00:00,26.69,27.1,26.48,26.53,0
2024-07-19 09:00:00,26.54,26.58,26.3998,26.43,0
2024-07-19 09:30:00,26.399999618530273,26.68000030517578,26.364999771118164,26.584999084472656,7935590
2024-07-19 10:30:00,26.59000015258789,26.739999771118164,26.53350067138672,26.670000076293945,2368972
2024-07-19 11:30:00,26.677200317382812,26.709999084472656,26.598100662231445,26.614999771118164,998694
2024-07-19 12:30:00,26.6200008392334,26.6299991607666,26.55500030517578,26.575000762939453,1119122
2024-07-19 13:30:00,26.579999923706055,26.645000457763672,26.559999465942383,26.645000457763672,2125035
2024-07-19 14:30:00,26.63999938964844,26.709999084472656,26.6200008392334,26.670000076293945,2727524
2024-07-19 15:30:00,26.670000076293945,26.700000762939453,26.649999618530273,26.68000030517578,2372410
2024-07-19 16:00:00,26.69,27.2,26.66,26.68,0
2024-07-19 17:00:00,26.68,26.69,26.66,26.67,0
2024-07-19 18:00:00,26.67,26.7,26.36,26.68,0
2024-07-19 19:00:00,26.7,26.73,26.45,26.73,0
2024-07-22 04:00:00,26.52,26.6,26.49,26.53,0
2024-07-22 05:00:00,26.53,26.58,26.52,26.52,0
2024-07-22 06:00:00,26.52,26.6,26.52,26.57,0
2024-07-22 07:00:00,26.56,26.59,26.47,26.48,0
2024-07-22 08:00:00,26.51,26.63,26.2598,26.4,0
2024-07-22 09:00:00,26.41,26.475,26.25,26.425,0
2024-07-22 09:30:00,26.440000534057617,26.5,26.34000015258789,26.354999542236328,3861168
2024-07-22 10:30:00,26.36000061035156,26.50639915466309,26.309999465942383,26.42110061645508,1946156
2024-07-22 11:30:00,26.420000076293945,26.559900283813477,26.40999984741211,26.500099182128903,1638331
2024-07-22 12:30:00,26.5049991607666,26.6200008392334,26.495100021362305,26.5762996673584,993985
2024-07-22 13:30:00,26.575000762939453,26.600000381469727,26.520000457763672,26.579999923706055,897779
2024-07-22 14:30:00,26.579999923706055,26.6200008392334,26.559999465942383,26.584999084472656,553946
2024-07-22 15:30:00,26.584999084472656,26.65999984741211,26.579999923706055,26.63010025024414,1464986
2024-07-22 16:00:00,26.63,26.64,26.4,26.63,0
2024-07-22 17:00:00,26.59,26.64,26.57,26.615,0
2024-07-22 18:00:00,26.6,26.62,26.5,26.56,0
2024-07-22 19:00:00,26.56,26.56,26.5033,26.54,0
2024-07-23 04:00:00,26.4,26.4,26.32,26.37,0
2024-07-23 05:00:00,26.36,26.5,26.36,26.46,0
2024-07-23 06:00:00,26.45,26.55,26.45,26.49,0
2024-07-23 07:00:00,26.53,26.61,26.49,26.59,0
2024-07-23 08:00:00,26.55,26.6097,26.24,26.47,0
2024-07-23 09:00:00,26.47,26.56,26.44,26.47,0
2024-07-23 09:30:00,26.489999771118164,26.59000015258789,26.420000076293945,26.584999084472656,4463502
2024-07-23 10:30:00,26.59000015258789,26.670000076293945,26.46030044555664,26.533199310302734,1573850
2024-07-23 11:30:00,26.539899826049805,26.594999313354492,26.510000228881836,26.54010009765625,993656
2024-07-23 12:30:00,26.540000915527344,26.625,26.520000457763672,26.61000061035156,820025
2024-07-23 13:30:00,26.600099563598633,26.605100631713867,26.5531005859375,26.579999923706055,507362
2024-07-23 14:30:00,26.584999084472656,26.68000030517578,26.559999465942383,26.670000076293945,539495
2024-07-23 15:30:00,26.666000366210938,26.68000030517578,26.649999618530273,26.670000076293945,1004566
2024-07-23 16:00:00,26.67,26.7,26.64,26.69,0
2024-07-23 17:00:00,26.68,26.7,26.67,26.7,0
2024-07-23 18:00:00,26.68,26.69,26.63,26.67,0
2024-07-23 19:00:00,26.6502,26.68,26.64,26.65,0
2024-07-24 04:00:00,26.74,26.74,26.65,26.66,0
2024-07-24 05:00:00,26.66,26.69,26.63,26.65,0
2024-07-24 06:00:00,26.64,26.75,26.63,26.74,0
2024-07-24 07:00:00,26.74,26.755,26.72,26.74,0
2024-07-24 08:00:00,26.74,26.83,26.6296,26.72,0
2024-07-24 09:00:00,26.75,26.86,26.6901,26.72,0
2024-07-24 09:30:00,26.729999542236328,26.88999938964844,26.645000457763672,26.770000457763672,4341331
2024-07-24 10:30:00,26.770000457763672,26.86000061035156,26.729999542236328,26.825000762939453,1863076
2024-07-24 11:30:00,26.829999923706055,26.8700008392334,26.650100708007812,26.670000076293945,1141231
2024-07-24 12:30:00,26.670000076293945,26.690000534057617,26.56999969482422,26.59000015258789,1123101
2024-07-24 13:30:00,26.59000015258789,26.61000061035156,26.450000762939453,26.510000228881836,1083264
2024-07-24 14:30:00,26.5,26.520000457763672,26.431499481201172,26.44499969482422,1128419
2024-07-24 15:30:00,26.440000534057617,26.489999771118164,26.40999984741211,26.424999237060547,1515471
2024-07-24 16:00:00,26.43,26.43,26.38,26.39,0
2024-07-24 17:00:00,26.4,26.42,26.39,26.4003,0
2024-07-24 18:00:00,26.4,26.4,26.29,26.34,0
2024-07-24 19:00:00,26.33,26.39,26.33,26.37,0
2024-07-25 04:00:00,25.5,25.74,25.48,25.505,0
2024-07-25 05:00:00,25.5,25.59,25.37,25.38,0
2024-07-25 06:00:00,25.39,25.49,25.38,25.45,0
2024-07-25 07:00:00,25.43,25.56,25.18,25.18,0
2024-07-25 08:00:00,25.17,25.61,25.09,25.255,0
2024-07-25 09:00:00,25.22,25.3,25.03,25.21,0
2024-07-25 09:30:00,25.239999771118164,25.399999618530273,25.170000076293945,25.38010025024414,14947098
2024-07-25 10:30:00,25.354999542236328,25.540000915527344,25.26460075378418,25.466100692749023,5662100
2024-07-25 11:30:00,25.469900131225582,25.530000686645508,25.399999618530273,25.48500061035156,2777635
2024-07-25 12:30:00,25.479999542236328,25.53499984741211,25.325000762939453,25.334999084472656,2572390
2024-07-25 13:30:00,25.34000015258789,25.43000030517578,25.32040023803711,25.420000076293945,2110318
2024-07-25 14:30:00,25.40999984741211,25.459999084472656,25.34000015258789,25.43000030517578,1330383
2024-07-25 15:30:00,25.424999237060547,25.450000762939453,25.38999938964844,25.399999618530273,1842093
2024-07-25 16:00:00,25.395,25.43,25.35,25.42,0
2024-07-25 17:00:00,25.42,25.4481,25.41,25.43,0
2024-07-25 18:00:00,25.42,25.43,25.38,25.4199,0
2024-07-25 19:00:00,25.42,25.43,25.39,25.43,0
2024-07-26 04:00:00,25.42,25.42,25.28,25.32,0
2024-07-26 05:00:00,25.32,25.36,25.29,25.325,0
2024-07-26 06:00:00,25.325,25.38,25.325,25.37,0
2024-07-26 07:00:00,25.37,25.38,25.31,25.35,0
2024-07-26 08:00:00,25.35,25.48,25.21,25.28,0
2024-07-26 09:00:00,25.3,25.51,25.3,25.33,0
2024-07-26 09:30:00,25.38999938964844,25.440000534057617,25.274999618530273,25.34000015258789,4694180
2024-07-26 10:30:00,25.34000015258789,25.399900436401367,25.209999084472656,25.36000061035156,1785686
2024-07-26 11:30:00,25.36000061035156,25.479900360107425,25.354400634765625,25.45680046081543,1330943
2024-07-26 12:30:00,25.45009994506836,25.524999618530273,25.420000076293945,25.420000076293945,1243886
2024-07-26 13:30:00,25.424999237060547,25.440000534057617,25.3700008392334,25.424999237060547,1060224
2024-07-26 14:30:00,25.424999237060547,25.424999237060547,25.350000381469727,25.400100708007812,702696
2024-07-26 15:30:00,25.399999618530273,25.479999542236328,25.3799991607666,25.469999313354492,1309389
2024-07-26 16:00:00,25.48,25.51,25.47,25.49,0
2024-07-26 17:00:00,25.5,25.52,25.47,25.5197,0
2024-07-26 18:00:00,25.5102,25.52,25.51,25.52,0
2024-07-26 19:00:00,25.52,25.52,25.48,25.4814,0
2024-07-29 04:00:00,25.54,25.57,25.51,25.51,0
2024-07-29 05:00:00,25.51,25.65,25.51,25.65,0
2024-07-29 06:00:00,25.66,25.69,25.63,25.69,0
2024-07-29 07:00:00,25.69,25.72,25.65,25.65,0
2024-07-29 08:00:00,25.65,25.72,25.53,25.54,0
2024-07-29 09:00:00,25.54,25.635,25.51,25.58,0
2024-07-29 09:30:00,25.540000915527344,25.575000762939453,25.350000381469727,25.39109992980957,3797910
2024-07-29 10:30:00,25.38999938964844,25.399999618530273,24.93000030517578,25.06999969482422,5376821
2024-07-29 11:30:00,25.06999969482422,25.200000762939453,25.010000228881836,25.15999984741211,2509821
2024-07-29 12:30:00,25.165000915527344,25.329999923706055,25.155000686645508,25.295000076293945,1507726
2024-07-29 13:30:00,25.2947998046875,25.36000061035156,25.270000457763672,25.309999465942383,1004707
2024-07-29 14:30:00,25.309999465942383,25.43000030517578,25.290000915527344,25.42690086364746,869421
2024-07-29 15:30:00,25.424999237060547,25.479999542236328,25.415000915527344,25.440000534057617,1371379
2024-07-29 16:00:00,25.44,25.46,25.4,25.44,0
2024-07-29 17:00:00,25.44,25.45,25.44,25.44,0
2024-07-29 18:00:00,25.45,26.07,25.44,25.48,0
2024-07-29 19:00:00,25.48,25.48,25.395,25.41,0
2024-07-30 04:00:00,25.5,25.55,25.49,25.5,0
2024-07-30 05:00:00,25.5,25.52,25.4,25.41,0
2024-07-30 06:00:00,25.41,25.43,25.39,25.4,0
2024-07-30 07:00:00,25.4,25.48,25.4,25.43,0
2024-07-30 08:00:00,25.43,25.55,25.34,25.4202,0
2024-07-30 09:00:00,25.42,25.52,25.37,25.52,0
2024-07-30 09:30:00,25.56999969482422,25.63999938964844,25.329999923706055,25.56999969482422,3755759
2024-07-30 10:30:00,25.559999465942383,25.68989944458008,25.524999618530273,25.540000915527344,2392160
2024-07-30 11:30:00,25.549999237060547,25.63999938964844,25.479999542236328,25.6299991607666,1151567
2024-07-30 12:30:00,25.6299991607666,25.934999465942383,25.61009979248047,25.8700008392334,3734124
2024-07-30 13:30:00,25.875,25.90999984741211,25.829999923706055,25.864999771118164,1714769
2024-07-30 14:30:00,25.864999771118164,25.899900436401367,25.825000762939453,25.895000457763672,644824
2024-07-30 15:30:00,25.895000457763672,25.895000457763672,25.829999923706055,25.829999923706055,1242305
2024-07-30 16:00:00,25.84,25.93,25.83,25.9,0
2024-07-30 17:00:00,25.9097,25.94,25.9,25.92,0
2024-07-30 18:00:00,25.94,25.94,25.86,25.86,0
2024-07-30 19:00:00,25.86,25.908,25.83,25.889,0
2024-07-31 04:00:00,26.05,26.06,26.0,26.0,0
2024-07-31 05:00:00,25.99,26.12,25.98,26.05,0
2024-07-31 06:00:00,26.045,26.11,26.045,26.09,0
2024-07-31 07:00:00,26.08,26.15,26.07,26.13,0
2024-07-31 08:00:00,26.12,26.25,25.99,26.2,0
2024-07-31 09:00:00,26.19,26.23,26.1,26.15,0
2024-07-31 09:30:00,26.229999542236328,26.36000061035156,26.20009994506836,26.260000228881836,3610304
2024-07-31 10:30:00,26.250499725341797,26.280000686645508,26.170000076293945,26.211000442504883,1905825
2024-07-31 11:30:00,26.219999313354492,26.319700241088867,26.219999313354492,26.31130027770996,993665
2024-07-31 12:30:00,26.315000534057617,26.319700241088867,26.239999771118164,26.25,1235763
2024-07-31 13:30:00,26.240100860595703,26.2450008392334,26.059999465942383,26.187999725341797,2582638
2024-07-31 14:30:00,26.18869972229004,26.399999618530273,26.149999618530273,26.37179946899414,4946263
2024-07-31 15:30:00,26.3700008392334,26.5,26.364999771118164,26.399999618530273,4074795
2024-07-31 16:00:00,26.39,26.5,26.39,26.4799,0
2024-07-31 17:00:00,26.48,26.49,26.45,26.4899,0
2024-07-31 18:00:00,26.49,26.54,26.4509,26.51,0
2024-07-31 19:00:00,26.54,26.55,26.5,26.52,0
2024-08-01 04:00:00,26.43,26.43,26.25,26.27,0
2024-08-01 05:00:00,26.26,26.32,26.23,26.31,0
2024-08-01 06:00:00,26.33,26.36,26.3,26.35,0
2024-08-01 07:00:00,26.35,26.41,26.32,26.41,0
2024-08-01 08:00:00,26.39,26.48,26.24,26.44,0
2024-08-01 09:00:00,26.48,26.58,26.39,26.5,0
2024-08-01 09:30:00,26.530000686645508,26.55500030517578,26.125,26.125,4648473
2024-08-01 10:30:00,26.1200008392334,26.229999542236328,25.90999984741211,26.059999465942383,3827621
2024-08-01 11:30:00,26.065000534057617,26.149999618530273,25.920000076293945,26.0,2376727
2024-08-01 12:30:00,25.989999771118164,26.0,25.799999237060547,25.81999969482422,2534676
2024-08-01 13:30:00,25.81999969482422,25.88909912109375,25.75,25.77949905395508,1249204
2024-08-01 14:30:00,25.780000686645508,25.979900360107425,25.7549991607666,25.975000381469727,2465321
2024-08-01 15:30:00,25.975000381469727,26.040000915527344,25.96500015258789,26.030000686645508,2420705
2024-08-01 16:00:00,26.03,26.04,25.94,26.02,0
2024-08-01 17:00:00,26.025,26.05,25.99,26.02,0
2024-08-01 18:00:00,26.02,26.04,25.97,26.02,0
2024-08-01 19:00:00,26.02,26.06,25.99,26.0399,0
2024-08-02 04:00:00,26.21,26.43,26.21,26.42,0
2024-08-02 05:00:00,26.42,26.42,26.36,26.38,0
2024-08-02 06:00:00,26.38,26.42,26.34,26.39,0
2024-08-02 07:00:00,26.39,26.44,26.36,26.42,0
2024-08-02 08:00:00,26.42,26.45,26.26,26.33,0
2024-08-02 09:00:00,26.36,26.68,26.03,26.28,0
2024-08-02 09:30:00,26.440000534057617,26.49970054626465,26.155000686645508,26.239999771118164,5354817
2024-08-02 10:30:00,26.239999771118164,26.259899139404297,25.5,25.73500061035156,7894403
2024-08-02 11:30:00,25.729999542236328,26.045000076293945,25.65999984741211,25.954999923706055,5572003
2024-08-02 12:30:00,25.950000762939453,25.959999084472656,25.780000686645508,25.809999465942383,1932826
2024-08-02 13:30:00,25.809999465942383,26.010000228881836,25.80970001220703,26.0,910588
2024-08-02 14:30:00,26.001800537109375,26.024999618530273,25.884700775146484,25.975000381469727,1046174
2024-08-02 15:30:00,25.979999542236328,26.06999969482422,25.969999313354492,26.045000076293945,2297280
2024-08-02 16:00:00,26.05,26.1,26.01,26.1,0
2024-08-02 17:00:00,26.08,26.1,26.06,26.1,0
2024-08-02 18:00:00,26.1,26.11,26.06,26.08,0
2024-08-02 19:00:00,26.08,26.11,26.07,26.08,0
2024-08-05 04:00:00,25.68,26.09,25.54,25.58,0
2024-08-05 05:00:00,25.58,25.6,25.26,25.3,0
2024-08-05 06:00:00,25.28,25.32,24.95,24.97,0
2024-08-05 07:00:00,24.96,25.04,24.64,24.65,0
2024-08-05 08:00:00,24.66,26.11,24.2,24.27,0
2024-08-05 09:00:00,24.27,26.445,24.19,24.721,0
2024-08-05 09:30:00,24.6299991607666,24.8799991607666,24.540000915527344,24.63999938964844,12749437
2024-08-05 10:30:00,24.63999938964844,25.037399291992188,24.61000061035156,24.899999618530273,7079695
2024-08-05 11:30:00,24.899999618530273,24.979999542236328,24.790000915527344,24.92989921569824,5101278
2024-08-05 12:30:00,24.924999237060547,24.924999237060547,24.670000076293945,24.731000900268555,4585425
2024-08-05 13:30:00,24.739999771118164,24.849700927734375,24.694900512695312,24.775699615478516,1395543
2024-08-05 14:30:00,24.770000457763672,24.799999237060547,24.73500061035156,24.770000457763672,2218646
2024-08-05 15:30:00,24.770000457763672,24.88999938964844,24.739999771118164,24.850000381469727,2773895
2024-08-05 16:00:00,24.86,24.89,24.83,24.89,0
2024-08-05 17:00:00,24.89,24.91,24.86,24.9,0
2024-08-05 18:00:00,24.91,24.93,24.84,24.8989,0
2024-08-05 19:00:00,24.899,24.92,24.86,24.91,0
2024-08-06 04:00:00,24.7,24.7,24.58,24.59,0
2024-08-06 05:00:00,24.58,24.64,24.57,24.64,0
2024-08-06 06:00:00,24.62,24.71,24.58,24.685,0
2024-08-06 07:00:00,24.68,24.75,24.675,24.69,0
2024-08-06 08:00:00,24.71,24.95,24.4,24.555,0
2024-08-06 09:00:00,24.56,24.56,24.32,24.4612,0
2024-08-06 09:30:00,24.530000686645508,24.88010025024414,24.479999542236328,24.729999542236328,4954645
2024-08-06 10:30:00,24.725000381469727,24.815000534057617,24.63999938964844,24.690200805664062,4190668
2024-08-06 11:30:00,24.700000762939453,24.780000686645508,24.61989974975586,24.71500015258789,1484645
2024-08-06 12:30:00,24.719999313354492,24.825000762939453,24.692899703979492,24.780000686645508,2382998
2024-08-06 13:30:00,24.780000686645508,24.829999923706055,24.719999313354492,24.809999465942383,1520964
2024-08-06 14:30:00,24.809999465942383,24.83989906311035,24.663799285888672,24.69989967346191,1489736
2024-08-06 15:30:00,24.700000762939453,24.700000762939453,24.635000228881836,24.649999618530273,1836585
2024-08-06 16:00:00,24.64,24.65,24.56,24.64,0
2024-08-06 17:00:00,24.64,24.64,24.59,24.63,0
2024-08-06 18:00:00,24.63,24.64,24.55,24.57,0
2024-08-06 19:00:00,24.58,24.58,24.42,24.49,0
2024-08-07 04:00:00,24.54,24.6,24.53,24.57,0
2024-08-07 05:00:00,24.56,24.63,24.54,24.6,0
2024-08-07 06:00:00,24.6,24.72,24.59,24.67,0
2024-08-07 07:00:00,24.68,24.785,24.68,24.76,0
2024-08-07 08:00:00,24.77,24.89,24.53,24.7,0
2024-08-07 09:00:00,24.7,24.78,24.61,24.74,0
2024-08-07 09:30:00,24.68000030517578,24.719999313354492,24.5,24.61009979248047,2705490
2024-08-07 10:30:00,24.61009979248047,24.770000457763672,24.600000381469727,24.649999618530273,1470332
2024-08-07 11:30:00,24.614999771118164,24.630300521850582,24.549999237060547,24.58009910583496,1203540
2024-08-07 12:30:00,24.579999923706055,24.6299991607666,24.420000076293945,24.450000762939453,1472970
2024-08-07 13:30:00,24.440000534057617,24.489900588989254,24.274999618530273,24.36000061035156,1844118
2024-08-07 14:30:00,24.350000381469727,24.450000762939453,24.25,24.434999465942383,1456450
2024-08-07 15:30:00,24.434999465942383,24.459999084472656,24.31999969482422,24.34000015258789,2049059
2024-08-07 16:00:00,24.33,24.425,24.26,24.29,0
2024-08-07 17:00:00,24.29,24.34,24.26,24.3,0
2024-08-07 18:00:00,24.3,24.3,24.13,24.28,0
2024-08-07 19:00:00,24.27,24.3201,24.25,24.32,0
2024-08-08 04:00:00,24.37,24.55,24.37,24.51,0
2024-08-08 05:00:00,24.5,24.55,24.45,24.54,0
2024-08-08 06:00:00,24.54,24.56,24.46,24.56,0
2024-08-08 07:00:00,24.55,24.68,24.52,24.64,0
2024-08-08 08:00:00,24.64,24.76,24.43,24.72,0
2024-08-08 09:00:00,24.67,24.72,24.57,24.61,0
2024-08-08 09:30:00,24.719999313354492,25.135000228881836,24.635000228881836,25.134300231933594,5305986
2024-08-08 10:30:00,25.1299991607666,25.18000030517578,24.924999237060547,24.979900360107425,2933108
2024-08-08 11:30:00,24.979999542236328,25.18000030517578,24.962600708007812,25.13999938964844,1776165
2024-08-08 12:30:00,25.13999938964844,25.15999984741211,25.0049991607666,25.149999618530273,1887467
2024-08-08 13:30:00,25.13999938964844,25.159900665283203,25.09000015258789,25.1200008392334,1072966
2024-08-08 14:30:00,25.1200008392334,25.13999938964844,25.040000915527344,25.049999237060547,990819
2024-08-08 15:30:00,25.049999237060547,25.05500030517578,25.0,25.020000457763672,2132608
2024-08-08 16:00:00,25.02,25.12,25.01,25.12,0
2024-08-08 17:00:00,25.12,25.14,25.01,25.12,0
2024-08-08 18:00:00,25.12,25.14,25.06,25.0606,0
2024-08-08 19:00:00,25.0606,25.14,25.06,25.14,0
2024-08-09 04:00:00,25.1,25.16,25.08,25.08,0
2024-08-09 05:00:00,25.08,25.14,25.08,25.11,0
2024-08-09 06:00:00,25.11,25.13,25.06,25.08,0
2024-08-09 07:00:00,25.09,25.2,25.09,25.13,0
2024-08-09 08:00:00,25.13,25.25,25.01,25.04,0
2024-08-09 09:00:00,25.05,25.14,25.04,25.1,0
2024-08-09 09:30:00,25.100000381469727,25.18000030517578,24.8799991607666,25.1299991607666,4206222
2024-08-09 10:30:00,25.1299991607666,25.249900817871097,25.024999618530273,25.03499984741211,1822498
2024-08-09 11:30:00,25.030000686645508,25.06999969482422,24.959999084472656,25.01499938964844,1949239
2024-08-09 12:30:00,25.01499938964844,25.13999938964844,25.010000228881836,25.1200008392334,934988
2024-08-09 13:30:00,25.1200008392334,25.13999938964844,25.040000915527344,25.075000762939453,1112578
2024-08-09 14:30:00,25.075000762939453,25.1200008392334,25.045000076293945,25.11000061035156,1013859
2024-08-09 15:30:00,25.104999542236328,25.1200008392334,24.979999542236328,25.0,3142442
2024-08-09 16:00:00,25.0,25.07,25.0,25.0,0
2024-08-09 17:00:00,25.0503,25.07,25.04,25.04,0
2024-08-09 18:00:00,25.07,25.07,25.04,25.05,0
2024-08-09 19:00:00,25.05,25.06,25.0,25.01,0
2024-08-12 04:00:00,25.48,25.51,25.22,25.45,0
2024-08-12 05:00:00,25.45,25.45,25.4,25.41,0
2024-08-12 06:00:00,25.41,25.48,25.4,25.47,0
2024-08-12 07:00:00,25.48,25.55,25.47,25.52,0
2024-08-12 08:00:00,25.5,25.55,24.98,25.48,0
2024-08-12 09:00:00,25.5,25.5,25.28,25.3197,0
2024-08-12 09:30:00,25.3799991607666,25.489999771118164,25.1200008392334,25.280000686645508,5547942
2024-08-12 10:30:00,25.290000915527344,25.479999542236328,25.260000228881836,25.399999618530273,2145014
2024-08-12 11:30:00,25.395000457763672,25.5,25.34000015258789,25.469999313354492,2724309
2024-08-12 12:30:00,25.475000381469727,25.5,25.415000915527344,25.454999923706055,834908
2024-08-12 13:30:00,25.45949935913086,25.530000686645508,25.450199127197266,25.520000457763672,859284
2024-08-12 14:30:00,25.520000457763672,25.575000762939453,25.489999771118164,25.56010055541992,827517
2024-08-12 15:30:00,25.565000534057617,25.600000381469727,25.479999542236328,25.489999771118164,1668708
2024-08-12 16:00:00,25.5,25.5395,25.49,25.5395,0
2024-08-12 17:00:00,25.52,25.55,25.5199,25.55,0
2024-08-12 18:00:00,25.55,25.56,25.49,25.52,0
2024-08-12 19:00:00,25.52,25.57,25.52,25.57,0
2024-08-13 04:00:00,25.45,25.45,25.28,25.31,0
2024-08-13 05:00:00,25.3,25.33,25.27,25.29,0
2024-08-13 06:00:00,25.29,25.34,25.28,25.28,0
2024-08-13 07:00:00,25.29,25.35,25.27,25.35,0
2024-08-13 08:00:00,25.35,25.39,25.24,25.32,0
2024-08-13 09:00:00,25.38,25.49,25.19,25.25,0
2024-08-13 09:30:00,25.209999084472656,25.34000015258789,25.155000686645508,25.18000030517578,3698332
2024-08-13 10:30:00,25.18000030517578,25.280000686645508,25.11009979248047,25.210100173950195,1881688
2024-08-13 11:30:00,25.21500015258789,25.309999465942383,25.18000030517578,25.239999771118164,1174756
2024-08-13 12:30:00,25.239999771118164,25.36989974975586,25.239999771118164,25.295000076293945,791825
2024-08-13 13:30:00,25.290000915527344,25.425199508666992,25.243999481201172,25.424999237060547,880944
2024-08-13 14:30:00,25.420000076293945,25.43000030517578,25.340099334716797,25.354999542236328,1118726
2024-08-13 15:30:00,25.36000061035156,25.440000534057617,25.329999923706055,25.40999984741211,1554128
2024-08-13 16:00:00,25.42,25.45,25.389,25.42,0
2024-08-13 17:00:00,25.43,25.44,25.4,25.42,0
2024-08-13 18:00:00,25.42,25.45,25.41,25.43,0
2024-08-13 19:00:00,25.43,25.44,25.38,25.4,0
2024-08-14 04:00:00,25.41,25.46,25.41,25.43,0
2024-08-14 05:00:00,25.46,25.48,25.45,25.48,0
2024-08-14 06:00:00,25.48,25.5,25.43,25.46,0
2024-08-14 07:00:00,25.47,25.55,25.43,25.44,0
2024-08-14 08:00:00,25.43,25.5176,25.29,25.42,0
2024-08-14 09:00:00,25.47,25.64,25.3,25.48,0
2024-08-14 09:30:00,25.260000228881836,25.40999984741211,25.18000030517578,25.26499938964844,2828749
2024-08-14 10:30:00,25.260000228881836,25.260000228881836,25.0049991607666,25.104999542236328,2170970
2024-08-14 11:30:00,25.100000381469727,25.11000061035156,24.875,24.88999938964844,1943812
2024-08-14 12:30:00,24.88999938964844,24.959999084472656,24.804399490356445,24.90999984741211,2582296
2024-08-14 13:30:00,24.91510009765625,25.030000686645508,24.890100479125977,25.020000457763672,1437859
2024-08-14 14:30:00,25.020000457763672,25.200000762939453,25.01499938964844,25.079999923706055,1367251
2024-08-14 15:30:00,25.075000762939453,25.13999938964844,25.066699981689453,25.114999771118164,1465996
2024-08-14 16:00:00,25.13,25.17,25.11,25.1602,0
2024-08-14 17:00:00,25.1697,25.18,25.14,25.17,0
2024-08-14 18:00:00,25.14,25.19,25.14,25.1796,0
2024-08-14 19:00:00,25.16,25.17,25.14,25.15,0
2024-08-15 04:00:00,25.58,25.61,25.42,25.57,0
2024-08-15 05:00:00,25.59,25.6,25.58,25.6,0
2024-08-15 06:00:00,25.61,25.64,25.58,25.63,0
2024-08-15 07:00:00,25.62,25.7,25.57,25.7,0
2024-08-15 08:00:00,25.7,25.9498,25.26,25.87,0
2024-08-15 09:00:00,25.83,25.91,25.33,25.46,0
2024-08-15 09:30:00,25.799999237060547,25.8700008392334,25.459999084472656,25.80699920654297,6474222
2024-08-15 10:30:00,25.80349922180176,25.986799240112305,25.78499984741211,25.899999618530273,4308199
2024-08-15 11:30:00,25.899999618530273,26.018699645996097,25.870100021362305,26.009899139404297,1281795
2024-08-15 12:30:00,26.009700775146484,26.009899139404297,25.799999237060547,25.859899520874023,1247560
2024-08-15 13:30:00,25.854999542236328,25.88999938964844,25.795000076293945,25.8799991607666,750007
2024-08-15 14:30:00,25.87969970703125,25.940000534057617,25.870100021362305,25.924999237060547,1044256
2024-08-15 15:30:00,25.920000076293945,25.929000854492188,25.799999237060547,25.850000381469727,1577676
2024-08-15 16:00:00,25.85,25.88,25.841,25.87,0
2024-08-15 17:00:00,25.88,25.88,25.87,25.87,0
2024-08-15 18:00:00,25.87,25.88,25.82,25.86,0
2024-08-15 19:00:00,25.87,25.9,25.84,25.8899,0
2024-08-16 04:00:00,25.82,25.82,25.77,25.78,0
2024-08-16 05:00:00,25.77,25.81,25.76,25.81,0
2024-08-16 06:00:00,25.79,25.81,25.73,25.73,0
2024-08-16 07:00:00,25.73,25.73,25.64,25.67,0
2024-08-16 08:00:00,25.67,25.82,25.6,25.79,0
2024-08-16 09:00:00,25.79,25.97,25.75,25.82,0
2024-08-16 09:30:00,25.86000061035156,26.010000228881836,25.799999237060547,25.844999313354492,4703046
2024-08-16 10:30:00,25.84000015258789,25.899999618530273,25.770000457763672,25.8700008392334,1449089
2024-08-16 11:30:00,25.8700008392334,26.260000228881836,25.84000015258789,26.225000381469727,2926783
2024-08-16 12:30:00,26.219999313354492,26.325000762939453,26.18000030517578,26.29990005493164,3184167
2024-08-16 13:30:00,26.299999237060547,26.334999084472656,26.239999771118164,26.30500030517578,1532534
2024-08-16 14:30:00,26.309999465942383,26.420000076293945,26.299999237060547,26.415000915527344,1997809
2024-08-16 15:30:00,26.415000915527344,26.440000534057617,26.38999938964844,26.43000030517578,2438003
2024-08-16 16:00:00,26.43,26.49,26.42,26.49,0
2024-08-16 17:00:00,26.49,26.5,26.48,26.48,0
2024-08-16 18:00:00,26.48,26.5,26.42,26.44,0
2024-08-16 19:00:00,26.46,26.52,26.45,26.47,0
2024-08-19 04:00:00,26.5,26.5,26.45,26.46,0
2024-08-19 05:00:00,26.46,26.46,26.39,26.43,0
2024-08-19 06:00:00,26.43,26.46,26.43,26.44,0
2024-08-19 07:00:00,26.44,26.44,26.3,26.37,0
2024-08-19 08:00:00,26.37,26.58,26.3103,26.4601,0
2024-08-19 09:00:00,26.49,26.51,26.4,26.47,0
2024-08-19 09:30:00,26.450000762939453,26.76499938964844,26.370100021362305,26.704999923706055,5851053
2024-08-19 10:30:00,26.70009994506836,26.895000457763672,26.690000534057617,26.870500564575195,2896683
2024-08-19 11:30:00,26.8700008392334,26.8700008392334,26.680099487304688,26.75,1880736
2024-08-19 12:30:00,26.75,26.770000457763672,26.649999618530273,26.65999984741211,1341116
2024-08-19 13:30:00,26.65999984741211,26.760000228881836,26.640300750732425,26.725099563598633,1288043
2024-08-19 14:30:00,26.729999542236328,26.790000915527344,26.725000381469727,26.729999542236328,3430955
2024-08-19 15:30:00,26.729999542236328,26.84000015258789,26.700000762939453,26.834999084472656,3144398
2024-08-19 16:00:00,26.83,26.9,26.81,26.88,0
2024-08-19 17:00:00,26.87,26.89,26.86,26.87,0
2024-08-19 18:00:00,26.87,26.92,26.87,26.9003,0
2024-08-19 19:00:00,26.9002,26.91,26.8308,26.8308,0
2024-08-20 04:00:00,26.88,27.1,26.72,26.97,0
2024-08-20 05:00:00,27.01,27.15,27.01,27.15,0
2024-08-20 06:00:00,27.15,27.16,27.07,27.16,0
2024-08-20 07:00:00,27.16,27.2,27.13,27.19,0
2024-08-20 08:00:00,27.19,27.26,26.76,27.24,0
2024-08-20 09:00:00,27.24,27.28,26.83,27.19,0
2024-08-20 09:30:00,27.299999237060547,27.354999542236328,26.941999435424805,27.00860023498535,7467156
2024-08-20 10:30:00,27.0,27.075000762939453,26.829999923706055,26.924999237060547,4643133
2024-08-20 11:30:00,26.920000076293945,27.0,26.729999542236328,26.802900314331055,3425798
2024-08-20 12:30:00,26.809999465942383,26.90999984741211,26.770000457763672,26.8971004486084,1120539
2024-08-20 13:30:00,26.88999938964844,26.93000030517578,26.850000381469727,26.915000915527344,912630
2024-08-20 14:30:00,26.91950035095215,26.959999084472656,26.8700008392334,26.8799991607666,1337884
2024-08-20 15:30:00,26.8799991607666,26.88999938964844,26.86000061035156,26.8700008392334,1315238
2024-08-20 16:00:00,26.87,26.88,26.86,26.87,0
2024-08-20 17:00:00,26.87,26.87,26.835,26.845,0
2024-08-20 18:00:00,26.85,26.92,26.85,26.89,0
2024-08-20 19:00:00,26.89,26.92,26.8601,26.87,0
2024-08-21 04:00:00,26.88,26.97,26.85,26.91,0
2024-08-21 05:00:00,26.91,27.0,26.91,27.0,0
2024-08-21 06:00:00,27.0,27.0,26.96,27.0,0
2024-08-21 07:00:00,27.0,27.02,26.96,26.991,0
2024-08-21 08:00:00,27.0,27.07,26.85,27.04,0
2024-08-21 09:00:00,27.04,27.04,26.87,26.975,0
2024-08-21 09:30:00,26.920000076293945,26.920000076293945,26.65999984741211,26.799999237060547,4703696
2024-08-21 10:30:00,26.809999465942383,26.979999542236328,26.770000457763672,26.979900360107425,2756367
2024-08-21 11:30:00,26.969999313354492,27.040000915527344,26.84000015258789,26.900100708007812,2811070
2024-08-21 12:30:00,26.88999938964844,26.940000534057617,26.86000061035156,26.90999984741211,1326771
2024-08-21 13:30:00,26.90999984741211,27.13990020751953,26.864999771118164,27.1200008392334,2023285
2024-08-21 14:30:00,27.1200008392334,27.1200008392334,26.950000762939453,26.972400665283203,1724764
2024-08-21 15:30:00,26.975000381469727,27.03499984741211,26.940000534057617,26.94499969482422,2356558
2024-08-21 16:00:00,26.95,27.01,26.92,27.01,0
2024-08-21 17:00:00,27.01,27.03,26.98,27.02,0
2024-08-21 18:00:00,27.02,27.02,26.96,27.005,0
2024-08-21 19:00:00,27.01,27.03,26.97,27.0,0
2024-08-22 04:00:00,27.0,27.0,26.87,26.87,0
2024-08-22 05:00:00,26.88,26.93,26.87,26.92,0
2024-08-22 06:00:00,26.92,27.02,26.92,27.01,0
2024-08-22 07:00:00,26.99,27.04,26.95,26.95,0
2024-08-22 08:00:00,26.95,27.0296,26.8,26.94,0
2024-08-22 09:00:00,26.97,27.07,26.93,27.02,0
2024-08-22 09:30:00,26.920000076293945,26.93000030517578,26.38999938964844,26.540000915527344,6905230
2024-08-22 10:30:00,26.540000915527344,26.579999923706055,26.34000015258789,26.450000762939453,5442735
2024-08-22 11:30:00,26.44499969482422,26.68000030517578,26.37879943847656,26.625,4033373
2024-08-22 12:30:00,26.625,26.65999984741211,26.450000762939453,26.489999771118164,1156285
2024-08-22 13:30:00,26.4950008392334,26.540000915527344,26.38999938964844,26.459999084472656,1121963
2024-08-22 14:30:00,26.459999084472656,26.479999542236328,26.261199951171875,26.26409912109375,2209901
2024-08-22 15:30:00,26.26889991760254,26.40999984741211,26.26889991760254,26.399999618530273,2636703
2024-08-22 16:00:00,26.4,26.45,26.39,26.44,0
2024-08-22 17:00:00,26.44,26.46,26.42,26.44,0
2024-08-22 18:00:00,26.44,26.48,26.41,26.4398,0
2024-08-22 19:00:00,26.43,26.49,26.43,26.48,0
2024-08-23 04:00:00,26.63,26.8,26.63,26.8,0
2024-08-23 05:00:00,26.81,26.86,26.8,26.86,0
2024-08-23 06:00:00,26.87,26.87,26.8,26.8,0
2024-08-23 07:00:00,26.79,26.86,26.79,26.84,0
2024-08-23 08:00:00,26.85,26.9,26.62,26.84,0
2024-08-23 09:00:00,26.8415,26.87,26.71,26.74,0
2024-08-23 09:30:00,26.709999084472656,27.18000030517578,26.6299991607666,27.100000381469727,7435351
2024-08-23 10:30:00,27.100000381469727,27.270000457763672,26.86000061035156,27.23500061035156,4721732
2024-08-23 11:30:00,27.23500061035156,27.239999771118164,27.024999618530273,27.059900283813477,2239928
2024-08-23 12:30:00,27.059999465942383,27.200000762939453,26.969999313354492,27.15999984741211,1926593
2024-08-23 13:30:00,27.15589904785156,27.239999771118164,27.149999618530273,27.229999542236328,894095
2024-08-23 14:30:00,27.23509979248047,27.25,27.145000457763672,27.248699188232425,1357761
2024-08-23 15:30:00,27.2450008392334,27.25,27.200000762939453,27.209999084472656,2537478
2024-08-23 16:00:00,27.2,27.22,27.19,27.2,0
2024-08-23 17:00:00,27.215,27.22,27.2,27.21,0
2024-08-23 18:00:00,27.2,27.2141,27.17,27.2091,0
2024-08-23 19:00:00,27.2091,27.22,27.17,27.22,0
2024-08-26 04:00:00,27.46,27.52,27.37,27.5,0
2024-08-26 05:00:00,27.49,27.53,27.455,27.48,0
2024-08-26 06:00:00,27.48,27.54,27.46,27.51,0
2024-08-26 07:00:00,27.51,27.52,27.39,27.4,0
2024-08-26 08:00:00,27.4,27.5196,27.09,27.49,0
2024-08-26 09:00:00,27.48,27.48,27.3,27.35,0
2024-08-26 09:30:00,27.399999618530273,27.420000076293945,27.16010093688965,27.229999542236328,3190617
2024-08-26 10:30:00,27.23500061035156,27.258699417114254,27.125,27.190000534057617,1430876
2024-08-26 11:30:00,27.190000534057617,27.2549991607666,27.173799514770508,27.206199645996097,921865
2024-08-26 12:30:00,27.204299926757812,27.38999938964844,27.20249938964844,27.354999542236328,951196
2024-08-26 13:30:00,27.35610008239746,27.3799991607666,27.295000076293945,27.299999237060547,676915
2024-08-26 14:30:00,27.290000915527344,27.38999938964844,27.270000457763672,27.36000061035156,598975
2024-08-26 15:30:00,27.36000061035156,27.38999938964844,27.31999969482422,27.31999969482422,886199
2024-08-26 16:00:00,27.32,27.33,27.2899,27.2899,0
2024-08-26 17:00:00,27.3,27.31,27.27,27.28,0
2024-08-26 18:00:00,27.28,27.32,27.26,27.28,0
2024-08-26 19:00:00,27.28,27.31,27.26,27.27,0
2024-08-27 04:00:00,27.27,27.29,27.17,27.29,0
2024-08-27 05:00:00,27.29,27.35,27.29,27.34,0
2024-08-27 06:00:00,27.34,27.34,27.25,27.25,0
2024-08-27 07:00:00,27.25,27.35,27.25,27.35,0
2024-08-27 08:00:00,27.34,27.45,27.32,27.39,0
2024-08-27 09:00:00,27.37,27.435,27.25,27.25,0
2024-08-27 09:30:00,27.25,27.399999618530273,27.100000381469727,27.36000061035156,1860806
2024-08-27 10:30:00,27.36000061035156,27.420000076293945,27.31999969482422,27.354999542236328,1245906
2024-08-27 11:30:00,27.354999542236328,27.36000061035156,27.239999771118164,27.299999237060547,792015
2024-08-27 12:30:00,27.30500030517578,27.36000061035156,27.28499984741211,27.329700469970703,559732
2024-08-27 13:30:00,27.329999923706055,27.440000534057617,27.329999923706055,27.43000030517578,1404260
2024-08-27 14:30:00,27.434999465942383,27.459999084472656,27.3799991607666,27.395000457763672,1311100
2024-08-27 15:30:00,27.38999938964844,27.41990089416504,27.36000061035156,27.36000061035156,772459
2024-08-27 16:00:00,27.36,27.38,26.8613,27.36,0
2024-08-27 17:00:00,27.36,27.38,27.32,27.38,0
2024-08-27 18:00:00,27.342,27.46,27.342,27.38,0
2024-08-27 19:00:00,27.43,27.46,27.39,27.39,0
2024-08-28 04:00:00,27.06,27.07,26.87,26.87,0
2024-08-28 05:00:00,26.88,27.0,26.87,27.0,0
2024-08-28 06:00:00,26.99,27.02,26.92,26.95,0
2024-08-28 07:00:00,26.95,26.97,26.82,26.89,0
2024-08-28 08:00:00,26.9,27.28,26.68,26.68,0
2024-08-28 09:00:00,26.68,26.86,26.63,26.83,0
2024-08-28 09:30:00,26.86000061035156,26.86000061035156,26.670000076293945,26.799999237060547,3526415
2024-08-28 10:30:00,26.80010032653809,26.844999313354492,26.7450008392334,26.790000915527344,1373650
2024-08-28 11:30:00,26.78499984741211,26.84000015258789,26.530000686645508,26.582000732421875,2042318
2024-08-28 12:30:00,26.579999923706055,26.700000762939453,26.575000762939453,26.655000686645508,1096834
2024-08-28 13:30:00,26.65999984741211,26.709999084472656,26.590099334716797,26.6200008392334,1025632
2024-08-28 14:30:00,26.625,26.75,26.600000381469727,26.729999542236328,986849
2024-08-28 15:30:00,26.729999542236328,26.760000228881836,26.68000030517578,26.684999465942383,1106761
2024-08-28 16:00:00,26.69,26.7,26.57,26.59,0
2024-08-28 17:00:00,26.585,26.61,26.58,26.6092,0
2024-08-28 18:00:00,26.59,26.6595,26.57,26.64,0
2024-08-28 19:00:00,26.64,26.64,26.58,26.62,0
2024-08-29 04:00:00,27.06,27.06,26.91,26.91,0
2024-08-29 05:00:00,26.9,26.93,26.88,26.93,0
2024-08-29 06:00:00,26.93,27.03,26.9,26.95,0
2024-08-29 07:00:00,26.95,26.99,26.91,26.95,0
2024-08-29 08:00:00,26.94,27.05,26.79,26.83,0
2024-08-29 09:00:00,26.85,26.86,26.74,26.81,0
2024-08-29 09:30:00,26.709999084472656,26.93000030517578,26.6299991607666,26.8700008392334,4506741
2024-08-29 10:30:00,26.84000015258789,27.049999237060547,26.84000015258789,26.899999618530273,2697083
2024-08-29 11:30:00,26.899999618530273,26.94499969482422,26.829999923706055,26.910499572753903,870632
2024-08-29 12:30:00,26.915000915527344,27.0,26.8700008392334,26.979999542236328,723321
2024-08-29 13:30:00,26.989999771118164,27.0,26.894899368286133,26.90999984741211,725234
2024-08-29 14:30:00,26.899999618530273,26.905000686645508,26.799999237060547,26.834999084472656,1141934
2024-08-29 15:30:00,26.834999084472656,26.86000061035156,26.790000915527344,26.799999237060547,912573
2024-08-29 16:00:00,26.8,26.83,26.8,26.83,0
2024-08-29 17:00:00,26.84,26.85,26.8,26.84,0
2024-08-29 18:00:00,26.83,26.85,26.81,26.85,0
2024-08-29 19:00:00,26.849,26.86,26.79,26.79,0
2024-08-30 04:00:00,26.82,26.99,26.82,26.99,0
2024-08-30 05:00:00,26.99,26.99,26.93,26.94,0
2024-08-30 06:00:00,26.96,26.97,26.9,26.9,0
2024-08-30 07:00:00,26.9,26.92,26.85,26.92,0
2024-08-30 08:00:00,26.93,27.0,26.78,26.98,0
2024-08-30 09:00:00,26.97,26.97,26.72,26.72,0
2024-08-30 09:30:00,26.68000030517578,26.799999237060547,26.459999084472656,26.489999771118164,3577328
2024-08-30 10:30:00,26.489999771118164,26.540000915527344,26.33970069885254,26.379899978637695,3392925
2024-08-30 11:30:00,26.3700008392334,26.459999084472656,26.309999465942383,26.391300201416016,2114724
2024-08-30 12:30:00,26.399999618530273,26.424999237060547,26.184999465942383,26.229999542236328,2350939
2024-08-30 13:30:00,26.229999542236328,26.36000061035156,26.229999542236328,26.344999313354492,1043571
2024-08-30 14:30:00,26.349899291992188,26.375,26.25,26.309900283813477,1373270
2024-08-30 15:30:00,26.309999465942383,26.36000061035156,26.260000228881836,26.344999313354492,1595343
2024-08-30 16:00:00,26.35,26.35,26.33,26.34,0
2024-08-30 17:00:00,26.33,26.34,26.31,26.33,0
2024-08-30 18:00:00,26.33,26.34,26.31,26.31,0
2024-08-30 19:00:00,26.34,26.35,26.31,26.34,0
2024-09-03 04:00:00,25.98,26.08,25.96,25.98,0
2024-09-03 05:00:00,25.98,26.0,25.89,25.89,0
2024-09-03 06:00:00,25.89,25.89,25.76,25.8,0
2024-09-03 07:00:00,25.79,25.91,25.78,25.87,0
2024-09-03 08:00:00,25.87,26.02,25.7,25.83,0
2024-09-03 09:00:00,25.84,25.97,25.8195,25.83,0
2024-09-03 09:30:00,25.829999923706055,25.84600067138672,25.270099639892575,25.35930061340332,7651614
2024-09-03 10:30:00,25.350000381469727,25.48500061035156,25.31999969482422,25.475000381469727,2832472
2024-09-03 11:30:00,25.4768009185791,25.549999237060547,25.475000381469727,25.5,1191417
2024-09-03 12:30:00,25.510000228881836,25.559999465942383,25.469999313354492,25.549999237060547,1000308
2024-09-03 13:30:00,25.559999465942383,25.59000015258789,25.500099182128903,25.54050064086914,838947
2024-09-03 14:30:00,25.545000076293945,25.61000061035156,25.500099182128903,25.584999084472656,1292962
2024-09-03 15:30:00,25.584999084472656,25.61000061035156,25.549999237060547,25.579999923706055,1917205
2024-09-03 16:00:00,25.58,25.59,25.5567,25.59,0
2024-09-03 17:00:00,25.59,25.59,25.56,25.58,0
2024-09-03 18:00:00,25.58,25.6,25.57,25.59,0
2024-09-03 19:00:00,25.5706,25.61,25.57,25.58,0
2024-09-04 04:00:00,25.55,25.55,25.4,25.41,0
2024-09-04 05:00:00,25.42,25.47,25.35,25.43,0
2024-09-04 06:00:00,25.43,25.58,25.43,25.58,0
2024-09-04 07:00:00,25.585,25.62,25.57,25.61,0
2024-09-04 08:00:00,25.57,25.64,25.3596,25.64,0
2024-09-04 09:00:00,25.62,25.7397,25.58,25.64,0
2024-09-04 09:30:00,25.6200008392334,25.86000061035156,25.579999923706055,25.75,4819886
2024-09-04 10:30:00,25.760000228881836,25.879899978637695,25.729999542236328,25.73500061035156,1552314
2024-09-04 11:30:00,25.729999542236328,25.770000457763672,25.668899536132812,25.760000228881836,1798314
2024-09-04 12:30:00,25.750099182128903,25.799999237060547,25.704999923706055,25.708900451660156,752904
2024-09-04 13:30:00,25.709999084472656,25.719999313354492,25.650100708007812,25.69499969482422,993718
2024-09-04 14:30:00,25.690000534057617,25.700000762939453,25.63999938964844,25.696300506591797,529248
2024-09-04 15:30:00,25.700000762939453,25.709999084472656,25.65999984741211,25.684999465942383,654153
2024-09-04 16:00:00,25.68,25.8,25.68,25.8,0
2024-09-04 17:00:00,25.79,25.8,25.75,25.76,0
2024-09-04 18:00:00,25.8,25.8,25.74,25.7698,0
2024-09-04 19:00:00,25.765,25.79,25.7601,25.78,0
2024-09-05 04:00:00,25.8,26.23,25.8,26.21,0
2024-09-05 05:00:00,26.21,26.23,26.14,26.22,0
2024-09-05 06:00:00,26.22,26.22,26.18,26.22,0
2024-09-05 07:00:00,26.22,26.22,26.15,26.19,0
2024-09-05 08:00:00,26.19,26.25,25.76,26.22,0
2024-09-05 09:00:00,26.2,26.33,25.68,26.25,0
2024-09-05 09:30:00,26.3799991607666,26.59000015258789,26.329999923706055,26.53499984741211,5064261
2024-09-05 10:30:00,26.56010055541992,26.61000061035156,26.260000228881836,26.280000686645508,2867962
2024-09-05 11:30:00,26.280000686645508,26.3799991607666,26.149999618530273,26.260099411010746,2423796
2024-09-05 12:30:00,26.260000228881836,26.260000228881836,26.190099716186523,26.204999923706055,914654
2024-09-05 13:30:00,26.204999923706055,26.325000762939453,26.170000076293945,26.319900512695312,966975
2024-09-05 14:30:00,26.315000534057617,26.329999923706055,26.260000228881836,26.270000457763672,660882
2024-09-05 15:30:00,26.270000457763672,26.290000915527344,26.209999084472656,26.219999313354492,1481660
2024-09-05 16:00:00,26.23,26.285,26.23,26.285,0
2024-09-05 17:00:00,26.28,26.29,26.25,26.28,0
2024-09-05 18:00:00,26.22,26.29,26.22,26.26,0
2024-09-05 19:00:00,26.26,26.32,26.26,26.3,0
2024-09-06 04:00:00,26.28,26.34,26.26,26.31,0
2024-09-06 05:00:00,26.3,26.31,26.25,26.28,0
2024-09-06 06:00:00,26.28,26.33,26.28,26.33,0
2024-09-06 07:00:00,26.31,26.35,26.28,26.32,0
2024-09-06 08:00:00,26.32,26.35,26.23,26.35,0
2024-09-06 09:00:00,26.265,26.569,26.16,26.28,0
2024-09-06 09:30:00,26.25,26.344999313354492,25.915000915527344,25.924999237060547,5139462
2024-09-06 10:30:00,25.924999237060547,26.1299991607666,25.829999923706055,26.09000015258789,4413473
2024-09-06 11:30:00,26.09029960632324,26.095300674438477,25.33009910583496,25.510000228881836,4964097
2024-09-06 12:30:00,25.5,25.5,25.270000457763672,25.459999084472656,3516753
2024-09-06 13:30:00,25.459999084472656,25.51499938964844,25.40999984741211,25.479999542236328,1688342
2024-09-06 14:30:00,25.479999542236328,25.5,25.43000030517578,25.44499969482422,1703037
2024-09-06 15:30:00,25.450000762939453,25.520000457763672,25.450000762939453,25.475000381469727,2089279
2024-09-06 16:00:00,25.48,25.49,25.45,25.49,0
2024-09-06 17:00:00,25.4998,25.5,25.48,25.48,0
2024-09-06 18:00:00,25.49,25.5,25.46,25.46,0
2024-09-06 19:00:00,25.4798,25.4798,25.45,25.47,0
2024-09-09 04:00:00,25.55,25.68,25.55,25.57,0
2024-09-09 05:00:00,25.57,25.68,25.57,25.66,0
2024-09-09 06:00:00,25.66,25.73,25.66,25.67,0
2024-09-09 07:00:00,25.68,25.7,25.63,25.69,0
2024-09-09 08:00:00,25.68,25.73,25.3,25.73,0
2024-09-09 09:00:00,25.73,25.77,25.65,25.7309,0
2024-09-09 09:30:00,25.719999313354492,25.875,25.63999938964844,25.760000228881836,3098303
2024-09-09 10:30:00,25.76499938964844,25.770000457763672,25.584999084472656,25.6200008392334,1208629
2024-09-09 11:30:00,25.6299991607666,25.864999771118164,25.6299991607666,25.809999465942383,873181
2024-09-09 12:30:00,25.80769920349121,25.8799991607666,25.79010009765625,25.850000381469727,771415
2024-09-09 13:30:00,25.859899520874023,25.86989974975586,25.76469993591309,25.809999465942383,525153
2024-09-09 14:30:00,25.799999237060547,25.84000015258789,25.795000076293945,25.84000015258789,793681
2024-09-09 15:30:00,25.834999084472656,25.850000381469727,25.81450080871582,25.84000015258789,1260199
2024-09-09 16:00:00,25.85,25.87,25.84,25.8698,0
2024-09-09 17:00:00,25.86,25.87,25.85,25.86,0
2024-09-09 18:00:00,25.87,25.88,25.85,25.86,0
2024-09-09 19:00:00,25.86,25.87,25.86,25.86,0
2024-09-10 04:00:00,25.91,25.91,25.86,25.86,0
2024-09-10 05:00:00,25.85,25.86,25.8,25.83,0
2024-09-10 06:00:00,25.83,25.95,25.83,25.94,0
2024-09-10 07:00:00,25.93,25.96,25.91,25.92,0
2024-09-10 08:00:00,25.93,26.01,25.78,25.93,0
2024-09-10 09:00:00,25.921,26.04,25.9,25.91,0
2024-09-10 09:30:00,25.959999084472656,25.959999084472656,25.575000762939453,25.6200008392334,3530066
2024-09-10 10:30:00,25.614999771118164,25.899999618530273,25.594999313354492,25.875,1728611
2024-09-10 11:30:00,25.8700008392334,25.940000534057617,25.71500015258789,25.799999237060547,842714
2024-09-10 12:30:00,25.799999237060547,25.844999313354492,25.774999618530273,25.809999465942383,499449
2024-09-10 13:30:00,25.799999237060547,25.86000061035156,25.790000915527344,25.854999542236328,521119
2024-09-10 14:30:00,25.86000061035156,25.950000762939453,25.855899810791016,25.915000915527344,587351
2024-09-10 15:30:00,25.915000915527344,25.950000762939453,25.885000228881836,25.940000534057617,1299028
2024-09-10 16:00:00,25.94,25.95,25.91,25.91,0
2024-09-10 17:00:00,25.91,25.94,25.9,25.93,0
2024-09-10 18:00:00,25.9001,25.93,25.9001,25.93,0
2024-09-10 19:00:00,25.93,25.96,25.92,25.94,0
2024-09-11 04:00:00,26.15,26.255,26.15,26.25,0
2024-09-11 05:00:00,26.25,26.28,26.22,26.22,0
2024-09-11 06:00:00,26.24,26.28,26.22,26.22,0
2024-09-11 07:00:00,26.24,26.305,26.22,26.27,0
2024-09-11 08:00:00,26.27,26.32,25.96,26.22,0
2024-09-11 09:00:00,26.2,26.31,25.9295,26.05,0
2024-09-11 09:30:00,26.020000457763672,26.048999786376953,25.680099487304688,25.73500061035156,4019098
2024-09-11 10:30:00,25.739999771118164,26.030000686645508,25.6200008392334,25.98500061035156,2003890
2024-09-11 11:30:00,25.979999542236328,26.165000915527344,25.975000381469727,26.143299102783203,1590740
2024-09-11 12:30:00,26.13999938964844,26.21500015258789,26.07010078430176,26.094999313354492,756399
2024-09-11 13:30:00,26.095399856567383,26.155000686645508,26.05500030517578,26.106977462768555,1025475
2024-09-11 14:30:00,26.104999542236328,26.15636825561523,26.04010009765625,26.094999313354492,614297
2024-09-11 15:30:00,26.094999313354492,26.1299991607666,26.06489944458008,26.114999771118164,874301
2024-09-11 16:00:00,26.12,26.2,26.12,26.16,0
2024-09-11 17:00:00,26.16,26.19,26.12,26.13,0
2024-09-11 18:00:00,26.16,26.22,26.16,26.21,0
2024-09-11 19:00:00,26.21,26.21,26.16,26.16,0
2024-09-12 04:00:00,26.29,26.36,26.22,26.34,0
2024-09-12 05:00:00,26.34,26.34,26.22,26.27,0
2024-09-12 06:00:00,26.28,26.29,26.26,26.28,0
2024-09-12 07:00:00,26.28,26.29,26.18,26.22,0
2024-09-12 08:00:00,26.21,26.36,26.1898,26.29,0
2024-09-12 09:00:00,26.3,26.75,26.23,26.68,0
2024-09-12 09:30:00,26.63999938964844,26.86000061035156,26.565000534057617,26.739999771118164,6492026
2024-09-12 10:30:00,26.739999771118164,27.059999465942383,26.729999542236328,27.04990005493164,3635541
2024-09-12 11:30:00,27.043380737304688,27.13999938964844,27.010000228881836,27.079999923706055,3212721
2024-09-12 12:30:00,27.08009910583496,27.219900131225582,27.063514709472656,27.135000228881836,1553949
2024-09-12 13:30:00,27.125,27.18000030517578,27.11000061035156,27.17510032653809,1128822
2024-09-12 14:30:00,27.174999237060547,27.200000762939453,27.09000015258789,27.160499572753903,2017120
2024-09-12 15:30:00,27.165000915527344,27.280000686645508,27.15999984741211,27.260000228881836,3859220
2024-09-12 16:00:00,27.27,27.28,27.21,27.25,0
2024-09-12 17:00:00,27.2498,27.26,27.2101,27.25,0
2024-09-12 18:00:00,27.25,27.32,27.2407,27.2595,0
2024-09-12 19:00:00,27.26,27.29,27.24,27.29,0
2024-09-13 04:00:00,27.34,27.46,27.34,27.43,0
2024-09-13 05:00:00,27.43,27.52,27.43,27.52,0
2024-09-13 06:00:00,27.52,27.52,27.37,27.42,0
2024-09-13 07:00:00,27.42,27.45,27.33,27.34,0
2024-09-13 08:00:00,27.36,27.5176,27.28,27.45,0
2024-09-13 09:00:00,27.46,27.77,27.41,27.7695,0
2024-09-13 09:30:00,27.8700008392334,28.100000381469727,27.829999923706055,27.975000381469727,10162386
2024-09-13 10:30:00,27.979999542236328,27.9950008392334,27.760099411010746,27.940099716186523,5020805
2024-09-13 11:30:00,27.940000534057617,28.204999923706055,27.940000534057617,28.165800094604492,2802077
2024-09-13 12:30:00,28.165000915527344,28.170000076293945,27.959999084472656,27.96500015258789,3315733
2024-09-13 13:30:00,27.969999313354492,27.9950008392334,27.850000381469727,27.98500061035156,2058835
2024-09-13 14:30:00,27.979999542236328,27.989900588989254,27.86000061035156,27.930099487304688,1585576
2024-09-13 15:30:00,27.93356704711914,28.040000915527344,27.33550071716309,28.030000686645508,3220399
2024-09-13 16:00:00,28.02,28.04,27.99,28.0,0
2024-09-13 17:00:00,28.0,28.04,28.0,28.04,0
2024-09-13 18:00:00,28.03,28.04,28.02,28.03,0
2024-09-13 19:00:00,28.04,28.04,28.0,28.01,0
2024-09-16 04:00:00,28.36,28.36,28.09,28.2,0
2024-09-16 05:00:00,28.21,28.28,28.2,28.27,0
2024-09-16 06:00:00,28.28,28.28,28.2,28.2,0
2024-09-16 07:00:00,28.2,28.24,28.16,28.24,0
2024-09-16 08:00:00,28.24,28.35,28.09,28.19,0
2024-09-16 09:00:00,28.19,28.29,28.17,28.27,0
2024-09-16 09:30:00,28.270000457763672,28.290000915527344,28.0,28.045000076293945,5044730
2024-09-16 10:30:00,28.045000076293945,28.06999969482422,27.899999618530273,28.03499984741211,3494106
2024-09-16 11:30:00,28.040000915527344,28.09000015258789,27.975000381469727,28.089500427246097,1063020
2024-09-16 12:30:00,28.084999084472656,28.08989906311035,28.01499938964844,28.06999969482422,728521
2024-09-16 13:30:00,28.059999465942383,28.13999938964844,28.030099868774418,28.059999465942383,1438466
2024-09-16 14:30:00,28.05500030517578,28.059999465942383,28.010000228881836,28.049999237060547,1064963
2024-09-16 15:30:00,28.045000076293945,28.079999923706055,28.045000076293945,28.059999465942383,1212262
2024-09-16 16:00:00,28.07,28.07,28.02,28.04,0
2024-09-16 17:00:00,28.035,28.06,28.03,28.06,0
2024-09-16 18:00:00,28.0301,28.08,28.03,28.045,0
2024-09-16 19:00:00,28.06,28.06,28.02,28.0585,0
2024-09-17 04:00:00,28.07,28.12,28.02,28.06,0
2024-09-17 05:00:00,28.05,28.07,28.01,28.02,0
2024-09-17 06:00:00,28.02,28.02,27.96,28.0,0
2024-09-17 07:00:00,28.0,28.02,27.96,28.02,0
2024-09-17 08:00:00,28.02,28.13,27.9695,28.1,0
2024-09-17 09:00:00,28.04,28.14,27.93,28.085,0
2024-09-17 09:30:00,28.020000457763672,28.270000457763672,27.97010040283203,28.229999542236328,4067148
2024-09-17 10:30:00,28.229999542236328,28.229999542236328,28.010000228881836,28.02989959716797,3084289
2024-09-17 11:30:00,28.020000457763672,28.049999237060547,27.88999938964844,27.97800064086914,2195296
2024-09-17 12:30:00,27.969999313354492,28.0,27.834999084472656,27.95170021057129,1628633
2024-09-17 13:30:00,27.95989990234375,28.020000457763672,27.91010093688965,27.96500015258789,918974
2024-09-17 14:30:00,27.954999923706055,28.020000457763672,27.93989944458008,27.941099166870117,1416948
2024-09-17 15:30:00,27.950000762939453,27.959999084472656,27.920000076293945,27.954999923706055,1693217
2024-09-17 16:00:00,27.96,28.01,27.96,27.9904,0
2024-09-17 17:00:00,27.99,28.02,27.99,27.99,0
2024-09-17 18:00:00,27.99,28.02,27.99,28.02,0
2024-09-17 19:00:00,28.01,28.07,28.01,28.03,0
2024-09-18 04:00:00,27.93,27.97,27.92,27.95,0
2024-09-18 05:00:00,27.95,27.95,27.89,27.89,0
2024-09-18 06:00:00,27.88,27.92,27.86,27.92,0
2024-09-18 07:00:00,27.93,27.94,27.9,27.93,0
2024-09-18 08:00:00,27.92,27.97,27.7,27.93,0
2024-09-18 09:00:00,27.93,27.98,27.88,27.94,0
2024-09-18 09:30:00,27.950000762939453,27.969999313354492,27.649999618530273,27.72010040283203,2912140
2024-09-18 10:30:00,27.719999313354492,27.8174991607666,27.709999084472656,27.770000457763672,1183002
2024-09-18 11:30:00,27.770099639892575,27.790000915527344,27.644699096679688,27.7549991607666,1052613
2024-09-18 12:30:00,27.75,27.809900283813477,27.670000076293945,27.690000534057617,817845
2024-09-18 13:30:00,27.690000534057617,28.36000061035156,27.575000762939453,28.28890037536621,7364795
2024-09-18 14:30:00,28.290000915527344,28.5,27.309999465942383,27.61000061035156,14386855
2024-09-18 15:30:00,27.6200008392334,27.627500534057617,27.09000015258789,27.260000228881836,6831493
2024-09-18 16:00:00,27.24,27.46,27.24,27.45,0
2024-09-18 17:00:00,27.45,27.46,27.41,27.45,0
2024-09-18 18:00:00,27.45,27.5693,27.39,27.5,0
2024-09-18 19:00:00,27.51,27.5496,27.41,27.54,0
2024-09-19 04:00:00,28.44,28.45,28.12,28.39,0
2024-09-19 05:00:00,28.39,28.48,28.35,28.46,0
2024-09-19 06:00:00,28.46,28.54,28.42,28.42,0
2024-09-19 07:00:00,28.42,28.43,28.34,28.36,0
2024-09-19 08:00:00,28.371,28.5,27.68,28.48,0
2024-09-19 09:00:00,28.47,28.5,28.2,28.2895,0
2024-09-19 09:30:00,28.25,28.270000457763672,27.920000076293945,28.1299991607666,7015668
2024-09-19 10:30:00,28.1299991607666,28.239999771118164,28.11000061035156,28.17989921569824,2226184
2024-09-19 11:30:00,28.18000030517578,28.379899978637695,28.15139961242676,28.299999237060547,1698853
2024-09-19 12:30:00,28.299999237060547,28.38999938964844,28.299999237060547,28.34000015258789,1390610
2024-09-19 13:30:00,28.334999084472656,28.3799991607666,28.224199295043945,28.309900283813477,1318397
2024-09-19 14:30:00,28.306392669677734,28.334999084472656,28.084999084472656,28.133699417114254,2630696
2024-09-19 15:30:00,28.135400772094727,28.13999938964844,28.079999923706055,28.100000381469727,1927335
2024-09-19 16:00:00,28.09,28.13,28.06,28.06,0
2024-09-19 17:00:00,28.07,28.09,28.0435,28.0785,0
2024-09-19 18:00:00,28.07,28.14,28.05,28.115,0
2024-09-19 19:00:00,28.1,28.12,28.07,28.07,0
2024-09-20 04:00:00,28.46,28.47,28.37,28.46,0
2024-09-20 05:00:00,28.47,28.56,28.47,28.48,0
2024-09-20 06:00:00,28.48,28.48,28.38,28.48,0
2024-09-20 07:00:00,28.48,28.59,28.48,28.53,0
2024-09-20 08:00:00,28.53,28.66,28.09,28.62,0
2024-09-20 09:00:00,28.6,28.6726,28.09,28.47,0
2024-09-20 09:30:00,28.399999618530273,28.450000762939453,28.18000030517578,28.375,6364689
2024-09-20 10:30:00,28.3799991607666,28.489999771118164,28.219999313354492,28.269899368286133,3864820
2024-09-20 11:30:00,28.260000228881836,28.59000015258789,28.239999771118164,28.5403995513916,3227719
2024-09-20 12:30:00,28.540000915527344,28.594999313354492,28.43000030517578,28.450000762939453,2907260
2024-09-20 13:30:00,28.44499969482422,28.489999771118164,28.329999923706055,28.350000381469727,1474002
2024-09-20 14:30:00,28.350000381469727,28.489999771118164,28.31999969482422,28.469999313354492,1314875
2024-09-20 15:30:00,28.475000381469727,28.489999771118164,28.399999618530273,28.405000686645508,2026331
2024-09-20 16:00:00,28.41,28.44,28.3595,28.431,0
2024-09-20 17:00:00,28.4395,28.46,28.4,28.42,0
2024-09-20 18:00:00,28.4,28.45,28.39,28.435,0
2024-09-20 19:00:00,28.43,28.45,28.3894,28.45,0
2024-09-23 04:00:00,27.9,28.08,27.58,27.76,0
2024-09-23 05:00:00,27.775,27.85,27.69,27.84,0
2024-09-23 06:00:00,27.83,27.96,27.83,27.95,0
2024-09-23 07:00:00,27.94,28.01,27.93,27.99,0
2024-09-23 08:00:00,27.98,28.42,27.6996,28.0101,0
2024-09-23 09:00:00,28.02,28.21,28.02,28.2,0
2024-09-23 09:30:00,28.229999542236328,28.299999237060547,28.125,28.29400062561035,5595971
2024-09-23 10:30:00,28.295000076293945,28.29630470275879,27.969999313354492,28.170000076293945,3161909
2024-09-23 11:30:00,28.170000076293945,28.18000030517578,27.93000030517578,28.0049991607666,2818705
2024-09-23 12:30:00,28.0049991607666,28.1299991607666,27.959999084472656,28.079999923706055,3090607
2024-09-23 13:30:00,28.09000015258789,28.11599922180176,28.030000686645508,28.09000015258789,1962702
2024-09-23 14:30:00,28.08639907836914,28.09600067138672,27.989999771118164,28.0049991607666,3390909
2024-09-23 15:30:00,28.0049991607666,28.01639938354492,27.940000534057617,27.969999313354492,3760380
2024-09-23 16:00:00,27.98,28.0,27.96,28.0,0
2024-09-23 17:00:00,27.9998,28.02,27.9603,28.02,0
2024-09-23 18:00:00,28.0,28.02,27.99,28.0099,0
2024-09-23 19:00:00,28.01,28.02,27.97,27.97,0
2024-09-24 04:00:00,28.1,28.175,28.1,28.14,0
2024-09-24 05:00:00,28.13,28.21,28.13,28.16,0
2024-09-24 06:00:00,28.14,28.25,28.14,28.24,0
2024-09-24 07:00:00,28.25,28.27,28.12,28.17,0
2024-09-24 08:00:00,28.17,28.43,28.01,28.16,0
2024-09-24 09:00:00,28.16,28.31,27.98,28.26,0
2024-09-24 09:30:00,28.270000457763672,28.3700008392334,28.165000915527344,28.280000686645508,6405842
2024-09-24 10:30:00,28.28499984741211,28.899999618530273,28.200000762939453,28.885000228881836,10032226
2024-09-24 11:30:00,28.88999938964844,29.200000762939453,28.809999465942383,29.155000686645508,7548119
2024-09-24 12:30:00,29.15999984741211,29.3799991607666,29.145000457763672,29.242900848388672,4867141
2024-09-24 13:30:00,29.239999771118164,29.399999618530273,29.20009994506836,29.375999450683594,3759017
2024-09-24 14:30:00,29.375,29.440000534057617,29.354999542236328,29.415000915527344,3261640
2024-09-24 15:30:00,29.40999984741211,29.420000076293945,29.299999237060547,29.3799991607666,4795565
2024-09-24 16:00:00,29.38,29.4,29.27,29.28,0
2024-09-24 17:00:00,29.28,29.32,29.28,29.3,0
2024-09-24 18:00:00,29.3,29.36,29.3,29.3302,0
2024-09-24 19:00:00,29.34,29.35,29.3,29.3295,0
2024-09-25 04:00:00,29.09,29.09,29.01,29.02,0
2024-09-25 05:00:00,29.02,29.1,28.95,28.96,0
2024-09-25 06:00:00,28.96,29.04,28.96,29.04,0
2024-09-25 07:00:00,29.04,29.09,29.03,29.05,0
2024-09-25 08:00:00,29.04,29.2,28.93,29.1,0
2024-09-25 09:00:00,29.11,29.13,28.95,29.02,0
2024-09-25 09:30:00,29.100000381469727,29.3799991607666,29.049999237060547,29.3700008392334,7574810
2024-09-25 10:30:00,29.3700008392334,29.416000366210938,29.020000457763672,29.08169937133789,4539229
2024-09-25 11:30:00,29.09000015258789,29.170000076293945,28.940000534057617,29.049999237060547,2976792
2024-09-25 12:30:00,29.049999237060547,29.05500030517578,28.799999237060547,28.989999771118164,4801945
2024-09-25 13:30:00,28.979999542236328,29.059999465942383,28.979999542236328,29.030000686645508,1850757
2024-09-25 14:30:00,29.030000686645508,29.049999237060547,29.0,29.019899368286133,1789233
2024-09-25 15:30:00,29.020000457763672,29.059999465942383,29.000099182128903,29.049999237060547,2088467
2024-09-25 16:00:00,29.06,29.06,29.01,29.025,0
2024-09-25 17:00:00,29.0298,29.06,29.0,29.05,0
2024-09-25 18:00:00,29.03,29.07,29.02,29.04,0
2024-09-25 19:00:00,29.04,29.0599,29.01,29.05,0
2024-09-26 04:00:00,29.17,29.35,29.17,29.34,0
2024-09-26 05:00:00,29.34,29.41,29.3,29.41,0
2024-09-26 06:00:00,29.41,29.47,29.38,29.45,0
2024-09-26 07:00:00,29.45,29.77,29.45,29.71,0
2024-09-26 08:00:00,29.71,29.83,29.06,29.52,0
2024-09-26 09:00:00,29.52,29.59,29.08,29.1,0
2024-09-26 09:30:00,29.31999969482422,29.3700008392334,28.944599151611328,29.270099639892575,10154674
2024-09-26 10:30:00,29.31999969482422,29.459699630737305,29.190000534057617,29.36000061035156,4446229
2024-09-26 11:30:00,29.36000061035156,29.440000534057617,29.100000381469727,29.215099334716797,2650796
2024-09-26 12:30:00,29.209999084472656,29.27989959716797,29.149999618530273,29.25979995727539,1273481
2024-09-26 13:30:00,29.2549991607666,29.349899291992188,29.200000762939453,29.329999923706055,1268156
2024-09-26 14:30:00,29.31999969482422,29.3799991607666,29.26020050048828,29.280000686645508,1315973
2024-09-26 15:30:00,29.274999618530273,29.299999237060547,29.22010040283203,29.260099411010746,2155557
2024-09-26 16:00:00,29.26,29.27,29.181,29.2,0
2024-09-26 17:00:00,29.21,29.24,29.2,29.2399,0
2024-09-26 18:00:00,29.23,29.245,29.185,29.22,0
2024-09-26 19:00:00,29.22,29.24,29.17,29.189,0
2024-09-27 04:00:00,28.98,29.08,28.97,29.02,0
2024-09-27 05:00:00,29.02,29.04,28.92,28.96,0
2024-09-27 06:00:00,28.96,29.09,28.95,29.07,0
2024-09-27 07:00:00,29.07,29.19,29.07,29.165,0
2024-09-27 08:00:00,29.17,29.23,28.82,29.18,0
2024-09-27 09:00:00,29.24,29.3996,29.21,29.39,0
2024-09-27 09:30:00,29.34000015258789,29.46500015258789,29.020000457763672,29.13999938964844,6867721
2024-09-27 10:30:00,29.13999938964844,29.215200424194336,28.809999465942383,28.989999771118164,4204993
2024-09-27 11:30:00,28.98500061035156,28.989999771118164,28.63999938964844,28.815000534057617,4253261
2024-09-27 12:30:00,28.809999465942383,28.88990020751953,28.670000076293945,28.704999923706055,2883792
2024-09-27 13:30:00,28.700000762939453,28.790000915527344,28.649999618530273,28.674999237060547,3371966
2024-09-27 14:30:00,28.68000030517578,28.829999923706055,28.59000015258789,28.809999465942383,2427599
2024-09-27 15:30:00,28.80500030517578,28.88999938964844,28.790000915527344,28.856199264526367,2483288
2024-09-27 16:00:00,28.86,28.88,28.82,28.85,0
2024-09-27 17:00:00,28.85,28.86,28.84,28.85,0
2024-09-27 18:00:00,28.85,28.85,28.84,28.8405,0
2024-09-27 19:00:00,28.8405,28.87,28.81,28.8699,0
2024-09-30 04:00:00,28.68,28.86,28.67,28.76,0
2024-09-30 05:00:00,28.76,28.76,28.64,28.68,0
2024-09-30 06:00:00,28.69,28.72,28.63,28.63,0
2024-09-30 07:00:00,28.63,28.63,28.31,28.429,0
2024-09-30 08:00:00,28.42,28.92,28.32,28.55,0
2024-09-30 09:00:00,28.55,28.62,28.4402,28.51,0
2024-09-30 09:30:00,28.4950008392334,28.530000686645508,28.200000762939453,28.34000015258789,6300980
2024-09-30 10:30:00,28.350000381469727,28.469999313354492,28.309999465942383,28.379899978637695,2095293
2024-09-30 11:30:00,28.38999938964844,28.510000228881836,28.31999969482422,28.489999771118164,1203296
2024-09-30 12:30:00,28.475000381469727,28.540000915527344,28.38999938964844,28.40329933166504,1275801
2024-09-30 13:30:00,28.400299072265625,28.46500015258789,28.170000076293945,28.233299255371097,2278251
2024-09-30 14:30:00,28.236000061035156,28.38999938964844,28.209999084472656,28.295000076293945,1484265
2024-09-30 15:30:00,28.290000915527344,28.440000534057617,28.280000686645508,28.40999984741211,1664325
2024-09-30 16:00:00,28.41,28.44,28.4,28.42,0
2024-09-30 17:00:00,28.42,28.42,28.4,28.42,0
2024-09-30 18:00:00,28.4198,28.43,28.39,28.4194,0
2024-09-30 19:00:00,28.4087,28.48,28.395,28.48,0
2024-10-01 04:00:00,28.55,28.66,28.55,28.62,0
2024-10-01 05:00:00,28.62,28.66,28.59,28.59,0
2024-10-01 06:00:00,28.59,28.63,28.54,28.63,0
2024-10-01 07:00:00,28.62,28.69,28.58,28.59,0
2024-10-01 08:00:00,28.59,28.69,28.53,28.61,0
2024-10-01 09:00:00,28.6,28.71,28.41,28.67,0
2024-10-01 09:30:00,28.780000686645508,29.059999465942383,28.704999923706055,28.84000015258789,9470944
2024-10-01 10:30:00,28.829999923706055,28.895000457763672,28.545000076293945,28.809999465942383,4016760
2024-10-01 11:30:00,28.81010055541992,28.86000061035156,28.709999084472656,28.729999542236328,2009628
2024-10-01 12:30:00,28.73500061035156,28.899900436401367,28.68000030517578,28.700000762939453,3268498
2024-10-01 13:30:00,28.700000762939453,28.709999084472656,28.545000076293945,28.63999938964844,1619179
2024-10-01 14:30:00,28.649999618530273,28.690000534057617,28.600000381469727,28.670000076293945,1177528
2024-10-01 15:30:00,28.674999237060547,28.68000030517578,28.579999923706055,28.579999923706055,1417940
2024-10-01 16:00:00,28.58,28.68,28.56,28.68,0
2024-10-01 17:00:00,28.68,28.7,28.64,28.68,0
2024-10-01 18:00:00,28.66,28.66,28.59,28.65,0
2024-10-01 19:00:00,28.61,28.65,28.6005,28.63,0
2024-10-02 04:00:00,28.67,28.79,28.67,28.74,0
2024-10-02 05:00:00,28.74,28.75,28.67,28.72,0
2024-10-02 06:00:00,28.72,28.73,28.66,28.7,0
2024-10-02 07:00:00,28.72,28.72,28.64,28.675,0
2024-10-02 08:00:00,28.67,28.7696,28.28,28.7,0
2024-10-02 09:00:00,28.68,28.98,28.68,28.96,0
2024-10-02 09:30:00,29.1299991607666,29.459999084472656,29.06999969482422,29.1299991607666,8359336
2024-10-02 10:30:00,29.1299991607666,29.200000762939453,28.68000030517578,28.8700008392334,5014444
2024-10-02 11:30:00,28.8700008392334,29.006799697875977,28.8700008392334,28.940000534057617,2097887
2024-10-02 12:30:00,28.93989944458008,28.940000534057617,28.799999237060547,28.905000686645508,1169554
2024-10-02 13:30:00,28.90999984741211,28.950000762939453,28.84000015258789,28.86639976501465,1030028
2024-10-02 14:30:00,28.86000061035156,29.009899139404297,28.850000381469727,29.009899139404297,1359892
2024-10-02 15:30:00,29.000099182128903,29.04990005493164,28.989999771118164,29.010000228881836,1752819
2024-10-02 16:00:00,29.0,29.065,29.0,29.025,0
2024-10-02 17:00:00,29.03,29.03,29.01,29.02,0
2024-10-02 18:00:00,29.02,29.08,29.015,29.0695,0
2024-10-02 19:00:00,29.055,29.07,29.035,29.07,0
2024-10-03 04:00:00,28.72,28.83,28.68,28.69,0
2024-10-03 05:00:00,28.69,28.77,28.68,28.74,0
2024-10-03 06:00:00,28.78,28.82,28.7,28.72,0
2024-10-03 07:00:00,28.74,28.78,28.67,28.69,0
2024-10-03 08:00:00,28.68,28.94,28.6695,28.8,0
2024-10-03 09:00:00,28.8,29.0,28.69,28.77,0
2024-10-03 09:30:00,28.90999984741211,29.094999313354492,28.790000915527344,28.969900131225582,6716085
2024-10-03 10:30:00,28.950000762939453,29.084999084472656,28.850000381469727,29.06999969482422,2386901
2024-10-03 11:30:00,29.109899520874023,29.15999984741211,28.97010040283203,29.149900436401367,1579572
2024-10-03 12:30:00,29.13999938964844,29.3700008392334,29.12470054626465,29.309999465942383,2797139
2024-10-03 13:30:00,29.309999465942383,29.3700008392334,29.19499969482422,29.28689956665039,1511273
2024-10-03 14:30:00,29.280000686645508,29.315000534057617,29.25,29.274999618530273,1386689
2024-10-03 15:30:00,29.270000457763672,29.28890037536621,29.209999084472656,29.219999313354492,2067937
2024-10-03 16:00:00,29.23,29.26,29.2,29.205,0
2024-10-03 17:00:00,29.205,29.28,29.2,29.24,0
2024-10-03 18:00:00,29.21,29.26,29.1901,29.22,0
2024-10-03 19:00:00,29.2,29.24,29.1803,29.23,0
2024-10-04 04:00:00,29.26,29.28,29.2,29.21,0
2024-10-04 05:00:00,29.2,29.23,29.16,29.19,0
2024-10-04 06:00:00,29.19,29.26,29.18,29.25,0
2024-10-04 07:00:00,29.25,29.32,29.21,29.29,0
2024-10-04 08:00:00,29.3,29.44,29.17,29.18,0
2024-10-04 09:00:00,29.17,29.18,28.73,29.1695,0
2024-10-04 09:30:00,29.229999542236328,29.23509979248047,28.979999542236328,29.045000076293945,6340824
2024-10-04 10:30:00,29.020000457763672,30.06999969482422,28.979999542236328,29.575000762939453,16069495
2024-10-04 11:30:00,29.56999969482422,29.670000076293945,29.354999542236328,29.530000686645508,7725896
2024-10-04 12:30:00,29.530000686645508,29.540000915527344,29.25,29.34510040283203,3272723
2024-10-04 13:30:00,29.34000015258789,29.405000686645508,29.219999313354492,29.350000381469727,1647174
2024-10-04 14:30:00,29.350000381469727,29.38999938964844,29.280099868774418,29.381500244140625,1821546
2024-10-04 15:30:00,29.380599975585938,29.399999618530273,29.34000015258789,29.363000869750977,1435772
2024-10-04 16:00:00,29.36,29.38,29.33,29.37,0
2024-10-04 17:00:00,29.3699,29.4,29.35,29.4,0
2024-10-04 18:00:00,29.4,29.46,29.37,29.41,0
2024-10-04 19:00:00,29.41,29.41,28.97,29.3599,0
2024-10-07 04:00:00,29.2,29.24,29.14,29.14,0
2024-10-07 05:00:00,29.14,29.18,29.07,29.07,0
2024-10-07 06:00:00,29.07,29.19,29.07,29.12,0
2024-10-07 07:00:00,29.14,29.19,29.05,29.15,0
2024-10-07 08:00:00,29.16,29.31,28.95,28.96,0
2024-10-07 09:00:00,28.95,29.36,28.65,28.94,0
2024-10-07 09:30:00,29.010000228881836,29.079999923706055,28.871299743652344,28.959999084472656,5973139
2024-10-07 10:30:00,28.9685001373291,28.989999771118164,28.704999923706055,28.8799991607666,6548984
2024-10-07 11:30:00,28.8799991607666,28.975099563598633,28.854900360107425,28.936500549316406,1864454
2024-10-07 12:30:00,28.940000534057617,29.035999298095703,28.93400001525879,28.969999313354492,1488837
2024-10-07 13:30:00,28.959999084472656,29.010000228881836,28.93000030517578,28.940000534057617,855118
2024-10-07 14:30:00,28.940000534057617,28.959999084472656,28.850000381469727,28.915000915527344,1817140
2024-10-07 15:30:00,28.915000915527344,28.94989967346191,28.891000747680664,28.93000030517578,1694197
2024-10-07 16:00:00,28.93,28.93,28.9,28.9,0
2024-10-07 17:00:00,28.91,28.93,28.89,28.9037,0
2024-10-07 18:00:00,28.91,28.92,28.84,28.85,0
2024-10-07 19:00:00,28.8498,28.89,28.84,28.87,0
2024-10-08 04:00:00,28.37,28.68,28.28,28.39,0
2024-10-08 05:00:00,28.4,28.5,28.39,28.48,0
2024-10-08 06:00:00,28.48,28.53,28.45,28.46,0
2024-10-08 07:00:00,28.45,28.63,28.44,28.58,0
2024-10-08 08:00:00,28.6,28.76,28.3088,28.58,0
2024-10-08 09:00:00,28.59,28.59,28.3,28.42,0
2024-10-08 09:30:00,28.40999984741211,28.530000686645508,27.854999542236328,27.899999618530273,9173342
2024-10-08 10:30:00,27.88999938964844,27.959999084472656,27.565000534057617,27.579999923706055,9234583
2024-10-08 11:30:00,27.579999923706055,27.7549991607666,27.469999313354492,27.655000686645508,5525677
2024-10-08 12:30:00,27.65999984741211,27.739999771118164,27.559999465942383,27.700000762939453,3596204
2024-10-08 13:30:00,27.69499969482422,27.790000915527344,27.65999984741211,27.774999618530273,1991498
2024-10-08 14:30:00,27.774999618530273,27.829999923706055,27.75,27.774999618530273,2458361
2024-10-08 15:30:00,27.780000686645508,28.030000686645508,27.780000686645508,27.989999771118164,5522046
2024-10-08 16:00:00,28.01,28.01,27.94,27.98,0
2024-10-08 17:00:00,27.98,28.01,27.95,27.98,0
2024-10-08 18:00:00,27.97,29.01,27.94,28.02,0
2024-10-08 19:00:00,28.0,28.02,27.95,27.99,0
2024-10-09 04:00:00,27.84,28.04,27.8,27.86,0
2024-10-09 05:00:00,27.88,27.98,27.87,27.98,0
2024-10-09 06:00:00,27.97,27.99,27.94,27.95,0
2024-10-09 07:00:00,27.95,28.06,27.93,28.06,0
2024-10-09 08:00:00,28.05,28.07,27.78,27.93,0
2024-10-09 09:00:00,27.95,28.01,27.76,27.77,0
2024-10-09 09:30:00,27.6200008392334,27.81999969482422,27.559999465942383,27.715099334716797,5148000
2024-10-09 10:30:00,27.725000381469727,27.989900588989254,27.6299991607666,27.88999938964844,3290470
2024-10-09 11:30:00,27.88999938964844,27.956985473632812,27.770000457763672,27.770000457763672,4117643
2024-10-09 12:30:00,27.770000457763672,27.789899826049805,27.690000534057617,27.739999771118164,2434686
2024-10-09 13:30:00,27.739999771118164,27.83989906311035,27.709999084472656,27.77989959716797,1575004
2024-10-09 14:30:00,27.770200729370117,27.809999465942383,27.73500061035156,27.77716064453125,1608799
2024-10-09 15:30:00,27.780000686645508,27.86000061035156,27.780000686645508,27.854999542236328,1445362
2024-10-09 16:00:00,27.86,27.86,27.79,27.8,0
2024-10-09 17:00:00,27.8,27.82,27.8,27.81,0
2024-10-09 18:00:00,27.81,27.81,27.76,27.79,0
2024-10-09 19:00:00,27.79,27.81,27.7615,27.81,0
2024-10-10 04:00:00,27.87,27.87,27.81,27.84,0
2024-10-10 05:00:00,27.83,27.91,27.8,27.9,0
2024-10-10 06:00:00,27.9,27.95,27.9,27.92,0
2024-10-10 07:00:00,27.92,27.979,27.89,27.9,0
2024-10-10 08:00:00,27.89,27.9797,27.77,27.87,0
2024-10-10 09:00:00,27.83,28.09,27.74,27.96,0
2024-10-10 09:30:00,27.969999313354492,28.299999237060547,27.920000076293945,28.18000030517578,6526107
2024-10-10 10:30:00,28.18000030517578,28.19499969482422,28.040000915527344,28.135000228881836,2319910
2024-10-10 11:30:00,28.1299991607666,28.43000030517578,28.053600311279297,28.350099563598633,2522731
2024-10-10 12:30:00,28.36000061035156,28.43000030517578,28.18000030517578,28.280000686645508,1405724
2024-10-10 13:30:00,28.280000686645508,28.350000381469727,28.250099182128903,28.31410026550293,877605
2024-10-10 14:30:00,28.309999465942383,28.399999618530273,28.295000076293945,28.387300491333008,1620215
2024-10-10 15:30:00,28.385000228881836,28.43000030517578,28.3700008392334,28.3799991607666,2180681
2024-10-10 16:00:00,28.37856,28.42,28.37,28.41,0
2024-10-10 17:00:00,28.41,28.41,28.39,28.39,0
2024-10-10 18:00:00,28.409,28.41,28.3205,28.36,0
2024-10-10 19:00:00,28.37,28.42,28.36,28.38,0
2024-10-11 04:00:00,28.42,28.47,28.41,28.45,0
2024-10-11 05:00:00,28.45,28.46,28.38,28.38,0
2024-10-11 06:00:00,28.41,28.43,28.37,28.4,0
2024-10-11 07:00:00,28.41,28.47,28.41,28.41,0
2024-10-11 08:00:00,28.41,28.61,28.33,28.5692,0
2024-10-11 09:00:00,28.54,28.69,28.46,28.65,0
2024-10-11 09:30:00,28.600000381469727,28.799999237060547,28.59000015258789,28.780000686645508,3970855
2024-10-11 10:30:00,28.781400680541992,28.815000534057617,28.68000030517578,28.796411514282227,2179855
2024-10-11 11:30:00,28.80500030517578,28.829999923706055,28.725000381469727,28.809999465942383,1117850
2024-10-11 12:30:00,28.815000534057617,28.844999313354492,28.730100631713867,28.755199432373047,1151463
2024-10-11 13:30:00,28.760000228881836,28.80500030517578,28.709999084472656,28.73500061035156,1180699
2024-10-11 14:30:00,28.729999542236328,28.8700008392334,28.690000534057617,28.813499450683594,5079008
2024-10-11 15:30:00,28.809999465942383,28.809999465942383,28.760000228881836,28.795000076293945,1736641
2024-10-11 16:00:00,28.8,28.8,28.7495,28.76,0
2024-10-11 17:00:00,28.76,28.79,28.76,28.7615,0
2024-10-11 18:00:00,28.7615,28.79,28.76,28.76,0
2024-10-11 19:00:00,28.7601,28.79,28.76,28.79,0
2024-10-14 04:00:00,28.72,28.75,28.68,28.7,0
2024-10-14 05:00:00,28.69,28.72,28.68,28.71,0
2024-10-14 06:00:00,28.68,28.68,28.57,28.59,0
2024-10-14 07:00:00,28.58,28.61,28.42,28.42,0
2024-10-14 08:00:00,28.43,28.76,28.38,28.4799,0
2024-10-14 09:00:00,28.48,28.52,28.37,28.39,0
2024-10-14 09:30:00,28.469999313354492,28.7549991607666,28.423999786376953,28.540000915527344,3648332
2024-10-14 10:30:00,28.540000915527344,28.56999969482422,28.295000076293945,28.309999465942383,2256210
2024-10-14 11:30:00,28.309999465942383,28.424999237060547,28.309999465942383,28.38999938964844,1403302
2024-10-14 12:30:00,28.399999618530273,28.469999313354492,28.36000061035156,28.38999938964844,860280
2024-10-14 13:30:00,28.385000228881836,28.489999771118164,28.3799991607666,28.475000381469727,977612
2024-10-14 14:30:00,28.469999313354492,28.51499938964844,28.399999618530273,28.454999923706055,2018192
2024-10-14 15:30:00,28.450000762939453,28.540000915527344,28.43000030517578,28.53499984741211,1964129
2024-10-14 16:00:00,28.54,28.56,28.4305,28.46,0
2024-10-14 17:00:00,28.46,28.5081,28.45,28.5,0
2024-10-14 18:00:00,28.48,28.53,28.4671,28.51,0
2024-10-14 19:00:00,28.52,28.54,28.49,28.49,0
2024-10-15 04:00:00,28.41,28.41,28.33,28.36,0
2024-10-15 05:00:00,28.36,28.46,28.36,28.4,0
2024-10-15 06:00:00,28.4,28.44,28.39,28.44,0
2024-10-15 07:00:00,28.44,28.46,28.39,28.39,0
2024-10-15 08:00:00,28.41,28.54,28.09,28.5,0
2024-10-15 09:00:00,28.5,28.53,28.18,28.4,0
2024-10-15 09:30:00,28.520000457763672,28.899999618530273,28.420000076293945,28.77779960632324,4782957
2024-10-15 10:30:00,28.770000457763672,28.879899978637695,28.649999618530273,28.760000228881836,4753010
2024-10-15 11:30:00,28.760000228881836,28.86000061035156,28.682100296020508,28.799999237060547,2061452
2024-10-15 12:30:00,28.809999465942383,28.864999771118164,28.709999084472656,28.7549991607666,1334429
2024-10-15 13:30:00,28.75,28.815099716186523,28.729999542236328,28.78499984741211,760599
2024-10-15 14:30:00,28.785999298095703,28.81999969482422,28.712099075317383,28.791099548339844,1285343
2024-10-15 15:30:00,28.790000915527344,28.790000915527344,28.690000534057617,28.719999313354492,1548908
2024-10-15 16:00:00,28.71,28.73,28.7,28.7299,0
2024-10-15 17:00:00,28.7205,28.75,28.7,28.72,0
2024-10-15 18:00:00,28.72,28.73,28.7,28.71,0
2024-10-15 19:00:00,28.71,28.75,28.7,28.7,0
2024-10-16 04:00:00,28.81,29.01,28.81,29.01,0
2024-10-16 05:00:00,29.01,29.08,29.0,29.05,0
2024-10-16 06:00:00,29.05,29.12,29.05,29.05,0
2024-10-16 07:00:00,29.05,29.06,28.98,29.05,0
2024-10-16 08:00:00,29.05,29.1112,28.78,29.095,0
2024-10-16 09:00:00,29.1,29.18,29.01,29.11,0
2024-10-16 09:30:00,29.1200008392334,29.350000381469727,29.079999923706055,29.229999542236328,6898783
2024-10-16 10:30:00,29.229999542236328,29.295000076293945,28.829999923706055,29.0049991607666,5081068
2024-10-16 11:30:00,28.9950008392334,29.0,28.770000457763672,28.854999542236328,1548730
2024-10-16 12:30:00,28.850000381469727,29.0,28.83930015563965,28.959999084472656,1157208
2024-10-16 13:30:00,28.954999923706055,28.989999771118164,28.940000534057617,28.950000762939453,597369
2024-10-16 14:30:00,28.940099716186523,28.98509979248047,28.90999984741211,28.93000030517578,765386
2024-10-16 15:30:00,28.93000030517578,28.959999084472656,28.899999618530273,28.920000076293945,1398393
2024-10-16 16:00:00,28.91,29.0522,28.87,28.89,0
2024-10-16 17:00:00,28.89,28.92,28.87,28.89,0
2024-10-16 18:00:00,28.89,28.92,28.88,28.9101,0
2024-10-16 19:00:00,28.9101,28.93,28.9,28.92,0
2024-10-17 04:00:00,28.8,28.82,28.76,28.82,0
2024-10-17 05:00:00,28.83,28.84,28.76,28.76,0
2024-10-17 06:00:00,28.76,28.93,28.76,28.93,0
2024-10-17 07:00:00,28.93,29.06,28.92,29.04,0
2024-10-17 08:00:00,29.05,29.07,28.63,28.99,0
2024-10-17 09:00:00,28.97,28.97,28.72,28.89,0
2024-10-17 09:30:00,28.920000076293945,29.030000686645508,28.750099182128903,28.8799991607666,4583430
2024-10-17 10:30:00,28.8799991607666,29.19499969482422,28.809999465942383,28.940000534057617,4275892
2024-10-17 11:30:00,28.93000030517578,28.989900588989254,28.739999771118164,28.75,1708065
2024-10-17 12:30:00,28.75,28.875,28.549999237060547,28.79990005493164,1899985
2024-10-17 13:30:00,28.795000076293945,28.899999618530273,28.75,28.895000457763672,841235
2024-10-17 14:30:00,28.88010025024414,28.899999618530273,28.825000762939453,28.899999618530273,601559
2024-10-17 15:30:00,28.88999938964844,28.90999984741211,28.864999771118164,28.88999938964844,1165055
2024-10-17 16:00:00,28.89,28.91,28.87,28.9,0
2024-10-17 17:00:00,28.9,28.91,28.87,28.91,0
2024-10-17 18:00:00,28.91,28.92,28.88,28.9,0
2024-10-17 19:00:00,28.91,28.98,28.89,28.97,0
2024-10-18 04:00:00,29.18,29.22,29.07,29.16,0
2024-10-18 05:00:00,29.16,29.28,29.12,29.28,0
2024-10-18 06:00:00,29.27,29.3,29.22,29.29,0
2024-10-18 07:00:00,29.3,29.33,29.22,29.22,0
2024-10-18 08:00:00,29.22,29.45,29.01,29.45,0
2024-10-18 09:00:00,29.44,29.54,28.89,29.44,0
2024-10-18 09:30:00,29.469999313354492,29.73500061035156,29.41900062561035,29.645000457763672,7992251
2024-10-18 10:30:00,29.63999938964844,29.7450008392334,29.520099639892575,29.719999313354492,4535596
2024-10-18 11:30:00,29.719999313354492,29.90999984741211,29.690000534057617,29.895000457763672,3729143
2024-10-18 12:30:00,29.895000457763672,30.218700408935547,29.84000015258789,30.145000457763672,6613264
2024-10-18 13:30:00,30.145000457763672,30.440000534057617,30.079999923706055,30.424999237060547,5862678
2024-10-18 14:30:00,30.43000030517578,30.709999084472656,30.3799991607666,30.704999923706055,6767791
2024-10-18 15:30:00,30.700000762939453,30.719999313354492,30.579999923706055,30.649999618530273,8238416
2024-10-18 16:00:00,30.64,30.79,30.64,30.73,0
2024-10-18 17:00:00,30.745,30.8,30.73,30.77,0
2024-10-18 18:00:00,30.76,30.77,30.75,30.77,0
2024-10-18 19:00:00,30.75,30.78,30.73,30.78,0
2024-10-21 04:00:00,31.03,31.08,30.95,31.06,0
2024-10-21 05:00:00,31.05,31.07,30.98,31.02,0
2024-10-21 06:00:00,31.0,31.08,30.86,30.98,0
2024-10-21 07:00:00,30.97,31.07,30.32,31.05,0
2024-10-21 08:00:00,31.05,31.11,30.85,31.02,0
2024-10-21 09:00:00,31.02,31.25,31.01,31.17,0
2024-10-21 09:30:00,31.1299991607666,31.229999542236328,30.844999313354492,30.90999984741211,13995891
2024-10-21 10:30:00,30.90999984741211,30.950000762939453,30.51070022583008,30.665000915527344,9392245
2024-10-21 11:30:00,30.670000076293945,30.809999465942383,30.655000686645508,30.78499984741211,2649978
2024-10-21 12:30:00,30.788999557495117,30.920000076293945,30.78070068359375,30.895000457763672,2495332
2024-10-21 13:30:00,30.899999618530273,30.905000686645508,30.770000457763672,30.81999969482422,2318117
2024-10-21 14:30:00,30.819000244140625,30.829999923706055,30.6200008392334,30.780000686645508,3005663
2024-10-21 15:30:00,30.770000457763672,30.8700008392334,30.739999771118164,30.844999313354492,2353417
2024-10-21 16:00:00,30.85,30.87,30.805,30.81,0
2024-10-21 17:00:00,30.82,30.85,30.81,30.82,0
2024-10-21 18:00:00,30.81,30.87,30.81,30.86,0
2024-10-21 19:00:00,30.8591,30.91,30.84,30.88,0
2024-10-22 04:00:00,31.02,31.22,31.02,31.2,0
2024-10-22 05:00:00,31.2,31.23,31.17,31.18,0
2024-10-22 06:00:00,31.18,31.27,31.12,31.23,0
2024-10-22 07:00:00,31.23,31.46,31.23,31.34,0
2024-10-22 08:00:00,31.38,31.47,30.97,31.45,0
2024-10-22 09:00:00,31.45,31.53,31.155,31.3797,0
2024-10-22 09:30:00,31.399999618530273,31.59000015258789,31.239999771118164,31.3700008392334,10616016
2024-10-22 10:30:00,31.3700008392334,31.6200008392334,31.3700008392334,31.61000061035156,5476268
2024-10-22 11:30:00,31.604999542236328,31.700000762939453,31.469999313354492,31.680700302124023,3714859
2024-10-22 12:30:00,31.68000030517578,31.790000915527344,31.63999938964844,31.729999542236328,4016603
2024-10-22 13:30:00,31.739999771118164,31.799999237060547,31.670000076293945,31.684999465942383,3858151
2024-10-22 14:30:00,31.684999465942383,31.709999084472656,31.604999542236328,31.68000030517578,2984349
2024-10-22 15:30:00,31.670000076293945,31.760000228881836,31.6299991607666,31.73500061035156,5074221
2024-10-22 16:00:00,31.74,31.79,31.72,31.78,0
2024-10-22 17:00:00,31.79,31.83,31.79,31.82,0
2024-10-22 18:00:00,31.81,31.81,31.71,31.73,0
2024-10-22 19:00:00,31.72,31.75,31.65,31.67,0
2024-10-23 04:00:00,31.6,31.65,31.6,31.63,0
2024-10-23 05:00:00,31.63,31.66,31.57,31.58,0
2024-10-23 06:00:00,31.59,31.59,31.47,31.57,0
2024-10-23 07:00:00,31.57,31.579,31.46,31.53,0
2024-10-23 08:00:00,31.53,31.76,31.34,31.37,0
2024-10-23 09:00:00,31.39,31.74,31.06,31.09,0
2024-10-23 09:30:00,31.100000381469727,31.11000061035156,30.6117000579834,30.69499969482422,13357017
2024-10-23 10:30:00,30.700000762939453,30.78499984741211,30.480100631713867,30.609899520874023,7858232
2024-10-23 11:30:00,30.604999542236328,30.84000015258789,30.604999542236328,30.724199295043945,4130697
2024-10-23 12:30:00,30.729999542236328,30.81999969482422,30.6299991607666,30.68000030517578,2634895
2024-10-23 13:30:00,30.690000534057617,30.700000762939453,30.520000457763672,30.559999465942383,2065478
2024-10-23 14:30:00,30.56999969482422,30.689800262451172,30.565000534057617,30.635000228881836,3280836
2024-10-23 15:30:00,30.635000228881836,30.729999542236328,30.620100021362305,30.700000762939453,2908938
2024-10-23 16:00:00,30.7,31.4533,30.6699,30.73,0
2024-10-23 17:00:00,30.74,30.75,30.73,30.7492,0
2024-10-23 18:00:00,30.74,30.78,30.68,30.77,0
2024-10-23 19:00:00,30.78,30.8845,30.77,30.8201,0
2024-10-24 04:00:00,30.9,31.24,30.9,31.23,0
2024-10-24 05:00:00,31.23,31.25,31.18,31.24,0
2024-10-24 06:00:00,31.24,31.27,31.2,31.2,0
2024-10-24 07:00:00,31.21,31.24,31.03,31.06,0
2024-10-24 08:00:00,31.07,31.23,30.87,31.0415,0
2024-10-24 09:00:00,31.03,31.1,30.88,31.06,0
2024-10-24 09:30:00,31.190000534057617,31.229999542236328,30.579999923706055,30.6200008392334,9039191
2024-10-24 10:30:00,30.6200008392334,30.7450008392334,30.52400016784668,30.674999237060547,4392009
2024-10-24 11:30:00,30.670000076293945,30.69989967346191,30.295000076293945,30.43600082397461,5463550
2024-10-24 12:30:00,30.43000030517578,30.700000762939453,30.420000076293945,30.684999465942383,2468745
2024-10-24 13:30:00,30.68000030517578,30.72010040283203,30.6200008392334,30.719999313354492,2265878
2024-10-24 14:30:00,30.709999084472656,30.709999084472656,30.6299991607666,30.674999237060547,1261713
2024-10-24 15:30:00,30.674999237060547,30.725000381469727,30.649999618530273,30.670000076293945,2257707
2024-10-24 16:00:00,30.69,30.71,30.66,30.7001,0
2024-10-24 17:00:00,30.7001,30.72,30.69,30.715,0
2024-10-24 18:00:00,30.71,30.71,30.63,30.6798,0
2024-10-24 19:00:00,30.68,30.71,30.67,30.7,0
2024-10-25 04:00:00,30.48,30.48,30.35,30.39,0
2024-10-25 05:00:00,30.38,30.39,30.22,30.26,0
2024-10-25 06:00:00,30.29,30.29,30.17,30.18,0
2024-10-25 07:00:00,30.2,30.37,30.2,30.36,0
2024-10-25 08:00:00,30.37,30.61,30.19,30.39,0
2024-10-25 09:00:00,30.37,30.58,30.36,30.5,0
2024-10-25 09:30:00,30.579999923706055,30.969999313354492,30.47010040283203,30.78380012512207,6385849
2024-10-25 10:30:00,30.780000686645508,31.020000457763672,30.780000686645508,31.0,2700840
2024-10-25 11:30:00,31.0,31.020000457763672,30.684999465942383,30.71820068359375,2522890
2024-10-25 12:30:00,30.71500015258789,30.75,30.559999465942383,30.659799575805664,3492252
2024-10-25 13:30:00,30.658100128173828,30.729999542236328,30.61000061035156,30.690000534057617,1311344
2024-10-25 14:30:00,30.69499969482422,30.700000762939453,30.600099563598633,30.649900436401367,1039250
2024-10-25 15:30:00,30.64940071105957,30.690000534057617,30.59000015258789,30.6299991607666,1597290
2024-10-25 16:00:00,30.63,30.74,30.62,30.73,0
2024-10-25 17:00:00,30.73,30.74,30.72,30.74,0
2024-10-25 18:00:00,30.74,30.74,30.69,30.73,0
2024-10-25 19:00:00,30.73,31.0,30.69,30.95,0
2024-10-28 04:00:00,30.64,30.9,30.57,30.61,0
2024-10-28 05:00:00,30.62,30.62,30.4,30.4,0
2024-10-28 06:00:00,30.4,30.45,30.37,30.44,0
2024-10-28 07:00:00,30.44,30.5,30.43,30.45,0
2024-10-28 08:00:00,30.45,30.8488,30.2312,30.5,0
2024-10-28 09:00:00,30.49,30.72,30.45,30.66,0
2024-10-28 09:30:00,30.709999084472656,30.8799991607666,30.63999938964844,30.729999542236328,5187436
2024-10-28 10:30:00,30.729999542236328,30.989999771118164,30.704999923706055,30.864999771118164,3127274
2024-10-28 11:30:00,30.8700008392334,30.8799991607666,30.670000076293945,30.856700897216797,2152586
2024-10-28 12:30:00,30.85930061340332,30.8799991607666,30.7549991607666,30.81999969482422,1179766
2024-10-28 13:30:00,30.829999923706055,30.849899291992188,30.614999771118164,30.640300750732425,1027482
2024-10-28 14:30:00,30.649999618530273,30.760000228881836,30.63999938964844,30.729999542236328,1371320
2024-10-28 15:30:00,30.73500061035156,30.75,30.709999084472656,30.729999542236328,1391207
2024-10-28 16:00:00,30.73,30.73,30.7,30.71,0
2024-10-28 17:00:00,30.7,30.75,30.7,30.725,0
2024-10-28 18:00:00,30.72,30.72,30.65,30.65,0
2024-10-28 19:00:00,30.68,30.76,30.655,30.74,0
2024-10-29 04:00:00,30.96,30.96,30.81,30.91,0
2024-10-29 05:00:00,30.93,31.18,30.93,31.16,0
2024-10-29 06:00:00,31.16,31.16,31.04,31.05,0
2024-10-29 07:00:00,31.07,31.15,31.05,31.05,0
2024-10-29 08:00:00,31.06,31.1712,30.79,31.15,0
2024-10-29 09:00:00,31.15,31.27,31.0,31.25,0
2024-10-29 09:30:00,31.170000076293945,31.510000228881836,31.09000015258789,31.420000076293945,6830127
2024-10-29 10:30:00,31.420000076293945,31.475000381469727,31.05500030517578,31.07010078430176,5105661
2024-10-29 11:30:00,31.06999969482422,31.309999465942383,31.059999465942383,31.25,2629826
2024-10-29 12:30:00,31.25,31.31999969482422,31.145000457763672,31.249900817871097,2069726
2024-10-29 13:30:00,31.25,31.36000061035156,31.25,31.350000381469727,1631837
2024-10-29 14:30:00,31.350000381469727,31.440000534057617,31.34480094909668,31.409900665283203,1640760
2024-10-29 15:30:00,31.399999618530273,31.440000534057617,31.3799991607666,31.395000457763672,2041965
2024-10-29 16:00:00,31.39,31.43,31.39,31.42,0
2024-10-29 17:00:00,31.4198,31.4498,31.39,31.43,0
2024-10-29 18:00:00,31.43,31.44,31.38,31.43,0
2024-10-29 19:00:00,31.43,31.4496,31.4,31.44,0
2024-10-30 04:00:00,31.14,31.28,31.11,31.2,0
2024-10-30 05:00:00,31.21,31.22,31.1,31.16,0
2024-10-30 06:00:00,31.19,31.26,31.19,31.24,0
2024-10-30 07:00:00,31.23,31.23,31.03,31.11,0
2024-10-30 08:00:00,31.12,31.32,30.96,31.07,0
2024-10-30 09:00:00,31.09,31.19,31.01,31.06,0
2024-10-30 09:30:00,30.739999771118164,30.899999618530273,30.454599380493164,30.799999237060547,7734636
2024-10-30 10:30:00,30.79199981689453,30.88999938964844,30.6200008392334,30.829999923706055,3261790
2024-10-30 11:30:00,30.829999923706055,30.969999313354492,30.81999969482422,30.86000061035156,2259485
2024-10-30 12:30:00,30.86000061035156,30.93000030517578,30.81999969482422,30.90999984741211,1417789
2024-10-30 13:30:00,30.90999984741211,30.975000381469727,30.850000381469727,30.93000030517578,1449778
2024-10-30 14:30:00,30.924999237060547,30.954999923706055,30.790000915527344,30.844999313354492,1907712
2024-10-30 15:30:00,30.844999313354492,30.850000381469727,30.790000915527344,30.799999237060547,2095794
2024-10-30 16:00:00,30.8,30.81,30.72,30.79,0
2024-10-30 17:00:00,30.7999,30.82,30.79,30.81,0
2024-10-30 18:00:00,30.8,30.8,30.72,30.7701,0
2024-10-30 19:00:00,30.78,30.81,30.76,30.76,0
2024-10-31 04:00:00,30.73,30.74,30.57,30.57,0
2024-10-31 05:00:00,30.58,30.62,30.51,30.62,0
2024-10-31 06:00:00,30.62,30.69,30.51,30.52,0
2024-10-31 07:00:00,30.52,30.57,30.48,30.54,0
2024-10-31 08:00:00,30.54,30.77,30.4988,30.5702,0
2024-10-31 09:00:00,30.6,30.81,30.26,30.39,0
2024-10-31 09:30:00,30.34000015258789,30.36000061035156,29.780000686645508,29.850000381469727,10069624
2024-10-31 10:30:00,29.84000015258789,29.88999938964844,29.6200008392334,29.760000228881836,7598244
2024-10-31 11:30:00,29.7450008392334,29.815000534057617,29.670000076293945,29.790000915527344,3289300
2024-10-31 12:30:00,29.780000686645508,29.799999237060547,29.68000030517578,29.7549991607666,2992136
2024-10-31 13:30:00,29.760000228881836,29.809999465942383,29.7450008392334,29.780000686645508,1452991
2024-10-31 14:30:00,29.790000915527344,29.93000030517578,29.770000457763672,29.82392311096191,4486400
2024-10-31 15:30:00,29.826900482177734,29.850000381469727,29.780000686645508,29.799999237060547,2409986
2024-10-31 16:00:00,29.79,29.82,29.7501,29.77,0
2024-10-31 17:00:00,29.77,29.81,29.76,29.7897,0
2024-10-31 18:00:00,29.77,29.8,29.7502,29.78,0
2024-10-31 19:00:00,29.79,29.81,29.76,29.7617,0
2024-11-01 04:00:00,29.8,29.95,29.78,29.95,0
2024-11-01 05:00:00,29.94,29.98,29.92,29.96,0
2024-11-01 06:00:00,29.94,29.95,29.89,29.89,0
2024-11-01 07:00:00,29.89,29.97,29.85,29.94,0
2024-11-01 08:00:00,29.93,29.9964,29.69,29.89,0
2024-11-01 09:00:00,29.91,30.17,29.88,30.1501,0
2024-11-01 09:30:00,30.059999465942383,30.184999465942383,29.769699096679688,29.885000228881836,8088053
2024-11-01 10:30:00,29.88999938964844,29.920000076293945,29.600000381469727,29.91990089416504,4870499
2024-11-01 11:30:00,29.915000915527344,29.920000076293945,29.684999465942383,29.709999084472656,1482159
2024-11-01 12:30:00,29.73500061035156,29.76499938964844,29.63999938964844,29.674999237060547,1331709
2024-11-01 13:30:00,29.674999237060547,29.674999237060547,29.489999771118164,29.56999969482422,2365629
2024-11-01 14:30:00,29.565000534057617,29.600000381469727,29.5,29.510000228881836,1531690
2024-11-01 15:30:00,29.510000228881836,29.540000915527344,29.475000381469727,29.530000686645508,1791653
2024-11-01 16:00:00,29.525,29.7887,29.52,29.59,0
2024-11-01 17:00:00,29.59,29.61,29.54,29.54,0
2024-11-01 18:00:00,29.61,29.62,29.56,29.58,0
2024-11-01 19:00:00,29.58,29.62,29.56,29.62,0
2024-11-04 04:00:00,29.78,29.89,29.73,29.89,0
2024-11-04 05:00:00,29.9,29.94,29.86,29.86,0
2024-11-04 06:00:00,29.87,29.9,29.82,29.83,0
2024-11-04 07:00:00,29.86,29.97,29.85,29.9,0
2024-11-04 08:00:00,29.9,29.97,29.7,29.7407,0
2024-11-04 09:00:00,29.7407,29.95,29.54,29.89,0
2024-11-04 09:30:00,29.799999237060547,29.885000228881836,29.63999938964844,29.65999984741211,5063452
2024-11-04 10:30:00,29.652999877929688,29.7549991607666,29.56999969482422,29.625,2411109
2024-11-04 11:30:00,29.6200008392334,29.6299991607666,29.43000030517578,29.559799194335938,1969090
2024-11-04 12:30:00,29.559799194335938,29.649999618530273,29.559799194335938,29.596399307250977,807066
2024-11-04 13:30:00,29.59000015258789,29.670000076293945,29.59000015258789,29.59000015258789,625898
2024-11-04 14:30:00,29.59000015258789,29.65999984741211,29.584999084472656,29.65999984741211,882009
2024-11-04 15:30:00,29.649999618530273,29.65999984741211,29.600000381469727,29.628999710083008,852236
2024-11-04 16:00:00,29.63,29.6568,29.58,29.58,0
2024-11-04 17:00:00,29.58,29.63,29.58,29.59,0
2024-11-04 18:00:00,29.59,29.629,29.51,29.5492,0
2024-11-05 04:00:00,29.58,29.79,29.58,29.76,0
2024-11-05 05:00:00,29.77,29.77,29.68,29.72,0
2024-11-05 06:00:00,29.73,29.79,29.73,29.78,0
2024-11-05 07:00:00,29.78,29.78,29.71,29.72,0
2024-11-05 08:00:00,29.72,29.87,29.55,29.86,0
2024-11-05 09:00:00,29.87,29.94,29.63,29.9,0
2024-11-05 09:30:00,29.950000762939453,30.01499938964844,29.76499938964844,29.770000457763672,3500694
2024-11-05 10:30:00,29.770099639892575,29.90999984741211,29.719999313354492,29.771299362182617,2203375
2024-11-05 11:30:00,29.780000686645508,29.86520004272461,29.700000762939453,29.805099487304688,2078383
2024-11-05 12:30:00,29.80109977722168,29.819900512695312,29.7450008392334,29.76499938964844,1233296
2024-11-05 13:30:00,29.768999099731445,29.774999618530273,29.701000213623047,29.73500061035156,822234
2024-11-05 14:30:00,29.73500061035156,29.780000686645508,29.709999084472656,29.712499618530273,736183
2024-11-05 15:30:00,29.709999084472656,29.760000228881836,29.69129943847656,29.75,1321818
2024-11-05 16:00:00,29.75,29.8,29.75,29.77,0
2024-11-05 17:00:00,29.76,29.8,29.7464,29.8,0
2024-11-05 18:00:00,29.77,29.82,29.755,29.81,0
2024-11-06 04:00:00,29.46,29.51,29.34,29.41,0
2024-11-06 05:00:00,29.43,29.47,29.29,29.44,0
2024-11-06 06:00:00,29.4,29.41,29.16,29.17,0
2024-11-06 07:00:00,29.16,29.19,28.91,29.0,0
2024-11-06 08:00:00,28.98,29.5,28.46,28.5101,0
2024-11-06 09:00:00,28.51,28.53,28.14,28.38,0
2024-11-06 09:30:00,28.190000534057617,28.549999237060547,28.104999542236328,28.545000076293945,15215359
2024-11-06 10:30:00,28.540000915527344,28.649900436401367,28.299999237060547,28.415000915527344,5762824
2024-11-06 11:30:00,28.420000076293945,28.475000381469727,28.330699920654297,28.420000076293945,2869958
2024-11-06 12:30:00,28.42020034790039,28.489900588989254,28.34000015258789,28.469999313354492,1780051
2024-11-06 13:30:00,28.46430015563965,28.528499603271484,28.40999984741211,28.475000381469727,1536172
2024-11-06 14:30:00,28.475000381469727,28.489999771118164,28.36000061035156,28.36000061035156,1495784
2024-11-06 15:30:00,28.364999771118164,28.479900360107425,28.31999969482422,28.44499969482422,3411280
2024-11-06 16:00:00,28.43,28.46,28.4,28.42,0
2024-11-06 17:00:00,28.43,28.45,28.4002,28.44,0
2024-11-06 18:00:00,28.44,28.45,28.38,28.405,0
2024-11-07 04:00:00,28.3,28.42,28.3,28.4,0
2024-11-07 05:00:00,28.4,28.41,28.33,28.36,0
2024-11-07 06:00:00,28.37,28.4,28.31,28.32,0
2024-11-07 07:00:00,28.31,28.42,28.28,28.4,0
2024-11-07 08:00:00,28.4,28.6799,28.2,28.65,0
2024-11-07 09:00:00,28.67,28.87,28.6,28.77,0
2024-11-07 09:30:00,28.92099952697754,29.040000915527344,28.825000762939453,29.020000457763672,5060628
2024-11-07 10:30:00,29.020000457763672,29.040199279785156,28.790000915527344,28.829999923706055,2880863
2024-11-07 11:30:00,28.825000762939453,28.959999084472656,28.825000762939453,28.94989967346191,1464084
2024-11-07 12:30:00,28.940099716186523,29.020000457763672,28.90999984741211,28.93000030517578,910456
2024-11-07 13:30:00,28.93000030517578,28.969999313354492,28.795000076293945,28.875,2191660
2024-11-07 14:30:00,28.875,29.290000915527344,28.799999237060547,29.26020050048828,5284894
2024-11-07 15:30:00,29.26499938964844,29.29990005493164,29.059999465942383,29.1200008392334,3097657
2024-11-07 16:00:00,29.11,29.23,29.11,29.19,0
2024-11-07 17:00:00,29.19,29.19,27.5408,29.18,0
2024-11-07 18:00:00,29.18,29.21,29.1699,29.18,0
2024-11-08 04:00:00,28.69,28.78,28.58,28.74,0
2024-11-08 05:00:00,28.75,28.75,28.62,28.65,0
2024-11-08 06:00:00,28.67,28.72,28.61,28.69,0
2024-11-08 07:00:00,28.675,28.78,28.61,28.64,0
2024-11-08 08:00:00,28.64,28.96,28.59,28.8697,0
2024-11-08 09:00:00,28.87,29.03,28.83,29.03,0
2024-11-08 09:30:00,28.969999313354492,29.020000457763672,28.579999923706055,28.65999984741211,5060627
2024-11-08 10:30:00,28.700000762939453,28.729900360107425,28.520000457763672,28.604999542236328,5041287
2024-11-08 11:30:00,28.61000061035156,28.65999984741211,28.479999542236328,28.559900283813477,2598819
2024-11-08 12:30:00,28.555099487304688,28.600000381469727,28.530000686645508,28.559999465942383,1340856
2024-11-08 13:30:00,28.56209945678711,28.56999969482422,28.43000030517578,28.459999084472656,1595886
2024-11-08 14:30:00,28.459999084472656,28.559999465942383,28.450000762939453,28.530000686645508,1727089
2024-11-08 15:30:00,28.524999618530273,28.540000915527344,28.479999542236328,28.48500061035156,2246588
2024-11-08 16:00:00,28.48,28.54,28.48,28.54,0
2024-11-08 17:00:00,28.5303,28.56,28.5,28.5,0
2024-11-08 18:00:00,28.54,28.55,28.4913,28.52,0
2024-11-11 04:00:00,28.6,28.6,28.48,28.48,0
2024-11-11 05:00:00,28.49,28.76,28.48,28.7,0
2024-11-11 06:00:00,28.7,28.7,28.52,28.59,0
2024-11-11 07:00:00,28.59,28.61,28.45,28.48,0
2024-11-11 08:00:00,28.47,28.7312,28.21,28.24,0
2024-11-11 09:00:00,28.27,28.28,27.88,28.01,0
2024-11-11 09:30:00,27.969999313354492,28.01499938964844,27.815000534057617,27.84000015258789,8304664
2024-11-11 10:30:00,27.84000015258789,27.84000015258789,27.719999313354492,27.78219985961914,4432942
2024-11-11 11:30:00,27.78499984741211,27.8799991607666,27.770000457763672,27.80010032653809,2523604
2024-11-11 12:30:00,27.80500030517578,27.885000228881836,27.799999237060547,27.845699310302734,2207576
2024-11-11 13:30:00,27.850000381469727,27.940000534057617,27.850000381469727,27.89800071716309,2173247
2024-11-11 14:30:00,27.892900466918945,27.969999313354492,27.88999938964844,27.954999923706055,2084234
2024-11-11 15:30:00,27.954999923706055,28.020000457763672,27.950000762939453,27.979999542236328,2177081
2024-11-11 16:00:00,27.97,28.02,27.96,27.96,0
2024-11-11 17:00:00,27.96,27.98,27.95,27.96,0
2024-11-11 18:00:00,27.96,28.0,27.91,27.99,0
2024-11-12 04:00:00,27.69,27.88,27.52,27.57,0
2024-11-12 05:00:00,27.57,27.65,27.56,27.62,0
2024-11-12 06:00:00,27.6,27.67,27.58,27.63,0
2024-11-12 07:00:00,27.65,27.78,27.59,27.75,0
2024-11-12 08:00:00,27.75,27.99,27.52,27.9303,0
2024-11-12 09:00:00,27.9397,28.04,27.8699,28.005,0
2024-11-12 09:30:00,28.0,28.059999465942383,27.88999938964844,27.89109992980957,4714179
2024-11-12 10:30:00,27.88999938964844,27.959999084472656,27.790000915527344,27.915000915527344,4313093
2024-11-12 11:30:00,27.915000915527344,27.950000762939453,27.799999237060547,27.825000762939453,2022756
2024-11-12 12:30:00,27.825000762939453,27.989999771118164,27.819900512695312,27.969999313354492,1640034
2024-11-12 13:30:00,27.96500015258789,28.030000686645508,27.90999984741211,28.0,1190527
2024-11-12 14:30:00,27.999900817871097,28.020000457763672,27.941499710083008,27.98500061035156,1031290
2024-11-12 15:30:00,27.979999542236328,28.088699340820312,27.954999923706055,28.059999465942383,1218583
2024-11-12 16:00:00,28.07,28.09,27.99,28.0,0
2024-11-12 17:00:00,28.01,28.03,27.99,28.02,0
2024-11-12 18:00:00,28.01,28.01,27.93,27.98,0
2024-11-13 04:00:00,28.23,28.23,28.13,28.22,0
2024-11-13 05:00:00,28.23,28.25,28.18,28.21,0
2024-11-13 06:00:00,28.19,28.22,28.16,28.17,0
2024-11-13 07:00:00,28.17,28.21,28.09,28.18,0
2024-11-13 08:00:00,28.18,28.24,28.08,28.11,0
2024-11-13 09:00:00,28.15,28.38,27.95,28.2899,0
2024-11-13 09:30:00,28.25,28.280000686645508,27.81999969482422,27.90999984741211,4171974
2024-11-13 10:30:00,27.90999984741211,28.06999969482422,27.900999069213867,27.986326217651367,2318260
2024-11-13 11:30:00,27.979999542236328,27.996000289916992,27.739900588989254,27.770000457763672,3210968
2024-11-13 12:30:00,27.780000686645508,27.895000457763672,27.770000457763672,27.829999923706055,1295206
2024-11-13 13:30:00,27.829999923706055,27.93000030517578,27.829999923706055,27.899999618530273,1282655
2024-11-13 14:30:00,27.899999618530273,27.90999984741211,27.65999984741211,27.674999237060547,1542411
2024-11-13 15:30:00,27.68000030517578,27.69499969482422,27.594999313354492,27.61000061035156,2295641
2024-11-13 16:00:00,27.61,27.68,27.61,27.62,0
2024-11-13 17:00:00,27.63,28.585,27.62,27.63,0
2024-11-13 18:00:00,27.62,27.67,27.5499,27.57,0
2024-11-14 04:00:00,27.25,27.62,27.15,27.17,0
2024-11-14 05:00:00,27.16,27.19,27.04,27.19,0
2024-11-14 06:00:00,27.19,27.23,27.13,27.14,0
2024-11-14 07:00:00,27.14,27.37,27.14,27.34,0
2024-11-14 08:00:00,27.34,27.5,27.08,27.45,0
2024-11-14 09:00:00,27.44,27.59,27.41,27.5,0
2024-11-14 09:30:00,27.59000015258789,27.760000228881836,27.510000228881836,27.73500061035156,5610248
2024-11-14 10:30:00,27.729999542236328,27.790000915527344,27.614999771118164,27.78499984741211,2816046
2024-11-14 11:30:00,27.790000915527344,27.850000381469727,27.7106990814209,27.770000457763672,2049010
2024-11-14 12:30:00,27.760000228881836,27.829999923706055,27.739999771118164,27.76499938964844,1033214
2024-11-14 13:30:00,27.760000228881836,27.90999984741211,27.760000228881836,27.899999618530273,1090877
2024-11-14 14:30:00,27.895000457763672,27.934999465942383,27.68000030517578,27.829999923706055,3602779
2024-11-14 15:30:00,27.829999923706055,27.86000061035156,27.75,27.799999237060547,1322161
2024-11-14 16:00:00,27.8,27.83,27.73,27.74,0
2024-11-14 17:00:00,27.7499,27.75,27.74,27.75,0
2024-11-14 18:00:00,27.75,27.75,27.62,27.68,0
2024-11-15 04:00:00,27.76,27.77,27.69,27.69,0
2024-11-15 05:00:00,27.69,27.76,27.62,27.76,0
2024-11-15 06:00:00,27.78,27.96,27.74,27.96,0
2024-11-15 07:00:00,27.97,28.05,27.88,27.92,0
2024-11-15 08:00:00,27.92,28.09,27.56,27.91,0
2024-11-15 09:00:00,27.9,28.03,27.68,27.98,0
2024-11-15 09:30:00,28.040000915527344,28.075000762939453,27.780000686645508,27.834999084472656,5661164
2024-11-15 10:30:00,27.834999084472656,27.844999313354492,27.670000076293945,27.689800262451172,3671941
2024-11-15 11:30:00,27.690000534057617,27.709999084472656,27.584999084472656,27.65999984741211,2025083
2024-11-15 12:30:00,27.65999984741211,27.690000534057617,27.559999465942383,27.68000030517578,1576341
2024-11-15 13:30:00,27.68000030517578,27.68000030517578,27.59119987487793,27.594999313354492,1200079
2024-11-15 14:30:00,27.600000381469727,27.6299991607666,27.5,27.520000457763672,2321218
2024-11-15 15:30:00,27.520000457763672,27.579999923706055,27.510000228881836,27.565000534057617,1450190
2024-11-15 16:00:00,27.57,27.585,27.53,27.58,0
2024-11-15 17:00:00,27.57,27.61,27.56,27.6,0
2024-11-15 18:00:00,27.61,27.62,27.55,27.58,0
2024-11-18 04:00:00,27.95,28.16,27.9,27.97,0
2024-11-18 05:00:00,27.97,28.04,27.97,28.0,0
2024-11-18 06:00:00,28.0,28.08,27.99,28.05,0
2024-11-18 07:00:00,28.05,28.07,27.98,27.99,0
2024-11-18 08:00:00,28.0,28.22,27.84,28.18,0
2024-11-18 09:00:00,28.19,28.26,27.57,28.22,0
2024-11-18 09:30:00,28.18000030517578,28.479999542236328,28.15999984741211,28.475000381469727,4762703
2024-11-18 10:30:00,28.479999542236328,28.4950008392334,28.38999938964844,28.392099380493164,1714517
2024-11-18 11:30:00,28.399999618530273,28.489999771118164,28.37969970703125,28.406200408935547,1347273
2024-11-18 12:30:00,28.407499313354492,28.440000534057617,28.34000015258789,28.344999313354492,835034
2024-11-18 13:30:00,28.34000015258789,28.350000381469727,28.260099411010746,28.31999969482422,2387696
2024-11-18 14:30:00,28.315000534057617,28.399999618530273,28.299999237060547,28.397016525268555,1183705
2024-11-18 15:30:00,28.399999618530273,28.40999984741211,28.34000015258789,28.375,1647292
2024-11-18 16:00:00,28.38,28.42,28.36,28.42,0
2024-11-18 17:00:00,28.41,28.45,28.38,28.4499,0
2024-11-18 18:00:00,28.42,28.43,28.3808,28.4091,0
2024-11-19 04:00:00,28.55,28.74,28.46,28.64,0
2024-11-19 05:00:00,28.65,28.71,28.6,28.64,0
2024-11-19 06:00:00,28.64,28.65,28.56,28.565,0
2024-11-19 07:00:00,28.56,28.59,28.5,28.57,0
2024-11-19 08:00:00,28.58,28.69,28.43,28.45,0
2024-11-19 09:00:00,28.46,28.56,28.38,28.5,0
2024-11-19 09:30:00,28.459999084472656,28.497499465942383,28.290000915527344,28.42009925842285,3686100
2024-11-19 10:30:00,28.424999237060547,28.450000762939453,28.30010032653809,28.364999771118164,2635218
2024-11-19 11:30:00,28.36000061035156,28.4950008392334,28.315000534057617,28.479999542236328,1390429
2024-11-19 12:30:00,28.479999542236328,28.48500061035156,28.3799991607666,28.38999938964844,1000834
2024-11-19 13:30:00,28.395000457763672,28.5,28.3799991607666,28.475000381469727,774944
2024-11-19 14:30:00,28.472700119018555,28.520000457763672,28.469999313354492,28.5049991607666,1388379
2024-11-19 15:30:00,28.5049991607666,28.530000686645508,28.479999542236328,28.4950008392334,1044609
2024-11-19 16:00:00,28.495,28.51,28.44,28.45,0
2024-11-19 17:00:00,28.4498,28.49,28.41,28.45,0
2024-11-19 18:00:00,28.45,28.53,28.44,28.51,0
2024-11-20 04:00:00,28.28,28.29,28.17,28.19,0
2024-11-20 05:00:00,28.19,28.2,28.11,28.17,0
2024-11-20 06:00:00,28.15,28.18,28.09,28.11,0
2024-11-20 07:00:00,28.115,28.2,28.08,28.18,0
2024-11-20 08:00:00,28.2,28.46,28.0912,28.41,0
2024-11-20 09:00:00,28.41,28.48,28.3,28.42,0
2024-11-20 09:30:00,28.38999938964844,28.45009994506836,28.290000915527344,28.309999465942383,2490894
2024-11-20 10:30:00,28.309999465942383,28.3799991607666,28.210100173950195,28.353500366210938,1742421
2024-11-20 11:30:00,28.36000061035156,28.386699676513672,28.280000686645508,28.305999755859375,874868
2024-11-20 12:30:00,28.309900283813477,28.329999923706055,28.1200008392334,28.204999923706055,1610526
2024-11-20 13:30:00,28.209999084472656,28.2273006439209,28.13999938964844,28.149999618530273,1037244
2024-11-20 14:30:00,28.145000457763672,28.239999771118164,28.065000534057617,28.094999313354492,1210657
2024-11-20 15:30:00,28.090200424194336,28.1200008392334,28.049999237060547,28.114999771118164,1797368
2024-11-20 16:00:00,28.1,28.1301,28.06,28.115,0
2024-11-20 17:00:00,28.115,28.14,28.1,28.14,0
2024-11-20 18:00:00,28.12,28.19,28.1101,28.1801,0
2024-11-21 04:00:00,28.35,28.5,28.25,28.25,0
2024-11-21 05:00:00,28.25,28.37,28.25,28.28,0
2024-11-21 06:00:00,28.26,28.34,28.25,28.34,0
2024-11-21 07:00:00,28.32,28.32,28.26,28.31,0
2024-11-21 08:00:00,28.31,30.8333,28.1,28.25,0
2024-11-21 09:00:00,28.25,28.34,28.1,28.31,0
2024-11-21 09:30:00,28.270000457763672,28.280000686645508,27.969999313354492,28.09000015258789,3616639
2024-11-21 10:30:00,28.079999923706055,28.170000076293945,28.020000457763672,28.099899291992188,1145529
2024-11-21 11:30:00,28.100000381469727,28.114999771118164,27.920000076293945,28.01499938964844,1689800
2024-11-21 12:30:00,28.010000228881836,28.15999984741211,28.0,28.120100021362305,828242
2024-11-21 13:30:00,28.1299991607666,28.15999984741211,28.040000915527344,28.114999771118164,983744
2024-11-21 14:30:00,28.11000061035156,28.1159610748291,28.020000457763672,28.06010055541992,1173882
2024-11-21 15:30:00,28.069799423217773,28.08989906311035,28.030000686645508,28.049999237060547,1351759
2024-11-21 16:00:00,28.05,28.055,28.01,28.05,0
2024-11-21 17:00:00,28.07,28.08,27.5408,28.0305,0
2024-11-21 18:00:00,28.05,28.07,28.0,28.04,0
2024-11-22 04:00:00,28.6,28.6,28.37,28.42,0
2024-11-22 05:00:00,28.41,28.59,28.37,28.55,0
2024-11-22 06:00:00,28.55,28.61,28.52,28.57,0
2024-11-22 07:00:00,28.57,28.57,28.46,28.51,0
2024-11-22 08:00:00,28.51,28.605,28.07,28.33,0
2024-11-22 09:00:00,28.32,28.4,28.2599,28.32,0
2024-11-22 09:30:00,28.270000457763672,28.53499984741211,28.20009994506836,28.5,4657545
2024-11-22 10:30:00,28.510000228881836,28.549999237060547,28.354900360107425,28.395000457763672,1874949
2024-11-22 11:30:00,28.399999618530273,28.510000228881836,28.375,28.489999771118164,722356
2024-11-22 12:30:00,28.489999771118164,28.540000915527344,28.450000762939453,28.5,1258814
2024-11-22 13:30:00,28.499900817871097,28.52989959716797,28.459999084472656,28.50510025024414,990332
2024-11-22 14:30:00,28.5,28.510000228881836,28.43000030517578,28.48500061035156,1795721
2024-11-22 15:30:00,28.48500061035156,28.5,28.434999465942383,28.459999084472656,1430701
2024-11-22 16:00:00,28.46,28.5599,28.45,28.5598,0
2024-11-22 17:00:00,28.55,28.56,28.52,28.55,0
2024-11-22 18:00:00,28.53,28.56,28.52,28.55,0
2024-11-25 04:00:00,28.16,28.17,28.05,28.08,0
2024-11-25 05:00:00,28.08,28.09,27.99,27.99,0
2024-11-25 06:00:00,27.99,28.1,27.97,28.08,0
2024-11-25 07:00:00,28.09,28.11,28.01,28.02,0
2024-11-25 08:00:00,28.02,28.12,27.83,28.08,0
2024-11-25 09:00:00,28.12,28.13,27.79,27.83,0
2024-11-25 09:30:00,27.719999313354492,27.739999771118164,27.524999618530273,27.625,8393932
2024-11-25 10:30:00,27.627599716186523,27.65519905090332,27.399999618530273,27.47909927368164,4301989
2024-11-25 11:30:00,27.479999542236328,27.579999923706055,27.420000076293945,27.43000030517578,1787432
2024-11-25 12:30:00,27.424999237060547,27.559999465942383,27.424999237060547,27.55010032653809,1641615
2024-11-25 13:30:00,27.559999465942383,27.63999938964844,27.530099868774418,27.6299991607666,1727961
2024-11-25 14:30:00,27.625,27.68000030517578,27.600000381469727,27.635000228881836,1610581
2024-11-25 15:30:00,27.635000228881836,27.670000076293945,27.6200008392334,27.63999938964844,1742820
2024-11-25 16:00:00,27.63,27.66,27.6,27.61,0
2024-11-25 17:00:00,27.61,27.64,27.2679,27.62,0
2024-11-25 18:00:00,27.62,27.63,27.34,27.44,0
2024-11-26 04:00:00,27.68,27.68,27.53,27.68,0
2024-11-26 05:00:00,27.67,27.79,27.66,27.78,0
2024-11-26 06:00:00,27.79,27.8,27.73,27.75,0
2024-11-26 07:00:00,27.75,27.87,27.75,27.82,0
2024-11-26 08:00:00,27.82,27.96,27.43,27.83,0
2024-11-26 09:00:00,27.83,27.8698,27.74,27.82,0
2024-11-26 09:30:00,27.799999237060547,27.809900283813477,27.600000381469727,27.725000381469727,3650175
2024-11-26 10:30:00,27.709999084472656,27.829999923706055,27.704999923706055,27.729999542236328,1331110
2024-11-26 11:30:00,27.739999771118164,27.8257999420166,27.709999084472656,27.75,1273657
2024-11-26 12:30:00,27.7450008392334,27.780000686645508,27.649999618530273,27.655000686645508,770132
2024-11-26 13:30:00,27.65999984741211,27.75,27.6200008392334,27.729999542236328,760989
2024-11-26 14:30:00,27.731000900268555,27.809999465942383,27.729999542236328,27.76210021972656,593046
2024-11-26 15:30:00,27.76499938964844,27.81999969482422,27.76499938964844,27.790000915527344,1203142
2024-11-26 16:00:00,27.8,27.8,27.725,27.75,0
2024-11-26 17:00:00,27.74,27.75,27.7399,27.74,0
2024-11-26 18:00:00,27.74,27.75,27.71,27.73,0
2024-11-27 04:00:00,27.95,27.98,27.76,27.83,0
2024-11-27 05:00:00,27.83,27.84,27.74,27.77,0
2024-11-27 06:00:00,27.77,27.78,27.7,27.7,0
2024-11-27 07:00:00,27.72,27.82,27.72,27.81,0
2024-11-27 08:00:00,27.81,27.99,27.7,27.74,0
2024-11-27 09:00:00,27.75,27.88,27.72,27.77,0
2024-11-27 09:30:00,27.75,27.834999084472656,27.440000534057617,27.530000686645508,4445479
2024-11-27 10:30:00,27.524999618530273,27.549999237060547,27.3799991607666,27.471900939941406,7104114
2024-11-27 11:30:00,27.459999084472656,27.524999618530273,27.315000534057617,27.440000534057617,2939262
2024-11-27 12:30:00,27.440000534057617,27.450000762939453,27.36000061035156,27.435300827026367,2121128
2024-11-27 13:30:00,27.43000030517578,27.447599411010746,27.350000381469727,27.364999771118164,813217
2024-11-27 14:30:00,27.3700008392334,27.420000076293945,27.33989906311035,27.38999938964844,1131325
2024-11-27 15:30:00,27.395000457763672,27.450000762939453,27.38999938964844,27.44499969482422,2588405
2024-11-27 16:00:00,27.45,27.45,27.41,27.44,0
2024-11-27 17:00:00,27.44,28.585,27.41,27.44,0
2024-11-27 18:00:00,27.43,27.44,27.42,27.43,0
2024-11-29 04:00:00,27.82,27.98,27.82,27.96,0
2024-11-29 05:00:00,27.965,27.995,27.91,27.98,0
2024-11-29 06:00:00,27.97,27.99,27.95,27.99,0
2024-11-29 07:00:00,27.98,28.05,27.97,28.05,0
2024-11-29 08:00:00,28.05,28.14,27.89,28.12,0
2024-11-29 09:00:00,28.13,28.15,27.94,27.9598,0
2024-11-29 09:30:00,27.969999313354492,27.989999771118164,27.815000534057617,27.915000915527344,4978343
2024-11-29 10:30:00,27.88999938964844,28.01499938964844,27.88999938964844,27.989999771118164,1571639
2024-11-29 11:30:00,27.979999542236328,28.0,27.8799991607666,27.895000457763672,1445221
2024-11-29 13:00:00,27.885000228881836,27.940000534057617,27.875,27.899999618530273,0
2024-11-29 14:00:00,27.9,27.91,27.8493,27.89,0
2024-11-29 15:00:00,27.88,27.95,27.84,27.93,0
2024-11-29 16:00:00,27.89,27.96,27.89,27.89,0
2024-12-02 04:00:00,27.52,27.6,27.35,27.6,0
2024-12-02 05:00:00,27.6,27.61,27.53,27.6,0
2024-12-02 06:00:00,27.59,27.71,27.57,27.7,0
2024-12-02 07:00:00,27.69,27.81,27.69,27.74,0
2024-12-02 08:00:00,27.74,27.81,27.41,27.78,0
2024-12-02 09:00:00,27.79,27.94,27.7804,27.92,0
2024-12-02 09:30:00,27.81010055541992,27.850000381469727,27.719999313354492,27.776899337768555,3393371
2024-12-02 10:30:00,27.770000457763672,27.770000457763672,27.61000061035156,27.72209930419922,1559587
2024-12-02 11:30:00,27.729999542236328,27.795000076293945,27.703699111938477,27.7549991607666,948142
2024-12-02 12:30:00,27.75,27.760000228881836,27.700000762939453,27.729999542236328,862626
2024-12-02 13:30:00,27.729900360107425,27.749900817871097,27.69969940185547,27.71809959411621,869200
2024-12-02 14:30:00,27.719999313354492,27.81999969482422,27.68000030517578,27.81999969482422,1103202
2024-12-02 15:30:00,27.815000534057617,27.86989974975586,27.780000686645508,27.790000915527344,963251
2024-12-02 16:00:00,27.79,27.82,27.7598,27.8,0
2024-12-02 17:00:00,27.8,27.81,27.75,27.77,0
2024-12-02 18:00:00,27.79,27.9,27.78,27.89,0
2024-12-03 04:00:00,28.2,28.25,28.1,28.24,0
2024-12-03 05:00:00,28.25,28.27,28.22,28.25,0
2024-12-03 06:00:00,28.23,28.23,28.16,28.19,0
2024-12-03 07:00:00,28.19,28.19,28.07,28.07,0
2024-12-03 08:00:00,28.1,28.2688,27.8,28.1401,0
2024-12-03 09:00:00,28.1499,28.32,28.14,28.26,0
2024-12-03 09:30:00,28.229999542236328,28.270000457763672,27.989999771118164,28.059900283813477,3893346
2024-12-03 10:30:00,28.0575008392334,28.229999542236328,28.024799346923828,28.21500015258789,2566630
2024-12-03 11:30:00,28.219999313354492,28.290000915527344,28.184999465942383,28.23500061035156,1837744
2024-12-03 12:30:00,28.234399795532227,28.28529930114746,28.190000534057617,28.262500762939453,1075384
2024-12-03 13:30:00,28.26499938964844,28.329999923706055,28.239999771118164,28.260000228881836,1362221
2024-12-03 14:30:00,28.26499938964844,28.309999465942383,28.25,28.290000915527344,715829
2024-12-03 15:30:00,28.295000076293945,28.299999237060547,28.260000228881836,28.270000457763672,1317961
2024-12-03 16:00:00,28.28,28.29,28.26,28.2799,0
2024-12-03 17:00:00,28.28,28.29,28.26,28.28,0
2024-12-03 18:00:00,28.28,28.28,28.24,28.24,0
2024-12-04 04:00:00,28.23,28.23,28.07,28.13,0
2024-12-04 05:00:00,28.11,28.12,28.07,28.1,0
2024-12-04 06:00:00,28.1,28.15,28.07,28.15,0
2024-12-04 07:00:00,28.15,28.16,28.05,28.06,0
2024-12-04 08:00:00,28.06,28.37,27.75,27.95,0
2024-12-04 09:00:00,27.95,28.28,27.93,28.13,0
2024-12-04 09:30:00,28.361000061035156,28.56999969482422,28.299999237060547,28.53499984741211,11190607
2024-12-04 10:30:00,28.540000915527344,28.68989944458008,28.540000915527344,28.63999938964844,5851707
2024-12-04 11:30:00,28.63999938964844,28.68779945373535,28.489999771118164,28.592500686645508,1468054
2024-12-04 12:30:00,28.59000015258789,28.649999618530273,28.559999465942383,28.579999923706055,1258700
2024-12-04 13:30:00,28.56999969482422,28.594999313354492,28.440000534057617,28.510000228881836,1014268
2024-12-04 14:30:00,28.520000457763672,28.559999465942383,28.5,28.53219985961914,786417
2024-12-04 15:30:00,28.540000915527344,28.565000534057617,28.5,28.510000228881836,951526
2024-12-04 16:00:00,28.53,28.54,28.51,28.52,0
2024-12-04 17:00:00,28.53,28.54,28.51,28.5199,0
2024-12-04 18:00:00,28.52,28.57,28.51,28.56,0
2024-12-05 04:00:00,28.5,28.52,28.46,28.46,0
2024-12-05 05:00:00,28.46,28.6,28.46,28.59,0
2024-12-05 06:00:00,28.6,28.61,28.53,28.555,0
2024-12-05 07:00:00,28.57,28.57,28.49,28.49,0
2024-12-05 08:00:00,28.5,28.62,28.43,28.45,0
2024-12-05 09:00:00,28.4501,28.6,28.4501,28.54,0
2024-12-05 09:30:00,28.489999771118164,28.589500427246097,28.309999465942383,28.32270050048828,4283331
2024-12-05 10:30:00,28.32670021057129,28.479999542236328,28.2549991607666,28.420000076293945,1675774
2024-12-05 11:30:00,28.43000030517578,28.459999084472656,28.260099411010746,28.290000915527344,1748150
2024-12-05 12:30:00,28.290000915527344,28.34000015258789,28.260000228881836,28.28499984741211,1347474
2024-12-05 13:30:00,28.290000915527344,28.417499542236328,28.290000915527344,28.38010025024414,2884822
2024-12-05 14:30:00,28.38999938964844,28.510000228881836,28.3700008392334,28.48500061035156,1441039
2024-12-05 15:30:00,28.487699508666992,28.559999465942383,28.475000381469727,28.549999237060547,882526
2024-12-05 16:00:00,28.56,28.59,28.5,28.55,0
2024-12-05 17:00:00,28.54,28.57,27.5408,28.55,0
2024-12-05 18:00:00,28.5408,28.59,28.53,28.57,0
2024-12-06 04:00:00,28.57,28.575,28.525,28.56,0
2024-12-06 05:00:00,28.54,28.54,28.45,28.45,0
2024-12-06 06:00:00,28.45,28.46,28.39,28.44,0
2024-12-06 07:00:00,28.45,28.45,28.34,28.42,0
2024-12-06 08:00:00,28.43,28.6,28.29,28.32,0
2024-12-06 09:00:00,28.37,28.58,28.24,28.29,0
2024-12-06 09:30:00,28.31999969482422,28.40999984741211,28.079999923706055,28.3700008392334,6425104
2024-12-06 10:30:00,28.36000061035156,28.479999542236328,28.274999618530273,28.466699600219727,1399314
2024-12-06 11:30:00,28.46500015258789,28.4950008392334,28.300199508666992,28.354999542236328,1159157
2024-12-06 12:30:00,28.36000061035156,28.36000061035156,28.270000457763672,28.299999237060547,860108
2024-12-06 13:30:00,28.290000915527344,28.299999237060547,28.18000030517578,28.189800262451172,690595
2024-12-06 14:30:00,28.190000534057617,28.26499938964844,28.174999237060547,28.24930000305176,803166
2024-12-06 15:30:00,28.240100860595703,28.260000228881836,28.219999313354492,28.229999542236328,1434716
2024-12-06 16:00:00,28.25,28.26,28.21,28.22,0
2024-12-06 17:00:00,28.23,28.24,28.17,28.23,0
2024-12-06 18:00:00,28.23,28.24,28.22,28.235,0
2024-12-09 04:00:00,28.72,28.72,28.48,28.565,0
2024-12-09 05:00:00,28.57,28.68,28.55,28.67,0
2024-12-09 06:00:00,28.68,28.87,28.66,28.83,0
2024-12-09 07:00:00,28.83,28.88,28.79,28.81,0
2024-12-09 08:00:00,28.82,29.0,28.16,28.9701,0
2024-12-09 09:00:00,28.98,29.24,28.98,29.2001,0
2024-12-09 09:30:00,29.209999084472656,29.43000030517578,29.125,29.36000061035156,10477901
2024-12-09 10:30:00,29.36000061035156,29.420000076293945,29.210100173950195,29.244699478149418,6374588
2024-12-09 11:30:00,29.239999771118164,29.260000228881836,29.149999618530273,29.21500015258789,1393989
2024-12-09 12:30:00,29.209999084472656,29.219999313354492,29.11000061035156,29.122800827026367,9615384
2024-12-09 13:30:00,29.1299991607666,29.145000457763672,29.01499938964844,29.065900802612305,2574328
2024-12-09 14:30:00,29.065000534057617,29.06999969482422,28.969999313354492,28.9950008392334,4138552
2024-12-09 15:30:00,29.0,29.020000457763672,28.950199127197266,28.979999542236328,2397743
2024-12-09 16:00:00,28.98,29.02,28.97,29.0191,0
2024-12-09 17:00:00,29.01,29.05,28.97,29.0,0
2024-12-09 18:00:00,29.0,29.099,28.99,29.0701,0
2024-12-10 04:00:00,28.98,29.1,28.98,29.0,0
2024-12-10 05:00:00,29.01,29.02,28.97,29.02,0
2024-12-10 06:00:00,29.02,29.08,28.99,28.99,0
2024-12-10 07:00:00,29.01,29.11,28.99,29.06,0
2024-12-10 08:00:00,29.07,29.18,28.91,28.96,0
2024-12-10 09:00:00,28.98,29.16,28.94,29.12,0
2024-12-10 09:30:00,29.170000076293945,29.219999313354492,29.032899856567383,29.065000534057617,11926971
2024-12-10 10:30:00,29.06999969482422,29.155000686645508,29.030000686645508,29.049999237060547,6885540
2024-12-10 11:30:00,29.065000534057617,29.229900360107425,29.045000076293945,29.155000686645508,9537581
2024-12-10 12:30:00,29.150100708007812,29.25,29.13999938964844,29.194799423217773,1540734
2024-12-10 13:30:00,29.190000534057617,29.229999542236328,29.149999618530273,29.15220069885254,1092431
2024-12-10 14:30:00,29.155000686645508,29.15999984741211,28.989999771118164,28.9950008392334,2069881
2024-12-10 15:30:00,28.9950008392334,29.020000457763672,28.969999313354492,28.989999771118164,1457856
2024-12-10 16:00:00,29.0,29.1,28.99,29.07,0
2024-12-10 17:00:00,29.0702,29.08,28.99,29.05,0
2024-12-10 18:00:00,29.05,29.1,29.05,29.07,0
2024-12-11 04:00:00,28.93,29.0,28.83,28.86,0
2024-12-11 05:00:00,28.86,28.89,28.82,28.89,0
2024-12-11 06:00:00,28.87,28.88,28.8,28.86,0
2024-12-11 07:00:00,28.86,28.95,28.83,28.9,0
2024-12-11 08:00:00,28.89,29.15,28.73,28.79,0
2024-12-11 09:00:00,28.85,28.96,28.79,28.9394,0
2024-12-11 09:30:00,28.950000762939453,29.290000915527344,28.899999618530273,29.229999542236328,7234943
2024-12-11 10:30:00,29.229999542236328,29.309999465942383,29.15999984741211,29.28499984741211,4270601
2024-12-11 11:30:00,29.290000915527344,29.338199615478516,29.200000762939453,29.209999084472656,1602370
2024-12-11 12:30:00,29.209999084472656,29.219999313354492,29.094999313354492,29.145000457763672,1788837
2024-12-11 13:30:00,29.13999938964844,29.155000686645508,28.959999084472656,29.09000015258789,2220380
2024-12-11 14:30:00,29.084999084472656,29.149999618530273,29.06999969482422,29.1200008392334,1596374
2024-12-11 15:30:00,29.125,29.1299991607666,29.030000686645508,29.040000915527344,1970507
2024-12-11 16:00:00,29.04,29.09,28.585,29.07,0
2024-12-11 17:00:00,29.07,29.0982,28.585,29.05,0
2024-12-11 18:00:00,29.06,29.11,29.01,29.104,0
2024-12-12 04:00:00,29.36,29.41,29.15,29.34,0
2024-12-12 05:00:00,29.34,29.36,29.17,29.23,0
2024-12-12 06:00:00,29.23,29.25,28.93,29.11,0
2024-12-12 07:00:00,29.1,29.11,28.99,29.03,0
2024-12-12 08:00:00,29.03,29.49,28.86,28.95,0
2024-12-12 09:00:00,29.02,29.04,28.77,28.771,0
2024-12-12 09:30:00,28.6200008392334,28.635499954223633,28.31999969482422,28.36000061035156,11485954
2024-12-12 10:30:00,28.26499938964844,28.36000061035156,28.1200008392334,28.2450008392334,6028609
2024-12-12 11:30:00,28.25,28.375,28.219999313354492,28.329999923706055,6438550
2024-12-12 12:30:00,28.329999923706055,28.350000381469727,28.200000762939453,28.26849937438965,1846356
2024-12-12 13:30:00,28.26499938964844,28.31999969482422,28.209999084472656,28.209999084472656,1268412
2024-12-12 14:30:00,28.209999084472656,28.229999542236328,28.18000030517578,28.188400268554688,1189692
2024-12-12 15:30:00,28.184999465942383,28.229999542236328,28.18000030517578,28.209999084472656,2626117
2024-12-12 16:00:00,28.22,28.24,28.19,28.22,0
2024-12-12 17:00:00,28.2298,28.24,28.2,28.24,0
2024-12-12 18:00:00,28.23,28.23,28.12,28.135,0
2024-12-13 04:00:00,28.1,28.19,27.98,28.07,0
2024-12-13 05:00:00,28.02,28.09,27.94,28.08,0
2024-12-13 06:00:00,28.07,28.11,28.03,28.1,0
2024-12-13 07:00:00,28.09,28.09,27.97,28.06,0
2024-12-13 08:00:00,28.05,28.24,27.8901,27.91,0
2024-12-13 09:00:00,27.92,27.93,27.76,27.795,0
2024-12-13 09:30:00,27.84000015258789,27.86000061035156,27.59000015258789,27.61000061035156,6459244
2024-12-13 10:30:00,27.61000061035156,27.849899291992188,27.600000381469727,27.739999771118164,2902408
2024-12-13 11:30:00,27.739999771118164,27.825599670410156,27.73500061035156,27.770099639892575,2877041
2024-12-13 12:30:00,27.774999618530273,27.859899520874023,27.760000228881836,27.854999542236328,1298762
2024-12-13 13:30:00,27.86000061035156,27.8700008392334,27.75,27.760099411010746,2046190
2024-12-13 14:30:00,27.76499938964844,27.780000686645508,27.709999084472656,27.74370002746582,1412442
2024-12-13 15:30:00,27.7450008392334,27.770000457763672,27.709999084472656,27.760000228881836,2574166
2024-12-13 16:00:00,27.76,27.87,27.75,27.83,0
2024-12-13 17:00:00,27.84,27.86,27.84,27.845,0
2024-12-13 18:00:00,27.8497,27.85,27.8001,27.85,0
2024-12-16 04:00:00,27.82,28.05,27.78,27.91,0
2024-12-16 05:00:00,27.93,27.94,27.89,27.9,0
2024-12-16 06:00:00,27.91,27.92,27.89,27.91,0
2024-12-16 07:00:00,27.92,27.95,27.92,27.93,0
2024-12-16 08:00:00,27.95,27.99,27.75,27.96,0
2024-12-16 09:00:00,27.96,28.0101,27.92,27.94,0
2024-12-16 09:30:00,27.90999984741211,27.90999984741211,27.760000228881836,27.850000381469727,2447254
2024-12-16 10:30:00,27.83810043334961,27.899999618530273,27.790000915527344,27.795000076293945,1411414
2024-12-16 11:30:00,27.79829978942871,27.90999984741211,27.795000076293945,27.906999588012695,1243949
2024-12-16 12:30:00,27.899999618530273,27.90999984741211,27.829999923706055,27.86000061035156,667708
2024-12-16 13:30:00,27.86000061035156,27.90999984741211,27.83489990234375,27.8799991607666,557226
2024-12-16 14:30:00,27.8799991607666,27.88999938964844,27.81999969482422,27.825000762939453,730282
2024-12-16 15:30:00,27.825000762939453,27.82990074157715,27.790000915527344,27.80500030517578,1278324
2024-12-16 16:00:00,27.8,27.81,27.77,27.81,0
2024-12-16 17:00:00,27.81,27.82,27.77,27.8,0
2024-12-16 18:00:00,27.81,27.82,27.77,27.8,0
2024-12-17 04:00:00,27.7,27.7,27.52,27.56,0
2024-12-17 05:00:00,27.56,27.62,27.56,27.6,0
2024-12-17 06:00:00,27.59,27.59,27.49,27.56,0
2024-12-17 07:00:00,27.57,27.64,27.57,27.63,0
2024-12-17 08:00:00,27.61,27.83,27.52,27.62,0
2024-12-17 09:00:00,27.66,27.8,27.49,27.62,0
2024-12-17 09:30:00,27.709999084472656,27.719999313354492,27.469999313354492,27.645099639892575,5796719
2024-12-17 10:30:00,27.63999938964844,27.729999542236328,27.6299991607666,27.725000381469727,3270214
2024-12-17 11:30:00,27.725000381469727,27.789899826049805,27.704999923706055,27.749900817871097,2002286
2024-12-17 12:30:00,27.739999771118164,27.799999237060547,27.713600158691406,27.7549991607666,1248332
2024-12-17 13:30:00,27.7549991607666,27.84000015258789,27.75,27.809900283813477,1025600
2024-12-17 14:30:00,27.80500030517578,27.809999465942383,27.770000457763672,27.78730010986328,1005651
2024-12-17 15:30:00,27.78499984741211,27.81999969482422,27.78499984741211,27.799999237060547,1379851
2024-12-17 16:00:00,27.81,27.84,27.79,27.8201,0
2024-12-17 17:00:00,27.8201,27.85,27.81,27.84,0
2024-12-17 18:00:00,27.84,27.84,27.75,27.77,0
2024-12-18 04:00:00,27.77,27.77,27.65,27.68,0
2024-12-18 05:00:00,27.68,27.75,27.68,27.75,0
2024-12-18 06:00:00,27.74,27.75,27.71,27.71,0
2024-12-18 07:00:00,27.73,27.73,27.66,27.69,0
2024-12-18 08:00:00,27.7,27.8588,27.61,27.69,0
2024-12-18 09:00:00,27.67,27.81,27.53,27.57,0
2024-12-18 09:30:00,27.555999755859375,27.635000228881836,27.5049991607666,27.530000686645508,2226436
2024-12-18 10:30:00,27.530000686645508,27.575000762939453,27.469999313354492,27.5,2905077
2024-12-18 11:30:00,27.4950008392334,27.57990074157715,27.4335994720459,27.56290054321289,1516741
2024-12-18 12:30:00,27.559999465942383,27.579999923706055,27.510000228881836,27.565000534057617,682214
2024-12-18 13:30:00,27.565500259399418,27.59000015258789,27.184999465942383,27.299999237060547,4952763
2024-12-18 14:30:00,27.299999237060547,27.450000762939453,26.940000534057617,26.940000534057617,6120180
2024-12-18 15:30:00,26.934999465942383,26.969900131225582,26.770000457763672,26.86000061035156,7810196
2024-12-18 16:00:00,26.85,26.91,26.7,26.75,0
2024-12-18 17:00:00,26.75,26.85,26.69,26.73,0
2024-12-18 18:00:00,26.75,26.77,26.6598,26.7,0
2024-12-19 04:00:00,26.86,26.98,26.78,26.95,0
2024-12-19 05:00:00,26.96,26.98,26.87,26.97,0
2024-12-19 06:00:00,26.97,27.06,26.9,26.94,0
2024-12-19 07:00:00,26.94,26.94,26.82,26.83,0
2024-12-19 08:00:00,26.83,27.0,26.58,26.67,0
2024-12-19 09:00:00,26.66,26.7,26.5,26.59,0
2024-12-19 09:30:00,26.56999969482422,26.649999618530273,26.229999542236328,26.229999542236328,9403826
2024-12-19 10:30:00,26.23500061035156,26.344999313354492,26.190000534057617,26.309999465942383,4683855
2024-12-19 11:30:00,26.309999465942383,26.40999984741211,26.270000457763672,26.295000076293945,4770575
2024-12-19 12:30:00,26.299999237060547,26.440000534057617,26.280000686645508,26.434999465942383,4371741
2024-12-19 13:30:00,26.434999465942383,26.549999237060547,26.420000076293945,26.48500061035156,3741913
2024-12-19 14:30:00,26.48500061035156,26.56999969482422,26.45009994506836,26.549999237060547,2237610
2024-12-19 15:30:00,26.549999237060547,26.56999969482422,26.510000228881836,26.520000457763672,1484161
2024-12-19 16:00:00,26.52,27.83,26.45,26.4503,0
2024-12-19 17:00:00,26.46,27.5408,26.42,26.44,0
2024-12-19 18:00:00,26.5,26.5,26.42,26.42,0
2024-12-20 04:00:00,26.4,26.41,26.36,26.36,0
2024-12-20 05:00:00,26.36,26.36,26.29,26.35,0
2024-12-20 06:00:00,26.35,26.35,26.24,26.26,0
2024-12-20 07:00:00,26.26,26.32,26.24,26.32,0
2024-12-20 08:00:00,26.32,26.51,26.245,26.2812,0
2024-12-20 09:00:00,26.33,26.59,26.2825,26.58,0
2024-12-20 09:30:00,26.61000061035156,26.798200607299805,26.579999923706055,26.76499938964844,4598894
2024-12-20 10:30:00,26.770000457763672,26.91990089416504,26.769899368286133,26.790000915527344,2594431
2024-12-20 11:30:00,26.790000915527344,26.851499557495117,26.780099868774418,26.829999923706055,1284749
2024-12-20 12:30:00,26.825000762939453,26.850000381469727,26.780000686645508,26.825000762939453,1654333
2024-12-20 13:30:00,26.825000762939453,27.049299240112305,26.825000762939453,27.030000686645508,1856876
2024-12-20 14:30:00,27.030000686645508,27.059999465942383,26.8799991607666,26.93989944458008,2247143
2024-12-20 15:30:00,26.93000030517578,26.940000534057617,26.88999938964844,26.920000076293945,2175690
2024-12-20 16:00:00,26.92,26.9292,26.86,26.91,0
2024-12-20 17:00:00,26.91,26.92,26.8901,26.92,0
2024-12-20 18:00:00,26.92,26.92,26.9,26.91,0
2024-12-23 04:00:00,27.12,27.2,27.06,27.07,0
2024-12-23 05:00:00,27.1,27.1,27.01,27.01,0
2024-12-23 06:00:00,27.01,27.02,26.955,26.99,0
2024-12-23 07:00:00,26.95,27.02,26.89,27.01,0
2024-12-23 08:00:00,27.01,27.21,26.8988,27.03,0
2024-12-23 09:00:00,27.02,27.0499,26.92,26.95,0
2024-12-23 09:30:00,26.93000030517578,27.030000686645508,26.790000915527344,26.86989974975586,2579063
2024-12-23 10:30:00,26.864999771118164,26.950000762939453,26.84000015258789,26.920000076293945,1959642
2024-12-23 11:30:00,26.93000030517578,27.06999969482422,26.90999984741211,27.03890037536621,1648124
2024-12-23 12:30:00,27.030000686645508,27.059999465942383,26.96500015258789,27.001100540161133,2597678
2024-12-23 13:30:00,27.0,27.05500030517578,27.0,27.01499938964844,1685257
2024-12-23 14:30:00,27.010000228881836,27.059900283813477,27.010000228881836,27.024999618530273,631030
2024-12-23 15:30:00,27.024999618530273,27.030000686645508,26.979999542236328,27.0,1230587
2024-12-23 16:00:00,26.99,27.2679,26.99,27.0267,0
2024-12-23 17:00:00,27.03,27.03,27.0,27.015,0
2024-12-23 18:00:00,27.0297,27.04,27.0,27.025,0
2024-12-24 04:00:00,27.0,27.0,26.9,26.93,0
2024-12-24 05:00:00,26.93,26.93,26.9,26.91,0
2024-12-24 06:00:00,26.91,26.93,26.88,26.91,0
2024-12-24 07:00:00,26.9,26.9,26.84,26.88,0
2024-12-24 08:00:00,26.88,27.13,26.85,26.92,0
2024-12-24 09:00:00,26.92,27.01,26.91,26.99,0
2024-12-24 09:30:00,27.0,27.010000228881836,26.8799991607666,27.000200271606445,1421224
2024-12-24 10:30:00,27.0,27.010000228881836,26.8799991607666,26.975000381469727,586640
2024-12-24 11:30:00,26.97249984741211,27.049999237060547,26.969999313354492,27.03499984741211,819834
2024-12-24 13:00:00,27.030000686645508,27.049999237060547,27.0,27.010000228881836,0
2024-12-24 14:00:00,27.0,27.05,26.95,26.956,0
2024-12-24 15:00:00,27.0,27.0,26.95,27.0,0
2024-12-24 16:00:00,26.975,27.0,26.95,26.975,0
2024-12-26 04:00:00,26.99,26.99,26.94,26.95,0
2024-12-26 05:00:00,26.95,27.02,26.95,27.02,0
2024-12-26 06:00:00,27.02,27.1,27.02,27.1,0
2024-12-26 07:00:00,27.1,27.1,27.03,27.06,0
2024-12-26 08:00:00,27.06,27.17,26.9,27.12,0
2024-12-26 09:00:00,27.12,27.14,27.06,27.14,0
2024-12-26 09:30:00,27.1200008392334,27.200000762939453,27.034000396728516,27.19989967346191,1813505
2024-12-26 10:30:00,27.190099716186523,27.209999084472656,27.11000061035156,27.11989974975586,1524221
2024-12-26 11:30:00,27.11000061035156,27.1200008392334,26.93141746520996,26.934999465942383,1227594
2024-12-26 12:30:00,26.93000030517578,27.1299991607666,26.93000030517578,27.114999771118164,920487
2024-12-26 13:30:00,27.114999771118164,27.1200008392334,27.0,27.083799362182617,585935
2024-12-26 14:30:00,27.079999923706055,27.145000457763672,27.06999969482422,27.13999938964844,592062
2024-12-26 15:30:00,27.13999938964844,27.149999618530273,27.1299991607666,27.1299991607666,1095607
2024-12-26 16:00:00,27.14,27.16,27.1298,27.1599,0
2024-12-26 17:00:00,27.16,28.585,26.52,27.17,0
2024-12-26 18:00:00,27.17,27.17,27.12,27.15,0
2024-12-27 04:00:00,27.08,27.08,27.02,27.05,0
2024-12-27 05:00:00,27.04,27.04,26.99,26.99,0
2024-12-27 06:00:00,26.99,26.99,26.93,26.98,0
2024-12-27 07:00:00,26.98,27.05,26.98,27.01,0
2024-12-27 08:00:00,27.01,27.2,26.75,26.77,0
2024-12-27 09:00:00,26.77,26.88,26.74,26.82,0
2024-12-27 09:30:00,26.88999938964844,26.959999084472656,26.760000228881836,26.78499984741211,2271335
2024-12-27 10:30:00,26.780000686645508,26.88999938964844,26.75,26.8700008392334,985631
2024-12-27 11:30:00,26.86000061035156,26.8799991607666,26.740100860595703,26.7549991607666,887268
2024-12-27 12:30:00,26.7549991607666,26.799999237060547,26.723800659179688,26.760000228881836,1763760
2024-12-27 13:30:00,26.780000686645508,26.81999969482422,26.76499938964844,26.795000076293945,730868
2024-12-27 14:30:00,26.79800033569336,26.825000762939453,26.725000381469727,26.725200653076172,855004
2024-12-27 15:30:00,26.725000381469727,26.780000686645508,26.719999313354492,26.780000686645508,1624830
2024-12-27 16:00:00,26.76,26.78,26.72,26.76,0
2024-12-27 17:00:00,26.7798,26.78,26.73,26.77,0
2024-12-27 18:00:00,26.755,26.79,26.72,26.775,0
2024-12-30 04:00:00,26.8,26.82,26.73,26.82,0
2024-12-30 05:00:00,26.84,26.84,26.8,26.81,0
2024-12-30 06:00:00,26.81,26.84,26.77,26.83,0
2024-12-30 07:00:00,26.84,26.89,26.82,26.85,0
2024-12-30 08:00:00,26.85,26.88,26.71,26.72,0
2024-12-30 09:00:00,26.71,26.7299,26.49,26.62,0
2024-12-30 09:30:00,26.600000381469727,26.61000061035156,26.28499984741211,26.309999465942383,4091673
2024-12-30 10:30:00,26.299999237060547,26.38999938964844,26.239999771118164,26.275699615478516,2675677
2024-12-30 11:30:00,26.274999618530273,26.399999618530273,26.2549991607666,26.3700008392334,1692274
2024-12-30 12:30:00,26.364999771118164,26.43000030517578,26.34000015258789,26.42009925842285,1190409
2024-12-30 13:30:00,26.43000030517578,26.44029998779297,26.364999771118164,26.38999938964844,3887503
2024-12-30 14:30:00,26.385000228881836,26.450000762939453,26.374900817871097,26.424999237060547,1664053
2024-12-30 15:30:00,26.424999237060547,26.469999313354492,26.40999984741211,26.415000915527344,1629759
2024-12-30 16:00:00,26.42,26.43,26.36,26.37,0
2024-12-30 17:00:00,26.3699,26.4,26.35,26.4,0
2024-12-30 18:00:00,26.3893,26.39,26.34,26.37,0
2024-12-31 04:00:00,26.42,26.42,26.37,26.4,0
2024-12-31 05:00:00,26.4,26.41,26.36,26.36,0
2024-12-31 06:00:00,26.35,26.42,26.35,26.36,0
2024-12-31 07:00:00,26.35,26.36,26.27,26.33,0
2024-12-31 08:00:00,26.32,26.4545,26.23,26.39,0
2024-12-31 09:00:00,26.39,26.43,26.2401,26.28,0
2024-12-31 09:30:00,26.229999542236328,26.420000076293945,26.219999313354492,26.34000015258789,2016079
2024-12-31 10:30:00,26.34000015258789,26.43989944458008,26.25,26.26499938964844,1272178
2024-12-31 11:30:00,26.260000228881836,26.329999923706055,26.260000228881836,26.290000915527344,1090146
2024-12-31 12:30:00,26.288000106811523,26.295000076293945,26.229999542236328,26.280000686645508,1061325
2024-12-31 13:30:00,26.28210067749023,26.31999969482422,26.25,26.315000534057617,639826
2024-12-31 14:30:00,26.315000534057617,26.34000015258789,26.280099868774418,26.34000015258789,595238
2024-12-31 15:30:00,26.34000015258789,26.350000381469727,26.30500030517578,26.309999465942383,1113701
2024-12-31 16:00:00,26.32,26.34,26.31,26.325,0
2024-12-31 17:00:00,26.32,26.33,26.3006,26.3006,0
2024-12-31 18:00:00,26.31,26.33,26.29,26.31,0
2025-01-02 04:00:00,26.63,26.74,26.63,26.72,0
2025-01-02 05:00:00,26.73,26.8,26.67,26.79,0
2025-01-02 06:00:00,26.8,26.81,26.74,26.77,0
2025-01-02 07:00:00,26.77,26.8,26.75,26.8,0
2025-01-02 08:00:00,26.79,26.8199,26.33,26.66,0
2025-01-02 09:00:00,26.66,26.72,26.5998,26.72,0
2025-01-02 09:30:00,26.719999313354492,26.90999984741211,26.700000762939453,26.80500030517578,3148091
2025-01-02 10:30:00,26.80500030517578,26.905000686645508,26.770000457763672,26.875,1736014
2025-01-02 11:30:00,26.875,26.959999084472656,26.850099563598633,26.895000457763672,1246560
2025-01-02 12:30:00,26.895000457763672,26.920000076293945,26.790000915527344,26.809999465942383,1115385
2025-01-02 13:30:00,26.809999465942383,26.84000015258789,26.76099967956543,26.825000762939453,671343
2025-01-02 14:30:00,26.81999969482422,26.93000030517578,26.79159927368164,26.924999237060547,840129
2025-01-02 15:30:00,26.92009925842285,26.94989967346191,26.88999938964844,26.920000076293945,2464484
2025-01-02 16:00:00,26.92,26.95,26.92,26.94,0
2025-01-02 17:00:00,26.935,27.5408,26.9,26.9,0
2025-01-02 18:00:00,26.91,26.92,26.86,26.91,0
2025-01-03 04:00:00,26.98,27.12,26.98,27.09,0
2025-01-03 05:00:00,27.1,27.1,27.04,27.06,0
2025-01-03 06:00:00,27.05,27.14,27.04,27.14,0
2025-01-03 07:00:00,27.14,27.16,27.09,27.11,0
2025-01-03 08:00:00,27.1,27.16,26.91,27.12,0
2025-01-03 09:00:00,27.11,27.22,27.11,27.18,0
2025-01-03 09:30:00,27.190000534057617,27.229999542236328,27.024999618530273,27.045000076293945,3374977
2025-01-03 10:30:00,27.040000915527344,27.190000534057617,27.030000686645508,27.100000381469727,1145048
2025-01-03 11:30:00,27.094999313354492,27.1200008392334,26.989999771118164,26.989999771118164,816578
2025-01-03 12:30:00,26.989999771118164,26.989999771118164,26.91010093688965,26.969999313354492,877432
2025-01-03 13:30:00,26.969999313354492,27.059999465942383,26.95316505432129,27.03181266784668,690896
2025-01-03 14:30:00,27.03499984741211,27.049999237060547,26.950000762939453,26.987300872802734,702317
2025-01-03 15:30:00,26.98500061035156,26.989999771118164,26.950000762939453,26.975000381469727,724801
2025-01-03 16:00:00,26.98,27.0,26.97,26.98,0
2025-01-03 17:00:00,26.97,26.99,26.97,26.98,0
2025-01-03 18:00:00,26.99,26.99,26.98,26.9801,0
2025-01-06 04:00:00,27.04,27.2,26.94,27.12,0
2025-01-06 05:00:00,27.1,27.13,27.09,27.1,0
2025-01-06 06:00:00,27.09,27.38,27.08,27.35,0
2025-01-06 07:00:00,27.38,27.59,27.38,27.49,0
2025-01-06 08:00:00,27.47,27.63,26.82,27.5899,0
2025-01-06 09:00:00,27.57,28.43,26.915,27.3199,0
2025-01-06 09:30:00,27.1299991607666,27.479900360107425,27.06999969482422,27.469999313354492,4531227
2025-01-06 10:30:00,27.479999542236328,27.48500061035156,27.33009910583496,27.440000534057617,1530723
2025-01-06 11:30:00,27.44989967346191,27.48500061035156,27.3700008392334,27.3799991607666,1499891
2025-01-06 12:30:00,27.375,27.395000457763672,27.309999465942383,27.329999923706055,1202239
2025-01-06 13:30:00,27.31999969482422,27.34980010986328,27.25,27.29750061035156,1386930
2025-01-06 14:30:00,27.295000076293945,27.305099487304688,27.239999771118164,27.2549991607666,890671
2025-01-06 15:30:00,27.2549991607666,27.270000457763672,27.209999084472656,27.219999313354492,1321877
2025-01-06 16:00:00,27.24,27.5726,27.231,27.27,0
2025-01-06 17:00:00,27.27,27.3,27.2212,27.25,0
2025-01-06 18:00:00,27.28,27.28,27.2225,27.27,0
2025-01-07 04:00:00,27.49,27.52,27.45,27.52,0
2025-01-07 05:00:00,27.54,27.54,27.5,27.52,0
2025-01-07 06:00:00,27.53,27.55,27.46,27.46,0
2025-01-07 07:00:00,27.46,27.57,27.46,27.51,0
2025-01-07 08:00:00,27.51,27.65,27.4,27.61,0
2025-01-07 09:00:00,27.64,27.67,27.24,27.605,0
2025-01-07 09:30:00,27.63999938964844,27.67620086669922,27.309999465942383,27.549999237060547,5240855
2025-01-07 10:30:00,27.549999237060547,27.569700241088867,27.38010025024414,27.43000030517578,2447632
2025-01-07 11:30:00,27.424999237060547,27.475000381469727,27.34000015258789,27.3799991607666,1255124
2025-01-07 12:30:00,27.38999938964844,27.440000534057617,27.34000015258789,27.40999984741211,811384
2025-01-07 13:30:00,27.40999984741211,27.40999984741211,27.350099563598633,27.375,1089373
2025-01-07 14:30:00,27.3799991607666,27.44499969482422,27.344999313354492,27.364999771118164,804157
2025-01-07 15:30:00,27.364999771118164,27.38999938964844,27.329999923706055,27.34000015258789,1194238
2025-01-07 16:00:00,27.33,27.3701,27.33,27.3701,0
2025-01-07 17:00:00,27.3701,27.44,27.37,27.3701,0
2025-01-07 18:00:00,27.3799,27.42,27.37,27.38,0
2025-01-08 04:00:00,27.41,27.49,27.37,27.47,0
2025-01-08 05:00:00,27.47,27.54,27.47,27.53,0
2025-01-08 06:00:00,27.55,27.55,27.43,27.43,0
2025-01-08 07:00:00,27.42,27.47,27.31,27.36,0
2025-01-08 08:00:00,27.35,27.5288,27.3297,27.46,0
2025-01-08 09:00:00,27.373,27.62,27.35,27.5799,0
2025-01-08 09:30:00,27.61000061035156,27.649999618530273,27.450000762939453,27.527299880981445,3358903
2025-01-08 10:30:00,27.520000457763672,27.559999465942383,27.450000762939453,27.45789909362793,889437
2025-01-08 11:30:00,27.454999923706055,27.535499572753903,27.31999969482422,27.34000015258789,1315229
2025-01-08 12:30:00,27.344999313354492,27.38999938964844,27.145000457763672,27.38999938964844,3143203
2025-01-08 13:30:00,27.395000457763672,27.459999084472656,27.260000228881836,27.44099998474121,1255436
2025-01-08 14:30:00,27.440000534057617,27.450000762939453,27.340099334716797,27.390199661254883,1457940
2025-01-08 15:30:00,27.38999938964844,27.440000534057617,27.375,27.420000076293945,1088993
2025-01-08 16:00:00,27.4,27.44,27.4,27.43,0
2025-01-08 17:00:00,27.4203,28.585,27.41,27.4101,0
2025-01-08 18:00:00,27.42,27.45,27.42,27.4491,0
2025-01-10 04:00:00,27.54,27.63,27.54,27.63,0
2025-01-10 05:00:00,27.63,27.65,27.6,27.64,0
2025-01-10 06:00:00,27.63,27.72,27.63,27.67,0
2025-01-10 07:00:00,27.67,27.71,27.62,27.62,0
2025-01-10 08:00:00,27.62,27.7096,27.51,27.55,0
2025-01-10 09:00:00,27.52,27.82,27.27,27.78,0
2025-01-10 09:30:00,27.93000030517578,27.940000534057617,27.614999771118164,27.834999084472656,11450643
2025-01-10 10:30:00,27.829999923706055,27.899999618530273,27.549999237060547,27.69499969482422,4796234
2025-01-10 11:30:00,27.690000534057617,27.856700897216797,27.662700653076172,27.739999771118164,2174699
2025-01-10 12:30:00,27.75,27.78499984741211,27.625,27.635000228881836,1291416
2025-01-10 13:30:00,27.635000228881836,27.729999542236328,27.600000381469727,27.69989967346191,1649492
2025-01-10 14:30:00,27.69499969482422,27.700300216674805,27.6299991607666,27.649999618530273,773992
2025-01-10 15:30:00,27.649999618530273,27.659900665283203,27.61000061035156,27.6200008392334,1434543
2025-01-10 16:00:00,27.61,27.72,27.61,27.7,0
2025-01-10 17:00:00,27.69,27.72,27.6897,27.69,0
2025-01-10 18:00:00,27.68,27.7325,27.65,27.6916,0
2025-01-13 04:00:00,27.61,27.71,27.37,27.37,0
2025-01-13 05:00:00,27.37,27.47,27.25,27.36,0
2025-01-13 06:00:00,27.38,27.38,27.3,27.34,0
2025-01-13 07:00:00,27.34,27.36,26.98,27.01,0
2025-01-13 08:00:00,27.0,27.678,26.94,27.05,0
2025-01-13 09:00:00,27.06,27.61,26.93,26.95,0
2025-01-13 09:30:00,27.0,27.184999465942383,26.950000762939453,26.96500015258789,6659772
2025-01-13 10:30:00,26.969999313354492,27.09000015258789,26.8700008392334,27.030000686645508,2475827
2025-01-13 11:30:00,27.030000686645508,27.06999969482422,26.950000762939453,27.010000228881836,1911727
2025-01-13 12:30:00,27.019899368286133,27.04990005493164,26.979999542236328,27.0049991607666,1443828
2025-01-13 13:30:00,27.010000228881836,27.040000915527344,26.90999984741211,26.979900360107425,919799
2025-01-13 14:30:00,26.97010040283203,27.0,26.93000030517578,26.950899124145508,1044469
2025-01-13 15:30:00,26.950000762939453,27.0,26.93000030517578,26.954999923706055,1930779
2025-01-13 16:00:00,26.96,26.98,26.93,26.97,0
2025-01-13 17:00:00,26.97,26.99,26.94,26.9703,0
2025-01-13 18:00:00,26.98,27.1,26.9708,27.03,0
2025-01-14 04:00:00,27.07,27.11,27.03,27.05,0
2025-01-14 05:00:00,27.06,27.08,27.02,27.05,0
2025-01-14 06:00:00,27.05,27.06,27.02,27.03,0
2025-01-14 07:00:00,27.05,27.1,27.05,27.08,0
2025-01-14 08:00:00,27.09,27.15,26.93,27.0602,0
2025-01-14 09:00:00,27.07,27.25,27.0,27.0299,0
2025-01-14 09:30:00,27.030000686645508,27.26499938964844,27.010000228881836,27.229999542236328,2547469
2025-01-14 10:30:00,27.23500061035156,27.30500030517578,27.18000030517578,27.290000915527344,1488722
2025-01-14 11:30:00,27.299999237060547,27.299999237060547,27.11989974975586,27.209999084472656,1773482
2025-01-14 12:30:00,27.204999923706055,27.219900131225582,27.079999923706055,27.155000686645508,1109458
2025-01-14 13:30:00,27.15999984741211,27.204999923706055,27.131000518798828,27.15999984741211,1502928
2025-01-14 14:30:00,27.15999984741211,27.190000534057617,27.100000381469727,27.16990089416504,717582
2025-01-14 15:30:00,27.170000076293945,27.229999542236328,27.151500701904297,27.229999542236328,1532560
2025-01-14 16:00:00,27.2,27.24,27.2,27.235,0
2025-01-14 17:00:00,27.24,27.3,27.21,27.25,0
2025-01-14 18:00:00,27.2399,27.24,27.14,27.18,0
2025-01-15 04:00:00,27.34,27.4,27.3,27.38,0
2025-01-15 05:00:00,27.38,27.43,27.37,27.38,0
2025-01-15 06:00:00,27.39,27.41,27.36,27.38,0
2025-01-15 07:00:00,27.34,27.36,27.26,27.28,0
2025-01-15 08:00:00,27.28,27.4104,27.16,27.29,0
2025-01-15 09:00:00,27.33,27.67,27.3,27.54,0
2025-01-15 09:30:00,27.690000534057617,27.700000762939453,27.46500015258789,27.635000228881836,4527949
2025-01-15 10:30:00,27.6299991607666,27.739999771118164,27.55500030517578,27.670000076293945,1633445
2025-01-15 11:30:00,27.66990089416504,27.885000228881836,27.600000381469727,27.84000015258789,2740838
2025-01-15 12:30:00,27.84000015258789,27.93000030517578,27.84000015258789,27.864999771118164,1862208
2025-01-15 13:30:00,27.864999771118164,27.950000762939453,27.829999923706055,27.934999465942383,1735665
2025-01-15 14:30:00,27.93000030517578,27.969999313354492,27.899999618530273,27.96129989624023,1854283
2025-01-15 15:30:00,27.969999313354492,27.979999542236328,27.950000762939453,27.969999313354492,4631336
2025-01-15 16:00:00,27.96,28.01,27.85,27.9495,0
2025-01-15 17:00:00,27.9499,28.0,27.93,27.96,0
2025-01-15 18:00:00,27.96,27.99,27.9104,27.94,0
2025-01-16 04:00:00,28.03,28.15,28.01,28.15,0
2025-01-16 05:00:00,28.14,28.14,28.06,28.1,0
2025-01-16 06:00:00,28.1,28.11,28.0,28.07,0
2025-01-16 07:00:00,28.06,28.11,27.87,27.915,0
2025-01-16 08:00:00,27.915,28.15,27.79,27.92,0
2025-01-16 09:00:00,27.96,28.06,27.9,28.01,0
2025-01-16 09:30:00,27.979999542236328,28.097999572753903,27.88010025024414,28.040000915527344,5185178
2025-01-16 10:30:00,28.040000915527344,28.100000381469727,27.979999542236328,28.020000457763672,3135351
2025-01-16 11:30:00,28.030000686645508,28.18000030517578,28.020000457763672,28.165000915527344,2673800
2025-01-16 12:30:00,28.165000915527344,28.200000762939453,28.054500579833984,28.065000534057617,3069541
2025-01-16 13:30:00,28.059999465942383,28.08009910583496,28.00200080871582,28.05660057067871,1166364
2025-01-16 14:30:00,28.059999465942383,28.094999313354492,28.020000457763672,28.049999237060547,1012852
2025-01-16 15:30:00,28.045000076293945,28.07990074157715,28.030000686645508,28.045000076293945,1107940
2025-01-16 16:00:00,28.04,28.08,28.0305,28.05,0
2025-01-16 17:00:00,28.0401,28.08,27.5408,28.0799,0
2025-01-16 18:00:00,28.0609,28.088,27.99,28.025,0
2025-01-17 04:00:00,27.9,27.9,27.77,27.78,0
2025-01-17 05:00:00,27.78,27.82,27.73,27.75,0
2025-01-17 06:00:00,27.77,27.86,27.77,27.86,0
2025-01-17 07:00:00,27.87,27.92,27.74,27.85,0
2025-01-17 08:00:00,27.85,28.0,27.5307,27.57,0
2025-01-17 09:00:00,27.58,28.04,27.44,27.58,0
2025-01-17 09:30:00,27.5,27.7549991607666,27.454999923706055,27.67970085144043,4530966
2025-01-17 10:30:00,27.68000030517578,27.700000762939453,27.579999923706055,27.68000030517578,2093329
2025-01-17 11:30:00,27.674999237060547,27.7450008392334,27.59000015258789,27.643999099731445,1755634
2025-01-17 12:30:00,27.645000457763672,27.700000762939453,27.590099334716797,27.63999938964844,1917307
2025-01-17 13:30:00,27.635000228881836,27.674999237060547,27.590099334716797,27.594999313354492,1613094
2025-01-17 14:30:00,27.590200424194336,27.6200008392334,27.440000534057617,27.530099868774418,3565472
2025-01-17 15:30:00,27.53499984741211,27.6200008392334,27.530000686645508,27.6200008392334,2971741
2025-01-17 16:00:00,27.62,27.682201,27.57,27.63,0
2025-01-17 17:00:00,27.63,27.64,27.61,27.61,0
2025-01-17 18:00:00,27.62,27.64,27.61,27.6393,0
2025-01-21 04:00:00,27.91,27.91,27.63,27.8,0
2025-01-21 05:00:00,27.8,27.8,27.73,27.78,0
2025-01-21 06:00:00,27.75,27.8,27.73,27.78,0
2025-01-21 07:00:00,27.78,27.88,27.77,27.87,0
2025-01-21 08:00:00,27.87,27.9427,27.64,27.81,0
2025-01-21 09:00:00,27.8001,27.92,27.61,27.92,0
2025-01-21 09:30:00,27.940000534057617,27.989999771118164,27.88010025024414,27.905000686645508,3927836
2025-01-21 10:30:00,27.905000686645508,27.989999771118164,27.850000381469727,27.94499969482422,2180513
2025-01-21 11:30:00,27.940000534057617,28.059999465942383,27.940000534057617,28.04990005493164,1755888
2025-01-21 12:30:00,28.040000915527344,28.049999237060547,27.979999542236328,27.997299194335938,2665574
2025-01-21 13:30:00,27.996152877807617,28.06999969482422,27.979999542236328,28.024999618530273,1333029
2025-01-21 14:30:00,28.02470016479492,28.049999237060547,28.0049991607666,28.03499984741211,1341749
2025-01-21 15:30:00,28.03499984741211,28.059999465942383,28.010000228881836,28.010000228881836,1667295
2025-01-21 16:00:00,28.0101,28.09,27.99,28.09,0
2025-01-21 17:00:00,28.09,28.09,28.01,28.04,0
2025-01-21 18:00:00,28.06,28.07,27.9802,28.0,0
2025-01-22 04:00:00,28.09,28.18,28.09,28.18,0
2025-01-22 05:00:00,28.17,28.19,28.12,28.16,0
2025-01-22 06:00:00,28.18,28.19,28.08,28.11,0
2025-01-22 07:00:00,28.11,28.11,28.01,28.03,0
2025-01-22 08:00:00,28.03,28.2,27.97,28.0002,0
2025-01-22 09:00:00,28.0099,28.06,27.91,27.91,0
2025-01-22 09:30:00,27.959999084472656,28.03499984741211,27.81999969482422,27.93000030517578,4722880
2025-01-22 10:30:00,27.924999237060547,27.979999542236328,27.899999618530273,27.954999923706055,1522237
2025-01-22 11:30:00,27.954999923706055,28.024999618530273,27.950000762939453,28.019899368286133,2759962
2025-01-22 12:30:00,28.01499938964844,28.13999938964844,28.01499938964844,28.13999938964844,3707089
2025-01-22 13:30:00,28.135000228881836,28.15999984741211,28.094999313354492,28.104999542236328,4495921
2025-01-22 14:30:00,28.103300094604492,28.1299991607666,28.079999923706055,28.125,1550706
2025-01-22 15:30:00,28.125,28.1299991607666,28.040000915527344,28.045000076293945,2120341
2025-01-22 16:00:00,28.05,28.0992,28.04,28.07,0
2025-01-22 17:00:00,28.07,28.585,28.05,28.07,0
2025-01-22 18:00:00,28.04,28.06,28.001,28.02,0
2025-01-23 04:00:00,27.82,27.89,27.7,27.7,0
2025-01-23 05:00:00,27.72,27.86,27.69,27.83,0
2025-01-23 06:00:00,27.83,27.86,27.8,27.82,0
2025-01-23 07:00:00,27.84,27.86,27.6,27.69,0
2025-01-23 08:00:00,27.67,27.9888,27.38,27.44,0
2025-01-23 09:00:00,27.46,27.59,27.4,27.53,0
2025-01-23 09:30:00,27.520000457763672,27.59000015258789,27.440000534057617,27.454999923706055,5352202
2025-01-23 10:30:00,27.454999923706055,27.600000381469727,27.41230010986328,27.584999084472656,4317526
2025-01-23 11:30:00,27.59000015258789,27.73500061035156,27.579999923706055,27.674999237060547,2407943
2025-01-23 12:30:00,27.68000030517578,27.77989959716797,27.68000030517578,27.7450008392334,3574218
2025-01-23 13:30:00,27.7450008392334,27.75,27.690000534057617,27.71500015258789,3497413
2025-01-23 14:30:00,27.719999313354492,27.75,27.673200607299805,27.73500061035156,1848900
2025-01-23 15:30:00,27.73550033569336,27.774999618530273,27.690000534057617,27.76059913635254,2207001
2025-01-23 16:00:00,27.77,27.77,27.7,27.73,0
2025-01-23 17:00:00,27.7202,27.75,27.2679,27.73,0
2025-01-23 18:00:00,27.735,27.75,27.72,27.75,0
2025-01-24 04:00:00,28.01,28.19,28.01,28.17,0
2025-01-24 05:00:00,28.15,28.15,28.05,28.1,0
2025-01-24 06:00:00,28.09,28.14,28.06,28.13,0
2025-01-24 07:00:00,28.14,28.19,28.09,28.17,0
2025-01-24 08:00:00,28.17,28.2,27.77,28.16,0
2025-01-24 09:00:00,28.17,28.26,28.02,28.04,0
2025-01-24 09:30:00,27.940000534057617,28.045000076293945,27.80500030517578,28.01409912109375,5071759
2025-01-24 10:30:00,28.010099411010746,28.030000686645508,27.86009979248047,27.989999771118164,3239251
2025-01-24 11:30:00,27.989500045776367,28.079999923706055,27.915000915527344,27.98500061035156,1559232
2025-01-24 12:30:00,27.989999771118164,27.989999771118164,27.920000076293945,27.920000076293945,449904
2025-01-24 13:30:00,27.920000076293945,27.95989990234375,27.899999618530273,27.90999984741211,729507
2025-01-24 14:30:00,27.905000686645508,27.969900131225582,27.899999618530273,27.909900665283203,1285560
2025-01-24 15:30:00,27.905000686645508,27.93000030517578,27.8799991607666,27.90999984741211,1116342
2025-01-24 16:00:00,27.9,27.91,27.82,27.87,0
2025-01-24 17:00:00,27.855,27.87,27.82,27.84,0
2025-01-24 18:00:00,27.855,27.87,27.83,27.8694,0
2025-01-27 04:00:00,27.55,27.71,27.55,27.66,0
2025-01-27 05:00:00,27.66,27.76,27.66,27.76,0
2025-01-27 06:00:00,27.78,27.81,27.72,27.81,0
2025-01-27 07:00:00,27.81,27.87,27.75,27.81,0
2025-01-27 08:00:00,27.81,27.87,27.44,27.74,0
2025-01-27 09:00:00,27.74,27.76,27.62,27.63,0
2025-01-27 09:30:00,27.5,27.739999771118164,27.43000030517578,27.646099090576172,3886218
2025-01-27 10:30:00,27.645000457763672,27.704999923706055,27.47260093688965,27.510000228881836,2954016
2025-01-27 11:30:00,27.509899139404297,27.545000076293945,27.049999237060547,27.26499938964844,7056255
2025-01-27 12:30:00,27.26499938964844,27.397300720214844,27.26499938964844,27.38999938964844,1461225
2025-01-27 13:30:00,27.395000457763672,27.475000381469727,27.38999938964844,27.46500015258789,3547794
2025-01-27 14:30:00,27.459999084472656,27.479900360107425,27.420000076293945,27.424999237060547,1214963
2025-01-27 15:30:00,27.424999237060547,27.489999771118164,27.420000076293945,27.469999313354492,2170321
2025-01-27 16:00:00,27.46,27.5498,27.45,27.53,0
2025-01-27 17:00:00,27.54,27.54,27.52,27.53,0
2025-01-27 18:00:00,27.53,27.53,27.44,27.51,0
2025-01-28 04:00:00,27.38,27.42,27.31,27.4,0
2025-01-28 05:00:00,27.41,27.48,27.39,27.46,0
2025-01-28 06:00:00,27.47,27.48,27.44,27.48,0
2025-01-28 07:00:00,27.48,27.49,27.42,27.46,0
2025-01-28 08:00:00,27.43,27.57,27.2,27.556,0
2025-01-28 09:00:00,27.55,27.58,27.4297,27.46,0
2025-01-28 09:30:00,27.530000686645508,27.65999984741211,27.385000228881836,27.655000686645508,2726684
2025-01-28 10:30:00,27.649999618530273,27.674999237060547,27.540000915527344,27.577299118041992,1364426
2025-01-28 11:30:00,27.56999969482422,27.739999771118164,27.540000915527344,27.71500015258789,3000969
2025-01-28 12:30:00,27.71500015258789,27.729999542236328,27.649999618530273,27.700000762939453,918813
2025-01-28 13:30:00,27.709999084472656,27.760000228881836,27.670000076293945,27.69499969482422,1177928
2025-01-28 14:30:00,27.69499969482422,27.739900588989254,27.670000076293945,27.674999237060547,1147356
2025-01-28 15:30:00,27.674999237060547,27.709999084472656,27.604999542236328,27.6299991607666,3333868
2025-01-28 16:00:00,27.63,27.72,27.63,27.6701,0
2025-01-28 17:00:00,27.6701,27.69,27.65,27.6882,0
2025-01-28 18:00:00,27.6882,27.75,27.63,27.7,0
2025-01-29 04:00:00,27.73,27.78,27.69,27.7,0
2025-01-29 05:00:00,27.71,27.78,27.69,27.7,0
2025-01-29 06:00:00,27.7,27.78,27.7,27.78,0
2025-01-29 07:00:00,27.78,27.8,27.7,27.74,0
2025-01-29 08:00:00,27.74,27.95,27.55,27.78,0
2025-01-29 09:00:00,27.7899,27.94,27.71,27.9101,0
2025-01-29 09:30:00,28.059999465942383,28.209999084472656,27.969999313354492,28.0,8217019
2025-01-29 10:30:00,28.010000228881836,28.13999938964844,27.980300903320312,28.06999969482422,5387462
2025-01-29 11:30:00,28.06999969482422,28.09000015258789,27.934999465942383,27.969999313354492,2129609
2025-01-29 12:30:00,27.969999313354492,28.030000686645508,27.86000061035156,28.020000457763672,1848512
2025-01-29 13:30:00,28.019899368286133,28.019899368286133,27.850000381469727,27.912500381469727,2068464
2025-01-29 14:30:00,27.915000915527344,28.13999938964844,27.8799991607666,28.05010032653809,4104658
2025-01-29 15:30:00,28.059999465942383,28.06999969482422,27.96500015258789,28.010000228881836,2524076
2025-01-29 16:00:00,28.0,28.08,27.99,28.08,0
2025-01-29 17:00:00,28.08,28.09,28.06,28.0601,0
2025-01-29 18:00:00,28.0601,28.11,28.06,28.0998,0
2025-01-30 04:00:00,28.32,28.32,28.16,28.26,0
2025-01-30 05:00:00,28.28,28.33,28.24,28.3,0
2025-01-30 06:00:00,28.31,28.34,28.27,28.33,0
2025-01-30 07:00:00,28.33,28.34,28.21,28.27,0
2025-01-30 08:00:00,28.27,28.47,28.04,28.3995,0
2025-01-30 09:00:00,28.38,28.6,28.34,28.52,0
2025-01-30 09:30:00,28.649999618530273,28.790000915527344,28.530099868774418,28.7450008392334,9519618
2025-01-30 10:30:00,28.7450008392334,28.899999618530273,28.65999984741211,28.7450008392334,10176361
2025-01-30 11:30:00,28.75,28.809999465942383,28.530000686645508,28.65999984741211,5512133
2025-01-30 12:30:00,28.665000915527344,28.790000915527344,28.65999984741211,28.71500015258789,1865968
2025-01-30 13:30:00,28.71500015258789,28.776500701904297,28.690000534057617,28.719999313354492,5702306
2025-01-30 14:30:00,28.719999313354492,28.774999618530273,28.70009994506836,28.725000381469727,1793244
2025-01-30 15:30:00,28.725000381469727,28.755699157714844,28.625,28.719999313354492,3557126
2025-01-30 16:00:00,28.72,28.87,28.71,28.81,0
2025-01-30 17:00:00,28.8003,28.83,27.5408,28.8,0
2025-01-30 18:00:00,28.8,28.88,28.761,28.87,0
2025-01-31 04:00:00,28.84,28.84,28.65,28.76,0
2025-01-31 05:00:00,28.79,28.81,28.75,28.75,0
2025-01-31 06:00:00,28.77,28.8,28.72,28.78,0
2025-01-31 07:00:00,28.78,28.87,28.76,28.84,0
2025-01-31 08:00:00,28.83,28.88,28.61,28.84,0
2025-01-31 09:00:00,28.8364,28.85,28.74,28.77,0
2025-01-31 09:30:00,28.770000457763672,28.844999313354492,28.584999084472656,28.725000381469727,6085312
2025-01-31 10:30:00,28.729999542236328,28.770000457763672,28.56010055541992,28.635000228881836,2801393
2025-01-31 11:30:00,28.63999938964844,28.780000686645508,28.519899368286133,28.6299991607666,5089611
2025-01-31 12:30:00,28.63999938964844,28.73699951171875,28.5,28.53499984741211,4989652
2025-01-31 13:30:00,28.530000686645508,28.63999938964844,28.469999313354492,28.530000686645508,2697331
2025-01-31 14:30:00,28.540000915527344,28.56999969482422,28.38999938964844,28.415000915527344,2379451
2025-01-31 15:30:00,28.415000915527344,28.530000686645508,28.39349937438965,28.520000457763672,1705291
2025-01-31 16:00:00,28.51,28.58,28.48,28.52,0
2025-01-31 17:00:00,28.52,28.53,28.48,28.53,0
2025-01-31 18:00:00,28.5299,28.5299,28.5,28.52,0
2025-02-03 04:00:00,28.39,28.53,28.3,28.36,0
2025-02-03 05:00:00,28.36,28.46,28.34,28.39,0
2025-02-03 06:00:00,28.39,28.55,28.39,28.46,0
2025-02-03 07:00:00,28.46,28.51,28.45,28.48,0
2025-02-03 08:00:00,28.49,28.6,28.1,28.53,0
2025-02-03 09:00:00,28.53,28.63,28.41,28.6,0
2025-02-03 09:30:00,28.549999237060547,28.719999313354492,28.200000762939453,28.48500061035156,10245964
2025-02-03 10:30:00,28.489999771118164,28.834999084472656,28.3700008392334,28.790000915527344,8742143
2025-02-03 11:30:00,28.790000915527344,28.850000381469727,28.565000534057617,28.78499984741211,4732829
2025-02-03 12:30:00,28.780000686645508,28.797100067138672,28.6200008392334,28.719999313354492,3172959
2025-02-03 13:30:00,28.719999313354492,28.790000915527344,28.700000762939453,28.740100860595703,1464070
2025-02-03 14:30:00,28.739999771118164,28.780000686645508,28.68000030517578,28.688600540161133,1342527
2025-02-03 15:30:00,28.684999465942383,28.70690155029297,28.649999618530273,28.670000076293945,1758351
2025-02-03 16:00:00,28.69,28.77,28.6,28.77,0
2025-02-03 17:00:00,28.77,28.77,28.61,28.73,0
2025-02-03 18:00:00,28.73,28.73,28.63,28.69,0
2025-02-04 04:00:00,28.8,28.85,28.76,28.8,0
2025-02-04 05:00:00,28.82,28.82,28.75,28.8,0
2025-02-04 06:00:00,28.8,28.83,28.77,28.81,0
2025-02-04 07:00:00,28.81,28.82,28.76,28.8,0
2025-02-04 08:00:00,28.79,29.0099,28.55,29.0,0
2025-02-04 09:00:00,29.0,29.15,28.93,29.07,0
2025-02-04 09:30:00,29.11000061035156,29.420000076293945,29.05500030517578,29.420000076293945,11202811
2025-02-04 10:30:00,29.415000915527344,29.434999465942383,29.02120018005371,29.354900360107425,14078628
2025-02-04 11:30:00,29.350000381469727,29.44700050354004,29.290700912475582,29.334999084472656,5049472
2025-02-04 12:30:00,29.334999084472656,29.479999542236328,29.334999084472656,29.41010093688965,2168344
2025-02-04 13:30:00,29.40999984741211,29.459999084472656,29.31999969482422,29.325000762939453,2488609
2025-02-04 14:30:00,29.325000762939453,29.359899520874023,29.15999984741211,29.204999923706055,3657499
2025-02-04 15:30:00,29.200000762939453,29.239999771118164,29.18000030517578,29.219999313354492,2782894
2025-02-04 16:00:00,29.22,29.397202,29.2,29.2402,0
2025-02-04 17:00:00,29.25,29.26,29.21,29.25,0
2025-02-04 18:00:00,29.25,29.26,29.21,29.22,0
2025-02-05 04:00:00,29.45,29.58,29.45,29.57,0
2025-02-05 05:00:00,29.57,29.6,29.54,29.6,0
2025-02-05 06:00:00,29.6,29.64,29.36,29.4,0
2025-02-05 07:00:00,29.4,29.42,29.35,29.39,0
2025-02-05 08:00:00,29.41,29.64,29.3,29.38,0
2025-02-05 09:00:00,29.41,29.43,29.18,29.3301,0
2025-02-05 09:30:00,29.36000061035156,29.559999465942383,29.354999542236328,29.520000457763672,6170723
2025-02-05 10:30:00,29.524999618530273,29.61989974975586,29.350000381469727,29.520000457763672,6435750
2025-02-05 11:30:00,29.524999618530273,29.625,29.490100860595703,29.545000076293945,2767505
2025-02-05 12:30:00,29.545000076293945,29.6200008392334,29.520000457763672,29.540000915527344,3428733
2025-02-05 13:30:00,29.549999237060547,29.559999465942383,29.399999618530273,29.48500061035156,3527263
2025-02-05 14:30:00,29.48500061035156,29.5,29.399999618530273,29.46500015258789,3354672
2025-02-05 15:30:00,29.469900131225582,29.479999542236328,29.309999465942383,29.354999542236328,5215221
2025-02-05 16:00:00,29.36,29.43,29.35,29.42,0
2025-02-05 17:00:00,29.4196,29.4196,28.585,29.38,0
2025-02-05 18:00:00,29.39,29.44,29.38,29.43,0
2025-02-06 04:00:00,29.14,29.32,29.14,29.2,0
2025-02-06 05:00:00,29.2,29.23,29.15,29.21,0
2025-02-06 06:00:00,29.21,29.21,29.06,29.09,0
2025-02-06 07:00:00,29.09,29.24,29.07,29.2,0
2025-02-06 08:00:00,29.2,29.46,28.93,29.19,0
2025-02-06 09:00:00,29.12,29.2,29.0598,29.16,0
2025-02-06 09:30:00,29.239999771118164,29.280000686645508,28.905000686645508,29.104999542236328,5788655
2025-02-06 10:30:00,29.11000061035156,29.329999923706055,29.09000015258789,29.30500030517578,2707140
2025-02-06 11:30:00,29.30010032653809,29.349899291992188,29.219999313354492,29.32990074157715,1455567
2025-02-06 12:30:00,29.31999969482422,29.38999938964844,29.290000915527344,29.375,2441647
2025-02-06 13:30:00,29.375,29.399999618530273,29.32200050354004,29.334999084472656,1533923
2025-02-06 14:30:00,29.334999084472656,29.36000061035156,29.299999237060547,29.329999923706055,2395261
2025-02-06 15:30:00,29.34000015258789,29.40999984741211,29.334999084472656,29.385000228881836,1231138
2025-02-06 16:00:00,29.38,29.39,29.34,29.35,0
2025-02-06 17:00:00,29.35,29.38,29.28,29.34,0
2025-02-06 18:00:00,29.34,29.38,29.31,29.3201,0
2025-02-07 04:00:00,29.42,29.6,29.42,29.48,0
2025-02-07 05:00:00,29.48,29.48,29.31,29.37,0
2025-02-07 06:00:00,29.37,29.41,29.35,29.4,0
2025-02-07 07:00:00,29.4,29.42,29.32,29.34,0
2025-02-07 08:00:00,29.34,29.4985,29.27,29.34,0
2025-02-07 09:00:00,29.35,29.48,29.1,29.4603,0
2025-02-07 09:30:00,29.56999969482422,29.659900665283203,29.46500015258789,29.6299991607666,7727295
2025-02-07 10:30:00,29.6200008392334,29.739999771118164,29.290000915527344,29.329299926757812,5980109
2025-02-07 11:30:00,29.325000762939453,29.36000061035156,29.11000061035156,29.120100021362305,3250586
2025-02-07 12:30:00,29.1200008392334,29.205799102783203,29.049999237060547,29.149999618530273,1384209
2025-02-07 13:30:00,29.149999618530273,29.155000686645508,28.979999542236328,29.049999237060547,1607945
2025-02-07 14:30:00,29.049999237060547,29.07799911499023,28.979999542236328,28.979999542236328,2293999
2025-02-07 15:30:00,28.989999771118164,29.059999465942383,28.940000534057617,29.040000915527344,3112892
2025-02-07 16:00:00,29.02,29.31,28.66,28.96,0
2025-02-07 17:00:00,28.96,29.03,28.94,29.01,0
2025-02-07 18:00:00,29.01,29.03,28.87,28.99,0
2025-02-10 04:00:00,29.34,29.4,29.22,29.38,0
2025-02-10 05:00:00,29.38,29.45,29.37,29.41,0
2025-02-10 06:00:00,29.41,29.43,29.33,29.37,0
2025-02-10 07:00:00,29.37,29.41,29.32,29.33,0
2025-02-10 08:00:00,29.34,29.4288,29.13,29.31,0
2025-02-10 09:00:00,29.31,29.3602,29.06,29.14,0
2025-02-10 09:30:00,29.149999618530273,29.36000061035156,29.13999938964844,29.30500030517578,4093921
2025-02-10 10:30:00,29.299999237060547,29.34000015258789,29.174999237060547,29.200000762939453,2212601
2025-02-10 11:30:00,29.19989967346191,29.25,29.114999771118164,29.125,1710420
2025-02-10 12:30:00,29.1200008392334,29.200000762939453,29.075000762939453,29.200000762939453,1346904
2025-02-10 13:30:00,29.19499969482422,29.229999542236328,29.174999237060547,29.219999313354492,843676
2025-02-10 14:30:00,29.219999313354492,29.25,29.165000915527344,29.170000076293945,1607847
2025-02-10 15:30:00,29.174999237060547,29.200000762939453,29.13999938964844,29.190000534057617,1371050
2025-02-10 16:00:00,29.2,29.21,29.16,29.1892,0
2025-02-10 17:00:00,29.1892,29.2299,29.15,29.22,0
2025-02-10 18:00:00,29.21,29.24,29.17,29.2,0
2025-02-11 04:00:00,28.9,29.14,28.86,28.97,0
2025-02-11 05:00:00,28.97,28.98,28.9,28.93,0
2025-02-11 06:00:00,28.94,28.95,28.83,28.89,0
2025-02-11 07:00:00,28.89,28.93,28.83,28.845,0
2025-02-11 08:00:00,28.85,29.14,28.45,28.59,0
2025-02-11 09:00:00,28.6,28.81,28.5698,28.7897,0
2025-02-11 09:30:00,28.86000061035156,29.040000915527344,28.81999969482422,29.040000915527344,5385683
2025-02-11 10:30:00,29.030000686645508,29.109899520874023,29.0049991607666,29.06999969482422,2605720
2025-02-11 11:30:00,29.06999969482422,29.06999969482422,28.979999542236328,29.045000076293945,971333
2025-02-11 12:30:00,29.045000076293945,29.099899291992188,29.020000457763672,29.06010055541992,1375060
2025-02-11 13:30:00,29.065000534057617,29.09000015258789,28.989999771118164,29.0049991607666,745574
2025-02-11 14:30:00,29.0049991607666,29.059900283813477,28.979999542236328,28.979999542236328,803768
2025-02-11 15:30:00,28.979999542236328,29.0,28.950000762939453,28.989999771118164,1361567
2025-02-11 16:00:00,29.0,29.0,28.96,28.9705,0
2025-02-11 17:00:00,28.97,29.0,28.89,28.89,0
2025-02-11 18:00:00,28.95,29.0,28.9,28.99,0
2025-02-12 04:00:00,28.97,29.0,28.89,28.91,0
2025-02-12 05:00:00,28.9,29.02,28.88,28.99,0
2025-02-12 06:00:00,28.95,28.99,28.88,28.93,0
2025-02-12 07:00:00,28.94,28.95,28.9,28.91,0
2025-02-12 08:00:00,28.92,29.08,28.82,28.93,0
2025-02-12 09:00:00,28.88,29.2,28.681,29.2,0
2025-02-12 09:30:00,29.200000762939453,29.270000457763672,29.06999969482422,29.219999313354492,4661198
2025-02-12 10:30:00,29.225000381469727,29.329999923706055,29.209999084472656,29.269899368286133,2544335
2025-02-12 11:30:00,29.270000457763672,29.459999084472656,29.260099411010746,29.454999923706055,3247192
2025-02-12 12:30:00,29.454999923706055,29.469999313354492,29.30500030517578,29.31010055541992,2098129
2025-02-12 13:30:00,29.299999237060547,29.37649917602539,29.280000686645508,29.3031005859375,1336604
2025-02-12 14:30:00,29.299999237060547,29.34000015258789,29.270299911499023,29.31999969482422,822354
2025-02-12 15:30:00,29.325000762939453,29.354999542236328,29.309999465942383,29.31999969482422,1513177
2025-02-12 16:00:00,29.34,29.36,29.31,29.35,0
2025-02-12 17:00:00,29.34,29.41,29.33,29.4066,0
2025-02-12 18:00:00,29.35,29.41,29.33,29.3901,0
2025-02-13 04:00:00,29.47,29.47,29.31,29.35,0
2025-02-13 05:00:00,29.39,29.4,29.35,29.4,0
2025-02-13 06:00:00,29.4,29.43,29.37,29.37,0
2025-02-13 07:00:00,29.4,29.4,29.32,29.32,0
2025-02-13 08:00:00,29.34,29.53,29.3,29.35,0
2025-02-13 09:00:00,29.35,29.39,29.12,29.22,0
2025-02-13 09:30:00,29.190000534057617,29.310699462890625,29.1200008392334,29.261499404907227,3506745
2025-02-13 10:30:00,29.260000228881836,29.350000381469727,29.229999542236328,29.315000534057617,2065759
2025-02-13 11:30:00,29.318700790405273,29.31999969482422,29.22010040283203,29.25,3352188
2025-02-13 12:30:00,29.2450008392334,29.315000534057617,29.200000762939453,29.286500930786133,1430181
2025-02-13 13:30:00,29.2893009185791,29.424999237060547,29.219999313354492,29.399999618530273,1724663
2025-02-13 14:30:00,29.40999984741211,29.459999084472656,29.3799991607666,29.44499969482422,2809494
2025-02-13 15:30:00,29.44499969482422,29.479999542236328,29.424999237060547,29.459999084472656,1547065
2025-02-13 16:00:00,29.46,29.5,29.4299,29.44,0
2025-02-13 17:00:00,29.43,29.47,27.5408,29.45,0
2025-02-13 18:00:00,29.44,29.5,29.41,29.4799,0
2025-02-14 04:00:00,30.26,30.28,30.0,30.27,0
2025-02-14 05:00:00,30.27,30.37,30.25,30.36,0
2025-02-14 06:00:00,30.36,30.36,30.22,30.23,0
2025-02-14 07:00:00,30.23,30.28,30.1,30.25,0
2025-02-14 08:00:00,30.25,30.38,29.46,30.38,0
2025-02-14 09:00:00,30.3799,30.4,29.92,30.07,0
2025-02-14 09:30:00,30.239999771118164,30.274999618530273,29.75,29.78350067138672,13165542
2025-02-14 10:30:00,29.780000686645508,29.940000534057617,29.46500015258789,29.520000457763672,8935945
2025-02-14 11:30:00,29.510000228881836,29.575300216674805,29.3700008392334,29.450000762939453,3769475
2025-02-14 12:30:00,29.450000762939453,29.54560089111328,29.440000534057617,29.464000701904297,2125695
2025-02-14 13:30:00,29.469999313354492,29.48500061035156,29.36000061035156,29.454999923706055,1344169
2025-02-14 14:30:00,29.459299087524418,29.459299087524418,29.364999771118164,29.394699096679688,1579820
2025-02-14 15:30:00,29.395000457763672,29.399999618530273,29.200000762939453,29.299999237060547,3518231
2025-02-14 16:00:00,29.31,29.32,29.26,29.28,0
2025-02-14 17:00:00,29.2799,29.32,29.27,29.32,0
2025-02-14 18:00:00,29.32,29.32,29.3,29.3003,0
2025-02-18 04:00:00,29.56,29.64,29.55,29.56,0
2025-02-18 05:00:00,29.56,29.61,29.55,29.58,0
2025-02-18 06:00:00,29.56,29.58,29.53,29.58,0
2025-02-18 07:00:00,29.57,29.59,29.5,29.54,0
2025-02-18 08:00:00,29.56,29.6788,29.45,29.56,0
2025-02-18 09:00:00,29.56,29.64,29.51,29.6,0
2025-02-18 09:30:00,29.6200008392334,29.700000762939453,29.56999969482422,29.645000457763672,5180139
2025-02-18 10:30:00,29.645000457763672,29.940000534057617,29.57159996032715,29.897300720214844,4233048
2025-02-18 11:30:00,29.888399124145508,29.959999084472656,29.831499099731445,29.850000381469727,4500897
2025-02-18 12:30:00,29.850000381469727,29.8799991607666,29.799999237060547,29.82379913330078,1343093
2025-02-18 13:30:00,29.829299926757812,29.940000534057617,29.80500030517578,29.8799991607666,1287556
2025-02-18 14:30:00,29.8799991607666,29.940000534057617,29.850000381469727,29.90999984741211,1254955
2025-02-18 15:30:00,29.91990089416504,29.93000030517578,29.86000061035156,29.8799991607666,2056221
2025-02-18 16:00:00,29.91,29.94,29.87,29.92,0
2025-02-18 17:00:00,29.9394,29.95,29.93,29.9499,0
2025-02-18 18:00:00,29.95,29.98,29.92,29.96,0
2025-02-19 04:00:00,29.77,30.05,29.77,30.01,0
2025-02-19 05:00:00,30.01,30.06,30.0,30.06,0
2025-02-19 06:00:00,30.06,30.1,30.05,30.09,0
2025-02-19 07:00:00,30.08,30.09,29.88,29.97,0
2025-02-19 08:00:00,29.95,30.1,29.71,29.97,0
2025-02-19 09:00:00,29.98,30.03,29.86,29.9101,0
2025-02-19 09:30:00,29.75,29.799999237060547,29.635000228881836,29.70509910583496,4321615
2025-02-19 10:30:00,29.704999923706055,29.78499984741211,29.530000686645508,29.704999923706055,1987870
2025-02-19 11:30:00,29.70009994506836,29.729999542236328,29.65049934387207,29.670000076293945,989506
2025-02-19 12:30:00,29.67009925842285,29.704999923706055,29.6299991607666,29.68000030517578,947147
2025-02-19 13:30:00,29.67989921569824,29.829999923706055,29.6742000579834,29.829999923706055,1599702
2025-02-19 14:30:00,29.82069969177246,29.825000762939453,29.750099182128903,29.795000076293945,949307
2025-02-19 15:30:00,29.79669952392578,29.84000015258789,29.780000686645508,29.809999465942383,2170710
2025-02-19 16:00:00,29.81,29.83,29.77,29.78,0
2025-02-19 17:00:00,29.77,29.78,29.76,29.78,0
2025-02-19 18:00:00,29.77,29.81,28.585,29.77,0
2025-02-20 04:00:00,30.02,30.13,30.02,30.11,0
2025-02-20 05:00:00,30.11,30.21,30.07,30.2,0
2025-02-20 06:00:00,30.2,30.21,30.15,30.2,0
2025-02-20 07:00:00,30.2,30.2,30.02,30.03,0
2025-02-20 08:00:00,30.04,30.21,29.83,30.0994,0
2025-02-20 09:00:00,30.1,30.18,29.8399,29.8899,0
2025-02-20 09:30:00,29.979999542236328,30.1299991607666,29.899999618530273,30.0049991607666,5508599
2025-02-20 10:30:00,30.0,30.09000015258789,29.92009925842285,30.059900283813477,2300517
2025-02-20 11:30:00,30.059999465942383,30.084999084472656,29.98500061035156,30.040700912475582,1680244
2025-02-20 12:30:00,30.045000076293945,30.1299991607666,30.020000457763672,30.049999237060547,1399058
2025-02-20 13:30:00,30.059999465942383,30.098400115966797,29.989999771118164,29.989999771118164,918932
2025-02-20 14:30:00,29.9950008392334,30.010000228881836,29.899999618530273,29.91990089416504,2034487
2025-02-20 15:30:00,29.916099548339844,29.950000762939453,29.8799991607666,29.934999465942383,1333025
2025-02-20 16:00:00,29.95,30.01,29.94,30.01,0
2025-02-20 17:00:00,30.02,30.0383,29.92,29.985,0
2025-02-20 18:00:00,30.03,30.03,29.9401,30.01,0
2025-02-21 04:00:00,29.84,30.0,29.82,29.9,0
2025-02-21 05:00:00,29.91,30.0,29.91,29.98,0
2025-02-21 06:00:00,29.99,30.05,29.97,30.05,0
2025-02-21 07:00:00,30.04,30.04,29.93,30.01,0
2025-02-21 08:00:00,30.01,30.07,29.79,29.93,0
2025-02-21 09:00:00,29.93,30.02,29.8698,30.02,0
2025-02-21 09:30:00,30.020000457763672,30.030000686645508,29.57990074157715,29.649999618530273,5205808
2025-02-21 10:30:00,29.65999984741211,29.75,29.600000381469727,29.729999542236328,2182130
2025-02-21 11:30:00,29.73500061035156,29.809999465942383,29.709999084472656,29.774999618530273,1897640
2025-02-21 12:30:00,29.780000686645508,29.780000686645508,29.649999618530273,29.690000534057617,1100166
2025-02-21 13:30:00,29.690000534057617,29.829999923706055,29.68000030517578,29.71500015258789,1701650
2025-02-21 14:30:00,29.71969985961914,29.725000381469727,29.59000015258789,29.604999542236328,1833367
2025-02-21 15:30:00,29.604999542236328,29.63999938964844,29.579999923706055,29.61000061035156,1291391
2025-02-21 16:00:00,29.59,29.6401,29.5397,29.55,0
2025-02-21 17:00:00,29.54,29.665,29.54,29.64,0
2025-02-21 18:00:00,29.64,29.75,29.62,29.6201,0
2025-02-24 04:00:00,29.66,29.7,29.63,29.64,0
2025-02-24 05:00:00,29.63,29.64,29.59,29.6,0
2025-02-24 06:00:00,29.59,29.59,29.52,29.53,0
2025-02-24 07:00:00,29.56,29.6,29.54,29.6,0
2025-02-24 08:00:00,29.59,29.76,29.5204,29.6699,0
2025-02-24 09:00:00,29.66,29.79,29.62,29.66,0
2025-02-24 09:30:00,29.56999969482422,29.614999771118164,29.209999084472656,29.260000228881836,4779165
2025-02-24 10:30:00,29.260000228881836,29.420000076293945,29.229999542236328,29.383499145507812,3840925
2025-02-24 11:30:00,29.38999938964844,29.420000076293945,29.350000381469727,29.405000686645508,1292684
2025-02-24 12:30:00,29.399999618530273,29.424999237060547,29.36009979248047,29.404600143432617,574198
2025-02-24 13:30:00,29.4064998626709,29.5,29.40130043029785,29.411800384521484,1196032
2025-02-24 14:30:00,29.40999984741211,29.459999084472656,29.405000686645508,29.420000076293945,756617
2025-02-24 15:30:00,29.415000915527344,29.469999313354492,29.40999984741211,29.43000030517578,1170930
2025-02-24 16:00:00,29.43,29.48,29.42,29.43,0
2025-02-24 17:00:00,29.43,29.4499,27.2679,29.425,0
2025-02-24 18:00:00,29.45,29.47,29.35,29.38,0
2025-02-25 04:00:00,29.31,29.35,29.27,29.33,0
2025-02-25 05:00:00,29.32,29.36,29.3,29.36,0
2025-02-25 06:00:00,29.37,29.37,29.25,29.29,0
2025-02-25 07:00:00,29.3,29.31,29.089,29.11,0
2025-02-25 08:00:00,29.11,29.44,28.87,29.1203,0
2025-02-25 09:00:00,29.13,29.44,29.1,29.1798,0
2025-02-25 09:30:00,29.170000076293945,29.299999237060547,28.709999084472656,28.750999450683594,7343096
2025-02-25 10:30:00,28.75,28.850099563598633,28.5,28.524999618530273,3703121
2025-02-25 11:30:00,28.52989959716797,28.66990089416504,28.469999313354492,28.61000061035156,1875202
2025-02-25 12:30:00,28.61000061035156,28.760000228881836,28.600000381469727,28.684999465942383,1020752
2025-02-25 13:30:00,28.684999465942383,28.815000534057617,28.6200008392334,28.650100708007812,3946932
2025-02-25 14:30:00,28.65999984741211,28.809999465942383,28.65999984741211,28.78459930419922,1519804
2025-02-25 15:30:00,28.780000686645508,28.84000015258789,28.751300811767575,28.829999923706055,2208321
2025-02-25 16:00:00,28.825,28.94,28.81,28.91,0
2025-02-25 17:00:00,28.91,28.92,28.85,28.8781,0
2025-02-25 18:00:00,28.88,28.99,28.85,28.96,0
2025-02-26 04:00:00,29.01,29.06,28.93,28.94,0
2025-02-26 05:00:00,28.94,28.99,28.9,28.95,0
2025-02-26 06:00:00,28.95,28.95,28.88,28.92,0
2025-02-26 07:00:00,28.92,28.94,28.85,28.89,0
2025-02-26 08:00:00,28.89,29.0104,28.8,28.93,0
2025-02-26 09:00:00,28.92,28.94,28.76,28.79,0
2025-02-26 09:30:00,28.780000686645508,29.0,28.65999984741211,28.979900360107425,2999244
2025-02-26 10:30:00,28.969999313354492,29.07990074157715,28.940099716186523,29.0049991607666,1623285
2025-02-26 11:30:00,29.009899139404297,29.07990074157715,28.9950008392334,29.06999969482422,945414
2025-02-26 12:30:00,29.06999969482422,29.100000381469727,29.020000457763672,29.049999237060547,1576336
2025-02-26 13:30:00,29.040700912475582,29.040700912475582,28.899999618530273,28.949499130249023,1150082
2025-02-26 14:30:00,28.947900772094727,28.979999542236328,28.8799991607666,28.954999923706055,904373
2025-02-26 15:30:00,28.95199966430664,28.98900032043457,28.940000534057617,28.940000534057617,887576
2025-02-26 16:00:00,28.94,29.02,28.94,29.02,0
2025-02-26 17:00:00,29.02,29.04,28.95,29.02,0
2025-02-26 18:00:00,29.01,29.0399,29.0,29.0,0
2025-02-27 04:00:00,28.91,28.93,28.77,28.92,0
2025-02-27 05:00:00,28.91,28.97,28.88,28.96,0
2025-02-27 06:00:00,28.96,29.0,28.94,28.94,0
2025-02-27 07:00:00,28.94,28.98,28.86,28.98,0
2025-02-27 08:00:00,28.98,29.03,28.74,28.9403,0
2025-02-27 09:00:00,28.93,29.05,28.87,28.95,0
2025-02-27 09:30:00,28.940000534057617,28.940000534057617,28.469999313354492,28.729999542236328,5970230
2025-02-27 10:30:00,28.729999542236328,28.760000228881836,28.530000686645508,28.546241760253903,1279304
2025-02-27 11:30:00,28.545000076293945,28.65999984741211,28.521299362182617,28.655000686645508,3117783
2025-02-27 12:30:00,28.65999984741211,28.707000732421875,28.600000381469727,28.674999237060547,984670
2025-02-27 13:30:00,28.670000076293945,28.68000030517578,28.530000686645508,28.53499984741211,606345
2025-02-27 14:30:00,28.530000686645508,28.530000686645508,28.384899139404297,28.38999938964844,1998334
2025-02-27 15:30:00,28.391599655151367,28.450000762939453,28.384199142456055,28.415000915527344,2281081
2025-02-27 16:00:00,28.4,28.4697,28.37,28.4502,0
2025-02-27 17:00:00,28.46,28.46,27.5408,28.43,0
2025-02-27 18:00:00,28.43,28.46,28.41,28.44,0
2025-02-28 04:00:00,28.35,28.4,28.22,28.36,0
2025-02-28 05:00:00,28.35,28.38,28.28,28.29,0
2025-02-28 06:00:00,28.29,28.38,28.285,28.31,0
2025-02-28 07:00:00,28.32,28.37,28.31,28.32,0
2025-02-28 08:00:00,28.32,28.44,28.2299,28.34,0
2025-02-28 09:00:00,28.35,28.4099,28.17,28.22,0
2025-02-28 09:30:00,28.18000030517578,28.309900283813477,28.040000915527344,28.2947998046875,4629441
2025-02-28 10:30:00,28.299999237060547,28.399999618530273,28.190099716186523,28.239999771118164,3145850
2025-02-28 11:30:00,28.239999771118164,28.345399856567383,28.209999084472656,28.274999618530273,1293165
2025-02-28 12:30:00,28.274999618530273,28.290000915527344,28.15999984741211,28.18000030517578,1109802
2025-02-28 13:30:00,28.18000030517578,28.280000686645508,28.18000030517578,28.239999771118164,831074
2025-02-28 14:30:00,28.239999771118164,28.32990074157715,28.219999313354492,28.295000076293945,1368673
2025-02-28 15:30:00,28.290000915527344,28.350000381469727,28.25,28.315000534057617,1102970
2025-02-28 16:00:00,28.31,28.37,28.31,28.35,0
2025-02-28 17:00:00,28.36,28.39,28.31,28.31,0
2025-02-28 18:00:00,28.31,28.39,28.31,28.39,0
2025-03-03 04:00:00,28.43,28.57,28.4,28.57,0
2025-03-03 05:00:00,28.57,28.61,28.54,28.59,0
2025-03-03 06:00:00,28.59,28.7,28.59,28.65,0
2025-03-03 07:00:00,28.66,28.73,28.63,28.73,0
2025-03-03 08:00:00,28.75,28.84,28.35,28.78,0
2025-03-03 09:00:00,28.77,28.9,28.77,28.8599,0
2025-03-03 09:30:00,28.86000061035156,28.98500061035156,28.75,28.96500015258789,5690573
2025-03-03 10:30:00,28.960100173950195,28.98539924621582,28.80500030517578,28.850000381469727,2780045
2025-03-03 11:30:00,28.86000061035156,28.94499969482422,28.84000015258789,28.888399124145508,1323085
2025-03-03 12:30:00,28.885000228881836,28.950000762939453,28.802000045776367,28.82859992980957,1406145
2025-03-03 13:30:00,28.81999969482422,28.940000534057617,28.770000457763672,28.8700008392334,1634117
2025-03-03 14:30:00,28.8799991607666,28.917299270629883,28.65999984741211,28.68000030517578,1795658
2025-03-03 15:30:00,28.68000030517578,28.770000457763672,28.65999984741211,28.75,1515795
2025-03-03 16:00:00,28.75,28.85,28.6815,28.85,0
2025-03-03 17:00:00,28.85,28.92,28.82,28.82,0
2025-03-03 18:00:00,28.87,28.92,28.8,28.84,0
2025-03-04 04:00:00,28.92,29.0,28.88,28.97,0
2025-03-04 05:00:00,28.98,29.04,28.92,28.95,0
2025-03-04 06:00:00,28.95,29.01,28.91,29.0,0
2025-03-04 07:00:00,28.99,29.05,28.98,29.03,0
2025-03-04 08:00:00,29.05,29.11,28.81,28.95,0
2025-03-04 09:00:00,28.97,29.05,28.75,29.01,0
2025-03-04 09:30:00,29.040000915527344,29.049999237060547,28.63999938964844,28.710899353027344,5058868
2025-03-04 10:30:00,28.709999084472656,28.82900047302246,28.670000076293945,28.780000686645508,1447257
2025-03-04 11:30:00,28.799999237060547,28.92989921569824,28.799999237060547,28.899999618530273,1387344
2025-03-04 12:30:00,28.905000686645508,28.969999313354492,28.864999771118164,28.905000686645508,839079
2025-03-04 13:30:00,28.899999618530273,29.079999923706055,28.88999938964844,29.032899856567383,1193165
2025-03-04 14:30:00,29.03499984741211,29.13999938964844,29.030000686645508,29.12030029296875,1796548
2025-03-04 15:30:00,29.125,29.125,28.950700759887695,28.989999771118164,1718863
2025-03-04 16:00:00,28.995,29.1199,28.99,29.1,0
2025-03-04 17:00:00,29.11,29.11,27.4988,29.1096,0
2025-03-04 18:00:00,29.1,29.11,29.02,29.08,0
2025-03-05 04:00:00,29.31,29.45,29.245,29.4,0
2025-03-05 05:00:00,29.41,29.45,29.38,29.43,0
2025-03-05 06:00:00,29.43,29.43,29.29,29.32,0
2025-03-05 07:00:00,29.33,29.88,29.29,29.43,0
2025-03-05 08:00:00,29.44,29.49,29.1,29.38,0
2025-03-05 09:00:00,29.37,29.43,29.0,29.18,0
2025-03-05 09:30:00,29.229999542236328,29.59000015258789,29.209999084472656,29.555999755859375,8146846
2025-03-05 10:30:00,29.559999465942383,29.65999984741211,29.5,29.649999618530273,6538593
2025-03-05 11:30:00,29.6560001373291,29.670000076293945,29.510000228881836,29.57010078430176,1993607
2025-03-05 12:30:00,29.574199676513672,29.690000534057617,29.530000686645508,29.659900665283203,2000399
2025-03-05 13:30:00,29.655000686645508,29.709999084472656,29.600000381469727,29.704999923706055,1557413
2025-03-05 14:30:00,29.70989990234375,29.780000686645508,29.688100814819336,29.77989959716797,2579183
2025-03-05 15:30:00,29.770000457763672,29.780000686645508,29.75,29.760000228881836,2095003
2025-03-05 16:00:00,29.76,29.78,28.585,29.73,0
2025-03-05 17:00:00,29.7397,29.8,29.68,29.7693,0
2025-03-05 18:00:00,29.74,29.77,29.69,29.6999,0
2025-03-06 04:00:00,29.55,29.58,29.47,29.47,0
2025-03-06 05:00:00,29.47,29.47,29.37,29.46,0
2025-03-06 06:00:00,29.485,29.51,29.41,29.45,0
2025-03-06 07:00:00,29.46,29.54,29.46,29.5,0
2025-03-06 08:00:00,29.49,29.77,29.39,29.48,0
2025-03-06 09:00:00,29.45,29.55,29.42,29.4897,0
2025-03-06 09:30:00,29.5,29.790000915527344,29.469999313354492,29.719999313354492,4898559
2025-03-06 10:30:00,29.725000381469727,29.809999465942383,29.665000915527344,29.790000915527344,3516532
2025-03-06 11:30:00,29.799999237060547,29.81999969482422,29.760000228881836,29.809999465942383,1719829
2025-03-06 12:30:00,29.80500030517578,29.829999923706055,29.65999984741211,29.78499984741211,2863465
2025-03-06 13:30:00,29.785200119018555,29.809999465942383,29.68000030517578,29.709999084472656,1155095
2025-03-06 14:30:00,29.700000762939453,29.829999923706055,29.68000030517578,29.71500015258789,1351263
2025-03-06 15:30:00,29.719999313354492,29.729999542236328,29.665000915527344,29.684999465942383,1149531
2025-03-06 16:00:00,29.68,31.94,29.68,29.72,0
2025-03-06 17:00:00,29.72,29.72,29.66,29.68,0
2025-03-06 18:00:00,29.68,29.75,29.68,29.7,0
2025-03-07 04:00:00,29.69,29.73,29.69,29.7,0
2025-03-07 05:00:00,29.71,29.73,29.63,29.64,0
2025-03-07 06:00:00,29.64,29.66,29.6,29.64,0
2025-03-07 07:00:00,29.63,29.64,29.52,29.57,0
2025-03-07 08:00:00,29.57,29.7188,29.35,29.42,0
2025-03-07 09:00:00,29.45,29.64,29.27,29.34,0
2025-03-07 09:30:00,29.38999938964844,29.674999237060547,29.329999923706055,29.59000015258789,5512070
2025-03-07 10:30:00,29.594999313354492,29.600000381469727,29.309999465942383,29.354799270629883,2474764
2025-03-07 11:30:00,29.36000061035156,29.420000076293945,29.219999313354492,29.359899520874023,2111941
2025-03-07 12:30:00,29.350000381469727,29.440000534057617,29.31999969482422,29.440000534057617,1333479
2025-03-07 13:30:00,29.44499969482422,29.530000686645508,29.399999618530273,29.480100631713867,1203004
2025-03-07 14:30:00,29.489999771118164,29.59000015258789,29.469999313354492,29.575000762939453,1276968
2025-03-07 15:30:00,29.579999923706055,29.61000061035156,29.559999465942383,29.56999969482422,1618128
2025-03-07 16:00:00,29.56,29.62,29.54,29.6,0
2025-03-07 17:00:00,29.62,29.64,29.56,29.6,0
2025-03-07 18:00:00,29.56,29.6,29.53,29.56,0
2025-03-10 05:00:00,29.46,29.64,29.43,29.63,0
2025-03-10 06:00:00,29.62,29.7,29.54,29.55,0
2025-03-10 07:00:00,29.54,29.58,29.5,29.56,0
2025-03-10 08:00:00,29.57,29.7188,29.4988,29.63,0
2025-03-10 09:00:00,29.63,29.65,29.47,29.54,0
2025-03-10 09:30:00,29.559999465942383,29.57990074157715,29.280099868774418,29.309999465942383,3802164
2025-03-10 10:30:00,29.30500030517578,29.40999984741211,29.274999618530273,29.395000457763672,1681184
2025-03-10 11:30:00,29.399999618530273,29.409900665283203,29.25,29.270000457763672,1564439
2025-03-10 12:30:00,29.280000686645508,29.299999237060547,29.15999984741211,29.219999313354492,1856088
2025-03-10 13:30:00,29.22010040283203,29.22319984436035,29.09000015258789,29.11319923400879,2079230
2025-03-10 14:30:00,29.114599227905273,29.25,29.06010055541992,29.200000762939453,1734557
2025-03-10 15:30:00,29.209299087524418,29.25,29.100000381469727,29.1200008392334,2264928
2025-03-10 16:00:00,29.11,29.2397,29.11,29.23,0
2025-03-10 17:00:00,29.2302,29.25,29.22,29.2206,0
2025-03-10 18:00:00,29.22,29.24,29.15,29.16,0
2025-03-10 19:00:00,29.15,29.209,29.11,29.1203,0
2025-03-11 04:00:00,29.27,29.44,29.27,29.44,0
2025-03-11 05:00:00,29.45,29.58,29.43,29.53,0
2025-03-11 06:00:00,29.56,29.62,29.55,29.61,0
2025-03-11 07:00:00,29.61,29.64,29.57,29.62,0
2025-03-11 08:00:00,29.61,29.6312,29.2,29.5899,0
2025-03-11 09:00:00,29.6,29.6202,29.5198,29.5198,0
2025-03-11 09:30:00,29.59000015258789,29.98500061035156,29.579999923706055,29.775400161743164,8116515
2025-03-11 10:30:00,29.780000686645508,29.90999984741211,29.68000030517578,29.704999923706055,4061564
2025-03-11 11:30:00,29.71500015258789,29.84000015258789,29.700000762939453,29.81999969482422,1902107
2025-03-11 12:30:00,29.81999969482422,29.885000228881836,29.750099182128903,29.759899139404297,1372464
2025-03-11 13:30:00,29.75,29.920000076293945,29.75,29.88999938964844,1402831
2025-03-11 14:30:00,29.885000228881836,30.020000457763672,29.86000061035156,29.980100631713867,3022144
2025-03-11 15:30:00,29.989900588989254,30.020000457763672,29.950000762939453,29.950000762939453,2646722
2025-03-11 16:00:00,29.96,30.02,29.831488,29.99,0
2025-03-11 17:00:00,29.99,29.99,29.94,29.9506,0
2025-03-11 18:00:00,29.98,30.02,29.94,29.99,0
2025-03-11 19:00:00,29.96,29.98,29.9,29.9,0
2025-03-12 04:00:00,30.0,30.01,29.95,29.97,0
2025-03-12 05:00:00,29.95,30.1,29.95,30.06,0
2025-03-12 06:00:00,30.06,30.09,30.04,30.06,0
2025-03-12 07:00:00,30.07,30.1,30.04,30.09,0
2025-03-12 08:00:00,30.09,30.12,29.78,30.06,0
2025-03-12 09:00:00,30.08,30.31,30.035,30.0697,0
2025-03-12 09:30:00,30.020000457763672,30.15999984741211,29.989999771118164,30.05500030517578,5212650
2025-03-12 10:30:00,30.059999465942383,30.149999618530273,29.934999465942383,30.094999313354492,2964093
2025-03-12 11:30:00,30.100000381469727,30.26799964904785,30.059999465942383,30.2450008392334,2931627
2025-03-12 12:30:00,30.25,30.299999237060547,30.190000534057617,30.28499984741211,1753384
2025-03-12 13:30:00,30.280000686645508,30.334999084472656,30.239999771118164,30.311899185180664,1594747
2025-03-12 14:30:00,30.315000534057617,30.329999923706055,30.219999313354492,30.26499938964844,1847422
2025-03-12 15:30:00,30.26499938964844,30.280000686645508,30.219999313354492,30.229999542236328,1880907
2025-03-12 16:00:00,30.22,30.29,30.22,30.24,0
2025-03-12 17:00:00,30.2303,30.29,30.23,30.29,0
2025-03-12 18:00:00,30.27,30.28,30.2319,30.26,0
2025-03-12 19:00:00,30.28,30.2893,30.25,30.28,0
2025-03-13 04:00:00,30.03,30.22,29.99,30.09,0
2025-03-13 05:00:00,30.1,30.14,30.04,30.12,0
2025-03-13 06:00:00,30.13,30.17,30.12,30.15,0
2025-03-13 07:00:00,30.16,30.23,30.15,30.22,0
2025-03-13 08:00:00,30.22,30.24,29.9912,30.1,0
2025-03-13 09:00:00,30.15,30.22,30.02,30.1101,0
2025-03-13 09:30:00,30.200000762939453,30.31999969482422,30.1299991607666,30.280000686645508,4444167
2025-03-13 10:30:00,30.290000915527344,30.61000061035156,30.28499984741211,30.599000930786133,7175522
2025-03-13 11:30:00,30.600000381469727,30.899999618530273,30.600000381469727,30.83650016784668,8375727
2025-03-13 12:30:00,30.829999923706055,30.899999618530273,30.6200008392334,30.69499969482422,6867405
2025-03-13 13:30:00,30.69499969482422,30.73500061035156,30.6200008392334,30.68000030517578,2485570
2025-03-13 14:30:00,30.684999465942383,30.81999969482422,30.670000076293945,30.774999618530273,2545454
2025-03-13 15:30:00,30.780000686645508,30.81999969482422,30.709999084472656,30.729999542236328,4280586
2025-03-13 16:00:00,30.72,30.84,30.72,30.81,0
2025-03-13 17:00:00,30.81,30.83,30.23,30.83,0
2025-03-13 18:00:00,30.83,30.86,30.76,30.82,0
2025-03-13 19:00:00,30.82,30.85,30.78,30.81,0
2025-03-14 04:00:00,30.9,30.92,30.34,30.9,0
2025-03-14 05:00:00,30.88,30.94,30.87,30.88,0
2025-03-14 06:00:00,30.87,30.94,30.87,30.91,0
2025-03-14 07:00:00,30.9,30.93,30.69,30.91,0
2025-03-14 08:00:00,30.92,31.01,30.7119,30.96,0
2025-03-14 09:00:00,30.9509,31.01,30.84,30.91,0
2025-03-14 09:30:00,30.90999984741211,30.93000030517578,30.51499938964844,30.526199340820312,8329731
2025-03-14 10:30:00,30.520000457763672,30.690000534057617,30.510099411010746,30.539899826049805,3581973
2025-03-14 11:30:00,30.530000686645508,30.68000030517578,30.520000457763672,30.635000228881836,2929803
2025-03-14 12:30:00,30.63999938964844,30.774999618530273,30.6200008392334,30.739999771118164,3174209
2025-03-14 13:30:00,30.73500061035156,30.78499984741211,30.68000030517578,30.73189926147461,1775623
2025-03-14 14:30:00,30.729999542236328,30.760000228881836,30.690000534057617,30.71500015258789,1432986
2025-03-14 15:30:00,30.71030044555664,30.729999542236328,30.670000076293945,30.709999084472656,1956683
2025-03-14 16:00:00,30.7,30.81,30.6201,30.7904,0
2025-03-14 17:00:00,30.81,30.8301,30.74,30.76,0
2025-03-14 18:00:00,30.76,30.77,30.75,30.7693,0
2025-03-14 19:00:00,30.7693,30.7693,30.67,30.69,0
2025-03-17 04:00:00,30.71,30.79,30.62,30.73,0
2025-03-17 05:00:00,30.72,30.73,30.67,30.73,0
2025-03-17 06:00:00,30.73,30.82,30.73,30.77,0
2025-03-17 07:00:00,30.76,30.78,30.74,30.77,0
2025-03-17 08:00:00,30.77,30.82,30.61,30.63,0
2025-03-17 09:00:00,30.62,30.68,30.45,30.53,0
2025-03-17 09:30:00,30.420000076293945,30.760000228881836,30.420000076293945,30.71500015258789,3677393
2025-03-17 10:30:00,30.709999084472656,30.729900360107425,30.581899642944336,30.649999618530273,1918010
2025-03-17 11:30:00,30.640100479125977,30.700000762939453,30.600099563598633,30.670000076293945,1095558
2025-03-17 12:30:00,30.674999237060547,30.75,30.63010025024414,30.7450008392334,1765565
2025-03-17 13:30:00,30.7450008392334,30.799999237060547,30.739999771118164,30.76499938964844,1445884
2025-03-17 14:30:00,30.76499938964844,30.81999969482422,30.760000228881836,30.795000076293945,996403
2025-03-17 15:30:00,30.795000076293945,30.850000381469727,30.78499984741211,30.815000534057617,2749786
2025-03-17 16:00:00,30.82,30.84,30.8,30.82,0
2025-03-17 17:00:00,30.8299,30.84,30.81,30.83,0
2025-03-17 18:00:00,30.81,30.83,30.775,30.8,0
2025-03-17 19:00:00,30.7889,30.81,30.7098,30.7098,0
2025-03-18 04:00:00,30.87,31.01,30.85,31.01,0
2025-03-18 05:00:00,31.0,31.06,30.97,31.0,0
2025-03-18 06:00:00,31.01,31.06,31.0,31.04,0
2025-03-18 07:00:00,31.04,31.05,30.96,31.01,0
2025-03-18 08:00:00,31.02,31.13,30.83,31.1,0
2025-03-18 09:00:00,31.1,31.15,31.01,31.06,0
2025-03-18 09:30:00,31.100000381469727,31.149999618530273,30.81999969482422,30.93470001220703,6859111
2025-03-18 10:30:00,30.93000030517578,30.95989990234375,30.815000534057617,30.86000061035156,2596074
2025-03-18 11:30:00,30.86000061035156,31.0487003326416,30.850000381469727,31.040000915527344,1362760
2025-03-18 12:30:00,31.040000915527344,31.075000762939453,30.97439956665039,30.975000381469727,1329856
2025-03-18 13:30:00,30.97610092163086,30.979900360107425,30.88999938964844,30.940000534057617,1855405
2025-03-18 14:30:00,30.94499969482422,31.020000457763672,30.94499969482422,30.98500061035156,2332899
2025-03-18 15:30:00,30.98500061035156,31.0,30.84000015258789,30.8700008392334,3651902
2025-03-18 16:00:00,30.85,30.97,30.85,30.95,0
2025-03-18 17:00:00,30.96,30.96,30.79,30.88,0
2025-03-18 18:00:00,30.88,30.95,30.8716,30.9399,0
2025-03-18 19:00:00,30.939,30.95,30.87,30.9,0
2025-03-19 04:00:00,30.8,31.0,30.75,30.8,0
2025-03-19 05:00:00,30.78,30.78,30.6,30.62,0
2025-03-19 06:00:00,30.61,30.73,30.55,30.72,0
2025-03-19 07:00:00,30.72,30.84,30.72,30.84,0
2025-03-19 08:00:00,30.83,31.02,30.6088,30.77,0
2025-03-19 09:00:00,30.8,30.85,30.6997,30.74,0
2025-03-19 09:30:00,30.68000030517578,30.700000762939453,30.44499969482422,30.51930046081543,6370721
2025-03-19 10:30:00,30.520000457763672,30.599899291992188,30.479999542236328,30.530000686645508,3818967
2025-03-19 11:30:00,30.524999618530273,30.599899291992188,30.450000762939453,30.579999923706055,2101620
2025-03-19 12:30:00,30.579999923706055,30.579999923706055,30.4950008392334,30.533700942993164,2409316
2025-03-19 13:30:00,30.530000686645508,30.65999984741211,30.459999084472656,30.600000381469727,1760737
2025-03-19 14:30:00,30.600000381469727,30.8799991607666,30.600000381469727,30.63999938964844,3700070
2025-03-19 15:30:00,30.6299991607666,30.78499984741211,30.6299991607666,30.760000228881836,2655219
2025-03-19 16:00:00,30.75,30.78,28.585,30.76,0
2025-03-19 17:00:00,30.7695,30.77,28.585,30.77,0
2025-03-19 18:00:00,30.77,30.82,30.75,30.79,0
2025-03-19 19:00:00,30.79,30.8594,30.76,30.8594,0
2025-03-20 04:00:00,30.77,30.77,30.53,30.54,0
2025-03-20 05:00:00,30.55,30.59,30.47,30.56,0
2025-03-20 06:00:00,30.55,30.56,30.26,30.26,0
2025-03-20 07:00:00,30.25,30.33,30.12,30.27,0
2025-03-20 08:00:00,30.26,30.88,30.1296,30.32,0
2025-03-20 09:00:00,30.3301,30.445,30.2601,30.2707,0
2025-03-20 09:30:00,30.270000457763672,30.454999923706055,30.229999542236328,30.334999084472656,4399521
2025-03-20 10:30:00,30.334999084472656,30.5,30.334999084472656,30.40999984741211,2204847
2025-03-20 11:30:00,30.385000228881836,30.479999542236328,30.350000381469727,30.360700607299805,1552434
2025-03-20 12:30:00,30.369300842285156,30.459999084472656,30.360700607299805,30.38999938964844,710768
2025-03-20 13:30:00,30.399999618530273,30.479999542236328,30.38129997253418,30.46500015258789,1039669
2025-03-20 14:30:00,30.459999084472656,30.477699279785156,30.42009925842285,30.44499969482422,1162026
2025-03-20 15:30:00,30.44499969482422,30.53849983215332,30.43000030517578,30.510000228881836,1476509
2025-03-20 16:00:00,30.5,30.56,30.5,30.545,0
2025-03-20 17:00:00,30.55,30.55,30.47,30.4703,0
2025-03-20 18:00:00,30.5,30.55,30.48,30.51,0
2025-03-20 19:00:00,30.4901,30.56,30.49,30.56,0
2025-03-21 04:00:00,30.05,30.18,30.0,30.01,0
2025-03-21 05:00:00,30.0,30.11,30.0,30.04,0
2025-03-21 06:00:00,30.02,30.14,29.99,30.1,0
2025-03-21 07:00:00,30.1,30.18,30.08,30.17,0
2025-03-21 08:00:00,30.13,30.5,30.0,30.19,0
2025-03-21 09:00:00,30.21,30.22,30.1,30.155,0
2025-03-21 09:30:00,30.209999084472656,30.25,29.721099853515625,29.88520050048828,5575106
2025-03-21 10:30:00,29.8799991607666,29.989999771118164,29.840099334716797,29.934999465942383,1153181
2025-03-21 11:30:00,29.93000030517578,30.049999237060547,29.88999938964844,30.037431716918945,938784
2025-03-21 12:30:00,30.030000686645508,30.059999465942383,29.979999542236328,29.999799728393555,1090300
2025-03-21 13:30:00,29.997499465942383,30.020000457763672,29.969999313354492,29.999900817871097,1482842
2025-03-21 14:30:00,29.999900817871097,30.020000457763672,29.88999938964844,29.94499969482422,2183312
2025-03-21 15:30:00,29.950000762939453,30.030000686645508,29.93000030517578,30.0049991607666,4102267
2025-03-21 16:00:00,30.02,30.08,30.0,30.0498,0
2025-03-21 17:00:00,30.05,30.05,30.0,30.0498,0
2025-03-21 18:00:00,30.04,30.05,30.0,30.011,0
2025-03-21 19:00:00,30.0119,30.05,30.0,30.01,0
2025-03-24 04:00:00,30.13,30.29,30.09,30.28,0
2025-03-24 05:00:00,30.28,30.3,30.2,30.21,0
2025-03-24 06:00:00,30.21,30.21,30.13,30.21,0
2025-03-24 07:00:00,30.21,30.22,30.14,30.18,0
2025-03-24 08:00:00,30.18,30.2688,30.0798,30.1701,0
2025-03-24 09:00:00,30.18,30.19,30.09,30.1298,0
2025-03-24 09:30:00,30.1299991607666,30.239999771118164,30.11000061035156,30.15999984741211,8391786
2025-03-24 10:30:00,30.149999618530273,30.167800903320312,29.959999084472656,30.030000686645508,3359297
2025-03-24 11:30:00,30.040000915527344,30.100000381469727,30.024999618530273,30.045000076293945,1157022
2025-03-24 12:30:00,30.04707145690918,30.049999237060547,29.950000762939453,29.989999771118164,1031759
2025-03-24 13:30:00,29.98839950561523,30.009899139404297,29.920000076293945,29.951000213623047,1307434
2025-03-24 14:30:00,29.950000762939453,30.03499984741211,29.940000534057617,29.9950008392334,885002
2025-03-24 15:30:00,29.9950008392334,30.0,29.969999313354492,29.975000381469727,1091879
2025-03-24 16:00:00,29.975,30.06,29.96,30.0403,0
2025-03-24 17:00:00,30.05,30.06,29.98,30.01,0
2025-03-24 18:00:00,30.01,30.0593,29.98,30.0,0
2025-03-24 19:00:00,30.0,30.03,29.96,29.97,0
2025-03-25 04:00:00,30.13,30.21,30.06,30.19,0
2025-03-25 05:00:00,30.21,30.3,30.21,30.27,0
2025-03-25 06:00:00,30.26,30.28,30.24,30.28,0
2025-03-25 07:00:00,30.29,30.44,30.28,30.44,0
2025-03-25 08:00:00,30.44,30.51,30.08,30.4,0
2025-03-25 09:00:00,30.3999,30.56,30.3901,30.52,0
2025-03-25 09:30:00,30.549999237060547,30.7549991607666,30.549999237060547,30.625,6157661
2025-03-25 10:30:00,30.6200008392334,30.70693016052246,30.51499938964844,30.614999771118164,5597553
2025-03-25 11:30:00,30.6200008392334,30.65999984741211,30.559999465942383,30.6200008392334,1027938
2025-03-25 12:30:00,30.6200008392334,30.62569999694824,30.55069923400879,30.565000534057617,1701629
2025-03-25 13:30:00,30.56999969482422,30.65999984741211,30.549999237060547,30.649999618530273,1139750
2025-03-25 14:30:00,30.649999618530273,30.65999984741211,30.590099334716797,30.614999771118164,945013
2025-03-25 15:30:00,30.614999771118164,30.6200008392334,30.579999923706055,30.589799880981445,2024844
2025-03-25 16:00:00,30.59,30.7,30.58,30.7,0
2025-03-25 17:00:00,30.7,30.7,30.65,30.7,0
2025-03-25 18:00:00,30.68,30.7,30.65,30.66,0
2025-03-25 19:00:00,30.7,30.7,30.62,30.64,0
2025-03-26 04:00:00,30.72,30.72,30.59,30.61,0
2025-03-26 05:00:00,30.6,30.65,30.58,30.62,0
2025-03-26 06:00:00,30.64,30.745,30.63,30.74,0
2025-03-26 07:00:00,30.73,30.74,30.7,30.72,0
2025-03-26 08:00:00,30.71,30.75,30.55,30.73,0
2025-03-26 09:00:00,30.72,30.8602,30.71,30.74,0
2025-03-26 09:30:00,30.709999084472656,30.759899139404297,30.5,30.600000381469727,3180804
2025-03-26 10:30:00,30.59000015258789,30.719999313354492,30.58009910583496,30.630699157714844,1978747
2025-03-26 11:30:00,30.635000228881836,30.68000030517578,30.55340003967285,30.665000915527344,1932799
2025-03-26 12:30:00,30.65999984741211,30.700000762939453,30.607500076293945,30.61000061035156,3245517
2025-03-26 13:30:00,30.600000381469727,30.65999984741211,30.56999969482422,30.649999618530273,1191315
2025-03-26 14:30:00,30.645000457763672,30.65999984741211,30.479999542236328,30.5049991607666,734848
2025-03-26 15:30:00,30.5049991607666,30.540000915527344,30.479999542236328,30.530000686645508,1062274
2025-03-26 16:00:00,30.53,30.6,30.53,30.59,0
2025-03-26 17:00:00,30.59,30.5999,30.55,30.58,0
2025-03-26 18:00:00,30.59,30.65,30.5504,30.5997,0
2025-03-26 19:00:00,30.5901,30.61,30.561,30.61,0
2025-03-27 04:00:00,30.69,30.74,30.63,30.65,0
2025-03-27 05:00:00,30.66,30.72,30.61,30.64,0
2025-03-27 06:00:00,30.64,30.9,30.63,30.88,0
2025-03-27 07:00:00,30.89,31.02,30.87,30.87,0
2025-03-27 08:00:00,30.92,31.06,30.63,30.96,0
2025-03-27 09:00:00,30.96,31.09,30.7599,30.7999,0
2025-03-27 09:30:00,30.770000457763672,30.979999542236328,30.68000030517578,30.979999542236328,4266971
2025-03-27 10:30:00,30.97909927368164,31.26499938964844,30.959999084472656,31.229999542236328,7669310
2025-03-27 11:30:00,31.229999542236328,31.309999465942383,31.1299991607666,31.239999771118164,6252912
2025-03-27 12:30:00,31.2450008392334,31.280000686645508,31.11000061035156,31.165000915527344,2663951
2025-03-27 13:30:00,31.176000595092773,31.329999923706055,31.15999984741211,31.30500030517578,2830454
2025-03-27 14:30:00,31.30500030517578,31.36000061035156,31.280000686645508,31.31999969482422,4656944
2025-03-27 15:30:00,31.315000534057617,31.3799991607666,31.299999237060547,31.315000534057617,5378551
2025-03-27 16:00:00,31.315,31.35,31.28,31.32,0
2025-03-27 17:00:00,31.32,31.34,31.3097,31.33,0
2025-03-27 18:00:00,31.33,31.37,31.3,31.35,0
2025-03-27 19:00:00,31.34,31.35,31.31,31.3299,0
2025-03-28 04:00:00,31.34,31.35,31.21,31.21,0
2025-03-28 05:00:00,31.21,31.39,31.21,31.33,0
2025-03-28 06:00:00,31.32,31.34,31.26,31.28,0
2025-03-28 07:00:00,31.28,31.37,31.28,31.37,0
2025-03-28 08:00:00,31.37,31.4398,31.2,31.39,0
2025-03-28 09:00:00,31.39,31.46,31.31,31.35,0
2025-03-28 09:30:00,31.38999938964844,31.40999984741211,31.170000076293945,31.209999084472656,7937087
2025-03-28 10:30:00,31.200000762939453,31.25,30.900100708007812,31.128400802612305,6589114
2025-03-28 11:30:00,31.120100021362305,31.13999938964844,30.950000762939453,30.98500061035156,2218436
2025-03-28 12:30:00,30.989900588989254,31.049999237060547,30.920000076293945,30.95009994506836,1464989
2025-03-28 13:30:00,30.959999084472656,31.0,30.88999938964844,30.90999984741211,1458532
2025-03-28 14:30:00,30.920000076293945,31.040000915527344,30.86000061035156,31.01020050048828,2409681
2025-03-28 15:30:00,31.020000457763672,31.030000686645508,30.899999618530273,30.989999771118164,2655540
2025-03-28 16:00:00,30.985,31.08,30.98,31.06,0
2025-03-28 17:00:00,31.06,31.09,31.03,31.09,0
2025-03-28 18:00:00,31.0303,31.09,31.03,31.05,0
2025-03-28 19:00:00,31.05,31.05,30.98,31.0005,0
2025-03-31 04:00:00,31.23,31.41,31.22,31.23,0
2025-03-31 05:00:00,31.21,31.21,31.1,31.12,0
2025-03-31 06:00:00,31.12,31.12,30.94,31.0,0
2025-03-31 07:00:00,31.01,31.05,30.98,30.98,0
2025-03-31 08:00:00,30.98,31.35,30.95,31.0997,0
2025-03-31 09:00:00,31.1,31.1,30.86,30.94,0
2025-03-31 09:30:00,30.770000457763672,30.854999542236328,30.479999542236328,30.665000915527344,7084830
2025-03-31 10:30:00,30.65999984741211,30.920000076293945,30.635000228881836,30.875,3529328
2025-03-31 11:30:00,30.875,30.885000228881836,30.719999313354492,30.809900283813477,1308796
2025-03-31 12:30:00,30.799999237060547,30.919300079345703,30.794200897216797,30.875,1133303
2025-03-31 13:30:00,30.8700008392334,30.989999771118164,30.850000381469727,30.954999923706055,1581918
2025-03-31 14:30:00,30.950000762939453,31.010000228881836,30.920000076293945,30.941099166870117,2078058
2025-03-31 15:30:00,30.940000534057617,31.020000457763672,30.930099487304688,30.98500061035156,1293189
2025-03-31 16:00:00,30.99,31.02,30.94,31.0,0
2025-03-31 17:00:00,31.02,31.03,30.99,31.01,0
2025-03-31 18:00:00,31.03,31.03,30.91,31.0188,0
2025-03-31 19:00:00,31.02,31.03,30.92,30.99,0
2025-04-01 04:00:00,30.87,30.98,30.86,30.93,0
2025-04-01 05:00:00,30.92,31.0,30.91,30.98,0
2025-04-01 06:00:00,30.97,31.0,30.86,30.97,0
2025-04-01 07:00:00,30.92,30.94,30.81,30.82,0
2025-04-01 08:00:00,30.83,31.11,30.74,30.9,0
2025-04-01 09:00:00,30.91,30.95,30.86,30.8899,0
2025-04-01 09:30:00,30.8700008392334,30.88999938964844,30.649999618530273,30.71500015258789,3977916
2025-04-01 10:30:00,30.709999084472656,30.90999984741211,30.709999084472656,30.73500061035156,3792464
2025-04-01 11:30:00,30.734800338745117,30.80500030517578,30.434999465942383,30.520099639892575,4866131
2025-04-01 12:30:00,30.530000686645508,30.594999313354492,30.489999771118164,30.59000015258789,1396282
2025-04-01 13:30:00,30.594999313354492,30.6299991607666,30.520000457763672,30.55500030517578,2645004
2025-04-01 14:30:00,30.55500030517578,30.6200008392334,30.510000228881836,30.604999542236328,2140696
2025-04-01 15:30:00,30.600000381469727,30.6299991607666,30.59000015258789,30.6299991607666,1970540
2025-04-01 16:00:00,30.63,30.67,30.6005,30.66,0
2025-04-01 17:00:00,30.67,30.67,30.64,30.65,0
2025-04-01 18:00:00,30.65,30.68,30.65,30.6599,0
2025-04-01 19:00:00,30.66,30.6667,30.59,30.61,0
2025-04-02 04:00:00,30.74,30.89,30.64,30.89,0
2025-04-02 05:00:00,30.88,30.97,30.88,30.95,0
2025-04-02 06:00:00,30.96,30.98,30.91,30.91,0
2025-04-02 07:00:00,30.92,30.92,30.78,30.88,0
2025-04-02 08:00:00,30.88,30.9712,30.61,30.71,0
2025-04-02 09:00:00,30.73,30.79,30.6398,30.735,0
2025-04-02 09:30:00,30.739999771118164,30.899999618530273,30.63999938964844,30.809999465942383,4659603
2025-04-02 10:30:00,30.809999465942383,30.959999084472656,30.78499984741211,30.88999938964844,4876631
2025-04-02 11:30:00,30.895000457763672,30.940000534057617,30.75,30.92989921569824,1560826
2025-04-02 12:30:00,30.93000030517578,30.965099334716797,30.719999313354492,30.7549991607666,3308270
2025-04-02 13:30:00,30.75,30.770000457763672,30.66370010375977,30.674999237060547,1385386
2025-04-02 14:30:00,30.68000030517578,30.799999237060547,30.6737003326416,30.795000076293945,993326
2025-04-02 15:30:00,30.795000076293945,30.85849952697754,30.75,30.7549991607666,1682935
2025-04-02 16:00:00,30.76,31.08,28.585,30.9,0
2025-04-02 17:00:00,30.9,31.11,28.585,31.1001,0
2025-04-02 18:00:00,31.1,31.14,30.08,30.57,0
2025-04-02 19:00:00,30.58,30.85,30.53,30.75,0
2025-04-03 04:00:00,30.2,30.3,30.13,30.14,0
2025-04-03 05:00:00,30.14,30.15,29.76,29.77,0
2025-04-03 06:00:00,29.77,29.87,29.51,29.51,0
2025-04-03 07:00:00,29.51,29.68,29.44,29.58,0
2025-04-03 08:00:00,29.57,30.44,29.06,29.0623,0
2025-04-03 09:00:00,29.12,29.25,28.92,28.92,0
2025-04-03 09:30:00,28.948999404907227,29.481199264526367,28.86000061035156,29.38999938964844,19514082
2025-04-03 10:30:00,29.385000228881836,29.5049991607666,29.075000762939453,29.075000762939453,9297116
2025-04-03 11:30:00,29.081499099731445,29.170000076293945,28.98500061035156,29.084999084472656,4146579
2025-04-03 12:30:00,29.08989906311035,29.170000076293945,28.989999771118164,29.040000915527344,2027321
2025-04-03 13:30:00,29.049999237060547,29.174999237060547,29.010000228881836,29.01499938964844,1930566
2025-04-03 14:30:00,29.020000457763672,29.05500030517578,28.894699096679688,28.905000686645508,3314210
2025-04-03 15:30:00,28.895000457763672,28.909900665283203,28.854999542236328,28.88999938964844,4830331
2025-04-03 16:00:00,28.88,28.98,28.88,28.98,0
2025-04-03 17:00:00,28.975,28.99,28.89,28.9491,0
2025-04-03 18:00:00,28.95,29.1,28.9219,29.02,0
2025-04-03 19:00:00,28.98,29.1,28.92,29.0699,0
2025-04-04 04:00:00,28.45,28.7,28.37,28.48,0
2025-04-04 05:00:00,28.5,28.6,28.47,28.51,0
2025-04-04 06:00:00,28.5,28.68,28.49,28.61,0
2025-04-04 07:00:00,28.61,28.7,28.4,28.48,0
2025-04-04 08:00:00,28.48,28.84,28.055,28.19,0
2025-04-04 09:00:00,28.16,28.28,27.94,27.97,0
2025-04-04 09:30:00,27.959999084472656,28.020000457763672,27.350000381469727,27.367300033569336,17020525
2025-04-04 10:30:00,27.36000061035156,27.405000686645508,26.72929954528809,27.170000076293945,16104062
2025-04-04 11:30:00,27.170000076293945,27.26499938964844,26.977399826049805,27.145000457763672,8982959
2025-04-04 12:30:00,27.13999938964844,27.19499969482422,26.56999969482422,26.725000381469727,10211177
2025-04-04 13:30:00,26.729999542236328,26.975000381469727,26.655000686645508,26.760099411010746,6128363
2025-04-04 14:30:00,26.76499938964844,27.030000686645508,26.68000030517578,26.98500061035156,6788773
2025-04-04 15:30:00,26.98500061035156,27.1299991607666,26.969999313354492,27.059999465942383,6709734
2025-04-04 16:00:00,27.06,27.08,26.91,26.93,0
2025-04-04 17:00:00,26.93,27.08,26.92,27.0,0
2025-04-04 18:00:00,26.9632,27.01,26.96,27.01,0
2025-04-04 19:00:00,27.01,27.01,26.93,26.93,0
2025-04-07 04:00:00,27.23,27.4,26.85,27.35,0
2025-04-07 05:00:00,27.34,27.66,27.3,27.41,0
2025-04-07 06:00:00,27.4,27.7,27.4,27.65,0
2025-04-07 07:00:00,27.64,27.77,27.529,27.71,0
2025-04-07 08:00:00,27.72,27.77,27.09,27.45,0
2025-04-07 09:00:00,27.44,27.5897,27.29,27.46,0
2025-04-07 09:30:00,27.299999237060547,27.834999084472656,27.084999084472656,27.334999084472656,14003217
2025-04-07 10:30:00,27.329999923706055,27.549999237060547,27.079999923706055,27.15999984741211,8666763
2025-04-07 11:30:00,27.170000076293945,27.299999237060547,27.03499984741211,27.12849998474121,2199962
2025-04-07 12:30:00,27.11000061035156,27.239900588989254,26.959999084472656,26.979999542236328,2840670
2025-04-07 13:30:00,26.979999542236328,27.21500015258789,26.920000076293945,27.079999923706055,2811969
2025-04-07 14:30:00,27.079999923706055,27.28499984741211,27.010000228881836,27.190000534057617,3015865
2025-04-07 15:30:00,27.180099487304688,27.299999237060547,27.079999923706055,27.13999938964844,3395034
2025-04-07 16:00:00,27.14,27.39,27.1,27.3592,0
2025-04-07 17:00:00,27.3195,27.35,27.3,27.31,0
2025-04-07 18:00:00,27.31,27.41,27.28,27.355,0
2025-04-07 19:00:00,27.35,27.39,27.21,27.31,0
2025-04-08 04:00:00,27.4,27.56,27.36,27.56,0
2025-04-08 05:00:00,27.56,27.57,27.37,27.4,0
2025-04-08 06:00:00,27.4,27.55,27.4,27.53,0
2025-04-08 07:00:00,27.53,27.64,27.49,27.58,0
2025-04-08 08:00:00,27.58,27.69,27.31,27.54,0
2025-04-08 09:00:00,27.54,27.74,27.14,27.73,0
2025-04-08 09:30:00,27.6299991607666,27.779399871826172,27.559999465942383,27.68000030517578,4360734
2025-04-08 10:30:00,27.68000030517578,27.700000762939453,27.3700008392334,27.424999237060547,2585057
2025-04-08 11:30:00,27.424999237060547,27.459999084472656,27.204999923706055,27.2549991607666,2526060
2025-04-08 12:30:00,27.260000228881836,27.274999618530273,27.010000228881836,27.01499938964844,2613252
2025-04-08 13:30:00,27.010000228881836,27.225000381469727,27.0,27.165000915527344,1293422
2025-04-08 14:30:00,27.170000076293945,27.350000381469727,26.989999771118164,27.09000015258789,2617948
2025-04-08 15:30:00,27.09000015258789,27.174999237060547,26.959999084472656,27.170000076293945,3001796
2025-04-08 16:00:00,27.14,27.2,27.04,27.13,0
2025-04-08 17:00:00,27.11,27.22,27.09,27.16,0
2025-04-08 18:00:00,27.16,27.1999,27.01,27.03,0
2025-04-08 19:00:00,27.03,27.12,26.7366,26.93,0
2025-04-09 04:00:00,27.62,27.65,27.24,27.5,0
2025-04-09 05:00:00,27.5,27.67,27.4,27.65,0
2025-04-09 06:00:00,27.65,27.67,27.52,27.59,0
2025-04-09 07:00:00,27.59,27.8,27.37,27.72,0
2025-04-09 08:00:00,27.72,27.91,27.05,27.57,0
2025-04-09 09:00:00,27.62,27.66,27.43,27.62,0
2025-04-09 09:30:00,27.61000061035156,27.799999237060547,27.559999465942383,27.760000228881836,5739394
2025-04-09 10:30:00,27.76499938964844,27.790800094604492,27.450000762939453,27.63990020751953,2492682
2025-04-09 11:30:00,27.6299991607666,27.704999923706055,27.5,27.649999618530273,2884840
2025-04-09 12:30:00,27.63999938964844,27.84000015258789,27.594999313354492,27.68000030517578,6940503
2025-04-09 13:30:00,27.68000030517578,28.1200008392334,27.65999984741211,28.0049991607666,7768601
2025-04-09 14:30:00,28.010000228881836,28.239999771118164,27.850000381469727,28.15999984741211,5992742
2025-04-09 15:30:00,28.149999618530273,28.20989990234375,28.0,28.059999465942383,5398930
2025-04-09 16:00:00,28.06,28.24,27.72,28.185,0
2025-04-09 17:00:00,28.18,28.25,28.12,28.1525,0
2025-04-09 18:00:00,28.2467,28.25,28.08,28.15,0
2025-04-09 19:00:00,28.15,28.17,28.03,28.13,0
2025-04-10 04:00:00,28.28,28.33,28.1,28.11,0
2025-04-10 05:00:00,28.11,28.18,27.95,28.16,0
2025-04-10 06:00:00,28.13,28.21,28.08,28.18,0
2025-04-10 07:00:00,28.16,28.19,27.92,28.08,0
2025-04-10 08:00:00,28.09,28.4788,27.95,28.0699,0
2025-04-10 09:00:00,28.15,28.2,28.03,28.19,0
2025-04-10 09:30:00,28.11000061035156,28.25,27.80500030517578,28.209999084472656,4950430
2025-04-10 10:30:00,28.209999084472656,28.38999938964844,28.149999618530273,28.315000534057617,3766328
2025-04-10 11:30:00,28.309999465942383,28.344999313354492,27.899999618530273,27.94499969482422,3143703
2025-04-10 12:30:00,27.940000534057617,28.16990089416504,27.940000534057617,28.03499984741211,2291413
2025-04-10 13:30:00,28.03499984741211,28.25,28.024999618530273,28.239999771118164,1913969
2025-04-10 14:30:00,28.260000228881836,28.420000076293945,28.230899810791016,28.295000076293945,3521822
2025-04-10 15:30:00,28.290000915527344,28.3700008392334,28.225000381469727,28.299999237060547,2639347
2025-04-10 16:00:00,28.28,28.42,26.865,28.42,0
2025-04-10 17:00:00,28.4004,28.42,28.33,28.38,0
2025-04-10 18:00:00,28.38,28.47,28.3601,28.46,0
2025-04-10 19:00:00,28.45,28.47,28.3,28.45,0
2025-04-11 04:00:00,28.53,28.68,28.42,28.6,0
2025-04-11 05:00:00,28.63,28.64,28.45,28.5,0
2025-04-11 06:00:00,28.49,28.72,28.49,28.61,0
2025-04-11 07:00:00,28.61,28.64,28.41,28.6,0
2025-04-11 08:00:00,28.61,28.77,28.4,28.57,0
2025-04-11 09:00:00,28.64,28.79,28.54,28.76,0
2025-04-11 09:30:00,28.790000915527344,28.959999084472656,28.68000030517578,28.86000061035156,6920895
2025-04-11 10:30:00,28.86000061035156,29.350000381469727,28.844999313354492,29.219999313354492,7341246
2025-04-11 11:30:00,29.209999084472656,29.34632682800293,29.1200008392334,29.125,5077263
2025-04-11 12:30:00,29.12969970703125,29.239999771118164,28.959999084472656,29.112699508666992,5106721
2025-04-11 13:30:00,29.114999771118164,29.30500030517578,29.104999542236328,29.30500030517578,2995107
2025-04-11 14:30:00,29.305099487304688,29.3700008392334,29.260000228881836,29.329999923706055,3492579
2025-04-11 15:30:00,29.325000762939453,29.329999923706055,29.190000534057617,29.200000762939453,4689153
2025-04-11 16:00:00,29.1903,29.38,29.19,29.38,0
2025-04-11 17:00:00,29.36,29.38,29.33,29.36,0
2025-04-11 18:00:00,29.37,29.38,29.31,29.3784,0
2025-04-11 19:00:00,29.33,29.38,29.23,29.3595,0
2025-04-14 04:00:00,29.26,29.36,29.21,29.32,0
2025-04-14 05:00:00,29.31,29.46,29.31,29.36,0
2025-04-14 06:00:00,29.36,29.41,29.27,29.3,0
2025-04-14 07:00:00,29.29,29.46,29.21,29.45,0
2025-04-14 08:00:00,29.44,29.46,28.97,29.275,0
2025-04-14 09:00:00,29.27,29.366,29.02,29.03,0
2025-04-14 09:30:00,29.100000381469727,29.239999771118164,28.8799991607666,29.23500061035156,5982369
2025-04-14 10:30:00,29.239999771118164,29.280000686645508,29.15999984741211,29.215099334716797,6731255
2025-04-14 11:30:00,29.215099334716797,29.23530006408691,29.040000915527344,29.11009979248047,4280426
2025-04-14 12:30:00,29.11000061035156,29.329999923706055,29.104999542236328,29.325700759887695,1785064
2025-04-14 13:30:00,29.32990074157715,29.38999938964844,29.299999237060547,29.3799991607666,1556373
2025-04-14 14:30:00,29.3799991607666,29.459999084472656,29.315000534057617,29.44499969482422,2373767
2025-04-14 15:30:00,29.450000762939453,29.45585250854492,29.36000061035156,29.3700008392334,6303867
2025-04-14 16:00:00,29.38,29.43,29.33,29.43,0
2025-04-14 17:00:00,29.43,29.43,29.36,29.4099,0
2025-04-14 18:00:00,29.41,29.46,29.4,29.42,0
2025-04-14 19:00:00,29.41,29.43,29.37,29.3895,0
2025-04-15 04:00:00,29.38,29.46,29.38,29.46,0
2025-04-15 05:00:00,29.45,29.47,29.36,29.46,0
2025-04-15 06:00:00,29.46,29.46,29.36,29.39,0
2025-04-15 07:00:00,29.41,29.41,29.34,29.39,0
2025-04-15 08:00:00,29.39,29.46,29.31,29.3519,0
2025-04-15 09:00:00,29.38,29.44,29.31,29.39,0
2025-04-15 09:30:00,29.36000061035156,29.403799057006836,29.280099868774418,29.385000228881836,4103385
2025-04-15 10:30:00,29.38010025024414,29.395099639892575,29.200000762939453,29.334999084472656,12173539
2025-04-15 11:30:00,29.334999084472656,29.36000061035156,29.25,29.340099334716797,1932475
2025-04-15 12:30:00,29.34000015258789,29.40999984741211,29.299999237060547,29.38999938964844,1228002
2025-04-15 13:30:00,29.395000457763672,29.440000534057617,29.350000381469727,29.40999984741211,1365381
2025-04-15 14:30:00,29.420000076293945,29.459999084472656,29.40999984741211,29.41010093688965,1482326
2025-04-15 15:30:00,29.415000915527344,29.43000030517578,29.3799991607666,29.399999618530273,1572758
2025-04-15 16:00:00,29.41,29.43,29.3515,29.4,0
2025-04-15 17:00:00,29.4,29.42,29.36,29.42,0
2025-04-15 18:00:00,29.38,29.4199,29.33,29.4081,0
2025-04-15 19:00:00,29.4,29.47,29.35,29.44,0
2025-04-16 04:00:00,29.88,30.1,29.48,29.97,0
2025-04-16 05:00:00,29.98,30.05,29.82,30.01,0
2025-04-16 06:00:00,30.0,30.04,29.85,29.86,0
2025-04-16 07:00:00,29.84,29.98,29.82,29.9,0
2025-04-16 08:00:00,29.88,30.06,29.47,30.05,0
2025-04-16 09:00:00,30.04,30.0796,29.82,29.85,0
2025-04-16 09:30:00,29.850000381469727,29.97559928894043,29.700000762939453,29.856700897216797,6492534
2025-04-16 10:30:00,29.850000381469727,29.8799991607666,29.729999542236328,29.86989974975586,2878176
2025-04-16 11:30:00,29.8700008392334,30.0,29.86000061035156,29.946300506591797,2714752
2025-04-16 12:30:00,29.926300048828125,30.020000457763672,29.82010078430176,30.01499938964844,1884617
2025-04-16 13:30:00,30.01499938964844,30.01499938964844,29.790000915527344,29.989500045776367,2300472
2025-04-16 14:30:00,29.98349952697754,29.989999771118164,29.799999237060547,29.80500030517578,1816318
2025-04-16 15:30:00,29.809999465942383,29.8700008392334,29.730100631713867,29.76499938964844,2696609
2025-04-16 16:00:00,29.76,29.81,28.585,29.79,0
2025-04-16 17:00:00,29.8,29.88,29.77,29.8488,0
2025-04-16 18:00:00,29.8,29.95,29.78,29.91,0
2025-04-16 19:00:00,29.91,29.92,29.82,29.82,0
2025-04-17 04:00:00,29.53,29.6,29.44,29.44,0
2025-04-17 05:00:00,29.44,29.52,29.41,29.51,0
2025-04-17 06:00:00,29.5,29.5,29.38,29.45,0
2025-04-17 07:00:00,29.44,29.5,29.38,29.42,0
2025-04-17 08:00:00,29.41,29.72,29.35,29.49,0
2025-04-17 09:00:00,29.481,29.61,29.481,29.52,0
2025-04-17 09:30:00,29.549999237060547,29.690000534057617,29.299999237060547,29.334999084472656,4002935
2025-04-17 10:30:00,29.34000015258789,29.344999313354492,29.170000076293945,29.280000686645508,3610332
2025-04-17 11:30:00,29.280000686645508,29.509899139404297,29.273046493530273,29.475000381469727,1191964
2025-04-17 12:30:00,29.475000381469727,29.600000381469727,29.440000534057617,29.502500534057617,994208
2025-04-17 13:30:00,29.510000228881836,29.579999923706055,29.479999542236328,29.559999465942383,792218
2025-04-17 14:30:00,29.559999465942383,29.565000534057617,29.42009925842285,29.434999465942383,1100568
2025-04-17 15:30:00,29.434999465942383,29.549999237060547,29.431499481201172,29.540000915527344,1584573
2025-04-17 16:00:00,29.55,29.63,29.51,29.54,0
2025-04-17 17:00:00,29.62,29.65,29.54,29.58,0
2025-04-17 18:00:00,29.62,29.62,29.54,29.58,0
2025-04-17 19:00:00,29.57,29.6,29.52,29.6,0
2025-04-21 04:00:00,29.79,29.88,29.66,29.81,0
2025-04-21 05:00:00,29.81,29.89,29.79,29.865,0
2025-04-21 06:00:00,29.88,29.94,29.87,29.93,0
2025-04-21 07:00:00,29.92,29.98,29.85,29.95,0
2025-04-21 08:00:00,29.96,30.05,29.72,30.0,0
2025-04-21 09:00:00,30.0,30.0796,29.55,30.01,0
2025-04-21 09:30:00,29.950000762939453,30.00790023803711,29.799999237060547,29.8799991607666,5690289
2025-04-21 10:30:00,29.8700008392334,29.879899978637695,29.649999618530273,29.725000381469727,2667694
2025-04-21 11:30:00,29.719999313354492,29.81999969482422,29.649999618530273,29.690000534057617,1878383
2025-04-21 12:30:00,29.68000030517578,29.739999771118164,29.549999237060547,29.655000686645508,1622690
2025-04-21 13:30:00,29.656221389770508,29.719999313354492,29.63999938964844,29.684999465942383,1904874
2025-04-21 14:30:00,29.69989967346191,29.799999237060547,29.690099716186523,29.73500061035156,1219114
2025-04-21 15:30:00,29.739999771118164,29.780000686645508,29.729999542236328,29.770000457763672,1851886
2025-04-21 16:00:00,29.79,29.8,29.7,29.7399,0
2025-04-21 17:00:00,29.74,29.81,29.7,29.71,0
2025-04-21 18:00:00,29.71,29.81,29.71,29.77,0
2025-04-21 19:00:00,29.7785,29.81,29.73,29.7899,0
2025-04-22 04:00:00,29.63,29.75,29.5,29.53,0
2025-04-22 05:00:00,29.52,29.58,29.41,29.55,0
2025-04-22 06:00:00,29.57,29.78,29.55,29.74,0
2025-04-22 07:00:00,29.74,29.77,29.65,29.71,0
2025-04-22 08:00:00,29.72,29.96,29.41,29.74,0
2025-04-22 09:00:00,29.75,29.9,29.57,29.82,0
2025-04-22 09:30:00,29.790000915527344,29.849899291992188,29.59000015258789,29.840099334716797,4648512
2025-04-22 10:30:00,29.850000381469727,30.020099639892575,29.84000015258789,29.86000061035156,3250844
2025-04-22 11:30:00,29.850000381469727,30.149999618530273,29.834999084472656,29.920000076293945,3111203
2025-04-22 12:30:00,29.93000030517578,29.979999542236328,29.635000228881836,29.943500518798828,3239867
2025-04-22 13:30:00,29.950000762939453,29.989999771118164,29.84000015258789,29.885000228881836,1093851
2025-04-22 14:30:00,29.8799991607666,29.924999237060547,29.600000381469727,29.600000381469727,4299833
2025-04-22 15:30:00,29.604999542236328,29.604999542236328,29.5,29.510000228881836,7161650
2025-04-22 16:00:00,29.51,29.59,29.5,29.54,0
2025-04-22 17:00:00,29.53,29.57,29.25,29.32,0
2025-04-22 18:00:00,29.32,29.61,29.2,29.58,0
2025-04-22 19:00:00,29.5704,29.66,29.53,29.56,0
2025-04-23 04:00:00,29.9,30.0,29.8,29.91,0
2025-04-23 05:00:00,29.91,30.02,29.9,29.99,0
2025-04-23 06:00:00,29.98,30.0,29.86,29.98,0
2025-04-23 07:00:00,29.98,30.04,29.91,29.98,0
2025-04-23 08:00:00,29.98,30.04,29.66,29.93,0
2025-04-23 09:00:00,29.9,29.99,29.77,29.8201,0
2025-04-23 09:30:00,29.809999465942383,30.190000534057617,29.709999084472656,30.075000762939453,6246814
2025-04-23 10:30:00,30.079999923706055,30.6200008392334,30.079999923706055,30.40999984741211,9172655
2025-04-23 11:30:00,30.420000076293945,30.56999969482422,30.325000762939453,30.53499984741211,2950645
2025-04-23 12:30:00,30.540000915527344,30.600000381469727,30.479999542236328,30.479999542236328,3082883
2025-04-23 13:30:00,30.479999542236328,30.59000015258789,30.450000762939453,30.55500030517578,2238004
2025-04-23 14:30:00,30.55500030517578,30.6200008392334,30.520000457763672,30.594999313354492,2783389
2025-04-23 15:30:00,30.590499877929688,30.6200008392334,30.549999237060547,30.56999969482422,4687996
2025-04-23 16:00:00,30.56,30.5978,30.4947,30.52,0
2025-04-23 17:00:00,30.52,30.56,30.51,30.54,0
2025-04-23 18:00:00,30.54,30.58,30.52,30.5596,0
2025-04-23 19:00:00,30.53,30.61,30.52,30.58,0
2025-04-24 04:00:00,30.34,30.4,30.28,30.34,0
2025-04-24 05:00:00,30.34,30.38,30.32,30.33,0
2025-04-24 06:00:00,30.33,30.39,30.28,30.34,0
2025-04-24 07:00:00,30.34,30.45,30.31,30.44,0
2025-04-24 08:00:00,30.44,30.48,30.21,30.4795,0
2025-04-24 09:00:00,30.45,30.45,30.3199,30.3299,0
2025-04-24 09:30:00,30.309999465942383,30.364999771118164,30.1299991607666,30.354999542236328,5574123
2025-04-24 10:30:00,30.35580062866211,30.399999618530273,30.309999465942383,30.34000015258789,3181430
2025-04-24 11:30:00,30.334999084472656,30.479999542236328,30.31999969482422,30.475000381469727,1655262
2025-04-24 12:30:00,30.475000381469727,30.5,30.40999984741211,30.48500061035156,583059
2025-04-24 13:30:00,30.489999771118164,30.510000228881836,30.459999084472656,30.489999771118164,907078
2025-04-24 14:30:00,30.479999542236328,30.549999237060547,30.420000076293945,30.545000076293945,1328821
2025-04-24 15:30:00,30.545000076293945,30.59000015258789,30.530000686645508,30.549999237060547,1908962
2025-04-24 16:00:00,30.55,30.58,30.5042,30.5488,0
2025-04-24 17:00:00,30.55,30.6,30.5003,30.59,0
2025-04-24 18:00:00,30.57,30.63,30.51,30.61,0
2025-04-24 19:00:00,30.62,30.63,30.5507,30.5899,0
2025-04-25 04:00:00,30.36,30.4,30.2,30.36,0
2025-04-25 05:00:00,30.36,30.41,30.32,30.4,0
2025-04-25 06:00:00,30.37,30.43,30.29,30.42,0
2025-04-25 07:00:00,30.43,30.43,30.31,30.34,0
2025-04-25 08:00:00,30.33,30.46,30.13,30.3299,0
2025-04-25 09:00:00,30.32,30.3391,30.165,30.25,0
2025-04-25 09:30:00,29.959999084472656,30.06999969482422,29.790000915527344,30.05010032653809,5488722
2025-04-25 10:30:00,30.05500030517578,30.094999313354492,29.90999984741211,29.94930076599121,5826514
2025-04-25 11:30:00,29.94499969482422,30.0,29.924999237060547,29.989900588989254,1078455
2025-04-25 12:30:00,29.989900588989254,30.100000381469727,29.983400344848633,30.0841007232666,953017
2025-04-25 13:30:00,30.08009910583496,30.09000015258789,29.979999542236328,29.997699737548828,1149128
2025-04-25 14:30:00,29.989999771118164,30.029800415039062,29.920000076293945,29.934999465942383,2640867
2025-04-25 15:30:00,29.934999465942383,30.09000015258789,29.920000076293945,30.040000915527344,1665807
2025-04-25 16:00:00,30.06,30.0987,30.02,30.02,0
2025-04-25 17:00:00,30.1,30.1,30.02,30.07,0
2025-04-25 18:00:00,30.07,30.1,30.02,30.075,0
2025-04-25 19:00:00,30.0512,30.1,30.05,30.0982,0
2025-04-28 04:00:00,29.96,30.25,29.96,29.97,0
2025-04-28 05:00:00,29.97,30.04,29.93,29.98,0
2025-04-28 06:00:00,29.98,29.99,29.85,29.93,0
2025-04-28 07:00:00,29.93,30.06,29.93,30.06,0
2025-04-28 08:00:00,30.06,30.08,29.8,30.0664,0
2025-04-28 09:00:00,30.07,30.08,29.9395,30.05,0
2025-04-28 09:30:00,30.0625,30.09000015258789,29.829999923706055,30.020000457763672,5252692
2025-04-28 10:30:00,30.020000457763672,30.170000076293945,30.01499938964844,30.104999542236328,7033494
2025-04-28 11:30:00,30.104999542236328,30.13999938964844,30.024999618530273,30.07010078430176,1188942
2025-04-28 12:30:00,30.07990074157715,30.13999938964844,30.05500030517578,30.059999465942383,1140059
2025-04-28 13:30:00,30.059999465942383,30.14550018310547,30.030000686645508,30.135000228881836,907474
2025-04-28 14:30:00,30.13999938964844,30.184999465942383,30.1200008392334,30.174999237060547,1097290
2025-04-28 15:30:00,30.174999237060547,30.200000762939453,30.120100021362305,30.190000534057617,1463268
2025-04-28 16:00:00,30.18,30.19,30.15,30.16,0
2025-04-28 17:00:00,30.17,30.17,30.1,30.16,0
2025-04-28 18:00:00,30.16,30.19,30.1,30.12,0
2025-04-28 19:00:00,30.12,30.17,30.07,30.13,0
2025-04-29 04:00:00,30.24,30.24,30.17,30.23,0
2025-04-29 05:00:00,30.24,30.3,30.19,30.3,0
2025-04-29 06:00:00,30.3,30.35,30.28,30.29,0
2025-04-29 07:00:00,30.26,30.28,30.2,30.26,0
2025-04-29 08:00:00,30.26,30.3296,29.95,30.28,0
2025-04-29 09:00:00,30.27,30.48,30.19,30.3497,0
2025-04-29 09:30:00,30.450000762939453,30.5,30.170000076293945,30.260000228881836,3781462
2025-04-29 10:30:00,30.25,30.350000381469727,30.049999237060547,30.1200008392334,1407890
2025-04-29 11:30:00,30.125,30.260000228881836,30.114999771118164,30.25,1547413
2025-04-29 12:30:00,30.24970054626465,30.309999465942383,30.23500061035156,30.28499984741211,671675
2025-04-29 13:30:00,30.290000915527344,30.309999465942383,30.0,30.06439971923828,8420122
2025-04-29 14:30:00,30.059999465942383,30.06999969482422,30.010000228881836,30.03689956665039,2326905
2025-04-29 15:30:00,30.030000686645508,30.040000915527344,29.81999969482422,29.84480094909668,4016000
2025-04-29 16:00:00,29.83,29.97,29.83,29.9585,0
2025-04-29 17:00:00,29.95,29.97,29.86,29.9303,0
2025-04-29 18:00:00,29.9499,29.96,29.9,29.95,0
2025-04-29 19:00:00,29.95,29.95,29.87,29.95,0
2025-04-30 04:00:00,29.98,29.98,29.43,29.45,0
2025-04-30 05:00:00,29.45,29.57,29.4,29.44,0
2025-04-30 06:00:00,29.45,29.47,29.29,29.42,0
2025-04-30 07:00:00,29.44,29.46,29.27,29.38,0
2025-04-30 08:00:00,29.37,29.99,29.25,29.37,0
2025-04-30 09:00:00,29.4084,29.83,29.36,29.745,0
2025-04-30 09:30:00,29.68000030517578,29.774999618530273,29.441999435424805,29.635000228881836,5700386
2025-04-30 10:30:00,29.63999938964844,29.809999465942383,29.459999084472656,29.790000915527344,7867531
2025-04-30 11:30:00,29.790000915527344,29.797199249267575,29.604999542236328,29.706600189208984,4442817
2025-04-30 12:30:00,29.704999923706055,29.739900588989254,29.594999313354492,29.68000030517578,629143
2025-04-30 13:30:00,29.68000030517578,29.739999771118164,29.63999938964844,29.68000030517578,887439
2025-04-30 14:30:00,29.68000030517578,29.690000534057617,29.600000381469727,29.600099563598633,731119
2025-04-30 15:30:00,29.604999542236328,29.6299991607666,29.59000015258789,29.61000061035156,1600398
2025-04-30 16:00:00,29.6,29.7,28.585,29.67,0
2025-04-30 17:00:00,29.67,29.7,28.585,29.65,0
2025-04-30 18:00:00,29.65,29.7,29.6017,29.69,0
2025-04-30 19:00:00,29.69,29.69,29.6,29.635,0
2025-05-01 04:00:00,29.22,29.38,29.2,29.34,0
2025-05-01 05:00:00,29.33,29.38,29.28,29.28,0
2025-05-01 06:00:00,29.28,29.28,29.1,29.2,0
2025-05-01 07:00:00,29.2,29.24,29.12,29.12,0
2025-05-01 08:00:00,29.12,29.6,28.78,29.11,0
2025-05-01 09:00:00,29.11,29.6,29.06,29.55,0
2025-05-01 09:30:00,29.40999984741211,29.510000228881836,29.219999313354492,29.270000457763672,5241105
2025-05-01 10:30:00,29.26499938964844,29.549999237060547,29.250099182128903,29.395000457763672,2086061
2025-05-01 11:30:00,29.395000457763672,29.39929962158203,29.170000076293945,29.239999771118164,2383416
2025-05-01 12:30:00,29.239999771118164,29.329999923706055,29.229999542236328,29.28969955444336,897425
2025-05-01 13:30:00,29.289899826049805,29.344999313354492,29.209999084472656,29.315900802612305,1297745
2025-05-01 14:30:00,29.315000534057617,29.459999084472656,29.309999465942383,29.387800216674805,1077703
2025-05-01 15:30:00,29.381200790405273,29.43000030517578,29.381200790405273,29.399999618530273,1380199
2025-05-01 16:00:00,29.39,29.47,29.38,29.45,0
2025-05-01 17:00:00,29.435,29.47,29.4,29.435,0
2025-05-01 18:00:00,29.46,29.49,29.4,29.45,0
2025-05-01 19:00:00,29.45,29.49,29.43,29.49,0
2025-05-02 04:00:00,29.61,29.63,29.56,29.6,0
2025-05-02 05:00:00,29.59,29.59,29.51,29.51,0
2025-05-02 06:00:00,29.51,29.59,29.45,29.46,0
2025-05-02 07:00:00,29.48,29.48,29.38,29.45,0
2025-05-02 08:00:00,29.46,29.76,29.3299,29.47,0
2025-05-02 09:00:00,29.45,29.6296,29.39,29.45,0
2025-05-02 09:30:00,29.6200008392334,29.645000457763672,29.142499923706055,29.15719985961914,3600508
2025-05-02 10:30:00,29.149999618530273,29.385000228881836,29.09000015258789,29.155000686645508,2550345
2025-05-02 11:30:00,29.153499603271484,29.200000762939453,29.040000915527344,29.18709945678711,1642841
2025-05-02 12:30:00,29.184999465942383,29.19879913330078,29.06010055541992,29.1299991607666,1353124
2025-05-02 13:30:00,29.13010025024414,29.170000076293945,29.05500030517578,29.073699951171875,1479159
2025-05-02 14:30:00,29.079999923706055,29.13999938964844,29.059999465942383,29.094999313354492,1110649
2025-05-02 15:30:00,29.094999313354492,29.13999938964844,29.094999313354492,29.11000061035156,2049928
2025-05-02 16:00:00,29.12,29.16,29.05,29.1198,0
2025-05-02 17:00:00,29.14,29.16,29.1,29.1599,0
2025-05-02 18:00:00,29.16,29.16,29.1301,29.15,0
2025-05-02 19:00:00,29.15,29.16,29.1086,29.13,0
2025-05-05 04:00:00,29.39,29.42,29.31,29.42,0
2025-05-05 05:00:00,29.41,29.49,29.4,29.45,0
2025-05-05 06:00:00,29.48,29.52,29.44,29.5,0
2025-05-05 07:00:00,29.5,29.53,29.42,29.48,0
2025-05-05 08:00:00,29.47,29.5301,29.22,29.4699,0
2025-05-05 09:00:00,29.47,29.71,27.06,29.6,0
2025-05-05 09:30:00,29.549999237060547,29.559999465942383,29.329999923706055,29.43000030517578,3178015
2025-05-05 10:30:00,29.420000076293945,29.420000076293945,29.280000686645508,29.334999084472656,1086686
2025-05-05 11:30:00,29.334999084472656,29.415000915527344,29.25,29.325000762939453,682454
2025-05-05 12:30:00,29.31999969482422,29.40999984741211,29.31999969482422,29.3799991607666,808098
2025-05-05 13:30:00,29.3700008392334,29.43989944458008,29.36009979248047,29.41990089416504,646144
2025-05-05 14:30:00,29.415000915527344,29.520000457763672,29.3799991607666,29.51499938964844,1465781
2025-05-05 15:30:00,29.511499404907227,29.549999237060547,29.450000762939453,29.475000381469727,1863845
2025-05-05 16:00:00,29.48,29.54,29.46,29.5301,0
2025-05-05 17:00:00,29.54,29.57,29.47,29.485,0
2025-05-05 18:00:00,29.49,29.5688,29.49,29.55,0
2025-05-05 19:00:00,29.54,29.57,29.53,29.57,0
2025-05-06 04:00:00,30.07,30.07,29.9,30.05,0
2025-05-06 05:00:00,30.05,30.08,29.95,29.97,0
2025-05-06 06:00:00,29.98,30.08,29.94,29.99,0
2025-05-06 07:00:00,30.02,30.1,29.97,30.08,0
2025-05-06 08:00:00,30.09,30.17,29.9396,30.05,0
2025-05-06 09:00:00,30.07,30.19,30.032,30.1498,0
2025-05-06 09:30:00,30.200000762939453,30.229999542236328,30.084999084472656,30.114999771118164,4730066
2025-05-06 10:30:00,30.11030006408691,30.185400009155273,30.040000915527344,30.184999465942383,1684669
2025-05-06 11:30:00,30.184999465942383,30.184999465942383,30.0,30.1200008392334,1411288
2025-05-06 12:30:00,30.1200008392334,30.200000762939453,30.11000061035156,30.149999618530273,2284732
2025-05-06 13:30:00,30.155000686645508,30.170000076293945,30.09000015258789,30.155000686645508,1582768
2025-05-06 14:30:00,30.149999618530273,30.204999923706055,30.11000061035156,30.18420028686523,1907798
2025-05-06 15:30:00,30.190000534057617,30.239999771118164,30.18000030517578,30.219999313354492,3287960
2025-05-06 16:00:00,30.21,30.24,30.18,30.2199,0
2025-05-06 17:00:00,30.24,30.3,30.19,30.289,0
2025-05-06 18:00:00,30.27,30.27,30.05,30.09,0
2025-05-06 19:00:00,30.06,30.23,30.04,30.175,0
2025-05-07 04:00:00,30.03,30.12,29.92,29.98,0
2025-05-07 05:00:00,29.99,29.99,29.77,29.8,0
2025-05-07 06:00:00,29.81,29.88,29.79,29.79,0
2025-05-07 07:00:00,29.79,29.92,29.79,29.92,0
2025-05-07 08:00:00,29.91,30.09,29.7788,29.8105,0
2025-05-07 09:00:00,29.81,29.94,29.78,29.81,0
2025-05-07 09:30:00,29.770000457763672,29.8700008392334,29.61000061035156,29.650100708007812,2982025
2025-05-07 10:30:00,29.65999984741211,29.739999771118164,29.605199813842773,29.635000228881836,1840025
2025-05-07 11:30:00,29.63999938964844,29.70989990234375,29.635000228881836,29.68000030517578,732517
2025-05-07 12:30:00,29.677900314331055,29.719999313354492,29.600000381469727,29.6299991607666,1044837
2025-05-07 13:30:00,29.625,29.71780014038086,29.61000061035156,29.6200008392334,1106762
2025-05-07 14:30:00,29.61000061035156,29.659900665283203,29.354999542236328,29.405000686645508,2187823
2025-05-07 15:30:00,29.40999984741211,29.5,29.31999969482422,29.489999771118164,3225070
2025-05-07 16:00:00,29.48,29.52,29.44,29.5,0
2025-05-07 17:00:00,29.52,29.52,29.49,29.4904,0
2025-05-07 18:00:00,29.49,29.5,29.46,29.465,0
2025-05-07 19:00:00,29.47,29.5184,29.46,29.51,0
2025-05-08 04:00:00,29.7,29.7,29.43,29.43,0
2025-05-08 05:00:00,29.42,29.49,29.38,29.43,0
2025-05-08 06:00:00,29.43,29.58,29.4,29.56,0
2025-05-08 07:00:00,29.56,29.56,29.44,29.44,0
2025-05-08 08:00:00,29.44,29.94,29.3,29.5,0
2025-05-08 09:00:00,29.5,29.59,29.43,29.55,0
2025-05-08 09:30:00,29.600000381469727,29.75,29.565000534057617,29.700000762939453,3213686
2025-05-08 10:30:00,29.709999084472656,29.779800415039062,29.625,29.68000030517578,2824516
2025-05-08 11:30:00,29.68000030517578,29.739999771118164,29.46500015258789,29.524999618530273,1694157
2025-05-08 12:30:00,29.530000686645508,29.584999084472656,29.475000381469727,29.4950008392334,954036
2025-05-08 13:30:00,29.4955997467041,29.565000534057617,29.469999313354492,29.549999237060547,857772
2025-05-08 14:30:00,29.54990005493164,29.56999969482422,29.36000061035156,29.385000228881836,1497458
2025-05-08 15:30:00,29.385000228881836,29.479999542236328,29.37350082397461,29.450000762939453,1519131
2025-05-08 16:00:00,29.46,29.53,29.45,29.51,0
2025-05-08 17:00:00,29.51,29.55,27.5408,29.49,0
2025-05-08 18:00:00,29.49,29.5701,29.49,29.56,0
2025-05-08 19:00:00,29.56,29.58,29.4625,29.4625,0
2025-05-09 04:00:00,29.65,29.71,29.63,29.63,0
2025-05-09 05:00:00,29.62,29.65,29.61,29.62,0
2025-05-09 06:00:00,29.62,29.68,29.59,29.6,0
2025-05-09 07:00:00,29.61,29.65,29.58,29.58,0
2025-05-09 08:00:00,29.55,29.74,29.4897,29.705,0
2025-05-09 09:00:00,29.7,29.7002,29.58,29.5906,0
2025-05-09 09:30:00,29.700000762939453,29.829999923706055,29.649999618530273,29.82229995727539,1451868
2025-05-09 10:30:00,29.81999969482422,29.82990074157715,29.68000030517578,29.71500015258789,604250
2025-05-09 11:30:00,29.719999313354492,29.88999938964844,29.694700241088867,29.7549991607666,1376426
2025-05-09 12:30:00,29.7549991607666,29.799699783325195,29.729999542236328,29.774999618530273,545561
2025-05-09 13:30:00,29.779300689697266,29.84000015258789,29.770000457763672,29.834999084472656,1244360
2025-05-09 14:30:00,29.83606719970703,29.83606719970703,29.76499938964844,29.770000457763672,958863
2025-05-09 15:30:00,29.76499938964844,29.799999237060547,29.739999771118164,29.780000686645508,1599447
2025-05-09 16:00:00,29.78,29.8,29.7465,29.7465,0
2025-05-09 17:00:00,29.79,29.79,29.77,29.78,0
2025-05-09 18:00:00,29.78,29.83,29.78,29.83,0
2025-05-09 19:00:00,29.83,29.83,29.8,29.81,0
2025-05-12 04:00:00,29.16,29.46,28.98,29.12,0
2025-05-12 05:00:00,29.18,29.38,29.18,29.36,0
2025-05-12 06:00:00,29.34,29.4,29.15,29.16,0
2025-05-12 07:00:00,29.16,29.35,29.05,29.35,0
2025-05-12 08:00:00,29.35,30.0,29.0,29.31,0
2025-05-12 09:00:00,29.3,29.74,29.3,29.7201,0
2025-05-12 09:30:00,29.670000076293945,29.740299224853516,29.545000076293945,29.73500061035156,4568055
2025-05-12 10:30:00,29.739999771118164,29.739999771118164,29.565000534057617,29.655000686645508,1325258
2025-05-12 11:30:00,29.65139961242676,29.65139961242676,29.469999313354492,29.519899368286133,1095414
2025-05-12 12:30:00,29.51499938964844,29.540000915527344,29.424999237060547,29.4950008392334,1996731
2025-05-12 13:30:00,29.500099182128903,29.506500244140625,29.44499969482422,29.48419952392578,1308237
2025-05-12 14:30:00,29.48500061035156,29.61000061035156,29.469999313354492,29.600000381469727,1624866
2025-05-12 15:30:00,29.600000381469727,29.63999938964844,29.579999923706055,29.61000061035156,1946365
2025-05-12 16:00:00,29.63,29.645,29.59,29.645,0
2025-05-12 17:00:00,29.63,29.64,29.6,29.62,0
2025-05-12 18:00:00,29.62,29.66,29.6,29.61,0
2025-05-12 19:00:00,29.61,29.66,29.6001,29.65,0
2025-05-13 04:00:00,30.19,30.19,30.02,30.13,0
2025-05-13 05:00:00,30.14,30.16,30.03,30.04,0
2025-05-13 06:00:00,30.05,30.06,29.96,30.03,0
2025-05-13 07:00:00,30.03,30.06,29.96,30.0,0
2025-05-13 08:00:00,29.99,30.21,29.61,29.625,0
2025-05-13 09:00:00,29.7395,29.81,29.55,29.73,0
2025-05-13 09:30:00,29.690000534057617,29.790000915527344,29.61479949951172,29.780000686645508,3178939
2025-05-13 10:30:00,29.780000686645508,29.979900360107425,29.770000457763672,29.93000030517578,2297359
2025-05-13 11:30:00,29.93000030517578,30.0049991607666,29.854999542236328,29.950700759887695,1055590
2025-05-13 12:30:00,29.954999923706055,30.0,29.900100708007812,29.905000686645508,964208
2025-05-13 13:30:00,29.90999984741211,29.93000030517578,29.864999771118164,29.8799991607666,732743
2025-05-13 14:30:00,29.875,29.979999542236328,29.870100021362305,29.969999313354492,1448435
2025-05-13 15:30:00,29.96500015258789,29.989999771118164,29.940000534057617,29.950000762939453,3058826
2025-05-13 16:00:00,29.93,29.96,29.92,29.925,0
2025-05-13 17:00:00,29.9117,29.99,29.91,29.9693,0
2025-05-13 18:00:00,29.94,29.96,29.93,29.9597,0
2025-05-13 19:00:00,29.94,29.97,29.94,29.96,0
2025-05-14 04:00:00,29.91,29.94,29.83,29.86,0
2025-05-14 05:00:00,29.87,29.89,29.8,29.84,0
2025-05-14 06:00:00,29.83,29.84,29.8,29.82,0
2025-05-14 07:00:00,29.84,29.94,29.84,29.92,0
2025-05-14 08:00:00,29.92,29.9498,29.4497,29.475,0
2025-05-14 09:00:00,29.46,29.49,29.21,29.3103,0
2025-05-14 09:30:00,29.43000030517578,29.510000228881836,29.31999969482422,29.375,3903288
2025-05-14 10:30:00,29.370100021362305,29.3799991607666,29.260099411010746,29.340700149536133,1672112
2025-05-14 11:30:00,29.349899291992188,29.3700008392334,29.299999237060547,29.315000534057617,1131792
2025-05-14 12:30:00,29.309999465942383,29.3799991607666,29.21500015258789,29.350000381469727,1396032
2025-05-14 13:30:00,29.36000061035156,29.3700008392334,29.239999771118164,29.2549991607666,677795
2025-05-14 14:30:00,29.2549991607666,29.270000457763672,29.15999984741211,29.19499969482422,2024759
2025-05-14 15:30:00,29.19499969482422,29.25,29.190000534057617,29.239999771118164,2762586
2025-05-14 16:00:00,29.25,29.32,29.23,29.3,0
2025-05-14 17:00:00,29.3,29.31,29.29,29.3003,0
2025-05-14 18:00:00,29.3,29.32,29.26,29.27,0
2025-05-14 19:00:00,29.26,29.32,29.25,29.28,0
2025-05-15 04:00:00,28.92,29.05,28.87,29.02,0
2025-05-15 05:00:00,29.03,29.16,28.97,29.11,0
2025-05-15 06:00:00,29.12,29.17,29.05,29.14,0
2025-05-15 07:00:00,29.12,29.19,29.12,29.17,0
2025-05-15 08:00:00,29.19,29.28,28.8,29.23,0
2025-05-15 09:00:00,29.26,29.3,29.2,29.2308,0
2025-05-15 09:30:00,29.25,29.375,29.18000030517578,29.325000762939453,2876473
2025-05-15 10:30:00,29.31999969482422,29.5,29.299999237060547,29.4950008392334,1424662
2025-05-15 11:30:00,29.5,29.59000015258789,29.450000762939453,29.530099868774418,1064623
2025-05-15 12:30:00,29.534099578857425,29.600000381469727,29.523399353027344,29.56800079345703,1061394
2025-05-15 13:30:00,29.56999969482422,29.575000762939453,29.510000228881836,29.520000457763672,591308
2025-05-15 14:30:00,29.520000457763672,29.549999237060547,29.4950008392334,29.545000076293945,802859
2025-05-15 15:30:00,29.545000076293945,29.6200008392334,29.545000076293945,29.61000061035156,1987095
2025-05-15 16:00:00,29.61,29.67,29.61,29.65,0
2025-05-15 17:00:00,29.66,29.66,29.6044,29.63,0
2025-05-15 18:00:00,29.62,29.72,29.62,29.691,0
2025-05-15 19:00:00,29.68,29.71,29.64,29.67,0
2025-05-16 04:00:00,29.38,29.51,29.28,29.33,0
2025-05-16 05:00:00,29.34,29.38,29.3,29.38,0
2025-05-16 06:00:00,29.35,29.39,29.27,29.3,0
2025-05-16 07:00:00,29.32,29.32,29.1,29.12,0
2025-05-16 08:00:00,29.11,29.8555,29.01,29.08,0
2025-05-16 09:00:00,29.06,29.61,28.98,29.155,0
2025-05-16 09:30:00,29.200000762939453,29.3799991607666,29.190000534057617,29.25329971313477,2453097
2025-05-16 10:30:00,29.260000228881836,29.270000457763672,29.094999313354492,29.125,1808379
2025-05-16 11:30:00,29.120100021362305,29.299999237060547,29.120100021362305,29.28499984741211,1168706
2025-05-16 12:30:00,29.290000915527344,29.325000762939453,29.260000228881836,29.275999069213867,806625
2025-05-16 13:30:00,29.27753448486328,29.31999969482422,29.25,29.31999969482422,559540
2025-05-16 14:30:00,29.315000534057617,29.33989906311035,29.270099639892575,29.315000534057617,581219
2025-05-16 15:30:00,29.309999465942383,29.329999923706055,29.29010009765625,29.31999969482422,1640276
2025-05-16 16:00:00,29.3,29.37,29.3,29.36,0
2025-05-16 17:00:00,29.36,29.39,29.32,29.35,0
2025-05-16 18:00:00,29.39,29.39,29.36,29.39,0
2025-05-16 19:00:00,29.39,29.39,29.3699,29.3708,0
2025-05-19 04:00:00,29.53,29.58,29.42,29.55,0
2025-05-19 05:00:00,29.55,29.64,29.54,29.55,0
2025-05-19 06:00:00,29.56,29.6,29.52,29.6,0
2025-05-19 07:00:00,29.58,29.65,29.58,29.63,0
2025-05-19 08:00:00,29.63,29.65,29.32,29.64,0
2025-05-19 09:00:00,29.6298,29.6298,29.4,29.4402,0
2025-05-19 09:30:00,29.43000030517578,29.459999084472656,29.30500030517578,29.424999237060547,2517797
2025-05-19 10:30:00,29.424999237060547,29.450000762939453,29.390100479125977,29.44499969482422,3749662
2025-05-19 11:30:00,29.440000534057617,29.530000686645508,29.405000686645508,29.40999984741211,1359794
2025-05-19 12:30:00,29.40999984741211,29.479999542236328,29.399999618530273,29.424999237060547,1138435
2025-05-19 13:30:00,29.43000030517578,29.450000762939453,29.3700008392334,29.41990089416504,529860
2025-05-19 14:30:00,29.420000076293945,29.450000762939453,29.40999984741211,29.434999465942383,612031
2025-05-19 15:30:00,29.434999465942383,29.443500518798828,29.399999618530273,29.40999984741211,1031613
2025-05-19 16:00:00,29.42,29.96,29.39,29.429,0
2025-05-19 17:00:00,29.43,29.43,29.37,29.42,0
2025-05-19 18:00:00,29.4103,29.43,29.4,29.42,0
2025-05-19 19:00:00,29.4101,29.43,29.4,29.42,0
2025-05-20 04:00:00,29.37,29.4,29.25,29.38,0
2025-05-20 05:00:00,29.41,29.47,29.4,29.45,0
2025-05-20 06:00:00,29.45,29.49,29.43,29.49,0
2025-05-20 07:00:00,29.5,29.6,29.49,29.58,0
2025-05-20 08:00:00,29.58,29.63,29.2,29.61,0
2025-05-20 09:00:00,29.62,29.69,29.42,29.4901,0
2025-05-20 09:30:00,29.530000686645508,29.93000030517578,29.5,29.84000015258789,2877353
2025-05-20 10:30:00,29.829999923706055,29.92730140686035,29.790000915527344,29.895000457763672,1642304
2025-05-20 11:30:00,29.88999938964844,29.969999313354492,29.850000381469727,29.950000762939453,1105287
2025-05-20 12:30:00,29.950199127197266,30.020000457763672,29.924999237060547,30.0049991607666,1488536
2025-05-20 13:30:00,30.0,30.059999465942383,30.0,30.02070045471191,1219568
2025-05-20 14:30:00,30.020000457763672,30.100000381469727,29.994199752807617,30.09000015258789,2164251
2025-05-20 15:30:00,30.094999313354492,30.1299991607666,30.079999923706055,30.1299991607666,3562307
2025-05-20 16:00:00,30.13,30.13,30.07,30.1,0
2025-05-20 17:00:00,30.1,30.13,30.07,30.12,0
2025-05-20 18:00:00,30.12,30.13,30.1,30.1107,0
2025-05-20 19:00:00,30.11,30.14,30.09,30.1,0
2025-05-21 04:00:00,30.16,30.18,30.12,30.16,0
2025-05-21 05:00:00,30.15,30.19,30.15,30.17,0
2025-05-21 06:00:00,30.16,30.2,30.13,30.19,0
2025-05-21 07:00:00,30.18,30.19,30.1,30.14,0
2025-05-21 08:00:00,30.14,30.2,30.02,30.12,0
2025-05-21 09:00:00,30.13,30.21,29.99,30.19,0
2025-05-21 09:30:00,30.18000030517578,30.260000228881836,30.100000381469727,30.225000381469727,3445340
2025-05-21 10:30:00,30.229999542236328,30.479999542236328,30.190000534057617,30.434999465942383,3832387
2025-05-21 11:30:00,30.440000534057617,30.454999923706055,30.36000061035156,30.399999618530273,1743986
2025-05-21 12:30:00,30.399999618530273,30.479999542236328,30.309999465942383,30.315000534057617,3579556
2025-05-21 13:30:00,30.309999465942383,30.36000061035156,30.204999923706055,30.344999313354492,2002036
2025-05-21 14:30:00,30.350000381469727,30.5,30.34000015258789,30.4950008392334,2297084
2025-05-21 15:30:00,30.4950008392334,30.524999618530273,30.469999313354492,30.5,2144011
2025-05-21 16:00:00,30.5099,30.53,30.3592,30.36,0
2025-05-21 17:00:00,30.36,30.53,30.35,30.44,0
2025-05-21 18:00:00,30.39,30.46,30.38,30.44,0
2025-05-21 19:00:00,30.44,30.4895,30.38,30.39,0
2025-05-22 04:00:00,30.54,30.55,30.31,30.36,0
2025-05-22 05:00:00,30.35,30.41,30.16,30.18,0
2025-05-22 06:00:00,30.2,30.22,30.08,30.08,0
2025-05-22 07:00:00,30.08,30.09,29.68,29.7,0
2025-05-22 08:00:00,29.73,30.6742,29.64,29.82,0
2025-05-22 09:00:00,29.8101,30.51,29.81,30.1,0
2025-05-22 09:30:00,30.010000228881836,30.049999237060547,29.780000686645508,29.98500061035156,6753050
2025-05-22 10:30:00,29.98929977416992,30.019899368286133,29.86199951171875,29.9950008392334,2237072
2025-05-22 11:30:00,29.989999771118164,30.06999969482422,29.954999923706055,30.05500030517578,1392184
2025-05-22 12:30:00,30.05617332458496,30.09000015258789,30.020000457763672,30.05500030517578,1319933
2025-05-22 13:30:00,30.059999465942383,30.100000381469727,30.01499938964844,30.09000015258789,876844
2025-05-22 14:30:00,30.093700408935547,30.11000061035156,30.023099899291992,30.030099868774418,1001467
2025-05-22 15:30:00,30.03030014038086,30.059999465942383,30.010000228881836,30.030000686645508,1418602
2025-05-22 16:00:00,30.03,30.06,29.9922,30.03,0
2025-05-22 17:00:00,30.05,30.05,30.02,30.0403,0
2025-05-22 18:00:00,30.05,30.06,30.01,30.05,0
2025-05-22 19:00:00,30.0407,30.06,30.03,30.05,0
2025-05-23 04:00:00,30.15,30.24,30.15,30.19,0
2025-05-23 05:00:00,30.19,30.22,30.07,30.11,0
2025-05-23 06:00:00,30.13,30.16,30.08,30.155,0
2025-05-23 07:00:00,30.15,30.15,30.07,30.1,0
2025-05-23 08:00:00,30.1,30.28,29.91,30.12,0
2025-05-23 09:00:00,30.1199,30.22,30.04,30.11,0
2025-05-23 09:30:00,30.190000534057617,30.25,30.020000457763672,30.219999313354492,4300028
2025-05-23 10:30:00,30.215499877929688,30.309999465942383,30.203699111938477,30.290000915527344,2417868
2025-05-23 11:30:00,30.290000915527344,30.375,30.2549991607666,30.36000061035156,1467576
2025-05-23 12:30:00,30.36000061035156,30.420000076293945,30.34000015258789,30.40999984741211,1185555
2025-05-23 13:30:00,30.40999984741211,30.489900588989254,30.38999938964844,30.46500015258789,1602781
2025-05-23 14:30:00,30.460100173950195,30.5,30.440000534057617,30.46500015258789,1344916
2025-05-23 15:30:00,30.46500015258789,30.489999771118164,30.40999984741211,30.440000534057617,2462372
2025-05-23 16:00:00,30.45,30.49,30.44,30.46,0
2025-05-23 17:00:00,30.45,30.47,30.45,30.455,0
2025-05-23 18:00:00,30.4598,30.47,30.45,30.47,0
2025-05-23 19:00:00,30.47,30.47,30.45,30.45,0
2025-05-27 04:00:00,30.01,30.19,30.0,30.05,0
2025-05-27 05:00:00,30.04,30.15,29.98,30.05,0
2025-05-27 06:00:00,30.05,30.06,29.99,30.03,0
2025-05-27 07:00:00,30.0,30.01,29.88,29.91,0
2025-05-27 08:00:00,29.91,30.4167,29.86,30.0,0
2025-05-27 09:00:00,29.96,30.07,29.79,30.06,0
2025-05-27 09:30:00,30.040000915527344,30.13999938964844,29.979999542236328,30.075000762939453,4690898
2025-05-27 10:30:00,30.06999969482422,30.09980010986328,30.010000228881836,30.065000534057617,1574344
2025-05-27 11:30:00,30.059999465942383,30.135000228881836,30.010099411010746,30.125,1285414
2025-05-27 12:30:00,30.129899978637695,30.200000762939453,30.11000061035156,30.19499969482422,1108934
2025-05-27 13:30:00,30.199800491333008,30.219999313354492,30.17009925842285,30.219999313354492,954277
2025-05-27 14:30:00,30.212900161743164,30.25,30.190000534057617,30.204999923706055,1050443
2025-05-27 15:30:00,30.204999923706055,30.25,30.18630027770996,30.23500061035156,1408660
2025-05-27 16:00:00,30.24,30.25,30.21,30.2399,0
2025-05-27 17:00:00,30.2301,30.27,30.23,30.245,0
2025-05-27 18:00:00,30.245,30.25,30.23,30.24,0
2025-05-27 19:00:00,30.24,30.27,30.24,30.25,0
2025-05-28 04:00:00,30.3,30.36,30.28,30.3,0
2025-05-28 05:00:00,30.3,30.37,30.3,30.32,0
2025-05-28 06:00:00,30.32,30.4,30.32,30.335,0
2025-05-28 07:00:00,30.335,30.34,30.16,30.22,0
2025-05-28 08:00:00,30.22,30.4452,30.1,30.1899,0
2025-05-28 09:00:00,30.1899,30.25,30.14,30.14,0
2025-05-28 09:30:00,30.149999618530273,30.225000381469727,30.079999923706055,30.135000228881836,3542631
2025-05-28 10:30:00,30.131000518798828,30.13990020751953,30.01499938964844,30.01499938964844,1491145
2025-05-28 11:30:00,30.01499938964844,30.03499984741211,29.98500061035156,30.013500213623047,1253418
2025-05-28 12:30:00,30.019899368286133,30.04990005493164,29.969999313354492,30.02989959716797,672133
2025-05-28 13:30:00,30.030000686645508,30.049999237060547,30.010000228881836,30.030000686645508,557305
2025-05-28 14:30:00,30.03499984741211,30.04990005493164,29.975000381469727,29.975000381469727,933565
2025-05-28 15:30:00,29.975000381469727,30.0,29.959999084472656,29.979999542236328,1324045
2025-05-28 16:00:00,29.98,30.1019,29.94,29.98,0
2025-05-28 17:00:00,29.98,30.0,29.93,30.0,0
2025-05-28 18:00:00,30.0,30.0,29.95,29.96,0
2025-05-28 19:00:00,29.96,29.9796,29.72,29.87,0
2025-05-29 04:00:00,30.14,30.32,30.14,30.24,0
2025-05-29 05:00:00,30.24,30.31,30.2,30.22,0
2025-05-29 06:00:00,30.22,30.35,30.22,30.33,0
2025-05-29 07:00:00,30.345,30.39,30.3,30.38,0
2025-05-29 08:00:00,30.39,30.4297,29.98,30.4,0
2025-05-29 09:00:00,30.41,30.45,30.22,30.22,0
2025-05-29 09:30:00,30.290000915527344,30.309900283813477,30.065000534057617,30.075000762939453,3768595
2025-05-29 10:30:00,30.079999923706055,30.239999771118164,30.05010032653809,30.219999313354492,2269009
2025-05-29 11:30:00,30.209999084472656,30.31999969482422,30.165000915527344,30.26499938964844,1067449
2025-05-29 12:30:00,30.263500213623047,30.309999465942383,30.2549991607666,30.268999099731445,1086058
2025-05-29 13:30:00,30.266000747680664,30.31999969482422,30.25,30.260000228881836,995673
2025-05-29 14:30:00,30.260000228881836,30.315000534057617,30.2549991607666,30.315000534057617,1337333
2025-05-29 15:30:00,30.315000534057617,30.31999969482422,30.270000457763672,30.299999237060547,1297830
2025-05-29 16:00:00,30.3,30.32,30.27,30.29,0
2025-05-29 17:00:00,30.2805,30.33,30.28,30.33,0
2025-05-29 18:00:00,30.3,30.32,30.22,30.25,0
2025-05-29 19:00:00,30.24,30.29,30.23,30.28,0
2025-05-30 04:00:00,30.145,30.16,30.1,30.12,0
2025-05-30 05:00:00,30.13,30.18,30.13,30.13,0
2025-05-30 06:00:00,30.12,30.16,30.09,30.12,0
2025-05-30 07:00:00,30.13,30.13,30.0,30.12,0
2025-05-30 08:00:00,30.13,30.2145,29.95,30.155,0
2025-05-30 09:00:00,30.1695,30.28,30.11,30.12,0
2025-05-30 09:30:00,30.1200008392334,30.190000534057617,29.940000534057617,30.0469970703125,4088999
2025-05-30 10:30:00,30.049999237060547,30.059999465942383,29.88999938964844,29.989900588989254,2519471
2025-05-30 11:30:00,29.979999542236328,30.009899139404297,29.86000061035156,29.8799991607666,1728906
2025-05-30 12:30:00,29.88999938964844,29.950000762939453,29.780000686645508,29.94930076599121,2399550
2025-05-30 13:30:00,29.94499969482422,29.969999313354492,29.8799991607666,29.96500015258789,1370103
2025-05-30 14:30:00,29.96500015258789,30.010000228881836,29.950000762939453,30.0,687620
2025-05-30 15:30:00,29.9950008392334,30.010000228881836,29.969999313354492,29.989999771118164,1189862
2025-05-30 16:00:00,30.0,30.0001,29.9605,29.99,0
2025-05-30 17:00:00,29.99,30.0,29.9601,29.9701,0
2025-05-30 18:00:00,29.97,30.01,29.97,30.01,0
2025-05-30 19:00:00,29.9999,30.04,29.98,30.04,0
2025-06-02 04:00:00,30.4,30.47,30.19,30.38,0
2025-06-02 05:00:00,30.38,30.41,30.3,30.3,0
2025-06-02 06:00:00,30.31,30.31,30.22,30.23,0
2025-06-02 07:00:00,30.23,30.29,30.18,30.28,0
2025-06-02 08:00:00,30.28,30.53,30.0,30.4199,0
2025-06-02 09:00:00,30.42,30.87,30.42,30.87,0
2025-06-02 09:30:00,30.850000381469727,31.239999771118164,30.719999313354492,31.1299991607666,14471872
2025-06-02 10:30:00,31.135000228881836,31.34000015258789,31.114999771118164,31.28660011291504,4899712
2025-06-02 11:30:00,31.28499984741211,31.350000381469727,31.229999542236328,31.30500030517578,3900120
2025-06-02 12:30:00,31.299999237060547,31.459999084472656,31.290000915527344,31.38999938964844,2694456
2025-06-02 13:30:00,31.38999938964844,31.469999313354492,31.381200790405273,31.469999313354492,3103045
2025-06-02 14:30:00,31.460100173950195,31.559999465942383,31.459999084472656,31.540000915527344,3689845
2025-06-02 15:30:00,31.545000076293945,31.600000381469727,31.530000686645508,31.593900680541992,4102227
2025-06-02 16:00:00,31.59,31.63,31.55,31.626,0
2025-06-02 17:00:00,31.61,31.65,31.58,31.6448,0
2025-06-02 18:00:00,31.63,31.64,31.55,31.58,0
2025-06-02 19:00:00,31.59,31.62,31.5,31.5798,0
2025-06-03 04:00:00,31.28,31.28,31.08,31.08,0
2025-06-03 05:00:00,31.08,31.17,31.08,31.17,0
2025-06-03 06:00:00,31.16,31.18,31.11,31.15,0
2025-06-03 07:00:00,31.14,31.19,31.13,31.15,0
2025-06-03 08:00:00,31.15,31.62,30.96,31.19,0
2025-06-03 09:00:00,31.18,31.33,31.16,31.285,0
2025-06-03 09:30:00,31.270000457763672,31.36000061035156,31.06999969482422,31.30500030517578,7899097
2025-06-03 10:30:00,31.309999465942383,31.399999618530273,31.280000686645508,31.350000381469727,3087255
2025-06-03 11:30:00,31.354999542236328,31.3700008392334,31.23500061035156,31.274999618530273,3041340
2025-06-03 12:30:00,31.270000457763672,31.364999771118164,31.260000228881836,31.364999771118164,1880582
2025-06-03 13:30:00,31.364999771118164,31.40999984741211,31.350000381469727,31.395000457763672,1276374
2025-06-03 14:30:00,31.390100479125977,31.459999084472656,31.38999938964844,31.44499969482422,2237598
2025-06-03 15:30:00,31.44989967346191,31.469999313354492,31.43000030517578,31.440000534057617,1866330
2025-06-03 16:00:00,31.44,31.47,31.1384,31.39,0
2025-06-03 17:00:00,31.4,31.45,31.4,31.42,0
2025-06-03 18:00:00,31.41,31.44,31.39,31.42,0
2025-06-03 19:00:00,31.4198,31.45,31.41,31.45,0
2025-06-04 04:00:00,31.31,31.49,31.3,31.32,0
2025-06-04 05:00:00,31.34,31.43,31.33,31.38,0
2025-06-04 06:00:00,31.36,31.42,31.34,31.37,0
2025-06-04 07:00:00,31.37,31.37,31.07,31.16,0
2025-06-04 08:00:00,31.17,31.44,31.09,31.18,0
2025-06-04 09:00:00,31.18,31.44,31.1,31.29,0
2025-06-04 09:30:00,31.31999969482422,31.43000030517578,31.25,31.364999771118164,6499826
2025-06-04 10:30:00,31.36000061035156,31.420000076293945,31.229999542236328,31.290000915527344,4051441
2025-06-04 11:30:00,31.285200119018555,31.34000015258789,31.260000228881836,31.295000076293945,1783303
2025-06-04 12:30:00,31.295000076293945,31.3799991607666,31.290000915527344,31.36479949951172,1222687
2025-06-04 13:30:00,31.364999771118164,31.415000915527344,31.334999084472656,31.409000396728516,1071237
2025-06-04 14:30:00,31.405000686645508,31.40999984741211,31.31999969482422,31.36000061035156,1080024
2025-06-04 15:30:00,31.358999252319336,31.3700008392334,31.31999969482422,31.350000381469727,1706013
2025-06-04 16:00:00,31.34,31.4,31.32,31.3501,0
2025-06-04 17:00:00,31.38,31.39,31.35,31.36,0
2025-06-04 18:00:00,31.37,31.39,31.35,31.3502,0
2025-06-04 19:00:00,31.36,31.38,31.34,31.37,0
2025-06-05 04:00:00,31.4,31.52,31.4,31.52,0
2025-06-05 05:00:00,31.53,32.55,31.52,32.38,0
2025-06-05 06:00:00,32.38,32.45,32.23,32.41,0
2025-06-05 07:00:00,32.42,32.67,32.4,32.52,0
2025-06-05 08:00:00,32.52,32.6798,31.32,32.52,0
2025-06-05 09:00:00,32.52,32.78,29.55,32.65,0
2025-06-05 09:30:00,32.625,32.775001525878906,32.400001525878906,32.62009811401367,22584186
2025-06-05 10:30:00,32.625,32.709999084472656,32.380001068115234,32.45000076293945,7242746
2025-06-05 11:30:00,32.445899963378906,32.46500015258789,32.09000015258789,32.2599983215332,6995655
2025-06-05 12:30:00,32.255001068115234,32.429901123046875,32.255001068115234,32.41749954223633,4982657
2025-06-05 13:30:00,32.415000915527344,32.43000030517578,32.34000015258789,32.3849983215332,3289750
2025-06-05 14:30:00,32.38679885864258,32.45000076293945,32.333499908447266,32.42470169067383,2630452
2025-06-05 15:30:00,32.43000030517578,32.45000076293945,32.36000061035156,32.439998626708984,2970013
2025-06-05 16:00:00,32.45,32.4599,32.37,32.4,0
2025-06-05 17:00:00,32.38,32.45,32.3,32.4203,0
2025-06-05 18:00:00,32.42,32.49,32.37,32.45,0
2025-06-05 19:00:00,32.4495,32.49,32.43,32.4699,0
2025-06-06 04:00:00,32.88,32.9,32.72,32.88,0
2025-06-06 05:00:00,32.9,32.96,32.76,32.8,0
2025-06-06 06:00:00,32.8,32.9,32.72,32.9,0
2025-06-06 07:00:00,32.91,32.94,32.81,32.84,0
2025-06-06 08:00:00,32.85,32.95,32.65,32.781,0
2025-06-06 09:00:00,32.83,33.02,32.74,32.98,0
2025-06-06 09:30:00,32.900001525878906,32.97999954223633,32.54990005493164,32.67499923706055,10941985
2025-06-06 10:30:00,32.67770004272461,32.7599983215332,32.57350158691406,32.70500183105469,5386721
2025-06-06 11:30:00,32.703399658203125,32.810001373291016,32.68069839477539,32.70500183105469,4072611
2025-06-06 12:30:00,32.70500183105469,32.72999954223633,32.63999938964844,32.7234992980957,2162185
2025-06-06 13:30:00,32.724998474121094,32.7599983215332,32.670101165771484,32.685001373291016,2227537
2025-06-06 14:30:00,32.68000030517578,32.7599983215332,32.68000030517578,32.724998474121094,1717597
2025-06-06 15:30:00,32.72990036010742,32.75,32.65999984741211,32.68000030517578,3302290
2025-06-06 16:00:00,32.69,32.73,32.65,32.71,0
2025-06-06 17:00:00,32.71,32.79,32.67,32.75,0
2025-06-06 18:00:00,32.74,32.78,32.7,32.7601,0
2025-06-06 19:00:00,32.778,32.778,32.7,32.7201,0
2025-06-09 04:00:00,33.0,33.07,32.81,33.07,0
2025-06-09 05:00:00,33.07,33.12,32.85,32.91,0
2025-06-09 06:00:00,32.91,33.01,32.9,32.99,0
2025-06-09 07:00:00,32.98,33.0,32.92,32.98,0
2025-06-09 08:00:00,32.98,33.11,32.7,33.05,0
2025-06-09 09:00:00,33.04,33.0497,32.95,33.02,0
2025-06-09 09:30:00,33.099998474121094,33.349998474121094,33.0,33.310001373291016,9721846
2025-06-09 10:30:00,33.310001373291016,33.349998474121094,33.229698181152344,33.34989929199219,5229374
2025-06-09 11:30:00,33.34550094604492,33.380001068115234,33.27000045776367,33.36000061035156,2608018
2025-06-09 12:30:00,33.349998474121094,33.36000061035156,33.27000045776367,33.35499954223633,2666260
2025-06-09 13:30:00,33.36000061035156,33.47999954223633,33.36000061035156,33.470001220703125,3951599
2025-06-09 14:30:00,33.470001220703125,33.540000915527344,33.38999938964844,33.39500045776367,3892484
2025-06-09 15:30:00,33.400001525878906,33.40999984741211,33.349998474121094,33.3849983215332,5198804
2025-06-09 16:00:00,33.39,33.44,33.37,33.41,0
2025-06-09 17:00:00,33.41,33.5,33.39,33.475,0
2025-06-09 18:00:00,33.46,33.46,33.39,33.45,0
2025-06-09 19:00:00,33.45,33.48,33.43,33.47,0
2025-06-10 04:00:00,33.15,33.28,33.15,33.18,0
2025-06-10 05:00:00,33.2,33.28,33.18,33.25,0
2025-06-10 06:00:00,33.25,33.38,33.24,33.36,0
2025-06-10 07:00:00,33.35,33.46,33.35,33.43,0
2025-06-10 08:00:00,33.43,33.4596,33.12,33.3398,0
2025-06-10 09:00:00,33.34,33.38,33.22,33.33,0
2025-06-10 09:30:00,33.310001373291016,33.36000061035156,33.0900993347168,33.18669891357422,6896242
2025-06-10 10:30:00,33.18000030517578,33.189998626708984,33.02370071411133,33.14459991455078,5187871
2025-06-10 11:30:00,33.150001525878906,33.1593017578125,33.040000915527344,33.14500045776367,3903383
2025-06-10 12:30:00,33.14500045776367,33.23500061035156,33.12369918823242,33.22829818725586,1506704
2025-06-10 13:30:00,33.224098205566406,33.244998931884766,33.17499923706055,33.19499969482422,2231113
2025-06-10 14:30:00,33.19770050048828,33.2599983215332,33.125,33.2400016784668,5247754
2025-06-10 15:30:00,33.2400016784668,33.2599983215332,33.18000030517578,33.209999084472656,3096656
2025-06-10 16:00:00,33.23,33.25,33.18,33.2,0
2025-06-10 17:00:00,33.22,33.23,33.2,33.21,0
2025-06-10 18:00:00,33.21,33.25,33.1801,33.25,0
2025-06-10 19:00:00,33.24,33.26,33.1742,33.24,0
2025-06-11 04:00:00,33.28,33.28,33.18,33.21,0
2025-06-11 05:00:00,33.21,33.23,32.74,32.99,0
2025-06-11 06:00:00,32.98,33.05,32.93,32.93,0
2025-06-11 07:00:00,32.93,32.98,32.81,32.94,0
2025-06-11 08:00:00,32.93,33.3,32.7696,33.0,0
2025-06-11 09:00:00,32.9801,33.23,32.98,33.1,0
2025-06-11 09:30:00,32.91999816894531,33.0192985534668,32.75,32.94499969482422,7101475
2025-06-11 10:30:00,32.939998626708984,33.040000915527344,32.91999816894531,32.98500061035156,4266434
2025-06-11 11:30:00,32.98500061035156,33.0,32.88290023803711,32.93000030517578,1561354
2025-06-11 12:30:00,32.91999816894531,32.93000030517578,32.810001373291016,32.820098876953125,1843994
2025-06-11 13:30:00,32.81999969482422,32.93000030517578,32.77000045776367,32.91999816894531,6920173
2025-06-11 14:30:00,32.92499923706055,32.93000030517578,32.779998779296875,32.84000015258789,5338177
2025-06-11 15:30:00,32.849998474121094,32.939998626708984,32.84000015258789,32.93000030517578,5248474
2025-06-11 16:00:00,32.95,32.98,32.9201,32.9598,0
2025-06-11 17:00:00,32.94,32.96,32.9,32.95,0
2025-06-11 18:00:00,32.95,33.03,32.94,33.02,0
2025-06-11 19:00:00,33.03,33.07,32.96,33.0,0
2025-06-12 04:00:00,32.49,32.93,32.44,32.58,0
2025-06-12 05:00:00,32.58,32.71,32.58,32.64,0
2025-06-12 06:00:00,32.64,32.75,32.61,32.74,0
2025-06-12 07:00:00,32.73,33.0,32.73,32.98,0
2025-06-12 08:00:00,32.98,33.13,32.25,32.95,0
2025-06-12 09:00:00,32.95,33.08,32.81,32.89,0
2025-06-12 09:30:00,32.849998474121094,33.00559997558594,32.790000915527344,32.92499923706055,5851877
2025-06-12 10:30:00,32.91999816894531,33.03499984741211,32.86000061035156,32.95500183105469,3764148
2025-06-12 11:30:00,32.959999084472656,33.0,32.932098388671875,32.964298248291016,2575683
2025-06-12 12:30:00,32.959999084472656,32.9900016784668,32.900001525878906,32.94499969482422,1865726
2025-06-12 13:30:00,32.940101623535156,32.97999954223633,32.90999984741211,32.95500183105469,1119092
2025-06-12 14:30:00,32.95500183105469,32.9900016784668,32.939998626708984,32.98500061035156,1894831
2025-06-12 15:30:00,32.97999954223633,33.05500030517578,32.97999954223633,33.040000915527344,2445541
2025-06-12 16:00:00,33.06,33.06,33.01,33.035,0
2025-06-12 17:00:00,33.0399,33.07,33.03,33.045,0
2025-06-12 18:00:00,33.04,33.04,33.0,33.03,0
2025-06-12 19:00:00,33.01,33.07,33.0,33.07,0
2025-06-13 04:00:00,32.98,33.13,32.75,33.02,0
2025-06-13 05:00:00,33.0,33.12,32.97,33.06,0
2025-06-13 06:00:00,33.05,33.13,32.84,33.0,0
2025-06-13 07:00:00,33.01,33.05,32.77,32.93,0
2025-06-13 08:00:00,32.93,33.1396,32.72,32.94,0
2025-06-13 09:00:00,32.96,33.01,32.84,32.95,0
2025-06-13 09:30:00,33.02000045776367,33.05849838256836,32.790000915527344,32.91999816894531,5715432
2025-06-13 10:30:00,32.915000915527344,32.994998931884766,32.83000183105469,32.939998626708984,2811243
2025-06-13 11:30:00,32.94499969482422,32.98500061035156,32.869998931884766,32.980098724365234,1995683
2025-06-13 12:30:00,32.9900016784668,33.025001525878906,32.95000076293945,32.98500061035156,1402571
2025-06-13 13:30:00,32.98500061035156,33.029998779296875,32.939998626708984,32.96500015258789,1344157
2025-06-13 14:30:00,32.970001220703125,33.029998779296875,32.93000030517578,32.9900016784668,3375366
2025-06-13 15:30:00,32.994998931884766,33.0,32.93000030517578,32.95000076293945,4093309
2025-06-13 16:00:00,32.97,33.05,32.93,33.0,0
2025-06-13 17:00:00,33.0,33.02,32.97,33.0,0
2025-06-13 18:00:00,32.9999,33.0,32.96,32.9605,0
2025-06-13 19:00:00,32.98,32.98,32.96,32.97,0
2025-06-16 04:00:00,33.14,33.15,33.04,33.05,0
2025-06-16 05:00:00,33.02,33.14,33.02,33.1,0
2025-06-16 06:00:00,33.1,33.1,32.97,33.04,0
2025-06-16 07:00:00,33.05,33.11,33.03,33.06,0
2025-06-16 08:00:00,33.06,33.21,32.92,33.07,0
2025-06-16 09:00:00,33.08,33.17,33.03,33.0988,0
2025-06-16 09:30:00,33.099998474121094,33.14500045776367,32.89500045776367,32.91999816894531,5278151
2025-06-16 10:30:00,32.91999816894531,33.109901428222656,32.90999984741211,33.09000015258789,2180958
2025-06-16 11:30:00,33.09000015258789,33.13999938964844,33.03010177612305,33.06990051269531,1302837
2025-06-16 12:30:00,33.064998626708984,33.095001220703125,33.0348014831543,33.084999084472656,698116
2025-06-16 13:30:00,33.084999084472656,33.099998474121094,33.0,33.01649856567383,1254717
2025-06-16 14:30:00,33.01219940185547,33.029998779296875,32.97999954223633,33.0099983215332,1498317
2025-06-16 15:30:00,33.005001068115234,33.040000915527344,33.0,33.02000045776367,1598967
2025-06-16 16:00:00,33.03,33.04,33.001,33.001,0
2025-06-16 17:00:00,33.02,33.04,33.0,33.04,0
2025-06-16 18:00:00,33.01,33.03,32.98,33.02,0
2025-06-16 19:00:00,33.02,33.07,32.98,33.0299,0
2025-06-17 04:00:00,33.1,33.16,33.1,33.13,0
2025-06-17 05:00:00,33.13,33.17,33.03,33.13,0
2025-06-17 06:00:00,33.14,33.77,33.11,33.64,0
2025-06-17 07:00:00,33.64,33.84,33.57,33.72,0
2025-06-17 08:00:00,33.74,33.8402,32.97,33.52,0
2025-06-17 09:00:00,33.53,33.63,33.4,33.6299,0
2025-06-17 09:30:00,33.615299224853516,33.7952995300293,33.57040023803711,33.69860076904297,6736860
2025-06-17 10:30:00,33.69499969482422,33.845001220703125,33.45009994506836,33.77000045776367,6024988
2025-06-17 11:30:00,33.76499938964844,33.856300354003906,33.71500015258789,33.845001220703125,3005502
2025-06-17 12:30:00,33.849998474121094,33.8650016784668,33.66999816894531,33.68989944458008,3978083
2025-06-17 13:30:00,33.68709945678711,33.73500061035156,33.630001068115234,33.70000076293945,1829023
2025-06-17 14:30:00,33.709999084472656,33.7400016784668,33.650001525878906,33.72999954223633,2113012
2025-06-17 15:30:00,33.73500061035156,33.7400016784668,33.68000030517578,33.72999954223633,2774532
2025-06-17 16:00:00,33.74,33.77,33.72,33.74,0
2025-06-17 17:00:00,33.75,33.76,33.74,33.76,0
2025-06-17 18:00:00,33.76,33.79,33.73,33.7397,0
2025-06-17 19:00:00,33.74,33.77,33.72,33.7301,0
2025-06-18 04:00:00,33.82,33.91,33.82,33.85,0
2025-06-18 05:00:00,33.85,33.88,33.8,33.84,0
2025-06-18 06:00:00,33.86,33.87,33.78,33.79,0
2025-06-18 07:00:00,33.79,33.82,33.73,33.8,0
2025-06-18 08:00:00,33.81,33.92,33.7,33.71,0
2025-06-18 09:00:00,33.71,33.71,33.57,33.705,0
2025-06-18 09:30:00,33.73500061035156,33.75,33.310001373291016,33.439998626708984,4768909
2025-06-18 10:30:00,33.45000076293945,33.58000183105469,33.43000030517578,33.576385498046875,1754486
2025-06-18 11:30:00,33.564998626708984,33.584999084472656,33.5099983215332,33.57500076293945,1196028
2025-06-18 12:30:00,33.579898834228516,33.58000183105469,33.5,33.52180099487305,873672
2025-06-18 13:30:00,33.525001525878906,33.625,33.47999954223633,33.54999923706055,2425512
2025-06-18 14:30:00,33.55500030517578,33.58000183105469,33.220001220703125,33.22999954223633,5742060
2025-06-18 15:30:00,33.22999954223633,33.3650016784668,33.20500183105469,33.27000045776367,4874870
2025-06-18 16:00:00,33.27,33.41,33.24,33.4,0
2025-06-18 17:00:00,33.42,33.42,33.31,33.35,0
2025-06-18 18:00:00,33.38,33.42,33.35,33.4,0
2025-06-18 19:00:00,33.38,33.41,33.35,33.4,0
2025-06-20 04:00:00,32.62,32.81,32.62,32.68,0
2025-06-20 05:00:00,32.67,32.79,32.62,32.79,0
2025-06-20 06:00:00,32.77,32.86,32.76,32.85,0
2025-06-20 07:00:00,32.85,32.86,32.7,32.71,0
2025-06-20 08:00:00,32.709,32.86,32.29,32.76,0
2025-06-20 09:00:00,32.75,33.27,32.63,32.75,0
2025-06-20 09:30:00,32.779998779296875,32.779998779296875,32.599998474121094,32.63999938964844,8799384
2025-06-20 10:30:00,32.64500045776367,32.70000076293945,32.56999969482422,32.650001525878906,4172673
2025-06-20 11:30:00,32.63999938964844,32.709999084472656,32.619998931884766,32.669898986816406,2676909
2025-06-20 12:30:00,32.66636657714844,32.775001525878906,32.65999984741211,32.75,1978891
2025-06-20 13:30:00,32.75,32.78990173339844,32.720001220703125,32.76499938964844,3222317
2025-06-20 14:30:00,32.7599983215332,32.790000915527344,32.7400016784668,32.76499938964844,1569900
2025-06-20 15:30:00,32.76499938964844,32.77000045776367,32.709999084472656,32.720001220703125,2368626
2025-06-20 16:00:00,32.72,32.75,32.7,32.72,0
2025-06-20 17:00:00,32.72,32.75,32.7003,32.74,0
2025-06-20 18:00:00,32.74,32.75,32.66,32.66,0
2025-06-20 19:00:00,32.72,32.738,32.6,32.71,0
2025-06-23 04:00:00,32.71,32.91,32.58,32.91,0
2025-06-23 05:00:00,32.9,32.92,32.85,32.85,0
2025-06-23 06:00:00,32.82,32.91,32.79,32.91,0
2025-06-23 07:00:00,32.9,32.929,32.82,32.92,0
2025-06-23 08:00:00,32.92,32.93,32.68,32.72,0
2025-06-23 09:00:00,32.72,32.82,32.66,32.75,0
2025-06-23 09:30:00,32.810001373291016,32.9900016784668,32.779998779296875,32.95000076293945,5440549
2025-06-23 10:30:00,32.95000076293945,33.02000045776367,32.91999816894531,32.994998931884766,3400980
2025-06-23 11:30:00,33.005001068115234,33.02989959716797,32.95000076293945,32.95000076293945,1986057
2025-06-23 12:30:00,32.95000076293945,32.97999954223633,32.8650016784668,32.910099029541016,2581873
2025-06-23 13:30:00,32.91999816894531,33.04499816894531,32.90999984741211,33.029998779296875,1591091
2025-06-23 14:30:00,33.025001525878906,33.029998779296875,32.96500015258789,33.01430130004883,1468251
2025-06-23 15:30:00,33.02000045776367,33.025001525878906,32.939998626708984,32.939998626708984,1791952
2025-06-23 16:00:00,32.96,32.97,31.237936,32.82,0
2025-06-23 17:00:00,32.93,32.93,32.81,32.88,0
2025-06-23 18:00:00,32.88,32.88,32.34,32.65,0
2025-06-23 19:00:00,32.65,32.7,32.57,32.57,0
2025-06-24 04:00:00,32.83,32.85,32.8,32.82,0
2025-06-24 05:00:00,32.83,32.85,32.76,32.82,0
2025-06-24 06:00:00,32.82,32.86,32.75,32.84,0
2025-06-24 07:00:00,32.84,32.84,32.77,32.82,0
2025-06-24 08:00:00,32.84,32.96,32.59,32.65,0
2025-06-24 09:00:00,32.65,32.71,32.3898,32.7,0
2025-06-24 09:30:00,32.54999923706055,32.55500030517578,32.060001373291016,32.19990158081055,8220779
2025-06-24 10:30:00,32.20000076293945,32.439998626708984,32.18000030517578,32.420101165771484,3283944
2025-06-24 11:30:00,32.43000030517578,32.4900016784668,32.415000915527344,32.43837356567383,1777800
2025-06-24 12:30:00,32.439998626708984,32.54999923706055,32.43000030517578,32.54010009765625,1282183
2025-06-24 13:30:00,32.54499816894531,32.59000015258789,32.540000915527344,32.576499938964844,2983323
2025-06-24 14:30:00,32.57500076293945,32.619998931884766,32.564998626708984,32.61000061035156,1814167
2025-06-24 15:30:00,32.6150016784668,32.630001068115234,32.61000061035156,32.619998931884766,1196761
2025-06-24 16:00:00,32.61,32.66,32.6,32.64,0
2025-06-24 17:00:00,32.64,32.6595,32.61,32.6499,0
2025-06-24 18:00:00,32.64,32.67,32.64,32.6699,0
2025-06-24 19:00:00,32.6699,32.69,32.65,32.6892,0
2025-06-25 04:00:00,32.65,32.72,32.54,32.64,0
2025-06-25 05:00:00,32.63,32.66,32.47,32.49,0
2025-06-25 06:00:00,32.48,32.54,32.43,32.49,0
2025-06-25 07:00:00,32.48,32.5,32.43,32.47,0
2025-06-25 08:00:00,32.48,32.76,32.42,32.5312,0
2025-06-25 09:00:00,32.5,32.57,32.45,32.52,0
2025-06-25 09:30:00,32.529998779296875,32.65999984741211,32.4900016784668,32.64350128173828,2209826
2025-06-25 10:30:00,32.650001525878906,32.71989822387695,32.63999938964844,32.689998626708984,1475942
2025-06-25 11:30:00,32.68000030517578,32.829898834228516,32.67499923706055,32.82500076293945,2475131
2025-06-25 12:30:00,32.82979965209961,32.9099006652832,32.810001373291016,32.89500045776367,1363824
2025-06-25 13:30:00,32.900001525878906,32.939998626708984,32.86000061035156,32.910701751708984,1761370
2025-06-25 14:30:00,32.915000915527344,32.9900016784668,32.900001525878906,32.97999954223633,1315122
2025-06-25 15:30:00,32.97999954223633,33.0099983215332,32.97999954223633,33.0,1399987
2025-06-25 16:00:00,33.01,33.01,32.95,32.9698,0
2025-06-25 17:00:00,32.97,33.0,32.95,33.0,0
2025-06-25 18:00:00,32.98,32.98,32.92,32.98,0
2025-06-25 19:00:00,32.98,33.03,32.98,33.03,0
2025-06-26 04:00:00,33.09,33.09,33.04,33.08,0
2025-06-26 05:00:00,33.08,33.46,33.07,33.3,0
2025-06-26 06:00:00,33.3,33.36,33.26,33.28,0
2025-06-26 07:00:00,33.25,33.27,33.21,33.22,0
2025-06-26 08:00:00,33.22,33.4512,32.96,33.31,0
2025-06-26 09:00:00,33.25,33.26,33.0,33.04,0
2025-06-26 09:30:00,33.130001068115234,33.25,33.0,33.22010040283203,4191494
2025-06-26 10:30:00,33.220001220703125,33.28990173339844,33.14500045776367,33.249900817871094,1936723
2025-06-26 11:30:00,33.244998931884766,33.33000183105469,33.2400016784668,33.29999923706055,2201086
2025-06-26 12:30:00,33.305301666259766,33.3650016784668,33.290000915527344,33.33000183105469,1300446
2025-06-26 13:30:00,33.329898834228516,33.33000183105469,33.27000045776367,33.275001525878906,1002479
2025-06-26 14:30:00,33.270999908447266,33.310001373291016,33.22999954223633,33.30500030517578,1727236
2025-06-26 15:30:00,33.310001373291016,33.349998474121094,33.310001373291016,33.33000183105469,2418557
2025-06-26 16:00:00,33.34,33.35,33.27,33.29,0
2025-06-26 17:00:00,33.2999,33.34,33.29,33.31,0
2025-06-26 18:00:00,33.32,33.34,33.29,33.3,0
2025-06-26 19:00:00,33.31,33.35,33.26,33.305,0
2025-06-27 04:00:00,32.81,33.0,32.74,32.81,0
2025-06-27 05:00:00,32.82,32.87,32.52,32.6,0
2025-06-27 06:00:00,32.59,32.74,32.57,32.69,0
2025-06-27 07:00:00,32.69,32.74,32.64,32.72,0
2025-06-27 08:00:00,32.72,33.34,32.5488,32.75,0
2025-06-27 09:00:00,32.73,32.8,32.55,32.57,0
2025-06-27 09:30:00,32.560001373291016,32.83089828491211,32.529998779296875,32.78499984741211,4778219
2025-06-27 10:30:00,32.78990173339844,32.850101470947266,32.75,32.81999969482422,2025653
2025-06-27 11:30:00,32.822601318359375,32.900001525878906,32.81529998779297,32.89500045776367,3190822
2025-06-27 12:30:00,32.88999938964844,32.88999938964844,32.834999084472656,32.85499954223633,1191346
2025-06-27 13:30:00,32.85260009765625,32.859901428222656,32.75299835205078,32.772098541259766,2527160
2025-06-27 14:30:00,32.77000045776367,32.77000045776367,32.650001525878906,32.65530014038086,1168727
2025-06-27 15:30:00,32.654998779296875,32.65999984741211,32.61000061035156,32.6349983215332,2203531
2025-06-27 16:00:00,32.64,32.71,32.6,32.7,0
2025-06-27 17:00:00,32.6999,32.7074,32.62,32.6701,0
2025-06-27 18:00:00,32.69,32.69,32.62,32.62,0
2025-06-27 19:00:00,32.62,32.7,32.62,32.67,0
2025-06-30 04:00:00,32.83,32.89,32.77,32.89,0
2025-06-30 05:00:00,32.89,32.9,32.77,32.79,0
2025-06-30 06:00:00,32.79,32.81,32.71,32.8,0
2025-06-30 07:00:00,32.8,32.8,32.55,32.57,0
2025-06-30 08:00:00,32.58,32.93,32.5688,32.67,0
2025-06-30 09:00:00,32.66,32.7801,32.65,32.689,0
2025-06-30 09:30:00,32.720001220703125,32.7598991394043,32.63010025024414,32.70500183105469,2573706
2025-06-30 10:30:00,32.70500183105469,32.72990036010742,32.619998931884766,32.66999816894531,1475300
2025-06-30 11:30:00,32.68000030517578,32.720001220703125,32.66999816894531,32.69499969482422,1043777
2025-06-30 12:30:00,32.69499969482422,32.744998931884766,32.65999984741211,32.68000030517578,836450
2025-06-30 13:30:00,32.685001373291016,32.72999954223633,32.65999984741211,32.714500427246094,1248499
2025-06-30 14:30:00,32.71500015258789,32.81999969482422,32.714500427246094,32.80619812011719,1540061
2025-06-30 15:30:00,32.809898376464844,32.81999969482422,32.790000915527344,32.790000915527344,1473861
2025-06-30 16:00:00,32.81,33.625,32.78,32.81,0
2025-06-30 17:00:00,32.81,32.82,32.8,32.8001,0
2025-06-30 18:00:00,32.81,32.84,32.79,32.825,0
2025-06-30 19:00:00,32.83,32.87,32.82,32.86,0
2025-07-01 04:00:00,32.95,33.01,32.88,33.01,0
2025-07-01 05:00:00,33.01,33.14,33.0,33.14,0
2025-07-01 06:00:00,33.14,33.27,33.09,33.15,0
2025-07-01 07:00:00,33.15,33.22,33.11,33.2,0
2025-07-01 08:00:00,33.19,33.2496,32.73,33.1199,0
2025-07-01 09:00:00,33.09,33.095,32.81,32.96,0
2025-07-01 09:30:00,32.93000030517578,33.099998474121094,32.900001525878906,33.0906982421875,3301175
2025-07-01 10:30:00,33.096900939941406,33.119998931884766,32.79999923706055,32.814998626708984,2944770
2025-07-01 11:30:00,32.810001373291016,32.959999084472656,32.79999923706055,32.9099006652832,1265422
2025-07-01 12:30:00,32.904998779296875,32.939998626708984,32.86000061035156,32.8650016784668,799732
2025-07-01 13:30:00,32.86000061035156,32.88010025024414,32.81999969482422,32.834999084472656,1025140
2025-07-01 14:30:00,32.83649826049805,32.84000015258789,32.7400016784668,32.77000045776367,2114347
2025-07-01 15:30:00,32.775001525878906,32.79990005493164,32.709999084472656,32.724998474121094,1617987
2025-07-01 16:00:00,32.73,32.76,32.7,32.75,0
2025-07-01 17:00:00,32.75,32.78,32.75,32.78,0
2025-07-01 18:00:00,32.75,32.78,32.7,32.78,0
2025-07-01 19:00:00,32.78,32.8,32.75,32.79,0
2025-07-02 04:00:00,32.71,32.8,32.71,32.79,0
2025-07-02 05:00:00,32.79,32.91,32.79,32.89,0
2025-07-02 06:00:00,32.9,32.93,32.89,32.92,0
2025-07-02 07:00:00,32.92,33.03,32.92,33.0,0
2025-07-02 08:00:00,33.0,33.04,32.6,32.99,0
2025-07-02 09:00:00,32.9897,33.07,32.86,32.98,0
2025-07-02 09:30:00,33.029998779296875,33.08000183105469,32.93000030517578,33.03990173339844,4827341
2025-07-02 10:30:00,33.03499984741211,33.130001068115234,33.025001525878906,33.11000061035156,2814899
2025-07-02 11:30:00,33.119998931884766,33.15999984741211,33.100101470947266,33.125,873809
2025-07-02 12:30:00,33.125,33.18000030517578,33.119998931884766,33.17499923706055,1162313
2025-07-02 13:30:00,33.17499923706055,33.20000076293945,33.150001525878906,33.185001373291016,1242468
2025-07-02 14:30:00,33.18629837036133,33.22999954223633,33.18000030517578,33.224998474121094,1088679
2025-07-02 15:30:00,33.22990036010742,33.2400016784668,33.220001220703125,33.22999954223633,1229929
2025-07-02 16:00:00,33.24,33.24,33.0019,33.22,0
2025-07-02 17:00:00,33.22,33.25,33.22,33.25,0
2025-07-02 18:00:00,33.24,33.25,33.21,33.22,0
2025-07-02 19:00:00,33.24,33.25,33.08,33.11,0
2025-07-03 04:00:00,33.56,33.63,33.4,33.63,0
2025-07-03 05:00:00,33.63,33.69,33.58,33.58,0
2025-07-03 06:00:00,33.58,33.58,33.35,33.49,0
2025-07-03 07:00:00,33.49,33.6,33.49,33.59,0
2025-07-03 08:00:00,33.59,33.68,33.07,33.43,0
2025-07-03 09:00:00,33.42,33.42,33.07,33.35,0
2025-07-03 09:30:00,33.415000915527344,33.54999923706055,33.334999084472656,33.380001068115234,3921005
2025-07-03 10:30:00,33.380001068115234,33.45000076293945,33.290000915527344,33.435001373291016,1509814
2025-07-03 11:30:00,33.439998626708984,33.470001220703125,33.40999984741211,33.43000030517578,2009279
2025-07-03 13:00:00,33.43669891357422,33.54999923706055,33.43000030517578,33.49980163574219,0
2025-07-03 14:00:00,33.4998,33.52,33.43,33.4699,0
2025-07-03 15:00:00,33.4697,33.5,33.45,33.5,0
2025-07-03 16:00:00,33.5,33.5,33.47,33.49,0
2025-07-07 04:00:00,33.17,33.3,33.15,33.2,0
2025-07-07 05:00:00,33.2,33.28,33.19,33.21,0
2025-07-07 06:00:00,33.2,33.27,33.18,33.22,0
2025-07-07 07:00:00,33.23,33.23,32.85,32.93,0
2025-07-07 08:00:00,32.91,33.51,32.87,32.95,0
2025-07-07 09:00:00,32.9402,33.51,32.91,32.92,0
2025-07-07 09:30:00,33.060001373291016,33.31999969482422,33.02000045776367,33.255001068115234,4420950
2025-07-07 10:30:00,33.255001068115234,33.28499984741211,33.22999954223633,33.26679992675781,1357202
2025-07-07 11:30:00,33.269901275634766,33.3650016784668,33.2599983215332,33.34000015258789,1316985
2025-07-07 12:30:00,33.334999084472656,33.38999938964844,33.310001373291016,33.37990188598633,1126947
2025-07-07 13:30:00,33.375701904296875,33.41999816894531,33.29999923706055,33.310699462890625,813397
2025-07-07 14:30:00,33.310001373291016,33.43000030517578,33.310001373291016,33.3849983215332,1476817
2025-07-07 15:30:00,33.3849983215332,33.439998626708984,33.36000061035156,33.435001373291016,1353238
2025-07-07 16:00:00,33.43,33.45,33.4,33.43,0
2025-07-07 17:00:00,33.43,33.45,33.41,33.42,0
2025-07-07 18:00:00,33.43,33.48,33.42,33.45,0
2025-07-07 19:00:00,33.45,33.45,33.41,33.42,0
2025-07-08 04:00:00,33.48,33.48,33.35,33.41,0
2025-07-08 05:00:00,33.43,33.45,33.36,33.39,0
2025-07-08 06:00:00,33.35,33.4,33.32,33.4,0
2025-07-08 07:00:00,33.41,33.47,33.35,33.39,0
2025-07-08 08:00:00,33.4,33.51,33.25,33.3099,0
2025-07-08 09:00:00,33.34,33.42,33.25,33.255,0
2025-07-08 09:30:00,33.33000183105469,33.34000015258789,33.099998474121094,33.15999984741211,4079397
2025-07-08 10:30:00,33.15999984741211,33.180198669433594,33.0099983215332,33.07500076293945,3514025
2025-07-08 11:30:00,33.07500076293945,33.1349983215332,32.970001220703125,33.1150016784668,2645413
2025-07-08 12:30:00,33.1150016784668,33.290000915527344,33.05009841918945,33.244998931884766,2739233
2025-07-08 13:30:00,33.246498107910156,33.33000183105469,33.246299743652344,33.28499984741211,1495788
2025-07-08 14:30:00,33.279998779296875,33.36000061035156,33.2599983215332,33.28499984741211,1343320
2025-07-08 15:30:00,33.28499984741211,33.33000183105469,33.279998779296875,33.29999923706055,1182777
2025-07-08 16:00:00,33.29,33.39,33.26,33.39,0
2025-07-08 17:00:00,33.38,33.38,33.3,33.34,0
2025-07-08 18:00:00,33.33,33.4,33.33,33.36,0
2025-07-08 19:00:00,33.36,33.37,33.16,33.21,0
2025-07-09 04:00:00,33.37,33.37,33.16,33.19,0
2025-07-09 05:00:00,33.19,33.21,33.09,33.19,0
2025-07-09 06:00:00,33.19,33.27,33.19,33.25,0
2025-07-09 07:00:00,33.24,33.3,33.22,33.27,0
2025-07-09 08:00:00,33.27,33.35,33.0776,33.1099,0
2025-07-09 09:00:00,33.1,33.29,33.0,33.0612,0
2025-07-09 09:30:00,33.09000015258789,33.13990020751953,33.0,33.0099983215332,4179673
2025-07-09 10:30:00,33.01499938964844,33.09989929199219,32.959999084472656,33.07500076293945,1602350
2025-07-09 11:30:00,33.07500076293945,33.135101318359375,33.06999969482422,33.11009979248047,3642870
2025-07-09 12:30:00,33.11970138549805,33.1349983215332,33.06449890136719,33.07500076293945,603752
2025-07-09 13:30:00,33.06999969482422,33.08000183105469,32.97999954223633,33.04702377319336,1532942
2025-07-09 14:30:00,33.04499816894531,33.06999969482422,33.0,33.06999969482422,4034588
2025-07-09 15:30:00,33.060001373291016,33.089900970458984,33.0,33.005001068115234,1790782
2025-07-09 16:00:00,33.0,33.11,33.0,33.06,0
2025-07-09 17:00:00,33.06,33.06,33.0,33.0045,0
2025-07-09 18:00:00,33.0045,33.11,33.0,33.0699,0
2025-07-09 19:00:00,33.07,33.09,33.04,33.065,0
2025-07-10 04:00:00,33.12,33.21,33.12,33.16,0
2025-07-10 05:00:00,33.16,33.3,33.15,33.24,0
2025-07-10 06:00:00,33.21,33.33,33.21,33.32,0
2025-07-10 07:00:00,33.33,33.48,33.22,33.39,0
2025-07-10 08:00:00,33.41,33.47,33.08,33.29,0
2025-07-10 09:00:00,33.27,33.53,33.21,33.5,0
2025-07-10 09:30:00,33.310001373291016,33.47999954223633,33.110801696777344,33.19499969482422,8340432
2025-07-10 10:30:00,33.20000076293945,33.45989990234375,33.19499969482422,33.44499969482422,9962916
2025-07-10 11:30:00,33.45000076293945,33.51499938964844,33.43000030517578,33.45349884033203,4259707
2025-07-10 12:30:00,33.45500183105469,33.529998779296875,33.380001068115234,33.505001068115234,2499318
2025-07-10 13:30:00,33.505001068115234,33.61000061035156,33.47999954223633,33.61000061035156,4160814
2025-07-10 14:30:00,33.599998474121094,33.75,33.59000015258789,33.730499267578125,7452174
2025-07-10 15:30:00,33.73500061035156,33.7599983215332,33.71009826660156,33.72999954223633,7018732
2025-07-10 16:00:00,33.75,33.75,33.55,33.66,0
2025-07-10 17:00:00,33.66,33.7,33.66,33.69,0
2025-07-10 18:00:00,33.69,33.76,33.65,33.69,0
2025-07-10 19:00:00,33.68,33.75,33.65,33.74,0
2025-07-11 04:00:00,33.98,34.09,33.83,34.06,0
2025-07-11 05:00:00,34.08,34.14,34.03,34.14,0
2025-07-11 06:00:00,34.15,34.25,34.11,34.13,0
2025-07-11 07:00:00,34.13,34.25,34.09,34.12,0
2025-07-11 08:00:00,34.13,34.25,33.76,34.17,0
2025-07-11 09:00:00,34.18,34.38,34.02,34.25,0
2025-07-11 09:30:00,34.20000076293945,34.75,34.150001525878906,34.749698638916016,18752772
2025-07-11 10:30:00,34.75,34.849998474121094,34.60499954223633,34.831600189208984,7858181
2025-07-11 11:30:00,34.84000015258789,34.880001068115234,34.654998779296875,34.809898376464844,5585832
2025-07-11 12:30:00,34.810001373291016,34.93000030517578,34.79199981689453,34.834999084472656,8232362
2025-07-11 13:30:00,34.839900970458984,34.9900016784668,34.83000183105469,34.97999954223633,9063991
2025-07-11 14:30:00,34.97999954223633,35.060001373291016,34.970001220703125,35.060001373291016,6339240
2025-07-11 15:30:00,35.060001373291016,35.06999969482422,35.0,35.0099983215332,3526653
2025-07-11 16:00:00,35.03,35.03,34.83,34.91,0
2025-07-11 17:00:00,34.93,35.03,34.9,34.92,0
2025-07-11 18:00:00,34.93,34.93,34.9,34.92,0
2025-07-11 19:00:00,34.91,35.01,34.91,34.97,0
2025-07-14 04:00:00,35.43,35.44,35.31,35.35,0
2025-07-14 05:00:00,35.36,35.55,35.31,35.55,0
2025-07-14 06:00:00,35.55,35.55,35.45,35.51,0
2025-07-14 07:00:00,35.5,35.55,35.36,35.41,0
2025-07-14 08:00:00,35.41,35.58,35.24,35.44,0
2025-07-14 09:00:00,35.45,35.45,35.0997,35.22,0
2025-07-14 09:30:00,35.220001220703125,35.290000915527344,34.900001525878906,35.005001068115234,9968557
2025-07-14 10:30:00,35.0,35.0,34.7599983215332,34.79999923706055,8724243
2025-07-14 11:30:00,34.810001373291016,34.880001068115234,34.709999084472656,34.84000015258789,3604121
2025-07-14 12:30:00,34.84000015258789,34.970001220703125,34.81999969482422,34.89500045776367,3752884
2025-07-14 13:30:00,34.88999938964844,34.900001525878906,34.790000915527344,34.832401275634766,2116952
2025-07-14 14:30:00,34.834999084472656,34.88999938964844,34.709999084472656,34.7400016784668,2442467
2025-07-14 15:30:00,34.72999954223633,34.7400016784668,34.61000061035156,34.630001068115234,8320756
2025-07-14 16:00:00,34.63,34.79,34.6,34.65,0
2025-07-14 17:00:00,34.65,34.73,34.64,34.69,0
2025-07-14 18:00:00,34.69,34.7249,34.62,34.71,0
2025-07-14 19:00:00,34.72,34.76,34.7,34.76,0
2025-07-15 04:00:00,34.86,34.86,34.72,34.74,0
2025-07-15 05:00:00,34.73,34.8,34.73,34.76,0
2025-07-15 06:00:00,34.78,34.82,34.73,34.81,0
2025-07-15 07:00:00,34.8,34.81,34.55,34.75,0
2025-07-15 08:00:00,34.76,34.9,34.64,34.7,0
2025-07-15 09:00:00,34.73,34.74,34.63,34.7,0
2025-07-15 09:30:00,34.689998626708984,34.71969985961914,34.380001068115234,34.52000045776367,7994692
2025-07-15 10:30:00,34.525001525878906,34.630001068115234,34.220001220703125,34.2400016784668,8301687
2025-07-15 11:30:00,34.2400016784668,34.27000045776367,34.125,34.23500061035156,4202345
2025-07-15 12:30:00,34.23500061035156,34.349998474121094,34.21630096435547,34.31010055541992,3690642
2025-07-15 13:30:00,34.314998626708984,34.34000015258789,34.2599983215332,34.30509948730469,3131913
2025-07-15 14:30:00,34.30500030517578,34.33000183105469,34.2400016784668,34.249900817871094,3899102
2025-07-15 15:30:00,34.25,34.310001373291016,34.22999954223633,34.279998779296875,2403597
2025-07-15 16:00:00,34.27,34.3,34.22,34.26,0
2025-07-15 17:00:00,34.25,34.3,34.22,34.26,0
2025-07-15 18:00:00,34.26,34.31,34.24,34.3002,0
2025-07-15 19:00:00,34.305,34.34,34.3,34.32,0
2025-07-16 04:00:00,34.45,34.52,34.37,34.52,0
2025-07-16 05:00:00,34.52,34.55,34.47,34.52,0
2025-07-16 06:00:00,34.55,34.6,34.51,34.56,0
2025-07-16 07:00:00,34.56,34.59,34.37,34.45,0
2025-07-16 08:00:00,34.45,34.5804,34.33,34.44,0
2025-07-16 09:00:00,34.46,34.47,34.26,34.39,0
2025-07-16 09:30:00,34.38999938964844,34.41999816894531,34.130001068115234,34.150001525878906,5974257
2025-07-16 10:30:00,34.13999938964844,34.564998626708984,34.04999923706055,34.474998474121094,6151247
2025-07-16 11:30:00,34.47999954223633,34.559898376464844,34.255001068115234,34.404998779296875,5699237
2025-07-16 12:30:00,34.400001525878906,34.43989944458008,34.33000183105469,34.404998779296875,2727757
2025-07-16 13:30:00,34.400001525878906,34.47999954223633,34.369998931884766,34.41999816894531,2541093
2025-07-16 14:30:00,34.419898986816406,34.43989944458008,34.380001068115234,34.412498474121094,1849898
2025-07-16 15:30:00,34.415000915527344,34.41999816894531,34.3849983215332,34.40999984741211,1319693
2025-07-16 16:00:00,34.41,34.46,34.4,34.44,0
2025-07-16 17:00:00,34.44,34.5,34.44,34.47,0
2025-07-16 18:00:00,34.45,34.47,34.42,34.4399,0
2025-07-16 19:00:00,34.43,34.44,34.41,34.42,0
2025-07-17 04:00:00,34.34,34.5,34.3,34.35,0
2025-07-17 05:00:00,34.34,34.37,34.29,34.36,0
2025-07-17 06:00:00,34.36,34.37,34.3,34.34,0
2025-07-17 07:00:00,34.37,34.39,34.29,34.35,0
2025-07-17 08:00:00,34.35,34.55,34.29,34.41,0
2025-07-17 09:00:00,34.4,34.42,34.05,34.25,0
2025-07-17 09:30:00,34.29999923706055,34.4099006652832,34.17499923706055,34.40039825439453,4367971
2025-07-17 10:30:00,34.400001525878906,34.529998779296875,34.30690002441406,34.5099983215332,2501845
2025-07-17 11:30:00,34.5099983215332,34.579898834228516,34.47999954223633,34.540199279785156,1634885
2025-07-17 12:30:00,34.54010009765625,34.58000183105469,34.4900016784668,34.57600021362305,1624643
2025-07-17 13:30:00,34.58000183105469,34.619998931884766,34.560001373291016,34.599998474121094,1318113
2025-07-17 14:30:00,34.599998474121094,34.66999816894531,34.599998474121094,34.665000915527344,1895065
2025-07-17 15:30:00,34.66490173339844,34.68000030517578,34.619998931884766,34.63999938964844,1221098
2025-07-17 16:00:00,34.65,34.66,34.61,34.63,0
2025-07-17 17:00:00,34.65,34.69,34.64,34.68,0
2025-07-17 18:00:00,34.67,34.69,34.62,34.64,0
2025-07-17 19:00:00,34.63,34.68,34.6005,34.65,0
2025-07-18 04:00:00,34.82,34.87,34.67,34.83,0
2025-07-18 05:00:00,34.82,34.875,34.78,34.85,0
2025-07-18 06:00:00,34.85,34.91,34.805,34.83,0
2025-07-18 07:00:00,34.85,34.89,34.77,34.83,0
2025-07-18 08:00:00,34.84,34.92,34.61,34.83,0
2025-07-18 09:00:00,34.85,34.92,34.79,34.8,0
2025-07-18 09:30:00,34.790000915527344,34.86000061035156,34.709999084472656,34.79999923706055,5142615
2025-07-18 10:30:00,34.79999923706055,34.82500076293945,34.689998626708984,34.720001220703125,2998209
2025-07-18 11:30:00,34.720001220703125,34.779998779296875,34.66999816894531,34.744998931884766,2191471
2025-07-18 12:30:00,34.7400016784668,34.779998779296875,34.650001525878906,34.71344757080078,3507361
2025-07-18 13:30:00,34.709999084472656,34.779998779296875,34.70009994506836,34.73500061035156,1032963
2025-07-18 14:30:00,34.73500061035156,34.77539825439453,34.69329833984375,34.709999084472656,1779416
2025-07-18 15:30:00,34.709999084472656,34.709999084472656,34.60499954223633,34.619998931884766,1421262
2025-07-18 16:00:00,34.63,34.72,34.61,34.67,0
2025-07-18 17:00:00,34.68,34.69,34.66,34.69,0
2025-07-18 18:00:00,34.68,34.69,34.66,34.68,0
2025-07-18 19:00:00,34.69,34.69,34.61,34.635,0
2025-07-21 04:00:00,34.91,34.99,34.78,34.93,0
2025-07-21 05:00:00,34.94,34.98,34.91,34.94,0
2025-07-21 06:00:00,34.95,35.02,34.88,34.97,0
2025-07-21 07:00:00,34.98,34.99,34.92,34.98,0
2025-07-21 08:00:00,34.98,35.08,34.7,35.01,0
2025-07-21 09:00:00,35.0299,35.06,34.97,35.05,0
2025-07-21 09:30:00,35.11000061035156,35.380001068115234,35.09000015258789,35.32500076293945,9670166
2025-07-21 10:30:00,35.32500076293945,35.415000915527344,35.31999969482422,35.399898529052734,3760543
2025-07-21 11:30:00,35.397300720214844,35.41999816894531,35.26499938964844,35.415000915527344,3500911
2025-07-21 12:30:00,35.415000915527344,35.45500183105469,35.400001525878906,35.438201904296875,2865104
2025-07-21 13:30:00,35.439998626708984,35.470001220703125,35.43000030517578,35.456153869628906,2173359
2025-07-21 14:30:00,35.45989990234375,35.4900016784668,35.439998626708984,35.470001220703125,2128298
2025-07-21 15:30:00,35.470001220703125,35.47999954223633,35.33000183105469,35.33000183105469,3721251
2025-07-21 16:00:00,35.35,35.4,35.33,35.3599,0
2025-07-21 17:00:00,35.36,35.37,35.33,35.37,0
2025-07-21 18:00:00,35.365,35.4,35.365,35.38,0
2025-07-21 19:00:00,35.38,35.44,35.37,35.4,0
2025-07-22 04:00:00,35.27,35.4,35.25,35.33,0
2025-07-22 05:00:00,35.33,35.35,35.22,35.22,0
2025-07-22 06:00:00,35.24,35.35,35.22,35.31,0
2025-07-22 07:00:00,35.3,35.32,35.24,35.31,0
2025-07-22 08:00:00,35.3,35.48,35.18,35.44,0
2025-07-22 09:00:00,35.45,35.63,35.34,35.52,0
2025-07-22 09:30:00,35.54999923706055,35.560001373291016,35.16999816894531,35.404998779296875,9106001
2025-07-22 10:30:00,35.400001525878906,35.61000061035156,35.399898529052734,35.580101013183594,4276702
2025-07-22 11:30:00,35.58000183105469,35.66999816894531,35.58000183105469,35.61000061035156,2748555
2025-07-22 12:30:00,35.6150016784668,35.669898986816406,35.569801330566406,35.595001220703125,2674761
2025-07-22 13:30:00,35.595001220703125,35.630001068115234,35.58000183105469,35.5890007019043,1435108
2025-07-22 14:30:00,35.589900970458984,35.709999084472656,35.57500076293945,35.685001373291016,2475464
2025-07-22 15:30:00,35.68550109863281,35.720001220703125,35.660099029541016,35.709999084472656,2139430
2025-07-22 16:00:00,35.7,35.73,35.68,35.7001,0
2025-07-22 17:00:00,35.7,35.75,35.7,35.7403,0
2025-07-22 18:00:00,35.74,35.7599,35.67,35.69,0
2025-07-22 19:00:00,35.71,35.74,35.61,35.63,0
2025-07-23 04:00:00,35.7,35.73,35.6,35.7,0
2025-07-23 05:00:00,35.7,35.78,35.7,35.75,0
2025-07-23 06:00:00,35.76,35.82,35.74,35.79,0
2025-07-23 07:00:00,35.79,35.8,35.71,35.8,0
2025-07-23 08:00:00,35.81,35.84,35.5995,35.8201,0
2025-07-23 09:00:00,35.8197,35.87,35.72,35.81,0
2025-07-23 09:30:00,35.75,35.869998931884766,35.650001525878906,35.72990036010742,4294116
2025-07-23 10:30:00,35.720001220703125,35.902000427246094,35.71189880371094,35.89500045776367,2301600
2025-07-23 11:30:00,35.88999938964844,35.90999984741211,35.46500015258789,35.53499984741211,7187859
2025-07-23 12:30:00,35.529998779296875,35.630001068115234,35.510101318359375,35.599998474121094,2236915
2025-07-23 13:30:00,35.599998474121094,35.64720153808594,35.55009841918945,35.63059997558594,1335049
2025-07-23 14:30:00,35.63610076904297,35.709999084472656,35.63309860229492,35.68000030517578,2388108
2025-07-23 15:30:00,35.685001373291016,35.709999084472656,35.654998779296875,35.70000076293945,1857983
2025-07-23 16:00:00,35.69,35.71,35.65,35.6505,0
2025-07-23 17:00:00,35.66,35.69,35.65,35.69,0
2025-07-23 18:00:00,35.6703,35.74,35.66,35.6997,0
2025-07-23 19:00:00,35.69,35.74,35.66,35.73,0
2025-07-24 04:00:00,35.49,35.55,35.45,35.51,0
2025-07-24 05:00:00,35.5,35.54,35.4,35.43,0
2025-07-24 06:00:00,35.47,35.54,35.47,35.49,0
2025-07-24 07:00:00,35.49,35.52,35.43,35.47,0
2025-07-24 08:00:00,35.47,35.58,35.41,35.5,0
2025-07-24 09:00:00,35.49,35.55,35.14,35.32,0
2025-07-24 09:30:00,35.36000061035156,35.52000045776367,35.2400016784668,35.51499938964844,4639015
2025-07-24 10:30:00,35.5099983215332,35.540000915527344,35.400001525878906,35.46500015258789,1924031
2025-07-24 11:30:00,35.470001220703125,35.47999954223633,35.400001525878906,35.43000030517578,763720
2025-07-24 12:30:00,35.435001373291016,35.470001220703125,35.31999969482422,35.46500015258789,1431863
2025-07-24 13:30:00,35.459999084472656,35.4900016784668,35.43009948730469,35.47800064086914,934446
2025-07-24 14:30:00,35.47990036010742,35.54499816894531,35.47990036010742,35.53450012207031,670563
2025-07-24 15:30:00,35.540000915527344,35.54990005493164,35.470001220703125,35.48500061035156,778890
2025-07-24 16:00:00,35.49,35.49,35.42,35.45,0
2025-07-24 17:00:00,35.47,35.49,35.44,35.485,0
2025-07-24 18:00:00,35.4899,35.54,35.48,35.5385,0
2025-07-24 19:00:00,35.51,35.55,35.49,35.53,0
2025-07-25 04:00:00,35.55,35.55,35.3,35.32,0
2025-07-25 05:00:00,35.32,35.38,35.25,35.26,0
2025-07-25 06:00:00,35.26,35.29,35.17,35.19,0
2025-07-25 07:00:00,35.18,35.2,35.09,35.12,0
2025-07-25 08:00:00,35.12,35.54,35.11,35.24,0
2025-07-25 09:00:00,35.23,35.31,35.22,35.25,0
2025-07-25 09:30:00,35.279998779296875,35.38999938964844,35.03499984741211,35.165000915527344,6851580
2025-07-25 10:30:00,35.16999816894531,35.18989944458008,34.70000076293945,34.720001220703125,5990164
2025-07-25 11:30:00,34.71989822387695,34.71989822387695,34.474998474121094,34.61479949951172,4185239
2025-07-25 12:30:00,34.61819839477539,34.71989822387695,34.58399963378906,34.70500183105469,1396404
2025-07-25 13:30:00,34.709999084472656,34.7400016784668,34.66999816894531,34.72840118408203,1267698
2025-07-25 14:30:00,34.72809982299805,34.7599983215332,34.720001220703125,34.724998474121094,1106907
2025-07-25 15:30:00,34.724998474121094,34.7400016784668,34.63999938964844,34.665000915527344,3829578
2025-07-25 16:00:00,34.66,34.7,34.65,34.67,0
2025-07-25 17:00:00,34.68,34.69,34.67,34.69,0
2025-07-25 18:00:00,34.6899,34.69,34.67,34.6702,0
2025-07-25 19:00:00,34.6702,34.7,34.67,34.68,0
2025-07-28 04:00:00,34.72,35.0,34.7,34.75,0
2025-07-28 05:00:00,34.76,34.78,34.66,34.68,0
2025-07-28 06:00:00,34.69,34.69,34.61,34.64,0
2025-07-28 07:00:00,34.64,34.66,34.6,34.62,0
2025-07-28 08:00:00,34.62,34.8,34.5197,34.57,0
2025-07-28 09:00:00,34.59,34.66,34.5598,34.63,0
2025-07-28 09:30:00,34.650001525878906,34.68000030517578,34.43000030517578,34.584999084472656,6164767
2025-07-28 10:30:00,34.59000015258789,34.65999984741211,34.58000183105469,34.60499954223633,2106802
2025-07-28 11:30:00,34.61000061035156,34.68000030517578,34.599998474121094,34.665000915527344,1160364
2025-07-28 12:30:00,34.66510009765625,34.66999816894531,34.58000183105469,34.59000015258789,1535479
2025-07-28 13:30:00,34.580101013183594,34.61000061035156,34.53010177612305,34.60499954223633,2158160
2025-07-28 14:30:00,34.60499954223633,34.685001373291016,34.600101470947266,34.6150016784668,2068528
2025-07-28 15:30:00,34.6150016784668,34.63999938964844,34.61000061035156,34.63999938964844,1160122
2025-07-28 16:00:00,34.64,34.68,34.63,34.6699,0
2025-07-28 17:00:00,34.67,34.7,34.66,34.69,0
2025-07-28 18:00:00,34.69,34.69,34.62,34.67,0
2025-07-28 19:00:00,34.67,34.68,34.65,34.67,0
2025-07-29 04:00:00,34.59,34.71,34.57,34.71,0
2025-07-29 05:00:00,34.69,34.72,34.64,34.67,0
2025-07-29 06:00:00,34.67,34.69,34.64,34.68,0
2025-07-29 07:00:00,34.68,34.69,34.57,34.61,0
2025-07-29 08:00:00,34.62,34.74,34.44,34.59,0
2025-07-29 09:00:00,34.6,34.62,34.5197,34.56,0
2025-07-29 09:30:00,34.63999938964844,34.67499923706055,34.47999954223633,34.63999938964844,3039943
2025-07-29 10:30:00,34.63999938964844,34.77989959716797,34.52000045776367,34.529998779296875,2523389
2025-07-29 11:30:00,34.53990173339844,34.685001373291016,34.52989959716797,34.685001373291016,1194334
2025-07-29 12:30:00,34.685001373291016,34.69499969482422,34.63999938964844,34.679901123046875,933874
2025-07-29 13:30:00,34.67300033569336,34.709999084472656,34.66999816894531,34.694400787353516,1035905
2025-07-29 14:30:00,34.70000076293945,34.720001220703125,34.650001525878906,34.68000030517578,947384
2025-07-29 15:30:00,34.68000030517578,34.68000030517578,34.630001068115234,34.650001525878906,862401
2025-07-29 16:00:00,34.66,34.71,34.6498,34.7,0
2025-07-29 17:00:00,34.7,34.7,34.68,34.6997,0
2025-07-29 18:00:00,34.7,34.738,34.69,34.7,0
2025-07-29 19:00:00,34.72,34.73,34.68,34.73,0
2025-07-30 04:00:00,34.6,34.65,34.53,34.55,0
2025-07-30 05:00:00,34.55,34.62,34.55,34.59,0
2025-07-30 06:00:00,34.58,34.63,34.55,34.57,0
2025-07-30 07:00:00,34.58,34.58,34.32,34.48,0
2025-07-30 08:00:00,34.48,34.72,34.31,34.4,0
2025-07-30 09:00:00,34.4,34.4401,34.08,34.1,0
2025-07-30 09:30:00,34.119998931884766,34.29499816894531,34.040000915527344,34.16999816894531,4836742
2025-07-30 10:30:00,34.16999816894531,34.275001525878906,34.064998626708984,34.073699951171875,3265909
2025-07-30 11:30:00,34.06999969482422,34.22990036010742,34.04999923706055,34.20009994506836,2094132
2025-07-30 12:30:00,34.205101013183594,34.25,34.18000030517578,34.19499969482422,1447115
2025-07-30 13:30:00,34.19990158081055,34.290000915527344,34.0099983215332,34.07500076293945,4650982
2025-07-30 14:30:00,34.08000183105469,34.14500045776367,33.5,33.52594757080078,13479214
2025-07-30 15:30:00,33.525001525878906,33.58000183105469,33.400001525878906,33.529998779296875,4841698
2025-07-30 16:00:00,33.51,33.75,29.5198,33.74,0
2025-07-30 17:00:00,33.72,33.75,33.7,33.72,0
2025-07-30 18:00:00,33.72,33.75,33.68,33.69,0
2025-07-30 19:00:00,33.69,33.75,33.67,33.73,0
2025-07-31 04:00:00,33.55,33.73,33.54,33.58,0
2025-07-31 05:00:00,33.58,33.6,33.51,33.54,0
2025-07-31 06:00:00,33.53,33.53,33.24,33.3,0
2025-07-31 07:00:00,33.29,33.3,32.89,33.089,0
2025-07-31 08:00:00,33.09,33.85,32.88,33.24,0
2025-07-31 09:00:00,33.25,33.44,33.22,33.33,0
2025-07-31 09:30:00,33.29999923706055,33.334999084472656,33.119998931884766,33.14500045776367,6368657
2025-07-31 10:30:00,33.13999938964844,33.2400016784668,33.100101470947266,33.18000030517578,3746030
2025-07-31 11:30:00,33.17499923706055,33.2765007019043,33.17499923706055,33.246498107910156,1224682
2025-07-31 12:30:00,33.2400016784668,33.33000183105469,33.22999954223633,33.25979995727539,935859
2025-07-31 13:30:00,33.25,33.33602523803711,33.22999954223633,33.334999084472656,730667
2025-07-31 14:30:00,33.338199615478516,33.349998474121094,33.27000045776367,33.27000045776367,1120820
2025-07-31 15:30:00,33.279998779296875,33.33000183105469,33.27009963989258,33.314998626708984,1025827
2025-07-31 16:00:00,33.32,33.36,33.31,33.345,0
2025-07-31 17:00:00,33.36,33.36,33.3,33.33,0
2025-07-31 18:00:00,33.3203,33.35,33.3,33.33,0
2025-07-31 19:00:00,33.33,33.37,33.3101,33.32,0
2025-08-01 04:00:00,33.13,33.28,33.03,33.05,0
2025-08-01 05:00:00,33.06,33.15,33.03,33.13,0
2025-08-01 06:00:00,33.13,33.14,33.07,33.07,0
2025-08-01 07:00:00,33.13,33.18,33.11,33.14,0
2025-08-01 08:00:00,33.14,33.33,33.04,33.11,0
2025-08-01 09:00:00,33.12,33.68,33.12,33.58,0
2025-08-01 09:30:00,33.7599983215332,33.77000045776367,33.43450164794922,33.56999969482422,6136562
2025-08-01 10:30:00,33.540000915527344,33.54819869995117,33.45000076293945,33.52000045776367,2170257
2025-08-01 11:30:00,33.518798828125,33.58000183105469,33.41999816894531,33.43000030517578,1437189
2025-08-01 12:30:00,33.43000030517578,33.51499938964844,33.38999938964844,33.474998474121094,976328
2025-08-01 13:30:00,33.474998474121094,33.52989959716797,33.470001220703125,33.52009963989258,650218
2025-08-01 14:30:00,33.529998779296875,33.56999969482422,33.47999954223633,33.53499984741211,1177139
2025-08-01 15:30:00,33.53499984741211,33.630001068115234,33.53499984741211,33.59000015258789,3879367
2025-08-01 16:00:00,33.59,33.65,33.57,33.65,0
2025-08-01 17:00:00,33.64,33.7,33.64,33.68,0
2025-08-01 18:00:00,33.68,33.75,33.65,33.7,0
2025-08-01 19:00:00,33.73,33.73,33.65,33.7,0
2025-08-04 04:00:00,33.84,33.99,33.76,33.93,0
2025-08-04 05:00:00,33.92,33.97,33.89,33.92,0
2025-08-04 06:00:00,33.92,33.92,33.74,33.76,0
2025-08-04 07:00:00,33.76,33.86,33.73,33.86,0
2025-08-04 08:00:00,33.86,33.96,33.67,33.81,0
2025-08-04 09:00:00,33.81,33.94,33.74,33.9098,0
2025-08-04 09:30:00,33.93000030517578,34.025001525878906,33.850101470947266,34.005001068115234,3373220
2025-08-04 10:30:00,34.0099983215332,34.04899978637695,33.8650016784668,33.899898529052734,1845644
2025-08-04 11:30:00,33.89500045776367,33.970001220703125,33.869998931884766,33.904998779296875,988503
2025-08-04 12:30:00,33.90410614013672,33.92559814453125,33.8650016784668,33.90999984741211,704971
2025-08-04 13:30:00,33.90999984741211,33.939998626708984,33.900001525878906,33.91999816894531,771697
2025-08-04 14:30:00,33.925899505615234,33.970001220703125,33.91999816894531,33.96009826660156,556524
2025-08-04 15:30:00,33.959999084472656,33.97999954223633,33.95000076293945,33.970001220703125,1258635
2025-08-04 16:00:00,33.98,34.0,33.96,33.9706,0
2025-08-04 17:00:00,33.9706,34.03,33.97,34.01,0
2025-08-04 18:00:00,34.0,34.0,33.95,33.96,0
2025-08-04 19:00:00,33.98,34.02,33.97,34.0,0
2025-08-05 04:00:00,34.0,34.08,33.95,34.05,0
2025-08-05 05:00:00,34.05,34.07,34.01,34.04,0
2025-08-05 06:00:00,34.03,34.03,33.89,33.94,0
2025-08-05 07:00:00,33.95,34.0,33.9,33.97,0
2025-08-05 08:00:00,33.95,34.1,33.89,34.075,0
2025-08-05 09:00:00,34.08,34.09,33.98,34.08,0
2025-08-05 09:30:00,34.0099983215332,34.29999923706055,33.994998931884766,34.26900100708008,3685085
2025-08-05 10:30:00,34.26499938964844,34.40999984741211,34.2400016784668,34.35499954223633,2584130
2025-08-05 11:30:00,34.349998474121094,34.375,34.27009963989258,34.335899353027344,1236186
2025-08-05 12:30:00,34.34000015258789,34.369998931884766,34.279998779296875,34.355098724365234,1087908
2025-08-05 13:30:00,34.35499954223633,34.40999984741211,34.35499954223633,34.38999938964844,1983907
2025-08-05 14:30:00,34.38990020751953,34.40999984741211,34.34000015258789,34.349998474121094,3185916
2025-08-05 15:30:00,34.35499954223633,34.37588882446289,34.31999969482422,34.334999084472656,1443342
2025-08-05 16:00:00,34.35,34.38,34.32,34.3401,0
2025-08-05 17:00:00,34.33,34.34,34.3,34.3299,0
2025-08-05 18:00:00,34.33,34.35,34.31,34.33,0
2025-08-05 19:00:00,34.34,34.36,34.32,34.35,0
2025-08-06 04:00:00,34.4,34.41,34.31,34.34,0
2025-08-06 05:00:00,34.33,34.36,34.29,34.32,0
2025-08-06 06:00:00,34.32,34.35,34.2,34.35,0
2025-08-06 07:00:00,34.35,34.38,34.27,34.37,0
2025-08-06 08:00:00,34.38,34.42,34.2196,34.28,0
2025-08-06 09:00:00,34.28,34.37,34.16,34.36,0
2025-08-06 09:30:00,34.38999938964844,34.44499969482422,34.314998626708984,34.440101623535156,2378522
2025-08-06 10:30:00,34.439998626708984,34.46500015258789,34.351898193359375,34.3650016784668,1284510
2025-08-06 11:30:00,34.369998931884766,34.43000030517578,34.290000915527344,34.375,997250
2025-08-06 12:30:00,34.37208557128906,34.400001525878906,34.33000183105469,34.38990020751953,695469
2025-08-06 13:30:00,34.38999938964844,34.439998626708984,34.36000061035156,34.38010025024414,1359908
2025-08-06 14:30:00,34.38990020751953,34.40999984741211,34.34000015258789,34.3650016784668,719722
2025-08-06 15:30:00,34.369998931884766,34.400001525878906,34.34000015258789,34.35499954223633,1031502
2025-08-06 16:00:00,34.35,34.39,34.35,34.36,0
2025-08-06 17:00:00,34.3699,34.38,34.35,34.38,0
2025-08-06 18:00:00,34.38,34.455,34.37,34.421,0
2025-08-06 19:00:00,34.43,34.47,34.38,34.3999,0
2025-08-07 04:00:00,34.76,34.76,34.43,34.58,0
2025-08-07 05:00:00,34.58,34.82,34.57,34.72,0
2025-08-07 06:00:00,34.73,34.79,34.63,34.73,0
2025-08-07 07:00:00,34.74,34.93,34.74,34.86,0
2025-08-07 08:00:00,34.87,34.93,34.4697,34.7804,0
2025-08-07 09:00:00,34.826,34.92,34.71,34.84,0
2025-08-07 09:30:00,34.849998474121094,34.9900016784668,34.66999816894531,34.755001068115234,7559109
2025-08-07 10:30:00,34.755001068115234,34.790000915527344,34.65999984741211,34.66999816894531,4089697
2025-08-07 11:30:00,34.68000030517578,34.78499984741211,34.650001525878906,34.654998779296875,1193145
2025-08-07 12:30:00,34.654998779296875,34.68000030517578,34.61000061035156,34.63209915161133,1271706
2025-08-07 13:30:00,34.63999938964844,34.68000030517578,34.57500076293945,34.58000183105469,1628793
2025-08-07 14:30:00,34.58000183105469,34.630001068115234,34.52000045776367,34.623600006103516,3418158
2025-08-07 15:30:00,34.630001068115234,34.77000045776367,34.630001068115234,34.765499114990234,2060008
2025-08-07 16:00:00,34.76,34.8,34.73,34.78,0
2025-08-07 17:00:00,34.78,34.82,34.76,34.805,0
2025-08-07 18:00:00,34.79,34.84,34.63,34.77,0
2025-08-07 19:00:00,34.745,34.92,34.72,34.85,0
2025-08-08 04:00:00,34.8,34.95,34.8,34.83,0
2025-08-08 05:00:00,34.84,34.88,34.8,34.88,0
2025-08-08 06:00:00,34.88,34.88,34.73,34.77,0
2025-08-08 07:00:00,34.76,34.81,34.72,34.76,0
2025-08-08 08:00:00,34.76,34.97,34.61,34.84,0
2025-08-08 09:00:00,34.85,34.89,34.7,34.7898,0
2025-08-08 09:30:00,34.779998779296875,34.88999938964844,34.689998626708984,34.7400016784668,4535023
2025-08-08 10:30:00,34.72999954223633,34.869998931884766,34.724998474121094,34.850399017333984,1492670
2025-08-08 11:30:00,34.85070037841797,34.85070037841797,34.72999954223633,34.779998779296875,951855
2025-08-08 12:30:00,34.779998779296875,34.81999969482422,34.75,34.79999923706055,599206
2025-08-08 13:30:00,34.79999923706055,34.849998474121094,34.5099983215332,34.834999084472656,4848692
2025-08-08 14:30:00,34.834999084472656,34.88999938964844,34.7599983215332,34.80500030517578,1179048
2025-08-08 15:30:00,34.810001373291016,34.880001068115234,34.779998779296875,34.875,1155689
2025-08-08 16:00:00,34.88,34.89,34.8,34.84,0
2025-08-08 17:00:00,34.84,34.88,34.8,34.85,0
2025-08-08 18:00:00,34.88,34.88,34.83,34.83,0
2025-08-08 19:00:00,34.87,34.87,34.83,34.87,0
2025-08-11 04:00:00,34.25,34.5,34.23,34.43,0
2025-08-11 05:00:00,34.44,34.49,34.41,34.47,0
2025-08-11 06:00:00,34.48,34.48,34.38,34.43,0
2025-08-11 07:00:00,34.44,34.44,34.27,34.32,0
2025-08-11 08:00:00,34.29,34.7,34.14,34.17,0
2025-08-11 09:00:00,34.16,34.3503,34.11,34.32,0
2025-08-11 09:30:00,34.34000015258789,34.43000030517578,34.30009841918945,34.339900970458984,2952297
2025-08-11 10:30:00,34.33000183105469,34.369998931884766,34.2400016784668,34.28850173950195,1186380
2025-08-11 11:30:00,34.290000915527344,34.310001373291016,34.25,34.2864990234375,611779
2025-08-11 12:30:00,34.2864990234375,34.29999923706055,34.20000076293945,34.2599983215332,1174134
2025-08-11 13:30:00,34.2599983215332,34.329898834228516,34.20220184326172,34.29499816894531,1407361
2025-08-11 14:30:00,34.29499816894531,34.29990005493164,34.20009994506836,34.22650146484375,1285291
2025-08-11 15:30:00,34.22999954223633,34.25,34.18000030517578,34.185001373291016,1571763
2025-08-11 16:00:00,34.18,34.21,34.15,34.16,0
2025-08-11 17:00:00,34.18,34.22,34.15,34.2,0
2025-08-11 18:00:00,34.18,34.19,34.07,34.18,0
2025-08-11 19:00:00,34.21,34.22,34.18,34.22,0
2025-08-12 04:00:00,34.34,34.43,34.27,34.28,0
2025-08-12 05:00:00,34.29,34.35,34.25,34.32,0
2025-08-12 06:00:00,34.31,34.31,34.26,34.28,0
2025-08-12 07:00:00,34.28,34.28,34.21,34.22,0
2025-08-12 08:00:00,34.22,34.46,34.16,34.17,0
2025-08-12 09:00:00,34.26,34.42,34.2,34.25,0
2025-08-12 09:30:00,34.2400016784668,34.34000015258789,34.11000061035156,34.19380187988281,3159420
2025-08-12 10:30:00,34.189998626708984,34.52000045776367,34.16170120239258,34.5099983215332,2712422
2025-08-12 11:30:00,34.5099983215332,34.53179931640625,34.400001525878906,34.45000076293945,2161402
2025-08-12 12:30:00,34.45500183105469,34.4900016784668,34.43000030517578,34.43000030517578,885847
2025-08-12 13:30:00,34.435001373291016,34.459999084472656,34.41999816894531,34.42499923706055,588262
2025-08-12 14:30:00,34.42499923706055,34.43000030517578,34.369998931884766,34.3849983215332,724535
2025-08-12 15:30:00,34.38010025024414,34.43000030517578,34.380001068115234,34.41999816894531,1644205
2025-08-12 16:00:00,34.41,34.45,34.4,34.4203,0
2025-08-12 17:00:00,34.425,34.44,34.4,34.4299,0
2025-08-12 18:00:00,34.43,34.48,34.43,34.433,0
2025-08-12 19:00:00,34.4574,34.47,34.41,34.41,0
2025-08-13 04:00:00,34.88,34.92,34.8,34.9,0
2025-08-13 05:00:00,34.9,35.04,34.9,35.04,0
2025-08-13 06:00:00,35.02,35.05,35.0,35.02,0
2025-08-13 07:00:00,35.02,35.08,34.86,34.98,0
2025-08-13 08:00:00,34.98,35.081,34.41,35.03,0
2025-08-13 09:00:00,35.04,35.04,34.86,34.8801,0
2025-08-13 09:30:00,34.869998931884766,35.02000045776367,34.849998474121094,34.994998931884766,4383153
2025-08-13 10:30:00,34.9900016784668,35.040000915527344,34.869998931884766,34.89500045776367,1705362
2025-08-13 11:30:00,34.89500045776367,34.959999084472656,34.883934020996094,34.935001373291016,1677915
2025-08-13 12:30:00,34.935001373291016,35.029998779296875,34.90999984741211,34.9900016784668,1686342
2025-08-13 13:30:00,34.98500061035156,35.0,34.91999816894531,34.92499923706055,974371
2025-08-13 14:30:00,34.93000030517578,34.9900016784668,34.910099029541016,34.96989822387695,638189
2025-08-13 15:30:00,34.959999084472656,35.0099983215332,34.93000030517578,35.0,1822076
2025-08-13 16:00:00,35.01,35.015,34.95,34.97,0
2025-08-13 17:00:00,34.97,35.03,34.96,34.99,0
2025-08-13 18:00:00,34.98,35.0,34.97,34.9896,0
2025-08-13 19:00:00,34.98,35.02,34.96,34.98,0
2025-08-14 04:00:00,34.79,35.0,34.73,34.8,0
2025-08-14 05:00:00,34.82,34.83,34.7,34.81,0
2025-08-14 06:00:00,34.81,34.88,34.8,34.86,0
2025-08-14 07:00:00,34.87,34.88,34.77,34.8,0
2025-08-14 08:00:00,34.8,35.07,34.71,34.7484,0
2025-08-14 09:00:00,34.73,34.76,34.5601,34.63,0
2025-08-14 09:30:00,34.650001525878906,34.745399475097656,34.349998474121094,34.599998474121094,3866645
2025-08-14 10:30:00,34.599998474121094,34.650001525878906,34.45000076293945,34.529300689697266,2635782
2025-08-14 11:30:00,34.52009963989258,34.59000015258789,34.38999938964844,34.439998626708984,2039375
2025-08-14 12:30:00,34.439998626708984,34.54999923706055,34.42290115356445,34.52000045776367,1186517
2025-08-14 13:30:00,34.52000045776367,34.52000045776367,34.439998626708984,34.47999954223633,3230525
2025-08-14 14:30:00,34.48469924926758,34.56990051269531,34.47999954223633,34.55009841918945,1195142
2025-08-14 15:30:00,34.55500030517578,34.560001373291016,34.4900016784668,34.5099983215332,1414974
2025-08-14 16:00:00,34.5,34.53,34.48,34.5101,0
2025-08-14 17:00:00,34.51,34.54,27.14,34.53,0
2025-08-14 18:00:00,34.5199,34.52,34.4849,34.51,0
2025-08-14 19:00:00,34.5098,34.53,34.49,34.5101,0
2025-08-15 04:00:00,34.46,34.57,34.46,34.49,0
2025-08-15 05:00:00,34.49,34.51,34.38,34.44,0
2025-08-15 06:00:00,34.43,34.43,34.32,34.33,0
2025-08-15 07:00:00,34.36,34.37,34.26,34.36,0
2025-08-15 08:00:00,34.379,34.61,34.27,34.33,0
2025-08-15 09:00:00,34.37,34.43,34.33,34.3583,0
2025-08-15 09:30:00,34.34000015258789,34.4203987121582,34.22010040283203,34.3650016784668,2235521
2025-08-15 10:30:00,34.36000061035156,34.5,34.349998474121094,34.49509811401367,3764015
2025-08-15 11:30:00,34.4901008605957,34.5099983215332,34.4380989074707,34.439998626708984,1667488
2025-08-15 12:30:00,34.44499969482422,34.479000091552734,34.400001525878906,34.46989822387695,1442366
2025-08-15 13:30:00,34.470001220703125,34.51810073852539,34.44499969482422,34.51190185546875,1556109
2025-08-15 14:30:00,34.51499938964844,34.52000045776367,34.459999084472656,34.5,1215798
2025-08-15 15:30:00,34.5,34.51900100708008,34.4734992980957,34.494998931884766,1497912
2025-08-15 16:00:00,34.5,34.52,34.47,34.51,0
2025-08-15 17:00:00,34.52,34.52,34.47,34.4997,0
2025-08-15 18:00:00,34.495,34.5,34.47,34.47,0
2025-08-15 19:00:00,34.49,34.5,34.47,34.485,0
2025-08-18 04:00:00,34.5,34.62,34.5,34.58,0
2025-08-18 05:00:00,34.58,34.65,34.57,34.6,0
2025-08-18 06:00:00,34.6,34.66,34.6,34.6,0
2025-08-18 07:00:00,34.63,34.66,34.59,34.61,0
2025-08-18 08:00:00,34.61,34.7,34.54,34.6902,0
2025-08-18 09:00:00,34.7,34.75,34.62,34.63,0
2025-08-18 09:30:00,34.65999984741211,34.66999816894531,34.51499938964844,34.564998626708984,1587644
2025-08-18 10:30:00,34.564998626708984,34.599998474121094,34.51499938964844,34.56800079345703,1448960
2025-08-18 11:30:00,34.56999969482422,34.59000015258789,34.505001068115234,34.525001525878906,751120
2025-08-18 12:30:00,34.529998779296875,34.54999923706055,34.47010040283203,34.519901275634766,1525445
2025-08-18 13:30:00,34.51499938964844,34.54999923706055,34.5099983215332,34.529998779296875,855178
2025-08-18 14:30:00,34.525001525878906,34.540000915527344,34.5,34.53499984741211,1007907
2025-08-18 15:30:00,34.536598205566406,34.560001373291016,34.52000045776367,34.54999923706055,998044
2025-08-18 16:00:00,34.55,34.55,34.53,34.5302,0
2025-08-18 17:00:00,34.53,34.55,34.51,34.53,0
2025-08-18 18:00:00,34.54,34.58,34.53,34.58,0
2025-08-18 19:00:00,34.5701,34.6,34.54,34.57,0
2025-08-19 04:00:00,34.57,34.57,34.49,34.54,0
2025-08-19 05:00:00,34.53,34.58,34.52,34.58,0
2025-08-19 06:00:00,34.59,34.6,34.57,34.6,0
2025-08-19 07:00:00,34.6,34.6,34.55,34.57,0
2025-08-19 08:00:00,34.57,34.61,34.38,34.58,0
2025-08-19 09:00:00,34.59,34.64,34.35,34.4199,0
2025-08-19 09:30:00,34.470001220703125,34.540000915527344,34.31999969482422,34.334999084472656,1642252
2025-08-19 10:30:00,34.33000183105469,34.355899810791016,33.95000076293945,34.035099029541016,4882744
2025-08-19 11:30:00,34.03499984741211,34.08000183105469,33.9900016784668,34.01179885864258,1441126
2025-08-19 12:30:00,34.01499938964844,34.02000045776367,33.849998474121094,33.935001373291016,4113363
2025-08-19 13:30:00,33.935001373291016,33.959999084472656,33.87009811401367,33.88570022583008,3151067
2025-08-19 14:30:00,33.88990020751953,33.899898529052734,33.849998474121094,33.88999938964844,1745541
2025-08-19 15:30:00,33.8849983215332,33.88999938964844,33.86000061035156,33.88999938964844,1359426
2025-08-19 16:00:00,33.87,33.96,33.87,33.95,0
2025-08-19 17:00:00,33.95,34.0,33.89,33.91,0
2025-08-19 18:00:00,33.94,33.99,33.91,33.925,0
2025-08-19 19:00:00,33.95,33.95,33.92,33.92,0
2025-08-20 04:00:00,33.8,33.8,33.56,33.58,0
2025-08-20 05:00:00,33.58,33.69,33.58,33.67,0
2025-08-20 06:00:00,33.66,33.69,33.6,33.64,0
2025-08-20 07:00:00,33.64,33.78,33.64,33.78,0
2025-08-20 08:00:00,33.77,33.98,33.57,33.98,0
2025-08-20 09:00:00,33.99,34.26,33.87,34.21,0
2025-08-20 09:30:00,34.209999084472656,34.36000061035156,34.19499969482422,34.230098724365234,2582719
2025-08-20 10:30:00,34.23500061035156,34.36000061035156,34.224998474121094,34.275001525878906,1299189
2025-08-20 11:30:00,34.279998779296875,34.34000015258789,34.255001068115234,34.33000183105469,826996
2025-08-20 12:30:00,34.33000183105469,34.345001220703125,34.29999923706055,34.314998626708984,991390
2025-08-20 13:30:00,34.319698333740234,34.36000061035156,34.310001373291016,34.31999969482422,818601
2025-08-20 14:30:00,34.31489944458008,34.43000030517578,34.31489944458008,34.42499923706055,1503776
2025-08-20 15:30:00,34.41999816894531,34.45000076293945,34.40999984741211,34.41999816894531,2542677
2025-08-20 16:00:00,34.43,34.44,34.4,34.42,0
2025-08-20 17:00:00,34.43,34.43,34.4,34.4099,0
2025-08-20 18:00:00,34.41,34.46,34.4,34.41,0
2025-08-20 19:00:00,34.4198,34.47,34.38,34.38,0
2025-08-21 04:00:00,34.41,34.41,34.31,34.33,0
2025-08-21 05:00:00,34.34,34.35,34.27,34.29,0
2025-08-21 06:00:00,34.29,34.3,34.21,34.23,0
2025-08-21 07:00:00,34.23,34.24,34.08,34.23,0
2025-08-21 08:00:00,34.24,34.46,34.07,34.3201,0
2025-08-21 09:00:00,34.33,34.56,34.28,34.4902,0
2025-08-21 09:30:00,34.47999954223633,34.630001068115234,34.45000076293945,34.6150016784668,2768046
2025-08-21 10:30:00,34.6150016784668,34.689998626708984,34.51423645019531,34.61000061035156,2130696
2025-08-21 11:30:00,34.61000061035156,34.689998626708984,34.56999969482422,34.581199645996094,1571469
2025-08-21 12:30:00,34.58599853515625,34.609901428222656,34.54499816894531,34.56645202636719,903731
2025-08-21 13:30:00,34.56330108642578,34.599998474121094,34.55500030517578,34.560001373291016,632067
2025-08-21 14:30:00,34.560001373291016,34.61000061035156,34.54999923706055,34.607601165771484,1024192
2025-08-21 15:30:00,34.601600646972656,34.61000061035156,34.58000183105469,34.59000015258789,1319375
2025-08-21 16:00:00,34.61,34.63,34.59,34.63,0
2025-08-21 17:00:00,34.62,34.63,34.58,34.6,0
2025-08-21 18:00:00,34.6,34.63,34.59,34.59,0
2025-08-21 19:00:00,34.59,34.6,34.57,34.59,0
2025-08-22 04:00:00,34.64,34.64,34.49,34.56,0
2025-08-22 05:00:00,34.56,34.56,34.5,34.5,0
2025-08-22 06:00:00,34.5,34.52,34.45,34.47,0
2025-08-22 07:00:00,34.49,34.53,34.45,34.46,0
2025-08-22 08:00:00,34.47,34.62,34.24,34.38,0
2025-08-22 09:00:00,34.38,34.7,34.31,34.3998,0
2025-08-22 09:30:00,34.459999084472656,35.18000030517578,34.40010070800781,35.14500045776367,7548888
2025-08-22 10:30:00,35.14500045776367,35.45000076293945,35.14500045776367,35.415000915527344,7583387
2025-08-22 11:30:00,35.41999816894531,35.459999084472656,35.29999923706055,35.32605743408203,2866235
2025-08-22 12:30:00,35.33000183105469,35.4650993347168,35.32394027709961,35.415000915527344,2147602
2025-08-22 13:30:00,35.41999816894531,35.45000076293945,35.38999938964844,35.417701721191406,1086267
2025-08-22 14:30:00,35.41999816894531,35.43000030517578,35.36000061035156,35.37900161743164,2090633
2025-08-22 15:30:00,35.375,35.375,35.29999923706055,35.33000183105469,2207547
2025-08-22 16:00:00,35.34,35.379,35.3,35.31,0
2025-08-22 17:00:00,35.31,35.35,35.28,35.35,0
2025-08-22 18:00:00,35.35,35.35,35.31,35.33,0
2025-08-22 19:00:00,35.34,35.37,35.32,35.35,0
2025-08-25 04:00:00,35.3,35.37,35.23,35.24,0
2025-08-25 05:00:00,35.25,35.25,35.16,35.17,0
2025-08-25 06:00:00,35.16,35.21,35.14,35.16,0
2025-08-25 07:00:00,35.16,35.19,35.13,35.19,0
2025-08-25 08:00:00,35.17,35.39,35.13,35.15,0
2025-08-25 09:00:00,35.15,35.16,35.07,35.0899,0
2025-08-25 09:30:00,35.06999969482422,35.349998474121094,35.060001373291016,35.290000915527344,3611993
2025-08-25 10:30:00,35.290000915527344,35.33000183105469,35.25,35.29069900512695,912985
2025-08-25 11:30:00,35.29499816894531,35.29499816894531,35.209999084472656,35.220001220703125,783002
2025-08-25 12:30:00,35.21500015258789,35.22999954223633,35.150001525878906,35.17499923706055,1199362
2025-08-25 13:30:00,35.16999816894531,35.18000030517578,35.130001068115234,35.149898529052734,1248252
2025-08-25 14:30:00,35.13999938964844,35.15999984741211,35.060001373291016,35.07500076293945,1493960
2025-08-25 15:30:00,35.07500076293945,35.09000015258789,35.02000045776367,35.029998779296875,790960
2025-08-25 16:00:00,35.02,35.1986,34.98,35.0,0
2025-08-25 17:00:00,35.02,35.07,34.9962,35.0699,0
2025-08-25 18:00:00,35.05,35.05,34.98,35.03,0
2025-08-25 19:00:00,35.03,35.05,34.85,34.87,0
2025-08-26 04:00:00,35.16,35.16,35.1,35.14,0
2025-08-26 05:00:00,35.14,35.17,35.03,35.13,0
2025-08-26 06:00:00,35.12,35.12,34.87,34.915,0
2025-08-26 07:00:00,34.91,34.96,34.78,34.94,0
2025-08-26 08:00:00,34.95,35.28,34.85,34.958,0
2025-08-26 09:00:00,34.94,34.95,34.85,34.86,0
2025-08-26 09:30:00,34.900001525878906,35.0432014465332,34.880001068115234,35.02000045776367,2397554
2025-08-26 10:30:00,35.0161018371582,35.06999969482422,34.95500183105469,35.000099182128906,2911087
2025-08-26 11:30:00,35.0,35.099998474121094,34.98500061035156,34.99700164794922,1745355
2025-08-26 12:30:00,34.9900016784668,35.02000045776367,34.97010040283203,35.005001068115234,1448446
2025-08-26 13:30:00,35.00510025024414,35.0099983215332,34.95000076293945,34.97489929199219,1750506
2025-08-26 14:30:00,34.970001220703125,35.03850173950195,34.959999084472656,35.025001525878906,2713692
2025-08-26 15:30:00,35.02470016479492,35.040000915527344,34.9900016784668,35.02000045776367,622260
2025-08-26 16:00:00,35.02,35.07,35.01,35.07,0
2025-08-26 17:00:00,35.08,35.09,35.04,35.06,0
2025-08-26 18:00:00,35.05,35.13,35.04,35.12,0
2025-08-26 19:00:00,35.125,35.13,35.08,35.11,0
2025-08-27 04:00:00,34.88,35.04,34.85,34.88,0
2025-08-27 05:00:00,34.89,34.89,34.81,34.82,0
2025-08-27 06:00:00,34.82,34.82,34.6,34.72,0
2025-08-27 07:00:00,34.72,34.77,34.68,34.76,0
2025-08-27 08:00:00,34.75,35.0,34.5996,34.85,0
2025-08-27 09:00:00,34.85,35.02,34.73,34.79,0
2025-08-27 09:30:00,34.72999954223633,34.816200256347656,34.61000061035156,34.779998779296875,3419313
2025-08-27 10:30:00,34.779998779296875,34.97719955444336,34.76599884033203,34.915000915527344,1282817
2025-08-27 11:30:00,34.91999816894531,34.9900016784668,34.915000915527344,34.98500061035156,986598
2025-08-27 12:30:00,34.98789978027344,35.08000183105469,34.980201721191406,35.05500030517578,1476218
2025-08-27 13:30:00,35.054901123046875,35.08000183105469,34.9901008605957,35.03499984741211,471540
2025-08-27 14:30:00,35.03499984741211,35.04999923706055,34.9901008605957,35.0099983215332,1071751
2025-08-27 15:30:00,35.01499938964844,35.02000045776367,34.95500183105469,34.97999954223633,1169258
2025-08-27 16:00:00,34.99,35.05,34.94,35.0303,0
2025-08-27 17:00:00,34.97,35.05,34.97,35.0,0
2025-08-27 18:00:00,35.01,35.06,35.0,35.02,0
2025-08-27 19:00:00,35.02,35.07,35.02,35.03,0
2025-08-28 04:00:00,35.31,35.33,35.15,35.24,0
2025-08-28 05:00:00,35.24,35.34,35.24,35.29,0
2025-08-28 06:00:00,35.28,35.37,35.245,35.36,0
2025-08-28 07:00:00,35.37,35.39,35.3,35.36,0
2025-08-28 08:00:00,35.36,35.4899,34.99,35.48,0
2025-08-28 09:00:00,35.48,35.49,34.99,35.33,0
2025-08-28 09:30:00,35.40999984741211,35.439998626708984,35.279998779296875,35.310001373291016,4065768
2025-08-28 10:30:00,35.30500030517578,35.404998779296875,35.22999954223633,35.244998931884766,2619544
2025-08-28 11:30:00,35.249900817871094,35.5,35.224998474121094,35.48500061035156,4681520
2025-08-28 12:30:00,35.48500061035156,35.5,35.43000030517578,35.45989990234375,3768828
2025-08-28 13:30:00,35.45000076293945,35.5099983215332,35.45000076293945,35.5,1315446
2025-08-28 14:30:00,35.499298095703125,35.5,35.45000076293945,35.45000076293945,1483602
2025-08-28 15:30:00,35.45500183105469,35.52000045776367,35.41999816894531,35.5099983215332,2536009
2025-08-28 16:00:00,35.52,35.52,35.4134,35.45,0
2025-08-28 17:00:00,35.42,35.51,35.42,35.5099,0
2025-08-28 18:00:00,35.49,35.49,35.41,35.4701,0
2025-08-28 19:00:00,35.47,35.49,35.4,35.41,0
2025-08-29 04:00:00,35.35,35.4,35.33,35.33,0
2025-08-29 05:00:00,35.34,35.43,35.31,35.32,0
2025-08-29 06:00:00,35.31,35.32,35.26,35.29,0
2025-08-29 07:00:00,35.29,35.32,35.21,35.26,0
2025-08-29 08:00:00,35.26,35.42,35.17,35.26,0
2025-08-29 09:00:00,35.27,35.42,35.19,35.42,0
2025-08-29 09:30:00,35.35499954223633,35.59000015258789,35.349998474121094,35.575401306152344,4449794
2025-08-29 10:30:00,35.58000183105469,35.81999969482422,35.563899993896484,35.775001525878906,3230632
2025-08-29 11:30:00,35.779998779296875,36.17350006103515,35.7599983215332,36.13999938964844,8384533
2025-08-29 12:30:00,36.14590072631836,36.290000915527344,36.114898681640625,36.19010162353515,4046241
2025-08-29 13:30:00,36.19969940185547,36.220001220703125,36.040000915527344,36.07500076293945,2486048
2025-08-29 14:30:00,36.07649993896485,36.130001068115234,36.04010009765625,36.1150016784668,2387411
2025-08-29 15:30:00,36.1150016784668,36.20000076293945,36.10499954223633,36.20000076293945,3316356
2025-08-29 16:00:00,36.19,36.2,36.0,36.09,0
2025-08-29 17:00:00,36.09,36.17,36.06,36.17,0
2025-08-29 18:00:00,36.16,36.18,36.15,36.1798,0
2025-08-29 19:00:00,36.1797,36.18,36.16,36.1701,0
2025-09-02 04:00:00,36.73,37.08,36.62,36.69,0
2025-09-02 05:00:00,36.7,36.72,36.48,36.72,0
2025-09-02 06:00:00,36.71,36.77,36.66,36.75,0
2025-09-02 07:00:00,36.78,36.83,36.74,36.79,0
2025-09-02 08:00:00,36.79,37.05,36.4888,36.65,0
2025-09-02 09:00:00,36.65,36.75,36.5209,36.69,0
2025-09-02 09:30:00,36.625,36.88999938964844,36.43000030517578,36.845001220703125,11530945
2025-09-02 10:30:00,36.845001220703125,37.07989883422851,36.775001525878906,37.06999969482422,6001833
2025-09-02 11:30:00,37.06999969482422,37.130001068115234,37.005001068115234,37.07500076293945,4793847
2025-09-02 12:30:00,37.08000183105469,37.13999938964844,36.97010040283203,37.029998779296875,3256133
2025-09-02 13:30:00,37.025001525878906,37.11000061035156,37.02000045776367,37.095001220703125,1780039
2025-09-02 14:30:00,37.099998474121094,37.16999816894531,37.060001373291016,37.125,3911906
2025-09-02 15:30:00,37.119998931884766,37.165000915527344,37.11000061035156,37.154998779296875,3956479
2025-09-02 16:00:00,37.15,37.17,37.04,37.16,0
2025-09-02 17:00:00,37.16,37.16,37.1,37.1509,0
2025-09-02 18:00:00,37.15,37.15,37.065,37.1199,0
2025-09-02 19:00:00,37.1103,37.14,37.08,37.13,0
2025-09-03 04:00:00,37.03,37.1,36.99,37.09,0
2025-09-03 05:00:00,37.09,37.1,37.02,37.1,0
2025-09-03 06:00:00,37.08,37.11,37.01,37.09,0
2025-09-03 07:00:00,37.09,37.16,37.03,37.12,0
2025-09-03 08:00:00,37.12,37.19,36.95,37.1699,0
2025-09-03 09:00:00,37.16,37.3,37.1,37.23,0
2025-09-03 09:30:00,37.33000183105469,37.63999938964844,37.18000030517578,37.570098876953125,6611289
2025-09-03 10:30:00,37.57392120361328,37.59000015258789,37.209999084472656,37.400001525878906,4483843
2025-09-03 11:30:00,37.400001525878906,37.4900016784668,37.345001220703125,37.47999954223633,4825946
2025-09-03 12:30:00,37.474998474121094,37.540000915527344,37.439998626708984,37.53990173339844,1748351
2025-09-03 13:30:00,37.540000915527344,37.584999084472656,37.47999954223633,37.56999969482422,1982904
2025-09-03 14:30:00,37.56999969482422,37.56999969482422,37.279998779296875,37.314998626708984,3742630
2025-09-03 15:30:00,37.314998626708984,37.375,37.28010177612305,37.33000183105469,3418332
2025-09-03 16:00:00,37.34,37.43,37.33,37.4091,0
2025-09-03 17:00:00,37.4091,37.43,37.31,37.3395,0
2025-09-03 18:00:00,37.34,37.37,37.2301,37.25,0
2025-09-03 19:00:00,37.27,37.29,37.19,37.27,0
2025-09-04 04:00:00,36.96,37.22,36.96,37.15,0
2025-09-04 05:00:00,37.13,37.23,37.1,37.11,0
2025-09-04 06:00:00,37.11,37.25,37.1,37.18,0
2025-09-04 07:00:00,37.18,37.21,37.05,37.11,0
2025-09-04 08:00:00,37.13,37.25,36.93,37.2,0
2025-09-04 09:00:00,37.185,37.2,37.0199,37.0701,0
2025-09-04 09:30:00,37.20000076293945,37.220001220703125,36.63010025024414,36.775001525878906,16184313
2025-09-04 10:30:00,36.775001525878906,36.94990158081055,36.75400161743164,36.93629837036133,5698948
2025-09-04 11:30:00,36.939998626708984,37.0099983215332,36.915000915527344,36.965301513671875,2321403
2025-09-04 12:30:00,36.96500015258789,37.02000045776367,36.904998779296875,36.918399810791016,2438104
2025-09-04 13:30:00,36.90999984741211,36.90999984741211,36.709999084472656,36.78810119628906,6122393
2025-09-04 14:30:00,36.78919982910156,36.91999816894531,36.779998779296875,36.900001525878906,5095432
2025-09-04 15:30:00,36.904998779296875,36.95000076293945,36.880001068115234,36.91999816894531,7423575
2025-09-04 16:00:00,36.93,36.96,36.83,36.92,0
2025-09-04 17:00:00,36.89,37.0,36.82,36.965,0
2025-09-04 18:00:00,36.97,36.97,36.82,36.879,0
2025-09-04 19:00:00,36.8605,37.0,36.8605,36.99,0
2025-09-05 04:00:00,37.03,37.05,36.98,37.04,0
2025-09-05 05:00:00,37.04,37.05,37.0,37.04,0
2025-09-05 06:00:00,37.04,37.07,37.01,37.05,0
2025-09-05 07:00:00,37.06,37.06,36.97,36.99,0
2025-09-05 08:00:00,36.99,37.18,36.84,36.9002,0
2025-09-05 09:00:00,36.97,37.51,36.97,37.47,0
2025-09-05 09:30:00,37.40999984741211,37.599998474121094,37.060001373291016,37.09349822998047,10140899
2025-09-05 10:30:00,37.095001220703125,37.220001220703125,36.970001220703125,37.209999084472656,4732659
2025-09-05 11:30:00,37.20500183105469,37.310001373291016,37.18416595458984,37.29499816894531,1899610
2025-09-05 12:30:00,37.29410171508789,37.29999923706055,37.130001068115234,37.16999816894531,2018234
2025-09-05 13:30:00,37.165000915527344,37.2400016784668,37.150001525878906,37.185001373291016,1379695
2025-09-05 14:30:00,37.18539810180664,37.2400016784668,37.13999938964844,37.20149993896485,2199040
2025-09-05 15:30:00,37.20000076293945,37.220001220703125,37.18009948730469,37.20500183105469,1854613
2025-09-05 16:00:00,37.204,37.24,37.1402,37.2393,0
2025-09-05 17:00:00,37.24,37.24,37.2,37.24,0
2025-09-05 18:00:00,37.24,37.24,37.2,37.23,0
2025-09-05 19:00:00,37.2297,37.25,37.22,37.25,0
2025-09-08 04:00:00,37.3,37.35,36.96,37.28,0
2025-09-08 05:00:00,37.29,37.4,37.29,37.33,0
2025-09-08 06:00:00,37.34,37.53,37.33,37.51,0
2025-09-08 07:00:00,37.52,37.52,37.35,37.439,0
2025-09-08 08:00:00,37.44,37.53,36.8,37.47,0
2025-09-08 09:00:00,37.48,37.57,37.48,37.55,0
2025-09-08 09:30:00,37.564998626708984,37.630001068115234,37.36000061035156,37.399898529052734,5393009
2025-09-08 10:30:00,37.400001525878906,37.82500076293945,37.369998931884766,37.53499984741211,6906589
2025-09-08 11:30:00,37.53499984741211,37.62770080566406,37.45000076293945,37.51599884033203,2724565
2025-09-08 12:30:00,37.5099983215332,37.51499938964844,37.41999816894531,37.48500061035156,2746713
2025-09-08 13:30:00,37.48500061035156,37.52000045776367,37.41999816894531,37.52000045776367,1682572
2025-09-08 14:30:00,37.51969909667969,37.55509948730469,37.470001220703125,37.489898681640625,1947991
2025-09-08 15:30:00,37.48500061035156,37.5099983215332,37.470001220703125,37.494998931884766,3249623
2025-09-08 16:00:00,37.51,37.53,37.47,37.52,0
2025-09-08 17:00:00,37.53,37.53,37.5,37.5299,0
2025-09-08 18:00:00,37.525,37.53,37.48,37.53,0
2025-09-08 19:00:00,37.51,37.53,37.5,37.5101,0
2025-09-09 04:00:00,37.52,37.6,37.42,37.47,0
2025-09-09 05:00:00,37.47,37.5,37.41,37.45,0
2025-09-09 06:00:00,37.43,37.52,37.42,37.49,0
2025-09-09 07:00:00,37.48,37.49,37.42,37.48,0
2025-09-09 08:00:00,37.49,37.65,37.3,37.31,0
2025-09-09 09:00:00,37.3,37.51,37.18,37.34,0
2025-09-09 09:30:00,37.439998626708984,37.58000183105469,37.05500030517578,37.29999923706055,6664659
2025-09-09 10:30:00,37.29999923706055,37.31999969482422,37.010101318359375,37.1599006652832,5879557
2025-09-09 11:30:00,37.15829849243164,37.20000076293945,37.080299377441406,37.1349983215332,2173793
2025-09-09 12:30:00,37.1349983215332,37.15999984741211,37.06999969482422,37.07989883422851,1745136
2025-09-09 13:30:00,37.08000183105469,37.150001525878906,37.05009841918945,37.14500045776367,2178846
2025-09-09 14:30:00,37.14500045776367,37.209999084472656,37.119998931884766,37.154998779296875,1927990
2025-09-09 15:30:00,37.15999984741211,37.18000030517578,37.119998931884766,37.150001525878906,2642847
2025-09-09 16:00:00,37.155,37.18,37.1062,37.12,0
2025-09-09 17:00:00,37.12,37.16,37.12,37.16,0
2025-09-09 18:00:00,37.15,37.15,37.01,37.11,0
2025-09-09 19:00:00,37.11,37.16,37.0836,37.12,0
2025-09-10 04:00:00,37.25,37.38,37.25,37.31,0
2025-09-10 05:00:00,37.31,37.35,37.28,37.32,0
2025-09-10 06:00:00,37.33,37.44,37.32,37.4,0
2025-09-10 07:00:00,37.4,37.45,37.38,37.4,0
2025-09-10 08:00:00,37.39,37.44,37.22,37.31,0
2025-09-10 09:00:00,37.31,37.41,37.2,37.25,0
2025-09-10 09:30:00,37.349998474121094,37.47999954223633,37.33000183105469,37.46500015258789,3731460
2025-09-10 10:30:00,37.470001220703125,37.48500061035156,37.279998779296875,37.36000061035156,2035715
2025-09-10 11:30:00,37.35029983520508,37.41999816894531,37.35029983520508,37.369998931884766,963913
2025-09-10 12:30:00,37.375,37.380001068115234,37.33000183105469,37.33000183105469,1738275
2025-09-10 13:30:00,37.330101013183594,37.41999816894531,37.33000183105469,37.40349960327149,2578019
2025-09-10 14:30:00,37.404998779296875,37.40999984741211,37.2400016784668,37.269901275634766,2473738
2025-09-10 15:30:00,37.26499938964844,37.40999984741211,37.2599983215332,37.38999938964844,3400775
2025-09-10 16:00:00,37.41,37.41,37.33,37.355,0
2025-09-10 17:00:00,37.36,37.44,37.3519,37.39,0
2025-09-10 18:00:00,37.4,37.4,37.34,37.3699,0
2025-09-10 19:00:00,37.37,37.43,37.35,37.3908,0
2025-09-11 04:00:00,37.35,37.35,37.23,37.29,0
2025-09-11 05:00:00,37.29,37.31,37.12,37.22,0
2025-09-11 06:00:00,37.2,37.26,37.2,37.25,0
2025-09-11 07:00:00,37.22,37.32,37.21,37.28,0
2025-09-11 08:00:00,37.27,37.4,37.1202,37.31,0
2025-09-11 09:00:00,37.31,37.47,37.14,37.38,0
2025-09-11 09:30:00,37.369998931884766,37.650001525878906,37.32500076293945,37.57989883422851,3553042
2025-09-11 10:30:00,37.570701599121094,37.66999816894531,37.45000076293945,37.59989929199219,2657741
2025-09-11 11:30:00,37.599998474121094,37.915000915527344,37.5900993347168,37.8650016784668,3633195
2025-09-11 12:30:00,37.869998931884766,37.880001068115234,37.720001220703125,37.727500915527344,1907729
2025-09-11 13:30:00,37.72999954223633,37.81999969482422,37.66279983520508,37.669898986816406,1351740
2025-09-11 14:30:00,37.66999816894531,37.75,37.63999938964844,37.724998474121094,2754566
2025-09-11 15:30:00,37.724998474121094,37.810001373291016,37.71319961547851,37.78499984741211,2326777
2025-09-11 16:00:00,37.79,37.8,37.71,37.74,0
2025-09-11 17:00:00,37.74,37.76,37.64,37.695,0
2025-09-11 18:00:00,37.7,37.7599,37.69,37.74,0
2025-09-11 19:00:00,37.75,37.75,37.7001,37.7193,0
2025-09-12 04:00:00,38.25,38.37,38.1,38.35,0
2025-09-12 05:00:00,38.35,38.55,38.32,38.43,0
2025-09-12 06:00:00,38.44,38.44,38.34,38.41,0
2025-09-12 07:00:00,38.41,38.41,38.3,38.32,0
2025-09-12 08:00:00,38.32,38.5324,37.79,38.17,0
2025-09-12 09:00:00,38.17,38.21,37.99,38.21,0
2025-09-12 09:30:00,38.2400016784668,38.44499969482422,38.150001525878906,38.403926849365234,6801496
2025-09-12 10:30:00,38.404998779296875,38.43000030517578,38.22999954223633,38.30500030517578,3611903
2025-09-12 11:30:00,38.306400299072266,38.36650085449219,38.27000045776367,38.35499954223633,2122377
2025-09-12 12:30:00,38.36000061035156,38.439998626708984,38.34000015258789,38.39500045776367,1410022
2025-09-12 13:30:00,38.39500045776367,38.43000030517578,38.36000061035156,38.36989974975586,1211283
2025-09-12 14:30:00,38.36600112915039,38.380001068115234,38.29999923706055,38.30590057373047,1786340
2025-09-12 15:30:00,38.30500030517578,38.34000015258789,38.279998779296875,38.32500076293945,2009713
2025-09-12 16:00:00,38.32,38.34,38.23,38.3,0
2025-09-12 17:00:00,38.2417,38.36,38.2417,38.36,0
2025-09-12 18:00:00,38.36,38.36,38.3,38.3203,0
2025-09-12 19:00:00,38.3203,38.36,38.32,38.3597,0
2025-09-15 04:00:00,38.5,38.5,38.26,38.29,0
2025-09-15 05:00:00,38.28,38.33,38.25,38.27,0
2025-09-15 06:00:00,38.28,38.36,38.215,38.36,0
2025-09-15 07:00:00,38.35,38.36,38.28,38.33,0
2025-09-15 08:00:00,38.32,38.42,38.2,38.28,0
2025-09-15 09:00:00,38.24,38.32,38.15,38.2898,0
2025-09-15 09:30:00,38.29999923706055,38.41999816894531,38.25,38.400001525878906,4017348
2025-09-15 10:30:00,38.40999984741211,38.55500030517578,38.400001525878906,38.54607009887695,2522204
2025-09-15 11:30:00,38.54499816894531,38.7400016784668,38.529998779296875,38.72999954223633,3105324
2025-09-15 12:30:00,38.720001220703125,38.74599838256836,38.560001373291016,38.650001525878906,3056862
2025-09-15 13:30:00,38.650001525878906,38.709999084472656,38.63010025024414,38.70650100708008,1601185
2025-09-15 14:30:00,38.709999084472656,38.77000045776367,38.66999816894531,38.750099182128906,3145037
2025-09-15 15:30:00,38.75,38.790000915527344,38.7400016784668,38.744998931884766,3765062
2025-09-15 16:00:00,38.76,38.8,38.2842,38.7699,0
2025-09-15 17:00:00,38.8,38.8,38.75,38.79,0
2025-09-15 18:00:00,38.78,38.79,38.68,38.6901,0
2025-09-15 19:00:00,38.7,38.7,38.7,38.7,0
2025-09-16 04:00:00,38.78,38.81,38.76,38.81,0
2025-09-16 05:00:00,38.81,38.82,38.74,38.79,0
2025-09-16 06:00:00,38.81,38.81,38.79,38.79,0
2025-09-16 07:00:00,38.78,38.83,38.74,38.83,0
2025-09-16 08:00:00,38.83,38.92,37.17,38.9,0
2025-09-16 09:00:00,38.89,38.9,38.76,38.865,0
2025-09-16 09:30:00,39.0,39.0099983215332,38.790000915527344,38.790000915527344,5206404
2025-09-16 10:30:00,38.79999923706055,38.84000015258789,38.51499938964844,38.52000045776367,6847749
2025-09-16 11:30:00,38.52000045776367,38.63999938964844,38.34000015258789,38.630001068115234,4888421
2025-09-16 12:30:00,38.62990188598633,38.66999816894531,38.584999084472656,38.62009811401367,1410901
2025-09-16 13:30:00,38.62009811401367,38.630001068115234,38.5,38.54499816894531,3057997
2025-09-16 14:30:00,38.54990005493164,38.650001525878906,38.54010009765625,38.63010025024414,1477498
2025-09-16 15:30:00,38.6349983215332,38.63999938964844,38.58000183105469,38.599998474121094,1837912
2025-09-16 16:00:00,38.6,38.68,38.5903,38.64,0
2025-09-16 17:00:00,38.64,38.64,38.59,38.62,0
2025-09-16 18:00:00,38.61,38.71,38.61,38.7,0
2025-09-16 19:00:00,38.7,38.71,38.66,38.7074,0
2025-09-17 04:00:00,37.93,38.29,37.77,37.84,0
2025-09-17 05:00:00,37.84,37.85,37.72,37.78,0
2025-09-17 06:00:00,37.78,37.8,37.53,37.6,0
2025-09-17 07:00:00,37.6,37.71,37.33,37.65,0
2025-09-17 08:00:00,37.65,38.2,37.38,37.83,0
2025-09-17 09:00:00,37.84,38.06,37.82,37.95,0
2025-09-17 09:30:00,37.999900817871094,38.209999084472656,37.9900016784668,38.109901428222656,5414146
2025-09-17 10:30:00,38.11000061035156,38.209999084472656,38.09000015258789,38.19369888305664,2501545
2025-09-17 11:30:00,38.189998626708984,38.209999084472656,38.10499954223633,38.14500045776367,1826028
2025-09-17 12:30:00,38.14500045776367,38.14500045776367,37.869998931884766,37.972599029541016,3269492
2025-09-17 13:30:00,37.97990036010742,38.34000015258789,37.849998474121094,38.02000045776367,5400779
2025-09-17 14:30:00,38.029998779296875,38.08000183105469,37.349998474121094,37.81999969482422,8773695
2025-09-17 15:30:00,37.810001373291016,37.83000183105469,37.68000030517578,37.810001373291016,3282022
2025-09-17 16:00:00,37.79,37.85,37.7307,37.81,0
2025-09-17 17:00:00,37.84,37.87,37.8,37.83,0
2025-09-17 18:00:00,37.82,37.87,37.79,37.8698,0
2025-09-17 19:00:00,37.8698,38.04,37.86,38.0,0
2025-09-18 04:00:00,37.7,37.98,37.65,37.87,0
2025-09-18 05:00:00,37.89,38.07,37.89,38.05,0
2025-09-18 06:00:00,38.05,38.08,37.95,38.02,0
2025-09-18 07:00:00,38.03,38.04,37.96,38.0,0
2025-09-18 08:00:00,38.0,38.0788,37.38,38.01,0
2025-09-18 09:00:00,38.0,38.03,37.88,37.9188,0
2025-09-18 09:30:00,37.85499954223633,37.90999984741211,37.61000061035156,37.79449844360352,3737711
2025-09-18 10:30:00,37.79999923706055,37.880001068115234,37.724998474121094,37.779998779296875,2073244
2025-09-18 11:30:00,37.790000915527344,37.95000076293945,37.775001525878906,37.92499923706055,1010428
2025-09-18 12:30:00,37.92499923706055,37.970001220703125,37.880001068115234,37.94499969482422,2085700
2025-09-18 13:30:00,37.94499969482422,37.97999954223633,37.900001525878906,37.94850158691406,1169832
2025-09-18 14:30:00,37.95000076293945,37.9900016784668,37.91999816894531,37.96500015258789,1254422
2025-09-18 15:30:00,37.96500015258789,38.0,37.91999816894531,37.970001220703125,1433331
2025-09-18 16:00:00,37.97,37.99,37.94,37.97,0
2025-09-18 17:00:00,37.97,38.0,37.9419,38.0,0
2025-09-18 18:00:00,37.99,37.99,37.9,37.9,0
2025-09-18 19:00:00,37.9283,37.94,37.84,37.89,0
2025-09-19 04:00:00,38.21,38.29,38.1,38.26,0
2025-09-19 05:00:00,38.26,38.37,38.26,38.35,0
2025-09-19 06:00:00,38.34,38.38,38.32,38.35,0
2025-09-19 07:00:00,38.34,38.36,38.24,38.25,0
2025-09-19 08:00:00,38.24,38.46,38.06,38.16,0
2025-09-19 09:00:00,38.15,38.32,38.08,38.32,0
2025-09-19 09:30:00,38.2599983215332,38.529998779296875,38.189998626708984,38.495399475097656,7659480
2025-09-19 10:30:00,38.494998931884766,38.86000061035156,38.494998931884766,38.77009963989258,7799343
2025-09-19 11:30:00,38.77989959716797,38.84000015258789,38.709999084472656,38.744998931884766,3543169
2025-09-19 12:30:00,38.74810028076172,38.77539825439453,38.720001220703125,38.76499938964844,2821518
2025-09-19 13:30:00,38.77000045776367,39.040000915527344,38.75,39.03499984741211,5398353
2025-09-19 14:30:00,39.029998779296875,39.119998931884766,39.005001068115234,39.07500076293945,4184997
2025-09-19 15:30:00,39.07379913330078,39.07379913330078,38.970001220703125,39.029998779296875,3774700
2025-09-19 16:00:00,39.04,39.12,38.96,39.11,0
2025-09-19 17:00:00,39.1246,39.1745,39.04,39.1,0
2025-09-19 18:00:00,39.1,39.1,39.02,39.02,0
2025-09-19 19:00:00,39.05,39.05,39.02,39.04,0
2025-09-22 04:00:00,39.58,39.67,39.3,39.63,0
2025-09-22 05:00:00,39.63,39.72,39.62,39.71,0
2025-09-22 06:00:00,39.7,39.74,39.6,39.73,0
2025-09-22 07:00:00,39.73,39.755,39.67,39.75,0
2025-09-22 08:00:00,39.75,39.76,39.37,39.4494,0
2025-09-22 09:00:00,39.44,39.57,39.36,39.5,0
2025-09-22 09:30:00,39.5,39.62950134277344,39.34000015258789,39.6150016784668,7929608
2025-09-22 10:30:00,39.6150016784668,39.79999923706055,39.54999923706055,39.78499984741211,5275199
2025-09-22 11:30:00,39.78499984741211,39.880001068115234,39.7599983215332,39.8650016784668,3833344
2025-09-22 12:30:00,39.869998931884766,39.95000076293945,39.779998779296875,39.92010116577149,4713888
2025-09-22 13:30:00,39.93000030517578,40.0,39.92449951171875,39.98540115356445,4111356
2025-09-22 14:30:00,39.97999954223633,40.04999923706055,39.959999084472656,40.005001068115234,2813117
2025-09-22 15:30:00,40.00830078125,40.04999923706055,39.994998931884766,40.02000045776367,2893003
2025-09-22 16:00:00,40.02,40.04,39.97,39.9903,0
2025-09-22 17:00:00,39.99,40.08,39.99,40.07,0
2025-09-22 18:00:00,40.06,40.06,39.92,39.93,0
2025-09-22 19:00:00,39.94,40.03,39.9206,39.9793,0
2025-09-23 04:00:00,39.84,39.93,39.77,39.92,0
2025-09-23 05:00:00,39.93,40.12,39.93,40.1,0
2025-09-23 06:00:00,40.1,40.21,40.02,40.19,0
2025-09-23 07:00:00,40.19,40.33,40.16,40.33,0
2025-09-23 08:00:00,40.32,40.34,39.64,40.19,0
2025-09-23 09:00:00,40.2194,40.36,40.15,40.32,0
2025-09-23 09:30:00,40.310001373291016,40.36000061035156,40.04999923706055,40.095001220703125,7479783
2025-09-23 10:30:00,40.095001220703125,40.2599983215332,40.091800689697266,40.209999084472656,2713010
2025-09-23 11:30:00,40.220001220703125,40.25,40.099998474121094,40.14550018310547,4084926
2025-09-23 12:30:00,40.14619827270508,40.2599983215332,40.0099983215332,40.21500015258789,3631128
2025-09-23 13:30:00,40.21820068359375,40.22990036010742,40.06999969482422,40.125,3283663
2025-09-23 14:30:00,40.119998931884766,40.18000030517578,39.790000915527344,39.84000015258789,4551465
2025-09-23 15:30:00,39.84000015258789,40.005001068115234,39.84000015258789,39.95000076293945,2302184
2025-09-23 16:00:00,39.96,40.015,39.93,39.9507,0
2025-09-23 17:00:00,39.9695,39.99,39.91,39.99,0
2025-09-23 18:00:00,39.97,40.0899,39.97,40.07,0
2025-09-23 19:00:00,40.07,40.08,39.8598,39.87,0
2025-09-24 04:00:00,40.04,40.19,40.03,40.03,0
2025-09-24 05:00:00,40.01,40.1,40.01,40.01,0
2025-09-24 06:00:00,40.04,40.09,39.83,39.9,0
2025-09-24 07:00:00,39.89,39.94,39.8,39.94,0
2025-09-24 08:00:00,39.94,40.2,39.7996,40.07,0
2025-09-24 09:00:00,40.05,40.125,39.9499,40.125,0
2025-09-24 09:30:00,40.130001068115234,40.15999984741211,39.880001068115234,40.010101318359375,5201974
2025-09-24 10:30:00,40.01499938964844,40.09000015258789,39.86000061035156,39.97999954223633,5980353
2025-09-24 11:30:00,39.98500061035156,39.9900016784668,39.73379898071289,39.809600830078125,5823735
2025-09-24 12:30:00,39.810001373291016,39.90999984741211,39.72010040283203,39.84370040893555,4472498
2025-09-24 13:30:00,39.839900970458984,39.849998474121094,39.665000915527344,39.744998931884766,3604877
2025-09-24 14:30:00,39.744998931884766,39.790000915527344,39.6349983215332,39.65354537963867,3466320
2025-09-24 15:30:00,39.65620040893555,39.849998474121094,39.652774810791016,39.810001373291016,2411307
2025-09-24 16:00:00,39.82,39.9,39.82,39.86,0
2025-09-24 17:00:00,39.86,39.95,39.86,39.9,0
2025-09-24 18:00:00,39.89,39.94,39.74,39.87,0
2025-09-24 19:00:00,39.87,39.9,39.84,39.8885,0
2025-09-25 04:00:00,40.4,40.72,39.9,40.6,0
2025-09-25 05:00:00,40.62,40.74,40.48,40.63,0
2025-09-25 06:00:00,40.67,40.87,40.65,40.79,0
2025-09-25 07:00:00,40.79,40.9,40.63,40.74,0
2025-09-25 08:00:00,40.74,40.8996,39.82,40.795,0
2025-09-25 09:00:00,40.79,40.79,40.3,40.36,0
2025-09-25 09:30:00,40.459999084472656,40.4900016784668,40.1150016784668,40.422698974609375,9160689
2025-09-25 10:30:00,40.42499923706055,40.724998474121094,40.36000061035156,40.61000061035156,5587503
2025-09-25 11:30:00,40.61000061035156,40.665000915527344,40.529998779296875,40.6348991394043,4158473
2025-09-25 12:30:00,40.63560104370117,40.7599983215332,40.619998931884766,40.696800231933594,3345764
2025-09-25 13:30:00,40.689998626708984,40.744998931884766,40.5900993347168,40.73500061035156,3697103
2025-09-25 14:30:00,40.73500061035156,41.02000045776367,40.709999084472656,40.97999954223633,5257875
2025-09-25 15:30:00,40.98619842529297,41.05500030517578,40.95000076293945,41.02000045776367,4265699
2025-09-25 16:00:00,41.03,41.07,41.0,41.02,0
2025-09-25 17:00:00,41.03,41.07,41.02,41.06,0
2025-09-25 18:00:00,41.05,41.06,40.55,40.67,0
2025-09-25 19:00:00,40.66,40.83,40.51,40.79,0
2025-09-26 04:00:00,40.89,41.08,40.81,40.86,0
2025-09-26 05:00:00,40.86,40.96,40.86,40.88,0
2025-09-26 06:00:00,40.88,40.99,40.86,40.9,0
2025-09-26 07:00:00,40.88,40.98,40.8,40.97,0
2025-09-26 08:00:00,40.97,41.04,39.78,40.87,0
2025-09-26 09:00:00,40.84,41.38,40.84,41.35,0
2025-09-26 09:30:00,41.22999954223633,41.4900016784668,41.09000015258789,41.43989944458008,8064851
2025-09-26 10:30:00,41.43000030517578,41.650001525878906,41.404998779296875,41.650001525878906,5922442
2025-09-26 11:30:00,41.650001525878906,41.876800537109375,41.64500045776367,41.86589813232422,6747507
2025-09-26 12:30:00,41.86069869995117,42.14500045776367,41.86069869995117,42.13990020751953,4720382
2025-09-26 13:30:00,42.13410186767578,42.33000183105469,42.1150016784668,42.205299377441406,6655203
2025-09-26 14:30:00,42.20500183105469,42.25,41.88999938964844,41.90999984741211,5095416
2025-09-26 15:30:00,41.919898986816406,41.93000030517578,41.775001525878906,41.849998474121094,5753422
2025-09-26 16:00:00,41.86,41.94,41.77,41.805,0
2025-09-26 17:00:00,41.81,41.85,41.76,41.85,0
2025-09-26 18:00:00,41.84,41.92,41.8,41.91,0
2025-09-26 19:00:00,41.91,41.92,41.8,41.8,0
2025-09-29 04:00:00,42.37,42.8,42.0,42.53,0
2025-09-29 05:00:00,42.56,42.66,42.52,42.6,0
2025-09-29 06:00:00,42.61,42.61,42.49,42.61,0
2025-09-29 07:00:00,42.61,42.71,42.58,42.7,0
2025-09-29 08:00:00,42.7,42.8,42.28,42.37,0
2025-09-29 09:00:00,42.36,42.47,42.23,42.4,0
2025-09-29 09:30:00,42.45500183105469,42.560001373291016,42.18000030517578,42.54999923706055,10966661
2025-09-29 10:30:00,42.54499816894531,42.75,42.4900016784668,42.63999938964844,9697272
2025-09-29 11:30:00,42.63600158691406,42.75,42.5099983215332,42.67499923706055,4907212
2025-09-29 12:30:00,42.67530059814453,42.709999084472656,42.439998626708984,42.45650100708008,3415668
2025-09-29 13:30:00,42.45500183105469,42.58000183105469,42.40999984741211,42.54499816894531,3852588
2025-09-29 14:30:00,42.54999923706055,42.55799865722656,42.400001525878906,42.459999084472656,5179632
2025-09-29 15:30:00,42.459999084472656,42.540000915527344,42.439998626708984,42.5,2054611
2025-09-29 16:00:00,42.5,42.59,42.49,42.5896,0
2025-09-29 17:00:00,42.57,42.6,42.51,42.55,0
2025-09-29 18:00:00,42.6,42.6,42.42,42.4699,0
2025-09-29 19:00:00,42.47,42.5,42.43,42.49,0
2025-09-30 04:00:00,42.41,42.75,42.04,42.11,0
2025-09-30 05:00:00,42.11,42.11,41.7,41.79,0
2025-09-30 06:00:00,41.8,41.89,41.57,41.85,0
2025-09-30 07:00:00,41.86,41.98,41.84,41.9,0
2025-09-30 08:00:00,41.88,42.82,41.58,41.87,0
2025-09-30 09:00:00,41.86,41.94,41.74,41.88,0
2025-09-30 09:30:00,41.790000915527344,42.34000015258789,41.70000076293945,42.23500061035156,11356097
2025-09-30 10:30:00,42.244998931884766,42.459999084472656,41.95000076293945,41.970001220703125,7664525
2025-09-30 11:30:00,41.970001220703125,42.20989990234375,41.904998779296875,42.19940185546875,4146194
2025-09-30 12:30:00,42.19499969482422,42.220001220703125,42.14386749267578,42.165000915527344,2789523
2025-09-30 13:30:00,42.16999816894531,42.22740173339844,42.040000915527344,42.16469955444336,2571973
2025-09-30 14:30:00,42.165000915527344,42.30649948120117,42.119998931884766,42.275001525878906,3210741
2025-09-30 15:30:00,42.275001525878906,42.3849983215332,42.275001525878906,42.36000061035156,2504665
2025-09-30 16:00:00,42.37,42.38,41.8854,42.36,0
2025-09-30 17:00:00,42.36,42.37,42.33,42.37,0
2025-09-30 18:00:00,42.37,42.41,42.33,42.37,0
2025-09-30 19:00:00,42.37,42.41,42.36,42.39,0
2025-10-01 04:00:00,42.9,43.08,42.72,43.02,0
2025-10-01 05:00:00,43.02,43.05,42.82,42.85,0
2025-10-01 06:00:00,42.85,42.98,42.81,42.82,0
2025-10-01 07:00:00,42.81,42.97,42.79,42.93,0
2025-10-01 08:00:00,42.93,43.13,42.36,42.93,0
2025-10-01 09:00:00,42.93,43.1,42.7599,42.93,0
2025-10-01 09:30:00,43.029998779296875,43.351898193359375,42.9900016784668,43.310001373291016,9589161
2025-10-01 10:30:00,43.310001373291016,43.400001525878906,42.869998931884766,42.92499923706055,6486993
2025-10-01 11:30:00,42.91999816894531,43.15999984741211,42.89350128173828,43.14120101928711,4655194
2025-10-01 12:30:00,43.1349983215332,43.20000076293945,43.099998474121094,43.15190124511719,5572343
2025-10-01 13:30:00,43.154998779296875,43.20000076293945,42.869998931884766,43.05989837646485,5675382
2025-10-01 14:30:00,43.064998626708984,43.11000061035156,43.0099983215332,43.02980041503906,5488469
2025-10-01 15:30:00,43.029998779296875,43.040000915527344,42.88999938964844,42.900001525878906,6060075
2025-10-01 16:00:00,42.91,42.97,42.8235,42.945,0
2025-10-01 17:00:00,42.94,42.99,42.888,42.9601,0
2025-10-01 18:00:00,42.97,42.98,42.8,42.8991,0
2025-10-01 19:00:00,42.88,42.98,42.7238,42.89,0
2025-10-02 04:00:00,43.02,43.11,42.86,43.08,0
2025-10-02 05:00:00,43.07,43.145,43.06,43.12,0
2025-10-02 06:00:00,43.12,43.14,43.02,43.07,0
2025-10-02 07:00:00,43.09,43.12,42.99,43.08,0
2025-10-02 08:00:00,43.08,43.36,42.8,43.28,0
2025-10-02 09:00:00,43.29,43.57,43.2,43.47,0
2025-10-02 09:30:00,43.56999969482422,43.589900970458984,42.529998779296875,42.630001068115234,17481692
2025-10-02 10:30:00,42.6349983215332,42.654998779296875,41.68000030517578,41.95500183105469,14695808
2025-10-02 11:30:00,41.95000076293945,42.06999969482422,41.65999984741211,42.02009963989258,5803700
2025-10-02 12:30:00,42.02000045776367,42.27000045776367,41.94499969482422,42.220001220703125,4714678
2025-10-02 13:30:00,42.220001220703125,42.439998626708984,42.15999984741211,42.42499923706055,2763427
2025-10-02 14:30:00,42.42509841918945,42.619998931884766,42.40999984741211,42.59000015258789,6440623
2025-10-02 15:30:00,42.59650039672851,42.599998474121094,42.50429916381836,42.51969909667969,5752572
2025-10-02 16:00:00,42.53,42.65,42.51,42.64,0
2025-10-02 17:00:00,42.65,42.69,42.6,42.62,0
2025-10-02 18:00:00,42.63,42.65,42.53,42.61,0
2025-10-02 19:00:00,42.5997,42.64,42.5343,42.63,0
2025-10-03 04:00:00,43.0,43.03,42.8,43.0,0
2025-10-03 05:00:00,42.99,43.04,42.85,42.9,0
2025-10-03 06:00:00,42.9,43.02,42.86,42.99,0
2025-10-03 07:00:00,42.99,43.25,42.96,43.02,0
2025-10-03 08:00:00,43.02,43.25,42.46,43.2098,0
2025-10-03 09:00:00,43.21,43.44,43.21,43.2799,0
2025-10-03 09:30:00,43.33000183105469,43.439998626708984,43.04499816894531,43.334999084472656,12001781
2025-10-03 10:30:00,43.33000183105469,43.880001068115234,43.31999969482422,43.86000061035156,6987767
2025-10-03 11:30:00,43.86000061035156,43.95000076293945,43.625,43.666500091552734,7926105
2025-10-03 12:30:00,43.665000915527344,43.66861343383789,43.459999084472656,43.5099983215332,5274674
2025-10-03 13:30:00,43.51679992675781,43.56999969482422,43.310001373291016,43.564998626708984,5021052
2025-10-03 14:30:00,43.564998626708984,43.6599006652832,43.553001403808594,43.60499954223633,3590114
2025-10-03 15:30:00,43.60499954223633,43.654998779296875,43.5,43.54999923706055,4199074
2025-10-03 16:00:00,43.52,43.6108,43.5002,43.53,0
2025-10-03 17:00:00,43.55,43.6,43.51,43.58,0
2025-10-03 18:00:00,43.59,43.6,43.55,43.6,0
2025-10-03 19:00:00,43.6,43.6,43.52,43.56,0
2025-10-06 04:00:00,44.16,44.25,44.03,44.14,0
2025-10-06 05:00:00,44.13,44.23,44.1,44.17,0
2025-10-06 06:00:00,44.18,44.2,43.86,44.01,0
2025-10-06 07:00:00,44.04,44.14,43.84,43.95,0
2025-10-06 08:00:00,43.949,44.34,43.52,43.92,0
2025-10-06 09:00:00,43.86,43.96,43.65,43.9,0
2025-10-06 09:30:00,44.005001068115234,44.220001220703125,43.900001525878906,44.07500076293945,9008282
2025-10-06 10:30:00,44.08000183105469,44.2599983215332,44.032100677490234,44.10499954223633,4950862
2025-10-06 11:30:00,44.099998474121094,44.2599983215332,43.8849983215332,44.119998931884766,6032300
2025-10-06 12:30:00,44.119998931884766,44.209999084472656,44.04499816894531,44.130001068115234,3966063
2025-10-06 13:30:00,44.119998931884766,44.209999084472656,44.04999923706055,44.185001373291016,2701982
2025-10-06 14:30:00,44.185001373291016,44.22999954223633,44.11000061035156,44.13990020751953,3925155
2025-10-06 15:30:00,44.1349983215332,44.15999984741211,44.04999923706055,44.060001373291016,3032988
2025-10-06 16:00:00,44.05,44.08,44.03,44.04,0
2025-10-06 17:00:00,44.055,44.11,44.04,44.11,0
2025-10-06 18:00:00,44.0806,44.14,43.91,44.02,0
2025-10-06 19:00:00,44.02,44.12,43.93,44.025,0
2025-10-07 04:00:00,43.59,44.07,43.42,43.61,0
2025-10-07 05:00:00,43.6,43.94,43.59,43.77,0
2025-10-07 06:00:00,43.78,43.99,43.78,43.95,0
2025-10-07 07:00:00,43.95,44.04,43.92,43.94,0
2025-10-07 08:00:00,43.94,44.18,43.34,43.96,0
2025-10-07 09:00:00,43.97,44.08,43.88,43.94,0
2025-10-07 09:30:00,43.970001220703125,43.9900016784668,43.56999969482422,43.69969940185547,8264289
2025-10-07 10:30:00,43.70000076293945,43.81999969482422,43.52000045776367,43.6593017578125,7906004
2025-10-07 11:30:00,43.650001525878906,43.660099029541016,42.95000076293945,43.10499954223633,7601950
2025-10-07 12:30:00,43.10499954223633,43.3650016784668,43.09000015258789,43.29499816894531,5623281
2025-10-07 13:30:00,43.29999923706055,43.46500015258789,43.07500076293945,43.20000076293945,4395866
2025-10-07 14:30:00,43.20819854736328,43.36000061035156,43.20000076293945,43.33649826049805,3751030
2025-10-07 15:30:00,43.33399963378906,43.38999938964844,43.25,43.38999938964844,4061496
2025-10-07 16:00:00,43.38,43.49,43.34,43.43,0
2025-10-07 17:00:00,43.45,43.49,43.4389,43.49,0
2025-10-07 18:00:00,43.48,43.53,43.41,43.51,0
2025-10-07 19:00:00,43.51,43.57,43.4567,43.559,0
2025-10-08 04:00:00,44.27,44.3,44.21,44.27,0
2025-10-08 05:00:00,44.26,44.36,44.22,44.35,0
2025-10-08 06:00:00,44.34,44.5,44.33,44.35,0
2025-10-08 07:00:00,44.36,44.46,44.29,44.4,0
2025-10-08 08:00:00,44.39,44.53,43.89,44.4401,0
2025-10-08 09:00:00,44.45,44.53,44.32,44.5097,0
2025-10-08 09:30:00,44.43000030517578,44.599998474121094,44.275001525878906,44.56999969482422,9686718
2025-10-08 10:30:00,44.56999969482422,44.900001525878906,44.4900016784668,44.779998779296875,10024180
2025-10-08 11:30:00,44.775001525878906,45.0099983215332,44.775001525878906,44.93000030517578,8856293
2025-10-08 12:30:00,44.93000030517578,44.939998626708984,44.7400016784668,44.8650016784668,9051319
2025-10-08 13:30:00,44.869998931884766,44.93000030517578,44.619998931884766,44.76559829711914,5755835
2025-10-08 14:30:00,44.76520156860352,44.81999969482422,44.46500015258789,44.70500183105469,7768513
2025-10-08 15:30:00,44.70500183105469,44.70500183105469,44.47999954223633,44.54999923706055,6486122
2025-10-08 16:00:00,44.56,44.56,44.24,44.42,0
2025-10-08 17:00:00,44.4199,44.45,44.34,44.45,0
2025-10-08 18:00:00,44.44,44.6,44.03,44.41,0
2025-10-08 19:00:00,44.4195,44.46,44.01,44.28,0
2025-10-09 04:00:00,44.57,44.75,44.39,44.68,0
2025-10-09 05:00:00,44.68,45.02,44.66,45.0,0
2025-10-09 06:00:00,45.0,45.1,44.95,45.06,0
2025-10-09 07:00:00,45.05,45.08,45.01,45.04,0
2025-10-09 08:00:00,45.03,45.45,44.3,45.42,0
2025-10-09 09:00:00,45.4,46.8,45.34,46.33,0
2025-10-09 09:30:00,46.27000045776367,46.349998474121094,45.220001220703125,45.375,25483726
2025-10-09 10:30:00,45.369998931884766,45.81999969482422,44.880001068115234,44.8849983215332,15681715
2025-10-09 11:30:00,44.8849983215332,45.029998779296875,44.40999984741211,44.41450119018555,15663261
2025-10-09 12:30:00,44.415000915527344,44.41999816894531,42.81489944458008,43.560001373291016,18665414
2025-10-09 13:30:00,43.56999969482422,44.20000076293945,43.439998626708984,44.018798828125,12591440
2025-10-09 14:30:00,44.01499938964844,44.5,43.83000183105469,44.4900016784668,14300581
2025-10-09 15:30:00,44.494998931884766,44.849998474121094,44.4900016784668,44.79999923706055,6185180
2025-10-09 16:00:00,44.71,45.0,44.65,44.84,0
2025-10-09 17:00:00,44.87,44.92,44.68,44.785,0
2025-10-09 18:00:00,44.77,44.9,44.47,44.65,0
2025-10-09 19:00:00,44.69,44.8,44.61,44.8,0
2025-10-10 04:00:00,45.6,46.05,45.21,46.03,0
2025-10-10 05:00:00,46.02,46.22,45.99,46.18,0
2025-10-10 06:00:00,46.17,46.27,45.0,45.7,0
2025-10-10 07:00:00,45.75,46.01,45.42,45.49,0
2025-10-10 08:00:00,45.5,46.27,44.23,45.55,0
2025-10-10 09:00:00,45.59,45.59,45.19,45.39,0
2025-10-10 09:30:00,45.47999954223633,45.849998474121094,45.099998474121094,45.81999969482422,18035005
2025-10-10 10:30:00,45.810001373291016,45.994998931884766,45.25,45.4452018737793,10715186
2025-10-10 11:30:00,45.435001373291016,45.51499938964844,45.0099983215332,45.279998779296875,9115610
2025-10-10 12:30:00,45.27989959716797,45.5,45.005001068115234,45.3650016784668,5662228
2025-10-10 13:30:00,45.36000061035156,45.5,45.13349914550781,45.375,5430946
2025-10-10 14:30:00,45.375,45.43000030517578,44.880001068115234,44.908199310302734,7984622
2025-10-10 15:30:00,44.900001525878906,45.400001525878906,44.900001525878906,45.29999923706055,8530887
2025-10-10 16:00:00,45.31,45.49,44.98,45.2193,0
2025-10-10 17:00:00,45.12,45.25,39.094,45.1,0
2025-10-10 18:00:00,45.1002,45.3,45.1,45.233,0
2025-10-10 19:00:00,45.22,45.29,45.17,45.23,0
2025-10-13 04:00:00,46.6,47.18,46.2,46.33,0
2025-10-13 05:00:00,46.31,46.56,46.23,46.42,0
2025-10-13 06:00:00,46.41,46.48,45.8,46.3,0
2025-10-13 07:00:00,46.33,46.7,46.27,46.6,0
2025-10-13 08:00:00,46.61,46.83,45.43,46.66,0
2025-10-13 09:00:00,46.65,46.84,46.42,46.7799,0
2025-10-13 09:30:00,46.939998626708984,47.22999954223633,46.58000183105469,47.189701080322266,13210149
2025-10-13 10:30:00,47.185001373291016,47.25,46.72999954223633,46.79999923706055,6277849
2025-10-13 11:30:00,46.790000915527344,47.099998474121094,46.70000076293945,46.97999954223633,9205263
2025-10-13 12:30:00,46.97760009765625,47.1786003112793,46.72999954223633,47.10499954223633,7455422
2025-10-13 13:30:00,47.10499954223633,47.25,46.81999969482422,47.2052001953125,7382674
2025-10-13 14:30:00,47.20000076293945,47.439998626708984,47.18000030517578,47.314998626708984,6623680
2025-10-13 15:30:00,47.314998626708984,47.33000183105469,47.005001068115234,47.29999923706055,6062192
2025-10-13 16:00:00,47.29,47.5,47.24,47.4799,0
2025-10-13 17:00:00,47.48,47.64,47.26,47.575,0
2025-10-13 18:00:00,47.6,47.79,47.5,47.6,0
2025-10-13 19:00:00,47.65,48.2,47.51,48.03,0
2025-10-14 04:00:00,47.26,47.8,46.37,47.7,0
2025-10-14 05:00:00,47.68,47.71,46.99,47.11,0
2025-10-14 06:00:00,47.1,47.11,46.23,46.84,0
2025-10-14 07:00:00,46.84,47.11,46.5,46.99,0
2025-10-14 08:00:00,46.98,48.63,45.81,46.194,0
2025-10-14 09:00:00,46.18,46.29,45.89,46.15,0
2025-10-14 09:30:00,45.9900016784668,47.119998931884766,45.77000045776367,47.08000183105469,16612266
2025-10-14 10:30:00,47.06999969482422,47.14500045776367,46.53499984741211,46.95500183105469,16067336
2025-10-14 11:30:00,46.959999084472656,47.17499923706055,46.810001373291016,46.86000061035156,4801092
2025-10-14 12:30:00,46.86000061035156,47.2599983215332,46.810001373291016,47.11980056762695,9829628
2025-10-14 13:30:00,47.1150016784668,47.2400016784668,47.04999923706055,47.07870101928711,3431675
2025-10-14 14:30:00,47.08000183105469,47.119998931884766,46.93000030517578,47.08000183105469,3252231
2025-10-14 15:30:00,47.09000015258789,47.09000015258789,46.59000015258789,46.790000915527344,3259445
2025-10-14 16:00:00,46.77,46.96,46.5,46.645,0
2025-10-14 17:00:00,46.61,46.89,46.61,46.8701,0
2025-10-14 18:00:00,46.8701,46.96,46.7,46.9,0
2025-10-14 19:00:00,46.9,47.4,46.85,47.215,0
2025-10-15 04:00:00,47.76,48.0,47.04,47.94,0
2025-10-15 05:00:00,47.96,48.15,47.44,47.9,0
2025-10-15 06:00:00,47.89,48.0,47.66,47.91,0
2025-10-15 07:00:00,47.9,47.94,47.52,47.84,0
2025-10-15 08:00:00,47.84,48.18,47.2,47.8529,0
2025-10-15 09:00:00,47.8,47.95,47.67,47.8,0
2025-10-15 09:30:00,47.75,47.900001525878906,47.44010162353515,47.87990188598633,8430572
2025-10-15 10:30:00,47.875,48.060001373291016,47.75,47.91999816894531,6105194
2025-10-15 11:30:00,47.915000915527344,47.939998626708984,47.52009963989258,47.81560134887695,4864729
2025-10-15 12:30:00,47.810001373291016,47.84000015258789,47.41999816894531,47.5099983215332,3931684
2025-10-15 13:30:00,47.5,48.09000015258789,47.4900016784668,48.04499816894531,5114844
2025-10-15 14:30:00,48.04499816894531,48.30500030517578,47.98500061035156,48.26499938964844,6924355
2025-10-15 15:30:00,48.2599983215332,48.404998779296875,48.08000183105469,48.369998931884766,5288450
2025-10-15 16:00:00,48.37,48.41,48.1,48.2993,0
2025-10-15 17:00:00,48.2,48.41,48.2,48.36,0
2025-10-15 18:00:00,48.38,48.42,48.07,48.31,0
2025-10-15 19:00:00,48.33,48.34,48.13,48.25,0
2025-10-16 04:00:00,48.29,48.37,47.95,48.06,0
2025-10-16 05:00:00,48.07,48.2,48.02,48.02,0
2025-10-16 06:00:00,48.01,48.22,48.0,48.22,0
2025-10-16 07:00:00,48.21,48.36,48.14,48.34,0
2025-10-16 08:00:00,48.34,48.96,47.67,48.11,0
2025-10-16 09:00:00,48.1,48.2,47.92,48.13,0
2025-10-16 09:30:00,48.099998474121094,48.875,48.0,48.84000015258789,13538429
2025-10-16 10:30:00,48.8380012512207,49.084999084472656,48.709999084472656,49.04930114746094,7245963
2025-10-16 11:30:00,49.04349899291992,49.25,48.80500030517578,49.19499969482422,6312104
2025-10-16 12:30:00,49.189998626708984,49.20500183105469,48.5,49.03419876098633,5493933
2025-10-16 13:30:00,49.03499984741211,49.16999816894531,48.70000076293945,48.78499984741211,4800083
2025-10-16 14:30:00,48.779998779296875,49.04999923706055,48.599998474121094,48.7599983215332,5063579
2025-10-16 15:30:00,48.76499938964844,49.209999084472656,48.63999938964844,49.16999816894531,4007321
2025-10-16 16:00:00,49.17,49.34,48.18,49.2895,0
2025-10-16 17:00:00,49.2898,49.57,49.26,49.37,0
2025-10-16 18:00:00,49.41,49.42,49.05,49.27,0
2025-10-16 19:00:00,49.26,49.49,49.2,49.37,0
2025-10-17 04:00:00,48.9,49.37,48.71,48.74,0
2025-10-17 05:00:00,48.73,49.12,48.64,49.05,0
2025-10-17 06:00:00,49.04,49.14,48.9,49.12,0
2025-10-17 07:00:00,49.12,49.13,48.87,49.09,0
2025-10-17 08:00:00,49.08,49.45,48.25,48.2508,0
2025-10-17 09:00:00,48.27,48.99,48.19,48.47,0
2025-10-17 09:30:00,48.459999084472656,48.59000015258789,46.869998931884766,47.31909942626953,26585546
2025-10-17 10:30:00,47.314998626708984,47.68000030517578,47.00490188598633,47.13999938964844,15042333
2025-10-17 11:30:00,47.14440155029297,47.40950012207031,46.83000183105469,46.83000183105469,8836514
2025-10-17 12:30:00,46.83000183105469,46.88560104370117,45.880001068115234,46.310001373291016,12960421
2025-10-17 13:30:00,46.310001373291016,47.0099983215332,46.22999954223633,46.8849983215332,7515149
2025-10-17 14:30:00,46.8849983215332,47.09000015258789,46.540000915527344,46.665000915527344,6997591
2025-10-17 15:30:00,46.665000915527344,46.9900016784668,46.654998779296875,46.95000076293945,7097912
2025-10-17 16:00:00,46.96,47.12,46.89,47.08,0
2025-10-17 17:00:00,47.0787,47.08,46.9,46.99,0
2025-10-17 18:00:00,46.9993,47.11,46.98,47.025,0
2025-10-17 19:00:00,47.07,47.1,46.87,47.0385,0
2025-10-20 04:00:00,47.14,47.41,47.04,47.38,0
2025-10-20 05:00:00,47.38,47.4,47.13,47.22,0
2025-10-20 06:00:00,47.23,47.44,47.04,47.08,0
2025-10-20 07:00:00,47.07,47.23,46.92,47.21,0
2025-10-20 08:00:00,47.21,47.56,46.7,47.52,0
2025-10-20 09:00:00,47.52,47.91,47.49,47.69,0
2025-10-20 09:30:00,47.7599983215332,47.83000183105469,47.060001373291016,47.369998931884766,12301723
2025-10-20 10:30:00,47.36000061035156,47.689998626708984,47.119998931884766,47.51499938964844,4897762
2025-10-20 11:30:00,47.51499938964844,47.650001525878906,47.2400016784668,47.334999084472656,4464396
2025-10-20 12:30:00,47.334999084472656,47.39500045776367,47.14500045776367,47.224998474121094,3348135
2025-10-20 13:30:00,47.22999954223633,47.43000030517578,47.15999984741211,47.41519927978515,4017546
2025-10-20 14:30:00,47.41999816894531,47.59000015258789,47.36000061035156,47.505001068115234,3178142
2025-10-20 15:30:00,47.5,47.72999954223633,47.459999084472656,47.709999084472656,2940781
2025-10-20 16:00:00,47.7,47.74,47.3,47.62,0
2025-10-20 17:00:00,47.62,47.71,47.53,47.66,0
2025-10-20 18:00:00,47.68,47.72,47.63,47.63,0
2025-10-20 19:00:00,47.65,47.81,47.63,47.7199,0
2025-10-21 04:00:00,46.26,47.68,44.74,45.17,0
2025-10-21 05:00:00,45.18,45.42,45.0,45.28,0
2025-10-21 06:00:00,45.28,45.7,45.23,45.7,0
2025-10-21 07:00:00,45.71,45.72,45.25,45.71,0
2025-10-21 08:00:00,45.7,47.23,44.7,45.0516,0
2025-10-21 09:00:00,45.07,47.72,44.91,45.13,0
2025-10-21 09:30:00,45.189998626708984,45.380001068115234,43.68000030517578,43.744998931884766,30513753
2025-10-21 10:30:00,43.744998931884766,44.34000015258789,43.31010055541992,44.1150016784668,20651421
2025-10-21 11:30:00,44.119998931884766,44.48860168457031,44.04010009765625,44.185001373291016,5710372
2025-10-21 12:30:00,44.18069839477539,44.220001220703125,43.77000045776367,43.84000015258789,7173646
2025-10-21 13:30:00,43.84000015258789,44.15999984741211,43.834999084472656,44.05500030517578,4169133
2025-10-21 14:30:00,44.060001373291016,44.11000061035156,43.47999954223633,43.560001373291016,6604337
2025-10-21 15:30:00,43.55500030517578,43.81999969482422,43.55500030517578,43.77000045776367,5315362
2025-10-21 16:00:00,43.79,44.14,43.72,44.0992,0
2025-10-21 17:00:00,44.09,44.1,43.79,43.93,0
2025-10-21 18:00:00,43.94,44.1,43.77,43.99,0
2025-10-21 19:00:00,44.03,44.1003,43.56,43.57,0
2025-10-22 04:00:00,44.46,44.5,43.7,44.12,0
2025-10-22 05:00:00,44.12,44.15,43.75,43.82,0
2025-10-22 06:00:00,43.81,44.19,43.63,44.19,0
2025-10-22 07:00:00,44.19,44.23,43.21,43.47,0
2025-10-22 08:00:00,43.51,44.72,43.2,43.5,0
2025-10-22 09:00:00,43.5,43.8881,43.47,43.86,0
2025-10-22 09:30:00,43.7400016784668,44.130001068115234,43.59000015258789,43.654998779296875,14484688
2025-10-22 10:30:00,43.65999984741211,43.77000045776367,43.279998779296875,43.595001220703125,8130568
2025-10-22 11:30:00,43.599998474121094,43.779998779296875,43.45000076293945,43.65999984741211,4404099
2025-10-22 12:30:00,43.65999984741211,43.84000015258789,43.51499938964844,43.57569885253906,3733382
2025-10-22 13:30:00,43.56999969482422,43.65999984741211,43.41999816894531,43.625,2786019
2025-10-22 14:30:00,43.62990188598633,43.880001068115234,43.56999969482422,43.86009979248047,4829197
2025-10-22 15:30:00,43.8650016784668,44.025001525878906,43.845001220703125,43.869998931884766,4382349
2025-10-22 16:00:00,43.88,43.95,43.81,43.88,0
2025-10-22 17:00:00,43.9,43.94,43.8,43.92,0
2025-10-22 18:00:00,43.9,43.95,43.71,43.84,0
2025-10-22 19:00:00,43.89,43.89,43.6,43.685,0
2025-10-23 04:00:00,44.57,44.6,44.1,44.58,0
2025-10-23 05:00:00,44.58,44.78,44.56,44.78,0
2025-10-23 06:00:00,44.75,44.76,44.41,44.48,0
2025-10-23 07:00:00,44.5,44.65,44.43,44.65,0
2025-10-23 08:00:00,44.65,44.8,43.83,44.5887,0
2025-10-23 09:00:00,44.59,44.7,44.5511,44.7,0
2025-10-23 09:30:00,44.720001220703125,44.8650016784668,44.45000076293945,44.56990051269531,7796949
2025-10-23 10:30:00,44.56999969482422,44.72760009765625,44.505001068115234,44.65999984741211,4603040
2025-10-23 11:30:00,44.65999984741211,44.68000030517578,44.41999816894531,44.45000076293945,2961954
2025-10-23 12:30:00,44.45000076293945,44.4900016784668,44.26900100708008,44.33000183105469,2461703
2025-10-23 13:30:00,44.33000183105469,44.560001373291016,44.314998626708984,44.525001525878906,2049815
2025-10-23 14:30:00,44.525001525878906,44.529998779296875,44.3140983581543,44.36000061035156,2597534
2025-10-23 15:30:00,44.36000061035156,44.400001525878906,44.16999816894531,44.16999816894531,1690773
2025-10-23 16:00:00,44.18,44.3,44.11,44.2913,0
2025-10-23 17:00:00,44.3,44.41,44.22,44.24,0
2025-10-23 18:00:00,44.26,44.34,44.1058,44.31,0
2025-10-23 19:00:00,44.21,44.33,44.18,44.3,0
2025-10-24 04:00:00,43.7,43.84,43.42,43.43,0
2025-10-24 05:00:00,43.43,43.73,43.42,43.73,0
2025-10-24 06:00:00,43.72,43.77,43.6,43.64,0
2025-10-24 07:00:00,43.63,43.66,43.42,43.54,0
2025-10-24 08:00:00,43.53,44.26,43.3995,43.5914,0
2025-10-24 09:00:00,43.62,44.1,43.6,44.07,0
2025-10-24 09:30:00,44.08000183105469,44.38999938964844,43.90999984741211,44.119998931884766,6327745
2025-10-24 10:30:00,44.12350082397461,44.237098693847656,43.93000030517578,44.19010162353515,2454050
2025-10-24 11:30:00,44.19070053100586,44.28450012207031,44.11000061035156,44.224998474121094,1725264
2025-10-24 12:30:00,44.22999954223633,44.29499816894531,44.09000015258789,44.16999816894531,3505292
2025-10-24 13:30:00,44.15999984741211,44.189998626708984,43.84000015258789,43.91999816894531,3361574
2025-10-24 14:30:00,43.92499923706055,44.060001373291016,43.910099029541016,44.025001525878906,2962376
2025-10-24 15:30:00,44.02000045776367,44.08000183105469,43.91999816894531,43.91999816894531,2792436
2025-10-24 16:00:00,43.92,44.09,43.9001,44.0499,0
2025-10-24 17:00:00,44.05,44.05,43.97,44.0,0
2025-10-24 18:00:00,43.97,44.01,43.9,43.96,0
2025-10-24 19:00:00,43.96,43.98,43.9,43.98,0
2025-10-27 04:00:00,43.69,43.98,43.43,43.5,0
2025-10-27 05:00:00,43.5,43.55,43.2,43.37,0
2025-10-27 06:00:00,43.37,43.45,43.28,43.28,0
2025-10-27 07:00:00,43.28,43.34,43.0,43.1,0
2025-10-27 08:00:00,43.07,43.93,42.9,43.13,0
2025-10-27 09:00:00,43.14,43.99,43.03,43.1201,0
2025-10-27 09:30:00,42.970001220703125,43.060001373291016,42.02000045776367,42.16999816894531,16484348
2025-10-27 10:30:00,42.165000915527344,42.16999816894531,41.70000076293945,42.125,9987785
2025-10-27 11:30:00,42.128700256347656,42.36000061035156,41.95500183105469,42.220001220703125,5000840
2025-10-27 12:30:00,42.220001220703125,42.474998474121094,42.185001373291016,42.459999084472656,3084357
2025-10-27 13:30:00,42.459999084472656,42.630001068115234,42.41999816894531,42.540000915527344,2450694
2025-10-27 14:30:00,42.54010009765625,42.650001525878906,42.345001220703125,42.345001220703125,2458795
2025-10-27 15:30:00,42.34000015258789,42.46009826660156,42.314998626708984,42.41999816894531,2746477
2025-10-27 16:00:00,42.4,42.65,42.35,42.56,0
2025-10-27 17:00:00,42.54,42.61,42.2,42.2047,0
2025-10-27 18:00:00,42.24,42.65,42.24,42.52,0
2025-10-27 19:00:00,42.52,42.7,42.39,42.64,0
2025-10-28 04:00:00,42.05,42.4,41.46,41.47,0
2025-10-28 05:00:00,41.52,41.68,41.34,41.64,0
2025-10-28 06:00:00,41.62,41.75,41.6,41.71,0
2025-10-28 07:00:00,41.74,42.05,41.74,42.0,0
2025-10-28 08:00:00,42.0,42.53,41.34,42.17,0
2025-10-28 09:00:00,42.15,42.4,41.95,42.29,0
2025-10-28 09:30:00,42.36000061035156,42.709999084472656,42.22999954223633,42.70500183105469,7132285
2025-10-28 10:30:00,42.70500183105469,42.720001220703125,42.4900016784668,42.654998779296875,2668034
2025-10-28 11:30:00,42.654998779296875,42.79999923706055,42.599998474121094,42.72999954223633,2763929
2025-10-28 12:30:00,42.720699310302734,42.88999938964844,42.61000061035156,42.86000061035156,4207021
2025-10-28 13:30:00,42.86000061035156,42.9099006652832,42.63999938964844,42.671600341796875,4476651
2025-10-28 14:30:00,42.66999816894531,42.79010009765625,42.51499938964844,42.73500061035156,3796369
2025-10-28 15:30:00,42.734100341796875,42.76499938964844,42.689998626708984,42.720001220703125,2272584
2025-10-28 16:00:00,42.73,42.77,42.64,42.71,0
2025-10-28 17:00:00,42.68,42.77,42.68,42.7,0
2025-10-28 18:00:00,42.73,42.75,42.51,42.5519,0
2025-10-28 19:00:00,42.55,42.8,42.55,42.7,0
2025-10-29 04:00:00,43.58,43.8,43.23,43.75,0
2025-10-29 05:00:00,43.79,43.91,43.69,43.84,0
2025-10-29 06:00:00,43.85,43.92,43.69,43.84,0
2025-10-29 07:00:00,43.82,43.85,43.68,43.71,0
2025-10-29 08:00:00,43.73,43.95,42.98,43.83,0
2025-10-29 09:00:00,43.84,43.88,43.71,43.7264,0
2025-10-29 09:30:00,43.84000015258789,43.935001373291016,43.53499984741211,43.849998474121094,5446199
2025-10-29 10:30:00,43.84989929199219,43.880001068115234,43.63349914550781,43.779998779296875,2920147
2025-10-29 11:30:00,43.77000045776367,43.84000015258789,43.61000061035156,43.786582946777344,2357530
2025-10-29 12:30:00,43.78499984741211,43.79999923706055,43.439998626708984,43.45000076293945,2249660
2025-10-29 13:30:00,43.45000076293945,43.75,43.38999938964844,43.5,2392901
2025-10-29 14:30:00,43.505001068115234,43.58890151977539,42.83000183105469,43.29999923706055,5994284
2025-10-29 15:30:00,43.29999923706055,43.31999969482422,43.029998779296875,43.25,3809220
2025-10-29 16:00:00,43.245,43.32,41.7813,43.16,0
2025-10-29 17:00:00,43.14,43.22,43.0,43.08,0
2025-10-29 18:00:00,43.09,43.38,43.06,43.34,0
2025-10-29 19:00:00,43.34,43.38,43.23,43.325,0
2025-10-30 04:00:00,43.21,43.37,43.0,43.33,0
2025-10-30 05:00:00,43.34,43.77,43.31,43.66,0
2025-10-30 06:00:00,43.67,43.8,43.43,43.53,0
2025-10-30 07:00:00,43.53,43.63,43.44,43.53,0
2025-10-30 08:00:00,43.53,43.79,43.06,43.6,0
2025-10-30 09:00:00,43.55,43.84,43.43,43.79,0
2025-10-30 09:30:00,43.68000030517578,44.2599983215332,43.540000915527344,44.08440017700195,7251834
2025-10-30 10:30:00,44.084999084472656,44.3849983215332,44.040000915527344,44.310001373291016,2920052
2025-10-30 11:30:00,44.310001373291016,44.38999938964844,44.15999984741211,44.23500061035156,7204830
2025-10-30 12:30:00,44.23899841308594,44.34000015258789,44.17499923706055,44.321800231933594,3707257
2025-10-30 13:30:00,44.31999969482422,44.38999938964844,44.18000030517578,44.29499816894531,3596225
2025-10-30 14:30:00,44.29999923706055,44.43000030517578,44.290000915527344,44.35499954223633,3193402
2025-10-30 15:30:00,44.36000061035156,44.435001373291016,44.31999969482422,44.33000183105469,1996276
2025-10-30 16:00:00,44.34,44.43,41.4286,44.38,0
2025-10-30 17:00:00,42.2215,44.4342,40.8046,44.35,0
2025-10-30 18:00:00,44.35,44.57,44.25,44.47,0
2025-10-30 19:00:00,44.48,44.59,44.28,44.58,0
2025-10-31 04:00:00,44.7,44.76,44.59,44.61,0
2025-10-31 05:00:00,44.62,44.68,44.25,44.3,0
2025-10-31 06:00:00,44.31,44.36,44.21,44.34,0
2025-10-31 07:00:00,44.33,44.46,44.32,44.41,0
2025-10-31 08:00:00,44.41,44.78,44.16,44.5,0
2025-10-31 09:00:00,44.5,44.62,44.42,44.55,0
2025-10-31 09:30:00,44.47999954223633,44.52000045776367,44.189998626708984,44.35409927368164,4037046
2025-10-31 10:30:00,44.345001220703125,44.470001220703125,44.29999923706055,44.45500183105469,3923050
2025-10-31 11:30:00,44.45500183105469,44.5098991394043,43.88999938964844,44.09000015258789,4401881
2025-10-31 12:30:00,44.08000183105469,44.150001525878906,44.000099182128906,44.00559997558594,2233165
2025-10-31 13:30:00,44.01499938964844,44.310001373291016,43.93000030517578,44.255001068115234,1932104
2025-10-31 14:30:00,44.25,44.275001525878906,44.029998779296875,44.13999938964844,2033290
2025-10-31 15:30:00,44.13999938964844,44.150001525878906,43.97999954223633,44.02000045776367,1896366
2025-10-31 16:00:00,44.01,44.34,40.7597,44.15,0
2025-10-31 17:00:00,44.1,44.25,44.0505,44.1,0
2025-10-31 18:00:00,44.1,44.19,44.05,44.11,0
2025-10-31 19:00:00,44.11,44.15,44.11,44.1101,0
2025-11-03 04:00:00,44.4,44.42,44.19,44.21,0
2025-11-03 05:00:00,44.21,44.22,44.0,44.14,0
2025-11-03 06:00:00,44.11,44.22,44.08,44.19,0
2025-11-03 07:00:00,44.2,44.34,44.16,44.21,0
2025-11-03 08:00:00,44.21,44.55,43.42,44.16,0
2025-11-03 09:30:00,44.25400161743164,44.358001708984375,43.834999084472656,43.86809921264648,5424011
2025-11-03 10:30:00,43.86000061035156,44.060001373291016,43.654998779296875,43.769901275634766,3601128
2025-11-03 11:30:00,43.764400482177734,43.99509811401367,43.7400016784668,43.904998779296875,2032832
2025-11-03 12:30:00,43.904998779296875,43.939998626708984,43.76499938964844,43.77009963989258,1142551
2025-11-03 13:30:00,43.77164840698242,43.855098724365234,43.560001373291016,43.67229843139648,2134204
2025-11-03 14:30:00,43.66999816894531,43.7760009765625,43.58000183105469,43.76499938964844,1746745
2025-11-03 15:30:00,43.76499938964844,43.779998779296875,43.72999954223633,43.755001068115234,1522248
2025-11-03 16:00:00,43.76,44.01,43.59,43.59,0
2025-11-03 17:00:00,43.59,43.7,42.2266,43.6602,0
2025-11-03 18:00:00,43.66,43.67,43.3501,43.54,0
2025-11-04 04:00:00,43.51,43.6,43.45,43.52,0
2025-11-04 05:00:00,43.49,43.55,43.2,43.39,0
2025-11-04 06:00:00,43.35,43.46,43.21,43.28,0
2025-11-04 07:00:00,43.29,43.5,43.26,43.42,0
2025-11-04 08:00:00,43.41,43.76,43.07,43.14,0
2025-11-04 09:00:00,43.13,43.76,43.0001,43.21,0
2025-11-04 09:30:00,43.040000915527344,43.08000183105469,42.5099983215332,42.875,6992625
2025-11-04 10:30:00,42.869998931884766,43.33480072021485,42.8650016784668,43.30426406860352,3446542
2025-11-04 11:30:00,43.30500030517578,43.435001373291016,43.16180038452149,43.16180038452149,2150672
2025-11-04 12:30:00,43.165000915527344,43.209999084472656,43.060001373291016,43.119998931884766,3412272
2025-11-04 13:30:00,43.125,43.130001068115234,42.87350082397461,42.88999938964844,3010904
2025-11-04 14:30:00,42.8849983215332,42.904998779296875,42.70000076293945,42.779998779296875,5254947
2025-11-04 15:30:00,42.779998779296875,42.83000183105469,42.69499969482422,42.7599983215332,1951221
2025-11-04 16:00:00,42.77,43.76,39.6759,42.76,0
2025-11-04 17:00:00,42.77,42.79,42.71,42.76,0
2025-11-04 18:00:00,42.79,42.82,42.65,42.7091,0
2025-11-05 04:00:00,43.39,43.44,43.18,43.2,0
2025-11-05 05:00:00,43.22,43.39,43.19,43.3,0
2025-11-05 06:00:00,43.32,43.32,43.13,43.17,0
2025-11-05 07:00:00,43.17,43.29,43.09,43.13,0
2025-11-05 08:00:00,43.15,43.53,43.0521,43.41,0
2025-11-05 09:00:00,43.4101,43.59,43.4,43.565,0
2025-11-05 09:30:00,43.4900016784668,43.665000915527344,43.349998474121094,43.650001525878906,4585270
2025-11-05 10:30:00,43.64500045776367,43.7599983215332,43.54499816894531,43.625,2491046
2025-11-05 11:30:00,43.625,43.724998474121094,43.540000915527344,43.65999984741211,1842497
2025-11-05 12:30:00,43.654998779296875,43.77000045776367,43.60499954223633,43.744998931884766,1497291
2025-11-05 13:30:00,43.75,43.7599983215332,43.630001068115234,43.67499923706055,2391946
2025-11-05 14:30:00,43.67499923706055,43.790000915527344,43.65999984741211,43.71979904174805,1398611
2025-11-05 15:30:00,43.71009826660156,43.7599983215332,43.63999938964844,43.63999938964844,1501022
2025-11-05 16:00:00,43.64,43.66,42.74,43.59,0
2025-11-05 17:00:00,43.59,43.66,43.53,43.65,0
2025-11-05 18:00:00,43.58,43.62,43.4,43.41,0
2025-11-06 04:00:00,44.19,44.26,43.9,44.22,0
2025-11-06 05:00:00,44.23,44.24,43.99,44.02,0
2025-11-06 06:00:00,44.04,44.18,44.0,44.11,0
2025-11-06 07:00:00,44.11,44.22,44.11,44.12,0
2025-11-06 08:00:00,44.12,44.29,43.74,44.0903,0
2025-11-06 09:00:00,44.139,44.14,43.89,43.9396,0
2025-11-06 09:30:00,43.65999984741211,43.900001525878906,43.52000045776367,43.65299987792969,4392671
2025-11-06 10:30:00,43.654998779296875,43.654998779296875,43.380001068115234,43.529300689697266,2078908
2025-11-06 11:30:00,43.52069854736328,43.61000061035156,43.23500061035156,43.310001373291016,1838571
2025-11-06 12:30:00,43.29999923706055,43.70989990234375,43.2599983215332,43.6349983215332,2520708
2025-11-06 13:30:00,43.6349983215332,43.790000915527344,43.63349914550781,43.72999954223633,2007041
2025-11-06 14:30:00,43.7400016784668,43.779998779296875,43.55500030517578,43.560001373291016,1984888
2025-11-06 15:30:00,43.560001373291016,43.630001068115234,43.529998779296875,43.560001373291016,866728
2025-11-06 16:00:00,43.55,43.65,43.5,43.56,0
2025-11-06 17:00:00,43.5,43.59,43.5,43.5828,0
2025-11-06 18:00:00,43.52,43.76,43.5,43.72,0
2025-11-07 04:00:00,44.24,44.5,44.1,44.28,0
2025-11-07 05:00:00,44.26,44.29,44.2,44.2,0
2025-11-07 06:00:00,44.21,44.31,44.02,44.04,0
2025-11-07 07:00:00,44.02,44.28,43.9,44.15,0
2025-11-07 08:00:00,44.13,44.32,43.88,44.0508,0
2025-11-07 09:00:00,44.07,44.1475,43.55,44.05,0
2025-11-07 09:30:00,44.02000045776367,44.040000915527344,43.689998626708984,43.78499984741211,3783516
2025-11-07 10:30:00,43.779998779296875,43.97999954223633,43.61000061035156,43.970001220703125,2094458
2025-11-07 11:30:00,43.970001220703125,44.22999954223633,43.5099983215332,43.5906982421875,4536456
2025-11-07 12:30:00,43.59000015258789,43.8650016784668,43.58000183105469,43.80500030517578,1935648
2025-11-07 13:30:00,43.80149841308594,43.915000915527344,43.79999923706055,43.885398864746094,1268579
2025-11-07 14:30:00,43.8849983215332,43.95840072631836,43.72999954223633,43.79990005493164,1469838
2025-11-07 15:30:00,43.79499816894531,43.95000076293945,43.79499816894531,43.90999984741211,1069843
2025-11-07 16:00:00,43.92,43.93,43.55,43.86,0
2025-11-07 17:00:00,43.86,43.91,43.78,43.8989,0
2025-11-07 18:00:00,43.9,43.92,43.8,43.9,0
2025-11-10 04:00:00,45.27,45.31,44.9,45.1,0
2025-11-10 05:00:00,45.12,45.3,45.11,45.26,0
2025-11-10 06:00:00,45.23,45.33,45.21,45.27,0
2025-11-10 07:00:00,45.28,45.45,45.26,45.44,0
2025-11-10 08:00:00,45.44,45.55,44.64,45.4797,0
2025-11-10 09:00:00,45.47,45.5,43.92,45.18,0
2025-11-10 09:30:00,45.16999816894531,45.435001373291016,45.005001068115234,45.415000915527344,6905415
2025-11-10 10:30:00,45.41999816894531,45.44499969482422,45.189998626708984,45.38999938964844,2823843
2025-11-10 11:30:00,45.380001068115234,45.58000183105469,45.375,45.55780029296875,1900312
2025-11-10 12:30:00,45.560001373291016,45.720001220703125,45.54999923706055,45.70500183105469,2068112
2025-11-10 13:30:00,45.70000076293945,45.8650016784668,45.685001373291016,45.85499954223633,2052142
2025-11-10 14:30:00,45.849998474121094,45.869998931884766,45.73500061035156,45.790000915527344,1786787
2025-11-10 15:30:00,45.790000915527344,45.8650016784668,45.75,45.80500030517578,2506933
2025-11-10 16:00:00,45.79,45.9,43.92,45.81,0
2025-11-10 17:00:00,45.8487,45.86,45.8,45.8301,0
2025-11-10 18:00:00,45.8301,45.9,45.43,45.79,0
2025-11-11 04:00:00,46.02,46.17,45.96,46.16,0
2025-11-11 05:00:00,46.16,46.26,46.11,46.22,0
2025-11-11 06:00:00,46.2,46.34,46.15,46.31,0
2025-11-11 07:00:00,46.32,46.47,46.28,46.44,0
2025-11-11 08:00:00,46.45,46.47,45.85,46.329,0
2025-11-11 09:00:00,46.33,46.46,45.79,46.43,0
2025-11-11 09:30:00,46.279998779296875,46.279998779296875,45.650001525878906,45.68000030517578,5861866
2025-11-11 10:30:00,45.66999816894531,46.05899810791016,45.599998474121094,45.970001220703125,2825440
2025-11-11 11:30:00,45.96500015258789,46.154998779296875,45.890098571777344,46.130001068115234,2018491
2025-11-11 12:30:00,46.125,46.21500015258789,46.075199127197266,46.20830154418945,2899614
2025-11-11 13:30:00,46.20349884033203,46.29999923706055,46.150001525878906,46.29499816894531,1163764
2025-11-11 14:30:00,46.29499816894531,46.415000915527344,46.279998779296875,46.36000061035156,2211257
2025-11-11 15:30:00,46.355499267578125,46.47999954223633,46.33000183105469,46.470001220703125,2196000
2025-11-11 16:00:00,46.45,46.49,45.79,46.48,0
2025-11-11 17:00:00,46.48,46.49,46.47,46.48,0
2025-11-11 18:00:00,46.49,46.59,46.48,46.525,0
2025-11-12 04:00:00,46.99,47.03,46.8,46.95,0
2025-11-12 05:00:00,46.96,47.06,46.87,46.88,0
2025-11-12 06:00:00,46.86,47.01,46.8,46.81,0
2025-11-12 07:00:00,46.8,46.97,46.7,46.95,0
2025-11-12 08:00:00,46.96,47.06,45.79,46.9192,0
2025-11-12 09:00:00,46.92,47.0602,46.45,47.02,0
2025-11-12 09:30:00,47.099998474121094,47.79999923706055,46.88999938964844,47.72999954223633,13017173
2025-11-12 10:30:00,47.724998474121094,48.209999084472656,47.72460174560547,48.16999816894531,7502357
2025-11-12 11:30:00,48.154998779296875,48.54999923706055,48.14500045776367,48.34000015258789,6460022
2025-11-12 12:30:00,48.34000015258789,48.6349983215332,48.310001373291016,48.59099960327149,5397522
2025-11-12 13:30:00,48.599998474121094,48.69990158081055,48.415000915527344,48.494998931884766,5989083
2025-11-12 14:30:00,48.494998931884766,48.599998474121094,48.40999984741211,48.55500030517578,4225960
2025-11-12 15:30:00,48.55500030517578,48.599998474121094,48.279998779296875,48.345001220703125,6731501
2025-11-12 16:00:00,48.32,48.49,46.45,48.32,0
2025-11-12 17:00:00,48.375,48.45,48.31,48.41,0
2025-11-12 18:00:00,48.38,48.42,48.25,48.295,0
2025-11-13 04:00:00,49.23,49.26,48.8,49.05,0
2025-11-13 05:00:00,49.03,49.19,49.0,49.0,0
2025-11-13 06:00:00,49.01,49.02,48.46,48.58,0
2025-11-13 07:00:00,48.6,48.93,48.54,48.9,0
2025-11-13 08:00:00,48.91,49.27,48.4795,48.64,0
2025-11-13 09:00:00,48.6401,48.69,48.1,48.37,0
2025-11-13 09:30:00,48.290000915527344,48.41510009765625,47.709999084472656,47.94649887084961,12716368
2025-11-13 10:30:00,47.95000076293945,48.11090087890625,47.66999816894531,48.07500076293945,3628513
2025-11-13 11:30:00,48.07500076293945,48.20000076293945,47.939998626708984,48.099998474121094,3059631
2025-11-13 12:30:00,48.099998474121094,48.29999923706055,48.040000915527344,48.060001373291016,3998321
2025-11-13 13:30:00,48.06999969482422,48.06999969482422,47.209999084472656,47.58000183105469,9561185
2025-11-13 14:30:00,47.58449935913086,47.73500061035156,47.41999816894531,47.64830017089844,2545561
2025-11-13 15:30:00,47.64899826049805,47.66999816894531,47.345001220703125,47.43009948730469,2680847
2025-11-13 16:00:00,47.42,48.32,47.4,47.43,0
2025-11-13 17:00:00,47.43,47.5,47.4,47.4204,0
2025-11-13 18:00:00,47.43,47.6795,47.28,47.63,0
2025-11-14 04:00:00,47.9,47.95,47.73,47.84,0
2025-11-14 05:00:00,47.855,47.89,47.67,47.71,0
2025-11-14 06:00:00,47.71,47.81,47.34,47.41,0
2025-11-14 07:00:00,47.45,47.54,46.68,46.75,0
2025-11-14 08:00:00,46.75,48.16,45.96,45.98,0
2025-11-14 09:00:00,46.03,46.14,45.59,45.679,0
2025-11-14 09:30:00,45.77000045776367,46.41510009765625,45.400001525878906,46.33000183105469,12801061
2025-11-14 10:30:00,46.334999084472656,46.70500183105469,46.2400016784668,46.630001068115234,4982935
2025-11-14 11:30:00,46.63999938964844,46.70500183105469,46.41450119018555,46.4744987487793,3614635
2025-11-14 12:30:00,46.474998474121094,46.56999969482422,46.040000915527344,46.166500091552734,3595352
2025-11-14 13:30:00,46.16579818725586,46.369998931884766,46.09000015258789,46.16559982299805,1755117
2025-11-14 14:30:00,46.16999816894531,46.16999816894531,45.80500030517578,45.935001373291016,2525814
2025-11-14 15:30:00,45.939998626708984,46.064998626708984,45.900001525878906,45.95500183105469,2010987
2025-11-14 16:00:00,45.95,47.42,45.81,45.8302,0
2025-11-14 17:00:00,45.8303,45.95,42.3492,45.94,0
2025-11-14 18:00:00,45.94,45.96,45.92,45.9491,0
2025-11-17 04:00:00,46.11,46.3,45.95,46.29,0
2025-11-17 05:00:00,46.285,46.38,46.28,46.34,0
2025-11-17 06:00:00,46.31,46.38,46.05,46.08,0
2025-11-17 07:00:00,46.06,46.37,46.06,46.19,0
2025-11-17 08:00:00,46.17,46.51,45.68,46.1499,0
2025-11-17 09:00:00,46.15,46.19,45.82,45.951,0
2025-11-17 09:30:00,45.86000061035156,46.150001525878906,45.790000915527344,46.08000183105469,5669646
2025-11-17 10:30:00,46.084999084472656,46.209999084472656,45.79999923706055,46.10390090942383,2396547
2025-11-17 11:30:00,46.11000061035156,46.25,46.025001525878906,46.230899810791016,1805862
2025-11-17 12:30:00,46.2400016784668,46.2599983215332,46.06999969482422,46.1150016784668,1445797
2025-11-17 13:30:00,46.11000061035156,46.16999816894531,45.7400016784668,45.80500030517578,2006743
2025-11-17 14:30:00,45.810001373291016,45.880001068115234,44.94499969482422,45.345001220703125,7717245
2025-11-17 15:30:00,45.349998474121094,45.4900016784668,45.27000045776367,45.47999954223633,1897921
2025-11-17 16:00:00,45.47,45.96,42.2266,45.54,0
2025-11-17 17:00:00,45.5,45.56,45.49,45.5,0
2025-11-17 18:00:00,45.51,45.59,44.91,45.2312,0
2025-11-18 04:00:00,44.82,45.69,44.82,45.61,0
2025-11-18 05:00:00,45.6,45.8,45.54,45.71,0
2025-11-18 06:00:00,45.71,45.87,45.71,45.77,0
2025-11-18 07:00:00,45.81,45.82,45.36,45.4,0
2025-11-18 08:00:00,45.4,45.86,44.78,45.52,0
2025-11-18 09:00:00,45.5384,45.79,45.47,45.77,0
2025-11-18 09:30:00,45.869998931884766,46.119998931884766,45.64500045776367,45.93000030517578,6394025
2025-11-18 10:30:00,45.935001373291016,46.064998626708984,45.59000015258789,45.9900016784668,4003920
2025-11-18 11:30:00,45.9900016784668,46.02560043334961,45.869998931884766,45.8849983215332,1706123
2025-11-18 12:30:00,45.880001068115234,46.1150016784668,45.869998931884766,45.9900016784668,1206358
2025-11-18 13:30:00,45.9900016784668,46.400001525878906,45.970001220703125,46.30500030517578,2574081
2025-11-18 14:30:00,46.30500030517578,46.439998626708984,46.10480117797851,46.165000915527344,2699017
2025-11-18 15:30:00,46.1693000793457,46.189998626708984,46.07500076293945,46.080101013183594,1940686
2025-11-18 16:00:00,46.1,46.13,45.47,46.0,0
2025-11-18 17:00:00,45.96,46.03,45.94,45.9999,0
2025-11-18 18:00:00,46.0,46.16,45.9,46.15,0
2025-11-19 04:00:00,46.51,46.78,46.51,46.75,0
2025-11-19 05:00:00,46.74,47.59,46.7,47.38,0
2025-11-19 06:00:00,47.37,47.45,47.3,47.42,0
2025-11-19 07:00:00,47.4,47.4,47.23,47.37,0
2025-11-19 08:00:00,47.38,47.59,46.15,47.21,0
2025-11-19 09:00:00,47.21,47.3,46.1,47.03,0
2025-11-19 09:30:00,46.79999923706055,47.5,46.720001220703125,47.18000030517578,8170887
2025-11-19 10:30:00,47.18000030517578,47.2599983215332,46.28499984741211,46.34230041503906,5698552
2025-11-19 11:30:00,46.34000015258789,46.404998779296875,45.689998626708984,46.060001373291016,5999446
2025-11-19 12:30:00,46.04999923706055,46.429901123046875,45.849998474121094,46.34000015258789,4176090
2025-11-19 13:30:00,46.33000183105469,46.58000183105469,46.230098724365234,46.28499984741211,2781327
2025-11-19 14:30:00,46.28499984741211,46.599998474121094,46.209999084472656,46.540000915527344,1488243
2025-11-19 15:30:00,46.53499984741211,46.55500030517578,46.349998474121094,46.45000076293945,1769810
2025-11-19 16:00:00,46.41,46.64,46.1,46.58,0
2025-11-19 17:00:00,46.58,46.6,46.5,46.5999,0
2025-11-19 18:00:00,46.6,46.96,46.59,46.89,0
2025-11-20 04:00:00,46.05,46.24,45.96,46.09,0
2025-11-20 05:00:00,46.08,46.28,46.0,46.185,0
2025-11-20 06:00:00,46.2,46.21,45.87,46.0,0
2025-11-20 07:00:00,46.0,46.33,45.98,46.25,0
2025-11-20 08:00:00,46.26,46.62,45.7,46.25,0
2025-11-20 09:00:00,46.24,46.49,45.51,46.3,0
2025-11-20 09:30:00,46.2599983215332,46.6349983215332,46.119998931884766,46.4900016784668,5799592
2025-11-20 10:30:00,46.48820114135742,46.4900016784668,46.02000045776367,46.040000915527344,4046605
2025-11-20 11:30:00,46.029998779296875,46.07500076293945,45.53499984741211,45.755001068115234,6023331
2025-11-20 12:30:00,45.75,46.025001525878906,45.54999923706055,45.83000183105469,4679396
2025-11-20 13:30:00,45.83000183105469,46.15999984741211,45.56999969482422,46.0900993347168,2868073
2025-11-20 14:30:00,46.09000015258789,46.165000915527344,45.810001373291016,45.89500045776367,2619705
2025-11-20 15:30:00,45.900001525878906,45.915000915527344,45.73500061035156,45.790000915527344,2081829
2025-11-20 16:00:00,45.78,46.45,45.76,45.88,0
2025-11-20 17:00:00,45.9,45.96,45.68,45.85,0
2025-11-20 18:00:00,45.88,46.14,45.8112,45.99,0
2025-11-21 04:00:00,44.67,45.0,44.67,44.77,0
2025-11-21 05:00:00,44.78,44.78,44.12,44.13,0
2025-11-21 06:00:00,44.12,44.58,44.12,44.47,0
2025-11-21 07:00:00,44.48,44.63,44.32,44.58,0
2025-11-21 08:00:00,44.55,45.28,44.12,45.05,0
2025-11-21 09:00:00,45.05,45.28,44.99,45.16,0
2025-11-21 09:30:00,44.900001525878906,45.244998931884766,44.7599983215332,45.099998474121094,8398411
2025-11-21 10:30:00,45.09000015258789,45.220001220703125,44.79499816894531,45.20000076293945,2938219
2025-11-21 11:30:00,45.19599914550781,45.95000076293945,45.185001373291016,45.61000061035156,4482642
2025-11-21 12:30:00,45.619998931884766,45.709999084472656,45.47999954223633,45.54999923706055,3206679
2025-11-21 13:30:00,45.54999923706055,45.77000045776367,45.52510070800781,45.73500061035156,1755876
2025-11-21 14:30:00,45.7400016784668,45.77000045776367,45.349998474121094,45.36800003051758,1611096
2025-11-21 15:30:00,45.3650016784668,45.3650016784668,45.1150016784668,45.30500030517578,2709374
2025-11-21 16:00:00,45.3,45.78,45.18,45.39,0
2025-11-21 17:00:00,45.31,45.42,45.2,45.3482,0
2025-11-21 18:00:00,45.3497,45.35,45.19,45.2606,0
2025-11-24 04:00:00,45.36,45.7,45.31,45.51,0
2025-11-24 05:00:00,45.51,45.64,45.5,45.535,0
2025-11-24 06:00:00,45.5,45.55,45.42,45.5,0
2025-11-24 07:00:00,45.49,45.5,45.34,45.45,0
2025-11-24 08:00:00,45.46,45.67,45.17,45.57,0
2025-11-24 09:00:00,45.57,45.7,45.44,45.54,0
2025-11-24 09:30:00,45.40999984741211,45.79499816894531,45.35499954223633,45.70500183105469,4393208
2025-11-24 10:30:00,45.70000076293945,45.790000915527344,45.63999938964844,45.73500061035156,2426260
2025-11-24 11:30:00,45.73500061035156,45.869998931884766,45.724998474121094,45.86830139160156,2610216
2025-11-24 12:30:00,45.869998931884766,45.98979949951172,45.84000015258789,45.93000030517578,1588078
2025-11-24 13:30:00,45.92499923706055,46.279998779296875,45.92499923706055,46.257198333740234,3312590
2025-11-24 14:30:00,46.2599983215332,46.53900146484375,46.21500015258789,46.525001525878906,3137218
2025-11-24 15:30:00,46.5281982421875,46.6349983215332,46.52009963989258,46.61750030517578,3387725
2025-11-24 16:00:00,46.61,46.65,45.3,46.6081,0
2025-11-24 17:00:00,46.6165,46.6295,46.57,46.61,0
2025-11-24 18:00:00,46.6,46.61,46.4,46.53,0
2025-11-25 04:00:00,46.26,46.67,46.19,46.36,0
2025-11-25 05:00:00,46.37,46.46,46.24,46.38,0
2025-11-25 06:00:00,46.39,46.53,46.325,46.46,0
2025-11-25 07:00:00,46.47,46.59,46.4,46.57,0
2025-11-25 08:00:00,46.57,46.91,46.09,46.66,0
2025-11-25 09:00:00,46.68,46.9105,46.61,46.7,0
2025-11-25 09:30:00,46.54999923706055,46.689998626708984,45.970001220703125,46.209999084472656,9658572
2025-11-25 10:30:00,46.21500015258789,46.345001220703125,45.974998474121094,46.22999954223633,5434421
2025-11-25 11:30:00,46.2401008605957,46.678001403808594,46.22990036010742,46.61899948120117,3088242
2025-11-25 12:30:00,46.61100006103515,46.77000045776367,46.459999084472656,46.53499984741211,1747321
2025-11-25 13:30:00,46.53499984741211,46.58000183105469,46.314998626708984,46.349998474121094,1172417
2025-11-25 14:30:00,46.35499954223633,46.619998931884766,46.29999923706055,46.57500076293945,1140049
2025-11-25 15:30:00,46.57500076293945,46.68000030517578,46.54999923706055,46.66999816894531,1462197
2025-11-25 16:00:00,46.67,46.694,46.56,46.6919,0
2025-11-25 17:00:00,46.65,46.7,46.64,46.6513,0
2025-11-25 18:00:00,46.68,46.72,46.54,46.565,0
2025-11-26 04:00:00,47.36,47.45,47.0,47.45,0
2025-11-26 05:00:00,47.44,47.56,47.31,47.48,0
2025-11-26 06:00:00,47.47,47.67,47.39,47.63,0
2025-11-26 07:00:00,47.64,47.73,47.39,47.39,0
2025-11-26 08:00:00,47.4,47.73,46.99,47.6599,0
2025-11-26 09:00:00,47.63,47.67,46.67,47.3524,0
2025-11-26 09:30:00,47.310001373291016,47.595001220703125,47.14500045776367,47.505001068115234,6578745
2025-11-26 10:30:00,47.5,48.019901275634766,47.470001220703125,47.90999984741211,3476637
2025-11-26 11:30:00,47.90999984741211,48.13970184326172,47.90999984741211,48.039798736572266,2858578
2025-11-26 12:30:00,48.040000915527344,48.290000915527344,47.959999084472656,48.209999084472656,3050231
2025-11-26 13:30:00,48.209999084472656,48.369998931884766,48.0099983215332,48.349998474121094,3100137
2025-11-26 14:30:00,48.349998474121094,48.41999816894531,48.255001068115234,48.400001525878906,2957563
2025-11-26 15:30:00,48.400001525878906,48.45000076293945,48.290000915527344,48.38999938964844,3576059
2025-11-26 16:00:00,48.4,48.41,46.67,48.3426,0
2025-11-26 17:00:00,48.36,48.4,48.3,48.4,0
2025-11-26 18:00:00,48.3973,48.46,48.29,48.45,0
2025-11-28 04:00:00,48.86,49.0,48.45,48.76,0
2025-11-28 05:00:00,48.75,49.0,48.62,48.91,0
2025-11-28 06:00:00,48.89,48.99,48.75,48.83,0
2025-11-28 07:00:00,48.85,48.9,48.79,48.85,0
2025-11-28 08:00:00,48.86,49.2,48.57,48.89,0
2025-11-28 09:00:00,48.9,49.65,48.4,49.58,0
2025-11-28 09:30:00,49.66999816894531,50.20000076293945,49.58000183105469,50.04710006713867,18840249
2025-11-28 10:30:00,50.040000915527344,50.494998931884766,50.02000045776367,50.43000030517578,6860517
2025-11-28 11:30:00,50.43000030517578,51.16999816894531,50.310001373291016,50.849998474121094,8712185
2025-11-28 13:00:00,50.84000015258789,51.29999923706055,48.400001525878906,51.14970016479492,0
2025-11-28 14:00:00,51.15,51.26,51.12,51.2,0
2025-11-28 15:00:00,51.13,51.22,51.04,51.18,0
2025-11-28 16:00:00,51.17,51.19,51.17,51.18,0
2025-12-01 04:00:00,51.85,52.29,51.52,51.98,0
2025-12-01 05:00:00,51.95,52.42,51.85,52.2,0
2025-12-01 06:00:00,52.26,52.34,51.99,52.16,0
2025-12-01 07:00:00,52.16,52.23,51.78,52.01,0
2025-12-01 08:00:00,52.0,52.43,51.25,52.22,0
2025-12-01 09:00:00,52.22,52.34,51.21,52.24,0
2025-12-01 09:30:00,51.9900016784668,52.505001068115234,51.61000061035156,52.130001068115234,23286490
2025-12-01 10:30:00,52.130001068115234,53.08000183105469,51.94499969482422,53.02000045776367,9302164
2025-12-01 11:30:00,53.02000045776367,53.36000061035156,52.689998626708984,53.0,8165329
2025-12-01 12:30:00,53.0099983215332,53.209999084472656,52.79499816894531,53.13999938964844,4957101
2025-12-01 13:30:00,53.13999938964844,53.220001220703125,52.834999084472656,52.95500183105469,5261687
2025-12-01 14:30:00,52.95000076293945,52.9900016784668,52.45000076293945,52.8650016784668,5395975
2025-12-01 15:30:00,52.875,52.900001525878906,52.43000030517578,52.529998779296875,4656468
2025-12-01 16:00:00,52.55,52.71,51.21,52.56,0
2025-12-01 17:00:00,52.6,52.69,52.55,52.6759,0
2025-12-01 18:00:00,52.67,52.67,52.1,52.25,0
2025-12-02 04:00:00,51.78,51.82,51.44,51.63,0
2025-12-02 05:00:00,51.64,51.69,51.42,51.68,0
2025-12-02 06:00:00,51.65,51.96,51.64,51.96,0
2025-12-02 07:00:00,51.96,52.14,51.88,52.049,0
2025-12-02 08:00:00,52.02,52.52,51.42,52.11,0
2025-12-02 09:00:00,52.12,52.75,52.06,52.71,0
2025-12-02 09:30:00,52.83000183105469,52.86000061035156,51.86000061035156,51.88999938964844,13857249
2025-12-02 10:30:00,51.88999938964844,52.22999954223633,51.76499938964844,52.150001525878906,6915250
2025-12-02 11:30:00,52.13999938964844,52.60499954223633,52.11000061035156,52.564998626708984,4077620
2025-12-02 12:30:00,52.56999969482422,52.8390007019043,52.51499938964844,52.589900970458984,4925583
2025-12-02 13:30:00,52.58000183105469,52.834999084472656,52.314998626708984,52.65999984741211,2862811
2025-12-02 14:30:00,52.66999816894531,52.97999954223633,52.65840148925781,52.95000076293945,3091223
2025-12-02 15:30:00,52.94580078125,53.20000076293945,52.94580078125,53.11709976196289,6250977
2025-12-02 16:00:00,53.13,53.14,52.52,53.0,0
2025-12-02 17:00:00,53.0485,53.16,52.98,53.148,0
2025-12-02 18:00:00,53.14,53.29,52.76,53.2088,0
2025-12-03 04:00:00,52.7,52.86,52.5,52.67,0
2025-12-03 05:00:00,52.66,52.8,52.59,52.75,0
2025-12-03 06:00:00,52.76,52.77,52.59,52.77,0
2025-12-03 07:00:00,52.78,53.07,52.76,52.95,0
2025-12-03 08:00:00,52.96,53.41,52.23,53.24,0
2025-12-03 09:00:00,53.25,53.49,52.62,52.85,0
2025-12-03 09:30:00,52.9900016784668,53.38899993896485,52.709999084472656,53.11000061035156,10452507
2025-12-03 10:30:00,53.10499954223633,53.29499816894531,52.935001373291016,53.19499969482422,4583565
2025-12-03 11:30:00,53.189998626708984,53.32500076293945,52.41999816894531,52.89500045776367,5989325
2025-12-03 12:30:00,52.90999984741211,53.060001373291016,52.68000030517578,52.76520156860352,3252232
2025-12-03 13:30:00,52.76499938964844,53.08000183105469,52.7599983215332,53.04499816894531,2313269
2025-12-03 14:30:00,53.04499816894531,53.130001068115234,53.0099983215332,53.084999084472656,3432072
2025-12-03 15:30:00,53.084999084472656,53.1150016784668,52.9900016784668,53.064998626708984,2978057
2025-12-03 16:00:00,53.07,53.09,45.435,53.06,0
2025-12-03 17:00:00,53.06,53.37,52.96,53.3199,0
2025-12-03 18:00:00,53.31,53.31,52.95,53.1363,0
2025-12-04 04:00:00,51.58,52.6,51.34,51.92,0
2025-12-04 05:00:00,51.88,52.14,51.86,52.08,0
2025-12-04 06:00:00,52.11,52.21,52.01,52.18,0
2025-12-04 07:00:00,52.18,52.25,52.11,52.12,0
2025-12-04 08:00:00,52.13,52.84,51.37,52.09,0
2025-12-04 09:00:00,52.08,52.42,51.87,52.25,0
2025-12-04 09:30:00,52.279998779296875,52.36000061035156,51.1349983215332,51.630001068115234,21495515
2025-12-04 10:30:00,51.630001068115234,51.810001373291016,51.4818000793457,51.7400016784668,6451758
2025-12-04 11:30:00,51.72999954223633,51.849998474121094,51.58000183105469,51.77000045776367,3387561
2025-12-04 12:30:00,51.7599983215332,51.877201080322266,51.54999923706055,51.73509979248047,3616420
2025-12-04 13:30:00,51.72999954223633,51.7599983215332,51.36000061035156,51.4900016784668,5050699
2025-12-04 14:30:00,51.47999954223633,51.71500015258789,51.470001220703125,51.619998931884766,4522080
2025-12-04 15:30:00,51.619998931884766,51.810001373291016,51.584999084472656,51.7599983215332,3519211
2025-12-04 16:00:00,51.76,53.07,51.72,51.78,0
2025-12-04 17:00:00,51.81,51.85,51.7601,51.79,0
2025-12-04 18:00:00,51.79,51.85,51.65,51.71,0
2025-12-05 04:00:00,52.7,52.9,52.46,52.67,0
2025-12-05 05:00:00,52.64,52.82,52.6,52.79,0
2025-12-05 06:00:00,52.77,52.84,52.61,52.62,0
2025-12-05 07:00:00,52.66,52.8,52.66,52.68,0
2025-12-05 08:00:00,52.7,53.07,52.28,52.8294,0
2025-12-05 09:00:00,52.83,53.0,51.76,52.97,0
2025-12-05 09:30:00,52.709999084472656,53.435001373291016,52.65999984741211,53.42660140991211,10561676
2025-12-05 10:30:00,53.43000030517578,53.81999969482422,52.529998779296875,52.9900016784668,13385903
2025-12-05 11:30:00,52.97999954223633,53.13999938964844,52.66999816894531,53.119998931884766,5221373
2025-12-05 12:30:00,53.119998931884766,53.240699768066406,52.810001373291016,53.095001220703125,3676851
2025-12-05 13:30:00,53.09400177001953,53.220001220703125,52.79999923706055,53.06999969482422,3231529
2025-12-05 14:30:00,53.07500076293945,53.130001068115234,52.779998779296875,52.83000183105469,4268053
2025-12-05 15:30:00,52.81999969482422,52.970001220703125,52.810001373291016,52.95000076293945,2869328
2025-12-05 16:00:00,52.95,53.0,51.76,52.88,0
2025-12-05 17:00:00,52.8894,52.95,52.81,52.88,0
2025-12-05 18:00:00,52.875,53.0,52.845,52.965,0
2025-12-08 04:00:00,52.99,53.07,52.9,53.02,0
2025-12-08 05:00:00,53.02,53.07,52.91,53.04,0
2025-12-08 06:00:00,53.03,53.07,52.93,53.03,0
2025-12-08 07:00:00,53.02,53.04,52.92,53.0,0
2025-12-08 08:00:00,53.0,53.09,52.5,52.76,0
2025-12-08 09:00:00,52.7498,52.96,52.64,52.88,0
2025-12-08 09:30:00,52.88999938964844,52.96500015258789,52.2599983215332,52.599998474121094,7991456
2025-12-08 10:30:00,52.59000015258789,52.779998779296875,52.31999969482422,52.60689926147461,2755376
2025-12-08 11:30:00,52.61000061035156,52.689998626708984,52.45000076293945,52.63899993896485,2749063
2025-12-08 12:30:00,52.63999938964844,52.715763092041016,52.54069900512695,52.61000061035156,1896922
2025-12-08 13:30:00,52.61000061035156,52.650001525878906,52.5,52.584999084472656,1244867
2025-12-08 14:30:00,52.58980178833008,52.70500183105469,52.540000915527344,52.66059875488281,1108872
2025-12-08 15:30:00,52.66559982299805,52.73500061035156,52.650001525878906,52.720001220703125,1568149
2025-12-08 16:00:00,52.71,52.95,52.68,52.735,0
2025-12-08 17:00:00,52.71,52.81,52.71,52.7738,0
2025-12-08 18:00:00,52.77,52.78,52.67,52.72,0
2025-12-09 04:00:00,52.9,53.43,52.89,53.3,0
2025-12-09 05:00:00,53.32,53.35,52.96,53.13,0
2025-12-09 06:00:00,53.16,53.16,53.02,53.13,0
2025-12-09 07:00:00,53.13,53.18,53.06,53.15,0
2025-12-09 08:00:00,53.15,53.43,52.2495,53.2122,0
2025-12-09 09:00:00,53.2201,53.41,52.71,53.23,0
2025-12-09 09:30:00,53.38999938964844,54.20000076293945,53.36000061035156,54.11109924316406,14400309
2025-12-09 10:30:00,54.119998931884766,54.939701080322266,54.04869842529297,54.775001525878906,17948657
2025-12-09 11:30:00,54.779998779296875,54.970001220703125,54.5099983215332,54.59439849853515,6274984
2025-12-09 12:30:00,54.599998474121094,54.81999969482422,54.47999954223633,54.81999969482422,3453155
2025-12-09 13:30:00,54.81999969482422,55.06999969482422,54.70000076293945,55.040000915527344,5204025
2025-12-09 14:30:00,55.029998779296875,55.099998474121094,54.92499923706055,55.01499938964844,4650784
2025-12-09 15:30:00,55.0099983215332,55.185001373291016,54.93000030517578,55.152801513671875,5975058
2025-12-09 16:00:00,55.16,55.18,52.71,55.05,0
2025-12-09 17:00:00,55.05,55.14,55.028,55.1184,0
2025-12-09 18:00:00,55.1,55.25,54.9,55.21,0
2025-12-10 04:00:00,55.36,55.7,54.98,55.4,0
2025-12-10 05:00:00,55.4,55.43,55.14,55.3,0
2025-12-10 06:00:00,55.3,55.44,55.2,55.32,0
2025-12-10 07:00:00,55.31,55.4,55.18,55.34,0
2025-12-10 08:00:00,55.33,55.85,54.99,55.45,0
2025-12-10 09:00:00,55.45,55.48,55.07,55.29,0
2025-12-10 09:30:00,55.130001068115234,55.13999938964844,54.47999954223633,54.8650016784668,15758526
2025-12-10 10:30:00,54.869998931884766,55.130001068115234,54.779998779296875,55.109901428222656,4103339
2025-12-10 11:30:00,55.10110092163086,55.2400016784668,54.92499923706055,54.939998626708984,4211365
2025-12-10 12:30:00,54.93000030517578,55.06999969482422,54.834999084472656,54.964500427246094,2122247
2025-12-10 13:30:00,54.959999084472656,55.34000015258789,54.525001525878906,54.64500045776367,7875707
2025-12-10 14:30:00,54.63999938964844,56.11000061035156,54.54999923706055,55.93000030517578,12620861
2025-12-10 15:30:00,55.93000030517578,56.21500015258789,55.90069961547851,56.060001373291016,6517157
2025-12-10 16:00:00,56.07,56.11,52.705,56.0975,0
2025-12-10 17:00:00,56.06,56.23,56.06,56.19,0
2025-12-10 18:00:00,56.1777,56.18,55.9,56.14,0
2025-12-11 04:00:00,56.32,56.72,56.18,56.25,0
2025-12-11 05:00:00,56.25,56.53,56.21,56.46,0
2025-12-11 06:00:00,56.48,56.62,56.36,56.52,0
2025-12-11 07:00:00,56.53,56.53,56.19,56.44,0
2025-12-11 08:00:00,56.42,56.62,55.72,56.4383,0
2025-12-11 09:00:00,56.44,56.9,56.27,56.85,0
2025-12-11 09:30:00,56.77000045776367,56.9900016784668,56.46500015258789,56.93000030517578,19442032
2025-12-11 10:30:00,56.92499923706055,57.66999816894531,56.92499923706055,57.5099983215332,8706483
2025-12-11 11:30:00,57.5099983215332,58.15999984741211,57.38999938964844,57.98509979248047,9911849
2025-12-11 12:30:00,57.98500061035156,58.290000915527344,57.86000061035156,58.220001220703125,5397975
2025-12-11 13:30:00,58.224998474121094,58.29499816894531,57.290000915527344,57.834999084472656,10720559
2025-12-11 14:30:00,57.84000015258789,57.93000030517578,57.290000915527344,57.40999984741211,7486115
2025-12-11 15:30:00,57.404998779296875,57.63999938964844,57.39500045776367,57.619998931884766,4539056
2025-12-11 16:00:00,57.62,57.7,56.07,57.649,0
2025-12-11 17:00:00,57.6439,57.81,57.6,57.7885,0
2025-12-11 18:00:00,57.77,57.77,56.86,57.19,0
2025-12-12 04:00:00,58.04,58.35,57.98,58.13,0
2025-12-12 05:00:00,58.13,58.17,57.76,57.97,0
2025-12-12 06:00:00,57.97,58.55,57.97,58.4,0
2025-12-12 07:00:00,58.4,58.54,58.29,58.34,0
2025-12-12 08:00:00,58.34,58.5405,57.53,58.2137,0
2025-12-12 09:00:00,58.264,58.49,58.1,58.48,0
2025-12-12 09:30:00,58.529998779296875,58.560001373291016,56.93000030517578,57.05500030517578,22190424
2025-12-12 10:30:00,57.04999923706055,57.26499938964844,55.84650039672851,56.25,19992441
2025-12-12 11:30:00,56.2400016784668,56.2400016784668,55.130001068115234,55.689998626708984,13961592
2025-12-12 12:30:00,55.689998626708984,56.25,55.66999816894531,56.099998474121094,5957554
2025-12-12 13:30:00,56.109901428222656,56.20550155639648,55.61370086669922,55.992401123046875,4608799
2025-12-12 14:30:00,56.0,56.244998931884766,55.7400016784668,55.84000015258789,4237176
2025-12-12 15:30:00,55.84000015258789,56.13999938964844,55.630001068115234,56.08000183105469,6484047
2025-12-12 16:00:00,56.08,57.62,56.075,56.1791,0
2025-12-12 17:00:00,56.18,56.29,56.11,56.2799,0
2025-12-12 18:00:00,56.27,56.33,56.18,56.18,0
2025-12-15 04:00:00,57.85,57.99,57.55,57.95,0
2025-12-15 05:00:00,57.92,57.98,57.7,57.83,0
2025-12-15 06:00:00,57.83,57.83,57.61,57.76,0
2025-12-15 07:00:00,57.79,57.93,57.74,57.91,0
2025-12-15 08:00:00,57.93,58.05,56.1,57.9678,0
2025-12-15 09:00:00,57.97,58.0991,56.1,57.96,0
2025-12-15 09:30:00,57.84000015258789,57.88999938964844,57.21500015258789,57.5,16172370
2025-12-15 10:30:00,57.485599517822266,58.060001373291016,57.28499984741211,57.38999938964844,6539772
2025-12-15 11:30:00,57.39649963378906,57.63999938964844,57.02000045776367,57.59000015258789,4398615
2025-12-15 12:30:00,57.59000015258789,57.68000030517578,57.44499969482422,57.59000015258789,3036303
2025-12-15 13:30:00,57.59000015258789,58.03519821166992,57.480899810791016,57.869998931884766,3256403
2025-12-15 14:30:00,57.86000061035156,58.20000076293945,57.650001525878906,57.830101013183594,4798401
2025-12-15 15:30:00,57.835201263427734,58.150001525878906,57.65999984741211,58.10499954223633,3986512
2025-12-15 16:00:00,58.11,58.1261,56.1,58.11,0
2025-12-15 17:00:00,58.08,58.2,58.08,58.1697,0
2025-12-15 18:00:00,58.16,58.17,57.9007,57.95,0
2025-12-16 04:00:00,57.36,57.36,57.18,57.21,0
2025-12-16 05:00:00,57.24,57.285,57.02,57.17,0
2025-12-16 06:00:00,57.16,57.24,56.93,56.97,0
2025-12-16 07:00:00,56.99,57.3,56.99,57.26,0
2025-12-16 08:00:00,57.27,58.11,56.42,57.3552,0
2025-12-16 09:00:00,57.3549,58.11,57.2197,57.6561,0
2025-12-16 09:30:00,57.61000061035156,57.900001525878906,57.349998474121094,57.54999923706055,11169723
2025-12-16 10:30:00,57.560001373291016,57.72999954223633,57.42499923706055,57.56449890136719,3475075
2025-12-16 11:30:00,57.564998626708984,57.779998779296875,57.100101470947266,57.570098876953125,4756172
2025-12-16 12:30:00,57.56999969482422,57.69499969482422,57.31999969482422,57.51499938964844,2554592
2025-12-16 13:30:00,57.5099983215332,57.93000030517578,57.500099182128906,57.77000045776367,3815478
2025-12-16 14:30:00,57.775001525878906,57.9900016784668,57.755001068115234,57.89440155029297,2430264
2025-12-16 15:30:00,57.89500045776367,57.904998779296875,57.619998931884766,57.720001220703125,3383492
2025-12-16 16:00:00,57.72,58.11,57.63,57.805,0
2025-12-16 17:00:00,57.8,57.8,57.73,57.77,0
2025-12-16 18:00:00,57.77,57.87,57.7531,57.87,0
2025-12-17 04:00:00,59.52,59.87,59.15,59.685,0
2025-12-17 05:00:00,59.67,59.85,59.58,59.83,0
2025-12-17 06:00:00,59.83,59.84,59.62,59.76,0
2025-12-17 07:00:00,59.77,59.88,59.73,59.84,0
2025-12-17 08:00:00,59.845,60.32,59.37,59.75,0
2025-12-17 09:00:00,59.7493,59.915,59.1499,59.17,0
2025-12-17 09:30:00,59.27000045776367,59.970001220703125,59.04499816894531,59.762699127197266,17605587
2025-12-17 10:30:00,59.77000045776367,59.92499923706055,59.25,59.69990158081055,7756494
2025-12-17 11:30:00,59.689998626708984,60.369998931884766,59.599998474121094,60.28499984741211,9542523
2025-12-17 12:30:00,60.279998779296875,60.63999938964844,60.209999084472656,60.224998474121094,9854189
2025-12-17 13:30:00,60.220001220703125,60.439998626708984,59.81999969482422,60.330101013183594,6469942
2025-12-17 14:30:00,60.33000183105469,60.595001220703125,60.040000915527344,60.40999984741211,6312945
2025-12-17 15:30:00,60.41999816894531,60.4900016784668,60.060001373291016,60.26739883422851,6050979
2025-12-17 16:00:00,60.26,60.39,57.73,60.09,0
2025-12-17 17:00:00,60.0599,60.1682,60.02,60.0897,0
2025-12-17 18:00:00,60.09,60.3,59.86,60.169,0
2025-12-18 04:00:00,59.88,60.38,59.74,59.89,0
2025-12-18 05:00:00,59.89,60.01,59.71,59.8,0
2025-12-18 06:00:00,59.81,60.06,59.8,59.96,0
2025-12-18 07:00:00,59.95,60.17,59.84,59.89,0
2025-12-18 08:00:00,59.89,60.4,59.55,59.64,0
2025-12-18 09:00:00,59.65,60.26,59.65,60.0117,0
2025-12-18 09:30:00,59.81999969482422,59.994998931884766,58.58000183105469,59.38999938964844,18703335
2025-12-18 10:30:00,59.380001068115234,60.025001525878906,59.189998626708984,59.73500061035156,6548248
2025-12-18 11:30:00,59.73500061035156,59.88999938964844,58.75,58.939998626708984,7734673
2025-12-18 12:30:00,58.94499969482422,59.35979843139648,58.900001525878906,59.119998931884766,4638955
2025-12-18 13:30:00,59.119998931884766,59.38999938964844,59.095001220703125,59.28559875488281,2708587
2025-12-18 14:30:00,59.28499984741211,59.41999816894531,58.95500183105469,59.22999954223633,4035419
2025-12-18 15:30:00,59.220001220703125,59.404998779296875,59.18000030517578,59.29999923706055,2522341
2025-12-18 16:00:00,59.31,60.26,57.73,59.379,0
2025-12-18 17:00:00,59.38,59.4699,59.32,59.4216,0
2025-12-18 18:00:00,59.41,59.49,59.334,59.43,0
2025-12-19 04:00:00,59.68,59.8,59.58,59.73,0
2025-12-19 05:00:00,59.72,60.04,59.69,59.89,0
2025-12-19 06:00:00,59.89,59.95,59.71,59.79,0
2025-12-19 07:00:00,59.79,59.87,59.53,59.78,0
2025-12-19 08:00:00,59.79,60.04,59.19,59.75,0
2025-12-19 09:00:00,59.74,59.9002,59.61,59.6816,0
2025-12-19 09:30:00,59.790000915527344,60.415000915527344,59.689998626708984,60.22999954223633,10322100
2025-12-19 10:30:00,60.22999954223633,60.970001220703125,60.19499969482422,60.65919876098633,7578556
2025-12-19 11:30:00,60.65999984741211,61.040000915527344,60.630001068115234,60.9900016784668,5001635
2025-12-19 12:30:00,61.0,61.15999984741211,60.88999938964844,61.01499938964844,4518589
2025-12-19 13:30:00,61.02000045776367,61.036399841308594,60.66999816894531,60.96500015258789,3715158
2025-12-19 14:30:00,60.959999084472656,61.11000061035156,60.75,60.95500183105469,3459473
2025-12-19 15:30:00,60.95000076293945,60.97999954223633,60.77000045776367,60.95000076293945,6942100
2025-12-19 16:00:00,60.9588,60.98,59.32,60.91,0
2025-12-19 17:00:00,60.95,61.03,60.92,61.03,0
2025-12-19 18:00:00,61.02,61.1,60.96,60.9999,0
2025-12-22 04:00:00,62.35,62.5,62.19,62.43,0
2025-12-22 05:00:00,62.42,62.69,62.41,62.6,0
2025-12-22 06:00:00,62.61,62.71,62.53,62.66,0
2025-12-22 07:00:00,62.65,62.77,62.52,62.55,0
2025-12-22 08:00:00,62.55,62.92,60.93,62.62,0
2025-12-22 09:00:00,62.6201,62.69,62.37,62.6599,0
2025-12-22 09:30:00,62.599998474121094,62.81999969482422,62.0099983215332,62.209999084472656,19950820
2025-12-22 10:30:00,62.209999084472656,62.599998474121094,62.07440185546875,62.08000183105469,7423538
2025-12-22 11:30:00,62.084999084472656,62.380001068115234,61.849998474121094,62.060001373291016,6242613
2025-12-22 12:30:00,62.0536003112793,62.20000076293945,61.96500015258789,62.1440544128418,3089496
2025-12-22 13:30:00,62.150001525878906,62.17499923706055,61.7400016784668,62.01499938964844,4742983
2025-12-22 14:30:00,62.01499938964844,62.349998474121094,61.939998626708984,62.26605224609375,4500675
2025-12-22 15:30:00,62.26499938964844,62.47999954223633,62.2599983215332,62.46500015258789,3254541
2025-12-22 16:00:00,62.47,62.65,60.93,62.61,0
2025-12-22 17:00:00,62.62,62.75,62.47,62.74,0
2025-12-22 18:00:00,62.7295,62.8,62.58,62.69,0
2025-12-23 04:00:00,63.03,63.14,62.89,62.99,0
2025-12-23 05:00:00,62.99,63.13,62.94,63.12,0
2025-12-23 06:00:00,63.11,63.19,63.05,63.05,0
2025-12-23 07:00:00,63.06,63.22,63.05,63.1,0
2025-12-23 08:00:00,63.1,63.87,62.47,63.6915,0
2025-12-23 09:00:00,63.72,64.05,62.47,63.92,0
2025-12-23 09:30:00,63.68000030517578,63.70000076293945,62.369998931884766,62.7244987487793,27666331
2025-12-23 10:30:00,62.720001220703125,63.77000045776367,62.69860076904297,63.595001220703125,9277019
2025-12-23 11:30:00,63.595001220703125,64.4000015258789,63.45000076293945,64.36000061035156,9165430
2025-12-23 12:30:00,64.36000061035156,64.37999725341797,63.900001525878906,64.33499908447266,7328942
2025-12-23 13:30:00,64.33999633789062,64.7750015258789,64.17019653320312,64.60250091552734,7646514
2025-12-23 14:30:00,64.61000061035156,64.75,64.43000030517578,64.55439758300781,4958128
2025-12-23 15:30:00,64.55999755859375,64.875,64.43499755859375,64.83499908447266,5913802
2025-12-23 16:00:00,64.84,64.85,62.47,64.7779,0
2025-12-23 17:00:00,64.78,64.84,64.75,64.7988,0
2025-12-23 18:00:00,64.79,65.18,64.69,65.1,0
2025-12-24 04:00:00,64.8,65.16,64.68,65.13,0
2025-12-24 05:00:00,65.14,65.45,65.08,65.33,0
2025-12-24 06:00:00,65.33,65.38,65.19,65.27,0
2025-12-24 07:00:00,65.26,65.66,65.23,65.61,0
2025-12-24 08:00:00,65.62,65.71,64.7184,65.0007,0
2025-12-24 09:00:00,65.0284,65.4,64.84,65.1491,0
2025-12-24 09:30:00,65.08000183105469,65.5250015258789,64.0199966430664,64.2699966430664,29132674
2025-12-24 10:30:00,64.25,64.61650085449219,63.60499954223633,64.51000213623047,13195280
2025-12-24 11:30:00,64.5199966430664,65.2300033569336,64.44000244140625,65.0,10159927
2025-12-24 13:00:00,65.0,65.31999969482422,64.83999633789062,65.10579681396484,0
2025-12-24 14:00:00,65.1,65.19,64.98,65.0456,0
2025-12-24 15:00:00,65.0498,65.3801,65.03,65.33,0
2025-12-24 16:00:00,65.3,65.51,65.19,65.48,0
2025-12-26 04:00:00,67.91,68.01,67.56,67.84,0
2025-12-26 05:00:00,67.85,68.57,67.66,68.52,0
2025-12-26 06:00:00,68.5,68.63,66.74,67.0,0
2025-12-26 07:00:00,66.99,67.54,66.7,67.39,0
2025-12-26 08:00:00,67.4,68.5694,66.6997,67.6029,0
2025-12-26 09:00:00,67.6048,67.86,67.14,67.78,0
2025-12-26 09:30:00,67.83000183105469,68.73989868164062,67.34500122070312,68.66999816894531,42606921
2025-12-26 10:30:00,68.66500091552734,69.12999725341797,68.30999755859375,69.04499816894531,17894553
2025-12-26 11:30:00,69.04499816894531,69.37000274658203,68.7300033569336,68.8550033569336,12558820
2025-12-26 12:30:00,68.8550033569336,69.88500213623047,68.62010192871094,69.6698989868164,13256482
2025-12-26 13:30:00,69.66000366210938,70.41999816894531,69.54000091552734,70.20349884033203,15498746
2025-12-26 14:30:00,70.19419860839844,70.94000244140625,69.7699966430664,70.6050033569336,18171530
2025-12-26 15:30:00,70.5999984741211,71.2249984741211,70.47750091552734,71.12000274658203,13854925
2025-12-26 16:00:00,71.12,71.96,70.89,71.93,0
2025-12-26 17:00:00,71.9281,72.04,71.08,71.9,0
2025-12-26 18:00:00,71.8901,72.07,71.12,71.9902,0
2025-12-29 04:00:00,67.77,69.5,67.53,67.95,0
2025-12-29 05:00:00,67.97,68.81,67.84,68.13,0
2025-12-29 06:00:00,68.13,68.75,67.99,68.74,0
2025-12-29 07:00:00,68.74,68.74,67.06,68.2,0
2025-12-29 08:00:00,68.2,73.0,67.0803,67.8385,0
2025-12-29 09:00:00,67.82,67.83,65.5,65.98,0
2025-12-29 09:30:00,65.65699768066406,66.48500061035156,64.27999877929688,64.38999938964844,75196172
2025-12-29 10:30:00,64.37010192871094,65.58499908447266,63.91999816894531,64.70999908447266,22244308
2025-12-29 11:30:00,64.71019744873047,65.93000030517578,64.69000244140625,65.29940032958984,12067158
2025-12-29 12:30:00,65.30000305175781,65.31549835205078,64.20500183105469,64.32009887695312,10672276
2025-12-29 13:30:00,64.31999969482422,65.18000030517578,64.24500274658203,65.07499694824219,9587136
2025-12-29 14:30:00,65.07499694824219,66.2249984741211,65.07499694824219,66.17130279541016,13541209
2025-12-29 15:30:00,66.18000030517578,66.26000213623047,65.68800354003906,66.04499816894531,6565377
2025-12-29 16:00:00,66.01,66.04,64.23,65.42,0
2025-12-29 17:00:00,65.41,65.61,65.36,65.6098,0
2025-12-29 18:00:00,65.61,65.97,65.2064,65.83,0
2025-12-30 04:00:00,67.35,67.71,67.15,67.42,0
2025-12-30 05:00:00,67.44,67.75,67.4,67.5,0
2025-12-30 06:00:00,67.48,67.88,67.43,67.86,0
2025-12-30 07:00:00,67.87,68.67,67.77,68.44,0
2025-12-30 08:00:00,68.44,69.42,66.96,68.9797,0
2025-12-30 09:00:00,68.9701,72.57,66.01,68.92,0
2025-12-30 09:30:00,69.1050033569336,69.11000061035156,68.03070068359375,68.6436996459961,34341783
2025-12-30 10:30:00,68.64949798583984,69.3499984741211,68.54000091552734,69.14230346679688,12708776
2025-12-30 11:30:00,69.13999938964844,70.45999908447266,68.97000122070312,70.3949966430664,18797701
2025-12-30 12:30:00,70.3949966430664,70.76000213623047,70.01499938964844,70.5250015258789,13045065
2025-12-30 13:30:00,70.5199966430664,70.55000305175781,70.02989959716797,70.47000122070312,7689246
2025-12-30 14:30:00,70.45999908447266,70.47000122070312,68.31999969482422,69.11109924316406,18780546
2025-12-30 15:30:00,69.12000274658203,69.58999633789062,68.79000091552734,69.0,8350430
2025-12-30 16:00:00,68.98,69.49,66.01,69.1,0
2025-12-30 17:00:00,69.13,69.18,69.0501,69.11,0
2025-12-30 18:00:00,69.11,69.29,67.8,68.17,0
2025-12-31 04:00:00,64.47,65.5,64.42,65.36,0
2025-12-31 05:00:00,65.39,65.73,65.19,65.27,0
2025-12-31 06:00:00,65.25,65.42,64.94,65.28,0
2025-12-31 07:00:00,65.27,65.57,64.67,64.73,0
2025-12-31 08:00:00,64.73,68.98,64.0,65.39,0
2025-12-31 09:00:00,65.39,68.98,64.97,65.55,0
2025-12-31 09:30:00,65.54000091552734,66.87999725341797,65.33999633789062,65.9800033569336,38268245
2025-12-31 10:30:00,65.97599792480469,66.12999725341797,64.88999938964844,65.0250015258789,16034590
2025-12-31 11:30:00,65.0250015258789,65.2750015258789,64.67500305175781,64.75,10694291
2025-12-31 12:30:00,64.73999786376953,64.97000122070312,64.44000244140625,64.7843017578125,10002514
2025-12-31 13:30:00,64.79000091552734,65.19000244140625,64.56999969482422,64.69000244140625,9871241
2025-12-31 14:30:00,64.69000244140625,64.69999694824219,63.529998779296875,64.31999969482422,17880403
2025-12-31 15:30:00,64.31999969482422,64.7699966430664,64.26000213623047,64.43000030517578,9002187
2025-12-31 16:00:00,64.42,64.97,64.33,64.916,0
2025-12-31 17:00:00,64.8826,65.05,64.42,65.0002,0
2025-12-31 18:00:00,65.0371,65.5,64.99,65.1,0
2026-01-02 04:00:00,67.4,68.19,66.96,67.51,0
2026-01-02 05:00:00,67.53,67.58,67.37,67.46,0
2026-01-02 06:00:00,67.46,67.62,67.39,67.43,0
2026-01-02 07:00:00,67.43,67.55,67.18,67.3,0
2026-01-02 08:00:00,67.31,67.63,66.3097,66.8093,0
2026-01-02 09:00:00,66.83,67.28,64.42,67.15,0
2026-01-02 09:30:00,67.30000305175781,67.36000061035156,65.90499877929688,66.05000305175781,28939568
2026-01-02 10:30:00,66.05000305175781,66.56999969482422,64.91000366210938,65.27999877929688,14987525
2026-01-02 11:30:00,65.26000213623047,65.9000015258789,64.97000122070312,65.80999755859375,7841586
2026-01-02 12:30:00,65.81500244140625,65.94999694824219,64.74500274658203,64.97000122070312,7467457
2026-01-02 13:30:00,64.96440124511719,65.5999984741211,64.85399627685547,65.40499877929688,4336014
2026-01-02 14:30:00,65.41000366210938,65.94999694824219,65.21379852294922,65.91999816894531,5473992
2026-01-02 15:30:00,65.91500091552734,65.91999816894531,65.625,65.77999877929688,4621249
2026-01-02 16:00:00,65.77,66.07,64.42,66.0699,0
2026-01-02 17:00:00,66.06,66.1641,66.0,66.0516,0
2026-01-02 18:00:00,66.0501,66.33,66.04,66.26,0
2026-01-05 04:00:00,68.71,68.94,68.46,68.89,0
2026-01-05 05:00:00,68.9,69.22,68.88,69.1,0
2026-01-05 06:00:00,69.1,69.18,67.74,67.95,0
2026-01-05 07:00:00,67.95,68.32,67.76,68.04,0
2026-01-05 08:00:00,68.05,69.209,65.75,68.06,0
2026-01-05 09:00:00,68.06,69.52,68.0301,69.415,0
2026-01-05 09:30:00,69.44999694824219,69.81999969482422,68.66000366210938,69.49400329589844,35302456
2026-01-05 10:30:00,69.51000213623047,70.0,69.3499984741211,69.63999938964844,16527344
2026-01-05 11:30:00,69.63500213623047,70.5999984741211,69.20999908447266,69.47000122070312,19610927
2026-01-05 12:30:00,69.4800033569336,69.7249984741211,69.03500366210938,69.47319793701172,7597344
2026-01-05 13:30:00,69.47000122070312,69.53510284423828,68.5199966430664,68.88999938964844,8289730
2026-01-05 14:30:00,68.88999938964844,69.28500366210938,68.85449981689453,69.02999877929688,5479912
2026-01-05 15:30:00,69.02999877929688,69.15499877929688,68.56009674072266,69.06500244140625,6857726
2026-01-05 16:00:00,69.06,69.48,69.03,69.42,0
2026-01-05 17:00:00,69.47,69.5,69.08,69.485,0
2026-01-05 18:00:00,69.4819,69.67,68.84,69.07,0
2026-01-06 04:00:00,71.19,71.49,70.62,70.88,0
2026-01-06 05:00:00,70.88,70.9,70.17,70.56,0
2026-01-06 06:00:00,70.56,70.8,70.44,70.77,0
2026-01-06 07:00:00,70.78,71.19,70.78,71.11,0
2026-01-06 08:00:00,71.11,71.91,70.2,70.98,0
2026-01-06 09:00:00,70.99,71.93,70.85,71.69,0
2026-01-06 09:30:00,71.60489654541016,73.125,71.60489654541016,73.08499908447266,37234252
2026-01-06 10:30:00,72.90499877929688,72.95500183105469,72.19999694824219,72.8949966430664,11072643
2026-01-06 11:30:00,72.9749984741211,73.39990234375,72.83499908447266,73.23999786376953,10881310
2026-01-06 12:30:00,73.37000274658203,73.80000305175781,73.04000091552734,73.24500274658203,11627575
2026-01-06 13:30:00,73.23500061035156,73.43990325927734,72.62999725341797,72.68499755859375,10320316
2026-01-06 14:30:00,72.68499755859375,72.94999694824219,72.41449737548828,72.88999938964844,9158066
2026-01-06 15:30:00,72.79000091552734,73.52999877929688,72.77439880371094,73.52999877929688,6333478
2026-01-06 16:00:00,73.6916,73.83,73.46,73.68,0
2026-01-06 17:00:00,73.68,74.05,73.67,73.96,0
2026-01-06 18:00:00,73.95,75.05,73.65,74.8,0
2026-01-07 04:00:00,72.13,72.43,71.63,71.68,0
2026-01-07 05:00:00,71.67,72.2,71.67,71.77,0
2026-01-07 06:00:00,71.77,72.12,71.74,72.05,0
2026-01-07 07:00:00,72.05,72.12,70.97,71.34,0
2026-01-07 08:00:00,71.32,73.71,70.19,70.5592,0
2026-01-07 09:00:00,70.5342,70.659,69.63,69.6305,0
2026-01-07 09:30:00,69.81999969482422,70.62000274658203,69.22000122070312,69.97000122070312,37049404
2026-01-07 10:30:00,69.97000122070312,71.02999877929688,69.80500030517578,70.78500366210938,13240352
2026-01-07 11:30:00,70.79000091552734,71.54499816894531,70.69499969482422,71.08999633789062,14233755
2026-01-07 12:30:00,71.09500122070312,71.29499816894531,70.11000061035156,70.56999969482422,9720104
2026-01-07 13:30:00,70.58000183105469,71.04000091552734,70.51499938964844,70.70428466796875,5360599
2026-01-07 14:30:00,70.69999694824219,71.27999877929688,70.69499969482422,71.01499938964844,6325077
2026-01-07 15:30:00,71.0199966430664,71.2300033569336,70.89399719238281,70.98999786376953,5077743
2026-01-07 16:00:00,70.96,70.98,70.77,70.9,0
2026-01-07 17:00:00,70.8893,70.8899,70.74,70.758,0
2026-01-07 18:00:00,70.77,71.45,70.76,71.37,0
2026-01-08 04:00:00,68.64,70.88,68.18,68.75,0
2026-01-08 05:00:00,68.75,69.13,68.47,68.49,0
2026-01-08 06:00:00,68.48,68.92,68.45,68.62,0
2026-01-08 07:00:00,68.6,68.71,67.51,67.86,0
2026-01-08 08:00:00,67.86,70.96,67.51,68.12,0
2026-01-08 09:00:00,68.12,74.895,67.0,67.159,0
2026-01-08 09:30:00,67.1875,68.55999755859375,66.91999816894531,68.51419830322266,30940140
2026-01-08 10:30:00,68.51000213623047,68.87999725341797,68.32499694824219,68.64820098876953,9548298
2026-01-08 11:30:00,68.63999938964844,69.27999877929688,68.5999984741211,68.83999633789062,10965672
2026-01-08 12:30:00,68.84500122070312,69.22000122070312,68.20500183105469,68.56099700927734,6799857
2026-01-08 13:30:00,68.55999755859375,68.91000366210938,68.41010284423828,68.5459976196289,3856628
2026-01-08 14:30:00,68.54499816894531,69.35990142822266,68.53500366210938,69.2750015258789,5836958
2026-01-08 15:30:00,69.29000091552734,69.7699966430664,69.29000091552734,69.70999908447266,7221580
2026-01-08 16:00:00,69.71,69.85,69.33,69.78,0
2026-01-08 17:00:00,69.82,69.82,69.5,69.6,0
2026-01-08 18:00:00,69.61,70.0,69.2921,69.4893,0
2026-01-09 04:00:00,70.21,70.91,70.1,70.76,0
2026-01-09 05:00:00,70.8,70.94,70.64,70.65,0
2026-01-09 06:00:00,70.64,70.91,70.55,70.57,0
2026-01-09 07:00:00,70.6,71.07,70.35,70.72,0
2026-01-09 08:00:00,70.739,71.07,69.1795,70.6512,0
2026-01-09 09:00:00,70.68,71.62,70.38,71.29,0
2026-01-09 09:30:00,71.30999755859375,72.47000122070312,70.87129974365234,72.29000091552734,34756369
2026-01-09 10:30:00,72.29000091552734,72.71499633789062,72.12000274658203,72.625,13334874
2026-01-09 11:30:00,72.62999725341797,72.98999786376953,72.26000213623047,72.46990203857422,11845059
2026-01-09 12:30:00,72.46499633789062,72.77999877929688,71.87000274658203,72.05000305175781,12275635
2026-01-09 13:30:00,72.04000091552734,72.61499786376953,72.01000213623047,72.3499984741211,6162492
2026-01-09 14:30:00,72.33999633789062,72.69000244140625,72.26000213623047,72.33999633789062,5161385
2026-01-09 15:30:00,72.34500122070312,72.44000244140625,72.0999984741211,72.37000274658203,5386185
2026-01-09 16:00:00,72.375,72.4999,72.24,72.45,0
2026-01-09 17:00:00,72.44,72.65,72.38,72.56,0
2026-01-09 18:00:00,72.5699,72.68,72.5,72.6789,0
2026-01-12 04:00:00,76.4,76.62,75.87,76.47,0
2026-01-12 05:00:00,76.48,76.48,76.19,76.35,0
2026-01-12 06:00:00,76.3,76.42,75.82,75.93,0
2026-01-12 07:00:00,75.93,76.36,75.75,76.0,0
2026-01-12 08:00:00,76.01,77.54,72.38,77.1597,0
2026-01-12 09:00:00,77.15,77.7,76.3103,76.605,0
2026-01-12 09:30:00,76.11000061035156,77.55500030517578,76.0,77.44000244140625,41798827
2026-01-12 10:30:00,77.45500183105469,78.0199966430664,77.25450134277344,77.81999969482422,12268765
2026-01-12 11:30:00,77.81999969482422,78.125,77.5199966430664,77.76499938964844,7886279
2026-01-12 12:30:00,77.76000213623047,78.18000030517578,76.9800033569336,77.30999755859375,12061861
2026-01-12 13:30:00,77.31500244140625,77.76499938964844,77.05999755859375,77.75990295410156,6809933
2026-01-12 14:30:00,77.75,77.87889862060547,76.81500244140625,77.08999633789062,9410020
2026-01-12 15:30:00,77.0999984741211,77.44499969482422,76.98999786376953,77.20999908447266,10457532
2026-01-12 16:00:00,77.24,77.375,76.76,77.18,0
2026-01-12 17:00:00,77.1,77.49,77.1,77.4154,0
2026-01-12 18:00:00,77.425,77.425,75.55,76.46,0
2026-01-13 04:00:00,77.72,78.64,76.67,77.65,0
2026-01-13 05:00:00,77.67,77.67,77.33,77.48,0
2026-01-13 06:00:00,77.46,77.79,77.41,77.715,0
2026-01-13 07:00:00,77.715,77.82,77.47,77.57,0
2026-01-13 08:00:00,77.55,79.01,76.6985,78.64,0
2026-01-13 09:00:00,78.62,80.2,78.6,80.135,0
2026-01-13 09:30:00,80.02999877929688,80.80000305175781,79.3093032836914,79.6050033569336,45310408
2026-01-13 10:30:00,79.62000274658203,80.69000244140625,79.47000122070312,80.0,17461679
2026-01-13 11:30:00,80.00499725341797,80.7699966430664,79.94000244140625,80.45999908447266,10328356
2026-01-13 12:30:00,80.44999694824219,80.5645980834961,78.0999984741211,78.72000122070312,27818660
2026-01-13 13:30:00,78.72000122070312,79.62999725341797,78.58999633789062,79.5999984741211,16237239
2026-01-13 14:30:00,79.60549926757812,79.73500061035156,78.30999755859375,78.44380187988281,10573571
2026-01-13 15:30:00,78.44000244140625,78.75,77.86000061035156,78.58000183105469,10133517
2026-01-13 16:00:00,78.5802,78.93,78.51,78.84,0
2026-01-13 17:00:00,78.82,79.33,78.6,79.25,0
2026-01-13 18:00:00,79.24,79.64,78.78,79.63,0
2026-01-14 04:00:00,81.69,81.94,79.58,81.8,0
2026-01-14 05:00:00,81.78,82.19,81.62,82.14,0
2026-01-14 06:00:00,82.14,82.28,81.53,82.06,0
2026-01-14 07:00:00,82.07,82.88,81.78,82.68,0
2026-01-14 08:00:00,82.7,83.65,78.6,83.25,0
2026-01-14 09:00:00,83.25,83.47,77.375,83.29,0
2026-01-14 09:30:00,83.33999633789062,83.37999725341797,81.74220275878906,82.81500244140625,62110810
2026-01-14 10:30:00,82.80999755859375,83.45999908447266,82.40499877929688,83.23999786376953,19666964
2026-01-14 11:30:00,83.22000122070312,83.29989624023438,81.88999938964844,82.26000213623047,15135376
2026-01-14 12:30:00,82.26000213623047,83.13999938964844,81.27999877929688,83.08319854736328,18681534
2026-01-14 13:30:00,83.08000183105469,84.2750015258789,82.82499694824219,83.63500213623047,18232389
2026-01-14 14:30:00,83.63999938964844,84.77999877929688,83.50499725341797,84.4000015258789,22518733
2026-01-14 15:30:00,84.3949966430664,84.58999633789062,83.89009857177734,84.55059814453125,11226043
2026-01-14 16:00:00,84.56,85.79,83.66,84.48,0
2026-01-14 17:00:00,84.51,85.3,84.39,85.28,0
2026-01-14 18:00:00,85.28,85.28,82.58,83.5998,0
2026-01-15 04:00:00,81.42,81.58,81.04,81.45,0
2026-01-15 05:00:00,81.46,82.79,81.45,82.71,0
2026-01-15 06:00:00,82.73,82.89,82.38,82.78,0
2026-01-15 07:00:00,82.78,82.94,82.13,82.45,0
2026-01-15 08:00:00,82.45,82.909,78.83,80.9464,0
2026-01-15 09:00:00,80.88,84.56,79.63,80.75,0
2026-01-15 09:30:00,80.73999786376953,82.41000366210938,80.54000091552734,81.78450012207031,64062925
2026-01-15 10:30:00,81.77999877929688,83.37000274658203,81.22010040283203,82.95999908447266,28378226
2026-01-15 11:30:00,82.97000122070312,83.23999786376953,82.20999908447266,82.82499694824219,13636266
2026-01-15 12:30:00,82.81999969482422,84.08000183105469,82.75,84.00499725341797,13919514
2026-01-15 13:30:00,84.0,84.33000183105469,83.41999816894531,84.1050033569336,11924910
2026-01-15 14:30:00,84.10150146484375,84.31999969482422,82.66999816894531,83.06990051269531,14300803
2026-01-15 15:30:00,83.07959747314453,83.54000091552734,82.97019958496094,83.32499694824219,9545225
2026-01-15 16:00:00,83.32,83.9,83.2503,83.7198,0
2026-01-15 17:00:00,83.7092,83.72,83.5,83.5591,0
2026-01-15 18:00:00,83.56,84.11,81.77,82.823,0
2026-01-16 04:00:00,82.69,83.16,82.44,82.96,0
2026-01-16 05:00:00,82.97,82.97,82.53,82.83,0
2026-01-16 06:00:00,82.81,82.9,81.61,82.35,0
2026-01-16 07:00:00,82.35,82.8,81.96,82.24,0
2026-01-16 08:00:00,82.25,83.32,79.6,79.77,0
2026-01-16 09:00:00,79.77,86.755,79.47,80.87,0
2026-01-16 09:30:00,80.33000183105469,81.5199966430664,79.0999984741211,79.125,52191754
2026-01-16 10:30:00,79.12999725341797,80.75,78.74500274658203,80.51499938964844,26753749
2026-01-16 11:30:00,80.52999877929688,80.94999694824219,79.97000122070312,80.0199966430664,12355395
2026-01-16 12:30:00,80.0199966430664,80.79499816894531,79.91000366210938,80.6050033569336,9809339
2026-01-16 13:30:00,80.5999984741211,81.33999633789062,80.33000183105469,80.47000122070312,10660471
2026-01-16 14:30:00,80.46499633789062,81.12999725341797,80.44000244140625,80.76830291748047,10041676
2026-01-16 15:30:00,80.7698974609375,81.18000030517578,80.45500183105469,80.98999786376953,6932437
2026-01-16 16:00:00,81.02,81.74,80.93,81.7295,0
2026-01-16 17:00:00,81.71,81.78,81.02,81.5699,0
2026-01-16 18:00:00,81.56,81.87,80.44,81.805,0
2026-01-20 04:00:00,86.41,86.61,84.6,86.33,0
2026-01-20 05:00:00,86.32,86.49,86.02,86.43,0
2026-01-20 06:00:00,86.44,86.48,86.12,86.39,0
2026-01-20 07:00:00,86.39,86.9,86.34,86.39,0
2026-01-20 08:00:00,86.39,86.91,81.02,86.17,0
2026-01-20 09:00:00,86.18,86.88,86.05,86.45,0
2026-01-20 09:30:00,86.19000244140625,86.33000183105469,84.61499786376953,84.62249755859375,45178195
2026-01-20 10:30:00,84.62000274658203,85.5199966430664,84.38050079345703,85.27999877929688,15693759
2026-01-20 11:30:00,85.2699966430664,85.58000183105469,84.77999877929688,85.52999877929688,9990336
2026-01-20 12:30:00,85.5250015258789,86.12670135498047,85.23999786376953,85.69999694824219,8976736
2026-01-20 13:30:00,85.69499969482422,85.91000366210938,85.31999969482422,85.66000366210938,4995000
2026-01-20 14:30:00,85.6500015258789,85.8499984741211,85.05000305175781,85.06500244140625,7738613
2026-01-20 15:30:00,85.06999969482422,85.52999877929688,84.95500183105469,85.38999938964844,5323775
2026-01-20 16:00:00,85.403,85.85,80.6924,85.725,0
2026-01-20 17:00:00,85.72,86.12,85.39,86.0197,0
2026-01-20 18:00:00,86.01,86.02,85.2501,85.9601,0
2026-01-21 04:00:00,86.08,86.38,85.56,86.34,0
2026-01-21 05:00:00,86.33,86.41,86.09,86.13,0
2026-01-21 06:00:00,86.14,86.28,85.91,86.13,0
2026-01-21 07:00:00,86.12,86.14,85.35,85.55,0
2026-01-21 08:00:00,85.58,86.419,80.535,85.42,0
2026-01-21 09:00:00,85.4,86.2,77.96,85.27,0
2026-01-21 09:30:00,85.5999984741211,85.8949966430664,83.63999938964844,84.26499938964844,44899185
2026-01-21 10:30:00,84.26499938964844,85.19000244140625,84.19999694824219,84.80000305175781,13943332
2026-01-21 11:30:00,84.80000305175781,85.05000305175781,83.9000015258789,84.41500091552734,9798975
2026-01-21 12:30:00,84.41000366210938,84.61000061035156,83.71499633789062,84.08999633789062,10895528
2026-01-21 13:30:00,84.41999816894531,84.90989685058594,83.05000305175781,83.4292984008789,14073982
2026-01-21 14:30:00,83.44000244140625,83.69999694824219,81.88999938964844,83.37000274658203,33768511
2026-01-21 15:30:00,83.3499984741211,83.9800033569336,83.30000305175781,83.9800033569336,9539665
2026-01-21 16:00:00,83.96,84.64,83.78,84.39,0
2026-01-21 17:00:00,84.36,84.4,84.04,84.33,0
2026-01-21 18:00:00,84.3203,84.37,82.44,82.44,0
2026-01-22 04:00:00,85.25,85.48,84.82,85.21,0
2026-01-22 05:00:00,85.21,85.24,84.63,84.87,0
2026-01-22 06:00:00,84.85,85.19,84.72,85.08,0
2026-01-22 07:00:00,85.08,85.14,84.39,84.9,0
2026-01-22 08:00:00,84.88,85.5,83.96,84.36,0
2026-01-22 09:00:00,84.38,84.84,84.17,84.7191,0
2026-01-22 09:30:00,84.93000030517578,85.73500061035156,84.70999908447266,85.6050033569336,22506566
2026-01-22 10:30:00,85.62999725341797,86.87000274658203,85.58000183105469,86.46499633789062,16647298
2026-01-22 11:30:00,86.45999908447266,87.0999984741211,86.20999908447266,86.84010314941406,13316521
2026-01-22 12:30:00,86.8499984741211,87.5199966430664,86.81999969482422,87.19999694824219,9444507
2026-01-22 13:30:00,87.19999694824219,87.38999938964844,86.55000305175781,86.83999633789062,7958309
2026-01-22 14:30:00,86.8499984741211,87.37000274658203,86.51000213623047,87.18499755859375,8957626
2026-01-22 15:30:00,87.18000030517578,87.25,86.94000244140625,87.11000061035156,5282206
2026-01-22 16:00:00,87.12,87.37,84.634384,87.1838,0
2026-01-22 17:00:00,87.19,87.35,87.0,87.34,0
2026-01-22 18:00:00,87.34,87.8793,87.15,87.83,0
2026-01-23 04:00:00,88.78,89.54,88.5,88.67,0
2026-01-23 05:00:00,88.69,89.34,88.62,89.26,0
2026-01-23 06:00:00,89.26,89.75,89.19,89.45,0
2026-01-23 07:00:00,89.45,89.73,89.37,89.63,0
2026-01-23 08:00:00,89.63,90.34,88.42,89.8,0
2026-01-23 09:00:00,89.8,90.4,87.13,90.33,0
2026-01-23 09:30:00,90.19000244140624,90.58999633789062,89.66500091552734,90.22000122070312,41711617
2026-01-23 10:30:00,90.2300033569336,91.31999969482422,90.1750030517578,91.2750015258789,20393950
2026-01-23 11:30:00,91.27449798583984,91.5749969482422,90.9250030517578,91.33499908447266,14244201
2026-01-23 12:30:00,91.33499908447266,91.87000274658205,91.11000061035156,91.66000366210938,17092183
2026-01-23 13:30:00,91.66000366210938,92.05999755859376,91.19000244140624,91.9406967163086,15319744
2026-01-23 14:30:00,91.94000244140624,92.72000122070312,91.8000030517578,92.50499725341795,16549627
2026-01-23 15:30:00,92.50499725341795,92.97989654541016,92.36000061035156,92.88999938964844,11999211
2026-01-23 16:00:00,92.935,93.87,92.81,93.43,0
2026-01-23 17:00:00,93.352,94.06,93.35,93.74,0
2026-01-23 18:00:00,93.75,93.88,93.32,93.8669,0
2026-01-26 04:00:00,98.94,99.63,98.28,99.62,0
2026-01-26 05:00:00,99.63,99.8,98.42,99.1,0
2026-01-26 06:00:00,99.08,99.31,98.09,98.49,0
2026-01-26 07:00:00,98.48,100.5,98.35,100.09,0
2026-01-26 08:00:00,100.09,100.5,85.5099,99.275,0
2026-01-26 09:00:00,99.25,99.59,87.205,99.5,0
2026-01-26 09:30:00,99.37000274658205,101.88999938964844,99.11000061035156,101.47000122070312,80847101
2026-01-26 10:30:00,101.46499633789062,103.0199966430664,100.22000122070312,102.1421890258789,39582851
2026-01-26 11:30:00,102.13999938964844,104.83000183105467,101.76000213623048,104.2300033569336,37866605
2026-01-26 12:30:00,104.23999786376952,106.6999969482422,103.2699966430664,103.38059997558594,66684827
2026-01-26 13:30:00,103.38999938964844,103.45999908447266,97.51000213623048,98.5998992919922,81673125
2026-01-26 14:30:00,98.58999633789062,99.75,96.51000213623048,98.80999755859376,46433760
2026-01-26 15:30:00,98.81500244140624,99.38999938964844,97.5250015258789,98.3000030517578,19742299
2026-01-26 16:00:00,98.34,98.49,92.38,94.16,0
2026-01-26 17:00:00,94.15,98.4383,93.9,94.03,0
2026-01-26 18:00:00,94.07,97.75,93.3,96.7482,0
2026-01-27 04:00:00,101.51,102.26,100.25,102.26,0
2026-01-27 05:00:00,102.23,102.46,101.15,101.96,0
2026-01-27 06:00:00,101.96,102.23,101.38,102.13,0
2026-01-27 07:00:00,102.14,102.24,100.22,100.54,0
2026-01-27 08:00:00,100.53,102.85,97.2,101.05,0
2026-01-27 09:00:00,101.0572,101.8066,98.83,99.13,0
2026-01-27 09:30:00,97.9800033569336,99.86000061035156,95.06999969482422,96.35009765625,82301443
2026-01-27 10:30:00,96.3499984741211,99.28990173339844,96.22010040283205,98.83499908447266,25700958
2026-01-27 11:30:00,98.83000183105467,98.8864974975586,96.70999908447266,97.61499786376952,17334132
2026-01-27 12:30:00,97.61000061035156,97.93000030517578,95.7699966430664,96.81999969482422,20864752
2026-01-27 13:30:00,96.83999633789062,98.22000122070312,96.72000122070312,97.70999908447266,15000140
2026-01-27 14:30:00,97.73999786376952,100.91999816894533,97.66999816894533,100.36940002441406,28548044
2026-01-27 15:30:00,100.3499984741211,101.73999786376952,99.56999969482422,101.56999969482422,18326242
2026-01-27 16:00:00,101.59,102.44,100.5,101.61,0
2026-01-27 17:00:00,101.64,102.0,101.12,101.3,0
2026-01-27 18:00:00,101.32,102.66,100.31,102.17,0
2026-01-28 04:00:00,103.28,103.66,101.63,102.17,0
2026-01-28 05:00:00,102.16,102.74,101.68,102.55,0
2026-01-28 06:00:00,102.54,102.86,100.75,101.3,0
2026-01-28 07:00:00,101.32,102.3,100.81,101.8,0
2026-01-28 08:00:00,101.8,105.23,100.7502,103.35,0
2026-01-28 09:00:00,103.34,103.859,93.695,102.982,0
2026-01-28 09:30:00,102.77999877929688,104.83999633789062,101.3499984741211,102.04010009765624,61218918
2026-01-28 10:30:00,102.06999969482422,103.59649658203124,101.9800033569336,103.38999938964844,16821711
2026-01-28 11:30:00,103.37999725341795,104.1790008544922,102.83000183105467,104.08999633789062,11277948
2026-01-28 12:30:00,104.08999633789062,104.12000274658205,102.05500030517578,102.16000366210938,13630883
2026-01-28 13:30:00,102.16500091552734,102.81999969482422,100.0,102.23999786376952,29711357
2026-01-28 14:30:00,102.2300033569336,104.48999786376952,102.12999725341795,104.3499984741211,21177662
2026-01-28 15:30:00,104.36000061035156,106.4499969482422,104.30999755859376,105.58000183105467,22699452
2026-01-28 16:00:00,105.55,106.05,104.45,105.73,0
2026-01-28 17:00:00,105.7525,105.95,104.99,105.44,0
2026-01-28 18:00:00,105.44,108.2,104.6,106.67,0
2026-01-29 04:00:00,105.75,107.05,105.48,106.32,0
2026-01-29 05:00:00,106.3,106.75,106.07,106.42,0
2026-01-29 06:00:00,106.4,106.86,105.34,106.67,0
2026-01-29 07:00:00,106.67,108.35,106.46,108.19,0
2026-01-29 08:00:00,108.21,109.12,104.5,107.59,0
2026-01-29 09:00:00,107.59,109.95,101.725,109.5316,0
2026-01-29 09:30:00,109.52999877929688,109.83000183105467,96.73999786376952,98.12000274658205,91749871
2026-01-29 10:30:00,98.22000122070312,102.5199966430664,97.55999755859376,101.98999786376952,52035721
2026-01-29 11:30:00,101.95999908447266,104.9499969482422,100.7699966430664,104.69010162353516,25902291
2026-01-29 12:30:00,104.68499755859376,105.76000213623048,102.86000061035156,103.71990203857422,23705366
2026-01-29 13:30:00,103.6999969482422,104.75,101.7699966430664,102.61000061035156,17216809
2026-01-29 14:30:00,102.62000274658205,103.73999786376952,101.1999969482422,103.20999908447266,16898419
2026-01-29 15:30:00,103.24960327148438,106.23999786376952,103.06999969482422,105.62999725341795,13415715
2026-01-29 16:00:00,105.57,106.39,104.5,104.9,0
2026-01-29 17:00:00,104.9492,105.4,104.82,105.08,0
2026-01-29 18:00:00,105.07,106.8,104.8,106.6088,0
2026-01-30 04:00:00,94.25,97.76,90.75,90.81,0
2026-01-30 05:00:00,90.81,92.32,86.2,90.0,0
2026-01-30 06:00:00,89.93,92.98,89.73,92.95,0
2026-01-30 07:00:00,92.95,94.35,91.74,93.45,0
2026-01-30 08:00:00,93.44,101.9,86.2,89.8993,0
2026-01-30 09:00:00,89.8552,105.79,87.65,88.865,0
2026-01-30 09:30:00,89.33000183105469,92.13999938964844,88.41999816894531,90.4800033569336,95404254
2026-02-02 13:30:00,71.73500061035156,72.0,70.9000015258789,71.66000366210938,88840892
2026-02-02 14:30:00,71.63999938964844,73.94999694824219,71.27999877929688,73.1864013671875,20541334
2026-02-02 15:30:00,73.19999694824219,73.48999786376953,72.30000305175781,72.43990325927734,9240901
2026-02-02 16:00:00,72.44,73.24,71.65,71.75,0
2026-02-02 17:00:00,71.75,72.0,71.61,71.965,0
2026-02-02 18:00:00,71.9508,75.1,71.95,75.07,0
2026-02-03 04:00:00,79.08,79.48,77.63,77.84,0
2026-02-03 05:00:00,77.85,79.19,77.53,78.29,0
2026-02-03 06:00:00,78.31,78.93,77.41,77.79,0
2026-02-03 07:00:00,77.77,79.43,77.6,78.46,0
2026-02-03 08:00:00,78.42,80.43,72.44,80.27,0
2026-02-03 09:00:00,80.29,91.24,72.44,79.3,0
2026-02-03 09:30:00,79.05000305175781,80.61000061035156,78.25,79.85160064697266,58143531
2026-02-03 10:30:00,79.84500122070312,80.72000122070312,79.36000061035156,80.13999938964844,18057860
2026-02-03 11:30:00,80.12999725341797,80.58999633789062,76.56999969482422,77.36329650878906,26274273
2026-02-03 12:30:00,77.36959838867188,78.06999969482422,75.06999969482422,75.5,25764229
2026-02-03 13:30:00,75.51000213623047,77.09929656982422,74.91000366210938,76.72969818115234,19107907
2026-02-03 14:30:00,76.7300033569336,77.43000030517578,75.5199966430664,77.072998046875,14198820
2026-02-03 15:30:00,77.08989715576172,77.48999786376953,76.48999786376953,76.95999908447266,10343694
2026-02-03 16:00:00,77.0,77.8,76.78,77.1796,0
2026-02-03 17:00:00,77.18,77.703,76.96,77.33,0
2026-02-03 18:00:00,77.3286,77.68,75.5,76.62,0
2026-02-04 04:00:00,81.79,81.8,80.5,80.73,0
2026-02-04 05:00:00,80.72,81.38,79.89,81.31,0
2026-02-04 06:00:00,81.35,81.97,80.76,80.77,0
2026-02-04 07:00:00,80.78,82.25,80.6,81.56,0
2026-02-04 08:00:00,81.57,82.4,78.89,82.13,0
2026-02-04 09:00:00,82.13,83.5,76.96,83.0294,0
2026-02-04 09:30:00,82.5999984741211,82.80000305175781,79.91000366210938,80.23400115966797,47818284
2026-02-04 10:30:00,80.25,80.44000244140625,77.56999969482422,78.69999694824219,22326855
2026-02-04 11:30:00,78.71499633789062,78.81999969482422,76.04000091552734,77.49500274658203,16757947
2026-02-04 12:30:00,77.5,78.27999877929688,75.76000213623047,78.0199966430664,13211658
2026-02-04 13:30:00,78.0,78.9000015258789,77.12999725341797,78.55500030517578,9824317
2026-02-04 14:30:00,78.55999755859375,79.1500015258789,77.83999633789062,77.93000030517578,9049972
2026-02-04 15:30:00,77.94000244140625,79.4800033569336,77.55000305175781,79.16999816894531,7732952
2026-02-04 16:00:00,79.17,80.0,75.3,79.92,0
2026-02-04 17:00:00,79.92,80.0,79.71,79.76,0
2026-02-04 18:00:00,79.78,81.77,79.7701,81.19,0
2026-02-05 04:00:00,72.33,72.9,70.38,71.28,0
2026-02-05 05:00:00,71.29,72.05,70.49,70.91,0
2026-02-05 06:00:00,70.95,72.0,70.56,71.65,0
2026-02-05 07:00:00,71.62,71.65,68.93,69.71,0
2026-02-05 08:00:00,69.7,79.18,67.0,69.6,0
2026-02-05 09:00:00,69.65,70.51,67.78,67.8292,0
2026-02-05 09:30:00,68.2300033569336,70.33999633789062,66.58000183105469,66.94999694824219,63446744
2026-02-05 10:30:00,66.95999908447266,69.19000244140625,65.51000213623047,68.83999633789062,27914756
2026-02-05 11:30:00,68.83999633789062,70.2665023803711,68.71869659423828,69.31500244140625,15367134
2026-02-05 12:30:00,69.30999755859375,70.5199966430664,68.1500015258789,70.12000274658203,12899727
2026-02-05 13:30:00,70.0999984741211,70.0999984741211,68.58000183105469,68.70500183105469,11984474
2026-02-05 14:30:00,68.70999908447266,68.7699966430664,67.05000305175781,67.51399993896484,10813754
2026-02-05 15:30:00,67.5199966430664,67.68000030517578,65.87000274658203,66.69329833984375,9583124
2026-02-05 16:00:00,66.69,67.26,64.0313,64.29,0
2026-02-05 17:00:00,64.29,64.92,63.96,64.38,0
2026-02-05 18:00:00,64.37,64.68,60.8,61.05,0
2026-02-06 04:00:00,66.82,67.44,66.24,67.38,0
2026-02-06 05:00:00,67.38,67.5,66.5,66.65,0
2026-02-06 06:00:00,66.65,68.01,66.6,67.69,0
2026-02-06 07:00:00,67.69,68.01,66.87,67.0,0
2026-02-06 08:00:00,67.01,69.12,64.76,67.99,0
2026-02-06 09:00:00,67.96,69.03,67.9493,68.3897,0
2026-02-06 09:30:00,67.61000061035156,69.73999786376953,67.45500183105469,69.4800033569336,26365754
2026-02-06 10:30:00,69.29499816894531,69.3499984741211,68.01000213623047,68.55999755859375,12462772
2026-02-06 11:30:00,68.56999969482422,69.63999938964844,68.35009765625,69.55000305175781,6158758
2026-02-06 12:30:00,69.55999755859375,70.83999633789062,69.25,70.20870208740234,9242304
2026-02-06 13:30:00,70.20500183105469,70.44000244140625,69.8499984741211,69.90869903564453,4749159
2026-02-06 14:30:00,69.91000366210938,70.40899658203125,69.76100158691406,70.17489624023438,5032761
2026-02-06 15:30:00,70.17500305175781,70.30000305175781,69.37999725341797,70.1989974975586,5132058
2026-02-06 16:00:00,70.19,70.75,69.75,70.51,0
2026-02-06 17:00:00,70.6,70.6,70.1,70.24,0
2026-02-06 18:00:00,70.2397,70.52,70.2,70.385,0
2026-02-09 04:00:00,74.2,74.45,73.8,74.15,0
2026-02-09 05:00:00,74.15,74.2,72.12,72.29,0
2026-02-09 06:00:00,72.28,72.49,71.32,72.29,0
2026-02-09 07:00:00,72.29,73.16,71.99,72.61,0
2026-02-09 08:00:00,72.6,74.7,71.339,72.1999,0
2026-02-09 09:00:00,72.1998,72.58,70.19,72.2,0
2026-02-09 09:30:00,72.87999725341797,74.20999908447266,72.55000305175781,74.04000091552734,27117364
2026-02-09 10:30:00,74.05000305175781,75.41000366210938,74.05000305175781,75.19000244140625,12288899
2026-02-09 11:30:00,75.19000244140625,75.7300033569336,75.0115966796875,75.41000366210938,10706065
2026-02-09 12:30:00,75.41999816894531,75.80999755859375,74.31999969482422,74.875,12579617
2026-02-09 13:30:00,74.88999938964844,75.55000305175781,74.75,75.51940155029297,5655187
2026-02-09 14:30:00,75.5199966430664,75.98999786376953,75.43000030517578,75.8550033569336,7805906
2026-02-09 15:30:00,75.8550033569336,76.16000366210938,75.7249984741211,76.0000991821289,7388706
2026-02-09 16:00:00,76.04,76.05,75.27,75.5271,0
2026-02-09 17:00:00,75.5271,76.04,75.5,75.67,0
2026-02-09 18:00:00,75.67,76.15,73.3004,74.17,0
2026-02-10 04:00:00,74.59,75.04,74.1,74.71,0
2026-02-10 05:00:00,74.74,74.75,74.12,74.48,0
2026-02-10 06:00:00,74.41,74.85,73.99,74.08,0
2026-02-10 07:00:00,74.07,74.83,74.03,74.34,0
2026-02-10 08:00:00,74.35,76.04,73.08,73.96,0
2026-02-10 09:00:00,73.92,76.04,73.91,74.32,0
2026-02-10 09:30:00,74.72000122070312,75.24500274658203,73.66000366210938,73.90010070800781,21513143
2026-02-10 10:30:00,73.9000015258789,74.2300033569336,72.45999908447266,72.49009704589844,14085386
2026-02-10 11:30:00,72.4999008178711,73.83000183105469,72.45500183105469,73.7300033569336,8204966
2026-02-10 12:30:00,73.7300033569336,73.94999694824219,72.76000213623047,72.94999694824219,7469441
2026-02-10 13:30:00,72.95999908447266,73.51000213623047,72.8550033569336,73.4896011352539,5052400
2026-02-10 14:30:00,73.48423767089844,73.70249938964844,73.08000183105469,73.29499816894531,5601332
2026-02-10 15:30:00,73.29000091552734,73.69000244140625,73.1500015258789,73.40879821777344,4573694
2026-02-10 16:00:00,73.39,77.703,73.02,73.19,0
2026-02-10 17:00:00,73.23,73.41,69.9972,73.2,0
2026-02-10 18:00:00,73.22,73.99,73.22,73.74,0
2026-02-11 04:00:00,75.87,76.11,75.54,76.1,0
2026-02-11 05:00:00,76.09,77.09,76.0,76.92,0
2026-02-11 06:00:00,76.91,77.95,76.73,77.94,0
2026-02-11 07:00:00,77.94,78.18,77.45,77.71,0
2026-02-11 08:00:00,77.68,78.18,73.41,77.5,0
2026-02-11 09:00:00,77.5088,77.57,73.24,77.085,0
2026-02-11 09:30:00,76.91999816894531,76.98999786376953,75.02999877929688,75.25499725341797,33980306
2026-02-11 10:30:00,75.25,75.55000305175781,74.80000305175781,75.51580047607422,10986904
2026-02-11 11:30:00,75.51000213623047,76.43000030517578,75.31999969482422,76.38999938964844,8228598
2026-02-11 12:30:00,76.37999725341797,76.86000061035156,75.97000122070312,76.43000030517578,6874929
2026-02-11 13:30:00,76.42500305175781,76.65499877929688,75.9800033569336,76.52690124511719,4661587
2026-02-11 14:30:00,76.51499938964844,76.55999755859375,76.05000305175781,76.25,4559694
2026-02-11 15:30:00,76.25,76.68000030517578,76.16999816894531,76.55000305175781,4029072
2026-02-11 16:00:00,76.55,76.66,76.01,76.38,0
2026-02-11 17:00:00,76.38,76.9546,75.2421,76.57,0
2026-02-11 18:00:00,76.56,77.0,74.99,75.0,0
2026-02-12 04:00:00,75.99,76.15,75.5,75.79,0
2026-02-12 05:00:00,75.8,76.06,75.55,75.68,0
2026-02-12 06:00:00,75.69,75.83,75.28,75.54,0
2026-02-12 07:00:00,75.54,75.75,74.8,74.99,0
2026-02-12 08:00:00,75.0,76.56,74.19,74.6,0
2026-02-12 09:00:00,74.6025,75.58,74.34,75.2015,0
2026-02-12 09:30:00,75.18499755859375,75.66999816894531,74.48999786376953,75.12999725341797,15781657
2026-02-12 10:30:00,75.12000274658203,75.37000274658203,68.41999816894531,69.12000274658203,28718186
2026-02-12 11:30:00,69.0999984741211,70.94000244140625,67.88009643554688,69.89070129394531,29975326
2026-02-12 12:30:00,69.88999938964844,70.25,67.61000061035156,68.70500183105469,16794442
2026-02-12 13:30:00,68.72000122070312,69.63999938964844,68.66000366210938,68.72000122070312,10501707
2026-02-12 14:30:00,68.71499633789062,69.5999984741211,68.08999633789062,68.18499755859375,10360208
2026-02-12 15:30:00,68.16999816894531,68.3499984741211,67.3550033569336,67.66000366210938,12657166
2026-02-12 16:00:00,67.73,68.29,67.6,68.1,0
2026-02-12 17:00:00,68.12,68.37,68.1,68.2499,0
2026-02-12 18:00:00,68.25,68.51,67.0,68.0309,0
2026-02-13 04:00:00,71.45,71.64,70.8,71.1,0
2026-02-13 05:00:00,71.11,71.38,70.7,71.25,0
2026-02-13 06:00:00,71.27,71.27,69.42,69.9,0
2026-02-13 07:00:00,69.9,70.4,69.45,70.08,0
2026-02-13 08:00:00,70.08,71.9,68.88,69.93,0
2026-02-13 09:00:00,70.0,75.54,69.972,71.3899,0
2026-02-13 09:30:00,71.20999908447266,71.31990051269531,68.86000061035156,70.69000244140625,29206078
2026-02-13 10:30:00,70.67500305175781,71.23999786376953,69.6969985961914,70.94999694824219,11094118
2026-02-13 11:30:00,70.94499969482422,70.95999908447266,69.98500061035156,70.24500274658203,6499511
2026-02-13 12:30:00,70.22000122070312,70.8499984741211,70.05999755859375,70.37999725341797,5099904
2026-02-13 13:30:00,70.37999725341797,70.86650085449219,70.25,70.61009979248047,5537767
2026-02-13 14:30:00,70.61000061035156,70.62000274658203,69.69999694824219,69.81500244140625,5219265
2026-02-13 15:30:00,69.80999755859375,69.96499633789062,69.26000213623047,69.70999908447266,5533673
2026-02-13 16:00:00,69.73,70.1999,69.53,70.0396,0
2026-02-13 17:00:00,70.0202,72.2671,69.91,70.0008,0
2026-02-13 18:00:00,70.01,70.06,70.0,70.0002,0
2026-02-17 04:00:00,67.99,68.29,67.48,67.69,0
2026-02-17 05:00:00,67.68,67.93,67.07,67.64,0
2026-02-17 06:00:00,67.63,67.63,66.77,67.42,0
2026-02-17 07:00:00,67.44,68.21,67.27,68.02,0
2026-02-17 08:00:00,68.02,69.72,66.0,67.3223,0
2026-02-17 09:00:00,67.3,69.72,65.62,67.2,0
2026-02-17 09:30:00,67.2699966430664,67.69999694824219,65.13999938964844,65.76499938964844,33905471
2026-02-17 10:30:00,65.76000213623047,66.94999694824219,65.61000061035156,66.73069763183594,11492063
2026-02-17 11:30:00,66.7300033569336,66.94499969482422,65.61000061035156,66.04000091552734,8065841
2026-02-17 12:30:00,66.02999877929688,66.8499984741211,65.25,66.63500213623047,11527179
2026-02-17 13:30:00,66.62000274658203,67.12000274658203,66.47000122070312,66.58000183105469,6987215
2026-02-17 14:30:00,66.5999984741211,66.76000213623047,66.26000213623047,66.30500030517578,4201283
2026-02-17 15:30:00,66.30000305175781,66.69499969482422,66.19000244140625,66.36000061035156,4504746
2026-02-17 16:00:00,66.37,66.74,66.34,66.63,0
2026-02-17 17:00:00,66.61,66.64,66.345764,66.57,0
2026-02-17 18:00:00,66.57,70.34,65.4653,65.68,0
2026-02-18 04:00:00,68.76,68.95,68.48,68.82,0
2026-02-18 05:00:00,68.82,69.09,68.57,68.79,0
2026-02-18 06:00:00,68.78,68.78,68.34,68.58,0
2026-02-18 07:00:00,68.58,68.78,68.2,68.36,0
2026-02-18 08:00:00,68.35,69.29,66.37,69.19,0
2026-02-18 09:00:00,69.17,69.73,66.37,69.6543,0
2026-02-18 09:30:00,69.66000366210938,70.94999694824219,69.38009643554688,70.67500305175781,23487923
2026-02-18 10:30:00,70.68000030517578,70.76000213623047,70.25,70.44999694824219,7843782
2026-02-18 11:30:00,70.44999694824219,70.87000274658203,70.36000061035156,70.65499877929688,4996088
2026-02-18 12:30:00,70.6500015258789,70.97000122070312,70.11000061035156,70.2699966430664,6596813
2026-02-18 13:30:00,70.2699966430664,70.33499908447266,69.45999908447266,69.52999877929688,7410429
2026-02-18 14:30:00,69.52999877929688,69.80000305175781,69.06999969482422,69.70999908447266,6100455
2026-02-18 15:30:00,69.68000030517578,70.16000366210938,69.6449966430664,70.08000183105469,4603305
2026-02-18 16:00:00,70.08,70.11,68.352,69.95,0
2026-02-18 17:00:00,69.97,70.05,69.6,69.9868,0
2026-02-18 18:00:00,69.98,70.4292,69.7102,69.9,0
2026-02-19 04:00:00,71.8,71.84,71.35,71.36,0
2026-02-19 05:00:00,71.36,71.48,70.77,70.94,0
2026-02-19 06:00:00,70.91,71.23,70.63,70.69,0
2026-02-19 07:00:00,70.72,70.87,70.06,70.6,0
2026-02-19 08:00:00,70.62,71.97,70.07,70.67,0
2026-02-19 09:00:00,70.66,71.05,70.32,70.36,0
2026-02-19 09:30:00,70.68000030517578,70.9800033569336,69.8499984741211,70.9749984741211,17173252
2026-02-19 10:30:00,70.97000122070312,71.66999816894531,70.4800033569336,70.70999908447266,9818728
2026-02-19 11:30:00,70.70500183105469,70.87000274658203,70.05000305175781,70.56500244140625,6107524
2026-02-19 12:30:00,70.55999755859375,70.70999908447266,70.18000030517578,70.21499633789062,4880774
2026-02-19 13:30:00,70.20500183105469,70.73567962646484,70.19499969482422,70.62000274658203,3402838
2026-02-19 14:30:00,70.62000274658203,70.8499984741211,70.22750091552734,70.80010223388672,2845541
2026-02-19 15:30:00,70.80000305175781,71.12989807128906,70.7699966430664,71.01000213623047,3716877
2026-02-19 16:00:00,71.01,71.14,70.8,71.0997,0
2026-02-19 17:00:00,71.0888,71.2,70.39,71.06,0
2026-02-19 18:00:00,71.07,71.35,70.58,70.6672,0
2026-02-20 04:00:00,72.35,73.56,71.5,73.06,0
2026-02-20 05:00:00,73.07,73.16,72.67,73.1,0
2026-02-20 06:00:00,73.1,73.37,72.9,73.04,0
2026-02-20 07:00:00,73.05,73.1,72.56,72.63,0
2026-02-20 08:00:00,72.639,73.55,70.85,72.97,0
2026-02-20 09:00:00,72.98,73.35,72.6,73.16,0
2026-02-20 09:30:00,73.11000061035156,74.36499786376953,72.25,73.44000244140625,27716902
2026-02-20 10:30:00,73.44999694824219,74.76010131835938,73.1500015258789,74.4749984741211,11412486
2026-02-20 11:30:00,74.47000122070312,74.93000030517578,74.16000366210938,74.67500305175781,9910431
2026-02-20 12:30:00,74.68000030517578,75.08999633789062,74.4800033569336,74.63999938964844,7939516
2026-02-20 13:30:00,74.61499786376953,75.19000244140625,74.54000091552734,75.04000091552734,5909157
2026-02-20 14:30:00,75.05000305175781,76.30000305175781,75.04000091552734,76.28500366210938,10066189
2026-02-20 15:30:00,76.27999877929688,76.68000030517578,75.97000122070312,76.5999984741211,11323264
2026-02-20 16:00:00,76.62,76.73,76.0,76.6893,0
2026-02-20 17:00:00,76.69,76.98,76.6,76.8,0
2026-02-20 18:00:00,76.8,76.95,76.62,76.7444,0
2026-02-23 04:00:00,78.17,78.7,77.7,78.53,0
2026-02-23 05:00:00,78.54,78.74,78.4,78.71,0
2026-02-23 06:00:00,78.71,78.91,78.23,78.27,0
2026-02-23 07:00:00,78.27,78.75,78.13,78.45,0
2026-02-23 08:00:00,78.48,79.1,77.17,78.37,0
2026-02-23 09:00:00,78.37,78.41,76.62,78.25,0
2026-02-23 09:30:00,78.4000015258789,79.77999877929688,78.33999633789062,79.125,31809087
2026-02-23 10:30:00,79.13999938964844,79.30999755859375,77.90499877929688,79.05999755859375,17970012
2026-02-23 11:30:00,79.05999755859375,79.2249984741211,78.29100036621094,78.77999877929688,8089480
2026-02-23 12:30:00,78.77999877929688,78.95999908447266,78.22000122070312,78.86009979248047,7417471
2026-02-23 13:30:00,78.87000274658203,79.58999633789062,78.86000061035156,79.36180114746094,7540484
2026-02-23 14:30:00,79.36499786376953,80.06999969482422,79.33499908447266,80.0250015258789,9436105
2026-02-23 15:30:00,80.0199966430664,80.69499969482422,80.01000213623047,80.55500030517578,8741419
2026-02-23 16:00:00,80.57,80.57,78.6831,79.9129,0
2026-02-23 17:00:00,79.94,80.57,79.9,79.99,0
2026-02-23 18:00:00,79.9973,80.54,79.82,79.88,0
2026-02-24 04:00:00,79.8,80.01,79.63,79.72,0
2026-02-24 05:00:00,79.72,80.25,79.6,80.09,0
2026-02-24 06:00:00,80.07,80.12,79.54,79.71,0
2026-02-24 07:00:00,79.7,80.02,79.1,79.45,0
2026-02-24 08:00:00,79.47,80.57,78.56,79.6803,0
2026-02-24 09:00:00,79.72,79.8,70.31,77.66,0
2026-02-24 09:30:00,78.2300033569336,79.68000030517578,77.94000244140625,79.41020202636719,22655865
2026-02-24 10:30:00,79.41000366210938,79.91000366210938,79.31999969482422,79.51699829101562,7092064
2026-02-24 11:30:00,79.5199966430664,79.73999786376953,78.77999877929688,79.66010284423828,6488709
2026-02-24 12:30:00,79.66999816894531,79.93990325927734,79.24349975585938,79.4000015258789,4395654
2026-02-24 13:30:00,79.37999725341797,79.45230102539062,78.41999816894531,78.87449645996094,6106901
2026-02-24 14:30:00,78.87999725341797,79.19989776611328,78.48999786376953,79.11000061035156,4300572
2026-02-24 15:30:00,79.12000274658203,79.44999694824219,78.94000244140625,79.05999755859375,3780628
2026-02-24 16:00:00,79.063,79.7545,77.703,78.94,0
2026-02-24 17:00:00,78.96,79.05,78.75,78.85,0
2026-02-24 18:00:00,78.85,79.19,78.43,79.03,0
2026-02-25 04:00:00,82.36,82.39,81.91,82.31,0
2026-02-25 05:00:00,82.35,82.43,81.83,81.97,0
2026-02-25 06:00:00,82.0,82.2,81.09,81.65,0
2026-02-25 07:00:00,81.65,82.18,81.48,81.81,0
2026-02-25 08:00:00,81.81,82.63,79.08,82.2398,0
2026-02-25 09:00:00,82.2297,82.4128,81.7605,82.2192,0
2026-02-25 09:30:00,81.77999877929688,82.27999877929688,80.97019958496094,81.63500213623047,20201100
2026-02-25 10:30:00,81.62999725341797,82.22000122070312,81.37000274658203,82.08879852294922,5599591
2026-02-25 11:30:00,82.08000183105469,82.37000274658203,81.86000061035156,82.20999908447266,4143342
2026-02-25 12:30:00,82.22000122070312,82.58999633789062,82.08999633789062,82.55000305175781,7484963
2026-02-25 13:30:00,82.55989837646484,82.62999725341797,82.04000091552734,82.43499755859375,4812469
2026-02-25 14:30:00,82.44000244140625,82.7300033569336,81.36000061035156,81.37000274658203,7333405
2026-02-25 15:30:00,81.37000274658203,81.48999786376953,79.87999725341797,80.06990051269531,11671096
2026-02-25 16:00:00,80.02,82.159,79.95,80.8,0
2026-02-25 17:00:00,80.86,80.95,75.2421,80.75,0
2026-02-25 18:00:00,80.71,81.17,79.01,79.26,0
2026-02-26 04:00:00,79.2,79.7,78.94,79.23,0
2026-02-26 05:00:00,79.22,79.46,78.88,78.89,0
2026-02-26 06:00:00,78.88,79.38,78.56,79.27,0
2026-02-26 07:00:00,79.3,79.4,77.86,78.64,0
2026-02-26 08:00:00,78.65,81.5,77.88,78.96,0
2026-02-26 09:00:00,78.97,80.04,78.42,78.74,0
2026-02-26 09:30:00,78.76000213623047,78.81999969482422,77.19000244140625,77.66000366210938,19997627
2026-02-26 10:30:00,77.6500015258789,79.37999725341797,77.62000274658203,79.0697021484375,8523749
2026-02-26 11:30:00,79.05000305175781,79.0999984741211,78.44999694824219,78.4800033569336,4462822
2026-02-26 12:30:00,78.48999786376953,78.94000244140625,78.19000244140625,78.78009796142578,4145411
2026-02-26 13:30:00,78.77999877929688,79.68499755859375,78.55999755859375,79.60330200195312,4189581
2026-02-26 14:30:00,79.62999725341797,80.56999969482422,79.53450012207031,80.31500244140625,5149499
2026-02-26 15:30:00,80.31009674072266,80.50499725341797,80.12000274658203,80.43499755859375,3770763
2026-02-26 16:00:00,80.44,81.4541,76.9982,79.9219,0
2026-02-26 17:00:00,79.94,82.3556,76.9982,79.91,0
2026-02-26 18:00:00,79.91,80.34,79.63,79.8787,0
2026-02-27 04:00:00,81.19,81.8,81.02,81.28,0
2026-02-27 05:00:00,81.29,81.58,80.7,81.19,0
2026-02-27 06:00:00,81.22,81.5,80.99,81.3,0
2026-02-27 07:00:00,81.31,81.61,81.08,81.3,0
2026-02-27 08:00:00,81.319,83.99,80.45,83.71,0
2026-02-27 09:00:00,83.71,83.79,82.86,83.42,0
2026-02-27 09:30:00,83.25,83.80999755859375,82.36000061035156,83.4800033569336,20257681
2026-02-27 10:30:00,83.48999786376953,85.2699966430664,83.48999786376953,84.69159698486328,16739657
2026-02-27 11:30:00,84.69000244140625,84.94000244140625,84.19000244140625,84.66000366210938,8029129
2026-02-27 12:30:00,84.66000366210938,85.03500366210938,83.62999725341797,84.125,7652117
2026-02-27 13:30:00,84.125,84.70500183105469,83.80999755859375,84.30999755859375,4388243
2026-02-27 14:30:00,84.33000183105469,84.90989685058594,84.08100128173828,84.68000030517578,4698055
2026-02-27 15:30:00,84.66999816894531,85.05999755859375,84.5145034790039,84.9800033569336,6262119
2026-02-27 16:00:00,84.99,85.08,84.78,84.96,0
2026-02-27 17:00:00,84.98,85.07,84.91,85.0298,0
2026-02-27 18:00:00,85.0285,85.19,85.02,85.1301,0
2026-03-02 04:00:00,86.56,86.66,86.08,86.42,0
2026-03-02 05:00:00,86.44,86.77,86.14,86.37,0
2026-03-02 06:00:00,86.37,86.64,85.83,86.37,0
2026-03-02 07:00:00,86.38,86.47,85.43,86.16,0
2026-03-02 08:00:00,86.18,87.14,84.7,85.33,0
2026-03-02 09:00:00,85.33,85.57,83.8,84.0687,0
2026-03-02 09:30:00,81.16999816894531,82.16999816894531,80.0199966430664,81.69499969482422,35821814
2026-03-02 10:30:00,81.69000244140625,82.3738021850586,78.33999633789062,79.49500274658203,18148647
2026-03-02 11:30:00,79.49500274658203,79.91000366210938,78.69000244140625,79.2699966430664,12342531
2026-03-02 12:30:00,79.2699966430664,80.4000015258789,79.0250015258789,80.36499786376953,7977956
2026-03-02 13:30:00,80.3499984741211,81.12000274658203,79.73999786376953,81.0999984741211,6214230
2026-03-02 14:30:00,81.11000061035156,81.4800033569336,80.66999816894531,81.25499725341797,7438917
2026-03-02 15:30:00,81.26000213623047,82.2699966430664,81.16000366210938,81.55999755859375,6486905
2026-03-02 16:00:00,81.555,85.701,80.9,80.9079,0
2026-03-02 17:00:00,80.95,81.57,76.209,81.0045,0
2026-03-02 18:00:00,81.04,81.75,81.0,81.55,0
2026-03-03 04:00:00,77.0,77.6,75.2,75.51,0
2026-03-03 05:00:00,75.53,76.76,75.42,75.94,0
2026-03-03 06:00:00,75.94,75.94,71.78,72.1,0
2026-03-03 07:00:00,72.07,75.03,70.62,74.88,0
2026-03-03 08:00:00,74.87,81.66,70.63,75.089,0
2026-03-03 09:00:00,75.01,75.39,73.93,74.87,0
2026-03-03 09:30:00,74.20999908447266,74.26000213623047,71.68000030517578,73.05000305175781,38403534
2026-03-03 10:30:00,73.02999877929688,75.8949966430664,72.87999725341797,75.44999694824219,12059835
2026-03-03 11:30:00,75.45999908447266,75.7699966430664,74.12000274658203,74.69999694824219,8904852
2026-03-03 12:30:00,74.69000244140625,75.64939880371094,73.94000244140625,75.48500061035156,8109016
2026-03-03 13:30:00,75.48999786376953,76.13999938964844,74.66999816894531,74.91000366210938,6546574
2026-03-03 14:30:00,74.9000015258789,75.94000244140625,74.5,75.3949966430664,7127091
2026-03-03 15:30:00,75.4000015258789,75.54000091552734,74.33999633789062,74.72000122070312,6514709
2026-03-03 16:00:00,74.7,74.9148,74.2,74.33,0
2026-03-03 17:00:00,74.3205,77.703,74.27,74.43,0
2026-03-03 18:00:00,74.45,75.34,74.32,75.2,0
2026-03-04 04:00:00,77.34,77.92,77.0,77.61,0
2026-03-04 05:00:00,77.62,78.48,77.55,77.61,0
2026-03-04 06:00:00,77.64,78.24,77.53,78.08,0
2026-03-04 07:00:00,78.09,78.65,77.68,77.71,0
2026-03-04 08:00:00,77.72,78.6184,75.87,77.74,0
2026-03-04 09:00:00,77.7216,77.81,76.05,76.4597,0
2026-03-04 09:30:00,76.33999633789062,77.05999755859375,75.27100372314453,76.44000244140625,16435386
2026-03-04 10:30:00,76.44999694824219,76.6500015258789,75.43060302734375,75.68000030517578,5284675
2026-03-04 11:30:00,75.69000244140625,76.17500305175781,75.19000244140625,75.6449966430664,3638909
2026-03-04 12:30:00,75.66000366210938,75.91999816894531,74.41000366210938,75.3593978881836,5041716
2026-03-04 13:30:00,75.36000061035156,75.69999694824219,74.79010009765625,75.5250015258789,2597894
2026-03-04 14:30:00,75.5,75.87000274658203,75.05999755859375,75.76000213623047,2867331
2026-03-04 15:30:00,75.76000213623047,75.87680053710938,75.1613998413086,75.3301010131836,2152176
2026-03-04 16:00:00,75.34,75.7,75.3,75.6354,0
2026-03-04 17:00:00,75.64,75.86,75.55,75.73,0
2026-03-04 18:00:00,75.74,76.1,75.6519,76.0775,0
2026-03-05 04:00:00,75.88,76.93,75.68,76.33,0
2026-03-05 05:00:00,76.31,76.47,75.85,76.15,0
2026-03-05 06:00:00,76.15,76.56,75.8,76.36,0
2026-03-05 07:00:00,76.35,76.69,76.05,76.33,0
2026-03-05 08:00:00,76.3,76.95,72.97,74.66,0
2026-03-05 09:00:00,74.6547,75.34,74.56,74.9,0
2026-03-05 09:30:00,74.94000244140625,75.5199966430664,73.80999755859375,74.26000213623047,17866907
2026-03-05 10:30:00,74.26499938964844,74.5999984741211,73.46749877929688,73.81999969482422,7536029
2026-03-05 11:30:00,73.81999969482422,74.62000274658203,73.4800033569336,74.06999969482422,5059865
2026-03-05 12:30:00,74.0999984741211,74.66999816894531,73.60199737548828,74.13999938964844,5184842
2026-03-05 13:30:00,74.12999725341797,74.38500213623047,73.5199966430664,73.57499694824219,3593836
2026-03-05 14:30:00,73.56999969482422,74.56739807128906,73.01000213623047,74.1500015258789,5782729
2026-03-05 15:30:00,74.16000366210938,74.43000030517578,74.0,74.26000213623047,3108518
2026-03-05 16:00:00,74.27,74.59,74.16,74.5,0
2026-03-05 17:00:00,74.535,74.55,74.27,74.4831,0
2026-03-05 18:00:00,74.5,75.44,74.4201,74.9449,0
2026-03-06 04:00:00,76.23,76.42,75.58,75.75,0
2026-03-06 05:00:00,75.75,75.85,74.64,75.29,0
2026-03-06 06:00:00,75.22,75.62,74.65,75.31,0
2026-03-06 07:00:00,75.3,75.48,74.18,74.58,0
2026-03-06 08:00:00,74.58,76.78,73.99,74.92,0
2026-03-06 09:00:00,74.92,76.25,74.58,74.89,0
2026-03-06 09:30:00,75.08999633789062,76.97000122070312,74.58000183105469,76.45500183105469,17325003
2026-03-06 10:30:00,76.45999908447266,76.9000015258789,76.04000091552734,76.4999008178711,5809578
2026-03-06 11:30:00,76.5,76.62000274658203,75.66000366210938,75.91500091552734,4284361
2026-03-06 12:30:00,75.91999816894531,76.47000122070312,75.83999633789062,76.44999694824219,3895167
2026-03-06 13:30:00,76.44999694824219,76.7699966430664,76.16999816894531,76.53500366210938,2752097
2026-03-06 14:30:00,76.53500366210938,76.625,76.01000213623047,76.02999877929688,2875361
2026-03-06 15:30:00,76.0199966430664,76.12999725341797,75.70999908447266,75.94999694824219,2742626
2026-03-06 16:00:00,75.98,76.54,75.89,76.45,0
2026-03-06 17:00:00,76.44,76.48,75.94,76.39,0
2026-03-06 18:00:00,76.3706,76.5,76.33,76.371,0
2026-03-09 04:00:00,75.64,75.98,75.35,75.45,0
2026-03-09 05:00:00,75.41,76.41,75.4,76.37,0
2026-03-09 06:00:00,76.37,76.53,75.76,75.99,0
2026-03-09 07:00:00,75.93,76.04,75.03,75.28,0
2026-03-09 08:00:00,75.36,76.93,74.69,75.97,0
2026-03-09 09:00:00,75.98,76.36,75.6706,76.25,0
2026-03-09 09:30:00,76.43000030517578,77.15499877929688,75.23750305175781,75.77999877929688,11538842
2026-03-09 10:30:00,75.7699966430664,76.61499786376953,75.7300033569336,76.4749984741211,4963196
2026-03-09 11:30:00,76.47000122070312,76.69999694824219,76.27999877929688,76.48999786376953,2867056
2026-03-09 12:30:00,76.48999786376953,76.79499816894531,76.05899810791016,76.08000183105469,2664914
2026-03-09 13:30:00,76.08000183105469,76.77999877929688,75.95999908447266,76.63999938964844,2250694
2026-03-09 14:30:00,76.6500015258789,78.55999755859375,76.6500015258789,78.46499633789062,5807830
2026-03-09 15:30:00,78.45999908447266,78.49500274658203,77.80000305175781,78.22000122070312,3263045
2026-03-09 16:00:00,78.25,78.82,78.2,78.77,0
2026-03-09 17:00:00,78.75,78.82,78.5,78.65,0
2026-03-09 18:00:00,78.66,79.3,78.26,79.2896,0
2026-03-09 19:00:00,79.289,79.75,78.81,79.0434,0
2026-03-10 04:00:00,80.7,80.83,80.46,80.7,0
2026-03-10 05:00:00,80.7,80.95,80.58,80.91,0
2026-03-10 06:00:00,80.91,81.02,80.18,80.28,0
2026-03-10 07:00:00,80.23,80.54,79.55,80.05,0
2026-03-10 08:00:00,80.07,81.02,78.26,80.1348,0
2026-03-10 09:00:00,80.115,80.87,80.0892,80.82,0
2026-03-10 09:30:00,80.88999938964844,80.94999694824219,79.9800033569336,80.5199966430664,12308436
2026-03-10 10:30:00,80.5199966430664,81.22000122070312,80.20999908447266,81.125,4226425
2026-03-10 11:30:00,81.13200378417969,81.27880096435547,80.63999938964844,81.07250213623047,3429034
2026-03-10 12:30:00,81.08000183105469,81.25,80.7300033569336,80.97000122070312,4123311
2026-03-10 13:30:00,80.97000122070312,81.091796875,78.731201171875,79.94000244140625,5911753
2026-03-10 14:30:00,79.94499969482422,80.31500244140625,79.43000030517578,80.03009796142578,3748647
2026-03-10 15:30:00,80.02999877929688,80.13500213623047,79.4738998413086,80.08999633789062,2743211
2026-03-10 16:00:00,80.1,80.27,77.703,79.97,0
2026-03-10 17:00:00,79.97,80.09,79.97,80.01,0
2026-03-10 18:00:00,80.0,80.5,79.93,79.96,0
2026-03-10 19:00:00,80.03,80.2,79.7556,80.12,0
2026-03-11 04:00:00,78.74,79.3,78.3,78.58,0
2026-03-11 05:00:00,78.61,79.05,78.4,78.95,0
2026-03-11 06:00:00,78.97,79.11,78.29,78.87,0
2026-03-11 07:00:00,78.87,78.87,78.29,78.5,0
2026-03-11 08:00:00,78.48,80.15,77.89,78.333,0
2026-03-11 09:00:00,78.45,78.54,76.72,77.66,0
2026-03-11 09:30:00,78.02999877929688,78.0635986328125,76.44999694824219,77.77999877929688,13155280
2026-03-11 10:30:00,77.7699966430664,77.83999633789062,76.91500091552734,77.16000366210938,3678477
2026-03-11 11:30:00,77.15499877929688,77.16000366210938,76.5,76.93000030517578,3297888
2026-03-11 12:30:00,76.93000030517578,77.5,76.87010192871094,77.36499786376953,2504361
2026-03-11 13:30:00,77.37000274658203,77.81999969482422,76.77999877929688,77.80000305175781,2481140
2026-03-11 14:30:00,77.79000091552734,77.79000091552734,77.2699966430664,77.5989990234375,1930885
2026-03-11 15:30:00,77.5999984741211,77.93000030517578,77.56999969482422,77.9000015258789,2260745
2026-03-11 16:00:00,77.91,77.95,77.565,77.6492,0
2026-03-11 17:00:00,77.65,77.91,75.2421,77.68,0
2026-03-11 18:00:00,77.67,77.71,76.65,76.9709,0
2026-03-11 19:00:00,76.92,77.18,76.58,76.6334,0
2026-03-12 04:00:00,78.76,78.96,78.1,78.57,0
2026-03-12 05:00:00,78.58,78.85,78.34,78.64,0
2026-03-12 06:00:00,78.67,78.99,78.65,78.9,0
2026-03-12 07:00:00,78.93,79.01,78.6,78.7,0
2026-03-12 08:00:00,78.7,79.0,76.45,78.77,0
2026-03-12 09:00:00,78.71,79.21,78.6,78.97,0
2026-03-12 09:30:00,78.52999877929688,78.54000091552734,77.58999633789062,77.68000030517578,9373010
2026-03-12 10:30:00,77.66999816894531,77.83999633789062,76.5,77.09660339355469,5392962
2026-03-12 11:30:00,77.0999984741211,77.5199966430664,76.69000244140625,77.2698974609375,3374737
2026-03-12 12:30:00,77.2699966430664,77.5199966430664,76.80999755859375,76.91000366210938,2341159
2026-03-12 13:30:00,76.9000015258789,77.16000366210938,76.68000030517578,76.83999633789062,2821913
2026-03-12 14:30:00,76.83999633789062,77.04000091552734,76.47000122070312,76.91000366210938,3318589
2026-03-12 15:30:00,76.91000366210938,77.00499725341797,76.36009979248047,76.5,2088540
2026-03-12 16:00:00,76.48,78.9711,75.15,75.91,0
2026-03-12 17:00:00,75.95,78.9711,73.7403,76.0467,0
2026-03-12 18:00:00,76.02,76.4,75.5812,76.38,0
2026-03-12 19:00:00,76.38,76.42,76.1297,76.1297,0
2026-03-13 04:00:00,74.71,75.0,73.92,74.26,0
2026-03-13 05:00:00,74.3,75.1,74.3,74.99,0
2026-03-13 06:00:00,74.98,75.35,74.75,75.06,0
2026-03-13 07:00:00,75.07,75.64,74.92,75.49,0
2026-03-13 08:00:00,75.47,76.78,73.88,76.11,0
2026-03-13 09:00:00,76.15,78.0,75.97,76.2621,0
2026-03-13 09:30:00,76.06999969482422,76.27999877929688,74.33000183105469,74.62999725341797,9617856
2026-03-13 10:30:00,74.62999725341797,74.77899932861328,72.95999908447266,73.33000183105469,9234329
2026-03-13 11:30:00,73.33000183105469,73.5,71.91500091552734,72.54499816894531,10429452
2026-03-13 12:30:00,72.54000091552734,73.66000366210938,72.30000305175781,73.44999694824219,5090099
2026-03-13 13:30:00,73.44999694824219,73.68000030517578,73.06500244140625,73.48570251464844,3222221
2026-03-13 14:30:00,73.47000122070312,73.57499694824219,72.8499984741211,72.94999694824219,3082987
2026-03-13 15:30:00,72.94000244140625,73.04000091552734,72.31999969482422,72.66999816894531,4007039
2026-03-13 16:00:00,72.72,75.7924,72.4,72.9609,0
2026-03-13 17:00:00,72.98,73.05,72.2671,73.03,0
2026-03-13 18:00:00,73.02,73.08,72.91,73.05,0
2026-03-13 19:00:00,73.06,73.08,72.8,72.92,0
2026-03-16 04:00:00,71.71,72.01,71.27,71.88,0
2026-03-16 05:00:00,71.89,71.91,71.18,71.36,0
2026-03-16 06:00:00,71.32,71.4,69.82,70.41,0
2026-03-16 07:00:00,70.41,71.89,70.38,71.73,0
2026-03-16 08:00:00,71.74,73.15,69.8392,72.16,0
2026-03-16 09:00:00,72.14,72.8005,72.13,72.67,0
2026-03-16 09:30:00,73.26000213623047,73.95999908447266,73.08999633789062,73.16999816894531,13315234
2026-03-16 10:30:00,73.16999816894531,73.44000244140625,72.4800033569336,73.19499969482422,6595588
2026-03-16 11:30:00,73.19999694824219,73.3499984741211,72.29499816894531,72.33999633789062,4107443
2026-03-16 12:30:00,72.33270263671875,73.09500122070312,72.01000213623047,72.9242935180664,4065021
2026-03-16 13:30:00,72.93000030517578,73.30000305175781,72.53500366210938,73.25,2258380
2026-03-16 14:30:00,73.23999786376953,73.71499633789062,73.1500015258789,73.18499755859375,3149129
2026-03-16 15:30:00,73.19000244140625,73.39749908447266,73.09500122070312,73.2300033569336,2906121
2026-03-16 16:00:00,73.22,73.4,73.08,73.11,0
2026-03-16 17:00:00,73.1062,73.23,73.09,73.2,0
2026-03-16 18:00:00,73.21,73.4602,73.01,73.145,0
2026-03-16 19:00:00,73.13,73.5,73.08,73.47,0
2026-03-17 04:00:00,73.43,74.46,72.97,73.41,0
2026-03-17 05:00:00,73.41,73.51,72.95,73.23,0
2026-03-17 06:00:00,73.22,73.4,72.75,72.84,0
2026-03-17 07:00:00,72.85,73.1,72.33,72.99,0
2026-03-17 08:00:00,72.97,74.7287,72.3492,73.185,0
2026-03-17 09:00:00,73.19,73.4,72.87,73.16,0
2026-03-17 09:30:00,73.16000366210938,73.72000122070312,72.88999938964844,72.99500274658203,8213247
2026-03-17 10:30:00,72.97000122070312,73.16000366210938,72.15989685058594,72.18000030517578,5978256
2026-03-17 11:30:00,72.17500305175781,72.33000183105469,70.83999633789062,71.94499969482422,7637209
2026-03-17 12:30:00,71.94000244140625,72.41000366210938,71.76000213623047,72.11009979248047,3304080
2026-03-17 13:30:00,72.12000274658203,72.30000305175781,71.87999725341797,72.02999877929688,2091272
2026-03-17 14:30:00,72.0199966430664,72.16000366210938,71.56500244140625,71.6050033569336,2484632
2026-03-17 15:30:00,71.61000061035156,71.78600311279297,71.5199966430664,71.66999816894531,4496103
2026-03-17 16:00:00,71.66,71.88,71.6,71.82,0
2026-03-17 17:00:00,71.8,71.85,71.7,71.85,0
2026-03-17 18:00:00,71.8489,71.85,71.3,71.61,0
2026-03-17 19:00:00,71.61,71.78,71.57,71.74,0
2026-03-18 04:00:00,72.17,72.3,71.52,71.83,0
2026-03-18 05:00:00,71.83,72.28,71.65,72.17,0
2026-03-18 06:00:00,72.17,72.48,72.17,72.2,0
2026-03-18 07:00:00,72.25,72.32,71.33,71.43,0
2026-03-18 08:00:00,71.42,72.62,70.52,70.88,0
2026-03-18 09:00:00,70.82,71.66,68.83,69.0699,0
2026-03-18 09:30:00,69.51000213623047,70.55000305175781,69.13999938964844,69.25340270996094,15588309
2026-03-18 10:30:00,69.25,69.80000305175781,69.0,69.57929992675781,5965511
2026-03-18 11:30:00,69.55999755859375,70.04000091552734,69.30500030517578,70.01499938964844,4303060
2026-03-18 12:30:00,70.0199966430664,70.18000030517578,69.61000061035156,69.98500061035156,3564187
2026-03-18 13:30:00,69.98999786376953,70.13999938964844,69.43000030517578,69.5999984741211,3251686
2026-03-18 14:30:00,69.58999633789062,69.68000030517578,68.66000366210938,68.87999725341797,6876687
2026-03-18 15:30:00,68.87999725341797,69.19000244140625,68.66999816894531,68.72000122070312,4251443
2026-03-18 16:00:00,68.71,71.1722,67.87,68.21,0
2026-03-18 17:00:00,68.2599,68.7,64.6153,68.3388,0
2026-03-18 18:00:00,68.33,68.61,67.92,68.515,0
2026-03-18 19:00:00,68.56,69.0499,68.49,68.7525,0
2026-03-19 04:00:00,64.6,66.06,64.26,64.37,0
2026-03-19 05:00:00,64.37,65.08,63.36,64.7,0
2026-03-19 06:00:00,64.67,65.16,64.35,64.75,0
2026-03-19 07:00:00,64.77,65.07,63.7,64.22,0
2026-03-19 08:00:00,64.23,68.85,61.9,62.1,0
2026-03-19 09:00:00,62.08,62.25,59.31,60.77,0
2026-03-19 09:30:00,61.900001525878906,63.83000183105469,60.850101470947266,62.65999984741211,42829616
2026-03-19 10:30:00,62.650001525878906,64.35546875,62.63010025024414,63.46139907836914,11856890
2026-03-19 11:30:00,63.459999084472656,64.43000030517578,62.560001373291016,63.79999923706055,9208591
2026-03-19 12:30:00,63.83000183105469,64.80000305175781,63.249900817871094,64.51000213623047,8187107
2026-03-19 13:30:00,64.5198974609375,65.13999938964844,64.2750015258789,64.62999725341797,8461777
2026-03-19 14:30:00,64.62999725341797,65.66010284423828,64.20999908447266,65.1968994140625,9030990
2026-03-19 15:30:00,65.19999694824219,65.73999786376953,65.05500030517578,65.6709976196289,4606976
2026-03-19 16:00:00,65.68,65.97,65.63,65.9,0
2026-03-19 17:00:00,65.915,65.95,65.83,65.84,0
2026-03-19 18:00:00,65.86,66.55,65.6597,65.6597,0
2026-03-19 19:00:00,65.6503,65.82,65.221,65.68,0
2026-03-20 04:00:00,66.05,66.7,65.5,66.37,0
2026-03-20 05:00:00,66.37,66.49,65.95,66.05,0
2026-03-20 06:00:00,66.05,66.05,64.48,64.77,0
2026-03-20 07:00:00,64.79,65.49,64.65,65.31,0
2026-03-20 08:00:00,65.31,67.2,64.4895,65.4469,0
2026-03-20 09:00:00,65.4,65.51,64.13,64.49,0
2026-03-20 09:30:00,64.68000030517578,64.95999908447266,61.9900016784668,62.130001068115234,16198089
2026-03-20 10:30:00,62.119998931884766,63.630001068115234,62.08000183105469,63.06999969482422,7831462
2026-03-20 11:30:00,63.060001373291016,63.75,62.34000015258789,63.250099182128906,5739089
2026-03-20 12:30:00,63.255001068115234,63.52000045776367,62.755001068115234,62.814998626708984,4309687
2026-03-20 13:30:00,62.81999969482422,63.130001068115234,62.244598388671875,62.650001525878906,3647697
2026-03-20 14:30:00,62.65999984741211,62.7400016784668,61.25,61.529998779296875,10071668
2026-03-20 15:30:00,61.53499984741211,61.790000915527344,61.26499938964844,61.5099983215332,6604780
2026-03-20 16:00:00,61.5,65.53807,61.3297,61.4497,0
2026-03-20 17:00:00,61.4488,61.9,61.44,61.8712,0
2026-03-20 18:00:00,61.8799,61.99,61.8,61.8915,0
2026-03-20 19:00:00,61.8944,61.95,61.6,61.7,0
2026-03-23 04:00:00,57.9,60.0,57.7,58.57,0
2026-03-23 05:00:00,58.57,58.91,57.71,58.55,0
2026-03-23 06:00:00,58.53,58.64,57.26,57.81,0
2026-03-23 07:00:00,57.8,62.71,57.36,61.58,0
2026-03-23 08:00:00,61.6,62.72,55.19,61.75,0
2026-03-23 09:00:00,61.75,63.15,61.5,62.23,0
2026-03-23 09:30:00,61.29999923706055,64.11000061035156,60.97999954223633,63.497100830078125,31418774
2026-03-23 10:30:00,63.5,63.91999816894531,62.79999923706055,63.13999938964844,9038703
2026-03-23 11:30:00,63.13999938964844,63.279998779296875,61.060001373291016,61.52040100097656,10112066
2026-03-23 12:30:00,61.529998779296875,62.915000915527344,61.52000045776367,62.81990051269531,6576262
2026-03-23 13:30:00,62.81999969482422,63.33000183105469,62.54999923706055,63.2400016784668,4080891
2026-03-23 14:30:00,63.249698638916016,63.56999969482422,62.459999084472656,62.744998931884766,5678364
2026-03-23 15:30:00,62.749900817871094,63.060001373291016,62.380001068115234,62.45000076293945,3048601
2026-03-23 16:00:00,62.4497,62.8,62.16,62.58,0
2026-03-23 17:00:00,62.563,62.7,62.47,62.6413,0
2026-03-23 18:00:00,62.6661,63.1,61.95,63.06,0
2026-03-23 19:00:00,63.06,63.4882,62.91,63.1383,0
2026-03-24 04:00:00,63.4,63.5,62.6,62.67,0
2026-03-24 05:00:00,62.62,63.2,62.57,63.1,0
2026-03-24 06:00:00,63.03,63.58,62.96,63.36,0
2026-03-24 07:00:00,63.34,63.66,62.1,63.35,0
2026-03-24 08:00:00,63.32,63.82,59.78,62.775,0
2026-03-24 09:00:00,62.72,62.81,61.58,62.18,0
2026-03-24 09:30:00,61.619998931884766,62.6349983215332,61.26900100708008,62.41999816894531,15308239
2026-03-24 10:30:00,62.40999984741211,63.66999816894531,62.297401428222656,63.459999084472656,8684212
2026-03-24 11:30:00,63.459999084472656,63.689998626708984,62.744998931884766,63.34000015258789,5057979
2026-03-24 12:30:00,63.34000015258789,63.43000030517578,62.46500015258789,62.720001220703125,5422700
2026-03-24 13:30:00,62.720001220703125,63.119998931884766,62.209999084472656,63.02000045776367,4419326
2026-03-24 14:30:00,63.02000045776367,63.40999984741211,62.72999954223633,63.119998931884766,3853935
2026-03-24 15:30:00,63.130001068115234,63.13999938964844,62.80500030517578,62.974998474121094,2134893
2026-03-24 16:00:00,62.95,64.55,62.8,64.4967,0
2026-03-24 17:00:00,64.5,64.7,62.95,64.4958,0
2026-03-24 18:00:00,64.5,64.99,64.39,64.98,0
2026-03-24 19:00:00,64.9693,66.3,64.6678,66.0,0
2026-03-25 04:00:00,66.11,66.73,62.95,66.41,0
2026-03-25 05:00:00,66.36,66.42,65.59,65.97,0
2026-03-25 06:00:00,65.97,66.1,65.18,65.74,0
2026-03-25 07:00:00,65.75,66.35,65.6,66.23,0
2026-03-25 08:00:00,66.26,66.73,62.95,65.72,0
2026-03-25 09:00:00,65.71,66.35,65.4109,66.05,0
2026-03-25 09:30:00,66.04000091552734,66.19999694824219,65.0999984741211,66.04000091552734,14180899
2026-03-25 10:30:00,66.05000305175781,66.4000015258789,64.90029907226562,65.80999755859375,6871934
2026-03-25 11:30:00,65.83000183105469,65.95999908447266,65.52999877929688,65.76000213623047,3164921
2026-03-25 12:30:00,65.75499725341797,65.9800033569336,65.44000244140625,65.62000274658203,3091094
2026-03-25 13:30:00,65.61000061035156,65.83000183105469,65.30999755859375,65.3550033569336,2649074
2026-03-25 14:30:00,65.36000061035156,65.4800033569336,64.4800033569336,64.72010040283203,4048397
2026-03-25 15:30:00,64.7300033569336,65.23999786376953,64.7300033569336,65.23999786376953,2449677
2026-03-25 16:00:00,65.21,66.02,64.2,64.53,0
2026-03-25 17:00:00,64.41,65.21,64.41,64.595,0
2026-03-25 18:00:00,64.64,64.88,64.2,64.37,0
2026-03-25 19:00:00,64.43,64.45,63.71,63.96,0
2026-03-26 04:00:00,62.86,63.7,61.83,61.88,0
2026-03-26 05:00:00,61.91,62.12,61.38,61.55,0
2026-03-26 06:00:00,61.52,61.97,61.24,61.8,0
2026-03-26 07:00:00,61.82,62.0,61.26,61.5,0
2026-03-26 08:00:00,61.55,65.18,60.6,61.41,0
2026-03-26 09:00:00,61.35,65.21,60.95,61.8,0
2026-03-26 09:30:00,62.099998474121094,62.97010040283203,61.75,62.750701904296875,16914111
2026-03-26 10:30:00,62.7400016784668,63.1349983215332,62.11000061035156,62.400001525878906,6888356
2026-03-26 11:30:00,62.380001068115234,62.40999984741211,60.849998474121094,61.18000030517578,6884282
2026-03-26 12:30:00,61.16999816894531,61.70000076293945,60.7400016784668,61.29460144042969,7078651
2026-03-26 13:30:00,61.310001373291016,61.416046142578125,60.369998931884766,60.6150016784668,6058682
2026-03-26 14:30:00,60.619998931884766,61.369998931884766,60.584999084472656,61.025001525878906,5130027
2026-03-26 15:30:00,61.029998779296875,61.38999938964844,60.61000061035156,60.78499984741211,4977808
2026-03-26 16:00:00,60.77,62.4798,60.68,61.65,0
2026-03-26 17:00:00,61.6982,61.89,60.77,61.68,0
2026-03-26 18:00:00,61.68,62.5,61.66,62.3507,0
2026-03-26 19:00:00,62.3437,62.45,61.9,62.1448,0
2026-03-27 04:00:00,62.92,63.1,62.44,62.48,0
2026-03-27 05:00:00,62.48,62.61,62.1,62.48,0
2026-03-27 06:00:00,62.48,62.57,62.07,62.24,0
2026-03-27 07:00:00,62.23,62.25,61.47,61.84,0
2026-03-27 08:00:00,61.85,63.72,60.77,61.5702,0
2026-03-27 09:00:00,61.57,61.86,61.15,61.35,0
2026-03-27 09:30:00,61.43000030517578,62.476200103759766,61.220001220703125,62.189998626708984,12332182
2026-03-27 10:30:00,62.18000030517578,64.86000061035156,62.06999969482422,64.5,12086377
2026-03-27 11:30:00,64.51000213623047,64.68990325927734,63.810001373291016,64.00499725341797,6523677
2026-03-27 12:30:00,64.00499725341797,64.02899932861328,62.880001068115234,63.05500030517578,6200755
2026-03-27 13:30:00,63.040000915527344,63.58000183105469,62.84000015258789,63.510101318359375,4255400
2026-03-27 14:30:00,63.52000045776367,63.89500045776367,63.20000076293945,63.70000076293945,4296524
2026-03-27 15:30:00,63.709999084472656,63.790000915527344,63.04029846191406,63.43000030517578,4514300
2026-03-27 16:00:00,63.44,63.5,61.3759,63.1106,0
2026-03-27 17:00:00,63.15,63.44,60.5894,63.278,0
2026-03-27 18:00:00,63.26,65.21,63.2,63.29,0
2026-03-27 19:00:00,63.29,63.29,63.1239,63.1239,0
2026-03-30 04:00:00,63.95,64.15,63.17,63.8347,0
2026-03-30 05:00:00,63.81,64.32,63.79,64.19,0
2026-03-30 06:00:00,64.15,64.49,64.04,64.08,0
2026-03-30 07:00:00,64.1,64.65,63.9119,64.4986,0
2026-03-30 08:00:00,64.49,64.87,64.16,64.465,0
2026-03-30 09:00:00,64.5,65.04,64.4195,64.48,0
2026-03-30 09:30:00,64.45999908447266,64.62999725341797,63.38999938964844,63.724998474121094,10324178
2026-03-30 10:30:00,63.72999954223633,64.36499786376953,63.709999084472656,64.2699966430664,4808706
2026-03-30 11:30:00,64.2699966430664,64.52999877929688,63.9900016784668,64.00990295410156,3611711
2026-03-30 12:30:00,64.0,64.23999786376953,63.630001068115234,63.849998474121094,2153941
2026-03-30 13:30:00,63.84000015258789,63.9900016784668,63.470001220703125,63.55500030517578,2610961
2026-03-30 14:30:00,63.56999969482422,63.78499984741211,63.02000045776367,63.25,3158995
2026-03-30 15:30:00,63.2599983215332,63.619998931884766,63.15900039672851,63.53990173339844,2572819
2026-03-30 16:00:00,63.53,64.0502,63.3,63.48,0
2026-03-30 17:00:00,63.47,63.55,63.4,63.5009,0
2026-03-30 18:00:00,63.51,63.89,63.3,63.34,0
2026-03-30 19:00:00,63.34,63.41,62.99,63.33,0
2026-03-31 04:00:00,66.12,66.38,64.78,66.17,0
2026-03-31 05:00:00,66.16,66.42,66.06,66.199,0
2026-03-31 06:00:00,66.18,66.2005,65.82,65.94,0
2026-03-31 07:00:00,65.9105,66.33,65.448,66.11,0
2026-03-31 08:00:00,66.1,66.57,65.85,66.2,0
2026-03-31 09:00:00,66.2,66.33,65.67,66.16,0
2026-03-31 09:30:00,65.83999633789062,67.1500015258789,65.69000244140625,67.04989624023438,11886343
2026-03-31 10:30:00,67.05999755859375,67.16999816894531,66.05999755859375,66.61499786376953,5216025
2026-03-31 11:30:00,66.61000061035156,66.98999786376953,66.48500061035156,66.94000244140625,3494684
2026-03-31 12:30:00,66.94000244140625,68.03500366210938,66.8949966430664,67.46499633789062,9160815
2026-03-31 13:30:00,67.46499633789062,68.06999969482422,67.45999908447266,67.88999938964844,3607072
2026-03-31 14:30:00,67.9000015258789,68.08000183105469,67.720703125,67.91500091552734,3253085
2026-03-31 15:30:00,67.91999816894531,68.19999694824219,67.90350341796875,68.16999816894531,3608851
2026-03-31 16:00:00,68.14,68.2392,65.8022,68.0101,0
2026-03-31 17:00:00,68.02,68.13,67.86,67.91,0
2026-03-31 18:00:00,67.92,68.38,67.92,68.1235,0
2026-03-31 19:00:00,68.1039,68.15,67.73,67.87,0
2026-04-01 04:00:00,67.04,68.25,66.78,67.35,0
2026-04-01 05:00:00,67.3541,67.6005,67.12,67.2,0
2026-04-01 06:00:00,67.2,67.53,67.144,67.5067,0
2026-04-01 07:00:00,67.54,68.05,67.48,67.9698,0
2026-04-01 08:00:00,67.97,68.31,67.6,67.78,0
2026-04-01 09:00:00,67.82,68.37,67.36,67.7,0
2026-04-01 09:30:00,67.95999908447266,68.27999877929688,67.375,67.81500244140625,11638126
2026-04-01 10:30:00,67.81999969482422,68.51000213623047,67.55999755859375,68.19999694824219,7261374
2026-04-01 11:30:00,68.20999908447266,68.62000274658203,68.11499786376953,68.33180236816406,4773367
2026-04-01 12:30:00,68.33000183105469,68.83999633789062,68.31999969482422,68.77999877929688,2969083
2026-04-01 13:30:00,68.77999877929688,68.90499877929688,67.94000244140625,67.99500274658203,4163312
2026-04-01 14:30:00,68.0,68.37000274658203,67.79000091552734,68.30500030517578,3378618
2026-04-01 15:30:00,68.30999755859375,68.5,68.0250015258789,68.12000274658203,3355911
2026-04-01 16:00:00,68.15,68.23,67.84,67.96,0
2026-04-01 17:00:00,67.9902,68.0195,65.68,68.0,0
2026-04-01 18:00:00,67.982,68.26,67.62,68.16,0
2026-04-01 19:00:00,68.1819,68.59,68.127,68.23,0
2026-04-02 04:00:00,64.75,65.44,63.05,64.73,0
2026-04-02 05:00:00,64.74,64.88,64.36,64.56,0
2026-04-02 06:00:00,64.57,64.59,63.89,64.05,0
2026-04-02 07:00:00,64.05,68.14,63.89,64.14,0
2026-04-02 08:00:00,64.12,64.28,63.6,64.105,0
2026-04-02 09:00:00,64.1,64.17,62.97,63.18,0
2026-04-02 09:30:00,63.54999923706055,65.19000244140625,63.4900016784668,64.95899963378906,14592246
2026-04-02 10:30:00,64.94000244140625,66.22000122070312,64.91000366210938,65.33000183105469,7052258
2026-04-02 11:30:00,65.33999633789062,65.54499816894531,64.86000061035156,65.10399627685547,3230314
2026-04-02 12:30:00,65.12750244140625,66.02999877929688,65.11000061035156,65.55999755859375,3769764
2026-04-02 13:30:00,65.55999755859375,65.79000091552734,65.4000015258789,65.63999938964844,2971078
2026-04-02 14:30:00,65.63999938964844,66.06999969482422,65.56999969482422,65.62000274658203,2296361
2026-04-02 15:30:00,65.62999725341797,65.90989685058594,65.55000305175781,65.80000305175781,2310677
2026-04-02 16:00:00,65.79,66.13,65.7297,66.0998,0
2026-04-02 17:00:00,66.1,66.11,65.9,65.98,0
2026-04-02 18:00:00,65.95,66.0,65.9,65.94,0
2026-04-02 19:00:00,65.95,66.0,65.8,65.8026,0
2026-04-06 04:00:00,65.6,66.0485,64.95,65.9,0
2026-04-06 05:00:00,65.89,66.57,65.89,66.55,0
2026-04-06 06:00:00,66.55,66.6,66.06,66.149,0
2026-04-06 07:00:00,66.11,66.5795,66.05,66.3637,0
2026-04-06 08:00:00,66.34,66.59,65.95,66.11,0
2026-04-06 09:00:00,66.1112,66.5,65.95,65.97,0
2026-04-06 09:30:00,65.8499984741211,66.1500015258789,65.36000061035156,66.0,6077098
2026-04-06 10:30:00,65.99500274658203,66.10990142822266,65.22000122070312,65.5199966430664,2880530
2026-04-06 11:30:00,65.5199966430664,65.88999938964844,65.33000183105469,65.81999969482422,2044323
2026-04-06 12:30:00,65.81999969482422,66.02999877929688,65.34500122070312,65.91999816894531,1984697
2026-04-06 13:30:00,65.94000244140625,66.19999694824219,65.69999694824219,66.11990356445312,1613164
2026-04-06 14:30:00,66.0999984741211,66.29000091552734,65.88999938964844,66.11000061035156,1591284
2026-04-06 15:30:00,66.11000061035156,66.2249984741211,66.0199966430664,66.0999984741211,1255337
2026-04-06 16:00:00,66.13,66.15,65.9097,65.91,0
2026-04-06 17:00:00,65.9909,66.06,65.94,65.9905,0
2026-04-06 18:00:00,65.99,66.3802,65.94,66.05,0
2026-04-06 19:00:00,66.03,66.18,65.85,65.9965,0
2026-04-07 04:00:00,65.46,66.45,65.0,65.84,0
2026-04-07 05:00:00,65.81,66.23,65.8,66.1421,0
2026-04-07 06:00:00,66.1436,66.1436,65.36,65.571,0
2026-04-07 07:00:00,65.58,66.09,64.93,65.17,0
2026-04-07 08:00:00,65.171,65.58,65.15,65.54,0
2026-04-07 09:00:00,65.54,66.09,64.72,65.2806,0
2026-04-07 09:30:00,65.27999877929688,65.41999816894531,63.20000076293945,64.12999725341797,8535676
2026-04-07 10:30:00,64.12999725341797,64.53990173339844,63.70000076293945,64.48670196533203,3932077
2026-04-07 11:30:00,64.48999786376953,65.01000213623047,64.25,64.86499786376953,2472667
2026-04-07 12:30:00,64.8499984741211,65.19999694824219,64.7699966430664,65.08499908447266,2035022
2026-04-07 13:30:00,65.08999633789062,65.5009994506836,65.08000183105469,65.21499633789062,2224544
2026-04-07 14:30:00,65.2300033569336,65.63999938964844,64.55000305175781,65.3301010131836,3371611
2026-04-07 15:30:00,65.33000183105469,66.19000244140625,65.29000091552734,65.97000122070312,4525829
2026-04-07 16:00:00,65.94,66.2,65.86,66.1039,0
2026-04-07 17:00:00,66.1,66.2,66.06,66.15,0
2026-04-07 18:00:00,66.16,69.17,66.15,69.157,0
2026-04-07 19:00:00,69.08,69.6761,68.8017,69.27,0
2026-04-08 04:00:00,69.76,70.27,69.0,69.54,0
2026-04-08 05:00:00,69.51,69.88,69.32,69.63,0
2026-04-08 06:00:00,69.66,69.73,69.37,69.58,0
2026-04-08 07:00:00,69.6,70.08,65.94,70.06,0
2026-04-08 08:00:00,70.04,70.1366,69.22,69.65,0
2026-04-08 09:00:00,69.65,70.24,69.6472,69.85,0
2026-04-08 09:30:00,69.72799682617188,69.93000030517578,68.55500030517578,68.69000244140625,12435731
2026-04-08 10:30:00,68.69000244140625,68.76000213623047,67.61000061035156,68.12999725341797,4773842
2026-04-08 11:30:00,68.12999725341797,68.58999633789062,68.05500030517578,68.19000244140625,2064742
2026-04-08 12:30:00,68.19000244140625,68.53800201416016,68.11499786376953,68.30999755859375,2458794
2026-04-08 13:30:00,68.30000305175781,68.37999725341797,67.26000213623047,67.45010375976562,3014990
2026-04-08 14:30:00,67.45999908447266,67.56500244140625,66.5199966430664,67.01000213623047,3665878
2026-04-08 15:30:00,67.0,67.51000213623047,67.0,67.4800033569336,2223462
2026-04-08 16:00:00,67.49,67.58,67.04,67.16,0
2026-04-08 17:00:00,67.14,67.25,67.04,67.12,0
2026-04-08 18:00:00,67.12,67.47,66.62,67.0512,0
2026-04-08 19:00:00,67.089,67.089,66.57,66.7442,0
2026-04-09 04:00:00,67.03,67.24,66.6592,66.93,0
2026-04-09 05:00:00,66.91,67.18,66.84,67.08,0
2026-04-09 06:00:00,67.075,67.1602,66.87,67.1602,0
2026-04-09 07:00:00,67.17,67.47,67.01,67.26,0
2026-04-09 08:00:00,67.24,67.639,67.12,67.18,0
2026-04-09 09:00:00,67.24,67.5716,67.1,67.39,0
2026-04-09 09:30:00,67.61499786376953,68.22000122070312,67.54000091552734,67.68000030517578,6246810
2026-04-09 10:30:00,67.68000030517578,68.44000244140625,67.16999816894531,68.16000366210938,3928336
2026-04-09 11:30:00,68.15499877929688,69.04000091552734,68.13999938964844,68.91999816894531,4586517
2026-04-09 12:30:00,68.91999816894531,69.13999938964844,68.68000030517578,69.08999633789062,2740656
2026-04-09 13:30:00,69.08999633789062,69.33999633789062,68.66000366210938,68.86990356445312,3802925
2026-04-09 14:30:00,68.8499984741211,68.86499786376953,68.44999694824219,68.59500122070312,2248275
2026-04-09 15:30:00,68.5999984741211,68.72000122070312,68.3499984741211,68.4000015258789,2711867
2026-04-09 16:00:00,68.39,68.5305,68.11,68.2327,0
2026-04-09 17:00:00,68.27,68.2993,68.18,68.2993,0
2026-04-09 18:00:00,68.3,68.4509,68.02,68.22,0
2026-04-09 19:00:00,68.28,68.28,68.08,68.26,0
2026-04-10 04:00:00,68.2,68.99,68.0421,68.1979,0
2026-04-10 05:00:00,68.18,68.36,67.72,68.14,0
2026-04-10 06:00:00,68.16,68.4021,68.02,68.36,0
2026-04-10 07:00:00,68.36,68.46,68.2903,68.42,0
2026-04-10 08:00:00,68.4302,68.7,68.35,68.675,0
2026-04-10 09:00:00,68.7,68.99,68.35,68.86,0
2026-04-10 09:30:00,69.0999984741211,69.53510284423828,68.80000305175781,69.45500183105469,6901258
2026-04-10 10:30:00,69.45999908447266,69.54989624023438,68.88999938964844,69.16999816894531,2930217
2026-04-10 11:30:00,69.18000030517578,69.2699966430664,68.55999755859375,68.81999969482422,2552859
2026-04-10 12:30:00,68.80000305175781,69.12999725341797,68.76000213623047,68.98999786376953,1352017
2026-04-10 13:30:00,68.9800033569336,69.16000366210938,68.7699966430664,69.125,1638980
2026-04-10 14:30:00,69.13999938964844,69.24500274658203,68.9800033569336,69.19999694824219,1425100
2026-04-10 15:30:00,69.19000244140625,69.2300033569336,69.01000213623047,69.0999984741211,2768208
2026-04-10 16:00:00,69.08,69.1419,68.64,68.74,0
2026-04-10 17:00:00,68.79,72.2671,62.9235,68.73,0
2026-04-10 18:00:00,68.7235,68.73,68.5,68.72,0
2026-04-10 19:00:00,68.69,68.86,68.63,68.8339,0
2026-04-13 04:00:00,67.7,67.82,67.15,67.57,0
2026-04-13 05:00:00,67.599,67.63,67.22,67.22,0
2026-04-13 06:00:00,67.24,67.39,67.1004,67.1721,0
2026-04-13 07:00:00,67.19,67.48,67.08,67.16,0
2026-04-13 08:00:00,67.16,67.28,66.86,66.92,0
2026-04-13 09:00:00,66.9,67.1,66.6811,67.04,0
2026-04-13 09:30:00,67.16999816894531,67.41960144042969,66.58000183105469,67.02999877929688,8039423
2026-04-13 10:30:00,67.03500366210938,67.26000213623047,66.7300033569336,66.88999938964844,3192219
2026-04-13 11:30:00,66.87999725341797,68.05500030517578,66.84500122070312,67.9802017211914,2170733
2026-04-13 12:30:00,67.9800033569336,68.68000030517578,67.94000244140625,68.29000091552734,4398213
2026-04-13 13:30:00,68.2699966430664,68.3550033569336,67.83000183105469,67.95999908447266,1348696
2026-04-13 14:30:00,67.95500183105469,68.43810272216797,67.94999694824219,68.38009643554688,2439165
2026-04-13 15:30:00,68.38999938964844,68.46829986572266,68.2300033569336,68.30000305175781,2711808
2026-04-13 16:00:00,68.28,68.53,68.28,68.44,0
2026-04-13 17:00:00,68.4109,68.47,68.38,68.44,0
2026-04-13 18:00:00,68.44,68.6312,68.28,68.63,0
2026-04-13 19:00:00,68.63,68.76,68.51,68.56,0
2026-04-14 04:00:00,70.32,70.55,69.25,70.49,0
2026-04-14 05:00:00,70.51,70.74,70.39,70.4095,0
2026-04-14 06:00:00,70.41,70.55,70.27,70.4,0
2026-04-14 07:00:00,70.36,70.4,68.28,70.23,0
2026-04-14 08:00:00,70.24,70.41,69.87,70.0526,0
2026-04-14 09:00:00,70.08,70.45,69.9497,70.45,0
2026-04-14 09:30:00,70.33200073242188,71.59500122070312,70.2699966430664,71.57499694824219,12426227
2026-04-14 10:30:00,71.58000183105469,71.81999969482422,71.125,71.47000122070312,4493569
2026-04-14 11:30:00,71.4800033569336,71.9800033569336,71.4800033569336,71.93000030517578,3515125
2026-04-14 12:30:00,71.93499755859375,71.9833984375,71.54000091552734,71.84809875488281,3768166
2026-04-14 13:30:00,71.86499786376953,72.05999755859375,71.43000030517578,71.65499877929688,2330098
2026-04-14 14:30:00,71.65499877929688,71.91000366210938,71.55000305175781,71.83499908447266,2040448
2026-04-14 15:30:00,71.83499908447266,72.06500244140625,71.80000305175781,72.03990173339844,3591708
2026-04-14 16:00:00,72.04,72.14,71.97,71.99,0
2026-04-14 17:00:00,72.03,72.12,71.92,72.0,0
2026-04-14 18:00:00,72.0,72.12,71.82,71.84,0
2026-04-14 19:00:00,71.83,72.18,71.82,72.0,0
2026-04-15 04:00:00,71.69,72.41,71.54,71.67,0
2026-04-15 05:00:00,71.66,71.82,71.12,71.19,0
2026-04-15 06:00:00,71.2,71.34,70.8,71.1,0
2026-04-15 07:00:00,71.12,71.36,71.02,71.2242,0
2026-04-15 08:00:00,71.2208,71.62,71.19,71.36,0
2026-04-15 09:00:00,71.38,71.84,71.12,71.82,0
2026-04-15 09:30:00,71.91999816894531,72.9000015258789,71.71739959716797,72.68499755859375,7597951
2026-04-15 10:30:00,72.69000244140625,72.69999694824219,71.55000305175781,71.80000305175781,3944611
2026-04-15 11:30:00,71.7300033569336,72.13999938964844,71.3499984741211,72.01499938964844,3437305
2026-04-15 12:30:00,72.02999877929688,72.04000091552734,71.55000305175781,71.87999725341797,1981529
2026-04-15 13:30:00,71.87000274658203,71.98999786376953,71.5199966430664,71.69499969482422,1491136
2026-04-15 14:30:00,71.69999694824219,71.94999694824219,71.625,71.94509887695312,1455834
2026-04-15 15:30:00,71.93499755859375,72.01699829101562,71.76000213623047,71.83000183105469,1863260
2026-04-15 16:00:00,71.84,71.84,71.1228,71.51,0
2026-04-15 17:00:00,71.52,71.63,71.48,71.54,0
2026-04-15 18:00:00,71.54,71.85,71.54,71.82,0
2026-04-15 19:00:00,71.83,72.0283,71.81,71.9046,0
2026-04-16 04:00:00,72.52,73.17,72.04,72.18,0
2026-04-16 05:00:00,72.17,72.26,71.99,72.05,0
2026-04-16 06:00:00,72.06,72.11,71.8697,71.9621,0
2026-04-16 07:00:00,71.97,72.2302,71.8726,72.0158,0
2026-04-16 08:00:00,72.01,72.16,71.67,71.7353,0
2026-04-16 09:00:00,71.7397,72.2075,71.5001,71.835,0
2026-04-16 09:30:00,71.91999816894531,72.22000122070312,70.65499877929688,71.2699966430664,7018537
2026-04-16 10:30:00,71.29000091552734,71.6500015258789,70.69999694824219,71.20999908447266,2777202
2026-04-16 11:30:00,71.22000122070312,71.54640197753906,71.08999633789062,71.25565338134766,1566513
2026-04-16 12:30:00,71.26000213623047,71.29000091552734,70.87000274658203,70.94000244140625,1895535
2026-04-16 13:30:00,70.94010162353516,71.08000183105469,70.7300033569336,70.94999694824219,2674680
2026-04-16 14:30:00,70.95999908447266,71.29000091552734,70.95999908447266,71.125,1662188
2026-04-16 15:30:00,71.12999725341797,71.30500030517578,71.12989807128906,71.23999786376953,2311097
2026-04-16 16:00:00,71.24,71.24,70.95,70.97,0
2026-04-16 17:00:00,70.99,71.24,70.96,71.0595,0
2026-04-16 18:00:00,71.06,71.38,71.0001,71.3,0
2026-04-16 19:00:00,71.33,71.36,71.23,71.2401,0
2026-04-17 04:00:00,71.46,71.74,71.06,71.5,0
2026-04-17 05:00:00,71.5,72.21,71.5,72.16,0
2026-04-17 06:00:00,72.15,72.2302,71.9,71.92,0
2026-04-17 07:00:00,71.93,71.93,71.6,71.75,0
2026-04-17 08:00:00,71.75,73.51,71.75,72.5267,0
2026-04-17 09:00:00,72.53,74.5102,72.45,74.1971,0
2026-04-17 09:30:00,73.88999938964844,74.86000061035156,73.77999877929688,74.68000030517578,13331998
2026-04-17 10:30:00,74.68000030517578,75.16000366210938,74.37000274658203,74.4000015258789,5073500
2026-04-17 11:30:00,74.41000366210938,74.69999694824219,74.2300033569336,74.41500091552734,3509061
2026-04-17 12:30:00,74.43000030517578,74.62999725341797,73.6500015258789,73.75,4070301
2026-04-17 13:30:00,73.73999786376953,74.26499938964844,73.63999938964844,74.05999755859375,2194968
2026-04-17 14:30:00,74.05000305175781,74.14990234375,73.41999816894531,73.54499816894531,1999748
2026-04-17 15:30:00,73.54499816894531,73.79000091552734,73.52999877929688,73.62999725341797,2654611
2026-04-17 16:00:00,73.63,73.65,71.8063,73.15,0
2026-04-17 17:00:00,73.16,73.63,73.1001,73.34,0
2026-04-17 18:00:00,73.32,73.3292,73.26,73.2708,0
2026-04-17 19:00:00,73.2728,73.4,73.16,73.35,0
2026-04-20 05:00:00,71.89,71.93,71.84,71.87,0
2026-04-20 06:00:00,71.86,72.12,71.68,71.9116,0
2026-04-20 07:00:00,71.93,71.95,71.5972,71.74,0
2026-04-20 08:00:00,71.72,72.35,71.7,71.96,0
2026-04-20 09:00:00,71.99,73.63,71.88,72.41,0
2026-04-20 09:30:00,72.6500015258789,72.81500244140625,72.20999908447266,72.5999984741211,6386691
2026-04-20 10:30:00,72.61000061035156,72.7300033569336,71.80999755859375,72.30999755859375,4416832
2026-04-20 11:30:00,72.30000305175781,72.3550033569336,72.05010223388672,72.30999755859375,1795909
2026-04-20 12:30:00,72.30999755859375,72.5,72.13999938964844,72.20500183105469,1416626
2026-04-20 13:30:00,72.19999694824219,72.3499984741211,72.05000305175781,72.24330139160156,1426045
2026-04-20 14:30:00,72.2500991821289,72.45999908447266,72.19999694824219,72.26000213623047,1310939
2026-04-20 15:30:00,72.26000213623047,72.2699966430664,72.04499816894531,72.16999816894531,2505333
2026-04-20 16:00:00,72.17,72.22,69.6415,72.18,0
2026-04-20 17:00:00,72.1999,72.3,69.6415,72.18,0
2026-04-20 18:00:00,72.22,72.6,72.12,72.49,0
2026-04-20 19:00:00,72.49,72.5,72.24,72.3238,0
2026-04-21 04:00:00,71.5,71.81,71.0603,71.47,0
2026-04-21 05:00:00,71.46,71.5705,71.1797,71.33,0
2026-04-21 06:00:00,71.34,71.5484,71.34,71.42,0
2026-04-21 07:00:00,71.42,73.63,71.12,71.33,0
2026-04-21 08:00:00,71.3397,71.75,71.2397,71.3128,0
2026-04-21 09:00:00,71.31,72.15,70.7297,70.7892,0
2026-04-21 09:30:00,70.98999786376953,71.55999755859375,70.93000030517578,71.05000305175781,5974587
2026-04-21 10:30:00,71.05000305175781,71.08999633789062,69.4000015258789,69.70999908447266,8001662
2026-04-21 11:30:00,69.69999694824219,69.95999908447266,69.16999816894531,69.21099853515625,3170760
2026-04-21 12:30:00,69.20989990234375,69.49500274658203,68.87999725341797,69.09500122070312,3865232
2026-04-21 13:30:00,69.08999633789062,69.66000366210938,69.08100128173828,69.26000213623047,2238547
2026-04-21 14:30:00,69.26000213623047,69.7750015258789,69.18000030517578,69.7750015258789,2777593
2026-04-21 15:30:00,69.7750015258789,69.80000305175781,68.3499984741211,68.4800033569336,4102141
2026-04-21 16:00:00,68.49,69.51,68.22,69.41,0
2026-04-21 17:00:00,69.4,69.55,68.49,69.52,0
2026-04-21 18:00:00,69.54,69.9972,69.44,69.5,0
2026-04-21 19:00:00,69.49,70.06,69.46,69.9814,0
2026-04-22 04:00:00,70.92,71.2,70.48,70.63,0
2026-04-22 05:00:00,70.6,70.8438,70.55,70.7,0
2026-04-22 06:00:00,70.69,70.75,70.32,70.55,0
2026-04-22 07:00:00,70.53,70.749,70.5007,70.6899,0
2026-04-22 08:00:00,70.69,70.83,70.5397,70.57,0
2026-04-22 09:00:00,70.539,70.58,68.49,70.345,0
2026-04-22 09:30:00,70.55000305175781,70.95999908447266,70.33329772949219,70.66000366210938,5080024
2026-04-22 10:30:00,70.66999816894531,70.70500183105469,70.31009674072266,70.58999633789062,2554568
2026-04-22 11:30:00,70.58000183105469,70.61009979248047,70.31500244140625,70.4000015258789,1261995
2026-04-22 12:30:00,70.40499877929688,70.62999725341797,70.2300033569336,70.43499755859375,1756630
2026-04-22 13:30:00,70.44000244140625,70.54859924316406,70.30999755859375,70.36000061035156,1006072
2026-04-22 14:30:00,70.37000274658203,70.5999984741211,70.29000091552734,70.37999725341797,974534
2026-04-22 15:30:00,70.38500213623047,70.45999908447266,70.27999877929688,70.37000274658203,1254828
2026-04-22 16:00:00,70.37,70.41,70.22,70.34,0
2026-04-22 17:00:00,70.35,75.2421,70.3,70.34,0
2026-04-22 18:00:00,70.35,70.3939,70.12,70.1599,0
2026-04-22 19:00:00,70.1598,70.24,70.06,70.16,0
2026-04-23 04:00:00,68.98,69.12,68.41,68.77,0
2026-04-23 05:00:00,68.78,68.78,67.96,68.31,0
2026-04-23 06:00:00,68.33,68.375,67.24,67.24,0
2026-04-23 07:00:00,67.24,67.69,67.2,67.5848,0
2026-04-23 08:00:00,67.58,69.4387,67.52,69.43,0
2026-04-23 09:00:00,69.43,70.37,69.02,69.0502,0
2026-04-23 09:30:00,68.7699966430664,69.18499755859375,68.31999969482422,68.98999786376953,6580865
2026-04-23 10:30:00,68.98999786376953,69.23999786376953,68.77999877929688,68.9800033569336,2006660
2026-04-23 11:30:00,68.97000122070312,69.05999755859375,68.61499786376953,68.94000244140625,1342234
2026-04-23 12:30:00,68.93000030517578,69.2300033569336,68.20999908447266,68.30999755859375,2750305
2026-04-23 13:30:00,68.32499694824219,68.83000183105469,67.51499938964844,68.79000091552734,3983080
2026-04-23 14:30:00,68.79000091552734,68.9000015258789,68.29000091552734,68.55500030517578,1734842
2026-04-23 15:30:00,68.55000305175781,68.62989807128906,68.2300033569336,68.37000274658203,3056194
2026-04-23 16:00:00,68.38,68.41,68.1,68.28,0
2026-04-23 17:00:00,68.285,68.49,68.2,68.38,0
2026-04-23 18:00:00,68.35,68.54,68.16,68.25,0
2026-04-23 19:00:00,68.25,68.5,68.1,68.3208,0
2026-04-24 04:00:00,67.76,68.0858,66.95,67.62,0
2026-04-24 05:00:00,67.62,67.8505,67.54,67.73,0
2026-04-24 06:00:00,67.73,67.83,67.5307,67.78,0
2026-04-24 07:00:00,67.75,68.96,67.64,68.9415,0
2026-04-24 08:00:00,68.96,68.9902,68.6,68.84,0
2026-04-24 09:00:00,68.8679,68.89,68.09,68.4385,0
2026-04-24 09:30:00,68.29000091552734,68.99500274658203,68.0999984741211,68.7300033569336,5440265
2026-04-24 10:30:00,68.7300033569336,68.93000030517578,68.44999694824219,68.52999877929688,1856437
2026-04-24 11:30:00,68.52999877929688,69.29000091552734,68.4800033569336,68.95999908447266,2464851
2026-04-24 12:30:00,68.97000122070312,69.3499984741211,68.91000366210938,69.19000244140625,1517920
2026-04-24 13:30:00,69.19000244140625,69.41500091552734,69.0999984741211,69.12999725341797,1383966
2026-04-24 14:30:00,69.12999725341797,69.30000305175781,68.95999908447266,68.98999786376953,1255043
2026-04-24 15:30:00,68.9800033569336,69.0199966430664,68.73999786376953,68.77999877929688,2090451
2026-04-24 16:00:00,68.78,68.7963,68.45,68.45,0
2026-04-24 17:00:00,68.4935,72.2671,68.45,68.57,0
2026-04-24 18:00:00,68.56,68.6,68.53,68.575,0
2026-04-24 19:00:00,68.6,68.6,68.49,68.5261,0
2026-04-27 04:00:00,68.58,69.28,68.38,68.4,0
2026-04-27 05:00:00,68.39,68.58,68.28,68.45,0
2026-04-27 06:00:00,68.42,68.55,68.37,68.517,0
2026-04-27 07:00:00,68.52,68.79,68.4121,68.56,0
2026-04-27 08:00:00,68.58,68.72,68.33,68.48,0
2026-04-27 09:00:00,68.51,69.52,67.94,68.03,0
2026-04-27 09:30:00,68.30000305175781,68.4000015258789,67.87999725341797,68.00170135498047,3623298
2026-04-27 10:30:00,67.98500061035156,68.3499984741211,67.55000305175781,68.04000091552734,2762598
2026-04-27 11:30:00,68.04000091552734,68.11000061035156,67.68000030517578,67.95999908447266,1449895
2026-04-27 12:30:00,67.95999908447266,68.11000061035156,67.79499816894531,67.91999816894531,1722603
2026-04-27 13:30:00,67.91500091552734,68.38500213623047,67.88999938964844,68.3550033569336,892049
2026-04-27 14:30:00,68.3499984741211,68.55000305175781,68.28500366210938,68.3550033569336,1252066
2026-04-27 15:30:00,68.3499984741211,68.4000015258789,68.25,68.33999633789062,1280078
2026-04-27 16:00:00,68.34,68.39,68.23,68.32,0
2026-04-27 17:00:00,68.3391,68.36,68.25,68.275,0
2026-04-27 18:00:00,68.29,68.75,68.2712,68.705,0
2026-04-27 19:00:00,68.6606,68.77,68.61,68.75,0
2026-04-28 04:00:00,66.35,67.6,65.76,66.4205,0
2026-04-28 05:00:00,66.44,66.69,66.22,66.3,0
2026-04-28 06:00:00,66.3,66.4897,65.92,66.38,0
2026-04-28 07:00:00,66.37,66.5,65.7626,65.82,0
2026-04-28 08:00:00,65.8,66.53,65.2,66.14,0
2026-04-28 09:00:00,66.12,66.71,65.61,65.67,0
2026-04-28 09:30:00,65.79000091552734,66.20500183105469,65.37000274658203,65.69499969482422,8961986
2026-04-28 10:30:00,65.70999908447266,66.13999938964844,65.44000244140625,65.9749984741211,3322043
2026-04-28 11:30:00,65.97000122070312,66.25499725341797,65.83000183105469,66.01499938964844,1934663
2026-04-28 12:30:00,66.01499938964844,66.52999877929688,65.98999786376953,66.41999816894531,1928862
2026-04-28 13:30:00,66.41000366210938,66.54000091552734,66.2300033569336,66.375,1638252
2026-04-28 14:30:00,66.38359832763672,66.4000015258789,66.1500015258789,66.20999908447266,1497836
2026-04-28 15:30:00,66.21499633789062,66.35990142822266,66.1500015258789,66.20500183105469,1820702
2026-04-28 16:00:00,66.2,66.27,65.4653,66.2,0
2026-04-28 17:00:00,66.1981,66.25,66.15,66.24,0
2026-04-28 18:00:00,66.23,66.3,66.13,66.21,0
2026-04-28 19:00:00,66.23,66.4,66.13,66.35,0
2026-04-29 04:00:00,66.09,66.901,65.621,65.94,0
2026-04-29 05:00:00,65.93,66.04,65.6695,65.7107,0
2026-04-29 06:00:00,65.7,66.14,65.7,65.99,0
2026-04-29 07:00:00,66.02,66.2,65.59,65.65,0
2026-04-29 08:00:00,65.64,65.85,65.11,65.23,0
2026-04-29 09:00:00,65.25,65.57,65.2476,65.425,0
2026-04-29 09:30:00,64.95500183105469,65.1449966430664,64.5199966430664,65.04499816894531,6225416
2026-04-29 10:30:00,65.04000091552734,65.26499938964844,64.68000030517578,64.83000183105469,2692956
2026-04-29 11:30:00,64.83000183105469,65.05000305175781,64.63999938964844,64.99009704589844,11337033
2026-04-29 12:30:00,64.95999908447266,64.95999908447266,64.5999984741211,64.7300033569336,1081564
2026-04-29 13:30:00,64.73999786376953,64.80000305175781,64.2300033569336,64.47000122070312,1858060
2026-04-29 14:30:00,64.36000061035156,65.02269744873047,64.12999725341797,64.87000274658203,2695137
2026-04-29 15:30:00,64.8550033569336,64.9000015258789,64.69999694824219,64.8499984741211,1528253
2026-04-29 16:00:00,64.84,67.96,64.47,64.5305,0
2026-04-29 17:00:00,64.5,67.93,64.5,64.63,0
2026-04-29 18:00:00,64.6,64.78,64.44,64.769,0
2026-04-29 19:00:00,64.77,65.0,64.7,64.95,0
2026-04-30 04:00:00,66.1,66.601,64.78,66.4,0
2026-04-30 05:00:00,66.37,66.65,66.19,66.46,0
2026-04-30 06:00:00,66.46,66.77,66.46,66.67,0
2026-04-30 07:00:00,66.65,66.87,64.84,66.55,0
2026-04-30 08:00:00,66.56,66.79,66.3805,66.5448,0
2026-04-30 09:00:00,66.56,66.7,66.56,66.7,0
2026-04-30 09:30:00,66.69999694824219,66.69999694824219,65.91999816894531,66.37999725341797,5044228
2026-04-30 10:30:00,66.37999725341797,66.38500213623047,65.875,66.33000183105469,2652876
2026-04-30 11:30:00,66.33000183105469,66.43000030517578,66.0250015258789,66.1500015258789,929362
2026-04-30 12:30:00,66.1500015258789,66.5999984741211,66.12000274658203,66.58000183105469,0
2026-04-30 13:30:00,66.56999969482422,66.80999755859375,66.51499938964844,66.58499908447266,12266296
2026-04-30 14:30:00,66.5999984741211,66.77999877929688,66.51000213623047,66.56999969482422,1923379
2026-04-30 15:30:00,66.57009887695312,66.72820281982422,66.51000213623047,66.6500015258789,1321653
2026-04-30 16:00:00,66.66,66.79,66.6,66.7111,0
2026-04-30 17:00:00,66.71,66.79,66.64,66.65,0
2026-04-30 18:00:00,66.72,67.38,66.72,67.08,0
2026-04-30 19:00:00,67.1175,67.45,67.03,67.29,0
2026-05-01 04:00:00,66.16,67.29,66.06,66.17,0
2026-05-01 05:00:00,66.16,66.34,66.04,66.141,0
2026-05-01 06:00:00,66.16,66.4184,66.16,66.36,0
2026-05-01 07:00:00,66.36,66.7202,66.19,66.72,0
2026-05-01 08:00:00,66.71,68.08,66.68,67.17,0
2026-05-01 09:00:00,67.15,67.6002,67.1302,67.5,0
2026-05-01 09:30:00,67.58000183105469,69.6500015258789,67.51000213623047,69.24500274658203,8503958
2026-05-01 10:30:00,69.24500274658203,69.24649810791016,68.1050033569336,68.5199966430664,3229312
2026-05-01 11:30:00,68.52999877929688,69.08529663085938,68.52010345458984,68.62000274658203,2440414
2026-05-01 12:30:00,68.62000274658203,68.94999694824219,68.47657012939453,68.73989868164062,1271219
2026-05-01 13:30:00,68.72000122070312,68.87000274658203,68.4800033569336,68.72000122070312,1310264
2026-05-01 14:30:00,68.70999908447266,68.73500061035156,68.44000244140625,68.55999755859375,1014178
2026-05-01 15:30:00,68.55000305175781,68.56999969482422,68.20500183105469,68.30000305175781,1581564
2026-05-01 16:00:00,68.3,68.34,68.12,68.21,0
2026-05-01 17:00:00,68.2818,68.29,68.12,68.249,0
2026-05-01 18:00:00,68.2312,68.28,68.2,68.2065,0
2026-05-01 19:00:00,68.23,68.25,68.12,68.1896,0
2026-05-04 04:00:00,67.35,68.56,67.21,67.2292,0
2026-05-04 05:00:00,67.3,67.48,67.24,67.24,0
2026-05-04 06:00:00,67.26,67.26,65.33,66.38,0
2026-05-04 07:00:00,66.38,66.65,66.09,66.4,0
2026-05-04 08:00:00,66.41,67.2,66.37,66.71,0
2026-05-04 09:00:00,66.7,66.9507,66.47,66.6495,0
2026-05-04 09:30:00,66.39399719238281,67.04000091552734,66.27999877929688,66.91000366210938,4879064
2026-05-04 10:30:00,67.19999694824219,67.52999877929688,65.71990203857422,66.38999938964844,4377902
2026-05-04 11:30:00,66.40499877929688,66.4800033569336,65.69499969482422,66.13999938964844,3611798
2026-05-04 12:30:00,66.12000274658203,66.33999633789062,65.78669738769531,66.01000213623047,1807718
2026-05-04 13:30:00,66.01000213623047,66.08999633789062,65.61000061035156,65.7699966430664,1164117
2026-05-04 14:30:00,65.78500366210938,66.10970306396484,65.63999938964844,66.00499725341797,1564079
2026-05-04 15:30:00,66.01000213623047,66.15499877929688,65.88999938964844,65.94999694824219,1365116
2026-05-04 16:00:00,65.94,66.024,65.76,65.8562,0
2026-05-04 17:00:00,65.84,66.02,65.83,65.9798,0
2026-05-04 18:00:00,65.97,69.6415,65.7,65.77,0
2026-05-04 19:00:00,65.76,65.84,65.6515,65.7487,0
2026-05-05 04:00:00,66.04,66.76,65.75,66.69,0
2026-05-05 05:00:00,66.74,66.81,66.55,66.72,0
2026-05-05 06:00:00,66.74,66.74,66.4195,66.46,0
2026-05-05 07:00:00,66.45,66.7602,66.32,66.7,0
2026-05-05 08:00:00,66.701,66.97,66.41,66.48,0
2026-05-05 09:00:00,66.5,67.14,66.44,66.8397,0
2026-05-05 09:30:00,66.7699966430664,66.94999694824219,66.29000091552734,66.77999877929688,5118038
2026-05-05 10:30:00,66.79000091552734,66.87000274658203,66.55999755859375,66.66999816894531,5987549
2026-05-05 11:30:00,66.63999938964844,66.69999694824219,66.03500366210938,66.11000061035156,8071522
2026-05-05 12:30:00,66.0999984741211,66.0999984741211,65.94000244140625,65.94000244140625,138598
2026-05-05 13:30:00,66.18000030517578,66.30999755859375,66.12000274658203,66.30999755859375,18271010
2026-05-05 14:30:00,66.31999969482422,66.31999969482422,66.26000213623047,66.2750015258789,54023
2026-05-05 15:30:00,65.92070007324219,66.0,65.8499984741211,65.91000366210938,1015448
2026-05-05 16:00:00,65.91,66.04,65.88,65.97,268447
2026-05-05 17:00:00,65.905,66.0,65.9,65.9862,0
2026-05-05 18:00:00,65.9787,65.9787,65.9008,65.9008,0
2026-05-05 19:00:00,66.3,67.1,66.1,66.8415,0
2026-05-06 04:00:00,69.0297,69.1,68.2797,68.9802,0
2026-05-06 05:00:00,69.63,69.92,69.3,69.851,0
2026-05-06 06:00:00,69.901,69.98,69.88,69.98,0
2026-05-06 07:00:00,70.21,70.38,69.4803,69.54,0
2026-05-06 08:00:00,69.52,69.56,69.1597,69.24,0
2026-05-06 09:00:00,69.56,69.88,69.17,69.56,0
2026-05-06 09:30:00,69.55500030517578,70.11000061035156,69.44000244140625,70.07499694824219,8054061
2026-05-06 10:30:00,70.02999877929688,70.38999938964844,69.7699966430664,69.96009826660156,4019491
2026-05-06 11:30:00,69.95500183105469,70.05000305175781,69.95500183105469,69.99500274658203,78234
2026-05-06 12:30:00,69.83000183105469,69.9000015258789,69.44999694824219,69.57589721679688,1060901
2026-05-06 13:30:00,69.56999969482422,69.62999725341797,69.55500030517578,69.58999633789062,81616
2026-05-06 14:30:00,69.8499984741211,70.16999816894531,69.71009826660156,70.15499877929688,1790661
2026-05-06 15:30:00,70.1500015258789,70.1500015258789,70.02169799804688,70.11009979248047,376148
2026-05-06 16:00:00,70.13,70.25,69.88,69.9936,459971
2026-05-06 17:00:00,70.0,70.13,69.9,70.0501,0
2026-05-06 18:00:00,69.94,70.2,69.8,70.09,0
2026-05-06 19:00:00,70.06,70.14,70.01,70.0139,0
2026-05-07 04:00:00,72.16,72.3,70.11,72.019,0
2026-05-07 04:50:00,72.0059,72.0059,72.0059,72.0059,0
2026-05-07 05:00:00,72.0584,72.6602,71.8697,72.57,0
2026-05-07 06:00:00,72.57,72.94,72.5495,72.83,0
2026-05-07 07:00:00,72.68,73.28,72.65,73.22,0
2026-05-07 08:00:00,73.22,73.92,73.2098,73.4297,0
2026-05-07 09:00:00,73.78,73.88,70.13,73.18,0
2026-05-07 09:30:00,73.27999877929688,74.05000305175781,73.125,73.97000122070312,12176072
2026-05-07 10:30:00,73.97000122070312,74.32499694824219,73.23999786376953,73.33999633789062,5098732
2026-05-07 11:30:00,73.3499984741211,73.58000183105469,71.80999755859375,72.38999938964844,4801160
2026-05-07 12:30:00,72.38999938964844,72.44000244140625,71.31999969482422,71.58000183105469,2840406
2026-05-07 13:30:00,71.55999755859375,72.19999694824219,71.41999816894531,72.04000091552734,2086351
2026-05-07 14:30:00,72.04010009765625,72.08999633789062,71.16000366210938,71.51000213623047,2569094
2026-05-07 15:30:00,71.5199966430664,71.80999755859375,71.47000122070312,71.58000183105469,1989492
2026-05-07 16:00:00,71.6,72.72325,70.9182,70.978,0
2026-05-07 17:00:00,70.99,73.7403,70.8578,71.0,0
2026-05-07 18:00:00,71.0,71.3857,70.8014,71.03,0
2026-05-07 19:00:00,71.03,71.8,70.96,71.6765,0
2026-05-08 04:00:00,72.33,73.03,71.77,72.54,0
2026-05-08 05:00:00,72.52,72.93,72.42,72.56,0
2026-05-08 06:00:00,72.6,73.17,72.59,72.96,0
2026-05-08 07:00:00,72.94,73.1,71.6,73.03,0
2026-05-08 08:00:00,73.06,73.7214,71.6,73.4246,0
2026-05-08 09:00:00,73.3,73.53,73.05,73.0816,0
2026-05-08 09:30:00,73.29000091552734,73.83000183105469,72.83999633789062,72.91999816894531,7999593
2026-05-08 10:30:00,72.91999816894531,73.25,72.83999633789062,72.93250274658203,2280334
2026-05-08 11:30:00,72.69999694824219,72.83499908447266,72.27999877929688,72.82009887695312,13589185
2026-05-08 12:30:00,72.82499694824219,72.87989807128906,72.7750015258789,72.82499694824219,109717
2026-05-08 13:30:00,72.75,73.20999908447266,72.70010375976562,72.98989868164062,1664056
2026-05-08 14:30:00,72.97000122070312,72.99500274658203,72.77999877929688,72.9000015258789,1121741
2026-05-08 15:30:00,72.9000015258789,73.13500213623047,72.83000183105469,73.02999877929688,1651537
2026-05-08 16:00:00,73.01,73.03,72.2671,72.71,0
2026-05-08 17:00:00,72.7,73.01,72.66,72.71,0
2026-05-08 18:00:00,72.71,72.86,72.7,72.76,0
2026-05-08 19:00:00,72.75,72.86,72.75,72.8,0
2026-05-11 04:00:00,72.71,73.08,72.1808,72.79,0
2026-05-11 05:00:00,72.76,72.87,72.49,72.52,0
2026-05-11 06:00:00,72.52,72.77,72.43,72.73,0
2026-05-11 07:00:00,72.73,72.93,72.34,72.93,0
2026-05-11 08:00:00,72.92,75.041,72.92,74.99,0
2026-05-11 09:00:00,74.99,77.07,74.85,77.0013,0
2026-05-11 09:30:00,77.05000305175781,77.72000122070312,76.31999969482422,76.54100036621094,17481021
2026-05-11 10:30:00,76.55000305175781,77.66000366210938,76.14099884033203,77.5,4138799
2026-05-11 11:30:00,77.50499725341797,77.84500122070312,77.30999755859375,77.37999725341797,2954352
2026-05-11 12:30:00,77.37999725341797,77.48999786376953,76.91000366210938,77.2665023803711,2830402
2026-05-11 13:30:00,77.26000213623047,77.70999908447266,77.26000213623047,77.69000244140625,2529315
2026-05-11 14:30:00,77.68000030517578,77.93499755859375,77.61000061035156,77.83426666259766,2635253
2026-05-11 15:30:00,77.83989715576172,78.0,77.6500015258789,77.98989868164062,4059976
2026-05-11 16:00:00,78.0,78.05,77.52,77.91,0
2026-05-11 17:00:00,77.9,78.04,77.83,77.97,0
2026-05-11 18:00:00,77.96,78.74,77.95,78.6635,0
2026-05-11 19:00:00,78.64,78.95,77.93,78.9,0
2026-05-12 04:00:00,76.39,78.27,75.56,76.29,0
2026-05-12 05:00:00,76.27,76.37,75.88,75.99,0
2026-05-12 06:00:00,75.99,76.37,75.61,75.75,0
2026-05-12 07:00:00,75.77,76.18,75.2,76.14,0
2026-05-12 08:00:00,76.1011,78.0,75.42,76.46,0
2026-05-12 09:00:00,76.44,76.8193,76.25,76.35,0
2026-05-12 09:30:00,76.5,77.33999633789062,76.31999969482422,76.94499969482422,9388381
2026-05-12 10:30:00,76.94999694824219,77.02179718017578,75.1449966430664,75.69000244140625,18270087
2026-05-12 11:30:00,75.69000244140625,76.2300033569336,75.61000061035156,76.12000274658203,928501
2026-05-12 12:30:00,76.37000274658203,77.0199966430664,76.13999938964844,76.8499984741211,1821012
2026-05-12 13:30:00,76.83999633789062,77.36000061035156,76.77220153808594,77.27999877929688,2002435
2026-05-12 14:30:00,77.25499725341797,78.30500030517578,77.2522964477539,78.11499786376953,4291837
2026-05-12 15:30:00,78.12000274658203,78.61499786376953,78.12000274658203,78.55000305175781,3731567
2026-05-12 16:00:00,78.55,78.63,77.703,78.365,0
2026-05-12 17:00:00,78.4,78.4,78.16,78.28,0
2026-05-12 18:00:00,78.29,78.72,78.29,78.54,0
2026-05-12 19:00:00,78.53,79.0,78.4,78.9,0
2026-05-13 04:00:00,78.35,78.68,77.5,78.28,0
2026-05-13 05:00:00,78.27,78.63,78.0,78.57,0
2026-05-13 06:00:00,78.5835,79.17,78.42,78.47,0
2026-05-13 07:00:00,78.5,79.27,78.38,78.8394,0
2026-05-13 08:00:00,78.81,78.99,77.77,78.1899,0
2026-05-13 09:00:00,78.19,78.7,78.18,78.68,0
2026-05-13 09:30:00,78.66000366210938,79.30000305175781,78.2699966430664,79.11009979248047,8696348
2026-05-13 10:30:00,79.4000015258789,80.21499633789062,79.36499786376953,79.96009826660156,5359525
2026-05-13 11:30:00,79.97000122070312,80.86000061035156,79.80999755859375,80.81009674072266,4274339
2026-05-13 12:30:00,80.80999755859375,80.83999633789062,80.06999969482422,80.11990356445312,3401006
2026-05-13 13:30:00,80.11499786376953,80.12930297851562,79.5,79.82990264892578,3289096
2026-05-13 14:30:00,79.81999969482422,79.86000061035156,78.9800033569336,79.4800033569336,3080599
2026-05-13 15:30:00,79.4800033569336,79.49500274658203,79.27999877929688,79.33999633789062,1534495
2026-05-13 16:00:00,79.35,79.45,79.1,79.17,0
2026-05-13 17:00:00,79.18,79.25,79.1,79.2249,0
2026-05-13 18:00:00,79.2,79.65,79.17,79.58,0
2026-05-13 19:00:00,79.5793,79.62,79.14,79.33,0
2026-05-14 04:00:00,78.75,79.23,78.07,79.1,0
2026-05-14 05:00:00,79.13,79.1926,78.61,78.7,0
2026-05-14 06:00:00,78.7,79.12,78.43,78.66,0
2026-05-14 07:00:00,78.69,79.35,78.26,78.34,0
2026-05-14 08:00:00,78.3217,78.74,78.25,78.38,0
2026-05-14 09:00:00,78.3603,78.46,77.75,78.0896,0
2026-05-14 09:30:00,77.29000091552734,77.29000091552734,75.81500244140625,76.5801010131836,11982835
2026-05-14 10:30:00,76.58999633789062,77.0999984741211,76.3499984741211,77.0,3525510
2026-05-14 11:30:00,77.0,77.1500015258789,76.52999877929688,76.61000061035156,1779414
2026-05-14 12:30:00,76.61000061035156,76.81999969482422,76.27010345458984,76.6500015258789,1438101
2026-05-14 13:30:00,76.6500015258789,76.83000183105469,76.26000213623047,76.43000030517578,1202441
2026-05-14 14:30:00,76.43000030517578,76.4854965209961,75.94999694824219,75.95999908447266,1935731
2026-05-14 15:30:00,75.97000122070312,76.03500366210938,75.38999938964844,75.48999786376953,4193602
2026-05-14 16:00:00,75.5,75.65,75.17,75.52,0
2026-05-14 17:00:00,75.52,75.86,75.45,75.67,0
2026-05-14 18:00:00,75.68,75.91,75.41,75.81,0
2026-05-14 19:00:00,75.8,75.89,75.0,75.5884,0
2026-05-15 04:00:00,71.46,73.75,70.22,70.97,0
2026-05-15 05:00:00,70.73,71.02,69.5,70.0913,0
2026-05-15 06:00:00,70.0979,71.39,70.0488,71.35,0
2026-05-15 07:00:00,70.971,71.58,70.77,71.09,0
2026-05-15 08:00:00,71.11,71.1395,70.57,70.9036,0
2026-05-15 09:00:00,70.91,70.91,69.05,69.5693,0
2026-05-15 09:30:00,69.73999786376953,69.79000091552734,68.54499816894531,69.6050033569336,19083389
2026-05-15 10:30:00,69.5999984741211,69.70999908447266,68.95999908447266,69.16999816894531,7811069
2026-05-15 11:30:00,69.16999816894531,69.33999633789062,68.68000030517578,69.06990051269531,5563138
2026-05-15 12:30:00,69.07499694824219,70.0199966430664,68.93499755859375,69.81999969482422,1868064
2026-05-15 13:30:00,69.83000183105469,70.05999755859375,69.55999755859375,69.68499755859375,3650285
2026-05-15 14:30:00,69.69000244140625,69.70500183105469,69.125,69.22000122070312,2241370
2026-05-15 15:30:00,69.2300033569336,69.38999938964844,69.01000213623047,69.0250015258789,4230012
2026-05-15 16:00:00,69.04,69.04,68.52,68.7,0
2026-05-15 17:00:00,68.71,68.84,68.7,68.775,0
2026-05-15 18:00:00,68.8,68.9,68.7726,68.83,0
2026-05-15 19:00:00,68.83,68.91,68.76,68.76,0
2026-05-18 04:00:00,68.64,69.13,67.73,68.81,0
2026-05-18 05:00:00,68.85,69.05,68.62,68.66,0
2026-05-18 06:00:00,68.6849,68.6849,68.36,68.47,0
2026-05-18 07:00:00,68.48,69.04,68.22,68.5381,0
2026-05-18 08:00:00,68.53,69.76,68.49,69.4557,0
2026-05-18 09:00:00,69.4619,70.38,69.42,70.17,0
2026-05-18 09:30:00,70.2300033569336,70.7699966430664,69.4800033569336,69.76000213623047,9401788
2026-05-18 10:30:00,69.75,69.80970001220703,68.87999725341797,69.04499816894531,3408360
2026-05-18 11:30:00,69.04000091552734,69.70999908447266,69.0199966430664,69.12999725341797,1712244
2026-05-18 12:30:00,69.14920043945312,69.88999938964844,69.04000091552734,69.72000122070312,1525578
2026-05-18 13:30:00,69.72000122070312,69.7699966430664,69.31999969482422,69.5199966430664,862096
2026-05-18 14:30:00,69.5199966430664,70.2300033569336,69.13999938964844,69.68000030517578,2444154
2026-05-18 15:30:00,69.69000244140625,70.11000061035156,69.63999938964844,69.95999908447266,1888898
2026-05-18 16:00:00,69.94,70.3,69.94,70.28,0
2026-05-18 17:00:00,70.2792,70.28,69.6415,70.25,0
2026-05-18 18:00:00,70.28,70.8,70.25,70.7,0
2026-05-18 19:00:00,70.7493,71.39,70.7493,71.1765,0
2026-05-19 04:00:00,69.13,69.36,68.49,68.7532,0
2026-05-19 05:00:00,68.75,69.0,68.3,68.52,0
2026-05-19 06:00:00,68.52,68.75,68.35,68.66,0
2026-05-19 07:00:00,68.71,69.94,68.28,68.7706,0
2026-05-19 08:00:00,68.78,69.08,68.46,69.0022,0
2026-05-19 09:00:00,68.9885,69.11,68.14,68.449,0
2026-05-19 09:30:00,66.68000030517578,67.75,66.11000061035156,67.16999816894531,10493425
2026-05-19 10:30:00,67.18000030517578,67.3550033569336,66.63999938964844,67.22000122070312,2604869
2026-05-19 11:30:00,67.20999908447266,67.54000091552734,67.13990020751953,67.45999908447266,1614669
2026-05-19 12:30:00,67.45500183105469,67.80000305175781,67.41999816894531,67.5801010131836,1351924
2026-05-19 13:30:00,67.58000183105469,67.6500015258789,67.04000091552734,67.18000030517578,1471419
2026-05-19 14:30:00,67.18000030517578,67.37000274658203,66.91500091552734,66.9800033569336,1709966
2026-05-19 15:30:00,66.9749984741211,67.20999908447266,66.81999969482422,66.90499877929688,2956486
2026-05-19 16:00:00,66.88,69.9972,66.62,66.7,0
2026-05-19 17:00:00,66.72,67.05,66.69,67.05,0
2026-05-19 18:00:00,67.04,67.04,66.7,66.99,0
2026-05-19 19:00:00,66.9669,67.32,66.92,67.13,0
2026-05-20 04:00:00,67.9,68.27,66.47,68.25,0
2026-05-20 05:00:00,68.28,68.38,67.9818,68.08,0
2026-05-20 06:00:00,68.11,68.42,68.11,68.24,0
2026-05-20 07:00:00,68.23,68.6,66.9,68.5598,0
2026-05-20 08:00:00,68.5418,68.5961,68.22,68.269,0
2026-05-20 09:00:00,68.29,68.58,66.9,68.21,0
2026-05-20 09:30:00,67.81999969482422,68.70999908447266,67.33000183105469,68.6449966430664,6145983
2026-05-20 10:30:00,68.6500015258789,69.33000183105469,68.41000366210938,68.55000305175781,5331791
2026-05-20 11:30:00,68.55000305175781,68.87000274658203,68.36000061035156,68.44000244140625,1918064
2026-05-20 12:30:00,68.44999694824219,68.92500305175781,68.39009857177734,68.69499969482422,1773785
2026-05-20 13:30:00,68.69999694824219,68.94000244140625,68.55000305175781,68.88999938964844,1123720
2026-05-20 14:30:00,68.88999938964844,69.12000274658203,68.7750015258789,68.80500030517578,2242495
2026-05-20 15:30:00,68.80989837646484,69.0,68.69000244140625,68.7300033569336,1613715
2026-05-20 16:00:00,68.73,68.85,68.439,68.62,0
2026-05-20 17:00:00,68.62,68.75,68.51,68.66,0
2026-05-20 18:00:00,68.61,68.66,68.11,68.45,0
2026-05-20 19:00:00,68.44,68.71,68.24,68.595,0
2026-05-21 04:00:00,67.72,68.55,67.54,68.28,0
2026-05-21 05:00:00,68.26,68.48,68.06,68.47,0
2026-05-21 06:00:00,68.46,68.6,67.58,67.76,0
2026-05-21 07:00:00,67.76,67.99,67.45,67.75,0
2026-05-21 08:00:00,67.76,67.95,67.5497,67.65,0
2026-05-21 09:00:00,67.65,68.73,67.35,67.73,0
2026-05-21 09:30:00,67.68000030517578,68.5,67.30999755859375,67.98979949951172,4937775
2026-05-21 10:30:00,68.0,68.3550033569336,67.70999908447266,68.08999633789062,1676755
2026-05-21 11:30:00,68.08999633789062,68.75,68.05999755859375,68.55500030517578,2015675
2026-05-21 12:30:00,68.55000305175781,69.58499908447266,68.54499816894531,69.26020050048828,2637336
2026-05-21 13:30:00,69.26000213623047,69.75,69.18000030517578,69.58000183105469,2084021
2026-05-21 14:30:00,69.56999969482422,69.59500122070312,68.77999877929688,69.23500061035156,1695530
2026-05-21 15:30:00,69.23999786376953,69.54499816894531,69.20999908447266,69.44000244140625,1553599
2026-05-21 16:00:00,69.45,73.7403,69.25,69.36,0
2026-05-21 17:00:00,69.34,69.4,69.25,69.25,0
2026-05-21 18:00:00,69.3,69.49,69.26,69.3822,0
2026-05-21 19:00:00,69.41,69.47,69.2,69.3148,0
2026-05-22 04:00:00,68.7,69.7,68.54,68.74,0
2026-05-22 05:00:00,68.8,68.81,68.39,68.5,0
2026-05-22 06:00:00,68.47,68.95,68.4326,68.74,0
2026-05-22 07:00:00,68.75,68.75,68.47,68.5513,0
2026-05-22 08:00:00,68.55,69.08,68.46,68.62,0
2026-05-22 09:00:00,68.62,69.23,68.24,69.0,0
2026-05-22 09:30:00,68.86000061035156,69.02999877929688,67.79499816894531,68.05000305175781,5192028
2026-05-22 10:30:00,68.05999755859375,68.64800262451172,67.98999786376953,68.625,2219193
2026-05-22 11:30:00,68.62999725341797,68.95999908447266,68.45999908447266,68.91500091552734,1482425
2026-05-22 12:30:00,68.91999816894531,69.01000213623047,68.49500274658203,68.98500061035156,1463629
2026-05-22 13:30:00,68.9800033569336,69.05999755859375,68.54499816894531,68.70999908447266,1180090
2026-05-22 14:30:00,68.69000244140625,68.83999633789062,68.29000091552734,68.31559753417969,1047616
2026-05-22 15:30:00,68.31999969482422,68.44999694824219,68.20500183105469,68.36000061035156,1446637
2026-05-22 16:00:00,68.36,72.2671,68.2,68.3,0
2026-05-22 17:00:00,68.3,68.36,68.28,68.32,0
2026-05-22 18:00:00,68.32,68.36,68.25,68.26,0
2026-05-22 19:00:00,68.295,68.34,68.2,68.3057,0
2026-05-26 04:00:00,69.0,69.58,68.67,68.93,0
2026-05-26 05:00:00,68.92,68.96,68.69,68.87,0
2026-05-26 06:00:00,68.86,69.19,68.43,69.16,0
2026-05-26 07:00:00,69.2,69.3,68.92,68.9359,0
2026-05-26 08:00:00,68.9395,68.99,68.56,68.6,0
2026-05-26 09:00:00,68.59,69.09,67.785,68.88,0
2026-05-26 09:30:00,69.0199966430664,69.33000183105469,68.58499908447266,69.05999755859375,5155268
2026-05-26 10:30:00,69.04499816894531,69.27999877929688,68.73999786376953,68.79000091552734,1622673
2026-05-26 11:30:00,68.80999755859375,68.94000244140625,68.61000061035156,68.92500305175781,1007383
2026-05-26 12:30:00,68.93000030517578,69.08999633789062,68.7750015258789,68.92500305175781,1185434
2026-05-26 13:30:00,68.92009735107422,68.92009735107422,68.61000061035156,68.81999969482422,1304458
2026-05-26 14:30:00,68.80999755859375,69.52989959716797,68.80000305175781,69.38999938964844,2217250
2026-05-26 15:30:00,69.38999938964844,69.72404479980469,69.37999725341797,69.72000122070312,1820149
2026-05-26 16:00:00,69.72,69.74,69.5,69.56,0
2026-05-26 17:00:00,69.55,69.72,65.4653,69.59,0
2026-05-26 18:00:00,69.6,69.9,69.58,69.89,0
2026-05-26 19:00:00,69.9,70.16,69.77,69.99,0
2026-05-27 04:00:00,67.9,69.69,67.52,68.1,0
2026-05-27 05:00:00,68.1,68.32,67.98,68.19,0
2026-05-27 06:00:00,68.18,68.349,68.12,68.15,0
2026-05-27 07:00:00,68.14,68.16,67.03,67.11,0
2026-05-27 08:00:00,67.0839,68.04,66.42,67.71,0
2026-05-27 09:00:00,67.73,67.81,67.01,67.15,0
2026-05-27 09:30:00,66.88400268554688,67.91500091552734,66.87999725341797,67.67009735107422,6938138
2026-05-27 10:30:00,67.66000366210938,67.75499725341797,67.12000274658203,67.41999816894531,2025559
2026-05-27 11:30:00,67.42500305175781,67.6500015258789,67.26000213623047,67.61000061035156,1206138
2026-05-27 12:30:00,67.58999633789062,67.70999908447266,67.3499984741211,67.45999908447266,1936409
2026-05-27 13:30:00,67.4573974609375,67.8499984741211,67.33499908447266,67.6449966430664,807920
2026-05-27 14:30:00,67.6500015258789,67.72000122070312,67.48500061035156,67.49500274658203,856940
2026-05-27 15:30:00,67.49819946289062,67.62000274658203,67.44000244140625,67.50700378417969,1506759
2026-05-27 16:00:00,67.51,67.6,67.46,67.53,0
2026-05-27 17:00:00,67.5,67.64,64.6153,67.54,0
2026-05-27 18:00:00,67.54,67.75,67.5,67.52,0
2026-05-27 19:00:00,67.51,67.58,67.2601,67.51,0
2026-05-28 04:00:00,66.5,66.62,64.96,66.424,0
2026-05-28 05:00:00,66.4,66.61,66.2,66.5,0
2026-05-28 06:00:00,66.5,66.55,66.26,66.4749,0
2026-05-28 07:00:00,66.46,67.5,65.79,66.08,0
2026-05-28 08:00:00,66.0974,66.19,65.79,65.9798,0
2026-05-28 09:00:00,65.96,67.1,65.95,66.58,0
2026-05-28 09:30:00,66.55000305175781,67.69000244140625,66.15499877929688,67.4800033569336,7751256
2026-05-28 10:30:00,67.46009826660156,67.69999694824219,67.08999633789062,67.56999969482422,2305759
2026-05-28 11:30:00,67.58000183105469,68.51000213623047,67.58000183105469,68.40499877929688,2142272
2026-05-28 12:30:00,68.40499877929688,68.625,68.22000122070312,68.3499984741211,2567273
2026-05-28 13:30:00,68.3499984741211,68.76000213623047,68.3499984741211,68.55000305175781,1611982
2026-05-28 14:30:00,68.55999755859375,68.55999755859375,68.29000091552734,68.34500122070312,998682
2026-05-28 15:30:00,68.3499984741211,68.44999694824219,68.31999969482422,68.33999633789062,900202
2026-05-28 16:00:00,68.34,68.48,68.3146,68.4019,0
2026-05-28 17:00:00,68.4239,68.44,68.3,68.3,0
2026-05-28 18:00:00,68.37,68.55,68.31,68.38,0
2026-05-28 19:00:00,68.3803,68.55,68.35,68.4861,0
2026-05-29 04:00:00,68.35,68.72,67.94,68.1116,0
2026-05-29 05:00:00,68.1,68.46,67.8121,68.44,0
2026-05-29 06:00:00,68.47,68.514,68.21,68.29,0
2026-05-29 07:00:00,68.3,68.59,68.2807,68.42,0
2026-05-29 08:00:00,68.43,68.54,67.99,68.18,0
2026-05-29 09:00:00,68.18,68.52,67.1277,68.395,0
2026-05-29 09:30:00,68.55999755859375,68.62000274658203,67.61000061035156,67.66999816894531,4220794
2026-05-29 10:30:00,67.66000366210938,69.34500122070312,67.4800033569336,68.66000366210938,5209329
2026-05-29 11:30:00,68.67500305175781,68.80999755859375,68.20999908447266,68.3333969116211,1652234
2026-05-29 12:30:00,68.33999633789062,68.70999908447266,68.25499725341797,68.37000274658203,1801840
2026-05-29 13:30:00,68.36000061035156,68.5,68.12999725341797,68.43499755859375,993699
2026-05-29 14:30:00,68.44499969482422,68.58000183105469,68.19000244140625,68.41000366210938,1138183
2026-05-29 15:30:00,68.41000366210938,68.44000244140625,68.26599884033203,68.33999633789062,1127625
2026-05-29 16:00:00,68.35,68.46,68.1,68.1039,0
2026-05-29 17:00:00,68.1014,68.3,68.1,68.29,0
2026-05-29 18:00:00,68.2987,68.2987,68.2,68.2326,0
2026-05-29 19:00:00,68.24,68.28,68.2,68.25,0
2026-06-01 04:00:00,68.54,68.72,68.1139,68.2703,0
2026-06-01 05:00:00,68.3,69.0,68.1792,68.61,0
2026-06-01 06:00:00,68.6,68.6997,68.4,68.6,0
2026-06-01 07:00:00,68.625,68.72,68.31,68.6371,0
2026-06-01 08:00:00,68.6,68.66,68.1397,68.35,0
2026-06-01 09:00:00,68.33,68.64,67.04,67.98,0
2026-06-01 09:30:00,67.48999786376953,67.69999694824219,66.80000305175781,67.24500274658203,5941543
2026-06-01 10:30:00,67.23999786376953,67.59500122070312,67.06999969482422,67.52999877929688,1754223
2026-06-01 11:30:00,67.5199966430664,68.05999755859375,67.47000122070312,67.59500122070312,2196674
2026-06-01 12:30:00,67.61000061035156,68.0,67.48500061035156,68.0,1343316
2026-06-01 13:30:00,68.0,68.23500061035156,67.8499984741211,67.99500274658203,1958631
2026-06-01 14:30:00,68.0,68.10009765625,67.81999969482422,67.8290023803711,934615
2026-06-01 15:30:00,67.82499694824219,67.87000274658203,67.61000061035156,67.66999816894531,1422065
2026-06-01 16:00:00,67.67,68.433,67.645,67.68,0
2026-06-01 17:00:00,69.6415,69.6415,67.65,67.75,0
2026-06-01 18:00:00,67.78,67.82,67.61,67.8,0
2026-06-01 19:00:00,67.791,67.96,67.73,67.85,0
2026-06-02 04:00:00,69.53,69.66,68.07,69.4126,0
2026-06-02 05:00:00,69.44,69.5,69.011,69.0846,0
2026-06-02 06:00:00,69.1,69.16,68.89,68.9499,0
2026-06-02 07:00:00,68.95,69.13,67.67,69.13,0
2026-06-02 08:00:00,69.15,69.34,68.89,69.335,0
2026-06-02 09:00:00,69.35,69.37,68.74,68.88,0
2026-06-02 09:30:00,68.69000244140625,69.02999877929688,68.05000305175781,68.23999786376953,4237140
2026-06-02 10:30:00,68.25,68.75499725341797,68.25,68.67500305175781,1411743
2026-06-02 11:30:00,68.67500305175781,68.77999877929688,68.19000244140625,68.23999786376953,1072532
2026-06-02 12:30:00,68.2300033569336,68.36000061035156,68.04000091552734,68.12999725341797,992943
2026-06-02 13:30:00,68.13999938964844,68.23999786376953,67.86000061035156,68.00990295410156,846187
2026-06-02 14:30:00,68.0000991821289,68.05999755859375,67.62999725341797,68.0,1754338
2026-06-02 15:30:00,67.99099731445312,68.0199966430664,67.8499984741211,68.0,820120
2026-06-02 16:00:00,67.98,68.08,67.9,67.97,0
2026-06-02 17:00:00,67.99,69.9972,67.9,68.0,0
2026-06-02 18:00:00,67.99,68.09,67.8,67.8,0
2026-06-02 19:00:00,67.8174,67.92,67.2097,67.7,0
2026-06-03 04:00:00,67.04,68.05,66.94,67.2,0
2026-06-03 05:00:00,67.22,67.35,66.9495,67.02,0
2026-06-03 06:00:00,67.0546,67.7,66.9,67.29,0
2026-06-03 07:00:00,67.34,67.4308,67.13,67.31,0
2026-06-03 08:00:00,67.35,67.47,67.05,67.1,0
2026-06-03 09:00:00,67.1,67.99,66.86,67.3,0
2026-06-03 09:30:00,67.0,67.13999938964844,66.18499755859375,66.70500183105469,5066242
2026-06-03 10:30:00,66.69999694824219,66.94000244140625,66.2249984741211,66.43499755859375,1940339
2026-06-03 11:30:00,66.41000366210938,66.52999877929688,66.16999816894531,66.34500122070312,1321050
2026-06-03 12:30:00,66.33999633789062,66.66999816894531,66.1449966430664,66.36299896240234,1434966
2026-06-03 13:30:00,66.36000061035156,66.47000122070312,66.0999984741211,66.23889923095703,1235479
2026-06-03 14:30:00,66.23500061035156,66.47000122070312,66.13500213623047,66.33999633789062,1011722
2026-06-03 15:30:00,66.3301010131836,66.43000030517578,66.19000244140625,66.21499633789062,1043348
2026-06-03 16:00:00,66.21,66.22,65.7,65.86,0
2026-06-03 17:00:00,65.86,66.15,65.75,66.15,0
2026-06-03 18:00:00,66.11,66.3,65.55,66.15,0
2026-06-03 19:00:00,66.0135,66.4,66.01,66.195,0
2026-06-04 04:00:00,66.21,66.86,65.94,66.3026,0
2026-06-04 05:00:00,66.34,66.47,66.19,66.3339,0
2026-06-04 06:00:00,66.3382,66.62,66.32,66.45,0
2026-06-04 07:00:00,66.46,66.94,66.21,66.91,0
2026-06-04 08:00:00,66.9,67.55,66.7,67.3,0
2026-06-04 09:00:00,67.3006,67.89,67.21,67.59,0
2026-06-04 09:30:00,67.5,67.72000122070312,66.81999969482422,66.94000244140625,5140567
2026-06-04 10:30:00,66.94999694824219,66.97000122070312,66.19999694824219,66.59500122070312,1870854
2026-06-04 11:30:00,66.5999984741211,66.9093017578125,66.58999633789062,66.80000305175781,995585
2026-06-04 12:30:00,66.80999755859375,66.86000061035156,66.58000183105469,66.7750015258789,1066236
2026-06-04 13:30:00,66.79000091552734,67.0198974609375,66.7750015258789,66.91500091552734,988999
2026-06-04 14:30:00,66.91000366210938,67.01499938964844,66.76000213623047,66.95999908447266,668317
2026-06-04 15:30:00,66.96499633789062,67.04499816894531,66.91500091552734,66.9800033569336,726839
2026-06-04 16:00:00,66.98,66.98,66.8008,66.83,0
2026-06-04 17:00:00,66.81,66.91,66.81,66.91,0
2026-06-04 18:00:00,66.86,66.94,66.81,66.89,0
2026-06-04 19:00:00,66.89,67.09,66.73,66.825,0
2026-06-05 04:00:00,65.7,66.3,64.49,65.79,0
2026-06-05 05:00:00,65.77,65.96,65.57,65.7041,0
2026-06-05 06:00:00,65.72,65.86,65.65,65.839,0
2026-06-05 07:00:00,65.84,66.98,65.52,65.82,0
2026-06-05 08:00:00,65.81,66.47,65.66,66.27,0
2026-06-05 09:00:00,66.27,66.28,64.0,64.45,0
2026-06-05 09:30:00,64.05999755859375,64.24500274658203,62.20000076293945,62.540000915527344,13482174
2026-06-05 10:30:00,62.540000915527344,62.83449935913086,61.94889831542969,62.369998931884766,5289167
2026-06-05 11:30:00,62.369998931884766,62.48500061035156,61.97999954223633,62.33000183105469,4603957
2026-06-05 12:30:00,62.310001373291016,62.689998626708984,61.915000915527344,62.42499923706055,3322269
2026-06-05 13:30:00,62.41999816894531,62.51499938964844,61.57500076293945,61.63999938964844,2899099
2026-06-05 14:30:00,61.63999938964844,61.86000061035156,61.45000076293945,61.75,3454212
2026-06-05 15:30:00,61.75,61.79999923706055,61.35499954223633,61.560001373291016,3312646
2026-06-05 16:00:00,61.56,62.9235,61.11,61.45,0
2026-06-05 17:00:00,61.46,62.9235,60.5894,61.54,0
2026-06-05 18:00:00,61.54,61.55,61.25,61.35,0
2026-06-05 19:00:00,61.35,61.45,61.3,61.345,0
2026-06-08 04:00:00,60.56,61.54,59.88,60.56,0
2026-06-08 05:00:00,60.58,60.73,60.41,60.43,0
2026-06-08 06:00:00,60.42,60.8779,60.23,60.63,0
2026-06-08 07:00:00,60.63,61.7361,60.61,61.5861,0
2026-06-08 08:00:00,61.57,62.08,61.5513,62.02,0
2026-06-08 09:00:00,62.03,62.36,61.8,61.84,0
2026-06-08 09:30:00,62.029998779296875,62.29499816894531,61.23500061035156,61.5099983215332,7249785
2026-06-08 10:30:00,61.5099983215332,62.095001220703125,61.349998474121094,61.974998474121094,4521424
2026-06-08 11:30:00,61.97999954223633,62.290000915527344,61.904998779296875,62.07500076293945,2466278
2026-06-08 12:30:00,62.09000015258789,62.22999954223633,61.84000015258789,61.939998626708984,1541559
2026-06-08 13:30:00,61.93000030517578,62.08000183105469,61.685001373291016,62.005001068115234,2262795
2026-06-08 14:30:00,62.0,62.04499816894531,61.54999923706055,61.70000076293945,1463294
2026-06-08 15:30:00,61.70000076293945,61.744998931884766,61.52000045776367,61.59000015258789,2094431
2026-06-08 16:00:00,61.58,61.74,59.2758,61.6643,0
2026-06-08 17:00:00,61.7,63.7,61.58,61.77,0
2026-06-08 18:00:00,61.76,61.76,61.56,61.649,0
2026-06-08 19:00:00,61.64,61.65,61.36,61.42,0
2026-06-09 04:00:00,61.77,62.26,61.28,62.24,0
2026-06-09 05:00:00,62.2598,62.2598,61.69,61.69,0
2026-06-09 06:00:00,61.73,62.06,61.67,62.01,0
2026-06-09 07:00:00,62.02,62.13,61.79,61.9731,0
2026-06-09 08:00:00,61.97,62.13,61.83,61.8492,0
2026-06-09 09:00:00,61.87,62.24,61.8,62.17,0
2026-06-09 09:30:00,61.81999969482422,62.42499923706055,60.529998779296875,60.56999969482422,6120608
2026-06-09 10:30:00,60.560001373291016,60.66999816894531,59.0099983215332,59.3849983215332,7903843
2026-06-09 11:30:00,59.38999938964844,59.505001068115234,58.72999954223633,58.939998626708984,5064316
2026-06-09 12:30:00,58.939998626708984,59.189998626708984,58.220001220703125,58.904998779296875,5313930
2026-06-09 13:30:00,58.904998779296875,59.34989929199219,58.7400016784668,59.255001068115234,3219151
2026-06-09 14:30:00,59.25,59.5,58.880001068115234,58.9723014831543,2121441
2026-06-09 15:30:00,58.970001220703125,59.095699310302734,58.775001525878906,58.9900016784668,3181518
2026-06-09 16:00:00,59.01,62.981,58.89655,59.085,0
2026-06-09 17:00:00,62.9181,87.2873,59.01,59.12,0
2026-06-09 18:00:00,59.12,59.14,58.61,58.72,0
2026-06-09 19:00:00,58.7,58.9799,58.48,58.7429,0
