Datetime,Open,High,Low,Close,Volume
2024-03-18 04:00:00,93.09,93.09,92.98,92.99,0
2024-03-18 07:00:00,92.949,93.05,92.949,93.05,0
2024-03-18 08:00:00,93.06,93.24,92.9,92.98,0
2024-03-18 09:00:00,92.96,92.99,92.66,92.73,0
2024-03-18 09:30:00,92.7300033569336,92.98999786376953,92.71499633789062,92.87999725341797,4316987
2024-03-18 10:30:00,92.88999938964844,92.88999938964844,92.5999984741211,92.66010284423828,4815051
2024-03-18 11:30:00,92.66500091552734,92.79000091552734,92.62300109863281,92.68499755859375,4210798
2024-03-18 12:30:00,92.68000030517578,92.75499725341797,92.54000091552734,92.5615005493164,3034564
2024-03-18 13:30:00,92.56500244140625,92.61000061035156,92.5,92.57499694824219,2509542
2024-03-18 14:30:00,92.56999969482422,92.69999694824219,92.51499938964844,92.63999938964844,3755159
2024-03-18 15:30:00,92.6449966430664,92.69000244140625,92.62999725341797,92.6449966430664,3154399
2024-03-18 16:00:00,92.66,96.9957,91.3095,92.8,0
2024-03-18 17:00:00,92.8,92.81,92.66,92.72,0
2024-03-18 18:00:00,92.74,92.8,92.66,92.75,0
2024-03-18 19:00:00,92.74,92.78,92.5,92.71,0
2024-03-19 04:00:00,92.77,92.86,92.77,92.82,0
2024-03-19 05:00:00,92.83,92.89,92.82,92.86,0
2024-03-19 06:00:00,92.86,92.93,92.8,92.93,0
2024-03-19 07:00:00,92.89,92.91,92.75,92.75,0
2024-03-19 08:00:00,92.76,92.97,92.64,92.7,0
2024-03-19 09:00:00,92.74,93.07,92.7,92.84,0
2024-03-19 09:30:00,92.8499984741211,92.9000015258789,92.69000244140625,92.7667007446289,5137674
2024-03-19 10:30:00,92.7699966430664,92.94000244140625,92.75,92.8949966430664,3180903
2024-03-19 11:30:00,92.9000015258789,92.94000244140625,92.8021011352539,92.83999633789062,2842744
2024-03-19 12:30:00,92.83809661865234,93.2699966430664,92.7300033569336,92.97000122070312,4115518
2024-03-19 13:30:00,92.97000122070312,93.08499908447266,92.91500091552734,92.94499969482422,2954623
2024-03-19 14:30:00,92.94999694824219,93.14749908447266,92.94499969482422,93.02999877929688,3810483
2024-03-19 15:30:00,93.0199966430664,93.02999877929688,92.91000366210938,92.91999816894531,2677337
2024-03-19 16:00:00,92.92,93.08,92.91,93.02,0
2024-03-19 17:00:00,93.02,93.2,92.92,93.1,0
2024-03-19 18:00:00,93.05,93.05,92.9502,93.005,0
2024-03-19 19:00:00,93.03,93.06,92.98,93.03,0
2024-03-20 04:00:00,93.18,93.27,93.16,93.27,0
2024-03-20 05:00:00,93.26,93.27,93.06,93.12,0
2024-03-20 06:00:00,93.16,93.19,93.08,93.13,0
2024-03-20 07:00:00,93.15,93.2,93.11,93.12,0
2024-03-20 08:00:00,93.12,93.2664,93.01,93.17,0
2024-03-20 09:00:00,93.18,93.19,92.695,93.11,0
2024-03-20 09:30:00,93.08999633789062,93.16500091552734,92.97000122070312,93.11000061035156,3006149
2024-03-20 10:30:00,93.11820220947266,93.30000305175781,93.05000305175781,93.2249984741211,3238199
2024-03-20 11:30:00,93.2249984741211,93.27999877929688,93.13999938964844,93.24030303955078,2209647
2024-03-20 12:30:00,93.23999786376953,93.29540252685547,93.20999908447266,93.25,3346426
2024-03-20 13:30:00,93.25,93.78980255126953,92.6001968383789,92.66000366210938,7701633
2024-03-20 14:30:00,92.6698989868164,93.08999633789062,92.29000091552734,92.96499633789062,11602909
2024-03-20 15:30:00,92.97000122070312,93.05000305175781,92.84500122070312,92.91000366210938,6222001
2024-03-20 16:00:00,92.9,92.9,92.75,92.86,0
2024-03-20 17:00:00,92.8302,92.95,92.83,92.95,0
2024-03-20 18:00:00,92.94,92.96,92.77,92.92,0
2024-03-20 19:00:00,92.93,93.0,92.9,92.94,0
2024-03-21 04:00:00,93.14,93.35,93.09,93.24,0
2024-03-21 05:00:00,93.22,93.51,93.2,93.44,0
2024-03-21 06:00:00,93.45,93.56,93.41,93.46,0
2024-03-21 07:00:00,93.49,93.49,93.36,93.43,0
2024-03-21 08:00:00,93.43,93.64,92.98,93.48,0
2024-03-21 09:00:00,93.48,93.515,92.89,93.24,0
2024-03-21 09:30:00,93.2699966430664,93.41999816894531,92.7699966430664,92.98100280761719,8170024
2024-03-21 10:30:00,92.98500061035156,93.06999969482422,92.7249984741211,92.80500030517578,3510272
2024-03-21 11:30:00,92.80500030517578,93.0999984741211,92.79000091552734,93.08999633789062,3079682
2024-03-21 12:30:00,93.08499908447266,93.12789916992188,92.91000366210938,92.97550201416016,2393974
2024-03-21 13:30:00,92.97000122070312,93.06990051269531,92.94999694824219,93.03500366210938,1432414
2024-03-21 14:30:00,93.02999877929688,93.13999938964844,93.02330017089844,93.06500244140625,1800191
2024-03-21 15:30:00,93.06500244140625,93.08499908447266,93.02999877929688,93.05999755859375,3826271
2024-03-21 16:00:00,93.06,93.21,92.997,93.18,0
2024-03-21 17:00:00,93.18,93.19,93.13,93.18,0
2024-03-21 18:00:00,93.2,93.25,92.8273,93.23,0
2024-03-21 19:00:00,93.21,93.24,93.18,93.19,0
2024-03-22 04:00:00,93.42,93.55,93.34,93.51,0
2024-03-22 05:00:00,93.5,93.56,93.49,93.53,0
2024-03-22 06:00:00,93.55,93.58,93.49,93.55,0
2024-03-22 07:00:00,93.54,93.58,93.51,93.55,0
2024-03-22 08:00:00,93.56,94.0,93.5,93.95,0
2024-03-22 09:00:00,93.95,94.26,93.8936,94.19,0
2024-03-22 09:30:00,94.19000244140625,94.20999908447266,93.87000274658203,93.92900085449219,6961727
2024-03-22 10:30:00,93.93000030517578,94.04750061035156,93.77999877929688,94.0,3695966
2024-03-22 11:30:00,94.01000213623047,94.0199966430664,93.87999725341797,93.98989868164062,2941852
2024-03-22 12:30:00,93.98999786376953,94.0250015258789,93.87999725341797,93.9469985961914,2211690
2024-03-22 13:30:00,93.94499969482422,93.98999786376953,93.88500213623047,93.91000366210938,1853960
2024-03-22 14:30:00,93.91999816894531,93.97000122070312,93.86499786376953,93.92500305175781,1844910
2024-03-22 15:30:00,93.92500305175781,93.9800033569336,93.87999725341797,93.95999908447266,3911289
2024-03-22 16:00:00,93.98,94.08,90.221,94.04,0
2024-03-22 17:00:00,94.04,94.0899,94.02,94.04,0
2024-03-22 18:00:00,94.0399,94.1,93.98,94.0984,0
2024-03-22 19:00:00,94.09,94.09,94.01,94.01,0
2024-03-25 04:00:00,93.96,94.14,93.96,94.03,0
2024-03-25 05:00:00,94.01,94.03,93.8,93.8,0
2024-03-25 06:00:00,93.8,93.8,93.75,93.77,0
2024-03-25 07:00:00,93.77,93.77,93.69,93.73,0
2024-03-25 08:00:00,93.73,94.11,93.58,93.7,0
2024-03-25 09:00:00,93.7,93.98,93.7,93.7,0
2024-03-25 09:30:00,93.70700073242188,93.75,93.5199966430664,93.63999938964844,4899553
2024-03-25 10:30:00,93.63999938964844,93.69999694824219,93.51000213623047,93.55000305175781,2281891
2024-03-25 11:30:00,93.55000305175781,93.59500122070312,93.48999786376953,93.54499816894531,2213098
2024-03-25 12:30:00,93.54499816894531,93.58000183105469,93.47000122070312,93.55000305175781,1892373
2024-03-25 13:30:00,93.55000305175781,93.58499908447266,93.30000305175781,93.3499984741211,1884905
2024-03-25 14:30:00,93.3550033569336,93.44999694824219,93.35140228271484,93.43000030517578,2118832
2024-03-25 15:30:00,93.41999816894531,93.54000091552734,93.37999725341797,93.5199966430664,3135878
2024-03-25 16:00:00,93.51,93.55,93.5,93.54,0
2024-03-25 17:00:00,93.5599,93.56,93.52,93.55,0
2024-03-25 18:00:00,93.55,93.6,93.51,93.55,0
2024-03-25 19:00:00,93.58,93.65,93.54,93.615,0
2024-03-26 04:00:00,93.77,93.77,93.58,93.65,0
2024-03-26 05:00:00,93.67,93.84,93.62,93.84,0
2024-03-26 06:00:00,93.84,93.88,93.79,93.86,0
2024-03-26 07:00:00,93.86,93.93,93.78,93.78,0
2024-03-26 08:00:00,93.79,93.904,93.614,93.85,0
2024-03-26 09:00:00,93.87,93.87,93.4488,93.52,0
2024-03-26 09:30:00,93.5199966430664,93.61499786376953,93.32499694824219,93.3550033569336,3926505
2024-03-26 10:30:00,93.3499984741211,93.54000091552734,93.28130340576172,93.49549865722656,2467210
2024-03-26 11:30:00,93.48999786376953,93.63999938964844,93.46499633789062,93.62999725341797,2630012
2024-03-26 12:30:00,93.62999725341797,93.79499816894531,93.59500122070312,93.75,3525320
2024-03-26 13:30:00,93.75,93.80000305175781,93.66000366210938,93.80000305175781,1799034
2024-03-26 14:30:00,93.80000305175781,93.87000274658203,93.7249984741211,93.79000091552734,3765444
2024-03-26 15:30:00,93.78500366210938,93.86000061035156,93.7699966430664,93.80500030517578,4029716
2024-03-26 16:00:00,93.77,93.9,93.77,93.8,0
2024-03-26 17:00:00,93.8,93.81,93.76,93.76,0
2024-03-26 18:00:00,93.8,93.87,93.76,93.87,0
2024-03-26 19:00:00,93.85,93.85,93.8,93.8215,0
2024-03-27 04:00:00,93.92,93.96,93.86,93.89,0
2024-03-27 05:00:00,93.82,93.82,93.75,93.76,0
2024-03-27 06:00:00,93.76,93.84,93.74,93.84,0
2024-03-27 07:00:00,93.78,93.97,93.75,93.97,0
2024-03-27 08:00:00,93.96,94.09,93.7367,94.07,0
2024-03-27 09:00:00,94.0564,94.09,93.84,94.0,0
2024-03-27 09:30:00,93.98999786376953,94.08989715576172,93.94000244140625,94.06999969482422,4620375
2024-03-27 10:30:00,94.08000183105469,94.38999938964844,94.08000183105469,94.29499816894531,5950720
2024-03-27 11:30:00,94.29100036621094,94.47879791259766,94.26000213623047,94.41999816894531,4984878
2024-03-27 12:30:00,94.41999816894531,94.65950012207031,94.41999816894531,94.58000183105469,5336410
2024-03-27 13:30:00,94.57499694824219,94.61000061035156,94.46109771728516,94.5250015258789,4035761
2024-03-27 14:30:00,94.52999877929688,94.61499786376953,94.5011978149414,94.58390045166016,3952076
2024-03-27 15:30:00,94.58499908447266,94.69999694824219,94.55000305175781,94.6500015258789,7985290
2024-03-27 16:00:00,94.66,94.74,94.42,94.66,0
2024-03-27 17:00:00,94.6502,94.77,94.65,94.7,0
2024-03-27 18:00:00,94.7,94.72,94.41,94.52,0
2024-03-27 19:00:00,94.54,94.615,94.48,94.55,0
2024-03-28 04:00:00,94.62,94.62,94.52,94.53,0
2024-03-28 05:00:00,94.58,94.62,94.34,94.4,0
2024-03-28 06:00:00,94.41,94.5,94.38,94.48,0
2024-03-28 07:00:00,94.49,94.52,94.44,94.48,0
2024-03-28 08:00:00,94.46,94.6296,94.3,94.3,0
2024-03-28 09:00:00,94.3,94.6,94.25,94.49,0
2024-03-28 09:30:00,94.5,94.7750015258789,94.31999969482422,94.6364974975586,5537985
2024-03-28 10:30:00,94.63999938964844,94.93000030517578,94.62000274658203,94.8949966430664,3228505
2024-03-28 11:30:00,94.8949966430664,95.0199966430664,94.875,94.90899658203125,4082190
2024-03-28 12:30:00,94.90899658203125,94.95999908447266,94.63999938964844,94.66000366210938,6975211
2024-03-28 13:30:00,94.66000366210938,94.72090148925781,94.61000061035156,94.61000061035156,2690623
2024-03-28 14:30:00,94.5999984741211,94.63990020751953,94.55999755859375,94.5999984741211,1694168
2024-03-28 15:30:00,94.60459899902344,94.67500305175781,94.58000183105469,94.63999938964844,4753399
2024-03-28 16:00:00,94.64,94.72,94.5,94.56,0
2024-03-28 17:00:00,94.54,94.57,93.5823,94.5,0
2024-03-28 18:00:00,94.53,94.59,94.45,94.55,0
2024-03-28 19:00:00,94.535,94.59,94.49,94.49,0
2024-04-01 04:00:00,94.28,94.28,94.16,94.16,0
2024-04-01 05:00:00,94.16,94.22,94.11,94.13,0
2024-04-01 06:00:00,94.14,94.16,94.02,94.02,0
2024-04-01 07:00:00,94.05,94.14,94.02,94.03,0
2024-04-01 08:00:00,94.03,94.33,93.5525,93.5999,0
2024-04-01 09:00:00,93.57,93.7,92.94,93.29,0
2024-04-01 09:30:00,93.29000091552734,93.30000305175781,92.70999908447266,92.72000122070312,12523520
2024-04-01 10:30:00,92.7249984741211,92.80000305175781,92.66999816894531,92.69999694824219,5533522
2024-04-01 11:30:00,92.70999908447266,92.73999786376953,92.51000213623047,92.5199966430664,4140931
2024-04-01 12:30:00,92.5250015258789,92.58999633789062,92.5,92.54499816894531,4376559
2024-04-01 13:30:00,92.54499816894531,92.64600372314453,92.51499938964844,92.625,3431772
2024-04-01 14:30:00,92.625,92.62999725341797,92.4926986694336,92.50399780273438,4371923
2024-04-01 15:30:00,92.5,92.54900360107422,92.45500183105469,92.54900360107422,5213327
2024-04-01 16:00:00,92.55,92.8,92.55,92.78,0
2024-04-01 17:00:00,92.77,92.78,90.0985,92.73,0
2024-04-01 18:00:00,92.74,92.76,92.65,92.65,0
2024-04-01 19:00:00,92.68,92.73,92.6,92.65,0
2024-04-02 04:00:00,92.66,92.8,92.6,92.71,0
2024-04-02 05:00:00,92.81,92.82,92.62,92.62,0
2024-04-02 06:00:00,92.62,92.67,92.26,92.26,0
2024-04-02 07:00:00,92.27,92.35,92.1,92.169,0
2024-04-02 08:00:00,92.2,92.76,91.85,91.9,0
2024-04-02 09:00:00,91.89,92.55,91.43,91.58,0
2024-04-02 09:30:00,91.58000183105469,91.98680114746094,91.33499908447266,91.94000244140625,11497913
2024-04-02 10:30:00,91.9386978149414,92.02999877929688,91.79000091552734,91.86009979248047,4622180
2024-04-02 11:30:00,91.86000061035156,91.94989776611328,91.80500030517578,91.94989776611328,3987721
2024-04-02 12:30:00,91.94000244140625,92.05999755859375,91.88099670410156,91.92009735107422,3421066
2024-04-02 13:30:00,91.92500305175781,92.02999877929688,91.875,92.01499938964844,2743670
2024-04-02 14:30:00,92.01499938964844,92.01499938964844,91.91000366210938,91.97000122070312,2755974
2024-04-02 15:30:00,91.9800033569336,92.19999694824219,91.9749984741211,92.08999633789062,7861610
2024-04-02 16:00:00,92.04,92.11,92.01,92.1,0
2024-04-02 17:00:00,92.0903,92.11,92.04,92.08,0
2024-04-02 18:00:00,92.09,92.12,92.004,92.04,0
2024-04-02 19:00:00,92.05,92.09,92.01,92.04,0
2024-04-03 04:00:00,91.66,91.76,91.65,91.76,0
2024-04-03 05:00:00,91.77,91.78,91.69,91.73,0
2024-04-03 06:00:00,91.77,91.91,91.75,91.91,0
2024-04-03 07:00:00,91.91,91.97,91.88,91.89,0
2024-04-03 08:00:00,91.9,92.13,91.45,91.49,0
2024-04-03 09:00:00,91.5,92.04,91.22,91.2599,0
2024-04-03 09:30:00,91.26000213623047,91.68000030517578,91.05069732666016,91.30999755859375,11736696
2024-04-03 10:30:00,91.30000305175781,91.63999938964844,91.29499816894531,91.625,6252653
2024-04-03 11:30:00,91.62100219726562,91.80999755859375,91.49500274658203,91.80000305175781,4572835
2024-04-03 12:30:00,91.80500030517578,92.01000213623047,91.66000366210938,91.7499008178711,4327099
2024-04-03 13:30:00,91.75,91.95999908447266,91.74500274658203,91.87000274658203,1696804
2024-04-03 14:30:00,91.87090301513672,92.02999877929688,91.8499984741211,91.95500183105469,2347091
2024-04-03 15:30:00,91.95500183105469,92.05000305175781,91.91380310058594,92.02999877929688,5395955
2024-04-03 16:00:00,92.025,92.06,91.93,92.0,0
2024-04-03 17:00:00,92.0,92.01,91.93,91.95,0
2024-04-03 18:00:00,92.01,92.05,91.96,92.02,0
2024-04-03 19:00:00,91.93,92.08,91.87,92.02,0
2024-04-04 04:00:00,91.79,91.95,91.78,91.95,0
2024-04-04 05:00:00,91.99,92.0,91.84,91.87,0
2024-04-04 06:00:00,91.87,91.89,91.84,91.87,0
2024-04-04 07:00:00,91.83,92.04,91.73,91.78,0
2024-04-04 08:00:00,91.82,92.02,91.69,91.8482,0
2024-04-04 09:00:00,91.82,92.65,91.62,92.63,0
2024-04-04 09:30:00,92.62999725341797,92.70999908447266,92.33999633789062,92.37000274658203,10046671
2024-04-04 10:30:00,92.37000274658203,92.38999938964844,92.16999816894531,92.22000122070312,4427526
2024-04-04 11:30:00,92.20500183105469,92.2699966430664,92.13999938964844,92.2490005493164,3444151
2024-04-04 12:30:00,92.24710083007812,92.26499938964844,92.06500244140625,92.09500122070312,1858789
2024-04-04 13:30:00,92.08999633789062,92.37000274658203,92.04000091552734,92.33000183105469,3709037
2024-04-04 14:30:00,92.33499908447266,92.62999725341797,92.2699966430664,92.61499786376953,7568768
2024-04-04 15:30:00,92.61499786376953,92.73999786376953,92.56999969482422,92.66000366210938,6874794
2024-04-04 16:00:00,92.66,92.68,89.0244,92.5,0
2024-04-04 17:00:00,92.51,92.6394,92.4764,92.51,0
2024-04-04 18:00:00,92.51,92.59,92.49,92.559,0
2024-04-04 19:00:00,92.55,92.62,92.5,92.55,0
2024-04-05 04:00:00,92.53,92.56,92.27,92.31,0
2024-04-05 05:00:00,92.31,92.34,92.19,92.22,0
2024-04-05 06:00:00,92.25,92.28,92.18,92.23,0
2024-04-05 07:00:00,92.23,92.33,92.23,92.24,0
2024-04-05 08:00:00,92.3,92.71,92.2224,92.39,0
2024-04-05 09:00:00,92.36,92.36,91.32,91.71,0
2024-04-05 09:30:00,91.68499755859375,92.18000030517578,91.57099914550781,92.06999969482422,8050486
2024-04-05 10:30:00,92.06600189208984,92.06600189208984,91.52999877929688,91.6989974975586,6596647
2024-04-05 11:30:00,91.69499969482422,91.86000061035156,91.66000366210938,91.80999755859375,5498420
2024-04-05 12:30:00,91.8134994506836,91.86000061035156,91.7300033569336,91.7699966430664,2751558
2024-04-05 13:30:00,91.77999877929688,91.80999755859375,91.70500183105469,91.75,2874035
2024-04-05 14:30:00,91.75520324707031,91.80000305175781,91.47000122070312,91.53500366210938,4170095
2024-04-05 15:30:00,91.53500366210938,91.56999969482422,91.37999725341797,91.37999725341797,4860359
2024-04-05 16:00:00,91.39,91.44,90.2208,91.34,0
2024-04-05 17:00:00,91.365,91.4,91.35,91.36,0
2024-04-05 18:00:00,91.35,91.47,91.35,91.46,0
2024-04-05 19:00:00,91.4501,91.4501,91.36,91.42,0
2024-04-08 04:00:00,91.15,91.18,90.76,90.83,0
2024-04-08 05:00:00,90.81,90.82,90.72,90.78,0
2024-04-08 06:00:00,90.78,90.94,90.77,90.94,0
2024-04-08 07:00:00,90.95,90.96,90.75,90.75,0
2024-04-08 08:00:00,90.76,91.19,90.63,90.7,0
2024-04-08 09:00:00,90.72,91.39,90.68,91.24,0
2024-04-08 09:30:00,91.21499633789062,91.58999633789062,91.12999725341797,91.5199966430664,8124821
2024-04-08 10:30:00,91.51000213623047,91.5199966430664,91.13999938964844,91.19499969482422,5451567
2024-04-08 11:30:00,91.19999694824219,91.37999725341797,91.13999938964844,91.19000244140625,6681705
2024-04-08 12:30:00,91.19000244140625,91.36000061035156,91.1500015258789,91.3550033569336,2538328
2024-04-08 13:30:00,91.3550033569336,91.55999755859375,91.33000183105469,91.55000305175781,2674832
2024-04-08 14:30:00,91.54000091552734,91.54000091552734,91.36000061035156,91.44999694824219,2471070
2024-04-08 15:30:00,91.44999694824219,91.48999786376953,91.3550033569336,91.37999725341797,2820899
2024-04-08 16:00:00,91.38,91.455,91.34,91.39,0
2024-04-08 17:00:00,91.39,91.4,91.365,91.365,0
2024-04-08 18:00:00,91.45,91.45,91.36,91.4,0
2024-04-08 19:00:00,91.38,91.4,91.26,91.3,0
2024-04-09 04:00:00,91.73,91.73,91.6,91.7,0
2024-04-09 05:00:00,91.72,91.84,91.71,91.84,0
2024-04-09 06:00:00,91.82,91.82,91.69,91.71,0
2024-04-09 07:00:00,91.75,91.85,91.7,91.721,0
2024-04-09 08:00:00,91.74,91.98,91.55,91.87,0
2024-04-09 09:00:00,91.82,91.96,91.38,91.86,0
2024-04-09 09:30:00,91.86900329589844,92.1050033569336,91.83499908447266,92.04499816894531,5165077
2024-04-09 10:30:00,92.05000305175781,92.23999786376953,92.0199966430664,92.1500015258789,4307593
2024-04-09 11:30:00,92.1449966430664,92.24500274658203,92.125,92.15499877929688,3069357
2024-04-09 12:30:00,92.15360260009766,92.29000091552734,92.0790023803711,92.20500183105469,3891012
2024-04-09 13:30:00,92.21499633789062,92.32520294189453,92.16999816894531,92.16999816894531,2078317
2024-04-09 14:30:00,92.18000030517578,92.3550033569336,92.13999938964844,92.2699966430664,3809124
2024-04-09 15:30:00,92.26000213623047,92.27570343017578,92.20999908447266,92.2300033569336,3152845
2024-04-09 16:00:00,92.23,92.37,92.1168,92.27,0
2024-04-09 17:00:00,92.27,92.27,92.18,92.24,0
2024-04-09 18:00:00,92.24,92.25,92.16,92.1602,0
2024-04-09 19:00:00,92.2196,92.24,92.15,92.24,0
2024-04-10 04:00:00,92.29,92.29,92.26,92.27,0
2024-04-10 05:00:00,92.28,92.4,92.27,92.36,0
2024-04-10 06:00:00,92.35,92.35,92.28,92.31,0
2024-04-10 07:00:00,92.32,92.43,92.24,92.38,0
2024-04-10 08:00:00,92.39,92.55,92.13,92.13,0
2024-04-10 09:00:00,92.12,92.12,90.65,91.19,0
2024-04-10 09:30:00,91.20010375976562,91.29499816894531,90.94000244140625,90.9749984741211,11620548
2024-04-10 10:30:00,90.97949981689453,91.11499786376953,90.86000061035156,90.91000366210938,7973319
2024-04-10 11:30:00,90.9000015258789,90.95999908447266,90.72000122070312,90.7300033569336,5481334
2024-04-10 12:30:00,90.7300033569336,90.76000213623047,90.05000305175781,90.26000213623047,11303373
2024-04-10 13:30:00,90.25,90.54000091552734,90.20999908447266,90.26499938964844,8774223
2024-04-10 14:30:00,90.26499938964844,92.2300033569336,90.125,90.16000366210938,8209468
2024-04-10 15:30:00,90.15499877929688,90.26000213623047,90.125,90.24500274658203,7887067
2024-04-10 16:00:00,90.22,90.9843,89.219,90.28,0
2024-04-10 17:00:00,90.28,90.33,90.25,90.32,0
2024-04-10 18:00:00,90.31,90.36,90.27,90.3297,0
2024-04-10 19:00:00,90.3,90.4,90.26,90.27,0
2024-04-11 04:00:00,90.07,90.07,89.97,89.99,0
2024-04-11 05:00:00,89.99,90.08,89.9,90.08,0
2024-04-11 06:00:00,90.09,90.26,90.09,90.16,0
2024-04-11 07:00:00,90.16,90.25,90.05,90.09,0
2024-04-11 08:00:00,90.12,90.37,89.77,89.88,0
2024-04-11 09:00:00,89.78,90.52,89.57,90.38,0
2024-04-11 09:30:00,90.38999938964844,90.44000244140625,89.54499816894531,89.61499786376953,9856252
2024-04-11 10:30:00,89.61499786376953,89.87000274658203,89.51000213623047,89.51499938964844,7147953
2024-04-11 11:30:00,89.5199966430664,89.87989807128906,89.5199966430664,89.6500015258789,5225485
2024-04-11 12:30:00,89.65670013427734,90.06999969482422,89.60150146484375,89.91000366210938,7583777
2024-04-11 13:30:00,89.90499877929688,90.33000183105469,89.90010070800781,90.18000030517578,4024858
2024-04-11 14:30:00,90.18000030517578,90.18119812011719,89.80999755859375,89.95999908447266,6008156
2024-04-11 15:30:00,89.96499633789062,89.97000122070312,89.77999877929688,89.79000091552734,11080529
2024-04-11 16:00:00,89.79,89.83,89.59,89.6,0
2024-04-11 17:00:00,89.61,89.81,89.6,89.69,0
2024-04-11 18:00:00,89.68,89.69,89.61,89.69,0
2024-04-11 19:00:00,89.66,89.75,89.65,89.74,0
2024-04-12 04:00:00,90.2,90.24,90.1,90.12,0
2024-04-12 05:00:00,90.12,90.17,90.06,90.17,0
2024-04-12 06:00:00,90.18,90.2,90.11,90.12,0
2024-04-12 07:00:00,90.15,90.35,90.11,90.34,0
2024-04-12 08:00:00,90.33,90.47,89.81,90.3,0
2024-04-12 09:00:00,90.25,90.75,90.23,90.63,0
2024-04-12 09:30:00,90.63999938964844,90.93000030517578,90.41000366210938,90.83499908447266,9136320
2024-04-12 10:30:00,90.83499908447266,90.94999694824219,90.52999877929688,90.54499816894531,4448137
2024-04-12 11:30:00,90.55000305175781,90.56500244140625,90.36000061035156,90.45999908447266,5837454
2024-04-12 12:30:00,90.46499633789062,90.72000122070312,90.41999816894531,90.72000122070312,6271805
2024-04-12 13:30:00,90.71499633789062,90.83499908447266,90.63500213623047,90.66500091552734,4680494
2024-04-12 14:30:00,90.66999816894531,90.70980072021484,90.5199966430664,90.55500030517578,4188792
2024-04-12 15:30:00,90.55500030517578,90.56999969482422,90.27999877929688,90.29000091552734,5818506
2024-04-12 16:00:00,90.29,90.38,86.1644,90.29,0
2024-04-12 17:00:00,90.28,90.3,90.25,90.3,0
2024-04-12 18:00:00,90.31,90.45,90.31,90.38,0
2024-04-12 19:00:00,90.32,90.64,90.32,90.6,0
2024-04-15 04:00:00,90.0,90.0,89.8,89.8,0
2024-04-15 05:00:00,89.81,89.96,89.77,89.87,0
2024-04-15 06:00:00,89.9,89.9,89.76,89.76,0
2024-04-15 07:00:00,89.77,89.8,89.66,89.7,0
2024-04-15 08:00:00,89.71,89.95,89.5604,89.64,0
2024-04-15 09:00:00,89.6,89.6,89.15,89.22,0
2024-04-15 09:30:00,89.25,89.26000213623047,88.52300262451172,88.61499786376953,10996299
2024-04-15 10:30:00,88.61799621582031,89.09100341796875,88.61229705810547,88.87000274658203,9118331
2024-04-15 11:30:00,88.87999725341797,88.90499877929688,88.55000305175781,88.66500091552734,4365329
2024-04-15 12:30:00,88.66000366210938,88.7750015258789,88.5999984741211,88.73999786376953,3659690
2024-04-15 13:30:00,88.7301025390625,88.80500030517578,88.55999755859375,88.63500213623047,4542836
2024-04-15 14:30:00,88.63400268554688,88.75,88.58499908447266,88.72000122070312,3999136
2024-04-15 15:30:00,88.7249984741211,88.93000030517578,88.70999908447266,88.8949966430664,9584877
2024-04-15 16:00:00,88.9,89.0,88.76,88.97,0
2024-04-15 17:00:00,88.97,91.0084,88.8,88.87,0
2024-04-15 18:00:00,88.91,89.01,88.87,89.01,0
2024-04-15 19:00:00,89.0,89.0293,88.795,88.8,0
2024-04-16 04:00:00,88.64,88.72,88.5,88.68,0
2024-04-16 05:00:00,88.65,88.65,88.41,88.48,0
2024-04-16 06:00:00,88.49,88.49,88.37,88.41,0
2024-04-16 07:00:00,88.41,88.52,88.24,88.4,0
2024-04-16 08:00:00,88.4,88.98,88.24,88.35,0
2024-04-16 09:00:00,88.49,88.89,88.01,88.05,0
2024-04-16 09:30:00,88.05000305175781,88.23999786376953,87.78500366210938,88.11000061035156,10956876
2024-04-16 10:30:00,88.11000061035156,88.5199966430664,87.98500061035156,88.47000122070312,6567810
2024-04-16 11:30:00,88.45999908447266,88.53710174560547,88.375,88.44999694824219,2722874
2024-04-16 12:30:00,88.44999694824219,88.44999694824219,88.09750366210938,88.12999725341797,3111562
2024-04-16 13:30:00,88.12999725341797,88.58000183105469,88.02999877929688,88.3550033569336,6081836
2024-04-16 14:30:00,88.3550033569336,88.5250015258789,88.29000091552734,88.30470275878906,4329593
2024-04-16 15:30:00,88.30000305175781,88.44000244140625,88.16000366210938,88.30000305175781,6518708
2024-04-16 16:00:00,88.32,88.8681,88.2461,88.33,0
2024-04-16 17:00:00,88.33,88.34,88.25,88.33,0
2024-04-16 18:00:00,88.32,88.44,88.25,88.31,0
2024-04-16 19:00:00,88.39,88.39,88.26,88.33,0
2024-04-17 04:00:00,88.41,88.55,88.38,88.51,0
2024-04-17 05:00:00,88.54,88.58,88.5,88.5,0
2024-04-17 06:00:00,88.51,88.58,88.46,88.57,0
2024-04-17 07:00:00,88.57,88.57,88.37,88.37,0
2024-04-17 08:00:00,88.39,88.6,88.24,88.34,0
2024-04-17 09:00:00,88.36,89.0,88.3,88.88,0
2024-04-17 09:30:00,88.87000274658203,88.90499877929688,88.46499633789062,88.54000091552734,6664339
2024-04-17 10:30:00,88.54000091552734,88.87000274658203,88.5199966430664,88.83499908447266,5274793
2024-04-17 11:30:00,88.83499908447266,89.02999877929688,88.79000091552734,89.02189636230469,5597542
2024-04-17 12:30:00,89.02999877929688,89.2300033569336,88.80999755859375,88.95999908447266,5897134
2024-04-17 13:30:00,88.95999908447266,89.375,88.95130157470703,89.30000305175781,5461899
2024-04-17 14:30:00,89.30500030517578,89.33499908447266,89.16000366210938,89.22630310058594,5505655
2024-04-17 15:30:00,89.2249984741211,89.30999755859375,89.16999816894531,89.29000091552734,5537351
2024-04-17 16:00:00,89.28,89.3397,88.9567,89.25,0
2024-04-17 17:00:00,89.25,89.25,89.21,89.23,0
2024-04-17 18:00:00,89.23,89.32,89.2,89.26,0
2024-04-17 19:00:00,89.26,89.31,89.2,89.28,0
2024-04-18 04:00:00,89.48,89.55,89.42,89.55,0
2024-04-18 05:00:00,89.56,89.57,89.45,89.45,0
2024-04-18 06:00:00,89.45,89.54,89.45,89.51,0
2024-04-18 07:00:00,89.51,89.53,89.32,89.39,0
2024-04-18 08:00:00,89.45,89.63,89.12,89.22,0
2024-04-18 09:00:00,89.18,89.3,88.81,89.25,0
2024-04-18 09:30:00,89.23999786376953,89.26000213623047,88.87000274658203,88.93000030517578,5655161
2024-04-18 10:30:00,88.94000244140625,89.03109741210938,88.81999969482422,88.83999633789062,4482355
2024-04-18 11:30:00,88.83000183105469,88.92500305175781,88.72000122070312,88.80000305175781,4077891
2024-04-18 12:30:00,88.80000305175781,88.81500244140625,88.62999725341797,88.69000244140625,4634467
2024-04-18 13:30:00,88.68299865722656,88.7699966430664,88.58999633789062,88.67990112304688,3631923
2024-04-18 14:30:00,88.67500305175781,88.76499938964844,88.61000061035156,88.76499938964844,2906638
2024-04-18 15:30:00,88.76000213623047,88.8499984741211,88.75,88.80000305175781,3811008
2024-04-18 16:00:00,88.83,88.86,88.76,88.83,0
2024-04-18 17:00:00,88.8,88.85,88.79,88.8,0
2024-04-18 18:00:00,88.84,88.8999,88.82,88.8999,0
2024-04-18 19:00:00,88.84,88.9,88.8194,88.87,0
2024-04-19 04:00:00,89.35,89.49,89.16,89.41,0
2024-04-19 05:00:00,89.42,89.52,89.36,89.39,0
2024-04-19 06:00:00,89.43,89.6,89.38,89.49,0
2024-04-19 07:00:00,89.5,89.6,89.25,89.37,0
2024-04-19 08:00:00,89.37,89.83,89.1108,89.62,0
2024-04-19 09:00:00,89.56,89.63,89.2,89.37,0
2024-04-19 09:30:00,89.38269805908203,89.38999938964844,88.91480255126953,88.97899627685547,10199252
2024-04-19 10:30:00,88.97760009765625,89.12000274658203,88.94499969482422,89.06999969482422,13334967
2024-04-19 11:30:00,89.07499694824219,89.30000305175781,89.06500244140625,89.08999633789062,4009727
2024-04-19 12:30:00,89.08499908447266,89.18000030517578,88.91000366210938,88.94039916992188,3416516
2024-04-19 13:30:00,88.94999694824219,89.0999984741211,88.91000366210938,89.0999984741211,3578687
2024-04-19 14:30:00,89.09590148925781,89.16680145263672,89.05999755859375,89.0999984741211,3299596
2024-04-19 15:30:00,89.09989929199219,89.16999816894531,89.0199966430664,89.16000366210938,4134938
2024-04-19 16:00:00,89.155,89.16,89.02,89.13,0
2024-04-19 17:00:00,89.13,90.2209,89.01,89.1,0
2024-04-19 18:00:00,89.05,89.1,88.85,89.03,0
2024-04-19 19:00:00,88.965,89.03,88.88,88.88,0
2024-04-22 04:00:00,88.89,88.92,88.76,88.8,0
2024-04-22 05:00:00,88.81,88.81,88.67,88.76,0
2024-04-22 06:00:00,88.71,88.72,88.62,88.66,0
2024-04-22 07:00:00,88.68,88.7,88.57,88.66,0
2024-04-22 08:00:00,88.65,88.93,88.52,88.7,0
2024-04-22 09:00:00,88.7,89.15,88.63,88.68,0
2024-04-22 09:30:00,88.67500305175781,88.875,88.6449966430664,88.74649810791016,5010944
2024-04-22 10:30:00,88.73999786376953,89.1500015258789,88.66999816894531,88.91999816894531,3407061
2024-04-22 11:30:00,88.92009735107422,89.12000274658203,88.9188003540039,88.95999908447266,2922703
2024-04-22 12:30:00,88.96499633789062,89.04000091552734,88.90499877929688,88.94999694824219,2397566
2024-04-22 13:30:00,88.94999694824219,89.0199966430664,88.9000015258789,88.93499755859375,2612562
2024-04-22 14:30:00,88.93499755859375,89.05000305175781,88.91999816894531,89.0250015258789,2295671
2024-04-22 15:30:00,89.02999877929688,89.05999755859375,89.0,89.0199966430664,2630088
2024-04-22 16:00:00,89.0,89.12,88.99,89.12,0
2024-04-22 17:00:00,89.12,89.12,89.0,89.11,0
2024-04-22 18:00:00,89.11,89.13,89.0,89.11,0
2024-04-22 19:00:00,89.1,89.13,89.07,89.08,0
2024-04-23 04:00:00,89.01,89.03,88.96,88.96,0
2024-04-23 05:00:00,88.95,89.0,88.87,88.99,0
2024-04-23 06:00:00,88.98,89.13,88.97,89.12,0
2024-04-23 07:00:00,89.16,89.21,88.89,88.89,0
2024-04-23 08:00:00,88.9,89.2017,88.58,88.65,0
2024-04-23 09:00:00,88.67,89.0,88.64,88.73,0
2024-04-23 09:30:00,88.7300033569336,89.47010040283203,88.55000305175781,89.38999938964844,7481500
2024-04-23 10:30:00,89.38999938964844,89.43000030517578,89.18000030517578,89.25,3686545
2024-04-23 11:30:00,89.24500274658203,89.36000061035156,89.18000030517578,89.3550033569336,2247967
2024-04-23 12:30:00,89.36000061035156,89.54000091552734,89.21499633789062,89.2249984741211,3413312
2024-04-23 13:30:00,89.22000122070312,89.30020141601562,89.13500213623047,89.1500015258789,1417710
2024-04-23 14:30:00,89.1500015258789,89.18499755859375,88.94499969482422,88.96499633789062,2898997
2024-04-23 15:30:00,88.95999908447266,89.0199966430664,88.87000274658203,89.0,3480002
2024-04-23 16:00:00,89.0,89.09,88.98,89.0,0
2024-04-23 17:00:00,89.0,89.0,88.87,88.93,0
2024-04-23 18:00:00,88.93,89.03,88.87,89.0,0
2024-04-23 19:00:00,89.0,89.05,88.97,89.05,0
2024-04-24 04:00:00,88.9,88.9,88.76,88.76,0
2024-04-24 05:00:00,88.75,88.81,88.68,88.69,0
2024-04-24 06:00:00,88.69,88.71,88.62,88.65,0
2024-04-24 07:00:00,88.65,88.67,88.52,88.57,0
2024-04-24 08:00:00,88.62,88.87,88.49,88.6,0
2024-04-24 09:00:00,88.575,89.03,88.29,88.55,0
2024-04-24 09:30:00,88.55999755859375,88.61000061035156,88.01000213623047,88.12000274658203,8871524
2024-04-24 10:30:00,88.11499786376953,88.28500366210938,87.97000122070312,88.22000122070312,6858092
2024-04-24 11:30:00,88.22000122070312,88.27999877929688,88.12999725341797,88.2300033569336,3883077
2024-04-24 12:30:00,88.2249984741211,88.2750015258789,88.08999633789062,88.12000274658203,3872411
2024-04-24 13:30:00,88.12000274658203,88.26750183105469,88.08999633789062,88.16000366210938,3221268
2024-04-24 14:30:00,88.16000366210938,88.31990051269531,88.11499786376953,88.29499816894531,4074395
2024-04-24 15:30:00,88.29499816894531,88.38999938964844,88.2699966430664,88.37999725341797,5823470
2024-04-24 16:00:00,88.38,90.9843,82.8908,88.33,0
2024-04-24 17:00:00,88.32,88.34,88.25,88.3,0
2024-04-24 18:00:00,88.3,88.4,88.3,88.34,0
2024-04-24 19:00:00,88.33,88.34,88.23,88.32,0
2024-04-25 04:00:00,88.31,88.32,88.2,88.2,0
2024-04-25 05:00:00,88.19,88.29,88.16,88.29,0
2024-04-25 06:00:00,88.3,88.31,88.27,88.3,0
2024-04-25 07:00:00,88.31,88.31,88.16,88.17,0
2024-04-25 08:00:00,88.19,88.3417,88.09,88.15,0
2024-04-25 09:00:00,88.2,88.64,87.37,87.47,0
2024-04-25 09:30:00,87.45500183105469,87.69000244140625,87.33999633789062,87.69000244140625,9239754
2024-04-25 10:30:00,87.68499755859375,87.82499694824219,87.55500030517578,87.80999755859375,4437990
2024-04-25 11:30:00,87.80500030517578,87.81939697265625,87.6500015258789,87.70500183105469,2785372
2024-04-25 12:30:00,87.70500183105469,87.9000015258789,87.69400024414062,87.74500274658203,4044375
2024-04-25 13:30:00,87.73999786376953,87.81999969482422,87.66999816894531,87.74500274658203,3187176
2024-04-25 14:30:00,87.75,87.80999755859375,87.69999694824219,87.78500366210938,2820270
2024-04-25 15:30:00,87.78369903564453,87.81999969482422,87.75,87.76000213623047,4194981
2024-04-25 16:00:00,87.77,87.83,87.77,87.81,0
2024-04-25 17:00:00,87.82,87.82,87.77,87.79,0
2024-04-25 18:00:00,87.79,87.85,87.77,87.79,0
2024-04-25 19:00:00,87.78,87.79,87.67,87.74,0
2024-04-26 04:00:00,88.2,88.24,88.16,88.16,0
2024-04-26 05:00:00,88.18,88.18,88.09,88.13,0
2024-04-26 06:00:00,88.07,88.11,88.07,88.08,0
2024-04-26 07:00:00,88.1,88.11,88.01,88.091,0
2024-04-26 08:00:00,88.11,88.25,87.9,88.09,0
2024-04-26 09:00:00,88.25,88.62,88.07,88.23,0
2024-04-26 09:30:00,88.25,88.6050033569336,88.21499633789062,88.52999877929688,4710179
2024-04-26 10:30:00,88.52999877929688,88.55999755859375,88.2300033569336,88.31500244140625,3330817
2024-04-26 11:30:00,88.30999755859375,88.33999633789062,88.05000305175781,88.25,3077327
2024-04-26 12:30:00,88.25370025634766,88.33999633789062,88.18000030517578,88.20999908447266,2221717
2024-04-26 13:30:00,88.21499633789062,88.2750015258789,88.20500183105469,88.24500274658203,1257745
2024-04-26 14:30:00,88.24500274658203,88.33000183105469,88.2300033569336,88.28990173339844,3751646
2024-04-26 15:30:00,88.29000091552734,88.29660034179688,88.20999908447266,88.26000213623047,4082795
2024-04-26 16:00:00,88.24,90.0986,86.1645,88.34,0
2024-04-26 17:00:00,88.34,88.35,88.29,88.33,0
2024-04-26 18:00:00,88.34,88.34,88.31,88.34,0
2024-04-26 19:00:00,88.335,88.35,88.3101,88.3101,0
2024-04-29 04:00:00,88.65,88.75,88.63,88.75,0
2024-04-29 05:00:00,88.76,88.94,88.76,88.85,0
2024-04-29 06:00:00,88.85,88.92,88.79,88.88,0
2024-04-29 07:00:00,88.88,88.94,88.8,88.93,0
2024-04-29 08:00:00,88.94,89.03,88.55,88.83,0
2024-04-29 09:00:00,88.83,88.859,88.55,88.67,0
2024-04-29 09:30:00,88.66899871826172,88.81500244140625,88.4800033569336,88.79000091552734,6471641
2024-04-29 10:30:00,88.78500366210938,88.95999908447266,88.76000213623047,88.86499786376953,5049257
2024-04-29 11:30:00,88.87000274658203,88.87629699707031,88.68499755859375,88.80999755859375,5576987
2024-04-29 12:30:00,88.80999755859375,88.93499755859375,88.79000091552734,88.84500122070312,2067993
2024-04-29 13:30:00,88.84500122070312,89.01000213623047,88.73500061035156,89.0,4091417
2024-04-29 14:30:00,89.0,89.01499938964844,88.62000274658203,88.7750015258789,5465352
2024-04-29 15:30:00,88.7750015258789,88.98999786376953,88.69999694824219,88.9800033569336,4629263
2024-04-29 16:00:00,88.98,89.13,88.95,89.04,0
2024-04-29 17:00:00,89.06,89.07,89.04,89.055,0
2024-04-29 18:00:00,89.055,89.07,89.01,89.03,0
2024-04-29 19:00:00,89.07,89.08,89.01,89.0695,0
2024-04-30 04:00:00,88.88,88.9,88.77,88.88,0
2024-04-30 05:00:00,88.86,88.9,88.78,88.84,0
2024-04-30 06:00:00,88.84,88.86,88.79,88.79,0
2024-04-30 07:00:00,88.8,88.88,88.78,88.85,0
2024-04-30 08:00:00,88.85,89.19,88.82,88.99,0
2024-04-30 09:00:00,88.96,88.96,88.35,88.42,0
2024-04-30 09:30:00,88.44000244140625,88.7300033569336,88.27999877929688,88.58499908447266,5536299
2024-04-30 10:30:00,88.58999633789062,88.65499877929688,88.33999633789062,88.55000305175781,3122435
2024-04-30 11:30:00,88.55500030517578,88.6050033569336,88.44499969482422,88.54149627685547,1942708
2024-04-30 12:30:00,88.54149627685547,88.55500030517578,88.4000015258789,88.45500183105469,2060673
2024-04-30 13:30:00,88.45559692382812,88.51499938964844,88.39330291748047,88.4000015258789,1559896
2024-04-30 14:30:00,88.41000366210938,88.41500091552734,88.1500015258789,88.20500183105469,6148538
2024-04-30 15:30:00,88.20500183105469,88.31999969482422,88.0999984741211,88.26000213623047,12970842
2024-04-30 16:00:00,88.26,88.365,88.0997,88.29,0
2024-04-30 17:00:00,88.3,88.31,88.22,88.22,0
2024-04-30 18:00:00,88.33,88.35,88.11,88.19,0
2024-04-30 19:00:00,88.2,88.25,88.14,88.21,0
2024-05-01 04:00:00,88.1,88.1,87.93,87.93,0
2024-05-01 05:00:00,87.9,87.91,87.83,87.87,0
2024-05-01 06:00:00,87.85,87.9,87.81,87.85,0
2024-05-01 07:00:00,87.85,87.98,87.83,87.94,0
2024-05-01 08:00:00,87.95,88.25,87.8118,88.2,0
2024-05-01 09:00:00,88.25,88.64,88.17,88.6,0
2024-05-01 09:30:00,88.5999984741211,88.70999908447266,88.25,88.44000244140625,9849631
2024-05-01 10:30:00,88.44999694824219,88.51499938964844,88.29000091552734,88.37000274658203,3286077
2024-05-01 11:30:00,88.36499786376953,88.4906997680664,88.33499908447266,88.48999786376953,2749807
2024-05-01 12:30:00,88.48500061035156,88.56999969482422,88.45999908447266,88.5,2984469
2024-05-01 13:30:00,88.50499725341797,88.9800033569336,88.26100158691406,88.71499633789062,7969152
2024-05-01 14:30:00,88.72000122070312,89.20999908447266,88.55000305175781,88.66000366210938,10324892
2024-05-01 15:30:00,88.66100311279297,88.66999816894531,88.48999786376953,88.56999969482422,8525226
2024-05-01 16:00:00,88.58,88.59,88.39,88.46,0
2024-05-01 17:00:00,88.45,88.51,88.45,88.5,0
2024-05-01 18:00:00,88.5,88.56,88.41,88.4102,0
2024-05-01 19:00:00,88.44,88.56,88.41,88.5,0
2024-05-02 04:00:00,88.85,88.85,88.66,88.66,0
2024-05-02 05:00:00,88.67,88.72,88.61,88.69,0
2024-05-02 06:00:00,88.73,88.77,88.6,88.63,0
2024-05-02 07:00:00,88.63,88.79,88.59,88.73,0
2024-05-02 08:00:00,88.74,88.84,88.57,88.62,0
2024-05-02 09:00:00,88.57,88.73,88.04,88.2,0
2024-05-02 09:30:00,88.20999908447266,88.3499984741211,88.0250015258789,88.2300033569336,8252323
2024-05-02 10:30:00,88.23500061035156,88.5999984741211,88.12000274658203,88.52749633789062,6756214
2024-05-02 11:30:00,88.5250015258789,88.7499008178711,88.50499725341797,88.73500061035156,7806201
2024-05-02 12:30:00,88.73999786376953,88.87999725341797,88.65499877929688,88.87999725341797,4705018
2024-05-02 13:30:00,88.8740005493164,88.97000122070312,88.86000061035156,88.91000366210938,5169092
2024-05-02 14:30:00,88.9260025024414,89.01000213623047,88.83000183105469,88.92500305175781,3849003
2024-05-02 15:30:00,88.91999816894531,88.94000244140625,88.83499908447266,88.9000015258789,8657328
2024-05-02 16:00:00,88.91,88.94,88.74,88.83,0
2024-05-02 17:00:00,88.84,88.88,88.81,88.82,0
2024-05-02 18:00:00,88.849,88.94,88.74,88.82,0
2024-05-02 19:00:00,88.79,88.83,88.79,88.8,0
2024-05-03 04:00:00,88.94,88.94,88.87,88.87,0
2024-05-03 05:00:00,88.9,88.99,88.86,88.96,0
2024-05-03 06:00:00,88.96,89.07,88.96,89.07,0
2024-05-03 07:00:00,89.08,89.11,88.95,89.0,0
2024-05-03 08:00:00,89.06,89.35,88.84,89.21,0
2024-05-03 09:00:00,89.37,90.3119,88.94,89.92,0
2024-05-03 09:30:00,89.94000244140625,90.12000274658203,89.28500366210938,89.37999725341797,15368792
2024-05-03 10:30:00,89.375,89.61499786376953,89.2699966430664,89.52999877929688,5978098
2024-05-03 11:30:00,89.54000091552734,89.76000213623047,89.54000091552734,89.65499877929688,4494509
2024-05-03 12:30:00,89.65499877929688,89.68499755859375,89.55000305175781,89.61499786376953,2868329
2024-05-03 13:30:00,89.61000061035156,89.80500030517578,89.61000061035156,89.78500366210938,3900015
2024-05-03 14:30:00,89.79000091552734,89.88999938964844,89.76000213623047,89.84500122070312,5008535
2024-05-03 15:30:00,89.84500122070312,89.8499984741211,89.76010131835938,89.81999969482422,5236300
2024-05-03 16:00:00,89.81,90.2209,89.8,89.82,0
2024-05-03 17:00:00,89.82,89.91,89.82,89.84,0
2024-05-03 18:00:00,89.9,89.99,89.89,89.92,0
2024-05-03 19:00:00,89.92,90.0,89.9,89.95,0
2024-05-06 04:00:00,89.95,90.13,89.95,90.13,0
2024-05-06 05:00:00,90.13,90.38,90.13,90.3,0
2024-05-06 06:00:00,90.3,90.34,90.26,90.34,0
2024-05-06 07:00:00,90.34,90.38,90.17,90.17,0
2024-05-06 08:00:00,90.16,90.349,89.86,90.19,0
2024-05-06 09:00:00,90.19,90.3,88.5112,89.859,0
2024-05-06 09:30:00,89.87000274658203,89.87999725341797,89.76000213623047,89.80120086669922,3714030
2024-05-06 10:30:00,89.80500030517578,89.8550033569336,89.66999816894531,89.70500183105469,2663140
2024-05-06 11:30:00,89.70500183105469,89.93000030517578,89.69999694824219,89.87999725341797,2023047
2024-05-06 12:30:00,89.88500213623047,90.1500015258789,89.83999633789062,90.10009765625,2513857
2024-05-06 13:30:00,90.10990142822266,90.25,90.0999984741211,90.17749786376953,2328887
2024-05-06 14:30:00,90.16999816894531,90.19000244140625,90.04000091552734,90.16500091552734,2941030
2024-05-06 15:30:00,90.16999816894531,90.19000244140625,90.0916976928711,90.16500091552734,2708162
2024-05-06 16:00:00,90.19,90.25,90.12,90.22,0
2024-05-06 17:00:00,90.22,90.25,90.19,90.23,0
2024-05-06 18:00:00,90.23,90.249,90.18,90.185,0
2024-05-06 19:00:00,90.2,90.29,90.13,90.13,0
2024-05-07 04:00:00,90.6,90.63,90.54,90.59,0
2024-05-07 05:00:00,90.55,90.6,90.52,90.58,0
2024-05-07 06:00:00,90.59,90.59,90.49,90.52,0
2024-05-07 07:00:00,90.55,90.67,90.52,90.63,0
2024-05-07 08:00:00,90.61,90.6752,90.31,90.54,0
2024-05-07 09:00:00,90.57,91.0,90.19,90.9,0
2024-05-07 09:30:00,90.88999938964844,91.01750183105469,90.76000213623047,90.92500305175781,5543138
2024-05-07 10:30:00,90.92500305175781,91.19000244140625,90.92500305175781,91.15499877929688,3524151
2024-05-07 11:30:00,91.15409851074219,91.23500061035156,91.01000213623047,91.01499938964844,3853817
2024-05-07 12:30:00,91.0199966430664,91.07499694824219,90.8499984741211,90.88500213623047,2776964
2024-05-07 13:30:00,90.88500213623047,90.93000030517578,90.83499908447266,90.83999633789062,2037421
2024-05-07 14:30:00,90.83999633789062,90.83999633789062,90.61409759521484,90.66000366210938,4144232
2024-05-07 15:30:00,90.66999816894531,90.79000091552734,90.62999725341797,90.75,3719692
2024-05-07 16:00:00,90.74,90.81,90.72,90.77,0
2024-05-07 17:00:00,90.769,90.77,90.67,90.67,0
2024-05-07 18:00:00,90.6752,90.755,90.67,90.7,0
2024-05-07 19:00:00,90.7014,90.8,90.67,90.67,0
2024-05-08 04:00:00,90.6,90.66,90.57,90.61,0
2024-05-08 05:00:00,90.61,90.65,90.47,90.5,0
2024-05-08 06:00:00,90.48,90.5,90.46,90.46,0
2024-05-08 07:00:00,90.49,90.49,90.36,90.36,0
2024-05-08 08:00:00,90.36,90.6893,90.29,90.44,0
2024-05-08 09:00:00,90.459,90.46,90.18,90.31,0
2024-05-08 09:30:00,90.30999755859375,90.45500183105469,90.29000091552734,90.41500091552734,4132934
2024-05-08 10:30:00,90.41500091552734,90.44999694824219,90.25,90.34989929199219,2154667
2024-05-08 11:30:00,90.34500122070312,90.45500183105469,90.32099914550781,90.37999725341797,2142493
2024-05-08 12:30:00,90.38500213623047,90.45999908447266,90.25,90.31999969482422,3987006
2024-05-08 13:30:00,90.32499694824219,90.41999816894531,90.29499816894531,90.3499984741211,2249186
2024-05-08 14:30:00,90.3499984741211,90.3499984741211,90.18000030517578,90.21499633789062,2879133
2024-05-08 15:30:00,90.20999908447266,90.24500274658203,90.16000366210938,90.19999694824219,4457907
2024-05-08 16:00:00,90.19,90.9843,90.13,90.19,0
2024-05-08 17:00:00,90.18,90.2,90.16,90.2,0
2024-05-08 18:00:00,90.2,90.2,90.13,90.13,0
2024-05-08 19:00:00,90.14,90.19,90.1,90.1,0
2024-05-09 04:00:00,90.0,90.0,89.83,89.84,0
2024-05-09 05:00:00,89.85,89.85,89.78,89.83,0
2024-05-09 06:00:00,89.8,89.88,89.79,89.87,0
2024-05-09 07:00:00,89.9,89.91,89.77,89.78,0
2024-05-09 08:00:00,89.8,90.28,89.7088,89.85,0
2024-05-09 09:00:00,89.91,90.2,89.86,89.86,0
2024-05-09 09:30:00,89.87000274658203,90.01000213623047,89.81999969482422,89.96060180664062,5280797
2024-05-09 10:30:00,89.95999908447266,90.19989776611328,89.95500183105469,90.11000061035156,3394108
2024-05-09 11:30:00,90.11000061035156,90.19000244140625,90.04499816894531,90.08499908447266,2044622
2024-05-09 12:30:00,90.08499908447266,90.5999984741211,90.02999877929688,90.58499908447266,7022573
2024-05-09 13:30:00,90.58499908447266,90.62000274658203,90.49500274658203,90.61499786376953,3077064
2024-05-09 14:30:00,90.62000274658203,90.7699966430664,90.61499786376953,90.65499877929688,5982463
2024-05-09 15:30:00,90.65339660644531,90.68000030517578,90.58000183105469,90.61000061035156,3781176
2024-05-09 16:00:00,90.63,90.7,90.54,90.64,0
2024-05-09 17:00:00,90.63,90.7383,90.57,90.66,0
2024-05-09 18:00:00,90.69,90.78,90.56,90.58,0
2024-05-09 19:00:00,90.63,90.7,90.58,90.65,0
2024-05-10 04:00:00,90.75,90.89,90.74,90.89,0
2024-05-10 05:00:00,90.82,90.88,90.77,90.81,0
2024-05-10 06:00:00,90.8,90.82,90.76,90.8,0
2024-05-10 07:00:00,90.82,90.82,90.62,90.63,0
2024-05-10 08:00:00,90.68,90.8705,90.39,90.4,0
2024-05-10 09:00:00,90.35,90.42,90.1604,90.27,0
2024-05-10 09:30:00,90.2761001586914,90.37999725341797,90.05999755859375,90.08000183105469,4765032
2024-05-10 10:30:00,90.08000183105469,90.1500015258789,90.0199966430664,90.08000183105469,2983176
2024-05-10 11:30:00,90.08499908447266,90.13999938964844,89.96499633789062,89.97000122070312,3483036
2024-05-10 12:30:00,89.97000122070312,90.11000061035156,89.95999908447266,90.09989929199219,1850759
2024-05-10 13:30:00,90.0999984741211,90.16000366210938,90.04499816894531,90.06500244140625,1801614
2024-05-10 14:30:00,90.06990051269531,90.11000061035156,90.05999755859375,90.08999633789062,2060210
2024-05-10 15:30:00,90.08999633789062,90.1500015258789,90.08000183105469,90.1449966430664,2737552
2024-05-10 16:00:00,90.12,90.16,86.1645,86.1645,0
2024-05-10 17:00:00,90.12,90.18,90.08,90.14,0
2024-05-10 18:00:00,90.18,90.18,90.06,90.06,0
2024-05-10 19:00:00,90.12,90.125,90.06,90.06,0
2024-05-13 04:00:00,90.28,90.31,90.17,90.21,0
2024-05-13 05:00:00,90.21,90.26,90.2,90.23,0
2024-05-13 06:00:00,90.23,90.32,90.23,90.32,0
2024-05-13 07:00:00,90.33,90.41,90.31,90.31,0
2024-05-13 08:00:00,90.32,90.39,90.2328,90.32,0
2024-05-13 09:00:00,90.32,90.68,89.15,90.54,0
2024-05-13 09:30:00,90.55000305175781,90.61000061035156,90.44999694824219,90.49500274658203,4255967
2024-05-13 10:30:00,90.49500274658203,90.57499694824219,90.31999969482422,90.33999633789062,3113312
2024-05-13 11:30:00,90.33999633789062,90.5,90.33999633789062,90.4749984741211,2173657
2024-05-13 12:30:00,90.4749984741211,90.55999755859375,90.45999908447266,90.53500366210938,2748685
2024-05-13 13:30:00,90.5302963256836,90.56999969482422,90.44999694824219,90.45939636230469,3158951
2024-05-13 14:30:00,90.45500183105469,90.47000122070312,90.32350158691406,90.36000061035156,2368236
2024-05-13 15:30:00,90.36000061035156,90.37999725341797,90.30999755859375,90.37000274658203,4227478
2024-05-13 16:00:00,90.35,90.4,90.31,90.349,0
2024-05-13 17:00:00,90.33,90.42,90.33,90.37,0
2024-05-13 18:00:00,90.5,90.5,90.35,90.36,0
2024-05-13 19:00:00,90.38,90.4,90.36,90.36,0
2024-05-14 04:00:00,90.5,90.52,90.5,90.5,0
2024-05-14 05:00:00,90.52,90.52,90.47,90.47,0
2024-05-14 06:00:00,90.48,90.53,90.45,90.45,0
2024-05-14 07:00:00,90.45,90.47,90.38,90.39,0
2024-05-14 08:00:00,90.38,90.5333,90.37,90.4,0
2024-05-14 09:00:00,90.37,90.9,89.76,90.64,0
2024-05-14 09:30:00,90.6500015258789,90.76499938964844,90.4800033569336,90.61499786376953,5926199
2024-05-14 10:30:00,90.61499786376953,90.70999908447266,90.51000213623047,90.55000305175781,2739652
2024-05-14 11:30:00,90.54499816894531,90.54499816894531,90.41999816894531,90.53500366210938,2289393
2024-05-14 12:30:00,90.53500366210938,90.80999755859375,90.5250015258789,90.7249984741211,1538860
2024-05-14 13:30:00,90.7249984741211,90.80989837646484,90.71499633789062,90.7750015258789,2039560
2024-05-14 14:30:00,90.7699966430664,90.9198989868164,90.76000213623047,90.86499786376953,3282880
2024-05-14 15:30:00,90.87000274658203,90.87999725341797,90.79000091552734,90.85009765625,4665939
2024-05-14 16:00:00,90.86,90.98,90.82,90.98,0
2024-05-14 17:00:00,90.96,90.98,90.8,90.86,0
2024-05-14 18:00:00,90.9,90.97,90.86,90.96,0
2024-05-14 19:00:00,90.93,90.96,90.87,90.91,0
2024-05-15 04:00:00,91.1,91.2,91.1,91.16,0
2024-05-15 05:00:00,91.2,91.29,91.17,91.19,0
2024-05-15 06:00:00,91.19,91.26,91.16,91.21,0
2024-05-15 07:00:00,91.21,91.37,91.16,91.35,0
2024-05-15 08:00:00,91.36,91.38,91.0,91.28,0
2024-05-15 09:00:00,91.23,92.2,88.56,91.86,0
2024-05-15 09:30:00,91.87000274658203,91.91000366210938,91.62999725341797,91.822998046875,11423843
2024-05-15 10:30:00,91.82499694824219,92.0250015258789,91.74009704589844,91.97000122070312,5602574
2024-05-15 11:30:00,91.97000122070312,92.11000061035156,91.8949966430664,92.0999984741211,3948551
2024-05-15 12:30:00,92.0999984741211,92.25,92.0999984741211,92.18000030517578,4408717
2024-05-15 13:30:00,92.18000030517578,92.25499725341797,92.05999755859375,92.08000183105469,3486636
2024-05-15 14:30:00,92.07499694824219,92.08000183105469,91.9800033569336,92.04499816894531,5627401
2024-05-15 15:30:00,92.04499816894531,92.13999938964844,92.01090240478516,92.13500213623047,9386996
2024-05-15 16:00:00,92.135,92.27,92.1,92.2696,0
2024-05-15 17:00:00,92.26,92.27,92.1,92.27,0
2024-05-15 18:00:00,92.25,92.28,92.23,92.25,0
2024-05-15 19:00:00,92.27,92.33,92.19,92.3191,0
2024-05-16 04:00:00,92.41,92.6,92.41,92.46,0
2024-05-16 05:00:00,92.46,92.52,92.45,92.45,0
2024-05-16 06:00:00,92.47,92.55,92.42,92.45,0
2024-05-16 07:00:00,92.44,92.54,92.44,92.44,0
2024-05-16 08:00:00,92.44,92.8,92.4148,92.7,0
2024-05-16 09:00:00,92.71,92.81,92.1,92.4,0
2024-05-16 09:30:00,92.4000015258789,92.4000015258789,92.0999984741211,92.37000274658203,6102839
2024-05-16 10:30:00,92.36990356445312,92.42050170898438,92.26000213623047,92.27999877929688,3454197
2024-05-16 11:30:00,92.2750015258789,92.29000091552734,92.05500030517578,92.06999969482422,4052190
2024-05-16 12:30:00,92.06999969482422,92.16000366210938,92.05999755859375,92.1449966430664,2881832
2024-05-16 13:30:00,92.1500015258789,92.16000366210938,92.04000091552734,92.04499816894531,2582356
2024-05-16 14:30:00,92.04499816894531,92.06500244140625,91.98500061035156,92.00499725341797,4706583
2024-05-16 15:30:00,92.01000213623047,92.04000091552734,91.94000244140625,92.03500366210938,4557870
2024-05-16 16:00:00,92.01,92.09,91.94,92.0501,0
2024-05-16 17:00:00,92.06,92.09,92.0509,92.06,0
2024-05-16 18:00:00,92.09,92.12,92.01,92.08,0
2024-05-16 19:00:00,92.08,92.11,92.06,92.06,0
2024-05-17 04:00:00,91.9,91.95,91.86,91.86,0
2024-05-17 05:00:00,91.85,91.86,91.8,91.84,0
2024-05-17 06:00:00,91.84,91.85,91.77,91.77,0
2024-05-17 07:00:00,91.76,91.82,91.66,91.67,0
2024-05-17 08:00:00,91.7,92.14,91.6588,91.73,0
2024-05-17 09:00:00,91.73,92.01,91.58,91.63,0
2024-05-17 09:30:00,91.62999725341797,91.70999908447266,91.51000213623047,91.63729858398438,4497465
2024-05-17 10:30:00,91.62999725341797,91.80000305175781,91.5999984741211,91.61000061035156,3529353
2024-05-17 11:30:00,91.5999984741211,91.5999984741211,91.5,91.53500366210938,2352803
2024-05-17 12:30:00,91.53500366210938,91.55989837646484,91.37249755859375,91.41500091552734,2703810
2024-05-17 13:30:00,91.41500091552734,91.47049713134766,91.33999633789062,91.46499633789062,2466438
2024-05-17 14:30:00,91.46499633789062,91.4657974243164,91.37000274658203,91.38500213623047,2539961
2024-05-17 15:30:00,91.38500213623047,91.41500091552734,91.37999725341797,91.38999938964844,2456487
2024-05-17 16:00:00,91.4,91.46,91.38,91.38,0
2024-05-17 17:00:00,91.39,91.43,90.2209,91.41,0
2024-05-17 18:00:00,91.41,91.56,91.39,91.56,0
2024-05-17 19:00:00,91.575,91.59,91.4,91.48,0
2024-05-20 04:00:00,91.37,91.37,91.35,91.37,0
2024-05-20 05:00:00,91.35,91.5,91.32,91.5,0
2024-05-20 06:00:00,91.5,91.51,91.38,91.41,0
2024-05-20 07:00:00,91.44,91.47,91.41,91.43,0
2024-05-20 08:00:00,91.41,91.53,91.16,91.18,0
2024-05-20 09:00:00,91.18,91.39,90.9,91.07,0
2024-05-20 09:30:00,91.08000183105469,91.19999694824219,91.0199966430664,91.0602035522461,3286420
2024-05-20 10:30:00,91.05999755859375,91.15499877929688,91.01000213623047,91.07369995117188,2615701
2024-05-20 11:30:00,91.07499694824219,91.12750244140625,91.06999969482422,91.11499786376953,1416892
2024-05-20 12:30:00,91.11499786376953,91.19999694824219,91.1050033569336,91.19010162353516,1873668
2024-05-20 13:30:00,91.19000244140625,91.30999755859375,91.18499755859375,91.29499816894531,1529560
2024-05-20 14:30:00,91.29000091552734,91.31500244140625,91.16500091552734,91.16999816894531,2118976
2024-05-20 15:30:00,91.17500305175781,91.17500305175781,91.08000183105469,91.12999725341797,3076052
2024-05-20 16:00:00,91.12,91.1598,91.06,91.079,0
2024-05-20 17:00:00,91.08,91.1,91.01,91.065,0
2024-05-20 18:00:00,91.07,91.15,91.07,91.125,0
2024-05-20 19:00:00,91.12,91.15,91.11,91.12,0
2024-05-21 04:00:00,91.23,91.28,91.21,91.26,0
2024-05-21 05:00:00,91.29,91.36,91.25,91.36,0
2024-05-21 06:00:00,91.39,91.39,91.33,91.35,0
2024-05-21 07:00:00,91.38,91.4,91.31,91.33,0
2024-05-21 08:00:00,91.33,91.4352,91.08,91.28,0
2024-05-21 09:00:00,91.32,91.77,91.12,91.72,0
2024-05-21 09:30:00,91.72969818115234,91.7699966430664,91.5,91.56999969482422,3411454
2024-05-21 10:30:00,91.56500244140625,91.59510040283203,91.43499755859375,91.51000213623047,1737244
2024-05-21 11:30:00,91.51000213623047,91.62999725341797,91.48999786376953,91.57499694824219,1469508
2024-05-21 12:30:00,91.57499694824219,91.69499969482422,91.55000305175781,91.61000061035156,1427499
2024-05-21 13:30:00,91.61000061035156,91.62000274658203,91.55000305175781,91.57499694824219,889844
2024-05-21 14:30:00,91.57499694824219,91.60990142822266,91.4800033569336,91.53250122070312,1728129
2024-05-21 15:30:00,91.53669738769531,91.62000274658203,91.5250015258789,91.5999984741211,1822975
2024-05-21 16:00:00,91.59,91.6,91.53,91.58,0
2024-05-21 17:00:00,91.57,91.5982,91.57,91.5955,0
2024-05-21 18:00:00,91.59,91.61,91.56,91.56,0
2024-05-21 19:00:00,91.59,91.63,91.56,91.61,0
2024-05-22 04:00:00,91.33,91.39,91.3,91.38,0
2024-05-22 05:00:00,91.36,91.36,91.27,91.33,0
2024-05-22 06:00:00,91.3,91.36,91.27,91.32,0
2024-05-22 07:00:00,91.31,91.31,91.22,91.25,0
2024-05-22 08:00:00,91.25,91.49,90.86,91.06,0
2024-05-22 09:00:00,91.05,91.59,91.03,91.26,0
2024-05-22 09:30:00,91.2699966430664,91.55000305175781,91.26000213623047,91.54000091552734,4423937
2024-05-22 10:30:00,91.54499816894531,91.7300033569336,91.47010040283203,91.6050033569336,2861607
2024-05-22 11:30:00,91.61000061035156,91.66999816894531,91.51000213623047,91.62999725341797,2059973
2024-05-22 12:30:00,91.62999725341797,91.77989959716797,91.61000061035156,91.6500015258789,1626885
2024-05-22 13:30:00,91.6449966430664,91.7249984741211,91.52999877929688,91.65499877929688,2891380
2024-05-22 14:30:00,91.65499877929688,91.69999694824219,91.55999755859375,91.62999725341797,1631959
2024-05-22 15:30:00,91.63999938964844,91.70999908447266,91.61000061035156,91.69999694824219,6949118
2024-05-22 16:00:00,91.7,91.73,89.219,91.73,0
2024-05-22 17:00:00,91.7202,91.725,91.55,91.71,0
2024-05-22 18:00:00,91.69,91.7086,91.56,91.6,0
2024-05-22 19:00:00,91.6,91.7,91.56,91.675,0
2024-05-23 04:00:00,91.6,91.61,91.42,91.49,0
2024-05-23 05:00:00,91.5,91.71,91.46,91.71,0
2024-05-23 06:00:00,91.72,91.84,91.7,91.8,0
2024-05-23 07:00:00,91.79,91.8,91.73,91.78,0
2024-05-23 08:00:00,91.79,91.94,91.4383,91.94,0
2024-05-23 09:00:00,91.91,91.91,91.48,91.78,0
2024-05-23 09:30:00,91.80000305175781,91.80000305175781,90.91000366210938,90.91500091552734,7544555
2024-05-23 10:30:00,90.91500091552734,91.07499694824219,90.81999969482422,90.9000015258789,5489648
2024-05-23 11:30:00,90.90499877929688,91.05000305175781,90.89469909667969,90.98999786376953,4828508
2024-05-23 12:30:00,90.99500274658203,91.1050033569336,90.93499755859375,91.08499908447266,2095282
2024-05-23 13:30:00,91.08499908447266,91.25499725341797,91.04000091552734,91.20500183105469,2288179
2024-05-23 14:30:00,91.20099639892578,91.20999908447266,91.13500213623047,91.19000244140625,2625908
2024-05-23 15:30:00,91.19499969482422,91.19999694824219,91.0999984741211,91.11499786376953,7279355
2024-05-23 16:00:00,91.11,91.15,91.1,91.1497,0
2024-05-23 17:00:00,91.15,91.19,91.13,91.13,0
2024-05-23 18:00:00,91.13,91.13,91.05,91.07,0
2024-05-23 19:00:00,91.07,91.12,90.95,91.08,0
2024-05-24 04:00:00,91.15,91.21,91.13,91.18,0
2024-05-24 05:00:00,91.17,91.26,91.17,91.22,0
2024-05-24 06:00:00,91.26,91.26,91.17,91.17,0
2024-05-24 07:00:00,91.2,91.22,91.13,91.14,0
2024-05-24 08:00:00,91.13,91.3,90.95,91.03,0
2024-05-24 09:00:00,91.03,91.17,90.85,90.97,0
2024-05-24 09:30:00,90.9800033569336,91.31849670410156,90.9000015258789,91.25,5750839
2024-05-24 10:30:00,91.25499725341797,91.30650329589844,91.11000061035156,91.20999908447266,1998586
2024-05-24 11:30:00,91.21369934082031,91.32340240478516,91.11329650878906,91.29000091552734,1831087
2024-05-24 12:30:00,91.30000305175781,91.375,91.2300033569336,91.34010314941406,985384
2024-05-24 13:30:00,91.34500122070312,91.45999908447266,91.30010223388672,91.45500183105469,1403516
2024-05-24 14:30:00,91.44999694824219,91.47000122070312,91.41999816894531,91.43000030517578,1197341
2024-05-24 15:30:00,91.43000030517578,91.43000030517578,91.37000274658203,91.37000274658203,2557819
2024-05-24 16:00:00,91.38,91.41,86.1645,91.4,0
2024-05-24 17:00:00,91.4,91.44,91.38,91.415,0
2024-05-24 18:00:00,91.44,91.44,91.39,91.435,0
2024-05-24 19:00:00,91.48,91.48,91.43,91.46,0
2024-05-28 04:00:00,91.55,91.56,91.46,91.51,0
2024-05-28 05:00:00,91.5,91.57,91.34,91.37,0
2024-05-28 06:00:00,91.32,91.39,91.28,91.34,0
2024-05-28 07:00:00,91.33,91.33,91.14,91.14,0
2024-05-28 08:00:00,91.17,91.554,91.06,91.28,0
2024-05-28 09:00:00,91.27,91.34,91.14,91.31,0
2024-05-28 09:30:00,91.31999969482422,91.36000061035156,90.69000244140625,90.69000244140625,6215091
2024-05-28 10:30:00,90.68499755859375,90.77999877929688,90.67500305175781,90.69499969482422,3476855
2024-05-28 11:30:00,90.69499969482422,90.7249984741211,90.51000213623047,90.56999969482422,3314030
2024-05-28 12:30:00,90.56500244140625,90.58000183105469,90.2300033569336,90.28500366210938,3954714
2024-05-28 13:30:00,90.28500366210938,90.30000305175781,90.05000305175781,90.12000274658203,4334181
2024-05-28 14:30:00,90.12000274658203,90.16000366210938,90.02999877929688,90.08899688720703,4797529
2024-05-28 15:30:00,90.08499908447266,90.11000061035156,90.03500366210938,90.05999755859375,6084175
2024-05-28 16:00:00,90.065,90.11,89.96,89.961,0
2024-05-28 17:00:00,90.0,90.11,89.975,90.08,0
2024-05-28 18:00:00,90.03,90.0986,90.01,90.08,0
2024-05-28 19:00:00,90.07,90.09,90.01,90.02,0
2024-05-29 04:00:00,89.61,89.83,89.61,89.7,0
2024-05-29 05:00:00,89.7,89.78,89.68,89.71,0
2024-05-29 06:00:00,89.7,89.78,89.63,89.71,0
2024-05-29 07:00:00,89.66,89.71,89.61,89.69,0
2024-05-29 08:00:00,89.71,89.88,89.58,89.68,0
2024-05-29 09:00:00,89.68,89.73,89.33,89.34,0
2024-05-29 09:30:00,89.33999633789062,89.3949966430664,89.08999633789062,89.16000366210938,9318687
2024-05-29 10:30:00,89.16500091552734,89.23999786376953,88.91000366210938,89.01499938964844,5983786
2024-05-29 11:30:00,89.01570129394531,89.02999877929688,88.84500122070312,88.90499877929688,4173162
2024-05-29 12:30:00,88.9000015258789,89.0199966430664,88.68000030517578,88.98999786376953,6610804
2024-05-29 13:30:00,88.9801025390625,89.0250015258789,88.9000015258789,88.96499633789062,3881592
2024-05-29 14:30:00,88.95999908447266,89.01000213623047,88.82009887695312,88.99500274658203,4134943
2024-05-29 15:30:00,88.99500274658203,89.05500030517578,88.95999908447266,89.00499725341797,5026451
2024-05-29 16:00:00,88.98,89.03,88.9699,88.971,0
2024-05-29 17:00:00,88.98,89.0197,88.97,89.0197,0
2024-05-29 18:00:00,89.02,89.02,88.95,88.97,0
2024-05-29 19:00:00,88.97,88.99,88.9,88.9,0
2024-05-30 04:00:00,89.19,89.34,89.17,89.33,0
2024-05-30 05:00:00,89.33,89.33,89.21,89.23,0
2024-05-30 06:00:00,89.23,89.26,89.21,89.26,0
2024-05-30 07:00:00,89.26,89.29,89.22,89.25,0
2024-05-30 08:00:00,89.22,89.37,89.05,89.25,0
2024-05-30 09:00:00,89.21,89.64,89.21,89.61,0
2024-05-30 09:30:00,89.58999633789062,89.66999816894531,89.44000244140625,89.60810089111328,6315703
2024-05-30 10:30:00,89.5999984741211,89.87000274658203,89.58000183105469,89.85009765625,4374712
2024-05-30 11:30:00,89.8499984741211,89.86499786376953,89.72000122070312,89.80999755859375,3225774
2024-05-30 12:30:00,89.80500030517578,89.89640045166016,89.76000213623047,89.87000274658203,1627341
2024-05-30 13:30:00,89.87000274658203,89.91000366210938,89.7300033569336,89.74500274658203,1876041
2024-05-30 14:30:00,89.74500274658203,89.77999877929688,89.67500305175781,89.75499725341797,2558797
2024-05-30 15:30:00,89.75,89.83999633789062,89.72000122070312,89.83499908447266,4390082
2024-05-30 16:00:00,89.83,89.88,89.71,89.79,0
2024-05-30 17:00:00,89.73,89.8,89.71,89.8,0
2024-05-30 18:00:00,89.8,89.84,89.71,89.83,0
2024-05-30 19:00:00,89.76,89.85,89.76,89.8,0
2024-05-31 04:00:00,89.8,89.8,89.76,89.76,0
2024-05-31 05:00:00,89.8,89.81,89.66,89.71,0
2024-05-31 06:00:00,89.78,89.91,89.76,89.76,0
2024-05-31 07:00:00,89.76,89.84,89.71,89.79,0
2024-05-31 08:00:00,89.79,89.98,89.6755,89.95,0
2024-05-31 09:00:00,89.95,90.5,89.93,90.461,0
2024-05-31 09:30:00,90.46499633789062,90.63999938964844,90.41000366210938,90.55000305175781,6201466
2024-05-31 10:30:00,90.55000305175781,90.66000366210938,90.47000122070312,90.49030303955078,3901054
2024-05-31 11:30:00,90.5,90.50499725341797,90.29499816894531,90.3499984741211,2628308
2024-05-31 12:30:00,90.3550033569336,90.37999725341797,90.25,90.33360290527344,3208841
2024-05-31 13:30:00,90.33000183105469,90.38999938964844,90.30000305175781,90.38500213623047,1923876
2024-05-31 14:30:00,90.38500213623047,90.3949966430664,90.26000213623047,90.31500244140625,5503898
2024-05-31 15:30:00,90.31500244140625,90.56500244140625,90.27999877929688,90.52999877929688,9137989
2024-05-31 16:00:00,90.54,90.56,90.2209,90.37,0
2024-05-31 17:00:00,90.37,90.51,90.35,90.465,0
2024-05-31 18:00:00,90.415,90.47,90.37,90.45,0
2024-05-31 19:00:00,90.37,90.48,90.37,90.46,0
2024-06-03 04:00:00,90.37,90.64,90.31,90.57,0
2024-06-03 05:00:00,90.53,90.64,90.4,90.4,0
2024-06-03 06:00:00,90.47,90.53,90.45,90.5,0
2024-06-03 07:00:00,90.52,90.63,90.49,90.63,0
2024-06-03 08:00:00,90.58,90.63,90.22,90.52,0
2024-06-03 09:00:00,90.5,90.71,90.1417,90.64,0
2024-06-03 09:30:00,90.6500015258789,91.48999786376953,90.61000061035156,91.20500183105469,10111521
2024-06-03 10:30:00,91.20500183105469,91.42500305175781,91.19000244140625,91.41000366210938,5093714
2024-06-03 11:30:00,91.41000366210938,91.5250015258789,91.37000274658203,91.41999816894531,4112888
2024-06-03 12:30:00,91.41500091552734,91.52999877929688,91.38999938964844,91.5199966430664,2508422
2024-06-03 13:30:00,91.5250015258789,91.66999816894531,91.51000213623047,91.58000183105469,4737714
2024-06-03 14:30:00,91.58499908447266,91.58499908447266,91.44999694824219,91.4800033569336,3053702
2024-06-03 15:30:00,91.4749984741211,91.5999984741211,91.47000122070312,91.58000183105469,5363362
2024-06-03 16:00:00,91.57,91.69,91.55,91.69,0
2024-06-03 17:00:00,91.68,97.952,91.6,91.62,0
2024-06-03 18:00:00,91.71,91.75,91.62,91.71,0
2024-06-03 19:00:00,91.72,91.74,91.64,91.695,0
2024-06-04 04:00:00,91.82,91.92,91.8,91.8,0
2024-06-04 05:00:00,91.8,91.85,91.63,91.65,0
2024-06-04 06:00:00,91.66,91.88,91.64,91.81,0
2024-06-04 07:00:00,91.83,91.84,91.73,91.79,0
2024-06-04 08:00:00,91.77,92.07,91.46,92.04,0
2024-06-04 09:00:00,92.04,92.29,91.6,92.19,0
2024-06-04 09:30:00,92.20929718017578,92.58000183105469,91.98999786376953,92.13999938964844,11977927
2024-06-04 10:30:00,92.13200378417969,92.318603515625,92.12000274658203,92.29000091552734,4249831
2024-06-04 11:30:00,92.29499816894531,92.52999877929688,92.29000091552734,92.40499877929688,3225499
2024-06-04 12:30:00,92.40499877929688,92.7249984741211,92.40499877929688,92.7249984741211,3181762
2024-06-04 13:30:00,92.7249984741211,92.79499816894531,92.51000213623047,92.55500030517578,5608059
2024-06-04 14:30:00,92.55500030517578,92.5999984741211,92.44499969482422,92.58999633789062,3184991
2024-06-04 15:30:00,92.58999633789062,92.66999816894531,92.56999969482422,92.6500015258789,4402559
2024-06-04 16:00:00,92.67,92.68,92.59,92.65,0
2024-06-04 17:00:00,92.65,92.67,92.62,92.63,0
2024-06-04 18:00:00,92.63,92.6532,92.57,92.5898,0
2024-06-04 19:00:00,92.58,92.69,92.57,92.66,0
2024-06-05 04:00:00,92.4,92.42,92.35,92.41,0
2024-06-05 05:00:00,92.41,92.51,92.41,92.45,0
2024-06-05 06:00:00,92.45,92.53,92.42,92.52,0
2024-06-05 07:00:00,92.5,92.61,92.47,92.58,0
2024-06-05 08:00:00,92.6,92.98,92.3,92.7748,0
2024-06-05 09:00:00,92.78,93.015,92.67,92.99,0
2024-06-05 09:30:00,93.0,93.30000305175781,92.38870239257812,92.63500213623047,10431019
2024-06-05 10:30:00,92.63999938964844,93.27999877929688,92.62999725341797,93.25,4625296
2024-06-05 11:30:00,93.24500274658203,93.31500244140625,93.05999755859375,93.08000183105469,4619554
2024-06-05 12:30:00,93.08000183105469,93.23999786376953,93.02999877929688,93.05989837646484,2246854
2024-06-05 13:30:00,93.05000305175781,93.1449966430664,93.0199966430664,93.125,1692951
2024-06-05 14:30:00,93.12999725341797,93.19999694824219,93.08999633789062,93.12000274658203,2821923
2024-06-05 15:30:00,93.12000274658203,93.3499984741211,93.11000061035156,93.33999633789062,6902809
2024-06-05 16:00:00,93.35,93.35,90.9843,93.32,0
2024-06-05 17:00:00,93.3,93.35,89.219,93.27,0
2024-06-05 18:00:00,93.26,93.27,93.19,93.27,0
2024-06-05 19:00:00,93.27,93.27,93.19,93.22,0
2024-06-06 04:00:00,93.17,93.17,92.95,92.97,0
2024-06-06 05:00:00,92.97,93.06,92.97,93.02,0
2024-06-06 06:00:00,93.05,93.2,93.0,93.19,0
2024-06-06 07:00:00,93.18,93.18,92.93,92.96,0
2024-06-06 08:00:00,92.97,93.1572,92.75,93.0,0
2024-06-06 09:00:00,93.01,93.35,92.711,92.91,0
2024-06-06 09:30:00,92.91000366210938,93.19999694824219,92.8949966430664,92.9000015258789,4797993
2024-06-06 10:30:00,92.90889739990234,93.19950103759766,92.86000061035156,93.17970275878906,3734084
2024-06-06 11:30:00,93.17949676513672,93.2300033569336,93.06500244140625,93.20999908447266,2427235
2024-06-06 12:30:00,93.19999694824219,93.20999908447266,93.08999633789062,93.20999908447266,1493264
2024-06-06 13:30:00,93.21499633789062,93.30000305175781,93.17479705810547,93.26000213623047,2008866
2024-06-06 14:30:00,93.26119995117188,93.43000030517578,93.26119995117188,93.36000061035156,2388297
2024-06-06 15:30:00,93.36499786376953,93.37000274658203,93.22000122070312,93.2300033569336,3292143
2024-06-06 16:00:00,93.21,93.29,93.21,93.215,0
2024-06-06 17:00:00,93.23,93.3,93.21,93.26,0
2024-06-06 18:00:00,93.26,93.26,93.16,93.17,0
2024-06-06 19:00:00,93.2,93.23,93.17,93.17,0
2024-06-07 04:00:00,93.16,93.21,93.07,93.21,0
2024-06-07 05:00:00,93.18,93.23,93.07,93.14,0
2024-06-07 06:00:00,93.14,93.14,93.09,93.1,0
2024-06-07 07:00:00,93.11,93.23,93.09,93.15,0
2024-06-07 08:00:00,93.12,93.3,93.07,93.27,0
2024-06-07 09:00:00,93.32,93.5,91.5,91.84,0
2024-06-07 09:30:00,91.81999969482422,91.83000183105469,91.4000015258789,91.62000274658203,10752481
2024-06-07 10:30:00,91.61499786376953,91.80000305175781,91.51499938964844,91.79499816894531,4785925
2024-06-07 11:30:00,91.79499816894531,91.81500244140625,91.62000274658203,91.76629638671875,2626846
2024-06-07 12:30:00,91.76499938964844,91.80000305175781,91.6050033569336,91.63999938964844,1814920
2024-06-07 13:30:00,91.62999725341797,91.64969635009766,91.5250015258789,91.52999877929688,2158539
2024-06-07 14:30:00,91.53009796142578,91.61499786376953,91.5199966430664,91.55999755859375,3086810
2024-06-07 15:30:00,91.55999755859375,91.55999755859375,91.5,91.5,4277822
2024-06-07 16:00:00,91.5,91.6216,86.1645,91.48,0
2024-06-07 17:00:00,91.4894,91.55,91.48,91.53,0
2024-06-07 18:00:00,91.52,91.53,91.49,91.5,0
2024-06-07 19:00:00,91.5,91.55,91.46,91.505,0
2024-06-10 04:00:00,91.05,91.14,91.0,91.09,0
2024-06-10 05:00:00,91.06,91.14,90.96,91.14,0
2024-06-10 06:00:00,91.14,91.2,91.08,91.18,0
2024-06-10 07:00:00,91.18,91.18,90.99,90.99,0
2024-06-10 08:00:00,90.98,91.36,90.96,91.02,0
2024-06-10 09:00:00,91.09,91.12,90.88,91.0,0
2024-06-10 09:30:00,91.0,91.05999755859375,90.9000015258789,90.9800033569336,5094613
2024-06-10 10:30:00,90.9800033569336,90.98500061035156,90.80000305175781,90.875,2439689
2024-06-10 11:30:00,90.875,90.9209976196289,90.83000183105469,90.83000183105469,1443414
2024-06-10 12:30:00,90.83999633789062,90.90499877929688,90.69000244140625,90.72000122070312,1953618
2024-06-10 13:30:00,90.72000122070312,90.8499984741211,90.69999694824219,90.83000183105469,1406782
2024-06-10 14:30:00,90.83000183105469,90.91000366210938,90.8136978149414,90.87999725341797,1689091
2024-06-10 15:30:00,90.87989807128906,90.94000244140625,90.8739013671875,90.87999725341797,2597449
2024-06-10 16:00:00,90.89,90.9,90.8,90.83,0
2024-06-10 17:00:00,90.83,90.89,90.81,90.88,0
2024-06-10 18:00:00,90.88,90.91,90.84,90.885,0
2024-06-10 19:00:00,90.9,90.9493,90.8899,90.925,0
2024-06-11 04:00:00,91.12,91.21,91.11,91.19,0
2024-06-11 05:00:00,91.19,91.41,91.13,91.32,0
2024-06-11 06:00:00,91.31,91.36,91.18,91.28,0
2024-06-11 07:00:00,91.28,91.39,91.15,91.15,0
2024-06-11 08:00:00,91.14,91.5,90.74,91.22,0
2024-06-11 09:00:00,91.22,91.27,90.89,91.05,0
2024-06-11 09:30:00,91.03199768066406,91.2300033569336,91.0199966430664,91.13500213623047,3693059
2024-06-11 10:30:00,91.13500213623047,91.2699966430664,91.02999877929688,91.11000061035156,2757394
2024-06-11 11:30:00,91.0999984741211,91.12999725341797,90.94999694824219,90.94999694824219,1484551
2024-06-11 12:30:00,90.95500183105469,91.48500061035156,90.92230224609375,91.41500091552734,4232418
2024-06-11 13:30:00,91.41500091552734,91.77999877929688,91.37190246582031,91.76509857177734,4060078
2024-06-11 14:30:00,91.76899719238281,91.87000274658203,91.7300033569336,91.86000061035156,4601649
2024-06-11 15:30:00,91.8550033569336,91.87000274658203,91.80000305175781,91.82949829101562,3781436
2024-06-11 16:00:00,91.83,91.88,91.5857,91.759,0
2024-06-11 17:00:00,91.74,91.82,91.73,91.82,0
2024-06-11 18:00:00,91.82,91.86,91.79,91.8,0
2024-06-11 19:00:00,91.7897,91.83,91.72,91.72,0
2024-06-12 04:00:00,91.78,91.86,91.77,91.77,0
2024-06-12 05:00:00,91.78,91.88,91.74,91.81,0
2024-06-12 06:00:00,91.8,91.86,91.77,91.86,0
2024-06-12 07:00:00,91.88,91.92,91.82,91.9,0
2024-06-12 08:00:00,91.91,92.03,91.7388,91.9,0
2024-06-12 09:00:00,92.02,93.31,92.02,93.0102,0
2024-06-12 09:30:00,93.0199966430664,93.1500015258789,92.91999816894531,93.13999938964844,7717398
2024-06-12 10:30:00,93.1500015258789,93.3550033569336,93.13999938964844,93.29000091552734,4777474
2024-06-12 11:30:00,93.28500366210938,93.5,93.20999908447266,93.4749984741211,3973161
2024-06-12 12:30:00,93.47200012207031,93.56999969482422,93.37999725341797,93.38999938964844,3436912
2024-06-12 13:30:00,93.38999938964844,93.56999969482422,92.81009674072266,93.25499725341797,7029473
2024-06-12 14:30:00,93.26000213623047,93.3499984741211,92.68000030517578,92.70999908447266,5888100
2024-06-12 15:30:00,92.70010375976562,92.7300033569336,92.48500061035156,92.54000091552734,5020637
2024-06-12 16:00:00,92.535,92.6397,92.48,92.6397,0
2024-06-12 17:00:00,92.639,92.639,92.4534,92.5,0
2024-06-12 18:00:00,92.49,92.64,92.49,92.64,0
2024-06-12 19:00:00,92.64,92.73,92.6,92.73,0
2024-06-13 04:00:00,92.64,92.72,92.61,92.66,0
2024-06-13 05:00:00,92.66,92.82,92.66,92.81,0
2024-06-13 06:00:00,92.82,92.82,92.73,92.75,0
2024-06-13 07:00:00,92.78,92.82,92.64,92.66,0
2024-06-13 08:00:00,92.63,92.84,92.47,92.83,0
2024-06-13 09:00:00,92.75,93.4897,92.75,93.22,0
2024-06-13 09:30:00,93.22000122070312,93.34500122070312,93.05000305175781,93.0999984741211,4694239
2024-06-13 10:30:00,93.09120178222656,93.30000305175781,92.94999694824219,93.2509994506836,2208977
2024-06-13 11:30:00,93.26000213623047,93.63500213623047,93.2300033569336,93.62000274658203,3838228
2024-06-13 12:30:00,93.62000274658203,93.98999786376953,93.5,93.79499816894531,5317485
2024-06-13 13:30:00,93.79000091552734,93.79000091552734,93.58000183105469,93.68499755859375,3366814
2024-06-13 14:30:00,93.69000244140625,93.88999938964844,93.68499755859375,93.83000183105469,4087238
2024-06-13 15:30:00,93.82499694824219,93.94000244140625,93.80500030517578,93.87999725341797,4246070
2024-06-13 16:00:00,93.87,93.9,93.5,93.86,0
2024-06-13 17:00:00,93.87,93.87,93.79,93.83,0
2024-06-13 18:00:00,93.83,93.89,93.83,93.88,0
2024-06-13 19:00:00,93.86,93.8805,93.75,93.7501,0
2024-06-14 04:00:00,94.03,94.25,94.03,94.17,0
2024-06-14 05:00:00,94.16,94.29,94.15,94.29,0
2024-06-14 06:00:00,94.28,94.53,94.28,94.46,0
2024-06-14 07:00:00,94.52,94.71,94.43,94.68,0
2024-06-14 08:00:00,94.68,94.8108,93.55,94.54,0
2024-06-14 09:00:00,94.57,94.58,94.2,94.42,0
2024-06-14 09:30:00,94.41000366210938,94.83999633789062,94.31999969482422,94.6449966430664,6679795
2024-06-14 10:30:00,94.64749908447266,94.76000213623047,94.45999908447266,94.47000122070312,4877213
2024-06-14 11:30:00,94.47000122070312,94.5999984741211,94.37999725341797,94.52999877929688,3578460
2024-06-14 12:30:00,94.5199966430664,94.5199966430664,94.23999786376953,94.49500274658203,2297976
2024-06-14 13:30:00,94.49500274658203,94.5999984741211,94.4800033569336,94.55500030517578,2111786
2024-06-14 14:30:00,94.5553970336914,94.6449966430664,94.45999908447266,94.63999938964844,2431058
2024-06-14 15:30:00,94.6449966430664,94.68000030517578,94.58999633789062,94.68000030517578,3018984
2024-06-14 16:00:00,94.67,94.67,90.2209,94.54,0
2024-06-14 17:00:00,94.52,94.72,94.52,94.68,0
2024-06-14 18:00:00,94.71,94.72,94.55,94.58,0
2024-06-14 19:00:00,94.6676,94.7,94.572,94.65,0
2024-06-17 04:00:00,94.23,94.24,94.12,94.15,0
2024-06-17 05:00:00,94.15,94.18,94.07,94.17,0
2024-06-17 06:00:00,94.16,94.25,94.15,94.25,0
2024-06-17 07:00:00,94.23,94.23,94.05,94.11,0
2024-06-17 08:00:00,94.11,94.34,93.73,93.82,0
2024-06-17 09:00:00,93.78,94.67,93.49,93.52,0
2024-06-17 09:30:00,93.5199966430664,93.61000061035156,93.28500366210938,93.38999938964844,6406246
2024-06-17 10:30:00,93.38500213623047,93.50990295410156,93.31999969482422,93.41500091552734,3622076
2024-06-17 11:30:00,93.41500091552734,93.58999633789062,93.27999877929688,93.58499908447266,1977921
2024-06-17 12:30:00,93.56999969482422,93.625,93.55000305175781,93.59500122070312,1625787
2024-06-17 13:30:00,93.58999633789062,93.80500030517578,93.56999969482422,93.75499725341797,1851433
2024-06-17 14:30:00,93.75499725341797,93.75499725341797,93.62000274658203,93.68009948730469,2510268
2024-06-17 15:30:00,93.68990325927734,93.75,93.66010284423828,93.69999694824219,3650915
2024-06-17 16:00:00,93.73,93.75,93.59,93.65,0
2024-06-17 17:00:00,93.65,97.952,93.53,93.69,0
2024-06-17 18:00:00,93.686,93.74,93.63,93.7,0
2024-06-17 19:00:00,93.74,93.79,93.7,93.74,0
2024-06-18 04:00:00,93.72,93.73,93.55,93.57,0
2024-06-18 05:00:00,93.55,93.59,93.42,93.42,0
2024-06-18 06:00:00,93.45,93.54,93.44,93.48,0
2024-06-18 07:00:00,93.48,93.58,93.44,93.52,0
2024-06-18 08:00:00,93.52,93.82,93.46,93.63,0
2024-06-18 09:00:00,93.63,94.16,93.63,93.89,0
2024-06-18 09:30:00,93.88999938964844,94.0199966430664,93.7300033569336,93.88500213623047,3705410
2024-06-18 10:30:00,93.87999725341797,94.06999969482422,93.86499786376953,94.05999755859375,2904498
2024-06-18 11:30:00,94.05999755859375,94.33999633789062,94.05500030517578,94.32499694824219,3204724
2024-06-18 12:30:00,94.32499694824219,94.5999984741211,94.23500061035156,94.40010070800781,4059216
2024-06-18 13:30:00,94.40499877929688,94.4749984741211,94.26000213623047,94.29000091552734,1923355
2024-06-18 14:30:00,94.29499816894531,94.52999877929688,94.29000091552734,94.44010162353516,2542468
2024-06-18 15:30:00,94.44499969482422,94.5999984741211,94.44010162353516,94.58000183105469,3695905
2024-06-18 16:00:00,94.59,94.66,94.47,94.49,0
2024-06-18 17:00:00,94.47,94.59,94.45,94.47,0
2024-06-18 18:00:00,94.47,94.55,94.46,94.53,0
2024-06-18 19:00:00,94.5,94.52,94.48,94.49,0
2024-06-20 04:00:00,94.14,94.15,94.08,94.15,0
2024-06-20 05:00:00,94.12,94.14,94.07,94.12,0
2024-06-20 06:00:00,94.11,94.14,94.06,94.09,0
2024-06-20 07:00:00,94.11,94.22,94.1,94.17,0
2024-06-20 08:00:00,94.18,94.24,94.01,94.24,0
2024-06-20 09:00:00,94.24,94.59,93.4,93.41,0
2024-06-20 09:30:00,93.41000366210938,93.68000030517578,93.33999633789062,93.51860046386719,5939819
2024-06-20 10:30:00,93.5199966430664,93.75,93.40499877929688,93.74500274658203,3719132
2024-06-20 11:30:00,93.74500274658203,93.74500274658203,93.55500030517578,93.72000122070312,4814221
2024-06-20 12:30:00,93.70999908447266,93.95999908447266,93.69999694824219,93.93450164794922,2568670
2024-06-20 13:30:00,93.93009948730469,94.0,93.86000061035156,93.9800033569336,1642729
2024-06-20 14:30:00,93.9800033569336,94.0,93.91000366210938,93.96499633789062,2743416
2024-06-20 15:30:00,93.96499633789062,93.98999786376953,93.91999816894531,93.93499755859375,4845804
2024-06-20 16:00:00,93.935,93.96,93.81,93.84,0
2024-06-20 17:00:00,93.84,93.87,89.219,93.84,0
2024-06-20 18:00:00,93.84,93.96,93.8015,93.96,0
2024-06-20 19:00:00,93.84,93.86,93.79,93.8585,0
2024-06-21 04:00:00,94.29,94.32,94.23,94.24,0
2024-06-21 05:00:00,94.24,94.28,94.21,94.22,0
2024-06-21 06:00:00,94.23,94.28,94.16,94.26,0
2024-06-21 07:00:00,94.26,94.31,94.2,94.24,0
2024-06-21 08:00:00,94.24,94.34,93.96,94.25,0
2024-06-21 09:00:00,94.25,94.4,93.96,94.26,0
2024-06-21 09:30:00,94.23999786376953,94.47899627685547,93.86000061035156,93.927001953125,5345189
2024-06-21 10:30:00,93.93000030517578,93.93499755859375,93.58999633789062,93.70500183105469,3250662
2024-06-21 11:30:00,93.70989990234375,93.82499694824219,93.63999938964844,93.80000305175781,2263292
2024-06-21 12:30:00,93.80000305175781,93.87000274658203,93.77999877929688,93.78500366210938,1402914
2024-06-21 13:30:00,93.78500366210938,93.91500091552734,93.78009796142578,93.86499786376953,1892961
2024-06-21 14:30:00,93.86499786376953,93.9800033569336,93.8499984741211,93.95500183105469,1623838
2024-06-21 15:30:00,93.94999694824219,93.9800033569336,93.89990234375,93.97000122070312,2591876
2024-06-21 16:00:00,93.97,93.97,93.9,93.91,0
2024-06-21 17:00:00,93.9097,93.91,93.8,93.87,0
2024-06-21 18:00:00,93.91,93.91,90.0986,93.81,0
2024-06-21 19:00:00,93.9051,93.91,93.81,93.9,0
2024-06-24 04:00:00,94.1,94.15,94.08,94.11,0
2024-06-24 05:00:00,94.1,94.13,93.99,94.01,0
2024-06-24 06:00:00,93.98,93.99,93.88,93.88,0
2024-06-24 07:00:00,93.87,93.9,93.73,93.78,0
2024-06-24 08:00:00,93.78,94.08,93.63,93.75,0
2024-06-24 09:00:00,93.75,94.04,93.69,94.03,0
2024-06-24 09:30:00,94.0,94.06999969482422,93.87000274658203,93.94000244140625,4185309
2024-06-24 10:30:00,93.93499755859375,94.01000213623047,93.76010131835938,93.81500244140625,2735335
2024-06-24 11:30:00,93.8198013305664,93.875,93.73500061035156,93.80999755859375,1756422
2024-06-24 12:30:00,93.80999755859375,93.98999786376953,93.80999755859375,93.98500061035156,11733900
2024-06-24 13:30:00,93.9800033569336,94.15499877929688,93.95999908447266,94.12999725341797,15529804
2024-06-24 14:30:00,94.125,94.25499725341797,94.12000274658203,94.23999786376953,6456198
2024-06-24 15:30:00,94.23799896240234,94.33000183105469,94.22000122070312,94.31500244140625,6842332
2024-06-24 16:00:00,94.31,94.51,94.28,94.4201,0
2024-06-24 17:00:00,94.42,94.5,94.3634,94.37,0
2024-06-24 18:00:00,94.42,94.49,94.34,94.43,0
2024-06-24 19:00:00,94.435,94.45,94.36,94.3899,0
2024-06-25 04:00:00,94.34,94.37,94.3,94.31,0
2024-06-25 05:00:00,94.31,94.39,94.29,94.39,0
2024-06-25 06:00:00,94.41,94.53,94.39,94.53,0
2024-06-25 07:00:00,94.53,94.67,94.53,94.57,0
2024-06-25 08:00:00,94.59,94.79,94.296,94.72,0
2024-06-25 09:00:00,94.74,94.74,94.065,94.07,0
2024-06-25 09:30:00,94.07129669189453,94.28500366210938,94.06999969482422,94.2750015258789,4703587
2024-06-25 10:30:00,94.2750015258789,94.37000274658203,94.09500122070312,94.11009979248047,2924732
2024-06-25 11:30:00,94.11499786376953,94.23999786376953,94.08000183105469,94.08999633789062,2000334
2024-06-25 12:30:00,94.08499908447266,94.20500183105469,94.04499816894531,94.19499969482422,1505088
2024-06-25 13:30:00,94.19499969482422,94.33989715576172,94.16500091552734,94.33000183105469,1905116
2024-06-25 14:30:00,94.33000183105469,94.55000305175781,94.27999877929688,94.4800033569336,2434873
2024-06-25 15:30:00,94.4843978881836,94.52999877929688,94.45500183105469,94.51000213623047,4360001
2024-06-25 16:00:00,94.5,94.51,94.25,94.25,0
2024-06-25 17:00:00,94.25,94.33,94.23,94.29,0
2024-06-25 18:00:00,94.32,94.5,94.251,94.29,0
2024-06-25 19:00:00,94.28,94.3,94.24,94.26,0
2024-06-26 04:00:00,93.93,93.94,93.84,93.9,0
2024-06-26 05:00:00,93.86,93.92,93.84,93.85,0
2024-06-26 06:00:00,93.87,93.9,93.81,93.81,0
2024-06-26 07:00:00,93.84,93.84,93.77,93.77,0
2024-06-26 08:00:00,93.78,94.05,93.63,93.71,0
2024-06-26 09:00:00,93.73,93.75,93.26,93.28,0
2024-06-26 09:30:00,93.27999877929688,93.46499633789062,93.17500305175781,93.19999694824219,7195308
2024-06-26 10:30:00,93.19999694824219,93.27999877929688,93.14230346679688,93.19499969482422,3793537
2024-06-26 11:30:00,93.19499969482422,93.3499984741211,93.1500015258789,93.31500244140625,2686642
2024-06-26 12:30:00,93.31999969482422,93.43000030517578,93.28500366210938,93.36499786376953,2833168
2024-06-26 13:30:00,93.36000061035156,93.38500213623047,93.1500015258789,93.18499755859375,2458612
2024-06-26 14:30:00,93.18499755859375,93.2750015258789,93.1500015258789,93.16799926757812,3613142
2024-06-26 15:30:00,93.16000366210938,93.18000030517578,93.11000061035156,93.13999938964844,5286351
2024-06-26 16:00:00,93.15,93.18,92.97,92.979,0
2024-06-26 17:00:00,92.99,93.15,92.99,93.1,0
2024-06-26 18:00:00,93.04,93.15,93.0,93.02,0
2024-06-26 19:00:00,93.03,93.06,92.86,92.93,0
2024-06-27 04:00:00,92.82,92.83,92.72,92.79,0
2024-06-27 05:00:00,92.76,92.96,92.76,92.9,0
2024-06-27 06:00:00,92.87,93.0,92.82,92.97,0
2024-06-27 07:00:00,92.97,93.09,92.96,93.07,0
2024-06-27 08:00:00,93.06,93.13,92.7283,92.98,0
2024-06-27 09:00:00,93.17,93.5398,92.89,93.52,0
2024-06-27 09:30:00,93.5199966430664,93.70999908447266,93.48500061035156,93.56500244140625,4300187
2024-06-27 10:30:00,93.56500244140625,93.6260986328125,93.47000122070312,93.48600006103516,2425841
2024-06-27 11:30:00,93.4800033569336,93.58499908447266,93.45500183105469,93.55599975585938,1843483
2024-06-27 12:30:00,93.55500030517578,93.68000030517578,93.55000305175781,93.625,3484038
2024-06-27 13:30:00,93.625,93.66999816894531,93.55000305175781,93.56500244140625,1422694
2024-06-27 14:30:00,93.56500244140625,93.6050033569336,93.45549774169922,93.47599792480469,3022375
2024-06-27 15:30:00,93.4749984741211,93.52999877929688,93.41999816894531,93.5199966430664,2444557
2024-06-27 16:00:00,93.52,93.6,93.5,93.54,0
2024-06-27 17:00:00,93.56,93.6594,93.51,93.63,0
2024-06-27 18:00:00,93.59,93.59,93.5,93.53,0
2024-06-27 19:00:00,93.53,93.58,93.5025,93.55,0
2024-06-28 04:00:00,93.37,93.4,93.29,93.34,0
2024-06-28 05:00:00,93.31,93.34,93.16,93.19,0
2024-06-28 06:00:00,93.19,93.21,93.15,93.19,0
2024-06-28 07:00:00,93.19,93.31,93.14,93.3,0
2024-06-28 08:00:00,93.27,93.4,93.05,93.22,0
2024-06-28 09:00:00,93.2,93.79,93.04,93.71,0
2024-06-28 09:30:00,93.73999786376953,93.76499938964844,93.08499908447266,93.2750015258789,7886366
2024-06-28 10:30:00,93.2699966430664,93.30999755859375,92.44999694824219,92.69999694824219,6862324
2024-06-28 11:30:00,92.70999908447266,92.79000091552734,92.4000015258789,92.48500061035156,4171940
2024-06-28 12:30:00,92.4800033569336,92.5,92.19499969482422,92.42009735107422,3044366
2024-06-28 13:30:00,92.41999816894531,92.5,92.29000091552734,92.47000122070312,2787577
2024-06-28 14:30:00,92.47000122070312,92.49400329589844,92.20999908447266,92.21499633789062,3937583
2024-06-28 15:30:00,92.20999908447266,92.22000122070312,91.77999877929688,91.79000091552734,11917649
2024-06-28 16:00:00,91.8,91.8,90.2209,91.52,0
2024-06-28 17:00:00,91.52,91.78,91.52,91.67,0
2024-06-28 18:00:00,91.69,91.805,91.68,91.79,0
2024-06-28 19:00:00,91.79,91.81,91.75,91.75,0
2024-07-01 04:00:00,91.23,91.24,91.05,91.1,0
2024-07-01 05:00:00,91.1,91.18,91.03,91.05,0
2024-07-01 06:00:00,91.05,91.1,91.03,91.04,0
2024-07-01 07:00:00,91.04,91.1,91.0,91.03,0
2024-07-01 08:00:00,91.02,91.34,90.65,90.69,0
2024-07-01 09:00:00,90.69,91.78,90.39,90.42,0
2024-07-01 09:30:00,90.41999816894531,91.05999755859375,90.12799835205078,90.17500305175781,13549865
2024-07-01 10:30:00,90.17500305175781,90.19999694824219,89.91999816894531,90.01499938964844,8211579
2024-07-01 11:30:00,90.0,90.11000061035156,89.87999725341797,90.03630065917969,5804479
2024-07-01 12:30:00,90.02999877929688,90.05500030517578,89.87999725341797,89.9800033569336,3530012
2024-07-01 13:30:00,89.9800033569336,89.98999786376953,89.81999969482422,89.86000061035156,2624351
2024-07-01 14:30:00,89.8550033569336,90.05999755859375,89.8550033569336,89.95999908447266,3338608
2024-07-01 15:30:00,89.95500183105469,89.98999786376953,89.91999816894531,89.94000244140625,4677725
2024-07-01 16:00:00,89.94,90.2,89.91,90.2,0
2024-07-01 17:00:00,90.2,90.28,89.91,90.28,0
2024-07-01 18:00:00,90.25,90.28,90.21,90.25,0
2024-07-01 19:00:00,90.2508,90.32,90.22,90.32,0
2024-07-02 04:00:00,90.45,90.47,90.35,90.4,0
2024-07-02 05:00:00,90.4,90.4,90.27,90.34,0
2024-07-02 06:00:00,90.34,90.34,90.22,90.29,0
2024-07-02 07:00:00,90.31,90.39,90.29,90.31,0
2024-07-02 08:00:00,90.31,90.61,90.2424,90.5,0
2024-07-02 09:00:00,90.47,90.73,89.91,90.68,0
2024-07-02 09:30:00,90.69000244140625,90.80500030517578,90.2300033569336,90.30000305175781,11777557
2024-07-02 10:30:00,90.30000305175781,90.47000122070312,90.11100006103516,90.23500061035156,4642110
2024-07-02 11:30:00,90.2300033569336,90.26000213623047,90.125,90.18930053710938,3158791
2024-07-02 12:30:00,90.18000030517578,90.26000213623047,90.08000183105469,90.16500091552734,1773341
2024-07-02 13:30:00,90.1697998046875,90.41729736328125,90.0999984741211,90.3949966430664,1739759
2024-07-02 14:30:00,90.38999938964844,90.59500122070312,90.3499984741211,90.59500122070312,2535480
2024-07-02 15:30:00,90.59500122070312,90.68000030517578,90.56999969482422,90.5999984741211,3540854
2024-07-02 16:00:00,90.61,90.66,90.48,90.53,0
2024-07-02 17:00:00,90.53,90.61,90.5,90.56,0
2024-07-02 18:00:00,90.58,90.63,90.52,90.615,0
2024-07-02 19:00:00,90.62,90.67,90.56,90.6404,0
2024-07-03 04:00:00,90.66,90.66,90.56,90.57,0
2024-07-03 05:00:00,90.6,90.66,90.52,90.63,0
2024-07-03 06:00:00,90.66,90.85,90.62,90.81,0
2024-07-03 07:00:00,90.83,90.86,90.7,90.72,0
2024-07-03 08:00:00,90.74,90.909,90.53,90.9,0
2024-07-03 09:00:00,90.9,91.18,90.61,91.16,0
2024-07-03 09:30:00,91.16999816894531,91.87000274658203,91.08499908447266,91.6449966430664,11243646
2024-07-03 10:30:00,91.65499877929688,91.88999938964844,91.58989715576172,91.74500274658203,5251349
2024-07-03 11:30:00,91.74500274658203,91.75,91.56999969482422,91.62999725341797,7561798
2024-07-03 13:00:00,91.625,91.87000274658203,91.62000274658203,91.80000305175781,0
2024-07-03 14:00:00,91.81,91.85,89.219,91.68,0
2024-07-03 15:00:00,91.7,91.74,91.67,91.68,0
2024-07-03 16:00:00,91.67,91.68,91.62,91.64,0
2024-07-05 04:00:00,91.7,91.83,91.69,91.81,0
2024-07-05 05:00:00,91.81,91.87,91.78,91.82,0
2024-07-05 06:00:00,91.84,91.93,91.81,91.93,0
2024-07-05 07:00:00,91.91,92.07,91.9,92.01,0
2024-07-05 08:00:00,91.98,92.17,91.63,92.15,0
2024-07-05 09:00:00,92.05,92.71,90.2,92.27,0
2024-07-05 09:30:00,92.2750015258789,92.33000183105469,91.9000015258789,92.04000091552734,9205000
2024-07-05 10:30:00,92.04000091552734,92.63999938964844,92.00270080566406,92.62999725341797,4670008
2024-07-05 11:30:00,92.63629913330078,92.72000122070312,92.44999694824219,92.52050018310547,3645409
2024-07-05 12:30:00,92.5199966430664,92.56500244140625,92.4749984741211,92.54499816894531,1339199
2024-07-05 13:30:00,92.54000091552734,92.62000274658203,92.44000244140625,92.57499694824219,1858333
2024-07-05 14:30:00,92.57990264892578,92.63999938964844,92.5199966430664,92.61499786376953,2823133
2024-07-05 15:30:00,92.61499786376953,92.62000274658203,92.5199966430664,92.54000091552734,3249666
2024-07-05 16:00:00,92.545,92.5667,86.1645,92.51,0
2024-07-05 17:00:00,92.51,92.55,90.0986,92.51,0
2024-07-05 18:00:00,92.51,92.62,92.49,92.62,0
2024-07-05 19:00:00,92.5656,92.62,92.52,92.54,0
2024-07-08 04:00:00,92.31,92.48,92.18,92.21,0
2024-07-08 05:00:00,92.19,92.22,92.13,92.16,0
2024-07-08 06:00:00,92.17,92.17,92.05,92.17,0
2024-07-08 07:00:00,92.13,92.29,92.13,92.22,0
2024-07-08 08:00:00,92.2,92.35,92.0464,92.32,0
2024-07-08 09:00:00,92.315,92.78,92.305,92.53,0
2024-07-08 09:30:00,92.54000091552734,92.61119842529297,92.22460174560547,92.54000091552734,4254085
2024-07-08 10:30:00,92.53589630126953,92.5999984741211,92.43000030517578,92.44080352783203,2289471
2024-07-08 11:30:00,92.44989776611328,92.69000244140625,92.44499969482422,92.625,1760273
2024-07-08 12:30:00,92.625,92.73999786376953,92.5999984741211,92.72000122070312,1287916
2024-07-08 13:30:00,92.72000122070312,92.79000091552734,92.66999816894531,92.69999694824219,1270558
2024-07-08 14:30:00,92.70999908447266,92.84500122070312,92.70999908447266,92.75879669189453,1807764
2024-07-08 15:30:00,92.76000213623047,92.79000091552734,92.70999908447266,92.7300033569336,2156710
2024-07-08 16:00:00,92.76,92.78,92.67,92.67,0
2024-07-08 17:00:00,92.67,92.76,92.67,92.675,0
2024-07-08 18:00:00,92.7,92.72,92.67,92.71,0
2024-07-08 19:00:00,92.72,92.74,92.68,92.7,0
2024-07-09 04:00:00,92.54,92.61,92.5,92.58,0
2024-07-09 05:00:00,92.58,92.63,92.53,92.56,0
2024-07-09 06:00:00,92.54,92.63,92.54,92.56,0
2024-07-09 07:00:00,92.56,92.57,92.4,92.45,0
2024-07-09 08:00:00,92.45,92.69,92.38,92.44,0
2024-07-09 09:00:00,92.46,92.6,92.44,92.47,0
2024-07-09 09:30:00,92.4800033569336,92.66999816894531,92.18499755859375,92.2699966430664,5154230
2024-07-09 10:30:00,92.26499938964844,92.30000305175781,91.87010192871094,91.9000015258789,3518507
2024-07-09 11:30:00,91.9000015258789,92.19999694824219,91.88999938964844,92.16999816894531,2771506
2024-07-09 12:30:00,92.17510223388672,92.18499755859375,92.01959991455078,92.11499786376953,2412883
2024-07-09 13:30:00,92.11000061035156,92.38999938964844,92.08000183105469,92.31500244140625,5493975
2024-07-09 14:30:00,92.3145980834961,92.33499908447266,92.19499969482422,92.31999969482422,2461018
2024-07-09 15:30:00,92.3124008178711,92.38500213623047,92.28500366210938,92.32499694824219,2846989
2024-07-09 16:00:00,92.35,92.35,92.29,92.31,0
2024-07-09 17:00:00,92.33,92.35,92.3,92.31,0
2024-07-09 18:00:00,92.31,92.33,92.3,92.33,0
2024-07-09 19:00:00,92.31,92.34,92.3,92.33,0
2024-07-10 04:00:00,92.57,92.61,92.53,92.53,0
2024-07-10 05:00:00,92.56,92.59,92.53,92.55,0
2024-07-10 06:00:00,92.55,92.72,92.54,92.7,0
2024-07-10 07:00:00,92.72,92.8,92.68,92.68,0
2024-07-10 08:00:00,92.7,92.78,92.31,92.55,0
2024-07-10 09:00:00,92.52,92.62,92.46,92.46,0
2024-07-10 09:30:00,92.45999908447266,92.55889892578125,92.30000305175781,92.4749984741211,4104760
2024-07-10 10:30:00,92.47000122070312,92.51000213623047,92.26029968261719,92.30500030517578,2824843
2024-07-10 11:30:00,92.30000305175781,92.60130310058594,92.2750015258789,92.5,2529593
2024-07-10 12:30:00,92.49009704589844,92.68000030517578,92.47000122070312,92.48999786376953,2412471
2024-07-10 13:30:00,92.48500061035156,92.56500244140625,92.40570068359375,92.55999755859375,2934431
2024-07-10 14:30:00,92.55999755859375,92.66500091552734,92.55000305175781,92.61499786376953,2083912
2024-07-10 15:30:00,92.61499786376953,92.66000366210938,92.51000213623047,92.625,4267094
2024-07-10 16:00:00,92.64,92.68,92.52,92.52,0
2024-07-10 17:00:00,92.54,92.67,92.54,92.58,0
2024-07-10 18:00:00,92.58,92.64,92.58,92.625,0
2024-07-10 19:00:00,92.61,92.65,92.5244,92.565,0
2024-07-11 04:00:00,92.59,92.63,92.57,92.6,0
2024-07-11 05:00:00,92.61,92.74,92.58,92.74,0
2024-07-11 06:00:00,92.74,92.78,92.7,92.7,0
2024-07-11 07:00:00,92.7,92.7,92.59,92.64,0
2024-07-11 08:00:00,92.61,92.8,92.45,92.77,0
2024-07-11 09:00:00,92.79,93.81,92.64,93.67,0
2024-07-11 09:30:00,93.67900085449219,94.13500213623047,93.5999984741211,93.87000274658203,12880434
2024-07-11 10:30:00,93.86499786376953,93.93000030517578,93.69999694824219,93.83499908447266,6168906
2024-07-11 11:30:00,93.83499908447266,94.0250015258789,93.83499908447266,93.91799926757812,4601157
2024-07-11 12:30:00,93.91000366210938,94.00990295410156,93.55999755859375,93.7123031616211,6044192
2024-07-11 13:30:00,93.72000122070312,93.74500274658203,93.48999786376953,93.61499786376953,3287055
2024-07-11 14:30:00,93.61499786376953,93.68499755859375,93.56999969482422,93.61499786376953,3103918
2024-07-11 15:30:00,93.61499786376953,93.61499786376953,93.47000122070312,93.55000305175781,3880110
2024-07-11 16:00:00,93.55,93.7079,93.4,93.42,0
2024-07-11 17:00:00,93.41,93.54,93.38,93.42,0
2024-07-11 18:00:00,93.47,93.55,93.44,93.52,0
2024-07-11 19:00:00,93.52,93.6,93.4895,93.49,0
2024-07-12 04:00:00,93.35,93.4,93.28,93.3,0
2024-07-12 05:00:00,93.3,93.34,93.21,93.29,0
2024-07-12 06:00:00,93.29,93.29,93.16,93.2,0
2024-07-12 07:00:00,93.24,93.4,93.16,93.4,0
2024-07-12 08:00:00,93.4,93.57,93.18,93.53,0
2024-07-12 09:00:00,93.49,93.5999,93.06,93.51,0
2024-07-12 09:30:00,93.5199966430664,93.72000122070312,93.3499984741211,93.47000122070312,5879593
2024-07-12 10:30:00,93.46499633789062,93.58000183105469,93.43000030517578,93.54000091552734,4181380
2024-07-12 11:30:00,93.54000091552734,93.69499969482422,93.5199966430664,93.6500015258789,2176341
2024-07-12 12:30:00,93.66000366210938,93.70989990234375,93.56999969482422,93.70010375976562,1943121
2024-07-12 13:30:00,93.69999694824219,93.76499938964844,93.68499755859375,93.69999694824219,1827060
2024-07-12 14:30:00,93.70989990234375,93.86000061035156,93.69999694824219,93.84989929199219,2326615
2024-07-12 15:30:00,93.84500122070312,93.91999816894531,93.77999877929688,93.91500091552734,5017909
2024-07-12 16:00:00,93.915,93.94,90.2209,93.79,0
2024-07-12 17:00:00,93.8,93.88,93.79,93.88,0
2024-07-12 18:00:00,93.8794,93.88,93.81,93.85,0
2024-07-12 19:00:00,93.85,93.87,93.8009,93.82,0
2024-07-15 04:00:00,93.21,93.26,93.14,93.2,0
2024-07-15 05:00:00,93.2,93.25,93.15,93.19,0
2024-07-15 06:00:00,93.19,93.2,92.98,92.98,0
2024-07-15 07:00:00,92.98,92.98,92.85,92.919,0
2024-07-15 08:00:00,92.91,93.23,92.56,92.77,0
2024-07-15 09:00:00,92.762,93.94,92.64,93.0,0
2024-07-15 09:30:00,93.0,93.13999938964844,92.83000183105469,92.87999725341797,8451228
2024-07-15 10:30:00,92.87000274658203,93.1500015258789,92.81999969482422,93.08499908447266,4065715
2024-07-15 11:30:00,93.08999633789062,93.16999816894531,93.03500366210938,93.10009765625,2979312
2024-07-15 12:30:00,93.1050033569336,93.30000305175781,92.86000061035156,92.87999725341797,3470127
2024-07-15 13:30:00,92.87000274658203,92.95999908447266,92.80000305175781,92.92939758300781,2374159
2024-07-15 14:30:00,92.92500305175781,92.95999908447266,92.77999877929688,92.83580017089844,3017729
2024-07-15 15:30:00,92.8301010131836,92.93000030517578,92.79000091552734,92.86499786376953,4216231
2024-07-15 16:00:00,92.86,97.952,92.79,97.952,0
2024-07-15 17:00:00,92.84,92.9292,92.79,92.86,0
2024-07-15 18:00:00,92.84,92.94,92.84,92.94,0
2024-07-15 19:00:00,92.92,93.05,92.88,93.05,0
2024-07-16 04:00:00,93.56,93.66,93.55,93.65,0
2024-07-16 05:00:00,93.65,93.71,93.64,93.65,0
2024-07-16 06:00:00,93.66,93.69,93.61,93.63,0
2024-07-16 07:00:00,93.63,93.68,93.57,93.67,0
2024-07-16 08:00:00,93.68,93.74,93.15,93.68,0
2024-07-16 09:00:00,93.65,93.7,93.16,93.53,0
2024-07-16 09:30:00,93.52999877929688,93.55000305175781,93.38999938964844,93.50499725341797,6922109
2024-07-16 10:30:00,93.5,93.73999786376953,93.47000122070312,93.72000122070312,3824143
2024-07-16 11:30:00,93.71499633789062,93.93720245361328,93.69999694824219,93.80999755859375,3381165
2024-07-16 12:30:00,93.80999755859375,93.93000030517578,93.77999877929688,93.91000366210938,2022259
2024-07-16 13:30:00,93.91500091552734,94.13500213623047,93.8949966430664,94.08999633789062,2831049
2024-07-16 14:30:00,94.0947036743164,94.20999908447266,94.06999969482422,94.11900329589844,3427967
2024-07-16 15:30:00,94.11499786376953,94.17500305175781,94.05999755859375,94.16500091552734,4844184
2024-07-16 16:00:00,94.17,94.24,89.4047,94.16,0
2024-07-16 17:00:00,94.19,94.24,94.05,94.14,0
2024-07-16 18:00:00,94.14,94.18,94.1,94.14,0
2024-07-16 19:00:00,94.14,94.24,94.14,94.17,0
2024-07-17 04:00:00,94.09,94.17,94.04,94.17,0
2024-07-17 05:00:00,94.16,94.31,94.09,94.25,0
2024-07-17 06:00:00,94.19,94.21,94.08,94.1,0
2024-07-17 07:00:00,94.08,94.15,94.02,94.08,0
2024-07-17 08:00:00,94.08,94.3,93.91,94.1,0
2024-07-17 09:00:00,94.07,94.17,93.88,93.9,0
2024-07-17 09:30:00,93.91500091552734,94.11000061035156,93.69000244140625,93.74500274658203,6130775
2024-07-17 10:30:00,93.74500274658203,94.05999755859375,93.73999786376953,94.05999755859375,2849199
2024-07-17 11:30:00,94.05999755859375,94.2750015258789,94.05339813232422,94.23500061035156,2835043
2024-07-17 12:30:00,94.23899841308594,94.33999633789062,94.11100006103516,94.16000366210938,4017189
2024-07-17 13:30:00,94.16500091552734,94.33999633789062,94.08000183105469,94.27999877929688,3124547
2024-07-17 14:30:00,94.2750015258789,94.4000015258789,94.22000122070312,94.23999786376953,3343318
2024-07-17 15:30:00,94.24500274658203,94.25499725341797,94.1500015258789,94.20999908447266,4480129
2024-07-17 16:00:00,94.21,94.3,89.219,94.09,0
2024-07-17 17:00:00,94.09,94.18,94.0783,94.12,0
2024-07-17 18:00:00,94.09,94.19,94.01,94.04,0
2024-07-17 19:00:00,94.04,94.1,94.03,94.07,0
2024-07-18 04:00:00,93.86,93.88,93.8,93.84,0
2024-07-18 05:00:00,93.85,93.87,93.71,93.71,0
2024-07-18 06:00:00,93.71,93.81,93.7,93.73,0
2024-07-18 07:00:00,93.78,93.8,93.73,93.77,0
2024-07-18 08:00:00,93.75,94.0,93.7024,93.845,0
2024-07-18 09:00:00,93.86,94.19,93.621,93.7,0
2024-07-18 09:30:00,93.68000030517578,94.04499816894531,93.63500213623047,93.88999938964844,5698606
2024-07-18 10:30:00,93.88999938964844,94.13999938964844,93.86000061035156,93.93499755859375,4618759
2024-07-18 11:30:00,93.93000030517578,93.99500274658203,93.73989868164062,93.75,2818885
2024-07-18 12:30:00,93.75,93.79499816894531,93.56999969482422,93.68499755859375,2934250
2024-07-18 13:30:00,93.69000244140625,93.7699966430664,93.66999816894531,93.72000122070312,2468938
2024-07-18 14:30:00,93.70500183105469,93.7699966430664,93.37999725341797,93.47000122070312,4809515
2024-07-18 15:30:00,93.47000122070312,93.54000091552734,93.45999908447266,93.50499725341797,4993912
2024-07-18 16:00:00,93.51,93.51,93.35,93.35,0
2024-07-18 17:00:00,93.39,93.47,93.35,93.44,0
2024-07-18 18:00:00,93.429,93.48,93.395,93.4104,0
2024-07-18 19:00:00,93.48,93.5,93.41,93.49,0
2024-07-19 04:00:00,93.48,93.5,93.4,93.44,0
2024-07-19 05:00:00,93.51,93.63,93.48,93.59,0
2024-07-19 06:00:00,93.6,93.6,93.29,93.36,0
2024-07-19 07:00:00,93.37,93.42,93.33,93.34,0
2024-07-19 08:00:00,93.34,93.61,93.01,93.0597,0
2024-07-19 09:00:00,93.1,93.18,92.83,93.05,0
2024-07-19 09:30:00,93.05000305175781,93.08999633789062,92.82499694824219,93.08000183105469,4931715
2024-07-19 10:30:00,93.08000183105469,93.16000366210938,92.94000244140625,93.0,3768550
2024-07-19 11:30:00,93.0,93.08000183105469,92.94499969482422,93.02999877929688,2906768
2024-07-19 12:30:00,93.0199966430664,93.0895004272461,92.97000122070312,93.06999969482422,6708353
2024-07-19 13:30:00,93.07379913330078,93.08999633789062,92.94000244140625,92.94999694824219,2046349
2024-07-19 14:30:00,92.94999694824219,93.0,92.9000015258789,92.95500183105469,2483793
2024-07-19 15:30:00,92.95500183105469,92.98999786376953,92.93000030517578,92.95500183105469,5716730
2024-07-19 16:00:00,92.95,93.47,92.92,92.97,0
2024-07-19 17:00:00,92.97,93.04,90.0986,92.975,0
2024-07-19 18:00:00,92.98,93.04,92.88,92.97,0
2024-07-19 19:00:00,92.94,93.11,92.87,92.94,0
2024-07-22 04:00:00,93.45,93.55,93.43,93.5,0
2024-07-22 05:00:00,93.45,93.46,93.14,93.17,0
2024-07-22 06:00:00,93.17,93.34,93.17,93.32,0
2024-07-22 07:00:00,93.36,93.37,93.3,93.36,0
2024-07-22 08:00:00,93.34,93.56,93.1604,93.38,0
2024-07-22 09:00:00,93.39,93.53,92.92,93.38,0
2024-07-22 09:30:00,93.4000015258789,93.5199966430664,93.33000183105469,93.41500091552734,4788249
2024-07-22 10:30:00,93.41999816894531,93.45999908447266,92.94000244140625,92.95500183105469,8799112
2024-07-22 11:30:00,92.94999694824219,92.95999908447266,92.36000061035156,92.36000061035156,7423554
2024-07-22 12:30:00,92.36000061035156,92.55500030517578,92.30500030517578,92.54499816894531,3930128
2024-07-22 13:30:00,92.54989624023438,92.63990020751953,92.5199966430664,92.58000183105469,2660189
2024-07-22 14:30:00,92.57499694824219,92.59500122070312,92.51000213623047,92.58999633789062,1935043
2024-07-22 15:30:00,92.58999633789062,92.64990234375,92.55999755859375,92.625,3518379
2024-07-22 16:00:00,92.65,92.66,92.5897,92.64,0
2024-07-22 17:00:00,92.63,92.72,92.63,92.6995,0
2024-07-22 18:00:00,92.69,92.71,92.65,92.66,0
2024-07-22 19:00:00,92.68,92.69,92.63,92.67,0
2024-07-23 04:00:00,92.82,92.83,92.76,92.79,0
2024-07-23 05:00:00,92.77,92.95,92.77,92.95,0
2024-07-23 06:00:00,92.95,93.04,92.93,93.04,0
2024-07-23 07:00:00,93.04,93.07,92.98,93.03,0
2024-07-23 08:00:00,93.0,93.05,92.65,92.84,0
2024-07-23 09:00:00,92.85,93.05,92.79,92.79,0
2024-07-23 09:30:00,92.80500030517578,93.0199966430664,92.68499755859375,92.98999786376953,3093748
2024-07-23 10:30:00,92.98999786376953,93.0199966430664,92.83999633789062,92.93000030517578,6701307
2024-07-23 11:30:00,92.94000244140625,93.0250015258789,92.88999938964844,92.98999786376953,2474561
2024-07-23 12:30:00,92.98999786376953,93.02999877929688,92.83499908447266,92.92559814453125,2208898
2024-07-23 13:30:00,92.91999816894531,92.91999816894531,92.68499755859375,92.69000244140625,2449728
2024-07-23 14:30:00,92.69000244140625,92.69999694824219,92.58999633789062,92.6050033569336,2626444
2024-07-23 15:30:00,92.61000061035156,92.62000274658203,92.49500274658203,92.54000091552734,2687382
2024-07-23 16:00:00,92.52,92.53,92.4197,92.45,0
2024-07-23 17:00:00,92.46,92.52,92.43,92.48,0
2024-07-23 18:00:00,92.47,92.47,92.42,92.42,0
2024-07-23 19:00:00,92.41,92.48,92.4,92.48,0
2024-07-24 04:00:00,92.8,92.83,92.71,92.76,0
2024-07-24 05:00:00,92.73,92.73,92.62,92.62,0
2024-07-24 06:00:00,92.66,92.66,92.47,92.48,0
2024-07-24 07:00:00,92.53,92.6,92.51,92.59,0
2024-07-24 08:00:00,92.61,93.54,92.5036,92.6,0
2024-07-24 09:00:00,92.59,92.86,92.3,92.6,0
2024-07-24 09:30:00,92.58999633789062,92.83999633789062,92.2300033569336,92.55000305175781,7617854
2024-07-24 10:30:00,92.55000305175781,92.81999969482422,92.44000244140625,92.69999694824219,5358009
2024-07-24 11:30:00,92.69999694824219,92.70999908447266,92.4000015258789,92.43000030517578,2809036
2024-07-24 12:30:00,92.43830108642578,92.51000213623047,92.10009765625,92.11090087890625,4693416
2024-07-24 13:30:00,92.12000274658203,92.1500015258789,91.47000122070312,91.69000244140625,8994823
2024-07-24 14:30:00,91.69000244140625,91.73629760742188,91.48500061035156,91.68000030517578,5396495
2024-07-24 15:30:00,91.68000030517578,91.70999908447266,91.5199966430664,91.52999877929688,8326954
2024-07-24 16:00:00,91.53,91.68,91.48,91.59,0
2024-07-24 17:00:00,91.6,91.7,91.52,91.6983,0
2024-07-24 18:00:00,91.65,91.65,91.53,91.589,0
2024-07-24 19:00:00,91.59,91.69,91.57,91.69,0
2024-07-25 04:00:00,92.07,92.13,92.0,92.0,0
2024-07-25 05:00:00,92.04,92.24,92.03,92.24,0
2024-07-25 06:00:00,92.24,92.32,92.18,92.3,0
2024-07-25 07:00:00,92.3,92.43,92.24,92.31,0
2024-07-25 08:00:00,92.38,92.88,91.74,92.74,0
2024-07-25 09:00:00,92.76,92.78,91.95,92.0197,0
2024-07-25 09:30:00,92.02799987792969,92.86000061035156,91.95999908447266,92.62999725341797,11466990
2024-07-25 10:30:00,92.63999938964844,92.74500274658203,92.55000305175781,92.6449966430664,4800949
2024-07-25 11:30:00,92.63999938964844,92.66000366210938,92.33000183105469,92.4000015258789,3671812
2024-07-25 12:30:00,92.40499877929688,92.61000061035156,92.32009887695312,92.32499694824219,4178037
2024-07-25 13:30:00,92.32499694824219,92.36000061035156,92.15119934082031,92.25499725341797,2778533
2024-07-25 14:30:00,92.25499725341797,92.33000183105469,92.16000366210938,92.23500061035156,3254678
2024-07-25 15:30:00,92.2300033569336,92.30000305175781,92.2249984741211,92.27999877929688,6067413
2024-07-25 16:00:00,92.27,92.45,92.26,92.45,0
2024-07-25 17:00:00,92.47,92.52,92.27,92.27,0
2024-07-25 18:00:00,92.43,92.46,92.39,92.46,0
2024-07-25 19:00:00,92.47,92.48,92.4402,92.48,0
2024-07-26 04:00:00,92.24,92.26,92.18,92.22,0
2024-07-26 05:00:00,92.22,92.62,92.22,92.61,0
2024-07-26 06:00:00,92.58,92.59,92.5,92.54,0
2024-07-26 07:00:00,92.55,92.65,92.44,92.65,0
2024-07-26 08:00:00,92.65,92.69,92.174,92.53,0
2024-07-26 09:00:00,92.52,92.9503,92.4,92.9503,0
2024-07-26 09:30:00,92.94000244140625,93.14800262451172,92.84500122070312,92.9800033569336,7754051
2024-07-26 10:30:00,92.97000122070312,93.05000305175781,92.70999908447266,92.82499694824219,4157428
2024-07-26 11:30:00,92.82499694824219,92.95989990234375,92.79499816894531,92.94999694824219,1937460
2024-07-26 12:30:00,92.94999694824219,92.94999694824219,92.87000274658203,92.9000015258789,2371676
2024-07-26 13:30:00,92.9000015258789,92.95999908447266,92.87999725341797,92.93000030517578,1980947
2024-07-26 14:30:00,92.93000030517578,93.08000183105469,92.92500305175781,93.07019805908203,2606741
2024-07-26 15:30:00,93.07499694824219,93.08999633789062,92.98999786376953,93.01499938964844,6853210
2024-07-26 16:00:00,92.99,93.03,90.2209,92.99,0
2024-07-26 17:00:00,93.0,93.02,92.2333,92.9975,0
2024-07-26 18:00:00,92.99,93.02,92.92,92.92,0
2024-07-26 19:00:00,92.9381,92.946,92.88,92.9,0
2024-07-29 04:00:00,93.43,93.53,93.4,93.42,0
2024-07-29 05:00:00,93.46,93.5,93.43,93.5,0
2024-07-29 06:00:00,93.49,93.6,93.46,93.57,0
2024-07-29 07:00:00,93.6,93.65,93.56,93.56,0
2024-07-29 08:00:00,93.55,93.69,93.13,93.6412,0
2024-07-29 09:00:00,93.65,93.82,92.99,93.66,0
2024-07-29 09:30:00,93.67870330810547,93.68000030517578,93.43000030517578,93.43000030517578,6293239
2024-07-29 10:30:00,93.44000244140625,93.52999877929688,93.33999633789062,93.4800033569336,3168255
2024-07-29 11:30:00,93.4800033569336,93.54000091552734,93.3301010131836,93.37999725341797,1950489
2024-07-29 12:30:00,93.37999725341797,93.44999694824219,93.33999633789062,93.37999725341797,1464095
2024-07-29 13:30:00,93.38379669189453,93.4000015258789,93.22000122070312,93.30979919433594,1475615
2024-07-29 14:30:00,93.30999755859375,93.55999755859375,93.30000305175781,93.53500366210938,2388630
2024-07-29 15:30:00,93.53500366210938,93.54000091552734,93.41999816894531,93.5,4033164
2024-07-29 16:00:00,93.49,93.55,92.76,93.479,0
2024-07-29 17:00:00,93.45,97.952,93.43,93.52,0
2024-07-29 18:00:00,93.5,93.52,93.45,93.4791,0
2024-07-29 19:00:00,93.46,93.51,93.43,93.47,0
2024-07-30 04:00:00,93.33,93.33,93.24,93.31,0
2024-07-30 05:00:00,93.3,93.33,93.25,93.33,0
2024-07-30 06:00:00,93.3,93.47,93.3,93.46,0
2024-07-30 07:00:00,93.48,93.57,93.47,93.53,0
2024-07-30 08:00:00,93.5,93.5803,93.2636,93.5,0
2024-07-30 09:00:00,93.46,93.8,93.38,93.75,0
2024-07-30 09:30:00,93.75,93.7750015258789,93.37000274658203,93.4489974975586,5679410
2024-07-30 10:30:00,93.44000244140625,93.59500122070312,93.30000305175781,93.4990005493164,4338710
2024-07-30 11:30:00,93.4999008178711,93.61000061035156,93.4124984741211,93.56999969482422,3360427
2024-07-30 12:30:00,93.56500244140625,94.05000305175781,93.55999755859375,93.77259826660156,5228202
2024-07-30 13:30:00,93.77999877929688,93.91000366210938,93.69999694824219,93.91000366210938,1938310
2024-07-30 14:30:00,93.91000366210938,93.91999816894531,93.76000213623047,93.84500122070312,2349564
2024-07-30 15:30:00,93.84500122070312,93.87000274658203,93.77999877929688,93.83999633789062,2729785
2024-07-30 16:00:00,93.85,93.89,92.1168,93.89,0
2024-07-30 17:00:00,93.899,93.9,93.84,93.8708,0
2024-07-30 18:00:00,93.89,93.9,93.8,93.815,0
2024-07-30 19:00:00,93.81,93.84,93.725,93.77,0
2024-07-31 04:00:00,94.01,94.1,93.99,94.04,0
2024-07-31 05:00:00,94.07,94.07,93.84,93.87,0
2024-07-31 06:00:00,93.89,93.97,93.85,93.97,0
2024-07-31 07:00:00,93.95,94.03,93.95,93.97,0
2024-07-31 08:00:00,93.94,94.15,93.83,94.08,0
2024-07-31 09:00:00,94.14,94.6,94.0,94.52,0
2024-07-31 09:30:00,94.52999877929688,94.77999877929688,94.4800033569336,94.74819946289062,8564704
2024-07-31 10:30:00,94.75,94.7699966430664,94.49500274658203,94.68499755859375,5309093
2024-07-31 11:30:00,94.68000030517578,94.70999908447266,94.5999984741211,94.69000244140625,2622546
2024-07-31 12:30:00,94.69989776611328,94.76709747314453,94.47000122070312,94.48500061035156,3219762
2024-07-31 13:30:00,94.4800033569336,94.5999984741211,94.23999786376953,94.38500213623047,5010247
2024-07-31 14:30:00,94.37999725341797,94.70500183105469,94.27999877929688,94.6050033569336,7082719
2024-07-31 15:30:00,94.6050033569336,94.83999633789062,94.58499908447266,94.83000183105469,8273133
2024-07-31 16:00:00,94.82,95.39,89.219,95.36,0
2024-07-31 17:00:00,95.34,95.35,94.81,95.12,0
2024-07-31 18:00:00,95.12,95.3,94.98,95.07,0
2024-07-31 19:00:00,95.08,95.14,94.96,94.975,0
2024-08-01 04:00:00,94.77,94.9,94.76,94.84,0
2024-08-01 05:00:00,94.83,94.86,94.75,94.76,0
2024-08-01 06:00:00,94.78,94.82,94.71,94.8,0
2024-08-01 07:00:00,94.79,94.93,94.58,94.67,0
2024-08-01 08:00:00,94.75,94.97,94.6,94.9,0
2024-08-01 09:00:00,94.98,95.2,94.4951,95.13,0
2024-08-01 09:30:00,95.12999725341797,95.79000091552734,95.12000274658203,95.66590118408203,20314873
2024-08-01 10:30:00,95.66999816894531,95.90499877929688,95.21499633789062,95.2249984741211,11402342
2024-08-01 11:30:00,95.2300033569336,95.70999908447266,95.2300033569336,95.69000244140625,7507940
2024-08-01 12:30:00,95.68499755859375,95.75,95.54000091552734,95.58999633789062,8346805
2024-08-01 13:30:00,95.5989990234375,95.83000183105469,95.55000305175781,95.66999816894531,4631751
2024-08-01 14:30:00,95.67990112304688,95.71499633789062,95.54000091552734,95.62000274658203,6039558
2024-08-01 15:30:00,95.61499786376953,95.62999725341797,95.31999969482422,95.36000061035156,9173046
2024-08-01 16:00:00,95.37,95.72,95.31,95.49,0
2024-08-01 17:00:00,95.49,95.575,95.4,95.53,0
2024-08-01 18:00:00,95.5,95.51,95.31,95.38,0
2024-08-01 19:00:00,95.38,95.64,95.3606,95.6,0
2024-08-02 04:00:00,95.89,95.98,95.88,95.93,0
2024-08-02 05:00:00,95.95,96.1,95.89,96.09,0
2024-08-02 06:00:00,96.08,96.28,96.06,96.22,0
2024-08-02 07:00:00,96.22,96.25,96.1,96.24,0
2024-08-02 08:00:00,96.26,96.34,95.7,96.27,0
2024-08-02 09:00:00,96.28,97.77,95.31,96.99,0
2024-08-02 09:30:00,97.0,97.76000213623047,96.89009857177734,97.44999694824219,20909913
2024-08-02 10:30:00,97.45500183105469,97.88999938964844,97.3949966430664,97.79000091552734,11761944
2024-08-02 11:30:00,97.79000091552734,97.97989654541016,97.56999969482422,97.73999786376953,9399545
2024-08-02 12:30:00,97.75,98.23500061035156,97.72000122070312,97.95999908447266,7027782
2024-08-02 13:30:00,97.96420288085938,98.12000274658203,97.84239959716797,98.0250015258789,6840024
2024-08-02 14:30:00,98.02999877929688,98.30500030517578,97.97000122070312,98.2750015258789,7300773
2024-08-02 15:30:00,98.27999877929688,98.37000274658203,98.20999908447266,98.27999877929688,8752929
2024-08-02 16:00:00,98.28,98.3198,98.1,98.25,0
2024-08-02 17:00:00,98.22,98.31,98.2,98.2671,0
2024-08-02 18:00:00,98.25,98.25,98.1,98.1099,0
2024-08-02 19:00:00,98.1001,98.19,98.05,98.1887,0
2024-08-05 04:00:00,98.62,98.8,98.53,98.74,0
2024-08-05 05:00:00,98.75,98.83,98.43,98.72,0
2024-08-05 06:00:00,98.75,98.98,98.58,98.84,0
2024-08-05 07:00:00,98.84,98.98,98.65,98.95,0
2024-08-05 08:00:00,98.951,99.92,98.4483,99.4911,0
2024-08-05 09:00:00,99.4936,99.99,98.28,99.7,0
2024-08-05 09:30:00,99.80500030517578,99.93499755859375,98.4749984741211,98.55020141601562,27373675
2024-08-05 10:30:00,98.55999755859375,99.53500366210938,98.36000061035156,98.55000305175781,14537139
2024-08-05 11:30:00,98.54000091552734,98.73500061035156,97.9000015258789,97.95999908447266,9970307
2024-08-05 12:30:00,97.96019744873047,98.7699966430664,97.95999908447266,98.72989654541016,9725667
2024-08-05 13:30:00,98.72000122070312,98.87000274658203,98.48999786376953,98.70500183105469,6470745
2024-08-05 14:30:00,98.70999908447266,99.06500244140625,98.54000091552734,98.84989929199219,5462880
2024-08-05 15:30:00,98.83999633789062,99.13999938964844,98.73999786376953,98.7699966430664,8544836
2024-08-05 16:00:00,98.78,99.0399,98.5603,98.63,0
2024-08-05 17:00:00,98.659,98.8,98.25,98.32,0
2024-08-05 18:00:00,98.33,98.69,98.33,98.51,0
2024-08-05 19:00:00,98.52,98.56,98.0,98.01,0
2024-08-06 04:00:00,97.83,98.04,97.8,97.89,0
2024-08-06 05:00:00,97.85,98.21,97.85,98.03,0
2024-08-06 06:00:00,98.08,98.21,98.05,98.17,0
2024-08-06 07:00:00,98.16,98.18,97.88,97.9,0
2024-08-06 08:00:00,97.9,98.19,97.7,98.03,0
2024-08-06 09:00:00,98.03,98.23,97.85,98.18,0
2024-08-06 09:30:00,98.20999908447266,98.41000366210938,97.88999938964844,97.94000244140625,9300014
2024-08-06 10:30:00,97.91999816894531,98.05000305175781,97.5,97.65499877929688,6765761
2024-08-06 11:30:00,97.6500015258789,97.66999816894531,97.16999816894531,97.23989868164062,6014197
2024-08-06 12:30:00,97.23880004882812,97.3499984741211,96.94999694824219,96.9999008178711,5103375
2024-08-06 13:30:00,97.0,97.02999877929688,96.74500274658203,96.95500183105469,5264434
2024-08-06 14:30:00,96.94999694824219,97.11000061035156,96.86000061035156,96.96990203857422,5139864
2024-08-06 15:30:00,96.97000122070312,97.02999877929688,96.62999725341797,96.6500015258789,10208474
2024-08-06 16:00:00,96.65,99.765,96.59,96.92,0
2024-08-06 17:00:00,96.9,96.93,96.59,96.86,0
2024-08-06 18:00:00,96.87,97.0,96.82,96.92,0
2024-08-06 19:00:00,96.93,97.09,96.9,97.04,0
2024-08-07 04:00:00,96.37,96.44,96.23,96.41,0
2024-08-07 05:00:00,96.39,96.46,96.26,96.26,0
2024-08-07 06:00:00,96.27,96.3,96.15,96.3,0
2024-08-07 07:00:00,96.28,96.38,96.2,96.31,0
2024-08-07 08:00:00,96.31,96.83,96.02,96.09,0
2024-08-07 09:00:00,96.05,96.3,95.9303,95.955,0
2024-08-07 09:30:00,95.94999694824219,96.44999694824219,95.94999694824219,96.38999938964844,9046515
2024-08-07 10:30:00,96.37999725341797,96.44499969482422,95.9802017211914,96.15869903564453,5215325
2024-08-07 11:30:00,96.16000366210938,96.38500213623047,96.12000274658203,96.26000213623047,4384135
2024-08-07 12:30:00,96.26000213623047,96.43000030517578,95.75,96.02999877929688,8127249
2024-08-07 13:30:00,96.02999877929688,96.20989990234375,95.68000030517578,95.7249984741211,5666190
2024-08-07 14:30:00,95.7249984741211,95.81999969482422,95.5,95.72000122070312,7638595
2024-08-07 15:30:00,95.7229995727539,95.95500183105469,95.69490051269531,95.87999725341797,5721718
2024-08-07 16:00:00,95.88,95.95,95.7,95.8702,0
2024-08-07 17:00:00,95.86,95.92,95.81,95.85,0
2024-08-07 18:00:00,95.85,95.99,95.82,95.93,0
2024-08-07 19:00:00,95.92,96.3,95.91,96.15,0
2024-08-08 04:00:00,96.4,96.48,96.35,96.4,0
2024-08-08 05:00:00,96.41,96.41,96.27,96.32,0
2024-08-08 06:00:00,96.31,96.38,96.25,96.25,0
2024-08-08 07:00:00,96.25,96.29,96.08,96.08,0
2024-08-08 08:00:00,96.1,96.51,95.88,95.88,0
2024-08-08 09:00:00,95.9,95.91,95.04,95.12,0
2024-08-08 09:30:00,95.12000274658203,95.37999725341797,95.08999633789062,95.23500061035156,6899046
2024-08-08 10:30:00,95.23999786376953,95.34950256347656,95.12000274658203,95.2750015258789,3403195
2024-08-08 11:30:00,95.27999877929688,95.4000015258789,95.1500015258789,95.15730285644531,2508401
2024-08-08 12:30:00,95.1500015258789,95.29000091552734,94.83999633789062,95.125,5877437
2024-08-08 13:30:00,95.12930297851562,95.16999816894531,94.87999725341797,95.16500091552734,4477401
2024-08-08 14:30:00,95.16500091552734,95.38999938964844,95.1500015258789,95.20500183105469,4669449
2024-08-08 15:30:00,95.2072982788086,95.33999633789062,95.19499969482422,95.30000305175781,3889651
2024-08-08 16:00:00,95.32,95.45,95.2503,95.379,0
2024-08-08 17:00:00,95.379,95.43,95.32,95.32,0
2024-08-08 18:00:00,95.34,95.44,95.32,95.44,0
2024-08-08 19:00:00,95.42,95.48,95.36,95.45,0
2024-08-09 04:00:00,95.74,95.91,95.7,95.8,0
2024-08-09 05:00:00,95.81,95.93,95.73,95.93,0
2024-08-09 06:00:00,95.93,96.04,95.9,96.04,0
2024-08-09 07:00:00,96.03,96.18,95.98,96.06,0
2024-08-09 08:00:00,96.02,96.24,95.32,96.15,0
2024-08-09 09:00:00,96.17,96.52,96.1,96.5,0
2024-08-09 09:30:00,96.5199966430664,96.54000091552734,96.24500274658203,96.30000305175781,7360608
2024-08-09 10:30:00,96.30000305175781,96.37000274658203,96.0905990600586,96.33650207519531,3515509
2024-08-09 11:30:00,96.33499908447266,96.33999633789062,96.12000274658203,96.19000244140625,2080110
2024-08-09 12:30:00,96.19000244140625,96.30000305175781,96.12000274658203,96.16000366210938,2177528
2024-08-09 13:30:00,96.16000366210938,96.29000091552734,96.16000366210938,96.21499633789062,1770437
2024-08-09 14:30:00,96.22000122070312,96.27999877929688,96.13999938964844,96.14649963378906,2346897
2024-08-09 15:30:00,96.1449966430664,96.33499908447266,96.13999938964844,96.29000091552734,5474073
2024-08-09 16:00:00,96.26,96.34,90.2209,96.34,0
2024-08-09 17:00:00,96.35,96.45,90.2209,96.45,0
2024-08-09 18:00:00,96.34,96.44,96.33,96.33,0
2024-08-09 19:00:00,96.3787,96.45,96.33,96.45,0
2024-08-12 04:00:00,96.18,96.25,96.15,96.16,0
2024-08-12 05:00:00,96.16,96.3,96.14,96.24,0
2024-08-12 06:00:00,96.24,96.24,96.11,96.12,0
2024-08-12 07:00:00,96.15,96.16,96.1,96.1,0
2024-08-12 08:00:00,96.1,96.44,96.0,96.33,0
2024-08-12 09:00:00,96.36,96.4,95.96,96.02,0
2024-08-12 09:30:00,96.0199966430664,96.35980224609375,95.88500213623047,96.19999694824219,4016194
2024-08-12 10:30:00,96.19499969482422,96.55500030517578,96.04750061035156,96.4800033569336,3241314
2024-08-12 11:30:00,96.48999786376953,96.6500015258789,96.33999633789062,96.59500122070312,2445551
2024-08-12 12:30:00,96.58999633789062,96.7699966430664,96.48999786376953,96.68499755859375,2587373
2024-08-12 13:30:00,96.68000030517578,96.81999969482422,96.6449966430664,96.69999694824219,2496031
2024-08-12 14:30:00,96.69999694824219,96.74500274658203,96.61000061035156,96.66439819335938,2353783
2024-08-12 15:30:00,96.66999816894531,96.73999786376953,96.52999877929688,96.62000274658203,3243023
2024-08-12 16:00:00,96.61,96.66,96.59,96.6,0
2024-08-12 17:00:00,96.61,97.952,96.51,96.639,0
2024-08-12 18:00:00,96.66,96.7,96.56,96.68,0
2024-08-12 19:00:00,96.68,96.695,96.58,96.67,0
2024-08-13 04:00:00,96.57,96.58,96.48,96.48,0
2024-08-13 05:00:00,96.49,96.51,96.37,96.41,0
2024-08-13 06:00:00,96.39,96.45,96.31,96.45,0
2024-08-13 07:00:00,96.47,96.64,96.47,96.56,0
2024-08-13 08:00:00,96.55,96.74,96.3388,96.72,0
2024-08-13 09:00:00,96.78,97.33,96.68,97.29,0
2024-08-13 09:30:00,97.30000305175781,97.36000061035156,96.9800033569336,97.06999969482422,6741712
2024-08-13 10:30:00,97.07499694824219,97.32990264892578,97.0199966430664,97.15399932861328,4013165
2024-08-13 11:30:00,97.15499877929688,97.15499877929688,97.0199966430664,97.12000274658203,3093457
2024-08-13 12:30:00,97.12000274658203,97.36000061035156,97.10299682617188,97.31999969482422,3674099
2024-08-13 13:30:00,97.31999969482422,97.33000183105469,97.18000030517578,97.23500061035156,2364949
2024-08-13 14:30:00,97.23500061035156,97.26640319824219,97.0895004272461,97.2499008178711,2607658
2024-08-13 15:30:00,97.25,97.30000305175781,97.19000244140625,97.2699966430664,3377066
2024-08-13 16:00:00,97.27,97.29,97.22,97.2501,0
2024-08-13 17:00:00,97.26,97.26,97.2,97.201,0
2024-08-13 18:00:00,97.24,97.29,97.2,97.29,0
2024-08-13 19:00:00,97.27,97.28,97.21,97.28,0
2024-08-14 04:00:00,97.3,97.34,97.24,97.27,0
2024-08-14 05:00:00,97.28,97.32,97.23,97.23,0
2024-08-14 06:00:00,97.24,97.44,97.23,97.44,0
2024-08-14 07:00:00,97.48,97.57,97.43,97.53,0
2024-08-14 08:00:00,97.51,97.65,97.2464,97.54,0
2024-08-14 09:00:00,97.64,97.98,97.15,97.55,0
2024-08-14 09:30:00,97.55999755859375,98.01499938964844,97.5082015991211,97.93879699707031,6975688
2024-08-14 10:30:00,97.94000244140625,98.04119873046875,97.80999755859375,97.95050048828125,3136294
2024-08-14 11:30:00,97.95500183105469,97.9800033569336,97.79000091552734,97.93499755859375,2572648
2024-08-14 12:30:00,97.93499755859375,98.16000366210938,97.8499984741211,97.86009979248047,3016903
2024-08-14 13:30:00,97.86990356445312,97.91519927978516,97.81999969482422,97.82499694824219,2485527
2024-08-14 14:30:00,97.82599639892578,98.11000061035156,97.82499694824219,97.92350006103516,4113746
2024-08-14 15:30:00,97.92500305175781,97.93000030517578,97.83000183105469,97.9000015258789,3684942
2024-08-14 16:00:00,97.89,97.9054,97.72,97.79,0
2024-08-14 17:00:00,97.7997,97.87,90.9843,97.85,0
2024-08-14 18:00:00,97.79,97.84,97.75,97.76,0
2024-08-14 19:00:00,97.76,97.84,97.75,97.83,0
2024-08-15 04:00:00,97.86,97.88,97.72,97.73,0
2024-08-15 05:00:00,97.71,97.78,97.68,97.7,0
2024-08-15 06:00:00,97.72,97.84,97.69,97.84,0
2024-08-15 07:00:00,97.82,97.82,97.711,97.711,0
2024-08-15 08:00:00,97.7,97.99,97.5501,97.58,0
2024-08-15 09:00:00,97.53,97.53,96.39,96.4099,0
2024-08-15 09:30:00,96.40499877929688,96.88999938964844,96.20999908447266,96.84989929199219,9494107
2024-08-15 10:30:00,96.83999633789062,96.83999633789062,96.58999633789062,96.69000244140625,3876382
2024-08-15 11:30:00,96.68499755859375,96.94999694824219,96.68000030517578,96.76000213623047,4217141
2024-08-15 12:30:00,96.76010131835938,96.81999969482422,96.66449737548828,96.79499816894531,3119237
2024-08-15 13:30:00,96.79499816894531,96.91529846191406,96.70500183105469,96.89600372314453,3299101
2024-08-15 14:30:00,96.89409637451172,97.01000213623047,96.83999633789062,96.99500274658203,3223681
2024-08-15 15:30:00,96.98999786376953,97.08999633789062,96.96499633789062,97.06999969482422,4217372
2024-08-15 16:00:00,97.1,97.1,96.95,97.08,0
2024-08-15 17:00:00,97.08,97.14,97.06,97.11,0
2024-08-15 18:00:00,97.095,97.14,97.0233,97.095,0
2024-08-15 19:00:00,97.092,97.16,97.04,97.1001,0
2024-08-16 04:00:00,97.24,97.35,97.21,97.26,0
2024-08-16 05:00:00,97.27,97.39,97.25,97.37,0
2024-08-16 06:00:00,97.37,97.55,97.36,97.55,0
2024-08-16 07:00:00,97.52,97.78,97.52,97.69,0
2024-08-16 08:00:00,97.69,97.78,97.2,97.54,0
2024-08-16 09:00:00,97.5691,97.64,97.37,97.42,0
2024-08-16 09:30:00,97.41629791259766,97.5199966430664,97.20999908447266,97.23999786376953,6044223
2024-08-16 10:30:00,97.23999786376953,97.52999877929688,97.05000305175781,97.05000305175781,4301201
2024-08-16 11:30:00,97.05879974365234,97.34989929199219,97.01000213623047,97.33499908447266,2843934
2024-08-16 12:30:00,97.33989715576172,97.53990173339844,97.27999877929688,97.53500366210938,2775684
2024-08-16 13:30:00,97.53009796142578,97.53500366210938,97.27999877929688,97.36499786376953,2247873
2024-08-16 14:30:00,97.36000061035156,97.45999908447266,97.30999755859375,97.31320190429688,2149570
2024-08-16 15:30:00,97.31990051269531,97.45999908447266,97.314697265625,97.41999816894531,3439710
2024-08-16 16:00:00,97.41,97.57,97.41,97.5,0
2024-08-16 17:00:00,97.5,97.52,97.46,97.48,0
2024-08-16 18:00:00,97.46,97.49,97.46,97.49,0
2024-08-16 19:00:00,97.4797,97.49,97.44,97.47,0
2024-08-19 04:00:00,97.98,97.98,97.79,97.85,0
2024-08-19 05:00:00,97.86,97.91,97.83,97.85,0
2024-08-19 06:00:00,97.88,97.97,97.75,97.78,0
2024-08-19 07:00:00,97.79,97.81,97.72,97.75,0
2024-08-19 08:00:00,97.72,98.06,97.44,97.93,0
2024-08-19 09:00:00,97.95,97.96,97.32,97.42,0
2024-08-19 09:30:00,97.4280014038086,97.77999877929688,97.40499877929688,97.7300033569336,5503516
2024-08-19 10:30:00,97.73999786376953,97.89700317382812,97.69999694824219,97.8949966430664,2203854
2024-08-19 11:30:00,97.8949966430664,98.1500015258789,97.83000183105469,97.97010040283203,3148872
2024-08-19 12:30:00,97.9749984741211,98.05500030517578,97.8499984741211,97.88999938964844,1967995
2024-08-19 13:30:00,97.88999938964844,98.08000183105469,97.83000183105469,98.0199966430664,1677857
2024-08-19 14:30:00,98.0250015258789,98.09839630126953,97.81999969482422,97.94499969482422,2294232
2024-08-19 15:30:00,97.94860076904297,97.94999694824219,97.83000183105469,97.9000015258789,3821812
2024-08-19 16:00:00,97.89,97.89,97.67,97.79,0
2024-08-19 17:00:00,97.78,97.89,97.66,97.66,0
2024-08-19 18:00:00,97.76,97.8,97.7018,97.78,0
2024-08-19 19:00:00,97.71,97.79,97.71,97.79,0
2024-08-20 04:00:00,97.79,97.84,97.73,97.8,0
2024-08-20 05:00:00,97.83,97.91,97.78,97.79,0
2024-08-20 06:00:00,97.78,97.78,97.65,97.72,0
2024-08-20 07:00:00,97.67,97.71,97.56,97.71,0
2024-08-20 08:00:00,97.72,97.9065,97.57,97.88,0
2024-08-20 09:00:00,97.93,98.41,97.88,98.32,0
2024-08-20 09:30:00,98.33000183105469,98.41500091552734,98.12000274658203,98.41000366210938,3628343
2024-08-20 10:30:00,98.41999816894531,98.5999984741211,98.30000305175781,98.43000030517578,3053076
2024-08-20 11:30:00,98.43990325927734,98.5999984741211,98.42729949951172,98.57499694824219,2406153
2024-08-20 12:30:00,98.57499694824219,98.72000122070312,98.54000091552734,98.61499786376953,2655692
2024-08-20 13:30:00,98.61499786376953,98.6500015258789,98.4800033569336,98.59500122070312,2318167
2024-08-20 14:30:00,98.58999633789062,98.62999725341797,98.5199966430664,98.5999984741211,1882580
2024-08-20 15:30:00,98.6050033569336,98.8550033569336,98.59500122070312,98.69000244140625,4682705
2024-08-20 16:00:00,98.67,98.82,98.5015,98.77,0
2024-08-20 17:00:00,98.75,98.849,98.67,98.79,0
2024-08-20 18:00:00,98.79,98.8745,98.67,98.83,0
2024-08-20 19:00:00,98.8797,98.95,98.81,98.92,0
2024-08-21 04:00:00,98.74,98.74,98.57,98.59,0
2024-08-21 05:00:00,98.66,98.74,98.59,98.61,0
2024-08-21 06:00:00,98.66,98.68,98.61,98.66,0
2024-08-21 07:00:00,98.62,98.65,98.54,98.56,0
2024-08-21 08:00:00,98.55,98.82,98.53,98.64,0
2024-08-21 09:00:00,98.65,98.8194,98.6412,98.6604,0
2024-08-21 09:30:00,98.66999816894531,98.8499984741211,98.20999908447266,98.56999969482422,6640563
2024-08-21 10:30:00,98.55999755859375,98.78050231933594,98.20999908447266,98.70999908447266,4836450
2024-08-21 11:30:00,98.70999908447266,98.93000030517578,98.68000030517578,98.87000274658203,2540874
2024-08-21 12:30:00,98.87999725341797,98.91999816894531,98.72000122070312,98.91999816894531,1761983
2024-08-21 13:30:00,98.92500305175781,99.19999694824219,98.91680145263672,99.17500305175781,3381868
2024-08-21 14:30:00,99.18000030517578,99.18990325927734,98.73999786376953,98.81500244140625,3416414
2024-08-21 15:30:00,98.81500244140625,98.82499694824219,98.69999694824219,98.72000122070312,4140597
2024-08-21 16:00:00,98.73,98.73,98.525,98.575,0
2024-08-21 17:00:00,98.57,98.61,98.57,98.59,0
2024-08-21 18:00:00,98.58,98.63,98.56,98.57,0
2024-08-21 19:00:00,98.53,98.64,98.53,98.56,0
2024-08-22 04:00:00,98.71,98.71,98.42,98.44,0
2024-08-22 05:00:00,98.42,98.43,98.26,98.36,0
2024-08-22 06:00:00,98.36,98.47,98.29,98.31,0
2024-08-22 07:00:00,98.31,98.33,98.19,98.24,0
2024-08-22 08:00:00,98.23,98.8788,98.02,98.11,0
2024-08-22 09:00:00,98.14,98.73,97.94,98.21,0
2024-08-22 09:30:00,98.2300033569336,98.30000305175781,97.75499725341797,97.84500122070312,7181523
2024-08-22 10:30:00,97.8499984741211,97.94000244140625,97.58000183105469,97.75499725341797,4240806
2024-08-22 11:30:00,97.75499725341797,97.91000366210938,97.5999984741211,97.61000061035156,3059794
2024-08-22 12:30:00,97.61499786376953,97.61750030517578,97.43000030517578,97.56999969482422,4634275
2024-08-22 13:30:00,97.57499694824219,97.73500061035156,97.5250015258789,97.69999694824219,2222397
2024-08-22 14:30:00,97.69000244140625,97.77999877929688,97.59500122070312,97.7300033569336,3237423
2024-08-22 15:30:00,97.7249984741211,97.7699966430664,97.65499877929688,97.7699966430664,2438321
2024-08-22 16:00:00,97.75,97.8,97.6203,97.8,0
2024-08-22 17:00:00,97.78,97.8,97.76,97.77,0
2024-08-22 18:00:00,97.775,97.88,97.7708,97.85,0
2024-08-22 19:00:00,97.85,97.89,97.8,97.83,0
2024-08-23 04:00:00,97.83,97.89,97.73,97.89,0
2024-08-23 05:00:00,97.83,97.93,97.8,97.93,0
2024-08-23 06:00:00,97.9,97.92,97.78,97.92,0
2024-08-23 07:00:00,97.88,98.03,97.88,98.0,0
2024-08-23 08:00:00,98.0,98.05,97.75,97.94,0
2024-08-23 09:00:00,97.92,98.25,97.87,98.2,0
2024-08-23 09:30:00,98.19000244140625,98.59500122070312,97.95999908447266,98.3998031616211,6930628
2024-08-23 10:30:00,98.37000274658203,98.66500091552734,98.2300033569336,98.46009826660156,4175896
2024-08-23 11:30:00,98.46990203857422,98.47000122070312,98.26499938964844,98.38999938964844,3367704
2024-08-23 12:30:00,98.4000015258789,98.40499877929688,98.08999633789062,98.17500305175781,2300743
2024-08-23 13:30:00,98.16999816894531,98.42500305175781,98.16000366210938,98.29000091552734,3472815
2024-08-23 14:30:00,98.30000305175781,98.43000030517578,98.2699966430664,98.33999633789062,2110199
2024-08-23 15:30:00,98.33000183105469,98.38999938964844,98.30999755859375,98.38999938964844,4091785
2024-08-23 16:00:00,98.39,98.55,98.37,98.46,0
2024-08-23 17:00:00,98.45,98.53,98.43,98.47,0
2024-08-23 18:00:00,98.4797,98.48,98.44,98.46,0
2024-08-23 19:00:00,98.46,98.46,98.3,98.3,0
2024-08-26 04:00:00,98.44,98.51,98.41,98.46,0
2024-08-26 05:00:00,98.44,98.55,98.44,98.5,0
2024-08-26 06:00:00,98.52,98.69,98.5,98.56,0
2024-08-26 07:00:00,98.53,98.55,98.23,98.25,0
2024-08-26 08:00:00,98.25,98.69,98.22,98.26,0
2024-08-26 09:00:00,98.32,98.82,98.1409,98.6899,0
2024-08-26 09:30:00,98.69000244140625,98.69750213623047,98.08000183105469,98.42500305175781,5565737
2024-08-26 10:30:00,98.43000030517578,98.6500015258789,98.19999694824219,98.25499725341797,3666096
2024-08-26 11:30:00,98.25499725341797,98.37999725341797,98.19999694824219,98.26000213623047,2526570
2024-08-26 12:30:00,98.26000213623047,98.40599822998047,98.20999908447266,98.32499694824219,2353349
2024-08-26 13:30:00,98.33000183105469,98.33999633789062,98.22380065917969,98.2750015258789,1326869
2024-08-26 14:30:00,98.27320098876953,98.30500030517578,98.20500183105469,98.25,1370640
2024-08-26 15:30:00,98.24500274658203,98.26499938964844,98.12000274658203,98.12999725341797,2988814
2024-08-26 16:00:00,98.14,98.23,98.14,98.22,0
2024-08-26 17:00:00,98.2484,98.25,97.952,98.24,0
2024-08-26 18:00:00,98.25,98.31,98.241,98.3,0
2024-08-26 19:00:00,98.24,98.3,98.23,98.23,0
2024-08-27 04:00:00,98.29,98.32,98.11,98.12,0
2024-08-27 05:00:00,98.11,98.11,97.9,97.95,0
2024-08-27 06:00:00,97.95,97.96,97.88,97.88,0
2024-08-27 07:00:00,97.87,97.87,97.72,97.76,0
2024-08-27 08:00:00,97.75,98.244,97.5805,97.62,0
2024-08-27 09:00:00,97.62,97.64,97.39,97.48,0
2024-08-27 09:30:00,97.47000122070312,97.61499786376953,97.41000366210938,97.55500030517578,5188841
2024-08-27 10:30:00,97.55500030517578,97.79499816894531,97.42109680175781,97.69000244140625,2555210
2024-08-27 11:30:00,97.69000244140625,97.75499725341797,97.52999877929688,97.67500305175781,3313270
2024-08-27 12:30:00,97.68000030517578,97.87999725341797,97.63500213623047,97.83000183105469,1941753
2024-08-27 13:30:00,97.82499694824219,98.08000183105469,97.7699966430664,98.03500366210938,1715045
2024-08-27 14:30:00,98.02999877929688,98.03520202636719,97.77999877929688,97.88990020751953,2265134
2024-08-27 15:30:00,97.8949966430664,98.05000305175781,97.87999725341797,97.96499633789062,2667522
2024-08-27 16:00:00,97.97,98.12,92.1168,98.1,0
2024-08-27 17:00:00,98.07,98.08,97.9997,98.02,0
2024-08-27 18:00:00,98.02,98.12,98.02,98.07,0
2024-08-27 19:00:00,98.0707,98.13,98.05,98.08,0
2024-08-28 04:00:00,98.08,98.14,98.0,98.13,0
2024-08-28 05:00:00,98.11,98.14,98.03,98.12,0
2024-08-28 06:00:00,98.1,98.24,98.06,98.22,0
2024-08-28 07:00:00,98.25,98.4,98.25,98.399,0
2024-08-28 08:00:00,98.37,98.4183,97.97,97.9976,0
2024-08-28 09:00:00,98.01,98.12,97.9003,98.01,0
2024-08-28 09:30:00,98.0,98.07379913330078,97.83000183105469,97.95169830322266,3827692
2024-08-28 10:30:00,97.97000122070312,98.19999694824219,97.94999694824219,98.18499755859375,2142191
2024-08-28 11:30:00,98.18499755859375,98.18499755859375,97.91000366210938,97.93329620361328,1999204
2024-08-28 12:30:00,97.9374008178711,97.95999908447266,97.80999755859375,97.95999908447266,2030915
2024-08-28 13:30:00,97.95539855957031,98.0198974609375,97.80000305175781,97.80000305175781,1869802
2024-08-28 14:30:00,97.80999755859375,97.90989685058594,97.7249984741211,97.82499694824219,2175981
2024-08-28 15:30:00,97.82679748535156,97.875,97.75,97.87000274658203,2465779
2024-08-28 16:00:00,97.875,97.9,97.7698,97.9,0
2024-08-28 17:00:00,97.88,97.96,97.88,97.93,0
2024-08-28 18:00:00,97.95,97.97,97.87,97.95,0
2024-08-28 19:00:00,97.9,97.94,97.87,97.92,0
2024-08-29 04:00:00,97.9,98.19,97.9,98.19,0
2024-08-29 05:00:00,98.16,98.27,98.14,98.14,0
2024-08-29 06:00:00,98.14,98.2,98.08,98.09,0
2024-08-29 07:00:00,98.07,98.07,97.97,98.01,0
2024-08-29 08:00:00,98.01,98.2436,97.85,97.92,0
2024-08-29 09:00:00,97.92,97.92,97.26,97.37,0
2024-08-29 09:30:00,97.37999725341797,97.58000183105469,97.30999755859375,97.41000366210938,4479513
2024-08-29 10:30:00,97.4280014038086,97.43000030517578,97.125,97.23500061035156,2953854
2024-08-29 11:30:00,97.2300033569336,97.5250015258789,97.22000122070312,97.5,2723758
2024-08-29 12:30:00,97.50669860839844,97.59500122070312,97.44000244140625,97.51499938964844,2698202
2024-08-29 13:30:00,97.51000213623047,97.63999938964844,97.48999786376953,97.62999725341797,2957654
2024-08-29 14:30:00,97.62550354003906,97.63500213623047,97.45500183105469,97.5,2900328
2024-08-29 15:30:00,97.4999008178711,97.52999877929688,97.47000122070312,97.51000213623047,3167581
2024-08-29 16:00:00,97.53,97.615,97.5,97.6,0
2024-08-29 17:00:00,97.61,97.61,97.51,97.56,0
2024-08-29 18:00:00,97.55,97.6,97.52,97.52,0
2024-08-29 19:00:00,97.54,97.57,97.51,97.5699,0
2024-08-30 04:00:00,97.69,97.74,97.66,97.74,0
2024-08-30 05:00:00,97.7,97.85,97.67,97.84,0
2024-08-30 06:00:00,97.84,97.89,97.81,97.87,0
2024-08-30 07:00:00,97.86,97.88,97.8,97.8,0
2024-08-30 08:00:00,97.859,97.8952,97.56,97.82,0
2024-08-30 09:00:00,97.82,97.88,97.44,97.67,0
2024-08-30 09:30:00,97.67500305175781,97.98500061035156,97.5199966430664,97.73999786376953,4643603
2024-08-30 10:30:00,97.73999786376953,97.76000213623047,97.51499938964844,97.55999755859375,3260712
2024-08-30 11:30:00,97.55500030517578,97.56670379638672,96.94499969482422,97.04000091552734,3045751
2024-08-30 12:30:00,97.04499816894531,97.06500244140625,96.7699966430664,96.80000305175781,4860179
2024-08-30 13:30:00,96.80999755859375,96.96620178222656,96.7699966430664,96.95500183105469,3841565
2024-08-30 14:30:00,96.95500183105469,97.0,96.7750015258789,96.86499786376953,6336859
2024-08-30 15:30:00,96.86000061035156,96.8949966430664,96.5199966430664,96.54000091552734,9394863
2024-08-30 16:00:00,96.54,96.98,96.3,96.85,0
2024-08-30 17:00:00,96.855,96.92,90.0986,96.92,0
2024-08-30 18:00:00,96.92,96.93,96.86,96.9,0
2024-08-30 19:00:00,96.89,96.9,96.75,96.89,0
2024-09-03 04:00:00,96.87,96.94,96.67,96.72,0
2024-09-03 05:00:00,96.71,96.73,96.55,96.63,0
2024-09-03 06:00:00,96.63,96.69,96.56,96.67,0
2024-09-03 07:00:00,96.68,96.71,96.5,96.5,0
2024-09-03 08:00:00,96.5,96.7488,96.42,96.6,0
2024-09-03 09:00:00,96.609,97.63,96.1772,97.57,0
2024-09-03 09:30:00,97.55999755859375,98.05999755859375,97.44999694824219,97.68000030517578,14108958
2024-09-03 10:30:00,97.66500091552734,97.92500305175781,97.54000091552734,97.64540100097656,5124774
2024-09-03 11:30:00,97.6500015258789,97.69999694824219,97.49500274658203,97.54499816894531,4351366
2024-09-03 12:30:00,97.55000305175781,97.69999694824219,97.41999816894531,97.5999984741211,2958788
2024-09-03 13:30:00,97.58000183105469,97.61000061035156,97.45999908447266,97.56099700927734,2857339
2024-09-03 14:30:00,97.55999755859375,97.83000183105469,97.47000122070312,97.75499725341797,4356722
2024-09-03 15:30:00,97.75499725341797,97.80000305175781,97.69499969482422,97.77999877929688,5013554
2024-09-03 16:00:00,97.75,97.83,97.5,97.8,0
2024-09-03 17:00:00,97.8,98.01,97.781,97.88,0
2024-09-03 18:00:00,97.8,97.8,97.6662,97.6662,0
2024-09-03 19:00:00,97.698,97.81,97.66,97.75,0
2024-09-04 04:00:00,98.08,98.14,98.04,98.08,0
2024-09-04 05:00:00,98.05,98.06,97.9,97.9,0
2024-09-04 06:00:00,97.96,98.02,97.95,97.95,0
2024-09-04 07:00:00,98.0,98.18,97.94,98.14,0
2024-09-04 08:00:00,98.09,98.22,97.75,97.81,0
2024-09-04 09:00:00,97.84,97.9292,97.6412,97.87,0
2024-09-04 09:30:00,97.87999725341797,98.66999816894531,97.8125,98.375,9422491
2024-09-04 10:30:00,98.37000274658203,98.4999008178711,98.2157974243164,98.37999725341797,4103201
2024-09-04 11:30:00,98.375,98.51499938964844,98.29499816894531,98.44000244140625,2450979
2024-09-04 12:30:00,98.44000244140625,98.6500015258789,98.42500305175781,98.63670349121094,2876701
2024-09-04 13:30:00,98.62999725341797,98.84500122070312,98.62999725341797,98.74500274658203,3451157
2024-09-04 14:30:00,98.74500274658203,98.9563980102539,98.68000030517578,98.91609954833984,6100936
2024-09-04 15:30:00,98.91500091552734,99.02999877929688,98.83999633789062,98.97000122070312,5756215
2024-09-04 16:00:00,98.95,99.01,98.85,98.94,0
2024-09-04 17:00:00,98.94,98.94,98.87,98.92,0
2024-09-04 18:00:00,98.87,98.95,98.87,98.94,0
2024-09-04 19:00:00,98.94,98.97,98.91,98.97,0
2024-09-05 04:00:00,98.88,98.88,98.73,98.78,0
2024-09-05 05:00:00,98.77,98.83,98.7,98.81,0
2024-09-05 06:00:00,98.83,98.85,98.76,98.8,0
2024-09-05 07:00:00,98.79,98.82,98.72,98.76,0
2024-09-05 08:00:00,98.75,99.22,98.7,99.2,0
2024-09-05 09:00:00,99.15,99.38,98.98,99.3499,0
2024-09-05 09:30:00,99.33499908447266,99.43499755859375,98.95999908447266,99.08000183105469,9785732
2024-09-05 10:30:00,99.08999633789062,99.19000244140625,98.77999877929688,99.0250015258789,6120324
2024-09-05 11:30:00,99.04000091552734,99.37000274658203,99.0250015258789,99.37000274658203,5313597
2024-09-05 12:30:00,99.375,99.58999633789062,99.18499755859375,99.57250213623047,5465052
2024-09-05 13:30:00,99.57499694824219,99.66999816894531,99.46499633789062,99.63500213623047,5911278
2024-09-05 14:30:00,99.63500213623047,99.67870330810547,99.41000366210938,99.55999755859375,4320230
2024-09-05 15:30:00,99.56500244140625,99.66000366210938,99.47000122070312,99.53500366210938,4698893
2024-09-05 16:00:00,99.57,99.6399,99.47,99.54,0
2024-09-05 17:00:00,99.5488,99.6,99.48,99.56,0
2024-09-05 18:00:00,99.5292,99.57,99.51,99.51,0
2024-09-05 19:00:00,99.51,99.5699,99.46,99.4607,0
2024-09-06 04:00:00,100.0,100.03,99.92,99.99,0
2024-09-06 05:00:00,99.99,100.09,99.98,100.04,0
2024-09-06 06:00:00,100.05,100.17,100.05,100.14,0
2024-09-06 07:00:00,100.13,100.21,100.1,100.15,0
2024-09-06 08:00:00,100.14,100.23,99.57,100.16,0
2024-09-06 09:00:00,100.19,100.67,99.15,99.555,0
2024-09-06 09:30:00,99.55000305175781,100.05000305175781,99.19010162353516,100.0198974609375,12852929
2024-09-06 10:30:00,100.01000213623047,100.77999877929688,99.98999786376953,100.5999984741211,12472205
2024-09-06 11:30:00,100.61000061035156,100.61900329589844,99.75499725341797,99.86499786376953,8526737
2024-09-06 12:30:00,99.87000274658203,99.91000366210938,99.52010345458984,99.90499877929688,6557931
2024-09-06 13:30:00,99.91000366210938,99.95999908447266,99.47000122070312,99.61000061035156,4736470
2024-09-06 14:30:00,99.6050033569336,99.72000122070312,99.53099822998047,99.54499816894531,2809136
2024-09-06 15:30:00,99.54499816894531,99.69999694824219,99.46499633789062,99.58999633789062,5139380
2024-09-06 16:00:00,99.56,99.7,99.4503,99.67,0
2024-09-06 17:00:00,99.66,99.6977,99.59,99.61,0
2024-09-06 18:00:00,99.61,99.69,99.51,99.5501,0
2024-09-06 19:00:00,99.55,99.61,99.5,99.56,0
2024-09-09 04:00:00,99.16,99.25,99.0,99.01,0
2024-09-09 05:00:00,99.01,99.04,98.92,99.0,0
2024-09-09 06:00:00,99.0,99.02,98.93,98.99,0
2024-09-09 07:00:00,99.01,99.15,98.99,99.03,0
2024-09-09 08:00:00,99.02,99.42,98.9312,99.22,0
2024-09-09 09:00:00,99.21,99.56,99.1797,99.39,0
2024-09-09 09:30:00,99.39129638671875,99.5999984741211,99.16000366210938,99.58000183105469,5154652
2024-09-09 10:30:00,99.58999633789062,99.83999633789062,99.54000091552734,99.7300033569336,3374631
2024-09-09 11:30:00,99.7249984741211,99.98999786376953,99.68499755859375,99.90499877929688,3703324
2024-09-09 12:30:00,99.90499877929688,100.08999633789062,99.86499786376953,100.02999877929688,1817966
2024-09-09 13:30:00,100.0386962890625,100.0999984741211,99.83200073242188,99.92500305175781,2538706
2024-09-09 14:30:00,99.92500305175781,100.06500244140625,99.88999938964844,99.98999786376953,2318962
2024-09-09 15:30:00,99.98179626464844,100.01499938964844,99.87000274658203,99.9800033569336,3739219
2024-09-09 16:00:00,99.97,99.99,93.8246,93.8246,0
2024-09-09 17:00:00,99.97,99.99,97.952,99.95,0
2024-09-09 18:00:00,99.95,100.0,99.94,99.96,0
2024-09-09 19:00:00,99.95,99.97,99.85,99.9,0
2024-09-10 04:00:00,99.71,99.76,99.7,99.74,0
2024-09-10 05:00:00,99.73,99.95,99.73,99.89,0
2024-09-10 06:00:00,99.86,99.97,99.86,99.86,0
2024-09-10 07:00:00,99.85,99.85,99.67,99.67,0
2024-09-10 08:00:00,99.69,99.99,99.65,99.71,0
2024-09-10 09:00:00,99.72,100.08,99.72,99.88,0
2024-09-10 09:30:00,99.875,100.21499633789062,99.81999969482422,100.12000274658203,4036344
2024-09-10 10:30:00,100.125,100.5999984741211,100.0801010131836,100.5250015258789,4385710
2024-09-10 11:30:00,100.5199966430664,100.75,100.4800033569336,100.55999755859375,3702074
2024-09-10 12:30:00,100.56999969482422,100.63999938964844,100.37999725341797,100.57499694824219,3583380
2024-09-10 13:30:00,100.58000183105469,100.80500030517578,100.58000183105469,100.73999786376953,2271129
2024-09-10 14:30:00,100.73999786376953,100.91000366210938,100.61499786376953,100.65360260009766,4450222
2024-09-10 15:30:00,100.66000366210938,100.78990173339844,100.63999938964844,100.66000366210938,4220701
2024-09-10 16:00:00,100.69,100.87,100.64,100.7,0
2024-09-10 17:00:00,100.68,100.69,100.6147,100.65,0
2024-09-10 18:00:00,100.6509,100.76,100.65,100.73,0
2024-09-10 19:00:00,100.7295,100.85,100.7,100.82,0
2024-09-11 04:00:00,101.19,101.23,101.13,101.14,0
2024-09-11 05:00:00,101.14,101.36,101.13,101.34,0
2024-09-11 06:00:00,101.33,101.38,101.08,101.08,0
2024-09-11 07:00:00,101.05,101.1,101.01,101.09,0
2024-09-11 08:00:00,101.07,101.3764,100.69,101.06,0
2024-09-11 09:00:00,101.05,101.05,100.25,100.5,0
2024-09-11 09:30:00,100.5,101.22000122070312,100.36000061035156,101.08999633789062,12043062
2024-09-11 10:30:00,101.08999633789062,101.2300033569336,100.81999969482422,100.93000030517578,6041172
2024-09-11 11:30:00,100.91999816894531,100.94869995117188,100.5199966430664,100.5199966430664,2868464
2024-09-11 12:30:00,100.5199966430664,100.69000244140625,100.44000244140625,100.48500061035156,4576916
2024-09-11 13:30:00,100.45999908447266,100.51499938964844,100.3499984741211,100.41000366210938,3194328
2024-09-11 14:30:00,100.41500091552734,100.7300033569336,100.37000274658203,100.69999694824219,3572231
2024-09-11 15:30:00,100.69999694824219,100.70999908447266,100.56999969482422,100.58999633789062,4835563
2024-09-11 16:00:00,100.59,100.61,100.42,100.57,0
2024-09-11 17:00:00,100.59,100.61,100.498,100.55,0
2024-09-11 18:00:00,100.52,100.6,100.51,100.54,0
2024-09-11 19:00:00,100.53,100.58,100.5001,100.55,0
2024-09-12 04:00:00,100.35,100.35,100.26,100.31,0
2024-09-12 05:00:00,100.3,100.3,100.15,100.22,0
2024-09-12 06:00:00,100.18,100.25,100.15,100.16,0
2024-09-12 07:00:00,100.17,100.32,100.16,100.31,0
2024-09-12 08:00:00,100.31,100.61,100.1436,100.51,0
2024-09-12 09:00:00,100.56,100.8,100.29,100.36,0
2024-09-12 09:30:00,100.34200286865234,100.55000305175781,100.0199966430664,100.05999755859375,6840611
2024-09-12 10:30:00,100.05999755859375,100.15989685058594,99.91010284423828,100.0,3470010
2024-09-12 11:30:00,100.0,100.23999786376953,99.86000061035156,99.91500091552734,3112225
2024-09-12 12:30:00,99.91500091552734,100.06999969482422,99.69000244140625,99.80899810791016,4223628
2024-09-12 13:30:00,99.80000305175781,100.02999877929688,99.7699966430664,99.9999008178711,4726631
2024-09-12 14:30:00,99.98999786376953,100.19999694824219,99.9000015258789,100.07499694824219,4166666
2024-09-12 15:30:00,100.08000183105469,100.30999755859375,100.04000091552734,100.12000274658203,9784463
2024-09-12 16:00:00,100.14,100.21,100.05,100.2,0
2024-09-12 17:00:00,100.21,100.25,93.5823,100.21,0
2024-09-12 18:00:00,100.2015,100.33,100.2015,100.3292,0
2024-09-12 19:00:00,100.33,100.49,100.3,100.49,0
2024-09-13 04:00:00,100.63,100.87,100.56,100.68,0
2024-09-13 05:00:00,100.69,100.75,100.65,100.7,0
2024-09-13 06:00:00,100.71,100.71,100.53,100.53,0
2024-09-13 07:00:00,100.57,100.59,100.49,100.54,0
2024-09-13 08:00:00,100.52,100.85,100.31,100.35,0
2024-09-13 09:00:00,100.39,100.52,100.19,100.46,0
2024-09-13 09:30:00,100.45999908447266,100.47000122070312,100.02839660644531,100.1698989868164,4633597
2024-09-13 10:30:00,100.16999816894531,100.30000305175781,100.1449966430664,100.26499938964844,2346148
2024-09-13 11:30:00,100.26000213623047,100.41999816894531,100.18499755859375,100.375,2509584
2024-09-13 12:30:00,100.375,100.5790023803711,100.37059783935547,100.55500030517578,2290332
2024-09-13 13:30:00,100.55999755859375,100.61000061035156,100.51229858398438,100.54989624023438,2524314
2024-09-13 14:30:00,100.54499816894531,100.56500244140625,100.38999938964844,100.40499877929688,2258178
2024-09-13 15:30:00,100.40869903564453,100.45999908447266,100.37000274658203,100.3949966430664,4797197
2024-09-13 16:00:00,100.395,100.46,100.35,100.42,0
2024-09-13 17:00:00,100.42,100.46,100.41,100.46,0
2024-09-13 18:00:00,100.4859,100.59,100.44,100.5098,0
2024-09-13 19:00:00,100.55,100.59,100.5,100.5,0
2024-09-16 04:00:00,100.56,100.66,100.53,100.66,0
2024-09-16 05:00:00,100.66,100.66,100.57,100.61,0
2024-09-16 06:00:00,100.59,100.59,100.49,100.57,0
2024-09-16 07:00:00,100.57,100.7,100.55,100.69,0
2024-09-16 08:00:00,100.69,100.85,100.4864,100.8193,0
2024-09-16 09:00:00,100.81,100.91,100.41,100.61,0
2024-09-16 09:30:00,100.62999725341797,100.6769027709961,100.41000366210938,100.62999725341797,3931768
2024-09-16 10:30:00,100.63999938964844,101.08560180664062,100.63500213623047,101.07499694824219,4551208
2024-09-16 11:30:00,101.0770034790039,101.12999725341797,100.95500183105469,101.0250015258789,2679903
2024-09-16 12:30:00,101.0199966430664,101.18499755859375,100.95999908447266,101.15499877929688,2434130
2024-09-16 13:30:00,101.1500015258789,101.29000091552734,101.0999984741211,101.1500015258789,2615573
2024-09-16 14:30:00,101.15499877929688,101.28500366210938,101.15499877929688,101.19499969482422,3633726
2024-09-16 15:30:00,101.19499969482422,101.37000274658203,101.16000366210938,101.30500030517578,5763794
2024-09-16 16:00:00,101.305,101.3599,101.22,101.345,0
2024-09-16 17:00:00,101.37,101.39,101.29,101.3,0
2024-09-16 18:00:00,101.3,101.36,101.3,101.34,0
2024-09-16 19:00:00,101.3598,101.38,101.33,101.33,0
2024-09-17 04:00:00,101.48,101.49,101.33,101.42,0
2024-09-17 05:00:00,101.45,101.49,101.35,101.49,0
2024-09-17 06:00:00,101.47,101.5,101.4,101.4,0
2024-09-17 07:00:00,101.42,101.48,101.4,101.47,0
2024-09-17 08:00:00,101.49,101.74,101.05,101.72,0
2024-09-17 09:00:00,101.68,101.84,99.56,101.46,0
2024-09-17 09:30:00,101.4800033569336,101.63500213623047,101.02999877929688,101.25499725341797,8604728
2024-09-17 10:30:00,101.25,101.38999938964844,101.16190338134766,101.18499755859375,2668519
2024-09-17 11:30:00,101.19000244140625,101.32990264892578,101.01499938964844,101.05000305175781,2278966
2024-09-17 12:30:00,101.05000305175781,101.1500015258789,100.83999633789062,100.91999816894531,2641678
2024-09-17 13:30:00,100.91999816894531,101.0,100.7699966430664,100.97000122070312,3619753
2024-09-17 14:30:00,100.96330261230469,101.0,100.86499786376953,100.89990234375,3031177
2024-09-17 15:30:00,100.89990234375,100.95999908447266,100.73999786376953,100.81999969482422,5670091
2024-09-17 16:00:00,100.82,100.89,100.79,100.8201,0
2024-09-17 17:00:00,100.84,100.85,100.81,100.84,0
2024-09-17 18:00:00,100.81,100.9,100.81,100.9,0
2024-09-17 19:00:00,100.8899,100.92,100.86,100.872,0
2024-09-18 04:00:00,100.77,100.77,100.55,100.56,0
2024-09-18 05:00:00,100.57,100.59,100.53,100.53,0
2024-09-18 06:00:00,100.54,100.54,100.48,100.54,0
2024-09-18 07:00:00,100.53,100.56,100.43,100.44,0
2024-09-18 08:00:00,100.44,100.97,100.17,100.21,0
2024-09-18 09:00:00,100.2,100.39,100.17,100.24,0
2024-09-18 09:30:00,100.25,100.32009887695312,100.08000183105469,100.09500122070312,6774530
2024-09-18 10:30:00,100.09500122070312,100.27999877929688,100.08499908447266,100.2750015258789,3115165
2024-09-18 11:30:00,100.2750015258789,100.31999969482422,100.16500091552734,100.2959976196289,2964396
2024-09-18 12:30:00,100.29000091552734,100.51000213623047,100.25,100.3499984741211,2242421
2024-09-18 13:30:00,100.3550033569336,100.63500213623047,100.06500244140625,100.44999694824219,8857345
2024-09-18 14:30:00,100.44010162353516,100.72660064697266,99.56999969482422,99.7300033569336,8485512
2024-09-18 15:30:00,99.72000122070312,99.8550033569336,99.54000091552734,99.5999984741211,8875275
2024-09-18 16:00:00,99.62,99.88,99.5095,99.75,0
2024-09-18 17:00:00,99.78,99.85,99.76,99.84,0
2024-09-18 18:00:00,99.82,100.0,99.725,99.76,0
2024-09-18 19:00:00,99.77,99.78,99.6009,99.7,0
2024-09-19 04:00:00,99.93,99.96,99.81,99.86,0
2024-09-19 05:00:00,99.86,99.9,99.8,99.85,0
2024-09-19 06:00:00,99.83,99.84,99.7,99.72,0
2024-09-19 07:00:00,99.71,99.76,99.47,99.49,0
2024-09-19 08:00:00,99.49,99.9176,99.25,99.28,0
2024-09-19 09:00:00,99.25,99.59,98.2761,98.92,0
2024-09-19 09:30:00,98.91000366210938,99.19000244140625,98.7699966430664,99.06500244140625,10508514
2024-09-19 10:30:00,99.09010314941406,99.27780151367188,98.94999694824219,99.03900146484375,4654701
2024-09-19 11:30:00,99.03179931640625,99.0999984741211,98.92500305175781,99.02570343017578,3284443
2024-09-19 12:30:00,99.0250015258789,99.08499908447266,98.81500244140625,98.91010284423828,3928850
2024-09-19 13:30:00,98.91500091552734,99.02999877929688,98.80999755859375,99.02899932861328,4234243
2024-09-19 14:30:00,99.0199966430664,99.16000366210938,98.90499877929688,99.15499877929688,4382984
2024-09-19 15:30:00,99.1541976928711,99.30999755859375,99.0999984741211,99.23999786376953,5015080
2024-09-19 16:00:00,99.24,99.37,99.22,99.31,0
2024-09-19 17:00:00,99.31,99.96,99.26,99.31,0
2024-09-19 18:00:00,99.32,99.39,99.27,99.35,0
2024-09-19 19:00:00,99.37,99.45,99.35,99.365,0
2024-09-20 04:00:00,99.5,99.7,99.5,99.7,0
2024-09-20 05:00:00,99.69,99.71,99.63,99.64,0
2024-09-20 06:00:00,99.65,99.65,99.39,99.39,0
2024-09-20 07:00:00,99.38,99.4,99.16,99.17,0
2024-09-20 08:00:00,99.16,99.7,99.1056,99.5,0
2024-09-20 09:00:00,99.49,99.5,98.9888,99.0,0
2024-09-20 09:30:00,99.0,99.06999969482422,98.81999969482422,98.87000274658203,8852111
2024-09-20 10:30:00,98.86199951171875,98.88999938964844,98.72000122070312,98.78990173339844,3978694
2024-09-20 11:30:00,98.78379821777344,99.125,98.76000213623047,99.07499694824219,5270327
2024-09-20 12:30:00,99.06999969482422,99.24500274658203,99.00199890136719,99.19000244140625,4075030
2024-09-20 13:30:00,99.18000030517578,99.18000030517578,98.9800033569336,99.06999969482422,2704484
2024-09-20 14:30:00,99.06999969482422,99.12000274658203,99.0,99.0999984741211,3276000
2024-09-20 15:30:00,99.09500122070312,99.1449966430664,98.91000366210938,98.91500091552734,4108720
2024-09-20 16:00:00,98.94,98.97,98.81,98.84,0
2024-09-20 17:00:00,98.84,98.98,98.83,98.97,0
2024-09-20 18:00:00,98.9515,98.98,98.9,98.94,0
2024-09-20 19:00:00,98.9,98.95,98.84,98.87,0
2024-09-23 04:00:00,98.81,98.86,98.74,98.82,0
2024-09-23 05:00:00,98.82,98.85,98.61,98.64,0
2024-09-23 06:00:00,98.62,98.78,98.62,98.73,0
2024-09-23 07:00:00,98.73,98.74,98.55,98.55,0
2024-09-23 08:00:00,98.56,98.9,98.5,98.511,0
2024-09-23 09:00:00,98.5299,99.305,98.36,98.49,0
2024-09-23 09:30:00,98.48999786376953,98.69999694824219,98.0199966430664,98.22000122070312,10421162
2024-09-23 10:30:00,98.21499633789062,98.40630340576172,98.1897964477539,98.30999755859375,4756980
2024-09-23 11:30:00,98.31999969482422,99.0199966430664,98.27210235595703,98.9800033569336,5061305
2024-09-23 12:30:00,98.97000122070312,99.08999633789062,98.87999725341797,98.92500305175781,5936152
2024-09-23 13:30:00,98.93000030517578,99.0198974609375,98.83000183105469,98.87999725341797,2212044
2024-09-23 14:30:00,98.87010192871094,98.94000244140625,98.75,98.7750015258789,2824572
2024-09-23 15:30:00,98.7750015258789,98.84500122070312,98.66999816894531,98.69999694824219,2598936
2024-09-23 16:00:00,98.67,98.74,97.952,98.64,0
2024-09-23 17:00:00,98.67,98.73,98.65,98.65,0
2024-09-23 18:00:00,98.7,98.72,98.65,98.6905,0
2024-09-23 19:00:00,98.69,98.72,98.6403,98.71,0
2024-09-24 04:00:00,98.31,98.32,98.05,98.06,0
2024-09-24 05:00:00,98.06,98.06,97.93,97.97,0
2024-09-24 06:00:00,97.98,98.02,97.88,97.95,0
2024-09-24 07:00:00,97.98,98.08,97.97,98.0,0
2024-09-24 08:00:00,98.0,98.67,97.78,97.8097,0
2024-09-24 09:00:00,97.81,98.67,97.695,97.99,0
2024-09-24 09:30:00,97.99099731445312,98.51000213623047,97.8499984741211,98.46540069580078,10132486
2024-09-24 10:30:00,98.47000122070312,98.6050033569336,98.41000366210938,98.54000091552734,3963642
2024-09-24 11:30:00,98.53500366210938,98.63680267333984,98.31999969482422,98.56929779052734,3478042
2024-09-24 12:30:00,98.55999755859375,98.61000061035156,98.46009826660156,98.52999877929688,3513111
2024-09-24 13:30:00,98.52999877929688,98.88999938964844,98.4800033569336,98.80010223388672,2133532
2024-09-24 14:30:00,98.80999755859375,98.83999633789062,98.63999938964844,98.74019622802734,2685234
2024-09-24 15:30:00,98.73999786376953,98.80000305175781,98.66999816894531,98.66999816894531,2588690
2024-09-24 16:00:00,98.65,98.8,98.65,98.78,0
2024-09-24 17:00:00,98.78,98.8,98.75,98.785,0
2024-09-24 18:00:00,98.79,98.82,98.7,98.73,0
2024-09-24 19:00:00,98.7292,98.81,98.7,98.75,0
2024-09-25 04:00:00,98.84,98.84,98.71,98.71,0
2024-09-25 05:00:00,98.72,98.75,98.58,98.58,0
2024-09-25 06:00:00,98.53,98.55,98.47,98.5,0
2024-09-25 07:00:00,98.51,98.51,98.38,98.39,0
2024-09-25 08:00:00,98.4,98.81,98.11,98.2,0
2024-09-25 09:00:00,98.22,98.42,98.2,98.26,0
2024-09-25 09:30:00,98.27999877929688,98.31999969482422,98.01000213623047,98.08000183105469,6656286
2024-09-25 10:30:00,98.08000183105469,98.22000122070312,97.98999786376953,98.01000213623047,3383071
2024-09-25 11:30:00,98.01290130615234,98.20500183105469,98.01000213623047,98.20500183105469,2419466
2024-09-25 12:30:00,98.19999694824219,98.22000122070312,97.91500091552734,97.98500061035156,5474099
2024-09-25 13:30:00,97.98500061035156,98.0999984741211,97.9800033569336,98.07499694824219,2836285
2024-09-25 14:30:00,98.07499694824219,98.11000061035156,97.8499984741211,97.93499755859375,5522048
2024-09-25 15:30:00,97.93000030517578,97.94000244140625,97.79000091552734,97.81999969482422,4921454
2024-09-25 16:00:00,97.83,98.0689,97.72,97.84,0
2024-09-25 17:00:00,97.83,97.85,90.9843,97.81,0
2024-09-25 18:00:00,97.83,97.9,97.78,97.86,0
2024-09-25 19:00:00,97.86,97.8787,97.84,97.8695,0
2024-09-26 04:00:00,98.04,98.11,97.94,98.07,0
2024-09-26 05:00:00,98.09,98.17,98.03,98.12,0
2024-09-26 06:00:00,98.11,98.18,98.07,98.13,0
2024-09-26 07:00:00,98.12,98.18,98.05,98.13,0
2024-09-26 08:00:00,98.14,98.35,97.83,98.27,0
2024-09-26 09:00:00,98.25,98.25,97.65,98.09,0
2024-09-26 09:30:00,98.06999969482422,98.22660064697266,97.51499938964844,97.54100036621094,7320926
2024-09-26 10:30:00,97.54499816894531,98.0,97.41999816894531,97.75,4069040
2024-09-26 11:30:00,97.75,97.80500030517578,97.66110229492188,97.69499969482422,2123590
2024-09-26 12:30:00,97.69999694824219,98.05999755859375,97.60009765625,98.00399780273438,3421238
2024-09-26 13:30:00,98.0,98.07350158691406,97.8949966430664,97.99009704589844,2211336
2024-09-26 14:30:00,97.98999786376953,98.24500274658203,97.95999908447266,98.12999725341797,2800767
2024-09-26 15:30:00,98.135498046875,98.13849639892578,98.0,98.08000183105469,4054508
2024-09-26 16:00:00,98.08,98.1,97.96,97.99,0
2024-09-26 17:00:00,98.01,98.04,91.1821,98.0399,0
2024-09-26 18:00:00,97.99,98.0598,97.96,98.03,0
2024-09-26 19:00:00,98.03,98.06,97.96,98.057,0
2024-09-27 04:00:00,98.43,98.47,98.31,98.31,0
2024-09-27 05:00:00,98.28,98.31,98.26,98.26,0
2024-09-27 06:00:00,98.25,98.29,98.18,98.19,0
2024-09-27 07:00:00,98.22,98.27,98.15,98.19,0
2024-09-27 08:00:00,98.23,98.6388,97.84,98.29,0
2024-09-27 09:00:00,98.25,98.7712,98.25,98.5,0
2024-09-27 09:30:00,98.54000091552734,98.72000122070312,98.4103012084961,98.4800033569336,5197209
2024-09-27 10:30:00,98.46890258789062,98.54000091552734,98.21499633789062,98.41000366210938,3883817
2024-09-27 11:30:00,98.4000015258789,98.73629760742188,98.26000213623047,98.6050033569336,4443314
2024-09-27 12:30:00,98.6050033569336,98.75499725341797,98.55999755859375,98.57499694824219,2972148
2024-09-27 13:30:00,98.56999969482422,98.67759704589844,98.53379821777344,98.63999938964844,2270399
2024-09-27 14:30:00,98.62999725341797,98.66000366210938,98.54000091552734,98.58499908447266,2389895
2024-09-27 15:30:00,98.58999633789062,98.5999984741211,98.37000274658203,98.55999755859375,2844781
2024-09-27 16:00:00,98.57,98.57,98.38,98.48,0
2024-09-27 17:00:00,98.57,98.57,98.46,98.52,0
2024-09-27 18:00:00,98.5399,98.55,98.49,98.5494,0
2024-09-27 19:00:00,98.52,98.66,98.5,98.6571,0
2024-09-30 04:00:00,98.26,98.26,98.16,98.2,0
2024-09-30 05:00:00,98.2,98.24,98.15,98.24,0
2024-09-30 06:00:00,98.24,98.24,98.2,98.23,0
2024-09-30 07:00:00,98.25,98.47,98.21,98.45,0
2024-09-30 08:00:00,98.45,98.53,97.9824,98.02,0
2024-09-30 09:00:00,98.03,98.65,98.01,98.64,0
2024-09-30 09:30:00,98.6449966430664,98.70999908447266,98.32080078125,98.55999755859375,6338230
2024-09-30 10:30:00,98.55999755859375,98.67500305175781,98.1500015258789,98.18350219726562,3683484
2024-09-30 11:30:00,98.20010375976562,98.34989929199219,98.04329681396484,98.34500122070312,3064881
2024-09-30 12:30:00,98.34500122070312,98.46659851074219,98.30010223388672,98.42749786376953,2276474
2024-09-30 13:30:00,98.43000030517578,98.44999694824219,97.9292984008789,97.9292984008789,5125843
2024-09-30 14:30:00,97.93000030517578,98.11000061035156,97.91000366210938,97.94750213623047,5241021
2024-09-30 15:30:00,97.94000244140625,98.16999816894531,97.88390350341797,98.05999755859375,4395462
2024-09-30 16:00:00,98.11,98.2,98.02,98.2,0
2024-09-30 17:00:00,98.17,98.18,98.1,98.15,0
2024-09-30 18:00:00,98.16,98.23,98.16,98.2,0
2024-09-30 19:00:00,98.19,98.2699,98.1701,98.25,0
2024-10-01 04:00:00,98.2,98.43,98.2,98.43,0
2024-10-01 05:00:00,98.42,98.64,98.42,98.57,0
2024-10-01 06:00:00,98.59,98.76,98.56,98.69,0
2024-10-01 07:00:00,98.68,98.76,98.66,98.71,0
2024-10-01 08:00:00,98.72,98.82,97.86,98.8176,0
2024-10-01 09:00:00,98.8,98.88,98.1,98.79,0
2024-10-01 09:30:00,98.79000091552734,99.33000183105469,98.70999908447266,99.13999938964844,15054429
2024-10-01 10:30:00,99.14800262451172,99.1897964477539,98.77999877929688,98.80989837646484,5895480
2024-10-01 11:30:00,98.80999755859375,99.0,98.625,98.98999786376953,4864593
2024-10-01 12:30:00,98.99500274658203,99.08999633789062,98.80500030517578,98.82019805908203,4231222
2024-10-01 13:30:00,98.82499694824219,98.83999633789062,98.38500213623047,98.51000213623047,3633276
2024-10-01 14:30:00,98.50849914550781,98.6050033569336,98.43990325927734,98.56999969482422,3646864
2024-10-01 15:30:00,98.56500244140625,98.56999969482422,98.43000030517578,98.5,3266853
2024-10-01 16:00:00,98.49,98.71,98.49,98.63,0
2024-10-01 17:00:00,98.6595,98.67,98.53,98.54,0
2024-10-01 18:00:00,98.58,98.69,98.557,98.655,0
2024-10-01 19:00:00,98.65,98.6898,98.58,98.5945,0
2024-10-02 04:00:00,98.21,98.24,98.15,98.17,0
2024-10-02 05:00:00,98.17,98.18,98.06,98.09,0
2024-10-02 06:00:00,98.09,98.11,98.04,98.09,0
2024-10-02 07:00:00,98.08,98.15,98.02,98.13,0
2024-10-02 08:00:00,98.14,98.63,97.54,97.56,0
2024-10-02 09:00:00,97.54,98.49,97.31,97.32,0
2024-10-02 09:30:00,97.33000183105469,97.3550033569336,97.05999755859375,97.27999877929688,10680272
2024-10-02 10:30:00,97.27999877929688,97.48500061035156,97.1500015258789,97.41999816894531,4259633
2024-10-02 11:30:00,97.41500091552734,97.66500091552734,97.38359832763672,97.56500244140625,3410503
2024-10-02 12:30:00,97.55000305175781,97.58989715576172,97.46009826660156,97.55000305175781,2019302
2024-10-02 13:30:00,97.55000305175781,97.7300033569336,97.52010345458984,97.65499877929688,2436197
2024-10-02 14:30:00,97.65499877929688,97.69999694824219,97.58999633789062,97.5999984741211,2541539
2024-10-02 15:30:00,97.59349822998047,97.68000030517578,97.52999877929688,97.68000030517578,4110501
2024-10-02 16:00:00,97.66,97.73,97.62,97.64,0
2024-10-02 17:00:00,97.64,97.66,96.3407,97.55,0
2024-10-02 18:00:00,97.61,97.66,97.55,97.65,0
2024-10-02 19:00:00,97.57,97.65,97.51,97.5867,0
2024-10-03 04:00:00,97.44,97.45,97.32,97.34,0
2024-10-03 05:00:00,97.34,97.34,97.28,97.28,0
2024-10-03 06:00:00,97.3,97.33,97.29,97.31,0
2024-10-03 07:00:00,97.3,97.35,97.3,97.34,0
2024-10-03 08:00:00,97.35,97.66,97.2924,97.35,0
2024-10-03 09:00:00,97.39,97.52,97.26,97.34,0
2024-10-03 09:30:00,97.33999633789062,97.50990295410156,97.0,97.18000030517578,7270817
2024-10-03 10:30:00,97.17500305175781,97.3949966430664,96.94000244140625,97.21499633789062,5779766
2024-10-03 11:30:00,97.21499633789062,97.36000061035156,97.15499877929688,97.19499969482422,2261824
2024-10-03 12:30:00,97.19000244140625,97.29499816894531,97.04000091552734,97.08000183105469,2760167
2024-10-03 13:30:00,97.08000183105469,97.12909698486328,96.9800033569336,97.0199966430664,2718456
2024-10-03 14:30:00,97.0250015258789,97.04000091552734,96.80500030517578,96.83499908447266,7863202
2024-10-03 15:30:00,96.83499908447266,96.91000366210938,96.76000213623047,96.76499938964844,5643431
2024-10-03 16:00:00,96.74,96.8505,96.65,96.8505,0
2024-10-03 17:00:00,96.8599,96.86,93.3706,96.78,0
2024-10-03 18:00:00,96.8,96.93,96.8,96.89,0
2024-10-03 19:00:00,96.843,96.96,96.84,96.885,0
2024-10-04 04:00:00,97.05,97.06,96.98,96.99,0
2024-10-04 05:00:00,96.98,97.05,96.89,96.89,0
2024-10-04 06:00:00,96.89,96.94,96.81,96.84,0
2024-10-04 07:00:00,96.81,96.81,96.7,96.71,0
2024-10-04 08:00:00,96.73,97.09,96.57,96.65,0
2024-10-04 09:00:00,96.62,96.74,95.36,95.44,0
2024-10-04 09:30:00,95.43499755859375,95.8550033569336,95.4000015258789,95.75499725341797,20709275
2024-10-04 10:30:00,95.75499725341797,95.95999908447266,95.69999694824219,95.7699966430664,6535870
2024-10-04 11:30:00,95.7699966430664,95.88999938964844,95.62000274658203,95.6449966430664,3889991
2024-10-04 12:30:00,95.6500015258789,95.7300033569336,95.58999633789062,95.58999633789062,2690663
2024-10-04 13:30:00,95.59369659423828,95.65499877929688,95.5250015258789,95.6050033569336,3322635
2024-10-04 14:30:00,95.6050033569336,95.6500015258789,95.41999816894531,95.51000213623047,4478574
2024-10-04 15:30:00,95.51000213623047,95.56500244140625,95.45999908447266,95.51000213623047,5894178
2024-10-04 16:00:00,95.51,95.75,90.2209,95.7301,0
2024-10-04 17:00:00,95.73,95.79,90.2209,95.73,0
2024-10-04 18:00:00,95.755,95.78,95.675,95.69,0
2024-10-04 19:00:00,95.69,95.69,95.63,95.6899,0
2024-10-07 04:00:00,95.68,98.44,95.48,95.49,0
2024-10-07 05:00:00,95.49,95.55,95.35,95.4,0
2024-10-07 06:00:00,95.4,95.5,95.38,95.38,0
2024-10-07 07:00:00,95.42,95.43,95.33,95.42,0
2024-10-07 08:00:00,95.43,95.7,95.16,95.18,0
2024-10-07 09:00:00,95.1788,95.55,94.94,94.98,0
2024-10-07 09:30:00,94.97000122070312,95.26719665527344,94.86000061035156,94.97000122070312,10510504
2024-10-07 10:30:00,94.9800033569336,95.12999725341797,94.86000061035156,95.05000305175781,5496419
2024-10-07 11:30:00,95.05000305175781,95.05999755859375,94.80999755859375,94.82499694824219,3494502
2024-10-07 12:30:00,94.82499694824219,94.99500274658203,94.80999755859375,94.95500183105469,3019428
2024-10-07 13:30:00,94.94999694824219,95.05000305175781,94.94999694824219,94.96499633789062,3104308
2024-10-07 14:30:00,94.96499633789062,95.04000091552734,94.81999969482422,94.86000061035156,5528388
2024-10-07 15:30:00,94.86499786376953,94.87999725341797,94.76000213623047,94.86000061035156,6453584
2024-10-07 16:00:00,94.87,99.57,94.82,94.86,0
2024-10-07 17:00:00,94.859,97.952,93.8246,94.835,0
2024-10-07 18:00:00,94.84,94.91,94.82,94.85,0
2024-10-07 19:00:00,94.85,94.925,94.84,94.925,0
2024-10-08 04:00:00,95.08,95.27,95.03,95.11,0
2024-10-08 05:00:00,95.12,95.12,94.94,94.94,0
2024-10-08 06:00:00,94.95,94.95,94.82,94.82,0
2024-10-08 07:00:00,94.83,94.86,94.75,94.77,0
2024-10-08 08:00:00,94.75,95.28,94.49,94.52,0
2024-10-08 09:00:00,94.519,94.63,94.385,94.39,0
2024-10-08 09:30:00,94.4000015258789,94.61000061035156,94.33499908447266,94.56500244140625,8844983
2024-10-08 10:30:00,94.56999969482422,94.79000091552734,94.55000305175781,94.76239776611328,4366199
2024-10-08 11:30:00,94.7699966430664,94.86499786376953,94.69000244140625,94.79609680175781,3104333
2024-10-08 12:30:00,94.79750061035156,94.88999938964844,94.62000274658203,94.73999786376953,2897871
2024-10-08 13:30:00,94.73500061035156,94.82499694824219,94.66999816894531,94.66999816894531,2258232
2024-10-08 14:30:00,94.67500305175781,94.80999755859375,94.63970184326172,94.72989654541016,3110151
2024-10-08 15:30:00,94.7249984741211,95.02999877929688,94.71499633789062,95.0199966430664,3780717
2024-10-08 16:00:00,95.02,95.15,94.7313,95.13,0
2024-10-08 17:00:00,95.13,95.14,93.1561,95.1055,0
2024-10-08 18:00:00,95.14,97.23,89.2283,95.05,0
2024-10-08 19:00:00,95.03,95.15,95.03,95.09,0
2024-10-09 04:00:00,94.96,94.96,94.89,94.93,0
2024-10-09 05:00:00,94.94,95.06,94.94,95.06,0
2024-10-09 06:00:00,95.03,95.06,95.0,95.06,0
2024-10-09 07:00:00,95.06,95.06,94.94,94.97,0
2024-10-09 08:00:00,94.989,95.08,94.58,94.6198,0
2024-10-09 09:00:00,94.61,94.99,94.61,94.67,0
2024-10-09 09:30:00,94.66999816894531,94.88999938964844,94.61000061035156,94.88999938964844,5075251
2024-10-09 10:30:00,94.88990020751953,94.90499877929688,94.71009826660156,94.73500061035156,3579502
2024-10-09 11:30:00,94.73500061035156,94.79100036621094,94.5801010131836,94.61499786376953,2603055
2024-10-09 12:30:00,94.61000061035156,94.61000061035156,94.31999969482422,94.44000244140625,8806326
2024-10-09 13:30:00,94.4385986328125,94.61000061035156,94.2300033569336,94.61000061035156,5124513
2024-10-09 14:30:00,94.6050033569336,94.625,94.42500305175781,94.4751968383789,3496135
2024-10-09 15:30:00,94.4800033569336,94.5,94.41000366210938,94.45500183105469,3869461
2024-10-09 16:00:00,94.45,94.47,94.33,94.38,0
2024-10-09 17:00:00,94.42,94.46,89.219,94.4496,0
2024-10-09 18:00:00,94.45,94.46,94.3867,94.42,0
2024-10-09 19:00:00,94.4005,97.23,94.4005,94.41,0
2024-10-10 04:00:00,94.39,94.39,94.22,94.25,0
2024-10-10 05:00:00,94.27,94.31,94.21,94.29,0
2024-10-10 06:00:00,94.31,94.33,94.23,94.27,0
2024-10-10 07:00:00,94.33,94.37,94.16,94.18,0
2024-10-10 08:00:00,94.18,94.46,94.1324,94.33,0
2024-10-10 09:00:00,94.39,94.61,93.7,93.88,0
2024-10-10 09:30:00,93.87999725341797,94.08999633789062,93.71499633789062,93.76000213623047,12707151
2024-10-10 10:30:00,93.76000213623047,93.97000122070312,93.58999633789062,93.92620086669922,5177784
2024-10-10 11:30:00,93.92749786376953,94.01000213623047,93.8550033569336,93.9800033569336,4922668
2024-10-10 12:30:00,93.9800033569336,94.0,93.41000366210938,93.5999984741211,11955152
2024-10-10 13:30:00,93.61000061035156,93.81999969482422,93.56400299072266,93.78500366210938,5121207
2024-10-10 14:30:00,93.79000091552734,93.92500305175781,93.74199676513672,93.8550033569336,3762903
2024-10-10 15:30:00,93.8550033569336,94.06999969482422,93.8550033569336,94.06999969482422,3918973
2024-10-10 16:00:00,94.06,94.2,94.04,94.18,0
2024-10-10 17:00:00,94.18,94.25,91.1821,94.23,0
2024-10-10 18:00:00,94.2215,94.25,94.13,94.18,0
2024-10-10 19:00:00,94.18,94.24,94.16,94.2,0
2024-10-11 04:00:00,94.12,94.14,94.08,94.1,0
2024-10-11 05:00:00,94.08,94.09,93.83,93.83,0
2024-10-11 06:00:00,93.81,93.84,93.78,93.82,0
2024-10-11 07:00:00,93.83,93.83,93.62,93.7,0
2024-10-11 08:00:00,93.72,94.33,93.62,93.73,0
2024-10-11 09:00:00,93.72,93.89,93.31,93.49,0
2024-10-11 09:30:00,93.48200225830078,93.70999908447266,93.4219970703125,93.5510025024414,7321043
2024-10-11 10:30:00,93.55000305175781,93.92449951171875,93.54000091552734,93.92449951171875,4246506
2024-10-11 11:30:00,93.92579650878906,94.0,93.8550033569336,93.97000122070312,2922116
2024-10-11 12:30:00,93.96499633789062,94.06559753417969,93.88369750976562,93.92500305175781,2200859
2024-10-11 13:30:00,93.91999816894531,93.94989776611328,93.81999969482422,93.94499969482422,1829362
2024-10-11 14:30:00,93.94499969482422,93.95500183105469,93.80010223388672,93.81500244140625,2506345
2024-10-11 15:30:00,93.81549835205078,93.81999969482422,93.69999694824219,93.73999786376953,3628260
2024-10-11 16:00:00,93.75,94.037,93.48,93.51,0
2024-10-11 17:00:00,93.52,93.5494,90.0986,93.54,0
2024-10-11 18:00:00,93.54,93.55,93.5,93.5,0
2024-10-11 19:00:00,93.55,93.55,93.52,93.55,0
2024-10-14 04:00:00,93.55,93.57,93.48,93.57,0
2024-10-14 05:00:00,93.57,93.57,93.46,93.46,0
2024-10-14 06:00:00,93.46,93.47,93.31,93.38,0
2024-10-14 07:00:00,93.37,93.37,93.25,93.3,0
2024-10-14 08:00:00,93.29,93.7,92.985,93.13,0
2024-10-14 09:00:00,93.13,93.27,93.02,93.04,0
2024-10-14 09:30:00,93.04000091552734,93.19999694824219,92.9800033569336,93.19010162353516,6070259
2024-10-14 10:30:00,93.19999694824219,93.41000366210938,93.12999725341797,93.40499877929688,2903744
2024-10-14 11:30:00,93.4020004272461,93.49500274658203,93.37999725341797,93.3949966430664,1530004
2024-10-14 12:30:00,93.38999938964844,93.41000366210938,93.31500244140625,93.339599609375,1371945
2024-10-14 13:30:00,93.33999633789062,93.48999786376953,93.32499694824219,93.43499755859375,2981560
2024-10-14 14:30:00,93.44000244140625,93.61000061035156,93.33000183105469,93.56999969482422,2260316
2024-10-14 15:30:00,93.57099914550781,93.77999877929688,93.55000305175781,93.76499938964844,5665141
2024-10-14 16:00:00,93.76,93.765,93.7,93.73,0
2024-10-14 17:00:00,93.74,93.84,93.74,93.8399,0
2024-10-14 18:00:00,93.83,93.9,93.82,93.9,0
2024-10-14 19:00:00,93.89,93.92,93.82,93.86,0
2024-10-15 04:00:00,94.04,94.26,94.02,94.24,0
2024-10-15 05:00:00,94.22,94.4,94.21,94.4,0
2024-10-15 06:00:00,94.41,94.5,94.35,94.39,0
2024-10-15 07:00:00,94.38,94.39,94.13,94.15,0
2024-10-15 08:00:00,94.16,94.4876,93.83,94.17,0
2024-10-15 09:00:00,94.18,94.56,94.18,94.45,0
2024-10-15 09:30:00,94.44039916992188,94.67500305175781,94.37359619140625,94.55999755859375,7266371
2024-10-15 10:30:00,94.55500030517578,94.79000091552734,94.51000213623047,94.66000366210938,8565168
2024-10-15 11:30:00,94.66000366210938,94.83000183105469,94.6500015258789,94.7249984741211,5288691
2024-10-15 12:30:00,94.7249984741211,94.7750015258789,94.6500015258789,94.70500183105469,2272646
2024-10-15 13:30:00,94.70500183105469,94.9000015258789,94.70500183105469,94.87030029296875,3139815
2024-10-15 14:30:00,94.875,95.0,94.7750015258789,94.98999786376953,3737266
2024-10-15 15:30:00,94.9800033569336,95.0,94.89450073242188,94.94999694824219,5713128
2024-10-15 16:00:00,94.91,94.99,89.1521,94.87,0
2024-10-15 17:00:00,94.879,94.93,94.86,94.93,0
2024-10-15 18:00:00,94.92,94.92,94.83,94.87,0
2024-10-15 19:00:00,94.87,94.9,94.83,94.85,0
2024-10-16 04:00:00,95.17,95.27,95.12,95.27,0
2024-10-16 05:00:00,95.24,95.35,95.24,95.32,0
2024-10-16 06:00:00,95.3,95.38,95.29,95.36,0
2024-10-16 07:00:00,95.35,95.35,95.26,95.3,0
2024-10-16 08:00:00,95.3,95.45,94.87,95.28,0
2024-10-16 09:00:00,95.28,95.43,94.91,95.38,0
2024-10-16 09:30:00,95.38999938964844,95.41999816894531,95.25,95.33000183105469,6639644
2024-10-16 10:30:00,95.33000183105469,95.62000274658203,95.25,95.57499694824219,4732648
2024-10-16 11:30:00,95.57499694824219,95.57499694824219,95.29000091552734,95.33499908447266,3986196
2024-10-16 12:30:00,95.33499908447266,95.3499984741211,95.16000366210938,95.16999816894531,2342721
2024-10-16 13:30:00,95.16999816894531,95.30000305175781,95.13999938964844,95.25499725341797,2534532
2024-10-16 14:30:00,95.2500991821289,95.30999755859375,95.13999938964844,95.18499755859375,2595341
2024-10-16 15:30:00,95.19000244140625,95.30000305175781,95.1500015258789,95.29000091552734,4740115
2024-10-16 16:00:00,95.29,95.33,95.22,95.2897,0
2024-10-16 17:00:00,95.29,95.29,95.27,95.29,0
2024-10-16 18:00:00,95.285,95.32,95.24,95.31,0
2024-10-16 19:00:00,95.295,95.3,95.202,95.24,0
2024-10-17 04:00:00,94.99,95.01,94.76,94.76,0
2024-10-17 05:00:00,94.76,95.0,94.75,94.86,0
2024-10-17 06:00:00,94.87,94.97,94.86,94.95,0
2024-10-17 07:00:00,94.93,95.03,94.93,94.96,0
2024-10-17 08:00:00,94.95,95.31,94.7624,94.94,0
2024-10-17 09:00:00,94.91,95.31,94.28,94.3,0
2024-10-17 09:30:00,94.30000305175781,94.44000244140625,93.83999633789062,94.04000091552734,9966193
2024-10-17 10:30:00,94.04000091552734,94.0989990234375,93.78500366210938,93.96990203857422,4652494
2024-10-17 11:30:00,93.97000122070312,93.99590301513672,93.79000091552734,93.84989929199219,4289277
2024-10-17 12:30:00,93.8499984741211,93.9000015258789,93.73999786376953,93.81500244140625,3356142
2024-10-17 13:30:00,93.81999969482422,93.81999969482422,93.67009735107422,93.70500183105469,3209224
2024-10-17 14:30:00,93.70500183105469,93.83999633789062,93.68499755859375,93.82499694824219,3309886
2024-10-17 15:30:00,93.82499694824219,93.8499984741211,93.77999877929688,93.80000305175781,5087689
2024-10-17 16:00:00,93.8,93.8,93.64,93.78,0
2024-10-17 17:00:00,93.78,93.78,92.7748,93.78,0
2024-10-17 18:00:00,93.765,93.82,93.7603,93.81,0
2024-10-17 19:00:00,93.81,93.81,93.723,93.77,0
2024-10-18 04:00:00,93.45,93.57,93.38,93.53,0
2024-10-18 05:00:00,93.52,93.71,93.5,93.7,0
2024-10-18 06:00:00,93.7,93.76,93.64,93.76,0
2024-10-18 07:00:00,93.77,93.77,93.6,93.609,0
2024-10-18 08:00:00,93.59,93.8088,93.31,93.7502,0
2024-10-18 09:00:00,93.75,102.69,93.74,94.04,0
2024-10-18 09:30:00,94.05000305175781,94.18499755859375,93.96820068359375,94.06749725341797,5420846
2024-10-18 10:30:00,94.05999755859375,94.22000122070312,94.0199966430664,94.1500015258789,3810780
2024-10-18 11:30:00,94.15879821777344,94.26000213623047,94.10250091552734,94.1488037109375,3060180
2024-10-18 12:30:00,94.1500015258789,94.2750015258789,94.05999755859375,94.07499694824219,2156221
2024-10-18 13:30:00,94.07009887695312,94.11000061035156,93.94000244140625,94.03500366210938,1501344
2024-10-18 14:30:00,94.04000091552734,94.08000183105469,93.94000244140625,93.95500183105469,2084401
2024-10-18 15:30:00,93.95429992675781,94.00990295410156,93.86000061035156,93.87000274658203,4220523
2024-10-18 16:00:00,93.87,93.9501,93.82,93.83,0
2024-10-18 17:00:00,93.84,93.88,90.2209,93.88,0
2024-10-18 18:00:00,93.85,93.9,93.8001,93.87,0
2024-10-18 19:00:00,93.9,93.9,93.87,93.9,0
2024-10-21 04:00:00,93.79,93.79,93.56,93.57,0
2024-10-21 05:00:00,93.57,93.62,93.36,93.46,0
2024-10-21 06:00:00,93.5,93.53,93.33,93.34,0
2024-10-21 07:00:00,93.33,93.33,93.2,93.21,0
2024-10-21 08:00:00,93.19,93.97,92.98,93.11,0
2024-10-21 09:00:00,93.11,93.87,92.95,93.009,0
2024-10-21 09:30:00,93.0199966430664,93.08999633789062,92.80999755859375,92.83499908447266,8135942
2024-10-21 10:30:00,92.83499908447266,92.83999633789062,92.58170318603516,92.6688003540039,6935581
2024-10-21 11:30:00,92.66000366210938,92.67579650878906,92.47000122070312,92.4749984741211,4662687
2024-10-21 12:30:00,92.4800033569336,92.5250015258789,92.41000366210938,92.50499725341797,3203709
2024-10-21 13:30:00,92.5,92.55000305175781,92.41500091552734,92.46369934082031,2334533
2024-10-21 14:30:00,92.47000122070312,92.47000122070312,92.37000274658203,92.41500091552734,3461693
2024-10-21 15:30:00,92.41010284423828,92.41719818115234,92.23999786376953,92.26000213623047,8316854
2024-10-21 16:00:00,92.23,92.27,92.1597,92.2,0
2024-10-21 17:00:00,92.2,92.23,92.17,92.2,0
2024-10-21 18:00:00,92.2,92.23,92.1897,92.21,0
2024-10-21 19:00:00,92.2091,92.23,92.18,92.22,0
2024-10-22 04:00:00,92.1,92.23,92.08,92.16,0
2024-10-22 05:00:00,92.16,92.19,92.01,92.02,0
2024-10-22 06:00:00,92.02,92.19,92.02,92.18,0
2024-10-22 07:00:00,92.2,92.27,92.079,92.27,0
2024-10-22 08:00:00,92.28,92.54,91.84,92.44,0
2024-10-22 09:00:00,92.42,92.7,92.23,92.65,0
2024-10-22 09:30:00,92.6500015258789,92.76000213623047,92.31999969482422,92.34500122070312,9177682
2024-10-22 10:30:00,92.34500122070312,92.40550231933594,92.12999725341797,92.16000366210938,3298819
2024-10-22 11:30:00,92.1500015258789,92.20500183105469,92.09100341796875,92.19999694824219,3813018
2024-10-22 12:30:00,92.19349670410156,92.40499877929688,92.18879699707031,92.29679870605469,2431417
2024-10-22 13:30:00,92.29840087890625,92.44000244140625,92.27149963378906,92.4000015258789,2623411
2024-10-22 14:30:00,92.38999938964844,92.41000366210938,92.30999755859375,92.36479949951172,2780794
2024-10-22 15:30:00,92.36990356445312,92.44000244140625,92.30999755859375,92.31999969482422,3460819
2024-10-22 16:00:00,92.32,93.1561,91.7277,92.25,0
2024-10-22 17:00:00,92.24,92.28,89.2283,92.21,0
2024-10-22 18:00:00,92.24,92.3,92.22,92.265,0
2024-10-22 19:00:00,92.265,92.33,92.24,92.26,0
2024-10-23 04:00:00,92.11,92.17,92.07,92.07,0
2024-10-23 05:00:00,92.04,92.05,91.94,91.97,0
2024-10-23 06:00:00,91.97,92.14,91.97,92.1,0
2024-10-23 07:00:00,92.14,92.18,92.04,92.04,0
2024-10-23 08:00:00,92.05,92.32,91.7397,91.78,0
2024-10-23 09:00:00,91.7688,92.32,91.74,91.84,0
2024-10-23 09:30:00,91.83999633789062,92.01010131835938,91.66010284423828,91.87000274658203,7688927
2024-10-23 10:30:00,91.87999725341797,92.13999938964844,91.8499984741211,92.13970184326172,4265856
2024-10-23 11:30:00,92.13500213623047,92.37000274658203,92.12000274658203,92.2249984741211,3238731
2024-10-23 12:30:00,92.22000122070312,92.33000183105469,92.04000091552734,92.04000091552734,3833396
2024-10-23 13:30:00,92.05500030517578,92.08999633789062,91.77999877929688,91.99500274658203,3324250
2024-10-23 14:30:00,91.99500274658203,92.08999633789062,91.93000030517578,92.05000305175781,2880582
2024-10-23 15:30:00,92.05000305175781,92.16999816894531,92.05000305175781,92.11000061035156,4412312
2024-10-23 16:00:00,92.07,92.12,91.915,91.94,0
2024-10-23 17:00:00,91.949,91.97,89.219,91.85,0
2024-10-23 18:00:00,91.85,91.92,91.83,91.8997,0
2024-10-23 19:00:00,91.8996,91.9,91.85,91.8722,0
2024-10-24 04:00:00,92.6,92.68,92.55,92.64,0
2024-10-24 05:00:00,92.65,92.73,92.65,92.68,0
2024-10-24 06:00:00,92.69,92.77,92.68,92.74,0
2024-10-24 07:00:00,92.74,92.78,92.68,92.69,0
2024-10-24 08:00:00,92.69,92.79,92.07,92.52,0
2024-10-24 09:00:00,92.49,94.21,92.19,92.21,0
2024-10-24 09:30:00,92.23999786376953,92.30999755859375,91.95999908447266,92.18000030517578,8526666
2024-10-24 10:30:00,92.17500305175781,92.7699966430664,92.17500305175781,92.61499786376953,5705490
2024-10-24 11:30:00,92.61599731445312,92.70999908447266,92.48100280761719,92.66000366210938,2876954
2024-10-24 12:30:00,92.66000366210938,92.80000305175781,92.62999725341797,92.79499816894531,1800680
2024-10-24 13:30:00,92.79499816894531,93.0,92.76000213623047,92.83000183105469,3648223
2024-10-24 14:30:00,92.82510375976562,92.87999725341797,92.66999816894531,92.66999816894531,3144647
2024-10-24 15:30:00,92.67500305175781,92.72000122070312,92.6500015258789,92.65499877929688,2322778
2024-10-24 16:00:00,92.66,92.66,92.54,92.58,0
2024-10-24 17:00:00,92.57,92.66,89.3365,92.62,0
2024-10-24 18:00:00,92.63,92.72,92.62,92.7,0
2024-10-24 19:00:00,92.6995,92.72,92.65,92.7,0
2024-10-25 04:00:00,92.96,92.98,92.9,92.92,0
2024-10-25 05:00:00,92.93,92.94,92.71,92.75,0
2024-10-25 06:00:00,92.75,92.81,92.72,92.75,0
2024-10-25 07:00:00,92.77,92.82,92.76,92.8,0
2024-10-25 08:00:00,92.82,93.17,92.5299,92.62,0
2024-10-25 09:00:00,92.62,93.0,92.54,92.98,0
2024-10-25 09:30:00,92.99500274658203,93.03009796142578,92.58499908447266,92.68000030517578,6176610
2024-10-25 10:30:00,92.68409729003906,92.7300033569336,92.44999694824219,92.62000274658203,3889649
2024-10-25 11:30:00,92.62000274658203,92.62000274658203,92.36000061035156,92.46790313720703,2681297
2024-10-25 12:30:00,92.45999908447266,92.50800323486328,92.37999725341797,92.44000244140625,2121323
2024-10-25 13:30:00,92.44989776611328,92.45500183105469,92.2699966430664,92.29499816894531,2738078
2024-10-25 14:30:00,92.30000305175781,92.33999633789062,92.0199966430664,92.05999755859375,3692861
2024-10-25 15:30:00,92.05999755859375,92.18000030517578,92.04499816894531,92.13999938964844,3722754
2024-10-25 16:00:00,92.14,92.418,92.14,92.2,0
2024-10-25 17:00:00,92.21,92.21,90.0986,92.199,0
2024-10-25 18:00:00,92.1998,92.2,92.16,92.18,0
2024-10-25 19:00:00,92.18,92.23,92.18,92.23,0
2024-10-28 04:00:00,91.56,91.66,91.5,91.6,0
2024-10-28 05:00:00,91.65,91.7,91.57,91.69,0
2024-10-28 06:00:00,91.71,91.94,91.7,91.9,0
2024-10-28 07:00:00,91.93,92.04,91.89,91.89,0
2024-10-28 08:00:00,91.93,93.7,91.5,92.019,0
2024-10-28 09:00:00,92.05,92.39,92.02,92.27,0
2024-10-28 09:30:00,92.2699966430664,92.29000091552734,91.875,92.08499908447266,5816966
2024-10-28 10:30:00,92.08000183105469,92.1050033569336,91.81999969482422,91.8302001953125,2800972
2024-10-28 11:30:00,91.83000183105469,91.8550033569336,91.41500091552734,91.59500122070312,5483293
2024-10-28 12:30:00,91.58999633789062,91.6500015258789,91.5,91.6365966796875,3040881
2024-10-28 13:30:00,91.63590240478516,91.79499816894531,91.63590240478516,91.78500366210938,4220534
2024-10-28 14:30:00,91.78500366210938,91.91000366210938,91.72000122070312,91.84529876708984,4210380
2024-10-28 15:30:00,91.84500122070312,91.9800033569336,91.83999633789062,91.9000015258789,3127599
2024-10-28 16:00:00,91.89,91.91,91.735,91.78,0
2024-10-28 17:00:00,91.79,91.84,91.75,91.82,0
2024-10-28 18:00:00,91.82,91.88,91.8,91.86,0
2024-10-28 19:00:00,91.86,91.95,91.84,91.95,0
2024-10-29 04:00:00,91.81,91.81,91.46,91.48,0
2024-10-29 05:00:00,91.47,91.49,91.33,91.4,0
2024-10-29 06:00:00,91.38,91.52,91.38,91.48,0
2024-10-29 07:00:00,91.48,91.63,91.45,91.47,0
2024-10-29 08:00:00,91.49,92.0,91.34,91.3999,0
2024-10-29 09:00:00,91.371,91.39,91.12,91.17,0
2024-10-29 09:30:00,91.16999816894531,91.87999725341797,91.07499694824219,91.52999877929688,10512802
2024-10-29 10:30:00,91.53500366210938,91.57499694824219,90.98370361328125,91.13999938964844,7230876
2024-10-29 11:30:00,91.1321029663086,91.33999633789062,91.0999984741211,91.23500061035156,3545141
2024-10-29 12:30:00,91.23500061035156,91.69989776611328,91.02999877929688,91.57499694824219,6495865
2024-10-29 13:30:00,91.56999969482422,91.875,91.5199966430664,91.83499908447266,5155729
2024-10-29 14:30:00,91.83000183105469,92.0,91.77999877929688,91.88500213623047,4670556
2024-10-29 15:30:00,91.88999938964844,92.05999755859375,91.86499786376953,92.02999877929688,4564460
2024-10-29 16:00:00,92.03,92.27,89.1521,92.24,0
2024-10-29 17:00:00,92.25,92.25,87.668,92.15,0
2024-10-29 18:00:00,92.17,92.28,92.16,92.22,0
2024-10-29 19:00:00,92.22,92.28,92.18,92.2302,0
2024-10-30 04:00:00,92.34,92.45,92.34,92.43,0
2024-10-30 05:00:00,92.44,92.73,92.43,92.6,0
2024-10-30 06:00:00,92.64,92.9,92.64,92.81,0
2024-10-30 07:00:00,92.81,92.87,92.73,92.81,0
2024-10-30 08:00:00,92.79,92.88,92.23,92.4164,0
2024-10-30 09:00:00,92.32,92.895,92.21,92.8496,0
2024-10-30 09:30:00,92.83499908447266,93.27999877929688,92.75019836425781,92.8053970336914,11902780
2024-10-30 10:30:00,92.80000305175781,92.80000305175781,92.16000366210938,92.2699966430664,6601282
2024-10-30 11:30:00,92.2699966430664,92.7677001953125,92.26000213623047,92.75,4389830
2024-10-30 12:30:00,92.74500274658203,92.8499984741211,92.41500091552734,92.43399810791016,3192348
2024-10-30 13:30:00,92.43769836425781,92.69000244140625,92.43769836425781,92.63500213623047,2814182
2024-10-30 14:30:00,92.63500213623047,92.66899871826172,92.18150329589844,92.30999755859375,4472238
2024-10-30 15:30:00,92.30500030517578,92.44499969482422,92.26000213623047,92.31999969482422,4818831
2024-10-30 16:00:00,92.315,92.33,91.97,92.12,0
2024-10-30 17:00:00,92.129,92.205,92.09,92.18,0
2024-10-30 18:00:00,92.15,92.27,92.13,92.269,0
2024-10-30 19:00:00,92.25,92.27,92.2,92.24,0
2024-10-31 04:00:00,92.51,92.57,92.47,92.56,0
2024-10-31 05:00:00,92.57,92.63,92.24,92.24,0
2024-10-31 06:00:00,92.23,92.66,92.19,92.64,0
2024-10-31 07:00:00,92.65,92.74,92.47,92.47,0
2024-10-31 08:00:00,92.58,92.7,92.1976,92.52,0
2024-10-31 09:00:00,92.58,92.78,92.12,92.19,0
2024-10-31 09:30:00,92.19999694824219,92.44000244140625,91.87000274658203,92.20500183105469,9535826
2024-10-31 10:30:00,92.19999694824219,92.2249984741211,91.93000030517578,92.12000274658203,4807569
2024-10-31 11:30:00,92.12000274658203,92.56880187988281,92.01000213623047,92.41580200195312,4259469
2024-10-31 12:30:00,92.4000015258789,92.82499694824219,92.33999633789062,92.80500030517578,3496965
2024-10-31 13:30:00,92.80999755859375,92.94000244140625,92.66010284423828,92.74500274658203,4907412
2024-10-31 14:30:00,92.73999786376953,92.80500030517578,92.5,92.70999908447266,8900899
2024-10-31 15:30:00,92.71499633789062,92.7699966430664,92.25,92.44999694824219,10163911
2024-10-31 16:00:00,92.47,92.64,92.37,92.5103,0
2024-10-31 17:00:00,92.535,92.6,92.5,92.5,0
2024-10-31 18:00:00,92.52,92.5997,92.5,92.58,0
2024-10-31 19:00:00,92.59,92.6,92.44,92.44,0
2024-11-01 04:00:00,92.5,92.52,92.3,92.3,0
2024-11-01 05:00:00,92.27,92.27,92.14,92.21,0
2024-11-01 06:00:00,92.19,92.22,92.11,92.2,0
2024-11-01 07:00:00,92.19,92.34,92.1,92.27,0
2024-11-01 08:00:00,92.27,92.79,91.93,92.0,0
2024-11-01 09:00:00,92.0,92.93,91.76,92.25,0
2024-11-01 09:30:00,92.26000213623047,92.51499938964844,91.69869995117188,91.90499877929688,16580596
2024-11-01 10:30:00,91.91000366210938,91.96499633789062,91.18000030517578,91.47989654541016,16917398
2024-11-01 11:30:00,91.4800033569336,91.49500274658203,91.0250015258789,91.25,7499543
2024-11-01 12:30:00,91.24759674072266,91.37999725341797,91.16000366210938,91.19999694824219,7390511
2024-11-01 13:30:00,91.20999908447266,91.22640228271484,90.91999816894531,91.09500122070312,7719005
2024-11-01 14:30:00,91.09500122070312,91.15660095214844,90.94000244140625,90.94499969482422,3792505
2024-11-01 15:30:00,90.94999694824219,90.9800033569336,90.80000305175781,90.85009765625,7197107
2024-11-01 16:00:00,90.84,90.9,90.2209,90.7,0
2024-11-01 17:00:00,90.71,90.85,90.68,90.84,0
2024-11-01 18:00:00,90.83,90.94,90.83,90.94,0
2024-11-01 19:00:00,90.94,90.94,90.82,90.8799,0
2024-11-04 04:00:00,91.94,91.99,91.83,91.99,0
2024-11-04 05:00:00,91.97,92.15,91.96,92.04,0
2024-11-04 06:00:00,92.04,92.3,92.04,92.25,0
2024-11-04 07:00:00,92.26,92.4,92.131,92.16,0
2024-11-04 08:00:00,92.19,92.6534,91.82,92.1276,0
2024-11-04 09:00:00,92.11,92.49,92.02,92.29,0
2024-11-04 09:30:00,92.27999877929688,92.56999969482422,92.20999908447266,92.4000015258789,10492057
2024-11-04 10:30:00,92.40019989013672,92.48999786376953,91.88999938964844,92.01000213623047,6713500
2024-11-04 11:30:00,92.01499938964844,92.26000213623047,91.9800033569336,92.16999816894531,4335406
2024-11-04 12:30:00,92.16999816894531,92.20999908447266,91.62999725341797,91.7300033569336,4535626
2024-11-04 13:30:00,91.72989654541016,92.12999725341797,91.71389770507812,92.08000183105469,3431949
2024-11-04 14:30:00,92.08000183105469,92.20999908447266,91.91000366210938,92.01499938964844,3733683
2024-11-04 15:30:00,92.01499938964844,92.30999755859375,92.00499725341797,92.2300033569336,5687311
2024-11-04 16:00:00,92.25,92.49,92.22,92.42,0
2024-11-04 17:00:00,92.4209,97.952,92.31,92.32,0
2024-11-04 18:00:00,92.37,92.44,92.33,92.41,0
2024-11-05 04:00:00,92.13,92.13,92.02,92.09,0
2024-11-05 05:00:00,92.14,92.15,92.05,92.06,0
2024-11-05 06:00:00,92.08,92.1,92.02,92.05,0
2024-11-05 07:00:00,92.04,92.11,91.95,91.95,0
2024-11-05 08:00:00,91.96,92.32,91.81,91.8998,0
2024-11-05 09:00:00,91.89,92.25,91.86,92.0399,0
2024-11-05 09:30:00,92.03800201416016,92.1500015258789,91.6500015258789,91.68499755859375,8112918
2024-11-05 10:30:00,91.66999816894531,91.80940246582031,91.5999984741211,91.63999938964844,3817736
2024-11-05 11:30:00,91.63999938964844,91.79499816894531,91.61499786376953,91.77999877929688,3238972
2024-11-05 12:30:00,91.77999877929688,92.19999694824219,91.73999786376953,92.08999633789062,4736600
2024-11-05 13:30:00,92.08999633789062,92.41000366210938,92.04129791259766,92.33499908447266,4083266
2024-11-05 14:30:00,92.33989715576172,92.86000061035156,92.33000183105469,92.80000305175781,6259120
2024-11-05 15:30:00,92.80500030517578,92.9000015258789,92.6500015258789,92.70500183105469,5866740
2024-11-05 16:00:00,92.74,92.86,92.25,92.86,0
2024-11-05 17:00:00,92.85,92.9,89.2283,92.73,0
2024-11-05 18:00:00,92.79,93.15,92.23,93.08,0
2024-11-06 04:00:00,90.63,90.63,90.19,90.22,0
2024-11-06 05:00:00,90.23,90.37,90.17,90.3,0
2024-11-06 06:00:00,90.3,90.36,89.55,89.64,0
2024-11-06 07:00:00,89.65,89.78,89.46,89.56,0
2024-11-06 08:00:00,89.54,91.31,89.4588,89.93,0
2024-11-06 09:00:00,89.92,92.74,89.53,89.63,0
2024-11-06 09:30:00,89.62999725341797,90.15499877929688,89.55449676513672,89.95500183105469,28045916
2024-11-06 10:30:00,89.95500183105469,90.125,89.79000091552734,89.88999938964844,11688228
2024-11-06 11:30:00,89.88999938964844,90.11499786376953,89.62000274658203,90.06009674072266,7730157
2024-11-06 12:30:00,90.06009674072266,90.72000122070312,89.94280242919922,90.58999633789062,10788138
2024-11-06 13:30:00,90.59500122070312,90.61000061035156,89.83499908447266,90.17500305175781,9258069
2024-11-06 14:30:00,90.17500305175781,90.4800033569336,90.16999816894531,90.29499816894531,6254311
2024-11-06 15:30:00,90.29499816894531,90.41000366210938,90.20999908447266,90.2300033569336,8236562
2024-11-06 16:00:00,90.23,90.37,90.2,90.28,0
2024-11-06 17:00:00,90.28,91.9447,89.219,90.39,0
2024-11-06 18:00:00,90.3899,90.55,90.32,90.5,0
2024-11-07 04:00:00,90.4,90.4,90.17,90.26,0
2024-11-07 05:00:00,90.29,90.32,90.19,90.25,0
2024-11-07 06:00:00,90.28,90.34,89.95,90.0,0
2024-11-07 07:00:00,90.03,90.23,89.92,90.14,0
2024-11-07 08:00:00,90.15,90.81,89.9112,90.31,0
2024-11-07 09:00:00,90.31,90.83,90.1,90.74,0
2024-11-07 09:30:00,90.75,91.1050033569336,90.6500015258789,91.0302963256836,9947909
2024-11-07 10:30:00,91.02999877929688,91.20500183105469,90.80500030517578,90.86499786376953,6685003
2024-11-07 11:30:00,90.86499786376953,91.04000091552734,90.86499786376953,91.03500366210938,3300667
2024-11-07 12:30:00,91.03990173339844,91.21499633789062,91.03500366210938,91.0999984741211,2888712
2024-11-07 13:30:00,91.0979995727539,91.2699966430664,90.93000030517578,90.95950317382812,6425656
2024-11-07 14:30:00,90.97000122070312,91.62000274658203,90.83999633789062,91.44999694824219,10247308
2024-11-07 15:30:00,91.45500183105469,91.46499633789062,91.13009643554688,91.28500366210938,6485733
2024-11-07 16:00:00,91.31,91.45,91.2198,91.4,0
2024-11-07 17:00:00,91.4,95.8577,89.3365,91.36,0
2024-11-07 18:00:00,91.37,91.39,91.29,91.3294,0
2024-11-08 04:00:00,91.97,91.97,91.83,91.92,0
2024-11-08 05:00:00,91.93,91.94,91.85,91.87,0
2024-11-08 06:00:00,91.85,91.86,91.74,91.74,0
2024-11-08 07:00:00,91.74,91.78,91.64,91.74,0
2024-11-08 08:00:00,91.75,92.04,91.32,91.85,0
2024-11-08 09:00:00,91.88,92.02,91.6,92.0,0
2024-11-08 09:30:00,92.0,92.59549713134766,91.99240112304688,92.48500061035156,12447647
2024-11-08 10:30:00,92.4800033569336,92.54000091552734,91.99369812011719,92.05999755859375,8380177
2024-11-08 11:30:00,92.05999755859375,92.08999633789062,91.8499984741211,92.05500030517578,5966886
2024-11-08 12:30:00,92.05020141601562,92.37999725341797,92.0199966430664,92.18499755859375,4858619
2024-11-08 13:30:00,92.18499755859375,92.37999725341797,92.06999969482422,92.2249984741211,3779635
2024-11-08 14:30:00,92.2249984741211,92.28990173339844,92.05000305175781,92.20500183105469,3754975
2024-11-08 15:30:00,92.20790100097656,92.51000213623047,92.154296875,92.4800033569336,6416949
2024-11-08 16:00:00,92.49,92.52,92.25,92.29,0
2024-11-08 17:00:00,92.29,92.36,90.0986,92.245,0
2024-11-08 18:00:00,92.24,92.25,92.2,92.22,0
2024-11-11 04:00:00,91.89,92.08,91.8,92.08,0
2024-11-11 05:00:00,92.09,92.2,92.07,92.1,0
2024-11-11 06:00:00,92.08,92.08,91.95,91.99,0
2024-11-11 07:00:00,91.99,92.0,91.85,91.86,0
2024-11-11 08:00:00,91.89,92.1736,91.69,91.7401,0
2024-11-11 09:00:00,91.75,92.31,91.73,92.24,0
2024-11-11 09:30:00,92.23999786376953,92.29499816894531,91.62000274658203,91.73259735107422,6060889
2024-11-11 10:30:00,91.7300033569336,92.04000091552734,91.68000030517578,91.9749984741211,2042246
2024-11-11 11:30:00,91.97000122070312,91.99500274658203,91.86000061035156,91.86620330810547,1621114
2024-11-11 12:30:00,91.8656997680664,92.08999633789062,91.86000061035156,92.07569885253906,1524912
2024-11-11 13:30:00,92.07219696044922,92.07640075683594,91.85009765625,91.8550033569336,1244629
2024-11-11 14:30:00,91.8550033569336,92.0199966430664,91.8499984741211,91.9927978515625,1573762
2024-11-11 15:30:00,91.99430084228516,92.11000061035156,91.98999786376953,92.04000091552734,3294154
2024-11-11 16:00:00,92.04,92.11,92.0,92.1,0
2024-11-11 17:00:00,92.09,92.11,92.0,92.05,0
2024-11-11 18:00:00,92.03,92.23,92.03,92.185,0
2024-11-12 04:00:00,91.82,91.88,91.76,91.76,0
2024-11-12 05:00:00,91.76,91.91,91.76,91.86,0
2024-11-12 06:00:00,91.8,91.87,91.77,91.83,0
2024-11-12 07:00:00,91.79,91.8,91.46,91.72,0
2024-11-12 08:00:00,91.72,92.4,91.43,91.485,0
2024-11-12 09:00:00,91.49,91.54,91.28,91.37,0
2024-11-12 09:30:00,91.3949966430664,91.83999633789062,91.3499984741211,91.63999938964844,7860416
2024-11-12 10:30:00,91.66500091552734,91.72570037841797,91.22000122070312,91.2750015258789,4552564
2024-11-12 11:30:00,91.2750015258789,91.31999969482422,90.57499694824219,90.66500091552734,6557706
2024-11-12 12:30:00,90.66999816894531,90.7699966430664,90.51860046386719,90.67109680175781,5450304
2024-11-12 13:30:00,90.67500305175781,90.76000213623047,90.57499694824219,90.68000030517578,3700141
2024-11-12 14:30:00,90.67500305175781,90.7699966430664,90.5250015258789,90.55130004882812,4417120
2024-11-12 15:30:00,90.55500030517578,90.69000244140625,90.51000213623047,90.66000366210938,6067761
2024-11-12 16:00:00,90.6625,90.88,87.668,90.79,0
2024-11-12 17:00:00,90.7899,90.849,90.66,90.78,0
2024-11-12 18:00:00,90.77,90.81,90.63,90.72,0
2024-11-13 04:00:00,90.98,91.15,90.97,91.15,0
2024-11-13 05:00:00,91.13,91.19,90.97,90.98,0
2024-11-13 06:00:00,90.96,91.01,90.83,90.83,0
2024-11-13 07:00:00,90.88,91.14,90.88,91.06,0
2024-11-13 08:00:00,91.05,92.25,90.55,91.02,0
2024-11-13 09:00:00,91.16,91.6495,90.66,91.52,0
2024-11-13 09:30:00,91.5199966430664,91.54000091552734,90.41999816894531,90.43000030517578,10916610
2024-11-13 10:30:00,90.41999816894531,90.62999725341797,90.1050033569336,90.4749984741211,7099464
2024-11-13 11:30:00,90.4800033569336,90.7699966430664,90.2300033569336,90.23500061035156,3929734
2024-11-13 12:30:00,90.23999786376953,90.31909942626953,89.72000122070312,89.84500122070312,7291527
2024-11-13 13:30:00,89.83999633789062,89.9749984741211,89.75,89.94499969482422,3722509
2024-11-13 14:30:00,89.94499969482422,90.08000183105469,89.72000122070312,89.84500122070312,3710964
2024-11-13 15:30:00,89.83999633789062,89.95999908447266,89.80999755859375,89.8499984741211,4838034
2024-11-13 16:00:00,89.85,89.9,89.7397,89.8298,0
2024-11-13 17:00:00,89.83,89.98,89.82,89.915,0
2024-11-13 18:00:00,89.91,89.97,89.8601,89.8899,0
2024-11-14 04:00:00,89.81,89.81,89.73,89.74,0
2024-11-14 05:00:00,89.73,89.75,89.67,89.72,0
2024-11-14 06:00:00,89.71,90.06,89.71,89.93,0
2024-11-14 07:00:00,89.91,90.11,89.91,90.05,0
2024-11-14 08:00:00,90.06,90.2664,89.61,90.26,0
2024-11-14 09:00:00,90.22,90.6,89.7201,90.56,0
2024-11-14 09:30:00,90.55000305175781,90.73500061035156,90.36000061035156,90.5999984741211,8040112
2024-11-14 10:30:00,90.58999633789062,90.83999633789062,90.2699966430664,90.73500061035156,5322473
2024-11-14 11:30:00,90.74230194091797,91.0250015258789,90.69999694824219,90.98100280761719,3242065
2024-11-14 12:30:00,90.9800033569336,90.98999786376953,90.73500061035156,90.756103515625,5158731
2024-11-14 13:30:00,90.75499725341797,90.8499984741211,90.54000091552734,90.58499908447266,4591419
2024-11-14 14:30:00,90.58499908447266,90.69989776611328,90.29000091552734,90.55999755859375,7738681
2024-11-14 15:30:00,90.56500244140625,90.6500015258789,90.2699966430664,90.3499984741211,8348237
2024-11-14 16:00:00,90.32,90.47,90.2,90.46,0
2024-11-14 17:00:00,90.46,90.49,90.32,90.44,0
2024-11-14 18:00:00,90.46,90.46,90.31,90.3309,0
2024-11-15 04:00:00,90.35,90.38,90.23,90.28,0
2024-11-15 05:00:00,90.29,90.6,90.29,90.58,0
2024-11-15 06:00:00,90.5,90.54,90.39,90.39,0
2024-11-15 07:00:00,90.44,90.52,90.28,90.35,0
2024-11-15 08:00:00,90.33,90.65,90.1,90.43,0
2024-11-15 09:00:00,90.36,90.5,89.88,89.885,0
2024-11-15 09:30:00,89.91999816894531,89.94020080566406,89.51000213623047,89.7249984741211,9912146
2024-11-15 10:30:00,89.72709655761719,90.19999694824219,89.66999816894531,89.79499816894531,9540092
2024-11-15 11:30:00,89.79499816894531,90.06999969482422,89.61000061035156,90.064697265625,23642533
2024-11-15 12:30:00,90.06999969482422,90.5,90.05000305175781,90.40859985351562,5701439
2024-11-15 13:30:00,90.41000366210938,90.6500015258789,90.33000183105469,90.4000015258789,6091205
2024-11-15 14:30:00,90.40499877929688,90.45999908447266,90.20999908447266,90.29499816894531,3583202
2024-11-15 15:30:00,90.29499816894531,90.31500244140625,90.04499816894531,90.0999984741211,6764919
2024-11-15 16:00:00,90.08,90.2209,86.1432,90.01,0
2024-11-15 17:00:00,90.05,90.06,89.99,90.05,0
2024-11-15 18:00:00,90.05,90.21,90.05,90.09,0
2024-11-18 04:00:00,89.94,90.07,89.84,90.05,0
2024-11-18 05:00:00,90.08,90.08,89.53,89.57,0
2024-11-18 06:00:00,89.58,89.68,89.56,89.6,0
2024-11-18 07:00:00,89.6,89.61,89.46,89.49,0
2024-11-18 08:00:00,89.489,90.22,89.2088,89.22,0
2024-11-18 09:00:00,89.22,90.08,89.2,89.6324,0
2024-11-18 09:30:00,89.66000366210938,89.71499633789062,89.42400360107422,89.62999725341797,8784030
2024-11-18 10:30:00,89.62999725341797,89.94999694824219,89.55249786376953,89.81999969482422,5415165
2024-11-18 11:30:00,89.81999969482422,90.18499755859375,89.79000091552734,90.17500305175781,3771791
2024-11-18 12:30:00,90.18000030517578,90.58999633789062,90.10009765625,90.57499694824219,3320021
2024-11-18 13:30:00,90.56999969482422,90.56999969482422,90.16999816894531,90.17500305175781,3490170
2024-11-18 14:30:00,90.16999816894531,90.27999877929688,90.13500213623047,90.13999938964844,3038189
2024-11-18 15:30:00,90.1500015258789,90.25,90.12999725341797,90.2300033569336,2086892
2024-11-18 16:00:00,90.24,92.0217,90.14,90.21,0
2024-11-18 17:00:00,90.2,90.21,90.1205,90.13,0
2024-11-18 18:00:00,90.13,90.3189,90.13,90.21,0
2024-11-19 04:00:00,90.81,91.09,90.78,91.07,0
2024-11-19 05:00:00,91.06,91.1,90.81,90.86,0
2024-11-19 06:00:00,90.85,90.92,90.74,90.92,0
2024-11-19 07:00:00,90.91,90.92,90.67,90.85,0
2024-11-19 08:00:00,90.86,91.12,90.25,91.11,0
2024-11-19 09:00:00,91.1052,91.37,90.24,90.83,0
2024-11-19 09:30:00,90.8280029296875,90.91000366210938,90.68150329589844,90.86509704589844,6107295
2024-11-19 10:30:00,90.87000274658203,91.0468978881836,90.72000122070312,90.72000122070312,4847472
2024-11-19 11:30:00,90.7300033569336,91.06999969482422,90.70159912109375,90.97989654541016,3013561
2024-11-19 12:30:00,90.9800033569336,90.98999786376953,90.62999725341797,90.80770111083984,2859240
2024-11-19 13:30:00,90.80999755859375,90.95500183105469,90.79000091552734,90.80500030517578,2257937
2024-11-19 14:30:00,90.80500030517578,90.97000122070312,90.75,90.7750015258789,2532179
2024-11-19 15:30:00,90.7699966430664,90.7699966430664,90.62000274658203,90.72000122070312,3247315
2024-11-19 16:00:00,90.7,90.7001,90.59,90.6298,0
2024-11-19 17:00:00,89.2283,90.64,89.2283,90.6,0
2024-11-19 18:00:00,90.595,90.7,90.49,90.52,0
2024-11-20 04:00:00,90.26,90.28,90.18,90.18,0
2024-11-20 05:00:00,90.15,90.33,90.15,90.28,0
2024-11-20 06:00:00,90.3,90.33,90.19,90.21,0
2024-11-20 07:00:00,90.25,90.28,90.1,90.12,0
2024-11-20 08:00:00,90.12,90.54,90.08,90.15,0
2024-11-20 09:00:00,90.139,92.9567,90.0,90.14,0
2024-11-20 09:30:00,90.1500015258789,90.6449966430664,90.11000061035156,90.44999694824219,5885910
2024-11-20 10:30:00,90.45999908447266,90.75,90.37000274658203,90.73999786376953,3826482
2024-11-20 11:30:00,90.75,90.80000305175781,90.60009765625,90.79879760742188,3027616
2024-11-20 12:30:00,90.79000091552734,90.83000183105469,90.30000305175781,90.44000244140625,5028180
2024-11-20 13:30:00,90.44499969482422,90.49500274658203,90.33499908447266,90.46499633789062,2254919
2024-11-20 14:30:00,90.47630310058594,90.625,90.30000305175781,90.48500061035156,3197947
2024-11-20 15:30:00,90.48999786376953,90.51000213623047,90.37000274658203,90.43000030517578,2326403
2024-11-20 16:00:00,90.41,90.5128,90.32,90.365,0
2024-11-20 17:00:00,90.37,91.9447,89.219,90.395,0
2024-11-20 18:00:00,90.44,90.5,90.41,90.4394,0
2024-11-21 04:00:00,90.44,90.71,90.42,90.6,0
2024-11-21 05:00:00,90.54,90.71,90.49,90.66,0
2024-11-21 06:00:00,90.66,90.87,90.49,90.49,0
2024-11-21 07:00:00,90.49,90.62,90.36,90.62,0
2024-11-21 08:00:00,90.63,90.7264,90.27,90.32,0
2024-11-21 09:00:00,90.25,90.65,90.14,90.45,0
2024-11-21 09:30:00,90.44000244140625,90.84559631347656,90.44000244140625,90.73999786376953,5581449
2024-11-21 10:30:00,90.73999786376953,90.77999877929688,90.31009674072266,90.42250061035156,3131780
2024-11-21 11:30:00,90.42500305175781,90.44000244140625,90.12999725341797,90.28500366210938,4067310
2024-11-21 12:30:00,90.27999877929688,90.45500183105469,90.17500305175781,90.18000030517578,2097514
2024-11-21 13:30:00,90.17500305175781,90.26000213623047,90.0199966430664,90.08499908447266,3202900
2024-11-21 14:30:00,90.08000183105469,90.25,90.0,90.19499969482422,2848174
2024-11-21 15:30:00,90.19000244140625,90.32499694824219,90.18000030517578,90.30000305175781,2835974
2024-11-21 16:00:00,90.3,90.42,90.25,90.31,0
2024-11-21 17:00:00,90.3591,90.4351,89.3365,90.33,0
2024-11-21 18:00:00,90.34,90.45,90.34,90.3799,0
2024-11-22 04:00:00,90.67,90.78,90.64,90.7,0
2024-11-22 05:00:00,90.73,90.82,90.73,90.73,0
2024-11-22 06:00:00,90.71,90.72,90.59,90.61,0
2024-11-22 07:00:00,90.7,90.81,90.64,90.65,0
2024-11-22 08:00:00,90.72,90.879,90.3,90.82,0
2024-11-22 09:00:00,90.83,90.83,89.8575,90.5,0
2024-11-22 09:30:00,90.51000213623047,90.62999725341797,90.22000122070312,90.27999877929688,5380421
2024-11-22 10:30:00,90.27999877929688,90.57540130615234,90.1500015258789,90.4800033569336,3879774
2024-11-22 11:30:00,90.47000122070312,90.69999694824219,90.45500183105469,90.61499786376953,2593631
2024-11-22 12:30:00,90.6050033569336,90.68000030517578,90.43000030517578,90.43499755859375,1574157
2024-11-22 13:30:00,90.44000244140625,90.69010162353516,90.43000030517578,90.5250015258789,1633181
2024-11-22 14:30:00,90.5250015258789,90.54820251464844,90.41999816894531,90.4749984741211,3259960
2024-11-22 15:30:00,90.4749984741211,90.53500366210938,90.33000183105469,90.38999938964844,2150839
2024-11-22 16:00:00,90.39,90.54,90.37,90.54,0
2024-11-22 17:00:00,90.545,90.545,90.0986,90.47,0
2024-11-22 18:00:00,90.4694,90.5,90.39,90.45,0
2024-11-25 04:00:00,91.65,91.65,91.55,91.59,0
2024-11-25 05:00:00,91.59,91.69,91.57,91.65,0
2024-11-25 06:00:00,91.66,91.67,91.51,91.54,0
2024-11-25 07:00:00,91.53,91.53,91.19,91.23,0
2024-11-25 08:00:00,91.289,91.89,91.18,91.7707,0
2024-11-25 09:00:00,91.8,92.2601,91.66,92.21,0
2024-11-25 09:30:00,92.20500183105469,92.26499938964844,91.98500061035156,92.19000244140625,13569343
2024-11-25 10:30:00,92.19000244140625,92.45999908447266,92.1500015258789,92.30500030517578,5604009
2024-11-25 11:30:00,92.30000305175781,92.3499984741211,92.08499908447266,92.24500274658203,3726998
2024-11-25 12:30:00,92.24980163574219,92.57499694824219,92.18009948730469,92.55500030517578,4163248
2024-11-25 13:30:00,92.55500030517578,92.77999877929688,92.51499938964844,92.7750015258789,4526400
2024-11-25 14:30:00,92.77999877929688,92.77999877929688,92.58000183105469,92.67500305175781,3922652
2024-11-25 15:30:00,92.67500305175781,92.7249984741211,92.58999633789062,92.69000244140625,6482665
2024-11-25 16:00:00,92.685,92.73,92.411,92.4392,0
2024-11-25 17:00:00,92.4392,92.56,92.3901,92.3901,0
2024-11-25 18:00:00,92.39,92.639,92.35,92.37,0
2024-11-26 04:00:00,92.08,92.11,92.03,92.06,0
2024-11-26 05:00:00,92.07,92.14,92.03,92.1,0
2024-11-26 06:00:00,92.14,92.33,92.09,92.28,0
2024-11-26 07:00:00,92.26,92.45,92.22,92.45,0
2024-11-26 08:00:00,92.45,92.73,92.0376,92.1199,0
2024-11-26 09:00:00,92.12,92.31,92.09,92.15,0
2024-11-26 09:30:00,92.16600036621094,92.31999969482422,91.88500213623047,91.91000366210938,6438233
2024-11-26 10:30:00,91.91999816894531,92.1449966430664,91.80999755859375,92.06999969482422,2976384
2024-11-26 11:30:00,92.06999969482422,92.26000213623047,92.01000213623047,92.24369812011719,2419475
2024-11-26 12:30:00,92.2479019165039,92.33000183105469,92.07499694824219,92.08000183105469,3074091
2024-11-26 13:30:00,92.08000183105469,92.26000213623047,92.08000183105469,92.12000274658203,2647068
2024-11-26 14:30:00,92.12000274658203,92.2699966430664,92.09500122070312,92.23999786376953,1523290
2024-11-26 15:30:00,92.25,92.43620300292969,92.25,92.41000366210938,4705818
2024-11-26 16:00:00,92.4,92.515,92.21,92.2191,0
2024-11-26 17:00:00,92.23,92.31,87.668,92.2699,0
2024-11-26 18:00:00,92.29,92.29,92.21,92.22,0
2024-11-27 04:00:00,92.62,92.69,92.6,92.69,0
2024-11-27 05:00:00,92.68,92.87,92.68,92.8,0
2024-11-27 06:00:00,92.78,92.84,92.66,92.66,0
2024-11-27 07:00:00,92.67,92.77,92.58,92.77,0
2024-11-27 08:00:00,92.75,92.89,92.34,92.79,0
2024-11-27 09:00:00,92.87,93.0497,92.78,93.041,0
2024-11-27 09:30:00,93.0,93.09500122070312,92.66999816894531,92.8550033569336,10615938
2024-11-27 10:30:00,92.86000061035156,93.02999877929688,92.79499816894531,92.87999725341797,3971754
2024-11-27 11:30:00,92.875,93.29000091552734,92.87000274658203,93.18000030517578,4794016
2024-11-27 12:30:00,93.18000030517578,93.37999725341797,93.12999725341797,93.32499694824219,3276586
2024-11-27 13:30:00,93.32250213623047,93.32499694824219,93.15989685058594,93.16500091552734,3458250
2024-11-27 14:30:00,93.1698989868164,93.19999694824219,92.875,92.92009735107422,3708956
2024-11-27 15:30:00,92.92500305175781,93.08000183105469,92.73999786376953,93.05999755859375,4471994
2024-11-27 16:00:00,93.01,93.1,92.9,92.9,0
2024-11-27 17:00:00,92.88,93.015,92.88,92.95,0
2024-11-27 18:00:00,92.93,92.93,92.81,92.84,0
2024-11-29 04:00:00,93.52,93.61,93.52,93.6,0
2024-11-29 05:00:00,93.6,93.78,93.57,93.73,0
2024-11-29 06:00:00,93.75,93.82,93.68,93.8,0
2024-11-29 07:00:00,93.75,93.76,93.67,93.69,0
2024-11-29 08:00:00,93.65,93.8164,93.2,93.54,0
2024-11-29 09:00:00,93.5202,93.86,93.5202,93.77,0
2024-11-29 09:30:00,93.76000213623047,93.8583984375,93.54000091552734,93.54000091552734,4948183
2024-11-29 10:30:00,93.5425033569336,93.66999816894531,93.44000244140625,93.55999755859375,5137797
2024-11-29 11:30:00,93.56500244140625,93.69999694824219,93.5199966430664,93.57499694824219,4911084
2024-11-29 13:00:00,93.58000183105469,93.98999786376953,93.57469940185547,93.98999786376953,0
2024-11-29 14:00:00,93.96,94.08,93.96,93.99,0
2024-11-29 15:00:00,93.99,94.02,90.2209,93.96,0
2024-11-29 16:00:00,93.98,94.03,93.95,94.02,0
2024-12-02 04:00:00,93.58,93.7,93.58,93.6,0
2024-12-02 05:00:00,93.58,93.59,93.36,93.47,0
2024-12-02 06:00:00,93.41,93.47,93.36,93.43,0
2024-12-02 07:00:00,93.45,93.57,93.45,93.56,0
2024-12-02 08:00:00,93.57,93.74,93.27,93.36,0
2024-12-02 09:00:00,93.36,93.97,93.13,93.27,0
2024-12-02 09:30:00,93.2699966430664,93.34500122070312,93.01000213623047,93.1050033569336,10535872
2024-12-02 10:30:00,93.1050033569336,94.10540008544922,93.1050033569336,94.07499694824219,7056251
2024-12-02 11:30:00,94.07499694824219,94.14749908447266,93.92500305175781,94.00029754638672,4792671
2024-12-02 12:30:00,94.00499725341797,94.04499816894531,93.80000305175781,93.875,3228043
2024-12-02 13:30:00,93.87999725341797,93.9437026977539,93.84269714355469,93.9000015258789,1963476
2024-12-02 14:30:00,93.88999938964844,93.94000244140625,93.76000213623047,93.8499984741211,3248322
2024-12-02 15:30:00,93.8499984741211,93.91000366210938,93.75,93.86000061035156,4450857
2024-12-02 16:00:00,93.86,93.87,93.66,93.77,0
2024-12-02 17:00:00,93.7704,99.387,93.7,93.76,0
2024-12-02 18:00:00,93.76,93.78,93.66,93.71,0
2024-12-03 04:00:00,93.44,93.44,93.34,93.35,0
2024-12-03 05:00:00,93.32,93.35,93.3,93.32,0
2024-12-03 06:00:00,93.31,93.36,93.26,93.36,0
2024-12-03 07:00:00,93.36,93.51,93.36,93.39,0
2024-12-03 08:00:00,93.42,93.57,93.3024,93.51,0
2024-12-03 09:00:00,93.5,94.12,93.5,93.93,0
2024-12-03 09:30:00,93.91999816894531,94.02999877929688,93.68000030517578,93.69999694824219,7564716
2024-12-03 10:30:00,93.69999694824219,93.74500274658203,93.3499984741211,93.4000015258789,4383350
2024-12-03 11:30:00,93.4000015258789,93.6050033569336,93.25,93.38500213623047,2465460
2024-12-03 12:30:00,93.38999938964844,93.66000366210938,93.36000061035156,93.63999938964844,2444563
2024-12-03 13:30:00,93.6500015258789,93.67500305175781,93.38999938964844,93.43000030517578,2389313
2024-12-03 14:30:00,93.43000030517578,93.45989990234375,93.19000244140625,93.19499969482422,2694298
2024-12-03 15:30:00,93.19000244140625,93.22000122070312,92.9917984008789,93.05000305175781,4188244
2024-12-03 16:00:00,93.05,93.5248,93.02,93.1698,0
2024-12-03 17:00:00,93.16,93.2,89.2283,93.135,0
2024-12-03 18:00:00,93.12,93.15,93.04,93.1098,0
2024-12-04 04:00:00,92.8,92.87,92.75,92.81,0
2024-12-04 05:00:00,92.81,92.84,92.73,92.8,0
2024-12-04 06:00:00,92.8,92.82,92.71,92.76,0
2024-12-04 07:00:00,92.77,92.8,92.66,92.66,0
2024-12-04 08:00:00,92.661,93.08,92.4601,92.55,0
2024-12-04 09:00:00,92.5596,93.06,92.48,92.6301,0
2024-12-04 09:30:00,92.61499786376953,93.36000061035156,92.54000091552734,93.2699966430664,6589700
2024-12-04 10:30:00,93.26499938964844,93.69499969482422,93.12999725341797,93.65609741210938,4155253
2024-12-04 11:30:00,93.65499877929688,93.76499938964844,93.58000183105469,93.66999816894531,3362926
2024-12-04 12:30:00,93.66380310058594,94.01000213623047,93.5999984741211,93.91999816894531,2664432
2024-12-04 13:30:00,93.91899871826172,94.1050033569336,93.81500244140625,94.08999633789062,3568937
2024-12-04 14:30:00,94.09500122070312,94.19000244140625,93.93499755859375,94.00499725341797,4043567
2024-12-04 15:30:00,94.0,94.12999725341797,93.94999694824219,94.08000183105469,3877862
2024-12-04 16:00:00,94.06,94.1,90.34,94.0806,0
2024-12-04 17:00:00,94.0801,94.1,89.219,94.04,0
2024-12-04 18:00:00,94.01,94.05,93.95,93.95,0
2024-12-05 04:00:00,93.8,93.84,93.75,93.75,0
2024-12-05 05:00:00,93.78,93.78,93.69,93.74,0
2024-12-05 06:00:00,93.77,93.94,93.75,93.87,0
2024-12-05 07:00:00,93.89,94.03,93.72,93.72,0
2024-12-05 08:00:00,93.71,94.02,93.6203,93.9,0
2024-12-05 09:00:00,93.93,94.0,90.81,93.73,0
2024-12-05 09:30:00,93.71199798583984,94.0199966430664,93.65499877929688,93.8499984741211,4789203
2024-12-05 10:30:00,93.86000061035156,94.125,93.80000305175781,94.05000305175781,2088188
2024-12-05 11:30:00,94.04989624023438,94.25,93.91500091552734,94.22000122070312,2867358
2024-12-05 12:30:00,94.22000122070312,94.30999755859375,94.11000061035156,94.1176986694336,3419249
2024-12-05 13:30:00,94.11499786376953,94.29000091552734,94.08000183105469,94.2249984741211,2118195
2024-12-05 14:30:00,94.2249984741211,94.38999938964844,94.20999908447266,94.37000274658203,3601318
2024-12-05 15:30:00,94.37000274658203,94.37580108642578,94.20999908447266,94.2300033569336,2596470
2024-12-05 16:00:00,94.24,94.32,94.128,94.29,0
2024-12-05 17:00:00,94.29,94.31,89.3365,94.18,0
2024-12-05 18:00:00,94.1797,94.25,94.15,94.17,0
2024-12-06 04:00:00,94.35,94.35,94.28,94.31,0
2024-12-06 05:00:00,94.32,94.32,94.19,94.21,0
2024-12-06 06:00:00,94.2,94.35,94.2,94.3,0
2024-12-06 07:00:00,94.32,94.44,94.28,94.36,0
2024-12-06 08:00:00,94.369,94.53,94.22,94.42,0
2024-12-06 09:00:00,94.34,94.75,94.12,94.73,0
2024-12-06 09:30:00,94.70999908447266,94.8499984741211,94.34110260009766,94.38500213623047,8146552
2024-12-06 10:30:00,94.38999938964844,94.43000030517578,94.0199966430664,94.13369750976562,4512738
2024-12-06 11:30:00,94.13500213623047,94.33999633789062,94.12439727783203,94.2249984741211,2758366
2024-12-06 12:30:00,94.2300033569336,94.30000305175781,94.10140228271484,94.29499816894531,1568604
2024-12-06 13:30:00,94.29499816894531,94.37000274658203,94.19999694824219,94.25499725341797,1236941
2024-12-06 14:30:00,94.23999786376953,94.45590209960938,94.23999786376953,94.31780242919922,2712366
2024-12-06 15:30:00,94.3125,94.41999816894531,94.30000305175781,94.37000274658203,3924545
2024-12-06 16:00:00,94.36,94.39,94.32,94.34,0
2024-12-06 17:00:00,94.33,94.39,87.8526,94.2805,0
2024-12-06 18:00:00,94.29,94.33,94.28,94.3,0
2024-12-09 04:00:00,94.17,94.19,94.09,94.14,0
2024-12-09 05:00:00,94.12,94.19,94.07,94.1,0
2024-12-09 06:00:00,94.05,94.07,94.01,94.01,0
2024-12-09 07:00:00,94.0,94.06,93.98,94.0,0
2024-12-09 08:00:00,94.02,94.59,93.76,94.0088,0
2024-12-09 09:00:00,94.0,94.39,93.84,94.01,0
2024-12-09 09:30:00,93.98999786376953,94.04000091552734,93.6050033569336,93.62999725341797,6454041
2024-12-09 10:30:00,93.625,93.86499786376953,93.62000274658203,93.76000213623047,3075928
2024-12-09 11:30:00,93.76000213623047,93.77999877929688,93.5199966430664,93.625,2187686
2024-12-09 12:30:00,93.625,93.73989868164062,93.55999755859375,93.7249984741211,1585394
2024-12-09 13:30:00,93.72000122070312,93.7300033569336,93.49009704589844,93.49500274658203,2265963
2024-12-09 14:30:00,93.48999786376953,93.58999633789062,93.46499633789062,93.5199966430664,3967441
2024-12-09 15:30:00,93.51499938964844,93.5999984741211,93.5,93.58000183105469,3870516
2024-12-09 16:00:00,93.565,93.63,92.327,93.55,0
2024-12-09 17:00:00,93.56,93.61,93.53,93.54,0
2024-12-09 18:00:00,93.57,93.62,93.5507,93.585,0
2024-12-10 04:00:00,93.44,93.45,93.38,93.38,0
2024-12-10 05:00:00,93.38,93.38,93.25,93.28,0
2024-12-10 06:00:00,93.32,93.33,93.11,93.13,0
2024-12-10 07:00:00,93.12,93.16,92.94,93.04,0
2024-12-10 08:00:00,93.031,93.52,92.85,93.01,0
2024-12-10 09:00:00,93.02,93.13,92.86,93.0192,0
2024-12-10 09:30:00,93.0,93.30000305175781,92.97480010986328,93.08999633789062,5331388
2024-12-10 10:30:00,93.09500122070312,93.20500183105469,92.91000366210938,93.12999725341797,3433411
2024-12-10 11:30:00,93.12999725341797,93.18000030517578,92.98999786376953,93.15499877929688,1552876
2024-12-10 12:30:00,93.1500015258789,93.1500015258789,92.9749984741211,93.04000091552734,2242136
2024-12-10 13:30:00,93.03500366210938,93.23999786376953,93.02100372314453,93.18499755859375,1708657
2024-12-10 14:30:00,93.18499755859375,93.27999877929688,93.13500213623047,93.24500274658203,2245633
2024-12-10 15:30:00,93.25,93.2699966430664,93.0199966430664,93.08499908447266,5275870
2024-12-10 16:00:00,93.08,93.19,87.668,87.668,0
2024-12-10 17:00:00,93.04,93.1,89.1521,93.06,0
2024-12-10 18:00:00,93.07,93.12,93.0134,93.11,0
2024-12-11 04:00:00,93.04,93.05,92.97,93.05,0
2024-12-11 05:00:00,93.01,93.04,92.88,92.95,0
2024-12-11 06:00:00,92.95,93.0,92.9,92.9,0
2024-12-11 07:00:00,92.88,92.9,92.76,92.81,0
2024-12-11 08:00:00,92.82,94.25,92.25,92.82,0
2024-12-11 09:00:00,92.9,93.22,92.65,93.08,0
2024-12-11 09:30:00,93.05999755859375,93.29000091552734,92.59010314941406,92.5999984741211,5035172
2024-12-11 10:30:00,92.5999984741211,92.72000122070312,92.45999908447266,92.62000274658203,5301174
2024-12-11 11:30:00,92.61799621582031,92.84590148925781,92.46499633789062,92.48500061035156,4944554
2024-12-11 12:30:00,92.4800033569336,92.69000244140625,92.38999938964844,92.5,4111409
2024-12-11 13:30:00,92.5,92.52999877929688,92.11000061035156,92.17500305175781,3737693
2024-12-11 14:30:00,92.17070007324219,92.25,92.1050033569336,92.1675033569336,3805182
2024-12-11 15:30:00,92.1615982055664,92.23999786376953,92.12999725341797,92.16999816894531,3932014
2024-12-11 16:00:00,92.175,92.24,92.0901,92.1,0
2024-12-11 17:00:00,92.1,92.2,92.1,92.17,0
2024-12-11 18:00:00,92.16,92.22,92.1,92.18,0
2024-12-12 04:00:00,91.91,91.91,91.73,91.73,0
2024-12-12 05:00:00,91.71,91.75,91.66,91.74,0
2024-12-12 06:00:00,91.74,91.78,91.7,91.72,0
2024-12-12 07:00:00,91.73,91.8,91.56,91.64,0
2024-12-12 08:00:00,91.64,92.2,91.56,91.66,0
2024-12-12 09:00:00,91.78,91.95,91.57,91.62,0
2024-12-12 09:30:00,91.63500213623047,91.74600219726562,91.3113021850586,91.5250015258789,8409299
2024-12-12 10:30:00,91.5199966430664,91.70999908447266,91.4800033569336,91.61820220947266,3462198
2024-12-12 11:30:00,91.61750030517578,91.63999938964844,91.341796875,91.42990112304688,4719847
2024-12-12 12:30:00,91.43499755859375,91.58999633789062,91.29000091552734,91.375,4069803
2024-12-12 13:30:00,91.37999725341797,91.38999938964844,91.06500244140625,91.1500015258789,3439800
2024-12-12 14:30:00,91.1449966430664,91.20999908447266,91.05999755859375,91.11499786376953,4304980
2024-12-12 15:30:00,91.11000061035156,91.12000274658203,91.0,91.08999633789062,5770095
2024-12-12 16:00:00,91.08,91.14,90.98,91.14,0
2024-12-12 17:00:00,91.131,92.7748,90.2942,91.155,0
2024-12-12 18:00:00,91.15,91.17,91.08,91.13,0
2024-12-13 04:00:00,91.16,91.36,91.16,91.34,0
2024-12-13 05:00:00,91.31,91.31,91.08,91.09,0
2024-12-13 06:00:00,91.11,91.16,91.03,91.07,0
2024-12-13 07:00:00,91.07,91.07,90.88,90.89,0
2024-12-13 08:00:00,90.85,91.3636,90.85,90.98,0
2024-12-13 09:00:00,90.97,90.98,90.68,90.79,0
2024-12-13 09:30:00,90.80000305175781,90.8499984741211,90.51010131835938,90.55999755859375,5581753
2024-12-13 10:30:00,90.55000305175781,90.62999725341797,90.44000244140625,90.4749984741211,2777515
2024-12-13 11:30:00,90.47000122070312,90.55000305175781,90.25749969482422,90.26000213623047,2515946
2024-12-13 12:30:00,90.26499938964844,90.3499984741211,90.20010375976562,90.23500061035156,2853979
2024-12-13 13:30:00,90.23500061035156,90.33999633789062,90.16999816894531,90.19000244140625,2343661
2024-12-13 14:30:00,90.19000244140625,90.25,90.08000183105469,90.14659881591797,3810196
2024-12-13 15:30:00,90.1500015258789,90.2699966430664,90.13999938964844,90.2699966430664,6592009
2024-12-13 16:00:00,90.27,90.37,86.1432,90.33,0
2024-12-13 17:00:00,90.325,90.42,90.15,90.4,0
2024-12-13 18:00:00,90.42,90.42,90.36,90.3996,0
2024-12-16 04:00:00,90.51,90.59,90.49,90.59,0
2024-12-16 05:00:00,90.59,90.62,90.53,90.6,0
2024-12-16 06:00:00,90.6,90.6,90.48,90.53,0
2024-12-16 07:00:00,90.52,90.64,90.5,90.64,0
2024-12-16 08:00:00,90.63,90.7499,90.48,90.69,0
2024-12-16 09:00:00,90.716,90.75,90.15,90.54,0
2024-12-16 09:30:00,90.55000305175781,90.61519622802734,90.24500274658203,90.37740325927734,6692248
2024-12-16 10:30:00,90.375,90.53500366210938,90.05000305175781,90.08000183105469,4096119
2024-12-16 11:30:00,90.08429718017578,90.26000213623047,90.0510025024414,90.13899993896484,2226199
2024-12-16 12:30:00,90.13500213623047,90.29000091552734,90.11000061035156,90.22000122070312,1670092
2024-12-16 13:30:00,90.22000122070312,90.33000183105469,90.19000244140625,90.30500030517578,1270779
2024-12-16 14:30:00,90.30999755859375,90.42500305175781,90.26000213623047,90.41000366210938,1491899
2024-12-16 15:30:00,90.41739654541016,90.49500274658203,90.30999755859375,90.3949966430664,2693953
2024-12-16 16:00:00,90.395,90.45,90.31,90.45,0
2024-12-16 17:00:00,90.4308,90.4699,90.38,90.42,0
2024-12-16 18:00:00,90.48,90.48,90.34,90.4502,0
2024-12-17 04:00:00,90.21,90.22,90.17,90.18,0
2024-12-17 05:00:00,90.19,90.21,90.08,90.11,0
2024-12-17 06:00:00,90.12,90.16,90.09,90.15,0
2024-12-17 07:00:00,90.1,90.11,89.96,89.99,0
2024-12-17 08:00:00,90.0,90.234,89.95,90.14,0
2024-12-17 09:00:00,90.14,90.67,90.0098,90.53,0
2024-12-17 09:30:00,90.52999877929688,90.87000274658203,90.45500183105469,90.75,5009838
2024-12-17 10:30:00,90.74500274658203,90.8499984741211,90.64009857177734,90.73999786376953,2860936
2024-12-17 11:30:00,90.73809814453125,90.98500061035156,90.66500091552734,90.8550033569336,2516164
2024-12-17 12:30:00,90.8550033569336,90.87870025634766,90.53500366210938,90.68499755859375,2707905
2024-12-17 13:30:00,90.69210052490234,90.80000305175781,90.63999938964844,90.77899932861328,1681108
2024-12-17 14:30:00,90.77030181884766,90.80000305175781,90.5999984741211,90.62000274658203,2025019
2024-12-17 15:30:00,90.61000061035156,90.69000244140625,90.53500366210938,90.66999816894531,3221353
2024-12-17 16:00:00,90.665,93.1561,89.2283,90.575,0
2024-12-17 17:00:00,90.59,90.64,90.57,90.58,0
2024-12-17 18:00:00,90.58,90.6899,90.56,90.65,0
2024-12-18 04:00:00,90.37,90.38,90.15,90.17,0
2024-12-18 05:00:00,90.17,90.19,90.12,90.14,0
2024-12-18 06:00:00,90.14,90.18,90.1,90.14,0
2024-12-18 07:00:00,90.14,90.15,90.03,90.03,0
2024-12-18 08:00:00,90.03,90.64,89.8499,89.93,0
2024-12-18 09:00:00,89.94,90.289,89.8097,89.98,0
2024-12-18 09:30:00,89.97000122070312,90.21769714355469,89.91000366210938,89.94499969482422,5329686
2024-12-18 10:30:00,89.94499969482422,90.23999786376953,89.94000244140625,90.19999694824219,6997432
2024-12-18 11:30:00,90.20999908447266,90.20999908447266,90.03309631347656,90.16500091552734,2409124
2024-12-18 12:30:00,90.16500091552734,90.36000061035156,90.1449966430664,90.19499969482422,4920186
2024-12-18 13:30:00,90.19650268554688,90.2300033569336,89.69000244140625,89.79959869384766,7471084
2024-12-18 14:30:00,89.79000091552734,89.81900024414062,89.13999938964844,89.31900024414062,9087119
2024-12-18 15:30:00,89.31500244140625,89.37999725341797,89.1500015258789,89.19000244140625,10429379
2024-12-18 16:00:00,89.16,90.9843,88.74,88.889,0
2024-12-18 17:00:00,88.89,91.9447,88.81,88.8899,0
2024-12-18 18:00:00,88.9,88.95,88.81,88.84,0
2024-12-19 04:00:00,88.86,88.86,88.47,88.48,0
2024-12-19 05:00:00,88.49,88.69,88.46,88.62,0
2024-12-19 06:00:00,88.62,88.67,88.5,88.53,0
2024-12-19 07:00:00,88.51,88.57,88.4,88.42,0
2024-12-19 08:00:00,88.4,89.16,88.25,88.43,0
2024-12-19 09:00:00,88.42,88.43,87.99,88.0798,0
2024-12-19 09:30:00,88.08499908447266,88.20500183105469,87.7699966430664,87.84500122070312,17378938
2024-12-19 10:30:00,87.84210205078125,88.12000274658203,87.75,88.09500122070312,9112387
2024-12-19 11:30:00,88.09500122070312,88.12999725341797,87.7699966430664,87.80619812011719,8064291
2024-12-19 12:30:00,87.80020141601562,87.80999755859375,87.50499725341797,87.65499877929688,14453046
2024-12-19 13:30:00,87.66000366210938,88.38500213623047,87.5999984741211,88.25469970703125,8745526
2024-12-19 14:30:00,88.25460052490234,88.31500244140625,87.91000366210938,87.94000244140625,7105380
2024-12-19 15:30:00,87.94999694824219,88.05000305175781,87.80000305175781,87.83999633789062,12160798
2024-12-19 16:00:00,87.9,90.24,87.81,88.0,0
2024-12-19 17:00:00,88.0005,91.1821,87.95,87.98,0
2024-12-19 18:00:00,88.0,88.15,88.0,88.1101,0
2024-12-20 04:00:00,87.94,88.11,87.87,87.97,0
2024-12-20 05:00:00,87.95,88.13,87.95,88.11,0
2024-12-20 06:00:00,88.12,88.2,88.09,88.15,0
2024-12-20 07:00:00,88.15,88.2,87.999,88.2,0
2024-12-20 08:00:00,88.2,88.2,87.92,88.11,0
2024-12-20 09:00:00,88.1299,88.7603,88.1299,88.54,0
2024-12-20 09:30:00,88.52300262451172,88.62999725341797,88.29000091552734,88.31999969482422,9207482
2024-12-20 10:30:00,88.31999969482422,88.69210052490234,88.30999755859375,88.66000366210938,6399858
2024-12-20 11:30:00,88.66500091552734,88.91000366210938,88.60169982910156,88.79499816894531,4311944
2024-12-20 12:30:00,88.80000305175781,88.80059814453125,88.4800033569336,88.4801025390625,3581954
2024-12-20 13:30:00,88.4800033569336,88.56529998779297,88.41000366210938,88.41100311279297,5510752
2024-12-20 14:30:00,88.41000366210938,88.55500030517578,88.33000183105469,88.41999816894531,3390377
2024-12-20 15:30:00,88.41500091552734,88.43000030517578,88.29000091552734,88.31999969482422,3521753
2024-12-20 16:00:00,88.31,88.36,88.27,88.31,0
2024-12-20 17:00:00,88.32,90.0986,88.29,88.35,0
2024-12-20 18:00:00,88.35,88.35,88.3,88.34,0
2024-12-23 04:00:00,88.1,88.13,88.06,88.1,0
2024-12-23 05:00:00,88.08,88.17,88.06,88.17,0
2024-12-23 06:00:00,88.17,88.23,88.17,88.17,0
2024-12-23 07:00:00,88.19,88.26,88.04,88.051,0
2024-12-23 08:00:00,88.12,88.35,87.9,88.03,0
2024-12-23 09:00:00,88.0264,88.19,87.8799,88.15,0
2024-12-23 09:30:00,88.20390319824219,88.2300033569336,87.72000122070312,87.76000213623047,4545163
2024-12-23 10:30:00,87.75499725341797,87.94999694824219,87.75,87.83000183105469,2957531
2024-12-23 11:30:00,87.82499694824219,87.9375,87.6500015258789,87.66010284423828,2331795
2024-12-23 12:30:00,87.66500091552734,87.73999786376953,87.58999633789062,87.66999816894531,2974267
2024-12-23 13:30:00,87.66500091552734,87.76000213623047,87.46499633789062,87.51190185546875,2791129
2024-12-23 14:30:00,87.51699829101562,87.58000183105469,87.44000244140625,87.55999755859375,2732365
2024-12-23 15:30:00,87.55999755859375,87.61000061035156,87.49500274658203,87.51000213623047,5567760
2024-12-23 16:00:00,87.5,87.57,87.5,87.55,0
2024-12-23 17:00:00,87.56,87.5694,87.51,87.53,0
2024-12-23 18:00:00,87.5701,87.58,87.5338,87.56,0
2024-12-24 04:00:00,87.49,87.56,87.4,87.4,0
2024-12-24 05:00:00,87.41,87.45,87.32,87.4,0
2024-12-24 06:00:00,87.41,87.41,87.33,87.33,0
2024-12-24 07:00:00,87.33,87.34,87.26,87.26,0
2024-12-24 08:00:00,87.28,87.55,87.16,87.21,0
2024-12-24 09:00:00,87.23,87.5,86.99,87.0396,0
2024-12-24 09:30:00,87.0199966430664,87.16999816894531,86.9800033569336,87.0999984741211,5501712
2024-12-24 10:30:00,87.1050033569336,87.16500091552734,87.02999877929688,87.15499877929688,3173278
2024-12-24 11:30:00,87.1500015258789,87.56999969482422,87.1449966430664,87.55999755859375,3520585
2024-12-24 13:00:00,87.55000305175781,87.9000015258789,87.51000213623047,87.87999725341797,0
2024-12-24 14:00:00,87.87,89.1521,81.9984,87.84,0
2024-12-24 15:00:00,87.8201,87.8899,87.78,87.82,0
2024-12-24 16:00:00,87.8,87.86,87.8,87.8,0
2024-12-26 04:00:00,87.52,87.52,87.34,87.36,0
2024-12-26 05:00:00,87.36,87.4,87.35,87.38,0
2024-12-26 06:00:00,87.39,87.4,87.32,87.34,0
2024-12-26 07:00:00,87.33,87.33,87.18,87.18,0
2024-12-26 08:00:00,87.19,87.5988,87.1,87.16,0
2024-12-26 09:00:00,87.15,87.5903,87.05,87.21,0
2024-12-26 09:30:00,87.20500183105469,87.36499786376953,87.19999694824219,87.28500366210938,3786253
2024-12-26 10:30:00,87.29000091552734,87.66999816894531,87.27999877929688,87.66500091552734,2806263
2024-12-26 11:30:00,87.66999816894531,87.68000030517578,87.54000091552734,87.58499908447266,1601332
2024-12-26 12:30:00,87.58999633789062,87.8550033569336,87.38999938964844,87.79000091552734,2861011
2024-12-26 13:30:00,87.79000091552734,87.95999908447266,87.78340148925781,87.8949966430664,2462601
2024-12-26 14:30:00,87.8949966430664,87.94000244140625,87.81999969482422,87.87000274658203,1848773
2024-12-26 15:30:00,87.86000061035156,87.88999938964844,87.79000091552734,87.79000091552734,1988653
2024-12-26 16:00:00,87.795,87.84,87.6601,87.69,0
2024-12-26 17:00:00,87.695,90.34,87.66,87.7,0
2024-12-26 18:00:00,87.72,87.76,87.69,87.73,0
2024-12-27 04:00:00,87.45,87.45,87.31,87.35,0
2024-12-27 05:00:00,87.32,87.32,87.15,87.25,0
2024-12-27 06:00:00,87.24,87.29,87.2,87.22,0
2024-12-27 07:00:00,87.2,87.31,87.18,87.29,0
2024-12-27 08:00:00,87.27,87.41,87.1724,87.39,0
2024-12-27 09:00:00,87.4,87.5,87.37,87.49,0
2024-12-27 09:30:00,87.4800033569336,87.73789978027344,87.4000015258789,87.69999694824219,7081346
2024-12-27 10:30:00,87.69999694824219,87.7750015258789,87.4188003540039,87.5199966430664,1813338
2024-12-27 11:30:00,87.51000213623047,87.55999755859375,87.23999786376953,87.30989837646484,2613857
2024-12-27 12:30:00,87.30339813232422,87.33999633789062,87.16999816894531,87.17870330810547,2119685
2024-12-27 13:30:00,87.18000030517578,87.29000091552734,87.16999816894531,87.2300033569336,1705181
2024-12-27 14:30:00,87.2249984741211,87.23500061035156,87.125,87.125,3161326
2024-12-27 15:30:00,87.125,87.16000366210938,87.05999755859375,87.0999984741211,4388484
2024-12-27 16:00:00,87.1,87.12,86.98,87.04,0
2024-12-27 17:00:00,87.04,90.2209,81.1056,87.03,0
2024-12-27 18:00:00,87.02,87.07,87.02,87.0501,0
2024-12-30 04:00:00,87.31,87.38,87.31,87.33,0
2024-12-30 05:00:00,87.33,87.35,87.26,87.34,0
2024-12-30 06:00:00,87.33,87.33,87.22,87.28,0
2024-12-30 07:00:00,87.3,87.41,87.29,87.39,0
2024-12-30 08:00:00,87.42,87.67,87.15,87.64,0
2024-12-30 09:00:00,87.64,87.86,87.1,87.84,0
2024-12-30 09:30:00,87.80000305175781,88.03500366210938,87.74430084228516,87.9749984741211,8101837
2024-12-30 10:30:00,87.9800033569336,87.99500274658203,87.70999908447266,87.79499816894531,4594063
2024-12-30 11:30:00,87.80000305175781,87.8550033569336,87.66999816894531,87.76499938964844,10933169
2024-12-30 12:30:00,87.76000213623047,87.87000274658203,87.69999694824219,87.83499908447266,2688205
2024-12-30 13:30:00,87.83499908447266,87.8949966430664,87.79000091552734,87.8550033569336,2432895
2024-12-30 14:30:00,87.8550033569336,87.91000366210938,87.73999786376953,87.79000091552734,3343859
2024-12-30 15:30:00,87.78500366210938,87.83999633789062,87.75,87.81500244140625,5063377
2024-12-30 16:00:00,87.8,88.04,86.365,88.03,0
2024-12-30 17:00:00,88.02,88.0593,87.8,88.0,0
2024-12-30 18:00:00,88.01,88.05,87.96,88.0,0
2024-12-31 04:00:00,88.39,88.55,88.39,88.42,0
2024-12-31 05:00:00,88.42,88.48,88.34,88.39,0
2024-12-31 06:00:00,88.4,88.44,88.36,88.37,0
2024-12-31 07:00:00,88.36,88.37,88.19,88.22,0
2024-12-31 08:00:00,88.23,88.5412,88.13,88.22,0
2024-12-31 09:00:00,88.25,88.28,87.8,88.12,0
2024-12-31 09:30:00,88.11000061035156,88.27999877929688,88.0636978149414,88.1134033203125,3816698
2024-12-31 10:30:00,88.11000061035156,88.16819763183594,87.55999755859375,87.57499694824219,3401691
2024-12-31 11:30:00,87.56999969482422,87.6500015258789,87.33999633789062,87.5250015258789,4255868
2024-12-31 12:30:00,87.52999877929688,87.76499938964844,87.38999938964844,87.42500305175781,5666657
2024-12-31 13:30:00,87.42220306396484,87.66500091552734,87.41020202636719,87.5999984741211,2385860
2024-12-31 14:30:00,87.58999633789062,87.62000274658203,87.5,87.50499725341797,2161598
2024-12-31 15:30:00,87.5,87.5199966430664,87.26000213623047,87.3499984741211,7437364
2024-12-31 16:00:00,87.33,93.1561,87.33,87.43,0
2024-12-31 17:00:00,87.43,87.45,87.3562,87.4,0
2024-12-31 18:00:00,87.44,87.455,87.38,87.4,0
2025-01-02 04:00:00,87.84,87.93,87.77,87.88,0
2025-01-02 05:00:00,87.93,88.05,87.75,88.0,0
2025-01-02 06:00:00,88.0,88.16,88.0,88.08,0
2025-01-02 07:00:00,88.06,88.16,88.02,88.15,0
2025-01-02 08:00:00,88.14,88.33,87.33,88.19,0
2025-01-02 09:00:00,88.16,88.17,87.33,87.79,0
2025-01-02 09:30:00,87.80000305175781,88.11499786376953,87.68009948730469,87.94999694824219,4814272
2025-01-02 10:30:00,87.95500183105469,87.95500183105469,87.51000213623047,87.54000091552734,3136821
2025-01-02 11:30:00,87.54000091552734,87.59500122070312,87.20999908447266,87.20999908447266,3292812
2025-01-02 12:30:00,87.22000122070312,87.60169982910156,87.22000122070312,87.58000183105469,2566902
2025-01-02 13:30:00,87.58499908447266,87.63500213623047,87.44999694824219,87.47000122070312,2266385
2025-01-02 14:30:00,87.47360229492188,87.58000183105469,87.37000274658203,87.54499816894531,2322770
2025-01-02 15:30:00,87.54000091552734,87.61000061035156,87.5,87.55999755859375,3813899
2025-01-02 16:00:00,87.55,87.75,87.4922,87.73,0
2025-01-02 17:00:00,87.74,91.9447,85.7832,87.7299,0
2025-01-02 18:00:00,87.77,87.81,87.71,87.7499,0
2025-01-03 04:00:00,87.91,88.01,87.86,87.9,0
2025-01-03 05:00:00,87.91,87.99,87.86,87.96,0
2025-01-03 06:00:00,88.0,88.03,87.93,88.02,0
2025-01-03 07:00:00,88.03,88.08,87.95,88.08,0
2025-01-03 08:00:00,88.09,88.12,87.88,87.9999,0
2025-01-03 09:00:00,88.0001,88.07,87.57,87.71,0
2025-01-03 09:30:00,87.70999908447266,87.87999725341797,87.44999694824219,87.625,7175559
2025-01-03 10:30:00,87.625,87.6500015258789,87.42009735107422,87.5250015258789,2279059
2025-01-03 11:30:00,87.53119659423828,87.68499755859375,87.48999786376953,87.59500122070312,1392480
2025-01-03 12:30:00,87.59300231933594,87.59300231933594,87.33999633789062,87.48999786376953,1798989
2025-01-03 13:30:00,87.48500061035156,87.52989959716797,87.33999633789062,87.4000015258789,1552111
2025-01-03 14:30:00,87.38999938964844,87.43000030517578,87.20999908447266,87.23999786376953,1990243
2025-01-03 15:30:00,87.23999786376953,87.29000091552734,87.18000030517578,87.2750015258789,2609290
2025-01-03 16:00:00,87.29,90.0986,87.23,87.3097,0
2025-01-03 17:00:00,87.31,87.32,87.28,87.29,0
2025-01-03 18:00:00,87.32,87.32,87.25,87.31,0
2025-01-06 04:00:00,86.94,87.04,86.89,86.94,0
2025-01-06 05:00:00,86.94,87.06,86.93,87.02,0
2025-01-06 06:00:00,87.0,87.29,86.99,87.28,0
2025-01-06 07:00:00,87.3,87.38,87.25,87.33,0
2025-01-06 08:00:00,87.35,87.5401,86.83,87.33,0
2025-01-06 09:00:00,87.3,87.3299,86.89,87.0576,0
2025-01-06 09:30:00,87.05999755859375,87.12000274658203,86.66999816894531,86.73999786376953,6802239
2025-01-06 10:30:00,86.73999786376953,87.05000305175781,86.7300033569336,87.02999877929688,3765932
2025-01-06 11:30:00,87.03500366210938,87.2300033569336,86.94999694824219,87.21649932861328,2510361
2025-01-06 12:30:00,87.21199798583984,87.21499633789062,86.9000015258789,87.01000213623047,1990487
2025-01-06 13:30:00,87.01439666748047,87.04499816894531,86.7300033569336,86.8949966430664,2177973
2025-01-06 14:30:00,86.89119720458984,87.0999984741211,86.88009643554688,86.90499877929688,1851055
2025-01-06 15:30:00,86.9000015258789,86.96990203857422,86.83999633789062,86.91000366210938,2541872
2025-01-06 16:00:00,86.9,87.1798,86.7999,86.8098,0
2025-01-06 17:00:00,86.83,86.9794,85.6911,86.92,0
2025-01-06 18:00:00,86.87,86.9097,86.83,86.84,0
2025-01-07 04:00:00,86.8,86.8,86.73,86.8,0
2025-01-07 05:00:00,86.8,86.82,86.7,86.7,0
2025-01-07 06:00:00,86.69,86.69,86.54,86.63,0
2025-01-07 07:00:00,86.65,86.7,86.56,86.58,0
2025-01-07 08:00:00,86.58,86.94,86.55,86.66,0
2025-01-07 09:00:00,86.66,86.85,86.61,86.62,0
2025-01-07 09:30:00,86.63999938964844,86.7699966430664,85.95500183105469,86.08499908447266,9980010
2025-01-07 10:30:00,86.08499908447266,86.13999938964844,85.79000091552734,85.88500213623047,6067289
2025-01-07 11:30:00,85.88990020751953,86.9000015258789,85.83999633789062,86.07499694824219,5921327
2025-01-07 12:30:00,86.08000183105469,86.16000366210938,85.95999908447266,86.08989715576172,3178353
2025-01-07 13:30:00,86.0886001586914,86.0886001586914,85.87999725341797,85.97000122070312,3531774
2025-01-07 14:30:00,85.9739990234375,86.05999755859375,85.8499984741211,86.01499938964844,3090538
2025-01-07 15:30:00,86.01499938964844,86.0999984741211,85.9000015258789,85.91000366210938,3385184
2025-01-07 16:00:00,85.92,85.98,85.84,85.96,0
2025-01-07 17:00:00,85.9499,89.1521,81.9984,85.98,0
2025-01-07 18:00:00,85.99,85.99,85.92,85.931,0
2025-01-08 04:00:00,86.0,86.07,85.99,85.99,0
2025-01-08 05:00:00,86.01,86.12,85.97,85.97,0
2025-01-08 06:00:00,86.01,86.01,85.67,85.68,0
2025-01-08 07:00:00,85.69,85.73,85.33,85.34,0
2025-01-08 08:00:00,85.34,86.0964,85.25,85.54,0
2025-01-08 09:00:00,85.5,85.92,85.32,85.45,0
2025-01-08 09:30:00,85.45500183105469,85.83499908447266,85.34010314941406,85.77850341796875,8896518
2025-01-08 10:30:00,85.7771987915039,85.97000122070312,85.69999694824219,85.80500030517578,4424714
2025-01-08 11:30:00,85.80500030517578,85.97000122070312,85.72000122070312,85.7302017211914,3070909
2025-01-08 12:30:00,85.7300033569336,86.12999725341797,85.58000183105469,85.98500061035156,5837099
2025-01-08 13:30:00,85.98500061035156,86.0,85.4800033569336,85.76499938964844,6634766
2025-01-08 14:30:00,85.76000213623047,85.96499633789062,85.5999984741211,85.92759704589844,3640893
2025-01-08 15:30:00,85.91999816894531,86.19999694824219,85.91000366210938,86.04499816894531,6239522
2025-01-08 16:00:00,86.045,86.05,85.66,85.76,0
2025-01-08 17:00:00,85.75,85.84,85.74,85.8199,0
2025-01-08 18:00:00,85.79,85.84,85.78,85.815,0
2025-01-10 04:00:00,83.97,85.88,83.97,85.86,0
2025-01-10 05:00:00,85.86,85.86,85.71,85.81,0
2025-01-10 06:00:00,85.82,85.84,85.73,85.77,0
2025-01-10 07:00:00,85.77,85.88,85.77,85.88,0
2025-01-10 08:00:00,85.89,87.5588,85.68,85.88,0
2025-01-10 09:00:00,85.85,85.85,84.848,85.29,0
2025-01-10 09:30:00,85.27999877929688,85.83000183105469,85.16000366210938,85.76000213623047,16492598
2025-01-10 10:30:00,85.76119995117188,85.84500122070312,85.54000091552734,85.56990051269531,4276943
2025-01-10 11:30:00,85.55999755859375,85.65969848632812,85.41000366210938,85.54000091552734,2996260
2025-01-10 12:30:00,85.53880310058594,85.66000366210938,85.30000305175781,85.44499969482422,3393424
2025-01-10 13:30:00,85.44499969482422,85.49710083007812,85.37999725341797,85.43000030517578,3165241
2025-01-10 14:30:00,85.42500305175781,85.52999877929688,85.30000305175781,85.37000274658203,3915736
2025-01-10 15:30:00,85.36499786376953,85.49500274658203,85.33000183105469,85.47000122070312,5903531
2025-01-10 16:00:00,85.46,85.6,85.44,85.58,0
2025-01-10 17:00:00,85.62,85.62,85.52,85.52,0
2025-01-10 18:00:00,85.52,90.2209,81.1056,85.5794,0
2025-01-13 04:00:00,85.31,85.31,85.18,85.25,0
2025-01-13 05:00:00,85.26,85.38,85.23,85.24,0
2025-01-13 06:00:00,85.35,85.53,85.35,85.47,0
2025-01-13 07:00:00,85.49,85.6,85.42,85.57,0
2025-01-13 08:00:00,85.59,85.75,85.17,85.71,0
2025-01-13 09:00:00,85.69,85.72,85.45,85.54,0
2025-01-13 09:30:00,85.54049682617188,85.66000366210938,85.2699966430664,85.2699966430664,5050872
2025-01-13 10:30:00,85.27510070800781,85.44999694824219,85.08999633789062,85.16500091552734,3698884
2025-01-13 11:30:00,85.1676025390625,85.4072036743164,85.04000091552734,85.34719848632812,3788835
2025-01-13 12:30:00,85.33999633789062,85.4800033569336,85.25,85.41000366210938,1781071
2025-01-13 13:30:00,85.41120147705078,85.5199966430664,85.36000061035156,85.36630249023438,2530659
2025-01-13 14:30:00,85.36000061035156,85.37000274658203,85.11000061035156,85.3499984741211,4447210
2025-01-13 15:30:00,85.34500122070312,85.43000030517578,85.33999633789062,85.4000015258789,4571203
2025-01-13 16:00:00,85.4,85.4801,85.32,85.45,0
2025-01-13 17:00:00,85.45,85.46,85.3601,85.435,0
2025-01-13 18:00:00,85.46,85.72,85.46,85.69,0
2025-01-14 04:00:00,85.55,85.55,85.43,85.46,0
2025-01-14 05:00:00,85.46,85.46,85.34,85.35,0
2025-01-14 06:00:00,85.34,85.42,85.27,85.3,0
2025-01-14 07:00:00,85.3,85.31,85.17,85.24,0
2025-01-14 08:00:00,85.24,85.72,85.1601,85.23,0
2025-01-14 09:00:00,85.29,85.67,85.04,85.23,0
2025-01-14 09:30:00,85.2300033569336,85.36000061035156,85.0199966430664,85.05000305175781,9707590
2025-01-14 10:30:00,85.05970001220703,85.23999786376953,84.94000244140625,85.15950012207031,4279943
2025-01-14 11:30:00,85.16500091552734,85.20649719238281,84.97000122070312,85.0177001953125,1965682
2025-01-14 12:30:00,85.0199966430664,85.05500030517578,84.88999938964844,85.04190063476562,2241861
2025-01-14 13:30:00,85.04989624023438,85.14949798583984,84.97000122070312,85.12000274658203,2618876
2025-01-14 14:30:00,85.12000274658203,85.25,85.11000061035156,85.2249984741211,2874598
2025-01-14 15:30:00,85.2249984741211,85.33000183105469,85.13999938964844,85.27999877929688,3750788
2025-01-14 16:00:00,85.27,89.2283,85.25,85.27,0
2025-01-14 17:00:00,85.28,85.3,85.235,85.26,0
2025-01-14 18:00:00,85.27,85.4103,85.27,85.3337,0
2025-01-15 04:00:00,85.36,85.53,85.34,85.53,0
2025-01-15 05:00:00,85.51,85.54,85.41,85.46,0
2025-01-15 06:00:00,85.44,85.52,85.42,85.52,0
2025-01-15 07:00:00,85.47,85.669,85.46,85.65,0
2025-01-15 08:00:00,85.65,85.7252,83.6312,85.7252,0
2025-01-15 09:00:00,85.74,86.75,85.41,86.6903,0
2025-01-15 09:30:00,86.70999908447266,86.97000122070312,86.56999969482422,86.87999725341797,15246213
2025-01-15 10:30:00,86.87840270996094,86.9749984741211,86.52999877929688,86.56500244140625,5975078
2025-01-15 11:30:00,86.5625,86.69999694824219,86.3949966430664,86.65499877929688,3892575
2025-01-15 12:30:00,86.66000366210938,86.71499633789062,86.55000305175781,86.63500213623047,3849697
2025-01-15 13:30:00,86.63500213623047,86.7300033569336,86.57369995117188,86.70999908447266,4113312
2025-01-15 14:30:00,86.69999694824219,86.70999908447266,86.58000183105469,86.6449966430664,3779320
2025-01-15 15:30:00,86.6500015258789,86.75,86.63999938964844,86.74500274658203,6531265
2025-01-15 16:00:00,86.76,86.79,86.63,86.658,0
2025-01-15 17:00:00,86.66,91.9447,86.64,86.68,0
2025-01-15 18:00:00,86.65,86.7,86.6,86.67,0
2025-01-16 04:00:00,86.7,86.71,86.57,86.58,0
2025-01-16 05:00:00,86.58,86.7,86.56,86.7,0
2025-01-16 06:00:00,86.7,86.74,86.65,86.66,0
2025-01-16 07:00:00,86.64,86.66,86.44,86.44,0
2025-01-16 08:00:00,86.44,86.84,86.3188,86.33,0
2025-01-16 09:00:00,86.5,86.76,86.3,86.6499,0
2025-01-16 09:30:00,86.63999938964844,86.70999908447266,86.27999877929688,86.63870239257812,6909817
2025-01-16 10:30:00,86.62999725341797,87.08000183105469,86.61000061035156,86.98500061035156,5383241
2025-01-16 11:30:00,86.9800033569336,87.19999694824219,86.9614028930664,87.14990234375,3440133
2025-01-16 12:30:00,87.15149688720703,87.20649719238281,87.05000305175781,87.07129669189453,3444946
2025-01-16 13:30:00,87.06999969482422,87.3949966430664,87.06500244140625,87.30449676513672,3452593
2025-01-16 14:30:00,87.30500030517578,87.33999633789062,87.08000183105469,87.1449966430664,3128383
2025-01-16 15:30:00,87.1449966430664,87.1449966430664,87.0,87.05500030517578,5235947
2025-01-16 16:00:00,87.05,87.055,86.93,86.97,0
2025-01-16 17:00:00,86.97,90.4351,86.94,87.0,0
2025-01-16 18:00:00,86.97,86.98,86.9101,86.9101,0
2025-01-17 04:00:00,87.27,87.34,87.25,87.33,0
2025-01-17 05:00:00,87.3,87.31,87.2,87.29,0
2025-01-17 06:00:00,87.28,87.4,87.27,87.38,0
2025-01-17 07:00:00,87.38,87.63,87.38,87.63,0
2025-01-17 08:00:00,87.62,87.8,87.03,87.77,0
2025-01-17 09:00:00,87.7786,87.7786,87.35,87.4399,0
2025-01-17 09:30:00,87.43499755859375,87.4800033569336,87.20999908447266,87.46510314941406,5799756
2025-01-17 10:30:00,87.45999908447266,87.45999908447266,87.12999725341797,87.2114028930664,2181441
2025-01-17 11:30:00,87.21499633789062,87.25,87.04000091552734,87.19000244140625,2519304
2025-01-17 12:30:00,87.19499969482422,87.34500122070312,87.16000366210938,87.30500030517578,1919422
2025-01-17 13:30:00,87.30500030517578,87.30999755859375,87.08000183105469,87.09519958496094,1972582
2025-01-17 14:30:00,87.08999633789062,87.20500183105469,87.08999633789062,87.16500091552734,8349516
2025-01-17 15:30:00,87.1698989868164,87.17990112304688,87.0999984741211,87.16500091552734,4096614
2025-01-17 16:00:00,87.16,87.19,87.0,87.0,0
2025-01-17 17:00:00,87.0098,90.0986,86.92,86.97,0
2025-01-17 18:00:00,86.99,87.04,86.9702,87.04,0
2025-01-21 04:00:00,87.71,87.8,87.63,87.74,0
2025-01-21 05:00:00,87.74,87.87,87.71,87.84,0
2025-01-21 06:00:00,87.85,87.85,87.59,87.62,0
2025-01-21 07:00:00,87.65,87.8,87.57,87.78,0
2025-01-21 08:00:00,87.77,88.08,87.57,87.7802,0
2025-01-21 09:00:00,87.78,88.0398,87.19,87.88,0
2025-01-21 09:30:00,87.88800048828125,87.90570068359375,87.62999725341797,87.88500213623047,6309416
2025-01-21 10:30:00,87.88150024414062,88.16999816894531,87.79010009765625,87.8926010131836,3877429
2025-01-21 11:30:00,87.88999938964844,87.95999908447266,87.7300033569336,87.80500030517578,2768317
2025-01-21 12:30:00,87.80500030517578,87.8655014038086,87.71499633789062,87.75,1863876
2025-01-21 13:30:00,87.75499725341797,87.91600036621094,87.74500274658203,87.83499908447266,1916650
2025-01-21 14:30:00,87.83499908447266,87.86000061035156,87.72000122070312,87.8550033569336,2470600
2025-01-21 15:30:00,87.86000061035156,87.9800033569336,87.8550033569336,87.95500183105469,3446391
2025-01-21 16:00:00,87.95,87.97,81.9984,87.6895,0
2025-01-21 17:00:00,87.7,87.75,84.0055,87.7,0
2025-01-21 18:00:00,87.69,87.72,87.66,87.7,0
2025-01-22 04:00:00,87.75,87.99,87.75,87.95,0
2025-01-22 05:00:00,87.94,87.99,87.84,87.85,0
2025-01-22 06:00:00,87.87,87.87,87.76,87.78,0
2025-01-22 07:00:00,87.79,87.81,87.68,87.7,0
2025-01-22 08:00:00,87.7,88.07,87.66,87.9,0
2025-01-22 09:00:00,87.9,88.02,87.83,87.866,0
2025-01-22 09:30:00,87.87999725341797,87.9800033569336,87.72000122070312,87.73500061035156,3468969
2025-01-22 10:30:00,87.73490142822266,87.7699966430664,87.48999786376953,87.56999969482422,2625443
2025-01-22 11:30:00,87.56999969482422,87.62000274658203,87.36229705810547,87.39450073242188,6498170
2025-01-22 12:30:00,87.38500213623047,87.53500366210938,87.32499694824219,87.5,2280606
2025-01-22 13:30:00,87.5,87.5999984741211,87.48999786376953,87.54000091552734,1459902
2025-01-22 14:30:00,87.54000091552734,87.69000244140625,87.50499725341797,87.57499694824219,2060353
2025-01-22 15:30:00,87.57499694824219,87.58999633789062,87.4800033569336,87.5,2600917
2025-01-22 16:00:00,87.505,87.56,87.38,87.4202,0
2025-01-22 17:00:00,87.4297,87.49,87.4,87.42,0
2025-01-22 18:00:00,87.41,87.51,87.4,87.48,0
2025-01-23 04:00:00,87.4,87.4,87.18,87.18,0
2025-01-23 05:00:00,87.17,87.26,87.15,87.16,0
2025-01-23 06:00:00,87.15,87.16,87.03,87.06,0
2025-01-23 07:00:00,87.06,87.16,86.94,86.96,0
2025-01-23 08:00:00,86.97,87.4152,86.84,87.05,0
2025-01-23 09:00:00,87.05,87.28,86.635,86.65,0
2025-01-23 09:30:00,86.63500213623047,86.91999816894531,86.61309814453125,86.73999786376953,6237380
2025-01-23 10:30:00,86.73999786376953,86.9800033569336,86.68000030517578,86.9800033569336,6945335
2025-01-23 11:30:00,86.9800033569336,86.98999786376953,86.52999877929688,86.69499969482422,3997960
2025-01-23 12:30:00,86.69999694824219,86.83000183105469,86.63999938964844,86.76499938964844,1825454
2025-01-23 13:30:00,86.76499938964844,86.80999755859375,86.63629913330078,86.80999755859375,3034364
2025-01-23 14:30:00,86.80999755859375,86.91000366210938,86.7699966430664,86.8550033569336,2159990
2025-01-23 15:30:00,86.8499984741211,86.93000030517578,86.79000091552734,86.83999633789062,2294357
2025-01-23 16:00:00,86.83,86.88,86.76,86.84,0
2025-01-23 17:00:00,86.8304,86.88,86.82,86.85,0
2025-01-23 18:00:00,86.85,86.86,86.82,86.851,0
2025-01-24 04:00:00,87.11,87.21,87.07,87.19,0
2025-01-24 05:00:00,87.17,87.17,86.88,87.01,0
2025-01-24 06:00:00,87.02,87.04,86.98,86.99,0
2025-01-24 07:00:00,86.99,86.99,86.9,86.969,0
2025-01-24 08:00:00,86.96,87.2176,86.7976,86.91,0
2025-01-24 09:00:00,86.91,86.92,86.72,86.73,0
2025-01-24 09:30:00,86.7249984741211,87.09500122070312,86.6050033569336,86.99980163574219,4601054
2025-01-24 10:30:00,87.01000213623047,87.2750015258789,86.8949966430664,87.1500015258789,3911988
2025-01-24 11:30:00,87.1449966430664,87.27999877929688,87.06500244140625,87.17500305175781,2299764
2025-01-24 12:30:00,87.17160034179688,87.2300033569336,87.0999984741211,87.13999938964844,1801399
2025-01-24 13:30:00,87.1500015258789,87.18499755859375,87.07499694824219,87.18000030517578,1464216
2025-01-24 14:30:00,87.18000030517578,87.2667007446289,87.12000274658203,87.1624984741211,1949318
2025-01-24 15:30:00,87.16570281982422,87.2300033569336,87.11000061035156,87.20999908447266,2405358
2025-01-24 16:00:00,87.21,90.2209,81.1056,87.19,0
2025-01-24 17:00:00,87.199,90.2209,87.18,87.22,0
2025-01-24 18:00:00,87.22,87.24,87.1,87.15,0
2025-01-27 04:00:00,88.08,88.36,88.07,88.21,0
2025-01-27 05:00:00,88.22,88.24,88.1,88.23,0
2025-01-27 06:00:00,88.22,88.64,88.22,88.58,0
2025-01-27 07:00:00,88.61,88.64,88.38,88.39,0
2025-01-27 08:00:00,88.4,88.6388,87.69,88.13,0
2025-01-27 09:00:00,88.13,88.2624,87.22,88.16,0
2025-01-27 09:30:00,88.1500015258789,88.16000366210938,87.8499984741211,88.01000213623047,7889699
2025-01-27 10:30:00,88.01499938964844,88.19000244140625,87.875,88.17500305175781,4909375
2025-01-27 11:30:00,88.17500305175781,88.22000122070312,88.01000213623047,88.05500030517578,4194467
2025-01-27 12:30:00,88.05999755859375,88.31500244140625,88.0199966430664,88.20999908447266,3946067
2025-01-27 13:30:00,88.20500183105469,88.24510192871094,88.0801010131836,88.08499908447266,3453166
2025-01-27 14:30:00,88.08499908447266,88.38999938964844,88.07499694824219,88.37999725341797,4670571
2025-01-27 15:30:00,88.375,88.43000030517578,88.2750015258789,88.30999755859375,5708253
2025-01-27 16:00:00,88.31,88.35,88.25,88.25,0
2025-01-27 17:00:00,88.25,88.25,88.1912,88.2495,0
2025-01-27 18:00:00,88.25,88.25,88.11,88.16,0
2025-01-28 04:00:00,87.96,87.96,87.77,87.85,0
2025-01-28 05:00:00,87.87,87.92,87.81,87.92,0
2025-01-28 06:00:00,87.95,87.97,87.78,87.86,0
2025-01-28 07:00:00,87.85,87.89,87.79,87.82,0
2025-01-28 08:00:00,87.85,88.15,87.7897,87.93,0
2025-01-28 09:00:00,87.94,88.01,87.7599,87.82,0
2025-01-28 09:30:00,87.86499786376953,88.11000061035156,87.7699966430664,87.80999755859375,4962290
2025-01-28 10:30:00,87.80500030517578,87.87999725341797,87.66000366210938,87.78559875488281,3305206
2025-01-28 11:30:00,87.79000091552734,87.7947998046875,87.66999816894531,87.72000122070312,1391206
2025-01-28 12:30:00,87.72000122070312,88.00499725341797,87.72000122070312,87.97779846191406,3579235
2025-01-28 13:30:00,87.9749984741211,88.04499816894531,87.83000183105469,87.94499969482422,2451446
2025-01-28 14:30:00,87.94000244140625,88.13500213623047,87.87999725341797,88.08499908447266,2073811
2025-01-28 15:30:00,88.08499908447266,88.19999694824219,88.05999755859375,88.16000366210938,3118480
2025-01-28 16:00:00,88.16,93.1561,88.07,88.2,0
2025-01-28 17:00:00,88.1907,89.2283,88.19,88.23,0
2025-01-28 18:00:00,88.22,88.26,88.17,88.23,0
2025-01-29 04:00:00,88.41,88.47,88.35,88.39,0
2025-01-29 05:00:00,88.39,88.48,88.3,88.3,0
2025-01-29 06:00:00,88.34,88.35,88.26,88.31,0
2025-01-29 07:00:00,88.27,88.35,88.21,88.35,0
2025-01-29 08:00:00,88.36,90.2467,88.23,88.39,0
2025-01-29 09:00:00,88.37,88.5,88.32,88.43,0
2025-01-29 09:30:00,88.41999816894531,88.61499786376953,88.27999877929688,88.39350128173828,4805211
2025-01-29 10:30:00,88.3949966430664,88.42500305175781,88.1500015258789,88.19000244140625,2438755
2025-01-29 11:30:00,88.1843032836914,88.22000122070312,87.8905029296875,88.0343017578125,1792656
2025-01-29 12:30:00,88.04000091552734,88.08999633789062,87.95999908447266,88.04499816894531,1549523
2025-01-29 13:30:00,88.04609680175781,88.04989624023438,87.62999725341797,87.75,3668698
2025-01-29 14:30:00,87.75499725341797,88.1500015258789,87.62999725341797,88.04499816894531,5102262
2025-01-29 15:30:00,88.05000305175781,88.0999984741211,87.94999694824219,88.01000213623047,2815256
2025-01-29 16:00:00,88.01,88.28,86.03,88.2595,0
2025-01-29 17:00:00,88.2424,91.9447,88.17,88.24,0
2025-01-29 18:00:00,88.25,88.27,88.01,88.18,0
2025-01-30 04:00:00,88.4,88.69,88.4,88.61,0
2025-01-30 05:00:00,88.62,88.66,88.57,88.62,0
2025-01-30 06:00:00,88.61,88.74,88.61,88.73,0
2025-01-30 07:00:00,88.73,88.84,88.69,88.83,0
2025-01-30 08:00:00,88.84,88.93,88.4,88.8,0
2025-01-30 09:00:00,88.76,88.79,88.37,88.4,0
2025-01-30 09:30:00,88.41000366210938,88.69999694824219,88.33999633789062,88.58000183105469,5720774
2025-01-30 10:30:00,88.56999969482422,88.62000274658203,88.19999694824219,88.25,3612054
2025-01-30 11:30:00,88.25,88.43000030517578,88.23999786376953,88.37300109863281,2088312
2025-01-30 12:30:00,88.37999725341797,88.43000030517578,88.25,88.4010009765625,1618654
2025-01-30 13:30:00,88.4000015258789,88.55000305175781,88.33999633789062,88.49299621582031,1940158
2025-01-30 14:30:00,88.49569702148438,88.56500244140625,88.43499755859375,88.45999908447266,2893688
2025-01-30 15:30:00,88.46499633789062,88.49500274658203,88.16999816894531,88.33000183105469,4381568
2025-01-30 16:00:00,88.33,88.5201,88.29,88.46,0
2025-01-30 17:00:00,88.4795,90.4351,85.7832,88.3,0
2025-01-30 18:00:00,88.41,88.42,88.321,88.34,0
2025-01-31 04:00:00,88.35,88.42,88.35,88.38,0
2025-01-31 05:00:00,88.43,88.43,88.19,88.19,0
2025-01-31 06:00:00,88.22,88.3,88.21,88.28,0
2025-01-31 07:00:00,88.33,88.34,88.28,88.28,0
2025-01-31 08:00:00,88.32,88.44,88.17,88.39,0
2025-01-31 09:00:00,88.31,88.4696,88.06,88.38,0
2025-01-31 09:30:00,88.37999725341797,88.66000366210938,88.375,88.45500183105469,4359568
2025-01-31 10:30:00,88.45500183105469,88.62999725341797,88.4000015258789,88.45500183105469,2603221
2025-01-31 11:30:00,88.44999694824219,88.45500183105469,88.2699966430664,88.41000366210938,3288166
2025-01-31 12:30:00,88.41000366210938,88.51000213623047,88.125,88.14990234375,2806557
2025-01-31 13:30:00,88.13999938964844,88.22000122070312,88.0,88.07499694824219,5457051
2025-01-31 14:30:00,88.07969665527344,88.08000183105469,87.44999694824219,87.50499725341797,9034849
2025-01-31 15:30:00,87.50589752197266,87.76000213623047,87.43000030517578,87.75,10756127
2025-01-31 16:00:00,87.76,88.04,87.76,88.0298,0
2025-01-31 17:00:00,88.0,90.0986,87.74,87.9111,0
2025-01-31 18:00:00,87.99,88.1201,87.9,87.9306,0
2025-02-03 04:00:00,88.04,88.04,87.79,87.87,0
2025-02-03 05:00:00,87.88,88.12,87.87,87.93,0
2025-02-03 06:00:00,87.98,88.05,87.96,88.03,0
2025-02-03 07:00:00,88.04,88.43,88.02,88.41,0
2025-02-03 08:00:00,88.42,88.679,87.7962,88.56,0
2025-02-03 09:00:00,88.58,88.82,87.4477,88.57,0
2025-02-03 09:30:00,88.56999969482422,89.09750366210938,88.34500122070312,88.38819885253906,17050818
2025-02-03 10:30:00,88.38500213623047,88.6050033569336,88.09500122070312,88.5250015258789,20374493
2025-02-03 11:30:00,88.52999877929688,88.53730010986328,88.1449966430664,88.25,4201689
2025-02-03 12:30:00,88.25499725341797,88.51499938964844,88.0999984741211,88.19000244140625,4139995
2025-02-03 13:30:00,88.18499755859375,88.23999786376953,87.86499786376953,87.87999725341797,9286416
2025-02-03 14:30:00,87.87249755859375,88.12999725341797,87.80069732666016,88.11499786376953,4017319
2025-02-03 15:30:00,88.11499786376953,88.16999816894531,88.05999755859375,88.16999816894531,2327238
2025-02-03 16:00:00,88.16,88.23,87.71,87.7698,0
2025-02-03 17:00:00,87.76,88.0,85.6911,87.81,0
2025-02-03 18:00:00,87.81,87.88,87.73,87.7899,0
2025-02-04 04:00:00,87.61,87.63,87.53,87.6,0
2025-02-04 05:00:00,87.6,87.62,87.38,87.46,0
2025-02-04 06:00:00,87.48,87.55,87.44,87.51,0
2025-02-04 07:00:00,87.48,87.48,87.22,87.36,0
2025-02-04 08:00:00,87.34,87.88,87.2,87.22,0
2025-02-04 09:00:00,87.22,88.16,87.19,87.5201,0
2025-02-04 09:30:00,87.54499816894531,87.83809661865234,87.48500061035156,87.5999984741211,6688400
2025-02-04 10:30:00,87.5999984741211,88.13999938964844,87.58000183105469,88.09089660644531,7619729
2025-02-04 11:30:00,88.09500122070312,88.19999694824219,87.88999938964844,88.18499755859375,3071034
2025-02-04 12:30:00,88.18499755859375,88.30999755859375,88.04499816894531,88.22850036621094,2414593
2025-02-04 13:30:00,88.22640228271484,88.39430236816406,88.1449966430664,88.3499984741211,2175107
2025-02-04 14:30:00,88.3550033569336,88.44989776611328,88.2699966430664,88.3499984741211,3562628
2025-02-04 15:30:00,88.35980224609375,88.41999816894531,88.33000183105469,88.41000366210938,4236053
2025-02-04 16:00:00,88.41,88.44,88.26,88.33,0
2025-02-04 17:00:00,88.3305,88.36,88.27,88.2803,0
2025-02-04 18:00:00,88.34,88.34,88.22,88.23,0
2025-02-05 04:00:00,88.76,88.83,88.72,88.77,0
2025-02-05 05:00:00,88.78,88.93,88.78,88.92,0
2025-02-05 06:00:00,88.9,88.93,88.83,88.88,0
2025-02-05 07:00:00,88.88,89.05,88.82,89.05,0
2025-02-05 08:00:00,89.05,89.2,88.44,89.16,0
2025-02-05 09:00:00,89.2,89.4501,89.0803,89.4501,0
2025-02-05 09:30:00,89.44999694824219,90.0,89.38999938964844,89.69499969482422,14106981
2025-02-05 10:30:00,89.69499969482422,89.88999938964844,89.56500244140625,89.78900146484375,4534486
2025-02-05 11:30:00,89.78839874267578,89.88999938964844,89.69499969482422,89.7699966430664,2986482
2025-02-05 12:30:00,89.76499938964844,90.0199966430664,89.7301025390625,89.9999008178711,2607641
2025-02-05 13:30:00,89.99500274658203,90.17070007324219,89.9801025390625,90.05999755859375,3757821
2025-02-05 14:30:00,90.06500244140625,90.06500244140625,89.9000015258789,90.0,4653806
2025-02-05 15:30:00,90.00499725341797,90.0199966430664,89.80000305175781,89.87999725341797,6733096
2025-02-05 16:00:00,89.875,90.0096,89.39,89.98,0
2025-02-05 17:00:00,89.98,90.0,89.85,89.9965,0
2025-02-05 18:00:00,90.0,90.06,89.89,89.98,0
2025-02-06 04:00:00,89.7,89.73,89.61,89.68,0
2025-02-06 05:00:00,89.68,89.86,89.65,89.86,0
2025-02-06 06:00:00,89.85,89.87,89.74,89.8,0
2025-02-06 07:00:00,89.8,89.99,89.7,89.77,0
2025-02-06 08:00:00,89.74,89.98,89.61,89.76,0
2025-02-06 09:00:00,89.79,90.2499,89.69,89.87,0
2025-02-06 09:30:00,89.87000274658203,90.1500015258789,89.80500030517578,89.94000244140625,5582739
2025-02-06 10:30:00,89.93000030517578,90.02999877929688,89.66999816894531,89.67500305175781,3448996
2025-02-06 11:30:00,89.68000030517578,89.7300033569336,89.54499816894531,89.62999725341797,2528412
2025-02-06 12:30:00,89.63999938964844,90.09010314941406,89.5999984741211,90.07389831542969,2520370
2025-02-06 13:30:00,90.06999969482422,90.13500213623047,89.81500244140625,89.83499908447266,1777937
2025-02-06 14:30:00,89.83499908447266,90.0,89.81500244140625,89.8499984741211,1716343
2025-02-06 15:30:00,89.8499984741211,89.94000244140625,89.80000305175781,89.8550033569336,2442754
2025-02-06 16:00:00,89.85,90.06,89.85,89.99,0
2025-02-06 17:00:00,89.99,90.0,89.97,89.9899,0
2025-02-06 18:00:00,89.98,90.0,89.94,89.9613,0
2025-02-07 04:00:00,90.0,90.07,89.92,90.05,0
2025-02-07 05:00:00,90.06,90.08,90.0,90.01,0
2025-02-07 06:00:00,90.02,90.11,90.0,90.06,0
2025-02-07 07:00:00,90.08,90.08,89.92,89.95,0
2025-02-07 08:00:00,89.92,90.1088,89.71,89.94,0
2025-02-07 09:00:00,89.87,90.55,89.1,89.23,0
2025-02-07 09:30:00,89.23200225830078,89.40519714355469,89.03500366210938,89.0999984741211,7262313
2025-02-07 10:30:00,89.08999633789062,89.30000305175781,88.93499755859375,89.29000091552734,5337236
2025-02-07 11:30:00,89.27999877929688,89.44999694824219,89.11000061035156,89.18560028076172,2893738
2025-02-07 12:30:00,89.19000244140625,89.23999786376953,89.06500244140625,89.18499755859375,2252676
2025-02-07 13:30:00,89.18499755859375,89.30000305175781,89.125,89.2750015258789,1685901
2025-02-07 14:30:00,89.2750015258789,89.36499786376953,89.18000030517578,89.20500183105469,2487170
2025-02-07 15:30:00,89.20500183105469,89.30000305175781,89.16500091552734,89.26000213623047,3753981
2025-02-07 16:00:00,89.27,90.2209,86.1432,89.2,0
2025-02-07 17:00:00,89.27,90.2209,89.1727,89.2108,0
2025-02-07 18:00:00,89.21,89.27,89.19,89.19,0
2025-02-10 04:00:00,89.14,89.28,89.1,89.19,0
2025-02-10 05:00:00,89.18,89.25,89.07,89.07,0
2025-02-10 06:00:00,89.07,89.19,88.99,89.02,0
2025-02-10 07:00:00,89.02,89.1,88.96,88.97,0
2025-02-10 08:00:00,89.011,89.32,88.95,89.02,0
2025-02-10 09:00:00,89.0299,90.23,89.015,89.2406,0
2025-02-10 09:30:00,89.26399993896484,89.44999694824219,89.25,89.4198989868164,3018273
2025-02-10 10:30:00,89.41000366210938,89.52999877929688,89.17340087890625,89.25,2282243
2025-02-10 11:30:00,89.25499725341797,89.2699966430664,88.95999908447266,89.05220031738281,1311598
2025-02-10 12:30:00,89.05999755859375,89.13529968261719,88.94000244140625,89.07990264892578,2065797
2025-02-10 13:30:00,89.08000183105469,89.0999984741211,88.97000122070312,88.97000122070312,1027552
2025-02-10 14:30:00,88.9800033569336,89.01000213623047,88.91000366210938,88.93000030517578,2552955
2025-02-10 15:30:00,88.93000030517578,89.0199966430664,88.8499984741211,88.98999786376953,3784304
2025-02-10 16:00:00,89.0,89.0203,88.93,89.0,0
2025-02-10 17:00:00,89.01,89.03,88.9027,89.01,0
2025-02-10 18:00:00,89.01,89.19,89.01,89.1801,0
2025-02-11 04:00:00,88.79,88.79,88.63,88.63,0
2025-02-11 05:00:00,88.64,88.68,88.59,88.63,0
2025-02-11 06:00:00,88.64,88.64,88.55,88.59,0
2025-02-11 07:00:00,88.59,88.63,88.431,88.45,0
2025-02-11 08:00:00,88.469,89.03,88.4098,88.47,0
2025-02-11 09:00:00,88.4799,89.0,88.33,88.54,0
2025-02-11 09:30:00,88.53299713134766,88.68000030517578,88.41999816894531,88.48999786376953,4642904
2025-02-11 10:30:00,88.48500061035156,88.65979766845703,88.37999725341797,88.56999969482422,2073782
2025-02-11 11:30:00,88.56330108642578,88.625,88.44999694824219,88.46499633789062,2512574
2025-02-11 12:30:00,88.46150207519531,88.50540161132812,88.38999938964844,88.48570251464844,1347424
2025-02-11 13:30:00,88.48500061035156,88.58499908447266,88.44000244140625,88.45010375976562,1305677
2025-02-11 14:30:00,88.45500183105469,88.56999969482422,88.375,88.43499755859375,2457696
2025-02-11 15:30:00,88.43499755859375,88.4800033569336,88.40499877929688,88.44999694824219,2581724
2025-02-11 16:00:00,88.43,88.58,88.3709,88.41,0
2025-02-11 17:00:00,88.44,89.2283,88.35,88.35,0
2025-02-11 18:00:00,88.38,88.47,88.35,88.38,0
2025-02-12 04:00:00,88.4,88.4,88.31,88.37,0
2025-02-12 05:00:00,88.33,88.38,88.29,88.32,0
2025-02-12 06:00:00,88.3,88.42,88.29,88.33,0
2025-02-12 07:00:00,88.34,88.39,88.24,88.24,0
2025-02-12 08:00:00,88.25,88.57,88.22,88.57,0
2025-02-12 09:00:00,88.57,88.65,86.375,87.3,0
2025-02-12 09:30:00,87.29000091552734,87.31500244140625,86.86009979248047,86.91500091552734,11860247
2025-02-12 10:30:00,86.91500091552734,87.20500183105469,86.91000366210938,87.20500183105469,4505283
2025-02-12 11:30:00,87.20500183105469,87.55999755859375,87.1698989868164,87.49500274658203,3915733
2025-02-12 12:30:00,87.49929809570312,87.5999984741211,87.27999877929688,87.3949966430664,4469192
2025-02-12 13:30:00,87.3949966430664,87.48999786376953,87.29010009765625,87.29499816894531,3506238
2025-02-12 14:30:00,87.29499816894531,87.36000061035156,87.22380065917969,87.27210235595703,4197730
2025-02-12 15:30:00,87.2750015258789,87.31500244140625,87.21499633789062,87.23500061035156,6115122
2025-02-12 16:00:00,87.23,87.37,87.23,87.29,0
2025-02-12 17:00:00,87.29,90.9843,87.26,87.26,0
2025-02-12 18:00:00,87.27,87.34,87.27,87.2906,0
2025-02-13 04:00:00,87.51,87.59,87.5,87.56,0
2025-02-13 05:00:00,87.56,87.59,87.48,87.59,0
2025-02-13 06:00:00,87.58,87.68,87.58,87.64,0
2025-02-13 07:00:00,87.64,87.76,87.64,87.73,0
2025-02-13 08:00:00,87.731,87.76,87.3,87.69,0
2025-02-13 09:00:00,87.74,88.16,87.46,88.1,0
2025-02-13 09:30:00,88.08999633789062,88.44999694824219,88.07050323486328,88.36000061035156,6427767
2025-02-13 10:30:00,88.3499984741211,88.5199966430664,88.33499908447266,88.42559814453125,4073129
2025-02-13 11:30:00,88.42009735107422,88.62529754638672,88.33429718017578,88.55000305175781,3223460
2025-02-13 12:30:00,88.55000305175781,88.63999938964844,88.40499877929688,88.49500274658203,3848547
2025-02-13 13:30:00,88.5,88.84500122070312,88.48999786376953,88.78230285644531,4825483
2025-02-13 14:30:00,88.78500366210938,88.88929748535156,88.66999816894531,88.74500274658203,5384240
2025-02-13 15:30:00,88.74500274658203,88.75,88.66000366210938,88.66999816894531,5745942
2025-02-13 16:00:00,88.68,88.68,88.58,88.64,0
2025-02-13 17:00:00,88.6307,90.4351,88.6,88.6699,0
2025-02-13 18:00:00,88.675,88.69,88.5809,88.595,0
2025-02-14 04:00:00,88.5,88.56,88.44,88.55,0
2025-02-14 05:00:00,88.6,88.72,88.6,88.64,0
2025-02-14 06:00:00,88.65,88.7,88.6,88.64,0
2025-02-14 07:00:00,88.6,88.61,88.49,88.49,0
2025-02-14 08:00:00,88.51,88.74,88.4448,88.7,0
2025-02-14 09:00:00,88.75,89.47,88.73,89.39,0
2025-02-14 09:30:00,89.38800048828125,89.48040008544922,89.23999786376953,89.43000030517578,5506799
2025-02-14 10:30:00,89.43499755859375,89.68000030517578,89.37000274658203,89.6449966430664,3493198
2025-02-14 11:30:00,89.6449966430664,89.67500305175781,89.23999786376953,89.24500274658203,3003815
2025-02-14 12:30:00,89.26000213623047,89.33999633789062,89.12999725341797,89.12999725341797,3241408
2025-02-14 13:30:00,89.13520050048828,89.26499938964844,89.12000274658203,89.2300033569336,1887286
2025-02-14 14:30:00,89.2300033569336,89.30999755859375,89.15280151367188,89.19499969482422,1860117
2025-02-14 15:30:00,89.19499969482422,89.19509887695312,89.12999725341797,89.16000366210938,3086403
2025-02-14 16:00:00,89.17,89.3021,89.14,89.1899,0
2025-02-14 17:00:00,89.19,90.0986,89.1,89.1,0
2025-02-14 18:00:00,89.11,89.2,89.08,89.1,0
2025-02-18 04:00:00,88.92,88.92,88.68,88.73,0
2025-02-18 05:00:00,88.73,88.79,88.65,88.79,0
2025-02-18 06:00:00,88.8,88.84,88.69,88.69,0
2025-02-18 07:00:00,88.71,88.78,88.65,88.73,0
2025-02-18 08:00:00,88.74,88.8212,88.55,88.64,0
2025-02-18 09:00:00,88.64,88.83,88.49,88.53,0
2025-02-18 09:30:00,88.54000091552734,88.83799743652344,88.49500274658203,88.7499008178711,4483833
2025-02-18 10:30:00,88.74500274658203,88.81500244140625,88.53500366210938,88.61000061035156,1973491
2025-02-18 11:30:00,88.6050033569336,88.6449966430664,88.36499786376953,88.4198989868164,2702421
2025-02-18 12:30:00,88.41999816894531,88.4530029296875,88.30500030517578,88.33000183105469,2696848
2025-02-18 13:30:00,88.33499908447266,88.37000274658203,88.26000213623047,88.34500122070312,1705092
2025-02-18 14:30:00,88.34500122070312,88.37000274658203,88.08329772949219,88.08999633789062,2590702
2025-02-18 15:30:00,88.09020233154297,88.12999725341797,88.04000091552734,88.1050033569336,5148793
2025-02-18 16:00:00,88.1,88.2299,88.05,88.22,0
2025-02-18 17:00:00,88.2095,89.1521,81.9984,88.1804,0
2025-02-18 18:00:00,88.18,88.2,88.12,88.12,0
2025-02-19 04:00:00,88.0,88.0,87.86,87.88,0
2025-02-19 05:00:00,87.89,87.95,87.85,87.85,0
2025-02-19 06:00:00,87.87,87.95,87.82,87.82,0
2025-02-19 07:00:00,87.82,87.86,87.77,87.85,0
2025-02-19 08:00:00,87.86,88.21,87.77,87.8699,0
2025-02-19 09:00:00,87.8488,88.1,87.78,87.96,0
2025-02-19 09:30:00,87.95999908447266,88.25,87.94999694824219,88.24530029296875,4386607
2025-02-19 10:30:00,88.24839782714844,88.27999877929688,88.13999938964844,88.1500015258789,2021597
2025-02-19 11:30:00,88.1500015258789,88.15609741210938,88.0199966430664,88.0250015258789,1646380
2025-02-19 12:30:00,88.0250015258789,88.04199981689453,87.88500213623047,87.97000122070312,2542376
2025-02-19 13:30:00,87.9749984741211,88.44999694824219,87.94999694824219,88.33999633789062,2713774
2025-02-19 14:30:00,88.33999633789062,88.33999633789062,88.17009735107422,88.2750015258789,1850925
2025-02-19 15:30:00,88.2699966430664,88.30999755859375,88.19000244140625,88.19000244140625,2924253
2025-02-19 16:00:00,88.21,88.225,88.1399,88.21,0
2025-02-19 17:00:00,88.23,88.2399,88.1,88.1125,0
2025-02-19 18:00:00,88.19,88.24,88.13,88.2,0
2025-02-20 04:00:00,88.33,88.34,88.29,88.32,0
2025-02-20 05:00:00,88.33,88.35,88.27,88.33,0
2025-02-20 06:00:00,88.33,88.33,88.23,88.23,0
2025-02-20 07:00:00,88.24,88.51,88.14,88.46,0
2025-02-20 08:00:00,88.46,88.63,88.15,88.5902,0
2025-02-20 09:00:00,88.56,88.64,88.21,88.4576,0
2025-02-20 09:30:00,88.44999694824219,88.76000213623047,88.44999694824219,88.52999877929688,4724874
2025-02-20 10:30:00,88.53500366210938,88.68000030517578,88.49500274658203,88.62000274658203,3006638
2025-02-20 11:30:00,88.61499786376953,88.70500183105469,88.52999877929688,88.63999938964844,2741240
2025-02-20 12:30:00,88.63500213623047,88.66999816894531,88.50499725341797,88.5999984741211,4166832
2025-02-20 13:30:00,88.5999984741211,88.70999908447266,88.5999984741211,88.66889953613281,2158816
2025-02-20 14:30:00,88.66500091552734,88.70999908447266,88.55000305175781,88.56999969482422,3476754
2025-02-20 15:30:00,88.56500244140625,88.5999984741211,88.5,88.54000091552734,4566290
2025-02-20 16:00:00,88.54,88.66,88.4608,88.48,0
2025-02-20 17:00:00,88.5,88.54,88.47,88.54,0
2025-02-20 18:00:00,88.49,88.4993,88.45,88.4993,0
2025-02-21 04:00:00,88.85,88.89,88.8,88.82,0
2025-02-21 05:00:00,88.84,88.85,88.71,88.81,0
2025-02-21 06:00:00,88.8,88.89,88.77,88.87,0
2025-02-21 07:00:00,88.86,88.95,88.85,88.92,0
2025-02-21 08:00:00,88.9,88.96,88.7288,88.87,0
2025-02-21 09:00:00,88.86,88.91,88.7,88.8692,0
2025-02-21 09:30:00,88.86869812011719,89.36000061035156,88.81999969482422,89.33000183105469,8391894
2025-02-21 10:30:00,89.33000183105469,89.43000030517578,89.23999786376953,89.30000305175781,4611340
2025-02-21 11:30:00,89.30500030517578,89.37999725341797,89.25,89.36000061035156,2370073
2025-02-21 12:30:00,89.3550033569336,89.93000030517578,89.3499984741211,89.76499938964844,6314659
2025-02-21 13:30:00,89.76000213623047,89.81999969482422,89.6449966430664,89.76000213623047,6222025
2025-02-21 14:30:00,89.75,89.7699966430664,89.6449966430664,89.70500183105469,4641728
2025-02-21 15:30:00,89.70500183105469,89.73500061035156,89.55010223388672,89.5999984741211,6174012
2025-02-21 16:00:00,89.59,89.61,89.48,89.52,0
2025-02-21 17:00:00,89.51,90.2209,86.1432,89.53,0
2025-02-21 18:00:00,89.52,89.61,89.5,89.53,0
2025-02-24 04:00:00,89.64,89.64,89.55,89.57,0
2025-02-24 05:00:00,89.58,89.6,89.47,89.49,0
2025-02-24 06:00:00,89.47,89.47,89.35,89.4,0
2025-02-24 07:00:00,89.42,89.44,89.34,89.37,0
2025-02-24 08:00:00,89.36,89.7088,89.14,89.39,0
2025-02-24 09:00:00,89.39,89.61,89.2198,89.33,0
2025-02-24 09:30:00,89.33499908447266,89.76499938964844,89.26000213623047,89.7249984741211,7158690
2025-02-24 10:30:00,89.72000122070312,90.05999755859375,89.69999694824219,89.78309631347656,3499619
2025-02-24 11:30:00,89.78500366210938,89.87689971923828,89.625,89.68990325927734,1877689
2025-02-24 12:30:00,89.69000244140625,89.87000274658203,89.65499877929688,89.83999633789062,1843494
2025-02-24 13:30:00,89.84500122070312,89.87999725341797,89.7249984741211,89.80000305175781,1740290
2025-02-24 14:30:00,89.79000091552734,89.9800033569336,89.5999984741211,89.83499908447266,3299329
2025-02-24 15:30:00,89.83670043945312,89.9000015258789,89.79499816894531,89.86000061035156,2739663
2025-02-24 16:00:00,89.87,89.8801,89.79,89.84,0
2025-02-24 17:00:00,89.83,89.87,86.365,89.81,0
2025-02-24 18:00:00,89.8,89.899,89.77,89.89,0
2025-02-25 04:00:00,90.32,90.5,90.32,90.47,0
2025-02-25 05:00:00,90.46,90.61,90.46,90.55,0
2025-02-25 06:00:00,90.55,90.57,90.45,90.5,0
2025-02-25 07:00:00,90.5,90.85,90.44,90.83,0
2025-02-25 08:00:00,90.83,90.8505,90.03,90.76,0
2025-02-25 09:00:00,90.76,91.13,90.6899,90.96,0
2025-02-25 09:30:00,90.9749984741211,91.33999633789062,90.80000305175781,91.3270034790039,14033096
2025-02-25 10:30:00,91.31999969482422,91.38999938964844,91.08999633789062,91.22630310058594,7955467
2025-02-25 11:30:00,91.2249984741211,91.30500030517578,90.9800033569336,91.16000366210938,3392652
2025-02-25 12:30:00,91.1500015258789,91.31999969482422,91.08499908447266,91.18000030517578,2981165
2025-02-25 13:30:00,91.19000244140625,91.31500244140625,91.04329681396484,91.19499969482422,4219412
2025-02-25 14:30:00,91.19000244140625,91.37999725341797,91.12999725341797,91.35330200195312,4450101
2025-02-25 15:30:00,91.36000061035156,91.5,91.33999633789062,91.41999816894531,6113979
2025-02-25 16:00:00,91.42,91.42,91.2206,91.27,0
2025-02-25 17:00:00,91.2601,93.1561,89.2283,91.1997,0
2025-02-25 18:00:00,91.18,91.41,91.17,91.3698,0
2025-02-26 04:00:00,91.28,91.28,91.13,91.13,0
2025-02-26 05:00:00,91.13,91.24,91.05,91.2,0
2025-02-26 06:00:00,91.23,91.29,91.06,91.08,0
2025-02-26 07:00:00,91.09,91.299,91.07,91.28,0
2025-02-26 08:00:00,91.26,91.68,90.92,91.6201,0
2025-02-26 09:00:00,91.63,91.63,91.23,91.43,0
2025-02-26 09:30:00,91.44000244140625,91.58000183105469,91.19999694824219,91.3550033569336,6230902
2025-02-26 10:30:00,91.36000061035156,91.51000213623047,91.32720184326172,91.46499633789062,2815124
2025-02-26 11:30:00,91.46199798583984,91.69999694824219,91.45999908447266,91.59010314941406,3804425
2025-02-26 12:30:00,91.5958023071289,91.94999694824219,91.57499694824219,91.91000366210938,3605787
2025-02-26 13:30:00,91.91439819335938,92.01000213623047,91.85070037841797,91.91999816894531,4861497
2025-02-26 14:30:00,91.92500305175781,92.05999755859375,91.8550033569336,92.05500030517578,3104456
2025-02-26 15:30:00,92.05580139160156,92.05999755859375,91.87000274658203,91.94999694824219,4096682
2025-02-26 16:00:00,91.96,92.05,90.9843,90.9843,0
2025-02-26 17:00:00,91.9501,91.96,91.77,91.7917,0
2025-02-26 18:00:00,91.88,91.96,91.81,91.83,0
2025-02-27 04:00:00,91.48,91.49,91.32,91.33,0
2025-02-27 05:00:00,91.32,91.35,91.2,91.22,0
2025-02-27 06:00:00,91.24,91.24,91.17,91.19,0
2025-02-27 07:00:00,91.19,91.35,91.19,91.34,0
2025-02-27 08:00:00,91.36,91.96,91.1988,91.56,0
2025-02-27 09:00:00,91.58,91.7025,91.26,91.3199,0
2025-02-27 09:30:00,91.30999755859375,91.79000091552734,91.2300033569336,91.42880249023438,8120829
2025-02-27 10:30:00,91.42289733886719,91.54000091552734,91.31999969482422,91.46499633789062,6952022
2025-02-27 11:30:00,91.46499633789062,91.55999755859375,91.32129669189453,91.33999633789062,3229698
2025-02-27 12:30:00,91.33899688720703,91.36499786376953,91.1500015258789,91.26000213623047,4992441
2025-02-27 13:30:00,91.26000213623047,91.30999755859375,91.19499969482422,91.23320007324219,3815743
2025-02-27 14:30:00,91.2301025390625,91.38999938964844,91.22309875488281,91.27069854736328,5413260
2025-02-27 15:30:00,91.2750015258789,91.37000274658203,91.13999938964844,91.31999969482422,6348342
2025-02-27 16:00:00,91.31,91.6,91.27,91.5799,0
2025-02-27 17:00:00,91.57,91.619,85.7832,91.51,0
2025-02-27 18:00:00,91.52,91.58,91.47,91.51,0
2025-02-28 04:00:00,91.92,91.92,91.77,91.82,0
2025-02-28 05:00:00,91.83,91.91,91.75,91.91,0
2025-02-28 06:00:00,91.92,91.92,91.75,91.75,0
2025-02-28 07:00:00,91.74,91.79,91.62,91.69,0
2025-02-28 08:00:00,91.68,92.1,91.5,91.6164,0
2025-02-28 09:00:00,91.51,91.87,91.3305,91.85,0
2025-02-28 09:30:00,91.86000061035156,92.01000213623047,91.54499816894531,91.55000305175781,8217950
2025-02-28 10:30:00,91.55500030517578,91.9749984741211,91.47010040283203,91.88500213623047,4113321
2025-02-28 11:30:00,91.88999938964844,91.93000030517578,91.5199966430664,91.7698974609375,4331088
2025-02-28 12:30:00,91.75499725341797,91.87000274658203,91.63999938964844,91.66999816894531,3020241
2025-02-28 13:30:00,91.66999816894531,92.05500030517578,91.63999938964844,91.84449768066406,4852520
2025-02-28 14:30:00,91.84500122070312,91.99500274658203,91.75,91.9000015258789,7477608
2025-02-28 15:30:00,91.8949966430664,92.4749984741211,91.88999938964844,92.43000030517578,8177604
2025-02-28 16:00:00,92.43,92.445,92.08,92.23,0
2025-02-28 17:00:00,92.24,92.29,87.3196,92.195,0
2025-02-28 18:00:00,92.2,92.25,92.18,92.2401,0
2025-03-03 04:00:00,91.67,91.73,91.58,91.61,0
2025-03-03 05:00:00,91.59,91.6,91.44,91.44,0
2025-03-03 06:00:00,91.44,91.46,91.3,91.32,0
2025-03-03 07:00:00,91.32,91.439,91.31,91.42,0
2025-03-03 08:00:00,91.4,91.7288,91.2,91.39,0
2025-03-03 09:00:00,91.4,92.43,91.34,91.42,0
2025-03-03 09:30:00,91.4020004272461,92.3499984741211,91.37000274658203,92.14990234375,8781156
2025-03-03 10:30:00,92.15750122070312,92.33000183105469,91.99500274658203,92.30500030517578,4951316
2025-03-03 11:30:00,92.30000305175781,92.37000274658203,92.11199951171875,92.1449966430664,2702898
2025-03-03 12:30:00,92.13999938964844,92.54000091552734,92.13459777832031,92.51499938964844,3203180
2025-03-03 13:30:00,92.51499938964844,92.54810333251953,92.33000183105469,92.38999938964844,3434890
2025-03-03 14:30:00,92.38999938964844,92.5999984741211,92.23500061035156,92.57499694824219,5094633
2025-03-03 15:30:00,92.57839965820312,92.70999908447266,92.47000122070312,92.58000183105469,7904798
2025-03-03 16:00:00,92.58,92.62,92.5,92.56,0
2025-03-03 17:00:00,92.5695,92.58,91.9332,92.45,0
2025-03-03 18:00:00,92.5,92.7291,92.5,92.68,0
2025-03-04 04:00:00,92.23,92.3,92.16,92.28,0
2025-03-04 05:00:00,92.3,92.32,92.15,92.32,0
2025-03-04 06:00:00,92.28,92.28,92.13,92.19,0
2025-03-04 07:00:00,92.19,92.59,92.16,92.59,0
2025-03-04 08:00:00,92.58,92.71,92.13,92.6,0
2025-03-04 09:00:00,92.6002,92.65,92.15,92.45,0
2025-03-04 09:30:00,92.44100189208984,92.79000091552734,92.32499694824219,92.61399841308594,9653455
2025-03-04 10:30:00,92.62000274658203,92.63999938964844,92.18099975585938,92.5250015258789,5854254
2025-03-04 11:30:00,92.52269744873047,92.54000091552734,91.69999694824219,91.74500274658203,6855240
2025-03-04 12:30:00,91.75,92.0,91.42500305175781,91.625,6688283
2025-03-04 13:30:00,91.62999725341797,91.70999908447266,91.41500091552734,91.52999877929688,4081685
2025-03-04 14:30:00,91.52999877929688,91.6500015258789,91.26499938964844,91.3499984741211,5212410
2025-03-04 15:30:00,91.3550033569336,91.58000183105469,91.3499984741211,91.44999694824219,6435905
2025-03-04 16:00:00,91.45,92.04,91.04,91.17,0
2025-03-04 17:00:00,91.1508,91.37,87.668,91.12,0
2025-03-04 18:00:00,91.14,91.2895,91.0601,91.26,0
2025-03-05 04:00:00,91.28,91.33,91.21,91.21,0
2025-03-05 05:00:00,91.22,91.28,91.07,91.17,0
2025-03-05 06:00:00,91.17,91.2,91.02,91.15,0
2025-03-05 07:00:00,91.15,91.34,91.1,91.13,0
2025-03-05 08:00:00,91.12,91.35,90.77,91.33,0
2025-03-05 09:00:00,91.35,92.455,91.29,91.5799,0
2025-03-05 09:30:00,91.56999969482422,91.80000305175781,90.97000122070312,91.15499877929688,10701994
2025-03-05 10:30:00,91.15499877929688,91.28500366210938,90.63500213623047,91.2249984741211,6057619
2025-03-05 11:30:00,91.2249984741211,91.30999755859375,90.76000213623047,90.92500305175781,4904039
2025-03-05 12:30:00,90.92500305175781,90.9800033569336,90.6427993774414,90.7313003540039,11007893
2025-03-05 13:30:00,90.73650360107422,90.91500091552734,90.61009979248047,90.71749877929688,3273383
2025-03-05 14:30:00,90.71499633789062,90.94499969482422,90.68000030517578,90.69000244140625,4359270
2025-03-05 15:30:00,90.69000244140625,90.83999633789062,90.68000030517578,90.69000244140625,4228148
2025-03-05 16:00:00,90.7,90.72,90.5298,90.64,0
2025-03-05 17:00:00,90.65,90.75,90.6399,90.66,0
2025-03-05 18:00:00,90.66,90.7,90.4622,90.5496,0
2025-03-06 04:00:00,90.16,90.3,90.1,90.28,0
2025-03-06 05:00:00,90.29,90.38,90.24,90.32,0
2025-03-06 06:00:00,90.32,90.45,90.28,90.43,0
2025-03-06 07:00:00,90.43,90.44,90.1,90.14,0
2025-03-06 08:00:00,90.14,90.61,90.0,90.55,0
2025-03-06 09:00:00,90.5,90.72,90.23,90.4993,0
2025-03-06 09:30:00,90.47920227050781,90.76000213623047,89.73370361328125,89.76499938964844,11280604
2025-03-06 10:30:00,89.7698974609375,90.08879852294922,89.73999786376953,89.91000366210938,4809110
2025-03-06 11:30:00,89.91010284423828,90.38839721679688,89.83000183105469,90.36009979248047,6130978
2025-03-06 12:30:00,90.36009979248047,90.5999984741211,90.29000091552734,90.56500244140625,3975583
2025-03-06 13:30:00,90.56500244140625,90.7925033569336,90.50409698486328,90.69499969482422,2389904
2025-03-06 14:30:00,90.69010162353516,90.7300033569336,90.45500183105469,90.51840209960938,3508811
2025-03-06 15:30:00,90.51499938964844,90.58999633789062,90.38999938964844,90.43000030517578,4751880
2025-03-06 16:00:00,90.44,90.69,90.37,90.57,0
2025-03-06 17:00:00,90.56,90.57,90.5,90.53,0
2025-03-06 18:00:00,90.55,90.57,90.46,90.55,0
2025-03-07 04:00:00,91.06,91.08,90.86,90.92,0
2025-03-07 05:00:00,90.92,90.94,90.74,90.85,0
2025-03-07 06:00:00,90.81,90.83,90.64,90.74,0
2025-03-07 07:00:00,90.78,90.93,90.7,90.91,0
2025-03-07 08:00:00,90.9,91.11,90.4,91.02,0
2025-03-07 09:00:00,90.89,91.35,90.5,91.15,0
2025-03-07 09:30:00,91.13999938964844,91.16000366210938,90.63500213623047,90.68000030517578,8848936
2025-03-07 10:30:00,90.69000244140625,91.06680297851562,90.55000305175781,90.87000274658203,6583375
2025-03-07 11:30:00,90.8550033569336,91.16000366210938,90.80010223388672,90.87999725341797,3157328
2025-03-07 12:30:00,90.87000274658203,90.87000274658203,90.20999908447266,90.27999877929688,4262989
2025-03-07 13:30:00,90.29000091552734,90.33999633789062,89.98500061035156,90.097900390625,3646524
2025-03-07 14:30:00,90.097900390625,90.13500213623047,90.00499725341797,90.06500244140625,3895209
2025-03-07 15:30:00,90.06500244140625,90.12999725341797,90.0,90.125,3732204
2025-03-07 16:00:00,90.11,90.3,90.11,90.299,0
2025-03-07 17:00:00,90.3,90.35,86.1432,90.26,0
2025-03-07 18:00:00,90.35,90.35,90.24,90.27,0
2025-03-10 05:00:00,91.01,91.01,90.85,90.86,0
2025-03-10 06:00:00,90.86,91.05,90.8,91.03,0
2025-03-10 07:00:00,91.03,91.13,90.96,90.98,0
2025-03-10 08:00:00,91.05,91.29,90.11,91.27,0
2025-03-10 09:00:00,91.29,91.3,90.11,91.08,0
2025-03-10 09:30:00,91.0979995727539,91.37000274658203,90.91000366210938,91.36930084228516,7587541
2025-03-10 10:30:00,91.36000061035156,91.625,91.20349884033203,91.23989868164062,4482936
2025-03-10 11:30:00,91.2313003540039,91.44499969482422,91.17009735107422,91.26499938964844,2916595
2025-03-10 12:30:00,91.26499938964844,91.27999877929688,91.10199737548828,91.22000122070312,7661383
2025-03-10 13:30:00,91.2300033569336,91.33390045166016,91.03500366210938,91.13999938964844,2476784
2025-03-10 14:30:00,91.12999725341797,91.4000015258789,91.03350067138672,91.17009735107422,4470256
2025-03-10 15:30:00,91.16999816894531,91.16999816894531,91.05000305175781,91.08499908447266,5472372
2025-03-10 16:00:00,91.09,96.1924,91.05,91.16,0
2025-03-10 17:00:00,96.1924,96.1924,91.12,91.28,0
2025-03-10 18:00:00,91.25,91.35,91.21,91.33,0
2025-03-10 19:00:00,91.32,91.54,91.32,91.4,0
2025-03-11 04:00:00,91.57,91.58,91.35,91.38,0
2025-03-11 05:00:00,91.4,91.43,91.27,91.28,0
2025-03-11 06:00:00,91.3,91.38,91.2,91.2,0
2025-03-11 07:00:00,91.17,91.25,91.09,91.12,0
2025-03-11 08:00:00,91.1,91.72,90.9,90.99,0
2025-03-11 09:00:00,91.0,91.31,89.0,90.97,0
2025-03-11 09:30:00,90.97200012207031,91.37999725341797,90.69999694824219,91.36000061035156,7007256
2025-03-11 10:30:00,91.35070037841797,91.4905014038086,90.48999786376953,90.55000305175781,5983841
2025-03-11 11:30:00,90.54499816894531,90.72000122070312,90.32499694824219,90.60340118408203,4208886
2025-03-11 12:30:00,90.5999984741211,91.0,90.55000305175781,90.87999725341797,6161149
2025-03-11 13:30:00,90.88999938964844,90.98999786376953,90.23999786376953,90.37000274658203,4745501
2025-03-11 14:30:00,90.37000274658203,90.44000244140625,90.13999938964844,90.44000244140625,4271435
2025-03-11 15:30:00,90.43499755859375,90.44999694824219,90.30999755859375,90.4000015258789,3519058
2025-03-11 16:00:00,90.42,91.411,89.2283,90.4,0
2025-03-11 17:00:00,90.4,90.41,90.2801,90.38,0
2025-03-11 18:00:00,90.36,90.44,90.32,90.42,0
2025-03-11 19:00:00,90.43,90.5098,90.4,90.42,0
2025-03-12 04:00:00,90.41,90.46,90.38,90.43,0
2025-03-12 05:00:00,90.42,90.5,90.4,90.47,0
2025-03-12 06:00:00,90.5,90.57,90.39,90.45,0
2025-03-12 07:00:00,90.42,90.42,90.3,90.33,0
2025-03-12 08:00:00,90.33,90.56,90.05,90.1,0
2025-03-12 09:00:00,90.16,90.82,89.76,90.0024,0
2025-03-12 09:30:00,90.00499725341797,90.17009735107422,89.86499786376953,90.04499816894531,6297893
2025-03-12 10:30:00,90.02999877929688,90.37999725341797,90.02880096435547,90.1416015625,3561682
2025-03-12 11:30:00,90.13999938964844,90.1552963256836,89.83100128173828,89.88500213623047,5350814
2025-03-12 12:30:00,89.88999938964844,90.10310363769531,89.875,90.0199966430664,2457046
2025-03-12 13:30:00,90.0199966430664,90.26499938964844,89.94100189208984,89.94100189208984,3202645
2025-03-12 14:30:00,89.94129943847656,90.04000091552734,89.87999725341797,89.93499755859375,4137824
2025-03-12 15:30:00,89.93000030517578,89.93000030517578,89.77999877929688,89.86499786376953,4348373
2025-03-12 16:00:00,89.87,91.9447,89.219,89.91,0
2025-03-12 17:00:00,89.9101,89.97,89.91,89.9685,0
2025-03-12 18:00:00,89.93,89.96,89.8804,89.935,0
2025-03-12 19:00:00,89.93,89.96,89.81,89.82,0
2025-03-13 04:00:00,89.86,89.89,89.72,89.72,0
2025-03-13 05:00:00,89.72,89.82,89.69,89.69,0
2025-03-13 06:00:00,89.69,89.69,89.61,89.63,0
2025-03-13 07:00:00,89.62,89.64,89.43,89.55,0
2025-03-13 08:00:00,89.53,89.98,89.4411,89.7,0
2025-03-13 09:00:00,89.71,89.9,89.4798,89.56,0
2025-03-13 09:30:00,89.57990264892578,89.72730255126953,89.375,89.66999816894531,5043937
2025-03-13 10:30:00,89.66000366210938,90.0999984741211,89.58000183105469,90.05650329589844,4385608
2025-03-13 11:30:00,90.05000305175781,90.25,90.01000213623047,90.12999725341797,4154736
2025-03-13 12:30:00,90.12999725341797,90.52999877929688,90.01000213623047,90.50499725341797,6363306
2025-03-13 13:30:00,90.49500274658203,90.70999908447266,90.44000244140625,90.51000213623047,4417171
2025-03-13 14:30:00,90.51000213623047,90.55500030517578,90.3550033569336,90.51000213623047,4177657
2025-03-13 15:30:00,90.51000213623047,90.69999694824219,90.50499725341797,90.63999938964844,4020535
2025-03-13 16:00:00,90.65,90.65,90.5,90.59,0
2025-03-13 17:00:00,90.4351,90.63,89.3365,90.52,0
2025-03-13 18:00:00,90.56,90.56,90.4,90.42,0
2025-03-13 19:00:00,90.44,90.48,90.36,90.45,0
2025-03-14 04:00:00,90.42,90.45,90.22,90.22,0
2025-03-14 05:00:00,90.22,90.23,90.15,90.22,0
2025-03-14 06:00:00,90.21,90.27,90.15,90.23,0
2025-03-14 07:00:00,90.3,90.33,90.06,90.13,0
2025-03-14 08:00:00,90.12,90.65,89.76,89.79,0
2025-03-14 09:00:00,89.8,90.02,89.79,90.02,0
2025-03-14 09:30:00,90.0199966430664,90.2750015258789,89.86000061035156,90.18000030517578,7930391
2025-03-14 10:30:00,90.18000030517578,90.4000015258789,90.125,90.24500274658203,2621114
2025-03-14 11:30:00,90.24500274658203,90.38009643554688,90.1449966430664,90.37329864501953,2395554
2025-03-14 12:30:00,90.375,90.40560150146484,90.27999877929688,90.36000061035156,1292936
2025-03-14 13:30:00,90.3499984741211,90.375,90.20500183105469,90.23500061035156,1596990
2025-03-14 14:30:00,90.23370361328125,90.29000091552734,90.16999816894531,90.19999694824219,1636630
2025-03-14 15:30:00,90.19499969482422,90.20999908447266,90.11000061035156,90.16500091552734,3390977
2025-03-14 16:00:00,90.165,90.17,90.06,90.12,0
2025-03-14 17:00:00,90.15,90.205,90.11,90.1582,0
2025-03-14 18:00:00,90.15,90.21,90.12,90.19,0
2025-03-14 19:00:00,90.19,90.21,90.14,90.155,0
2025-03-17 04:00:00,90.37,90.39,90.23,90.24,0
2025-03-17 05:00:00,90.34,90.63,90.34,90.6,0
2025-03-17 06:00:00,90.6,90.66,90.57,90.59,0
2025-03-17 07:00:00,90.6,90.62,90.43,90.46,0
2025-03-17 08:00:00,90.48,90.75,90.17,90.6,0
2025-03-17 09:00:00,90.62,90.85,90.1198,90.81,0
2025-03-17 09:30:00,90.79329681396484,90.86000061035156,90.37999725341797,90.75,5042244
2025-03-17 10:30:00,90.75479888916016,91.06999969482422,90.70500183105469,91.04000091552734,3411807
2025-03-17 11:30:00,91.03500366210938,91.17990112304688,90.95999908447266,91.06999969482422,3543239
2025-03-17 12:30:00,91.06999969482422,91.08999633789062,90.72000122070312,90.73999786376953,1855860
2025-03-17 13:30:00,90.73999786376953,90.86000061035156,90.55000305175781,90.5999984741211,2188864
2025-03-17 14:30:00,90.60340118408203,90.61499786376953,90.43000030517578,90.52020263671875,2225554
2025-03-17 15:30:00,90.52999877929688,90.61000061035156,90.50499725341797,90.6050033569336,3678643
2025-03-17 16:00:00,90.62,90.68,90.58,90.64,0
2025-03-17 17:00:00,90.63,90.7,90.6112,90.6112,0
2025-03-17 18:00:00,90.61,90.61,90.49,90.5602,0
2025-03-17 19:00:00,90.56,90.65,90.56,90.62,0
2025-03-18 04:00:00,90.54,90.54,90.32,90.35,0
2025-03-18 05:00:00,90.36,90.36,90.27,90.29,0
2025-03-18 06:00:00,90.29,90.42,90.29,90.41,0
2025-03-18 07:00:00,90.42,90.45,90.31,90.31,0
2025-03-18 08:00:00,90.32,90.85,90.16,90.26,0
2025-03-18 09:00:00,90.2,90.39,89.959,90.15,0
2025-03-18 09:30:00,90.13999938964844,90.48500061035156,90.12000274658203,90.39939880371094,5676605
2025-03-18 10:30:00,90.39510345458984,90.45999908447266,90.20999908447266,90.43000030517578,3167089
2025-03-18 11:30:00,90.44000244140625,90.62000274658203,90.41500091552734,90.46499633789062,1906064
2025-03-18 12:30:00,90.46640014648438,90.88999938964844,90.41999816894531,90.75,3007613
2025-03-18 13:30:00,90.75499725341797,91.00499725341797,90.69000244140625,91.00469970703125,1582803
2025-03-18 14:30:00,91.0000991821289,91.0199966430664,90.80000305175781,90.86000061035156,1874813
2025-03-18 15:30:00,90.86000061035156,90.87000274658203,90.70999908447266,90.72000122070312,2295999
2025-03-18 16:00:00,90.71,90.8052,87.668,90.72,0
2025-03-18 17:00:00,89.1521,90.75,89.1521,90.7,0
2025-03-18 18:00:00,90.7,90.84,90.6902,90.72,0
2025-03-18 19:00:00,90.72,90.73,90.6541,90.6901,0
2025-03-19 04:00:00,90.85,90.89,90.83,90.84,0
2025-03-19 05:00:00,90.84,90.84,90.73,90.78,0
2025-03-19 06:00:00,90.76,90.84,90.76,90.79,0
2025-03-19 07:00:00,90.78,90.8,90.68,90.68,0
2025-03-19 08:00:00,90.67,90.8764,90.6,90.84,0
2025-03-19 09:00:00,90.84,91.0002,90.65,90.68,0
2025-03-19 09:30:00,90.66999816894531,90.73809814453125,90.4800033569336,90.68150329589844,3326344
2025-03-19 10:30:00,90.68000030517578,90.76000213623047,90.6050033569336,90.62000274658203,1973213
2025-03-19 11:30:00,90.61499786376953,90.72000122070312,90.53099822998047,90.6500015258789,1871110
2025-03-19 12:30:00,90.65760040283203,90.69999694824219,90.43000030517578,90.51529693603516,1973345
2025-03-19 13:30:00,90.5199966430664,90.88839721679688,90.37999725341797,90.86000061035156,3641735
2025-03-19 14:30:00,90.86000061035156,91.22000122070312,90.75499725341797,91.18699645996094,6289060
2025-03-19 15:30:00,91.18280029296875,91.22000122070312,91.08380126953125,91.1500015258789,6899854
2025-03-19 16:00:00,91.14,91.3,91.01,91.24,0
2025-03-19 17:00:00,91.2407,91.29,91.24,91.26,0
2025-03-19 18:00:00,91.2799,91.355,91.18,91.32,0
2025-03-19 19:00:00,91.32,91.38,91.28,91.36,0
2025-03-20 04:00:00,91.3,91.4,91.29,91.39,0
2025-03-20 05:00:00,91.39,91.7,91.36,91.61,0
2025-03-20 06:00:00,91.63,91.71,91.57,91.69,0
2025-03-20 07:00:00,91.7,91.86,91.69,91.85,0
2025-03-20 08:00:00,91.82,92.15,91.18,92.12,0
2025-03-20 09:00:00,92.085,92.24,91.91,92.22,0
2025-03-20 09:30:00,92.19999694824219,92.23999786376953,91.78500366210938,91.84500122070312,9326136
2025-03-20 10:30:00,91.83999633789062,91.86499786376953,91.51000213623047,91.52999877929688,4274219
2025-03-20 11:30:00,91.53500366210938,91.54000091552734,91.27999877929688,91.51000213623047,5486947
2025-03-20 12:30:00,91.50499725341797,91.5199966430664,91.15499877929688,91.28500366210938,3337992
2025-03-20 13:30:00,91.28500366210938,91.30500030517578,91.17500305175781,91.27999877929688,2333358
2025-03-20 14:30:00,91.28500366210938,91.30999755859375,91.16280364990234,91.29499816894531,2698562
2025-03-20 15:30:00,91.29000091552734,91.31999969482422,91.22000122070312,91.29000091552734,3480611
2025-03-20 16:00:00,91.24,91.5249,91.16,91.22,0
2025-03-20 17:00:00,91.22,91.38,91.2199,91.29,0
2025-03-20 18:00:00,91.23,91.29,91.2,91.2405,0
2025-03-20 19:00:00,91.2593,91.31,91.2209,91.26,0
2025-03-21 04:00:00,91.05,91.1,90.94,91.1,0
2025-03-21 05:00:00,91.16,91.37,91.15,91.36,0
2025-03-21 06:00:00,91.38,91.38,91.27,91.3,0
2025-03-21 07:00:00,91.32,91.53,91.32,91.51,0
2025-03-21 08:00:00,91.5,91.62,90.94,91.54,0
2025-03-21 09:00:00,91.5498,91.65,91.32,91.33,0
2025-03-21 09:30:00,91.33999633789062,91.43000030517578,90.98999786376953,91.06500244140625,5149035
2025-03-21 10:30:00,91.06099700927734,91.09500122070312,90.81999969482422,90.9397964477539,2757893
2025-03-21 11:30:00,90.93499755859375,91.06999969482422,90.69000244140625,90.71499633789062,3367914
2025-03-21 12:30:00,90.72000122070312,90.83999633789062,90.66999816894531,90.7300033569336,2487296
2025-03-21 13:30:00,90.7249984741211,90.74500274658203,90.63999938964844,90.70999908447266,2203029
2025-03-21 14:30:00,90.70500183105469,90.7699966430664,90.62000274658203,90.74500274658203,2614231
2025-03-21 15:30:00,90.74500274658203,90.76000213623047,90.66999816894531,90.69000244140625,3579100
2025-03-21 16:00:00,90.7,90.7698,90.68,90.7,0
2025-03-21 17:00:00,90.72,90.79,86.1432,90.71,0
2025-03-21 18:00:00,90.6997,90.71,90.43,90.43,0
2025-03-21 19:00:00,90.45,90.7,90.44,90.65,0
2025-03-24 04:00:00,90.5,90.5,90.21,90.32,0
2025-03-24 05:00:00,90.32,90.42,90.32,90.33,0
2025-03-24 06:00:00,90.31,90.37,90.24,90.25,0
2025-03-24 07:00:00,90.29,90.29,90.071,90.1,0
2025-03-24 08:00:00,90.09,90.7,89.97,90.0001,0
2025-03-24 09:00:00,89.99,90.7,89.98,90.22,0
2025-03-24 09:30:00,90.20099639892578,90.25499725341797,89.80000305175781,89.91000366210938,6741070
2025-03-24 10:30:00,89.90879821777344,89.94999694824219,89.80000305175781,89.87969970703125,2981467
2025-03-24 11:30:00,89.87989807128906,90.04000091552734,89.83000183105469,90.02999877929688,2629633
2025-03-24 12:30:00,90.02999877929688,90.0999984741211,89.94999694824219,89.96499633789062,1514059
2025-03-24 13:30:00,89.95999908447266,89.95999908447266,89.76000213623047,89.77999877929688,1761815
2025-03-24 14:30:00,89.77010345458984,89.87000274658203,89.70999908447266,89.76000213623047,2340550
2025-03-24 15:30:00,89.75,89.7699966430664,89.69999694824219,89.75,3497832
2025-03-24 16:00:00,89.77,89.77,89.64,89.65,0
2025-03-24 17:00:00,89.64,89.73,89.64,89.7002,0
2025-03-24 18:00:00,89.7,89.7483,89.6807,89.73,0
2025-03-24 19:00:00,89.73,89.7447,89.71,89.71,0
2025-03-25 04:00:00,89.49,89.56,89.39,89.5,0
2025-03-25 05:00:00,89.5,89.56,89.44,89.45,0
2025-03-25 06:00:00,89.44,89.48,89.31,89.33,0
2025-03-25 07:00:00,89.32,89.32,89.21,89.22,0
2025-03-25 08:00:00,89.26,89.55,89.15,89.27,0
2025-03-25 09:00:00,89.25,89.58,89.25,89.58,0
2025-03-25 09:30:00,89.56300354003906,89.80989837646484,89.51000213623047,89.71790313720703,6860409
2025-03-25 10:30:00,89.71499633789062,89.88899993896484,89.6530990600586,89.88639831542969,2612552
2025-03-25 11:30:00,89.87999725341797,90.08000183105469,89.86000061035156,90.0199966430664,2763883
2025-03-25 12:30:00,90.01000213623047,90.06999969482422,89.7699966430664,90.02999877929688,1670898
2025-03-25 13:30:00,90.02749633789062,90.05000305175781,89.9000015258789,89.90499877929688,1204365
2025-03-25 14:30:00,89.90499877929688,89.95999908447266,89.79000091552734,89.88500213623047,1718400
2025-03-25 15:30:00,89.88500213623047,89.90499877929688,89.7699966430664,89.79000091552734,3436743
2025-03-25 16:00:00,89.76,89.81,89.7303,89.76,0
2025-03-25 17:00:00,89.7667,89.7799,89.2283,89.72,0
2025-03-25 18:00:00,89.7394,89.77,89.64,89.65,0
2025-03-25 19:00:00,89.65,89.67,89.61,89.64,0
2025-03-26 04:00:00,89.58,89.72,89.55,89.69,0
2025-03-26 05:00:00,89.68,89.72,89.58,89.59,0
2025-03-26 06:00:00,89.58,89.59,89.46,89.46,0
2025-03-26 07:00:00,89.46,89.48,89.31,89.32,0
2025-03-26 08:00:00,89.31,89.76,89.19,89.37,0
2025-03-26 09:00:00,89.35,90.7124,89.1,89.42,0
2025-03-26 09:30:00,89.375,89.40499877929688,89.16999816894531,89.2699966430664,5855056
2025-03-26 10:30:00,89.2750015258789,89.43000030517578,89.08999633789062,89.16000366210938,2137426
2025-03-26 11:30:00,89.16000366210938,89.47000122070312,89.11000061035156,89.36000061035156,2616397
2025-03-26 12:30:00,89.36499786376953,89.41000366210938,89.13500213623047,89.36000061035156,1831794
2025-03-26 13:30:00,89.36499786376953,89.59500122070312,89.29499816894531,89.44999694824219,1941256
2025-03-26 14:30:00,89.45999908447266,89.47000122070312,89.31999969482422,89.3499984741211,2570090
2025-03-26 15:30:00,89.3499984741211,89.37000274658203,89.18000030517578,89.19000244140625,3948201
2025-03-26 16:00:00,89.2,90.9843,89.09,89.12,0
2025-03-26 17:00:00,89.1899,89.2299,89.15,89.2299,0
2025-03-26 18:00:00,89.22,89.42,89.1902,89.3892,0
2025-03-26 19:00:00,89.3889,89.39,89.3,89.3,0
2025-03-27 04:00:00,88.84,88.95,88.83,88.92,0
2025-03-27 05:00:00,88.91,88.94,88.61,88.65,0
2025-03-27 06:00:00,88.66,88.66,88.5,88.58,0
2025-03-27 07:00:00,88.59,88.6,88.469,88.55,0
2025-03-27 08:00:00,88.529,89.17,88.45,88.64,0
2025-03-27 09:00:00,88.62,89.03,88.62,88.83,0
2025-03-27 09:30:00,88.8499984741211,89.0250015258789,88.75,88.91500091552734,6967742
2025-03-27 10:30:00,88.91000366210938,88.935302734375,88.62999725341797,88.7301025390625,3005281
2025-03-27 11:30:00,88.73100280761719,88.87000274658203,88.7249984741211,88.82499694824219,2405728
2025-03-27 12:30:00,88.81999969482422,88.91840362548828,88.70069885253906,88.91840362548828,1891233
2025-03-27 13:30:00,88.91000366210938,88.93270111083984,88.86000061035156,88.90989685058594,1128249
2025-03-27 14:30:00,88.91000366210938,88.943603515625,88.75499725341797,88.80010223388672,3202983
2025-03-27 15:30:00,88.80500030517578,88.94999694824219,88.80500030517578,88.92500305175781,2617832
2025-03-27 16:00:00,88.91,90.4351,88.89,88.9391,0
2025-03-27 17:00:00,88.9395,88.94,88.9,88.9,0
2025-03-27 18:00:00,88.91,88.91,88.86,88.89,0
2025-03-27 19:00:00,88.88,88.98,88.88,88.89,0
2025-03-28 04:00:00,89.57,89.62,89.52,89.58,0
2025-03-28 05:00:00,89.6,89.6,89.4,89.4,0
2025-03-28 06:00:00,89.4,89.5,89.37,89.5,0
2025-03-28 07:00:00,89.5,89.58,89.46,89.53,0
2025-03-28 08:00:00,89.52,89.6,89.35,89.48,0
2025-03-28 09:00:00,89.47,89.91,89.4,89.86,0
2025-03-28 09:30:00,89.87999725341797,90.27999877929688,89.80999755859375,90.24500274658203,8586738
2025-03-28 10:30:00,90.25,90.25,89.88999938964844,89.89070129394531,3999307
2025-03-28 11:30:00,89.88999938964844,90.2125015258789,89.80999755859375,90.1050033569336,7185158
2025-03-28 12:30:00,90.1050033569336,90.27999877929688,90.06990051269531,90.25,2265849
2025-03-28 13:30:00,90.25499725341797,90.27999877929688,90.16500091552734,90.24500274658203,1542500
2025-03-28 14:30:00,90.25,90.33999633789062,90.1449966430664,90.19999694824219,2810920
2025-03-28 15:30:00,90.20500183105469,90.25,90.11000061035156,90.16999816894531,5156945
2025-03-28 16:00:00,90.155,90.3302,90.0986,90.26,0
2025-03-28 17:00:00,90.28,90.3,90.21,90.23,0
2025-03-28 18:00:00,90.2788,90.28,90.23,90.255,0
2025-03-28 19:00:00,90.2311,90.28,90.2107,90.24,0
2025-03-31 04:00:00,90.73,90.97,90.72,90.96,0
2025-03-31 05:00:00,90.96,91.15,90.95,91.0,0
2025-03-31 06:00:00,90.99,91.16,90.99,91.0,0
2025-03-31 07:00:00,90.99,91.19,90.95,91.17,0
2025-03-31 08:00:00,91.151,91.22,90.14,91.0497,0
2025-03-31 09:00:00,91.04,91.25,90.14,91.24,0
2025-03-31 09:30:00,91.22000122070312,91.33499908447266,90.8499984741211,91.05840301513672,8529207
2025-03-31 10:30:00,91.04000091552734,91.05819702148438,90.7249984741211,90.87010192871094,4045774
2025-03-31 11:30:00,90.87999725341797,90.90499877929688,90.625,90.63500213623047,2368291
2025-03-31 12:30:00,90.63999938964844,90.65640258789062,90.4708023071289,90.5,2918932
2025-03-31 13:30:00,90.5,90.52999877929688,90.36000061035156,90.3949966430664,2342145
2025-03-31 14:30:00,90.3949966430664,90.87999725341797,90.38999938964844,90.87999725341797,2997506
2025-03-31 15:30:00,90.87999725341797,91.04000091552734,90.77439880371094,90.98999786376953,8232314
2025-03-31 16:00:00,90.98,91.16,90.71,91.1203,0
2025-03-31 17:00:00,91.03,91.15,91.03,91.11,0
2025-03-31 18:00:00,91.13,91.13,90.9696,90.999,0
2025-03-31 19:00:00,90.98,91.1,90.9441,91.05,0
2025-04-01 04:00:00,91.2,91.28,91.15,91.27,0
2025-04-01 05:00:00,91.23,91.31,91.21,91.28,0
2025-04-01 06:00:00,91.26,91.45,91.19,91.4,0
2025-04-01 07:00:00,91.43,91.51,91.36,91.48,0
2025-04-01 08:00:00,91.47,91.65,90.88,91.599,0
2025-04-01 09:00:00,91.6,91.68,91.03,91.23,0
2025-04-01 09:30:00,91.23919677734375,91.90499877929688,91.21929931640625,91.81500244140625,12260469
2025-04-01 10:30:00,91.83000183105469,91.83499908447266,91.36499786376953,91.55010223388672,4643750
2025-04-01 11:30:00,91.55500030517578,91.76000213623047,91.37000274658203,91.4800033569336,2912737
2025-04-01 12:30:00,91.4738998413086,91.625,91.44999694824219,91.56009674072266,2411891
2025-04-01 13:30:00,91.56500244140625,91.73999786376953,91.48500061035156,91.72000122070312,2401977
2025-04-01 14:30:00,91.71499633789062,91.7300033569336,91.51000213623047,91.55000305175781,2248501
2025-04-01 15:30:00,91.55500030517578,91.56500244140625,91.41000366210938,91.46499633789062,3841745
2025-04-01 16:00:00,91.49,91.6197,91.45,91.5,0
2025-04-01 17:00:00,91.49,91.6,87.668,91.45,0
2025-04-01 18:00:00,91.4599,91.53,91.22,91.25,0
2025-04-01 19:00:00,91.22,91.25,91.11,91.11,0
2025-04-02 04:00:00,91.47,91.5,91.42,91.48,0
2025-04-02 05:00:00,91.49,91.51,91.37,91.45,0
2025-04-02 06:00:00,91.45,91.68,91.39,91.64,0
2025-04-02 07:00:00,91.61,91.82,91.61,91.81,0
2025-04-02 08:00:00,91.8,92.1,91.19,92.09,0
2025-04-02 09:00:00,92.0898,92.42,91.49,92.38,0
2025-04-02 09:30:00,92.33999633789062,92.3499984741211,91.73500061035156,91.87120056152344,8646123
2025-04-02 10:30:00,91.87999725341797,91.95999908447266,91.2699966430664,91.33719635009766,5199007
2025-04-02 11:30:00,91.33499908447266,91.4000015258789,90.88999938964844,90.90989685058594,3665909
2025-04-02 12:30:00,90.9000015258789,91.48999786376953,90.66000366210938,90.82499694824219,4525912
2025-04-02 13:30:00,90.82499694824219,91.48999786376953,90.82499694824219,91.06999969482422,2778517
2025-04-02 14:30:00,91.08000183105469,91.27999877929688,90.92459869384766,91.21119689941406,2633369
2025-04-02 15:30:00,91.21499633789062,91.41999816894531,91.17500305175781,91.41999816894531,3383517
2025-04-02 16:00:00,91.43,92.1,90.79,91.82,0
2025-04-02 17:00:00,91.8102,92.2,91.81,92.19,0
2025-04-02 18:00:00,92.19,93.05,91.43,92.39,0
2025-04-02 19:00:00,92.4,92.84,92.4,92.72,0
2025-04-03 04:00:00,92.49,92.56,92.32,92.37,0
2025-04-03 05:00:00,92.37,92.5,92.22,92.41,0
2025-04-03 06:00:00,92.41,92.63,92.34,92.36,0
2025-04-03 07:00:00,92.4,92.42,91.93,92.05,0
2025-04-03 08:00:00,92.1,92.97,91.92,92.45,0
2025-04-03 09:00:00,92.45,92.84,92.45,92.52,0
2025-04-03 09:30:00,92.5,92.7300033569336,92.2125015258789,92.4000015258789,16792908
2025-04-03 10:30:00,92.41000366210938,92.66999816894531,92.19000244140625,92.25,6591665
2025-04-03 11:30:00,92.25,92.3551025390625,91.8550033569336,91.9800033569336,5875830
2025-04-03 12:30:00,91.97000122070312,92.31639862060547,91.9000015258789,92.26000213623047,3643100
2025-04-03 13:30:00,92.25,92.31900024414062,92.0740966796875,92.15339660644531,3762945
2025-04-03 14:30:00,92.1500015258789,92.19499969482422,91.94999694824219,92.02999877929688,3936771
2025-04-03 15:30:00,92.0199966430664,92.11000061035156,91.83999633789062,91.87000274658203,7875870
2025-04-03 16:00:00,91.88,92.2492,91.85,92.2,0
2025-04-03 17:00:00,92.2,92.2299,92.0507,92.09,0
2025-04-03 18:00:00,92.1,92.25,92.09,92.18,0
2025-04-03 19:00:00,92.2,92.29,91.85,92.09,0
2025-04-04 04:00:00,93.34,93.59,93.34,93.51,0
2025-04-04 05:00:00,93.51,93.73,93.5,93.65,0
2025-04-04 06:00:00,93.64,94.08,93.5,94.05,0
2025-04-04 07:00:00,94.05,94.23,93.78,94.18,0
2025-04-04 08:00:00,94.17,94.27,91.85,94.09,0
2025-04-04 09:00:00,94.11,94.2,91.85,93.64,0
2025-04-04 09:30:00,93.63749694824219,93.88999938964844,93.08999633789062,93.83999633789062,24143065
2025-04-04 10:30:00,93.86000061035156,94.08999633789062,93.25,93.6050033569336,13619422
2025-04-04 11:30:00,93.61000061035156,94.00990295410156,93.52179718017578,93.94000244140625,11501893
2025-04-04 12:30:00,93.94999694824219,94.06759643554688,93.58509826660156,93.60009765625,7248755
2025-04-04 13:30:00,93.61000061035156,93.73999786376953,93.07499694824219,93.55999755859375,5730587
2025-04-04 14:30:00,93.55999755859375,93.6449966430664,93.23999786376953,93.26499938964844,6504950
2025-04-04 15:30:00,93.26499938964844,93.31929779052734,92.81999969482422,92.86000061035156,10918839
2025-04-04 16:00:00,92.86,93.171,90.2209,93.06,0
2025-04-04 17:00:00,93.07,93.3,92.8727,92.98,0
2025-04-04 18:00:00,92.88,93.0,92.85,92.9098,0
2025-04-04 19:00:00,92.87,92.9745,92.8,92.8513,0
2025-04-07 04:00:00,93.5,93.65,92.73,92.78,0
2025-04-07 05:00:00,92.8,93.32,92.66,93.15,0
2025-04-07 06:00:00,93.14,93.2,92.36,92.53,0
2025-04-07 07:00:00,92.58,92.84,92.25,92.56,0
2025-04-07 08:00:00,92.53,93.9,92.2948,92.47,0
2025-04-07 09:00:00,92.46,92.46,91.54,91.87,0
2025-04-07 09:30:00,91.86000061035156,92.18990325927734,89.87000274658203,91.04000091552734,33612587
2025-04-07 10:30:00,91.04000091552734,91.47000122070312,90.62000274658203,91.11650085449219,18820248
2025-04-07 11:30:00,91.0999984741211,91.11000061035156,90.4800033569336,90.58499908447266,8554957
2025-04-07 12:30:00,90.58999633789062,90.62999725341797,90.0999984741211,90.1050033569336,7273838
2025-04-07 13:30:00,90.0999984741211,90.52999877929688,89.79499816894531,90.42500305175781,8897280
2025-04-07 14:30:00,90.42250061035156,90.62999725341797,90.3499984741211,90.62999725341797,8303789
2025-04-07 15:30:00,90.62000274658203,90.63839721679688,89.98999786376953,90.04000091552734,9478211
2025-04-07 16:00:00,90.04,96.1924,89.44,89.97,0
2025-04-07 17:00:00,89.97,90.3626,89.9,89.97,0
2025-04-07 18:00:00,89.95,90.04,89.66,89.96,0
2025-04-07 19:00:00,89.96,90.05,89.8,89.8921,0
2025-04-08 04:00:00,90.32,90.62,90.32,90.52,0
2025-04-08 05:00:00,90.55,90.55,90.06,90.25,0
2025-04-08 06:00:00,90.24,90.33,90.06,90.33,0
2025-04-08 07:00:00,90.4,90.4,89.93,89.97,0
2025-04-08 08:00:00,89.93,90.62,89.61,89.7699,0
2025-04-08 09:00:00,89.75,90.235,89.28,89.3,0
2025-04-08 09:30:00,89.29000091552734,89.6583023071289,89.26000213623047,89.57499694824219,12131450
2025-04-08 10:30:00,89.58000183105469,90.0197982788086,89.52999877929688,89.96990203857422,7682975
2025-04-08 11:30:00,89.95999908447266,89.97509765625,89.66000366210938,89.82499694824219,5364039
2025-04-08 12:30:00,89.81999969482422,90.19999694824219,89.33000183105469,89.55000305175781,7917476
2025-04-08 13:30:00,89.54000091552734,89.54000091552734,88.37799835205078,88.48500061035156,12010290
2025-04-08 14:30:00,88.48999786376953,88.91000366210938,88.26249694824219,88.70500183105469,9117971
2025-04-08 15:30:00,88.70999908447266,88.7249984741211,88.22000122070312,88.37000274658203,10201630
2025-04-08 16:00:00,88.37,89.2283,87.8698,87.87,0
2025-04-08 17:00:00,87.93,87.95,87.76,87.82,0
2025-04-08 18:00:00,87.85,88.35,87.8,87.92,0
2025-04-08 19:00:00,87.92,88.02,87.4795,87.48,0
2025-04-09 04:00:00,86.97,87.14,86.65,86.83,0
2025-04-09 05:00:00,86.82,87.55,86.59,87.32,0
2025-04-09 06:00:00,87.31,87.33,86.58,86.64,0
2025-04-09 07:00:00,86.6,87.08,86.09,86.43,0
2025-04-09 08:00:00,86.45,88.35,84.68,85.91,0
2025-04-09 09:00:00,85.9018,88.35,85.68,87.28,0
2025-04-09 09:30:00,87.2300033569336,87.69000244140625,86.71499633789062,86.91899871826172,28160028
2025-04-09 10:30:00,86.91999816894531,87.3499984741211,86.3550033569336,86.53990173339844,10329868
2025-04-09 11:30:00,86.54000091552734,86.61499786376953,85.93000030517578,86.24500274658203,10846920
2025-04-09 12:30:00,86.2499008178711,88.4800033569336,85.88999938964844,87.73999786376953,34110801
2025-04-09 13:30:00,87.73500061035156,88.2249984741211,87.2699966430664,87.28040313720703,19571802
2025-04-09 14:30:00,87.28500366210938,88.5999984741211,87.18000030517578,88.58999633789062,10216553
2025-04-09 15:30:00,88.58499908447266,88.91000366210938,87.9906997680664,88.86000061035156,10513920
2025-04-09 16:00:00,88.86,91.9447,88.05,88.4,0
2025-04-09 17:00:00,88.29,88.45,88.2,88.38,0
2025-04-09 18:00:00,88.38,88.54,88.15,88.26,0
2025-04-09 19:00:00,88.27,88.779,88.2,88.6393,0
2025-04-10 04:00:00,88.43,88.48,88.33,88.37,0
2025-04-10 05:00:00,88.45,88.67,88.34,88.66,0
2025-04-10 06:00:00,88.64,88.85,88.44,88.5,0
2025-04-10 07:00:00,88.5,88.53,88.08,88.23,0
2025-04-10 08:00:00,88.25,89.26,87.91,87.9799,0
2025-04-10 09:00:00,87.98,88.38,87.24,87.75,0
2025-04-10 09:30:00,87.75,88.17500305175781,87.68009948730469,87.83999633789062,12771642
2025-04-10 10:30:00,87.83000183105469,87.86640167236328,87.26020050048828,87.32659912109375,6438991
2025-04-10 11:30:00,87.32499694824219,87.43000030517578,86.70500183105469,87.0199966430664,8919849
2025-04-10 12:30:00,87.02999877929688,87.88999938964844,86.88999938964844,87.22000122070312,11783160
2025-04-10 13:30:00,87.22000122070312,87.67500305175781,86.80999755859375,86.84500122070312,6263744
2025-04-10 14:30:00,86.84500122070312,86.95999908447266,86.4447021484375,86.52999877929688,6826605
2025-04-10 15:30:00,86.5199966430664,86.86000061035156,86.35009765625,86.44000244140625,11182756
2025-04-10 16:00:00,86.44,91.1821,86.2,86.48,0
2025-04-10 17:00:00,86.55,86.65,86.5,86.5995,0
2025-04-10 18:00:00,86.56,86.56,86.29,86.3985,0
2025-04-10 19:00:00,86.48,86.48,85.7805,85.8,0
2025-04-11 04:00:00,86.15,86.49,86.02,86.48,0
2025-04-11 05:00:00,86.47,86.86,86.45,86.67,0
2025-04-11 06:00:00,86.7,87.17,86.65,86.99,0
2025-04-11 07:00:00,86.98,87.3,86.71,86.74,0
2025-04-11 08:00:00,86.73,87.3,86.03,86.3914,0
2025-04-11 09:00:00,86.5,88.915,85.57,85.87,0
2025-04-11 09:30:00,85.86499786376953,86.16000366210938,85.33999633789062,85.62999725341797,21461108
2025-04-11 10:30:00,85.62000274658203,85.96990203857422,85.0,85.56500244140625,16779839
2025-04-11 11:30:00,85.56500244140625,86.41999816894531,85.53500366210938,86.3948974609375,12769963
2025-04-11 12:30:00,86.3949966430664,87.29930114746094,86.36000061035156,86.40789794921875,13439741
2025-04-11 13:30:00,86.4000015258789,87.05999755859375,86.08499908447266,86.33869934082031,13695577
2025-04-11 14:30:00,86.33499908447266,86.8093032836914,86.25,86.8093032836914,5417163
2025-04-11 15:30:00,86.80999755859375,86.9749984741211,86.65499877929688,86.83999633789062,5790378
2025-04-11 16:00:00,86.89,86.89,86.489,86.51,0
2025-04-11 17:00:00,86.53,90.0986,86.52,86.69,0
2025-04-11 18:00:00,86.69,86.8,86.6,86.75,0
2025-04-11 19:00:00,86.742,86.78,86.38,86.45,0
2025-04-14 04:00:00,86.62,86.69,86.52,86.66,0
2025-04-14 05:00:00,86.59,86.68,86.38,86.68,0
2025-04-14 06:00:00,86.72,86.93,86.7,86.86,0
2025-04-14 07:00:00,86.83,86.87,86.54,86.65,0
2025-04-14 08:00:00,86.65,86.99,86.43,86.7864,0
2025-04-14 09:00:00,86.8,87.52,86.8,87.4,0
2025-04-14 09:30:00,87.41999816894531,87.70999908447266,87.18000030517578,87.41999816894531,9656893
2025-04-14 10:30:00,87.41000366210938,87.44840240478516,86.81500244140625,87.25769805908203,4231901
2025-04-14 11:30:00,87.26000213623047,87.30000305175781,86.87000274658203,86.91000366210938,4484406
2025-04-14 12:30:00,86.90499877929688,87.20999908447266,86.87000274658203,87.20999908447266,3039101
2025-04-14 13:30:00,87.20999908447266,87.62000274658203,87.18009948730469,87.61990356445312,3039312
2025-04-14 14:30:00,87.62000274658203,87.68499755859375,87.48999786376953,87.56310272216797,3586802
2025-04-14 15:30:00,87.56999969482422,87.61000061035156,87.44999694824219,87.51000213623047,3650463
2025-04-14 16:00:00,87.51,93.3601,87.2799,87.44,0
2025-04-14 17:00:00,87.5094,87.55,87.38,87.4982,0
2025-04-14 18:00:00,87.41,87.59,87.41,87.58,0
2025-04-14 19:00:00,87.57,87.65,87.51,87.64,0
2025-04-15 04:00:00,87.5,87.66,87.5,87.6,0
2025-04-15 05:00:00,87.62,87.79,87.62,87.65,0
2025-04-15 06:00:00,87.63,87.63,87.16,87.27,0
2025-04-15 07:00:00,87.24,87.3,87.02,87.06,0
2025-04-15 08:00:00,87.07,88.07,86.97,87.16,0
2025-04-15 09:00:00,87.189,87.31,86.92,87.13,0
2025-04-15 09:30:00,87.14199829101562,87.50499725341797,87.04000091552734,87.38999938964844,6613155
2025-04-15 10:30:00,87.38999938964844,87.69499969482422,87.375,87.61000061035156,3203744
2025-04-15 11:30:00,87.6050033569336,88.02010345458984,87.60009765625,87.97000122070312,1864407
2025-04-15 12:30:00,87.9800033569336,88.18499755859375,87.95020294189453,88.125,2173591
2025-04-15 13:30:00,88.12000274658203,88.15750122070312,87.85700225830078,87.94629669189453,1694138
2025-04-15 14:30:00,87.94499969482422,88.05999755859375,87.75,87.77899932861328,1971668
2025-04-15 15:30:00,87.77999877929688,87.87999725341797,87.72679901123047,87.81999969482422,2758842
2025-04-15 16:00:00,87.82,87.92,81.9984,87.88,0
2025-04-15 17:00:00,87.89,89.1521,87.8,87.8,0
2025-04-15 18:00:00,87.82,87.92,87.8,87.87,0
2025-04-15 19:00:00,87.87,87.89,87.71,87.755,0
2025-04-16 04:00:00,88.09,88.23,88.03,88.13,0
2025-04-16 05:00:00,88.1,88.11,87.9,87.91,0
2025-04-16 06:00:00,87.88,87.88,87.61,87.67,0
2025-04-16 07:00:00,87.65,87.79,87.65,87.74,0
2025-04-16 08:00:00,87.72,88.23,87.6048,87.8164,0
2025-04-16 09:00:00,87.83,87.95,87.52,87.8,0
2025-04-16 09:30:00,87.80000305175781,87.86000061035156,87.5199966430664,87.54000091552734,7372410
2025-04-16 10:30:00,87.54000091552734,87.88500213623047,87.47000122070312,87.86000061035156,3272356
2025-04-16 11:30:00,87.87000274658203,88.05999755859375,87.86000061035156,88.00769805908203,2421032
2025-04-16 12:30:00,88.00489807128906,88.05999755859375,87.77010345458984,87.8948974609375,2658944
2025-04-16 13:30:00,87.8949966430664,88.48999786376953,87.7699966430664,88.17009735107422,6212445
2025-04-16 14:30:00,88.17500305175781,88.4999008178711,88.16000366210938,88.35469818115234,5752416
2025-04-16 15:30:00,88.3499984741211,88.42500305175781,88.20999908447266,88.31500244140625,3379911
2025-04-16 16:00:00,88.315,88.4,88.2,88.4,0
2025-04-16 17:00:00,88.4,88.45,88.38,88.39,0
2025-04-16 18:00:00,88.39,88.4288,88.29,88.3,0
2025-04-16 19:00:00,88.25,88.365,88.25,88.28,0
2025-04-17 04:00:00,87.99,88.02,87.94,88.0,0
2025-04-17 05:00:00,88.0,88.1,87.97,88.05,0
2025-04-17 06:00:00,88.04,88.26,88.03,88.16,0
2025-04-17 07:00:00,88.17,88.24,88.08,88.12,0
2025-04-17 08:00:00,88.13,88.29,87.9676,88.17,0
2025-04-17 09:00:00,88.11,88.45,88.0098,88.06,0
2025-04-17 09:30:00,88.04000091552734,88.19999694824219,87.8499984741211,88.06069946289062,5162739
2025-04-17 10:30:00,88.06500244140625,88.09510040283203,87.69999694824219,87.78500366210938,2295679
2025-04-17 11:30:00,87.77999877929688,87.77999877929688,87.44000244140625,87.50499725341797,4672655
2025-04-17 12:30:00,87.5198974609375,87.67500305175781,87.2300033569336,87.51000213623047,4081540
2025-04-17 13:30:00,87.51000213623047,87.62999725341797,87.43499755859375,87.5199966430664,2401984
2025-04-17 14:30:00,87.5199966430664,87.55840301513672,87.33499908447266,87.4000015258789,2714190
2025-04-17 15:30:00,87.4000015258789,87.56999969482422,87.39630126953125,87.52999877929688,3056923
2025-04-17 16:00:00,87.54,87.58,87.36,87.44,0
2025-04-17 17:00:00,87.44,87.55,87.34,87.5,0
2025-04-17 18:00:00,87.48,87.51,87.45,87.4697,0
2025-04-17 19:00:00,87.46,87.48,87.4,87.45,0
2025-04-21 04:00:00,87.14,87.14,86.92,87.07,0
2025-04-21 05:00:00,87.07,87.12,87.04,87.06,0
2025-04-21 06:00:00,87.06,87.06,86.9,86.93,0
2025-04-21 07:00:00,86.9,86.93,86.55,86.57,0
2025-04-21 08:00:00,86.56,87.53,86.28,86.4899,0
2025-04-21 09:00:00,86.47,86.7,86.44,86.64,0
2025-04-21 09:30:00,86.59980010986328,87.06719970703125,86.5199966430664,86.99500274658203,6198745
2025-04-21 10:30:00,87.0,87.06999969482422,86.4000015258789,86.66999816894531,3798258
2025-04-21 11:30:00,86.66999816894531,86.7300033569336,86.49230194091797,86.5,2106542
2025-04-21 12:30:00,86.49839782714844,86.5,86.06999969482422,86.12000274658203,4084192
2025-04-21 13:30:00,86.11000061035156,86.33499908447266,86.05000305175781,86.20999908447266,2790442
2025-04-21 14:30:00,86.22000122070312,86.30000305175781,85.99009704589844,86.08000183105469,4771758
2025-04-21 15:30:00,86.08000183105469,86.12000274658203,85.98500061035156,85.99500274658203,5467610
2025-04-21 16:00:00,86.0,90.2209,85.9597,86.2196,0
2025-04-21 17:00:00,86.2185,90.2209,81.1056,86.19,0
2025-04-21 18:00:00,86.2,86.2767,86.0,86.25,0
2025-04-21 19:00:00,86.26,86.36,86.2,86.31,0
2025-04-22 04:00:00,86.06,86.3,86.06,86.3,0
2025-04-22 05:00:00,86.26,86.31,86.15,86.29,0
2025-04-22 06:00:00,86.28,86.32,86.11,86.13,0
2025-04-22 07:00:00,86.12,86.57,86.09,86.57,0
2025-04-22 08:00:00,86.56,86.84,85.87,86.4876,0
2025-04-22 09:00:00,86.4976,86.83,86.0,86.82,0
2025-04-22 09:30:00,86.80999755859375,86.88500213623047,86.41999816894531,86.43000030517578,7736582
2025-04-22 10:30:00,86.43000030517578,86.56999969482422,86.40499877929688,86.51000213623047,3995420
2025-04-22 11:30:00,86.5000991821289,86.9800033569336,86.5000991821289,86.9749984741211,3802273
2025-04-22 12:30:00,86.9749984741211,87.0199966430664,86.47010040283203,86.5199966430664,2963711
2025-04-22 13:30:00,86.5199966430664,86.6500015258789,86.45500183105469,86.58000183105469,2123962
2025-04-22 14:30:00,86.57369995117188,86.70999908447266,86.5199966430664,86.5250015258789,1874347
2025-04-22 15:30:00,86.5250015258789,86.5999984741211,86.4800033569336,86.48999786376953,2526123
2025-04-22 16:00:00,86.5,86.64,86.48,86.551,0
2025-04-22 17:00:00,86.58,89.2283,86.48,87.01,0
2025-04-22 18:00:00,87.03,87.43,87.03,87.39,0
2025-04-22 19:00:00,87.37,87.56,87.33,87.41,0
2025-04-23 04:00:00,87.6,87.74,87.6,87.74,0
2025-04-23 05:00:00,87.75,87.85,87.71,87.77,0
2025-04-23 06:00:00,87.8,88.07,87.8,87.98,0
2025-04-23 07:00:00,87.97,88.6,87.97,88.51,0
2025-04-23 08:00:00,88.509,88.7,87.51,88.6,0
2025-04-23 09:00:00,88.62,88.97,86.48,88.89,0
2025-04-23 09:30:00,88.87999725341797,89.05999755859375,87.93499755859375,88.01000213623047,17271437
2025-04-23 10:30:00,88.00499725341797,88.18000030517578,87.7428970336914,87.875,5078409
2025-04-23 11:30:00,87.875,87.93499755859375,87.25,87.30999755859375,4175632
2025-04-23 12:30:00,87.30999755859375,87.625,87.30000305175781,87.55999755859375,3450877
2025-04-23 13:30:00,87.56500244140625,87.58499908447266,87.17009735107422,87.2699966430664,3190142
2025-04-23 14:30:00,87.2750015258789,87.40499877929688,87.23999786376953,87.29000091552734,2354581
2025-04-23 15:30:00,87.30000305175781,87.36499786376953,87.23999786376953,87.36000061035156,3109181
2025-04-23 16:00:00,87.32,91.9447,87.2,87.42,0
2025-04-23 17:00:00,87.43,87.44,87.3,87.3,0
2025-04-23 18:00:00,87.3,87.57,87.3,87.49,0
2025-04-23 19:00:00,87.49,87.5683,87.4,87.48,0
2025-04-24 04:00:00,87.56,87.61,87.48,87.61,0
2025-04-24 05:00:00,87.66,87.85,87.62,87.75,0
2025-04-24 06:00:00,87.74,87.82,87.69,87.82,0
2025-04-24 07:00:00,87.79,87.82,87.66,87.8,0
2025-04-24 08:00:00,87.8,87.93,87.53,87.82,0
2025-04-24 09:00:00,87.83,88.2,87.71,88.0,0
2025-04-24 09:30:00,88.02999877929688,88.13999938964844,87.8499984741211,88.11470031738281,4141744
2025-04-24 10:30:00,88.11499786376953,88.21990203857422,87.78350067138672,87.98989868164062,2584347
2025-04-24 11:30:00,87.9800033569336,88.11000061035156,87.76000213623047,88.05000305175781,1973996
2025-04-24 12:30:00,88.05500030517578,88.2698974609375,88.04000091552734,88.1863021850586,2187966
2025-04-24 13:30:00,88.19000244140625,88.3499984741211,88.18000030517578,88.18499755859375,3386858
2025-04-24 14:30:00,88.18499755859375,88.30999755859375,88.1500015258789,88.22000122070312,1902038
2025-04-24 15:30:00,88.20999908447266,88.30999755859375,88.19999694824219,88.23999786376953,2823166
2025-04-24 16:00:00,88.23,88.32,85.7832,88.1,0
2025-04-24 17:00:00,88.13,90.4351,88.05,88.15,0
2025-04-24 18:00:00,88.13,88.2492,88.09,88.2492,0
2025-04-24 19:00:00,88.15,88.2,88.145,88.15,0
2025-04-25 04:00:00,88.44,88.65,88.44,88.55,0
2025-04-25 05:00:00,88.57,88.64,88.55,88.56,0
2025-04-25 06:00:00,88.53,88.6,88.48,88.53,0
2025-04-25 07:00:00,88.54,88.71,88.52,88.66,0
2025-04-25 08:00:00,88.671,88.84,88.24,88.821,0
2025-04-25 09:00:00,88.83,88.9812,88.79,88.9,0
2025-04-25 09:30:00,88.91059875488281,88.91999816894531,88.66000366210938,88.77999877929688,4527018
2025-04-25 10:30:00,88.79000091552734,88.88999938964844,88.59500122070312,88.73500061035156,2255898
2025-04-25 11:30:00,88.7300033569336,89.0999984741211,88.61000061035156,88.98500061035156,2507960
2025-04-25 12:30:00,88.98999786376953,89.01010131835938,88.70999908447266,88.77369689941406,1892664
2025-04-25 13:30:00,88.77369689941406,88.93499755859375,88.73999786376953,88.80000305175781,1918378
2025-04-25 14:30:00,88.80500030517578,88.88500213623047,88.65499877929688,88.68499755859375,2428260
2025-04-25 15:30:00,88.69000244140625,88.8949966430664,88.66999816894531,88.88500213623047,2342188
2025-04-25 16:00:00,88.885,89.18,88.84,89.18,0
2025-04-25 17:00:00,89.16,90.0986,89.01,89.06,0
2025-04-25 18:00:00,89.06,89.1,88.89,89.08,0
2025-04-25 19:00:00,89.07,89.12,89.05,89.1102,0
2025-04-28 04:00:00,89.11,89.2,89.05,89.12,0
2025-04-28 05:00:00,89.07,89.14,89.0,89.11,0
2025-04-28 06:00:00,89.11,89.12,89.0,89.0,0
2025-04-28 07:00:00,89.02,89.02,88.66,88.7,0
2025-04-28 08:00:00,88.72,89.22,88.62,88.72,0
2025-04-28 09:00:00,88.72,88.7476,88.4476,88.65,0
2025-04-28 09:30:00,88.65499877929688,89.0999984741211,88.61199951171875,88.93000030517578,4480643
2025-04-28 10:30:00,88.94000244140625,89.36499786376953,88.93000030517578,89.1050033569336,3090780
2025-04-28 11:30:00,89.0999984741211,89.18990325927734,89.0250015258789,89.13069915771484,1506547
2025-04-28 12:30:00,89.12999725341797,89.33000183105469,89.06500244140625,89.26000213623047,1492307
2025-04-28 13:30:00,89.25499725341797,89.30000305175781,89.18000030517578,89.22699737548828,1445848
2025-04-28 14:30:00,89.2249984741211,89.52519989013672,89.20999908447266,89.36499786376953,3234735
2025-04-28 15:30:00,89.36000061035156,89.46499633789062,89.32009887695312,89.44999694824219,2541714
2025-04-28 16:00:00,89.45,89.5785,89.39,89.5,0
2025-04-28 17:00:00,89.49,89.515,85.6911,89.5,0
2025-04-28 18:00:00,89.49,89.5,89.41,89.45,0
2025-04-28 19:00:00,89.42,89.46,89.36,89.46,0
2025-04-29 04:00:00,89.2,89.2,89.03,89.16,0
2025-04-29 05:00:00,89.16,89.27,89.12,89.24,0
2025-04-29 06:00:00,89.22,89.29,89.2,89.24,0
2025-04-29 07:00:00,89.25,89.31,89.18,89.21,0
2025-04-29 08:00:00,89.21,89.45,89.0736,89.19,0
2025-04-29 09:00:00,89.19,89.5,89.06,89.32,0
2025-04-29 09:30:00,89.31999969482422,89.80999755859375,89.29499816894531,89.7249984741211,5042763
2025-04-29 10:30:00,89.75,89.88999938964844,89.5999984741211,89.81999969482422,2172350
2025-04-29 11:30:00,89.82499694824219,90.06999969482422,89.78500366210938,90.0199966430664,2002787
2025-04-29 12:30:00,90.01499938964844,90.05000305175781,89.94000244140625,90.0199966430664,1647957
2025-04-29 13:30:00,90.01000213623047,90.08000183105469,89.95999908447266,90.0,1955158
2025-04-29 14:30:00,90.00499725341797,90.08999633789062,89.96369934082031,90.08529663085938,2274214
2025-04-29 15:30:00,90.08499908447266,90.20999908447266,90.05000305175781,90.19999694824219,3362836
2025-04-29 16:00:00,90.2,90.2,89.95,89.97,0
2025-04-29 17:00:00,89.97,90.03,89.1521,90.0,0
2025-04-29 18:00:00,89.999,90.1,89.91,90.0401,0
2025-04-29 19:00:00,90.05,90.17,90.04,90.15,0
2025-04-30 04:00:00,90.26,90.48,90.25,90.34,0
2025-04-30 05:00:00,90.36,90.43,90.3,90.39,0
2025-04-30 06:00:00,90.39,90.41,90.29,90.29,0
2025-04-30 07:00:00,90.3,90.48,90.27,90.44,0
2025-04-30 08:00:00,90.46,90.6898,90.1,90.4064,0
2025-04-30 09:00:00,90.36,90.68,89.0,89.7991,0
2025-04-30 09:30:00,89.77999877929688,90.05000305175781,89.41999816894531,89.48999786376953,10355292
2025-04-30 10:30:00,89.48999786376953,89.93000030517578,89.45999908447266,89.88500213623047,3090820
2025-04-30 11:30:00,89.88500213623047,89.88500213623047,89.55000305175781,89.56999969482422,2828286
2025-04-30 12:30:00,89.56999969482422,89.86000061035156,89.56999969482422,89.86000061035156,1813499
2025-04-30 13:30:00,89.86499786376953,89.88500213623047,89.44999694824219,89.51499938964844,2542726
2025-04-30 14:30:00,89.52999877929688,89.76000213623047,89.41999816894531,89.73999786376953,3414290
2025-04-30 15:30:00,89.73500061035156,89.93000030517578,89.33000183105469,89.45999908447266,10198796
2025-04-30 16:00:00,89.46,89.66,89.21,89.56,0
2025-04-30 17:00:00,89.56,89.63,89.46,89.59,0
2025-04-30 18:00:00,89.53,89.53,89.28,89.3495,0
2025-04-30 19:00:00,89.335,89.35,89.14,89.14,0
2025-05-01 04:00:00,89.36,89.43,89.36,89.4,0
2025-05-01 05:00:00,89.4,89.48,89.36,89.48,0
2025-05-01 06:00:00,89.47,89.53,89.45,89.47,0
2025-05-01 07:00:00,89.46,89.6,89.41,89.5,0
2025-05-01 08:00:00,89.48,89.61,89.0,89.41,0
2025-05-01 09:00:00,89.42,89.6305,88.9901,89.29,0
2025-05-01 09:30:00,89.26000213623047,89.27999877929688,88.33000183105469,88.36000061035156,6965349
2025-05-01 10:30:00,88.36000061035156,88.7699966430664,88.30999755859375,88.5,4525235
2025-05-01 11:30:00,88.497802734375,88.58000183105469,88.33499908447266,88.44499969482422,3006552
2025-05-01 12:30:00,88.44499969482422,88.7300033569336,88.43000030517578,88.70500183105469,1805123
2025-05-01 13:30:00,88.70500183105469,88.75499725341797,88.30000305175781,88.33999633789062,2167167
2025-05-01 14:30:00,88.33999633789062,88.5,88.30999755859375,88.39450073242188,1588170
2025-05-01 15:30:00,88.3949966430664,88.69000244140625,88.38999938964844,88.68000030517578,3066934
2025-05-01 16:00:00,88.68,88.78,88.56,88.62,0
2025-05-01 17:00:00,88.62,88.81,88.57,88.81,0
2025-05-01 18:00:00,88.79,88.79,88.62,88.685,0
2025-05-01 19:00:00,88.6704,88.751,88.6704,88.75,0
2025-05-02 04:00:00,88.78,88.95,88.75,88.91,0
2025-05-02 05:00:00,88.93,89.02,88.89,88.94,0
2025-05-02 06:00:00,88.97,88.99,88.83,88.89,0
2025-05-02 07:00:00,88.88,88.89,88.65,88.72,0
2025-05-02 08:00:00,88.799,89.0,88.4976,88.56,0
2025-05-02 09:00:00,88.5,88.65,87.65,87.71,0
2025-05-02 09:30:00,87.69999694824219,88.06739807128906,87.66999816894531,87.83999633789062,6439115
2025-05-02 10:30:00,87.84500122070312,87.9800033569336,87.69000244140625,87.77999877929688,4011921
2025-05-02 11:30:00,87.7750015258789,87.87999725341797,87.59390258789062,87.65499877929688,4291683
2025-05-02 12:30:00,87.65499877929688,87.70929718017578,87.54000091552734,87.66000366210938,3458690
2025-05-02 13:30:00,87.65969848632812,87.70999908447266,87.58000183105469,87.5864028930664,2443537
2025-05-02 14:30:00,87.58499908447266,87.83000183105469,87.54000091552734,87.72000122070312,3083840
2025-05-02 15:30:00,87.72000122070312,87.80000305175781,87.68000030517578,87.70999908447266,3585109
2025-05-02 16:00:00,87.72,90.2209,86.1432,87.73,0
2025-05-02 17:00:00,87.7,90.2209,87.7,87.78,0
2025-05-02 18:00:00,87.8,87.8,87.71,87.77,0
2025-05-02 19:00:00,87.7831,87.8,87.735,87.76,0
2025-05-05 04:00:00,87.56,87.56,87.42,87.47,0
2025-05-05 05:00:00,87.47,87.62,87.47,87.51,0
2025-05-05 06:00:00,87.53,87.53,87.41,87.48,0
2025-05-05 07:00:00,87.46,87.63,87.45,87.63,0
2025-05-05 08:00:00,87.68,87.81,87.36,87.37,0
2025-05-05 09:00:00,87.36,87.73,87.05,87.34,0
2025-05-05 09:30:00,87.26000213623047,87.36000061035156,86.97000122070312,87.0999984741211,5579816
2025-05-05 10:30:00,87.10189819335938,87.40499877929688,86.99349975585938,87.31999969482422,2037867
2025-05-05 11:30:00,87.32499694824219,87.37000274658203,87.0906982421875,87.12999725341797,2038874
2025-05-05 12:30:00,87.12999725341797,87.18499755859375,86.97000122070312,87.0,1580531
2025-05-05 13:30:00,86.98999786376953,87.04499816894531,86.83000183105469,87.02999877929688,2567508
2025-05-05 14:30:00,87.02999877929688,87.29499816894531,87.02999877929688,87.19000244140625,3010162
2025-05-05 15:30:00,87.18499755859375,87.26000213623047,87.16999816894531,87.2300033569336,2183013
2025-05-05 16:00:00,87.24,87.3,87.06,87.13,0
2025-05-05 17:00:00,87.12,87.27,87.07,87.15,0
2025-05-05 18:00:00,87.13,87.17,87.086,87.086,0
2025-05-05 19:00:00,87.1,87.18,87.06,87.15,0
2025-05-06 04:00:00,86.73,86.8,86.68,86.74,0
2025-05-06 05:00:00,86.75,86.78,86.65,86.67,0
2025-05-06 06:00:00,86.67,87.06,86.65,87.04,0
2025-05-06 07:00:00,86.97,87.08,86.91,87.03,0
2025-05-06 08:00:00,87.03,87.15,86.6524,87.08,0
2025-05-06 09:00:00,87.09,87.26,86.775,86.8,0
2025-05-06 09:30:00,86.79000091552734,86.875,86.63999938964844,86.77999877929688,4822578
2025-05-06 10:30:00,86.79000091552734,86.98500061035156,86.6947021484375,86.79000091552734,2452639
2025-05-06 11:30:00,86.80000305175781,86.91500091552734,86.70999908447266,86.77899932861328,1579536
2025-05-06 12:30:00,86.77999877929688,87.26000213623047,86.69999694824219,87.23999786376953,2682276
2025-05-06 13:30:00,87.23999786376953,87.47640228271484,87.18000030517578,87.26499938964844,3267359
2025-05-06 14:30:00,87.26499938964844,87.46499633789062,87.26000213623047,87.41500091552734,2418373
2025-05-06 15:30:00,87.41999816894531,87.52999877929688,87.36000061035156,87.52999877929688,2319685
2025-05-06 16:00:00,87.53,87.63,87.45,87.56,0
2025-05-06 17:00:00,87.55,89.2283,87.5,87.5,0
2025-05-06 18:00:00,87.58,87.6002,87.24,87.3214,0
2025-05-06 19:00:00,87.4,87.5,87.29,87.33,0
2025-05-07 04:00:00,87.56,87.6,87.49,87.49,0
2025-05-07 05:00:00,87.52,87.64,87.43,87.63,0
2025-05-07 06:00:00,87.6,87.74,87.57,87.72,0
2025-05-07 07:00:00,87.72,87.72,87.6,87.68,0
2025-05-07 08:00:00,87.68,87.73,87.4276,87.66,0
2025-05-07 09:00:00,87.68,87.92,87.66,87.92,0
2025-05-07 09:30:00,87.91999816894531,88.08999633789062,87.88999938964844,87.94999694824219,5437969
2025-05-07 10:30:00,87.94999694824219,88.17749786376953,87.93499755859375,87.99500274658203,2375668
2025-05-07 11:30:00,87.99500274658203,88.01000213623047,87.87000274658203,87.94499969482422,2487024
2025-05-07 12:30:00,87.94999694824219,88.05999755859375,87.94499969482422,88.00199890136719,1113202
2025-05-07 13:30:00,88.0,88.20999908447266,87.84500122070312,88.09500122070312,3265074
2025-05-07 14:30:00,88.08999633789062,88.16999816894531,87.82499694824219,88.03500366210938,2603058
2025-05-07 15:30:00,88.04000091552734,88.08999633789062,87.82499694824219,87.91000366210938,3215689
2025-05-07 16:00:00,87.905,90.9843,87.78,88.025,0
2025-05-07 17:00:00,88.05,88.05,87.86,88.0,0
2025-05-07 18:00:00,87.99,87.99,87.9,87.9,0
2025-05-07 19:00:00,87.94,87.97,87.86,87.86,0
2025-05-08 04:00:00,87.74,87.75,87.69,87.69,0
2025-05-08 05:00:00,87.7,87.72,87.54,87.54,0
2025-05-08 06:00:00,87.55,87.6,87.45,87.6,0
2025-05-08 07:00:00,87.59,87.61,87.47,87.54,0
2025-05-08 08:00:00,87.53,87.88,87.45,87.8152,0
2025-05-08 09:00:00,87.82,88.05,87.55,87.99,0
2025-05-08 09:30:00,88.0199966430664,88.05999755859375,87.62000274658203,87.625,3489654
2025-05-08 10:30:00,87.62010192871094,87.76000213623047,87.53500366210938,87.55999755859375,1761259
2025-05-08 11:30:00,87.56700134277344,87.66999816894531,87.45999908447266,87.47000122070312,1983465
2025-05-08 12:30:00,87.47000122070312,87.5199966430664,87.02999877929688,87.22000122070312,3702463
2025-05-08 13:30:00,87.21009826660156,87.24500274658203,87.0250015258789,87.19000244140625,3149332
2025-05-08 14:30:00,87.18000030517578,87.29000091552734,87.0199966430664,87.04499816894531,2658864
2025-05-08 15:30:00,87.04499816894531,87.13999938964844,86.91000366210938,86.91999816894531,4051582
2025-05-08 16:00:00,86.92,87.03,86.78,86.97,0
2025-05-08 17:00:00,87.0,90.4351,86.971,87.05,0
2025-05-08 18:00:00,87.03,87.06,86.95,87.015,0
2025-05-08 19:00:00,87.05,87.05,86.9809,87.02,0
2025-05-09 04:00:00,86.85,86.9,86.75,86.88,0
2025-05-09 05:00:00,86.91,86.98,86.86,86.87,0
2025-05-09 06:00:00,86.87,86.94,86.83,86.86,0
2025-05-09 07:00:00,86.84,86.88,86.71,86.75,0
2025-05-09 08:00:00,86.77,87.2,86.5499,86.68,0
2025-05-09 09:00:00,86.68,87.1,86.56,86.99,0
2025-05-09 09:30:00,87.0,87.30999755859375,86.91999816894531,87.2750015258789,6651333
2025-05-09 10:30:00,87.27999877929688,87.27999877929688,87.11000061035156,87.16999816894531,2121858
2025-05-09 11:30:00,87.18499755859375,87.26000213623047,87.08499908447266,87.21499633789062,1793889
2025-05-09 12:30:00,87.20999908447266,87.21499633789062,87.05999755859375,87.06999969482422,922792
2025-05-09 13:30:00,87.06999969482422,87.19499969482422,87.05999755859375,87.17500305175781,954993
2025-05-09 14:30:00,87.17500305175781,87.18000030517578,87.01499938964844,87.02010345458984,1004271
2025-05-09 15:30:00,87.02989959716797,87.08000183105469,86.98500061035156,87.05999755859375,1675585
2025-05-09 16:00:00,87.065,87.08,86.95,87.06,0
2025-05-09 17:00:00,87.05,90.0986,87.01,87.04,0
2025-05-09 18:00:00,87.05,87.1,87.01,87.0292,0
2025-05-09 19:00:00,87.02,87.12,87.02,87.0613,0
2025-05-12 04:00:00,86.77,86.77,86.5,86.67,0
2025-05-12 05:00:00,86.68,87.15,86.59,86.91,0
2025-05-12 06:00:00,86.91,86.97,86.68,86.71,0
2025-05-12 07:00:00,86.69,86.75,86.571,86.62,0
2025-05-12 08:00:00,86.619,86.86,86.28,86.45,0
2025-05-12 09:00:00,86.445,86.49,86.3,86.3898,0
2025-05-12 09:30:00,86.38500213623047,86.74500274658203,86.37999725341797,86.63500213623047,9147637
2025-05-12 10:30:00,86.63520050048828,86.77999877929688,86.52999877929688,86.6449966430664,3976752
2025-05-12 11:30:00,86.63999938964844,86.63999938964844,86.47000122070312,86.50499725341797,3225114
2025-05-12 12:30:00,86.49500274658203,86.55999755859375,86.41999816894531,86.4749984741211,2154079
2025-05-12 13:30:00,86.47630310058594,86.5999984741211,86.3499984741211,86.43499755859375,2409067
2025-05-12 14:30:00,86.43499755859375,86.44000244140625,86.31999969482422,86.34549713134766,2779537
2025-05-12 15:30:00,86.34500122070312,86.37000274658203,86.19000244140625,86.25,4299118
2025-05-12 16:00:00,86.24,86.26,86.09,86.2,0
2025-05-12 17:00:00,86.23,86.35,86.2018,86.29,0
2025-05-12 18:00:00,86.27,86.3,86.22,86.27,0
2025-05-12 19:00:00,86.27,86.3,86.25,86.3,0
2025-05-13 04:00:00,86.24,86.28,86.14,86.28,0
2025-05-13 05:00:00,86.28,86.34,86.24,86.29,0
2025-05-13 06:00:00,86.28,86.32,86.24,86.32,0
2025-05-13 07:00:00,86.35,86.35,86.19,86.31,0
2025-05-13 08:00:00,86.31,86.45,86.12,86.24,0
2025-05-13 09:00:00,86.24,86.5099,85.87,86.12,0
2025-05-13 09:30:00,86.12999725341797,86.28500366210938,85.69000244140625,85.83499908447266,13679794
2025-05-13 10:30:00,85.83499908447266,85.98999786376953,85.7300033569336,85.82499694824219,4448886
2025-05-13 11:30:00,85.83000183105469,85.83499908447266,85.58000183105469,85.6792984008789,5211404
2025-05-13 12:30:00,85.68499755859375,85.83000183105469,85.68009948730469,85.68499755859375,6396529
2025-05-13 13:30:00,85.68499755859375,85.72550201416016,85.51000213623047,85.53569793701172,10283826
2025-05-13 14:30:00,85.52999877929688,85.75,85.5,85.69499969482422,6576814
2025-05-13 15:30:00,85.69499969482422,85.9000015258789,85.69000244140625,85.87000274658203,3063147
2025-05-13 16:00:00,85.87,86.09,81.9984,86.07,0
2025-05-13 17:00:00,86.0702,86.11,86.07,86.0998,0
2025-05-13 18:00:00,86.1,86.14,86.0433,86.08,0
2025-05-13 19:00:00,86.09,86.108,86.03,86.05,0
2025-05-14 04:00:00,86.03,86.08,85.98,85.98,0
2025-05-14 05:00:00,85.98,86.05,85.88,86.04,0
2025-05-14 06:00:00,86.04,86.31,86.01,86.24,0
2025-05-14 07:00:00,86.25,86.25,86.17,86.18,0
2025-05-14 08:00:00,86.19,86.2804,85.8897,85.97,0
2025-05-14 09:00:00,85.97,85.98,85.6,85.76,0
2025-05-14 09:30:00,85.75,85.86979675292969,85.62329864501953,85.75,9510483
2025-05-14 10:30:00,85.74349975585938,85.7750015258789,85.53500366210938,85.59500122070312,5130270
2025-05-14 11:30:00,85.59459686279297,85.59989929199219,85.31999969482422,85.40499877929688,5244410
2025-05-14 12:30:00,85.4000015258789,85.49510192871094,85.36000061035156,85.49510192871094,3754009
2025-05-14 13:30:00,85.5,85.51000213623047,85.36499786376953,85.4000015258789,2829993
2025-05-14 14:30:00,85.3947982788086,85.41999816894531,85.26000213623047,85.26460266113281,4730489
2025-05-14 15:30:00,85.26499938964844,85.36000061035156,85.19999694824219,85.33499908447266,5444908
2025-05-14 16:00:00,85.34,85.38,85.23,85.3292,0
2025-05-14 17:00:00,85.33,85.52,85.33,85.5096,0
2025-05-14 18:00:00,85.49,85.5,85.32,85.3797,0
2025-05-14 19:00:00,85.37,85.38,85.2607,85.29,0
2025-05-15 04:00:00,85.5,85.63,85.48,85.63,0
2025-05-15 05:00:00,85.62,85.66,85.56,85.62,0
2025-05-15 06:00:00,85.62,85.65,85.54,85.54,0
2025-05-15 07:00:00,85.54,85.62,85.53,85.58,0
2025-05-15 08:00:00,85.57,85.66,85.32,85.375,0
2025-05-15 09:00:00,85.45,85.6803,84.94,85.63,0
2025-05-15 09:30:00,85.63999938964844,85.83499908447266,85.49500274658203,85.58000183105469,14670856
2025-05-15 10:30:00,85.57499694824219,86.05000305175781,85.4800033569336,85.99500274658203,7016681
2025-05-15 11:30:00,85.99569702148438,86.24800109863281,85.87100219726562,86.24500274658203,6355102
2025-05-15 12:30:00,86.23999786376953,86.31999969482422,86.16000366210938,86.19000244140625,3053803
2025-05-15 13:30:00,86.18000030517578,86.19499969482422,86.03500366210938,86.04000091552734,3522116
2025-05-15 14:30:00,86.04000091552734,86.12000274658203,85.98999786376953,86.09500122070312,4623844
2025-05-15 15:30:00,86.09500122070312,86.12000274658203,86.05000305175781,86.08999633789062,5995664
2025-05-15 16:00:00,86.09,86.43,86.07,86.41,0
2025-05-15 17:00:00,86.3701,86.3701,86.27,86.3,0
2025-05-15 18:00:00,86.33,86.42,86.07,86.39,0
2025-05-15 19:00:00,86.38,86.39,86.2,86.29,0
2025-05-16 04:00:00,86.66,86.73,86.65,86.73,0
2025-05-16 05:00:00,86.71,86.79,86.64,86.79,0
2025-05-16 06:00:00,86.78,86.86,86.78,86.8,0
2025-05-16 07:00:00,86.8,86.95,86.701,86.95,0
2025-05-16 08:00:00,86.91,86.98,86.088,86.92,0
2025-05-16 09:00:00,86.9,86.96,86.07,86.86,0
2025-05-16 09:30:00,86.86029815673828,86.88999938964844,86.55470275878906,86.56500244140625,10412238
2025-05-16 10:30:00,86.56500244140625,86.56999969482422,86.19499969482422,86.40499877929688,5434474
2025-05-16 11:30:00,86.39070129394531,86.48999786376953,86.20999908447266,86.44499969482422,4791748
2025-05-16 12:30:00,86.44499969482422,86.45500183105469,86.25499725341797,86.30500030517578,1856576
2025-05-16 13:30:00,86.30000305175781,86.37519836425781,86.27010345458984,86.33580017089844,1326033
2025-05-16 14:30:00,86.33499908447266,86.47000122070312,86.30999755859375,86.4000015258789,2003291
2025-05-16 15:30:00,86.3949966430664,86.45999908447266,86.27999877929688,86.29000091552734,2764364
2025-05-16 16:00:00,86.29,86.35,85.51,85.69,0
2025-05-16 17:00:00,85.68,90.2209,81.1056,85.7099,0
2025-05-16 18:00:00,85.71,85.74,85.5,85.5,0
2025-05-16 19:00:00,85.5,85.53,85.38,85.395,0
2025-05-19 04:00:00,85.08,85.08,84.83,84.84,0
2025-05-19 05:00:00,84.85,84.85,84.65,84.75,0
2025-05-19 06:00:00,84.75,84.82,84.7,84.8,0
2025-05-19 07:00:00,84.81,84.81,84.65,84.72,0
2025-05-19 08:00:00,84.72,85.23,84.649,84.72,0
2025-05-19 09:00:00,84.7097,86.3,84.5199,84.9196,0
2025-05-19 09:30:00,84.91999816894531,85.25,84.83000183105469,85.21929931640625,16774421
2025-05-19 10:30:00,85.21499633789062,85.62999725341797,85.19000244140625,85.50499725341797,6929490
2025-05-19 11:30:00,85.51629638671875,85.65670013427734,84.87889862060547,85.65499877929688,3881022
2025-05-19 12:30:00,85.66000366210938,85.80999755859375,85.51349639892578,85.7509994506836,4490558
2025-05-19 13:30:00,85.75,85.83499908447266,85.5999984741211,85.76499938964844,3699902
2025-05-19 14:30:00,85.7699966430664,86.09500122070312,85.7249984741211,86.0199966430664,4532017
2025-05-19 15:30:00,86.0199966430664,86.11599731445312,85.9800033569336,86.04000091552734,4066215
2025-05-19 16:00:00,86.04,86.32,85.76,86.3,0
2025-05-19 17:00:00,86.26,86.28,85.76,86.17,0
2025-05-19 18:00:00,86.17,86.34,86.17,86.3197,0
2025-05-19 19:00:00,86.31,86.32,86.1995,86.25,0
2025-05-20 04:00:00,86.38,86.48,86.3,86.4,0
2025-05-20 05:00:00,86.42,86.43,86.21,86.21,0
2025-05-20 06:00:00,86.22,86.22,86.04,86.1,0
2025-05-20 07:00:00,86.09,86.09,85.91,86.0,0
2025-05-20 08:00:00,86.0,86.43,85.63,85.73,0
2025-05-20 09:00:00,85.72,86.05,85.41,85.42,0
2025-05-20 09:30:00,85.42500305175781,85.44000244140625,85.05999755859375,85.38500213623047,11975281
2025-05-20 10:30:00,85.37999725341797,85.59500122070312,85.33000183105469,85.50499725341797,3647868
2025-05-20 11:30:00,85.5,85.53880310058594,85.23419952392578,85.375,4106900
2025-05-20 12:30:00,85.375,85.5999984741211,85.33000183105469,85.55590057373047,2481923
2025-05-20 13:30:00,85.55989837646484,85.55999755859375,85.3812026977539,85.5000991821289,2154421
2025-05-20 14:30:00,85.50499725341797,85.55000305175781,85.40380096435547,85.46499633789062,2849048
2025-05-20 15:30:00,85.46499633789062,85.4800033569336,85.31069946289062,85.44000244140625,4009886
2025-05-20 16:00:00,85.43,85.5493,85.41,85.4298,0
2025-05-20 17:00:00,85.43,85.55,85.42,85.47,0
2025-05-20 18:00:00,85.46,85.5997,85.3707,85.45,0
2025-05-20 19:00:00,85.4498,85.55,85.4,85.51,0
2025-05-21 04:00:00,84.89,84.89,84.71,84.77,0
2025-05-21 05:00:00,84.78,84.78,84.69,84.71,0
2025-05-21 06:00:00,84.69,84.79,84.69,84.75,0
2025-05-21 07:00:00,84.74,84.79,84.62,84.78,0
2025-05-21 08:00:00,84.78,85.3882,84.57,84.74,0
2025-05-21 09:00:00,84.73,84.81,84.63,84.67,0
2025-05-21 09:30:00,84.6709976196289,84.9800033569336,84.6500015258789,84.89459991455078,12554442
2025-05-21 10:30:00,84.89939880371094,85.05500030517578,84.72000122070312,84.86000061035156,5586932
2025-05-21 11:30:00,84.86000061035156,84.88999938964844,84.68499755859375,84.80000305175781,4279813
2025-05-21 12:30:00,84.80349731445312,84.82540130615234,83.91999816894531,83.92500305175781,12781575
2025-05-21 13:30:00,83.92500305175781,84.22000122070312,83.76010131835938,83.97000122070312,14231958
2025-05-21 14:30:00,83.95999908447266,84.05999755859375,83.81999969482422,83.98500061035156,8478766
2025-05-21 15:30:00,83.98999786376953,84.04000091552734,83.8947982788086,83.94000244140625,8017834
2025-05-21 16:00:00,83.97,83.97,83.79,83.7998,0
2025-05-21 17:00:00,83.8,83.99,83.8,83.97,0
2025-05-21 18:00:00,83.96,83.96,83.7,83.8,0
2025-05-21 19:00:00,83.8,83.86,83.7497,83.76,0
2025-05-22 04:00:00,83.86,83.86,83.69,83.74,0
2025-05-22 05:00:00,83.73,83.97,83.71,83.92,0
2025-05-22 06:00:00,83.92,83.96,83.87,83.89,0
2025-05-22 07:00:00,83.88,83.94,83.31,83.35,0
2025-05-22 08:00:00,83.35,83.9704,83.045,83.13,0
2025-05-22 09:00:00,83.12,83.75,83.0698,83.51,0
2025-05-22 09:30:00,83.52100372314453,83.79989624023438,83.30000305175781,83.59500122070312,20349965
2025-05-22 10:30:00,83.59500122070312,83.99500274658203,83.5199966430664,83.9800033569336,7421966
2025-05-22 11:30:00,83.98500061035156,84.32589721679688,83.93389892578125,84.19499969482422,10268792
2025-05-22 12:30:00,84.19499969482422,84.33999633789062,84.02999877929688,84.28500366210938,4969330
2025-05-22 13:30:00,84.27999877929688,84.30500030517578,84.19159698486328,84.23500061035156,3262088
2025-05-22 14:30:00,84.23500061035156,84.37999725341797,84.18000030517578,84.33499908447266,3869414
2025-05-22 15:30:00,84.33999633789062,84.43000030517578,84.28500366210938,84.4000015258789,5875858
2025-05-22 16:00:00,84.4,84.53,84.32,84.46,0
2025-05-22 17:00:00,84.48,84.49,84.35,84.4,0
2025-05-22 18:00:00,84.44,84.49,84.4,84.44,0
2025-05-22 19:00:00,84.4407,84.47,84.38,84.41,0
2025-05-23 04:00:00,84.82,84.95,84.76,84.82,0
2025-05-23 05:00:00,84.83,84.87,84.69,84.84,0
2025-05-23 06:00:00,84.84,84.84,84.59,84.6,0
2025-05-23 07:00:00,84.6,84.97,84.56,84.86,0
2025-05-23 08:00:00,84.87,85.39,84.35,84.75,0
2025-05-23 09:00:00,84.74,85.1,84.59,84.79,0
2025-05-23 09:30:00,84.76100158691406,84.81500244140625,84.41010284423828,84.45999908447266,14764575
2025-05-23 10:30:00,84.45999908447266,84.61499786376953,84.30500030517578,84.4801025390625,5727811
2025-05-23 11:30:00,84.4800033569336,84.7699966430664,84.4000015258789,84.6050033569336,5848823
2025-05-23 12:30:00,84.61499786376953,84.7750015258789,84.5199966430664,84.76499938964844,4506454
2025-05-23 13:30:00,84.7699966430664,84.81999969482422,84.51000213623047,84.57499694824219,3184860
2025-05-23 14:30:00,84.57499694824219,84.58000183105469,84.43000030517578,84.54499816894531,4756599
2025-05-23 15:30:00,84.55000305175781,84.58000183105469,84.5199966430664,84.55999755859375,3264936
2025-05-23 16:00:00,84.55,84.55,84.41,84.46,0
2025-05-23 17:00:00,84.47,90.0986,84.46,84.56,0
2025-05-23 18:00:00,84.5,84.56,84.4854,84.5279,0
2025-05-23 19:00:00,84.54,84.56,84.5015,84.5498,0
2025-05-27 04:00:00,85.53,85.62,85.4,85.5,0
2025-05-27 05:00:00,85.5,85.53,85.36,85.44,0
2025-05-27 06:00:00,85.44,85.48,85.3,85.44,0
2025-05-27 07:00:00,85.45,85.49,85.28,85.3,0
2025-05-27 08:00:00,85.31,85.7,84.55,85.2301,0
2025-05-27 09:00:00,85.27,85.41,85.23,85.35,0
2025-05-27 09:30:00,85.3499984741211,85.5199966430664,85.1500015258789,85.48999786376953,13200660
2025-05-27 10:30:00,85.48500061035156,85.6500015258789,85.3499984741211,85.61499786376953,5965978
2025-05-27 11:30:00,85.61499786376953,85.96499633789062,85.5999984741211,85.91999816894531,6616264
2025-05-27 12:30:00,85.91999816894531,86.01000213623047,85.66999816894531,85.68000030517578,5797712
2025-05-27 13:30:00,85.68000030517578,85.88999938964844,85.66999816894531,85.875,4966379
2025-05-27 14:30:00,85.875,86.0250015258789,85.83499908447266,85.86499786376953,5351300
2025-05-27 15:30:00,85.86009979248047,85.88999938964844,85.75,85.77999877929688,6193141
2025-05-27 16:00:00,85.78,85.79,85.65,85.7004,0
2025-05-27 17:00:00,85.71,85.75,81.9984,85.5499,0
2025-05-27 18:00:00,85.55,85.8182,85.55,85.73,0
2025-05-27 19:00:00,85.75,85.7888,85.7,85.72,0
2025-05-28 04:00:00,85.55,85.55,85.33,85.38,0
2025-05-28 05:00:00,85.38,85.38,85.3,85.35,0
2025-05-28 06:00:00,85.34,85.4,85.31,85.31,0
2025-05-28 07:00:00,85.31,85.43,85.28,85.43,0
2025-05-28 08:00:00,85.42,85.89,85.28,85.84,0
2025-05-28 09:00:00,85.8199,85.82,85.36,85.4,0
2025-05-28 09:30:00,85.41000366210938,85.53720092773438,85.1500015258789,85.2300033569336,9446676
2025-05-28 10:30:00,85.2249984741211,85.27290344238281,84.97049713134766,85.19999694824219,4708630
2025-05-28 11:30:00,85.20500183105469,85.20980072021484,85.0333023071289,85.0999984741211,2312455
2025-05-28 12:30:00,85.09500122070312,85.43990325927734,85.08000183105469,85.37449645996094,3668825
2025-05-28 13:30:00,85.37000274658203,85.41500091552734,85.23149871826172,85.30999755859375,3947562
2025-05-28 14:30:00,85.30500030517578,85.48999786376953,85.29010009765625,85.45500183105469,3968280
2025-05-28 15:30:00,85.45500183105469,85.4749984741211,85.2750015258789,85.36499786376953,3801458
2025-05-28 16:00:00,85.36,85.52,85.35,85.38,0
2025-05-28 17:00:00,85.37,85.39,85.35,85.36,0
2025-05-28 18:00:00,85.34,85.5,85.34,85.42,0
2025-05-28 19:00:00,85.4,85.44,85.1,85.27,0
2025-05-29 04:00:00,84.83,84.95,84.82,84.94,0
2025-05-29 05:00:00,84.95,84.99,84.86,84.94,0
2025-05-29 06:00:00,84.94,84.95,84.68,84.78,0
2025-05-29 07:00:00,84.77,85.04,84.76,84.94,0
2025-05-29 08:00:00,84.96,85.27,84.71,85.23,0
2025-05-29 09:00:00,85.25,85.78,85.25,85.7701,0
2025-05-29 09:30:00,85.7699966430664,85.92630004882812,85.63999938964844,85.73999786376953,8645099
2025-05-29 10:30:00,85.73500061035156,86.0,85.68000030517578,85.98410034179688,3125685
2025-05-29 11:30:00,85.98999786376953,86.1449966430664,85.95500183105469,86.0999984741211,4726465
2025-05-29 12:30:00,86.09500122070312,86.26000213623047,86.0199966430664,86.13009643554688,4821852
2025-05-29 13:30:00,86.13500213623047,86.25,86.0250015258789,86.05500030517578,3711401
2025-05-29 14:30:00,86.05000305175781,86.19499969482422,86.03500366210938,86.125,3443561
2025-05-29 15:30:00,86.125,86.19999694824219,86.11000061035156,86.1500015258789,4090571
2025-05-29 16:00:00,86.15,86.21,86.06,86.21,0
2025-05-29 17:00:00,86.2,86.2,86.07,86.12,0
2025-05-29 18:00:00,86.13,86.22,86.1,86.2,0
2025-05-29 19:00:00,86.2,86.21,86.0797,86.18,0
2025-05-30 04:00:00,86.21,86.21,86.08,86.08,0
2025-05-30 05:00:00,86.08,86.14,85.97,86.08,0
2025-05-30 06:00:00,86.07,86.16,86.05,86.12,0
2025-05-30 07:00:00,86.11,86.16,86.07,86.16,0
2025-05-30 08:00:00,86.12,86.45,85.9996,86.0509,0
2025-05-30 09:00:00,86.07,86.32,85.84,86.0899,0
2025-05-30 09:30:00,86.08480072021484,86.466796875,85.99500274658203,86.33000183105469,8363445
2025-05-30 10:30:00,86.33000183105469,86.33000183105469,85.87999725341797,86.21499633789062,5706329
2025-05-30 11:30:00,86.21499633789062,86.31999969482422,86.19000244140625,86.30000305175781,3537923
2025-05-30 12:30:00,86.30549621582031,86.35800170898438,86.11000061035156,86.17500305175781,3450461
2025-05-30 13:30:00,86.17500305175781,86.18499755859375,85.97000122070312,86.08999633789062,3081550
2025-05-30 14:30:00,86.08999633789062,86.1500015258789,85.94999694824219,86.13379669189453,7086039
2025-05-30 15:30:00,86.13500213623047,86.2854995727539,86.05999755859375,86.2699966430664,13152953
2025-05-30 16:00:00,86.28,90.2209,81.1056,86.06,0
2025-05-30 17:00:00,86.08,90.2209,85.9,86.0,0
2025-05-30 18:00:00,86.03,86.28,85.9375,86.02,0
2025-05-30 19:00:00,86.0198,86.0788,85.981,86.0788,0
2025-06-02 04:00:00,85.16,85.18,85.07,85.13,0
2025-06-02 05:00:00,85.12,85.17,85.08,85.13,0
2025-06-02 06:00:00,85.13,85.2,85.1,85.19,0
2025-06-02 07:00:00,85.19,85.33,85.19,85.32,0
2025-06-02 08:00:00,85.31,86.0197,85.0897,85.14,0
2025-06-02 09:00:00,85.1499,86.28,85.14,85.27,0
2025-06-02 09:30:00,85.29499816894531,85.47000122070312,85.12999725341797,85.39649963378906,12992004
2025-06-02 10:30:00,85.3949966430664,85.46499633789062,84.95999908447266,84.9749984741211,4505042
2025-06-02 11:30:00,84.9800033569336,85.05500030517578,84.86000061035156,84.98560333251953,5309012
2025-06-02 12:30:00,84.98030090332031,84.98999786376953,84.80500030517578,84.8499984741211,5120061
2025-06-02 13:30:00,84.84719848632812,84.91500091552734,84.80500030517578,84.83499908447266,3693024
2025-06-02 14:30:00,84.83499908447266,84.94000244140625,84.79000091552734,84.94000244140625,4022552
2025-06-02 15:30:00,84.94000244140625,85.16000366210938,84.93000030517578,85.1500015258789,4106873
2025-06-02 16:00:00,85.14,85.29,85.12,85.2488,0
2025-06-02 17:00:00,85.25,85.2688,85.16,85.175,0
2025-06-02 18:00:00,85.19,85.22,85.16,85.2,0
2025-06-02 19:00:00,85.16,85.2,85.11,85.19,0
2025-06-03 04:00:00,85.48,85.7,85.48,85.64,0
2025-06-03 05:00:00,85.65,85.74,85.57,85.57,0
2025-06-03 06:00:00,85.58,85.66,85.56,85.56,0
2025-06-03 07:00:00,85.55,85.58,85.48,85.55,0
2025-06-03 08:00:00,85.56,86.556,85.16,85.69,0
2025-06-03 09:00:00,85.69,85.69,85.16,85.44,0
2025-06-03 09:30:00,85.43000030517578,85.73500061035156,85.2750015258789,85.29070281982422,10924371
2025-06-03 10:30:00,85.29000091552734,85.47000122070312,85.20010375976562,85.27999877929688,6431377
2025-06-03 11:30:00,85.29000091552734,85.30000305175781,84.97000122070312,84.98500061035156,3540010
2025-06-03 12:30:00,84.98500061035156,85.01000213623047,84.88500213623047,85.01000213623047,2561462
2025-06-03 13:30:00,85.01499938964844,85.0999984741211,84.94999694824219,85.05999755859375,3681476
2025-06-03 14:30:00,85.06500244140625,85.08999633789062,84.98999786376953,84.99659729003906,3062957
2025-06-03 15:30:00,84.99500274658203,85.05000305175781,84.9800033569336,85.0199966430664,2354796
2025-06-03 16:00:00,85.01,85.17,81.6113,85.04,0
2025-06-03 17:00:00,89.2283,89.2283,85.04,85.05,0
2025-06-03 18:00:00,85.05,85.17,85.01,85.149,0
2025-06-03 19:00:00,85.14,85.17,85.1,85.14,0
2025-06-04 04:00:00,85.01,85.03,84.95,84.96,0
2025-06-04 05:00:00,84.96,85.03,84.92,84.96,0
2025-06-04 06:00:00,84.96,85.21,84.92,85.19,0
2025-06-04 07:00:00,85.18,85.25,85.12,85.12,0
2025-06-04 08:00:00,85.12,85.69,84.95,85.69,0
2025-06-04 09:00:00,85.69,87.9,85.64,85.79,0
2025-06-04 09:30:00,85.79499816894531,86.1500015258789,85.6449966430664,86.0,16221425
2025-06-04 10:30:00,86.0,86.32499694824219,85.98500061035156,86.16999816894531,8119772
2025-06-04 11:30:00,86.17009735107422,86.62000274658203,86.16000366210938,86.5947036743164,6847690
2025-06-04 12:30:00,86.5999984741211,86.6449966430664,86.46499633789062,86.51000213623047,5404495
2025-06-04 13:30:00,86.51000213623047,86.55999755859375,86.44999694824219,86.46499633789062,4088895
2025-06-04 14:30:00,86.45999908447266,86.45999908447266,86.31999969482422,86.375,3172485
2025-06-04 15:30:00,86.3781967163086,86.45999908447266,86.37000274658203,86.3949966430664,4368970
2025-06-04 16:00:00,86.39,90.9843,86.39,86.45,0
2025-06-04 17:00:00,86.4699,91.9447,86.44,86.4599,0
2025-06-04 18:00:00,86.45,86.4591,86.35,86.36,0
2025-06-04 19:00:00,86.36,86.47,86.3458,86.4699,0
2025-06-05 04:00:00,86.27,86.39,86.27,86.39,0
2025-06-05 05:00:00,86.4,86.75,86.4,86.71,0
2025-06-05 06:00:00,86.73,86.8,86.7,86.72,0
2025-06-05 07:00:00,86.7,86.94,86.68,86.92,0
2025-06-05 08:00:00,86.92,87.1403,86.2212,87.05,0
2025-06-05 09:00:00,87.08,87.18,86.63,86.67,0
2025-06-05 09:30:00,86.68000030517578,86.93000030517578,86.63500213623047,86.75900268554688,12354075
2025-06-05 10:30:00,86.75900268554688,86.76000213623047,86.2249984741211,86.32499694824219,8069482
2025-06-05 11:30:00,86.32499694824219,86.47000122070312,86.25,86.41999816894531,2554402
2025-06-05 12:30:00,86.41010284423828,86.73999786376953,86.31999969482422,86.58499908447266,3628594
2025-06-05 13:30:00,86.58499908447266,86.58499908447266,86.32009887695312,86.33499908447266,2249116
2025-06-05 14:30:00,86.33979797363281,86.47000122070312,86.31999969482422,86.41439819335938,2631235
2025-06-05 15:30:00,86.41000366210938,86.4800033569336,86.36499786376953,86.45999908447266,4837210
2025-06-05 16:00:00,86.455,90.4351,86.36,86.45,0
2025-06-05 17:00:00,86.43,86.44,86.34,86.359,0
2025-06-05 18:00:00,86.4,86.42,86.31,86.35,0
2025-06-05 19:00:00,86.34,86.42,86.31,86.38,0
2025-06-06 04:00:00,86.63,86.73,86.63,86.68,0
2025-06-06 05:00:00,86.68,86.74,86.66,86.71,0
2025-06-06 06:00:00,86.72,86.76,86.57,86.58,0
2025-06-06 07:00:00,86.59,86.71,86.59,86.67,0
2025-06-06 08:00:00,86.68,86.72,86.29,86.36,0
2025-06-06 09:00:00,86.3,86.342,85.53,85.78,0
2025-06-06 09:30:00,85.79000091552734,85.92500305175781,85.63999938964844,85.87999725341797,10893221
2025-06-06 10:30:00,85.83000183105469,85.86009979248047,85.56199645996094,85.7249984741211,4207440
2025-06-06 11:30:00,85.7145004272461,85.7656021118164,85.6050033569336,85.63999938964844,2824726
2025-06-06 12:30:00,85.6500015258789,85.66500091552734,85.4520034790039,85.4800033569336,3112880
2025-06-06 13:30:00,85.4749984741211,85.53350067138672,85.4000015258789,85.43499755859375,2577960
2025-06-06 14:30:00,85.43219757080078,85.44999694824219,85.2750015258789,85.29989624023438,3815750
2025-06-06 15:30:00,85.29499816894531,85.37000274658203,85.29000091552734,85.3550033569336,4349273
2025-06-06 16:00:00,85.35,85.36,85.265,85.29,0
2025-06-06 17:00:00,85.3,90.0986,85.3,85.37,0
2025-06-06 18:00:00,85.35,85.37,85.2801,85.335,0
2025-06-06 19:00:00,85.315,85.34,85.29,85.32,0
2025-06-09 04:00:00,85.39,85.58,85.39,85.54,0
2025-06-09 05:00:00,85.55,85.64,85.54,85.6,0
2025-06-09 06:00:00,85.6,85.66,85.53,85.56,0
2025-06-09 07:00:00,85.56,85.58,85.24,85.24,0
2025-06-09 08:00:00,85.25,85.63,85.17,85.2497,0
2025-06-09 09:00:00,85.23,85.32,85.0,85.04,0
2025-06-09 09:30:00,85.04000091552734,85.4000015258789,85.04000091552734,85.19999694824219,6073946
2025-06-09 10:30:00,85.19989776611328,85.45999908447266,85.03500366210938,85.44999694824219,3807320
2025-06-09 11:30:00,85.45700073242188,85.5,85.4000015258789,85.46499633789062,2698586
2025-06-09 12:30:00,85.46499633789062,85.57649993896484,85.46499633789062,85.56500244140625,1468765
2025-06-09 13:30:00,85.56500244140625,85.63999938964844,85.5199966430664,85.62000274658203,2599104
2025-06-09 14:30:00,85.625,85.63500213623047,85.43000030517578,85.46499633789062,1998034
2025-06-09 15:30:00,85.46499633789062,85.49500274658203,85.41999816894531,85.45999908447266,1966052
2025-06-09 16:00:00,85.44,85.67,85.06,85.63,0
2025-06-09 17:00:00,85.6,85.6096,85.46,85.56,0
2025-06-09 18:00:00,85.58,85.7,85.44,85.61,0
2025-06-09 19:00:00,85.61,85.68,85.6,85.65,0
2025-06-10 04:00:00,85.98,86.07,85.94,86.0,0
2025-06-10 05:00:00,86.01,86.06,85.97,86.01,0
2025-06-10 06:00:00,86.01,86.02,85.91,85.92,0
2025-06-10 07:00:00,85.93,86.17,85.93,86.13,0
2025-06-10 08:00:00,86.12,86.16,85.44,86.1,0
2025-06-10 09:00:00,86.1,86.2199,85.99,86.1,0
2025-06-10 09:30:00,86.08999633789062,86.17739868164062,85.80999755859375,85.80999755859375,7937939
2025-06-10 10:30:00,85.81500244140625,85.82499694824219,85.51499938964844,85.5302963256836,3445154
2025-06-10 11:30:00,85.53690338134766,85.76000213623047,85.52010345458984,85.68499755859375,2661419
2025-06-10 12:30:00,85.68000030517578,85.7300033569336,85.5907974243164,85.63999938964844,1590858
2025-06-10 13:30:00,85.62999725341797,85.7750015258789,85.62030029296875,85.69999694824219,1537623
2025-06-10 14:30:00,85.70999908447266,85.81999969482422,85.66999816894531,85.80000305175781,2468270
2025-06-10 15:30:00,85.79499816894531,85.87999725341797,85.79000091552734,85.87999725341797,2878464
2025-06-10 16:00:00,85.87,85.88,81.9984,85.82,0
2025-06-10 17:00:00,85.83,85.8385,85.7,85.8,0
2025-06-10 18:00:00,85.73,85.86,85.73,85.8,0
2025-06-10 19:00:00,85.8,85.88,85.7,85.88,0
2025-06-11 04:00:00,85.54,85.56,85.51,85.53,0
2025-06-11 05:00:00,85.52,85.63,85.44,85.48,0
2025-06-11 06:00:00,85.46,85.47,85.35,85.37,0
2025-06-11 07:00:00,85.35,85.37,85.29,85.37,0
2025-06-11 08:00:00,85.37,85.88,85.2998,85.37,0
2025-06-11 09:00:00,85.35,86.23,85.18,85.82,0
2025-06-11 09:30:00,85.81999969482422,86.05000305175781,85.70999908447266,85.83000183105469,9935930
2025-06-11 10:30:00,85.81999969482422,86.04000091552734,85.81999969482422,85.86000061035156,2790499
2025-06-11 11:30:00,85.8499984741211,86.08499908447266,85.80999755859375,86.04499816894531,2783500
2025-06-11 12:30:00,86.04499816894531,86.4000015258789,85.91999816894531,86.31500244140625,8145785
2025-06-11 13:30:00,86.31500244140625,86.35639953613281,86.18499755859375,86.32540130615234,3664930
2025-06-11 14:30:00,86.32499694824219,86.33000183105469,86.12000274658203,86.1449966430664,3657981
2025-06-11 15:30:00,86.1449966430664,86.20999908447266,86.08000183105469,86.13999938964844,2989383
2025-06-11 16:00:00,86.14,86.17,86.05,86.06,0
2025-06-11 17:00:00,86.05,86.1,86.05,86.0905,0
2025-06-11 18:00:00,86.06,86.1785,86.04,86.1785,0
2025-06-11 19:00:00,86.18,86.18,86.1,86.14,0
2025-06-12 04:00:00,86.27,86.37,86.23,86.37,0
2025-06-12 05:00:00,86.36,86.38,86.28,86.35,0
2025-06-12 06:00:00,86.41,86.6,86.41,86.57,0
2025-06-12 07:00:00,86.58,86.73,86.56,86.7,0
2025-06-12 08:00:00,86.72,86.92,86.13,86.87,0
2025-06-12 09:00:00,86.87,87.145,86.8297,86.91,0
2025-06-12 09:30:00,86.88800048828125,86.92500305175781,86.13999938964844,86.65139770507812,10647609
2025-06-12 10:30:00,86.66000366210938,86.79499816894531,86.5999984741211,86.75,4007354
2025-06-12 11:30:00,86.76000213623047,86.98999786376953,86.68000030517578,86.92500305175781,3255193
2025-06-12 12:30:00,86.92500305175781,87.18000030517578,86.83999633789062,87.05999755859375,7584570
2025-06-12 13:30:00,87.05500030517578,87.18000030517578,86.97000122070312,87.01499938964844,3617389
2025-06-12 14:30:00,87.0198974609375,87.16000366210938,86.99009704589844,87.14530181884766,3530423
2025-06-12 15:30:00,87.14990234375,87.19999694824219,87.0999984741211,87.18000030517578,4005363
2025-06-12 16:00:00,87.17,87.29,87.04,87.08,0
2025-06-12 17:00:00,87.05,87.14,87.02,87.089,0
2025-06-12 18:00:00,87.08,87.17,86.7,86.771,0
2025-06-12 19:00:00,86.95,87.25,86.7609,87.23,0
2025-06-13 04:00:00,87.13,87.13,86.98,87.08,0
2025-06-13 05:00:00,87.08,87.25,87.04,87.21,0
2025-06-13 06:00:00,87.23,87.23,86.9,86.91,0
2025-06-13 07:00:00,86.92,87.03,86.8,87.02,0
2025-06-13 08:00:00,87.03,87.5,86.8102,87.18,0
2025-06-13 09:00:00,87.16,87.17,86.66,86.73,0
2025-06-13 09:30:00,86.7249984741211,86.875,86.32499694824219,86.4000015258789,9923991
2025-06-13 10:30:00,86.4000015258789,86.51000213623047,86.25,86.29000091552734,5489404
2025-06-13 11:30:00,86.28379821777344,86.30000305175781,86.11000061035156,86.13999938964844,4548669
2025-06-13 12:30:00,86.13999938964844,86.1500015258789,85.81999969482422,85.8363037109375,4254653
2025-06-13 13:30:00,85.83989715576172,86.0250015258789,85.7750015258789,85.9800033569336,4536654
2025-06-13 14:30:00,85.98500061035156,86.20500183105469,85.94999694824219,86.19000244140625,6277026
2025-06-13 15:30:00,86.19999694824219,86.33999633789062,86.18000030517578,86.29499816894531,5508119
2025-06-13 16:00:00,86.33,86.38,86.22,86.3591,0
2025-06-13 17:00:00,86.32,90.2209,81.1056,86.289,0
2025-06-13 18:00:00,86.28,86.28,85.79,86.1001,0
2025-06-13 19:00:00,86.33,86.33,86.12,86.1707,0
2025-06-16 04:00:00,85.89,85.89,85.74,85.86,0
2025-06-16 05:00:00,85.86,85.99,85.84,85.96,0
2025-06-16 06:00:00,85.97,86.04,85.91,86.01,0
2025-06-16 07:00:00,86.01,86.15,85.94,85.95,0
2025-06-16 08:00:00,85.97,86.15,85.73,85.97,0
2025-06-16 09:00:00,85.98,86.33,85.86,86.08,0
2025-06-16 09:30:00,86.08000183105469,86.33000183105469,85.9749984741211,86.30000305175781,7822410
2025-06-16 10:30:00,86.30999755859375,86.43000030517578,86.09500122070312,86.13500213623047,4209399
2025-06-16 11:30:00,86.13999938964844,86.34500122070312,86.05500030517578,86.05999755859375,2481422
2025-06-16 12:30:00,86.06999969482422,86.12999725341797,85.91999816894531,85.95500183105469,3050768
2025-06-16 13:30:00,85.94999694824219,85.95899963378906,85.57499694824219,85.63500213623047,3886021
2025-06-16 14:30:00,85.63500213623047,85.70989990234375,85.4749984741211,85.52999877929688,4894570
2025-06-16 15:30:00,85.54000091552734,85.58000183105469,85.45999908447266,85.48500061035156,5045301
2025-06-16 16:00:00,85.46,85.6,85.46,85.58,0
2025-06-16 17:00:00,85.57,85.59,85.55,85.57,0
2025-06-16 18:00:00,85.58,85.66,85.57,85.64,0
2025-06-16 19:00:00,85.6,85.69,85.584,85.6588,0
2025-06-17 04:00:00,85.71,85.74,85.64,85.7,0
2025-06-17 05:00:00,85.66,85.84,85.65,85.83,0
2025-06-17 06:00:00,85.83,85.91,85.75,85.91,0
2025-06-17 07:00:00,85.9,85.98,85.87,85.96,0
2025-06-17 08:00:00,85.98,86.19,85.46,86.13,0
2025-06-17 09:00:00,86.18,86.36,85.77,86.0,0
2025-06-17 09:30:00,86.01000213623047,86.02999877929688,85.75499725341797,85.95500183105469,6916300
2025-06-17 10:30:00,85.95500183105469,86.08999633789062,85.83999633789062,86.03500366210938,4201918
2025-06-17 11:30:00,86.03500366210938,86.29000091552734,86.02999877929688,86.25499725341797,2635175
2025-06-17 12:30:00,86.25499725341797,86.38999938964844,86.2300033569336,86.34500122070312,3236012
2025-06-17 13:30:00,86.34500122070312,86.6500015258789,86.34200286865234,86.64990234375,3538924
2025-06-17 14:30:00,86.64710235595703,86.66000366210938,86.4126968383789,86.57499694824219,3199166
2025-06-17 15:30:00,86.57499694824219,86.58000183105469,86.4800033569336,86.5199966430664,4678427
2025-06-17 16:00:00,86.51,86.55,81.6113,86.47,0
2025-06-17 17:00:00,86.47,86.51,86.43,86.44,0
2025-06-17 18:00:00,86.45,86.52,86.4,86.45,0
2025-06-17 19:00:00,86.41,86.5,86.38,86.43,0
2025-06-18 04:00:00,86.38,86.51,86.34,86.51,0
2025-06-18 05:00:00,86.49,86.64,86.45,86.52,0
2025-06-18 06:00:00,86.62,86.75,86.62,86.7,0
2025-06-18 07:00:00,86.71,86.81,86.68,86.81,0
2025-06-18 08:00:00,86.82,86.97,86.2,86.8601,0
2025-06-18 09:00:00,86.9,86.9,86.61,86.885,0
2025-06-18 09:30:00,86.8895034790039,87.04499816894531,86.76000213623047,86.79499816894531,6867290
2025-06-18 10:30:00,86.80000305175781,87.08999633789062,86.69999694824219,87.06169891357422,3784373
2025-06-18 11:30:00,87.04499816894531,87.08499908447266,86.91000366210938,86.91500091552734,3142203
2025-06-18 12:30:00,86.92500305175781,87.02839660644531,86.81999969482422,86.875,2653385
2025-06-18 13:30:00,86.875,87.04000091552734,86.51000213623047,86.62999725341797,5778449
2025-06-18 14:30:00,86.64119720458984,86.69499969482422,86.3499984741211,86.63500213623047,8934216
2025-06-18 15:30:00,86.63719940185547,86.66680145263672,86.50499725341797,86.6500015258789,5327630
2025-06-18 16:00:00,86.65,90.9843,86.47,86.49,0
2025-06-18 17:00:00,86.49,86.51,86.47,86.489,0
2025-06-18 18:00:00,86.48,86.54,86.455,86.48,0
2025-06-18 19:00:00,86.5,86.51,86.45,86.5,0
2025-06-20 04:00:00,86.59,86.64,86.5,86.51,0
2025-06-20 05:00:00,86.48,86.49,86.39,86.49,0
2025-06-20 06:00:00,86.45,86.52,86.16,86.19,0
2025-06-20 07:00:00,86.18,86.23,86.07,86.12,0
2025-06-20 08:00:00,86.12,86.8,85.83,85.85,0
2025-06-20 09:00:00,85.85,86.665,85.8199,86.13,0
2025-06-20 09:30:00,86.13999938964844,86.25,85.9800033569336,86.08999633789062,6427346
2025-06-20 10:30:00,86.08200073242188,86.34010314941406,85.94999694824219,86.33999633789062,3234731
2025-06-20 11:30:00,86.36650085449219,86.55500030517578,86.31999969482422,86.5199966430664,3321637
2025-06-20 12:30:00,86.5199966430664,86.71769714355469,86.5199966430664,86.69999694824219,2547083
2025-06-20 13:30:00,86.70999908447266,86.79000091552734,86.60230255126953,86.63500213623047,2637787
2025-06-20 14:30:00,86.63500213623047,86.63999938964844,86.5250015258789,86.54989624023438,2693115
2025-06-20 15:30:00,86.54000091552734,86.55999755859375,86.41999816894531,86.48500061035156,2792333
2025-06-20 16:00:00,86.49,86.59,86.485,86.54,0
2025-06-20 17:00:00,86.5302,86.6,86.49,86.54,0
2025-06-20 18:00:00,86.57,90.4351,86.51,86.52,0
2025-06-20 19:00:00,86.53,86.55,86.49,86.55,0
2025-06-23 04:00:00,86.28,86.33,86.25,86.25,0
2025-06-23 05:00:00,86.24,86.43,86.22,86.4,0
2025-06-23 06:00:00,86.41,86.43,86.26,86.29,0
2025-06-23 07:00:00,86.29,86.35,86.22,86.23,0
2025-06-23 08:00:00,86.23,86.84,86.13,86.82,0
2025-06-23 09:00:00,86.83,87.0,86.49,86.93,0
2025-06-23 09:30:00,86.93000030517578,87.2699966430664,86.78500366210938,87.15989685058594,8683984
2025-06-23 10:30:00,87.16000366210938,87.2300033569336,87.0,87.2249984741211,4569457
2025-06-23 11:30:00,87.19999694824219,87.38500213623047,87.19229888916016,87.37480163574219,3342618
2025-06-23 12:30:00,87.37000274658203,87.4406967163086,87.17500305175781,87.23500061035156,4392330
2025-06-23 13:30:00,87.2300033569336,87.37999725341797,87.18499755859375,87.20999908447266,3441761
2025-06-23 14:30:00,87.22000122070312,87.22920227050781,86.88999938964844,86.90010070800781,3563236
2025-06-23 15:30:00,86.90989685058594,86.94000244140625,86.7699966430664,86.79000091552734,4172854
2025-06-23 16:00:00,86.79,86.8602,86.75,86.7999,0
2025-06-23 17:00:00,86.7996,86.88,86.78,86.82,0
2025-06-23 18:00:00,86.81,86.88,86.74,86.7799,0
2025-06-23 19:00:00,86.77,86.8,86.7,86.7594,0
2025-06-24 04:00:00,86.92,86.97,86.86,86.94,0
2025-06-24 05:00:00,86.93,86.97,86.36,86.46,0
2025-06-24 06:00:00,86.45,86.67,86.42,86.56,0
2025-06-24 07:00:00,86.55,86.78,86.55,86.74,0
2025-06-24 08:00:00,86.76,87.03,86.39,86.55,0
2025-06-24 09:00:00,86.53,86.6,86.19,86.51,0
2025-06-24 09:30:00,86.44000244140625,87.125,86.42500305175781,87.0779037475586,9139472
2025-06-24 10:30:00,87.07820129394531,87.38500213623047,87.04000091552734,87.3093032836914,5181919
2025-06-24 11:30:00,87.32499694824219,87.32499694824219,87.12000274658203,87.30000305175781,3109066
2025-06-24 12:30:00,87.29229736328125,87.44000244140625,87.26000213623047,87.37770080566406,2954194
2025-06-24 13:30:00,87.37999725341797,87.5,87.375,87.4301986694336,2068464
2025-06-24 14:30:00,87.43000030517578,87.58999633789062,87.34259796142578,87.45999908447266,3476735
2025-06-24 15:30:00,87.45899963378906,87.50499725341797,87.37999725341797,87.41000366210938,3901179
2025-06-24 16:00:00,87.415,87.49,81.9984,87.35,0
2025-06-24 17:00:00,87.36,87.41,87.29,87.35,0
2025-06-24 18:00:00,87.3492,87.41,87.33,87.37,0
2025-06-24 19:00:00,87.37,87.46,87.37,87.4215,0
2025-06-25 04:00:00,87.63,87.7,87.62,87.62,0
2025-06-25 05:00:00,87.63,87.63,87.41,87.52,0
2025-06-25 06:00:00,87.5,87.51,87.34,87.38,0
2025-06-25 07:00:00,87.39,87.44,87.28,87.42,0
2025-06-25 08:00:00,87.39,87.6988,87.16,87.165,0
2025-06-25 09:00:00,87.18,87.23,87.0,87.1001,0
2025-06-25 09:30:00,87.10030364990234,87.11869812011719,86.80000305175781,86.93000030517578,6856274
2025-06-25 10:30:00,86.93000030517578,87.1156005859375,86.8499984741211,87.11499786376953,3282176
2025-06-25 11:30:00,87.11499786376953,87.1500015258789,87.03009796142578,87.13980102539062,2309976
2025-06-25 12:30:00,87.13500213623047,87.2300033569336,87.12000274658203,87.1449966430664,2802998
2025-06-25 13:30:00,87.1449966430664,87.33000183105469,87.08499908447266,87.32929992675781,3015863
2025-06-25 14:30:00,87.32499694824219,87.4800033569336,87.25499725341797,87.47010040283203,2284550
2025-06-25 15:30:00,87.47599792480469,87.51000213623047,87.41000366210938,87.50499725341797,3814438
2025-06-25 16:00:00,87.51,87.54,87.41,87.47,0
2025-06-25 17:00:00,87.47,87.49,87.35,87.43,0
2025-06-25 18:00:00,87.45,87.54,87.45,87.49,0
2025-06-25 19:00:00,87.5,87.55,87.49,87.52,0
2025-06-26 04:00:00,87.65,87.75,87.64,87.69,0
2025-06-26 05:00:00,87.69,87.71,87.5,87.55,0
2025-06-26 06:00:00,87.59,87.63,87.53,87.63,0
2025-06-26 07:00:00,87.64,87.69,87.56,87.56,0
2025-06-26 08:00:00,87.55,87.81,87.42,87.42,0
2025-06-26 09:00:00,87.48,87.67,87.2701,87.56,0
2025-06-26 09:30:00,87.57499694824219,87.74500274658203,87.21499633789062,87.45999908447266,7311477
2025-06-26 10:30:00,87.45999908447266,87.5999984741211,87.20069885253906,87.3550033569336,3689579
2025-06-26 11:30:00,87.36000061035156,87.55999755859375,87.27999877929688,87.5510025024414,2493357
2025-06-26 12:30:00,87.55500030517578,87.67500305175781,87.43000030517578,87.5199966430664,3000157
2025-06-26 13:30:00,87.52999877929688,87.76499938964844,87.52539825439453,87.72000122070312,2878454
2025-06-26 14:30:00,87.71499633789062,87.79000091552734,87.58999633789062,87.75,2700855
2025-06-26 15:30:00,87.75800323486328,87.94999694824219,87.7300033569336,87.94000244140625,4169968
2025-06-26 16:00:00,87.95,87.9903,87.88,87.96,0
2025-06-26 17:00:00,87.96,87.98,87.96,87.96,0
2025-06-26 18:00:00,87.96,87.96,87.87,87.89,0
2025-06-26 19:00:00,87.895,87.95,87.8806,87.95,0
2025-06-27 04:00:00,87.75,87.79,87.6,87.61,0
2025-06-27 05:00:00,87.62,87.71,87.58,87.65,0
2025-06-27 06:00:00,87.65,87.72,87.63,87.69,0
2025-06-27 07:00:00,87.72,87.82,87.67,87.71,0
2025-06-27 08:00:00,87.7,87.95,87.56,87.63,0
2025-06-27 09:00:00,87.6606,87.99,87.5401,87.5602,0
2025-06-27 09:30:00,87.56500244140625,87.83000183105469,87.375,87.76499938964844,8173992
2025-06-27 10:30:00,87.7699966430664,87.7699966430664,87.5,87.6500015258789,4238260
2025-06-27 11:30:00,87.63999938964844,88.08000183105469,87.62999725341797,88.04499816894531,3199492
2025-06-27 12:30:00,88.05000305175781,88.16000366210938,87.94999694824219,87.96499633789062,22867608
2025-06-27 13:30:00,87.96499633789062,87.99500274658203,87.27030181884766,87.27030181884766,5634897
2025-06-27 14:30:00,87.2750015258789,87.42500305175781,87.23500061035156,87.3550033569336,3904583
2025-06-27 15:30:00,87.3550033569336,87.44000244140625,87.34480285644531,87.37249755859375,4430411
2025-06-27 16:00:00,87.37,93.4342,86.1432,87.49,0
2025-06-27 17:00:00,87.49,87.53,87.39,87.52,0
2025-06-27 18:00:00,87.5,87.53,87.495,87.52,0
2025-06-27 19:00:00,87.51,87.59,87.45,87.51,0
2025-06-30 04:00:00,87.62,87.91,87.62,87.86,0
2025-06-30 05:00:00,87.86,87.9,87.79,87.85,0
2025-06-30 06:00:00,87.86,87.88,87.77,87.87,0
2025-06-30 07:00:00,87.86,87.97,87.83,87.88,0
2025-06-30 08:00:00,87.88,87.96,87.3788,87.85,0
2025-06-30 09:00:00,87.85,87.91,87.39,87.84,0
2025-06-30 09:30:00,87.86000061035156,87.9749984741211,87.65499877929688,87.69000244140625,7249395
2025-06-30 10:30:00,87.69999694824219,87.85990142822266,87.61499786376953,87.83499908447266,3709558
2025-06-30 11:30:00,87.83000183105469,87.94000244140625,87.66500091552734,87.91500091552734,3121023
2025-06-30 12:30:00,87.91999816894531,88.26499938964844,87.8947982788086,88.23999786376953,5170383
2025-06-30 13:30:00,88.24019622802734,88.31999969482422,88.1500015258789,88.2833023071289,3679024
2025-06-30 14:30:00,88.29000091552734,88.40499877929688,88.19999694824219,88.32499694824219,6130086
2025-06-30 15:30:00,88.33000183105469,88.41999816894531,88.16000366210938,88.30999755859375,16092727
2025-06-30 16:00:00,88.31,88.39,86.365,88.34,0
2025-06-30 17:00:00,88.28,88.39,88.2291,88.24,0
2025-06-30 18:00:00,88.3,88.33,88.24,88.25,0
2025-06-30 19:00:00,88.27,88.34,88.23,88.3101,0
2025-07-01 04:00:00,88.45,88.57,88.45,88.48,0
2025-07-01 05:00:00,88.48,88.59,88.44,88.52,0
2025-07-01 06:00:00,88.54,88.6,88.52,88.59,0
2025-07-01 07:00:00,88.59,88.69,88.51,88.65,0
2025-07-01 08:00:00,88.65,88.69,88.25,88.36,0
2025-07-01 09:00:00,88.36,88.4398,88.08,88.11,0
2025-07-01 09:30:00,88.13020324707031,88.30999755859375,87.83000183105469,87.87200164794922,11285056
2025-07-01 10:30:00,87.86499786376953,88.02999877929688,87.79000091552734,87.8949966430664,4947577
2025-07-01 11:30:00,87.8949966430664,87.91000366210938,87.66179656982422,87.7958984375,4887987
2025-07-01 12:30:00,87.79000091552734,88.125,87.7468032836914,88.06999969482422,3974449
2025-07-01 13:30:00,88.06449890136719,88.08000183105469,87.94499969482422,87.95999908447266,5583967
2025-07-01 14:30:00,87.96499633789062,88.11000061035156,87.94499969482422,88.05500030517578,2975746
2025-07-01 15:30:00,88.05500030517578,88.1500015258789,87.97000122070312,88.12799835205078,3372138
2025-07-01 16:00:00,88.14,88.28,88.09,88.191,0
2025-07-01 17:00:00,88.16,88.24,88.06,88.132,0
2025-07-01 18:00:00,88.14,88.26,88.14,88.19,0
2025-07-01 19:00:00,88.19,88.26,88.17,88.258,0
2025-07-02 04:00:00,87.75,87.76,87.65,87.65,0
2025-07-02 05:00:00,87.65,87.65,87.57,87.6,0
2025-07-02 06:00:00,87.6,87.64,87.51,87.64,0
2025-07-02 07:00:00,87.61,87.64,87.52,87.529,0
2025-07-02 08:00:00,87.53,88.11,87.25,87.37,0
2025-07-02 09:00:00,87.36,88.14,87.19,87.2,0
2025-07-02 09:30:00,87.19499969482422,87.29000091552734,87.0999984741211,87.11499786376953,10332207
2025-07-02 10:30:00,87.12000274658203,87.43499755859375,87.11000061035156,87.29000091552734,5646142
2025-07-02 11:30:00,87.29000091552734,87.43000030517578,87.13999938964844,87.22000122070312,5619410
2025-07-02 12:30:00,87.22000122070312,87.30000305175781,87.13999938964844,87.28500366210938,2754640
2025-07-02 13:30:00,87.29000091552734,87.3550033569336,87.24330139160156,87.33999633789062,3485157
2025-07-02 14:30:00,87.33999633789062,87.54000091552734,87.33000183105469,87.42070007324219,3333259
2025-07-02 15:30:00,87.42500305175781,87.58999633789062,87.41000366210938,87.58999633789062,3191988
2025-07-02 16:00:00,87.58,87.69,87.57,87.68,0
2025-07-02 17:00:00,87.67,87.69,87.51,87.565,0
2025-07-02 18:00:00,87.64,91.9447,87.58,87.69,0
2025-07-02 19:00:00,87.69,87.76,87.69,87.76,0
2025-07-03 04:00:00,87.98,88.07,87.97,88.05,0
2025-07-03 05:00:00,88.04,88.1,87.94,87.95,0
2025-07-03 06:00:00,87.95,88.01,87.86,87.91,0
2025-07-03 07:00:00,87.93,88.0,87.91,87.93,0
2025-07-03 08:00:00,87.93,88.09,87.8157,87.9,0
2025-07-03 09:00:00,87.84,87.84,86.84,87.1793,0
2025-07-03 09:30:00,87.16500091552734,87.25520324707031,86.8501968383789,87.07499694824219,11409612
2025-07-03 10:30:00,87.07009887695312,87.25879669189453,87.0250015258789,87.1050033569336,5186554
2025-07-03 11:30:00,87.11000061035156,87.285400390625,86.9800033569336,87.05000305175781,3117651
2025-07-03 13:00:00,87.05500030517578,87.06500244140625,86.93000030517578,86.9800033569336,0
2025-07-03 14:00:00,86.975,90.4351,85.7832,86.96,0
2025-07-03 15:00:00,86.95,87.01,86.9401,86.99,0
2025-07-03 16:00:00,86.9906,87.06,86.95,86.99,0
2025-07-07 04:00:00,86.88,86.88,86.64,86.78,0
2025-07-07 05:00:00,86.79,86.81,86.61,86.65,0
2025-07-07 06:00:00,86.64,86.7,86.59,86.59,0
2025-07-07 07:00:00,86.61,86.64,86.59,86.62,0
2025-07-07 08:00:00,86.65,87.0,86.45,86.4998,0
2025-07-07 09:00:00,86.49,86.97,86.46,86.53,0
2025-07-07 09:30:00,86.51000213623047,86.55999755859375,86.29000091552734,86.32820129394531,8129616
2025-07-07 10:30:00,86.31500244140625,86.34500122070312,86.1500015258789,86.16000366210938,3636957
2025-07-07 11:30:00,86.16999816894531,86.30999755859375,86.08999633789062,86.2249984741211,4477504
2025-07-07 12:30:00,86.22000122070312,86.22000122070312,86.06999969482422,86.125,3053184
2025-07-07 13:30:00,86.12999725341797,86.12999725341797,85.97000122070312,85.98040008544922,3964851
2025-07-07 14:30:00,85.9800033569336,86.10669708251953,85.92330169677734,86.08000183105469,4084639
2025-07-07 15:30:00,86.08000183105469,86.1697006225586,86.06269836425781,86.13999938964844,3259886
2025-07-07 16:00:00,86.14,86.23,86.09,86.23,0
2025-07-07 17:00:00,86.21,86.29,85.6911,86.25,0
2025-07-07 18:00:00,86.25,86.26,86.1607,86.24,0
2025-07-07 19:00:00,86.2,86.2,86.135,86.14,0
2025-07-08 04:00:00,85.95,85.95,85.79,85.84,0
2025-07-08 05:00:00,85.83,85.85,85.72,85.74,0
2025-07-08 06:00:00,85.74,85.75,85.55,85.66,0
2025-07-08 07:00:00,85.66,85.83,85.65,85.779,0
2025-07-08 08:00:00,85.77,86.27,85.53,85.6499,0
2025-07-08 09:00:00,85.6299,86.14,85.49,85.56,0
2025-07-08 09:30:00,85.55999755859375,85.71990203857422,85.44000244140625,85.61470031738281,7956922
2025-07-08 10:30:00,85.62000274658203,85.75990295410156,85.54499816894531,85.74500274658203,4531639
2025-07-08 11:30:00,85.74019622802734,85.7699966430664,85.63999938964844,85.73490142822266,2651611
2025-07-08 12:30:00,85.73500061035156,85.75669860839844,85.56999969482422,85.62999725341797,2937591
2025-07-08 13:30:00,85.63500213623047,85.73999786376953,85.5999984741211,85.73500061035156,1827431
2025-07-08 14:30:00,85.73500061035156,85.87000274658203,85.69999694824219,85.86000061035156,3304676
2025-07-08 15:30:00,85.87000274658203,86.04000091552734,85.86499786376953,86.04000091552734,4493726
2025-07-08 16:00:00,86.03,86.19,81.9984,86.095,0
2025-07-08 17:00:00,86.07,86.15,86.0,86.025,0
2025-07-08 18:00:00,86.0001,86.1,86.0,86.01,0
2025-07-08 19:00:00,86.0192,86.03,86.0,86.02,0
2025-07-09 04:00:00,86.15,86.21,86.11,86.12,0
2025-07-09 05:00:00,86.14,86.2,86.07,86.14,0
2025-07-09 06:00:00,86.14,86.17,86.0,86.11,0
2025-07-09 07:00:00,86.11,86.13,85.99,85.999,0
2025-07-09 08:00:00,85.98,86.24,85.79,85.835,0
2025-07-09 09:00:00,85.845,86.2,85.84,86.2,0
2025-07-09 09:30:00,86.20149993896484,86.41500091552734,86.18000030517578,86.34500122070312,5961036
2025-07-09 10:30:00,86.34500122070312,86.44609832763672,86.29000091552734,86.36000061035156,3304324
2025-07-09 11:30:00,86.3550033569336,86.57499694824219,86.35070037841797,86.5250015258789,2823416
2025-07-09 12:30:00,86.5250015258789,86.70500183105469,86.5,86.63500213623047,3252494
2025-07-09 13:30:00,86.63999938964844,86.83000183105469,86.61000061035156,86.79499816894531,3595607
2025-07-09 14:30:00,86.79499816894531,86.88999938964844,86.79000091552734,86.88500213623047,2509852
2025-07-09 15:30:00,86.88800048828125,86.93000030517578,86.83200073242188,86.91999816894531,3001740
2025-07-09 16:00:00,86.93,86.94,86.82,86.8617,0
2025-07-09 17:00:00,86.84,86.93,86.84,86.89,0
2025-07-09 18:00:00,86.89,86.89,86.8,86.81,0
2025-07-09 19:00:00,86.81,86.84,86.785,86.83,0
2025-07-10 04:00:00,86.79,86.82,86.71,86.74,0
2025-07-10 05:00:00,86.72,86.8,86.69,86.7,0
2025-07-10 06:00:00,86.68,86.74,86.63,86.69,0
2025-07-10 07:00:00,86.68,86.86,86.66,86.83,0
2025-07-10 08:00:00,86.81,86.96,86.64,86.89,0
2025-07-10 09:00:00,86.86,86.93,86.67,86.83,0
2025-07-10 09:30:00,86.83000183105469,86.83999633789062,86.48500061035156,86.49500274658203,6344721
2025-07-10 10:30:00,86.5,86.73999786376953,86.49500274658203,86.73500061035156,2914687
2025-07-10 11:30:00,86.73500061035156,86.73999786376953,86.58499908447266,86.62999725341797,1895094
2025-07-10 12:30:00,86.625,86.78500366210938,86.58999633789062,86.70500183105469,3894150
2025-07-10 13:30:00,86.70999908447266,87.05999755859375,86.70500183105469,87.01499938964844,3494327
2025-07-10 14:30:00,87.02200317382812,87.05560302734375,86.90010070800781,86.96499633789062,2483828
2025-07-10 15:30:00,86.96990203857422,87.01000213623047,86.95999908447266,86.98999786376953,2087208
2025-07-10 16:00:00,86.99,87.0,86.9,86.9,0
2025-07-10 17:00:00,86.91,86.91,86.81,86.8801,0
2025-07-10 18:00:00,86.89,86.9,86.86,86.8803,0
2025-07-10 19:00:00,86.88,86.978,86.82,86.83,0
2025-07-11 04:00:00,86.58,86.59,86.44,86.46,0
2025-07-11 05:00:00,86.46,86.49,86.32,86.36,0
2025-07-11 06:00:00,86.36,86.44,86.32,86.44,0
2025-07-11 07:00:00,86.43,86.45,86.3,86.3,0
2025-07-11 08:00:00,86.339,86.99,86.3,86.45,0
2025-07-11 09:00:00,86.45,86.5,86.22,86.2297,0
2025-07-11 09:30:00,86.2300033569336,86.26860046386719,86.06500244140625,86.1449966430664,6748872
2025-07-11 10:30:00,86.1449966430664,86.19000244140625,86.0,86.05000305175781,4252061
2025-07-11 11:30:00,86.05999755859375,86.0999984741211,85.80120086669922,85.80999755859375,4537757
2025-07-11 12:30:00,85.81500244140625,85.9000015258789,85.66529846191406,85.8550033569336,5974349
2025-07-11 13:30:00,85.8595962524414,85.88999938964844,85.7699966430664,85.78669738769531,3383530
2025-07-11 14:30:00,85.78500366210938,85.80000305175781,85.6449966430664,85.66000366210938,3935748
2025-07-11 15:30:00,85.66999816894531,85.79000091552734,85.66000366210938,85.7699966430664,4731476
2025-07-11 16:00:00,85.77,85.81,81.1056,85.81,0
2025-07-11 17:00:00,85.8092,85.84,85.78,85.79,0
2025-07-11 18:00:00,85.78,85.82,85.77,85.8,0
2025-07-11 19:00:00,85.82,85.83,85.77,85.78,0
2025-07-14 04:00:00,85.66,85.67,85.49,85.52,0
2025-07-14 05:00:00,85.52,85.65,85.5,85.56,0
2025-07-14 06:00:00,85.57,85.63,85.55,85.62,0
2025-07-14 07:00:00,85.62,85.7,85.45,85.48,0
2025-07-14 08:00:00,85.51,85.69,85.31,85.4,0
2025-07-14 09:00:00,85.39,85.79,85.33,85.53,0
2025-07-14 09:30:00,85.54000091552734,85.87999725341797,85.5250015258789,85.55999755859375,7595338
2025-07-14 10:30:00,85.55329895019531,85.56500244140625,85.3499984741211,85.375,4462988
2025-07-14 11:30:00,85.375,85.4800033569336,85.31500244140625,85.46499633789062,3771523
2025-07-14 12:30:00,85.45999908447266,85.62000274658203,85.45999908447266,85.60009765625,2165548
2025-07-14 13:30:00,85.6050033569336,85.66999816894531,85.57499694824219,85.58499908447266,1921422
2025-07-14 14:30:00,85.58350372314453,85.61000061035156,85.52999877929688,85.59500122070312,1584892
2025-07-14 15:30:00,85.59500122070312,85.69000244140625,85.57360076904297,85.61000061035156,1969108
2025-07-14 16:00:00,85.61,85.62,85.4301,85.46,0
2025-07-14 17:00:00,85.4592,85.51,85.42,85.51,0
2025-07-14 18:00:00,85.49,85.56,85.47,85.56,0
2025-07-14 19:00:00,85.5101,85.6,85.4902,85.56,0
2025-07-15 04:00:00,85.77,85.81,85.73,85.79,0
2025-07-15 05:00:00,85.81,85.82,85.71,85.8,0
2025-07-15 06:00:00,85.8,85.83,85.75,85.8,0
2025-07-15 07:00:00,85.83,85.87,85.63,85.71,0
2025-07-15 08:00:00,85.72,85.84,85.46,85.74,0
2025-07-15 09:00:00,85.77,86.101,85.5897,85.88,0
2025-07-15 09:30:00,85.8949966430664,85.91000366210938,85.08000183105469,85.09729766845703,12363399
2025-07-15 10:30:00,85.08999633789062,85.19999694824219,84.95999908447266,84.9749984741211,7827367
2025-07-15 11:30:00,84.97000122070312,85.1050033569336,84.9000015258789,85.00499725341797,5369401
2025-07-15 12:30:00,85.01000213623047,85.0386962890625,84.94000244140625,84.94989776611328,3308387
2025-07-15 13:30:00,84.94499969482422,85.01000213623047,84.91000366210938,84.93000030517578,2232457
2025-07-15 14:30:00,84.93669891357422,84.97000122070312,84.91000366210938,84.94499969482422,2054425
2025-07-15 15:30:00,84.94499969482422,85.05000305175781,84.93499755859375,85.00499725341797,3320000
2025-07-15 16:00:00,85.0,89.2283,84.86,84.88,0
2025-07-15 17:00:00,84.87,85.03,84.86,85.019,0
2025-07-15 18:00:00,85.01,85.01,84.83,84.87,0
2025-07-15 19:00:00,84.8691,84.8996,84.81,84.8602,0
2025-07-16 04:00:00,85.01,85.05,84.93,84.98,0
2025-07-16 05:00:00,84.98,85.11,84.97,85.07,0
2025-07-16 06:00:00,85.07,85.16,85.07,85.16,0
2025-07-16 07:00:00,85.16,85.21,85.02,85.02,0
2025-07-16 08:00:00,85.02,85.22,84.9432,85.11,0
2025-07-16 09:00:00,85.16,85.42,85.01,85.28,0
2025-07-16 09:30:00,85.2750015258789,85.58000183105469,85.24500274658203,85.55500030517578,8252652
2025-07-16 10:30:00,85.55500030517578,85.65660095214844,84.43000030517578,84.63890075683594,20726187
2025-07-16 11:30:00,84.62999725341797,85.16999816894531,84.19000244140625,84.69999694824219,20395316
2025-07-16 12:30:00,84.69499969482422,84.87000274658203,84.48999786376953,84.86000061035156,4868565
2025-07-16 13:30:00,84.86000061035156,85.01000213623047,84.86000061035156,84.88990020751953,2777610
2025-07-16 14:30:00,84.88999938964844,85.05999755859375,84.88469696044922,85.03469848632812,2946436
2025-07-16 15:30:00,85.03990173339844,85.1500015258789,85.0,85.1449966430664,3459014
2025-07-16 16:00:00,85.145,85.15,85.0,85.03,0
2025-07-16 17:00:00,85.08,85.13,85.04,85.07,0
2025-07-16 18:00:00,85.1,85.1,84.98,85.04,0
2025-07-16 19:00:00,85.01,85.04,84.96,84.98,0
2025-07-17 04:00:00,84.67,84.79,84.65,84.76,0
2025-07-17 05:00:00,84.76,84.85,84.72,84.85,0
2025-07-17 06:00:00,84.83,84.93,84.83,84.91,0
2025-07-17 07:00:00,84.91,85.07,84.85,84.98,0
2025-07-17 08:00:00,84.99,85.13,84.6317,84.77,0
2025-07-17 09:00:00,84.75,85.26,84.63,85.2224,0
2025-07-17 09:30:00,85.220703125,85.4800033569336,85.0999984741211,85.37000274658203,9079949
2025-07-17 10:30:00,85.37020111083984,85.48500061035156,85.31500244140625,85.37000274658203,3845344
2025-07-17 11:30:00,85.37129974365234,85.37999725341797,85.19000244140625,85.25,3770717
2025-07-17 12:30:00,85.25,85.25499725341797,85.08499908447266,85.1050033569336,2654936
2025-07-17 13:30:00,85.0999984741211,85.1500015258789,84.98999786376953,85.08499908447266,3418443
2025-07-17 14:30:00,85.08499908447266,85.11499786376953,84.98999786376953,85.02469635009766,2545147
2025-07-17 15:30:00,85.02999877929688,85.1449966430664,85.02999877929688,85.0999984741211,3587001
2025-07-17 16:00:00,85.11,85.13,85.0201,85.1,0
2025-07-17 17:00:00,85.13,90.4351,85.1,85.2,0
2025-07-17 18:00:00,85.15,85.16,85.05,85.16,0
2025-07-17 19:00:00,85.1298,85.23,85.11,85.2296,0
2025-07-18 04:00:00,85.37,85.39,85.33,85.36,0
2025-07-18 05:00:00,85.37,85.38,85.24,85.25,0
2025-07-18 06:00:00,85.25,85.28,85.18,85.19,0
2025-07-18 07:00:00,85.21,85.35,85.21,85.34,0
2025-07-18 08:00:00,85.34,85.49,85.18,85.2897,0
2025-07-18 09:00:00,85.3,85.47,85.11,85.42,0
2025-07-18 09:30:00,85.42500305175781,85.45999908447266,85.2249984741211,85.29499816894531,5772823
2025-07-18 10:30:00,85.2947998046875,85.4000015258789,85.10009765625,85.3499984741211,3953598
2025-07-18 11:30:00,85.34500122070312,85.44999694824219,85.34500122070312,85.41000366210938,2933357
2025-07-18 12:30:00,85.41169738769531,85.44999694824219,85.3301010131836,85.33899688720703,2252549
2025-07-18 13:30:00,85.3301010131836,85.41999816894531,85.3301010131836,85.3550033569336,3138874
2025-07-18 14:30:00,85.35189819335938,85.36000061035156,85.2300033569336,85.2780990600586,4830668
2025-07-18 15:30:00,85.27850341796875,85.27999877929688,85.22000122070312,85.26000213623047,2359753
2025-07-18 16:00:00,85.24,85.39,85.24,85.38,0
2025-07-18 17:00:00,85.38,85.4,85.32,85.38,0
2025-07-18 18:00:00,85.36,85.38,85.34,85.34,0
2025-07-18 19:00:00,85.35,85.38,85.34,85.365,0
2025-07-21 04:00:00,85.76,85.9,85.76,85.88,0
2025-07-21 05:00:00,85.87,85.91,85.86,85.91,0
2025-07-21 06:00:00,85.9,85.94,85.87,85.92,0
2025-07-21 07:00:00,85.94,86.07,85.91,86.07,0
2025-07-21 08:00:00,86.07,86.2,85.24,86.12,0
2025-07-21 09:00:00,86.12,86.26,85.24,86.23,0
2025-07-21 09:30:00,86.21499633789062,86.44999694824219,86.0,86.375,9724949
2025-07-21 10:30:00,86.37239837646484,86.41999816894531,86.2750015258789,86.32499694824219,4350301
2025-07-21 11:30:00,86.33000183105469,86.50499725341797,86.33000183105469,86.36499786376953,3841498
2025-07-21 12:30:00,86.36499786376953,86.41500091552734,86.29000091552734,86.31500244140625,5285152
2025-07-21 13:30:00,86.31999969482422,86.34989929199219,86.22000122070312,86.26640319824219,3046032
2025-07-21 14:30:00,86.2699966430664,86.28610229492188,86.08999633789062,86.11499786376953,3243929
2025-07-21 15:30:00,86.11810302734375,86.1449966430664,85.95999908447266,86.01000213623047,3912043
2025-07-21 16:00:00,86.0,86.09,85.96,86.0,0
2025-07-21 17:00:00,86.07,86.07,85.95,86.015,0
2025-07-21 18:00:00,86.07,86.07,86.0,86.05,0
2025-07-21 19:00:00,86.05,86.14,86.05,86.08,0
2025-07-22 04:00:00,86.01,86.01,85.87,85.88,0
2025-07-22 05:00:00,85.87,85.88,85.78,85.8,0
2025-07-22 06:00:00,85.82,85.89,85.82,85.85,0
2025-07-22 07:00:00,85.85,85.85,85.75,85.78,0
2025-07-22 08:00:00,85.8,86.1,85.75,86.02,0
2025-07-22 09:00:00,86.02,86.24,85.99,86.18,0
2025-07-22 09:30:00,86.16500091552734,86.54000091552734,86.11000061035156,86.51000213623047,5752794
2025-07-22 10:30:00,86.51000213623047,86.73999786376953,86.42500305175781,86.64070129394531,7749115
2025-07-22 11:30:00,86.6449966430664,86.7699966430664,86.5999984741211,86.7300033569336,3224836
2025-07-22 12:30:00,86.7300033569336,86.7300033569336,86.61000061035156,86.6449966430664,3056504
2025-07-22 13:30:00,86.6500015258789,86.68000030517578,86.60399627685547,86.6063003540039,3279501
2025-07-22 14:30:00,86.6050033569336,86.69000244140625,86.56999969482422,86.58519744873047,1893158
2025-07-22 15:30:00,86.58499908447266,86.61000061035156,86.45999908447266,86.51000213623047,4411555
2025-07-22 16:00:00,86.51,86.54,81.9984,86.4399,0
2025-07-22 17:00:00,86.44,86.66,86.43,86.5,0
2025-07-22 18:00:00,86.43,86.44,86.37,86.37,0
2025-07-22 19:00:00,86.38,86.4,86.28,86.34,0
2025-07-23 04:00:00,85.99,86.0,85.95,85.95,0
2025-07-23 05:00:00,85.95,85.99,85.93,85.97,0
2025-07-23 06:00:00,85.97,86.08,85.97,86.08,0
2025-07-23 07:00:00,86.1,86.31,86.1,86.27,0
2025-07-23 08:00:00,86.28,86.3301,85.93,86.2,0
2025-07-23 09:00:00,86.21,86.21,85.97,86.05,0
2025-07-23 09:30:00,86.04000091552734,86.19999694824219,85.91999816894531,85.98999786376953,6249972
2025-07-23 10:30:00,85.98999786376953,86.15499877929688,85.98999786376953,86.08999633789062,3040303
2025-07-23 11:30:00,86.09500122070312,86.0999984741211,85.80999755859375,85.86499786376953,3971662
2025-07-23 12:30:00,85.86150360107422,86.05500030517578,85.78500366210938,85.87999725341797,3965185
2025-07-23 13:30:00,85.875,86.0999984741211,85.8125,86.08000183105469,2639266
2025-07-23 14:30:00,86.08499908447266,86.08999633789062,85.95999908447266,86.0,2845694
2025-07-23 15:30:00,86.00499725341797,86.02999877929688,85.94999694824219,86.0250015258789,2561491
2025-07-23 16:00:00,86.04,86.16,85.9801,86.13,0
2025-07-23 17:00:00,86.12,86.15,86.06,86.09,0
2025-07-23 18:00:00,86.1,86.1,86.05,86.061,0
2025-07-23 19:00:00,86.05,86.1,86.04,86.08,0
2025-07-24 04:00:00,85.88,85.93,85.79,85.92,0
2025-07-24 05:00:00,85.94,86.05,85.93,85.99,0
2025-07-24 06:00:00,86.01,86.03,85.84,85.84,0
2025-07-24 07:00:00,85.85,85.85,85.76,85.79,0
2025-07-24 08:00:00,85.789,86.03,85.72,85.77,0
2025-07-24 09:00:00,85.76,85.76,85.465,85.55,0
2025-07-24 09:30:00,85.55000305175781,85.96499633789062,85.51000213623047,85.83000183105469,7766489
2025-07-24 10:30:00,85.82929992675781,86.21649932861328,85.80000305175781,86.16999816894531,3894326
2025-07-24 11:30:00,86.17240142822266,86.21499633789062,85.95999908447266,86.06999969482422,2723902
2025-07-24 12:30:00,86.06999969482422,86.23629760742188,86.06590270996094,86.125,2841750
2025-07-24 13:30:00,86.125,86.22000122070312,86.0000991821289,86.00019836425781,1796728
2025-07-24 14:30:00,86.00499725341797,86.05989837646484,85.87999725341797,85.9000015258789,1454665
2025-07-24 15:30:00,85.9000015258789,85.91999816894531,85.81999969482422,85.91000366210938,3042370
2025-07-24 16:00:00,85.89,86.17,85.89,86.14,0
2025-07-24 17:00:00,86.14,86.1599,86.03,86.1,0
2025-07-24 18:00:00,86.1001,86.12,86.08,86.1002,0
2025-07-24 19:00:00,86.09,86.2,86.081,86.2,0
2025-07-25 04:00:00,86.0,86.0,85.87,85.94,0
2025-07-25 05:00:00,85.92,85.99,85.81,85.84,0
2025-07-25 06:00:00,85.85,85.89,85.82,85.83,0
2025-07-25 07:00:00,85.87,85.98,85.84,85.98,0
2025-07-25 08:00:00,85.97,86.39,85.81,85.94,0
2025-07-25 09:00:00,85.95,85.97,85.65,85.79,0
2025-07-25 09:30:00,85.80000305175781,85.96499633789062,85.72000122070312,85.79000091552734,5409094
2025-07-25 10:30:00,85.78500366210938,86.08499908447266,85.78500366210938,85.98500061035156,2743288
2025-07-25 11:30:00,85.99500274658203,86.22000122070312,85.96160125732422,86.21099853515625,2012840
2025-07-25 12:30:00,86.21499633789062,86.38999938964844,86.19999694824219,86.31500244140625,3474963
2025-07-25 13:30:00,86.31999969482422,86.37000274658203,86.28009796142578,86.35859680175781,2179354
2025-07-25 14:30:00,86.3550033569336,86.38999938964844,86.31009674072266,86.3781967163086,1966501
2025-07-25 15:30:00,86.37799835205078,86.44000244140625,86.31999969482422,86.41999816894531,4671625
2025-07-25 16:00:00,86.43,86.43,86.31,86.31,0
2025-07-25 17:00:00,86.32,86.41,81.1056,86.33,0
2025-07-25 18:00:00,86.3,86.42,86.28,86.35,0
2025-07-25 19:00:00,86.35,86.4,86.34,86.39,0
2025-07-28 04:00:00,86.43,86.58,86.43,86.56,0
2025-07-28 05:00:00,86.55,86.59,86.5,86.55,0
2025-07-28 06:00:00,86.57,86.59,86.41,86.41,0
2025-07-28 07:00:00,86.39,86.42,86.02,86.05,0
2025-07-28 08:00:00,86.05,86.57,85.92,86.12,0
2025-07-28 09:00:00,86.11,86.43,85.98,85.99,0
2025-07-28 09:30:00,86.0,86.19999694824219,85.83000183105469,86.07479858398438,6083379
2025-07-28 10:30:00,86.06999969482422,86.15499877929688,85.91000366210938,85.93949890136719,2527962
2025-07-28 11:30:00,85.94000244140625,86.03500366210938,85.93000030517578,85.94999694824219,1969922
2025-07-28 12:30:00,85.95999908447266,86.02999877929688,85.90499877929688,85.97219848632812,2444334
2025-07-28 13:30:00,85.9749984741211,86.04000091552734,85.87999725341797,85.94499969482422,2167261
2025-07-28 14:30:00,85.94329833984375,85.95999908447266,85.83000183105469,85.91000366210938,2925122
2025-07-28 15:30:00,85.90499877929688,85.91999816894531,85.8499984741211,85.87999725341797,2315849
2025-07-28 16:00:00,85.87,85.92,85.8402,85.8999,0
2025-07-28 17:00:00,85.895,85.9,85.8603,85.9,0
2025-07-28 18:00:00,85.92,85.93,85.8809,85.91,0
2025-07-28 19:00:00,85.92,85.97,85.9,85.97,0
2025-07-29 04:00:00,85.87,85.93,85.85,85.87,0
2025-07-29 05:00:00,85.88,85.92,85.88,85.88,0
2025-07-29 06:00:00,85.91,86.11,85.91,86.11,0
2025-07-29 07:00:00,86.11,86.27,86.09,86.24,0
2025-07-29 08:00:00,86.24,86.44,85.89,86.37,0
2025-07-29 09:00:00,86.39,86.48,86.1,86.24,0
2025-07-29 09:30:00,86.23500061035156,86.86000061035156,86.19999694824219,86.73999786376953,9580869
2025-07-29 10:30:00,86.73629760742188,87.02999877929688,86.72000122070312,87.01000213623047,6191411
2025-07-29 11:30:00,87.00499725341797,87.04000091552734,86.68499755859375,86.95500183105469,5052812
2025-07-29 12:30:00,86.94999694824219,87.25499725341797,86.94010162353516,87.15609741210938,5835369
2025-07-29 13:30:00,87.16000366210938,87.22000122070312,87.06999969482422,87.1050033569336,4067736
2025-07-29 14:30:00,87.11000061035156,87.26000213623047,87.06500244140625,87.25,3752824
2025-07-29 15:30:00,87.23999786376953,87.33999633789062,87.23999786376953,87.33000183105469,4442424
2025-07-29 16:00:00,87.32,87.34,87.25,87.305,0
2025-07-29 17:00:00,87.28,87.31,87.23,87.25,0
2025-07-29 18:00:00,87.26,87.31,87.23,87.23,0
2025-07-29 19:00:00,87.23,87.29,87.19,87.25,0
2025-07-30 04:00:00,87.19,87.25,87.17,87.21,0
2025-07-30 05:00:00,87.2,87.22,87.09,87.09,0
2025-07-30 06:00:00,87.09,87.21,87.08,87.2,0
2025-07-30 07:00:00,87.21,87.41,87.21,87.29,0
2025-07-30 08:00:00,87.27,87.41,86.951,87.13,0
2025-07-30 09:00:00,87.01,87.11,86.6,86.74,0
2025-07-30 09:30:00,86.75,86.8550033569336,86.6449966430664,86.79000091552734,7673602
2025-07-30 10:30:00,86.80500030517578,86.87000274658203,86.68000030517578,86.7249984741211,2779132
2025-07-30 11:30:00,86.72000122070312,86.83000183105469,86.63999938964844,86.80480194091797,2316604
2025-07-30 12:30:00,86.80000305175781,86.83999633789062,86.71320343017578,86.7699966430664,2158055
2025-07-30 13:30:00,86.77999877929688,86.94999694824219,86.75499725341797,86.88849639892578,4590853
2025-07-30 14:30:00,86.88999938964844,86.95999908447266,86.55999755859375,86.80999755859375,8256172
2025-07-30 15:30:00,86.80999755859375,86.86000061035156,86.71499633789062,86.83999633789062,5409358
2025-07-30 16:00:00,86.84,86.87,86.76,86.8,0
2025-07-30 17:00:00,86.77,86.83,86.74,86.8,0
2025-07-30 18:00:00,86.78,86.84,86.72,86.8,0
2025-07-30 19:00:00,86.8399,86.88,86.78,86.85,0
2025-07-31 04:00:00,87.13,87.22,87.13,87.2,0
2025-07-31 05:00:00,87.18,87.18,87.02,87.05,0
2025-07-31 06:00:00,87.04,87.07,86.98,87.0,0
2025-07-31 07:00:00,87.0,87.14,86.98,87.14,0
2025-07-31 08:00:00,87.14,87.32,86.97,87.18,0
2025-07-31 09:00:00,87.17,87.32,86.95,87.14,0
2025-07-31 09:30:00,87.125,87.22000122070312,87.01190185546875,87.09500122070312,8182094
2025-07-31 10:30:00,87.0999984741211,87.41000366210938,87.0250015258789,87.23999786376953,4524932
2025-07-31 11:30:00,87.24500274658203,87.33999633789062,87.1449966430664,87.16000366210938,4231915
2025-07-31 12:30:00,87.16500091552734,87.33999633789062,87.1050033569336,87.23500061035156,2390932
2025-07-31 13:30:00,87.23500061035156,87.31700134277344,87.01000213623047,87.03299713134766,2673898
2025-07-31 14:30:00,87.03500366210938,87.08999633789062,86.87999725341797,86.95449829101562,7236264
2025-07-31 15:30:00,86.95989990234375,87.12999725341797,86.83999633789062,86.91999816894531,14640683
2025-07-31 16:00:00,86.93,86.96,82.5841,86.785,0
2025-07-31 17:00:00,86.75,90.4351,86.75,86.83,0
2025-07-31 18:00:00,86.82,86.85,86.69,86.7,0
2025-07-31 19:00:00,86.7,86.8375,86.69,86.83,0
2025-08-01 04:00:00,86.34,86.35,86.25,86.26,0
2025-08-01 05:00:00,86.26,86.4,86.26,86.3,0
2025-08-01 06:00:00,86.31,86.33,86.03,86.06,0
2025-08-01 07:00:00,86.06,86.22,86.02,86.2,0
2025-08-01 08:00:00,86.19,86.92,85.94,86.1,0
2025-08-01 09:00:00,86.0,87.61,86.0,87.55,0
2025-08-01 09:30:00,87.62000274658203,87.84519958496094,87.5250015258789,87.7699966430664,24896262
2025-08-01 10:30:00,87.79000091552734,87.80000305175781,87.51499938964844,87.71499633789062,7372576
2025-08-01 11:30:00,87.71499633789062,87.83000183105469,87.62999725341797,87.7300033569336,4585521
2025-08-01 12:30:00,87.72699737548828,87.87999725341797,87.71499633789062,87.8572998046875,3973665
2025-08-01 13:30:00,87.8550033569336,87.88999938964844,87.72000122070312,87.84500122070312,4172274
2025-08-01 14:30:00,87.83999633789062,87.93000030517578,87.79000091552734,87.86499786376953,4359350
2025-08-01 15:30:00,87.86499786376953,87.91500091552734,87.7699966430664,87.81500244140625,5828269
2025-08-01 16:00:00,87.82,87.94,87.6275,87.64,0
2025-08-01 17:00:00,87.63,92.9881,87.59,87.75,0
2025-08-01 18:00:00,87.72,87.75,87.71,87.71,0
2025-08-01 19:00:00,87.72,87.79,87.71,87.79,0
2025-08-04 04:00:00,87.25,87.3,87.22,87.26,0
2025-08-04 05:00:00,87.25,87.32,87.2,87.31,0
2025-08-04 06:00:00,87.32,87.41,87.28,87.41,0
2025-08-04 07:00:00,87.39,87.56,87.39,87.54,0
2025-08-04 08:00:00,87.54,87.82,87.2032,87.77,0
2025-08-04 09:00:00,87.77,87.96,87.77,87.95,0
2025-08-04 09:30:00,87.9749984741211,88.0,87.69999694824219,87.77999877929688,9063249
2025-08-04 10:30:00,87.7750015258789,87.94499969482422,87.6500015258789,87.93000030517578,5006193
2025-08-04 11:30:00,87.93000030517578,88.1500015258789,87.875,88.08000183105469,4331534
2025-08-04 12:30:00,88.08000183105469,88.12000274658203,87.99500274658203,88.07499694824219,2939366
2025-08-04 13:30:00,88.06999969482422,88.11000061035156,88.0,88.01499938964844,2139118
2025-08-04 14:30:00,88.01349639892578,88.05999755859375,87.95999908447266,88.0,4099918
2025-08-04 15:30:00,87.99649810791016,88.04000091552734,87.97000122070312,88.04000091552734,4535240
2025-08-04 16:00:00,88.06,88.14,88.02,88.065,0
2025-08-04 17:00:00,88.07,88.14,88.05,88.0899,0
2025-08-04 18:00:00,88.06,88.12,88.01,88.11,0
2025-08-04 19:00:00,88.115,88.17,88.11,88.15,0
2025-08-05 04:00:00,88.03,88.03,87.89,87.92,0
2025-08-05 05:00:00,87.93,87.94,87.86,87.93,0
2025-08-05 06:00:00,87.92,87.96,87.88,87.9,0
2025-08-05 07:00:00,87.89,87.92,87.84,87.85,0
2025-08-05 08:00:00,87.84,88.17,87.77,87.88,0
2025-08-05 09:00:00,87.87,88.0,87.83,87.84,0
2025-08-05 09:30:00,87.83999633789062,88.19000244140625,87.77999877929688,88.15499877929688,7152559
2025-08-05 10:30:00,88.15499877929688,88.4198989868164,88.12000274658203,88.3499984741211,5491377
2025-08-05 11:30:00,88.34500122070312,88.44999694824219,88.12000274658203,88.21499633789062,4566990
2025-08-05 12:30:00,88.21499633789062,88.31999969482422,88.14009857177734,88.21499633789062,1866866
2025-08-05 13:30:00,88.21499633789062,88.30500030517578,88.14199829101562,88.29499816894531,2116446
2025-08-05 14:30:00,88.30000305175781,88.41000366210938,88.26000213623047,88.29499816894531,2470846
2025-08-05 15:30:00,88.29779815673828,88.3550033569336,88.2750015258789,88.33000183105469,2706464
2025-08-05 16:00:00,88.33,88.4,88.22,88.22,0
2025-08-05 17:00:00,88.23,88.23,88.14,88.15,0
2025-08-05 18:00:00,88.15,88.28,88.15,88.239,0
2025-08-05 19:00:00,88.215,88.28,88.14,88.1784,0
2025-08-06 04:00:00,88.01,88.01,87.86,87.86,0
2025-08-06 05:00:00,87.86,87.87,87.73,87.81,0
2025-08-06 06:00:00,87.81,87.84,87.77,87.8,0
2025-08-06 07:00:00,87.79,87.84,87.73,87.83,0
2025-08-06 08:00:00,87.84,88.01,87.7499,87.9,0
2025-08-06 09:00:00,87.91,87.96,87.81,87.859,0
2025-08-06 09:30:00,87.8499984741211,88.0199966430664,87.80000305175781,87.98989868164062,4017545
2025-08-06 10:30:00,87.9800033569336,88.04499816894531,87.79000091552734,87.8949966430664,3510060
2025-08-06 11:30:00,87.89299774169922,87.8949966430664,86.91999816894531,87.77999877929688,15533120
2025-08-06 12:30:00,87.77999877929688,87.79499816894531,87.44999694824219,87.5199966430664,5339957
2025-08-06 13:30:00,87.5199966430664,87.7300033569336,87.4800033569336,87.72989654541016,3731597
2025-08-06 14:30:00,87.7249984741211,87.88999938964844,87.72000122070312,87.83000183105469,3537826
2025-08-06 15:30:00,87.82499694824219,87.8499984741211,87.75389862060547,87.80500030517578,3005901
2025-08-06 16:00:00,87.82,87.83,87.53,87.69,0
2025-08-06 17:00:00,87.74,87.81,87.66,87.72,0
2025-08-06 18:00:00,87.74,87.76,87.68,87.74,0
2025-08-06 19:00:00,87.74,87.76,87.69,87.71,0
2025-08-07 04:00:00,87.8,87.85,87.77,87.8,0
2025-08-07 05:00:00,87.8,87.92,87.78,87.89,0
2025-08-07 06:00:00,87.88,87.9,87.81,87.82,0
2025-08-07 07:00:00,87.82,87.83,87.7,87.79,0
2025-08-07 08:00:00,87.8,87.95,87.62,87.87,0
2025-08-07 09:00:00,87.92,88.07,87.82,87.91,0
2025-08-07 09:30:00,87.91500091552734,88.19989776611328,87.86000061035156,88.09390258789062,5687341
2025-08-07 10:30:00,88.11000061035156,88.25,88.05999755859375,88.06500244140625,3402800
2025-08-07 11:30:00,88.06199645996094,88.20999908447266,88.03009796142578,88.08650207519531,5155128
2025-08-07 12:30:00,88.0833969116211,88.09110260009766,87.58999633789062,87.73390197753906,5065202
2025-08-07 13:30:00,87.73500061035156,87.85990142822266,87.6500015258789,87.7300033569336,3837493
2025-08-07 14:30:00,87.7300033569336,87.81999969482422,87.66999816894531,87.75,1580612
2025-08-07 15:30:00,87.76000213623047,87.80000305175781,87.66000366210938,87.68000030517578,3352738
2025-08-07 16:00:00,87.67,87.76,87.6,87.67,0
2025-08-07 17:00:00,87.66,87.78,87.63,87.72,0
2025-08-07 18:00:00,87.7,87.74,87.66,87.73,0
2025-08-07 19:00:00,87.73,87.73,87.66,87.7,0
2025-08-08 04:00:00,87.68,87.72,87.65,87.7,0
2025-08-08 05:00:00,87.71,87.71,87.61,87.67,0
2025-08-08 06:00:00,87.67,87.72,87.66,87.68,0
2025-08-08 07:00:00,87.7,87.72,87.63,87.67,0
2025-08-08 08:00:00,87.67,87.76,87.42,87.5,0
2025-08-08 09:00:00,87.5,87.6,87.3203,87.35,0
2025-08-08 09:30:00,87.35040283203125,87.38500213623047,87.18000030517578,87.29499816894531,6057814
2025-08-08 10:30:00,87.30000305175781,87.30999755859375,87.17410278320312,87.19319915771484,1925263
2025-08-08 11:30:00,87.19000244140625,87.26000213623047,87.15460205078125,87.21499633789062,2466481
2025-08-08 12:30:00,87.21499633789062,87.26499938964844,87.19000244140625,87.2333984375,1429275
2025-08-08 13:30:00,87.23500061035156,87.29000091552734,87.2300033569336,87.23999786376953,1909982
2025-08-08 14:30:00,87.23989868164062,87.2699966430664,87.20500183105469,87.2300033569336,2004958
2025-08-08 15:30:00,87.2301025390625,87.30999755859375,87.19999694824219,87.29000091552734,2730476
2025-08-08 16:00:00,87.29,87.31,86.1432,87.31,0
2025-08-08 17:00:00,87.28,87.329,87.2718,87.3199,0
2025-08-08 18:00:00,87.315,87.32,87.2,87.27,0
2025-08-08 19:00:00,87.29,87.34,87.23,87.23,0
2025-08-11 04:00:00,87.49,87.76,87.49,87.73,0
2025-08-11 05:00:00,87.72,87.73,87.65,87.66,0
2025-08-11 06:00:00,87.66,87.71,87.59,87.61,0
2025-08-11 07:00:00,87.61,87.62,87.47,87.48,0
2025-08-11 08:00:00,87.49,87.7488,87.29,87.51,0
2025-08-11 09:00:00,87.5101,87.67,87.29,87.55,0
2025-08-11 09:30:00,87.54000091552734,87.5999984741211,87.375,87.5,4797274
2025-08-11 10:30:00,87.5,87.5999984741211,87.42320251464844,87.48999786376953,3286651
2025-08-11 11:30:00,87.48999786376953,87.66000366210938,87.44000244140625,87.625,1890520
2025-08-11 12:30:00,87.62999725341797,87.66999816894531,87.5199966430664,87.55989837646484,1329610
2025-08-11 13:30:00,87.55000305175781,87.57499694824219,87.44000244140625,87.44999694824219,1575821
2025-08-11 14:30:00,87.44999694824219,87.50990295410156,87.27999877929688,87.4000015258789,2036268
2025-08-11 15:30:00,87.4000015258789,87.44999694824219,87.34500122070312,87.41000366210938,3083581
2025-08-11 16:00:00,87.405,87.405,87.28,87.285,0
2025-08-11 17:00:00,87.2873,87.39,87.2873,87.34,0
2025-08-11 18:00:00,87.31,87.31,87.22,87.27,0
2025-08-11 19:00:00,87.27,87.32,87.22,87.27,0
2025-08-12 04:00:00,87.33,87.35,87.3,87.34,0
2025-08-12 05:00:00,87.32,87.42,87.32,87.38,0
2025-08-12 06:00:00,87.38,87.43,87.25,87.25,0
2025-08-12 07:00:00,87.25,87.28,87.171,87.2,0
2025-08-12 08:00:00,87.2,87.43,87.0897,87.15,0
2025-08-12 09:00:00,87.21,87.71,86.85,86.89,0
2025-08-12 09:30:00,86.89299774169922,86.95999908447266,86.55000305175781,86.61000061035156,14311852
2025-08-12 10:30:00,86.61499786376953,86.88500213623047,86.61000061035156,86.79620361328125,5827839
2025-08-12 11:30:00,86.79000091552734,86.8550033569336,86.66000366210938,86.81999969482422,6140625
2025-08-12 12:30:00,86.82499694824219,86.91000366210938,86.80000305175781,86.82499694824219,3026878
2025-08-12 13:30:00,86.82499694824219,86.87999725341797,86.78500366210938,86.81999969482422,2510877
2025-08-12 14:30:00,86.818603515625,86.91000366210938,86.80999755859375,86.88500213623047,2020625
2025-08-12 15:30:00,86.87999725341797,86.96810150146484,86.8550033569336,86.93000030517578,3027007
2025-08-12 16:00:00,86.931,87.01,86.93,86.9301,0
2025-08-12 17:00:00,86.9401,86.99,86.89,86.96,0
2025-08-12 18:00:00,86.94,86.96,86.86,86.96,0
2025-08-12 19:00:00,86.96,86.96,86.82,86.9,0
2025-08-13 04:00:00,87.36,87.47,87.35,87.47,0
2025-08-13 05:00:00,87.46,87.48,87.42,87.47,0
2025-08-13 06:00:00,87.47,87.55,87.43,87.52,0
2025-08-13 07:00:00,87.52,87.52,87.39,87.4,0
2025-08-13 08:00:00,87.4,87.53,86.95,87.38,0
2025-08-13 09:00:00,87.3898,87.5,87.31,87.45,0
2025-08-13 09:30:00,87.44499969482422,87.69000244140625,87.42520141601562,87.6449966430664,7482280
2025-08-13 10:30:00,87.6500015258789,87.80999755859375,87.62349700927734,87.7249984741211,4651986
2025-08-13 11:30:00,87.7249984741211,87.77989959716797,87.68000030517578,87.75499725341797,2252226
2025-08-13 12:30:00,87.75499725341797,87.77999877929688,87.7249984741211,87.75499725341797,1958026
2025-08-13 13:30:00,87.75990295410156,87.76000213623047,87.63999938964844,87.68499755859375,2845932
2025-08-13 14:30:00,87.68499755859375,87.70999908447266,87.6050033569336,87.66010284423828,2405835
2025-08-13 15:30:00,87.66829681396484,87.69999694824219,87.63009643554688,87.68000030517578,2397388
2025-08-13 16:00:00,87.67,87.71,87.66,87.71,0
2025-08-13 17:00:00,87.69,87.75,87.67,87.7,0
2025-08-13 18:00:00,87.69,87.709,87.65,87.6808,0
2025-08-13 19:00:00,87.6597,87.68,87.65,87.68,0
2025-08-14 04:00:00,87.94,88.02,87.93,88.01,0
2025-08-14 05:00:00,88.04,88.12,88.02,88.1,0
2025-08-14 06:00:00,88.09,88.1,87.97,88.03,0
2025-08-14 07:00:00,88.02,88.1,87.99,88.07,0
2025-08-14 08:00:00,88.07,88.14,87.61,88.09,0
2025-08-14 09:00:00,88.05,88.05,87.49,87.51,0
2025-08-14 09:30:00,87.50499725341797,87.51000213623047,87.37999725341797,87.40499877929688,6707117
2025-08-14 10:30:00,87.40499877929688,87.44999694824219,87.12000274658203,87.13999938964844,3560477
2025-08-14 11:30:00,87.13999938964844,87.16000366210938,86.88999938964844,86.93000030517578,5072373
2025-08-14 12:30:00,86.9542007446289,87.07559967041016,86.91000366210938,87.04499816894531,3503684
2025-08-14 13:30:00,87.05000305175781,87.05999755859375,86.91999816894531,86.92500305175781,2233660
2025-08-14 14:30:00,86.92530059814453,86.9800033569336,86.88999938964844,86.96499633789062,3224147
2025-08-14 15:30:00,86.96499633789062,87.0199966430664,86.94999694824219,87.01000213623047,3265774
2025-08-14 16:00:00,87.01,90.4351,86.98,87.0,0
2025-08-14 17:00:00,87.02,87.07,87.01,87.0571,0
2025-08-14 18:00:00,87.03,87.07,86.95,87.045,0
2025-08-14 19:00:00,87.04,87.06,86.99,87.04,0
2025-08-15 04:00:00,87.05,87.08,87.04,87.06,0
2025-08-15 05:00:00,87.05,87.12,87.03,87.04,0
2025-08-15 06:00:00,87.03,87.04,86.91,86.94,0
2025-08-15 07:00:00,86.96,86.96,86.9,86.939,0
2025-08-15 08:00:00,86.95,87.3,86.81,86.83,0
2025-08-15 09:00:00,86.87,87.02,86.63,86.66,0
2025-08-15 09:30:00,86.65499877929688,86.7699966430664,86.57019805908203,86.6781005859375,6798886
2025-08-15 10:30:00,86.66999816894531,86.77999877929688,86.62999725341797,86.6500015258789,4252290
2025-08-15 11:30:00,86.67500305175781,86.69000244140625,86.4000015258789,86.44000244140625,5457738
2025-08-15 12:30:00,86.44000244140625,86.44499969482422,86.29000091552734,86.30500030517578,3657722
2025-08-15 13:30:00,86.30500030517578,86.36000061035156,86.25,86.33499908447266,4132436
2025-08-15 14:30:00,86.33499908447266,86.38999938964844,86.33000183105469,86.3550033569336,2480291
2025-08-15 15:30:00,86.3499984741211,86.43000030517578,86.3499984741211,86.41000366210938,4139237
2025-08-15 16:00:00,86.4,86.48,86.3478,86.4297,0
2025-08-15 17:00:00,86.42,86.54,86.4,86.472,0
2025-08-15 18:00:00,86.49,86.5,86.42,86.4999,0
2025-08-15 19:00:00,86.5,86.5,86.43,86.5,0
2025-08-18 04:00:00,86.82,86.85,86.81,86.84,0
2025-08-18 05:00:00,86.83,86.87,86.8,86.81,0
2025-08-18 06:00:00,86.81,86.82,86.75,86.78,0
2025-08-18 07:00:00,86.77,86.8,86.72,86.79,0
2025-08-18 08:00:00,86.79,86.89,86.53,86.54,0
2025-08-18 09:00:00,86.52,86.7,86.4,86.48,0
2025-08-18 09:30:00,86.5,86.54000091552734,86.31999969482422,86.35199737548828,5431745
2025-08-18 10:30:00,86.35350036621094,86.35649871826172,86.0199966430664,86.03849792480469,4200189
2025-08-18 11:30:00,86.03500366210938,86.16999816894531,85.98500061035156,86.13999938964844,4185159
2025-08-18 12:30:00,86.1449966430664,86.25,86.14459991455078,86.19999694824219,1687140
2025-08-18 13:30:00,86.19000244140625,86.20999908447266,86.0999984741211,86.1500015258789,1244929
2025-08-18 14:30:00,86.13999938964844,86.22000122070312,86.12000274658203,86.18000030517578,2146886
2025-08-18 15:30:00,86.16999816894531,86.18499755859375,86.12999725341797,86.16500091552734,2208038
2025-08-18 16:00:00,86.15,86.26,86.13,86.24,0
2025-08-18 17:00:00,86.25,86.26,86.15,86.26,0
2025-08-18 18:00:00,86.26,86.29,86.22,86.27,0
2025-08-18 19:00:00,86.27,86.27,86.201,86.24,0
2025-08-19 04:00:00,86.11,86.21,86.09,86.21,0
2025-08-19 05:00:00,86.2,86.29,86.15,86.29,0
2025-08-19 06:00:00,86.29,86.43,86.29,86.4,0
2025-08-19 07:00:00,86.41,86.42,86.3,86.36,0
2025-08-19 08:00:00,86.35,86.47,86.1012,86.42,0
2025-08-19 09:00:00,86.43,86.55,86.39,86.47,0
2025-08-19 09:30:00,86.44999694824219,86.63999938964844,86.44999694824219,86.55000305175781,5325725
2025-08-19 10:30:00,86.55500030517578,86.61000061035156,86.5199966430664,86.55999755859375,3242406
2025-08-19 11:30:00,86.55500030517578,86.63999938964844,86.5199966430664,86.5780029296875,2878387
2025-08-19 12:30:00,86.57990264892578,86.7300033569336,86.55000305175781,86.71499633789062,3332717
2025-08-19 13:30:00,86.72000122070312,86.75,86.69000244140625,86.72000122070312,2142639
2025-08-19 14:30:00,86.7249984741211,86.73999786376953,86.6500015258789,86.69999694824219,1578195
2025-08-19 15:30:00,86.69000244140625,86.7300033569336,86.66010284423828,86.69499969482422,3951154
2025-08-19 16:00:00,86.65,86.68,81.9984,86.61,0
2025-08-19 17:00:00,86.61,86.62,86.57,86.57,0
2025-08-19 18:00:00,86.57,86.61,86.54,86.55,0
2025-08-19 19:00:00,86.55,86.57,86.51,86.54,0
2025-08-20 04:00:00,86.61,86.61,86.38,86.6,0
2025-08-20 05:00:00,86.59,86.75,86.59,86.72,0
2025-08-20 06:00:00,86.73,86.86,86.72,86.86,0
2025-08-20 07:00:00,86.85,86.88,86.7,86.75,0
2025-08-20 08:00:00,86.72,86.8896,86.4,86.69,0
2025-08-20 09:00:00,86.69,86.71,86.56,86.59,0
2025-08-20 09:30:00,86.58999633789062,86.81999969482422,86.5624008178711,86.76000213623047,4726908
2025-08-20 10:30:00,86.76000213623047,86.89929962158203,86.72000122070312,86.73500061035156,3300299
2025-08-20 11:30:00,86.73999786376953,86.88619995117188,86.72010040283203,86.82499694824219,2277992
2025-08-20 12:30:00,86.82499694824219,86.96499633789062,86.69999694824219,86.95500183105469,4353813
2025-08-20 13:30:00,86.95500183105469,86.95999908447266,86.71499633789062,86.75499725341797,2454543
2025-08-20 14:30:00,86.75499725341797,86.82540130615234,86.66999816894531,86.80999755859375,3194862
2025-08-20 15:30:00,86.80829620361328,86.8949966430664,86.80500030517578,86.8499984741211,2224607
2025-08-20 16:00:00,86.84,86.84,86.75,86.75,0
2025-08-20 17:00:00,86.8,86.84,86.7,86.81,0
2025-08-20 18:00:00,86.77,86.84,86.77,86.82,0
2025-08-20 19:00:00,86.84,86.84,86.75,86.8,0
2025-08-21 04:00:00,86.67,86.68,86.52,86.59,0
2025-08-21 05:00:00,86.59,86.6,86.54,86.6,0
2025-08-21 06:00:00,86.6,86.61,86.5,86.53,0
2025-08-21 07:00:00,86.52,86.58,86.47,86.55,0
2025-08-21 08:00:00,86.53,86.84,86.37,86.44,0
2025-08-21 09:00:00,86.49,86.84,86.35,86.58,0
2025-08-21 09:30:00,86.58000183105469,86.67500305175781,86.23999786376953,86.27999877929688,7824988
2025-08-21 10:30:00,86.27349853515625,86.41500091552734,86.16999816894531,86.22000122070312,4019961
2025-08-21 11:30:00,86.21499633789062,86.2249984741211,86.1050033569336,86.1449966430664,4232229
2025-08-21 12:30:00,86.13999938964844,86.48500061035156,86.11000061035156,86.41999816894531,3356275
2025-08-21 13:30:00,86.42500305175781,86.47000122070312,86.4000015258789,86.43000030517578,2271136
2025-08-21 14:30:00,86.43000030517578,86.44000244140625,86.36229705810547,86.38500213623047,1512011
2025-08-21 15:30:00,86.38999938964844,86.41999816894531,86.37370300292969,86.4000015258789,1997659
2025-08-21 16:00:00,86.41,86.5,86.41,86.47,0
2025-08-21 17:00:00,86.47,86.49,86.42,86.42,0
2025-08-21 18:00:00,86.45,86.49,86.41,86.47,0
2025-08-21 19:00:00,86.47,86.47,86.42,86.43,0
2025-08-22 04:00:00,86.5,86.5,86.34,86.34,0
2025-08-22 05:00:00,86.34,86.39,86.34,86.35,0
2025-08-22 06:00:00,86.35,86.42,86.33,86.41,0
2025-08-22 07:00:00,86.42,86.45,86.4,86.42,0
2025-08-22 08:00:00,86.42,86.66,86.33,86.64,0
2025-08-22 09:00:00,86.65,86.85,86.59,86.83,0
2025-08-22 09:30:00,86.82980346679688,87.25499725341797,86.72029876708984,86.91000366210938,13920972
2025-08-22 10:30:00,86.91000366210938,87.302001953125,86.7249984741211,87.19499969482422,8603680
2025-08-22 11:30:00,87.19000244140625,87.23750305175781,87.00499725341797,87.03500366210938,5223010
2025-08-22 12:30:00,87.03350067138672,87.1500015258789,86.98500061035156,87.01499938964844,3630770
2025-08-22 13:30:00,87.01499938964844,87.05000305175781,86.9625015258789,87.04499816894531,2277448
2025-08-22 14:30:00,87.04000091552734,87.06999969482422,86.96369934082031,87.05500030517578,2993015
2025-08-22 15:30:00,87.05999755859375,87.05999755859375,86.97000122070312,87.04499816894531,4788997
2025-08-22 16:00:00,87.05,87.13,86.1432,87.06,0
2025-08-22 17:00:00,87.08,87.08,81.1056,86.96,0
2025-08-22 18:00:00,86.96,87.02,86.95,87.0,0
2025-08-22 19:00:00,87.02,87.04,87.0,87.03,0
2025-08-25 04:00:00,86.78,86.79,86.68,86.69,0
2025-08-25 05:00:00,86.69,86.7,86.63,86.69,0
2025-08-25 06:00:00,86.69,86.74,86.52,86.67,0
2025-08-25 07:00:00,86.67,86.77,86.56,86.74,0
2025-08-25 08:00:00,86.75,87.05,86.5696,86.67,0
2025-08-25 09:00:00,86.67,87.05,86.63,86.74,0
2025-08-25 09:30:00,86.7300033569336,86.73999786376953,86.65499877929688,86.69999694824219,4935834
2025-08-25 10:30:00,86.70989990234375,86.94999694824219,86.66000366210938,86.88999938964844,3068088
2025-08-25 11:30:00,86.87999725341797,86.9000015258789,86.7750015258789,86.83740234375,2336858
2025-08-25 12:30:00,86.83499908447266,86.9800033569336,86.78630065917969,86.93499755859375,2309690
2025-08-25 13:30:00,86.93000030517578,87.02999877929688,86.9000015258789,87.01499938964844,1770354
2025-08-25 14:30:00,87.01499938964844,87.05000305175781,86.84320068359375,86.875,2027875
2025-08-25 15:30:00,86.875,86.88999938964844,86.80000305175781,86.80500030517578,4034855
2025-08-25 16:00:00,86.81,86.93,86.8,86.93,0
2025-08-25 17:00:00,86.94,86.95,86.8,86.95,0
2025-08-25 18:00:00,86.93,86.98,86.8,86.96,0
2025-08-25 19:00:00,86.97,86.97,86.88,86.9,0
2025-08-26 04:00:00,86.34,86.39,86.32,86.33,0
2025-08-26 05:00:00,86.34,86.38,86.3,86.33,0
2025-08-26 06:00:00,86.33,86.42,86.31,86.37,0
2025-08-26 07:00:00,86.37,86.45,86.36,86.44,0
2025-08-26 08:00:00,86.45,86.8,86.31,86.63,0
2025-08-26 09:00:00,86.62,86.8,86.42,86.51,0
2025-08-26 09:30:00,86.51000213623047,86.57499694824219,86.23500061035156,86.30999755859375,8308511
2025-08-26 10:30:00,86.30999755859375,86.54000091552734,86.2229995727539,86.4749984741211,4705450
2025-08-26 11:30:00,86.4738998413086,86.63999938964844,86.39009857177734,86.62999725341797,3590385
2025-08-26 12:30:00,86.62999725341797,86.72000122070312,86.58999633789062,86.69499969482422,3644690
2025-08-26 13:30:00,86.69499969482422,86.76730346679688,86.5999984741211,86.61499786376953,2471020
2025-08-26 14:30:00,86.61000061035156,86.73999786376953,86.61000061035156,86.73699951171875,2072039
2025-08-26 15:30:00,86.73500061035156,86.79000091552734,86.69010162353516,86.73999786376953,2804210
2025-08-26 16:00:00,86.75,86.75,86.5,86.56,0
2025-08-26 17:00:00,86.56,86.62,86.5,86.5793,0
2025-08-26 18:00:00,86.56,86.63,86.5101,86.569,0
2025-08-26 19:00:00,86.57,86.57,86.52,86.53,0
2025-08-27 04:00:00,86.62,86.67,86.59,86.61,0
2025-08-27 05:00:00,86.62,86.73,86.62,86.69,0
2025-08-27 06:00:00,86.7,86.7,86.47,86.48,0
2025-08-27 07:00:00,86.48,86.54,86.39,86.42,0
2025-08-27 08:00:00,86.41,86.72,86.25,86.26,0
2025-08-27 09:00:00,86.25,86.3,86.0,86.105,0
2025-08-27 09:30:00,86.1011962890625,86.27999877929688,86.0,86.17500305175781,10765379
2025-08-27 10:30:00,86.16999816894531,86.50499725341797,86.05000305175781,86.3499984741211,6277893
2025-08-27 11:30:00,86.34500122070312,86.37000274658203,86.1449966430664,86.20999908447266,3423717
2025-08-27 12:30:00,86.22000122070312,86.5250015258789,86.22000122070312,86.47019958496094,4668179
2025-08-27 13:30:00,86.47129821777344,86.66000366210938,86.47129821777344,86.6449966430664,3511471
2025-08-27 14:30:00,86.6449966430664,86.66000366210938,86.58000183105469,86.6050033569336,2806308
2025-08-27 15:30:00,86.60269927978516,86.66000366210938,86.55999755859375,86.625,3247147
2025-08-27 16:00:00,86.64,86.67,86.48,86.54,0
2025-08-27 17:00:00,86.54,86.63,86.51,86.57,0
2025-08-27 18:00:00,86.57,86.6,86.52,86.5501,0
2025-08-27 19:00:00,86.56,86.66,86.55,86.63,0
2025-08-28 04:00:00,86.86,86.97,86.86,86.88,0
2025-08-28 05:00:00,86.89,86.99,86.74,86.77,0
2025-08-28 06:00:00,86.77,86.82,86.69,86.75,0
2025-08-28 07:00:00,86.75,86.78,86.68,86.71,0
2025-08-28 08:00:00,86.7,86.98,86.65,86.73,0
2025-08-28 09:00:00,86.7,91.31,86.55,86.78,0
2025-08-28 09:30:00,86.77999877929688,86.94650268554688,86.68000030517578,86.94000244140625,6302359
2025-08-28 10:30:00,86.94499969482422,87.12999725341797,86.86009979248047,87.08999633789062,3202662
2025-08-28 11:30:00,87.08000183105469,87.2249984741211,87.05000305175781,87.09500122070312,3053062
2025-08-28 12:30:00,87.0999984741211,87.26000213623047,86.9312973022461,87.19000244140625,3955376
2025-08-28 13:30:00,87.19999694824219,87.24500274658203,87.0999984741211,87.1500015258789,3348649
2025-08-28 14:30:00,87.1436996459961,87.25,87.12000274658203,87.15499877929688,2390230
2025-08-28 15:30:00,87.16000366210938,87.23999786376953,87.11000061035156,87.22000122070312,3716244
2025-08-28 16:00:00,87.22,87.24,87.14,87.14,0
2025-08-28 17:00:00,87.15,90.4351,82.5841,87.15,0
2025-08-28 18:00:00,87.17,87.1999,87.1,87.18,0
2025-08-28 19:00:00,87.14,87.2,87.14,87.16,0
2025-08-29 04:00:00,87.04,87.04,86.78,86.85,0
2025-08-29 05:00:00,86.85,86.89,86.79,86.82,0
2025-08-29 06:00:00,86.81,86.88,86.81,86.87,0
2025-08-29 07:00:00,86.88,86.89,86.84,86.88,0
2025-08-29 08:00:00,86.88,87.0,86.77,86.84,0
2025-08-29 09:00:00,86.84,87.07,86.68,86.77,0
2025-08-29 09:30:00,86.77999877929688,86.86000061035156,86.68419647216797,86.70500183105469,6795718
2025-08-29 10:30:00,86.70500183105469,86.82499694824219,86.44000244140625,86.47949981689453,5794926
2025-08-29 11:30:00,86.4749984741211,86.74710083007812,86.47350311279297,86.7249984741211,4164141
2025-08-29 12:30:00,86.7300033569336,86.80500030517578,86.68000030517578,86.7699966430664,2612386
2025-08-29 13:30:00,86.77999877929688,86.80999755859375,86.66999816894531,86.66999816894531,2312341
2025-08-29 14:30:00,86.67990112304688,86.73999786376953,86.62999725341797,86.6449966430664,3744770
2025-08-29 15:30:00,86.6500015258789,86.80999755859375,86.5,86.58999633789062,10689284
2025-08-29 16:00:00,86.6,86.61,86.46,86.54,0
2025-08-29 17:00:00,86.54,86.57,86.4,86.52,0
2025-08-29 18:00:00,86.4701,86.53,86.43,86.5103,0
2025-08-29 19:00:00,86.51,86.55,86.48,86.48,0
2025-09-02 04:00:00,85.91,85.91,85.59,85.69,0
2025-09-02 05:00:00,85.69,85.69,85.55,85.56,0
2025-09-02 06:00:00,85.58,85.61,85.52,85.57,0
2025-09-02 07:00:00,85.56,85.58,85.5,85.52,0
2025-09-02 08:00:00,85.52,86.6,85.32,85.34,0
2025-09-02 09:00:00,85.33,86.6,85.25,85.63,0
2025-09-02 09:30:00,85.625,85.83499908447266,85.58000183105469,85.71499633789062,15036122
2025-09-02 10:30:00,85.71499633789062,85.81500244140625,85.55500030517578,85.57279968261719,7054010
2025-09-02 11:30:00,85.57499694824219,85.5999984741211,85.5199966430664,85.54000091552734,4916317
2025-09-02 12:30:00,85.54000091552734,85.66999816894531,85.5,85.63500213623047,3494692
2025-09-02 13:30:00,85.6353988647461,85.6449966430664,85.4800033569336,85.58000183105469,3628642
2025-09-02 14:30:00,85.57499694824219,85.63999938964844,85.5199966430664,85.56999969482422,3422428
2025-09-02 15:30:00,85.55999755859375,85.66000366210938,85.55000305175781,85.63999938964844,4503170
2025-09-02 16:00:00,85.65,85.72,85.58,85.72,0
2025-09-02 17:00:00,85.74,85.74,81.9984,85.67,0
2025-09-02 18:00:00,85.7,85.72,85.6705,85.7,0
2025-09-02 19:00:00,85.67,85.69,85.63,85.63,0
2025-09-03 04:00:00,85.38,85.51,85.37,85.48,0
2025-09-03 05:00:00,85.48,85.48,85.4,85.43,0
2025-09-03 06:00:00,85.43,85.6,85.43,85.54,0
2025-09-03 07:00:00,85.55,85.68,85.51,85.61,0
2025-09-03 08:00:00,85.63,85.81,85.26,85.66,0
2025-09-03 09:00:00,85.6599,85.9676,85.6298,85.94,0
2025-09-03 09:30:00,85.92009735107422,86.56500244140625,85.8949966430664,86.41000366210938,12275262
2025-09-03 10:30:00,86.41799926757812,86.63999938964844,86.36499786376953,86.56500244140625,5718390
2025-09-03 11:30:00,86.56500244140625,86.73999786376953,86.5250015258789,86.6500015258789,5392178
2025-09-03 12:30:00,86.6500015258789,86.80999755859375,86.6500015258789,86.74500274658203,4495977
2025-09-03 13:30:00,86.73999786376953,86.74500274658203,86.61499786376953,86.7428970336914,3612774
2025-09-03 14:30:00,86.74500274658203,86.80999755859375,86.62329864501953,86.63999938964844,4149550
2025-09-03 15:30:00,86.63990020751953,86.66000366210938,86.56999969482422,86.58000183105469,6294370
2025-09-03 16:00:00,86.58,86.655,86.54,86.6,0
2025-09-03 17:00:00,86.6195,86.62,86.54,86.56,0
2025-09-03 18:00:00,86.59,86.62,86.55,86.6,0
2025-09-03 19:00:00,86.6,86.6697,86.6,86.6697,0
2025-09-04 04:00:00,86.75,86.83,86.75,86.77,0
2025-09-04 05:00:00,86.77,86.87,86.77,86.87,0
2025-09-04 06:00:00,86.87,86.95,86.87,86.93,0
2025-09-04 07:00:00,86.95,86.98,86.86,86.94,0
2025-09-04 08:00:00,86.94,87.28,86.6,86.9,0
2025-09-04 09:00:00,87.08,87.21,86.96,87.02,0
2025-09-04 09:30:00,87.0199966430664,87.08000183105469,86.78209686279297,86.87000274658203,10718037
2025-09-04 10:30:00,86.875,86.87999725341797,86.58499908447266,86.78820037841797,5475797
2025-09-04 11:30:00,86.7771987915039,87.0199966430664,86.74410247802734,86.98999786376953,3752419
2025-09-04 12:30:00,86.98999786376953,87.04000091552734,86.95500183105469,86.98999786376953,1977370
2025-09-04 13:30:00,86.98999786376953,87.02999877929688,86.87989807128906,86.93000030517578,2321848
2025-09-04 14:30:00,86.93000030517578,87.18000030517578,86.92500305175781,87.16999816894531,5023184
2025-09-04 15:30:00,87.16889953613281,87.23999786376953,87.1500015258789,87.2300033569336,5882949
2025-09-04 16:00:00,87.22,87.37,87.19,87.2507,0
2025-09-04 17:00:00,87.25,87.3299,87.16,87.24,0
2025-09-04 18:00:00,87.22,87.32,87.21,87.3,0
2025-09-04 19:00:00,87.28,87.38,87.27,87.355,0
2025-09-05 04:00:00,87.31,87.31,87.26,87.31,0
2025-09-05 05:00:00,87.3,87.35,87.29,87.34,0
2025-09-05 06:00:00,87.33,87.38,87.33,87.37,0
2025-09-05 07:00:00,87.36,87.431,87.33,87.36,0
2025-09-05 08:00:00,87.36,87.63,87.23,87.53,0
2025-09-05 09:00:00,87.65,88.4,87.53,88.2,0
2025-09-05 09:30:00,88.20999908447266,88.43000030517578,88.14019775390625,88.31999969482422,19877986
2025-09-05 10:30:00,88.31500244140625,88.41000366210938,88.25650024414062,88.38999938964844,7888314
2025-09-05 11:30:00,88.38500213623047,88.58000183105469,88.375,88.5,7092578
2025-09-05 12:30:00,88.5,88.56999969482422,88.42500305175781,88.54000091552734,4173708
2025-09-05 13:30:00,88.55000305175781,88.58999633789062,88.48999786376953,88.5199966430664,3973862
2025-09-05 14:30:00,88.51000213623047,88.52999877929688,88.44499969482422,88.47000122070312,3913625
2025-09-05 15:30:00,88.46990203857422,88.61000061035156,88.46009826660156,88.55999755859375,9838075
2025-09-05 16:00:00,88.56,93.4342,86.1432,88.7,0
2025-09-05 17:00:00,88.7,93.4342,88.56,88.61,0
2025-09-05 18:00:00,88.62,88.63,88.52,88.5203,0
2025-09-05 19:00:00,88.52,88.5895,88.52,88.57,0
2025-09-08 04:00:00,88.62,88.68,88.62,88.66,0
2025-09-08 05:00:00,88.66,88.67,88.52,88.53,0
2025-09-08 06:00:00,88.54,88.56,88.5,88.52,0
2025-09-08 07:00:00,88.51,88.6,88.5,88.53,0
2025-09-08 08:00:00,88.54,88.9,88.38,88.73,0
2025-09-08 09:00:00,88.73,89.23,88.56,89.17,0
2025-09-08 09:30:00,89.16999816894531,89.5,89.12000274658203,89.40989685058594,13532836
2025-09-08 10:30:00,89.40660095214844,89.49500274658203,89.18000030517578,89.46499633789062,9063835
2025-09-08 11:30:00,89.46499633789062,89.55000305175781,89.41500091552734,89.41999816894531,6554823
2025-09-08 12:30:00,89.42500305175781,89.42500305175781,89.30000305175781,89.3499984741211,4259108
2025-09-08 13:30:00,89.34500122070312,89.7300033569336,89.32420349121094,89.66010284423828,4643919
2025-09-08 14:30:00,89.6604995727539,89.73999786376953,89.62000274658203,89.68499755859375,4738128
2025-09-08 15:30:00,89.69000244140625,89.75499725341797,89.68000030517578,89.72000122070312,5238665
2025-09-08 16:00:00,89.74,89.74,89.59,89.6402,0
2025-09-08 17:00:00,89.65,89.65,89.59,89.62,0
2025-09-08 18:00:00,89.61,89.74,89.57,89.59,0
2025-09-08 19:00:00,89.57,89.6,89.54,89.6,0
2025-09-09 04:00:00,89.35,89.35,89.28,89.29,0
2025-09-09 05:00:00,89.29,89.37,89.27,89.33,0
2025-09-09 06:00:00,89.32,89.34,89.29,89.34,0
2025-09-09 07:00:00,89.34,89.43,89.26,89.26,0
2025-09-09 08:00:00,89.26,89.74,89.21,89.46,0
2025-09-09 09:00:00,89.46,89.48,89.32,89.42,0
2025-09-09 09:30:00,89.41500091552734,89.54499816894531,89.08000183105469,89.18499755859375,10117226
2025-09-09 10:30:00,89.18000030517578,89.2750015258789,88.98999786376953,89.2750015258789,5957607
2025-09-09 11:30:00,89.27999877929688,89.32499694824219,89.15499877929688,89.18499755859375,5061050
2025-09-09 12:30:00,89.18499755859375,89.38999938964844,89.16999816894531,89.31500244140625,2626482
2025-09-09 13:30:00,89.31500244140625,89.47000122070312,89.31500244140625,89.36000061035156,2590176
2025-09-09 14:30:00,89.37000274658203,89.37000274658203,89.29000091552734,89.31500244140625,1848254
2025-09-09 15:30:00,89.31500244140625,89.32499694824219,89.19000244140625,89.23500061035156,4562878
2025-09-09 16:00:00,89.24,93.1561,89.12,89.1209,0
2025-09-09 17:00:00,89.1298,89.23,89.11,89.12,0
2025-09-09 18:00:00,89.12,89.14,89.07,89.14,0
2025-09-09 19:00:00,89.14,89.2,89.12,89.2,0
2025-09-10 04:00:00,89.17,89.23,89.11,89.15,0
2025-09-10 05:00:00,89.15,89.15,89.01,89.04,0
2025-09-10 06:00:00,89.06,89.06,88.92,88.92,0
2025-09-10 07:00:00,88.93,88.979,88.92,88.971,0
2025-09-10 08:00:00,88.98,89.23,88.92,89.09,0
2025-09-10 09:00:00,89.09,89.44,88.95,89.41,0
2025-09-10 09:30:00,89.4000015258789,89.44000244140625,89.19000244140625,89.26000213623047,6965043
2025-09-10 10:30:00,89.2699966430664,89.4800033569336,89.2699966430664,89.43499755859375,3549272
2025-09-10 11:30:00,89.43000030517578,89.72000122070312,89.42500305175781,89.6593017578125,3786387
2025-09-10 12:30:00,89.65239715576172,90.06500244140625,89.6449966430664,89.92500305175781,9375140
2025-09-10 13:30:00,89.92500305175781,89.97000122070312,89.87999725341797,89.94000244140625,4062777
2025-09-10 14:30:00,89.93499755859375,89.96549987792969,89.76000213623047,89.7750015258789,4382913
2025-09-10 15:30:00,89.77989959716797,89.77999877929688,89.69000244140625,89.7300033569336,4491770
2025-09-10 16:00:00,89.73,89.79,89.66,89.66,0
2025-09-10 17:00:00,89.72,91.9447,89.63,89.69,0
2025-09-10 18:00:00,89.68,89.7,89.61,89.695,0
2025-09-10 19:00:00,89.69,89.72,89.59,89.64,0
2025-09-11 04:00:00,89.59,89.62,89.55,89.61,0
2025-09-11 05:00:00,89.61,89.67,89.54,89.62,0
2025-09-11 06:00:00,89.62,89.7,89.61,89.7,0
2025-09-11 07:00:00,89.68,89.72,89.58,89.619,0
2025-09-11 08:00:00,89.62,89.7188,89.47,89.64,0
2025-09-11 09:00:00,89.61,90.25,89.5,89.9,0
2025-09-11 09:30:00,89.90499877929688,90.375,89.90499877929688,90.33000183105469,12085682
2025-09-11 10:30:00,90.33000183105469,90.44999694824219,90.05000305175781,90.05500030517578,5841483
2025-09-11 11:30:00,90.05000305175781,90.45999908447266,90.04280090332031,90.37999725341797,5533789
2025-09-11 12:30:00,90.375,90.47000122070312,90.05010223388672,90.22480010986328,6259665
2025-09-11 13:30:00,90.2249984741211,90.2750015258789,90.16000366210938,90.25499725341797,4200163
2025-09-11 14:30:00,90.25499725341797,90.4800033569336,90.23500061035156,90.3499984741211,3113235
2025-09-11 15:30:00,90.3499984741211,90.3499984741211,90.26000213623047,90.30999755859375,4852987
2025-09-11 16:00:00,90.31,90.4351,90.16,90.24,0
2025-09-11 17:00:00,90.22,90.34,90.21,90.23,0
2025-09-11 18:00:00,90.2101,90.23,90.15,90.215,0
2025-09-11 19:00:00,90.23,90.25,90.13,90.16,0
2025-09-12 04:00:00,90.3,90.31,90.15,90.16,0
2025-09-12 05:00:00,90.15,90.34,90.14,90.19,0
2025-09-12 06:00:00,90.2,90.31,90.18,90.3,0
2025-09-12 07:00:00,90.31,90.39,90.22,90.27,0
2025-09-12 08:00:00,90.26,90.39,89.93,89.98,0
2025-09-12 09:00:00,89.98,89.99,89.6999,89.83,0
2025-09-12 09:30:00,89.84500122070312,89.8499984741211,89.55999755859375,89.6449966430664,7792528
2025-09-12 10:30:00,89.6500015258789,89.7699966430664,89.55000305175781,89.55999755859375,5564174
2025-09-12 11:30:00,89.55999755859375,89.68000030517578,89.49189758300781,89.63999938964844,3848335
2025-09-12 12:30:00,89.6449966430664,89.79499816894531,89.63169860839844,89.73639678955078,2118420
2025-09-12 13:30:00,89.74500274658203,89.91000366210938,89.7300033569336,89.89849853515625,2426658
2025-09-12 14:30:00,89.8949966430664,89.9800033569336,89.83999633789062,89.93499755859375,2617552
2025-09-12 15:30:00,89.93499755859375,89.9800033569336,89.91000366210938,89.94499969482422,3448576
2025-09-12 16:00:00,89.95,89.95,89.82,89.855,0
2025-09-12 17:00:00,89.84,92.9881,89.84,89.88,0
2025-09-12 18:00:00,89.9,89.95,89.86,89.9494,0
2025-09-12 19:00:00,89.9488,89.95,89.82,89.87,0
2025-09-15 04:00:00,89.72,89.76,89.64,89.73,0
2025-09-15 05:00:00,89.75,89.89,89.7,89.87,0
2025-09-15 06:00:00,89.87,89.95,89.82,89.95,0
2025-09-15 07:00:00,89.93,89.93,89.77,89.79,0
2025-09-15 08:00:00,89.82,90.01,89.5897,89.99,0
2025-09-15 09:00:00,89.99,90.29,89.95,90.15,0
2025-09-15 09:30:00,90.14219665527344,90.23500061035156,90.12999725341797,90.16000366210938,6083691
2025-09-15 10:30:00,90.15499877929688,90.37999725341797,90.12000274658203,90.34010314941406,4292304
2025-09-15 11:30:00,90.33999633789062,90.45500183105469,90.26499938964844,90.26499938964844,3250617
2025-09-15 12:30:00,90.26000213623047,90.3949966430664,90.26000213623047,90.3550033569336,2386290
2025-09-15 13:30:00,90.3550033569336,90.37000274658203,90.2699966430664,90.29499816894531,1672249
2025-09-15 14:30:00,90.29879760742188,90.30000305175781,90.17500305175781,90.19499969482422,2192173
2025-09-15 15:30:00,90.19999694824219,90.21990203857422,90.06500244140625,90.17500305175781,3563261
2025-09-15 16:00:00,90.16,90.2791,90.16,90.21,0
2025-09-15 17:00:00,90.23,90.26,85.6911,90.2019,0
2025-09-15 18:00:00,90.21,90.25,90.16,90.22,0
2025-09-15 19:00:00,90.22,90.23,90.18,90.215,0
2025-09-16 04:00:00,90.42,90.44,90.4,90.41,0
2025-09-16 05:00:00,90.4,90.43,90.34,90.34,0
2025-09-16 06:00:00,90.27,90.27,90.16,90.21,0
2025-09-16 07:00:00,90.21,90.26,90.16,90.17,0
2025-09-16 08:00:00,90.17,90.43,90.06,90.08,0
2025-09-16 09:00:00,90.05,90.16,89.84,90.09,0
2025-09-16 09:30:00,90.10990142822266,90.2699966430664,90.04000091552734,90.19000244140625,5442872
2025-09-16 10:30:00,90.19499969482422,90.29000091552734,90.13379669189453,90.13999938964844,2821850
2025-09-16 11:30:00,90.13500213623047,90.43000030517578,90.11499786376953,90.34429931640625,3323257
2025-09-16 12:30:00,90.34500122070312,90.44750213623047,90.33999633789062,90.42330169677734,2673069
2025-09-16 13:30:00,90.42500305175781,90.4905014038086,90.38500213623047,90.40499877929688,2762425
2025-09-16 14:30:00,90.40499877929688,90.45999908447266,90.37999725341797,90.38189697265625,3676233
2025-09-16 15:30:00,90.38500213623047,90.38999938964844,90.28500366210938,90.33499908447266,3836027
2025-09-16 16:00:00,90.35,90.42,90.32,90.38,0
2025-09-16 17:00:00,90.37,90.375,89.1521,90.3,0
2025-09-16 18:00:00,90.3,90.4,90.3,90.36,0
2025-09-16 19:00:00,90.32,90.4,90.32,90.3792,0
2025-09-17 04:00:00,90.47,90.5,90.43,90.5,0
2025-09-17 05:00:00,90.52,90.82,90.52,90.73,0
2025-09-17 06:00:00,90.72,90.74,90.65,90.73,0
2025-09-17 07:00:00,90.73,90.79,90.7,90.75,0
2025-09-17 08:00:00,90.74,90.81,90.36,90.63,0
2025-09-17 09:00:00,90.63,90.79,90.6,90.7,0
2025-09-17 09:30:00,90.69999694824219,90.73999786376953,90.55999755859375,90.61000061035156,7478784
2025-09-17 10:30:00,90.61499786376953,90.70999908447266,90.5,90.51499938964844,3570229
2025-09-17 11:30:00,90.51499938964844,90.63500213623047,90.40070343017578,90.58499908447266,3591097
2025-09-17 12:30:00,90.58000183105469,90.58000183105469,90.31500244140625,90.38089752197266,3445544
2025-09-17 13:30:00,90.38500213623047,91.04000091552734,90.29000091552734,90.61000061035156,6473167
2025-09-17 14:30:00,90.61499786376953,90.625,89.87000274658203,90.25499725341797,10006445
2025-09-17 15:30:00,90.25,90.25,90.0,90.12000274658203,5305762
2025-09-17 16:00:00,90.12,90.15,89.73,89.75,0
2025-09-17 17:00:00,89.75,89.84,89.72,89.8,0
2025-09-17 18:00:00,89.8,89.82,89.75,89.7807,0
2025-09-17 19:00:00,89.81,89.84,89.75,89.82,0
2025-09-18 04:00:00,90.34,90.48,90.31,90.39,0
2025-09-18 05:00:00,90.37,90.38,90.26,90.35,0
2025-09-18 06:00:00,90.34,90.42,90.26,90.29,0
2025-09-18 07:00:00,90.26,90.32,90.19,90.23,0
2025-09-18 08:00:00,90.23,90.4588,89.92,90.13,0
2025-09-18 09:00:00,90.02,90.12,89.18,89.255,0
2025-09-18 09:30:00,89.25,89.29000091552734,88.9000015258789,89.1698989868164,14245271
2025-09-18 10:30:00,89.16000366210938,89.24099731445312,89.0199966430664,89.17500305175781,5796528
2025-09-18 11:30:00,89.19000244140625,89.29810333251953,88.9749984741211,89.28099822998047,8569743
2025-09-18 12:30:00,89.28199768066406,89.47000122070312,89.23999786376953,89.375,5814380
2025-09-18 13:30:00,89.37999725341797,89.44000244140625,89.26010131835938,89.31500244140625,2805284
2025-09-18 14:30:00,89.31520080566406,89.37999725341797,89.2300033569336,89.30000305175781,3351594
2025-09-18 15:30:00,89.29499816894531,89.30500030517578,89.12999725341797,89.19000244140625,5454190
2025-09-18 16:00:00,89.195,89.29,89.11,89.26,0
2025-09-18 17:00:00,89.24,89.31,89.21,89.2485,0
2025-09-18 18:00:00,89.2496,89.25,89.21,89.21,0
2025-09-18 19:00:00,89.22,89.25,89.19,89.1915,0
2025-09-19 04:00:00,88.95,89.07,88.94,89.07,0
2025-09-19 05:00:00,89.08,89.13,88.97,89.05,0
2025-09-19 06:00:00,89.02,89.14,89.01,89.1,0
2025-09-19 07:00:00,89.09,89.1,88.96,88.96,0
2025-09-19 08:00:00,88.96,89.19,88.8498,89.11,0
2025-09-19 09:00:00,89.09,89.19,88.91,89.0624,0
2025-09-19 09:30:00,89.05999755859375,89.2249984741211,89.05500030517578,89.12000274658203,7326240
2025-09-19 10:30:00,89.11000061035156,89.12000274658203,88.81999969482422,88.84500122070312,4018207
2025-09-19 11:30:00,88.84660339355469,88.89089965820312,88.78500366210938,88.81539916992188,3323493
2025-09-19 12:30:00,88.81659698486328,88.9749984741211,88.7938003540039,88.9197998046875,2972710
2025-09-19 13:30:00,88.91999816894531,88.94619750976562,88.8134994506836,88.86499786376953,2461916
2025-09-19 14:30:00,88.87000274658203,89.02999877929688,88.83999633789062,88.98500061035156,3670185
2025-09-19 15:30:00,88.98999786376953,89.08000183105469,88.98999786376953,89.0199966430664,4877130
2025-09-19 16:00:00,89.03,89.04,88.96,89.01,0
2025-09-19 17:00:00,88.99,89.03,86.1432,89.01,0
2025-09-19 18:00:00,89.0,89.02,88.94,88.95,0
2025-09-19 19:00:00,88.99,89.03,88.97,89.02,0
2025-09-22 04:00:00,88.93,89.03,88.93,88.98,0
2025-09-22 05:00:00,88.98,89.02,88.95,89.0,0
2025-09-22 06:00:00,89.0,89.02,88.95,88.99,0
2025-09-22 07:00:00,88.97,89.07,88.92,89.06,0
2025-09-22 08:00:00,89.09,89.1,88.83,88.95,0
2025-09-22 09:00:00,88.96,89.02,88.73,88.81,0
2025-09-22 09:30:00,88.81999969482422,88.90499877929688,88.6449966430664,88.67500305175781,6039581
2025-09-22 10:30:00,88.6708984375,88.88500213623047,88.62999725341797,88.64009857177734,4625036
2025-09-22 11:30:00,88.6449966430664,88.71499633789062,88.54000091552734,88.71499633789062,2472956
2025-09-22 12:30:00,88.71499633789062,88.91000366210938,88.71260070800781,88.83999633789062,2561491
2025-09-22 13:30:00,88.83999633789062,88.9000015258789,88.76000213623047,88.83799743652344,1938799
2025-09-22 14:30:00,88.83170318603516,88.88999938964844,88.70999908447266,88.76000213623047,2188998
2025-09-22 15:30:00,88.76000213623047,88.80000305175781,88.69499969482422,88.69999694824219,2818446
2025-09-22 16:00:00,88.7,88.79,88.66,88.77,0
2025-09-22 17:00:00,88.77,88.77,88.695,88.76,0
2025-09-23 09:30:00,88.97000122070312,89.0,88.75,88.82859802246094,2280671
2025-09-23 10:30:00,88.83000183105469,88.91500091552734,88.77999877929688,88.81999969482422,1120558
2025-09-23 11:30:00,88.82499694824219,89.125,88.77259826660156,89.11869812011719,1671616
2025-09-23 12:30:00,89.11000061035156,89.11000061035156,88.8301010131836,89.05999755859375,1324527
2025-09-23 13:30:00,89.06500244140625,89.30829620361328,89.03990173339844,89.25499725341797,1877342
2025-09-23 14:30:00,89.25800323486328,89.26000213623047,89.125,89.2499008178711,11225029
2025-09-23 15:30:00,89.24800109863281,89.36000061035156,89.23500061035156,89.33999633789062,3831915
2025-09-23 16:00:00,89.32,89.4303,89.29,89.3806,0
2025-09-23 17:00:00,89.39,89.43,89.2283,89.38,0
2025-09-23 18:00:00,89.38,89.43,89.3634,89.405,0
2025-09-23 19:00:00,89.39,89.4188,89.37,89.39,0
2025-09-24 04:00:00,89.35,89.53,89.35,89.47,0
2025-09-24 05:00:00,89.48,89.5,89.3,89.33,0
2025-09-24 06:00:00,89.35,89.45,89.32,89.34,0
2025-09-24 07:00:00,89.36,89.36,89.27,89.27,0
2025-09-24 08:00:00,89.29,89.53,88.9497,88.9497,0
2025-09-24 09:00:00,88.94,89.32,88.93,89.1,0
2025-09-24 09:30:00,89.08000183105469,89.08999633789062,88.88529968261719,89.01709747314453,2491353
2025-09-24 10:30:00,89.01090240478516,89.15760040283203,88.98500061035156,89.05999755859375,1448797
2025-09-24 11:30:00,89.04499816894531,89.07499694824219,88.96499633789062,89.04209899902344,1069009
2025-09-24 12:30:00,89.04000091552734,89.09500122070312,88.90499877929688,88.9749984741211,916701
2025-09-24 13:30:00,88.9800033569336,89.05809783935547,88.88999938964844,88.91500091552734,2613042
2025-09-24 14:30:00,88.88500213623047,88.90989685058594,88.69999694824219,88.875,3281163
2025-09-24 15:30:00,88.87989807128906,89.0,88.87010192871094,88.97000122070312,2256170
2025-09-24 16:00:00,88.98,88.98,88.93,88.96,0
2025-09-24 17:00:00,88.96,88.97,88.94,88.95,0
2025-09-24 18:00:00,88.96,89.05,88.94,88.98,0
2025-09-24 19:00:00,89.0396,89.04,88.9513,88.9513,0
2025-09-25 04:00:00,89.06,89.19,89.06,89.17,0
2025-09-25 05:00:00,89.17,89.19,89.02,89.15,0
2025-09-25 06:00:00,89.09,89.17,89.07,89.08,0
2025-09-25 07:00:00,89.08,89.08,88.709,88.739,0
2025-09-25 08:00:00,88.73,89.17,88.7,89.07,0
2025-09-25 09:00:00,88.99,88.99,88.62,88.86,0
2025-09-25 09:30:00,88.86000061035156,88.97859954833984,88.58100128173828,88.75499725341797,3463798
2025-09-25 10:30:00,88.75499725341797,88.8550033569336,88.5199966430664,88.52570343017578,2241169
2025-09-25 11:30:00,88.52999877929688,88.7300033569336,88.45999908447266,88.71499633789062,2085657
2025-09-25 12:30:00,88.70999908447266,88.83039855957031,88.63500213623047,88.66999816894531,1802855
2025-09-25 13:30:00,88.67500305175781,88.87999725341797,88.625,88.87000274658203,2008260
2025-09-25 14:30:00,88.87000274658203,89.02999877929688,88.8561019897461,88.95999908447266,1569994
2025-09-25 15:30:00,88.95500183105469,89.0,88.92250061035156,88.98500061035156,1342150
2025-09-25 16:00:00,88.99,89.01,88.95,89.0,0
2025-09-25 17:00:00,88.98,90.4351,86.84,88.975,0
2025-09-25 18:00:00,88.99,89.03,88.96,89.0,0
2025-09-25 19:00:00,89.03,89.03,88.96,88.96,0
2025-09-26 04:00:00,88.86,88.96,88.86,88.95,0
2025-09-26 05:00:00,88.94,89.05,88.9,89.03,0
2025-09-26 06:00:00,89.03,89.08,88.94,88.96,0
2025-09-26 07:00:00,88.95,89.06,88.91,89.05,0
2025-09-26 08:00:00,89.05,89.23,88.72,89.21,0
2025-09-26 09:00:00,89.1,90.39,88.9492,88.97,0
2025-09-26 09:30:00,88.98999786376953,89.12999725341797,88.87000274658203,89.08999633789062,3210920
2025-09-26 10:30:00,89.09750366210938,89.47000122070312,88.93000030517578,89.0197982788086,2786604
2025-09-26 11:30:00,89.01499938964844,89.05000305175781,88.69000244140625,88.7750015258789,2022919
2025-09-26 12:30:00,88.77349853515625,88.91999816894531,88.7699966430664,88.84500122070312,1421074
2025-09-26 13:30:00,88.84500122070312,88.875,88.72000122070312,88.76499938964844,1039942
2025-09-26 14:30:00,88.76499938964844,88.83000183105469,88.73999786376953,88.76709747314453,921736
2025-09-26 15:30:00,88.76490020751953,88.93499755859375,88.75309753417969,88.90499877929688,2376737
2025-09-26 16:00:00,88.9,89.07,88.89,89.0,0
2025-09-26 17:00:00,89.0,92.9881,88.93,92.9881,0
2025-09-26 18:00:00,88.98,88.99,88.9401,88.98,0
2025-09-26 19:00:00,88.99,88.99,88.93,88.95,0
2025-09-29 04:00:00,89.29,89.5,89.24,89.45,0
2025-09-29 05:00:00,89.45,89.51,89.45,89.51,0
2025-09-29 06:00:00,89.52,89.55,89.48,89.53,0
2025-09-29 07:00:00,89.53,89.53,89.39,89.39,0
2025-09-29 08:00:00,89.39,89.5488,89.2402,89.4412,0
2025-09-29 09:00:00,89.45,89.48,88.9,89.3,0
2025-09-29 09:30:00,89.30000305175781,89.58390045166016,89.26000213623047,89.51499938964844,3276440
2025-09-29 10:30:00,89.51000213623047,89.66999816894531,89.45999908447266,89.66500091552734,2230190
2025-09-29 11:30:00,89.66000366210938,89.72000122070312,89.5999984741211,89.625,1789173
2025-09-29 12:30:00,89.62349700927734,89.71820068359375,89.5999984741211,89.63500213623047,2285125
2025-09-29 13:30:00,89.63500213623047,89.73500061035156,89.62000274658203,89.69989776611328,820478
2025-09-29 14:30:00,89.69000244140625,89.72000122070312,89.59500122070312,89.62359619140625,1339020
2025-09-29 15:30:00,89.62989807128906,89.6449966430664,89.564697265625,89.62000274658203,2206129
2025-09-29 16:00:00,89.63,89.67,88.63,89.67,0
2025-09-29 17:00:00,89.67,90.6611,89.66,89.7,0
2025-09-29 18:00:00,89.7,89.71,89.63,89.6996,0
2025-09-29 19:00:00,89.6992,89.7,89.64,89.6896,0
2025-09-30 04:00:00,89.63,89.72,89.63,89.68,0
2025-09-30 05:00:00,89.69,89.7,89.63,89.68,0
2025-09-30 06:00:00,89.68,89.74,89.67,89.7,0
2025-09-30 07:00:00,89.7,89.7,89.49,89.54,0
2025-09-30 08:00:00,89.54,89.82,89.489,89.82,0
2025-09-30 09:00:00,89.83,89.8613,89.64,89.66,0
2025-09-30 09:30:00,89.6500015258789,90.04000091552734,89.64929962158203,89.87000274658203,2870844
2025-09-30 10:30:00,89.875,90.0,89.5250015258789,89.58499908447266,2766742
2025-09-30 11:30:00,89.58509826660156,89.66000366210938,89.47000122070312,89.56999969482422,1849699
2025-09-30 12:30:00,89.57649993896484,89.69999694824219,89.51000213623047,89.53179931640625,1585726
2025-09-30 13:30:00,89.5322036743164,89.5322036743164,89.3550033569336,89.36499786376953,2389852
2025-09-30 14:30:00,89.36990356445312,89.375,89.20999908447266,89.30000305175781,2393940
2025-09-30 15:30:00,89.30999755859375,89.3949966430664,89.2302017211914,89.37000274658203,3393685
2025-09-30 16:00:00,89.38,89.38,89.21,89.28,0
2025-09-30 17:00:00,89.28,89.39,87.668,89.37,0
2025-09-30 18:00:00,89.34,89.3585,89.26,89.31,0
2025-09-30 19:00:00,89.3,89.32,89.24,89.2699,0
2025-10-01 04:00:00,88.86,88.92,88.85,88.91,0
2025-10-01 05:00:00,88.91,88.96,88.86,88.93,0
2025-10-01 06:00:00,88.93,88.93,88.86,88.89,0
2025-10-01 07:00:00,88.88,89.07,88.86,89.07,0
2025-10-01 08:00:00,89.07,89.53,88.79,89.27,0
2025-10-01 09:00:00,89.31,89.5,89.0596,89.47,0
2025-10-01 09:30:00,89.45120239257812,89.63999938964844,89.2300033569336,89.29499816894531,5582958
2025-10-01 10:30:00,89.30999755859375,89.54000091552734,89.13500213623047,89.13500213623047,2660971
2025-10-01 11:30:00,89.13919830322266,89.23999786376953,89.125,89.17350006103516,1541319
2025-10-01 12:30:00,89.17500305175781,89.23500061035156,89.08999633789062,89.18589782714844,1324223
2025-10-01 13:30:00,89.19000244140625,89.25,89.13999938964844,89.23500061035156,13324057
2025-10-01 14:30:00,89.23999786376953,89.30999755859375,89.18000030517578,89.22000122070312,2594138
2025-10-01 15:30:00,89.21499633789062,89.29000091552734,89.19000244140625,89.2750015258789,5086783
2025-10-01 16:00:00,89.275,89.35,89.27,89.33,0
2025-10-01 17:00:00,89.32,89.36,89.29,89.3563,0
2025-10-01 18:00:00,89.321,89.39,89.1902,89.31,0
2025-10-01 19:00:00,89.31,89.3803,89.29,89.34,0
2025-10-02 04:00:00,89.24,89.31,89.21,89.31,0
2025-10-02 05:00:00,89.3,89.46,89.29,89.46,0
2025-10-02 06:00:00,89.47,89.49,89.38,89.43,0
2025-10-02 07:00:00,89.44,89.53,89.44,89.5,0
2025-10-02 08:00:00,89.5,89.53,89.22,89.42,0
2025-10-02 09:00:00,89.43,89.45,89.05,89.3,0
2025-10-02 09:30:00,89.30500030517578,89.45500183105469,89.19000244140625,89.43659973144531,5836494
2025-10-02 10:30:00,89.43499755859375,89.57499694824219,89.3843994140625,89.5250015258789,3634873
2025-10-02 11:30:00,89.5199966430664,89.63710021972656,89.37999725341797,89.62999725341797,2357757
2025-10-02 12:30:00,89.63050079345703,89.69000244140625,89.58000183105469,89.6449966430664,2560919
2025-10-02 13:30:00,89.6449966430664,89.68000030517578,89.55000305175781,89.6050033569336,2868291
2025-10-02 14:30:00,89.6050033569336,89.6050033569336,89.5199966430664,89.56500244140625,2175767
2025-10-02 15:30:00,89.56999969482422,89.58999633789062,89.5,89.54000091552734,1918701
2025-10-02 16:00:00,89.55,89.63,89.51,89.6,0
2025-10-02 17:00:00,89.63,89.63,89.46,89.54,0
2025-10-02 18:00:00,89.561,89.629,89.56,89.605,0
2025-10-02 19:00:00,89.63,89.63,89.55,89.55,0
2025-10-03 04:00:00,89.46,89.58,89.46,89.53,0
2025-10-03 05:00:00,89.55,89.57,89.49,89.56,0
2025-10-03 06:00:00,89.57,89.72,89.56,89.68,0
2025-10-03 07:00:00,89.68,89.71,89.6,89.67,0
2025-10-03 08:00:00,89.7,89.88,89.4895,89.82,0
2025-10-03 09:00:00,89.83,89.83,89.53,89.615,0
2025-10-03 09:30:00,89.62979888916016,89.72000122070312,89.33489990234375,89.36470031738281,4973221
2025-10-03 10:30:00,89.36190032958984,89.5199966430664,89.29000091552734,89.47989654541016,2711570
2025-10-03 11:30:00,89.47000122070312,89.5250015258789,89.29499816894531,89.37989807128906,3109493
2025-10-03 12:30:00,89.375,89.44000244140625,89.33999633789062,89.44000244140625,2150086
2025-10-03 13:30:00,89.43499755859375,89.46499633789062,89.33000183105469,89.3499984741211,1461335
2025-10-03 14:30:00,89.3499984741211,89.38500213623047,89.2699966430664,89.32499694824219,2158023
2025-10-03 15:30:00,89.33000183105469,89.34500122070312,89.2699966430664,89.33000183105469,3581375
2025-10-03 16:00:00,89.38,89.38,89.31,89.37,0
2025-10-03 17:00:00,89.35,89.37,86.1432,89.3504,0
2025-10-03 18:00:00,89.37,89.39,89.34,89.37,0
2025-10-03 19:00:00,89.37,89.39,89.36,89.39,0
2025-10-06 04:00:00,88.84,88.98,88.76,88.92,0
2025-10-06 05:00:00,88.93,88.93,88.74,88.8,0
2025-10-06 06:00:00,88.78,88.78,88.61,88.64,0
2025-10-06 07:00:00,88.63,88.79,88.61,88.73,0
2025-10-06 08:00:00,88.72,88.9,88.68,88.72,0
2025-10-06 09:00:00,88.69,88.8,88.63,88.72,0
2025-10-06 09:30:00,88.72000122070312,89.15499877929688,88.70999908447266,88.99449920654297,7757808
2025-10-06 10:30:00,88.98999786376953,89.05000305175781,88.77469635009766,88.78990173339844,3363795
2025-10-06 11:30:00,88.78630065917969,88.82499694824219,88.70500183105469,88.70999908447266,2666519
2025-10-06 12:30:00,88.70999908447266,88.76000213623047,88.69000244140625,88.73030090332031,2163374
2025-10-06 13:30:00,88.7300033569336,88.75150299072266,88.70999908447266,88.72000122070312,1743459
2025-10-06 14:30:00,88.72989654541016,88.7300033569336,88.6500015258789,88.6500015258789,2493925
2025-10-06 15:30:00,88.65499877929688,88.70500183105469,88.6500015258789,88.67500305175781,3575885
2025-10-06 16:00:00,88.67,88.8,88.67,88.8,0
2025-10-06 17:00:00,88.8,88.88,88.72,88.8091,0
2025-10-06 18:00:00,88.73,88.76,88.72,88.73,0
2025-10-06 19:00:00,88.76,88.76,88.71,88.76,0
2025-10-07 04:00:00,88.69,88.7,88.64,88.64,0
2025-10-07 05:00:00,88.64,88.69,88.62,88.68,0
2025-10-07 06:00:00,88.68,88.7,88.66,88.69,0
2025-10-07 07:00:00,88.7,88.71,88.5,88.53,0
2025-10-07 08:00:00,88.53,88.89,88.5002,88.7199,0
2025-10-07 09:00:00,88.72,88.97,88.64,88.97,0
2025-10-07 09:30:00,88.95999908447266,89.03500366210938,88.81199645996094,89.01499938964844,4973462
2025-10-07 10:30:00,89.01000213623047,89.12000274658203,88.9000015258789,89.0999984741211,3888903
2025-10-07 11:30:00,89.09500122070312,89.30000305175781,89.07499694824219,89.27999877929688,3537933
2025-10-07 12:30:00,89.28500366210938,89.37740325927734,89.22000122070312,89.32499694824219,3693300
2025-10-07 13:30:00,89.32499694824219,89.3499984741211,89.25,89.28500366210938,2181393
2025-10-07 14:30:00,89.28500366210938,89.29000091552734,89.0999984741211,89.16560363769531,2964258
2025-10-07 15:30:00,89.16999816894531,89.18000030517578,89.11000061035156,89.18000030517578,2291045
2025-10-07 16:00:00,89.18,89.19,89.11,89.16,0
2025-10-07 17:00:00,89.14,89.2283,89.11,89.14,0
2025-10-07 18:00:00,89.1409,89.1848,89.11,89.125,0
2025-10-07 19:00:00,89.125,89.17,89.1,89.1668,0
2025-10-08 04:00:00,89.45,89.51,89.42,89.47,0
2025-10-08 05:00:00,89.46,89.49,89.4,89.42,0
2025-10-08 06:00:00,89.42,89.54,89.42,89.53,0
2025-10-08 07:00:00,89.53,89.68,89.52,89.68,0
2025-10-08 08:00:00,89.67,89.73,89.18,89.6894,0
2025-10-08 09:00:00,89.69,89.76,89.18,89.61,0
2025-10-08 09:30:00,89.58000183105469,89.61000061035156,89.30500030517578,89.4800033569336,4903661
2025-10-08 10:30:00,89.4800033569336,89.52999877929688,89.41500091552734,89.5250015258789,1920132
2025-10-08 11:30:00,89.5250015258789,89.55500030517578,89.3499984741211,89.47010040283203,2938032
2025-10-08 12:30:00,89.47440338134766,89.53759765625,89.30999755859375,89.31999969482422,2225256
2025-10-08 13:30:00,89.31500244140625,89.33499908447266,89.12999725341797,89.17500305175781,3090425
2025-10-08 14:30:00,89.17510223388672,89.27999877929688,89.1449966430664,89.2394027709961,2095460
2025-10-08 15:30:00,89.2385025024414,89.25990295410156,89.19999694824219,89.23999786376953,2391245
2025-10-08 16:00:00,89.25,89.45,89.24,89.4,0
2025-10-08 17:00:00,89.35,89.45,89.31,89.41,0
2025-10-08 18:00:00,89.3605,89.52,89.3605,89.5,0
2025-10-08 19:00:00,89.5,89.52,89.46,89.5,0
2025-10-09 04:00:00,89.41,89.41,89.3,89.31,0
2025-10-09 05:00:00,89.31,89.31,89.23,89.29,0
2025-10-09 06:00:00,89.29,89.46,89.29,89.45,0
2025-10-09 07:00:00,89.45,89.59,89.43,89.47,0
2025-10-09 08:00:00,89.45,89.5802,89.25,89.33,0
2025-10-09 09:00:00,89.35,89.42,89.09,89.16,0
2025-10-09 09:30:00,89.16999816894531,89.2300033569336,89.00499725341797,89.22000122070312,5356064
2025-10-09 10:30:00,89.20999908447266,89.26000213623047,89.11000061035156,89.21620178222656,2420383
2025-10-09 11:30:00,89.22000122070312,89.29000091552734,89.15499877929688,89.17990112304688,2085495
2025-10-09 12:30:00,89.18000030517578,89.20030212402344,89.04620361328125,89.1500015258789,2775005
2025-10-09 13:30:00,89.15010070800781,89.15010070800781,89.04499816894531,89.06999969482422,1935006
2025-10-09 14:30:00,89.07990264892578,89.22000122070312,89.07499694824219,89.19999694824219,2498033
2025-10-09 15:30:00,89.19499969482422,89.25,89.16239929199219,89.19999694824219,2970993
2025-10-09 16:00:00,89.195,89.27,89.14,89.21,0
2025-10-09 17:00:00,89.26,90.4351,89.16,89.16,0
2025-10-09 18:00:00,89.19,89.26,89.19,89.25,0
2025-10-09 19:00:00,89.26,89.26,89.21,89.21,0
2025-10-10 04:00:00,89.61,89.72,89.61,89.7,0
2025-10-10 05:00:00,89.71,89.77,89.7,89.74,0
2025-10-10 06:00:00,89.75,89.81,89.74,89.8,0
2025-10-10 07:00:00,89.81,89.81,89.76,89.79,0
2025-10-10 08:00:00,89.77,89.97,89.38,89.92,0
2025-10-10 09:00:00,89.91,90.0705,89.86,89.99,0
2025-10-10 09:30:00,89.99500274658203,90.08000183105469,89.9000015258789,89.98320007324219,8531479
2025-10-10 10:30:00,89.98500061035156,90.4800033569336,89.90499877929688,90.31500244140625,9140521
2025-10-10 11:30:00,90.31999969482422,90.41500091552734,90.13009643554688,90.16069793701172,5612868
2025-10-10 12:30:00,90.16510009765625,90.44999694824219,90.11260223388672,90.39009857177734,4281630
2025-10-10 13:30:00,90.39579772949219,90.5999984741211,90.33999633789062,90.58499908447266,7041471
2025-10-10 14:30:00,90.58000183105469,90.72000122070312,90.5199966430664,90.66500091552734,5603489
2025-10-10 15:30:00,90.66449737548828,90.69499969482422,90.52999877929688,90.61000061035156,7981318
2025-10-10 16:00:00,90.6,90.8,90.43,90.76,0
2025-10-10 17:00:00,90.75,92.9881,90.4011,90.64,0
2025-10-10 18:00:00,90.63,90.7,90.58,90.7,0
2025-10-10 19:00:00,90.68,90.7,90.62,90.7,0
2025-10-13 04:00:00,90.24,90.49,90.15,90.22,0
2025-10-13 05:00:00,90.21,90.37,90.16,90.34,0
2025-10-13 06:00:00,90.34,90.4,90.34,90.38,0
2025-10-13 07:00:00,90.37,90.5,90.36,90.45,0
2025-10-13 08:00:00,90.45,90.62,90.08,90.52,0
2025-10-13 09:00:00,90.52,90.62,90.2303,90.2703,0
2025-10-13 09:30:00,90.2699966430664,90.32499694824219,89.94000244140625,89.95999908447266,5802570
2025-10-13 10:30:00,89.95500183105469,90.1449966430664,89.86000061035156,90.11499786376953,3564503
2025-10-13 11:30:00,90.11499786376953,90.16999816894531,90.0199966430664,90.125,1958523
2025-10-13 12:30:00,90.12049865722656,90.29000091552734,90.07499694824219,90.25499725341797,1829678
2025-10-13 13:30:00,90.25990295410156,90.38500213623047,90.24500274658203,90.375,1117418
2025-10-13 14:30:00,90.37999725341797,90.52999877929688,90.375,90.5250015258789,7212475
2025-10-13 15:30:00,90.5250015258789,90.58000183105469,90.51000213623047,90.56999969482422,2480664
2025-10-13 16:00:00,90.57,90.61,90.54,90.58,0
2025-10-13 17:00:00,90.57,90.58,90.52,90.54,0
2025-10-13 18:00:00,90.54,90.58,90.49,90.53,0
2025-10-13 19:00:00,90.52,90.55,90.49,90.5495,0
2025-10-14 04:00:00,90.89,90.95,90.84,90.94,0
2025-10-14 05:00:00,90.93,91.14,90.9,91.08,0
2025-10-14 06:00:00,91.1,91.24,91.09,91.2,0
2025-10-14 07:00:00,91.2,91.24,91.081,91.09,0
2025-10-14 08:00:00,91.07,91.25,90.54,90.92,0
2025-10-14 09:00:00,90.9,90.98,90.65,90.65,0
2025-10-14 09:30:00,90.66000366210938,90.79000091552734,90.48200225830078,90.48200225830078,7867456
2025-10-14 10:30:00,90.48159790039062,90.66999816894531,90.47000122070312,90.5199966430664,3881559
2025-10-14 11:30:00,90.5198974609375,90.64949798583984,90.43000030517578,90.61000061035156,3740114
2025-10-14 12:30:00,90.61579895019531,90.76000213623047,90.54000091552734,90.62999725341797,2742874
2025-10-14 13:30:00,90.62989807128906,90.76000213623047,90.6050033569336,90.73999786376953,1784178
2025-10-14 14:30:00,90.73500061035156,90.88999938964844,90.69999694824219,90.83499908447266,2242525
2025-10-14 15:30:00,90.83999633789062,90.91500091552734,90.82599639892578,90.86000061035156,4998876
2025-10-14 16:00:00,90.87,90.88,90.66,90.66,0
2025-10-14 17:00:00,90.66,90.74,87.668,90.6784,0
2025-10-14 18:00:00,90.65,90.71,90.57,90.631,0
2025-10-14 19:00:00,90.71,90.73,90.62,90.73,0
2025-10-15 04:00:00,90.99,91.08,90.98,91.0,0
2025-10-15 05:00:00,91.01,91.09,90.98,90.99,0
2025-10-15 06:00:00,90.99,91.05,90.99,91.03,0
2025-10-15 07:00:00,91.03,91.1,90.96,91.05,0
2025-10-15 08:00:00,91.01,91.2,90.84,90.94,0
2025-10-15 09:00:00,90.93,91.02,90.87,90.97,0
2025-10-15 09:30:00,90.95999908447266,91.30000305175781,90.94499969482422,91.11479949951172,7602234
2025-10-15 10:30:00,91.11000061035156,91.22000122070312,91.02999877929688,91.19000244140625,4283891
2025-10-15 11:30:00,91.19000244140625,91.25,90.68009948730469,90.70999908447266,5640830
2025-10-15 12:30:00,90.70999908447266,90.81999969482422,90.5199966430664,90.5250015258789,4186179
2025-10-15 13:30:00,90.5248031616211,90.625,90.48500061035156,90.55500030517578,3318033
2025-10-15 14:30:00,90.55000305175781,90.62999725341797,90.47000122070312,90.6072998046875,2490236
2025-10-15 15:30:00,90.6050033569336,90.68499755859375,90.59420013427734,90.65499877929688,2042316
2025-10-15 16:00:00,90.66,90.84,90.64,90.76,0
2025-10-15 17:00:00,90.76,90.84,90.69,90.72,0
2025-10-15 18:00:00,90.7,90.7897,90.66,90.7897,0
2025-10-15 19:00:00,90.79,90.79,90.72,90.745,0
2025-10-16 04:00:00,90.76,90.92,90.75,90.92,0
2025-10-16 05:00:00,90.9,90.94,90.86,90.89,0
2025-10-16 06:00:00,90.87,90.98,90.87,90.94,0
2025-10-16 07:00:00,90.94,90.96,90.78,90.79,0
2025-10-16 08:00:00,90.81,91.1,90.66,91.0101,0
2025-10-16 09:00:00,91.03,91.12,90.46,90.52,0
2025-10-16 09:30:00,90.54000091552734,90.68499755859375,90.44999694824219,90.5999984741211,4995971
2025-10-16 10:30:00,90.58999633789062,90.78500366210938,90.48999786376953,90.7750015258789,2405373
2025-10-16 11:30:00,90.7750015258789,90.99500274658203,90.76319885253906,90.94000244140625,2971123
2025-10-16 12:30:00,90.94999694824219,91.31500244140625,90.94999694824219,91.24500274658203,7242587
2025-10-16 13:30:00,91.24140167236328,91.4000015258789,91.21499633789062,91.34500122070312,5054084
2025-10-16 14:30:00,91.3499984741211,91.49500274658203,91.29000091552734,91.45500183105469,4825226
2025-10-16 15:30:00,91.45500183105469,91.46499633789062,91.33000183105469,91.3499984741211,7539831
2025-10-16 16:00:00,91.34,91.38,91.27,91.3501,0
2025-10-16 17:00:00,91.38,91.49,86.8548,91.3,0
2025-10-16 18:00:00,91.31,91.4,91.28,91.39,0
2025-10-16 19:00:00,91.38,91.5,91.37,91.5,0
2025-10-17 04:00:00,91.55,91.6,91.41,91.5,0
2025-10-17 05:00:00,91.5,91.61,91.42,91.46,0
2025-10-17 06:00:00,91.47,91.6,91.4,91.6,0
2025-10-17 07:00:00,91.58,91.62,91.17,91.21,0
2025-10-17 08:00:00,91.19,91.83,91.04,91.18,0
2025-10-17 09:00:00,91.1724,91.34,91.0897,91.24,0
2025-10-17 09:30:00,91.26000213623047,91.27999877929688,90.9000015258789,90.94999694824219,9288528
2025-10-17 10:30:00,90.95149993896484,91.20950317382812,90.91999816894531,91.1449966430664,5062776
2025-10-17 11:30:00,91.1449966430664,91.26499938964844,91.03500366210938,91.11499786376953,3053038
2025-10-17 12:30:00,91.11000061035156,91.21499633789062,91.01000213623047,91.1500015258789,5242212
2025-10-17 13:30:00,91.1449966430664,91.20989990234375,91.1084976196289,91.16000366210938,3068968
2025-10-17 14:30:00,91.16999816894531,91.20500183105469,91.05000305175781,91.15499877929688,2407224
2025-10-17 15:30:00,91.16000366210938,91.20999908447266,91.09010314941406,91.18000030517578,4886195
2025-10-17 16:00:00,91.18,91.2,86.1432,91.08,0
2025-10-17 17:00:00,91.1014,91.2,91.07,91.0922,0
2025-10-17 18:00:00,91.1,91.2,91.07,91.08,0
2025-10-17 19:00:00,91.1,91.15,91.07,91.09,0
2025-10-20 04:00:00,91.01,91.01,90.91,90.94,0
2025-10-20 05:00:00,90.94,91.05,90.93,91.01,0
2025-10-20 06:00:00,91.02,91.07,90.97,91.02,0
2025-10-20 07:00:00,91.03,91.1,91.02,91.08,0
2025-10-20 08:00:00,91.08,91.26,90.9025,91.26,0
2025-10-20 09:00:00,91.26,91.51,91.2,91.46,0
2025-10-20 09:30:00,91.44999694824219,91.51000213623047,91.36000061035156,91.44499969482422,5502002
2025-10-20 10:30:00,91.44000244140625,91.4800033569336,91.29000091552734,91.40499877929688,4719064
2025-10-20 11:30:00,91.402099609375,91.45999908447266,91.27999877929688,91.41000366210938,3848941
2025-10-20 12:30:00,91.4000015258789,91.44000244140625,91.30500030517578,91.41500091552734,1568794
2025-10-20 13:30:00,91.41999816894531,91.51000213623047,91.39450073242188,91.48999786376953,2037979
2025-10-20 14:30:00,91.48500061035156,91.54000091552734,91.43000030517578,91.51499938964844,2721450
2025-10-20 15:30:00,91.51850128173828,91.55999755859375,91.5,91.55000305175781,3788054
2025-10-20 16:00:00,91.55,91.61,91.53,91.6,0
2025-10-20 17:00:00,91.59,91.6093,91.58,91.58,0
2025-10-20 18:00:00,91.6,91.68,91.5301,91.64,0
2025-10-20 19:00:00,91.64,91.68,91.6,91.66,0
2025-10-21 04:00:00,91.72,91.83,91.72,91.8,0
2025-10-21 05:00:00,91.8,91.81,91.76,91.79,0
2025-10-21 06:00:00,91.79,91.79,91.65,91.66,0
2025-10-21 07:00:00,91.66,91.67,91.55,91.59,0
2025-10-21 08:00:00,91.6,91.85,91.55,91.8,0
2025-10-21 09:00:00,91.79,92.06,91.55,91.99,0
2025-10-21 09:30:00,91.98999786376953,92.18499755859375,91.94999694824219,92.05500030517578,7200366
2025-10-21 10:30:00,92.05999755859375,92.0999984741211,91.97339630126953,92.05500030517578,3166982
2025-10-21 11:30:00,92.05000305175781,92.07990264892578,91.93000030517578,91.95860290527344,2293871
2025-10-21 12:30:00,91.95780181884766,92.12999725341797,91.93499755859375,92.0,3010808
2025-10-21 13:30:00,92.00559997558594,92.05000305175781,91.94490051269531,91.99500274658203,1327288
2025-10-21 14:30:00,91.99500274658203,92.03500366210938,91.91010284423828,91.9800033569336,1977843
2025-10-21 15:30:00,91.9800033569336,92.02999877929688,91.94999694824219,92.01000213623047,2471062
2025-10-21 16:00:00,92.01,92.04,91.93,92.03,0
2025-10-21 17:00:00,92.05,92.06,89.2283,92.0209,0
2025-10-21 18:00:00,92.04,92.04,91.9701,91.98,0
2025-10-21 19:00:00,91.97,92.02,91.97,92.0,0
2025-10-22 04:00:00,91.98,92.04,91.98,92.0,0
2025-10-22 05:00:00,91.99,92.1,91.97,92.1,0
2025-10-22 06:00:00,92.09,92.16,91.99,92.15,0
2025-10-22 07:00:00,92.12,92.24,92.08,92.24,0
2025-10-22 08:00:00,92.239,92.36,91.94,92.22,0
2025-10-22 09:00:00,92.2,92.21,91.85,91.99,0
2025-10-22 09:30:00,91.99099731445312,92.02999877929688,91.83999633789062,91.87999725341797,4652760
2025-10-22 10:30:00,91.87000274658203,92.05000305175781,91.81999969482422,92.04499816894531,5505176
2025-10-22 11:30:00,92.05000305175781,92.05500030517578,91.88999938964844,91.93000030517578,2700047
2025-10-22 12:30:00,91.93000030517578,92.17500305175781,91.91000366210938,92.1449966430664,6443078
2025-10-22 13:30:00,92.1449966430664,92.16000366210938,92.04000091552734,92.12000274658203,3137141
2025-10-22 14:30:00,92.125,92.1603012084961,92.04409790039062,92.05999755859375,3036666
2025-10-22 15:30:00,92.05989837646484,92.09500122070312,92.04000091552734,92.07499694824219,2797640
2025-10-22 16:00:00,92.08,92.18,92.06,92.13,0
2025-10-22 17:00:00,92.14,92.19,91.9447,92.1,0
2025-10-22 18:00:00,92.15,92.2,92.1317,92.2,0
2025-10-22 19:00:00,92.2,92.23,92.15,92.1501,0
2025-10-23 04:00:00,91.75,91.75,91.67,91.69,0
2025-10-23 05:00:00,91.68,91.69,91.52,91.55,0
2025-10-23 06:00:00,91.55,91.57,91.5,91.53,0
2025-10-23 07:00:00,91.53,91.54,91.48,91.5,0
2025-10-23 08:00:00,91.5,92.06,91.42,91.62,0
2025-10-23 09:00:00,91.61,91.74,91.53,91.62,0
2025-10-23 09:30:00,91.61000061035156,91.78510284423828,91.59500122070312,91.70500183105469,4405568
2025-10-23 10:30:00,91.72000122070312,91.77999877929688,91.46009826660156,91.4749984741211,3543438
2025-10-23 11:30:00,91.47000122070312,91.50990295410156,91.29000091552734,91.42500305175781,3667421
2025-10-23 12:30:00,91.42009735107422,91.56500244140625,91.37999725341797,91.48500061035156,3337339
2025-10-23 13:30:00,91.48500061035156,91.59559631347656,91.41500091552734,91.58409881591797,2795266
2025-10-23 14:30:00,91.58000183105469,91.61499786376953,91.44999694824219,91.48500061035156,2398864
2025-10-23 15:30:00,91.48500061035156,91.48500061035156,91.38500213623047,91.45500183105469,3513005
2025-10-23 16:00:00,91.46,91.51,91.38,91.44,0
2025-10-23 17:00:00,91.46,91.6,91.39,91.43,0
2025-10-23 18:00:00,91.45,91.53,91.35,91.38,0
2025-10-23 19:00:00,91.38,91.45,91.36,91.39,0
2025-10-24 04:00:00,91.41,91.41,91.3,91.34,0
2025-10-24 05:00:00,91.34,91.34,91.27,91.34,0
2025-10-24 06:00:00,91.33,91.37,91.33,91.37,0
2025-10-24 07:00:00,91.37,91.419,91.32,91.34,0
2025-10-24 08:00:00,91.32,91.5382,91.24,91.33,0
2025-10-24 09:00:00,91.4,91.9,91.4,91.58,0
2025-10-24 09:30:00,91.58499908447266,91.5999984741211,91.16349792480469,91.37999725341797,8380534
2025-10-24 10:30:00,91.38500213623047,91.5250015258789,91.36000061035156,91.48660278320312,3340223
2025-10-24 11:30:00,91.48999786376953,91.55999755859375,91.3550033569336,91.4749984741211,2680364
2025-10-24 12:30:00,91.4749984741211,91.54000091552734,91.44499969482422,91.51000213623047,1953658
2025-10-24 13:30:00,91.5,91.56559753417969,91.44000244140625,91.44670104980469,1670058
2025-10-24 14:30:00,91.44999694824219,91.48809814453125,91.3550033569336,91.40080261230469,3236531
2025-10-24 15:30:00,91.40540313720703,91.48999786376953,91.4000015258789,91.44499969482422,3334002
2025-10-24 16:00:00,91.47,91.47,91.3,91.3,0
2025-10-24 17:00:00,91.3,91.4,91.2588,91.3912,0
2025-10-24 18:00:00,91.39,91.47,91.33,91.44,0
2025-10-24 19:00:00,91.44,91.47,91.39,91.4699,0
2025-10-27 04:00:00,90.84,90.97,90.84,90.93,0
2025-10-27 05:00:00,90.96,91.09,90.96,91.08,0
2025-10-27 06:00:00,91.1,91.11,91.03,91.03,0
2025-10-27 07:00:00,91.02,91.11,90.95,90.959,0
2025-10-27 08:00:00,90.96,91.21,90.8005,91.19,0
2025-10-27 09:00:00,91.17,91.47,91.07,91.31,0
2025-10-27 09:30:00,91.31500244140625,91.37999725341797,91.09439849853516,91.3550033569336,6592025
2025-10-27 10:30:00,91.3550033569336,91.3550033569336,91.22000122070312,91.31999969482422,2639536
2025-10-27 11:30:00,91.31500244140625,91.5999984741211,91.30999755859375,91.58689880371094,3389925
2025-10-27 12:30:00,91.58999633789062,91.7249984741211,91.55259704589844,91.66349792480469,3410570
2025-10-27 13:30:00,91.66500091552734,91.69519805908203,91.61000061035156,91.61009979248047,2479739
2025-10-27 14:30:00,91.61000061035156,91.7300033569336,91.5999984741211,91.69000244140625,3599971
2025-10-27 15:30:00,91.6884994506836,91.79000091552734,91.66000366210938,91.7699966430664,4079103
2025-10-27 16:00:00,91.78,91.9,91.74,91.8404,0
2025-10-27 17:00:00,91.83,91.9002,91.76,91.7613,0
2025-10-27 18:00:00,91.85,91.91,91.83,91.85,0
2025-10-27 19:00:00,91.86,91.92,91.85,91.88,0
2025-10-28 04:00:00,91.94,92.08,91.94,92.05,0
2025-10-28 05:00:00,92.04,92.13,92.04,92.04,0
2025-10-28 06:00:00,92.04,92.07,91.97,91.98,0
2025-10-28 07:00:00,91.98,92.041,91.92,91.95,0
2025-10-28 08:00:00,91.94,92.13,91.84,91.91,0
2025-10-28 09:00:00,91.9,91.9,91.73,91.83,0
2025-10-28 09:30:00,91.83999633789062,91.91999816894531,91.80999755859375,91.86009979248047,5206835
2025-10-28 10:30:00,91.86990356445312,92.05000305175781,91.83999633789062,92.04000091552734,2705551
2025-10-28 11:30:00,92.02999877929688,92.17500305175781,91.94999694824219,91.95349884033203,3731543
2025-10-28 12:30:00,91.95500183105469,92.0199966430664,91.8584976196289,92.01499938964844,3401003
2025-10-28 13:30:00,92.0199966430664,92.04000091552734,91.97100067138672,92.00450134277344,2212310
2025-10-28 14:30:00,92.00299835205078,92.03800201416016,91.91999816894531,91.99009704589844,2140377
2025-10-28 15:30:00,91.99500274658203,92.0250015258789,91.9800033569336,92.01000213623047,2111824
2025-10-28 16:00:00,92.02,92.14,92.01,92.07,0
2025-10-28 17:00:00,92.07,92.1903,89.1521,92.1903,0
2025-10-28 18:00:00,92.13,92.1901,92.09,92.1,0
2025-10-28 19:00:00,92.1,92.15,92.09,92.1103,0
2025-10-29 04:00:00,92.03,92.15,92.03,92.15,0
2025-10-29 05:00:00,92.13,92.13,91.96,92.01,0
2025-10-29 06:00:00,92.01,92.03,91.96,91.96,0
2025-10-29 07:00:00,91.97,92.02,91.84,91.89,0
2025-10-29 08:00:00,91.89,92.17,91.82,91.9,0
2025-10-29 09:00:00,91.91,91.9599,91.87,91.88,0
2025-10-29 09:30:00,91.87000274658203,91.88999938964844,91.72000122070312,91.76499938964844,4006770
2025-10-29 10:30:00,91.76499938964844,91.83999633789062,91.70500183105469,91.7699966430664,2544324
2025-10-29 11:30:00,91.7699966430664,91.77999877929688,91.68000030517578,91.75,2306337
2025-10-29 12:30:00,91.75,91.77999877929688,91.6144027709961,91.625,2492080
2025-10-29 13:30:00,91.62000274658203,91.66000366210938,91.3550033569336,91.4000015258789,5945095
2025-10-29 14:30:00,91.41000366210938,91.47820281982422,91.14409637451172,91.15670013427734,8609651
2025-10-29 15:30:00,91.15589904785156,91.16999816894531,91.01499938964844,91.06500244140625,7692833
2025-10-29 16:00:00,91.09,91.09,90.81,90.85,0
2025-10-29 17:00:00,90.835,90.93,90.81,90.89,0
2025-10-29 18:00:00,90.88,90.92,90.831,90.86,0
2025-10-29 19:00:00,90.86,90.91,90.83,90.87,0
2025-10-30 04:00:00,90.84,90.88,90.79,90.87,0
2025-10-30 05:00:00,90.87,90.92,90.82,90.88,0
2025-10-30 06:00:00,90.89,90.96,90.86,90.89,0
2025-10-30 07:00:00,90.89,90.92,90.65,90.65,0
2025-10-30 08:00:00,90.66,91.02,90.31,90.36,0
2025-10-30 09:00:00,90.36,90.48,90.31,90.39,0
2025-10-30 09:30:00,90.38839721679688,90.8499984741211,90.35440063476562,90.82499694824219,5504970
2025-10-30 10:30:00,90.81999969482422,90.92500305175781,90.69999694824219,90.89759826660156,2264883
2025-10-30 11:30:00,90.88999938964844,90.97000122070312,90.61499786376953,90.75,2978275
2025-10-30 12:30:00,90.75499725341797,90.7699966430664,90.54000091552734,90.5801010131836,1726625
2025-10-30 13:30:00,90.58499908447266,90.63520050048828,90.41000366210938,90.47000122070312,1819749
2025-10-30 14:30:00,90.47000122070312,90.5999984741211,90.41000366210938,90.51499938964844,2468082
2025-10-30 15:30:00,90.51000213623047,90.67500305175781,90.49500274658203,90.56500244140625,2833945
2025-10-30 16:00:00,90.56,91.09,90.41,90.42,0
2025-10-30 17:00:00,90.45,90.47,86.8548,90.4,0
2025-10-30 18:00:00,90.4001,90.46,90.4001,90.42,0
2025-10-30 19:00:00,90.43,90.47,90.39,90.4,0
2025-10-31 04:00:00,90.23,90.23,90.16,90.17,0
2025-10-31 05:00:00,90.17,90.33,90.17,90.3,0
2025-10-31 06:00:00,90.3,90.35,90.26,90.31,0
2025-10-31 07:00:00,90.32,90.33,90.25,90.3,0
2025-10-31 08:00:00,90.3,90.56,90.16,90.395,0
2025-10-31 09:00:00,90.4,90.55,90.34,90.55,0
2025-10-31 09:30:00,90.56500244140625,90.6500015258789,90.48999786376953,90.57499694824219,1937363
2025-10-31 10:30:00,90.58000183105469,90.58719635009766,90.31500244140625,90.39209747314453,1612073
2025-10-31 11:30:00,90.38999938964844,90.38999938964844,90.22000122070312,90.2750015258789,2420175
2025-10-31 12:30:00,90.2750015258789,90.38999938964844,90.19999694824219,90.25499725341797,1517392
2025-10-31 13:30:00,90.25990295410156,90.35970306396484,90.21499633789062,90.30999755859375,4505774
2025-10-31 14:30:00,90.31279754638672,90.33529663085938,90.2249984741211,90.28500366210938,2825930
2025-10-31 15:30:00,90.27999877929688,90.38999938964844,90.2300033569336,90.29000091552734,3896147
2025-10-31 16:00:00,90.29,90.56,86.1432,90.42,0
2025-10-31 17:00:00,90.4699,90.4699,90.24,90.2701,0
2025-10-31 18:00:00,90.29,90.35,90.18,90.19,0
2025-10-31 19:00:00,90.18,90.26,90.08,90.2157,0
2025-11-03 04:00:00,90.1,90.13,90.07,90.12,0
2025-11-03 05:00:00,90.11,90.11,90.03,90.03,0
2025-11-03 06:00:00,90.03,90.03,89.97,90.0,0
2025-11-03 07:00:00,90.02,90.05,89.93,89.93,0
2025-11-03 08:00:00,89.93,90.13,89.59,89.67,0
2025-11-03 09:30:00,89.62999725341797,89.81999969482422,89.56999969482422,89.70999908447266,7376116
2025-11-03 10:30:00,89.70999908447266,89.72989654541016,89.41999816894531,89.55999755859375,3434873
2025-11-03 11:30:00,89.55999755859375,89.58999633789062,89.4800033569336,89.55970001220703,1687742
2025-11-03 12:30:00,89.55500030517578,89.68710327148438,89.55000305175781,89.6050033569336,1410138
2025-11-03 13:30:00,89.6050033569336,89.63999938964844,89.54350280761719,89.56500244140625,1522133
2025-11-03 14:30:00,89.55999755859375,89.69000244140625,89.55500030517578,89.61239624023438,1657295
2025-11-03 15:30:00,89.61000061035156,89.74500274658203,89.59449768066406,89.72000122070312,1540554
2025-11-03 16:00:00,89.72,90.29,89.62,89.6897,0
2025-11-03 17:00:00,89.69,89.74,89.58,89.65,0
2025-11-03 18:00:00,89.64,89.74,89.62,89.65,0
2025-11-04 04:00:00,89.88,89.99,89.88,89.99,0
2025-11-04 05:00:00,89.97,90.02,89.91,89.98,0
2025-11-04 06:00:00,89.97,89.97,89.84,89.84,0
2025-11-04 07:00:00,89.85,89.91,89.8,89.9,0
2025-11-04 08:00:00,89.88,90.03,89.68,89.72,0
2025-11-04 09:00:00,89.73,89.84,89.69,89.78,0
2025-11-04 09:30:00,89.78500366210938,90.0199966430664,89.73999786376953,90.01000213623047,3028073
2025-11-04 10:30:00,90.01000213623047,90.05999755859375,89.94000244140625,89.9800033569336,2125585
2025-11-04 11:30:00,89.98999786376953,89.98999786376953,89.9000015258789,89.95010375976562,1603134
2025-11-04 12:30:00,89.95590209960938,90.0,89.91000366210938,89.92030334472656,957255
2025-11-04 13:30:00,89.92500305175781,89.95999908447266,89.8499984741211,89.875,978375
2025-11-04 14:30:00,89.87860107421875,89.97000122070312,89.87339782714844,89.94499969482422,1254443
2025-11-04 15:30:00,89.94999694824219,89.96849822998047,89.91999816894531,89.94000244140625,1600845
2025-11-04 16:00:00,89.94,90.01,89.74,89.99,0
2025-11-04 17:00:00,89.9891,89.99,89.2283,89.945,0
2025-11-04 18:00:00,89.93,90.0048,89.92,89.941,0
2025-11-05 04:00:00,90.1,90.13,90.04,90.11,0
2025-11-05 05:00:00,90.11,90.12,89.86,89.89,0
2025-11-05 06:00:00,89.89,89.93,89.86,89.92,0
2025-11-05 07:00:00,89.91,90.06,89.89,89.99,0
2025-11-05 08:00:00,90.01,90.14,89.76,89.8697,0
2025-11-05 09:00:00,89.84,89.94,89.41,89.4909,0
2025-11-05 09:30:00,89.51000213623047,89.54499816894531,89.12000274658203,89.30000305175781,5121114
2025-11-05 10:30:00,89.30000305175781,89.30999755859375,88.98999786376953,89.08499908447266,3956257
2025-11-05 11:30:00,89.08499908447266,89.09500122070312,88.87999725341797,88.96009826660156,3196760
2025-11-05 12:30:00,88.96499633789062,89.07990264892578,88.90499877929688,89.03500366210938,1970778
2025-11-05 13:30:00,89.03500366210938,89.05500030517578,88.94010162353516,88.94999694824219,1526928
2025-11-05 14:30:00,88.95069885253906,89.0,88.93499755859375,88.9645004272461,1549956
2025-11-05 15:30:00,88.96499633789062,89.0,88.93000030517578,88.94000244140625,2718844
2025-11-05 16:00:00,88.96,89.94,88.89,88.9295,0
2025-11-05 17:00:00,88.92,91.9447,88.9,88.95,0
2025-11-05 18:00:00,88.95,88.95,88.9108,88.95,0
2025-11-06 04:00:00,89.16,89.2,89.09,89.13,0
2025-11-06 05:00:00,89.14,89.15,89.08,89.12,0
2025-11-06 06:00:00,89.15,89.17,89.12,89.13,0
2025-11-06 07:00:00,89.13,89.22,89.1,89.1,0
2025-11-06 08:00:00,89.14,89.27,89.0512,89.26,0
2025-11-06 09:00:00,89.26,89.59,88.96,89.5599,0
2025-11-06 09:30:00,89.55999755859375,89.79000091552734,89.52999877929688,89.62999725341797,4281100
2025-11-06 10:30:00,89.63500213623047,89.77999877929688,89.59010314941406,89.73500061035156,2474232
2025-11-06 11:30:00,89.73500061035156,89.8499984741211,89.72000122070312,89.79499816894531,2456177
2025-11-06 12:30:00,89.80000305175781,89.80500030517578,89.67990112304688,89.71499633789062,1489109
2025-11-06 13:30:00,89.70999908447266,89.74500274658203,89.66000366210938,89.66999816894531,1012257
2025-11-06 14:30:00,89.66999816894531,89.72989654541016,89.63999938964844,89.69499969482422,1079627
2025-11-06 15:30:00,89.69999694824219,89.77999877929688,89.69000244140625,89.76499938964844,2327520
2025-11-06 16:00:00,89.76,89.82,88.96,89.76,0
2025-11-06 17:00:00,89.7403,89.81,89.55,89.66,0
2025-11-06 18:00:00,89.71,89.79,89.65,89.681,0
2025-11-07 04:00:00,89.46,89.48,89.41,89.48,0
2025-11-07 05:00:00,89.47,89.55,89.44,89.54,0
2025-11-07 06:00:00,89.54,89.73,89.46,89.7,0
2025-11-07 07:00:00,89.71,89.79,89.64,89.64,0
2025-11-07 08:00:00,89.63,89.79,89.41,89.63,0
2025-11-07 09:00:00,89.63,89.65,80.56,89.36,0
2025-11-07 09:30:00,89.36000061035156,89.62000274658203,89.36000061035156,89.58999633789062,3683476
2025-11-07 10:30:00,89.58999633789062,89.84989929199219,89.56500244140625,89.81500244140625,2853257
2025-11-07 11:30:00,89.81999969482422,89.87000274658203,89.75499725341797,89.7699966430664,1986897
2025-11-07 12:30:00,89.7699966430664,89.83999633789062,89.73999786376953,89.77549743652344,1313795
2025-11-07 13:30:00,89.77459716796875,89.80000305175781,89.69000244140625,89.69999694824219,1199238
2025-11-07 14:30:00,89.70500183105469,89.70500183105469,89.5199966430664,89.58000183105469,3025527
2025-11-07 15:30:00,89.58499908447266,89.61000061035156,89.55000305175781,89.57499694824219,1233096
2025-11-07 16:00:00,89.58,89.76,89.52,89.52,0
2025-11-07 17:00:00,89.52,92.9881,89.47,89.47,0
2025-11-07 18:00:00,89.4698,89.53,89.45,89.53,0
2025-11-10 04:00:00,89.03,89.09,89.01,89.06,0
2025-11-10 05:00:00,89.09,89.17,89.08,89.16,0
2025-11-10 06:00:00,89.16,89.2,89.12,89.19,0
2025-11-10 07:00:00,89.2,89.25,89.12,89.14,0
2025-11-10 08:00:00,89.15,89.57,88.92,89.11,0
2025-11-10 09:00:00,89.11,89.57,89.11,89.47,0
2025-11-10 09:30:00,89.48500061035156,89.66999816894531,89.44999694824219,89.5250015258789,2746566
2025-11-10 10:30:00,89.52999877929688,89.54000091552734,89.3949966430664,89.48999786376953,1444357
2025-11-10 11:30:00,89.49579620361328,89.49579620361328,89.38999938964844,89.44000244140625,934030
2025-11-10 12:30:00,89.43499755859375,89.56999969482422,89.40239715576172,89.51499938964844,1355288
2025-11-10 13:30:00,89.51499938964844,89.56999969482422,89.45999908447266,89.54540252685547,667065
2025-11-10 14:30:00,89.54000091552734,89.56999969482422,89.43499755859375,89.45500183105469,1515091
2025-11-10 15:30:00,89.45999908447266,89.55000305175781,89.44999694824219,89.55000305175781,1667765
2025-11-10 16:00:00,89.55,89.57,89.38,89.47,0
2025-11-10 17:00:00,89.5,89.5,89.3725,89.414,0
2025-11-10 18:00:00,89.4772,89.48,89.37,89.47,0
2025-11-11 04:00:00,89.37,89.39,89.36,89.38,0
2025-11-11 05:00:00,89.39,89.39,89.36,89.36,0
2025-11-11 06:00:00,89.35,89.36,89.3,89.31,0
2025-11-11 07:00:00,89.3,89.41,89.3,89.39,0
2025-11-11 08:00:00,89.4,89.87,89.3,89.79,0
2025-11-11 09:00:00,89.79,90.05,89.74,89.94,0
2025-11-11 09:30:00,89.94999694824219,89.97989654541016,89.7750015258789,89.97000122070312,2320149
2025-11-11 10:30:00,89.97000122070312,90.06500244140625,89.9041976928711,89.93789672851562,1657010
2025-11-11 11:30:00,89.93499755859375,90.0,89.91999816894531,89.96759796142578,717761
2025-11-11 12:30:00,89.95999908447266,90.01000213623047,89.93000030517578,89.94999694824219,678828
2025-11-11 13:30:00,89.94999694824219,89.94999694824219,89.87999725341797,89.92759704589844,652274
2025-11-11 14:30:00,89.92500305175781,89.94999694824219,89.87000274658203,89.94000244140625,629086
2025-11-11 15:30:00,89.9397964477539,89.98999786376953,89.91000366210938,89.94999694824219,1192009
2025-11-11 16:00:00,89.96,89.98,89.55,89.9396,0
2025-11-11 17:00:00,89.91,89.94,89.1521,89.92,0
2025-11-11 18:00:00,89.92,89.93,89.87,89.93,0
2025-11-12 04:00:00,89.7,89.78,89.62,89.75,0
2025-11-12 05:00:00,89.75,89.81,89.74,89.75,0
2025-11-12 06:00:00,89.72,89.78,89.68,89.68,0
2025-11-12 07:00:00,89.67,89.83,89.62,89.83,0
2025-11-12 08:00:00,89.82,89.96,89.55,89.83,0
2025-11-12 09:00:00,89.84,89.98,89.7275,89.94,0
2025-11-12 09:30:00,89.94999694824219,90.06999969482422,89.87999725341797,90.04000091552734,2188927
2025-11-12 10:30:00,90.02999877929688,90.16999816894531,90.0,90.15499877929688,1834517
2025-11-12 11:30:00,90.15499877929688,90.30000305175781,90.13999938964844,90.28500366210938,1826462
2025-11-12 12:30:00,90.2844009399414,90.31999969482422,90.11669921875,90.15499877929688,1937209
2025-11-12 13:30:00,90.15499877929688,90.23580169677734,90.12000274658203,90.22989654541016,1162761
2025-11-12 14:30:00,90.22350311279297,90.25,90.05180358886719,90.05180358886719,1226220
2025-11-12 15:30:00,90.05999755859375,90.13999938964844,90.01499938964844,90.11499786376953,1419670
2025-11-12 16:00:00,90.11,90.18,89.96,90.05,0
2025-11-12 17:00:00,90.03,90.09,90.02,90.04,0
2025-11-12 18:00:00,90.09,90.14,90.04,90.12,0
2025-11-13 04:00:00,90.2,90.21,90.16,90.21,0
2025-11-13 05:00:00,90.22,90.22,90.11,90.16,0
2025-11-13 06:00:00,90.17,90.18,89.93,89.93,0
2025-11-13 07:00:00,89.94,89.96,89.9,89.95,0
2025-11-13 08:00:00,89.95,90.22,89.8,89.81,0
2025-11-13 09:00:00,89.81,89.91,89.7197,89.8,0
2025-11-13 09:30:00,89.81999969482422,89.9000015258789,89.6500015258789,89.7699966430664,2532823
2025-11-13 10:30:00,89.77999877929688,89.87999725341797,89.7300033569336,89.79499816894531,1474387
2025-11-13 11:30:00,89.79029846191406,89.84989929199219,89.73500061035156,89.84989929199219,1241364
2025-11-13 12:30:00,89.84500122070312,89.94000244140625,89.5199966430664,89.65499877929688,2174763
2025-11-13 13:30:00,89.65499877929688,89.67900085449219,89.5199966430664,89.53500366210938,1672473
2025-11-13 14:30:00,89.53500366210938,89.63999938964844,89.45999908447266,89.4999008178711,2952194
2025-11-13 15:30:00,89.49500274658203,89.49500274658203,89.37999725341797,89.37999725341797,3381634
2025-11-13 16:00:00,89.38,90.12,89.3,89.42,0
2025-11-13 17:00:00,89.43,89.56,86.8548,89.4498,0
2025-11-13 18:00:00,89.44,89.5,89.35,89.4,0
2025-11-14 04:00:00,89.32,89.32,89.19,89.2,0
2025-11-14 05:00:00,89.19,89.23,89.18,89.2,0
2025-11-14 06:00:00,89.2,89.23,89.12,89.16,0
2025-11-14 07:00:00,89.16,89.78,89.08,89.77,0
2025-11-14 08:00:00,89.77,90.05,89.08,90.0,0
2025-11-14 09:00:00,90.01,90.07,89.7201,89.77,0
2025-11-14 09:30:00,89.79000091552734,89.83000183105469,89.16000366210938,89.17009735107422,4581186
2025-11-14 10:30:00,89.17500305175781,89.26000213623047,89.06999969482422,89.08999633789062,2353291
2025-11-14 11:30:00,89.09500122070312,89.14990234375,88.91999816894531,88.95999908447266,2189261
2025-11-14 12:30:00,88.95500183105469,89.00509643554688,88.87000274658203,88.95500183105469,1962410
2025-11-14 13:30:00,88.9541015625,89.01499938964844,88.94000244140625,88.96499633789062,1270688
2025-11-14 14:30:00,88.95999908447266,88.97830200195312,88.91000366210938,88.91500091552734,2055513
2025-11-14 15:30:00,88.91500091552734,88.94000244140625,88.875,88.875,3567862
2025-11-14 16:00:00,88.87,89.38,88.86,88.8701,0
2025-11-14 17:00:00,88.88,88.99,88.87,88.98,0
2025-11-14 18:00:00,88.98,88.98,88.88,88.97,0
2025-11-17 04:00:00,89.15,89.2,89.15,89.15,0
2025-11-17 05:00:00,89.15,89.23,89.14,89.19,0
2025-11-17 06:00:00,89.2,89.2,89.17,89.18,0
2025-11-17 07:00:00,89.19,89.38,89.19,89.36,0
2025-11-17 08:00:00,89.35,89.38,88.87,89.01,0
2025-11-17 09:00:00,89.0,89.1101,88.78,89.09,0
2025-11-17 09:30:00,89.08499908447266,89.15499877929688,88.9800033569336,89.08820343017578,3230804
2025-11-17 10:30:00,89.08560180664062,89.26499938964844,89.07009887695312,89.19999694824219,2156557
2025-11-17 11:30:00,89.19999694824219,89.30000305175781,89.16000366210938,89.16000366210938,1119839
2025-11-17 12:30:00,89.16549682617188,89.19840240478516,89.0999984741211,89.16500091552734,1119724
2025-11-17 13:30:00,89.15499877929688,89.18620300292969,89.06500244140625,89.08999633789062,973960
2025-11-17 14:30:00,89.08999633789062,89.16000366210938,89.02010345458984,89.15499877929688,1276342
2025-11-17 15:30:00,89.15499877929688,89.16999816894531,89.07499694824219,89.1050033569336,1801097
2025-11-17 16:00:00,89.09,89.1999,88.87,89.08,0
2025-11-17 17:00:00,89.0867,89.11,89.02,89.095,0
2025-11-17 18:00:00,89.08,89.08,89.0,89.01,0
2025-11-18 04:00:00,89.31,89.36,89.29,89.33,0
2025-11-18 05:00:00,89.37,89.38,89.31,89.34,0
2025-11-18 06:00:00,89.31,89.31,89.19,89.28,0
2025-11-18 07:00:00,89.29,89.42,89.28,89.39,0
2025-11-18 08:00:00,89.35,89.49,89.09,89.36,0
2025-11-18 09:00:00,89.38,89.51,89.09,89.3499,0
2025-11-18 09:30:00,89.33999633789062,89.44499969482422,89.21499633789062,89.28009796142578,4503918
2025-11-18 10:30:00,89.2750015258789,89.3550033569336,89.0250015258789,89.03500366210938,1827904
2025-11-18 11:30:00,89.02999877929688,89.06999969482422,88.93000030517578,88.96499633789062,1411486
2025-11-18 12:30:00,88.96099853515625,88.97000122070312,88.80000305175781,88.85990142822266,2502099
2025-11-18 13:30:00,88.86000061035156,89.01499938964844,88.84500122070312,88.99500274658203,1234136
2025-11-18 14:30:00,88.99500274658203,89.05000305175781,88.94999694824219,88.99500274658203,1333273
2025-11-18 15:30:00,88.99500274658203,89.08000183105469,88.9800033569336,89.05999755859375,2107998
2025-11-18 16:00:00,89.06,89.12,89.02,89.12,0
2025-11-18 17:00:00,89.2283,89.38,89.04,89.11,0
2025-11-18 18:00:00,89.12,89.15,89.06,89.1499,0
2025-11-19 04:00:00,89.07,89.07,89.0,89.0,0
2025-11-19 05:00:00,88.99,89.02,88.95,88.97,0
2025-11-19 06:00:00,88.96,88.98,88.87,88.98,0
2025-11-19 07:00:00,88.99,89.19,88.99,89.17,0
2025-11-19 08:00:00,89.17,89.23,88.87,89.16,0
2025-11-19 09:00:00,89.17,90.12,89.09,89.225,0
2025-11-19 09:30:00,89.22000122070312,89.30999755859375,88.8550033569336,88.94999694824219,2087275
2025-11-19 10:30:00,88.94999694824219,89.12999725341797,88.9000015258789,89.11519622802734,1520905
2025-11-19 11:30:00,89.11499786376953,89.2699966430664,89.1050033569336,89.19499969482422,1335219
2025-11-19 12:30:00,89.1969985961914,89.20999908447266,89.0999984741211,89.16999816894531,1395400
2025-11-19 13:30:00,89.16999816894531,89.26000213623047,89.05999755859375,89.0999984741211,1357173
2025-11-19 14:30:00,89.1050033569336,89.13009643554688,88.8550033569336,88.90499877929688,1452163
2025-11-19 15:30:00,88.9000015258789,88.91999816894531,88.87000274658203,88.90499877929688,2182639
2025-11-19 16:00:00,88.88,89.06,88.75,88.7898,0
2025-11-19 17:00:00,88.8,88.87,88.8,88.83,0
2025-11-19 18:00:00,88.82,88.84,88.78,88.7844,0
2025-11-20 04:00:00,88.96,88.97,88.89,88.91,0
2025-11-20 05:00:00,88.91,88.96,88.87,88.87,0
2025-11-20 06:00:00,88.89,88.95,88.83,88.83,0
2025-11-20 07:00:00,88.83,88.84,88.79,88.83,0
2025-11-20 08:00:00,88.83,89.0,88.78,88.82,0
2025-11-20 09:00:00,88.75,89.13,88.5676,88.99,0
2025-11-20 09:30:00,88.99500274658203,89.18000030517578,88.98999786376953,89.16010284423828,3155923
2025-11-20 10:30:00,89.16010284423828,89.41999816894531,89.02999877929688,89.30000305175781,1826012
2025-11-20 11:30:00,89.30999755859375,89.41500091552734,89.18000030517578,89.36009979248047,1848039
2025-11-20 12:30:00,89.37000274658203,89.38500213623047,89.06999969482422,89.13999938964844,1500911
2025-11-20 13:30:00,89.1447982788086,89.33989715576172,89.12999725341797,89.21499633789062,1267479
2025-11-20 14:30:00,89.21499633789062,89.25990295410156,89.17500305175781,89.2249984741211,1111826
2025-11-20 15:30:00,89.2249984741211,89.31999969482422,89.20999908447266,89.23999786376953,3834164
2025-11-20 16:00:00,89.22,89.33,88.88,89.3,0
2025-11-20 17:00:00,89.32,89.32,89.13,89.25,0
2025-11-20 18:00:00,89.23,89.35,89.23,89.3048,0
2025-11-21 04:00:00,89.4,89.4,89.36,89.37,0
2025-11-21 05:00:00,89.39,89.75,89.39,89.71,0
2025-11-21 06:00:00,89.71,89.71,89.51,89.53,0
2025-11-21 07:00:00,89.53,89.761,89.53,89.76,0
2025-11-21 08:00:00,89.77,89.89,89.23,89.5,0
2025-11-21 09:00:00,89.5,89.7,89.49,89.6399,0
2025-11-21 09:30:00,89.65499877929688,89.66999816894531,89.43000030517578,89.5386962890625,4266373
2025-11-21 10:30:00,89.53500366210938,89.62999725341797,89.33000183105469,89.3501968383789,2698628
2025-11-21 11:30:00,89.3499984741211,89.37999725341797,89.20999908447266,89.2249984741211,2487628
2025-11-21 12:30:00,89.2300033569336,89.40499877929688,89.19499969482422,89.39810180664062,1642170
2025-11-21 13:30:00,89.40499877929688,89.40499877929688,89.25499725341797,89.36499786376953,1423362
2025-11-21 14:30:00,89.3550033569336,89.4800033569336,89.35009765625,89.45020294189453,1660748
2025-11-21 15:30:00,89.45500183105469,89.5,89.43000030517578,89.49500274658203,21683355
2025-11-21 16:00:00,89.5,89.52,89.23,89.45,0
2025-11-21 17:00:00,89.4425,92.9881,89.2401,89.2401,0
2025-11-21 18:00:00,89.2497,89.26,89.17,89.26,0
2025-11-24 04:00:00,89.67,89.81,89.67,89.77,0
2025-11-24 05:00:00,89.78,89.84,89.76,89.81,0
2025-11-24 06:00:00,89.81,89.86,89.79,89.81,0
2025-11-24 07:00:00,89.81,89.88,89.81,89.87,0
2025-11-24 08:00:00,89.88,90.0,89.5,89.79,0
2025-11-24 09:00:00,89.79,89.96,89.76,89.92,0
2025-11-24 09:30:00,89.94999694824219,89.97650146484375,89.78500366210938,89.86000061035156,3945795
2025-11-24 10:30:00,89.86000061035156,89.8949966430664,89.78009796142578,89.86000061035156,1508743
2025-11-24 11:30:00,89.8550033569336,89.98650360107422,89.83999633789062,89.98500061035156,999053
2025-11-24 12:30:00,89.98500061035156,90.02999877929688,89.94499969482422,89.99500274658203,1753343
2025-11-24 13:30:00,89.99500274658203,90.06649780273438,89.9801025390625,90.05500030517578,1622817
2025-11-24 14:30:00,90.05899810791016,90.05999755859375,89.94000244140625,89.97000122070312,1219331
2025-11-24 15:30:00,89.96499633789062,90.0,89.94999694824219,89.99500274658203,2161292
2025-11-24 16:00:00,89.99,90.1,89.5,90.1,0
2025-11-24 17:00:00,90.1,90.11,89.9,89.937,0
2025-11-24 18:00:00,89.99,90.1285,89.99,90.0298,0
2025-11-25 04:00:00,90.01,90.05,89.99,90.05,0
2025-11-25 05:00:00,90.05,90.13,90.04,90.12,0
2025-11-25 06:00:00,90.13,90.14,90.05,90.07,0
2025-11-25 07:00:00,90.08,90.16,90.08,90.12,0
2025-11-25 08:00:00,90.13,90.4,89.89,90.34,0
2025-11-25 09:00:00,90.36,90.47,90.21,90.29,0
2025-11-25 09:30:00,90.31500244140625,90.54000091552734,90.26000213623047,90.45500183105469,4922121
2025-11-25 10:30:00,90.44999694824219,90.52999877929688,90.30999755859375,90.4749984741211,1927086
2025-11-25 11:30:00,90.4749984741211,90.58999633789062,90.26000213623047,90.44000244140625,3416079
2025-11-25 12:30:00,90.43000030517578,90.54499816894531,90.3499984741211,90.38999938964844,1655025
2025-11-25 13:30:00,90.3949966430664,90.41999816894531,90.33499908447266,90.36000061035156,1241179
2025-11-25 14:30:00,90.3550033569336,90.375,90.12999725341797,90.1500015258789,2408981
2025-11-25 15:30:00,90.1449966430664,90.24500274658203,90.13999938964844,90.2300033569336,2056459
2025-11-25 16:00:00,90.24,90.43,90.01,90.4229,0
2025-11-25 17:00:00,90.42,90.45,89.1521,90.35,0
2025-11-25 18:00:00,90.36,90.4933,90.2819,90.42,0
2025-11-26 04:00:00,90.31,90.34,90.25,90.33,0
2025-11-26 05:00:00,90.32,90.42,90.3,90.42,0
2025-11-26 06:00:00,90.4,90.43,90.33,90.35,0
2025-11-26 07:00:00,90.36,90.5,90.1,90.23,0
2025-11-26 08:00:00,90.22,90.51,90.11,90.4,0
2025-11-26 09:00:00,90.35,90.4,90.02,90.17,0
2025-11-26 09:30:00,90.1449966430664,90.20999908447266,89.83000183105469,90.20500183105469,4159172
2025-11-26 10:30:00,90.19000244140625,90.41999816894531,90.16999816894531,90.3550033569336,2163187
2025-11-26 11:30:00,90.35359954833984,90.45999908447266,90.31500244140625,90.40499877929688,1702473
2025-11-26 12:30:00,90.41000366210938,90.51000213623047,90.34500122070312,90.45999908447266,1157181
2025-11-26 13:30:00,90.46499633789062,90.55000305175781,90.44000244140625,90.54759979248047,2713202
2025-11-26 14:30:00,90.54499816894531,90.56999969482422,90.5199966430664,90.55000305175781,2013268
2025-11-26 15:30:00,90.55000305175781,90.63999938964844,90.54000091552734,90.62999725341797,2856868
2025-11-26 16:00:00,90.64,90.64,90.24,90.56,0
2025-11-26 17:00:00,90.56,90.63,90.56,90.59,0
2025-11-26 18:00:00,90.5699,90.63,90.52,90.63,0
2025-11-28 04:00:00,90.45,90.61,90.44,90.46,0
2025-11-28 05:00:00,90.45,90.49,90.44,90.48,0
2025-11-28 06:00:00,90.48,90.5,90.42,90.44,0
2025-11-28 07:00:00,90.43,90.5,90.41,90.5,0
2025-11-28 08:00:00,90.5,90.64,90.3812,90.505,0
2025-11-28 09:00:00,90.49,90.64,90.4,90.45,0
2025-11-28 09:30:00,90.45999908447266,90.52989959716797,90.2750015258789,90.2750015258789,5082188
2025-11-28 10:30:00,90.2750015258789,90.27999877929688,89.94999694824219,90.03500366210938,6119334
2025-11-28 11:30:00,90.04000091552734,90.23999786376953,90.03160095214844,90.16999816894531,3675969
2025-11-28 13:00:00,90.16500091552734,90.63999938964844,90.08999633789062,90.23999786376953,0
2025-11-28 14:00:00,90.23,93.4342,90.19,90.2403,0
2025-11-28 15:00:00,90.2497,93.4342,86.8548,90.21,0
2025-11-28 16:00:00,90.21,90.22,90.16,90.21,0
2025-12-01 04:00:00,89.48,89.51,89.37,89.43,0
2025-12-01 05:00:00,89.42,89.45,89.4,89.44,0
2025-12-01 06:00:00,89.44,89.46,89.42,89.45,0
2025-12-01 07:00:00,89.44,89.44,89.36,89.39,0
2025-12-01 08:00:00,89.38,89.54,89.27,89.3,0
2025-12-01 09:00:00,89.2995,90.21,88.82,88.8496,0
2025-12-01 09:30:00,88.84500122070312,88.98999786376953,88.7300033569336,88.93499755859375,7933541
2025-12-01 10:30:00,88.93499755859375,88.94000244140625,88.73419952392578,88.81340026855469,3068487
2025-12-01 11:30:00,88.80999755859375,88.81999969482422,88.7300033569336,88.78990173339844,2471939
2025-12-01 12:30:00,88.77999877929688,88.86000061035156,88.70999908447266,88.82499694824219,2002675
2025-12-01 13:30:00,88.82499694824219,88.82499694824219,88.7300033569336,88.76000213623047,1625233
2025-12-01 14:30:00,88.76000213623047,88.83999633789062,88.75499725341797,88.82499694824219,1702635
2025-12-01 15:30:00,88.82499694824219,88.83000183105469,88.75,88.7699966430664,3125916
2025-12-01 16:00:00,88.77,90.21,88.77,88.86,0
2025-12-01 17:00:00,88.87,88.89,88.845,88.87,0
2025-12-01 18:00:00,88.87,88.87,88.8,88.83,0
2025-12-02 04:00:00,88.81,88.87,88.76,88.85,0
2025-12-02 05:00:00,88.86,89.01,88.83,89.01,0
2025-12-02 06:00:00,89.0,89.0,88.89,88.89,0
2025-12-02 07:00:00,88.88,88.89,88.65,88.66,0
2025-12-02 08:00:00,88.65,89.01,88.51,88.6,0
2025-12-02 09:00:00,88.6,88.77,88.5,88.58,0
2025-12-02 09:30:00,88.57499694824219,88.62989807128906,88.45999908447266,88.57499694824219,3993654
2025-12-02 10:30:00,88.57499694824219,88.76000213623047,88.55999755859375,88.7334976196289,2379563
2025-12-02 11:30:00,88.73999786376953,88.82499694824219,88.69000244140625,88.80180358886719,2169491
2025-12-02 12:30:00,88.80000305175781,88.87999725341797,88.77999877929688,88.78500366210938,2030916
2025-12-02 13:30:00,88.78479766845703,88.93000030517578,88.77999877929688,88.91899871826172,1100605
2025-12-02 14:30:00,88.91999816894531,88.95500183105469,88.86000061035156,88.87000274658203,1168063
2025-12-02 15:30:00,88.87000274658203,88.87000274658203,88.80439758300781,88.81500244140625,1685845
2025-12-02 16:00:00,88.82,88.84,88.7409,88.78,0
2025-12-02 17:00:00,88.79,89.2283,88.75,88.8199,0
2025-12-02 18:00:00,88.83,88.89,88.74,88.7567,0
2025-12-03 04:00:00,88.94,88.94,88.79,88.85,0
2025-12-03 05:00:00,88.85,88.88,88.78,88.82,0
2025-12-03 06:00:00,88.83,88.9,88.82,88.9,0
2025-12-03 07:00:00,88.9,89.14,88.9,89.14,0
2025-12-03 08:00:00,89.15,89.24,88.77,89.06,0
2025-12-03 09:00:00,89.05,89.16,88.81,88.91,0
2025-12-03 09:30:00,88.91100311279297,89.14990234375,88.87999725341797,88.9198989868164,4099462
2025-12-03 10:30:00,88.91500091552734,88.95500183105469,88.73999786376953,88.83999633789062,1802789
2025-12-03 11:30:00,88.83499908447266,88.9657974243164,88.77999877929688,88.94499969482422,1308805
2025-12-03 12:30:00,88.94499969482422,89.04000091552734,88.94499969482422,88.9800033569336,893121
2025-12-03 13:30:00,88.9800033569336,89.15499877929688,88.9749984741211,89.125,809998
2025-12-03 14:30:00,89.125,89.13500213623047,89.08000183105469,89.08999633789062,974494
2025-12-03 15:30:00,89.08499908447266,89.08499908447266,89.01000213623047,89.05000305175781,1656861
2025-12-03 16:00:00,89.05,89.09,89.02,89.02,0
2025-12-03 17:00:00,89.0106,91.9447,89.01,89.03,0
2025-12-03 18:00:00,89.04,89.04,88.91,88.95,0
2025-12-04 04:00:00,88.84,88.88,88.81,88.86,0
2025-12-04 05:00:00,88.87,88.88,88.83,88.86,0
2025-12-04 06:00:00,88.86,89.01,88.86,88.97,0
2025-12-04 07:00:00,88.97,88.99,88.89,88.98,0
2025-12-04 08:00:00,88.97,89.06,88.73,88.75,0
2025-12-04 09:00:00,88.71,88.93,88.53,88.92,0
2025-12-04 09:30:00,88.91999816894531,88.93000030517578,88.67990112304688,88.73999786376953,2651220
2025-12-04 10:30:00,88.7300033569336,88.75499725341797,88.58999633789062,88.6281967163086,1609409
2025-12-04 11:30:00,88.62000274658203,88.72000122070312,88.56999969482422,88.67009735107422,1848599
2025-12-04 12:30:00,88.67500305175781,88.69000244140625,88.62999725341797,88.65499877929688,1572068
2025-12-04 13:30:00,88.6520004272461,88.66000366210938,88.50360107421875,88.5250015258789,1545020
2025-12-04 14:30:00,88.5250015258789,88.56999969482422,88.4800033569336,88.54000091552734,1414591
2025-12-04 15:30:00,88.53500366210938,88.61000061035156,88.51000213623047,88.5999984741211,2004987
2025-12-04 16:00:00,88.58,89.06,88.57,88.65,0
2025-12-04 17:00:00,88.6686,88.6823,88.58,88.63,0
2025-12-04 18:00:00,88.68,88.69,88.59,88.6486,0
2025-12-05 04:00:00,88.57,88.58,88.54,88.58,0
2025-12-05 05:00:00,88.58,88.61,88.54,88.56,0
2025-12-05 06:00:00,88.56,88.58,88.52,88.52,0
2025-12-05 07:00:00,88.52,88.56,88.42,88.44,0
2025-12-05 08:00:00,88.45,88.72,88.4116,88.52,0
2025-12-05 09:00:00,88.5,88.65,88.36,88.55,0
2025-12-05 09:30:00,88.55000305175781,88.55000305175781,88.33000183105469,88.41549682617188,4196758
2025-12-05 10:30:00,88.41999816894531,88.42649841308594,88.05999755859375,88.09100341796875,3803903
2025-12-05 11:30:00,88.08999633789062,88.26000213623047,88.08000183105469,88.17500305175781,2615203
2025-12-05 12:30:00,88.17500305175781,88.18499755859375,88.04499816894531,88.11990356445312,1667301
2025-12-05 13:30:00,88.11499786376953,88.1500015258789,88.08000183105469,88.1344985961914,1138614
2025-12-05 14:30:00,88.13500213623047,88.22550201416016,88.11499786376953,88.16500091552734,1525215
2025-12-05 15:30:00,88.16500091552734,88.19499969482422,88.1500015258789,88.16000366210938,2303095
2025-12-05 16:00:00,88.17,88.58,88.09,88.13,0
2025-12-05 17:00:00,88.16,92.9881,88.15,88.2,0
2025-12-05 18:00:00,88.2,88.2,88.18,88.19,0
2025-12-08 04:00:00,88.13,88.13,88.05,88.08,0
2025-12-08 05:00:00,88.08,88.08,87.92,87.95,0
2025-12-08 06:00:00,87.96,88.02,87.92,87.93,0
2025-12-08 07:00:00,87.94,87.98,87.9,87.95,0
2025-12-08 08:00:00,87.95,88.22,87.9002,88.15,0
2025-12-08 09:00:00,88.14,88.22,88.04,88.17,0
2025-12-08 09:30:00,88.189697265625,88.19000244140625,87.61000061035156,87.69000244140625,4655773
2025-12-08 10:30:00,87.68409729003906,87.74500274658203,87.55999755859375,87.68000030517578,2816170
2025-12-08 11:30:00,87.68000030517578,87.77989959716797,87.66999816894531,87.75,1323812
2025-12-08 12:30:00,87.76000213623047,87.77649688720703,87.6500015258789,87.76499938964844,1337291
2025-12-08 13:30:00,87.76499938964844,87.93000030517578,87.76010131835938,87.91999816894531,1328285
2025-12-08 14:30:00,87.91899871826172,87.93000030517578,87.79499816894531,87.87999725341797,1513034
2025-12-08 15:30:00,87.87999725341797,87.93000030517578,87.87000274658203,87.87999725341797,2558175
2025-12-08 16:00:00,87.88,88.17,87.86,87.9836,0
2025-12-08 17:00:00,87.98,87.99,87.9298,87.9405,0
2025-12-08 18:00:00,87.94,87.9677,87.87,87.88,0
2025-12-09 04:00:00,88.01,88.26,87.88,87.88,74245
2025-12-09 05:00:00,88.22,88.22,88.09,88.15,0
2025-12-09 06:00:00,88.12,88.21,88.11,88.17,0
2025-12-09 07:00:00,88.17,88.17,88.02,88.05,0
2025-12-09 08:00:00,88.06,88.25,87.8795,88.0699,0
2025-12-09 09:00:00,88.06,88.41,88.01,88.35,0
2025-12-09 09:30:00,87.87999725341797,88.34220123291016,87.83999633789062,88.05000305175781,5147099
2025-12-09 10:30:00,88.05000305175781,88.09500122070312,87.9000015258789,88.01000213623047,1671322
2025-12-09 11:30:00,88.01000213623047,88.16999816894531,87.99340057373047,88.04499816894531,1090096
2025-12-09 12:30:00,88.04499816894531,88.11499786376953,88.0,88.01499938964844,1035155
2025-12-09 13:30:00,88.01499938964844,88.0250015258789,87.85099792480469,87.94000244140625,1918705
2025-12-09 14:30:00,87.94000244140625,87.98999786376953,87.91999816894531,87.98580169677734,1181458
2025-12-09 15:30:00,87.98580169677734,87.98999786376953,87.87999725341797,87.95500183105469,1177156
2025-12-09 16:00:00,87.96,87.97,87.88,87.92,0
2025-12-09 17:00:00,87.92,89.1521,81.9984,87.9262,0
2025-12-09 18:00:00,87.945,87.9688,87.93,87.9403,0
2025-12-10 04:00:00,87.9,87.9,87.77,87.77,0
2025-12-10 05:00:00,87.77,87.78,87.72,87.73,0
2025-12-10 06:00:00,87.76,87.81,87.71,87.81,0
2025-12-10 07:00:00,87.84,87.9,87.75,87.75,0
2025-12-10 08:00:00,87.77,88.04,87.71,87.8,0
2025-12-10 09:00:00,87.81,88.03,87.7997,88.0,0
2025-12-10 09:30:00,87.99369812011719,88.31500244140625,87.98999786376953,88.26499938964844,2969915
2025-12-10 10:30:00,88.2698974609375,88.33999633789062,88.2300033569336,88.32499694824219,1653236
2025-12-10 11:30:00,88.33000183105469,88.41999816894531,88.29419708251953,88.38500213623047,1349637
2025-12-10 12:30:00,88.38999938964844,88.38999938964844,88.31999969482422,88.37999725341797,1022191
2025-12-10 13:30:00,88.37999725341797,88.5199966430664,87.95500183105469,87.98500061035156,3775869
2025-12-10 14:30:00,87.98999786376953,88.375,87.8550033569336,88.31999969482422,4374851
2025-12-10 15:30:00,88.31999969482422,88.32499694824219,88.25,88.27999877929688,23145035
2025-12-10 16:00:00,88.31,88.31,87.97,88.22,0
2025-12-10 17:00:00,88.208,88.25,88.2,88.22,0
2025-12-10 18:00:00,88.23,88.38,88.2115,88.3,0
2025-12-11 04:00:00,88.38,88.38,88.09,88.14,0
2025-12-11 05:00:00,88.14,88.28,88.12,88.26,0
2025-12-11 06:00:00,88.24,88.36,88.22,88.36,0
2025-12-11 07:00:00,88.38,88.44,88.31,88.38,0
2025-12-11 08:00:00,88.39,88.6602,88.09,88.35,0
2025-12-11 09:00:00,88.45,88.72,88.24,88.6905,0
2025-12-11 09:30:00,88.69000244140625,88.8292007446289,88.59500122070312,88.66000366210938,3302665
2025-12-11 10:30:00,88.65499877929688,88.69000244140625,88.47000122070312,88.49500274658203,1349893
2025-12-11 11:30:00,88.49649810791016,88.63999938964844,88.48999786376953,88.58390045166016,990843
2025-12-11 12:30:00,88.58260345458984,88.58260345458984,88.38999938964844,88.4573974609375,1486873
2025-12-11 13:30:00,88.45500183105469,88.5,88.18450164794922,88.2249984741211,1872676
2025-12-11 14:30:00,88.22450256347656,88.30000305175781,88.16000366210938,88.2300033569336,2359447
2025-12-11 15:30:00,88.23249816894531,88.26000213623047,88.16000366210938,88.19499969482422,1830235
2025-12-11 16:00:00,88.19,88.31,88.04,88.075,0
2025-12-11 17:00:00,88.0793,88.19,86.8548,88.16,0
2025-12-11 18:00:00,88.17,88.2,88.11,88.18,0
2025-12-12 04:00:00,87.89,87.97,87.8,87.81,0
2025-12-12 05:00:00,87.83,87.85,87.8,87.81,0
2025-12-12 06:00:00,87.8,87.82,87.78,87.79,0
2025-12-12 07:00:00,87.8,87.84,87.71,87.73,0
2025-12-12 08:00:00,87.71,88.08,87.5198,87.575,0
2025-12-12 09:00:00,87.57,87.6,87.3,87.38,0
2025-12-12 09:30:00,87.36000061035156,87.48590087890625,87.3499984741211,87.42500305175781,5067191
2025-12-12 10:30:00,87.43000030517578,87.48999786376953,87.28009796142578,87.30500030517578,3335214
2025-12-12 11:30:00,87.30500030517578,87.43000030517578,87.19000244140625,87.41510009765625,2377483
2025-12-12 12:30:00,87.41000366210938,87.42500305175781,87.29000091552734,87.33260345458984,1577201
2025-12-12 13:30:00,87.33550262451172,87.36000061035156,87.2699966430664,87.28500366210938,2592942
2025-12-12 14:30:00,87.28500366210938,87.33000183105469,87.27999877929688,87.30989837646484,1650865
2025-12-12 15:30:00,87.30500030517578,87.37999725341797,87.27999877929688,87.3499984741211,4138267
2025-12-12 16:00:00,87.34,88.19,87.27,87.4499,0
2025-12-12 17:00:00,87.45,87.46,87.4099,87.45,0
2025-12-12 18:00:00,87.455,87.46,87.36,87.3869,0
2025-12-15 04:00:00,87.61,87.69,87.61,87.68,0
2025-12-15 05:00:00,87.67,87.76,87.67,87.71,0
2025-12-15 06:00:00,87.7,87.71,87.64,87.71,0
2025-12-15 07:00:00,87.71,87.83,87.7,87.8,0
2025-12-15 08:00:00,87.8,87.84,87.47,87.57,0
2025-12-15 09:00:00,87.58,87.72,87.34,87.715,0
2025-12-15 09:30:00,87.71499633789062,87.87999725341797,87.70999908447266,87.78990173339844,3623080
2025-12-15 10:30:00,87.79000091552734,87.79499816894531,87.6500015258789,87.66000366210938,2330739
2025-12-15 11:30:00,87.654296875,87.66500091552734,87.4542007446289,87.45500183105469,1696882
2025-12-15 12:30:00,87.45500183105469,87.55500030517578,87.42449951171875,87.43009948730469,879333
2025-12-15 13:30:00,87.43150329589844,87.48989868164062,87.4000015258789,87.404296875,969034
2025-12-15 14:30:00,87.40989685058594,87.51000213623047,87.4000015258789,87.47000122070312,1142120
2025-12-15 15:30:00,87.46990203857422,87.4749984741211,87.38999938964844,87.41000366210938,2787930
2025-12-15 16:00:00,87.4,87.49,87.34,87.49,0
2025-12-15 17:00:00,87.47,87.502,87.47,87.47,0
2025-12-15 18:00:00,87.49,87.68,87.42,87.55,0
2025-12-16 04:00:00,87.56,87.6,87.55,87.57,0
2025-12-16 05:00:00,87.57,87.57,87.42,87.46,0
2025-12-16 06:00:00,87.45,87.45,87.41,87.43,0
2025-12-16 07:00:00,87.45,87.45,87.41,87.45,0
2025-12-16 08:00:00,87.48,87.72,87.4,87.7,0
2025-12-16 09:00:00,87.75,87.87,87.15,87.19,0
2025-12-16 09:30:00,87.18499755859375,87.76499938964844,87.16999816894531,87.7300033569336,5500896
2025-12-16 10:30:00,87.71330261230469,87.7249984741211,87.44000244140625,87.66500091552734,2284350
2025-12-16 11:30:00,87.66500091552734,87.81999969482422,87.625,87.77999877929688,2048877
2025-12-16 12:30:00,87.7750015258789,87.83999633789062,87.66000366210938,87.71990203857422,1453065
2025-12-16 13:30:00,87.71499633789062,87.79640197753906,87.6500015258789,87.78450012207031,1235584
2025-12-16 14:30:00,87.79000091552734,87.91999816894531,87.7500991821289,87.89009857177734,1845023
2025-12-16 15:30:00,87.8949966430664,87.91999816894531,87.86000061035156,87.90499877929688,2793006
2025-12-16 16:00:00,87.91,87.98,87.4,87.88,0
2025-12-16 17:00:00,87.98,87.98,87.8496,87.9,0
2025-12-16 18:00:00,87.9291,87.96,87.84,87.86,0
2025-12-17 04:00:00,87.73,87.73,87.66,87.68,0
2025-12-17 05:00:00,87.68,87.68,87.61,87.62,0
2025-12-17 06:00:00,87.61,87.63,87.5,87.5,0
2025-12-17 07:00:00,87.5,87.53,87.439,87.51,0
2025-12-17 08:00:00,87.51,87.88,87.4396,87.67,0
2025-12-17 09:00:00,87.68,87.77,87.59,87.61,0
2025-12-17 09:30:00,87.63999938964844,87.84559631347656,87.5801010131836,87.84559631347656,2011286
2025-12-17 10:30:00,87.8499984741211,87.98560333251953,87.66000366210938,87.70500183105469,2628647
2025-12-17 11:30:00,87.70500183105469,87.7699966430664,87.69999694824219,87.73999786376953,1495288
2025-12-17 12:30:00,87.74500274658203,87.77619934082031,87.66840362548828,87.70999908447266,1184048
2025-12-17 13:30:00,87.70999908447266,87.78589630126953,87.66500091552734,87.7750015258789,961463
2025-12-17 14:30:00,87.77999877929688,87.83499908447266,87.73999786376953,87.74500274658203,876412
2025-12-17 15:30:00,87.74500274658203,87.8499984741211,87.73999786376953,87.82499694824219,2191323
2025-12-17 16:00:00,87.825,87.88,87.73,87.7693,0
2025-12-17 17:00:00,87.76,87.79,87.68,87.7,0
2025-12-17 18:00:00,87.7,87.86,87.7,87.85,0
2025-12-18 04:00:00,87.87,87.97,87.87,87.93,0
2025-12-18 05:00:00,87.93,87.96,87.85,87.86,0
2025-12-18 06:00:00,87.87,87.99,87.86,87.94,0
2025-12-18 07:00:00,87.94,87.98,87.8,87.8,0
2025-12-18 08:00:00,87.8,88.06,87.78,88.01,0
2025-12-18 09:00:00,88.08,88.36,87.8,88.14,0
2025-12-18 09:30:00,88.12999725341797,88.23999786376953,88.06999969482422,88.20500183105469,5057257
2025-12-18 10:30:00,88.19999694824219,88.375,88.18499755859375,88.3499984741211,2670242
2025-12-18 11:30:00,88.34500122070312,88.37999725341797,88.1050033569336,88.15499877929688,1655237
2025-12-18 12:30:00,88.15499877929688,88.20500183105469,88.08499908447266,88.125,15149765
2025-12-18 13:30:00,88.125,88.19000244140625,88.11000061035156,88.16500091552734,0
2025-12-18 14:30:00,88.16500091552734,88.20999908447266,88.11000061035156,88.19560241699219,1304405
2025-12-18 15:30:00,88.19619750976562,88.23500061035156,88.16000366210938,88.19999694824219,2389492
2025-12-18 16:00:00,88.22,88.223,87.8,88.1124,0
2025-12-18 17:00:00,88.13,88.22,88.0,88.1,0
2025-12-18 18:00:00,88.13,88.16,88.07,88.12,0
2025-12-19 04:00:00,87.57,87.57,87.5,87.53,0
2025-12-19 05:00:00,87.55,87.55,87.46,87.47,0
2025-12-19 06:00:00,87.48,87.49,87.37,87.39,0
2025-12-19 07:00:00,87.39,87.41,87.35,87.36,0
2025-12-19 08:00:00,87.36,88.22,87.35,87.475,0
2025-12-19 09:00:00,87.49,87.6302,87.42,87.62,0
2025-12-19 09:30:00,87.6050033569336,87.61000061035156,87.44000244140625,87.6050033569336,3898736
2025-12-19 10:30:00,87.5999984741211,87.76000213623047,87.5999984741211,87.66500091552734,2045498
2025-12-19 11:30:00,87.66010284423828,87.66999816894531,87.44000244140625,87.50499725341797,1972017
2025-12-19 12:30:00,87.50499725341797,87.56999969482422,87.49500274658203,87.5199966430664,1416497
2025-12-19 13:30:00,87.51499938964844,87.52999877929688,87.41000366210938,87.48500061035156,1717789
2025-12-19 14:30:00,87.48500061035156,87.5199966430664,87.45999908447266,87.4749984741211,1476746
2025-12-19 15:30:00,87.47000122070312,87.4800033569336,87.41999816894531,87.4800033569336,3329508
2025-12-19 16:00:00,87.47,88.22,87.46,87.49,0
2025-12-19 17:00:00,87.49,92.9881,87.48,87.6,0
2025-12-19 18:00:00,87.5501,87.62,87.5213,87.5792,0
2025-12-22 04:00:00,87.35,87.35,87.3,87.34,0
2025-12-22 05:00:00,87.34,87.34,87.28,87.32,0
2025-12-22 06:00:00,87.32,87.34,87.21,87.23,0
2025-12-22 07:00:00,87.23,87.29,87.2,87.24,0
2025-12-22 08:00:00,87.23,87.42,87.2,87.39,0
2025-12-22 09:00:00,87.3805,87.55,87.33,87.42,0
2025-12-22 09:30:00,87.41000366210938,87.4573974609375,87.29000091552734,87.30999755859375,3010332
2025-12-22 10:30:00,87.30999755859375,87.45690155029297,87.29499816894531,87.3949966430664,1770349
2025-12-22 11:30:00,87.39679718017578,87.44000244140625,87.37000274658203,87.375,1310687
2025-12-22 12:30:00,87.375,87.38999938964844,87.29000091552734,87.29000091552734,1080447
2025-12-22 13:30:00,87.29499816894531,87.33000183105469,87.25,87.30500030517578,1225739
2025-12-22 14:30:00,87.30000305175781,87.33499908447266,87.29000091552734,87.32499694824219,1968257
2025-12-22 15:30:00,87.31999969482422,87.37999725341797,87.30999755859375,87.34500122070312,1614779
2025-12-22 16:00:00,87.36,87.55,87.35,87.35,0
2025-12-22 17:00:00,87.3836,90.6611,87.35,87.38,0
2025-12-22 18:00:00,87.365,87.39,87.34,87.34,0
2025-12-23 04:00:00,87.64,87.71,87.61,87.7,0
2025-12-23 05:00:00,87.7,87.76,87.68,87.68,0
2025-12-23 06:00:00,87.68,87.74,87.68,87.74,0
2025-12-23 07:00:00,87.74,87.81,87.66,87.66,0
2025-12-23 08:00:00,87.66,87.8,87.36,87.58,0
2025-12-23 09:00:00,87.51,87.52,87.03,87.09,0
2025-12-23 09:30:00,87.06999969482422,87.29000091552734,87.02999877929688,87.27999877929688,4251501
2025-12-23 10:30:00,87.28500366210938,87.4800033569336,87.25289916992188,87.47599792480469,3153999
2025-12-23 11:30:00,87.46499633789062,87.55999755859375,87.42500305175781,87.52999877929688,2090023
2025-12-23 12:30:00,87.53009796142578,87.58000183105469,87.45500183105469,87.50640106201172,1170852
2025-12-23 13:30:00,87.5,87.51000213623047,87.3949966430664,87.44000244140625,1070528
2025-12-23 14:30:00,87.43499755859375,87.51000213623047,87.41000366210938,87.49500274658203,1043906
2025-12-23 15:30:00,87.49649810791016,87.54989624023438,87.47000122070312,87.50499725341797,13125116
2025-12-23 16:00:00,87.5,87.6012,87.36,87.5736,0
2025-12-23 17:00:00,87.54,87.62,81.9984,87.6127,0
2025-12-23 18:00:00,87.6,87.61,87.54,87.6082,0
2025-12-24 04:00:00,87.6,87.64,87.6,87.62,0
2025-12-24 05:00:00,87.61,87.63,87.6,87.62,0
2025-12-24 06:00:00,87.6,87.63,87.55,87.62,0
2025-12-24 07:00:00,87.63,87.63,87.57,87.6,0
2025-12-24 08:00:00,87.58,87.65,87.5,87.61,0
2025-12-24 09:00:00,87.5834,87.77,87.56,87.77,0
2025-12-24 09:30:00,87.7699966430664,87.79000091552734,87.6500015258789,87.73500061035156,3188455
2025-12-24 10:30:00,87.73619842529297,87.84500122070312,87.7301025390625,87.81939697265625,3304201
2025-12-24 11:30:00,87.81220245361328,88.05500030517578,87.81220245361328,87.98999786376953,3578236
2025-12-24 13:00:00,87.98999786376953,88.08999633789062,87.5,88.02999877929688,0
2025-12-24 14:00:00,88.01,88.02,87.96,87.99,0
2025-12-24 15:00:00,87.99,88.03,87.97,87.98,0
2025-12-24 16:00:00,87.98,87.99,87.98,87.98,0
2025-12-26 04:00:00,87.79,87.79,87.72,87.76,0
2025-12-26 05:00:00,87.76,87.76,87.75,87.75,0
2025-12-26 06:00:00,87.73,87.84,87.72,87.84,0
2025-12-26 07:00:00,87.89,88.07,87.88,87.95,0
2025-12-26 08:00:00,87.95,88.15,87.7202,88.149,0
2025-12-26 09:00:00,88.15,88.26,88.08,88.1,0
2025-12-26 09:30:00,88.09500122070312,88.1698989868164,87.97000122070312,87.99500274658203,2166515
2025-12-26 10:30:00,88.0,88.06990051269531,87.65010070800781,87.68000030517578,2688773
2025-12-26 11:30:00,87.67500305175781,87.7249984741211,87.62000274658203,87.63500213623047,2088362
2025-12-26 12:30:00,87.63500213623047,87.66999816894531,87.5999984741211,87.65499877929688,1268372
2025-12-26 13:30:00,87.65570068359375,87.68000030517578,87.61000061035156,87.6500015258789,763447
2025-12-26 14:30:00,87.64399719238281,87.75,87.62010192871094,87.72000122070312,1063058
2025-12-26 15:30:00,87.72000122070312,87.75,87.70999908447266,87.73999786376953,1621222
2025-12-26 16:00:00,87.745,93.4342,87.71,87.76,0
2025-12-26 17:00:00,87.76,87.76,87.72,87.74,0
2025-12-26 18:00:00,87.76,93.4342,87.7111,87.7111,0
2025-12-29 04:00:00,88.04,88.2,88.04,88.08,0
2025-12-29 05:00:00,88.08,88.12,88.05,88.12,0
2025-12-29 06:00:00,88.1,88.13,88.04,88.1,0
2025-12-29 07:00:00,88.1,88.12,88.02,88.08,0
2025-12-29 08:00:00,88.03,88.2,87.6995,87.98,0
2025-12-29 09:00:00,87.971,88.08,87.74,87.95,0
2025-12-29 09:30:00,87.94999694824219,88.07029724121094,87.8550033569336,87.87560272216797,3248784
2025-12-29 10:30:00,87.87999725341797,87.94000244140625,87.79000091552734,87.91999816894531,1640499
2025-12-29 11:30:00,87.93000030517578,88.0,87.92500305175781,87.94999694824219,1414691
2025-12-29 12:30:00,87.94999694824219,87.98500061035156,87.90499877929688,87.95500183105469,1733094
2025-12-29 13:30:00,87.95999908447266,87.9800033569336,87.93009948730469,87.94519805908203,1095269
2025-12-29 14:30:00,87.94499969482422,87.9800033569336,87.86499786376953,87.9480972290039,1621049
2025-12-29 15:30:00,87.94999694824219,88.05000305175781,87.94000244140625,88.04000091552734,1424854
2025-12-29 16:00:00,88.07,88.09,87.74,88.06,0
2025-12-29 17:00:00,88.05,88.09,87.9605,87.9605,0
2025-12-29 18:00:00,87.97,88.05,87.95,87.96,0
2025-12-30 04:00:00,87.94,87.96,87.9,87.92,0
2025-12-30 05:00:00,87.91,87.95,87.91,87.93,0
2025-12-30 06:00:00,87.94,88.03,87.94,88.03,0
2025-12-30 07:00:00,88.03,88.03,87.63,87.66,0
2025-12-30 08:00:00,87.66,88.07,87.61,87.78,0
2025-12-30 09:00:00,87.78,87.86,87.7397,87.74,0
2025-12-30 09:30:00,87.75,87.78929901123047,87.68000030517578,87.75,2782396
2025-12-30 10:30:00,87.75489807128906,88.0,87.67440032958984,87.95999908447266,1910545
2025-12-30 11:30:00,87.96499633789062,88.04000091552734,87.87000274658203,87.875,1215444
2025-12-30 12:30:00,87.875,87.9800033569336,87.87000274658203,87.9749984741211,897326
2025-12-30 13:30:00,87.97380065917969,87.9749984741211,87.88009643554688,87.92449951171875,786197
2025-12-30 14:30:00,87.93000030517578,87.94000244140625,87.78009796142578,87.8499984741211,1255611
2025-12-30 15:30:00,87.84500122070312,87.88500213623047,87.81999969482422,87.87999725341797,1598481
2025-12-30 16:00:00,87.86,88.07,87.86,87.9083,0
2025-12-30 17:00:00,87.93,89.2283,87.81,87.88,0
2025-12-30 18:00:00,87.8771,87.88,87.82,87.86,0
2025-12-31 04:00:00,88.04,88.14,88.04,88.14,0
2025-12-31 05:00:00,88.14,88.14,88.09,88.11,0
2025-12-31 06:00:00,88.11,88.12,88.09,88.11,0
2025-12-31 07:00:00,88.11,88.17,88.11,88.11,0
2025-12-31 08:00:00,88.11,88.18,87.73,87.82,0
2025-12-31 09:00:00,87.78,87.86,87.57,87.69,0
2025-12-31 09:30:00,87.70999908447266,87.87000274658203,87.68000030517578,87.73500061035156,2267462
2025-12-31 10:30:00,87.73999786376953,87.91000366210938,87.66999816894531,87.75,2134357
2025-12-31 11:30:00,87.75460052490234,87.82499694824219,87.69000244140625,87.7699966430664,1385365
2025-12-31 12:30:00,87.7698974609375,87.84500122070312,87.44999694824219,87.47010040283203,3759096
2025-12-31 13:30:00,87.47000122070312,87.52999877929688,87.33000183105469,87.375,2818343
2025-12-31 14:30:00,87.375,87.37999725341797,87.31999969482422,87.3301010131836,1830064
2025-12-31 15:30:00,87.33000183105469,87.33999633789062,87.12999725341797,87.16999816894531,2984996
2025-12-31 16:00:00,87.17,87.86,87.16,87.2,0
2025-12-31 17:00:00,87.1999,91.9447,87.16,87.23,0
2025-12-31 18:00:00,87.22,87.25,87.22,87.25,0
2026-01-02 04:00:00,87.34,87.47,87.34,87.44,0
2026-01-02 05:00:00,87.44,87.52,87.4,87.44,0
2026-01-02 06:00:00,87.42,87.5,87.41,87.49,0
2026-01-02 07:00:00,87.49,87.54,87.43,87.46,0
2026-01-02 08:00:00,87.51,87.59,87.05,87.41,0
2026-01-02 09:00:00,87.4,87.43,87.16,87.41,0
2026-01-02 09:30:00,87.40499877929688,87.41000366210938,87.18000030517578,87.29000091552734,8853914
2026-01-02 10:30:00,87.29499816894531,87.29720306396484,87.06999969482422,87.1449966430664,3106806
2026-01-02 11:30:00,87.13999938964844,87.19999694824219,87.05500030517578,87.19499969482422,1548026
2026-01-02 12:30:00,87.19499969482422,87.21499633789062,87.13999938964844,87.1449966430664,1270981
2026-01-02 13:30:00,87.1449966430664,87.1449966430664,87.02010345458984,87.08000183105469,1456592
2026-01-02 14:30:00,87.08999633789062,87.23999786376953,87.05999755859375,87.16500091552734,1934646
2026-01-02 15:30:00,87.16000366210938,87.16500091552734,87.05000305175781,87.05999755859375,3289404
2026-01-02 16:00:00,87.06,87.16,87.03,87.07,0
2026-01-02 17:00:00,87.04,92.9881,87.04,87.11,0
2026-01-02 18:00:00,87.105,92.9881,87.09,87.115,0
2026-01-05 04:00:00,87.17,87.31,87.17,87.29,0
2026-01-05 05:00:00,87.28,87.29,87.21,87.28,0
2026-01-05 06:00:00,87.27,87.37,87.26,87.32,0
2026-01-05 07:00:00,87.32,87.35,87.25,87.26,0
2026-01-05 08:00:00,87.29,87.37,87.01,87.06,0
2026-01-05 09:00:00,87.05,87.23,86.96,87.1704,0
2026-01-05 09:30:00,87.18000030517578,87.31999969482422,87.12000274658203,87.23500061035156,3625201
2026-01-05 10:30:00,87.23500061035156,87.31999969482422,87.12999725341797,87.30000305175781,1745496
2026-01-05 11:30:00,87.30000305175781,87.50499725341797,87.29010009765625,87.46499633789062,1918335
2026-01-05 12:30:00,87.46499633789062,87.51000213623047,87.41999816894531,87.42500305175781,1689719
2026-01-05 13:30:00,87.42500305175781,87.49759674072266,87.4000015258789,87.40499877929688,1110623
2026-01-05 14:30:00,87.40499877929688,87.41500091552734,87.33000183105469,87.37409973144531,1485947
2026-01-05 15:30:00,87.375,87.5199966430664,87.37000274658203,87.44999694824219,1991478
2026-01-05 16:00:00,87.45,87.6,87.39,87.42,0
2026-01-05 17:00:00,87.43,87.43,87.27,87.3112,0
2026-01-05 18:00:00,87.3485,87.35,87.28,87.319,0
2026-01-06 04:00:00,87.16,87.25,87.13,87.18,0
2026-01-06 05:00:00,87.18,87.18,87.11,87.15,0
2026-01-06 06:00:00,87.14,87.14,86.94,87.09,0
2026-01-06 07:00:00,87.08,87.17,87.07,87.13,0
2026-01-06 08:00:00,87.11,87.28,86.95,87.23,0
2026-01-06 09:00:00,87.23,87.36,87.1,87.16,0
2026-01-06 09:30:00,87.12999725341797,87.33000183105469,87.02999877929688,87.03070068359375,5176313
2026-01-06 10:30:00,87.03500366210938,87.15499877929688,86.9000015258789,86.9749984741211,3833043
2026-01-06 11:30:00,86.97560119628906,87.11000061035156,86.97270202636719,87.07499694824219,2027589
2026-01-06 12:30:00,87.09380340576172,87.18000030517578,87.06999969482422,87.1449966430664,1136844
2026-01-06 13:30:00,87.14569854736328,87.21499633789062,87.1144027709961,87.18820190429688,1888736
2026-01-06 14:30:00,87.18499755859375,87.23989868164062,87.1500015258789,87.19999694824219,1445438
2026-01-06 15:30:00,87.19999694824219,87.33000183105469,87.18000030517578,87.33000183105469,1083180
2026-01-06 16:00:00,87.3,87.39,81.9984,87.18,0
2026-01-06 17:00:00,87.1868,89.1521,87.15,87.1696,0
2026-01-06 18:00:00,87.16,87.23,87.16,87.2009,0
2026-01-07 04:00:00,87.55,87.61,87.53,87.58,0
2026-01-07 05:00:00,87.58,87.73,87.57,87.68,0
2026-01-07 06:00:00,87.68,87.75,87.66,87.75,0
2026-01-07 07:00:00,87.74,87.75,87.64,87.65,0
2026-01-07 08:00:00,87.64,87.9,87.28,87.8709,0
2026-01-07 09:00:00,87.88,88.34,87.28,87.84,0
2026-01-07 09:30:00,87.83280181884766,87.8655014038086,87.4800033569336,87.61000061035156,7193667
2026-01-07 10:30:00,87.61000061035156,87.8499984741211,87.58499908447266,87.83499908447266,2583755
2026-01-07 11:30:00,87.83499908447266,87.91999816894531,87.77999877929688,87.90499877929688,1917586
2026-01-07 12:30:00,87.90350341796875,88.00499725341797,87.88999938964844,87.9489974975586,1591655
2026-01-07 13:30:00,87.94499969482422,87.98899841308594,87.875,87.91500091552734,1736610
2026-01-07 14:30:00,87.91000366210938,87.93499755859375,87.83399963378906,87.83499908447266,2039378
2026-01-07 15:30:00,87.83499908447266,87.87999725341797,87.77999877929688,87.79499816894531,2259660
2026-01-07 16:00:00,87.79,87.81,87.65,87.6697,0
2026-01-07 17:00:00,87.6813,87.69,87.64,87.6784,0
2026-01-07 18:00:00,87.67,87.68,87.58,87.64,0
2026-01-08 04:00:00,87.61,87.61,87.53,87.53,0
2026-01-08 05:00:00,87.59,87.59,87.43,87.5,0
2026-01-08 06:00:00,87.5,87.54,87.42,87.48,0
2026-01-08 07:00:00,87.48,87.5,87.41,87.5,0
2026-01-08 08:00:00,87.49,87.8697,87.39,87.42,0
2026-01-08 09:00:00,87.41,87.48,87.26,87.32,0
2026-01-08 09:30:00,87.32499694824219,87.38999938964844,87.24500274658203,87.32689666748047,3053768
2026-01-08 10:30:00,87.32990264892578,87.38999938964844,87.29000091552734,87.3550033569336,1609778
2026-01-08 11:30:00,87.3550033569336,87.55000305175781,87.35399627685547,87.44000244140625,1507644
2026-01-08 12:30:00,87.43499755859375,87.4800033569336,87.38500213623047,87.47599792480469,1425169
2026-01-08 13:30:00,87.47899627685547,87.48590087890625,87.31999969482422,87.32499694824219,1644575
2026-01-08 14:30:00,87.32499694824219,87.36000061035156,87.2750015258789,87.30999755859375,1629806
2026-01-08 15:30:00,87.31500244140625,87.34500122070312,87.30999755859375,87.33699798583984,2061098
2026-01-08 16:00:00,87.32,87.63,87.32,87.6,0
2026-01-08 17:00:00,87.5916,87.61,86.8548,87.559,0
2026-01-08 18:00:00,87.55,87.75,87.48,87.55,0
2026-01-09 04:00:00,87.45,87.48,87.44,87.44,0
2026-01-09 05:00:00,87.43,87.43,87.38,87.39,0
2026-01-09 06:00:00,87.39,87.43,87.39,87.42,0
2026-01-09 07:00:00,87.39,87.42,87.38,87.4,0
2026-01-09 08:00:00,87.42,87.59,87.33,87.49,0
2026-01-09 09:00:00,87.4,87.7,87.18,87.31,0
2026-01-09 09:30:00,87.29499816894531,87.64640045166016,87.125,87.51000213623047,8234646
2026-01-09 10:30:00,87.51499938964844,87.90499877929688,87.51200103759766,87.75,4631476
2026-01-09 11:30:00,87.74500274658203,87.92500305175781,87.69999694824219,87.92500305175781,2050551
2026-01-09 12:30:00,87.92500305175781,88.0,87.73999786376953,87.83499908447266,2507017
2026-01-09 13:30:00,87.83540344238281,87.98500061035156,87.83499908447266,87.8949966430664,1830660
2026-01-09 14:30:00,87.89990234375,87.93000030517578,87.83499908447266,87.8949966430664,2126645
2026-01-09 15:30:00,87.8949966430664,87.95999908447266,87.81999969482422,87.91999816894531,4341578
2026-01-09 16:00:00,87.93,93.4342,87.89,87.9689,0
2026-01-09 17:00:00,87.955,93.4342,87.89,87.89,0
2026-01-09 18:00:00,87.92,87.92,87.83,87.83,0
2026-01-12 04:00:00,87.27,87.34,87.24,87.32,0
2026-01-12 05:00:00,87.33,87.34,87.25,87.28,0
2026-01-12 06:00:00,87.31,87.42,87.24,87.39,0
2026-01-12 07:00:00,87.4,87.42,87.31,87.41,0
2026-01-12 08:00:00,87.4,87.52,87.24,87.3699,0
2026-01-12 09:00:00,87.36,87.93,87.34,87.5,0
2026-01-12 09:30:00,87.48999786376953,87.62000274658203,87.41000366210938,87.57009887695312,5162526
2026-01-12 10:30:00,87.56999969482422,87.7157974243164,87.53009796142578,87.68000030517578,2053395
2026-01-12 11:30:00,87.66999816894531,87.87999725341797,87.58000183105469,87.83499908447266,2386407
2026-01-12 12:30:00,87.83499908447266,87.91000366210938,87.74500274658203,87.87339782714844,2592821
2026-01-12 13:30:00,87.87590026855469,87.88999938964844,87.75,87.75499725341797,1933827
2026-01-12 14:30:00,87.74500274658203,87.76499938964844,87.61129760742188,87.65579986572266,1562025
2026-01-12 15:30:00,87.65409851074219,87.66999816894531,87.58999633789062,87.66000366210938,2045240
2026-01-12 16:00:00,87.66,87.78,87.64,87.78,0
2026-01-12 17:00:00,87.735,87.7985,87.66,87.6703,0
2026-01-12 18:00:00,87.71,87.78,87.68,87.78,0
2026-01-13 04:00:00,87.54,87.57,87.5,87.55,0
2026-01-13 05:00:00,87.53,87.53,87.45,87.51,0
2026-01-13 06:00:00,87.53,87.54,87.45,87.45,0
2026-01-13 07:00:00,87.45,87.46,87.42,87.43,0
2026-01-13 08:00:00,87.42,87.7,87.4188,87.61,0
2026-01-13 09:00:00,87.54,87.92,87.5,87.88,0
2026-01-13 09:30:00,87.87999725341797,87.90499877929688,87.54000091552734,87.69999694824219,4246099
2026-01-13 10:30:00,87.70999908447266,87.87000274658203,87.61000061035156,87.63990020751953,2623278
2026-01-13 11:30:00,87.63249969482422,87.76010131835938,87.61499786376953,87.71720123291016,1230114
2026-01-13 12:30:00,87.71990203857422,87.88780212402344,87.7125015258789,87.84500122070312,2171869
2026-01-13 13:30:00,87.84500122070312,87.91000366210938,87.80999755859375,87.88500213623047,1254757
2026-01-13 14:30:00,87.88500213623047,87.88500213623047,87.77999877929688,87.79000091552734,1834304
2026-01-13 15:30:00,87.79000091552734,87.83000183105469,87.73999786376953,87.79499816894531,1553788
2026-01-13 16:00:00,87.82,87.83,87.71,87.72,0
2026-01-13 17:00:00,87.72,89.2283,87.7,87.8,0
2026-01-13 18:00:00,87.68,87.78,87.68,87.73,0
2026-01-14 04:00:00,87.75,87.86,87.72,87.86,0
2026-01-14 05:00:00,87.86,88.07,87.82,88.02,0
2026-01-14 09:30:00,87.91500091552734,88.19000244140625,87.90750122070312,88.16500091552734,5842864
2026-01-14 10:30:00,88.16999816894531,88.33999633789062,88.12999725341797,88.30999755859375,3451622
2026-01-14 11:30:00,88.30999755859375,88.4280014038086,88.27999877929688,88.29499816894531,2181822
2026-01-14 12:30:00,88.29499816894531,88.36000061035156,88.283203125,88.32499694824219,1279146
2026-01-14 13:30:00,88.32929992675781,88.41000366210938,88.31500244140625,88.375,1549368
2026-01-14 14:30:00,88.37000274658203,88.375,88.26000213623047,88.3499984741211,2025450
2026-01-14 15:30:00,88.36000061035156,88.36990356445312,88.29000091552734,88.32499694824219,2013090
2026-01-14 16:00:00,88.33,88.46,88.31,88.44,0
2026-01-14 17:00:00,88.42,91.9447,88.37,88.44,0
2026-01-15 04:00:00,88.3,88.3,88.24,88.29,0
2026-01-15 05:00:00,88.31,88.5,88.31,88.5,0
2026-01-15 09:30:00,88.61000061035156,88.66000366210938,88.41510009765625,88.53500366210938,4148324
2026-01-15 10:30:00,88.53009796142578,88.58000183105469,88.36000061035156,88.5,2563389
2026-01-15 11:30:00,88.49520111083984,88.5,88.4000015258789,88.43990325927734,1826210
2026-01-15 12:30:00,88.43329620361328,88.57499694824219,88.40499877929688,88.5250015258789,13824440
2026-01-15 13:30:00,88.5250015258789,88.55999755859375,88.44999694824219,88.54000091552734,0
2026-01-15 14:30:00,88.54000091552734,88.55999755859375,88.34500122070312,88.38500213623047,2114278
2026-01-15 15:30:00,88.38500213623047,88.43499755859375,88.30999755859375,88.33000183105469,2878685
2026-01-15 16:00:00,88.31,88.34,88.27,88.3,0
2026-01-15 17:00:00,88.29,88.33,88.27,88.28,0
2026-01-15 18:00:00,88.3,88.3,88.28,88.3,0
2026-01-16 04:00:00,88.25,88.31,88.22,88.31,0
2026-01-16 05:00:00,88.29,88.29,88.19,88.24,0
2026-01-16 09:30:00,88.13999938964844,88.29000091552734,88.0199966430664,88.25990295410156,3537498
2026-01-16 10:30:00,88.25499725341797,88.31999969482422,87.86389923095703,88.05000305175781,5905319
2026-01-16 11:30:00,88.05500030517578,88.23999786376953,88.0250015258789,88.0999984741211,3021922
2026-01-16 12:30:00,88.09500122070312,88.0999984741211,87.9000015258789,87.93499755859375,2700732
2026-01-16 13:30:00,87.93499755859375,87.94000244140625,87.73999786376953,87.76499938964844,2060089
2026-01-16 14:30:00,87.76499938964844,87.83999633789062,87.70999908447266,87.80999755859375,2440463
2026-01-16 15:30:00,87.81500244140625,87.875,87.78500366210938,87.80000305175781,2264320
2026-01-16 16:00:00,87.8,87.83,87.77,87.8,0
2026-01-16 17:00:00,87.79,92.9881,87.78,87.81,0
2026-01-20 04:00:00,87.1,87.1,86.49,86.52,0
2026-01-20 05:00:00,86.52,86.57,86.41,86.5,0
2026-01-20 06:00:00,86.49,86.54,86.46,86.49,0
2026-01-20 07:00:00,86.49,86.61,86.43,86.61,0
2026-01-20 08:00:00,86.6,87.24,86.42,86.8,0
2026-01-20 09:00:00,86.8,87.8,86.31,86.6104,0
2026-01-20 09:30:00,86.62999725341797,86.87000274658203,86.54070281982422,86.80509948730469,10156580
2026-01-20 10:30:00,86.80999755859375,86.94750213623047,86.76499938964844,86.86000061035156,5536734
2026-01-20 11:30:00,86.86990356445312,87.02999877929688,86.8499984741211,86.95500183105469,2429936
2026-01-20 12:30:00,86.94999694824219,86.95999908447266,86.7750015258789,86.81800079345703,3157420
2026-01-20 13:30:00,86.81990051269531,86.81999969482422,86.69000244140625,86.7051010131836,1933068
2026-01-20 14:30:00,86.7051010131836,86.74500274658203,86.5999984741211,86.69000244140625,2782019
2026-01-20 15:30:00,86.68499755859375,86.73989868164062,86.66000366210938,86.66999816894531,4893748
2026-01-20 16:00:00,86.65,86.68,86.589,86.6393,0
2026-01-20 17:00:00,86.6382,90.6611,81.9984,86.66,0
2026-01-20 18:00:00,86.63,86.72,86.63,86.6702,0
2026-01-21 04:00:00,86.94,86.95,86.91,86.92,0
2026-01-21 05:00:00,86.91,86.91,86.73,86.8,0
2026-01-21 06:00:00,86.79,86.84,86.69,86.73,0
2026-01-21 07:00:00,86.73,86.73,86.579,86.59,0
2026-01-21 08:00:00,86.6,86.99,86.5,86.5285,0
2026-01-21 09:00:00,86.52,86.89,86.41,86.83,0
2026-01-21 09:30:00,86.79000091552734,86.875,86.62000274658203,86.80999755859375,4944960
2026-01-21 10:30:00,86.80999755859375,87.11900329589844,86.79810333251953,87.08930206298828,4631111
2026-01-21 11:30:00,87.08499908447266,87.08999633789062,86.81999969482422,86.81999969482422,2438897
2026-01-21 12:30:00,86.81999969482422,87.05999755859375,86.76100158691406,87.02570343017578,2369570
2026-01-21 13:30:00,87.0250015258789,87.25,86.97100067138672,87.23500061035156,2012178
2026-01-21 14:30:00,87.2300033569336,87.47730255126953,87.21499633789062,87.26499938964844,23371875
2026-01-21 15:30:00,87.26499938964844,87.36000061035156,87.23999786376953,87.33999633789062,0
2026-01-21 16:00:00,87.33,87.4392,87.31,87.41,0
2026-01-21 17:00:00,87.39,87.4192,87.3005,87.3259,0
2026-01-21 18:00:00,87.34,87.47,87.34,87.381,0
2026-01-22 04:00:00,87.57,87.6,87.53,87.6,0
2026-01-22 05:00:00,87.59,87.64,87.5,87.51,0
2026-01-22 06:00:00,87.52,87.54,87.32,87.32,0
2026-01-22 07:00:00,87.31,87.52,87.31,87.46,0
2026-01-22 08:00:00,87.44,87.65,87.27,87.4,0
2026-01-22 09:00:00,87.3,87.49,87.22,87.27,0
2026-01-22 09:30:00,87.2699966430664,87.38729858398438,87.16000366210938,87.34500122070312,4371594
2026-01-22 10:30:00,87.33999633789062,87.37000274658203,87.13999938964844,87.33989715576172,2614913
2026-01-22 11:30:00,87.33499908447266,87.625,87.31500244140625,87.5199966430664,3299670
2026-01-22 12:30:00,87.52999877929688,87.73999786376953,87.48999786376953,87.63999938964844,2221229
2026-01-22 13:30:00,87.63939666748047,87.75499725341797,87.62000274658203,87.66500091552734,1607414
2026-01-22 14:30:00,87.66500091552734,87.69000244140625,87.625,87.67500305175781,3075315
2026-01-22 15:30:00,87.68000030517578,87.72000122070312,87.66000366210938,87.69999694824219,2340450
2026-01-22 16:00:00,87.69,91.09,87.68,87.74,0
2026-01-22 17:00:00,87.74,87.7497,86.8548,87.65,0
2026-01-22 18:00:00,87.7,87.78,87.6725,87.72,0
2026-01-23 04:00:00,88.03,88.12,88.03,88.07,0
2026-01-23 05:00:00,88.07,88.15,87.95,87.99,0
2026-01-23 06:00:00,87.99,87.99,87.86,87.94,0
2026-01-23 07:00:00,87.93,88.09,87.92,88.02,0
2026-01-23 08:00:00,88.01,88.14,87.8,88.08,0
2026-01-23 09:00:00,88.08,88.09,87.7,87.82,0
2026-01-23 09:30:00,87.83000183105469,87.94779968261719,87.72000122070312,87.8550033569336,3508790
2026-01-23 10:30:00,87.86000061035156,87.95999908447266,87.75499725341797,87.78500366210938,2837427
2026-01-23 11:30:00,87.79000091552734,87.80500030517578,87.54000091552734,87.67030334472656,2161799
2026-01-23 12:30:00,87.66999816894531,87.69000244140625,87.49500274658203,87.66999816894531,2075682
2026-01-23 13:30:00,87.68000030517578,87.75499725341797,87.66100311279297,87.67500305175781,1385201
2026-01-23 14:30:00,87.68000030517578,88.02839660644531,87.66999816894531,87.95500183105469,2264704
2026-01-23 15:30:00,87.95919799804688,87.97000122070312,87.91000366210938,87.91500091552734,2400164
2026-01-23 16:00:00,87.93,93.4342,87.86,87.9126,0
2026-01-23 17:00:00,87.9,93.4342,87.9,87.9302,0
2026-01-23 18:00:00,87.93,87.94,87.86,87.8605,0
2026-01-26 04:00:00,88.08,88.31,88.08,88.31,0
2026-01-26 05:00:00,88.31,88.32,88.19,88.19,0
2026-01-26 06:00:00,88.22,88.39,88.19,88.3,0
2026-01-26 07:00:00,88.3,88.32,88.15,88.18,0
2026-01-26 08:00:00,88.17,88.35,88.0,88.2,0
2026-01-26 09:00:00,88.18,88.41,87.93,88.3902,0
2026-01-26 09:30:00,88.3949966430664,88.48999786376953,88.2750015258789,88.43499755859375,4254607
2026-01-26 10:30:00,88.43499755859375,88.44999694824219,88.23500061035156,88.24949645996094,2323761
2026-01-26 11:30:00,88.25,88.30999755859375,88.19999694824219,88.26000213623047,1776791
2026-01-26 12:30:00,88.26000213623047,88.38500213623047,88.25,88.34500122070312,1901501
2026-01-26 13:30:00,88.34500122070312,88.36000061035156,88.22000122070312,88.2249984741211,2370101
2026-01-26 14:30:00,88.2300033569336,88.33999633789062,88.2300033569336,88.33000183105469,2502626
2026-01-26 15:30:00,88.32479858398438,88.33999633789062,88.27999877929688,88.33499908447266,2633629
2026-01-26 16:00:00,88.35,88.36,88.27,88.3208,0
2026-01-26 17:00:00,88.3223,88.36,88.24,88.26,0
2026-01-26 18:00:00,88.32,88.34,88.24,88.25,0
2026-01-27 04:00:00,88.25,88.3,88.23,88.23,0
2026-01-27 05:00:00,88.24,88.24,88.1,88.17,0
2026-01-27 06:00:00,88.16,88.26,88.15,88.24,0
2026-01-27 07:00:00,88.26,88.3,88.1,88.1,0
2026-01-27 08:00:00,88.1,88.35,87.93,87.97,0
2026-01-27 09:00:00,87.97,88.35,87.91,88.11,0
2026-01-27 09:30:00,88.0999984741211,88.25,88.0250015258789,88.14009857177734,3897858
2026-01-27 10:30:00,88.13999938964844,88.15989685058594,87.95999908447266,88.05999755859375,2098830
2026-01-27 11:30:00,88.05000305175781,88.08000183105469,87.81500244140625,87.95999908447266,2479028
2026-01-27 12:30:00,87.95999908447266,88.04000091552734,87.80000305175781,87.94550323486328,2060959
2026-01-27 13:30:00,87.94999694824219,87.97000122070312,87.82499694824219,87.8550033569336,2902966
2026-01-27 14:30:00,87.86000061035156,87.96499633789062,87.81500244140625,87.86499786376953,1434244
2026-01-27 15:30:00,87.86000061035156,87.91899871826172,87.68000030517578,87.80000305175781,16873300
2026-01-27 16:00:00,87.8,87.87,87.46,87.55,0
2026-01-27 17:00:00,87.5499,89.2283,87.54,87.6,0
2026-01-27 18:00:00,87.59,87.63,87.47,87.62,0
2026-01-28 04:00:00,87.55,87.56,87.49,87.55,0
2026-01-28 05:00:00,87.55,87.57,87.49,87.5,0
2026-01-28 06:00:00,87.5,87.52,87.4,87.46,0
2026-01-28 07:00:00,87.45,87.54,87.4,87.49,0
2026-01-28 08:00:00,87.49,87.8587,87.41,87.54,0
2026-01-28 09:00:00,87.54,87.55,87.42,87.5,0
2026-01-28 09:30:00,87.50499725341797,87.69999694824219,87.36499786376953,87.55999755859375,4693669
2026-01-28 10:30:00,87.55500030517578,87.58000183105469,87.38999938964844,87.53500366210938,2159925
2026-01-28 11:30:00,87.5250015258789,87.58789825439453,87.38999938964844,87.43190002441406,1765090
2026-01-28 12:30:00,87.43000030517578,87.47000122070312,87.375,87.43499755859375,1112713
2026-01-28 13:30:00,87.43499755859375,87.44000244140625,87.29119873046875,87.33989715576172,2396051
2026-01-28 14:30:00,87.33000183105469,87.65499877929688,87.33000183105469,87.56999969482422,2276208
2026-01-28 15:30:00,87.56510162353516,87.61000061035156,87.51499938964844,87.5999984741211,2010329
2026-01-28 16:00:00,87.6,87.63,87.53,87.585,0
2026-01-28 17:00:00,87.57,87.64,87.5237,87.57,0
2026-01-28 18:00:00,87.57,91.9447,87.5,87.72,0
2026-01-29 04:00:00,87.26,87.32,87.22,87.23,0
2026-01-29 05:00:00,87.24,87.36,87.22,87.33,0
2026-01-29 06:00:00,87.31,87.37,87.26,87.37,0
2026-01-29 07:00:00,87.37,87.45,87.36,87.43,0
2026-01-29 08:00:00,87.47,87.48,87.13,87.26,0
2026-01-29 09:00:00,87.27,87.3704,87.07,87.1595,0
2026-01-29 09:30:00,87.1500015258789,87.51000213623047,87.08000183105469,87.51000213623047,7134378
2026-01-29 10:30:00,87.51000213623047,87.68000030517578,87.37999725341797,87.45999908447266,4046975
2026-01-29 11:30:00,87.45999908447266,87.49500274658203,87.31500244140625,87.41999816894531,2022870
2026-01-29 12:30:00,87.42500305175781,87.65499877929688,87.42500305175781,87.63999938964844,1871031
2026-01-29 13:30:00,87.6449966430664,87.73899841308594,87.56999969482422,87.70500183105469,2258080
2026-01-29 14:30:00,87.69999694824219,87.73609924316406,87.62999725341797,87.66999816894531,1397407
2026-01-29 15:30:00,87.66000366210938,87.69999694824219,87.58000183105469,87.62999725341797,2093202
2026-01-29 16:00:00,87.62,87.6803,87.59,87.64,0
2026-01-29 17:00:00,87.649,87.649,87.53,87.565,0
2026-01-29 18:00:00,87.5405,87.6,87.51,87.54,0
2026-01-30 04:00:00,87.0,87.03,86.96,87.02,0
2026-01-30 05:00:00,87.02,87.25,87.01,87.24,0
2026-01-30 06:00:00,87.21,87.27,87.16,87.19,0
2026-01-30 07:00:00,87.19,87.4,87.16,87.32,0
2026-01-30 08:00:00,87.32,87.4,86.9,87.34,0
2026-01-30 09:00:00,87.32,87.39,87.15,87.37,0
2026-01-30 09:30:00,87.37000274658203,87.47000122070312,87.2699966430664,87.38999938964844,4258375
2026-01-30 10:30:00,87.38999938964844,87.38999938964844,87.3499984741211,87.36000061035156,229400
2026-02-02 09:30:00,,,,,0
2026-02-02 13:30:00,86.65769958496094,86.65989685058594,86.56999969482422,86.56999969482422,8642001
2026-02-02 14:30:00,86.58000183105469,86.71600341796875,86.57499694824219,86.66000366210938,1547097
2026-02-02 15:30:00,86.64990234375,86.6500015258789,86.55999755859375,86.58000183105469,2958164
2026-02-02 16:00:00,86.565,87.13,86.5,86.55,0
2026-02-02 17:00:00,86.545,86.61,86.52,86.5819,0
2026-02-02 18:00:00,86.57,86.61,86.4916,86.6018,0
2026-02-03 04:00:00,86.58,86.58,86.53,86.53,0
2026-02-03 05:00:00,86.52,86.56,86.48,86.51,0
2026-02-03 06:00:00,86.5,86.53,86.45,86.46,0
2026-02-03 07:00:00,86.47,86.51,86.42,86.48,0
2026-02-03 08:00:00,86.49,86.6095,86.39,86.43,0
2026-02-03 09:00:00,86.449,86.55,86.3397,86.48,0
2026-02-03 09:30:00,86.4800033569336,86.56500244140625,86.44000244140625,86.52410125732422,2937824
2026-02-03 10:30:00,86.5250015258789,86.55999755859375,86.42839813232422,86.51499938964844,2074379
2026-02-03 11:30:00,86.51000213623047,86.625,86.44499969482422,86.4749984741211,1972402
2026-02-03 12:30:00,86.47000122070312,86.54000091552734,86.43000030517578,86.54000091552734,1389005
2026-02-03 13:30:00,86.54499816894531,86.76499938964844,86.54000091552734,86.70999908447266,1798653
2026-02-03 14:30:00,86.71499633789062,86.76000213623047,86.66000366210938,86.71499633789062,1210112
2026-02-03 15:30:00,86.72000122070312,86.77999877929688,86.71499633789062,86.76499938964844,1673582
2026-02-03 16:00:00,86.76,86.83,86.76,86.8187,0
2026-02-03 17:00:00,86.76,86.85,81.9984,86.7401,0
2026-02-03 18:00:00,86.78,86.83,86.76,86.8,0
2026-02-04 04:00:00,86.71,86.76,86.7,86.76,0
2026-02-04 05:00:00,86.77,86.79,86.57,86.63,0
2026-02-04 06:00:00,86.63,86.71,86.61,86.61,0
2026-02-04 07:00:00,86.62,86.79,86.62,86.76,0
2026-02-04 08:00:00,86.76,86.89,86.59,86.84,0
2026-02-04 09:00:00,86.83,86.83,86.4584,86.61,0
2026-02-04 09:30:00,86.62999725341797,86.77749633789062,86.51000213623047,86.52100372314453,3788184
2026-02-04 10:30:00,86.5199966430664,86.67500305175781,86.46009826660156,86.5199966430664,2554752
2026-02-04 11:30:00,86.5199966430664,86.7300033569336,86.48999786376953,86.66510009765625,2332214
2026-02-04 12:30:00,86.66500091552734,86.69999694824219,86.51000213623047,86.5250015258789,2200970
2026-02-04 13:30:00,86.5250015258789,86.63500213623047,86.48210144042969,86.51499938964844,1869816
2026-02-04 14:30:00,86.51000213623047,86.58999633789062,86.50499725341797,86.52999877929688,1244764
2026-02-04 15:30:00,86.53500366210938,86.55999755859375,86.5199966430664,86.54000091552734,1949085
2026-02-04 16:00:00,86.54,86.54,86.45,86.5,0
2026-02-04 17:00:00,86.5,86.5575,86.4501,86.4992,0
2026-02-04 18:00:00,86.4992,86.53,86.45,86.5,0
2026-02-05 04:00:00,86.64,86.67,86.6,86.6,0
2026-02-05 05:00:00,86.6,86.64,86.46,86.46,0
2026-02-05 06:00:00,86.47,86.5,86.41,86.5,0
2026-02-05 07:00:00,86.51,86.57,86.46,86.5,0
2026-02-05 08:00:00,86.53,86.73,86.42,86.7172,0
2026-02-05 09:00:00,86.73,87.0,86.73,86.9302,0
2026-02-05 09:30:00,86.94499969482422,87.27999877929688,86.75,87.24500274658203,7230810
2026-02-05 10:30:00,87.23999786376953,87.37000274658203,87.19000244140625,87.25,6031055
2026-02-05 11:30:00,87.24500274658203,87.36000061035156,87.2249984741211,87.30000305175781,3469577
2026-02-05 12:30:00,87.30159759521484,87.37000274658203,87.25,87.36000061035156,1937250
2026-02-05 13:30:00,87.3499984741211,87.37000274658203,87.2699966430664,87.30500030517578,1436031
2026-02-05 14:30:00,87.30999755859375,87.4000015258789,87.25,87.4000015258789,1808104
2026-02-05 15:30:00,87.3949966430664,87.47000122070312,87.37000274658203,87.44999694824219,3876140
2026-02-05 16:00:00,87.48,87.58,87.43,87.56,0
2026-02-05 17:00:00,87.57,87.58,86.8548,87.42,0
2026-02-05 18:00:00,87.43,87.77,87.43,87.75,0
2026-02-06 04:00:00,87.45,87.45,87.38,87.4,0
2026-02-06 05:00:00,87.41,87.52,87.32,87.5,0
2026-02-06 06:00:00,87.5,87.55,87.47,87.51,0
2026-02-06 07:00:00,87.53,87.53,87.37,87.42,0
2026-02-06 08:00:00,87.39,87.61,87.3411,87.39,0
2026-02-06 09:00:00,87.37,87.49,87.3299,87.4304,0
2026-02-06 09:30:00,87.44999694824219,87.5199966430664,87.22209930419922,87.23500061035156,4988681
2026-02-06 10:30:00,87.2300033569336,87.34639739990234,87.19999694824219,87.29000091552734,1765498
2026-02-06 11:30:00,87.29000091552734,87.32990264892578,87.25,87.28500366210938,1071586
2026-02-06 12:30:00,87.28500366210938,87.37090301513672,87.25,87.33999633789062,983417
2026-02-06 13:30:00,87.33499908447266,87.38500213623047,87.33000183105469,87.36499786376953,905802
2026-02-06 14:30:00,87.36990356445312,87.47000122070312,87.36000061035156,87.43000030517578,976535
2026-02-06 15:30:00,87.43499755859375,87.51000213623047,87.43000030517578,87.51000213623047,3476667
2026-02-06 16:00:00,87.54,87.54,87.43,87.4505,0
2026-02-06 17:00:00,87.4793,87.54,87.35,87.35,0
2026-02-06 18:00:00,87.4,87.44,87.36,87.38,0
2026-02-09 04:00:00,87.16,87.2,87.12,87.19,0
2026-02-09 05:00:00,87.16,87.23,87.15,87.15,0
2026-02-09 06:00:00,87.11,87.14,87.02,87.03,0
2026-02-09 07:00:00,87.02,87.17,87.01,87.13,0
2026-02-09 08:00:00,87.12,87.27,86.85,87.17,0
2026-02-09 09:00:00,87.17,87.54,87.11,87.21,0
2026-02-09 09:30:00,87.20999908447266,87.25,87.03500366210938,87.23500061035156,3592537
2026-02-09 10:30:00,87.23989868164062,87.4000015258789,87.16889953613281,87.32499694824219,1544388
2026-02-09 11:30:00,87.32499694824219,87.47000122070312,87.23500061035156,87.44979858398438,1613490
2026-02-09 12:30:00,87.44999694824219,87.47000122070312,87.375,87.42019653320312,1178348
2026-02-09 13:30:00,87.42500305175781,87.54669952392578,87.4000015258789,87.54000091552734,853202
2026-02-09 14:30:00,87.54000091552734,87.58000183105469,87.4801025390625,87.51000213623047,1726089
2026-02-09 15:30:00,87.51499938964844,87.54000091552734,87.47000122070312,87.5199966430664,1987759
2026-02-09 16:00:00,87.52,87.53,87.4008,87.4008,0
2026-02-09 17:00:00,87.43,87.43,87.361,87.4,0
2026-02-09 18:00:00,87.4,87.48,87.38,87.4301,0
2026-02-10 04:00:00,87.63,87.77,87.63,87.76,0
2026-02-10 05:00:00,87.76,87.84,87.76,87.81,0
2026-02-10 06:00:00,87.79,87.83,87.75,87.8,0
2026-02-10 07:00:00,87.79,87.89,87.75,87.89,0
2026-02-10 08:00:00,87.89,88.05,87.58,88.03,0
2026-02-10 09:00:00,88.04,88.26,87.99,88.23,0
2026-02-10 09:30:00,88.2300033569336,88.43000030517578,88.22000122070312,88.375,5415554
2026-02-10 10:30:00,88.37999725341797,88.52999877929688,88.33999633789062,88.4968032836914,2898936
2026-02-10 11:30:00,88.5,88.51499938964844,88.33499908447266,88.44989776611328,2048344
2026-02-10 12:30:00,88.44499969482422,88.46029663085938,88.31999969482422,88.33000183105469,1730702
2026-02-10 13:30:00,88.32990264892578,88.37000274658203,88.27999877929688,88.36499786376953,1299804
2026-02-10 14:30:00,88.36499786376953,88.44999694824219,88.3499984741211,88.43499755859375,1564332
2026-02-10 15:30:00,88.43499755859375,88.5250015258789,88.43000030517578,88.51499938964844,3421468
2026-02-10 16:00:00,88.53,88.53,88.4183,88.4183,0
2026-02-10 17:00:00,88.4101,88.49,88.0,88.405,0
2026-02-10 18:00:00,88.41,88.46,88.41,88.45,0
2026-02-11 04:00:00,88.53,88.58,88.53,88.58,0
2026-02-11 05:00:00,88.59,88.67,88.58,88.6,0
2026-02-11 06:00:00,88.59,88.62,88.55,88.56,0
2026-02-11 07:00:00,88.56,88.6,88.5,88.59,0
2026-02-11 08:00:00,88.59,88.71,88.44,88.68,0
2026-02-11 09:00:00,88.65,88.65,87.77,88.03,0
2026-02-11 09:30:00,88.04070281982422,88.25,87.98999786376953,88.2300033569336,5118037
2026-02-11 10:30:00,88.23989868164062,88.25499725341797,88.08000183105469,88.21499633789062,1957221
2026-02-11 11:30:00,88.21499633789062,88.4749984741211,88.19000244140625,88.375,1785760
2026-02-11 12:30:00,88.37000274658203,88.44499969482422,88.05130004882812,88.05999755859375,1728545
2026-02-11 13:30:00,88.06500244140625,88.18499755859375,87.95999908447266,88.09010314941406,2688612
2026-02-11 14:30:00,88.09200286865234,88.1050033569336,87.93499755859375,87.9800033569336,1658253
2026-02-11 15:30:00,87.98500061035156,88.07499694824219,87.96499633789062,88.05000305175781,2257037
2026-02-11 16:00:00,88.06,88.12,88.04,88.1101,0
2026-02-11 17:00:00,88.11,88.15,88.1,88.11,0
2026-02-11 18:00:00,88.11,88.17,88.06,88.063,0
2026-02-12 04:00:00,88.11,88.23,88.1,88.23,0
2026-02-12 05:00:00,88.24,88.34,88.24,88.25,0
2026-02-12 06:00:00,88.25,88.31,88.24,88.26,0
2026-02-12 07:00:00,88.22,88.37,88.2,88.37,0
2026-02-12 08:00:00,88.4,88.55,88.04,88.54,0
2026-02-12 09:00:00,88.47,88.61,88.06,88.35,0
2026-02-12 09:30:00,88.36499786376953,88.63500213623047,88.3550033569336,88.59500122070312,2770490
2026-02-12 10:30:00,88.59149932861328,88.83499908447266,88.57009887695312,88.79000091552734,3693126
2026-02-12 11:30:00,88.79499816894531,88.79499816894531,88.66000366210938,88.67500305175781,3091132
2026-02-12 12:30:00,88.67500305175781,89.25,88.61499786376953,89.21499633789062,4855455
2026-02-12 13:30:00,89.22000122070312,89.27999877929688,89.12000274658203,89.23200225830078,4180793
2026-02-12 14:30:00,89.2300033569336,89.2698974609375,89.18319702148438,89.26010131835938,2146836
2026-02-12 15:30:00,89.2665023803711,89.27999877929688,89.19999694824219,89.22000122070312,2894770
2026-02-12 16:00:00,89.23,89.23,89.12,89.14,0
2026-02-12 17:00:00,89.14,89.23,89.06,89.12,0
2026-02-12 18:00:00,89.13,89.26,89.13,89.1997,0
2026-02-13 04:00:00,88.96,89.08,88.96,88.99,0
2026-02-13 05:00:00,88.99,88.99,88.92,88.95,0
2026-02-13 06:00:00,88.96,89.05,88.95,89.04,0
2026-02-13 07:00:00,89.05,89.21,89.02,89.1,0
2026-02-13 08:00:00,89.12,89.22,88.88,89.15,0
2026-02-13 09:00:00,89.23,89.7,89.16,89.63,0
2026-02-13 09:30:00,89.625,89.80999755859375,89.54499816894531,89.57029724121094,8125582
2026-02-13 10:30:00,89.58000183105469,89.72000122070312,89.52239990234375,89.69999694824219,3579660
2026-02-13 11:30:00,89.69999694824219,89.78500366210938,89.6500015258789,89.6698989868164,3557921
2026-02-13 12:30:00,89.66500091552734,89.67500305175781,89.58499908447266,89.63999938964844,2057417
2026-02-13 13:30:00,89.63999938964844,89.7249984741211,89.57499694824219,89.7249984741211,1196195
2026-02-13 14:30:00,89.7249984741211,89.76000213623047,89.61000061035156,89.74500274658203,1617019
2026-02-13 15:30:00,89.74500274658203,89.75,89.66999816894531,89.69999694824219,6091079
2026-02-13 16:00:00,89.72,92.9881,89.7,92.9881,0
2026-02-13 17:00:00,89.73,92.9881,89.69,89.72,0
2026-02-13 18:00:00,89.72,89.7299,89.71,89.7109,0
2026-02-17 04:00:00,90.11,90.18,90.11,90.15,0
2026-02-17 05:00:00,90.14,90.15,90.08,90.08,0
2026-02-17 06:00:00,90.09,90.14,90.07,90.13,0
2026-02-17 07:00:00,90.12,90.15,90.07,90.08,0
2026-02-17 08:00:00,90.07,90.23,89.72,90.12,0
2026-02-17 09:00:00,90.13,90.191,89.72,89.94,0
2026-02-17 09:30:00,89.92500305175781,90.0199966430664,89.80000305175781,89.93009948730469,6215785
2026-02-17 10:30:00,89.93499755859375,90.12000274658203,89.86969757080078,89.90499877929688,3653584
2026-02-17 11:30:00,89.90879821777344,90.0,89.875,89.90499877929688,1490056
2026-02-17 12:30:00,89.9000015258789,89.94000244140625,89.76000213623047,89.81500244140625,1634478
2026-02-17 13:30:00,89.80999755859375,89.8864974975586,89.80999755859375,89.875,940886
2026-02-17 14:30:00,89.875,89.94000244140625,89.86009979248047,89.92500305175781,1364124
2026-02-17 15:30:00,89.92990112304688,89.94999694824219,89.86000061035156,89.875,1519093
2026-02-17 16:00:00,89.87,89.87,89.79,89.8254,0
2026-02-17 17:00:00,89.84,90.6611,89.8,89.8599,0
2026-02-17 18:00:00,89.8701,89.99,89.1521,89.9007,0
2026-02-18 04:00:00,89.77,89.77,89.71,89.71,0
2026-02-18 05:00:00,89.71,89.74,89.69,89.71,0
2026-02-18 06:00:00,89.73,89.82,89.68,89.81,0
2026-02-18 07:00:00,89.8,89.8,89.67,89.77,0
2026-02-18 08:00:00,89.8,89.9,89.63,89.8699,0
2026-02-18 09:00:00,89.8,89.87,89.63,89.68,0
2026-02-18 09:30:00,89.69000244140625,89.79000091552734,89.61000061035156,89.6500015258789,3329119
2026-02-18 10:30:00,89.63999938964844,89.83000183105469,89.63500213623047,89.80999755859375,1748445
2026-02-18 11:30:00,89.80999755859375,89.86000061035156,89.73500061035156,89.82499694824219,2220427
2026-02-18 12:30:00,89.81999969482422,89.82499694824219,89.5199966430664,89.66000366210938,2384845
2026-02-18 13:30:00,89.65989685058594,89.66000366210938,89.51000213623047,89.56999969482422,2175708
2026-02-18 14:30:00,89.56510162353516,89.6050033569336,89.4800033569336,89.49500274658203,2709296
2026-02-18 15:30:00,89.49500274658203,89.52999877929688,89.47000122070312,89.5199966430664,2524590
2026-02-18 16:00:00,89.53,89.5802,89.5,89.56,0
2026-02-18 17:00:00,89.56,89.65,89.51,89.555,0
2026-02-18 18:00:00,89.53,89.596,89.52,89.56,0
2026-02-19 04:00:00,89.36,89.39,89.34,89.34,0
2026-02-19 05:00:00,89.34,89.4,89.34,89.36,0
2026-02-19 06:00:00,89.37,89.38,89.3,89.33,0
2026-02-19 07:00:00,89.31,89.37,89.31,89.34,0
2026-02-19 08:00:00,89.34,89.41,89.24,89.3269,0
2026-02-19 09:00:00,89.25,89.53,89.22,89.39,0
2026-02-19 09:30:00,89.38999938964844,89.53070068359375,89.37999725341797,89.46499633789062,2787706
2026-02-19 10:30:00,89.46029663085938,89.52899932861328,89.36499786376953,89.49500274658203,1399645
2026-02-19 11:30:00,89.49009704589844,89.54000091552734,89.43450164794922,89.47000122070312,1449257
2026-02-19 12:30:00,89.47000122070312,89.65989685058594,89.43939971923828,89.6449966430664,1817422
2026-02-19 13:30:00,89.63999938964844,89.72000122070312,89.62000274658203,89.67649841308594,1331024
2026-02-19 14:30:00,89.677001953125,89.69000244140625,89.55870056152344,89.62370300292969,2885742
2026-02-19 15:30:00,89.62969970703125,89.6449966430664,89.5999984741211,89.625,1254243
2026-02-19 16:00:00,89.62,89.7,89.511,89.68,0
2026-02-19 17:00:00,89.67,89.75,86.8548,89.66,0
2026-02-19 18:00:00,89.72,89.72,89.62,89.6313,0
2026-02-20 04:00:00,89.65,89.66,89.64,89.65,0
2026-02-20 05:00:00,89.63,89.76,89.63,89.7,0
2026-02-20 06:00:00,89.7,89.77,89.7,89.71,0
2026-02-20 07:00:00,89.72,89.75,89.69,89.73,0
2026-02-20 08:00:00,89.72,89.85,89.62,89.84,0
2026-02-20 09:00:00,89.85,89.865,89.59,89.7,0
2026-02-20 09:30:00,89.69999694824219,89.7300033569336,88.93499755859375,89.20999908447266,9388802
2026-02-20 10:30:00,89.19999694824219,89.4000015258789,89.11129760742188,89.30000305175781,3833236
2026-02-20 11:30:00,89.30000305175781,89.33499908447266,89.18000030517578,89.29060363769531,2640873
2026-02-20 12:30:00,89.29499816894531,89.29499816894531,89.12999725341797,89.20999908447266,1481493
2026-02-20 13:30:00,89.22000122070312,89.3949966430664,89.18499755859375,89.34609985351562,2292759
2026-02-20 14:30:00,89.34989929199219,89.44999694824219,89.30999755859375,89.39969635009766,1491499
2026-02-20 15:30:00,89.3949966430664,89.45649719238281,89.38999938964844,89.41000366210938,2200040
2026-02-20 16:00:00,89.41,93.4342,89.32,89.37,0
2026-02-20 17:00:00,89.365,93.4342,89.3,89.3199,0
2026-02-20 18:00:00,89.32,89.33,89.32,89.32,0
2026-02-23 04:00:00,89.4,89.43,89.39,89.42,0
2026-02-23 05:00:00,89.41,89.46,89.37,89.4,0
2026-02-23 06:00:00,89.37,89.42,89.29,89.4,0
2026-02-23 07:00:00,89.4,89.52,89.36,89.46,0
2026-02-23 08:00:00,89.48,89.53,89.3,89.48,0
2026-02-23 09:00:00,89.5,89.73,89.41,89.54,0
2026-02-23 09:30:00,89.55500030517578,89.66000366210938,89.52999877929688,89.6500015258789,3611760
2026-02-23 10:30:00,89.6500015258789,89.94999694824219,89.62999725341797,89.87000274658203,3794368
2026-02-23 11:30:00,89.875,89.95989990234375,89.8550033569336,89.93499755859375,2725211
2026-02-23 12:30:00,89.93499755859375,90.0,89.88009643554688,89.90689849853516,1088174
2026-02-23 13:30:00,89.90499877929688,89.94999694824219,89.79000091552734,89.79000091552734,1134091
2026-02-23 14:30:00,89.78900146484375,89.8550033569336,89.72000122070312,89.7249984741211,1439157
2026-02-23 15:30:00,89.7249984741211,89.76499938964844,89.69000244140625,89.7300033569336,2276193
2026-02-23 16:00:00,89.74,89.77,89.71,89.72,0
2026-02-23 17:00:00,89.74,89.75,89.7,89.7008,0
2026-02-23 18:00:00,89.707,89.73,89.66,89.6846,0
2026-02-24 04:00:00,89.69,89.8,89.69,89.77,0
2026-02-24 05:00:00,89.77,89.85,89.77,89.84,0
2026-02-24 06:00:00,89.85,89.91,89.84,89.87,0
2026-02-24 07:00:00,89.85,89.88,89.8,89.86,0
2026-02-24 08:00:00,89.87,90.0101,89.59,89.82,0
2026-02-24 09:00:00,89.82,89.95,89.79,89.95,0
2026-02-24 09:30:00,89.94000244140625,90.0199966430664,89.76300048828125,89.86499786376953,3472154
2026-02-24 10:30:00,89.86000061035156,90.05000305175781,89.8550033569336,89.95500183105469,7979540
2026-02-24 11:30:00,89.95500183105469,89.98999786376953,89.87999725341797,89.90499877929688,0
2026-02-24 12:30:00,89.90499877929688,90.00499725341797,89.87999725341797,89.95500183105469,1069623
2026-02-24 13:30:00,89.95010375976562,90.0,89.88500213623047,89.93000030517578,898070
2026-02-24 14:30:00,89.92510223388672,89.94239807128906,89.77999877929688,89.78739929199219,1148770
2026-02-24 15:30:00,89.79000091552734,89.91000366210938,89.78500366210938,89.88999938964844,1796795
2026-02-24 16:00:00,89.92,89.99,89.89,89.9894,0
2026-02-24 17:00:00,89.99,89.99,89.2283,89.97,0
2026-02-24 18:00:00,89.97,89.9896,89.9,89.92,0
2026-02-25 04:00:00,89.77,89.77,89.72,89.72,0
2026-02-25 05:00:00,89.73,89.78,89.7,89.7,0
2026-02-25 06:00:00,89.7,89.76,89.67,89.75,0
2026-02-25 07:00:00,89.75,89.76,89.7,89.7,0
2026-02-25 08:00:00,89.67,89.9,89.6199,89.7109,0
2026-02-25 09:00:00,89.71,89.81,89.68,89.7,0
2026-02-25 09:30:00,89.72000122070312,89.82499694824219,89.70999908447266,89.7750015258789,2257099
2026-02-25 10:30:00,89.77999877929688,89.91999816894531,89.77999877929688,89.91999816894531,1654927
2026-02-25 11:30:00,89.92500305175781,90.06999969482422,89.91999816894531,90.05000305175781,1379021
2026-02-25 12:30:00,90.0531997680664,90.08000183105469,89.99210357666016,90.00499725341797,1418626
2026-02-25 13:30:00,90.0000991821289,90.01529693603516,89.87000274658203,89.88500213623047,1837373
2026-02-25 14:30:00,89.88500213623047,89.9000015258789,89.82009887695312,89.84500122070312,1171911
2026-02-25 15:30:00,89.84500122070312,89.90129852294922,89.8301010131836,89.9000015258789,11279990
2026-02-25 16:00:00,89.85,89.91,89.73,89.78,0
2026-02-25 17:00:00,89.78,91.9447,89.78,89.811,0
2026-02-25 18:00:00,89.81,89.91,89.8,89.89,0
2026-02-26 04:00:00,89.81,89.84,89.81,89.84,0
2026-02-26 05:00:00,89.84,89.9,89.8,89.85,0
2026-02-26 06:00:00,89.86,89.89,89.83,89.86,0
2026-02-26 07:00:00,89.86,89.9,89.83,89.9,0
2026-02-26 08:00:00,89.88,89.98,89.79,89.9542,0
2026-02-26 09:00:00,89.94,90.055,89.8715,90.05,0
2026-02-26 09:30:00,90.06500244140625,90.2300033569336,90.05000305175781,90.14009857177734,3455076
2026-02-26 10:30:00,90.1449966430664,90.19999694824219,90.05000305175781,90.1050033569336,7631829
2026-02-26 11:30:00,90.1072998046875,90.16999816894531,90.08000183105469,90.0875015258789,0
2026-02-26 12:30:00,90.08499908447266,90.19999694824219,90.08000183105469,90.15989685058594,1488725
2026-02-26 13:30:00,90.16000366210938,90.2300033569336,90.11160278320312,90.18499755859375,1866945
2026-02-26 14:30:00,90.18499755859375,90.29000091552734,90.15499877929688,90.26499938964844,1405578
2026-02-26 15:30:00,90.2699966430664,90.31999969482422,90.25,90.2699966430664,2219959
2026-02-26 16:00:00,90.27,90.38,90.1634,90.36,0
2026-02-26 17:00:00,90.37,90.49,90.33,90.42,0
2026-02-26 18:00:00,90.4246,90.53,90.38,90.4899,0
2026-02-27 04:00:00,90.46,90.53,90.4,90.53,0
2026-02-27 05:00:00,90.53,90.58,90.53,90.55,0
2026-02-27 06:00:00,90.55,90.57,90.54,90.56,0
2026-02-27 07:00:00,90.53,90.59,90.5,90.59,0
2026-02-27 08:00:00,90.59,90.6703,90.27,90.63,0
2026-02-27 09:00:00,90.6,90.74,90.47,90.6897,0
2026-02-27 09:30:00,90.68499755859375,90.7300033569336,90.58000183105469,90.62000274658203,7610455
2026-02-27 10:30:00,90.625,90.74500274658203,90.55000305175781,90.74500274658203,2716342
2026-02-27 11:30:00,90.74500274658203,90.81999969482422,90.67379760742188,90.75499725341797,2216879
2026-02-27 12:30:00,90.75499725341797,90.79000091552734,90.67009735107422,90.74500274658203,2136795
2026-02-27 13:30:00,90.74500274658203,90.86000061035156,90.72429656982422,90.7936019897461,3670936
2026-02-27 14:30:00,90.80000305175781,90.80000305175781,90.71009826660156,90.74500274658203,3881120
2026-02-27 15:30:00,90.73999786376953,90.81999969482422,90.73999786376953,90.77999877929688,4933134
2026-02-27 16:00:00,90.82,92.9881,90.78,91.01,0
2026-02-27 17:00:00,91.02,92.9881,90.84,90.88,0
2026-02-27 18:00:00,90.8992,90.8992,90.75,90.86,0
2026-03-02 04:00:00,90.4,90.44,90.26,90.27,0
2026-03-02 05:00:00,90.28,90.45,90.27,90.45,0
2026-03-02 06:00:00,90.45,90.46,90.4,90.45,0
2026-03-02 07:00:00,90.45,90.48,90.23,90.3,0
2026-03-02 08:00:00,90.27,90.4975,90.05,90.0616,0
2026-03-02 09:00:00,90.05,90.82,89.81,89.97,0
2026-03-02 09:30:00,89.97000122070312,89.98500061035156,89.55000305175781,89.7249984741211,16886897
2026-03-02 10:30:00,89.72740173339844,89.73999786376953,89.45999908447266,89.55999755859375,0
2026-03-02 11:30:00,89.56500244140625,89.59500122070312,89.3550033569336,89.37000274658203,17609741
2026-03-02 12:30:00,89.36499786376953,89.52999877929688,89.36499786376953,89.50689697265625,0
2026-03-02 13:30:00,89.50499725341797,89.55999755859375,89.46369934082031,89.47709655761719,2037976
2026-03-02 14:30:00,89.47010040283203,89.5999984741211,89.46499633789062,89.54499816894531,21088880
2026-03-02 15:30:00,89.54000091552734,89.62999725341797,89.52999877929688,89.62000274658203,6239688
2026-03-02 16:00:00,89.61,90.82,89.61,89.76,0
2026-03-02 17:00:00,89.76,89.78,89.6869,89.74,0
2026-03-02 18:00:00,89.75,89.8,89.71,89.76,0
2026-03-03 04:00:00,89.16,89.16,88.95,89.09,0
2026-03-03 05:00:00,89.06,89.06,88.96,89.02,0
2026-03-03 06:00:00,89.03,89.18,89.02,89.17,0
2026-03-03 07:00:00,89.18,89.29,89.04,89.26,0
2026-03-03 08:00:00,89.28,89.61,88.93,89.1382,0
2026-03-03 09:00:00,89.15,89.61,88.84,88.98,0
2026-03-03 09:30:00,88.970703125,89.40899658203125,88.93499755859375,89.375,14465812
2026-03-03 10:30:00,89.37000274658203,89.4749984741211,89.21499633789062,89.3301010131836,8316167
2026-03-03 11:30:00,89.33000183105469,89.58499908447266,89.32499694824219,89.36849975585938,5988625
2026-03-03 12:30:00,89.36000061035156,89.43000030517578,89.30999755859375,89.377197265625,3807382
2026-03-03 13:30:00,89.37999725341797,89.58370208740234,89.37999725341797,89.47000122070312,4283248
2026-03-03 14:30:00,89.46499633789062,89.66999816894531,89.44499969482422,89.4800033569336,4636697
2026-03-03 15:30:00,89.4749984741211,89.49500274658203,89.4000015258789,89.43000030517578,6242111
2026-03-03 16:00:00,89.43,89.46,89.37,89.43,0
2026-03-03 17:00:00,89.36,89.41,89.1521,89.4,0
2026-03-03 18:00:00,89.38,89.43,89.32,89.36,0
2026-03-04 04:00:00,89.01,89.08,88.99,89.08,0
2026-03-04 05:00:00,89.07,89.21,89.0,89.07,0
2026-03-04 06:00:00,89.07,89.16,89.03,89.13,0
2026-03-04 07:00:00,89.12,89.16,89.03,89.05,0
2026-03-04 08:00:00,89.05,89.43,88.91,89.1687,0
2026-03-04 09:00:00,89.201,89.37,89.1,89.28,0
2026-03-04 09:30:00,89.2699966430664,89.30999755859375,89.09500122070312,89.18550109863281,13489375
2026-03-04 10:30:00,89.18000030517578,89.43000030517578,89.17500305175781,89.43000030517578,10597575
2026-03-04 11:30:00,89.43499755859375,89.44000244140625,89.30500030517578,89.32499694824219,4446254
2026-03-04 12:30:00,89.31999969482422,89.38999938964844,89.23999786376953,89.30000305175781,3799502
2026-03-04 13:30:00,89.30500030517578,89.36470031738281,89.25499725341797,89.30000305175781,2954086
2026-03-04 14:30:00,89.29000091552734,89.3550033569336,89.16999816894531,89.20500183105469,3570924
2026-03-04 15:30:00,89.20500183105469,89.23999786376953,89.13999938964844,89.16000366210938,5310761
2026-03-04 16:00:00,89.15,89.18,88.97,88.9874,0
2026-03-04 17:00:00,88.9809,93.7096,85.9063,89.03,0
2026-03-04 18:00:00,89.01,89.0748,89.0,89.06,0
2026-03-05 04:00:00,88.72,88.83,88.72,88.73,0
2026-03-05 05:00:00,88.72,88.8,88.69,88.74,0
2026-03-05 06:00:00,88.77,88.77,88.66,88.75,0
2026-03-05 07:00:00,88.75,88.91,88.73,88.8,0
2026-03-05 08:00:00,88.78,89.15,88.56,88.6712,0
2026-03-05 09:00:00,88.66,88.75,88.54,88.64,0
2026-03-05 09:30:00,88.63500213623047,88.84500122070312,88.51000213623047,88.69499969482422,11186890
2026-03-05 10:30:00,88.69000244140625,88.80000305175781,88.57499694824219,88.58499908447266,4346254
2026-03-05 11:30:00,88.58000183105469,88.80999755859375,88.55000305175781,88.71499633789062,4680005
2026-03-05 12:30:00,88.71499633789062,88.83000183105469,88.62000274658203,88.71330261230469,4441903
2026-03-05 13:30:00,88.71499633789062,88.93499755859375,88.69000244140625,88.85600280761719,5647310
2026-03-05 14:30:00,88.8550033569336,88.87999725341797,88.66500091552734,88.8499984741211,4989995
2026-03-05 15:30:00,88.8499984741211,88.9000015258789,88.77999877929688,88.80999755859375,5567415
2026-03-05 16:00:00,88.81,88.81,88.65,88.68,0
2026-03-05 17:00:00,88.7161,88.79,86.8548,88.69,0
2026-03-05 18:00:00,88.68,88.8,88.68,88.68,0
2026-03-06 04:00:00,88.67,88.67,88.42,88.42,0
2026-03-06 05:00:00,88.42,88.47,88.35,88.41,0
2026-03-06 06:00:00,88.44,88.44,88.33,88.38,0
2026-03-06 07:00:00,88.38,88.43,88.33,88.38,0
2026-03-06 08:00:00,88.37,88.79,88.31,88.48,0
2026-03-06 09:00:00,88.6,89.09,88.2598,88.31,0
2026-03-06 09:30:00,88.31999969482422,88.35800170898438,88.01930236816406,88.19989776611328,18688718
2026-03-06 10:30:00,88.19999694824219,88.41500091552734,88.10489654541016,88.34500122070312,8838617
2026-03-06 11:30:00,88.3499984741211,88.7750015258789,88.30999755859375,88.75019836425781,8502150
2026-03-06 12:30:00,88.75,88.93990325927734,88.62999725341797,88.83000183105469,6379111
2026-03-06 13:30:00,88.82499694824219,88.87000274658203,88.7300033569336,88.75,3006234
2026-03-06 14:30:00,88.74970245361328,88.8499984741211,88.5000991821289,88.50499725341797,3834715
2026-03-06 15:30:00,88.50900268554688,88.58000183105469,88.44999694824219,88.46499633789062,6079733
2026-03-06 16:00:00,88.46,88.66,88.46,88.57,0
2026-03-06 17:00:00,88.62,88.68,88.5357,88.5903,0
2026-03-06 18:00:00,88.59,88.65,88.55,88.57,0
2026-03-09 04:00:00,87.99,88.09,87.95,88.06,0
2026-03-09 05:00:00,88.03,88.2,88.02,88.1,0
2026-03-09 06:00:00,88.09,88.23,88.03,88.17,0
2026-03-09 07:00:00,88.15,88.25,88.03,88.2,0
2026-03-09 08:00:00,88.2,88.46,87.67,88.34,0
2026-03-09 09:00:00,88.31,88.46,88.13,88.28,0
2026-03-09 09:30:00,88.29499816894531,88.53500366210938,88.20500183105469,88.46499633789062,12771915
2026-03-09 10:30:00,88.46499633789062,88.77999877929688,88.44010162353516,88.75060272216797,6737080
2026-03-09 11:30:00,88.75,88.90499877929688,88.73989868164062,88.86009979248047,5162911
2026-03-09 12:30:00,88.86000061035156,89.04000091552734,88.83000183105469,88.95500183105469,5328811
2026-03-09 13:30:00,88.95500183105469,89.02999877929688,88.87999725341797,88.94000244140625,3911522
2026-03-09 14:30:00,88.9406967163086,89.19499969482422,88.87000274658203,89.11499786376953,5556793
2026-03-09 15:30:00,89.11990356445312,89.31500244140625,89.05999755859375,89.2125015258789,8091934
2026-03-09 16:00:00,89.215,89.25,89.13,89.25,0
2026-03-09 17:00:00,89.2306,89.2422,86.2418,89.205,0
2026-03-09 18:00:00,89.22,89.23,89.07,89.105,0
2026-03-09 19:00:00,89.1,89.12,89.06,89.0712,0
2026-03-10 04:00:00,89.28,89.28,89.16,89.21,0
2026-03-10 05:00:00,89.2,89.23,89.07,89.1,0
2026-03-10 06:00:00,89.1,89.1,88.69,88.74,0
2026-03-10 07:00:00,88.73,88.83,88.64,88.67,0
2026-03-10 08:00:00,88.6,89.25,88.4895,88.57,0
2026-03-10 09:00:00,88.59,88.83,88.59,88.8,0
2026-03-10 09:30:00,88.80000305175781,88.86000061035156,88.66000366210938,88.76000213623047,9073570
2026-03-10 10:30:00,88.76000213623047,88.91500091552734,88.7249984741211,88.82499694824219,5702119
2026-03-10 11:30:00,88.81999969482422,88.94999694824219,88.74320220947266,88.83499908447266,4255117
2026-03-10 12:30:00,88.83499908447266,88.91999816894531,88.7300033569336,88.77989959716797,4671198
2026-03-10 13:30:00,88.7750015258789,88.79540252685547,88.2699966430664,88.50499725341797,8101088
2026-03-10 14:30:00,88.50499725341797,88.56500244140625,88.4000015258789,88.40499877929688,3944330
2026-03-10 15:30:00,88.40499877929688,88.42500305175781,88.2699966430664,88.29000091552734,7647137
2026-03-10 16:00:00,88.28,88.33,88.18,88.21,0
2026-03-10 17:00:00,88.22,89.2283,88.2,88.27,0
2026-03-10 18:00:00,88.26,88.29,88.21,88.2109,0
2026-03-10 19:00:00,88.23,88.2594,88.19,88.2578,0
2026-03-11 04:00:00,88.13,88.16,88.08,88.1,0
2026-03-11 05:00:00,88.09,88.12,88.03,88.05,0
2026-03-11 06:00:00,88.05,88.08,88.02,88.03,0
2026-03-11 07:00:00,88.03,88.09,87.97,87.97,0
2026-03-11 08:00:00,87.97,88.448,87.89,88.01,0
2026-03-11 09:00:00,87.95,88.08,87.61,87.75,0
2026-03-11 09:30:00,87.75,87.80999755859375,87.58000183105469,87.5999984741211,12803449
2026-03-11 10:30:00,87.6050033569336,87.62000274658203,87.36000061035156,87.36499786376953,6458866
2026-03-11 11:30:00,87.36990356445312,87.3949966430664,87.19999694824219,87.29930114746094,6973417
2026-03-11 12:30:00,87.29989624023438,87.4000015258789,87.13500213623047,87.18779754638672,5618139
2026-03-11 13:30:00,87.18000030517578,87.3550033569336,87.07499694824219,87.29499816894531,5289362
2026-03-11 14:30:00,87.29000091552734,87.37989807128906,87.25969696044922,87.26000213623047,4702540
2026-03-11 15:30:00,87.26000213623047,87.27989959716797,87.13999938964844,87.13999938964844,5285708
2026-03-11 16:00:00,87.15,87.15,86.97,86.99,0
2026-03-11 17:00:00,86.9902,87.14,86.9902,87.08,0
2026-03-11 18:00:00,87.06,87.06,86.7,86.8586,0
2026-03-11 19:00:00,86.84,86.87,86.73,86.8598,0
2026-03-12 04:00:00,86.95,87.0,86.93,86.97,0
2026-03-12 05:00:00,86.99,87.0,86.87,86.95,0
2026-03-12 06:00:00,86.95,87.06,86.93,86.96,0
2026-03-12 07:00:00,86.99,87.02,86.88,86.93,0
2026-03-12 08:00:00,86.99,87.17,86.88,86.9887,0
2026-03-12 09:00:00,87.0323,87.1599,86.89,86.9,0
2026-03-12 09:30:00,86.9010009765625,87.1449966430664,86.7750015258789,87.07019805908203,9755135
2026-03-12 10:30:00,87.08000183105469,87.19000244140625,86.875,86.89990234375,6694129
2026-03-12 11:30:00,86.8949966430664,87.12000274658203,86.87999725341797,86.97000122070312,6454817
2026-03-12 12:30:00,86.95999908447266,87.19000244140625,86.94010162353516,87.152099609375,5403346
2026-03-12 13:30:00,87.16000366210938,87.24500274658203,87.05000305175781,87.08100128173828,3898176
2026-03-12 14:30:00,87.08000183105469,87.12000274658203,86.84500122070312,86.90290069580078,4901158
2026-03-12 15:30:00,86.90499877929688,87.06999969482422,86.9000015258789,86.97000122070312,6750906
2026-03-12 16:00:00,86.97,86.98,86.83,86.89,0
2026-03-12 17:00:00,86.891,88.8115,86.88,86.95,0
2026-03-12 18:00:00,86.93,86.99,86.85,86.97,0
2026-03-12 19:00:00,86.94,86.9759,86.8652,86.97,0
2026-03-13 04:00:00,86.71,86.82,86.62,86.67,0
2026-03-13 05:00:00,86.67,86.82,86.66,86.71,0
2026-03-13 06:00:00,86.7,86.77,86.67,86.72,0
2026-03-13 07:00:00,86.72,86.94,86.72,86.93,0
2026-03-13 08:00:00,86.89,86.97,86.62,86.6999,0
2026-03-13 09:00:00,86.7,87.0387,86.7,86.94,0
2026-03-13 09:30:00,86.92500305175781,87.1449966430664,86.91999816894531,87.02010345458984,8035593
2026-03-13 10:30:00,87.0199966430664,87.12000274658203,86.62339782714844,86.66999816894531,6589481
2026-03-13 11:30:00,86.66500091552734,86.72000122070312,86.48999786376953,86.54000091552734,5773985
2026-03-13 12:30:00,86.53990173339844,86.58499908447266,86.47000122070312,86.55999755859375,3225177
2026-03-13 13:30:00,86.5552978515625,86.63990020751953,86.51000213623047,86.55000305175781,2505272
2026-03-13 14:30:00,86.55010223388672,86.66699981689453,86.54499816894531,86.59500122070312,3482604
2026-03-13 15:30:00,86.59989929199219,86.62000274658203,86.54000091552734,86.54000091552734,6951011
2026-03-13 16:00:00,86.54,86.6299,86.53,86.61,0
2026-03-13 17:00:00,86.6071,86.61,86.54,86.5901,0
2026-03-13 18:00:00,86.59,86.6,86.571,86.58,0
2026-03-13 19:00:00,86.61,86.61,86.54,86.55,0
2026-03-16 04:00:00,86.75,86.79,86.71,86.73,0
2026-03-16 05:00:00,86.71,86.76,86.63,86.74,0
2026-03-16 06:00:00,86.69,86.84,86.69,86.84,0
2026-03-16 07:00:00,86.79,86.88,86.72,86.88,0
2026-03-16 08:00:00,86.85,87.04,86.54,86.94,0
2026-03-16 09:00:00,86.95,87.23,86.54,87.19,0
2026-03-16 09:30:00,87.17030334472656,87.33499908447266,87.13500213623047,87.29499816894531,5347265
2026-03-16 10:30:00,87.27999877929688,87.28990173339844,87.0801010131836,87.19999694824219,2850428
2026-03-16 11:30:00,87.19999694824219,87.25,87.01499938964844,87.0250015258789,2391142
2026-03-16 12:30:00,87.0250015258789,87.10870361328125,86.96029663085938,87.08499908447266,1409745
2026-03-16 13:30:00,87.08000183105469,87.27999877929688,87.07499694824219,87.2699966430664,1823239
2026-03-16 14:30:00,87.26899719238281,87.32499694824219,87.2300033569336,87.27999877929688,1787513
2026-03-16 15:30:00,87.27749633789062,87.27999877929688,87.16999816894531,87.20999908447266,2661721
2026-03-16 16:00:00,87.21,87.22,87.15,87.155,0
2026-03-16 17:00:00,87.1841,87.21,87.11,87.16,0
2026-03-16 18:00:00,87.16,87.16,87.07,87.07,0
2026-03-16 19:00:00,87.0601,87.2,87.0601,87.1544,0
