code,name,last_price,open_price,high_price,low_price,prev_close_price,volume,turnover,option_valid,option_type,strike_time,option_strike_price,option_contract_size,option_open_interest,option_implied_volatility,option_delta,option_gamma,option_vega,option_theta,option_rho,option_premium,option_expiry_date_distance
US.GLD260316C290000,GLD 260316 290.00C,177.0835,0.0,0.0,0.0,177.0835,0,0.0,True,CALL,2026-03-16,290.0,100.0,0,0.0,0.0,0.0,0.0,0.0,0.0,1.354,2
US.GLD260316P290000,GLD 260316 290.00P,0.0001,0.0,0.0,0.0,0.0001,0,0.0,True,PUT,2026-03-16,290.0,100.0,0,127.875,-8.882e-06,7.88e-07,1.5809e-05,-9.9348e-05,1.142e-06,37.071,2
US.GLD260316C295000,GLD 260316 295.00C,172.0855,0.0,0.0,0.0,172.0855,0,0.0,True,CALL,2026-03-16,295.0,100.0,0,0.0,0.0,0.0,0.0,0.0,0.0,1.355,2
US.GLD260316P295000,GLD 260316 295.00P,0.0001,0.0,0.0,0.0,0.0001,0,0.0,True,PUT,2026-03-16,295.0,100.0,0,123.326,-9.197e-06,8.44e-07,1.6346e-05,-9.9333e-05,1.167e-06,35.986,2
US.GLD260316C300000,GLD 260316 300.00C,167.0876,0.0,0.0,0.0,167.0876,0,0.0,True,CALL,2026-03-16,300.0,100.0,0,0.0,0.0,0.0,0.0,0.0,0.0,1.355,2
US.GLD260316P300000,GLD 260316 300.00P,0.0001,0.0,0.0,0.0,0.0001,0,0.0,True,PUT,2026-03-16,300.0,100.0,0,118.849,-9.53e-06,9.06e-07,1.6912e-05,-9.9318e-05,1.193e-06,34.901,2
US.GLD260316C305000,GLD 260316 305.00C,162.0896,0.0,0.0,0.0,162.0896,0,0.0,True,CALL,2026-03-16,305.0,100.0,0,0.0,0.0,0.0,0.0,0.0,0.0,1.356,2
US.GLD260316P305000,GLD 260316 305.00P,0.0001,0.0,0.0,0.0,0.0001,0,0.0,True,PUT,2026-03-16,305.0,100.0,0,114.443,-9.882e-06,9.74e-07,1.751e-05,-9.9302e-05,1.221e-06,33.816,2
US.GLD260316C310000,GLD 260316 310.00C,157.0916,0.0,0.0,0.0,157.0916,0,0.0,True,CALL,2026-03-16,310.0,100.0,0,0.0,0.0,0.0,0.0,0.0,0.0,1.356,2
US.GLD260316P310000,GLD 260316 310.00P,0.0001,0.0,0.0,0.0,0.0001,0,0.0,True,PUT,2026-03-16,310.0,100.0,0,110.104,-1.0255e-05,1.048e-06,1.8143e-05,-9.9284e-05,1.25e-06,32.731,2
US.GLD260316C315000,GLD 260316 315.00C,152.0937,0.0,0.0,0.0,152.0937,0,0.0,True,CALL,2026-03-16,315.0,100.0,0,0.0,0.0,0.0,0.0,0.0,0.0,1.356,2
US.GLD260316P315000,GLD 260316 315.00P,0.0001,0.0,0.0,0.0,0.0001,0,0.0,True,PUT,2026-03-16,315.0,100.0,0,105.83,-1.0651e-05,1.13e-06,1.8814e-05,-9.9266e-05,1.28e-06,31.646,2
US.GLD260316C320000,GLD 260316 320.00C,147.0957,147.0957,0.0,0.0,147.0957,0,0.0,True,CALL,2026-03-16,320.0,100.0,1,0.0,0.0,0.0,0.0,0.0,0.0,1.357,2
US.GLD260316P320000,GLD 260316 320.00P,0.01,0.01,0.01,0.01,0.0001,1,1.0,True,PUT,2026-03-16,320.0,100.0,0,135.634,-0.000673611,4.3771e-05,0.000923148,-0.009721776,-1.6356e-05,30.563,2
US.GLD260316C325000,GLD 260316 325.00C,142.0978,142.0978,0.0,0.0,142.0978,0,0.0,True,CALL,2026-03-16,325.0,100.0,1,0.0,0.0,0.0,0.0,0.0,0.0,1.357,2
US.GLD260316P325000,GLD 260316 325.00P,0.0001,0.0,0.0,0.0,0.0001,0,0.0,True,PUT,2026-03-16,325.0,100.0,0,97.467,-1.1523e-05,1.322e-06,2.0287e-05,-9.9227e-05,1.346e-06,29.476,2
US.GLD260316C330000,GLD 260316 330.00C,137.0998,137.0998,0.0,0.0,137.0998,0,0.0,True,CALL,2026-03-16,330.0,100.0,8,0.0,0.0,0.0,0.0,0.0,0.0,1.358,2
US.GLD260316P330000,GLD 260316 330.00P,0.0001,0.0,0.0,0.0,0.0001,0,0.0,True,PUT,2026-03-16,330.0,100.0,0,93.374,-1.2004e-05,1.435e-06,2.1099e-05,-9.9206e-05,1.382e-06,28.391,2
US.GLD260316C335000,GLD 260316 335.00C,132.1019,132.1019,0.0,0.0,132.1019,0,0.0,True,CALL,2026-03-16,335.0,100.0,9,0.0,0.0,0.0,0.0,0.0,0.0,1.358,2
US.GLD260316P335000,GLD 260316 335.00P,0.0001,0.0001,0.0,0.0,0.0001,0,0.0,True,PUT,2026-03-16,335.0,100.0,2,89.337,-1.252e-05,1.56e-06,2.1968e-05,-9.9182e-05,1.42e-06,27.306,2
US.GLD260316C340000,GLD 260316 340.00C,127.1041,0.0,0.0,0.0,127.1041,0,0.0,True,CALL,2026-03-16,340.0,100.0,0,0.0,0.0,0.0,0.0,0.0,0.0,1.359,2
US.GLD260316P340000,GLD 260316 340.00P,0.0002,0.0,0.0,0.0,0.0002,0,0.0,True,PUT,2026-03-16,340.0,100.0,0,88.53,-2.4784e-05,3.022e-06,4.1991e-05,-0.000198461,1.487e-06,26.221,2
US.GLD260316C345000,GLD 260316 345.00C,117.21,117.21,117.21,117.21,122.1063,2,23442.0,True,CALL,2026-03-16,345.0,100.0,0,0.0,0.0,0.0,0.0,0.0,0.0,0.297,2
US.GLD260316P345000,GLD 260316 345.00P,0.0004,0.0004,0.0,0.0,0.0004,0,0.0,True,PUT,2026-03-16,345.0,100.0,6,87.802,-4.8695e-05,5.786e-06,7.9505e-05,-0.000396625,1.296e-06,25.136,2
US.GLD260316C350000,GLD 260316 350.00C,117.1089,117.1089,0.0,0.0,117.1089,0,0.0,True,CALL,2026-03-16,350.0,100.0,19,0.0,0.0,0.0,0.0,0.0,0.0,1.36,2
US.GLD260316P350000,GLD 260316 350.00P,0.001,0.001,0.0,0.0,0.001,0,0.0,True,PUT,2026-03-16,350.0,100.0,5,88.402,-0.000116022,1.3035e-05,0.000179883,-0.0009887,7.3e-08,24.051,2
US.GLD260316C355000,GLD 260316 355.00C,110.27,110.23,110.27,110.23,112.112,2,22050.0,True,CALL,2026-03-16,355.0,100.0,0,0.0,0.0,0.0,0.0,0.0,0.0,0.961,2
US.GLD260316P355000,GLD 260316 355.00P,0.002,0.002,0.0,0.0,0.002,0,0.0,True,PUT,2026-03-16,355.0,100.0,2,88.01,-0.000224756,2.433e-05,0.000333836,-0.001969389,-2.496e-06,22.967,2
US.GLD260316C360000,GLD 260316 360.00C,105.29,105.32,105.32,105.29,107.116,2,21061.0,True,CALL,2026-03-16,360.0,100.0,0,133.995,0.986648304,0.000648638,0.013502735,-0.25568172,0.02585053,0.965,2
US.GLD260316P360000,GLD 260316 360.00P,0.004,0.004,0.0,0.0,0.004,0,0.0,True,PUT,2026-03-16,360.0,100.0,1,87.811,-0.000432831,4.4887e-05,0.000613912,-0.003914523,-8.097e-06,21.882,2
US.GLD260316C365000,GLD 260316 365.00C,102.1218,0.0,0.0,0.0,102.1218,0,0.0,True,CALL,2026-03-16,365.0,100.0,0,0.0,0.0,0.0,0.0,0.0,0.0,1.362,2
US.GLD260316P365000,GLD 260316 365.00P,0.0078,0.0078,0.0,0.0,0.0078,0,0.0,True,PUT,2026-03-16,365.0,100.0,36,87.673,-0.000810347,8.027e-05,0.001095356,-0.007567302,-1.9073e-05,20.798,2
US.GLD260316C370000,GLD 260316 370.00C,97.1309,0.0,0.0,0.0,97.1309,0,0.0,True,CALL,2026-03-16,370.0,100.0,0,0.0,0.0,0.0,0.0,0.0,0.0,1.364,2
US.GLD260316P370000,GLD 260316 370.00P,0.04,0.04,0.04,0.04,0.0148,1,4.0,True,PUT,2026-03-16,370.0,100.0,1,96.384,-0.003369451,0.000267323,0.004005351,-0.037401516,-0.000100197,19.72,2
US.GLD260316C375000,GLD 260316 375.00C,92.14,0.0,0.0,0.0,92.14,0,0.0,True,CALL,2026-03-16,375.0,100.0,0,104.045,0.990998322,0.000592814,0.009583573,-0.149743597,0.02710321,1.367,2
US.GLD260316P375000,GLD 260316 375.00P,0.1,0.1,0.1,0.1,0.0219,1,10.0,True,PUT,2026-03-16,375.0,100.0,9,100.96,-0.007444726,0.000517,0.008111258,-0.090006379,-0.000234242,18.648,2
US.GLD260316C380000,GLD 260316 380.00C,87.1491,0.0,0.0,0.0,87.1491,0,0.0,True,CALL,2026-03-16,380.0,100.0,0,0.0,0.0,0.0,0.0,0.0,0.0,1.369,2
US.GLD260316P380000,GLD 260316 380.00P,0.01,0.08,0.08,0.01,0.0289,6,15.0,True,PUT,2026-03-16,380.0,100.0,31,75.128,-0.001182545,0.000132533,0.001549997,-0.00963653,-2.9638e-05,17.544,2
US.GLD260316C385000,GLD 260316 385.00C,82.1582,0.0,0.0,0.0,82.1582,0,0.0,True,CALL,2026-03-16,385.0,100.0,0,0.0,0.0,0.0,0.0,0.0,0.0,1.37,2
US.GLD260316P385000,GLD 260316 385.00P,0.05,0.05,0.05,0.05,0.036,5,25.0,True,PUT,2026-03-16,385.0,100.0,45,82.443,-0.004784372,0.000427773,0.005482539,-0.046105075,-0.000144528,16.467,2
US.GLD260316C390000,GLD 260316 390.00C,77.1673,0.0,0.0,0.0,77.1673,0,0.0,True,CALL,2026-03-16,390.0,100.0,0,0.0,0.0,0.0,0.0,0.0,0.0,1.372,2
US.GLD260316P390000,GLD 260316 390.00P,0.01,0.01,0.01,0.01,0.0431,20,20.0,True,PUT,2026-03-16,390.0,100.0,24,65.772,-0.001340564,0.000169778,0.001739052,-0.009612681,-3.3773e-05,15.374,2
US.GLD260316C395000,GLD 260316 395.00C,72.1765,72.1765,0.0,0.0,72.1765,0,0.0,True,CALL,2026-03-16,395.0,100.0,1,0.0,0.0,0.0,0.0,0.0,0.0,1.374,2
US.GLD260316P395000,GLD 260316 395.00P,0.01,0.06,0.27,0.01,0.0502,36,118.0,True,PUT,2026-03-16,395.0,100.0,14,61.153,-0.001435608,0.000194386,0.001851758,-0.009598702,-3.6261e-05,14.289,2
US.GLD260316C400000,GLD 260316 400.00C,67.1857,67.1857,0.0,0.0,67.1857,0,0.0,True,CALL,2026-03-16,400.0,100.0,1,0.0,0.0,0.0,0.0,0.0,0.0,1.376,2
US.GLD260316P400000,GLD 260316 400.00P,0.04,0.04,0.18,0.01,0.0575,42,137.0,True,PUT,2026-03-16,400.0,100.0,75,64.925,-0.004872609,0.000552083,0.005574436,-0.036882836,-0.000144801,13.21,2
US.GLD260316C405000,GLD 260316 405.00C,62.2142,0.0,0.0,0.0,62.2142,0,0.0,True,CALL,2026-03-16,405.0,100.0,0,0.0,0.0,0.0,0.0,0.0,0.0,1.383,2
US.GLD260316P405000,GLD 260316 405.00P,0.05,0.01,0.05,0.01,0.084,318,339.0,True,PUT,2026-03-16,405.0,100.0,98,61.354,-0.006293353,0.000733317,0.00699649,-0.045532864,-0.000189795,12.127,2
US.GLD260316C410000,GLD 260316 410.00C,57.2433,57.2433,0.0,0.0,57.2433,0,0.0,True,CALL,2026-03-16,410.0,100.0,6,0.0,0.0,0.0,0.0,0.0,0.0,1.389,2
US.GLD260316P410000,GLD 260316 410.00P,0.05,0.06,0.1,0.01,0.1111,54,137.0,True,PUT,2026-03-16,410.0,100.0,36,56.798,-0.007368927,0.000910617,0.008042964,-0.049660907,-0.00022339,11.042,2
US.GLD260316C415000,GLD 260316 415.00C,48.48,48.47,48.48,48.47,52.2728,25,121186.0,True,CALL,2026-03-16,415.0,100.0,1,0.0,0.0,0.0,0.0,0.0,0.0,0.572,2
US.GLD260316P415000,GLD 260316 415.00P,0.06,0.09,0.14,0.03,0.1385,115,669.0,True,PUT,2026-03-16,415.0,100.0,391,52.653,-0.009190453,0.001192655,0.009764734,-0.05790601,-0.000280981,9.96,2
US.GLD260316C420000,GLD 260316 420.00C,40.54,40.54,40.54,40.54,47.3026,1,4054.0,True,CALL,2026-03-16,420.0,100.0,6,47.398,0.989811135,0.001450135,0.01068711,-0.098968582,0.03035762,-0.065,2
US.GLD260316P420000,GLD 260316 420.00P,0.09,0.29,0.29,0.05,0.1664,324,3119.0,True,PUT,2026-03-16,420.0,100.0,196,50.857,-0.015223292,0.001913139,0.015123308,-0.094281148,-0.000476184,8.881,2
US.GLD260316C425000,GLD 260316 425.00C,42.3332,0.0,0.0,0.0,42.3332,0,0.0,True,CALL,2026-03-16,425.0,100.0,0,51.219,0.969894172,0.003380314,0.026899025,-0.231660727,0.030039165,1.408,2
US.GLD260316P425000,GLD 260316 425.00P,0.15,0.3,0.3,0.07,0.195,230,2862.0,True,PUT,2026-03-16,425.0,100.0,239,46.914,-0.020298139,0.002651209,0.019330115,-0.11672206,-0.000639524,7.809,2
US.GLD260316C430000,GLD 260316 430.00C,30.53,39.58,39.58,30.53,37.3752,2,7011.0,True,CALL,2026-03-16,430.0,100.0,2,46.586,0.961502623,0.004549168,0.032922805,-0.262868742,0.030118314,-0.067,2
US.GLD260316P430000,GLD 260316 430.00P,0.19,0.16,0.23,0.09,0.235,983,13050.0,True,PUT,2026-03-16,430.0,100.0,2244,42.018,-0.025215239,0.003554069,0.02320643,-0.130207791,-0.000796273,6.733,2
US.GLD260316C435000,GLD 260316 435.00C,32.437,32.437,0.0,0.0,32.437,0,0.0,True,CALL,2026-03-16,435.0,100.0,10,37.916,0.964694074,0.005207608,0.030675756,-0.20709196,0.030597005,1.431,2
US.GLD260316P435000,GLD 260316 435.00P,0.23,0.13,0.29,0.12,0.295,319,6696.0,True,PUT,2026-03-16,435.0,100.0,5809,37.356,-0.033304951,0.005037593,0.029238719,-0.15302036,-0.001055245,5.657,2
US.GLD260316C439000,GLD 260316 439.00C,28.5036,0.0,0.0,0.0,28.5036,0,0.0,True,CALL,2026-03-16,439.0,100.0,0,30.412,0.970946634,0.005527369,0.026122641,-0.151269679,0.031105742,1.445,2
US.GLD260316P439000,GLD 260316 439.00P,0.36,0.16,0.4,0.16,0.3601,22,724.0,True,PUT,2026-03-16,439.0,100.0,64,36.002,-0.054266829,0.007756372,0.043372231,-0.238477384,-0.001737912,4.817,2
US.GLD260316C440000,GLD 260316 440.00C,21.75,30.12,30.12,20.94,27.5287,18,40743.0,True,CALL,2026-03-16,440.0,100.0,22,30.104,0.966044393,0.006352063,0.02971161,-0.168418043,0.031011813,0.197,2
US.GLD260316P440000,GLD 260316 440.00P,0.37,0.15,0.42,0.15,0.3849,1870,56122.0,True,PUT,2026-03-16,440.0,100.0,354,35.219,-0.058878383,0.008455124,0.046249305,-0.252339305,-0.001887145,4.602,2
US.GLD260316C441000,GLD 260316 441.00C,26.5541,0.0,0.0,0.0,26.5541,0,0.0,True,CALL,2026-03-16,441.0,100.0,0,32.891,0.944363632,0.008659225,0.044236198,-0.266006149,0.030343226,1.456,2
US.GLD260316P441000,GLD 260316 441.00P,0.4,0.45,0.46,0.31,0.4099,60,2413.0,True,PUT,2026-03-16,441.0,100.0,2,34.684,-0.065345401,0.009312922,0.050164898,-0.274517531,-0.002097439,4.391,2
US.GLD260316C442000,GLD 260316 442.00C,25.5796,0.0,0.0,0.0,25.5796,0,0.0,True,CALL,2026-03-16,442.0,100.0,0,28.42,0.959571984,0.007759907,0.034259467,-0.183941514,0.030938089,1.462,2
US.GLD260316P442000,GLD 260316 442.00P,0.43,0.23,0.47,0.19,0.4351,73,2846.0,True,PUT,2026-03-16,442.0,100.0,31,33.78,-0.070419129,0.010131014,0.053145245,-0.286924966,-0.002261073,4.181,2
US.GLD260316C443000,GLD 260316 443.00C,24.6108,0.0,0.0,0.0,24.6108,0,0.0,True,CALL,2026-03-16,443.0,100.0,0,30.73,0.937042839,0.010211807,0.048735007,-0.277659744,0.030240907,1.469,2
US.GLD260316P443000,GLD 260316 443.00P,0.39,0.46,0.47,0.34,0.466,67,2706.0,True,PUT,2026-03-16,443.0,100.0,5,33.266,-0.0784569,0.011172622,0.057715167,-0.312682822,-0.002522368,3.955,2
US.GLD260316C444000,GLD 260316 444.00C,23.6432,0.0,0.0,0.0,23.6432,0,0.0,True,CALL,2026-03-16,444.0,100.0,0,31.222,0.922522097,0.011791059,0.057170194,-0.33314911,0.029817304,1.476,2
US.GLD260316P444000,GLD 260316 444.00P,0.55,0.29,0.55,0.29,0.4981,21,948.0,True,PUT,2026-03-16,444.0,100.0,1,32.49,-0.085731368,0.012230074,0.061700426,-0.331479594,-0.002757648,3.773,2
US.GLD260316C445000,GLD 260316 445.00C,16.6,16.6,16.6,16.6,22.676,1,1660.0,True,CALL,2026-03-16,445.0,100.0,10,30.208,0.916516874,0.012893987,0.060484821,-0.343877848,0.029686198,0.164,2
US.GLD260316P445000,GLD 260316 445.00P,0.54,0.26,0.75,0.21,0.5305,939,51142.0,True,PUT,2026-03-16,445.0,100.0,651,31.944,-0.095429784,0.013469348,0.066808613,-0.359428475,-0.003072474,3.554,2
US.GLD260316C446000,GLD 260316 446.00C,15.6,18.0,18.3,15.6,21.7217,22,38080.0,True,CALL,2026-03-16,446.0,100.0,0,27.5,0.922227588,0.013425444,0.057329399,-0.299374617,0.029957288,0.164,2
US.GLD260316P446000,GLD 260316 446.00P,0.74,0.3,0.74,0.3,0.5759,74,4233.0,True,PUT,2026-03-16,446.0,100.0,23,31.083,-0.103999673,0.014740553,0.071139204,-0.377822411,-0.003348786,3.38,2
US.GLD260316C447000,GLD 260316 447.00C,15.04,15.37,15.37,15.04,20.7742,2,3041.0,True,CALL,2026-03-16,447.0,100.0,1,28.042,0.903171066,0.015508043,0.067525716,-0.362830574,0.029378979,0.26,2
US.GLD260316P447000,GLD 260316 447.00P,0.77,0.27,0.81,0.27,0.6282,129,7299.0,True,PUT,2026-03-16,447.0,100.0,3,30.479,-0.115540474,0.016212734,0.076720628,-0.406628056,-0.003722398,3.17,2
US.GLD260316C448000,GLD 260316 448.00C,15.23,16.94,16.94,15.23,19.8271,11,18463.0,True,CALL,2026-03-16,448.0,100.0,10,27.578,0.890003737,0.01729843,0.074073752,-0.39555756,0.02900282,0.518,2
US.GLD260316P448000,GLD 260316 448.00P,0.72,0.29,0.81,0.28,0.6808,25,1370.0,True,PUT,2026-03-16,448.0,100.0,0,29.522,-0.125677819,0.017760171,0.081399217,-0.423621178,-0.004047787,2.942,2
US.GLD260316C449000,GLD 260316 449.00C,15.7,15.92,15.94,14.58,18.8827,14,22140.0,True,CALL,2026-03-16,449.0,100.0,10,27.588,0.871104879,0.019340336,0.082846702,-0.447959274,0.028429825,0.837,2
US.GLD260316P449000,GLD 260316 449.00P,0.75,0.56,1.06,0.5,0.7361,180,11471.0,True,PUT,2026-03-16,449.0,100.0,3,28.837,-0.139345126,0.019522835,0.087400293,-0.451750783,-0.004488364,2.731,2
US.GLD260316C450000,GLD 260316 450.00C,11.91,15.5,15.5,11.35,17.955,385,494145.0,True,CALL,2026-03-16,450.0,100.0,2,26.535,0.859388608,0.021344961,0.087941956,-0.462219675,0.028104401,0.232,2
US.GLD260316P450000,GLD 260316 450.00P,0.96,0.4,1.17,0.29,0.8083,1792,152462.0,True,PUT,2026-03-16,450.0,100.0,415,28.307,-0.155964178,0.021448733,0.094253552,-0.486774878,-0.005024499,2.56,2
US.GLD260316C451000,GLD 260316 451.00C,13.56,15.75,15.92,12.18,17.0277,34,46056.0,True,CALL,2026-03-16,451.0,100.0,6,26.714,0.834808358,0.023593755,0.097867849,-0.524727663,0.02733626,0.807,2
US.GLD260316P451000,GLD 260316 451.00P,1.16,0.45,1.23,0.45,0.8808,119,12332.0,True,PUT,2026-03-16,451.0,100.0,114,27.736,-0.174143637,0.023511774,0.101230553,-0.520919859,-0.005609369,2.386,2
US.GLD260316C452000,GLD 260316 452.00C,11.28,15.58,15.9,11.28,16.112,131,162991.0,True,CALL,2026-03-16,452.0,100.0,31,25.682,0.818771173,0.02603343,0.103817626,-0.54102179,0.026863373,0.529,2
US.GLD260316P452000,GLD 260316 452.00P,1.17,0.4,1.41,0.4,0.965,390,44961.0,True,PUT,2026-03-16,452.0,100.0,102,27.252,-0.195148902,0.025686612,0.108663755,-0.558655747,-0.006284303,2.172,2
US.GLD260316C453000,GLD 260316 453.00C,10.63,16.72,16.72,10.6,15.2072,94,112611.0,True,CALL,2026-03-16,453.0,100.0,2,25.891,0.789212376,0.028303262,0.113798972,-0.60544679,0.025923776,0.605,2
US.GLD260316P453000,GLD 260316 453.00P,1.53,0.45,1.55,0.42,1.06,337,32919.0,True,PUT,2026-03-16,453.0,100.0,207,26.39,-0.215219554,0.028116632,0.115175165,-0.581146075,-0.006922761,2.033,2
US.GLD260316C454000,GLD 260316 454.00C,9.75,13.05,13.05,9.51,14.3072,76,85333.0,True,CALL,2026-03-16,454.0,100.0,2,23.96,0.776112654,0.031668075,0.11782816,-0.585883,0.025555379,0.631,2
US.GLD260316P454000,GLD 260316 454.00P,1.51,0.57,1.75,0.44,1.16,179,20325.0,True,PUT,2026-03-16,454.0,100.0,258,25.889,-0.240834311,0.030534703,0.122702598,-0.61636779,-0.007739516,1.811,2
US.GLD260316C455000,GLD 260316 455.00C,8.15,14.2,14.2,8.15,13.4222,253,271752.0,True,CALL,2026-03-16,455.0,100.0,60,24.18,0.740864072,0.033975804,0.127587107,-0.647341587,0.024420352,0.501,2
US.GLD260316P455000,GLD 260316 455.00P,1.72,0.57,2.02,0.46,1.275,859,115344.0,True,PUT,2026-03-16,455.0,100.0,1720,25.899,-0.272924489,0.03258116,0.130968586,-0.668213209,-0.00876549,1.64,2
US.GLD260316C456000,GLD 260316 456.00C,7.25,12.28,12.4,7.25,12.5573,91,90241.0,True,CALL,2026-03-16,456.0,100.0,4,23.746,0.70861343,0.03665494,0.135185059,-0.679974731,0.023390027,0.522,2
US.GLD260316P456000,GLD 260316 456.00P,1.9,0.5,2.25,0.5,1.4101,476,67724.0,True,PUT,2026-03-16,456.0,100.0,238,25.157,-0.301861387,0.035184246,0.137369456,-0.687953113,-0.009674091,1.462,2
US.GLD260316C457000,GLD 260316 457.00C,7.15,10.91,11.52,7.15,11.7119,113,100347.0,True,CALL,2026-03-16,457.0,100.0,7,24.148,0.668023971,0.038140834,0.143056526,-0.737181894,0.022067677,0.718,2
US.GLD260316P457000,GLD 260316 457.00P,2.25,0.75,2.65,0.54,1.5648,1715,276951.0,True,PUT,2026-03-16,457.0,100.0,1086,24.374,-0.333637989,0.037889963,0.143308317,-0.701500083,-0.010662775,1.321,2
US.GLD260316C458000,GLD 260316 458.00C,6.62,9.72,9.72,6.3,10.867,168,131125.0,True,CALL,2026-03-16,458.0,100.0,23,24.085,0.629079056,0.039805401,0.148921919,-0.769658625,0.020802582,0.82,2
US.GLD260316P458000,GLD 260316 458.00P,2.46,0.86,2.85,0.66,1.7201,984,219717.0,True,PUT,2026-03-16,458.0,100.0,1201,24.201,-0.371795872,0.039680598,0.148997627,-0.729972683,-0.011852433,1.15,2
US.GLD260316C459000,GLD 260316 459.00C,4.9,7.17,8.45,4.9,10.0666,64,45413.0,True,CALL,2026-03-16,459.0,100.0,11,22.457,0.594169245,0.043809479,0.152829634,-0.74047884,0.019688115,0.664,2
US.GLD260316P459000,GLD 260316 459.00P,2.53,1.0,3.15,0.79,1.92,714,153350.0,True,PUT,2026-03-16,459.0,100.0,1331,23.713,-0.410699298,0.041658194,0.153231052,-0.739005364,-0.013043017,0.948,2
US.GLD260316C460000,GLD 260316 460.00C,4.03,10.04,10.04,4.0,9.2762,183,108525.0,True,CALL,2026-03-16,460.0,100.0,214,22.228,0.5501544,0.045174333,0.155992211,-0.74906383,0.018248484,0.692,2
US.GLD260316P460000,GLD 260316 460.00P,3.11,1.24,3.85,0.84,2.13,2288,577239.0,True,PUT,2026-03-16,460.0,100.0,641,23.075,-0.451846245,0.04360972,0.156034678,-0.73339336,-0.014276698,0.857,2
US.GLD260316C461000,GLD 260316 461.00C,3.55,6.22,6.22,3.4,8.5206,321,130958.0,True,CALL,2026-03-16,461.0,100.0,30,21.877,0.504667791,0.0462628,0.157227817,-0.742011448,0.01675742,0.805,2
US.GLD260316P461000,GLD 260316 461.00P,3.6,1.16,4.12,0.97,2.375,644,176354.0,True,PUT,2026-03-16,461.0,100.0,157,22.62,-0.495780468,0.044831068,0.157162606,-0.722898931,-0.015570883,0.746,2
US.GLD260316C462000,GLD 260316 462.00C,2.91,7.21,7.21,2.78,7.7949,515,224799.0,True,CALL,2026-03-16,462.0,100.0,35,21.519,0.457726969,0.046771664,0.156352765,-0.722444656,0.015214053,0.883,2
US.GLD260316P462000,GLD 260316 462.00P,4.17,1.24,4.62,1.07,2.65,525,163972.0,True,PUT,2026-03-16,462.0,100.0,134,22.615,-0.540507296,0.044635262,0.156346015,-0.715476261,-0.016870406,0.653,2
US.GLD260316C463000,GLD 260316 463.00C,2.45,7.82,8.13,2.4,7.0891,1071,376446.0,True,CALL,2026-03-16,463.0,100.0,16,21.468,0.411289398,0.045976979,0.153326049,-0.700938101,0.013680699,1.0,2
US.GLD260316P463000,GLD 260316 463.00P,4.62,1.37,5.2,1.18,2.945,1432,523088.0,True,PUT,2026-03-16,463.0,100.0,248,21.506,-0.589364398,0.046039136,0.153164623,-0.658901312,-0.018179096,0.533,2
US.GLD260316C464000,GLD 260316 464.00C,2.04,7.1,7.1,2.04,6.443,718,228356.0,True,CALL,2026-03-16,464.0,100.0,31,21.377,0.365694886,0.044638646,0.148222427,-0.666925478,0.012172836,1.128,2
US.GLD260316P464000,GLD 260316 464.00P,5.07,1.81,5.68,1.43,3.3,1811,752679.0,True,PUT,2026-03-16,464.0,100.0,250,22.389,-0.629033892,0.043002001,0.148810723,-0.65955986,-0.01928882,0.414,2
US.GLD260316C465000,GLD 260316 465.00C,1.66,6.1,6.1,1.66,5.8168,1320,394320.0,True,CALL,2026-03-16,465.0,100.0,1145,21.18,0.320781931,0.042882232,0.141059282,-0.619249282,0.010685749,1.262,2
US.GLD260316P465000,GLD 260316 465.00P,5.9,2.08,6.47,1.57,3.675,830,298061.0,True,PUT,2026-03-16,465.0,100.0,706,22.865,-0.667342027,0.040521986,0.143040842,-0.638312184,-0.020289578,0.377,2
US.GLD260316C466000,GLD 260316 466.00C,1.39,5.2,5.2,1.39,5.2153,852,222109.0,True,CALL,2026-03-16,466.0,100.0,80,21.32,0.280903582,0.040121723,0.13283841,-0.5765939,0.009361771,1.421,2
US.GLD260316P466000,GLD 260316 466.00P,6.42,2.79,6.42,1.89,4.075,831,362741.0,True,PUT,2026-03-16,466.0,100.0,215,22.541,-0.709274104,0.038846133,0.134879701,-0.580393022,-0.021239632,0.273,2
US.GLD260316C467000,GLD 260316 467.00C,1.12,4.41,4.41,1.03,4.6636,345,83574.0,True,CALL,2026-03-16,467.0,100.0,71,20.917,0.238381199,0.037568143,0.122014869,-0.507397319,0.007950871,1.579,2
US.GLD260316P467000,GLD 260316 467.00P,7.18,2.23,7.8,2.23,4.525,1313,581407.0,True,PUT,2026-03-16,467.0,100.0,350,22.069,-0.751171429,0.036808776,0.124689646,-0.510135568,-0.022036437,0.221,2
US.GLD260316C468000,GLD 260316 468.00C,0.87,3.95,4.5,0.87,4.15,1589,339081.0,True,CALL,2026-03-16,468.0,100.0,152,20.51,0.198240864,0.034447017,0.10968571,-0.434517798,0.006616966,1.742,2
US.GLD260316P468000,GLD 260316 468.00P,8.31,3.19,8.66,2.51,5.0134,733,351255.0,True,PUT,2026-03-16,468.0,100.0,438,22.508,-0.78135184,0.033679562,0.116013931,-0.472268437,-0.022574273,0.249,2
US.GLD260316C469000,GLD 260316 469.00C,0.68,3.7,3.9,0.68,3.65,393,93940.0,True,CALL,2026-03-16,469.0,100.0,143,20.226,0.16268292,0.030853267,0.096865938,-0.366141444,0.005433486,1.918,2
US.GLD260316P469000,GLD 260316 469.00P,8.65,3.1,8.65,2.8,5.5158,306,145738.0,True,PUT,2026-03-16,469.0,100.0,713,21.762,-0.821505015,0.03102769,0.102524514,-0.385233618,-0.022906521,0.106,2
US.GLD260316C470000,GLD 260316 470.00C,0.57,3.4,3.44,0.48,3.2,2379,353550.0,True,CALL,2026-03-16,470.0,100.0,1558,20.793,0.140967734,0.027285601,0.088064413,-0.333633385,0.004708526,2.111,2
US.GLD260316P470000,GLD 260316 470.00P,9.84,3.61,10.15,3.34,6.0685,785,404465.0,True,PUT,2026-03-16,470.0,100.0,744,21.865,-0.849220803,0.027871804,0.091813319,-0.333077976,-0.022984085,0.147,2
US.GLD260316C471000,GLD 260316 471.00C,0.4,2.75,2.98,0.4,2.795,453,65832.0,True,CALL,2026-03-16,471.0,100.0,422,19.844,0.105009952,0.023249769,0.071605485,-0.245764757,0.003510838,2.291,2
US.GLD260316P471000,GLD 260316 471.00P,10.77,4.89,10.77,4.2,6.6666,380,350953.0,True,PUT,2026-03-16,471.0,100.0,642,23.443,-0.857429093,0.025038572,0.088441424,-0.341138247,-0.023204916,0.132,2
US.GLD260316C472000,GLD 260316 472.00C,0.39,2.4,2.42,0.39,2.45,832,120511.0,True,CALL,2026-03-16,472.0,100.0,907,20.581,0.092003655,0.020348391,0.065003019,-0.225748425,0.003075752,2.506,2
US.GLD260316P472000,GLD 260316 472.00P,11.35,5.17,11.35,4.7,7.325,716,692576.0,True,PUT,2026-03-16,472.0,100.0,763,22.814,-0.887339455,0.022169909,0.074931126,-0.263881319,-0.022738787,0.041,2
US.GLD260316C473000,GLD 260316 473.00C,0.32,1.77,1.88,0.32,2.12,331,26449.0,True,CALL,2026-03-16,473.0,100.0,684,21.024,0.078113031,0.017619468,0.05750288,-0.197886661,0.002611592,2.708,2
US.GLD260316P473000,GLD 260316 473.00P,11.66,5.9,11.66,5.37,7.9988,367,356557.0,True,PUT,2026-03-16,473.0,100.0,1503,23.907,-0.896412957,0.019982269,0.070517989,-0.255407901,-0.022722115,-0.108,2
US.GLD260316C474000,GLD 260316 474.00C,0.22,1.7,1.74,0.22,1.8262,484,31084.0,True,CALL,2026-03-16,474.0,100.0,241,20.974,0.061898844,0.014764997,0.048082404,-0.158115256,0.002070214,2.903,2
US.GLD260316P474000,GLD 260316 474.00P,11.51,6.55,11.56,6.25,8.7094,35,34363.0,True,PUT,2026-03-16,474.0,100.0,992,24.561,-0.908381235,0.017921439,0.064391076,-0.231955586,-0.022453798,-0.358,2
US.GLD260316C475000,GLD 260316 475.00C,0.21,1.5,1.5,0.19,1.5835,886,53082.0,True,CALL,2026-03-16,475.0,100.0,724,22.421,0.060757709,0.013612976,0.047392579,-0.165897059,0.002031019,3.118,2
US.GLD260316P475000,GLD 260316 475.00P,14.08,7.32,14.51,6.34,9.4712,1034,1128809.0,True,PUT,2026-03-16,475.0,100.0,1628,25.516,-0.916073117,0.016241885,0.060287249,-0.220727212,-0.022310258,-0.017,2
US.GLD260316C476000,GLD 260316 476.00C,0.21,1.16,1.16,0.2,1.3411,267,15834.0,True,CALL,2026-03-16,476.0,100.0,424,22.481,0.049104497,0.01147262,0.040059189,-0.135156292,0.001641905,3.335,2
US.GLD260316P476000,GLD 260316 476.00P,15.52,8.03,15.52,7.94,10.2342,27,30754.0,True,PUT,2026-03-16,476.0,100.0,300,23.914,-0.944597882,0.013393118,0.043455605,-0.128367705,-0.019819785,0.078,2
US.GLD260316C477000,GLD 260316 477.00C,0.14,1.1,1.1,0.14,1.15,224,11705.0,True,CALL,2026-03-16,477.0,100.0,141,23.522,0.046097912,0.01042408,0.038086068,-0.132821562,0.001540933,3.537,2
US.GLD260316P477000,GLD 260316 477.00P,14.77,10.03,14.77,9.97,11.0487,7,8682.0,True,PUT,2026-03-16,477.0,100.0,85,27.244,-0.930011005,0.013425317,0.052449413,-0.195289135,-0.021855602,-0.301,2
US.GLD260316C478000,GLD 260316 478.00C,0.16,0.88,0.88,0.15,0.985,276,9813.0,True,CALL,2026-03-16,478.0,100.0,274,24.114,0.040611695,0.009179151,0.034388007,-0.12006929,0.001357482,3.758,2
US.GLD260316P478000,GLD 260316 478.00P,15.93,9.4,15.93,9.4,11.8896,8,11792.0,True,PUT,2026-03-16,478.0,100.0,158,31.163,-0.912932433,0.013449555,0.062113009,-0.286404411,-0.023403784,-0.266,2
US.GLD260316C479000,GLD 260316 479.00C,0.13,0.6,0.62,0.13,0.835,69,2173.0,True,CALL,2026-03-16,479.0,100.0,123,24.613,0.035369308,0.008033985,0.030727038,-0.106733432,0.001182251,3.968,2
US.GLD260316P479000,GLD 260316 479.00P,17.35,10.63,17.35,10.13,12.7463,7,10380.0,True,PUT,2026-03-16,479.0,100.0,244,0.0,0.0,0.0,0.0,0.0,0.0,-0.175,2
US.GLD260316C480000,GLD 260316 480.00C,0.11,0.59,0.59,0.1,0.71,1128,32588.0,True,CALL,2026-03-16,480.0,100.0,1214,24.815,0.029345123,0.006830365,0.026347105,-0.08916028,0.000981034,4.181,2
US.GLD260316P480000,GLD 260316 480.00P,19.36,11.48,19.36,11.1,13.6278,96,153005.0,True,PUT,2026-03-16,480.0,100.0,913,0.0,0.0,0.0,0.0,0.0,0.0,0.043,2
US.GLD260316C481000,GLD 260316 481.00C,0.09,0.41,0.41,0.09,0.6,175,4528.0,True,CALL,2026-03-16,481.0,100.0,148,25.674,0.027342222,0.006224806,0.02484401,-0.08584578,0.000913891,4.394,2
US.GLD260316P481000,GLD 260316 481.00P,19.0,12.5,19.0,12.5,14.5258,12,21108.0,True,PUT,2026-03-16,481.0,100.0,54,27.565,-0.968566772,0.008146888,0.027203778,-0.073303411,-0.016816982,-0.251,2
US.GLD260316C482000,GLD 260316 482.00C,0.1,0.34,0.34,0.04,0.515,324,4873.0,True,CALL,2026-03-16,482.0,100.0,531,26.505,0.025468734,0.005682182,0.023415117,-0.082440512,0.000851111,4.613,2
US.GLD260316P482000,GLD 260316 482.00P,20.38,16.49,20.38,16.49,15.4478,9,16985.0,True,PUT,2026-03-16,482.0,100.0,126,26.309,-0.982933025,0.006605986,0.015839014,-0.024999761,-0.011803418,-0.169,2
US.GLD260316C483000,GLD 260316 483.00C,0.13,0.23,0.28,0.08,0.44,41,703.0,True,CALL,2026-03-16,483.0,100.0,248,26.84,0.021813006,0.004925656,0.020559831,-0.071271283,0.000728992,4.836,2
US.GLD260316P483000,GLD 260316 483.00P,22.51,18.03,22.51,18.03,16.3803,9,17187.0,True,PUT,2026-03-16,483.0,100.0,35,27.329,-0.983503033,0.006176634,0.015395245,-0.024999552,-0.011805566,0.075,2
US.GLD260316C484000,GLD 260316 484.00C,0.08,0.32,0.32,0.07,0.3703,103,1201.0,True,CALL,2026-03-16,484.0,100.0,323,27.586,0.020175666,0.004486175,0.019247929,-0.067612566,0.00067417,5.042,2
US.GLD260316P484000,GLD 260316 484.00P,21.51,18.1,21.51,18.1,17.3193,3,6081.0,True,PUT,2026-03-16,484.0,100.0,32,0.0,0.0,0.0,0.0,0.0,0.0,-0.358,2
US.GLD260316C485000,GLD 260316 485.00C,0.09,0.59,0.59,0.07,0.322,238,2886.0,True,CALL,2026-03-16,485.0,100.0,448,27.718,0.016695833,0.003799861,0.016387758,-0.055918765,0.00055798,5.262,2
US.GLD260316P485000,GLD 260316 485.00P,21.64,15.2,23.0,15.2,18.2786,14,29253.0,True,PUT,2026-03-16,485.0,100.0,59,38.186,-0.940205666,0.008372703,0.04651861,-0.240144543,-0.022947324,-0.546,2
US.GLD260316C486000,GLD 260316 486.00C,0.14,0.15,0.27,0.1,0.2738,117,1915.0,True,CALL,2026-03-16,486.0,100.0,635,30.081,0.020756444,0.004214261,0.019711892,-0.075848525,0.000693013,5.489,2
US.GLD260316P486000,GLD 260316 486.00P,17.36,17.42,17.42,17.36,19.2391,4,6956.0,True,PUT,2026-03-16,486.0,100.0,7,31.816,-0.978375785,0.005604017,0.019760745,-0.049999668,-0.014949321,-1.692,2
US.GLD260316C487000,GLD 260316 487.00C,0.11,0.26,0.31,0.06,0.2257,50,522.0,True,CALL,2026-03-16,487.0,100.0,186,32.042,0.023461533,0.004387316,0.021853104,-0.091522003,0.000782725,5.7,2
US.GLD260316P487000,GLD 260316 487.00P,20.2017,20.2017,0.0,0.0,20.2017,0,0.0,True,PUT,2026-03-16,487.0,100.0,15,35.895,-0.965373201,0.006255111,0.029741116,-0.116993156,-0.019333477,-1.293,2
US.GLD260316C488000,GLD 260316 488.00C,0.07,0.13,0.13,0.05,0.1775,40,399.0,True,CALL,2026-03-16,488.0,100.0,119,30.896,0.016202718,0.003322679,0.015968609,-0.060379027,0.000540993,5.908,2
US.GLD260316P488000,GLD 260316 488.00P,23.85,23.85,23.85,23.85,21.1673,1,2385.0,True,PUT,2026-03-16,488.0,100.0,3,41.767,-0.944569061,0.007214194,0.043834972,-0.244066485,-0.023088788,-0.718,2
US.GLD260316C489000,GLD 260316 489.00C,0.09,0.2,0.2,0.09,0.1598,43,527.0,True,CALL,2026-03-16,489.0,100.0,162,33.023,0.019117482,0.003580111,0.018382412,-0.076469579,0.000637772,6.13,2
US.GLD260316P489000,GLD 260316 489.00P,25.35,25.35,25.35,25.35,22.156,1,2535.0,True,PUT,2026-03-16,489.0,100.0,2,38.904,-0.963542924,0.005885767,0.031100199,-0.137649263,-0.020223456,-0.609,2
US.GLD260316C490000,GLD 260316 490.00C,0.06,0.1,0.21,0.05,0.1422,163,1273.0,True,CALL,2026-03-16,490.0,100.0,637,32.096,0.013642535,0.002758798,0.013776502,-0.052492514,0.000455433,6.34,2
US.GLD260316P490000,GLD 260316 490.00P,28.31,25.65,28.31,25.65,23.1457,6,16454.0,True,PUT,2026-03-16,490.0,100.0,5,37.138,-0.97578206,0.004869503,0.021933967,-0.074501626,-0.016938443,-0.184,2
US.GLD260316C491000,GLD 260316 491.00C,0.08,0.08,0.27,0.07,0.1294,16,198.0,True,CALL,2026-03-16,491.0,100.0,565,34.363,0.016615613,0.00305252,0.016311746,-0.068857872,0.000554178,6.561,2
US.GLD260316P491000,GLD 260316 491.00P,24.139,24.139,0.0,0.0,24.139,0,0.0,True,PUT,2026-03-16,491.0,100.0,2,36.892,-0.981019729,0.004329458,0.017713793,-0.049999457,-0.014991331,-1.306,2
US.GLD260316C492000,GLD 260316 492.00C,0.01,0.13,0.19,0.01,0.1167,22,268.0,True,CALL,2026-03-16,492.0,100.0,81,27.621,0.003057364,0.000854854,0.003695892,-0.009452364,0.000102317,6.763,2
US.GLD260316P492000,GLD 260316 492.00P,25.1327,25.1327,0.0,0.0,25.1327,0,0.0,True,PUT,2026-03-16,492.0,100.0,0,39.188,-0.976893101,0.004437369,0.021090815,-0.074642605,-0.016964506,-1.308,2
US.GLD260316C493000,GLD 260316 493.00C,0.11,0.3,0.3,0.1,0.1074,9,134.0,True,CALL,2026-03-16,493.0,100.0,142,37.967,0.020211803,0.003264549,0.019266749,-0.092971765,0.000673192,7.002,2
US.GLD260316P493000,GLD 260316 493.00P,26.1286,0.0,0.0,0.0,26.1286,0,0.0,True,PUT,2026-03-16,493.0,100.0,0,43.226,-0.966707082,0.004919402,0.028875782,-0.139315257,-0.02032123,-1.308,2
US.GLD260316C494000,GLD 260316 494.00C,0.03,0.09,0.28,0.01,0.1047,32,420.0,True,CALL,2026-03-16,494.0,100.0,113,35.75,0.012393168,0.002279415,0.012677006,-0.052881167,0.000413323,7.202,2
US.GLD260316P494000,GLD 260316 494.00P,27.1278,27.1278,0.0,0.0,27.1278,0,0.0,True,PUT,2026-03-16,494.0,100.0,0,39.865,-0.982270768,0.003782243,0.016723452,-0.049999852,-0.015017704,-1.309,2
US.GLD260316C495000,GLD 260316 495.00C,0.05,0.09,0.12,0.05,0.1021,39,333.0,True,CALL,2026-03-16,495.0,100.0,484,35.796,0.0105029,0.001971638,0.010982342,-0.044582156,0.000350343,7.423,2
US.GLD260316P495000,GLD 260316 495.00P,28.127,28.127,0.0,0.0,28.127,0,0.0,True,PUT,2026-03-16,495.0,100.0,1,0.0,0.0,0.0,0.0,0.0,0.0,-1.309,2
US.GLD260316C496000,GLD 260316 496.00C,0.13,0.29,0.29,0.02,0.0994,11,119.0,True,CALL,2026-03-16,496.0,100.0,10,41.891,0.021505975,0.003118396,0.020302821,-0.109208942,0.000715349,7.657,2
US.GLD260316P496000,GLD 260316 496.00P,29.1262,0.0,0.0,0.0,29.1262,0,0.0,True,PUT,2026-03-16,496.0,100.0,0,0.0,0.0,0.0,0.0,0.0,0.0,-1.309,2
US.GLD260316C497000,GLD 260316 497.00C,0.0968,0.0968,0.0,0.0,0.0968,0,0.0,True,CALL,2026-03-16,497.0,100.0,10,41.036,0.016839831,0.002585603,0.016494663,-0.083240587,0.000560505,7.867,2
US.GLD260316P497000,GLD 260316 497.00P,30.1254,0.0,0.0,0.0,30.1254,0,0.0,True,PUT,2026-03-16,497.0,100.0,0,0.0,0.0,0.0,0.0,0.0,0.0,-1.309,2
US.GLD260316C498000,GLD 260316 498.00C,0.07,0.29,0.29,0.04,0.0942,10,108.0,True,CALL,2026-03-16,498.0,100.0,12,40.135,0.01284317,0.002094063,0.013070161,-0.061540258,0.000427758,8.078,2
US.GLD260316P498000,GLD 260316 498.00P,31.1247,0.0,0.0,0.0,31.1247,0,0.0,True,PUT,2026-03-16,498.0,100.0,0,0.0,0.0,0.0,0.0,0.0,0.0,-1.309,2
US.GLD260316C499000,GLD 260316 499.00C,0.18,0.08,0.18,0.08,0.0915,3,43.0,True,CALL,2026-03-16,499.0,100.0,3,47.109,0.025892635,0.00324152,0.023728279,-0.14822594,0.000859544,8.319,2
US.GLD260316P499000,GLD 260316 499.00P,32.1239,0.0,0.0,0.0,32.1239,0,0.0,True,PUT,2026-03-16,499.0,100.0,0,44.714,-0.983971286,0.003096428,0.01535306,-0.049999306,-0.015063584,-1.309,2
US.GLD260316C500000,GLD 260316 500.00C,0.08,0.3,0.3,0.04,0.0889,49,462.0,True,CALL,2026-03-16,500.0,100.0,584,37.792,0.006292565,0.001190649,0.00700719,-0.027550166,0.000209896,8.514,2
US.GLD260316P500000,GLD 260316 500.00P,37.09,37.09,37.09,37.09,33.1232,1,3709.0,True,PUT,2026-03-16,500.0,100.0,1,0.0,0.0,0.0,0.0,0.0,0.0,-0.449,2
US.GLD260316C501000,GLD 260316 501.00C,0.14,0.27,0.37,0.07,0.0863,5,94.0,True,CALL,2026-03-16,501.0,100.0,7,47.208,0.02068366,0.002677371,0.019642714,-0.118115786,0.000686901,8.744,2
US.GLD260316P501000,GLD 260316 501.00P,34.1225,0.0,0.0,0.0,34.1225,0,0.0,True,PUT,2026-03-16,501.0,100.0,0,46.62,-0.984547307,0.002879295,0.014882169,-0.049999436,-0.015082665,-1.31,2
US.GLD260316C502000,GLD 260316 502.00C,0.0837,0.0837,0.0,0.0,0.0837,0,0.0,True,CALL,2026-03-16,502.0,100.0,2,44.752,0.013690638,0.001984588,0.013808212,-0.073240416,0.00045532,8.949,2
US.GLD260316P502000,GLD 260316 502.00P,35.1218,0.0,0.0,0.0,35.1218,0,0.0,True,PUT,2026-03-16,502.0,100.0,0,0.0,0.0,0.0,0.0,0.0,0.0,-1.31,2
US.GLD260316C503000,GLD 260316 503.00C,0.72,0.72,0.72,0.72,0.0811,2,144.0,True,CALL,2026-03-16,503.0,100.0,12,66.011,0.064811126,0.004862378,0.049858877,-0.51403132,0.002131793,9.304,2
US.GLD260316P503000,GLD 260316 503.00P,36.1211,0.0,0.0,0.0,36.1211,0,0.0,True,PUT,2026-03-16,503.0,100.0,0,0.0,0.0,0.0,0.0,0.0,0.0,-1.31,2
US.GLD260316C504000,GLD 260316 504.00C,0.66,0.66,0.66,0.66,0.0784,2,132.0,True,CALL,2026-03-16,504.0,100.0,5,65.925,0.060227427,0.004598088,0.047087982,-0.478350982,0.001981688,9.508,2
US.GLD260316P504000,GLD 260316 504.00P,37.1205,0.0,0.0,0.0,37.1205,0,0.0,True,PUT,2026-03-16,504.0,100.0,0,0.0,0.0,0.0,0.0,0.0,0.0,-1.31,2
US.GLD260316C505000,GLD 260316 505.00C,0.06,0.05,0.16,0.01,0.0758,79,487.0,True,CALL,2026-03-16,505.0,100.0,352,43.25,0.0072409,0.001177797,0.007926415,-0.036476039,0.000241128,9.595,2
US.GLD260316P505000,GLD 260316 505.00P,38.12,0.0,0.0,0.0,38.12,0,0.0,True,PUT,2026-03-16,505.0,100.0,0,0.0,0.0,0.0,0.0,0.0,0.0,-1.31,2
US.GLD260316C506000,GLD 260316 506.00C,0.0733,0.0733,0.0,0.0,0.0733,0,0.0,True,CALL,2026-03-16,506.0,100.0,1,47.48,0.01152769,0.001611863,0.011899264,-0.064972082,0.000383179,9.815,2
US.GLD260316P506000,GLD 260316 506.00P,39.12,0.0,0.0,0.0,39.12,0,0.0,True,PUT,2026-03-16,506.0,100.0,0,0.0,0.0,0.0,0.0,0.0,0.0,-1.31,2
US.GLD260316C507000,GLD 260316 507.00C,0.18,0.19,0.19,0.18,0.0707,2,37.0,True,CALL,2026-03-16,507.0,100.0,3,54.895,0.02265844,0.002486904,0.021212909,-0.150522731,0.000750535,10.055,2
US.GLD260316P507000,GLD 260316 507.00P,40.12,0.0,0.0,0.0,40.12,0,0.0,True,PUT,2026-03-16,507.0,100.0,0,0.0,0.0,0.0,0.0,0.0,0.0,-1.31,2
US.GLD260316C508000,GLD 260316 508.00C,0.0682,0.0682,0.0,0.0,0.0682,0,0.0,True,CALL,2026-03-16,508.0,100.0,1,48.762,0.010547983,0.001452777,0.011014983,-0.060824116,0.000350531,10.248,2
US.GLD260316P508000,GLD 260316 508.00P,41.12,0.0,0.0,0.0,41.12,0,0.0,True,PUT,2026-03-16,508.0,100.0,0,0.0,0.0,0.0,0.0,0.0,0.0,-1.31,2
US.GLD260316C510000,GLD 260316 510.00C,0.08,0.04,0.21,0.01,0.0642,15,116.0,True,CALL,2026-03-16,510.0,100.0,537,51.512,0.011601196,0.001493927,0.01196353,-0.070894602,0.000385166,10.684,2
US.GLD260316P510000,GLD 260316 510.00P,43.12,43.12,0.0,0.0,43.12,0,0.0,True,PUT,2026-03-16,510.0,100.0,0,0.0,0.0,0.0,0.0,0.0,0.0,-1.31,2
US.GLD260316C515000,GLD 260316 515.00C,0.19,0.03,0.19,0.03,0.0548,4,50.0,True,CALL,2026-03-16,515.0,100.0,357,62.906,0.021106777,0.002044011,0.019978845,-0.160159559,0.000697505,11.793,2
US.GLD260316P515000,GLD 260316 515.00P,48.12,0.0,0.0,0.0,48.12,0,0.0,True,PUT,2026-03-16,515.0,100.0,0,0.0,0.0,0.0,0.0,0.0,0.0,-1.31,2
US.GLD260316C520000,GLD 260316 520.00C,0.08,0.04,0.08,0.04,0.0457,11,80.0,True,CALL,2026-03-16,520.0,100.0,141,56.681,0.006957652,0.000867614,0.007647268,-0.04571695,0.00023085,12.854,2
US.GLD260316P520000,GLD 260316 520.00P,53.12,53.12,0.0,0.0,53.12,0,0.0,True,PUT,2026-03-16,520.0,100.0,0,0.0,0.0,0.0,0.0,0.0,0.0,-1.31,2
US.GLD260316C525000,GLD 260316 525.00C,0.15,0.07,0.15,0.01,0.0369,27,194.0,True,CALL,2026-03-16,525.0,100.0,314,72.538,0.019508623,0.001658141,0.018688321,-0.170039398,0.000642908,13.954,2
US.GLD260316P525000,GLD 260316 525.00P,58.12,0.0,0.0,0.0,58.12,0,0.0,True,PUT,2026-03-16,525.0,100.0,0,0.0,0.0,0.0,0.0,0.0,0.0,-1.31,2
US.GLD260316C530000,GLD 260316 530.00C,0.02,0.06,0.06,0.02,0.0312,12,34.0,True,CALL,2026-03-16,530.0,100.0,158,58.605,0.00291515,0.000385982,0.003520254,-0.018945482,9.6792e-05,15.011,2
US.GLD260316P530000,GLD 260316 530.00P,63.12,0.0,0.0,0.0,63.12,0,0.0,True,PUT,2026-03-16,530.0,100.0,0,0.0,0.0,0.0,0.0,0.0,0.0,-1.31,2
US.GLD260316C535000,GLD 260316 535.00C,0.13,0.21,0.21,0.03,0.0258,28,234.0,True,CALL,2026-03-16,535.0,100.0,91,63.501,0.003328995,0.000401444,0.003965637,-0.023584241,0.000110375,16.12,2
US.GLD260316P535000,GLD 260316 535.00P,68.12,0.0,0.0,0.0,68.12,0,0.0,True,PUT,2026-03-16,535.0,100.0,0,0.0,0.0,0.0,0.0,0.0,0.0,-1.31,2
US.GLD260316C540000,GLD 260316 540.00C,0.01,0.13,0.13,0.01,0.0205,1275,1376.0,True,CALL,2026-03-16,540.0,100.0,50,63.868,0.002066263,0.000259425,0.00257869,-0.01435011,6.8546e-05,17.179,2
US.GLD260316P540000,GLD 260316 540.00P,73.12,0.0,0.0,0.0,73.12,0,0.0,True,PUT,2026-03-16,540.0,100.0,0,0.0,0.0,0.0,0.0,0.0,0.0,-1.31,2
US.GLD260316C545000,GLD 260316 545.00C,0.01,0.01,0.01,0.01,0.0153,539,539.0,True,CALL,2026-03-16,545.0,100.0,6,64.862,0.001398397,0.000179036,0.001807972,-0.009652393,4.6401e-05,18.264,2
US.GLD260316P545000,GLD 260316 545.00P,78.12,0.0,0.0,0.0,78.12,0,0.0,True,PUT,2026-03-16,545.0,100.0,0,0.0,0.0,0.0,0.0,0.0,0.0,-1.31,2
US.GLD260316C550000,GLD 260316 550.00C,0.0101,0.0,0.0,0.0,0.0101,0,0.0,True,CALL,2026-03-16,550.0,100.0,0,68.125,0.001349342,0.000164992,0.001749658,-0.00975662,4.474e-05,19.349,2
US.GLD260316P550000,GLD 260316 550.00P,83.12,0.0,0.0,0.0,83.12,0,0.0,True,PUT,2026-03-16,550.0,100.0,0,0.0,0.0,0.0,0.0,0.0,0.0,-1.31,2
US.GLD260316C555000,GLD 260316 555.00C,0.0056,0.0056,0.0,0.0,0.0056,0,0.0,True,CALL,2026-03-16,555.0,100.0,1,67.961,0.000780128,0.000100048,0.00105905,-0.005460379,2.5884e-05,20.433,2
US.GLD260316P555000,GLD 260316 555.00P,88.12,0.0,0.0,0.0,88.12,0,0.0,True,PUT,2026-03-16,555.0,100.0,0,0.0,0.0,0.0,0.0,0.0,0.0,-1.31,2
US.GLD260316C560000,GLD 260316 560.00C,0.003,0.0,0.0,0.0,0.003,0,0.0,True,CALL,2026-03-16,560.0,100.0,0,67.733,0.000435923,5.8627e-05,0.000618973,-0.002946253,1.4473e-05,21.517,2
US.GLD260316P560000,GLD 260316 560.00P,93.12,0.0,0.0,0.0,93.12,0,0.0,True,PUT,2026-03-16,560.0,100.0,0,0.0,0.0,0.0,0.0,0.0,0.0,-1.31,2
US.GLD260316C565000,GLD 260316 565.00C,0.0016,0.0,0.0,0.0,0.0016,0,0.0,True,CALL,2026-03-16,565.0,100.0,0,67.59,0.000241657,3.3942e-05,0.000357903,-0.001579501,8.028e-06,22.602,2
US.GLD260316P565000,GLD 260316 565.00P,98.12,0.0,0.0,0.0,98.12,0,0.0,True,PUT,2026-03-16,565.0,100.0,0,0.0,0.0,0.0,0.0,0.0,0.0,-1.31,2
US.GLD260316C570000,GLD 260316 570.00C,0.0008,0.0,0.0,0.0,0.0008,0,0.0,True,CALL,2026-03-16,570.0,100.0,0,67.266,0.000126051,1.8555e-05,0.000194923,-0.00079294,4.19e-06,23.687,2
US.GLD260316P570000,GLD 260316 570.00P,103.12,0.0,0.0,0.0,103.12,0,0.0,True,PUT,2026-03-16,570.0,100.0,0,104.449,-0.992285073,0.000717205,0.008154941,-0.049999847,-0.015879076,-1.31,2
US.GLD260316C575000,GLD 260316 575.00C,0.0004,0.0,0.0,0.0,0.0004,0,0.0,True,CALL,2026-03-16,575.0,100.0,0,67.047,6.5494e-05,1.0059e-05,0.000105452,-0.000397569,2.178e-06,24.772,2
US.GLD260316P575000,GLD 260316 575.00P,108.12,0.0,0.0,0.0,108.12,0,0.0,True,PUT,2026-03-16,575.0,100.0,0,0.0,0.0,0.0,0.0,0.0,0.0,-1.31,2
US.GLD260316C580000,GLD 260316 580.00C,0.0002,0.0,0.0,0.0,0.0002,0,0.0,True,CALL,2026-03-16,580.0,100.0,0,66.911,3.3917e-05,5.414e-06,5.6723e-05,-0.000199169,1.128e-06,25.857,2
US.GLD260316P580000,GLD 260316 580.00P,113.12,0.0,0.0,0.0,113.12,0,0.0,True,PUT,2026-03-16,580.0,100.0,0,114.786,-0.990821288,0.000700497,0.009561712,-0.074999824,-0.018248013,-1.31,2
US.GLD260316C585000,GLD 260316 585.00C,0.0001,0.0,0.0,0.0,0.0001,0,0.0,True,CALL,2026-03-16,585.0,100.0,0,66.843,1.7513e-05,2.896e-06,3.0358e-05,-9.9715e-05,5.82e-07,26.942,2
US.GLD260316P585000,GLD 260316 585.00P,118.12,0.0,0.0,0.0,118.12,0,0.0,True,PUT,2026-03-16,585.0,100.0,0,118.51,-0.991061316,0.000663874,0.009342465,-0.07499969,-0.018325513,-1.31,2
US.GLD260316C590000,GLD 260316 590.00C,0.0001,0.0001,0.0,0.0,0.0001,0,0.0,True,CALL,2026-03-16,590.0,100.0,12,69.097,1.6974e-05,2.72e-06,2.9453e-05,-9.9721e-05,5.64e-07,28.027,2
US.GLD260316P590000,GLD 260316 590.00P,123.12,0.0,0.0,0.0,123.12,0,0.0,True,PUT,2026-03-16,590.0,100.0,0,119.164,-0.993086579,0.000574556,0.007404056,-0.049999688,-0.01613188,-1.31,2
US.GLD260316C595000,GLD 260316 595.00C,0.0001,0.0001,0.0,0.0,0.0001,0,0.0,True,CALL,2026-03-16,595.0,100.0,1,71.327,1.6472e-05,2.56e-06,2.8612e-05,-9.9725e-05,5.47e-07,29.112,2
US.GLD260316P595000,GLD 260316 595.00P,128.12,0.0,0.0,0.0,128.12,0,0.0,True,PUT,2026-03-16,595.0,100.0,0,122.733,-0.99325281,0.000546907,0.007246654,-0.049999819,-0.016195576,-1.31,2
US.GLD260316C600000,GLD 260316 600.00C,0.0001,0.0,0.0,0.0,0.0001,0,0.0,True,CALL,2026-03-16,600.0,100.0,0,73.534,1.6004e-05,2.417e-06,2.7829e-05,-9.9731e-05,5.32e-07,30.197,2
US.GLD260316P600000,GLD 260316 600.00P,133.12,0.0,0.0,0.0,133.12,0,0.0,True,PUT,2026-03-16,600.0,100.0,0,126.262,-0.993408165,0.000521675,0.007099004,-0.049999532,-0.016259357,-1.31,2
US.GLD260316C605000,GLD 260316 605.00C,0.0001,0.0,0.0,0.0,0.0001,0,0.0,True,CALL,2026-03-16,605.0,100.0,0,75.719,1.5568e-05,2.286e-06,2.7097e-05,-9.9735e-05,5.17e-07,31.282,2
US.GLD260316P605000,GLD 260316 605.00P,138.12,0.0,0.0,0.0,138.12,0,0.0,True,PUT,2026-03-16,605.0,100.0,0,132.966,-0.991869491,0.000547634,0.00859699,-0.074999387,-0.018636579,-1.31,2
US.GLD260316C610000,GLD 260316 610.00C,0.0001,0.0,0.0,0.0,0.0001,0,0.0,True,CALL,2026-03-16,610.0,100.0,0,77.883,1.516e-05,2.167e-06,2.6411e-05,-9.9741e-05,5.03e-07,32.366,2
US.GLD260316P610000,GLD 260316 610.00P,143.12,0.0,0.0,0.0,143.12,0,0.0,True,PUT,2026-03-16,610.0,100.0,0,133.2,-0.993690197,0.000477349,0.006829577,-0.049999631,-0.016387259,-1.31,2
US.GLD260316C615000,GLD 260316 615.00C,0.0001,0.0,0.0,0.0,0.0001,0,0.0,True,CALL,2026-03-16,615.0,100.0,0,80.025,1.4777e-05,2.058e-06,2.5768e-05,-9.9744e-05,4.9e-07,33.451,2
US.GLD260316P615000,GLD 260316 615.00P,148.12,0.0,0.0,0.0,148.12,0,0.0,True,PUT,2026-03-16,615.0,100.0,0,136.612,-0.993818644,0.000457802,0.006706263,-0.049999549,-0.016451286,-1.31,2
US.GLD260318C290000,GLD 260318 290.00C,177.2622,0.0,0.0,0.0,177.2622,0,0.0,True,CALL,2026-03-18,290.0,100.0,0,157.268,0.996492596,0.000128441,0.005490156,-0.093970257,0.036862002,1.393,4
US.GLD260318P290000,GLD 260318 290.00P,0.0001,0.0,0.0,0.0,0.0001,0,0.0,True,PUT,2026-03-18,290.0,100.0,0,96.511,-8.638e-06,7.62e-07,2.0402e-05,-9.1615e-05,2.604e-06,37.071,4
US.GLD260318C295000,GLD 260318 295.00C,172.2653,0.0,0.0,0.0,172.2653,0,0.0,True,CALL,2026-03-18,295.0,100.0,0,151.534,0.996446809,0.000134863,0.00555454,-0.092821679,0.037498916,1.394,4
US.GLD260318P295000,GLD 260318 295.00P,0.0001,0.0,0.0,0.0,0.0001,0,0.0,True,PUT,2026-03-18,295.0,100.0,0,93.073,-8.939e-06,8.16e-07,2.1083e-05,-9.1518e-05,2.664e-06,35.986,4
US.GLD260318C300000,GLD 260318 300.00C,167.2683,0.0,0.0,0.0,167.2683,0,0.0,True,CALL,2026-03-18,300.0,100.0,0,122.151,0.999264744,3.9851e-05,0.001323777,-0.039885546,0.038314268,1.394,4
US.GLD260318P300000,GLD 260318 300.00P,0.0001,0.0,0.0,0.0,0.0001,0,0.0,True,PUT,2026-03-18,300.0,100.0,0,89.69,-9.256e-06,8.75e-07,2.1801e-05,-9.1419e-05,2.727e-06,34.901,4
US.GLD260318C305000,GLD 260318 305.00C,162.2714,0.0,0.0,0.0,162.2714,0,0.0,True,CALL,2026-03-18,305.0,100.0,0,0.0,0.0,0.0,0.0,0.0,0.0,1.395,4
US.GLD260318P305000,GLD 260318 305.00P,0.0001,0.0,0.0,0.0,0.0001,0,0.0,True,PUT,2026-03-18,305.0,100.0,0,86.36,-9.591e-06,9.39e-07,2.2559e-05,-9.1315e-05,2.792e-06,33.816,4
US.GLD260318C310000,GLD 260318 310.00C,157.2744,0.0,0.0,0.0,157.2744,0,0.0,True,CALL,2026-03-18,310.0,100.0,0,138.845,0.995432691,0.000184288,0.006954571,-0.105297682,0.039354767,1.396,4
US.GLD260318P310000,GLD 260318 310.00P,0.0001,0.0001,0.0,0.0,0.0001,0,0.0,True,PUT,2026-03-18,310.0,100.0,1,83.082,-9.945e-06,1.01e-06,2.336e-05,-9.1206e-05,2.861e-06,32.731,4
US.GLD260318C315000,GLD 260318 315.00C,152.2775,0.0,0.0,0.0,152.2775,0,0.0,True,CALL,2026-03-18,315.0,100.0,0,133.426,0.995346711,0.000194989,0.007071395,-0.104130163,0.039989311,1.396,4
US.GLD260318P315000,GLD 260318 315.00P,0.0001,0.0,0.0,0.0,0.0001,0,0.0,True,PUT,2026-03-18,315.0,100.0,0,79.852,-1.0321e-05,1.088e-06,2.4209e-05,-9.1091e-05,2.934e-06,31.646,4
US.GLD260318C320000,GLD 260318 320.00C,147.2806,0.0,0.0,0.0,147.2806,0,0.0,True,CALL,2026-03-18,320.0,100.0,0,128.091,0.995256975,0.000206602,0.007193028,-0.102960735,0.040623633,1.397,4
US.GLD260318P320000,GLD 260318 320.00P,0.0001,0.0001,0.0,0.0,0.0001,0,0.0,True,PUT,2026-03-18,320.0,100.0,1,76.669,-1.072e-05,1.174e-06,2.5111e-05,-9.097e-05,3.01e-06,30.561,4
US.GLD260318C325000,GLD 260318 325.00C,142.2836,0.0,0.0,0.0,142.2836,0,0.0,True,CALL,2026-03-18,325.0,100.0,0,122.839,0.995163075,0.000219233,0.007319989,-0.101789122,0.04125771,1.398,4
US.GLD260318P325000,GLD 260318 325.00P,0.0001,0.0001,0.0,0.0,0.0001,0,0.0,True,PUT,2026-03-18,325.0,100.0,1,73.532,-1.1145e-05,1.27e-06,2.6071e-05,-9.0844e-05,3.091e-06,29.476,4
US.GLD260318C330000,GLD 260318 330.00C,137.2867,0.0,0.0,0.0,137.2867,0,0.0,True,CALL,2026-03-18,330.0,100.0,0,117.666,0.995064512,0.000233023,0.007452913,-0.10061552,0.041891513,1.398,4
US.GLD260318P330000,GLD 260318 330.00P,0.0001,0.0001,0.0,0.0,0.0001,0,0.0,True,PUT,2026-03-18,330.0,100.0,9,70.44,-1.1599e-05,1.376e-06,2.7095e-05,-9.0712e-05,3.176e-06,28.391,4
US.GLD260318C335000,GLD 260318 335.00C,132.2898,0.0,0.0,0.0,132.2898,0,0.0,True,CALL,2026-03-18,335.0,100.0,0,112.57,0.994960746,0.00024813,0.007592485,-0.09943963,0.042525008,1.399,4
US.GLD260318P335000,GLD 260318 335.00P,0.0001,0.0,0.0,0.0,0.0001,0,0.0,True,PUT,2026-03-18,335.0,100.0,0,67.39,-1.2085e-05,1.495e-06,2.8191e-05,-9.057e-05,3.266e-06,27.306,4
US.GLD260318C340000,GLD 260318 340.00C,127.293,0.0,0.0,0.0,127.293,0,0.0,True,CALL,2026-03-18,340.0,100.0,0,107.548,0.994851132,0.000264739,0.00773952,-0.098261377,0.043158159,1.4,4
US.GLD260318P340000,GLD 260318 340.00P,0.0003,0.0,0.0,0.0,0.0003,0,0.0,True,PUT,2026-03-18,340.0,100.0,0,68.383,-3.5295e-05,4.119e-06,7.7788e-05,-0.000269807,3.619e-06,26.221,4
US.GLD260318C345000,GLD 260318 345.00C,122.2964,0.0,0.0,0.0,122.2964,0,0.0,True,CALL,2026-03-18,345.0,100.0,0,86.848,0.998660576,9.7195e-05,0.002296422,-0.047385301,0.04403197,1.4,4
US.GLD260318P345000,GLD 260318 345.00P,0.08,0.08,0.08,0.08,0.0006,1,8.0,True,PUT,2026-03-18,345.0,100.0,5,100.901,-0.004677265,0.000258976,0.007104937,-0.055474989,-0.00024775,25.154,4
US.GLD260318C350000,GLD 260318 350.00C,117.3001,117.3001,0.0,0.0,117.3001,0,0.0,True,CALL,2026-03-18,350.0,100.0,1,81.854,0.998754027,9.6527e-05,0.002149883,-0.046170487,0.044677093,1.401,4
US.GLD260318P350000,GLD 260318 350.00P,0.0012,0.0012,0.0,0.0,0.0012,0,0.0,True,PUT,2026-03-18,350.0,100.0,8,67.617,-0.000135543,1.4881e-05,0.000275732,-0.001045497,1.262e-06,24.051,4
US.GLD260318C355000,GLD 260318 355.00C,112.3045,112.3045,0.0,0.0,112.3045,0,0.0,True,CALL,2026-03-18,355.0,100.0,1,95.676,0.993259826,0.000377876,0.0098276,-0.109905938,0.044979978,1.402,4
US.GLD260318P355000,GLD 260318 355.00P,0.0025,0.0,0.0,0.0,0.0025,0,0.0,True,PUT,2026-03-18,355.0,100.0,0,67.592,-0.000272257,2.8609e-05,0.000528636,-0.002122832,-4.051e-06,22.967,4
US.GLD260318C360000,GLD 260318 360.00C,107.31,107.31,0.0,0.0,107.31,0,0.0,True,CALL,2026-03-18,360.0,100.0,2,80.242,0.997221473,0.000204112,0.004454526,-0.061381758,0.045862763,1.403,4
US.GLD260318P360000,GLD 260318 360.00P,0.005,0.0,0.0,0.0,0.005,0,0.0,True,PUT,2026-03-18,360.0,100.0,0,67.545,-0.000523688,5.2599e-05,0.000969635,-0.004117707,-1.5462e-05,21.882,4
US.GLD260318C365000,GLD 260318 365.00C,102.3175,102.3175,0.0,0.0,102.3175,0,0.0,True,CALL,2026-03-18,365.0,100.0,2,83.468,0.994184301,0.000380107,0.00862552,-0.092324781,0.04631691,1.405,4
US.GLD260318P365000,GLD 260318 365.00P,0.0095,0.0,0.0,0.0,0.0095,0,0.0,True,PUT,2026-03-18,365.0,100.0,0,67.409,-0.000957077,9.1939e-05,0.001689489,-0.00755654,-3.6906e-05,20.798,4
US.GLD260318C370000,GLD 260318 370.00C,97.3285,0.0,0.0,0.0,97.3285,0,0.0,True,CALL,2026-03-18,370.0,100.0,0,87.186,0.988745169,0.000650007,0.01540373,-0.148822104,0.046623042,1.407,4
US.GLD260318P370000,GLD 260318 370.00P,0.0174,0.0174,0.0,0.0,0.0174,0,0.0,True,PUT,2026-03-18,370.0,100.0,22,67.245,-0.001684537,0.000154618,0.002831939,-0.013306271,-7.487e-05,19.715,4
US.GLD260318C375000,GLD 260318 375.00C,92.3449,92.3449,0.0,0.0,92.3449,0,0.0,True,CALL,2026-03-18,375.0,100.0,1,80.707,0.989560094,0.000657722,0.014429155,-0.133525205,0.047313901,1.411,4
US.GLD260318P375000,GLD 260318 375.00P,0.14,0.03,0.16,0.03,0.0308,6,56.0,True,PUT,2026-03-18,375.0,100.0,3,79.699,-0.009692702,0.000624141,0.013523741,-0.089063018,-0.000529139,18.657,4
US.GLD260318C380000,GLD 260318 380.00C,87.3638,87.3638,0.0,0.0,87.3638,0,0.0,True,CALL,2026-03-18,380.0,100.0,1,80.339,0.985168131,0.000895528,0.019554631,-0.172299926,0.047684971,1.415,4
US.GLD260318P380000,GLD 260318 380.00P,0.19,0.06,0.2,0.04,0.0466,29,238.0,True,PUT,2026-03-18,380.0,100.0,10,72.02,-0.007855633,0.000574435,0.011249869,-0.065525602,-0.000420429,17.583,4
US.GLD260318C385000,GLD 260318 385.00C,82.3828,0.0,0.0,0.0,82.3828,0,0.0,True,CALL,2026-03-18,385.0,100.0,0,65.302,0.993418806,0.00054208,0.009626161,-0.087496251,0.04883023,1.419,4
US.GLD260318P385000,GLD 260318 385.00P,0.08,0.2,0.23,0.03,0.0627,68,548.0,True,PUT,2026-03-18,385.0,100.0,102,63.678,-0.005536424,0.000476767,0.008259474,-0.041070689,-0.000285899,16.474,4
US.GLD260318C390000,GLD 260318 390.00C,77.402,0.0,0.0,0.0,77.402,0,0.0,True,CALL,2026-03-18,390.0,100.0,0,63.154,0.99135648,0.00071261,0.012236775,-0.101026947,0.049345051,1.423,4
US.GLD260318P390000,GLD 260318 390.00P,0.06,0.04,0.08,0.04,0.0788,4,26.0,True,PUT,2026-03-18,390.0,100.0,3,64.153,-0.009530122,0.000763964,0.013327555,-0.07033401,-0.000511924,15.384,4
US.GLD260318C395000,GLD 260318 395.00C,72.4213,0.0,0.0,0.0,72.4213,0,0.0,True,CALL,2026-03-18,395.0,100.0,0,65.916,0.982699362,0.00124546,0.022313998,-0.166693138,0.049458253,1.428,4
US.GLD260318P395000,GLD 260318 395.00P,0.12,0.09,0.12,0.09,0.0951,34,332.0,True,PUT,2026-03-18,395.0,100.0,20,60.852,-0.011226743,0.000929085,0.015373368,-0.078125176,-0.000606557,14.312,4
US.GLD260318C400000,GLD 260318 400.00C,67.4408,0.0,0.0,0.0,67.4408,0,0.0,True,CALL,2026-03-18,400.0,100.0,0,61.181,0.981654542,0.00141068,0.023458874,-0.164669335,0.050036264,1.432,4
US.GLD260318P400000,GLD 260318 400.00P,0.14,0.14,0.14,0.09,0.1116,24,285.0,True,PUT,2026-03-18,400.0,100.0,37,57.939,-0.013831033,0.001169016,0.018415847,-0.090858179,-0.000753029,13.232,4
US.GLD260318C405000,GLD 260318 405.00C,62.4764,62.4764,0.0,0.0,62.4764,0,0.0,True,CALL,2026-03-18,405.0,100.0,1,58.363,0.97717351,0.001779603,0.028229197,-0.18670544,0.050405281,1.439,4
US.GLD260318P405000,GLD 260318 405.00P,0.13,0.17,0.24,0.1,0.1442,23,331.0,True,PUT,2026-03-18,405.0,100.0,35,54.497,-0.016356715,0.001435577,0.021270268,-0.100239777,-0.000894248,12.145,4
US.GLD260318C410000,GLD 260318 410.00C,57.5378,57.5378,0.0,0.0,57.5378,0,0.0,True,CALL,2026-03-18,410.0,100.0,2,56.593,0.969076179,0.002365069,0.036374524,-0.229225899,0.050554686,1.453,4
US.GLD260318P410000,GLD 260318 410.00P,0.2,0.19,0.21,0.11,0.2026,35,620.0,True,PUT,2026-03-18,410.0,100.0,57,51.476,-0.020346304,0.001830493,0.02561549,-0.116365411,-0.001119101,11.075,4
US.GLD260318C415000,GLD 260318 415.00C,52.5993,0.0,0.0,0.0,52.5993,0,0.0,True,CALL,2026-03-18,415.0,100.0,0,48.802,0.97359011,0.002405323,0.0319039,-0.181253444,0.05147323,1.466,4
US.GLD260318P415000,GLD 260318 415.00P,0.27,0.13,0.27,0.13,0.2613,39,738.0,True,PUT,2026-03-18,415.0,100.0,62,48.612,-0.025981901,0.002381593,0.031469265,-0.138111692,-0.001437885,10.005,4
US.GLD260318C420000,GLD 260318 420.00C,46.12,45.53,46.12,44.3,47.6609,10,45601.0,True,CALL,2026-03-18,420.0,100.0,0,46.064,0.965500565,0.003180024,0.039808687,-0.210906,0.051626291,1.145,4
US.GLD260318P420000,GLD 260318 420.00P,0.35,0.15,0.35,0.15,0.32,32,797.0,True,PUT,2026-03-18,420.0,100.0,56,45.713,-0.033499874,0.003127505,0.038855504,-0.164167708,-0.001863728,8.938,4
US.GLD260318C425000,GLD 260318 425.00C,42.7226,0.0,0.0,0.0,42.7226,0,0.0,True,CALL,2026-03-18,425.0,100.0,0,45.19,0.947496992,0.004551579,0.055888996,-0.284794258,0.051178835,1.493,4
US.GLD260318P425000,GLD 260318 425.00P,0.43,0.21,0.45,0.21,0.3788,39,1171.0,True,PUT,2026-03-18,425.0,100.0,164,43.267,-0.045462137,0.00423681,0.049812867,-0.204871277,-0.002544547,7.87,4
US.GLD260318C430000,GLD 260318 430.00C,34.23,33.37,34.23,33.2,37.7843,15,50538.0,True,CALL,2026-03-18,430.0,100.0,2,40.731,0.938136396,0.005746115,0.063590355,-0.294965893,0.051260151,0.735,4
US.GLD260318P430000,GLD 260318 430.00P,0.55,0.2,0.61,0.2,0.4377,53,2102.0,True,PUT,2026-03-18,430.0,100.0,138,40.099,-0.059085984,0.005630287,0.061340453,-0.239326668,-0.003316206,6.811,4
US.GLD260318C434000,GLD 260318 434.00C,0.0,0.0,0.0,0.0,0.0,0,0.0,True,CALL,2026-03-18,434.0,100.0,0,37.491,0.926490378,0.007132713,0.072652234,-0.312309044,0.0510756,-5.824,4
US.GLD260318P434000,GLD 260318 434.00P,0.78,0.4,0.78,0.4,0.4,22,941.0,True,PUT,2026-03-18,434.0,100.0,0,38.525,-0.078971977,0.007330558,0.076718802,-0.295018022,-0.004450647,5.993,4
US.GLD260318C435000,GLD 260318 435.00C,28.87,28.87,28.87,28.87,32.8461,2,5774.0,True,CALL,2026-03-18,435.0,100.0,2,37.051,0.921015728,0.007622962,0.076733414,-0.325977954,0.050874343,0.657,4
US.GLD260318P435000,GLD 260318 435.00P,0.8,0.38,0.8,0.38,0.4967,41,2249.0,True,PUT,2026-03-18,435.0,100.0,281,38.223,-0.085405095,0.007837622,0.081379479,-0.312592054,-0.004818293,5.78,4
US.GLD260318C436000,GLD 260318 436.00C,0.0,0.0,0.0,0.0,0.0,0,0.0,True,CALL,2026-03-18,436.0,100.0,0,37.762,0.908634339,0.008342057,0.08558229,-0.369015629,0.050253075,-5.39,4
US.GLD260318P436000,GLD 260318 436.00P,0.75,0.83,0.83,0.75,0.83,2,158.0,True,PUT,2026-03-18,436.0,100.0,0,37.798,-0.091625498,0.008352109,0.085754464,-0.327678649,-0.005172787,5.552,4
US.GLD260318C437000,GLD 260318 437.00C,0.0,0.0,0.0,0.0,0.0,0,0.0,True,CALL,2026-03-18,437.0,100.0,0,36.604,0.906230828,0.008773008,0.087240545,-0.365824337,0.050239287,-5.173,4
US.GLD260318P437000,GLD 260318 437.00P,0.54,0.54,0.54,0.54,0.54,11,594.0,True,PUT,2026-03-18,437.0,100.0,0,37.263,-0.097673783,0.008880717,0.089890646,-0.340429237,-0.005516345,5.29,4
US.GLD260318C438000,GLD 260318 438.00C,0.0,0.0,0.0,0.0,0.0,0,0.0,True,CALL,2026-03-18,438.0,100.0,0,34.871,0.907151009,0.009142034,0.086604873,-0.347940612,0.050427857,-4.956,4
US.GLD260318P438000,GLD 260318 438.00P,1.01,0.77,1.01,0.77,0.77,4,332.0,True,PUT,2026-03-18,438.0,100.0,0,36.948,-0.105484764,0.009472749,0.095070098,-0.359290077,-0.005962154,5.175,4
US.GLD260318C439000,GLD 260318 439.00C,0.0,0.0,0.0,0.0,0.0,0,0.0,True,CALL,2026-03-18,439.0,100.0,0,37.841,0.878899216,0.010206266,0.104924933,-0.453495419,0.0488389,-4.739,4
US.GLD260318P439000,GLD 260318 439.00P,0.52,0.42,0.52,0.42,0.42,21,1082.0,True,PUT,2026-03-18,439.0,100.0,0,36.365,-0.112212983,0.010062329,0.099390947,-0.371528249,-0.006343401,4.852,4
US.GLD260318C440000,GLD 260318 440.00C,24.22,24.99,24.99,24.22,28.0218,20,49826.0,True,CALL,2026-03-18,440.0,100.0,16,38.188,0.865761932,0.010864227,0.112715493,-0.49186621,0.048169866,0.733,4
US.GLD260318P440000,GLD 260318 440.00P,1.17,0.49,1.25,0.4,0.67,330,35515.0,True,PUT,2026-03-18,440.0,100.0,280,36.026,-0.120986507,0.010714498,0.104841147,-0.390594325,-0.006843263,4.776,4
US.GLD260318C441000,GLD 260318 441.00C,0.0,0.0,0.0,0.0,0.0,0,0.0,True,CALL,2026-03-18,441.0,100.0,0,36.687,0.863331499,0.011448633,0.114107929,-0.480030056,0.048157689,-4.305,4
US.GLD260318P441000,GLD 260318 441.00P,1.24,0.43,1.24,0.43,0.43,26,2423.0,True,PUT,2026-03-18,441.0,100.0,0,35.708,-0.130526833,0.011397913,0.110541926,-0.410650415,-0.007386703,4.574,4
US.GLD260318C442000,GLD 260318 442.00C,0.0,0.0,0.0,0.0,0.0,0,0.0,True,CALL,2026-03-18,442.0,100.0,0,36.038,0.855156628,0.012123237,0.118696052,-0.491571786,0.047794029,-4.088,4
US.GLD260318P442000,GLD 260318 442.00P,1.3,0.57,1.3,0.57,0.57,49,5469.0,True,PUT,2026-03-18,442.0,100.0,0,35.361,-0.140539867,0.012108015,0.116284919,-0.430225937,-0.007956265,4.37,4
US.GLD260318C443000,GLD 260318 443.00C,20.2,20.1,20.2,20.1,20.1,3,6040.0,True,CALL,2026-03-18,443.0,100.0,0,34.106,0.854966324,0.012821517,0.11879733,-0.467698197,0.047920323,0.512,4
US.GLD260318P443000,GLD 260318 443.00P,1.17,0.57,1.17,0.57,0.57,33,2841.0,True,PUT,2026-03-18,443.0,100.0,0,34.943,-0.150771797,0.012846107,0.121911567,-0.448051481,-0.008536752,4.125,4
US.GLD260318C444000,GLD 260318 444.00C,0.0,0.0,0.0,0.0,0.0,0,0.0,True,CALL,2026-03-18,444.0,100.0,0,35.57,0.831469702,0.013571103,0.131149021,-0.537847556,0.046618124,-3.654,4
US.GLD260318P444000,GLD 260318 444.00P,1.3,0.56,1.3,0.56,0.56,55,6552.0,True,PUT,2026-03-18,444.0,100.0,0,34.575,-0.162061745,0.01361536,0.127850125,-0.467388504,-0.009177249,3.936,4
US.GLD260318C445000,GLD 260318 445.00C,17.8,17.8,17.8,17.8,23.4635,1,1780.0,True,CALL,2026-03-18,445.0,100.0,4,34.385,0.824816271,0.014390471,0.134431165,-0.534540008,0.046350564,0.425,4
US.GLD260318P445000,GLD 260318 445.00P,1.59,0.85,1.87,0.85,1.1102,163,24343.0,True,PUT,2026-03-18,445.0,100.0,434,34.284,-0.174627055,0.014407165,0.1341421,-0.488843685,-0.00989035,3.782,4
US.GLD260318C446000,GLD 260318 446.00C,0.0,0.0,0.0,0.0,0.0,0,0.0,True,CALL,2026-03-18,446.0,100.0,0,34.956,0.805790565,0.015092778,0.143337994,-0.579814973,0.045321561,-3.22,4
US.GLD260318P446000,GLD 260318 446.00P,1.86,1.68,1.86,1.2,1.68,57,8886.0,True,PUT,2026-03-18,446.0,100.0,0,33.839,-0.18695688,0.015234855,0.140004932,-0.505915061,-0.010586526,3.623,4
US.GLD260318C447000,GLD 260318 447.00C,0.0,0.0,0.0,0.0,0.0,0,0.0,True,CALL,2026-03-18,447.0,100.0,0,34.697,0.791477554,0.015867576,0.149582861,-0.601672296,0.044583209,-3.003,4
US.GLD260318P447000,GLD 260318 447.00P,1.93,1.22,2.1,1.22,1.22,84,15285.0,True,PUT,2026-03-18,447.0,100.0,0,33.392,-0.200103504,0.016093041,0.145931683,-0.522654078,-0.011327358,3.422,4
US.GLD260318C448000,GLD 260318 448.00C,0.0,0.0,0.0,0.0,0.0,0,0.0,True,CALL,2026-03-18,448.0,100.0,0,32.723,0.787519346,0.017011607,0.151239842,-0.575968795,0.044487349,-2.786,4
US.GLD260318P448000,GLD 260318 448.00P,2.12,0.72,2.34,0.72,0.72,91,17193.0,True,PUT,2026-03-18,448.0,100.0,0,33.068,-0.214952846,0.016953675,0.152240412,-0.542389104,-0.012164913,3.246,4
US.GLD260318C449000,GLD 260318 449.00C,15.65,15.65,15.65,15.65,15.65,2,3130.0,True,CALL,2026-03-18,449.0,100.0,0,32.673,0.769944669,0.017829919,0.158278576,-0.602686476,0.043550294,0.826,4
US.GLD260318P449000,GLD 260318 449.00P,2.26,0.81,2.36,0.74,0.81,62,11663.0,True,PUT,2026-03-18,449.0,100.0,0,32.754,-0.230751414,0.017823454,0.158520917,-0.561744955,-0.013054147,3.059,4
US.GLD260318C450000,GLD 260318 450.00C,15.1,16.63,16.63,15.1,18.969,2,3173.0,True,CALL,2026-03-18,450.0,100.0,8,32.362,0.753212449,0.018706987,0.164486424,-0.621390303,0.042666108,0.924,4
US.GLD260318P450000,GLD 260318 450.00P,2.44,0.96,2.81,0.8,1.6148,512,96340.0,True,PUT,2026-03-18,450.0,100.0,863,32.38,-0.247092801,0.018717378,0.164567193,-0.578703476,-0.013970154,2.881,4
US.GLD260318C451000,GLD 260318 451.00C,14.29,18.15,18.15,13.88,18.0703,22,36542.0,True,CALL,2026-03-18,451.0,100.0,10,32.981,0.730055246,0.019229657,0.172320268,-0.663689199,0.041380724,0.965,4
US.GLD260318P451000,GLD 260318 451.00P,2.3,1.13,2.3,1.13,1.716,97,19205.0,True,PUT,2026-03-18,451.0,100.0,80,32.067,-0.264750788,0.019595043,0.170605724,-0.596239386,-0.0149584,2.634,4
US.GLD260318C452000,GLD 260318 452.00C,14.14,16.4,16.43,13.14,17.2243,82,116335.0,True,CALL,2026-03-18,452.0,100.0,71,32.036,0.715271069,0.0203199,0.176874823,-0.663168851,0.040620987,1.15,4
US.GLD260318P452000,GLD 260318 452.00P,3.02,1.02,3.02,1.02,1.87,192,32593.0,True,PUT,2026-03-18,452.0,100.0,87,31.801,-0.28362423,0.020443986,0.176511379,-0.613760294,-0.016012315,2.573,4
US.GLD260318C453000,GLD 260318 453.00C,12.71,15.37,15.37,12.71,16.3864,4,5607.0,True,CALL,2026-03-18,453.0,100.0,44,31.854,0.695165365,0.021088894,0.182533198,-0.681247988,0.039528309,1.056,4
US.GLD260318P453000,GLD 260318 453.00P,3.25,1.14,3.32,1.14,2.0322,119,28643.0,True,PUT,2026-03-18,453.0,100.0,1262,31.463,-0.30302332,0.021308627,0.182009763,-0.627878809,-0.017089213,2.406,4
US.GLD260318C454000,GLD 260318 454.00C,12.6,14.64,14.64,12.02,15.5838,8,10473.0,True,CALL,2026-03-18,454.0,100.0,0,31.701,0.674130189,0.02180316,0.187809056,-0.698151153,0.038377631,1.249,4
US.GLD260318P454000,GLD 260318 454.00P,2.87,1.18,3.29,1.18,2.2299,263,67700.0,True,PUT,2026-03-18,454.0,100.0,217,31.188,-0.323689657,0.022117322,0.187249533,-0.641845243,-0.018233146,2.107,4
US.GLD260318C455000,GLD 260318 455.00C,9.97,16.4,16.4,9.97,14.7816,14,16367.0,True,CALL,2026-03-18,455.0,100.0,51,30.918,0.655036266,0.022858368,0.192042367,-0.697272445,0.037354201,0.896,4
US.GLD260318P455000,GLD 260318 455.00P,3.84,1.53,4.05,1.45,2.428,925,301901.0,True,PUT,2026-03-18,455.0,100.0,264,30.809,-0.344796285,0.022955049,0.19196046,-0.65118625,-0.019391625,2.1,4
US.GLD260318C456000,GLD 260318 456.00C,11.13,10.53,11.15,9.99,14.0278,6,6303.0,True,CALL,2026-03-18,456.0,100.0,4,29.924,0.635402957,0.024086441,0.195857155,-0.689294486,0.036302166,1.364,4
US.GLD260318P456000,GLD 260318 456.00P,4.1,1.85,4.3,1.81,2.6747,796,210004.0,True,PUT,2026-03-18,456.0,100.0,255,30.583,-0.367463551,0.023652655,0.196317684,-0.662066338,-0.020633827,1.939,4
US.GLD260318C457000,GLD 260318 457.00C,8.6,10.5,10.5,8.6,13.2741,33,33701.0,True,CALL,2026-03-18,457.0,100.0,50,29.849,0.611066504,0.024638325,0.199844931,-0.701519338,0.034947254,1.032,4
US.GLD260318P457000,GLD 260318 457.00P,4.37,1.83,4.8,1.83,2.9215,217,82519.0,True,PUT,2026-03-18,457.0,100.0,397,31.369,-0.393899477,0.023554213,0.200504282,-0.694822314,-0.022115077,1.781,4
US.GLD260318C458000,GLD 260318 458.00C,7.6,10.15,10.2,7.6,12.5206,22,20570.0,True,CALL,2026-03-18,458.0,100.0,10,28.421,0.58964156,0.026244229,0.2026873,-0.678468491,0.033795984,1.032,4
US.GLD260318P458000,GLD 260318 458.00P,4.75,2.04,4.95,1.83,3.1686,134,51244.0,True,PUT,2026-03-18,458.0,100.0,186,29.674,-0.413964776,0.025220706,0.203039957,-0.665023258,-0.023133172,1.646,4
US.GLD260318C459000,GLD 260318 459.00C,7.27,11.85,11.85,7.27,11.7672,10,10056.0,True,CALL,2026-03-18,459.0,100.0,18,29.095,0.561923575,0.025985298,0.205452478,-0.702760282,0.032216113,1.178,4
US.GLD260318P459000,GLD 260318 459.00P,5.2,2.21,5.5,2.21,3.4159,581,230017.0,True,PUT,2026-03-18,459.0,100.0,218,29.603,-0.439368946,0.025591435,0.205483971,-0.671349332,-0.024497996,1.527,4
US.GLD260318C460000,GLD 260318 460.00C,6.48,11.85,11.85,6.3,11.0462,43,31811.0,True,CALL,2026-03-18,460.0,100.0,27,28.06,0.53658491,0.027158664,0.207089299,-0.683202966,0.030818103,1.223,4
US.GLD260318P460000,GLD 260318 460.00P,5.5,2.71,6.5,2.08,3.6957,1547,614758.0,True,PUT,2026-03-18,460.0,100.0,341,29.649,-0.465184295,0.025757293,0.207092182,-0.677252883,-0.025877163,1.375,4
US.GLD260318C461000,GLD 260318 461.00C,6.15,10.79,10.79,5.8,10.3256,427,261868.0,True,CALL,2026-03-18,461.0,100.0,13,28.589,0.509402083,0.026760856,0.207907376,-0.697205928,0.029266588,1.369,4
US.GLD260318P461000,GLD 260318 461.00P,6.02,2.69,6.02,2.48,3.9761,281,137749.0,True,PUT,2026-03-18,461.0,100.0,505,28.368,-0.491218692,0.027027239,0.207820236,-0.64857195,-0.027169704,1.271,4
US.GLD260318C462000,GLD 260318 462.00C,5.8,10.35,10.35,5.8,9.6087,19,16482.0,True,CALL,2026-03-18,462.0,100.0,41,29.109,0.483215891,0.026267406,0.207780643,-0.707606623,0.027770637,1.51,4
US.GLD260318P462000,GLD 260318 462.00P,6.3,2.87,6.7,2.8,4.2604,318,154409.0,True,PUT,2026-03-18,462.0,100.0,135,28.526,-0.518041451,0.026865304,0.207648234,-0.650368727,-0.028567352,1.115,4
US.GLD260318C463000,GLD 260318 463.00C,5.7,9.35,9.35,5.7,8.9765,53,33226.0,True,CALL,2026-03-18,463.0,100.0,18,27.932,0.454756199,0.027221515,0.206624102,-0.674264568,0.026182217,1.705,4
US.GLD260318P463000,GLD 260318 463.00P,6.95,3.65,6.95,3.65,4.6296,448,268895.0,True,PUT,2026-03-18,463.0,100.0,102,28.555,-0.544699209,0.026706672,0.206541693,-0.645759077,-0.029925201,1.039,4
US.GLD260318C464000,GLD 260318 464.00C,4.56,8.65,8.65,4.56,8.3447,73,45607.0,True,CALL,2026-03-18,464.0,100.0,10,27.828,0.427498643,0.027045342,0.204516217,-0.662902785,0.024632692,1.675,4
US.GLD260318P464000,GLD 260318 464.00P,6.93,3.05,6.93,3.05,4.9994,160,61823.0,True,PUT,2026-03-18,464.0,100.0,360,28.699,-0.570720746,0.026329823,0.204558617,-0.640671093,-0.031234213,0.818,4
US.GLD260318C465000,GLD 260318 465.00C,4.16,7.59,7.59,3.95,7.786,62,30114.0,True,CALL,2026-03-18,465.0,100.0,41,27.712,0.400395553,0.026750088,0.201439929,-0.647950704,0.023089077,1.805,4
US.GLD260318P465000,GLD 260318 465.00P,7.78,3.77,8.14,3.29,5.4424,923,592118.0,True,PUT,2026-03-18,465.0,100.0,242,26.98,-0.603533729,0.02752093,0.200754454,-0.586444319,-0.032662706,0.785,4
US.GLD260318C466000,GLD 260318 466.00C,3.75,5.41,5.41,3.75,7.2278,29,14440.0,True,CALL,2026-03-18,466.0,100.0,68,27.46,0.372931183,0.026443476,0.197310066,-0.626361245,0.02152416,1.933,4
US.GLD260318P466000,GLD 260318 466.00P,8.1,3.65,8.1,3.65,5.8862,68,36826.0,True,PUT,2026-03-18,466.0,100.0,1168,28.736,-0.622010334,0.025486062,0.197996099,-0.615249936,-0.033701002,0.637,4
US.GLD260318C467000,GLD 260318 467.00C,3.35,6.5,6.75,3.05,6.7036,82,34905.0,True,CALL,2026-03-18,467.0,100.0,22,27.321,0.346318963,0.025906228,0.192316302,-0.604608708,0.020003091,2.063,4
US.GLD260318P467000,GLD 260318 467.00P,9.37,4.5,9.48,3.62,6.3643,157,129641.0,True,PUT,2026-03-18,467.0,100.0,1259,27.589,-0.653275831,0.025809276,0.192215142,-0.568242646,-0.034995072,0.696,4
US.GLD260318C468000,GLD 260318 468.00C,2.9,6.35,6.35,2.9,6.1797,327,113586.0,True,CALL,2026-03-18,468.0,100.0,131,27.226,0.320529352,0.025213747,0.186521367,-0.581329084,0.018526043,2.182,4
US.GLD260318P468000,GLD 260318 468.00P,9.85,5.6,10.1,4.5,6.8429,284,175815.0,True,PUT,2026-03-18,468.0,100.0,218,26.637,-0.684730556,0.025777502,0.184997603,-0.522361892,-0.036207035,0.583,4
US.GLD260318C469000,GLD 260318 469.00C,2.71,5.5,5.5,2.71,5.6561,184,63548.0,True,CALL,2026-03-18,469.0,100.0,267,27.017,0.294627869,0.024484095,0.179724789,-0.552579602,0.01704176,2.358,4
US.GLD260318P469000,GLD 260318 469.00P,10.6,5.7,10.6,5.22,7.3221,288,218511.0,True,PUT,2026-03-18,469.0,100.0,330,25.891,-0.715443613,0.025371018,0.17654145,-0.478530862,-0.037282212,0.529,4
US.GLD260318C470000,GLD 260318 470.00C,2.37,5.5,5.5,2.32,5.2052,707,288363.0,True,CALL,2026-03-18,470.0,100.0,117,27.002,0.270939024,0.023530623,0.172621611,-0.527104027,0.015680258,2.501,4
US.GLD260318P470000,GLD 260318 470.00P,11.3,5.99,11.4,5.7,7.8743,260,247151.0,True,PUT,2026-03-18,470.0,100.0,443,26.702,-0.733069356,0.023859477,0.171058183,-0.475501036,-0.0380284,0.464,4
US.GLD260318C471000,GLD 260318 471.00C,2.12,4.7,4.7,2.02,4.8099,107,31509.0,True,CALL,2026-03-18,471.0,100.0,41,26.879,0.247358521,0.022551223,0.164673098,-0.49701981,0.014324504,2.664,4
US.GLD260318P471000,GLD 260318 471.00P,11.39,5.98,11.39,5.98,8.4823,37,34737.0,True,PUT,2026-03-18,471.0,100.0,34,28.635,-0.740118563,0.021937458,0.168756344,-0.503367248,-0.038566288,0.266,4
US.GLD260318C472000,GLD 260318 472.00C,1.9,4.2,4.5,1.83,4.4151,335,94064.0,True,CALL,2026-03-18,472.0,100.0,181,26.7,0.224280895,0.021508009,0.156005745,-0.464086738,0.01299648,2.833,4
US.GLD260318P472000,GLD 260318 472.00P,11.26,8.81,12.02,8.81,9.0911,70,76679.0,True,PUT,2026-03-18,472.0,100.0,152,28.725,-0.760387656,0.020981268,0.161591749,-0.478935243,-0.039231215,0.021,4
US.GLD260318C473000,GLD 260318 473.00C,1.64,4.03,4.03,1.64,4.046,192,43797.0,True,CALL,2026-03-18,473.0,100.0,37,26.634,0.203258305,0.020360149,0.147304811,-0.43353067,0.011784502,2.994,4
US.GLD260318P473000,GLD 260318 473.00P,13.65,9.85,13.65,9.85,9.7258,34,38904.0,True,PUT,2026-03-18,473.0,100.0,86,28.203,-0.784853245,0.020172943,0.152004569,-0.435894614,-0.039804506,0.323,4
US.GLD260318C474000,GLD 260318 474.00C,1.52,2.99,3.65,1.4,3.6772,681,124051.0,True,CALL,2026-03-18,474.0,100.0,195,26.708,0.184709569,0.019153223,0.138953542,-0.406694869,0.010713263,3.185,4
US.GLD260318P474000,GLD 260318 474.00P,12.45,10.86,12.45,10.86,10.3613,57,69291.0,True,PUT,2026-03-18,474.0,100.0,24,25.46,-0.829955576,0.019573471,0.131387398,-0.326713801,-0.039883561,-0.154,4
US.GLD260318C475000,GLD 260318 475.00C,1.34,3.15,3.15,1.26,3.3356,474,95832.0,True,CALL,2026-03-18,475.0,100.0,291,26.73,0.166892468,0.0179464,0.130299243,-0.378264611,0.009683883,3.363,4
US.GLD260318P475000,GLD 260318 475.00P,13.87,9.08,13.87,7.84,11.0245,42,43251.0,True,PUT,2026-03-18,475.0,100.0,43,27.648,-0.827144631,0.018150876,0.13285185,-0.361849239,-0.040386244,-0.062,4
US.GLD260318C476000,GLD 260318 476.00C,1.15,2.7,2.73,1.15,3.0335,209,33235.0,True,CALL,2026-03-18,476.0,100.0,120,26.698,0.149785452,0.016736807,0.121368141,-0.348508914,0.008695088,3.539,4
US.GLD260318P476000,GLD 260318 476.00P,13.9,13.01,13.9,13.01,11.7274,178,244565.0,True,PUT,2026-03-18,476.0,100.0,41,26.678,-0.853399347,0.017047323,0.119116115,-0.30441933,-0.040140498,-0.273,4
US.GLD260318C477000,GLD 260318 477.00C,0.99,2.28,2.55,0.99,2.7316,187,24396.0,True,CALL,2026-03-18,477.0,100.0,81,26.832,0.135410033,0.015554697,0.113360162,-0.324101242,0.00786287,3.721,4
US.GLD260318P477000,GLD 260318 477.00P,14.5,11.3,14.76,11.22,12.4311,37,50523.0,True,PUT,2026-03-18,477.0,100.0,98,26.287,-0.87310211,0.015834315,0.107781269,-0.264674983,-0.039679576,-0.36,4
US.GLD260318C478000,GLD 260318 478.00C,0.92,2.1,2.18,0.87,2.4299,464,83937.0,True,CALL,2026-03-18,478.0,100.0,114,26.896,0.121545287,0.014396122,0.105168476,-0.298372731,0.007060121,3.923,4
US.GLD260318P478000,GLD 260318 478.00P,17.95,14.54,17.95,14.54,13.1359,34,59233.0,True,PUT,2026-03-18,478.0,100.0,54,27.638,-0.875125365,0.014867554,0.106615191,-0.275771569,-0.040017791,0.171,4
US.GLD260318C479000,GLD 260318 479.00C,0.76,1.9,1.98,0.76,2.2183,132,15133.0,True,CALL,2026-03-18,479.0,100.0,389,26.834,0.107683073,0.013237914,0.096482295,-0.269992721,0.006257521,4.105,4
US.GLD260318P479000,GLD 260318 479.00P,18.57,11.92,18.57,11.92,13.9302,11,18434.0,True,PUT,2026-03-18,479.0,100.0,42,26.167,-0.902511622,0.013492829,0.088995615,-0.207345558,-0.038287313,0.088,4
US.GLD260318C480000,GLD 260318 480.00C,0.73,1.59,1.93,0.65,2.007,549,67119.0,True,CALL,2026-03-18,480.0,100.0,396,26.791,0.095128356,0.012114178,0.088150804,-0.243375954,0.005530091,4.316,4
US.GLD260318P480000,GLD 260318 480.00P,19.75,12.5,19.75,12.49,14.7253,62,105190.0,True,PUT,2026-03-18,480.0,100.0,44,29.345,-0.88685857,0.013110125,0.09940973,-0.269893564,-0.040116996,0.128,4
US.GLD260318C481000,GLD 260318 481.00C,0.63,1.47,1.5,0.6,1.8332,72,6719.0,True,CALL,2026-03-18,481.0,100.0,72,27.094,0.086483385,0.011160889,0.082135954,-0.227187991,0.00502806,4.511,4
US.GLD260318P481000,GLD 260318 481.00P,15.5577,15.5577,0.0,0.0,15.5577,0,0.0,True,PUT,2026-03-18,481.0,100.0,1,23.564,-0.949669456,0.010362303,0.05269237,-0.093865701,-0.030524731,-0.998,4
US.GLD260318C482000,GLD 260318 482.00C,0.48,0.96,1.24,0.48,1.6596,107,8247.0,True,CALL,2026-03-18,482.0,100.0,313,27.184,0.076982251,0.010189486,0.075239417,-0.206431842,0.004476831,4.695,4
US.GLD260318P482000,GLD 260318 482.00P,19.81,17.0,19.81,17.0,16.3912,9,15862.0,True,PUT,2026-03-18,482.0,100.0,81,23.411,-0.960428453,0.009292973,0.04302828,-0.07093618,-0.027307648,-0.292,4
US.GLD260318C483000,GLD 260318 483.00C,0.5,1.4,1.4,0.5,1.486,69,5313.0,True,CALL,2026-03-18,483.0,100.0,34,27.374,0.069107762,0.009316421,0.069278618,-0.18936616,0.004019589,4.917,4
US.GLD260318P483000,GLD 260318 483.00P,20.75,15.12,20.75,15.12,17.2255,23,44699.0,True,PUT,2026-03-18,483.0,100.0,2,21.976,-0.980959674,0.007873401,0.022343661,-0.024384033,-0.016929827,-0.305,4
US.GLD260318C484000,GLD 260318 484.00C,0.61,0.97,1.0,0.59,1.3125,17,1230.0,True,CALL,2026-03-18,484.0,100.0,13,27.548,0.061864755,0.008495864,0.063581958,-0.172972322,0.003598938,5.157,4
US.GLD260318P484000,GLD 260318 484.00P,18.0607,18.0607,0.0,0.0,18.0607,0,0.0,True,PUT,2026-03-18,484.0,100.0,4,27.645,-0.943299324,0.009123793,0.058382803,-0.128961735,-0.033850316,-1.106,4
US.GLD260318C485000,GLD 260318 485.00C,0.34,0.99,0.99,0.34,1.1597,620,49734.0,True,CALL,2026-03-18,485.0,100.0,184,27.362,0.052971233,0.007570357,0.056278247,-0.149741818,0.003082893,5.316,4
US.GLD260318P485000,GLD 260318 485.00P,22.72,16.45,22.72,16.45,18.9179,4,7937.0,True,PUT,2026-03-18,485.0,100.0,32,27.132,-0.955415276,0.008168282,0.047874698,-0.097341104,-0.030705827,-0.312,4
US.GLD260318C486000,GLD 260318 486.00C,0.5,0.8,0.83,0.5,1.058,134,8577.0,True,CALL,2026-03-18,486.0,100.0,79,27.871,0.049276887,0.007016408,0.05313545,-0.142936812,0.002867633,5.568,4
US.GLD260318P486000,GLD 260318 486.00P,19.8241,19.8241,0.0,0.0,19.8241,0,0.0,True,PUT,2026-03-18,486.0,100.0,2,28.006,-0.956614559,0.007741948,0.046845319,-0.098111829,-0.030747063,-1.157,4
US.GLD260318C487000,GLD 260318 487.00C,0.24,0.55,0.59,0.24,0.9565,124,4232.0,True,CALL,2026-03-18,487.0,100.0,96,27.831,0.042748693,0.006268325,0.047408092,-0.125537238,0.002488488,5.728,4
US.GLD260318P487000,GLD 260318 487.00P,20.7308,20.7308,0.0,0.0,20.7308,0,0.0,True,PUT,2026-03-18,487.0,100.0,11,28.874,-0.957737712,0.00735257,0.0458735,-0.098850373,-0.030787172,-1.178,4
US.GLD260318C488000,GLD 260318 488.00C,0.22,0.48,0.48,0.22,0.8549,97,2943.0,True,CALL,2026-03-18,488.0,100.0,25,28.001,0.038047464,0.005667926,0.043134016,-0.113559986,0.002215141,5.941,4
US.GLD260318P488000,GLD 260318 488.00P,25.48,25.48,25.48,25.48,21.6386,5,12740.0,True,PUT,2026-03-18,488.0,100.0,7,0.0,0.0,0.0,0.0,0.0,0.0,-0.364,4
US.GLD260318C489000,GLD 260318 489.00C,0.2,0.35,0.38,0.2,0.7535,103,2506.0,True,CALL,2026-03-18,489.0,100.0,80,28.334,0.034651243,0.005188549,0.039960378,-0.105437208,0.002017458,6.153,4
US.GLD260318P489000,GLD 260318 489.00P,22.5484,22.5484,0.0,0.0,22.5484,0,0.0,True,PUT,2026-03-18,489.0,100.0,15,27.785,-0.977251196,0.005865789,0.02675454,-0.044233286,-0.021930338,-1.217,4
US.GLD260318C490000,GLD 260318 490.00C,0.2,0.69,0.69,0.16,0.6896,556,17001.0,True,CALL,2026-03-18,490.0,100.0,776,28.474,0.030690019,0.004671068,0.036159222,-0.094699418,0.001787103,6.37,4
US.GLD260318P490000,GLD 260318 490.00P,26.32,23.83,26.32,23.83,23.493,3,7647.0,True,PUT,2026-03-18,490.0,100.0,54,30.18,-0.968258896,0.00601945,0.036012791,-0.075059266,-0.027529424,-0.616,4
US.GLD260318C491000,GLD 260318 491.00C,0.2,0.42,0.42,0.14,0.6258,201,3560.0,True,CALL,2026-03-18,491.0,100.0,68,28.522,0.026755514,0.004160456,0.032266856,-0.083469415,0.001558322,6.587,4
US.GLD260318P491000,GLD 260318 491.00P,24.4386,24.4386,0.0,0.0,24.4386,0,0.0,True,PUT,2026-03-18,491.0,100.0,0,31.0,-0.968988423,0.005749414,0.035335846,-0.075480475,-0.027554679,-1.241,4
US.GLD260318C492000,GLD 260318 492.00C,0.17,0.04,0.27,0.04,0.562,22,391.0,True,CALL,2026-03-18,492.0,100.0,67,28.799,0.024171114,0.003784359,0.029639635,-0.076611719,0.001407865,6.798,4
US.GLD260318P492000,GLD 260318 492.00P,28.74,28.74,28.74,28.74,25.3853,1,2874.0,True,PUT,2026-03-18,492.0,100.0,1,29.004,-0.985121323,0.004830122,0.0182312,-0.024827073,-0.016979773,-0.525,4
US.GLD260318C493000,GLD 260318 493.00C,0.14,0.21,0.26,0.14,0.4982,13,211.0,True,CALL,2026-03-18,493.0,100.0,122,29.889,0.024925907,0.003741739,0.030411438,-0.081806843,0.001451087,7.008,4
US.GLD260318P493000,GLD 260318 493.00P,26.3332,0.0,0.0,0.0,26.3332,0,0.0,True,PUT,2026-03-18,493.0,100.0,0,30.929,-0.979295754,0.004868555,0.024748555,-0.044949533,-0.02198133,-1.264,4
US.GLD260318C494000,GLD 260318 494.00C,0.26,0.01,0.26,0.01,0.4345,4,54.0,True,CALL,2026-03-18,494.0,100.0,37,29.564,0.020489275,0.003206702,0.025788462,-0.067264892,0.001193341,7.251,4
US.GLD260318P494000,GLD 260318 494.00P,33.17,31.06,33.17,31.06,27.2833,7,21953.0,True,PUT,2026-03-18,494.0,100.0,13,31.704,-0.979740284,0.00466376,0.024305971,-0.045108798,-0.021994118,0.002,4
US.GLD260318C495000,GLD 260318 495.00C,0.2,0.3,0.3,0.19,0.3708,25,609.0,True,CALL,2026-03-18,495.0,100.0,94,31.728,0.025095473,0.003544911,0.030582309,-0.087337884,0.001459804,7.455,4
US.GLD260318P495000,GLD 260318 495.00P,34.3,34.3,34.3,34.3,28.2358,1,3430.0,True,PUT,2026-03-18,495.0,100.0,4,32.474,-0.980162249,0.004473291,0.023883666,-0.04526164,-0.022007041,0.03,4
US.GLD260318C496000,GLD 260318 496.00C,0.21,0.25,0.25,0.15,0.3443,8,157.0,True,CALL,2026-03-18,496.0,100.0,154,31.785,0.022169817,0.003188172,0.027559223,-0.077857391,0.001289865,7.675,4
US.GLD260318P496000,GLD 260318 496.00P,29.2177,0.0,0.0,0.0,29.2177,0,0.0,True,PUT,2026-03-18,496.0,100.0,0,0.0,0.0,0.0,0.0,0.0,0.0,-1.289,4
US.GLD260318C497000,GLD 260318 497.00C,0.21,0.23,0.24,0.11,0.3179,13,270.0,True,CALL,2026-03-18,497.0,100.0,72,35.193,0.031224617,0.00383374,0.036674204,-0.118648778,0.001812859,7.892,4
US.GLD260318P497000,GLD 260318 497.00P,33.65,33.7,33.7,33.65,30.2003,2,6735.0,True,PUT,2026-03-18,497.0,100.0,0,37.863,-0.963094287,0.004902873,0.041261635,-0.117402287,-0.032447008,-0.544,4
US.GLD260318C498000,GLD 260318 498.00C,0.23,0.2,0.23,0.13,0.2915,10,188.0,True,CALL,2026-03-18,498.0,100.0,66,34.792,0.02642769,0.003375739,0.031930509,-0.100428371,0.00153515,8.113,4
US.GLD260318P498000,GLD 260318 498.00P,31.1836,0.0,0.0,0.0,31.1836,0,0.0,True,PUT,2026-03-18,498.0,100.0,0,40.885,-0.953607466,0.005138863,0.049987147,-0.16419163,-0.036190494,-1.296,4
US.GLD260318C499000,GLD 260318 499.00C,0.21,0.22,0.28,0.1,0.2652,29,389.0,True,CALL,2026-03-18,499.0,100.0,41,36.455,0.029071362,0.003488204,0.034566485,-0.114963286,0.001687182,8.326,4
US.GLD260318P499000,GLD 260318 499.00P,32.168,0.0,0.0,0.0,32.168,0,0.0,True,PUT,2026-03-18,499.0,100.0,0,35.513,-0.981657124,0.003829653,0.022369912,-0.045814543,-0.022059716,-1.3,4
US.GLD260318C500000,GLD 260318 500.00C,0.09,0.29,0.29,0.09,0.2467,153,2098.0,True,CALL,2026-03-18,500.0,100.0,287,32.977,0.015690501,0.002289713,0.020544779,-0.058115974,0.000912961,8.517,4
US.GLD260318P500000,GLD 260318 500.00P,36.07,36.07,36.07,36.07,33.1581,2,7214.0,True,PUT,2026-03-18,500.0,100.0,4,36.263,-0.98198962,0.003693235,0.022029333,-0.045938498,-0.022072847,-0.67,4
US.GLD260318C501000,GLD 260318 501.00C,0.1,0.27,0.27,0.1,0.2376,6,110.0,True,CALL,2026-03-18,501.0,100.0,116,37.976,0.028057159,0.003250983,0.033560678,-0.11581229,0.001627384,8.736,4
US.GLD260318P501000,GLD 260318 501.00P,34.1537,0.0,0.0,0.0,34.1537,0,0.0,True,PUT,2026-03-18,501.0,100.0,0,37.01,-0.982307239,0.003564999,0.021702686,-0.046059832,-0.02208649,-1.303,4
US.GLD260318C502000,GLD 260318 502.00C,0.27,0.2,0.27,0.08,0.2285,21,276.0,True,CALL,2026-03-18,502.0,100.0,68,40.407,0.033165247,0.003509418,0.038541895,-0.143827883,0.001920879,8.99,4
US.GLD260318P502000,GLD 260318 502.00P,35.1493,35.1493,0.0,0.0,35.1493,0,0.0,True,PUT,2026-03-18,502.0,100.0,0,37.753,-0.982611883,0.003444236,0.021388092,-0.046174942,-0.022099839,-1.304,4
US.GLD260318C503000,GLD 260318 503.00C,0.15,0.26,0.29,0.14,0.2195,30,509.0,True,CALL,2026-03-18,503.0,100.0,38,37.447,0.021086272,0.002593971,0.026412712,-0.087328779,0.001224058,9.181,4
US.GLD260318P503000,GLD 260318 503.00P,36.145,0.0,0.0,0.0,36.145,0,0.0,True,PUT,2026-03-18,503.0,100.0,0,38.492,-0.982903841,0.003330371,0.021085439,-0.046286379,-0.022113377,-1.305,4
US.GLD260318C504000,GLD 260318 504.00C,0.2,0.15,0.2,0.09,0.2104,13,210.0,True,CALL,2026-03-18,504.0,100.0,133,39.914,0.025736346,0.002878035,0.031228001,-0.112222151,0.001491828,9.408,4
US.GLD260318P504000,GLD 260318 504.00P,37.1408,0.0,0.0,0.0,37.1408,0,0.0,True,PUT,2026-03-18,504.0,100.0,0,39.228,-0.983183924,0.003222862,0.020794015,-0.046394293,-0.02212709,-1.306,4
US.GLD260318C505000,GLD 260318 505.00C,0.1,0.19,0.19,0.1,0.2014,17,193.0,True,CALL,2026-03-18,505.0,100.0,104,36.673,0.01495522,0.00197586,0.019712001,-0.061653607,0.000868968,9.604,4
US.GLD260318P505000,GLD 260318 505.00P,38.1367,0.0,0.0,0.0,38.1367,0,0.0,True,PUT,2026-03-18,505.0,100.0,0,39.96,-0.983452862,0.003121224,0.020513181,-0.046498885,-0.022140976,-1.307,4
US.GLD260318C506000,GLD 260318 506.00C,0.16,0.34,0.34,0.15,0.34,8,159.0,True,CALL,2026-03-18,506.0,100.0,0,39.98,0.021086847,0.002429668,0.026411437,-0.093174562,0.001222811,9.834,4
US.GLD260318P506000,GLD 260318 506.00P,0.0,0.0,0.0,0.0,0.0,0,0.0,True,PUT,2026-03-18,506.0,100.0,0,40.689,-0.983711568,0.003025005,0.020242071,-0.046599234,-0.022154806,-9.799,4
US.GLD260318C507000,GLD 260318 507.00C,0.2,0.27,0.32,0.11,0.27,12,217.0,True,CALL,2026-03-18,507.0,100.0,0,42.122,0.024557895,0.002622139,0.030025112,-0.113269247,0.001422346,10.059,4
US.GLD260318P507000,GLD 260318 507.00P,0.0,0.0,0.0,0.0,0.0,0,0.0,True,PUT,2026-03-18,507.0,100.0,0,41.415,-0.983960613,0.00293381,0.019980183,-0.046695648,-0.022168608,-10.016,4
US.GLD260318C510000,GLD 260318 510.00C,0.05,0.05,0.09,0.05,0.1561,28,177.0,True,CALL,2026-03-18,510.0,100.0,202,36.672,0.008001263,0.001146763,0.011452312,-0.033622007,0.000465359,10.678,4
US.GLD260318P510000,GLD 260318 510.00P,43.1228,0.0,0.0,0.0,43.1228,0,0.0,True,PUT,2026-03-18,510.0,100.0,0,43.574,-0.984654049,0.002686965,0.019246331,-0.046968145,-0.022210917,-1.31,4
US.GLD260318C515000,GLD 260318 515.00C,0.02,0.08,0.08,0.02,0.1109,5,32.0,True,CALL,2026-03-18,515.0,100.0,222,46.909,0.019855794,0.00196789,0.025096491,-0.103091126,0.001148308,11.756,4
US.GLD260318P515000,GLD 260318 515.00P,48.12,0.0,0.0,0.0,48.12,0,0.0,True,PUT,2026-03-18,515.0,100.0,0,47.112,-0.985659039,0.002348053,0.018170119,-0.047368408,-0.022283113,-1.31,4
US.GLD260318C520000,GLD 260318 520.00C,0.0939,0.0939,0.0,0.0,0.0939,0,0.0,True,CALL,2026-03-18,520.0,100.0,48,46.22,0.011513163,0.001250545,0.015721872,-0.060243404,0.000666803,12.857,4
US.GLD260318P520000,GLD 260318 520.00P,53.12,53.12,0.0,0.0,53.12,0,0.0,True,PUT,2026-03-18,520.0,100.0,0,50.582,-0.986513484,0.002077494,0.01724281,-0.047712894,-0.022357247,-1.31,4
US.GLD260318C525000,GLD 260318 525.00C,0.0771,0.0771,0.0,0.0,0.0771,0,0.0,True,CALL,2026-03-18,525.0,100.0,126,48.179,0.00928531,0.000994601,0.013035864,-0.050937442,0.000537598,13.939,4
US.GLD260318P525000,GLD 260318 525.00P,58.12,0.0,0.0,0.0,58.12,0,0.0,True,PUT,2026-03-18,525.0,100.0,0,53.988,-0.987249788,0.00185739,0.016434175,-0.048010912,-0.022432937,-1.31,4
US.GLD260318C530000,GLD 260318 530.00C,0.06,0.07,0.07,0.06,0.0605,7,44.0,True,CALL,2026-03-18,530.0,100.0,83,46.84,0.004637029,0.000553709,0.007062368,-0.025040332,0.000268921,15.02,4
US.GLD260318P530000,GLD 260318 530.00P,63.12,63.12,0.0,0.0,63.12,0,0.0,True,PUT,2026-03-18,530.0,100.0,0,57.335,-0.987891284,0.001675449,0.015722136,-0.048271332,-0.022510227,-1.31,4
US.GLD260318C535000,GLD 260318 535.00C,0.0482,0.0482,0.0,0.0,0.0482,0,0.0,True,CALL,2026-03-18,535.0,100.0,22,51.37,0.00571873,0.000608457,0.008506308,-0.03374937,0.000331009,16.102,4
US.GLD260318P535000,GLD 260318 535.00P,68.12,0.0,0.0,0.0,68.12,0,0.0,True,PUT,2026-03-18,535.0,100.0,0,60.625,-0.988455653,0.001522988,0.015089659,-0.048499614,-0.022588819,-1.31,4
US.GLD260318C540000,GLD 260318 540.00C,0.01,0.01,0.01,0.01,0.0359,7,7.0,True,CALL,2026-03-18,540.0,100.0,48,46.532,0.001467352,0.000197167,0.002503545,-0.007881164,8.5236e-05,17.179,4
US.GLD260318P540000,GLD 260318 540.00P,73.12,0.0,0.0,0.0,73.12,0,0.0,True,PUT,2026-03-18,540.0,100.0,0,63.863,-0.988956306,0.001393703,0.014523657,-0.048700694,-0.022668594,-1.31,4
US.GLD260318C545000,GLD 260318 545.00C,0.0237,0.0237,0.0,0.0,0.0237,0,0.0,True,CALL,2026-03-18,545.0,100.0,21,52.987,0.002898083,0.000321072,0.004633303,-0.017730048,0.000167839,18.267,4
US.GLD260318P545000,GLD 260318 545.00P,78.12,0.0,0.0,0.0,78.12,0,0.0,True,PUT,2026-03-18,545.0,100.0,0,67.051,-0.989403637,0.001282927,0.014013874,-0.048878732,-0.022749487,-1.31,4
US.GLD260318C550000,GLD 260318 550.00C,0.0125,0.0125,0.0,0.0,0.0125,0,0.0,True,CALL,2026-03-18,550.0,100.0,14,52.41,0.001619123,0.000191492,0.002735837,-0.009788396,9.3864e-05,19.349,4
US.GLD260318P550000,GLD 260318 550.00P,83.12,0.0,0.0,0.0,83.12,0,0.0,True,PUT,2026-03-18,550.0,100.0,0,70.192,-0.989806045,0.001187133,0.013551883,-0.049035675,-0.022831159,-1.31,4
US.GLD260318C555000,GLD 260318 555.00C,0.007,0.007,0.0,0.0,0.007,0,0.0,True,CALL,2026-03-18,555.0,100.0,14,52.249,0.000946314,0.000117514,0.001675369,-0.005678025,5.4899e-05,20.433,4
US.GLD260318P555000,GLD 260318 555.00P,88.12,0.0,0.0,0.0,88.12,0,0.0,True,PUT,2026-03-18,555.0,100.0,0,73.288,-0.990169982,0.001103617,0.013131198,-0.049175249,-0.02291372,-1.31,4
US.GLD260318C560000,GLD 260318 560.00C,0.0038,0.0038,0.0,0.0,0.0038,0,0.0,True,CALL,2026-03-18,560.0,100.0,14,52.052,0.000536102,6.9859e-05,0.000993396,-0.003180631,3.1122e-05,21.517,4
US.GLD260318P560000,GLD 260318 560.00P,93.12,0.0,0.0,0.0,93.12,0,0.0,True,PUT,2026-03-18,560.0,100.0,0,76.341,-0.990500983,0.001030271,0.012746142,-0.049298074,-0.022996812,-1.31,4
US.GLD260318C565000,GLD 260318 565.00C,0.01,0.01,0.01,0.01,0.0021,95,95.0,True,CALL,2026-03-18,565.0,100.0,18,91.388,0.027803823,0.001340792,0.033299797,-0.273524626,0.001576621,22.604,4
US.GLD260318P565000,GLD 260318 565.00P,98.12,0.0,0.0,0.0,98.12,0,0.0,True,PUT,2026-03-18,565.0,100.0,0,79.352,-0.990803255,0.000965436,0.01239242,-0.049407485,-0.023080634,-1.31,4
US.GLD260318C570000,GLD 260318 570.00C,0.0011,0.0011,0.0,0.0,0.0011,0,0.0,True,CALL,2026-03-18,570.0,100.0,12,51.834,0.000167394,2.3747e-05,0.000337233,-0.000967579,9.728e-06,23.687,4
US.GLD260318P570000,GLD 260318 570.00P,103.12,0.0,0.0,0.0,103.12,0,0.0,True,PUT,2026-03-18,570.0,100.0,0,82.323,-0.991080624,0.000907776,0.012066027,-0.049503259,-0.023164791,-1.31,4
US.GLD260318C575000,GLD 260318 575.00C,0.0006,0.0006,0.0,0.0,0.0006,0,0.0,True,CALL,2026-03-18,575.0,100.0,12,51.858,9.4229e-05,1.3847e-05,0.000197054,-0.000537848,5.479e-06,24.772,4
US.GLD260318P575000,GLD 260318 575.00P,108.12,0.0,0.0,0.0,108.12,0,0.0,True,PUT,2026-03-18,575.0,100.0,0,85.257,-0.991335883,0.000856224,0.011764094,-0.049588991,-0.023249646,-1.31,4
US.GLD260318C580000,GLD 260318 580.00C,0.0003,0.0003,0.0,0.0,0.0003,0,0.0,True,CALL,2026-03-18,580.0,100.0,12,51.671,4.8927e-05,7.495e-06,0.000106502,-0.00027383,2.846e-06,25.857,4
US.GLD260318P580000,GLD 260318 580.00P,113.12,0.0,0.0,0.0,113.12,0,0.0,True,PUT,2026-03-18,580.0,100.0,0,88.153,-0.991571888,0.000809901,0.01148355,-0.049662853,-0.023334598,-1.31,4
US.GLD260318C585000,GLD 260318 585.00C,0.0001,0.0001,0.0,0.0,0.0001,0,0.0,True,CALL,2026-03-18,585.0,100.0,1,50.5,1.7526e-05,2.9e-06,4.0459e-05,-9.3336e-05,1.02e-06,26.942,4
US.GLD260318P585000,GLD 260318 585.00P,118.12,0.0,0.0,0.0,118.12,0,0.0,True,PUT,2026-03-18,585.0,100.0,0,91.014,-0.991790581,0.000768089,0.011222383,-0.049728062,-0.023420007,-1.31,4
US.GLD260318C590000,GLD 260318 590.00C,0.0001,0.0001,0.0,0.0,0.0001,0,0.0,True,CALL,2026-03-18,590.0,100.0,1,52.203,1.6985e-05,2.723e-06,3.9236e-05,-9.3396e-05,9.88e-07,28.027,4
US.GLD260318P590000,GLD 260318 590.00P,123.12,0.0,0.0,0.0,123.12,0,0.0,True,PUT,2026-03-18,590.0,100.0,0,93.841,-0.991993895,0.00073019,0.010978515,-0.049784671,-0.023505694,-1.31,4
US.GLD260318C595000,GLD 260318 595.00C,0.0001,0.0,0.0,0.0,0.0001,0,0.0,True,CALL,2026-03-18,595.0,100.0,0,53.89,1.6483e-05,2.564e-06,3.8103e-05,-9.3454e-05,9.59e-07,29.112,4
US.GLD260318P595000,GLD 260318 595.00P,128.12,0.0,0.0,0.0,128.12,0,0.0,True,PUT,2026-03-18,595.0,100.0,0,96.634,-0.992183414,0.000695707,0.010750245,-0.049833501,-0.02359163,-1.31,4
US.GLD260318C600000,GLD 260318 600.00C,0.0001,0.0,0.0,0.0,0.0001,0,0.0,True,CALL,2026-03-18,600.0,100.0,0,55.559,1.6015e-05,2.42e-06,3.7047e-05,-9.3509e-05,9.31e-07,30.197,4
US.GLD260318P600000,GLD 260318 600.00P,133.12,0.0,0.0,0.0,133.12,0,0.0,True,PUT,2026-03-18,600.0,100.0,0,99.396,-0.992360513,0.00066422,0.010536092,-0.049875276,-0.023677789,-1.31,4
US.GLD260318C605000,GLD 260318 605.00C,0.0001,0.0,0.0,0.0,0.0001,0,0.0,True,CALL,2026-03-18,605.0,100.0,0,57.211,1.5578e-05,2.289e-06,3.6061e-05,-9.356e-05,9.05e-07,31.282,4
US.GLD260318P605000,GLD 260318 605.00P,138.12,0.0,0.0,0.0,138.12,0,0.0,True,PUT,2026-03-18,605.0,100.0,0,102.126,-0.992526454,0.000635371,0.010334671,-0.049909748,-0.023763998,-1.31,4
US.GLD260318C610000,GLD 260318 610.00C,0.0001,0.0,0.0,0.0,0.0001,0,0.0,True,CALL,2026-03-18,610.0,100.0,0,58.847,1.5169e-05,2.17e-06,3.5139e-05,-9.3611e-05,8.81e-07,32.366,4
US.GLD260318P610000,GLD 260318 610.00P,143.12,0.0,0.0,0.0,143.12,0,0.0,True,PUT,2026-03-18,610.0,100.0,0,104.825,-0.992682235,0.00060886,0.010144902,-0.049938011,-0.023850329,-1.31,4
US.GLD260318C615000,GLD 260318 615.00C,0.0001,0.0001,0.0,0.0,0.0001,0,0.0,True,CALL,2026-03-18,615.0,100.0,1,60.466,1.4785e-05,2.061e-06,3.4274e-05,-9.3659e-05,8.58e-07,33.451,4
US.GLD260318P615000,GLD 260318 615.00P,148.12,0.0,0.0,0.0,148.12,0,0.0,True,PUT,2026-03-18,615.0,100.0,0,107.495,-0.992828806,0.000584424,0.009965738,-0.049960118,-0.023936685,-1.31,4
US.GLD260320C135000,GLD 260320 135.00C,332.1923,332.1923,0.0,0.0,332.1923,0,0.0,True,CALL,2026-03-20,135.0,100.0,32,378.566,0.996054553,4.9617e-05,0.007290772,-0.183992339,0.024256905,1.378,6
US.GLD260320P135000,GLD 260320 135.00P,0.0001,0.0001,0.0,0.0,0.0001,0,0.0,True,PUT,2026-03-20,135.0,100.0,69,208.244,-3.384e-06,1.21e-07,9.951e-06,-8.2796e-05,2.376e-06,70.705,6
US.GLD260320C140000,GLD 260320 140.00C,327.1964,327.1964,0.0,0.0,327.1964,0,0.0,True,CALL,2026-03-20,140.0,100.0,1,0.0,0.0,0.0,0.0,0.0,0.0,1.379,6
US.GLD260320P140000,GLD 260320 140.00P,0.0001,0.0001,0.0,0.0,0.0001,0,0.0,True,PUT,2026-03-20,140.0,100.0,4,202.171,-3.484e-06,1.28e-07,1.0232e-05,-8.2729e-05,2.421e-06,69.62,6
US.GLD260320C145000,GLD 260320 145.00C,322.2005,322.2005,0.0,0.0,322.2005,0,0.0,True,CALL,2026-03-20,145.0,100.0,0,0.0,0.0,0.0,0.0,0.0,0.0,1.38,6
US.GLD260320P145000,GLD 260320 145.00P,0.0001,0.0001,0.0,0.0,0.0001,0,0.0,True,PUT,2026-03-20,145.0,100.0,5,196.314,-3.586e-06,1.35e-07,1.0518e-05,-8.2659e-05,2.468e-06,68.535,6
US.GLD260320C150000,GLD 260320 150.00C,317.2046,317.2046,0.0,0.0,317.2046,0,0.0,True,CALL,2026-03-20,150.0,100.0,1,0.0,0.0,0.0,0.0,0.0,0.0,1.38,6
US.GLD260320P150000,GLD 260320 150.00P,0.0001,0.0001,0.0,0.0,0.0001,0,0.0,True,PUT,2026-03-20,150.0,100.0,267,190.657,-3.691e-06,1.43e-07,1.0811e-05,-8.2587e-05,2.514e-06,67.45,6
US.GLD260320C155000,GLD 260320 155.00C,312.2086,312.2086,0.0,0.0,312.2086,0,0.0,True,CALL,2026-03-20,155.0,100.0,11,332.948,0.995949754,5.7754e-05,0.007463995,-0.168212045,0.027906992,1.381,6
US.GLD260320P155000,GLD 260320 155.00P,0.0001,0.0001,0.0,0.0,0.0001,0,0.0,True,PUT,2026-03-20,155.0,100.0,34,185.187,-3.797e-06,1.51e-07,1.1109e-05,-8.2514e-05,2.562e-06,66.365,6
US.GLD260320C160000,GLD 260320 160.00C,307.2127,307.2127,0.0,0.0,307.2127,0,0.0,True,CALL,2026-03-20,160.0,100.0,3,292.585,0.997976876,3.5145e-05,0.003991681,-0.084067561,0.029023266,1.382,6
US.GLD260320P160000,GLD 260320 160.00P,0.0001,0.0001,0.0,0.0,0.0001,0,0.0,True,PUT,2026-03-20,160.0,100.0,442,179.892,-3.906e-06,1.6e-07,1.1414e-05,-8.2439e-05,2.61e-06,65.28,6
US.GLD260320C165000,GLD 260320 165.00C,302.2168,302.2168,0.0,0.0,302.2168,0,0.0,True,CALL,2026-03-20,165.0,100.0,1,0.0,0.0,0.0,0.0,0.0,0.0,1.383,6
US.GLD260320P165000,GLD 260320 165.00P,0.0001,0.0001,0.0,0.0,0.0001,0,0.0,True,PUT,2026-03-20,165.0,100.0,21,174.761,-4.018e-06,1.69e-07,1.1726e-05,-8.2363e-05,2.658e-06,64.195,6
US.GLD260320C170000,GLD 260320 170.00C,297.2209,297.2209,0.0,0.0,297.2209,0,0.0,True,CALL,2026-03-20,170.0,100.0,5,308.033,0.995408047,6.9838e-05,0.008350316,-0.175751976,0.030597562,1.384,6
US.GLD260320P170000,GLD 260320 170.00P,0.0001,0.0001,0.0,0.0,0.0001,0,0.0,True,PUT,2026-03-20,170.0,100.0,430,169.784,-4.132e-06,1.79e-07,1.2045e-05,-8.2284e-05,2.708e-06,63.11,6
US.GLD260320C175000,GLD 260320 175.00C,292.2249,292.2249,0.0,0.0,292.2249,0,0.0,True,CALL,2026-03-20,175.0,100.0,4,272.334,0.997572203,4.4544e-05,0.00470893,-0.092895866,0.031725377,1.385,6
US.GLD260320P175000,GLD 260320 175.00P,0.0001,0.0001,0.0,0.0,0.0001,0,0.0,True,PUT,2026-03-20,175.0,100.0,15,164.952,-4.249e-06,1.89e-07,1.2371e-05,-8.2203e-05,2.758e-06,62.025,6
US.GLD260320C180000,GLD 260320 180.00C,282.26,282.26,282.26,282.26,287.229,1,28226.0,True,CALL,2026-03-20,180.0,100.0,7,290.657,0.995217945,7.6743e-05,0.008658063,-0.173314568,0.032408725,0.308,6
US.GLD260320P180000,GLD 260320 180.00P,0.0001,0.0001,0.0,0.0,0.0001,0,0.0,True,PUT,2026-03-20,180.0,100.0,288,160.256,-4.369e-06,2e-07,1.2707e-05,-8.2121e-05,2.809e-06,60.94,6
US.GLD260320C185000,GLD 260320 185.00C,282.2331,282.2331,0.0,0.0,282.2331,0,0.0,True,CALL,2026-03-20,185.0,100.0,34,0.0,0.0,0.0,0.0,0.0,0.0,1.387,6
US.GLD260320P185000,GLD 260320 185.00P,0.0001,0.0001,0.0,0.0,0.0001,0,0.0,True,PUT,2026-03-20,185.0,100.0,30,155.689,-4.493e-06,2.11e-07,1.305e-05,-8.2036e-05,2.861e-06,59.855,6
US.GLD260320C190000,GLD 260320 190.00C,277.2372,277.2372,0.0,0.0,277.2372,0,0.0,True,CALL,2026-03-20,190.0,100.0,7,271.383,0.995350502,8.0156e-05,0.008443722,-0.159736344,0.034251629,1.388,6
US.GLD260320P190000,GLD 260320 190.00P,0.0001,0.0001,0.0,0.0,0.0001,0,0.0,True,PUT,2026-03-20,190.0,100.0,57,151.244,-4.62e-06,2.23e-07,1.3404e-05,-8.195e-05,2.914e-06,58.77,6
US.GLD260320C195000,GLD 260320 195.00C,272.2412,272.2412,0.0,0.0,272.2412,0,0.0,True,CALL,2026-03-20,195.0,100.0,0,0.0,0.0,0.0,0.0,0.0,0.0,1.388,6
US.GLD260320P195000,GLD 260320 195.00P,0.0001,0.0001,0.0,0.0,0.0001,0,0.0,True,PUT,2026-03-20,195.0,100.0,37,146.914,-4.751e-06,2.36e-07,1.3767e-05,-8.186e-05,2.969e-06,57.685,6
US.GLD260320C200000,GLD 260320 200.00C,267.2453,267.2453,0.0,0.0,267.2453,0,0.0,True,CALL,2026-03-20,200.0,100.0,20,263.817,0.994152916,0.000101106,0.010353562,-0.19012326,0.035964243,1.389,6
US.GLD260320P200000,GLD 260320 200.00P,0.0001,0.0001,0.0,0.0,0.0001,0,0.0,True,PUT,2026-03-20,200.0,100.0,548,142.693,-4.886e-06,2.5e-07,1.414e-05,-8.1769e-05,3.024e-06,56.6,6
US.GLD260320C205000,GLD 260320 205.00C,262.2494,262.2494,0.0,0.0,262.2494,0,0.0,True,CALL,2026-03-20,205.0,100.0,1,0.0,0.0,0.0,0.0,0.0,0.0,1.39,6
US.GLD260320P205000,GLD 260320 205.00P,0.0001,0.0001,0.0,0.0,0.0001,0,0.0,True,PUT,2026-03-20,205.0,100.0,80,138.576,-5.024e-06,2.64e-07,1.4524e-05,-8.1675e-05,3.081e-06,55.516,6
US.GLD260320C210000,GLD 260320 210.00C,257.2535,257.2535,0.0,0.0,257.2535,0,0.0,True,CALL,2026-03-20,210.0,100.0,5,246.5,0.994259489,0.000106457,0.010186009,-0.176772071,0.037804958,1.391,6
US.GLD260320P210000,GLD 260320 210.00P,0.21,0.21,0.21,0.21,0.0001,1,21.0,True,PUT,2026-03-20,210.0,100.0,382,234.907,-0.004190703,8.4387e-05,0.007695648,-0.11010061,-0.000341589,54.476,6
US.GLD260320C215000,GLD 260320 215.00C,252.2575,252.2575,0.0,0.0,252.2575,0,0.0,True,CALL,2026-03-20,215.0,100.0,6,0.0,0.0,0.0,0.0,0.0,0.0,1.392,6
US.GLD260320P215000,GLD 260320 215.00P,0.0001,0.0001,0.0,0.0,0.0001,0,0.0,True,PUT,2026-03-20,215.0,100.0,7,130.633,-5.315e-06,2.95e-07,1.5329e-05,-8.148e-05,3.198e-06,53.346,6
US.GLD260320C220000,GLD 260320 220.00C,247.2616,247.2616,0.0,0.0,247.2616,0,0.0,True,CALL,2026-03-20,220.0,100.0,14,238.949,0.992920181,0.000132216,0.01226311,-0.206129184,0.039505637,1.393,6
US.GLD260320P220000,GLD 260320 220.00P,0.0001,0.0001,0.0,0.0,0.0001,0,0.0,True,PUT,2026-03-20,220.0,100.0,642,126.798,-5.468e-06,3.12e-07,1.5751e-05,-8.1379e-05,3.259e-06,52.261,6
US.GLD260320C225000,GLD 260320 225.00C,242.2657,242.2657,0.0,0.0,242.2657,0,0.0,True,CALL,2026-03-20,225.0,100.0,34,232.009,0.992765342,0.000138794,0.012499414,-0.204793863,0.040406184,1.394,6
US.GLD260320P225000,GLD 260320 225.00P,0.0001,0.0001,0.0,0.0,0.0001,0,0.0,True,PUT,2026-03-20,225.0,100.0,1675,123.048,-5.626e-06,3.31e-07,1.6187e-05,-8.1275e-05,3.322e-06,51.176,6
US.GLD260320C230000,GLD 260320 230.00C,237.2698,237.2698,0.0,0.0,237.2698,0,0.0,True,CALL,2026-03-20,230.0,100.0,40,223.215,0.992990419,0.000140296,0.012155761,-0.192970526,0.041343292,1.395,6
US.GLD260320P230000,GLD 260320 230.00P,0.0001,0.0001,0.0,0.0,0.0001,0,0.0,True,PUT,2026-03-20,230.0,100.0,6966,119.379,-5.79e-06,3.5e-07,1.6638e-05,-8.1168e-05,3.386e-06,50.091,6
US.GLD260320C235000,GLD 260320 235.00C,232.2738,232.2738,0.0,0.0,232.2738,0,0.0,True,CALL,2026-03-20,235.0,100.0,6,212.361,0.993655343,0.000135032,0.011130834,-0.170325038,0.04232201,1.395,6
US.GLD260320P235000,GLD 260320 235.00P,0.0001,0.0001,0.0,0.0,0.0001,0,0.0,True,PUT,2026-03-20,235.0,100.0,265,115.788,-5.959e-06,3.71e-07,1.7105e-05,-8.1056e-05,3.452e-06,49.006,6
US.GLD260320C240000,GLD 260320 240.00C,227.2779,227.2779,0.0,0.0,227.2779,0,0.0,True,CALL,2026-03-20,240.0,100.0,27,212.09,0.99227708,0.000160823,0.013239759,-0.200736971,0.043105823,1.396,6
US.GLD260320P240000,GLD 260320 240.00P,0.0001,0.0001,0.0,0.0,0.0001,0,0.0,True,PUT,2026-03-20,240.0,100.0,11173,112.271,-6.135e-06,3.93e-07,1.7589e-05,-8.0943e-05,3.52e-06,47.921,6
US.GLD260320C245000,GLD 260320 245.00C,222.282,222.282,0.0,0.0,222.282,0,0.0,True,CALL,2026-03-20,245.0,100.0,627,0.0,0.0,0.0,0.0,0.0,0.0,1.397,6
US.GLD260320P245000,GLD 260320 245.00P,0.0001,0.0001,0.0,0.0,0.0001,0,0.0,True,PUT,2026-03-20,245.0,100.0,572,108.825,-6.318e-06,4.17e-07,1.809e-05,-8.0825e-05,3.591e-06,46.836,6
US.GLD260320C250000,GLD 260320 250.00C,217.2861,217.2861,0.0,0.0,217.2861,0,0.0,True,CALL,2026-03-20,250.0,100.0,23,189.069,0.994196664,0.000140141,0.010285223,-0.144576757,0.045117491,1.398,6
US.GLD260320P250000,GLD 260320 250.00P,0.0001,0.0001,0.0,0.0,0.0001,0,0.0,True,PUT,2026-03-20,250.0,100.0,1115,105.448,-6.508e-06,4.42e-07,1.8612e-05,-8.0705e-05,3.663e-06,45.751,6
US.GLD260320C255000,GLD 260320 255.00C,212.2901,212.2901,0.0,0.0,212.2901,0,0.0,True,CALL,2026-03-20,255.0,100.0,55,171.64,0.996208034,0.000105612,0.007036882,-0.097318616,0.046218735,1.399,6
US.GLD260320P255000,GLD 260320 255.00P,0.0001,0.0001,0.0,0.0,0.0001,0,0.0,True,PUT,2026-03-20,255.0,100.0,872,102.135,-6.705e-06,4.7e-07,1.9153e-05,-8.0579e-05,3.738e-06,44.666,6
US.GLD260320C260000,GLD 260320 260.00C,207.2942,207.2942,0.0,0.0,207.2942,0,0.0,True,CALL,2026-03-20,260.0,100.0,182,143.777,0.99884153,4.3016e-05,0.002401568,-0.044468943,0.047372372,1.4,6
US.GLD260320P260000,GLD 260320 260.00P,0.0001,0.0001,0.0,0.0,0.0001,0,0.0,True,PUT,2026-03-20,260.0,100.0,2045,98.885,-6.911e-06,4.99e-07,1.9717e-05,-8.045e-05,3.815e-06,43.581,6
US.GLD260320C261000,GLD 260320 261.00C,206.295,206.295,0.0,0.0,206.295,0,0.0,True,CALL,2026-03-20,261.0,100.0,4,150.83,0.998100015,6.44e-05,0.003771205,-0.057984596,0.047488075,1.4,6
US.GLD260320P261000,GLD 260320 261.00P,0.0001,0.0001,0.0,0.0,0.0001,0,0.0,True,PUT,2026-03-20,261.0,100.0,128,98.243,-6.953e-06,5.05e-07,1.9833e-05,-8.0425e-05,3.831e-06,43.364,6
US.GLD260320C262000,GLD 260320 262.00C,205.2959,205.2959,0.0,0.0,205.2959,0,0.0,True,CALL,2026-03-20,262.0,100.0,3,121.771,0.999782417,1.0805e-05,0.000511394,-0.028663973,0.04782161,1.4,6
US.GLD260320P262000,GLD 260320 262.00P,0.0001,0.0001,0.0,0.0,0.0001,0,0.0,True,PUT,2026-03-20,262.0,100.0,484,97.603,-6.996e-06,5.11e-07,1.9949e-05,-8.0397e-05,3.847e-06,43.147,6
US.GLD260320C263000,GLD 260320 263.00C,204.2967,204.2967,0.0,0.0,204.2967,0,0.0,True,CALL,2026-03-20,263.0,100.0,2,0.0,0.0,0.0,0.0,0.0,0.0,1.4,6
US.GLD260320P263000,GLD 260320 263.00P,0.0001,0.0001,0.0,0.0,0.0001,0,0.0,True,PUT,2026-03-20,263.0,100.0,255,96.965,-7.039e-06,5.18e-07,2.0067e-05,-8.0372e-05,3.863e-06,42.93,6
US.GLD260320C264000,GLD 260320 264.00C,203.2975,203.2975,0.0,0.0,203.2975,0,0.0,True,CALL,2026-03-20,264.0,100.0,7,161.549,0.996138309,0.000114055,0.007152871,-0.095043961,0.047857319,1.401,6
US.GLD260320P264000,GLD 260320 264.00P,0.0001,0.0001,0.0,0.0,0.0001,0,0.0,True,PUT,2026-03-20,264.0,100.0,122,96.329,-7.082e-06,5.24e-07,2.0185e-05,-8.0344e-05,3.879e-06,42.713,6
US.GLD260320C265000,GLD 260320 265.00C,202.2983,202.2983,0.0,0.0,202.2983,0,0.0,True,CALL,2026-03-20,265.0,100.0,167,0.0,0.0,0.0,0.0,0.0,0.0,1.401,6
US.GLD260320P265000,GLD 260320 265.00P,0.0001,0.0001,0.0,0.0,0.0001,0,0.0,True,PUT,2026-03-20,265.0,100.0,3517,95.696,-7.126e-06,5.31e-07,2.0305e-05,-8.0317e-05,3.896e-06,42.496,6
US.GLD260320C266000,GLD 260320 266.00C,201.2991,201.2991,0.0,0.0,201.2991,0,0.0,True,CALL,2026-03-20,266.0,100.0,7,111.614,0.999901608,5.605e-06,0.000243333,-0.02725172,0.048562517,1.401,6
US.GLD260320P266000,GLD 260320 266.00P,0.0001,0.0001,0.0,0.0,0.0001,0,0.0,True,PUT,2026-03-20,266.0,100.0,155,95.065,-7.17e-06,5.37e-07,2.0426e-05,-8.029e-05,3.912e-06,42.279,6
US.GLD260320C267000,GLD 260320 267.00C,200.2999,200.2999,0.0,0.0,200.2999,0,0.0,True,CALL,2026-03-20,267.0,100.0,1,0.0,0.0,0.0,0.0,0.0,0.0,1.401,6
US.GLD260320P267000,GLD 260320 267.00P,0.0001,0.0001,0.0,0.0,0.0001,0,0.0,True,PUT,2026-03-20,267.0,100.0,794,94.436,-7.214e-06,5.44e-07,2.0547e-05,-8.0263e-05,3.928e-06,42.062,6
US.GLD260320C268000,GLD 260320 268.00C,199.3008,199.3008,0.0,0.0,199.3008,0,0.0,True,CALL,2026-03-20,268.0,100.0,4,0.0,0.0,0.0,0.0,0.0,0.0,1.401,6
US.GLD260320P268000,GLD 260320 268.00P,0.0001,0.0001,0.0,0.0,0.0001,0,0.0,True,PUT,2026-03-20,268.0,100.0,215,93.81,-7.259e-06,5.51e-07,2.067e-05,-8.0235e-05,3.945e-06,41.845,6
US.GLD260320C269000,GLD 260320 269.00C,198.3016,198.3016,0.0,0.0,198.3016,0,0.0,True,CALL,2026-03-20,269.0,100.0,1,0.0,0.0,0.0,0.0,0.0,0.0,1.402,6
US.GLD260320P269000,GLD 260320 269.00P,0.0001,0.0001,0.0,0.0,0.0001,0,0.0,True,PUT,2026-03-20,269.0,100.0,634,93.186,-7.304e-06,5.58e-07,2.0794e-05,-8.0208e-05,3.962e-06,41.628,6
US.GLD260320C270000,GLD 260320 270.00C,197.3024,197.3024,0.0,0.0,197.3024,0,0.0,True,CALL,2026-03-20,270.0,100.0,220,0.0,0.0,0.0,0.0,0.0,0.0,1.402,6
US.GLD260320P270000,GLD 260320 270.00P,0.0001,0.0001,0.0,0.0,0.0001,0,0.0,True,PUT,2026-03-20,270.0,100.0,2471,92.564,-7.35e-06,5.65e-07,2.0918e-05,-8.0179e-05,3.979e-06,41.411,6
US.GLD260320C271000,GLD 260320 271.00C,196.3032,196.3032,0.0,0.0,196.3032,0,0.0,True,CALL,2026-03-20,271.0,100.0,5,139.827,0.998179328,6.6825e-05,0.00362803,-0.055315983,0.049321926,1.402,6
US.GLD260320P271000,GLD 260320 271.00P,0.0001,0.0001,0.0,0.0,0.0001,0,0.0,True,PUT,2026-03-20,271.0,100.0,439,91.944,-7.396e-06,5.72e-07,2.1044e-05,-8.0152e-05,3.995e-06,41.194,6
US.GLD260320C272000,GLD 260320 272.00C,195.304,195.304,0.0,0.0,195.304,0,0.0,True,CALL,2026-03-20,272.0,100.0,63,0.0,0.0,0.0,0.0,0.0,0.0,1.402,6
US.GLD260320P272000,GLD 260320 272.00P,0.0001,0.0001,0.0,0.0,0.0001,0,0.0,True,PUT,2026-03-20,272.0,100.0,7,91.327,-7.442e-06,5.79e-07,2.1171e-05,-8.0123e-05,4.013e-06,40.977,6
US.GLD260320C273000,GLD 260320 273.00C,194.3048,194.3048,0.0,0.0,194.3048,0,0.0,True,CALL,2026-03-20,273.0,100.0,13,0.0,0.0,0.0,0.0,0.0,0.0,1.402,6
US.GLD260320P273000,GLD 260320 273.00P,0.0001,0.0001,0.0,0.0,0.0001,0,0.0,True,PUT,2026-03-20,273.0,100.0,6,90.712,-7.489e-06,5.87e-07,2.1299e-05,-8.0095e-05,4.03e-06,40.76,6
US.GLD260320C274000,GLD 260320 274.00C,193.3056,193.3056,0.0,0.0,193.3056,0,0.0,True,CALL,2026-03-20,274.0,100.0,8,0.0,0.0,0.0,0.0,0.0,0.0,1.402,6
US.GLD260320P274000,GLD 260320 274.00P,0.0001,0.0001,0.0,0.0,0.0001,0,0.0,True,PUT,2026-03-20,274.0,100.0,231,90.099,-7.536e-06,5.94e-07,2.1428e-05,-8.0065e-05,4.047e-06,40.543,6
US.GLD260320C275000,GLD 260320 275.00C,192.3065,192.3065,0.0,0.0,192.3065,0,0.0,True,CALL,2026-03-20,275.0,100.0,880,0.0,0.0,0.0,0.0,0.0,0.0,1.403,6
US.GLD260320P275000,GLD 260320 275.00P,0.0001,0.0001,0.0,0.0,0.0001,0,0.0,True,PUT,2026-03-20,275.0,100.0,860,89.488,-7.584e-06,6.02e-07,2.1559e-05,-8.0036e-05,4.065e-06,40.326,6
US.GLD260320C276000,GLD 260320 276.00C,191.3073,191.3073,0.0,0.0,191.3073,0,0.0,True,CALL,2026-03-20,276.0,100.0,79,134.455,0.998226419,6.7859e-05,0.003542699,-0.053973496,0.050239478,1.403,6
US.GLD260320P276000,GLD 260320 276.00P,0.0001,0.0001,0.0,0.0,0.0001,0,0.0,True,PUT,2026-03-20,276.0,100.0,12,88.879,-7.632e-06,6.09e-07,2.169e-05,-8.0007e-05,4.082e-06,40.109,6
US.GLD260320C277000,GLD 260320 277.00C,190.3081,190.3081,0.0,0.0,190.3081,0,0.0,True,CALL,2026-03-20,277.0,100.0,98,0.0,0.0,0.0,0.0,0.0,0.0,1.403,6
US.GLD260320P277000,GLD 260320 277.00P,0.0001,0.0001,0.0,0.0,0.0001,0,0.0,True,PUT,2026-03-20,277.0,100.0,351,88.272,-7.681e-06,6.17e-07,2.1823e-05,-7.9979e-05,4.1e-06,39.892,6
US.GLD260320C278000,GLD 260320 278.00C,189.3089,189.3089,0.0,0.0,189.3089,0,0.0,True,CALL,2026-03-20,278.0,100.0,1,0.0,0.0,0.0,0.0,0.0,0.0,1.403,6
US.GLD260320P278000,GLD 260320 278.00P,0.0001,0.0001,0.0,0.0,0.0001,0,0.0,True,PUT,2026-03-20,278.0,100.0,422,87.668,-7.73e-06,6.25e-07,2.1957e-05,-7.9949e-05,4.118e-06,39.675,6
US.GLD260320C279000,GLD 260320 279.00C,188.3097,188.3097,0.0,0.0,188.3097,0,0.0,True,CALL,2026-03-20,279.0,100.0,12,0.0,0.0,0.0,0.0,0.0,0.0,1.403,6
US.GLD260320P279000,GLD 260320 279.00P,0.0001,0.0001,0.0,0.0,0.0001,0,0.0,True,PUT,2026-03-20,279.0,100.0,691,87.065,-7.779e-06,6.33e-07,2.2092e-05,-7.9918e-05,4.136e-06,39.458,6
US.GLD260320C280000,GLD 260320 280.00C,187.3106,187.3106,0.0,0.0,187.3106,0,0.0,True,CALL,2026-03-20,280.0,100.0,481,120.394,0.999177669,3.7504e-05,0.001753795,-0.038707894,0.051055024,1.403,6
US.GLD260320P280000,GLD 260320 280.00P,0.0001,0.0001,0.0,0.0,0.0001,0,0.0,True,PUT,2026-03-20,280.0,100.0,13761,86.465,-7.829e-06,6.41e-07,2.2229e-05,-7.9889e-05,4.154e-06,39.241,6
US.GLD260320C281000,GLD 260320 281.00C,186.3114,186.3114,0.0,0.0,186.3114,0,0.0,True,CALL,2026-03-20,281.0,100.0,6,0.0,0.0,0.0,0.0,0.0,0.0,1.404,6
US.GLD260320P281000,GLD 260320 281.00P,0.0001,0.0001,0.0,0.0,0.0001,0,0.0,True,PUT,2026-03-20,281.0,100.0,82,85.866,-7.879e-06,6.5e-07,2.2366e-05,-7.9858e-05,4.172e-06,39.024,6
US.GLD260320C282000,GLD 260320 282.00C,185.3122,185.3122,0.0,0.0,185.3122,0,0.0,True,CALL,2026-03-20,282.0,100.0,2,0.0,0.0,0.0,0.0,0.0,0.0,1.404,6
US.GLD260320P282000,GLD 260320 282.00P,0.0001,0.0001,0.0,0.0,0.0001,0,0.0,True,PUT,2026-03-20,282.0,100.0,63,85.27,-7.93e-06,6.58e-07,2.2506e-05,-7.9828e-05,4.191e-06,38.807,6
US.GLD260320C283000,GLD 260320 283.00C,184.313,184.313,0.0,0.0,184.313,0,0.0,True,CALL,2026-03-20,283.0,100.0,3,127.062,0.99830184,6.902e-05,0.003405521,-0.052083596,0.05152485,1.404,6
US.GLD260320P283000,GLD 260320 283.00P,0.0001,0.0001,0.0,0.0,0.0001,0,0.0,True,PUT,2026-03-20,283.0,100.0,17,84.676,-7.982e-06,6.67e-07,2.2646e-05,-7.9797e-05,4.209e-06,38.59,6
US.GLD260320C284000,GLD 260320 284.00C,183.3138,183.3138,0.0,0.0,183.3138,0,0.0,True,CALL,2026-03-20,284.0,100.0,63,0.0,0.0,0.0,0.0,0.0,0.0,1.404,6
US.GLD260320P284000,GLD 260320 284.00P,0.0001,0.0001,0.0,0.0,0.0001,0,0.0,True,PUT,2026-03-20,284.0,100.0,600,84.083,-8.034e-06,6.76e-07,2.2788e-05,-7.9766e-05,4.228e-06,38.373,6
US.GLD260320C285000,GLD 260320 285.00C,182.3147,182.3147,0.0,0.0,182.3147,0,0.0,True,CALL,2026-03-20,285.0,100.0,198,0.0,0.0,0.0,0.0,0.0,0.0,1.404,6
US.GLD260320P285000,GLD 260320 285.00P,0.0001,0.0001,0.0,0.0,0.0001,0,0.0,True,PUT,2026-03-20,285.0,100.0,8373,83.493,-8.086e-06,6.85e-07,2.2931e-05,-7.9735e-05,4.247e-06,38.156,6
US.GLD260320C286000,GLD 260320 286.00C,181.3155,181.3155,0.0,0.0,181.3155,0,0.0,True,CALL,2026-03-20,286.0,100.0,38,146.633,0.993961828,0.000187169,0.010654047,-0.12414035,0.051680102,1.405,6
US.GLD260320P286000,GLD 260320 286.00P,0.0001,0.0001,0.0,0.0,0.0001,0,0.0,True,PUT,2026-03-20,286.0,100.0,52,82.905,-8.139e-06,6.94e-07,2.3075e-05,-7.9704e-05,4.266e-06,37.939,6
US.GLD260320C287000,GLD 260320 287.00C,180.3163,180.3163,0.0,0.0,180.3163,0,0.0,True,CALL,2026-03-20,287.0,100.0,31,0.0,0.0,0.0,0.0,0.0,0.0,1.405,6
US.GLD260320P287000,GLD 260320 287.00P,0.0001,0.0001,0.0,0.0,0.0001,0,0.0,True,PUT,2026-03-20,287.0,100.0,1041,82.318,-8.193e-06,7.03e-07,2.3221e-05,-7.9673e-05,4.285e-06,37.722,6
US.GLD260320C288000,GLD 260320 288.00C,179.3171,179.3171,0.0,0.0,179.3171,0,0.0,True,CALL,2026-03-20,288.0,100.0,55,121.865,0.998363279,6.959e-05,0.003293289,-0.050725133,0.05244361,1.405,6
US.GLD260320P288000,GLD 260320 288.00P,0.0001,0.0001,0.0,0.0,0.0001,0,0.0,True,PUT,2026-03-20,288.0,100.0,84,81.734,-8.246e-06,7.12e-07,2.3368e-05,-7.9641e-05,4.305e-06,37.505,6
US.GLD260320C289000,GLD 260320 289.00C,174.8,175.8,175.8,174.8,178.318,5,87600.0,True,CALL,2026-03-20,289.0,100.0,25,120.834,0.998376388,6.9672e-05,0.003269286,-0.050452557,0.052627431,0.642,6
US.GLD260320P289000,GLD 260320 289.00P,0.0001,0.0001,0.0,0.0,0.0001,0,0.0,True,PUT,2026-03-20,289.0,100.0,500,81.151,-8.301e-06,7.22e-07,2.3517e-05,-7.9607e-05,4.324e-06,37.288,6
US.GLD260320C290000,GLD 260320 290.00C,173.8,175.15,175.15,173.8,177.3188,2,34895.0,True,CALL,2026-03-20,290.0,100.0,867,150.441,0.991417568,0.000248755,0.014526751,-0.166110122,0.052178436,0.642,6
US.GLD260320P290000,GLD 260320 290.00P,0.0001,0.0001,0.0,0.0,0.0001,0,0.0,True,PUT,2026-03-20,290.0,100.0,12463,80.571,-8.356e-06,7.31e-07,2.3667e-05,-7.9575e-05,4.344e-06,37.071,6
US.GLD260320C291000,GLD 260320 291.00C,176.3196,176.3196,0.0,0.0,176.3196,0,0.0,True,CALL,2026-03-20,291.0,100.0,26,0.0,0.0,0.0,0.0,0.0,0.0,1.405,6
US.GLD260320P291000,GLD 260320 291.00P,0.01,0.11,0.18,0.01,0.0002,122,686.0,True,PUT,2026-03-20,291.0,100.0,70,106.636,-0.000544868,2.8933e-05,0.001200129,-0.006698701,-2.5854e-05,36.856,6
US.GLD260320C292000,GLD 260320 292.00C,175.3205,175.3205,0.0,0.0,175.3205,0,0.0,True,CALL,2026-03-20,292.0,100.0,7,0.0,0.0,0.0,0.0,0.0,0.0,1.406,6
US.GLD260320P292000,GLD 260320 292.00P,0.16,0.01,0.16,0.01,0.0002,150,240.0,True,PUT,2026-03-20,292.0,100.0,179,138.067,-0.005506662,0.000183144,0.009817878,-0.082901367,-0.000431928,36.672,6
US.GLD260320C293000,GLD 260320 293.00C,174.3213,174.3213,0.0,0.0,174.3213,0,0.0,True,CALL,2026-03-20,293.0,100.0,34,116.729,0.998431787,6.9877e-05,0.003167617,-0.049358625,0.053362965,1.406,6
US.GLD260320P293000,GLD 260320 293.00P,0.01,0.01,0.01,0.01,0.0002,60,60.0,True,PUT,2026-03-20,293.0,100.0,207,105.144,-0.000552352,2.9716e-05,0.001215394,-0.00669311,-2.6265e-05,36.422,6
US.GLD260320C294000,GLD 260320 294.00C,173.3222,173.3222,0.0,0.0,173.3222,0,0.0,True,CALL,2026-03-20,294.0,100.0,14,0.0,0.0,0.0,0.0,0.0,0.0,1.406,6
US.GLD260320P294000,GLD 260320 294.00P,0.0002,0.0002,0.0,0.0,0.0002,0,0.0,True,PUT,2026-03-20,294.0,100.0,243,81.227,-1.6661e-05,1.414e-06,4.5591e-05,-0.000158389,4.949e-06,36.203,6
US.GLD260320C295000,GLD 260320 295.00C,172.323,172.323,0.0,0.0,172.323,0,0.0,True,CALL,2026-03-20,295.0,100.0,37,0.0,0.0,0.0,0.0,0.0,0.0,1.406,6
US.GLD260320P295000,GLD 260320 295.00P,0.01,0.01,0.18,0.01,0.0003,132,386.0,True,PUT,2026-03-20,295.0,100.0,11261,103.661,-0.000559995,3.0527e-05,0.001230965,-0.006687438,-2.6686e-05,35.988,6
US.GLD260320C296000,GLD 260320 296.00C,171.3239,171.3239,0.0,0.0,171.3239,0,0.0,True,CALL,2026-03-20,296.0,100.0,11,0.0,0.0,0.0,0.0,0.0,0.0,1.406,6
US.GLD260320P296000,GLD 260320 296.00P,0.0003,0.0003,0.0,0.0,0.0003,0,0.0,True,PUT,2026-03-20,296.0,100.0,74,81.854,-2.4684e-05,2.047e-06,6.6168e-05,-0.000235773,5.169e-06,35.769,6
US.GLD260320C297000,GLD 260320 297.00C,170.3247,170.3247,0.0,0.0,170.3247,0,0.0,True,CALL,2026-03-20,297.0,100.0,11,98.928,0.999607408,2.3044e-05,0.000886124,-0.03348361,0.054197406,1.406,6
US.GLD260320P297000,GLD 260320 297.00P,0.01,0.2,0.2,0.01,0.0003,10,29.0,True,PUT,2026-03-20,297.0,100.0,271,102.187,-0.000567801,3.1365e-05,0.001246851,-0.006681679,-2.7115e-05,35.554,6
US.GLD260320C298000,GLD 260320 298.00C,169.3256,169.3256,0.0,0.0,169.3256,0,0.0,True,CALL,2026-03-20,298.0,100.0,153,111.645,0.998508171,6.9804e-05,0.003026811,-0.047982899,0.054282984,1.407,6
US.GLD260320P298000,GLD 260320 298.00P,0.09,0.01,0.1,0.01,0.0004,17,85.0,True,PUT,2026-03-20,298.0,100.0,3155,122.575,-0.0032786,0.000129743,0.006176292,-0.044649607,-0.00024277,35.355,6
US.GLD260320C299000,GLD 260320 299.00C,168.3265,168.3265,0.0,0.0,168.3265,0,0.0,True,CALL,2026-03-20,299.0,100.0,13,0.0,0.0,0.0,0.0,0.0,0.0,1.407,6
US.GLD260320P299000,GLD 260320 299.00P,0.09,0.1,0.1,0.09,0.0004,6,56.0,True,PUT,2026-03-20,299.0,100.0,122,124.673,-0.003956873,0.000151016,0.007311421,-0.054445683,-0.000298985,35.138,6
US.GLD260320C300000,GLD 260320 300.00C,161.21,163.42,163.42,161.21,167.3273,2,32463.0,True,CALL,2026-03-20,300.0,100.0,3930,0.0,0.0,0.0,0.0,0.0,0.0,0.08,6
US.GLD260320P300000,GLD 260320 300.00P,0.0005,0.0005,0.0,0.0,0.0005,0,0.0,True,PUT,2026-03-20,300.0,100.0,8017,109.747,-0.001475866,7.0282e-05,0.002997305,-0.018374671,-9.6115e-05,34.901,6
US.GLD260320C301000,GLD 260320 301.00C,166.3282,166.3282,0.0,0.0,166.3282,0,0.0,True,CALL,2026-03-20,301.0,100.0,98,115.242,0.997577931,0.000105043,0.004700583,-0.060661111,0.054748228,1.407,6
US.GLD260320P301000,GLD 260320 301.00P,0.05,0.1,0.1,0.05,0.0006,6,40.0,True,PUT,2026-03-20,301.0,100.0,2467,114.366,-0.002274731,9.9962e-05,0.004441049,-0.029207847,-0.000159911,34.695,6
US.GLD260320C302000,GLD 260320 302.00C,165.3291,165.3291,0.0,0.0,165.3291,0,0.0,True,CALL,2026-03-20,302.0,100.0,333,0.0,0.0,0.0,0.0,0.0,0.0,1.408,6
US.GLD260320P302000,GLD 260320 302.00P,0.09,0.05,0.09,0.05,0.0007,14,86.0,True,PUT,2026-03-20,302.0,100.0,359,113.546,-0.002290542,0.000101319,0.004469018,-0.029190308,-0.000161032,34.487,6
US.GLD260320C303000,GLD 260320 303.00C,164.33,164.33,0.0,0.0,164.33,0,0.0,True,CALL,2026-03-20,303.0,100.0,1519,0.0,0.0,0.0,0.0,0.0,0.0,1.408,6
US.GLD260320P303000,GLD 260320 303.00P,0.0007,0.0007,0.0,0.0,0.0007,0,0.0,True,PUT,2026-03-20,303.0,100.0,399,81.597,-5.6463e-05,4.514e-06,0.000144562,-0.000535927,4.94e-06,34.25,6
US.GLD260320C304000,GLD 260320 304.00C,163.3309,163.3309,0.0,0.0,163.3309,0,0.0,True,CALL,2026-03-20,304.0,100.0,942,0.0,0.0,0.0,0.0,0.0,0.0,1.408,6
US.GLD260320P304000,GLD 260320 304.00P,0.0008,0.0008,0.0,0.0,0.0008,0,0.0,True,PUT,2026-03-20,304.0,100.0,145,81.636,-6.4192e-05,5.095e-06,0.000163127,-0.000609373,4.741e-06,34.033,6
US.GLD260320C305000,GLD 260320 305.00C,158.19,158.18,158.19,158.18,162.3319,3,47455.0,True,CALL,2026-03-20,305.0,100.0,225,83.553,0.999899528,7.639e-06,0.000248534,-0.030755813,0.055683745,0.509,6
US.GLD260320P305000,GLD 260320 305.00P,0.0009,0.0009,0.0,0.0,0.0009,0,0.0,True,PUT,2026-03-20,305.0,100.0,2168,81.603,-7.1925e-05,5.677e-06,0.000181556,-0.000682298,4.513e-06,33.816,6
US.GLD260320C306000,GLD 260320 306.00C,161.3328,161.3328,0.0,0.0,161.3328,0,0.0,True,CALL,2026-03-20,306.0,100.0,252,79.484,0.999946035,4.471e-06,0.000138585,-0.03037849,0.055870379,1.408,6
US.GLD260320P306000,GLD 260320 306.00P,0.0011,0.0011,0.0,0.0,0.0011,0,0.0,True,PUT,2026-03-20,306.0,100.0,641,81.994,-8.681e-05,6.749e-06,0.000216663,-0.000827035,3.979e-06,33.599,6
US.GLD260320C307000,GLD 260320 307.00C,160.3337,160.3337,0.0,0.0,160.3337,0,0.0,True,CALL,2026-03-20,307.0,100.0,175,109.497,0.997626349,0.000108551,0.004615722,-0.059085716,0.055848609,1.408,6
US.GLD260320P307000,GLD 260320 307.00P,0.0012,0.0012,0.0,0.0,0.0012,0,0.0,True,PUT,2026-03-20,307.0,100.0,295,81.816,-9.4556e-05,7.331e-06,0.000234774,-0.000898647,3.691e-06,33.382,6
US.GLD260320C308000,GLD 260320 308.00C,159.3347,159.3347,0.0,0.0,159.3347,0,0.0,True,CALL,2026-03-20,308.0,100.0,568,108.55,0.997635213,0.000109127,0.004600164,-0.058822601,0.056032072,1.409,6
US.GLD260320P308000,GLD 260320 308.00P,0.0014,0.0014,0.0,0.0,0.0014,0,0.0,True,PUT,2026-03-20,308.0,100.0,209,81.988,-0.000109359,8.391e-06,0.000269103,-0.00104108,3.066e-06,33.165,6
US.GLD260320C309000,GLD 260320 309.00C,158.3357,158.3357,0.0,0.0,158.3357,0,0.0,True,CALL,2026-03-20,309.0,100.0,475,100.585,0.998708942,6.7898e-05,0.00265302,-0.044916291,0.056309781,1.409,6
US.GLD260320P309000,GLD 260320 309.00P,0.0015,0.0015,0.0,0.0,0.0015,0,0.0,True,PUT,2026-03-20,309.0,100.0,926,81.721,-0.000117177,8.984e-06,0.000287107,-0.001111609,2.736e-06,32.948,6
US.GLD260320C310000,GLD 260320 310.00C,157.3367,157.3367,0.0,0.0,157.3367,0,0.0,True,CALL,2026-03-20,310.0,100.0,824,99.584,0.998729766,6.7568e-05,0.002613922,-0.044634207,0.056494252,1.409,6
US.GLD260320P310000,GLD 260320 310.00P,0.02,0.02,0.02,0.02,0.0017,1,2.0,True,PUT,2026-03-20,310.0,100.0,25800,98.327,-0.001125696,6.1224e-05,0.002340407,-0.012605411,-6.7747e-05,32.735,6
US.GLD260320C311000,GLD 260320 311.00C,156.3377,156.3377,0.0,0.0,156.3377,0,0.0,True,CALL,2026-03-20,311.0,100.0,580,98.583,0.998751076,6.7206e-05,0.002573847,-0.044351433,0.056678764,1.409,6
US.GLD260320P311000,GLD 260320 311.00P,0.0019,0.0019,0.0,0.0,0.0019,0,0.0,True,PUT,2026-03-20,311.0,100.0,351,81.716,-0.000146815,1.1106e-05,0.000354617,-0.001391523,1.325e-06,32.514,6
US.GLD260320C312000,GLD 260320 312.00C,155.3388,155.3388,0.0,0.0,155.3388,0,0.0,True,CALL,2026-03-20,312.0,100.0,291,109.457,0.996690989,0.000146542,0.006228293,-0.070598346,0.056678856,1.41,6
US.GLD260320P312000,GLD 260320 312.00P,0.02,0.11,0.11,0.02,0.0022,8,27.0,True,PUT,2026-03-20,312.0,100.0,317,105.468,-0.002458597,0.000116295,0.004765014,-0.029006752,-0.000172938,32.301,6
US.GLD260320C313000,GLD 260320 313.00C,154.3399,154.3399,0.0,0.0,154.3399,0,0.0,True,CALL,2026-03-20,313.0,100.0,164,108.532,0.996691811,0.000147757,0.006226946,-0.070341537,0.056861642,1.41,6
US.GLD260320P313000,GLD 260320 313.00P,0.02,0.02,0.02,0.02,0.0024,11,22.0,True,PUT,2026-03-20,313.0,100.0,717,96.106,-0.001150673,6.3909e-05,0.002388009,-0.01258452,-6.9337e-05,32.084,6
US.GLD260320C314000,GLD 260320 314.00C,153.341,153.341,0.0,0.0,153.341,0,0.0,True,CALL,2026-03-20,314.0,100.0,669,107.61,0.996692744,0.000148986,0.006225412,-0.070084811,0.057044438,1.41,6
US.GLD260320P314000,GLD 260320 314.00P,0.02,0.02,0.02,0.02,0.0027,1,2.0,True,PUT,2026-03-20,314.0,100.0,1166,95.37,-0.001159196,6.4839e-05,0.002404229,-0.012577423,-6.988e-05,31.867,6
US.GLD260320C315000,GLD 260320 315.00C,148.78,148.77,148.79,148.77,152.3421,11,163659.0,True,CALL,2026-03-20,315.0,100.0,937,94.575,0.998841382,6.5404e-05,0.002403235,-0.04321377,0.057417238,0.637,6
US.GLD260320P315000,GLD 260320 315.00P,0.003,0.003,0.0,0.0,0.003,0,0.0,True,PUT,2026-03-20,315.0,100.0,7051,81.682,-0.000226659,1.6692e-05,0.000532014,-0.002142826,-3.008e-06,31.647,6
US.GLD260320C316000,GLD 260320 316.00C,151.3433,151.3433,0.0,0.0,151.3433,0,0.0,True,CALL,2026-03-20,316.0,100.0,242,93.571,0.998865315,6.4853e-05,0.0023578,-0.042927432,0.05760197,1.411,6
US.GLD260320P316000,GLD 260320 316.00P,0.0034,0.0034,0.0,0.0,0.0034,0,0.0,True,PUT,2026-03-20,316.0,100.0,268,81.75,-0.000254971,1.8617e-05,0.00059368,-0.002410757,-4.676e-06,31.43,6
US.GLD260320C317000,GLD 260320 317.00C,150.3445,150.3445,0.0,0.0,150.3445,0,0.0,True,CALL,2026-03-20,317.0,100.0,422,92.565,0.998889817,6.4259e-05,0.002311187,-0.04264036,0.057786751,1.411,6
US.GLD260320P317000,GLD 260320 317.00P,0.01,0.04,0.04,0.01,0.0038,2,5.0,True,PUT,2026-03-20,317.0,100.0,219,87.928,-0.000656268,4.1663e-05,0.001425696,-0.006618798,-3.199e-05,31.214,6
US.GLD260320C318000,GLD 260320 318.00C,149.3457,149.3457,0.0,0.0,149.3457,0,0.0,True,CALL,2026-03-20,318.0,100.0,204,0.0,0.0,0.0,0.0,0.0,0.0,1.411,6
US.GLD260320P318000,GLD 260320 318.00P,0.0042,0.0042,0.0,0.0,0.0042,0,0.0,True,PUT,2026-03-20,318.0,100.0,46,81.681,-0.000311598,2.2466e-05,0.000715482,-0.002939457,-8.127e-06,30.996,6
US.GLD260320C319000,GLD 260320 319.00C,148.347,148.347,0.0,0.0,148.347,0,0.0,True,CALL,2026-03-20,319.0,100.0,132,90.548,0.99894063,6.293e-05,0.002214191,-0.042063536,0.058156465,1.411,6
US.GLD260320P319000,GLD 260320 319.00P,0.0047,0.0047,0.0,0.0,0.0047,0,0.0,True,PUT,2026-03-20,319.0,100.0,193,81.695,-0.000346436,2.4793e-05,0.000789517,-0.003265864,-1.0325e-05,30.779,6
US.GLD260320C320000,GLD 260320 320.00C,143.4,143.4,143.4,143.4,147.3484,2,28680.0,True,CALL,2026-03-20,320.0,100.0,6531,0.0,0.0,0.0,0.0,0.0,0.0,0.555,6
US.GLD260320P320000,GLD 260320 320.00P,0.03,0.03,0.03,0.03,0.0052,10,30.0,True,PUT,2026-03-20,320.0,100.0,3227,94.393,-0.001705633,9.3227e-05,0.003420353,-0.018159611,-0.000111573,30.568,6
US.GLD260320C321000,GLD 260320 321.00C,146.3498,146.3498,0.0,0.0,146.3498,0,0.0,True,CALL,2026-03-20,321.0,100.0,304,88.52,0.998993989,6.139e-05,0.002111843,-0.041482942,0.058526393,1.412,6
US.GLD260320P321000,GLD 260320 321.00P,0.0058,0.0058,0.0,0.0,0.0058,0,0.0,True,PUT,2026-03-20,321.0,100.0,198,81.652,-0.000422559,2.9837e-05,0.000949256,-0.003974165,-1.5264e-05,30.345,6
US.GLD260320C322000,GLD 260320 322.00C,145.3512,145.3512,0.0,0.0,145.3512,0,0.0,True,CALL,2026-03-20,322.0,100.0,267,87.501,0.99902168,6.0535e-05,0.002058521,-0.04119111,0.058711442,1.412,6
US.GLD260320P322000,GLD 260320 322.00P,0.0065,0.0065,0.0,0.0,0.0065,0,0.0,True,PUT,2026-03-20,322.0,100.0,3955,81.694,-0.000470134,3.2926e-05,0.001047838,-0.004419054,-1.8437e-05,30.128,6
US.GLD260320C323000,GLD 260320 323.00C,144.3527,144.3527,0.0,0.0,144.3527,0,0.0,True,CALL,2026-03-20,323.0,100.0,84,0.0,0.0,0.0,0.0,0.0,0.0,1.413,6
US.GLD260320P323000,GLD 260320 323.00P,0.0072,0.0072,0.0,0.0,0.0072,0,0.0,True,PUT,2026-03-20,323.0,100.0,334,81.67,-0.000517708,3.6014e-05,0.001145575,-0.004859585,-2.1653e-05,29.912,6
US.GLD260320C324000,GLD 260320 324.00C,143.3543,143.3543,0.0,0.0,143.3543,0,0.0,True,CALL,2026-03-20,324.0,100.0,43,0.0,0.0,0.0,0.0,0.0,0.0,1.413,6
US.GLD260320P324000,GLD 260320 324.00P,0.0079,0.0079,0.0,0.0,0.0079,0,0.0,True,PUT,2026-03-20,324.0,100.0,62,81.59,-0.000565343,3.9111e-05,0.00124266,-0.00529599,-2.4909e-05,29.695,6
US.GLD260320C325000,GLD 260320 325.00C,142.356,142.356,0.0,0.0,142.356,0,0.0,True,CALL,2026-03-20,325.0,100.0,1801,0.0,0.0,0.0,0.0,0.0,0.0,1.413,6
US.GLD260320P325000,GLD 260320 325.00P,0.0088,0.0088,0.0,0.0,0.0088,0,0.0,True,PUT,2026-03-20,325.0,100.0,2272,81.613,-0.00062537,4.2925e-05,0.001363984,-0.005852474,-2.9079e-05,29.478,6
US.GLD260320C326000,GLD 260320 326.00C,141.3577,141.3577,0.0,0.0,141.3577,0,0.0,True,CALL,2026-03-20,326.0,100.0,237,83.376,0.9991398,5.6445e-05,0.00182938,-0.040012346,0.059452258,1.414,6
US.GLD260320P326000,GLD 260320 326.00P,0.0097,0.0097,0.0,0.0,0.0097,0,0.0,True,PUT,2026-03-20,326.0,100.0,223,81.574,-0.000685416,4.6741e-05,0.001484314,-0.006403348,-3.3293e-05,29.261,6
US.GLD260320C327000,GLD 260320 327.00C,140.3596,140.3596,0.0,0.0,140.3596,0,0.0,True,CALL,2026-03-20,327.0,100.0,465,0.0,0.0,0.0,0.0,0.0,0.0,1.414,6
US.GLD260320P327000,GLD 260320 327.00P,0.0107,0.0107,0.0,0.0,0.0107,0,0.0,True,PUT,2026-03-20,327.0,100.0,193,81.545,-0.00075159,5.0907e-05,0.001615822,-0.007009734,-3.799e-05,29.044,6
US.GLD260320C328000,GLD 260320 328.00C,139.3615,139.3615,0.0,0.0,139.3615,0,0.0,True,CALL,2026-03-20,328.0,100.0,239,94.995,0.996719957,0.000167522,0.006180106,-0.066486014,0.059604771,1.415,6
US.GLD260320P328000,GLD 260320 328.00P,0.0119,0.0119,0.0,0.0,0.0119,0,0.0,True,PUT,2026-03-20,328.0,100.0,45,81.576,-0.000829808,5.5749e-05,0.001769899,-0.007730541,-4.3609e-05,28.828,6
US.GLD260320C329000,GLD 260320 329.00C,138.3635,138.3635,0.0,0.0,138.3635,0,0.0,True,CALL,2026-03-20,329.0,100.0,422,80.206,0.999237008,5.2544e-05,0.001638567,-0.039114205,0.060008596,1.415,6
US.GLD260320P329000,GLD 260320 329.00P,0.0131,0.0131,0.0,0.0,0.0131,0,0.0,True,PUT,2026-03-20,329.0,100.0,387,81.546,-0.000908029,6.059e-05,0.00192263,-0.008443621,-4.9274e-05,28.611,6
US.GLD260320C330000,GLD 260320 330.00C,132.0,132.0,132.0,132.0,137.3656,1,13200.0,True,CALL,2026-03-20,330.0,100.0,10206,79.129,0.999271264,5.1052e-05,0.001570798,-0.038811596,0.060194198,0.251,6
US.GLD260320P330000,GLD 260320 330.00P,0.05,0.05,0.05,0.05,0.0143,10,50.0,True,PUT,2026-03-20,330.0,100.0,12245,92.378,-0.003045797,0.000161089,0.005781626,-0.031198361,-0.000216774,28.402,6
US.GLD260320C331000,GLD 260320 331.00C,136.3678,136.3678,0.0,0.0,136.3678,0,0.0,True,CALL,2026-03-20,331.0,100.0,258,101.185,0.993677908,0.000282504,0.011098275,-0.101226329,0.059883034,1.416,6
US.GLD260320P331000,GLD 260320 331.00P,0.0158,0.0158,0.0,0.0,0.0158,0,0.0,True,PUT,2026-03-20,331.0,100.0,264,81.469,-0.001082398,7.1266e-05,0.00225875,-0.010024117,-6.2065e-05,28.177,6
US.GLD260320C332000,GLD 260320 332.00C,135.3703,135.3703,0.0,0.0,135.3703,0,0.0,True,CALL,2026-03-20,332.0,100.0,83,76.931,0.999342834,4.7735e-05,0.001428242,-0.038200914,0.06056566,1.416,6
US.GLD260320P332000,GLD 260320 332.00P,0.0174,0.0174,0.0,0.0,0.0174,0,0.0,True,PUT,2026-03-20,332.0,100.0,272,81.458,-0.001184256,7.7402e-05,0.002452598,-0.01094699,-6.9629e-05,27.961,6
US.GLD260320C333000,GLD 260320 333.00C,134.3729,134.3729,0.0,0.0,134.3729,0,0.0,True,CALL,2026-03-20,333.0,100.0,40,90.618,0.996737074,0.000174788,0.006151446,-0.065198192,0.060519798,1.417,6
US.GLD260320P333000,GLD 260320 333.00P,0.0192,0.0192,0.0,0.0,0.0192,0,0.0,True,PUT,2026-03-20,333.0,100.0,270,81.468,-0.001297653,8.415e-05,0.002666466,-0.01197441,-7.8117e-05,27.744,6
US.GLD260320C334000,GLD 260320 334.00C,133.3756,133.3756,0.0,0.0,133.3756,0,0.0,True,CALL,2026-03-20,334.0,100.0,107,84.78,0.997967795,0.000121789,0.004011339,-0.051917,0.060810728,1.418,6
US.GLD260320P334000,GLD 260320 334.00P,0.0211,0.0211,0.0,0.0,0.0211,0,0.0,True,PUT,2026-03-20,334.0,100.0,853,81.456,-0.001416778,9.12e-05,0.002889109,-0.013046987,-8.7092e-05,27.528,6
US.GLD260320C335000,GLD 260320 335.00C,130.51,130.51,130.51,130.51,132.3784,2,26102.0,True,CALL,2026-03-20,335.0,100.0,1650,83.894,0.997985496,0.000122101,0.00397971,-0.051648289,0.060994936,1.013,6
US.GLD260320P335000,GLD 260320 335.00P,0.0231,0.0231,0.0,0.0,0.0231,0,0.0,True,PUT,2026-03-20,335.0,100.0,961,81.421,-0.00154164,9.8553e-05,0.003120419,-0.014163724,-9.6555e-05,27.311,6
US.GLD260320C336000,GLD 260320 336.00C,129.29,129.29,129.29,129.29,131.3813,1,12929.0,True,CALL,2026-03-20,336.0,100.0,262,0.0,0.0,0.0,0.0,0.0,0.0,0.965,6
US.GLD260320P336000,GLD 260320 336.00P,0.0252,0.0252,0.0,0.0,0.0252,0,0.0,True,PUT,2026-03-20,336.0,100.0,32,81.366,-0.001672259,0.00010621,0.003360309,-0.015323686,-0.000106507,27.095,6
US.GLD260320C337000,GLD 260320 337.00C,130.3842,130.3842,0.0,0.0,130.3842,0,0.0,True,CALL,2026-03-20,337.0,100.0,111,90.709,0.99560529,0.000228044,0.008032814,-0.076478948,0.061150786,1.42,6
US.GLD260320P337000,GLD 260320 337.00P,0.0272,0.0272,0.0,0.0,0.0272,0,0.0,True,PUT,2026-03-20,337.0,100.0,121,81.235,-0.001797607,0.000113618,0.003588659,-0.016416128,-0.000116088,26.878,6
US.GLD260320C338000,GLD 260320 338.00C,129.3871,129.3871,0.0,0.0,129.3871,0,0.0,True,CALL,2026-03-20,338.0,100.0,156,0.0,0.0,0.0,0.0,0.0,0.0,1.42,6
US.GLD260320P338000,GLD 260320 338.00P,0.2,0.2,0.2,0.2,0.0293,2,40.0,True,PUT,2026-03-20,338.0,100.0,707,100.288,-0.009133451,0.000394003,0.015342445,-0.096748887,-0.000719605,26.699,6
US.GLD260320C339000,GLD 260320 339.00C,128.39,128.39,0.0,0.0,128.39,0,0.0,True,CALL,2026-03-20,339.0,100.0,101,80.368,0.99806108,0.000123106,0.003844303,-0.050569636,0.06173217,1.421,6
US.GLD260320P339000,GLD 260320 339.00P,0.15,0.15,0.15,0.15,0.0314,1,15.0,True,PUT,2026-03-20,339.0,100.0,206,95.876,-0.007346875,0.000340384,0.01267292,-0.075263367,-0.000568773,26.471,6
US.GLD260320C340000,GLD 260320 340.00C,127.3929,127.3929,0.0,0.0,127.3929,0,0.0,True,CALL,2026-03-20,340.0,100.0,7879,66.93,0.99968131,2.8059e-05,0.000731537,-0.035653891,0.062055902,1.421,6
US.GLD260320P340000,GLD 260320 340.00P,0.06,0.06,0.06,0.06,0.0335,2,12.0,True,PUT,2026-03-20,340.0,100.0,12128,85.601,-0.003546493,0.000199341,0.006629841,-0.033447855,-0.000254783,26.234,6
US.GLD260320C341000,GLD 260320 341.00C,126.3958,126.3958,0.0,0.0,126.3958,0,0.0,True,CALL,2026-03-20,341.0,100.0,123,65.362,0.999731669,2.4481e-05,0.000623561,-0.035317526,0.06224286,1.422,6
US.GLD260320P341000,GLD 260320 341.00P,0.0356,0.0356,0.0,0.0,0.0356,0,0.0,True,PUT,2026-03-20,341.0,100.0,283,80.463,-0.002326446,0.000144973,0.004534395,-0.020893991,-0.000156855,26.012,6
US.GLD260320C342000,GLD 260320 342.00C,123.0,123.0,123.0,123.0,125.3987,1,12300.0,True,CALL,2026-03-20,342.0,100.0,276,0.0,0.0,0.0,0.0,0.0,0.0,0.902,6
US.GLD260320P342000,GLD 260320 342.00P,0.12,0.12,0.12,0.12,0.0377,1,12.0,True,PUT,2026-03-20,342.0,100.0,580,90.915,-0.006308569,0.000313743,0.011077808,-0.061713897,-0.000480855,25.813,6
US.GLD260320C343000,GLD 260320 343.00C,124.4017,124.4017,0.0,0.0,124.4017,0,0.0,True,CALL,2026-03-20,343.0,100.0,64,61.555,0.99984105,1.594e-05,0.000382915,-0.034622968,0.062617506,1.423,6
US.GLD260320P343000,GLD 260320 343.00P,0.0398,0.0398,0.0,0.0,0.0398,0,0.0,True,PUT,2026-03-20,343.0,100.0,124,79.907,-0.002595461,0.000161175,0.005005905,-0.023071039,-0.000177736,25.579,6
US.GLD260320C344000,GLD 260320 344.00C,123.4046,123.4046,0.0,0.0,123.4046,0,0.0,True,CALL,2026-03-20,344.0,100.0,53,81.211,0.996791898,0.000192086,0.006059364,-0.062360018,0.062534304,1.424,6
US.GLD260320P344000,GLD 260320 344.00P,0.11,0.21,0.21,0.11,0.0419,3,43.0,True,PUT,2026-03-20,344.0,100.0,248,88.402,-0.005984746,0.000307937,0.010572926,-0.057051656,-0.000453182,25.377,6
US.GLD260320C345000,GLD 260320 345.00C,115.65,119.5,119.5,115.65,122.4075,5,58280.0,True,CALL,2026-03-20,345.0,100.0,3558,75.12,0.998190226,0.000123708,0.003611583,-0.048940854,0.062839349,-0.041,6
US.GLD260320P345000,GLD 260320 345.00P,0.09,0.11,0.11,0.09,0.0441,12,112.0,True,PUT,2026-03-20,345.0,100.0,4717,85.6,-0.005138809,0.00027774,0.009235004,-0.047747366,-0.000383077,25.156,6
US.GLD260320C346000,GLD 260320 346.00C,121.4104,121.4104,0.0,0.0,121.4104,0,0.0,True,CALL,2026-03-20,346.0,100.0,156,0.0,0.0,0.0,0.0,0.0,0.0,1.425,6
US.GLD260320P346000,GLD 260320 346.00P,0.0462,0.0462,0.0,0.0,0.0462,0,0.0,True,PUT,2026-03-20,346.0,100.0,688,78.934,-0.00301212,0.000186626,0.005725256,-0.026318359,-0.000210218,24.929,6
US.GLD260320C347000,GLD 260320 347.00C,114.64,114.64,114.64,114.64,120.4134,1,11464.0,True,CALL,2026-03-20,347.0,100.0,142,78.695,0.996811637,0.000197129,0.006026135,-0.061584633,0.063084118,0.173,6
US.GLD260320P347000,GLD 260320 347.00P,0.08,0.2,0.2,0.08,0.0483,10,118.0,True,PUT,2026-03-20,347.0,100.0,1912,82.947,-0.004754143,0.000267418,0.008617043,-0.042931022,-0.00035085,24.72,6
US.GLD260320C348000,GLD 260320 348.00C,119.4163,119.4163,0.0,0.0,119.4163,0,0.0,True,CALL,2026-03-20,348.0,100.0,238,77.862,0.996818737,0.000198839,0.006014174,-0.061326007,0.063267433,1.426,6
US.GLD260320P348000,GLD 260320 348.00P,0.22,0.2,0.22,0.2,0.0504,2,42.0,True,PUT,2026-03-20,348.0,100.0,85,93.053,-0.010675946,0.000486628,0.0175821,-0.103822106,-0.000843515,24.533,6
US.GLD260320C349000,GLD 260320 349.00C,118.4192,118.4192,0.0,0.0,118.4192,0,0.0,True,CALL,2026-03-20,349.0,100.0,388,77.03,0.996826099,0.000200567,0.006001767,-0.061067388,0.06345077,1.427,6
US.GLD260320P349000,GLD 260320 349.00P,0.0525,0.0525,0.0,0.0,0.0525,0,0.0,True,PUT,2026-03-20,349.0,100.0,251,77.793,-0.003434538,0.000213104,0.006442489,-0.029435651,-0.000243257,24.28,6
US.GLD260320C350000,GLD 260320 350.00C,114.05,113.94,114.05,113.94,117.4221,8,91198.0,True,CALL,2026-03-20,350.0,100.0,9657,97.459,0.984620003,0.000637257,0.02410886,-0.186934365,0.062550743,0.696,6
US.GLD260320P350000,GLD 260320 350.00P,0.08,0.2,0.2,0.08,0.0546,5,64.0,True,PUT,2026-03-20,350.0,100.0,3446,80.675,-0.004880214,0.000281439,0.008820631,-0.042799176,-0.000360065,24.069,6
US.GLD260320C351000,GLD 260320 351.00C,116.4251,116.4251,0.0,0.0,116.4251,0,0.0,True,CALL,2026-03-20,351.0,100.0,237,75.374,0.996841689,0.000204068,0.00597548,-0.060549704,0.063817518,1.428,6
US.GLD260320P351000,GLD 260320 351.00P,0.0567,0.0567,0.0,0.0,0.0567,0,0.0,True,PUT,2026-03-20,351.0,100.0,168,76.964,-0.003723243,0.000231589,0.006926412,-0.031472706,-0.000265886,23.846,6
US.GLD260320C352000,GLD 260320 352.00C,115.428,115.428,0.0,0.0,115.428,0,0.0,True,CALL,2026-03-20,352.0,100.0,212,74.549,0.996849896,0.000205843,0.005961634,-0.060290973,0.064000926,1.429,6
US.GLD260320P352000,GLD 260320 352.00P,0.13,0.23,0.23,0.13,0.0589,4,62.0,True,PUT,2026-03-20,352.0,100.0,357,83.823,-0.007321853,0.000388142,0.012635885,-0.065470858,-0.000560247,23.645,6
US.GLD260320C353000,GLD 260320 353.00C,114.4309,114.4309,0.0,0.0,114.4309,0,0.0,True,CALL,2026-03-20,353.0,100.0,195,68.172,0.998398057,0.000121989,0.003233217,-0.046743057,0.064318589,1.429,6
US.GLD260320P353000,GLD 260320 353.00P,0.24,0.24,0.24,0.24,0.061,1,24.0,True,PUT,2026-03-20,353.0,100.0,821,77.851,-0.004757864,0.000285114,0.008623656,-0.040291345,-0.000348989,23.452,6
US.GLD260320C354000,GLD 260320 354.00C,113.4339,113.4339,0.0,0.0,113.4339,0,0.0,True,CALL,2026-03-20,354.0,100.0,52,67.304,0.998427419,0.000121496,0.003179353,-0.04646572,0.064503779,1.43,6
US.GLD260320P354000,GLD 260320 354.00P,0.0631,0.0631,0.0,0.0,0.0631,0,0.0,True,PUT,2026-03-20,354.0,100.0,192,80.154,-0.00629021,0.000354927,0.011050332,-0.054169729,-0.000474026,23.197,6
US.GLD260320C355000,GLD 260320 355.00C,112.4368,112.4368,0.0,0.0,112.4368,0,0.0,True,CALL,2026-03-20,355.0,100.0,2036,66.437,0.998457623,0.000120925,0.003123834,-0.046187738,0.06468904,1.431,6
US.GLD260320P355000,GLD 260320 355.00P,0.06,0.06,0.06,0.06,0.0652,3,18.0,True,PUT,2026-03-20,355.0,100.0,6565,74.51,-0.004042975,0.000257545,0.007457106,-0.032968773,-0.000290373,22.979,6
US.GLD260320C356000,GLD 260320 356.00C,111.4397,111.4397,0.0,0.0,111.4397,0,0.0,True,CALL,2026-03-20,356.0,100.0,95,74.828,0.995475842,0.000283705,0.00824565,-0.071624714,0.064611512,1.431,6
US.GLD260320P356000,GLD 260320 356.00P,0.0673,0.0673,0.0,0.0,0.0673,0,0.0,True,PUT,2026-03-20,356.0,100.0,248,78.168,-0.006160612,0.000357294,0.010848804,-0.051775008,-0.000462454,22.764,6
US.GLD260320C357000,GLD 260320 357.00C,112.6,112.6,112.6,112.6,110.4426,1,11260.0,True,CALL,2026-03-20,357.0,100.0,166,76.711,0.994159072,0.00034739,0.010349089,-0.083119494,0.06467877,1.9,6
US.GLD260320P357000,GLD 260320 357.00P,0.0695,0.0695,0.0,0.0,0.0695,0,0.0,True,PUT,2026-03-20,357.0,100.0,741,78.712,-0.0069492,0.000394717,0.012067593,-0.058462186,-0.000526877,22.547,6
US.GLD260320C358000,GLD 260320 358.00C,109.4456,109.4456,0.0,0.0,109.4456,0,0.0,True,CALL,2026-03-20,358.0,100.0,244,69.646,0.996905945,0.000216799,0.00586694,-0.058735655,0.065101949,1.433,6
US.GLD260320P358000,GLD 260320 358.00P,0.07,0.25,0.25,0.07,0.0716,5,65.0,True,PUT,2026-03-20,358.0,100.0,325,76.186,-0.006023047,0.000359319,0.010634232,-0.049373741,-0.000450255,22.33,6
US.GLD260320C359000,GLD 260320 359.00C,108.4485,108.4485,0.0,0.0,108.4485,0,0.0,True,CALL,2026-03-20,359.0,100.0,384,92.126,0.98095584,0.000809209,0.028938501,-0.210669714,0.063872918,1.433,6
US.GLD260320P359000,GLD 260320 359.00P,0.01,0.22,0.22,0.01,0.0737,48,309.0,True,PUT,2026-03-20,359.0,100.0,821,72.84,-0.004755514,0.000304581,0.008620584,-0.037650266,-0.000346532,22.1,6
US.GLD260320C360000,GLD 260320 360.00C,106.78,106.78,106.78,106.78,107.4515,1,10678.0,True,CALL,2026-03-20,360.0,100.0,5426,91.22,0.980807616,0.000822656,0.029129902,-0.210254062,0.064043153,1.288,6
US.GLD260320P360000,GLD 260320 360.00P,0.06,0.05,0.08,0.05,0.0758,50,264.0,True,PUT,2026-03-20,360.0,100.0,6062,69.52,-0.003651325,0.000251921,0.006807478,-0.027866422,-0.000257277,21.894,6
US.GLD260320C361000,GLD 260320 361.00C,106.4544,106.4544,0.0,0.0,106.4544,0,0.0,True,CALL,2026-03-20,361.0,100.0,25,0.0,0.0,0.0,0.0,0.0,0.0,1.435,6
US.GLD260320P361000,GLD 260320 361.00P,0.12,0.11,0.12,0.09,0.078,18,202.0,True,PUT,2026-03-20,361.0,100.0,142,74.38,-0.006454045,0.000391276,0.011305349,-0.051464344,-0.000484157,21.69,6
US.GLD260320C362000,GLD 260320 362.00C,105.4573,105.4573,0.0,0.0,105.4573,0,0.0,True,CALL,2026-03-20,362.0,100.0,153,89.413,0.980503973,0.000850552,0.029521084,-0.209415442,0.064383016,1.435,6
US.GLD260320P362000,GLD 260320 362.00P,0.07,0.05,0.08,0.05,0.0801,92,558.0,True,PUT,2026-03-20,362.0,100.0,486,77.411,-0.00897746,0.000502757,0.015114738,-0.073227457,-0.000691881,21.462,6
US.GLD260320C363000,GLD 260320 363.00C,104.4603,104.4603,0.0,0.0,104.4603,0,0.0,True,CALL,2026-03-20,363.0,100.0,121,69.192,0.995429228,0.000309634,0.008322434,-0.069834972,0.065886606,1.436,6
US.GLD260320P363000,GLD 260320 363.00P,0.09,0.09,0.09,0.09,0.0822,1,9.0,True,PUT,2026-03-20,363.0,100.0,186,78.763,-0.010672047,0.000574708,0.017577767,-0.087660318,-0.000832301,21.25,6
US.GLD260320C364000,GLD 260320 364.00C,103.4632,103.4632,0.0,0.0,103.4632,0,0.0,True,CALL,2026-03-20,364.0,100.0,41,68.396,0.995422619,0.000313641,0.008333335,-0.069579265,0.066068767,1.437,6
US.GLD260320P364000,GLD 260320 364.00P,0.0843,0.0843,0.0,0.0,0.0843,0,0.0,True,PUT,2026-03-20,364.0,100.0,231,72.549,-0.006905537,0.000425856,0.012001536,-0.053511039,-0.000519652,21.032,6
US.GLD260320C365000,GLD 260320 365.00C,101.8,101.8,101.8,101.8,102.4661,3,30540.0,True,CALL,2026-03-20,365.0,100.0,1386,64.021,0.996988017,0.000230207,0.005727876,-0.056916717,0.066387881,1.293,6
US.GLD260320P365000,GLD 260320 365.00P,0.0865,0.0865,0.0,0.0,0.0865,0,0.0,True,PUT,2026-03-20,365.0,100.0,1667,68.479,-0.00503905,0.000341134,0.009077663,-0.037386162,-0.000367049,20.815,6
US.GLD260320C366000,GLD 260320 366.00C,101.4691,101.4691,0.0,0.0,101.4691,0,0.0,True,CALL,2026-03-20,366.0,100.0,192,71.588,0.992607535,0.00045846,0.0127454,-0.092025228,0.066187994,1.438,6
US.GLD260320P366000,GLD 260320 366.00P,0.07,0.07,0.07,0.07,0.0886,29,203.0,True,PUT,2026-03-20,366.0,100.0,123,68.29,-0.00538036,0.000362626,0.009622429,-0.039691247,-0.00039425,20.595,6
US.GLD260320C367000,GLD 260320 367.00C,100.472,100.472,0.0,0.0,100.472,0,0.0,True,CALL,2026-03-20,367.0,100.0,507,70.783,0.992568637,0.000465822,0.012804603,-0.091759734,0.066367436,1.439,6
US.GLD260320P367000,GLD 260320 367.00P,0.1,0.1,0.1,0.1,0.0907,60,600.0,True,PUT,2026-03-20,367.0,100.0,532,66.48,-0.004841794,0.000339097,0.00876099,-0.034923085,-0.000350272,20.384,6
US.GLD260320C368000,GLD 260320 368.00C,98.85,98.85,98.85,98.85,99.475,20,197700.0,True,CALL,2026-03-20,368.0,100.0,114,65.233,0.995396322,0.000330534,0.008376745,-0.068556269,0.066797421,1.304,6
US.GLD260320P368000,GLD 260320 368.00P,0.08,0.25,0.25,0.08,0.0929,5,78.0,True,PUT,2026-03-20,368.0,100.0,175,69.139,-0.006910037,0.000447107,0.012009038,-0.050999026,-0.000517856,20.163,6
US.GLD260320C369000,GLD 260320 369.00C,97.56,97.67,97.67,97.56,98.4779,2,19523.0,True,CALL,2026-03-20,369.0,100.0,246,70.979,0.991168532,0.000540632,0.014900853,-0.102044475,0.066610393,1.241,6
US.GLD260320P369000,GLD 260320 369.00P,0.25,0.25,0.25,0.25,0.095,1,25.0,True,PUT,2026-03-20,369.0,100.0,356,67.976,-0.00670078,0.000442565,0.011687608,-0.048689147,-0.000500208,19.983,6
US.GLD260320C370000,GLD 260320 370.00C,90.69,98.31,98.31,90.69,97.4809,18,170644.0,True,CALL,2026-03-20,370.0,100.0,3459,68.381,0.992448178,0.000489063,0.012987668,-0.090960875,0.066905443,-0.032,6
US.GLD260320P370000,GLD 260320 370.00P,0.09,0.15,0.15,0.05,0.0971,296,2391.0,True,PUT,2026-03-20,370.0,100.0,22565,66.356,-0.00619421,0.000422894,0.01090316,-0.044095019,-0.0004584,19.731,6
US.GLD260320C371000,GLD 260320 371.00C,96.4838,96.4838,0.0,0.0,96.4838,0,0.0,True,CALL,2026-03-20,371.0,100.0,174,65.488,0.993837793,0.000426701,0.010854125,-0.079498174,0.067209754,1.441,6
US.GLD260320P371000,GLD 260320 371.00P,0.1,0.15,0.15,0.1,0.0993,6,79.0,True,PUT,2026-03-20,371.0,100.0,1010,71.867,-0.011052967,0.000649362,0.018123284,-0.082564027,-0.000857735,19.516,6
US.GLD260320C372000,GLD 260320 372.00C,95.4868,95.4868,0.0,0.0,95.4868,0,0.0,True,CALL,2026-03-20,372.0,100.0,187,68.561,0.990998994,0.000569098,0.015151555,-0.101214251,0.067144267,1.442,6
US.GLD260320P372000,GLD 260320 372.00P,0.16,0.16,0.16,0.16,0.1014,2,32.0,True,PUT,2026-03-20,372.0,100.0,345,69.945,-0.010161414,0.000620063,0.016843891,-0.074245107,-0.000782973,19.312,6
US.GLD260320C373000,GLD 260320 373.00C,94.4897,94.4897,0.0,0.0,94.4897,0,0.0,True,CALL,2026-03-20,373.0,100.0,66,78.804,0.979613952,0.001002307,0.030661228,-0.195963193,0.066322519,1.442,6
US.GLD260320P373000,GLD 260320 373.00P,0.1036,0.1036,0.0,0.0,0.1036,0,0.0,True,PUT,2026-03-20,373.0,100.0,397,65.829,-0.007560588,0.000508368,0.013000797,-0.052849721,-0.000568161,19.083,6
US.GLD260320C374000,GLD 260320 374.00C,93.4927,93.4927,0.0,0.0,93.4927,0,0.0,True,CALL,2026-03-20,374.0,100.0,104,68.495,0.989551975,0.000648896,0.017258283,-0.111092682,0.067383273,1.443,6
US.GLD260320P374000,GLD 260320 374.00P,0.1057,0.1057,0.0,0.0,0.1057,0,0.0,True,PUT,2026-03-20,374.0,100.0,207,66.856,-0.009041465,0.000585737,0.015210746,-0.063558264,-0.000689025,18.866,6
US.GLD260320C375000,GLD 260320 375.00C,86.45,92.8,92.8,86.45,92.4956,366,3168750.0,True,CALL,2026-03-20,375.0,100.0,5305,67.687,0.989476172,0.000660788,0.017367461,-0.110801722,0.067559607,0.132,6
US.GLD260320P375000,GLD 260320 375.00P,0.12,0.1,0.18,0.03,0.1078,49,515.0,True,PUT,2026-03-20,375.0,100.0,6683,69.769,-0.012519726,0.000745289,0.020192345,-0.090007233,-0.000976219,18.652,6
US.GLD260320C376000,GLD 260320 376.00C,91.4986,91.4986,0.0,0.0,91.4986,0,0.0,True,CALL,2026-03-20,376.0,100.0,113,63.632,0.992187678,0.000541492,0.013382159,-0.089357483,0.067979808,1.444,6
US.GLD260320P376000,GLD 260320 376.00P,0.11,0.11,0.0,0.0,0.11,0,0.0,True,PUT,2026-03-20,376.0,100.0,193,70.385,-0.014116691,0.000819505,0.022397605,-0.101526577,-0.001108394,18.433,6
US.GLD260320C377000,GLD 260320 377.00C,89.61,89.61,89.61,89.61,90.5015,1,8961.0,True,CALL,2026-03-20,377.0,100.0,353,78.25,0.974927685,0.001201755,0.036502513,-0.227933485,0.066640465,1.252,6
US.GLD260320P377000,GLD 260320 377.00P,0.13,0.26,0.26,0.06,0.1121,103,1300.0,True,PUT,2026-03-20,377.0,100.0,766,67.187,-0.011763646,0.000733229,0.019131859,-0.081751725,-0.000911546,18.221,6
US.GLD260320C378000,GLD 260320 378.00C,89.5045,89.5045,0.0,0.0,89.5045,0,0.0,True,CALL,2026-03-20,378.0,100.0,114,63.778,0.990630493,0.000633648,0.015694011,-0.099542747,0.068209536,1.446,6
US.GLD260320P378000,GLD 260320 378.00P,0.12,0.06,0.13,0.06,0.1143,364,2733.0,True,PUT,2026-03-20,378.0,100.0,4219,67.41,-0.012923555,0.000792843,0.020754834,-0.089537312,-0.001006907,18.001,6
US.GLD260320C379000,GLD 260320 379.00C,88.5075,88.5075,0.0,0.0,88.5075,0,0.0,True,CALL,2026-03-20,379.0,100.0,231,65.808,0.987812071,0.000772137,0.019729837,-0.119713055,0.068145766,1.446,6
US.GLD260320P379000,GLD 260320 379.00P,0.1164,0.1164,0.0,0.0,0.1164,0,0.0,True,PUT,2026-03-20,379.0,100.0,1370,67.325,-0.013826488,0.000841529,0.022000736,-0.095212568,-0.00108101,17.784,6
US.GLD260320C380000,GLD 260320 380.00C,81.46,89.09,89.09,81.46,87.5104,20,168731.0,True,CALL,2026-03-20,380.0,100.0,24779,60.504,0.991997397,0.000581662,0.013669134,-0.088283013,0.068694652,0.134,6
US.GLD260320P380000,GLD 260320 380.00P,0.12,0.11,0.12,0.11,0.1186,52,603.0,True,PUT,2026-03-20,380.0,100.0,33242,62.029,-0.00935462,0.000650402,0.015671735,-0.060839016,-0.000710282,17.567,6
US.GLD260320C381000,GLD 260320 381.00C,86.5134,86.5134,0.0,0.0,86.5134,0,0.0,True,CALL,2026-03-20,381.0,100.0,319,59.727,0.991947437,0.000592459,0.01374432,-0.088013923,0.068873161,1.448,6
US.GLD260320P381000,GLD 260320 381.00P,0.09,0.22,0.22,0.09,0.1208,12,160.0,True,PUT,2026-03-20,381.0,100.0,143,64.826,-0.013089309,0.000833571,0.020985129,-0.08709358,-0.001017636,17.344,6
US.GLD260320C382000,GLD 260320 382.00C,87.77,87.79,87.79,87.77,85.5164,2,17556.0,True,CALL,2026-03-20,382.0,100.0,131,62.086,0.988901667,0.000754517,0.018190861,-0.108745789,0.068790245,1.937,6
US.GLD260320P382000,GLD 260320 382.00P,0.09,0.13,0.14,0.09,0.123,11,126.0,True,PUT,2026-03-20,382.0,100.0,625,62.283,-0.011312702,0.000764542,0.018494641,-0.073006317,-0.000869671,17.127,6
US.GLD260320C383000,GLD 260320 383.00C,84.5194,84.5194,0.0,0.0,84.5194,0,0.0,True,CALL,2026-03-20,383.0,100.0,202,61.293,0.988812682,0.000769607,0.018317768,-0.108448908,0.068965468,1.449,6
US.GLD260320P383000,GLD 260320 383.00P,0.09,0.21,0.21,0.09,0.1251,12,168.0,True,PUT,2026-03-20,383.0,100.0,288,63.036,-0.013114109,0.000858647,0.02101983,-0.084810726,-0.001017608,16.91,6
US.GLD260320C384000,GLD 260320 384.00C,83.5224,83.5224,0.0,0.0,83.5224,0,0.0,True,CALL,2026-03-20,384.0,100.0,429,62.957,0.9859242,0.000914087,0.02234416,-0.127906687,0.068895797,1.449,6
US.GLD260320P384000,GLD 260320 384.00P,0.1,0.13,0.19,0.09,0.1273,18,232.0,True,PUT,2026-03-20,384.0,100.0,1235,61.283,-0.012146145,0.000826463,0.019671208,-0.076749654,-0.000936527,16.695,6
US.GLD260320C385000,GLD 260320 385.00C,78.15,84.15,84.15,78.15,82.5254,3,24123.0,True,CALL,2026-03-20,385.0,100.0,14402,73.58,0.968938579,0.001527659,0.043630862,-0.255205099,0.067579561,0.501,6
US.GLD260320P385000,GLD 260320 385.00P,0.09,0.1,0.15,0.07,0.1295,14,156.0,True,PUT,2026-03-20,385.0,100.0,7585,59.47,-0.011117943,0.000788688,0.018218399,-0.068552551,-0.000850839,16.476,6
US.GLD260320C386000,GLD 260320 386.00C,83.8,83.8,83.8,83.8,81.5285,1,8380.0,True,CALL,2026-03-20,386.0,100.0,2838,57.503,0.990065517,0.000739691,0.016519372,-0.097285032,0.069623694,1.944,6
US.GLD260320P386000,GLD 260320 386.00P,0.11,0.12,0.12,0.08,0.1318,10,114.0,True,PUT,2026-03-20,386.0,100.0,311,60.248,-0.01300704,0.000892019,0.020872115,-0.080404977,-0.001005556,16.263,6
US.GLD260320C387000,GLD 260320 387.00C,80.5315,80.5315,0.0,0.0,80.5315,0,0.0,True,CALL,2026-03-20,387.0,100.0,335,58.137,0.98843684,0.000835019,0.018851967,-0.107252736,0.069664685,1.451,6
US.GLD260320P387000,GLD 260320 387.00P,0.12,0.16,0.2,0.07,0.1341,30,528.0,True,PUT,2026-03-20,387.0,100.0,486,57.696,-0.011077209,0.000810326,0.018160883,-0.066259224,-0.000845596,16.048,6
US.GLD260320C388000,GLD 260320 388.00C,79.5348,79.5348,0.0,0.0,79.5348,0,0.0,True,CALL,2026-03-20,388.0,100.0,491,58.601,0.986838703,0.000926723,0.021087528,-0.116888253,0.069708248,1.452,6
US.GLD260320P388000,GLD 260320 388.00P,0.12,0.1,0.15,0.1,0.1365,9,113.0,True,PUT,2026-03-20,388.0,100.0,1204,58.48,-0.013024968,0.000920061,0.02089742,-0.078121522,-0.001004857,15.831,6
US.GLD260320C389000,GLD 260320 389.00C,78.5384,78.5384,0.0,0.0,78.5384,0,0.0,True,CALL,2026-03-20,389.0,100.0,3889,49.177,0.995262497,0.000449805,0.008599638,-0.063182547,0.070623211,1.453,6
US.GLD260320P389000,GLD 260320 389.00P,0.13,0.17,0.17,0.13,0.1393,9,128.0,True,PUT,2026-03-20,389.0,100.0,509,57.48,-0.012883496,0.000927269,0.020701412,-0.07599521,-0.000992091,15.617,6
US.GLD260320C390000,GLD 260320 390.00C,73.04,75.8,75.8,73.04,77.5423,2,14884.0,True,CALL,2026-03-20,390.0,100.0,5786,57.016,0.986594566,0.000967716,0.021425299,-0.11624761,0.070053122,0.477,6
US.GLD260320P390000,GLD 260320 390.00P,0.14,0.1,0.2,0.1,0.1424,1153,12608.0,True,PUT,2026-03-20,390.0,100.0,12156,57.419,-0.013941719,0.000993751,0.022160775,-0.081688465,-0.001078214,15.402,6
US.GLD260320C391000,GLD 260320 391.00C,74.81,74.75,74.81,74.75,76.5468,2,14956.0,True,CALL,2026-03-20,391.0,100.0,342,57.332,0.984975124,0.001061738,0.023635715,-0.125547654,0.07009489,1.078,6
US.GLD260320P391000,GLD 260320 391.00P,0.14,0.18,0.18,0.14,0.1461,9,146.0,True,PUT,2026-03-20,391.0,100.0,914,57.724,-0.015584789,0.00108794,0.024388081,-0.091045409,-0.001212794,15.185,6
US.GLD260320C392000,GLD 260320 392.00C,75.5512,75.5512,0.0,0.0,75.5512,0,0.0,True,CALL,2026-03-20,392.0,100.0,26,57.543,0.983370456,0.001154037,0.025783404,-0.13457823,0.070137903,1.456,6
US.GLD260320P392000,GLD 260320 392.00P,0.14,0.21,0.21,0.14,0.1497,11,190.0,True,PUT,2026-03-20,392.0,100.0,198,57.349,-0.016358589,0.001141509,0.025422003,-0.094581569,-0.001275527,14.968,6
US.GLD260320C393000,GLD 260320 393.00C,74.5557,74.5557,0.0,0.0,74.5557,0,0.0,True,CALL,2026-03-20,393.0,100.0,123,56.738,0.98319949,0.001180695,0.026010123,-0.134211872,0.070306222,1.457,6
US.GLD260320P393000,GLD 260320 393.00P,0.15,0.34,0.34,0.15,0.1534,10,181.0,True,PUT,2026-03-20,393.0,100.0,796,55.974,-0.015680594,0.001127872,0.024517039,-0.088755942,-0.001218041,14.753,6
US.GLD260320C394000,GLD 260320 394.00C,73.5602,73.5602,0.0,0.0,73.5602,0,0.0,True,CALL,2026-03-20,394.0,100.0,16,54.944,0.984518034,0.001136785,0.024252438,-0.124510515,0.070604548,1.458,6
US.GLD260320P394000,GLD 260320 394.00P,0.14,0.19,0.19,0.14,0.1571,209,3753.0,True,PUT,2026-03-20,394.0,100.0,961,55.794,-0.016774614,0.001198812,0.025974401,-0.094142007,-0.001307136,14.534,6
US.GLD260320C395000,GLD 260320 395.00C,68.01,74.92,74.92,68.01,72.5647,19,136178.0,True,CALL,2026-03-20,395.0,100.0,3202,0.0,0.0,0.0,0.0,0.0,0.0,0.47,6
US.GLD260320P395000,GLD 260320 395.00P,0.16,0.12,0.23,0.12,0.1608,186,3077.0,True,PUT,2026-03-20,395.0,100.0,12887,55.393,-0.017583067,0.001257055,0.027039856,-0.09759137,-0.001372591,14.321,6
US.GLD260320C396000,GLD 260320 396.00C,71.5693,71.5693,0.0,0.0,71.5693,0,0.0,True,CALL,2026-03-20,396.0,100.0,367,54.331,0.982660352,0.001266741,0.026722239,-0.133098296,0.07080897,1.46,6
US.GLD260320P396000,GLD 260320 396.00P,0.17,0.2,0.2,0.17,0.1645,9,172.0,True,PUT,2026-03-20,396.0,100.0,210,54.974,-0.018403451,0.001316862,0.028111431,-0.100983364,-0.001438999,14.106,6
US.GLD260320C397000,GLD 260320 397.00C,67.31,67.31,67.31,67.31,70.5738,1,6731.0,True,CALL,2026-03-20,397.0,100.0,44,54.426,0.980971431,0.001368769,0.028923722,-0.141781332,0.070844887,0.752,6
US.GLD260320P397000,GLD 260320 397.00P,0.16,0.26,0.28,0.16,0.1683,112,2510.0,True,PUT,2026-03-20,397.0,100.0,717,54.191,-0.018645355,0.001350821,0.028425769,-0.100728069,-0.001457415,13.887,6
US.GLD260320C398000,GLD 260320 398.00C,69.5784,69.5784,0.0,0.0,69.5784,0,0.0,True,CALL,2026-03-20,398.0,100.0,112,54.449,0.979286131,0.001470367,0.031082288,-0.150228501,0.07088111,1.462,6
US.GLD260320P398000,GLD 260320 398.00P,0.19,0.42,0.42,0.18,0.1721,10,223.0,True,PUT,2026-03-20,398.0,100.0,390,53.752,-0.019492134,0.001414274,0.029519294,-0.104047332,-0.001525898,13.677,6
US.GLD260320C399000,GLD 260320 399.00C,68.5831,68.5831,0.0,0.0,68.5831,0,0.0,True,CALL,2026-03-20,399.0,100.0,393,52.814,0.980537484,0.001437864,0.029483579,-0.140972436,0.071173777,1.463,6
US.GLD260320P399000,GLD 260320 399.00P,0.17,0.14,0.22,0.14,0.1759,50,876.0,True,PUT,2026-03-20,399.0,100.0,2042,52.967,-0.019754516,0.001451632,0.029856356,-0.103771087,-0.001545888,13.455,6
US.GLD260320C400000,GLD 260320 400.00C,61.19,67.95,67.95,61.19,67.5879,15,95037.0,True,CALL,2026-03-20,400.0,100.0,14412,49.181,0.9851758,0.001223486,0.023367484,-0.112950575,0.071760811,0.075,6
US.GLD260320P400000,GLD 260320 400.00P,0.2,0.13,0.29,0.08,0.18,964,23791.0,True,PUT,2026-03-20,400.0,100.0,43615,52.182,-0.020024072,0.001490504,0.030201696,-0.103490293,-0.001566418,13.245,6
US.GLD260320C401000,GLD 260320 401.00C,66.5954,66.5954,0.0,0.0,66.5954,0,0.0,True,CALL,2026-03-20,401.0,100.0,291,51.205,0.980079337,0.001512611,0.030071962,-0.140151078,0.071500628,1.465,6
US.GLD260320P401000,GLD 260320 401.00P,0.21,0.23,0.25,0.19,0.1866,9,203.0,True,PUT,2026-03-20,401.0,100.0,1504,52.037,-0.021520842,0.00158877,0.032101507,-0.11020512,-0.001688568,13.03,6
US.GLD260320C402000,GLD 260320 402.00C,65.603,65.603,0.0,0.0,65.603,0,0.0,True,CALL,2026-03-20,402.0,100.0,281,51.952,0.97678174,0.001696963,0.034225729,-0.157061929,0.071396503,1.467,6
US.GLD260320P402000,GLD 260320 402.00P,0.2,0.24,0.24,0.2,0.1935,9,201.0,True,PUT,2026-03-20,402.0,100.0,338,51.55,-0.022427863,0.001660662,0.033239551,-0.113336029,-0.00176179,12.811,6
US.GLD260320C403000,GLD 260320 403.00C,64.6108,64.6108,0.0,0.0,64.6108,0,0.0,True,CALL,2026-03-20,403.0,100.0,42,51.839,0.975009941,0.001809045,0.036405727,-0.164984045,0.071425441,1.469,6
US.GLD260320P403000,GLD 260320 403.00P,0.21,0.25,0.25,0.21,0.2004,9,208.0,True,PUT,2026-03-20,403.0,100.0,1486,50.756,-0.022745054,0.001706728,0.033635378,-0.113002477,-0.001786011,12.596,6
US.GLD260320C404000,GLD 260320 404.00C,65.4,65.4,65.4,65.4,63.6186,1,6540.0,True,CALL,2026-03-20,404.0,100.0,658,51.015,0.974692575,0.001857807,0.036792819,-0.164477554,0.071581431,1.857,6
US.GLD260320P404000,GLD 260320 404.00P,0.23,0.26,0.28,0.23,0.2074,217,5885.0,True,PUT,2026-03-20,404.0,100.0,1224,50.253,-0.023686463,0.001783692,0.034802972,-0.116057626,-0.001861916,12.383,6
US.GLD260320C405000,GLD 260320 405.00C,56.75,59.15,59.15,55.98,62.6265,36,209023.0,True,CALL,2026-03-20,405.0,100.0,5021,52.078,0.970023301,0.002095777,0.04236724,-0.188161887,0.071357224,0.197,6
US.GLD260320P405000,GLD 260320 405.00P,0.24,0.2,0.3,0.15,0.2145,149,3743.0,True,PUT,2026-03-20,405.0,100.0,1596,49.876,-0.024952396,0.001877522,0.036357453,-0.120725773,-0.001964666,12.169,6
US.GLD260320C406000,GLD 260320 406.00C,61.6345,61.6345,0.0,0.0,61.6345,0,0.0,True,CALL,2026-03-20,406.0,100.0,478,50.019,0.972524201,0.00202957,0.039408482,-0.171612966,0.071759689,1.474,6
US.GLD260320P406000,GLD 260320 406.00P,0.26,0.28,0.3,0.26,0.2218,9,253.0,True,PUT,2026-03-20,406.0,100.0,270,49.209,-0.025627285,0.00194597,0.037179203,-0.121997083,-0.002018276,11.956,6
US.GLD260320C407000,GLD 260320 407.00C,60.6456,60.6456,0.0,0.0,60.6456,0,0.0,True,CALL,2026-03-20,407.0,100.0,38,50.959,0.967798657,0.002272465,0.044951413,-0.194702218,0.071530742,1.476,6
US.GLD260320P407000,GLD 260320 407.00P,0.26,0.31,0.34,0.26,0.2321,11,325.0,True,PUT,2026-03-20,407.0,100.0,298,48.928,-0.027240873,0.002059654,0.039124583,-0.128139876,-0.002149713,11.739,6
US.GLD260320C408000,GLD 260320 408.00C,59.6568,59.6568,0.0,0.0,59.6568,0,0.0,True,CALL,2026-03-20,408.0,100.0,573,48.969,0.970266947,0.00221379,0.042082104,-0.178469402,0.071930461,1.479,6
US.GLD260320P408000,GLD 260320 408.00P,0.26,0.25,0.32,0.25,0.2425,19,520.0,True,PUT,2026-03-20,408.0,100.0,842,48.736,-0.029175743,0.002189342,0.041423313,-0.135726299,-0.002307802,11.522,6
US.GLD260320C409000,GLD 260320 409.00C,58.668,58.668,0.0,0.0,58.668,0,0.0,True,CALL,2026-03-20,409.0,100.0,478,48.71,0.968359637,0.002343133,0.044304298,-0.185684803,0.071947986,1.481,6
US.GLD260320P409000,GLD 260320 409.00P,0.3,0.34,0.35,0.28,0.2529,9,288.0,True,PUT,2026-03-20,409.0,100.0,1895,48.156,-0.030228097,0.002281833,0.04265874,-0.13840566,-0.002392423,11.314,6
US.GLD260320C410000,GLD 260320 410.00C,51.46,57.9,57.9,51.46,57.6793,73,397951.0,True,CALL,2026-03-20,410.0,100.0,9537,48.417,0.966430642,0.002475227,0.046519332,-0.192711446,0.071963686,0.134,6
US.GLD260320P410000,GLD 260320 410.00P,0.3,0.24,0.37,0.2,0.2634,104,2810.0,True,PUT,2026-03-20,410.0,100.0,25123,47.452,-0.031001813,0.002364663,0.043560613,-0.139468008,-0.002453739,11.097,6
US.GLD260320C411000,GLD 260320 411.00C,56.6906,56.6906,0.0,0.0,56.6906,0,0.0,True,CALL,2026-03-20,411.0,100.0,89,47.03,0.967446882,0.002484512,0.045356611,-0.184395256,0.072236552,1.486,6
US.GLD260320P411000,GLD 260320 411.00P,0.32,0.2,0.37,0.2,0.2739,29,883.0,True,PUT,2026-03-20,411.0,100.0,1596,47.187,-0.033016399,0.002504867,0.045884012,-0.146663448,-0.002618122,10.884,6
US.GLD260320C412000,GLD 260320 412.00C,55.7019,55.7019,0.0,0.0,55.7019,0,0.0,True,CALL,2026-03-20,412.0,100.0,151,47.24,0.963953625,0.002689594,0.049318359,-0.198826375,0.07211595,1.488,6
US.GLD260320P412000,GLD 260320 412.00P,0.33,0.39,0.39,0.33,0.2845,19,713.0,True,PUT,2026-03-20,412.0,100.0,6760,46.467,-0.033847372,0.002596309,0.04683225,-0.14761593,-0.002683888,10.669,6
US.GLD260320C413000,GLD 260320 413.00C,54.7132,54.7132,0.0,0.0,54.7132,0,0.0,True,CALL,2026-03-20,413.0,100.0,147,47.822,0.959064849,0.002947107,0.054703123,-0.219861871,0.071873258,1.491,6
US.GLD260320P413000,GLD 260320 413.00P,0.36,0.2,0.4,0.18,0.295,13,421.0,True,PUT,2026-03-20,413.0,100.0,311,46.053,-0.035620437,0.002731818,0.048836515,-0.153041441,-0.002827878,10.459,6
US.GLD260320C414000,GLD 260320 414.00C,53.7247,53.7247,0.0,0.0,53.7247,0,0.0,True,CALL,2026-03-20,414.0,100.0,101,46.953,0.958439768,0.003038774,0.055379021,-0.219003678,0.072003334,1.493,6
US.GLD260320P414000,GLD 260320 414.00P,0.38,0.3,0.42,0.3,0.3057,19,663.0,True,PUT,2026-03-20,414.0,100.0,284,45.715,-0.037727947,0.002884529,0.0511864,-0.159792658,-0.002999559,10.246,6
US.GLD260320C415000,GLD 260320 415.00C,47.4,54.53,54.53,47.4,52.7416,53,261860.0,True,CALL,2026-03-20,415.0,100.0,16927,46.952,0.954951349,0.003243206,0.059101774,-0.232060071,0.071883139,0.338,6
US.GLD260320P415000,GLD 260320 415.00P,0.38,0.32,0.52,0.19,0.3218,416,14186.0,True,PUT,2026-03-20,415.0,100.0,7218,45.254,-0.039567984,0.003029205,0.053210417,-0.164910024,-0.003148791,10.029,6
US.GLD260320C416000,GLD 260320 416.00C,51.7586,51.7586,0.0,0.0,51.7586,0,0.0,True,CALL,2026-03-20,416.0,100.0,88,45.214,0.957123519,0.003236239,0.056793301,-0.217241526,0.07225792,1.501,6
US.GLD260320P416000,GLD 260320 416.00P,0.42,0.46,0.47,0.4,0.3381,9,395.0,True,PUT,2026-03-20,416.0,100.0,298,44.864,-0.04174552,0.003191369,0.055573843,-0.171305225,-0.00332595,9.821,6
US.GLD260320C417000,GLD 260320 417.00C,48.65,48.65,48.65,48.65,50.7757,5,24325.0,True,CALL,2026-03-20,417.0,100.0,173,45.191,0.953499629,0.003456539,0.060626957,-0.230115604,0.072126316,1.043,6
US.GLD260320P417000,GLD 260320 417.00P,0.42,0.52,0.56,0.42,0.3544,11,526.0,True,PUT,2026-03-20,417.0,100.0,570,44.362,-0.043664194,0.003346942,0.057628756,-0.176119285,-0.00348131,9.604,6
US.GLD260320C418000,GLD 260320 418.00C,49.7928,49.7928,0.0,0.0,49.7928,0,0.0,True,CALL,2026-03-20,418.0,100.0,87,43.899,0.954207954,0.003514716,0.059884239,-0.222305107,0.072373252,1.508,6
US.GLD260320P418000,GLD 260320 418.00P,0.45,0.23,0.58,0.23,0.3707,34,1420.0,True,PUT,2026-03-20,418.0,100.0,374,44.091,-0.046516625,0.003543483,0.060638275,-0.184895395,-0.003714316,9.393,6
US.GLD260320C419000,GLD 260320 419.00C,48.8099,48.8099,0.0,0.0,48.8099,0,0.0,True,CALL,2026-03-20,419.0,100.0,502,44.964,0.946216257,0.00390136,0.068082663,-0.25441913,0.071860112,1.512,6
US.GLD260320P419000,GLD 260320 419.00P,0.48,0.55,0.55,0.48,0.3871,9,465.0,True,PUT,2026-03-20,419.0,100.0,1157,43.625,-0.048821079,0.003722762,0.063031383,-0.190705452,-0.003901352,9.183,6
US.GLD260320C420000,GLD 260320 420.00C,42.54,49.1,49.1,42.51,47.8271,125,537024.0,True,CALL,2026-03-20,420.0,100.0,19233,43.323,0.948155851,0.0039329,0.06612767,-0.240276465,0.072215306,0.368,6
US.GLD260320P420000,GLD 260320 420.00P,0.56,0.35,0.66,0.25,0.4035,1286,60775.0,True,PUT,2026-03-20,420.0,100.0,14494,43.29,-0.051759727,0.00393053,0.066035904,-0.198954268,-0.004141052,8.983,6
US.GLD260320C421000,GLD 260320 421.00C,43.3,43.3,43.3,43.3,46.8494,5,21650.0,True,CALL,2026-03-20,421.0,100.0,625,43.161,0.944348188,0.004175597,0.069944257,-0.251983607,0.072068226,0.75,6
US.GLD260320P421000,GLD 260320 421.00P,0.53,0.34,0.64,0.27,0.425,157,7392.0,True,PUT,2026-03-20,421.0,100.0,1470,42.85,-0.054457232,0.004134162,0.068749061,-0.205633495,-0.004360301,8.76,6
US.GLD260320C422000,GLD 260320 422.00C,45.8718,45.8718,0.0,0.0,45.8718,0,0.0,True,CALL,2026-03-20,422.0,100.0,919,42.949,0.94050758,0.004422295,0.073712402,-0.26323179,0.071918373,1.525,6
US.GLD260320P422000,GLD 260320 422.00P,0.57,0.41,0.66,0.41,0.4468,12,694.0,True,PUT,2026-03-20,422.0,100.0,985,42.385,-0.057211857,0.004345436,0.071477259,-0.212081889,-0.004583964,8.551,6
US.GLD260320C423000,GLD 260320 423.00C,44.8958,44.8958,0.0,0.0,44.8958,0,0.0,True,CALL,2026-03-20,423.0,100.0,345,42.693,0.936624767,0.004674059,0.077443038,-0.274036468,0.071764964,1.53,6
US.GLD260320P423000,GLD 260320 423.00P,0.71,0.31,0.74,0.31,0.47,25,1389.0,True,PUT,2026-03-20,423.0,100.0,862,41.83,-0.059740547,0.004555259,0.073945258,-0.217061336,-0.004788338,8.365,6
US.GLD260320C424000,GLD 260320 424.00C,43.9206,43.9206,0.0,0.0,43.9206,0,0.0,True,CALL,2026-03-20,424.0,100.0,443,42.085,0.934063825,0.004889708,0.079861796,-0.278500471,0.071727444,1.536,6
US.GLD260320P424000,GLD 260320 424.00P,0.64,0.4,0.73,0.4,0.4941,26,1392.0,True,PUT,2026-03-20,424.0,100.0,1635,41.323,-0.062624599,0.004784301,0.076719249,-0.223068562,-0.005021975,8.132,6
US.GLD260320C425000,GLD 260320 425.00C,36.74,45.41,45.41,36.74,42.9476,160,613622.0,True,CALL,2026-03-20,425.0,100.0,9107,41.764,0.93005407,0.005157173,0.083585651,-0.288592532,0.071563345,0.195,6
US.GLD260320P425000,GLD 260320 425.00P,0.77,0.37,0.83,0.32,0.5204,713,43978.0,True,PUT,2026-03-20,425.0,100.0,6589,40.982,-0.066435326,0.005050711,0.080320557,-0.232403196,-0.005332631,7.944,6
US.GLD260320C426000,GLD 260320 426.00C,38.25,38.25,38.25,38.25,41.9747,3,11475.0,True,CALL,2026-03-20,426.0,100.0,394,44.097,0.913358608,0.005745666,0.098325644,-0.352540672,0.07028525,0.739,6
US.GLD260320P426000,GLD 260320 426.00P,0.75,0.38,0.82,0.34,0.5467,124,9180.0,True,PUT,2026-03-20,426.0,100.0,615,40.546,-0.070031899,0.005317059,0.083654955,-0.240191339,-0.005624865,7.722,6
US.GLD260320C427000,GLD 260320 427.00C,41.0019,41.0019,0.0,0.0,41.0019,0,0.0,True,CALL,2026-03-20,427.0,100.0,915,43.11,0.911706334,0.005960729,0.099720788,-0.350225737,0.070328821,1.553,6
US.GLD260320P427000,GLD 260320 427.00P,0.76,0.38,0.87,0.38,0.5732,29,1982.0,True,PUT,2026-03-20,427.0,100.0,559,40.14,-0.073987033,0.005602026,0.08725267,-0.248776752,-0.005946534,7.508,6
US.GLD260320C428000,GLD 260320 428.00C,35.73,35.73,35.73,35.73,40.0291,1,3573.0,True,CALL,2026-03-20,428.0,100.0,529,40.324,0.918926642,0.005977546,0.093537807,-0.310940331,0.071151563,0.627,6
US.GLD260320P428000,GLD 260320 428.00P,0.83,0.49,0.94,0.49,0.5997,44,3275.0,True,PUT,2026-03-20,428.0,100.0,587,39.867,-0.078849956,0.005920372,0.091581399,-0.260278001,-0.006343614,7.306,6
US.GLD260320C429000,GLD 260320 429.00C,39.0637,39.0637,0.0,0.0,39.0637,0,0.0,True,CALL,2026-03-20,429.0,100.0,3254,39.62,0.915923629,0.006252491,0.096132918,-0.314180142,0.071076815,1.567,6
US.GLD260320P429000,GLD 260320 429.00P,0.86,0.47,0.97,0.47,0.6336,224,18023.0,True,PUT,2026-03-20,429.0,100.0,459,39.498,-0.083515246,0.006240542,0.095639863,-0.270157423,-0.006723467,7.095,6
US.GLD260320C430000,GLD 260320 430.00C,35.21,39.8,39.8,34.34,38.0985,19,68360.0,True,CALL,2026-03-20,430.0,100.0,11537,38.131,0.916936476,0.006437744,0.095259822,-0.301347789,0.071353961,0.948,6
US.GLD260320P430000,GLD 260320 430.00P,1.06,0.54,1.08,0.43,0.6677,3350,311098.0,True,PUT,2026-03-20,430.0,100.0,20672,39.145,-0.08853829,0.006578329,0.099911033,-0.280588252,-0.007132545,6.922,6
US.GLD260320C431000,GLD 260320 431.00C,37.1334,37.1334,0.0,0.0,37.1334,0,0.0,True,CALL,2026-03-20,431.0,100.0,4,39.139,0.904315639,0.006968105,0.105832738,-0.340311548,0.07043728,1.582,6
US.GLD260320P431000,GLD 260320 431.00P,0.97,0.5,1.16,0.43,0.7019,107,9244.0,True,PUT,2026-03-20,431.0,100.0,1067,38.753,-0.093657282,0.006927732,0.104162985,-0.290478184,-0.007548808,6.685,6
US.GLD260320C432000,GLD 260320 432.00C,32.25,32.25,32.25,32.25,36.1819,2,6450.0,True,CALL,2026-03-20,432.0,100.0,3,41.82,0.882051417,0.007584823,0.123093221,-0.417364076,0.068667377,0.739,6
US.GLD260320P432000,GLD 260320 432.00P,1.1,0.46,1.17,0.46,0.7498,44,4264.0,True,PUT,2026-03-20,432.0,100.0,774,38.464,-0.099658229,0.007305682,0.109023882,-0.302772839,-0.008038154,6.496,6
US.GLD260320C433000,GLD 260320 433.00C,35.2347,35.2347,0.0,0.0,35.2347,0,0.0,True,CALL,2026-03-20,433.0,100.0,2,37.367,0.898739754,0.007607674,0.110311357,-0.339773447,0.070328572,1.604,6
US.GLD260320P433000,GLD 260320 433.00P,1.16,0.66,1.24,0.49,0.8019,80,6625.0,True,PUT,2026-03-20,433.0,100.0,663,38.087,-0.105504475,0.007690421,0.113636047,-0.313412834,-0.008513446,6.292,6
US.GLD260320C434000,GLD 260320 434.00C,34.2875,34.2875,0.0,0.0,34.2875,0,0.0,True,CALL,2026-03-20,434.0,100.0,5,39.7,0.876889529,0.008234458,0.126860021,-0.409982941,0.068598102,1.615,6
US.GLD260320P434000,GLD 260320 434.00P,1.18,0.61,1.29,0.61,0.8541,148,13560.0,True,PUT,2026-03-20,434.0,100.0,63,37.755,-0.111969216,0.008097087,0.118600721,-0.325254358,-0.009039524,6.08,6
US.GLD260320C435000,GLD 260320 435.00C,27.4,34.42,34.42,27.4,33.3404,22,66676.0,True,CALL,2026-03-20,435.0,100.0,5740,37.245,0.882361715,0.008500624,0.122857136,-0.375354857,0.069273627,0.338,6
US.GLD260320P435000,GLD 260320 435.00P,1.41,0.55,1.48,0.55,0.9064,447,51981.0,True,PUT,2026-03-20,435.0,100.0,8130,37.381,-0.118555724,0.008517484,0.123518321,-0.336346746,-0.009574497,5.913,6
US.GLD260320C436000,GLD 260320 436.00C,32.3933,32.3933,0.0,0.0,32.3933,0,0.0,True,CALL,2026-03-20,436.0,100.0,42,38.874,0.863372464,0.00903857,0.136350153,-0.431381177,0.067793228,1.638,6
US.GLD260320P436000,GLD 260320 436.00P,1.38,1.2,1.47,1.0,0.9587,112,14431.0,True,PUT,2026-03-20,436.0,100.0,140,37.044,-0.125757789,0.008958581,0.128739986,-0.348420436,-0.010159772,5.689,6
US.GLD260320C437000,GLD 260320 437.00C,25.8,28.23,28.23,25.8,31.4552,2,5403.0,True,CALL,2026-03-20,437.0,100.0,1,40.724,0.842947977,0.00947351,0.149719037,-0.493279012,0.066178259,0.425,6
US.GLD260320P437000,GLD 260320 437.00P,1.53,0.62,1.58,0.62,1.02,26,3293.0,True,PUT,2026-03-20,437.0,100.0,82,36.7,-0.133332599,0.009416771,0.134063468,-0.360475196,-0.010774761,5.505,6
US.GLD260320C438000,GLD 260320 438.00C,32.79,32.79,32.79,32.79,30.523,1,3279.0,True,CALL,2026-03-20,438.0,100.0,13,37.9,0.849219106,0.009908656,0.145730026,-0.449696326,0.066934768,2.159,6
US.GLD260320P438000,GLD 260320 438.00P,1.62,0.66,1.78,0.66,1.0872,274,38885.0,True,PUT,2026-03-20,438.0,100.0,432,36.382,-0.141513003,0.009893325,0.139626503,-0.373240026,-0.011438926,5.307,6
US.GLD260320C439000,GLD 260320 439.00C,30.0,30.0,30.0,30.0,29.5912,1,3000.0,True,CALL,2026-03-20,439.0,100.0,2,37.277,0.842367886,0.010374623,0.150076625,-0.455798636,0.066526809,1.77,6
US.GLD260320P439000,GLD 260320 439.00P,1.66,0.82,1.87,0.82,1.1549,143,23404.0,True,PUT,2026-03-20,439.0,100.0,195,36.051,-0.15006756,0.010386186,0.145245302,-0.385770134,-0.012132551,5.099,6
US.GLD260320C440000,GLD 260320 440.00C,23.2,30.96,30.96,23.2,28.6596,111,288767.0,True,CALL,2026-03-20,440.0,100.0,26152,35.476,0.842616485,0.010889937,0.149917286,-0.435171306,0.066748729,0.512,6
US.GLD260320P440000,GLD 260320 440.00P,1.93,1.0,2.07,0.75,1.2227,6495,998459.0,True,PUT,2026-03-20,440.0,100.0,13786,35.772,-0.15943193,0.010894804,0.151172525,-0.399489305,-0.01289224,4.94,6
US.GLD260320C441000,GLD 260320 441.00C,27.7649,27.7649,0.0,0.0,27.7649,0,0.0,True,CALL,2026-03-20,441.0,100.0,56,35.152,0.833062481,0.011420527,0.155783827,-0.447908638,0.066104021,1.719,6
US.GLD260320P441000,GLD 260320 441.00P,2.01,0.85,2.11,0.85,1.3275,36,6035.0,True,PUT,2026-03-20,441.0,100.0,137,35.408,-0.168750825,0.011420439,0.156847351,-0.411264679,-0.013645386,4.741,6
US.GLD260320C442000,GLD 260320 442.00C,26.8702,26.8702,0.0,0.0,26.8702,0,0.0,True,CALL,2026-03-20,442.0,100.0,20,34.776,0.823317279,0.011969856,0.16153367,-0.459423835,0.065443211,1.742,6
US.GLD260320P442000,GLD 260320 442.00P,2.14,1.12,2.18,0.84,1.4325,190,32853.0,True,PUT,2026-03-20,442.0,100.0,200,35.149,-0.179274578,0.011956008,0.162998623,-0.425359131,-0.014497592,4.552,6
US.GLD260320C443000,GLD 260320 443.00C,24.37,22.0,24.37,22.0,25.9757,2,4637.0,True,CALL,2026-03-20,443.0,100.0,2,35.824,0.803907978,0.012395001,0.172317707,-0.502950263,0.063922871,1.416,6
US.GLD260320P443000,GLD 260320 443.00P,2.27,0.92,2.34,0.92,1.5376,38,6655.0,True,PUT,2026-03-20,443.0,100.0,142,34.834,-0.189970893,0.012507374,0.16898059,-0.438030028,-0.015361066,4.363,6
US.GLD260320C444000,GLD 260320 444.00C,21.2,22.0,22.1,21.2,25.0835,16,34850.0,True,CALL,2026-03-20,444.0,100.0,18,34.169,0.801220202,0.013102603,0.17373912,-0.485276519,0.063892938,0.946,6
US.GLD260320P444000,GLD 260320 444.00P,2.45,1.12,2.54,1.02,1.645,172,29994.0,True,PUT,2026-03-20,444.0,100.0,252,34.522,-0.201247895,0.013070581,0.175003157,-0.45057438,-0.016270032,4.185,6
US.GLD260320C445000,GLD 260320 445.00C,18.76,25.88,25.88,18.76,24.1939,74,167933.0,True,CALL,2026-03-20,445.0,100.0,14649,34.749,0.783700438,0.013543553,0.182639771,-0.517592321,0.06254086,0.633,6
US.GLD260320P445000,GLD 260320 445.00P,2.55,1.29,2.8,1.04,1.755,718,139076.0,True,PUT,2026-03-20,445.0,100.0,12517,34.238,-0.213275791,0.013640002,0.181116476,-0.463456326,-0.017238626,3.99,6
US.GLD260320C446000,GLD 260320 446.00C,20.87,20.87,20.87,20.87,23.3192,1,2087.0,True,CALL,2026-03-20,446.0,100.0,7,33.749,0.775608883,0.014241917,0.186525863,-0.514178186,0.062033015,1.308,6
US.GLD260320P446000,GLD 260320 446.00P,2.79,1.26,2.84,1.17,1.88,259,58187.0,True,PUT,2026-03-20,446.0,100.0,319,33.975,-0.22602795,0.014212158,0.187259829,-0.476461064,-0.018264229,3.825,6
US.GLD260320C447000,GLD 260320 447.00C,18.2,18.2,18.2,18.2,22.4594,2,3640.0,True,CALL,2026-03-20,447.0,100.0,1,33.767,0.760525732,0.014759446,0.193412483,-0.533005959,0.060899836,0.946,6
US.GLD260320P447000,GLD 260320 447.00P,2.91,1.26,3.25,1.26,2.02,195,38271.0,True,PUT,2026-03-20,447.0,100.0,232,33.781,-0.239790474,0.014771734,0.193512525,-0.490513077,-0.019371085,3.634,6
US.GLD260320C448000,GLD 260320 448.00C,21.6044,21.6044,0.0,0.0,21.6044,0,0.0,True,CALL,2026-03-20,448.0,100.0,11,33.204,0.748395431,0.015413628,0.198617872,-0.538481563,0.0600336,1.901,6
US.GLD260320P448000,GLD 260320 448.00P,3.2,1.6,3.33,1.6,2.1648,257,68572.0,True,PUT,2026-03-20,448.0,100.0,303,33.396,-0.252998253,0.015378808,0.199155066,-0.499809543,-0.020423808,3.48,6
US.GLD260320C449000,GLD 260320 449.00C,20.7506,20.7506,0.0,0.0,20.7506,0,0.0,True,CALL,2026-03-20,449.0,100.0,9,33.082,0.732988728,0.015952611,0.204816988,-0.552991435,0.058873172,1.933,6
US.GLD260320P449000,GLD 260320 449.00P,3.49,1.56,3.49,1.56,2.3108,331,93606.0,True,PUT,2026-03-20,449.0,100.0,515,33.271,-0.268351035,0.015912949,0.205288624,-0.514135405,-0.021654934,3.326,6
US.GLD260320C450000,GLD 260320 450.00C,14.64,21.8,21.8,14.56,19.8971,299,516674.0,True,CALL,2026-03-20,450.0,100.0,32246,32.77,0.718084804,0.016542338,0.21038532,-0.562603618,0.057759655,0.824,6
US.GLD260320P450000,GLD 260320 450.00P,3.61,1.8,3.95,1.49,2.4571,1372,339263.0,True,PUT,2026-03-20,450.0,100.0,30059,32.718,-0.281915188,0.016580999,0.210334538,-0.518520633,-0.022721878,3.135,6
US.GLD260320C451000,GLD 260320 451.00C,15.5,20.36,20.36,15.5,19.0999,17,31359.0,True,CALL,2026-03-20,451.0,100.0,349,32.856,0.700478938,0.016972947,0.216436688,-0.579794212,0.056400325,1.228,6
US.GLD260320P451000,GLD 260320 451.00P,3.95,1.94,3.97,1.59,2.66,169,47329.0,True,PUT,2026-03-20,451.0,100.0,533,32.576,-0.298391711,0.017103767,0.21600998,-0.53087737,-0.024033852,2.992,6
US.GLD260320C452000,GLD 260320 452.00C,14.26,17.25,17.25,14.26,18.3054,22,35191.0,True,CALL,2026-03-20,452.0,100.0,652,32.407,0.685058719,0.017592821,0.221278804,-0.58471763,0.055243328,1.176,6
US.GLD260320P452000,GLD 260320 452.00P,4.3,1.91,4.3,1.79,2.8655,442,136953.0,True,PUT,2026-03-20,452.0,100.0,691,32.474,-0.315592687,0.017588391,0.22141465,-0.543037457,-0.025400515,2.851,6
US.GLD260320C453000,GLD 260320 453.00C,17.5143,17.5143,0.0,0.0,17.5143,0,0.0,True,CALL,2026-03-20,453.0,100.0,353,32.34,0.667222184,0.018034166,0.226360457,-0.596499986,0.053864575,2.099,6
US.GLD260320P453000,GLD 260320 453.00P,4.5,2.29,4.57,2.0,3.0746,342,110849.0,True,PUT,2026-03-20,453.0,100.0,2620,32.075,-0.331973204,0.018184287,0.226077591,-0.547962249,-0.026681581,2.677,6
US.GLD260320C454000,GLD 260320 454.00C,11.83,14.0,14.85,11.83,16.7236,8,10464.0,True,CALL,2026-03-20,454.0,100.0,225,31.869,0.650551643,0.018644196,0.230615844,-0.598859548,0.052597716,1.082,6
US.GLD260320P454000,GLD 260320 454.00P,4.7,2.56,4.83,2.16,3.2841,274,95731.0,True,PUT,2026-03-20,454.0,100.0,1133,31.936,-0.350103838,0.018639271,0.230702834,-0.557065385,-0.028107382,2.504,6
US.GLD260320C455000,GLD 260320 455.00C,11.3,16.87,16.87,11.13,15.9642,319,443370.0,True,CALL,2026-03-20,455.0,100.0,15299,31.547,0.632591668,0.019165881,0.234677171,-0.603025301,0.051213134,1.184,6
US.GLD260320P455000,GLD 260320 455.00P,5.03,2.75,5.45,2.21,3.525,1024,389797.0,True,PUT,2026-03-20,455.0,100.0,9081,31.72,-0.368439443,0.019103219,0.234817035,-0.563310575,-0.029537231,2.358,6
US.GLD260320C456000,GLD 260320 456.00C,10.55,14.87,14.87,10.53,15.2138,62,68740.0,True,CALL,2026-03-20,456.0,100.0,1282,31.259,0.613902634,0.019644322,0.238336741,-0.606502663,0.049762585,1.239,6
US.GLD260320P456000,GLD 260320 456.00P,5.48,2.83,5.48,2.48,3.775,806,341362.0,True,PUT,2026-03-20,456.0,100.0,2449,31.639,-0.387692255,0.019458583,0.238539054,-0.570835285,-0.031038238,2.239,6
US.GLD260320C457000,GLD 260320 457.00C,9.95,14.74,14.74,9.94,14.4696,35,40260.0,True,CALL,2026-03-20,457.0,100.0,255,31.102,0.594309939,0.020010144,0.241562238,-0.611115729,0.048226802,1.325,6
US.GLD260320P457000,GLD 260320 457.00P,5.82,2.84,6.15,2.71,4.0312,338,145352.0,True,PUT,2026-03-20,457.0,100.0,2129,31.375,-0.406850282,0.019881439,0.241642337,-0.573237785,-0.032509632,2.096,6
US.GLD260320C458000,GLD 260320 458.00C,9.9,13.58,13.58,9.21,13.7601,104,123265.0,True,CALL,2026-03-20,458.0,100.0,1022,30.866,0.574468647,0.020383091,0.244199452,-0.612587931,0.046670083,1.531,6
US.GLD260320P458000,GLD 260320 458.00P,6.27,3.38,6.36,2.94,4.3223,516,237914.0,True,PUT,2026-03-20,458.0,100.0,795,31.136,-0.426569347,0.020251727,0.244220034,-0.574599728,-0.034013725,1.976,6
US.GLD260320C459000,GLD 260320 459.00C,8.7,10.21,11.2,8.7,13.0508,9,8747.0,True,CALL,2026-03-20,459.0,100.0,740,30.652,0.554146228,0.020697539,0.246251306,-0.612846236,0.045068278,1.488,6
US.GLD260320P459000,GLD 260320 459.00P,6.9,3.3,6.9,3.05,4.6137,405,202484.0,True,PUT,2026-03-20,459.0,100.0,502,30.92,-0.446767307,0.020564901,0.246218693,-0.574774468,-0.035542091,1.896,6
US.GLD260320C460000,GLD 260320 460.00C,8.22,13.5,13.5,8.0,12.3417,687,623413.0,True,CALL,2026-03-20,460.0,100.0,21303,30.559,0.533371994,0.020880555,0.247675185,-0.613720862,0.043419289,1.601,6
US.GLD260320P460000,GLD 260320 460.00P,7.05,3.81,7.47,3.24,4.9055,4275,2053223.0,True,PUT,2026-03-20,460.0,100.0,25144,30.624,-0.467307781,0.020885712,0.247589926,-0.571689043,-0.03707313,1.712,6
US.GLD260320C461000,GLD 260320 461.00C,7.53,11.55,11.55,7.49,11.7103,166,148994.0,True,CALL,2026-03-20,461.0,100.0,257,30.282,0.512400574,0.02113558,0.248425727,-0.609262579,0.041758263,1.668,6
US.GLD260320P461000,GLD 260320 461.00P,7.6,4.2,7.82,3.87,5.2751,726,435548.0,True,PUT,2026-03-20,461.0,100.0,690,30.547,-0.488262365,0.021005091,0.248307219,-0.571106152,-0.038636496,1.614,6
US.GLD260320C462000,GLD 260320 462.00C,7.23,11.5,11.5,6.95,11.0839,142,138419.0,True,CALL,2026-03-20,462.0,100.0,1330,30.021,0.491068065,0.021324124,0.248483276,-0.603313073,0.040062259,1.82,6
US.GLD260320P462000,GLD 260320 462.00P,7.9,4.05,8.35,3.8,5.6498,397,260443.0,True,PUT,2026-03-20,462.0,100.0,1247,30.387,-0.509387464,0.021126172,0.248333498,-0.567111161,-0.040184386,1.462,6
US.GLD260320C463000,GLD 260320 463.00C,6.63,10.88,10.88,6.55,10.4579,309,244563.0,True,CALL,2026-03-20,463.0,100.0,301,29.876,0.469615721,0.021371001,0.247823321,-0.597779425,0.038347028,1.907,6
US.GLD260320P463000,GLD 260320 463.00P,8.7,4.75,8.7,4.25,6.0251,764,548369.0,True,PUT,2026-03-20,463.0,100.0,690,30.241,-0.530647265,0.021178382,0.247654181,-0.561624057,-0.041720248,1.419,6
US.GLD260320C464000,GLD 260320 464.00C,6.1,10.06,10.06,6.1,9.8564,210,159361.0,True,CALL,2026-03-20,464.0,100.0,1785,29.846,0.448351394,0.021274331,0.246456885,-0.592718905,0.036638495,2.009,6
US.GLD260320P464000,GLD 260320 464.00P,9.05,5.15,9.05,4.85,6.425,358,245463.0,True,PUT,2026-03-20,464.0,100.0,1862,29.807,-0.552649808,0.021373103,0.246200649,-0.548636839,-0.043247215,1.278,6
US.GLD260320C465000,GLD 260320 465.00C,5.6,10.0,10.1,5.55,9.2602,1198,815773.0,True,CALL,2026-03-20,465.0,100.0,21685,29.731,0.426983492,0.021176175,0.244365498,-0.584197879,0.034921239,2.117,6
US.GLD260320P465000,GLD 260320 465.00P,9.53,5.57,9.95,4.7,6.8304,1919,1410561.0,True,PUT,2026-03-20,465.0,100.0,7996,29.792,-0.573822239,0.021211548,0.244083071,-0.542115558,-0.044733138,1.165,6
US.GLD260320C466000,GLD 260320 466.00C,5.33,9.5,9.5,5.15,8.695,2954,1906027.0,True,CALL,2026-03-20,466.0,100.0,408,29.423,0.405003855,0.021143276,0.241456415,-0.570049813,0.033157037,2.276,6
US.GLD260320P466000,GLD 260320 466.00P,10.37,5.91,10.5,5.17,7.267,644,488264.0,True,PUT,2026-03-20,466.0,100.0,2199,29.794,-0.594708391,0.020980785,0.241294157,-0.534269457,-0.046169836,1.13,6
US.GLD260320C467000,GLD 260320 467.00C,4.8,7.95,8.1,4.7,8.1304,234,147766.0,True,CALL,2026-03-20,467.0,100.0,528,29.23,0.383418147,0.020964562,0.237842762,-0.556478617,0.03141687,2.378,6
US.GLD260320P467000,GLD 260320 467.00P,9.38,6.05,10.25,5.78,7.7044,335,212167.0,True,PUT,2026-03-20,467.0,100.0,1059,29.288,-0.617515304,0.021021482,0.237438395,-0.514394614,-0.047620385,0.698,6
US.GLD260320C468000,GLD 260320 468.00C,4.5,8.16,8.16,4.35,7.625,202,113185.0,True,CALL,2026-03-20,468.0,100.0,587,29.05,0.36202049,0.020710259,0.233509272,-0.541530786,0.029687973,2.53,6
US.GLD260320P468000,GLD 260320 468.00P,11.33,6.86,11.33,6.0,8.2012,466,350951.0,True,PUT,2026-03-20,468.0,100.0,707,28.892,-0.640105356,0.020914309,0.232778687,-0.494929069,-0.049011967,0.904,6
US.GLD260320C469000,GLD 260320 469.00C,4.19,7.44,7.55,4.0,7.125,469,270221.0,True,CALL,2026-03-20,469.0,100.0,682,28.994,0.341533905,0.020318616,0.228646787,-0.527682652,0.028026667,2.679,6
US.GLD260320P469000,GLD 260320 469.00P,10.63,6.83,11.37,6.35,8.7036,138,130262.0,True,PUT,2026-03-20,469.0,100.0,517,29.268,-0.65832234,0.020273806,0.228410706,-0.490257864,-0.050208334,0.535,6
US.GLD260320C470000,GLD 260320 470.00C,3.67,7.3,7.3,3.55,6.6299,3181,1596067.0,True,CALL,2026-03-20,470.0,100.0,10655,28.848,0.320905083,0.019920556,0.223029869,-0.510516789,0.026353379,2.784,6
US.GLD260320P470000,GLD 260320 470.00P,12.35,7.67,12.9,6.72,9.2113,884,825556.0,True,PUT,2026-03-20,470.0,100.0,5050,29.012,-0.679608698,0.019957357,0.22257824,-0.47082715,-0.051428152,0.692,6
US.GLD260320C471000,GLD 260320 471.00C,3.6,6.35,6.35,3.35,6.1918,293,130615.0,True,CALL,2026-03-20,471.0,100.0,513,28.721,0.300783669,0.019453852,0.216837321,-0.492486205,0.024718256,2.985,6
US.GLD260320P471000,GLD 260320 471.00P,10.56,8.3,11.2,7.53,9.7761,103,109143.0,True,PUT,2026-03-20,471.0,100.0,584,28.884,-0.699784802,0.019510768,0.216319941,-0.452868019,-0.0525358,0.086,6
US.GLD260320C472000,GLD 260320 472.00C,3.03,5.82,6.15,3.03,5.7541,776,393573.0,True,CALL,2026-03-20,472.0,100.0,1607,28.664,0.281631741,0.018902766,0.210270145,-0.474917136,0.023158381,3.079,6
US.GLD260320P472000,GLD 260320 472.00P,14.15,8.3,14.15,7.8,10.3416,28,29111.0,True,PUT,2026-03-20,472.0,100.0,1050,28.899,-0.718485679,0.018949312,0.209867677,-0.436973703,-0.053520958,0.648,6
US.GLD260320C473000,GLD 260320 473.00C,2.8,5.7,5.7,2.8,5.35,798,371203.0,True,CALL,2026-03-20,473.0,100.0,1585,28.514,0.262342217,0.018342867,0.202970946,-0.454277431,0.021586919,3.246,6
US.GLD260320P473000,GLD 260320 473.00P,13.34,9.27,13.34,8.5,10.9409,199,254452.0,True,PUT,2026-03-20,473.0,100.0,1734,28.825,-0.737257542,0.018388283,0.20273593,-0.41816533,-0.054411762,0.256,6
US.GLD260320C474000,GLD 260320 474.00C,2.53,5.11,5.11,2.47,4.95,878,343595.0,True,CALL,2026-03-20,474.0,100.0,1559,28.418,0.244028634,0.017717524,0.195383158,-0.434040979,0.020092161,3.404,6
US.GLD260320P474000,GLD 260320 474.00P,13.6,9.23,14.25,9.23,11.5447,47,59669.0,True,PUT,2026-03-20,474.0,100.0,790,28.911,-0.754153062,0.017735855,0.195742297,-0.40231016,-0.05517145,0.095,6
US.GLD260320C475000,GLD 260320 475.00C,2.26,4.85,5.0,2.22,4.575,2014,660740.0,True,CALL,2026-03-20,475.0,100.0,8823,28.465,0.227538159,0.017019063,0.187982112,-0.416550396,0.018742712,3.563,6
US.GLD260320P475000,GLD 260320 475.00P,16.18,10.38,16.75,9.65,12.1737,608,846537.0,True,PUT,2026-03-20,475.0,100.0,2179,28.916,-0.771031168,0.017090576,0.188186266,-0.383948099,-0.055821874,0.438,6
US.GLD260320C476000,GLD 260320 476.00C,2.11,4.18,4.31,2.05,4.2288,312,92188.0,True,CALL,2026-03-20,476.0,100.0,992,28.343,0.210338184,0.016336496,0.179663785,-0.394596162,0.017336255,3.747,6
US.GLD260320P476000,GLD 260320 476.00P,15.73,11.69,15.73,11.69,12.8317,7,9817.0,True,PUT,2026-03-20,476.0,100.0,466,29.109,-0.785630047,0.01638421,0.181180973,-0.369603591,-0.05635327,0.123,6
US.GLD260320C477000,GLD 260320 477.00C,1.84,4.1,4.1,1.84,3.9175,955,242764.0,True,CALL,2026-03-20,477.0,100.0,633,28.237,0.193958076,0.015621294,0.171148786,-0.37267882,0.015995187,3.905,6
US.GLD260320P477000,GLD 260320 477.00P,17.2,11.82,17.2,11.25,13.5249,37,49667.0,True,PUT,2026-03-20,477.0,100.0,698,29.085,-0.801358639,0.015719499,0.173112835,-0.349794739,-0.056757138,0.225,6
US.GLD260320C478000,GLD 260320 478.00C,1.68,3.82,3.82,1.67,3.6066,1193,306750.0,True,CALL,2026-03-20,478.0,100.0,1235,28.184,0.178767342,0.014879479,0.162709746,-0.351876027,0.014749715,4.088,6
US.GLD260320P478000,GLD 260320 478.00P,18.04,11.26,18.04,11.1,14.2189,15,24394.0,True,PUT,2026-03-20,478.0,100.0,400,28.511,-0.821344135,0.015102788,0.162032227,-0.316417237,-0.056892439,0.19,6
US.GLD260320C479000,GLD 260320 479.00C,1.53,3.61,3.61,1.48,3.3234,150,32344.0,True,CALL,2026-03-20,479.0,100.0,858,28.1,0.164050727,0.014126251,0.154010028,-0.330314337,0.013542341,4.272,6
US.GLD260320P479000,GLD 260320 479.00P,18.1,13.08,18.1,13.08,14.941,27,37006.0,True,PUT,2026-03-20,479.0,100.0,266,29.233,-0.829044124,0.014342516,0.157544024,-0.314347161,-0.057191479,-0.013,6
US.GLD260320C480000,GLD 260320 480.00C,1.36,3.2,3.21,1.35,3.0406,3539,709794.0,True,CALL,2026-03-20,480.0,100.0,17971,28.225,0.151952543,0.013373614,0.146452406,-0.313947974,0.012547253,4.452,6
US.GLD260320P480000,GLD 260320 480.00P,20.35,13.01,20.35,12.98,15.664,106,189989.0,True,PUT,2026-03-20,480.0,100.0,9720,29.433,-0.840719941,0.013656124,0.150424311,-0.299675285,-0.057262636,0.258,6
US.GLD260320C481000,GLD 260320 481.00C,1.2,2.89,3.05,1.2,2.7954,203,38060.0,True,CALL,2026-03-20,481.0,100.0,1060,28.24,0.139612325,0.012626861,0.138344113,-0.295111221,0.011532696,4.635,6
US.GLD260320P481000,GLD 260320 481.00P,18.65,14.47,18.65,14.05,16.4247,32,50276.0,True,PUT,2026-03-20,481.0,100.0,96,29.567,-0.852312955,0.012987662,0.143002355,-0.283489062,-0.057193238,-0.327,6
US.GLD260320C482000,GLD 260320 482.00C,1.1,2.63,2.63,1.05,2.5562,1275,220951.0,True,CALL,2026-03-20,482.0,100.0,2531,28.167,0.12724781,0.011877006,0.129791862,-0.274516387,0.010516091,4.83,6
US.GLD260320P482000,GLD 260320 482.00P,20.85,14.35,20.85,14.35,17.1919,15,23411.0,True,PUT,2026-03-20,482.0,100.0,262,29.256,-0.867184094,0.012311778,0.132919554,-0.25675411,-0.056699084,-0.067,6
US.GLD260320C483000,GLD 260320 483.00C,1.07,2.43,2.52,0.9,2.3172,179,32869.0,True,CALL,2026-03-20,483.0,100.0,2090,27.828,0.1133463,0.011080451,0.119629092,-0.248150147,0.009373706,5.04,6
US.GLD260320P483000,GLD 260320 483.00P,21.32,16.13,21.32,16.13,17.9601,5,9490.0,True,PUT,2026-03-20,483.0,100.0,141,29.805,-0.873827242,0.011697451,0.128237681,-0.250985966,-0.056663251,-0.182,6
US.GLD260320C484000,GLD 260320 484.00C,0.9,2.18,2.23,0.85,2.114,338,46035.0,True,CALL,2026-03-20,484.0,100.0,2222,28.106,0.105458015,0.010417031,0.11358954,-0.236791572,0.008722187,5.22,6
US.GLD260320P484000,GLD 260320 484.00P,19.14,19.14,19.14,19.14,18.7641,2,3828.0,True,PUT,2026-03-20,484.0,100.0,142,27.233,-0.907475093,0.010678545,0.102051082,-0.17238998,-0.052760844,-0.872,6
US.GLD260320C485000,GLD 260320 485.00C,0.79,1.94,2.1,0.72,1.9362,1896,225521.0,True,CALL,2026-03-20,485.0,100.0,14001,28.191,0.096572272,0.009740159,0.10653081,-0.221430714,0.007989408,5.414,6
US.GLD260320P485000,GLD 260320 485.00P,23.21,16.7,24.0,16.7,19.5938,29,59247.0,True,PUT,2026-03-20,485.0,100.0,1444,26.768,-0.921475465,0.009886552,0.08994101,-0.144910046,-0.050388088,-0.206,6
US.GLD260320C486000,GLD 260320 486.00C,0.76,1.69,1.69,0.68,1.7587,538,44151.0,True,CALL,2026-03-20,486.0,100.0,478,28.098,0.086920414,0.009038746,0.098537118,-0.20271603,0.00719394,5.624,6
US.GLD260320P486000,GLD 260320 486.00P,18.43,18.43,18.43,18.43,20.4244,2,3686.0,True,PUT,2026-03-20,486.0,100.0,122,27.297,-0.925908962,0.009348092,0.085982658,-0.140183372,-0.049867146,-1.46,6
US.GLD260320C487000,GLD 260320 487.00C,0.62,1.58,1.58,0.61,1.6125,136,15927.0,True,CALL,2026-03-20,487.0,100.0,773,28.121,0.07883889,0.008392154,0.091564039,-0.187275085,0.00652706,5.811,6
US.GLD260320P487000,GLD 260320 487.00P,25.35,25.35,25.35,25.35,21.2855,1,2535.0,True,PUT,2026-03-20,487.0,100.0,231,29.755,-0.914001425,0.009258968,0.096679547,-0.178158844,-0.053215839,-0.175,6
US.GLD260320C488000,GLD 260320 488.00C,0.58,1.3,1.38,0.53,1.4704,109,9849.0,True,CALL,2026-03-20,488.0,100.0,1218,28.409,0.073302477,0.007859104,0.08662957,-0.178078722,0.006069035,6.019,6
US.GLD260320P488000,GLD 260320 488.00P,25.23,25.07,25.25,25.07,22.1516,9,22699.0,True,PUT,2026-03-20,488.0,100.0,257,31.597,-0.907987611,0.009032177,0.101866311,-0.202857009,-0.054873473,-0.418,6
US.GLD260320C489000,GLD 260320 489.00C,0.5,1.07,1.07,0.48,1.3284,75,5991.0,True,CALL,2026-03-20,489.0,100.0,754,28.152,0.064380678,0.007175508,0.078384379,-0.15828243,0.005333219,6.219,6
US.GLD260320P489000,GLD 260320 489.00P,26.14,22.35,26.16,22.18,23.0199,23,54987.0,True,PUT,2026-03-20,489.0,100.0,253,29.993,-0.928587355,0.008211177,0.083705668,-0.150800202,-0.050859316,-0.438,6
US.GLD260320C490000,GLD 260320 490.00C,0.45,1.34,1.38,0.4,1.215,12594,1111246.0,True,CALL,2026-03-20,490.0,100.0,25187,28.448,0.059857931,0.006708735,0.074057766,-0.150329355,0.004958731,6.425,6
US.GLD260320P490000,GLD 260320 490.00P,28.09,21.24,28.09,21.24,23.9152,38,102615.0,True,PUT,2026-03-20,490.0,100.0,920,30.477,-0.932432435,0.007804673,0.080150062,-0.145585104,-0.050300532,-0.232,6
US.GLD260320C491000,GLD 260320 491.00C,0.41,1.03,1.03,0.38,1.1024,74,4611.0,True,CALL,2026-03-20,491.0,100.0,1585,28.187,0.052168666,0.006074678,0.066451818,-0.132406374,0.004323972,6.633,6
US.GLD260320P491000,GLD 260320 491.00P,23.18,23.18,23.18,23.18,24.8119,1,2318.0,True,PUT,2026-03-20,491.0,100.0,192,31.257,-0.933846712,0.007487459,0.078858621,-0.146824913,-0.050400642,-1.514,6
US.GLD260320C492000,GLD 260320 492.00C,0.35,0.74,0.74,0.35,1.0036,62,3409.0,True,CALL,2026-03-20,492.0,100.0,687,28.441,0.048224996,0.005654949,0.062419936,-0.124784334,0.003997337,6.837,6
US.GLD260320P492000,GLD 260320 492.00P,30.0,30.0,30.0,30.0,25.7225,5,15000.0,True,PUT,2026-03-20,492.0,100.0,247,34.103,-0.920739045,0.007569907,0.091008161,-0.19261119,-0.054308291,-0.251,6
US.GLD260320C493000,GLD 260320 493.00C,0.28,1.04,1.04,0.28,0.9048,190,10526.0,True,CALL,2026-03-20,493.0,100.0,3219,28.986,0.046274172,0.005367846,0.060390271,-0.122652406,0.003834874,7.039,6
US.GLD260320P493000,GLD 260320 493.00P,29.3,29.3,29.3,29.3,26.6348,2,5860.0,True,PUT,2026-03-20,493.0,100.0,61,32.8,-0.936463174,0.006917017,0.076443098,-0.149191639,-0.050593075,-0.62,6
US.GLD260320C494000,GLD 260320 494.00C,0.26,0.84,0.84,0.26,0.82,133,5106.0,True,CALL,2026-03-20,494.0,100.0,811,28.901,0.041011758,0.004883916,0.0547903,-0.110019215,0.003399922,7.251,6
US.GLD260320P494000,GLD 260320 494.00P,27.5609,27.5609,0.0,0.0,27.5609,0,0.0,True,PUT,2026-03-20,494.0,100.0,119,31.36,-0.952314255,0.006214043,0.060431292,-0.106091632,-0.044928235,-1.215,6
US.GLD260320C495000,GLD 260320 495.00C,0.25,0.8,0.9,0.24,0.7419,2424,152273.0,True,CALL,2026-03-20,495.0,100.0,14741,29.304,0.038725784,0.004597371,0.052297688,-0.106027197,0.003210149,7.466,6
US.GLD260320P495000,GLD 260320 495.00P,31.64,29.6,31.75,29.47,28.4942,12,36317.0,True,PUT,2026-03-20,495.0,100.0,219,32.086,-0.953231648,0.005980614,0.059506925,-0.10682363,-0.044990041,-0.546,6
US.GLD260320C496000,GLD 260320 496.00C,0.2,0.72,0.72,0.2,0.69,159,6264.0,True,CALL,2026-03-20,496.0,100.0,558,29.061,0.033465326,0.004113347,0.046411649,-0.092366009,0.002775362,7.672,6
US.GLD260320P496000,GLD 260320 496.00P,29.4509,29.4509,0.0,0.0,29.4509,0,0.0,True,PUT,2026-03-20,496.0,100.0,151,32.37,-0.956843238,0.005674074,0.055658097,-0.09925611,-0.043657216,-1.239,6
US.GLD260320C497000,GLD 260320 497.00C,0.2,0.61,0.61,0.18,0.6382,79,3061.0,True,CALL,2026-03-20,497.0,100.0,606,29.828,0.033329953,0.003994229,0.046256611,-0.094426422,0.002763046,7.889,6
US.GLD260320P497000,GLD 260320 497.00P,34.4,34.4,34.4,34.4,30.4082,2,6880.0,True,PUT,2026-03-20,497.0,100.0,36,32.112,-0.963517711,0.005279436,0.04825515,-0.082144055,-0.040272901,-0.381,6
US.GLD260320C498000,GLD 260320 498.00C,0.17,0.55,0.55,0.17,0.5865,55,1849.0,True,CALL,2026-03-20,498.0,100.0,343,29.678,0.029145863,0.00359272,0.041405724,-0.083309322,0.002417078,8.1,6
US.GLD260320P498000,GLD 260320 498.00P,34.7,34.7,34.7,34.7,31.3664,1,3470.0,True,PUT,2026-03-20,498.0,100.0,332,31.659,-0.970932864,0.004873599,0.039604566,-0.062661452,-0.035509118,-0.533,6
US.GLD260320C499000,GLD 260320 499.00C,0.17,0.55,0.55,0.15,0.5347,74,2712.0,True,CALL,2026-03-20,499.0,100.0,927,30.318,0.028610782,0.003463119,0.040773136,-0.083672635,0.002372015,8.317,6
US.GLD260320P499000,GLD 260320 499.00P,32.326,32.326,0.0,0.0,32.326,0,0.0,True,PUT,2026-03-20,499.0,100.0,11,32.33,-0.971455058,0.004701926,0.039021659,-0.062993541,-0.035539414,-1.265,6
US.GLD260320C500000,GLD 260320 500.00C,0.2,1.3,1.3,0.01,0.4873,3367,112272.0,True,CALL,2026-03-20,500.0,100.0,26202,31.2,0.029103009,0.003413264,0.041353525,-0.087406978,0.002411639,8.54,6
US.GLD260320P500000,GLD 260320 500.00P,36.15,31.25,37.71,31.25,33.2901,25,89053.0,True,PUT,2026-03-20,500.0,100.0,659,35.188,-0.959802999,0.004931399,0.052575572,-0.101669068,-0.043870151,-0.653,6
US.GLD260320C501000,GLD 260320 501.00C,0.13,0.6,0.6,0.13,0.4399,88,2769.0,True,CALL,2026-03-20,501.0,100.0,974,31.461,0.027108904,0.003190744,0.038983544,-0.082659514,0.002246446,8.742,6
US.GLD260320P501000,GLD 260320 501.00P,34.2555,34.2555,0.0,0.0,34.2555,0,0.0,True,PUT,2026-03-20,501.0,100.0,5,0.0,0.0,0.0,0.0,0.0,0.0,-1.281,6
US.GLD260320C502000,GLD 260320 502.00C,0.12,0.41,0.41,0.11,0.4,81,2138.0,True,CALL,2026-03-20,502.0,100.0,1554,30.669,0.021485673,0.002692515,0.032080128,-0.065238876,0.001782022,8.957,6
US.GLD260320P502000,GLD 260320 502.00P,33.0,33.0,33.0,33.0,35.2282,1,3300.0,True,PUT,2026-03-20,502.0,100.0,13,34.957,-0.969576084,0.00435042,0.041408406,-0.07452971,-0.038281942,-1.77,6
US.GLD260320C503000,GLD 260320 503.00C,0.1,0.37,0.37,0.09,0.377,117,2768.0,True,CALL,2026-03-20,503.0,100.0,1462,32.026,0.02371882,0.002802553,0.034861769,-0.074521154,0.001965516,9.17,6
US.GLD260320P503000,GLD 260320 503.00P,36.2132,36.2132,0.0,0.0,36.2132,0,0.0,True,PUT,2026-03-20,503.0,100.0,13,34.26,-0.976995471,0.003996394,0.032335026,-0.05260941,-0.032336959,-1.29,6
US.GLD260320C504000,GLD 260320 504.00C,0.1,0.38,0.38,0.1,0.3539,133,2687.0,True,CALL,2026-03-20,504.0,100.0,549,32.783,0.023827708,0.002748436,0.034995058,-0.076577569,0.001973771,9.387,6
US.GLD260320P504000,GLD 260320 504.00P,37.1986,37.1986,0.0,0.0,37.1986,0,0.0,True,PUT,2026-03-20,504.0,100.0,86,0.0,0.0,0.0,0.0,0.0,0.0,-1.293,6
US.GLD260320C505000,GLD 260320 505.00C,0.08,0.39,0.39,0.08,0.3309,320,7934.0,True,CALL,2026-03-20,505.0,100.0,7928,31.612,0.017786192,0.00222489,0.027330841,-0.056501033,0.001475036,9.599,6
US.GLD260320P505000,GLD 260320 505.00P,42.35,36.1,42.35,35.2,38.1844,4,14885.0,True,PUT,2026-03-20,505.0,100.0,51,0.0,0.0,0.0,0.0,0.0,0.0,-0.392,6
US.GLD260320C506000,GLD 260320 506.00C,0.07,0.33,0.33,0.07,0.3079,41,740.0,True,CALL,2026-03-20,506.0,100.0,192,32.38,0.018035028,0.002198045,0.027654567,-0.058602051,0.001495077,9.814,6
US.GLD260320P506000,GLD 260320 506.00P,36.7,36.7,36.7,36.7,39.1718,1,3670.0,True,PUT,2026-03-20,506.0,100.0,1,36.935,-0.974549963,0.003745618,0.035507266,-0.065092299,-0.035748253,-1.835,6
US.GLD260320C507000,GLD 260320 507.00C,0.09,0.29,0.29,0.08,0.2849,60,1077.0,True,CALL,2026-03-20,507.0,100.0,487,32.964,0.01775369,0.002130342,0.02728592,-0.058786798,0.001471383,10.036,6
US.GLD260320P507000,GLD 260320 507.00P,40.1598,40.1598,0.0,0.0,40.1598,0,0.0,True,PUT,2026-03-20,507.0,100.0,0,39.977,-0.963933379,0.003979129,0.048162656,-0.105350943,-0.044220495,-1.302,6
US.GLD260320C508000,GLD 260320 508.00C,0.08,0.29,0.29,0.08,0.262,509,9392.0,True,CALL,2026-03-20,508.0,100.0,1097,33.357,0.016964492,0.002025042,0.026247836,-0.057032092,0.001405834,10.25,6
US.GLD260320P508000,GLD 260320 508.00P,41.1485,41.1485,0.0,0.0,41.1485,0,0.0,True,PUT,2026-03-20,508.0,100.0,2,40.647,-0.964438827,0.003869348,0.047613274,-0.105831036,-0.044268946,-1.304,6
US.GLD260320C509000,GLD 260320 509.00C,0.06,0.31,0.31,0.06,0.239,29,582.0,True,CALL,2026-03-20,509.0,100.0,4386,36.543,0.024322139,0.002508575,0.035599218,-0.086852335,0.002010837,10.463,6
US.GLD260320P509000,GLD 260320 509.00P,42.1381,42.1381,0.0,0.0,42.1381,0,0.0,True,PUT,2026-03-20,509.0,100.0,0,41.315,-0.964926471,0.003764814,0.047081246,-0.106301642,-0.044317173,-1.306,6
US.GLD260320C510000,GLD 260320 510.00C,0.13,0.27,0.28,0.04,0.2278,439,8531.0,True,CALL,2026-03-20,510.0,100.0,30680,34.507,0.016465283,0.001908155,0.025585007,-0.057366763,0.001363792,10.695,6
US.GLD260320P510000,GLD 260320 510.00P,43.1345,43.1345,0.0,0.0,43.1345,0,0.0,True,PUT,2026-03-20,510.0,100.0,83,0.0,0.0,0.0,0.0,0.0,0.0,-1.307,6
US.GLD260320C511000,GLD 260320 511.00C,0.05,0.21,0.22,0.05,0.2167,17,181.0,True,CALL,2026-03-20,511.0,100.0,367,36.521,0.020069081,0.002134175,0.030274848,-0.072821558,0.001659975,10.895,6
US.GLD260320P511000,GLD 260320 511.00P,44.1309,0.0,0.0,0.0,44.1309,0,0.0,True,PUT,2026-03-20,511.0,100.0,0,42.64,-0.96585283,0.003570094,0.04606505,-0.107213033,-0.044412534,-1.308,6
US.GLD260320C512000,GLD 260320 512.00C,0.06,0.2,0.2,0.06,0.2056,46,627.0,True,CALL,2026-03-20,512.0,100.0,433,35.02,0.014493506,0.001685184,0.022935199,-0.051709278,0.001200479,11.114,6
US.GLD260320P512000,GLD 260320 512.00P,45.1277,45.1277,0.0,0.0,45.1277,0,0.0,True,PUT,2026-03-20,512.0,100.0,0,43.299,-0.966293095,0.003479304,0.045579522,-0.107655125,-0.044459802,-1.309,6
US.GLD260320C513000,GLD 260320 513.00C,0.06,0.12,0.12,0.05,0.1945,19,166.0,True,CALL,2026-03-20,513.0,100.0,402,37.168,0.018152951,0.001925527,0.027801583,-0.067561647,0.001501348,11.331,6
US.GLD260320P513000,GLD 260320 513.00P,46.1246,46.1246,0.0,0.0,46.1246,0,0.0,True,PUT,2026-03-20,513.0,100.0,0,43.383,-0.969008888,0.003323557,0.042420122,-0.098564611,-0.042838442,-1.309,6
US.GLD260320C514000,GLD 260320 514.00C,0.05,0.15,0.27,0.04,0.1834,21,217.0,True,CALL,2026-03-20,514.0,100.0,212,38.1,0.018815477,0.00193666,0.028661086,-0.071560053,0.001555315,11.546,6
US.GLD260320P514000,GLD 260320 514.00P,47.1216,47.1216,0.0,0.0,47.1216,0,0.0,True,PUT,2026-03-20,514.0,100.0,1,44.03,-0.969395479,0.0032417,0.041984963,-0.098944963,-0.0428812,-1.31,6
US.GLD260320C515000,GLD 260320 515.00C,0.05,0.38,0.38,0.05,0.176,480,7714.0,True,CALL,2026-03-20,515.0,100.0,19445,35.724,0.011889353,0.001392108,0.019332503,-0.043829234,0.000984823,11.763,6
US.GLD260320P515000,GLD 260320 515.00P,48.12,48.12,0.0,0.0,48.12,0,0.0,True,PUT,2026-03-20,515.0,100.0,1,44.674,-0.96976987,0.003163358,0.041562202,-0.099318485,-0.04292385,-1.31,6
US.GLD260320C520000,GLD 260320 520.00C,0.05,0.19,0.25,0.05,0.1393,194,2445.0,True,CALL,2026-03-20,520.0,100.0,3703,41.892,0.018276489,0.001718298,0.027957969,-0.07651965,0.001508094,12.848,6
US.GLD260320P520000,GLD 260320 520.00P,53.12,53.12,0.0,0.0,53.12,0,0.0,True,PUT,2026-03-20,520.0,100.0,1,43.816,-0.985203211,0.002426637,0.022005898,-0.04152911,-0.028229996,-1.31,6
US.GLD260320C525000,GLD 260320 525.00C,0.1,0.31,0.49,0.05,0.1026,225,2687.0,True,CALL,2026-03-20,525.0,100.0,8410,41.599,0.011422593,0.001154639,0.018665682,-0.049071562,0.000943684,13.944,6
US.GLD260320P525000,GLD 260320 525.00P,58.12,58.12,0.0,0.0,58.12,0,0.0,True,PUT,2026-03-20,525.0,100.0,10,0.0,0.0,0.0,0.0,0.0,0.0,-1.31,6
US.GLD260320C530000,GLD 260320 530.00C,0.09,0.11,0.2,0.04,0.0864,138,1306.0,True,CALL,2026-03-20,530.0,100.0,3824,45.752,0.013300346,0.001197792,0.021288803,-0.062167678,0.001096335,15.026,6
US.GLD260320P530000,GLD 260320 530.00P,63.12,63.12,0.0,0.0,63.12,0,0.0,True,PUT,2026-03-20,530.0,100.0,5,0.0,0.0,0.0,0.0,0.0,0.0,-1.31,6
US.GLD260320C535000,GLD 260320 535.00C,0.08,0.11,0.19,0.06,0.0704,83,709.0,True,CALL,2026-03-20,535.0,100.0,1750,52.397,0.019684029,0.001463304,0.029771171,-0.102207896,0.001615661,16.109,6
US.GLD260320P535000,GLD 260320 535.00P,76.15,76.15,76.15,76.15,68.12,1,7615.0,True,PUT,2026-03-20,535.0,100.0,0,0.0,0.0,0.0,0.0,0.0,0.0,0.431,6
US.GLD260320C540000,GLD 260320 540.00C,0.08,0.08,0.2,0.05,0.0638,225,1699.0,True,CALL,2026-03-20,540.0,100.0,2481,51.957,0.013524341,0.001070082,0.02159393,-0.071604997,0.001111543,17.194,6
US.GLD260320P540000,GLD 260320 540.00P,81.13,81.13,81.13,81.13,73.12,1,8113.0,True,PUT,2026-03-20,540.0,100.0,1,57.474,-0.982538788,0.001768569,0.02590208,-0.071956623,-0.036741482,0.427,6
US.GLD260320C545000,GLD 260320 545.00C,0.07,0.09,0.09,0.06,0.0572,18,138.0,True,CALL,2026-03-20,545.0,100.0,2373,49.651,0.007063561,0.000635014,0.01225415,-0.037106604,0.000582067,18.277,6
US.GLD260320P545000,GLD 260320 545.00P,86.2,86.2,86.2,86.2,78.12,1,8620.0,True,PUT,2026-03-20,545.0,100.0,0,57.969,-0.988345701,0.001506688,0.017953658,-0.043551496,-0.028708682,0.442,6
US.GLD260320C550000,GLD 260320 550.00C,0.01,0.01,0.1,0.01,0.0506,184,718.0,True,CALL,2026-03-20,550.0,100.0,7998,42.975,0.001340418,0.000164464,0.002757436,-0.006430675,0.000111057,19.349,6
US.GLD260320P550000,GLD 260320 550.00P,91.18,91.18,91.18,91.18,83.12,1,9118.0,True,PUT,2026-03-20,550.0,100.0,1,60.666,-0.98878393,0.001395436,0.017371863,-0.0438676,-0.02880772,0.438,6
US.GLD260320C555000,GLD 260320 555.00C,0.1,0.13,0.13,0.06,0.0441,57,596.0,True,CALL,2026-03-20,555.0,100.0,1947,58.524,0.010704582,0.00077567,0.017631711,-0.064704266,0.000877731,20.453,6
US.GLD260320P555000,GLD 260320 555.00P,88.12,88.12,0.0,0.0,88.12,0,0.0,True,PUT,2026-03-20,555.0,100.0,0,63.325,-0.989180317,0.001298371,0.01684179,-0.044163473,-0.028907938,-1.31,6
US.GLD260320C560000,GLD 260320 560.00C,0.07,0.17,0.17,0.07,0.0375,7,61.0,True,CALL,2026-03-20,560.0,100.0,3572,56.659,0.006278564,0.000501434,0.011040142,-0.03778983,0.000515958,21.532,6
US.GLD260320P560000,GLD 260320 560.00P,93.12,93.12,0.0,0.0,93.12,0,0.0,True,PUT,2026-03-20,560.0,100.0,0,71.332,-0.979573258,0.001444425,0.029971416,-0.111464788,-0.044770575,-1.31,6
US.GLD260320C565000,GLD 260320 565.00C,0.031,0.031,0.0,0.0,0.031,0,0.0,True,CALL,2026-03-20,565.0,100.0,1208,73.124,0.022522021,0.001175097,0.033357803,-0.160737833,0.001829077,22.608,6
US.GLD260320P565000,GLD 260320 565.00P,98.12,0.0,0.0,0.0,98.12,0,0.0,True,PUT,2026-03-20,565.0,100.0,0,74.065,-0.980195889,0.001357117,0.029197082,-0.112457686,-0.044971789,-1.31,6
US.GLD260320C570000,GLD 260320 570.00C,0.05,0.01,0.08,0.01,0.0245,240,1096.0,True,CALL,2026-03-20,570.0,100.0,1900,59.001,0.004450688,0.000354582,0.008131448,-0.028281006,0.000365678,23.698,6
US.GLD260320P570000,GLD 260320 570.00P,103.12,103.12,0.0,0.0,103.12,0,0.0,True,PUT,2026-03-20,570.0,100.0,0,76.759,-0.980768259,0.00127919,0.028480649,-0.113405313,-0.045172577,-1.31,6
US.GLD260320C575000,GLD 260320 575.00C,0.05,0.01,0.05,0.01,0.018,17,77.0,True,CALL,2026-03-20,575.0,100.0,1086,67.418,0.008787885,0.000566725,0.014839101,-0.061776205,0.000718143,24.783,6
US.GLD260320P575000,GLD 260320 575.00P,108.12,108.12,0.0,0.0,108.12,0,0.0,True,PUT,2026-03-20,575.0,100.0,0,79.417,-0.981296286,0.001209269,0.027815709,-0.114312402,-0.045373062,-1.31,6
US.GLD260320C580000,GLD 260320 580.00C,0.0118,0.0118,0.0,0.0,0.0118,0,0.0,True,CALL,2026-03-20,580.0,100.0,871,74.772,0.013308541,0.000733307,0.021289526,-0.101084506,0.001082403,25.859,6
US.GLD260320P580000,GLD 260320 580.00P,113.12,113.12,0.0,0.0,113.12,0,0.0,True,PUT,2026-03-20,580.0,100.0,0,82.04,-0.981785131,0.001146242,0.027196592,-0.115181838,-0.045573135,-1.31,6
US.GLD260320C585000,GLD 260320 585.00C,0.0076,0.0076,0.0,0.0,0.0076,0,0.0,True,CALL,2026-03-20,585.0,100.0,1100,65.364,0.004060388,0.000294849,0.007489497,-0.02864491,0.000332809,26.943,6
US.GLD260320P585000,GLD 260320 585.00P,118.12,118.12,0.0,0.0,118.12,0,0.0,True,PUT,2026-03-20,585.0,100.0,0,84.629,-0.982239016,0.001089178,0.026618653,-0.116017461,-0.045772921,-1.31,6
US.GLD260320C590000,GLD 260320 590.00C,0.0049,0.0049,0.0,0.0,0.0049,0,0.0,True,CALL,2026-03-20,590.0,100.0,809,55.172,0.000547094,5.6193e-05,0.001209056,-0.003400143,4.5178e-05,28.027,6
US.GLD260320P590000,GLD 260320 590.00P,123.12,123.12,0.0,0.0,123.12,0,0.0,True,PUT,2026-03-20,590.0,100.0,0,87.185,-0.982661855,0.001037302,0.026077493,-0.116820161,-0.045972103,-1.31,6
US.GLD260320C595000,GLD 260320 595.00C,0.0031,0.0031,0.0,0.0,0.0031,0,0.0,True,CALL,2026-03-20,595.0,100.0,3893,55.072,0.000356416,3.784e-05,0.000813401,-0.00221733,2.9449e-05,29.112,6
US.GLD260320P595000,GLD 260320 595.00P,128.12,128.12,0.0,0.0,128.12,0,0.0,True,PUT,2026-03-20,595.0,100.0,0,89.709,-0.983056589,0.000989974,0.025569863,-0.117594393,-0.046171021,-1.31,6
US.GLD260320C600000,GLD 260320 600.00C,0.05,0.15,0.15,0.01,0.002,180,634.0,True,CALL,2026-03-20,600.0,100.0,9053,69.937,0.003111876,0.000217019,0.005898524,-0.023677738,0.000254757,30.207,6
US.GLD260320P600000,GLD 260320 600.00P,133.12,133.12,0.0,0.0,133.12,0,0.0,True,PUT,2026-03-20,600.0,100.0,0,92.203,-0.983426068,0.000946645,0.025092529,-0.118341515,-0.046369534,-1.31,6
US.GLD260320C605000,GLD 260320 605.00C,0.0012,0.0012,0.0,0.0,0.0012,0,0.0,True,CALL,2026-03-20,605.0,100.0,485,94.101,0.019225592,0.000798639,0.029174173,-0.178362344,0.0015469,31.282,6
US.GLD260320P605000,GLD 260320 605.00P,138.12,138.12,0.0,0.0,138.12,0,0.0,True,PUT,2026-03-20,605.0,100.0,0,94.667,-0.983772596,0.000906852,0.024642896,-0.119064399,-0.046567794,-1.31,6
US.GLD260320C610000,GLD 260320 610.00C,0.0008,0.0008,0.0,0.0,0.0008,0,0.0,True,CALL,2026-03-20,610.0,100.0,1727,74.684,0.003270367,0.000212514,0.006167063,-0.026509638,0.00026719,32.366,6
US.GLD260320P610000,GLD 260320 610.00P,143.12,143.12,0.0,0.0,143.12,0,0.0,True,PUT,2026-03-20,610.0,100.0,0,97.103,-0.984098479,0.000870198,0.024218282,-0.119762817,-0.046765464,-1.31,6
US.GLD260320C615000,GLD 260320 615.00C,0.04,0.04,0.04,0.04,0.0005,4,16.0,True,CALL,2026-03-20,615.0,100.0,130,75.754,0.002896524,0.000187819,0.005528745,-0.023899229,0.000236621,33.46,6
US.GLD260320P615000,GLD 260320 615.00P,148.12,148.12,0.0,0.0,148.12,0,0.0,True,PUT,2026-03-20,615.0,100.0,0,99.51,-0.984405418,0.00083634,0.023816765,-0.12043974,-0.046962775,-1.31,6
US.GLD260320C620000,GLD 260320 620.00C,0.03,0.06,0.06,0.03,0.0003,110,333.0,True,CALL,2026-03-20,620.0,100.0,2320,79.345,0.003413777,0.0002079,0.006408738,-0.02933515,0.000278354,34.543,6
US.GLD260320P620000,GLD 260320 620.00P,153.12,153.12,0.0,0.0,153.12,0,0.0,True,PUT,2026-03-20,620.0,100.0,0,101.89,-0.984695114,0.000804982,0.023436361,-0.121095878,-0.047159604,-1.31,6
US.GLD260320C625000,GLD 260320 625.00C,0.0002,0.0002,0.0,0.0,0.0002,0,0.0,True,CALL,2026-03-20,625.0,100.0,293,103.647,0.01789967,0.000682285,0.027451815,-0.183692409,0.001434324,35.621,6
US.GLD260320P625000,GLD 260320 625.00P,158.12,158.12,0.0,0.0,158.12,0,0.0,True,PUT,2026-03-20,625.0,100.0,0,104.245,-0.98496886,0.000775877,0.023075599,-0.121734086,-0.047356211,-1.31,6
US.GLD260320C630000,GLD 260320 630.00C,0.0001,0.0001,0.0,0.0,0.0001,0,0.0,True,CALL,2026-03-20,630.0,100.0,990,105.548,0.017228372,0.000648486,0.026570614,-0.180526658,0.001379618,36.706,6
US.GLD260320P630000,GLD 260320 630.00P,163.12,163.12,0.0,0.0,163.12,0,0.0,True,PUT,2026-03-20,630.0,100.0,0,106.573,-0.985228167,0.000748793,0.022732669,-0.122353211,-0.047552198,-1.31,6
US.GLD260320C635000,GLD 260320 635.00C,0.0001,0.0001,0.0,0.0,0.0001,0,0.0,True,CALL,2026-03-20,635.0,100.0,133,107.791,0.016921282,0.000625307,0.026165244,-0.181266029,0.001353757,37.791,6
US.GLD260320P635000,GLD 260320 635.00P,168.12,168.12,0.0,0.0,168.12,0,0.0,True,PUT,2026-03-20,635.0,100.0,0,108.877,-0.985474031,0.000723536,0.022406431,-0.122955916,-0.047747832,-1.31,6
US.GLD260320C640000,GLD 260320 640.00C,0.0001,0.0001,0.0,0.0,0.0001,0,0.0,True,CALL,2026-03-20,640.0,100.0,1596,57.146,1.3182e-05,1.636e-06,3.6794e-05,-8.3765e-05,1.091e-06,38.876,6
US.GLD260320P640000,GLD 260320 640.00P,173.12,173.12,0.0,0.0,173.12,0,0.0,True,PUT,2026-03-20,640.0,100.0,0,111.156,-0.985707539,0.000699941,0.022095592,-0.123542564,-0.047943006,-1.31,6
US.GLD260320C645000,GLD 260320 645.00C,0.0001,0.0001,0.0,0.0,0.0001,0,0.0,True,CALL,2026-03-20,645.0,100.0,128,58.426,1.2909e-05,1.568e-06,3.6051e-05,-8.383e-05,1.068e-06,39.961,6
US.GLD260320P645000,GLD 260320 645.00P,178.12,0.0,0.0,0.0,178.12,0,0.0,True,PUT,2026-03-20,645.0,100.0,0,113.411,-0.985929634,0.000677851,0.021799028,-0.124113811,-0.048137675,-1.31,6
US.GLD260320C650000,GLD 260320 650.00C,0.03,0.01,0.2,0.01,0.0001,614,2189.0,True,CALL,2026-03-20,650.0,100.0,2763,84.952,0.001690748,0.000102825,0.003394692,-0.015832283,0.000137817,41.053,6
US.GLD260320P650000,GLD 260320 650.00P,183.12,183.12,0.0,0.0,183.12,0,0.0,True,PUT,2026-03-20,650.0,100.0,0,115.644,-0.98614114,0.000657134,0.021515759,-0.124670571,-0.048331851,-1.31,6
US.GLD260320C655000,GLD 260320 655.00C,0.0001,0.0001,0.0,0.0,0.0001,0,0.0,True,CALL,2026-03-20,655.0,100.0,45,60.953,1.2405e-05,1.447e-06,3.4678e-05,-8.3958e-05,1.026e-06,42.131,6
US.GLD260320P655000,GLD 260320 655.00P,188.12,0.0,0.0,0.0,188.12,0,0.0,True,PUT,2026-03-20,655.0,100.0,0,117.854,-0.986342778,0.000637671,0.021244933,-0.125213987,-0.048525599,-1.31,6
US.GLD260320C660000,GLD 260320 660.00C,0.0001,0.0001,0.0,0.0,0.0001,0,0.0,True,CALL,2026-03-20,660.0,100.0,3586,62.199,1.2171e-05,1.393e-06,3.4041e-05,-8.4018e-05,1.006e-06,43.216,6
US.GLD260320P660000,GLD 260320 660.00P,193.12,193.12,0.0,0.0,193.12,0,0.0,True,PUT,2026-03-20,660.0,100.0,0,120.042,-0.986535176,0.000619355,0.020985802,-0.125745408,-0.048719025,-1.31,6
US.GLD260320C665000,GLD 260320 665.00C,0.0001,0.0001,0.0,0.0,0.0001,0,0.0,True,CALL,2026-03-20,665.0,100.0,31,63.434,1.1948e-05,1.342e-06,3.3434e-05,-8.4077e-05,9.87e-07,44.301,6
US.GLD260320P665000,GLD 260320 665.00P,198.12,198.12,0.0,0.0,198.12,0,0.0,True,PUT,2026-03-20,665.0,100.0,0,122.209,-0.986719151,0.000602096,0.020737347,-0.126263099,-0.048911724,-1.31,6
US.GLD260320C670000,GLD 260320 670.00C,0.0001,0.0001,0.0,0.0,0.0001,0,0.0,True,CALL,2026-03-20,670.0,100.0,1444,64.659,1.1734e-05,1.294e-06,3.2854e-05,-8.4133e-05,9.69e-07,45.386,6
US.GLD260320P670000,GLD 260320 670.00P,203.12,0.0,0.0,0.0,203.12,0,0.0,True,PUT,2026-03-20,670.0,100.0,0,124.354,-0.986895039,0.000585804,0.020499202,-0.126770447,-0.049104166,-1.31,6
US.GLD260320C675000,GLD 260320 675.00C,0.0001,0.0001,0.0,0.0,0.0001,0,0.0,True,CALL,2026-03-20,675.0,100.0,20,65.873,1.1531e-05,1.249e-06,3.23e-05,-8.4189e-05,9.52e-07,46.471,6
US.GLD260320P675000,GLD 260320 675.00P,208.12,0.0,0.0,0.0,208.12,0,0.0,True,PUT,2026-03-20,675.0,100.0,0,126.479,-0.98706351,0.000570405,0.020270527,-0.127266099,-0.049296028,-1.31,6
US.GLD260320C680000,GLD 260320 680.00C,0.0001,0.0001,0.0,0.0,0.0001,0,0.0,True,CALL,2026-03-20,680.0,100.0,2378,67.076,1.1336e-05,1.207e-06,3.177e-05,-8.4243e-05,9.36e-07,47.556,6
US.GLD260320P680000,GLD 260320 680.00P,213.12,0.0,0.0,0.0,213.12,0,0.0,True,PUT,2026-03-20,680.0,100.0,0,128.584,-0.987224973,0.000555832,0.020050831,-0.127751322,-0.049487435,-1.31,6
US.GLD260320C685000,GLD 260320 685.00C,0.0001,0.0001,0.0,0.0,0.0001,0,0.0,True,CALL,2026-03-20,685.0,100.0,317,68.27,1.115e-05,1.167e-06,3.1263e-05,-8.4295e-05,9.2e-07,48.641,6
US.GLD260320P685000,GLD 260320 685.00P,218.12,0.0,0.0,0.0,218.12,0,0.0,True,PUT,2026-03-20,685.0,100.0,0,130.67,-0.987379914,0.000542022,0.019839514,-0.128225924,-0.049678271,-1.31,6
US.GLD260320C690000,GLD 260320 690.00C,0.0001,0.0001,0.0,0.0,0.0001,0,0.0,True,CALL,2026-03-20,690.0,100.0,1535,69.453,1.0971e-05,1.13e-06,3.0777e-05,-8.4347e-05,9.05e-07,49.726,6
US.GLD260320P690000,GLD 260320 690.00P,223.12,0.0,0.0,0.0,223.12,0,0.0,True,PUT,2026-03-20,690.0,100.0,0,132.736,-0.987528643,0.000528918,0.019636208,-0.128691459,-0.049868724,-1.31,6
US.GLD260320C695000,GLD 260320 695.00C,0.0001,0.0001,0.0,0.0,0.0001,0,0.0,True,CALL,2026-03-20,695.0,100.0,9,70.627,1.08e-05,1.095e-06,3.031e-05,-8.4397e-05,8.91e-07,50.811,6
US.GLD260320P695000,GLD 260320 695.00P,228.12,0.0,0.0,0.0,228.12,0,0.0,True,PUT,2026-03-20,695.0,100.0,0,134.783,-0.987671609,0.000516469,0.019440345,-0.129147225,-0.050058604,-1.31,6
US.GLD260320C700000,GLD 260320 700.00C,0.01,0.01,0.03,0.01,0.0001,1731,3239.0,True,CALL,2026-03-20,700.0,100.0,13196,97.153,0.000930522,5.2069e-05,0.001965999,-0.010047192,7.5622e-05,51.898,6
US.GLD260320P700000,GLD 260320 700.00P,233.12,0.0,0.0,0.0,233.12,0,0.0,True,PUT,2026-03-20,700.0,100.0,0,136.812,-0.987809102,0.000504634,0.019251576,-0.129594248,-0.050248015,-1.31,6
US.GLD260320C705000,GLD 260320 705.00C,0.01,0.01,0.01,0.01,0.0001,126,126.0,True,CALL,2026-03-20,705.0,100.0,6,95.64,0.000645722,3.778e-05,0.001404657,-0.006894745,5.2552e-05,52.983,6
US.GLD260320P705000,GLD 260320 705.00P,238.12,0.0,0.0,0.0,238.12,0,0.0,True,PUT,2026-03-20,705.0,100.0,0,138.823,-0.987941433,0.000493364,0.019069516,-0.13003286,-0.050436957,-1.31,6
US.GLD260320C710000,GLD 260320 710.00C,0.0001,0.0001,0.0,0.0,0.0001,0,0.0,True,CALL,2026-03-20,710.0,100.0,438,74.091,1.0325e-05,1e-06,2.9018e-05,-8.4541e-05,8.51e-07,54.066,6
US.GLD260320P710000,GLD 260320 710.00P,243.12,0.0,0.0,0.0,243.12,0,0.0,True,PUT,2026-03-20,710.0,100.0,0,140.816,-0.988068883,0.000482626,0.018893816,-0.130463539,-0.050625448,-1.31,6
US.GLD260320C715000,GLD 260320 715.00C,0.01,0.01,0.65,0.01,0.0001,136,1761.0,True,CALL,2026-03-20,715.0,100.0,52,98.524,0.000628546,3.5773e-05,0.001370038,-0.006912139,5.1105e-05,55.153,6
US.GLD260320P715000,GLD 260320 715.00P,248.12,0.0,0.0,0.0,248.12,0,0.0,True,PUT,2026-03-20,715.0,100.0,0,142.792,-0.988191752,0.00047238,0.018724095,-0.130886074,-0.050813398,-1.31,6
US.GLD260320C720000,GLD 260320 720.00C,0.01,0.01,0.01,0.01,0.0001,55,55.0,True,CALL,2026-03-20,720.0,100.0,606,99.948,0.000620417,3.4842e-05,0.001353624,-0.006920507,5.0421e-05,56.238,6
US.GLD260320P720000,GLD 260320 720.00P,253.12,0.0,0.0,0.0,253.12,0,0.0,True,PUT,2026-03-20,720.0,100.0,0,144.751,-0.988310314,0.000462598,0.018560006,-0.131300374,-0.051000741,-1.31,6
US.GLD260320C725000,GLD 260320 725.00C,0.01,0.01,0.01,0.01,0.0001,120,120.0,True,CALL,2026-03-20,725.0,100.0,175,101.36,0.000612577,3.3956e-05,0.001337779,-0.006928743,4.976e-05,57.323,6
US.GLD260320P725000,GLD 260320 725.00P,258.12,0.0,0.0,0.0,258.12,0,0.0,True,PUT,2026-03-20,725.0,100.0,0,146.693,-0.988424713,0.000453251,0.018401386,-0.131707982,-0.051187693,-1.31,6
US.GLD260320C730000,GLD 260320 730.00C,0.02,0.02,0.02,0.02,0.0001,5,10.0,True,CALL,2026-03-20,730.0,100.0,9635,108.39,0.001103034,5.4554e-05,0.00229733,-0.013229885,8.9237e-05,58.41,6
US.GLD260320P730000,GLD 260320 730.00P,263.12,0.0,0.0,0.0,263.12,0,0.0,True,PUT,2026-03-20,730.0,100.0,0,148.619,-0.988535174,0.00044431,0.018247947,-0.132108986,-0.051374222,-1.31,6
US.GLD260320C735000,GLD 260320 735.00C,0.0001,0.0001,0.0,0.0,0.0001,0,0.0,True,CALL,2026-03-20,735.0,100.0,18,79.682,9.643e-06,8.71e-07,2.7164e-05,-8.4759e-05,7.93e-07,59.491,6
US.GLD260320P735000,GLD 260320 735.00P,268.12,0.0,0.0,0.0,268.12,0,0.0,True,PUT,2026-03-20,735.0,100.0,0,150.529,-0.988641951,0.000435747,0.018099361,-0.132502806,-0.051560188,-1.31,6
US.GLD260320C740000,GLD 260320 740.00C,0.0001,0.0001,0.0,0.0,0.0001,0,0.0,True,CALL,2026-03-20,740.0,100.0,171,80.774,9.521e-06,8.49e-07,2.6831e-05,-8.4801e-05,7.83e-07,60.576,6
US.GLD260320P740000,GLD 260320 740.00P,273.12,0.0,0.0,0.0,273.12,0,0.0,True,PUT,2026-03-20,740.0,100.0,0,152.423,-0.988745226,0.000427547,0.017955397,-0.132889716,-0.051745595,-1.31,6
US.GLD260320C745000,GLD 260320 745.00C,0.01,0.01,0.01,0.01,0.0001,5,5.0,True,CALL,2026-03-20,745.0,100.0,4,106.892,0.00058378,3.0797e-05,0.001279436,-0.006959962,4.7335e-05,61.663,6
US.GLD260320P745000,GLD 260320 745.00P,278.12,0.0,0.0,0.0,278.12,0,0.0,True,PUT,2026-03-20,745.0,100.0,0,154.301,-0.988845163,0.000419681,0.01781585,-0.133270067,-0.051930468,-1.31,6
US.GLD260320C750000,GLD 260320 750.00C,0.0001,0.0001,0.0,0.0,0.0001,0,0.0,True,CALL,2026-03-20,750.0,100.0,1486,82.934,9.288e-06,8.08e-07,2.6197e-05,-8.488e-05,7.63e-07,62.746,6
US.GLD260320P750000,GLD 260320 750.00P,283.12,0.0,0.0,0.0,283.12,0,0.0,True,PUT,2026-03-20,750.0,100.0,0,156.165,-0.988941863,0.000412134,0.017680601,-0.133645035,-0.052114972,-1.31,6
US.GLD260320C755000,GLD 260320 755.00C,0.0001,0.0001,0.0,0.0,0.0001,0,0.0,True,CALL,2026-03-20,755.0,100.0,214,84.001,9.178e-06,7.88e-07,2.5895e-05,-8.4918e-05,7.54e-07,63.831,6
US.GLD260320P755000,GLD 260320 755.00P,288.12,0.0,0.0,0.0,288.12,0,0.0,True,PUT,2026-03-20,755.0,100.0,0,158.013,-0.989035554,0.000404887,0.017549348,-0.134013612,-0.0522989,-1.31,6
US.GLD260320C760000,GLD 260320 760.00C,0.0001,0.0001,0.0,0.0,0.0001,0,0.0,True,CALL,2026-03-20,760.0,100.0,353,85.061,9.071e-06,7.7e-07,2.5603e-05,-8.4956e-05,7.45e-07,64.916,6
US.GLD260320P760000,GLD 260320 760.00P,293.12,0.0,0.0,0.0,293.12,0,0.0,True,PUT,2026-03-20,760.0,100.0,0,159.847,-0.989126308,0.000397922,0.017422011,-0.134377109,-0.052482446,-1.31,6
US.GLD260320C770000,GLD 260320 770.00C,0.0001,0.0001,0.0,0.0,0.0001,0,0.0,True,CALL,2026-03-20,770.0,100.0,30,87.157,8.866e-06,7.35e-07,2.5046e-05,-8.5029e-05,7.28e-07,67.086,6
US.GLD260320P770000,GLD 260320 770.00P,303.12,0.0,0.0,0.0,303.12,0,0.0,True,PUT,2026-03-20,770.0,100.0,0,163.471,-0.989299735,0.00038478,0.017178115,-0.135086225,-0.052847819,-1.31,6
US.GLD260320C780000,GLD 260320 780.00C,0.01,0.01,0.01,0.01,0.0001,50,50.0,True,CALL,2026-03-20,780.0,100.0,888,116.159,0.00054149,2.6437e-05,0.001193324,-0.007009031,4.3774e-05,69.258,6
US.GLD260320P780000,GLD 260320 780.00P,313.12,0.0,0.0,0.0,313.12,0,0.0,True,PUT,2026-03-20,780.0,100.0,0,167.04,-0.989463027,0.000372594,0.016947794,-0.135775173,-0.053211352,-1.31,6
US.GLD260320C790000,GLD 260320 790.00C,0.0001,0.0001,0.0,0.0,0.0001,0,0.0,True,CALL,2026-03-20,790.0,100.0,7230,91.259,8.492e-06,6.74e-07,2.4027e-05,-8.5169e-05,6.96e-07,71.426,6
US.GLD260320P790000,GLD 260320 790.00P,323.12,0.0,0.0,0.0,323.12,0,0.0,True,PUT,2026-03-20,790.0,100.0,0,170.555,-0.989617116,0.00036127,0.016729838,-0.136443975,-0.053572847,-1.31,6
US.GLD260320C800000,GLD 260320 800.00C,0.01,0.01,0.01,0.01,0.0001,13,13.0,True,CALL,2026-03-20,800.0,100.0,45417,121.236,0.00052097,2.4441e-05,0.001151345,-0.007034353,4.2046e-05,73.598,6
US.GLD260320P800000,GLD 260320 800.00P,333.12,0.0,0.0,0.0,333.12,0,0.0,True,PUT,2026-03-20,800.0,100.0,0,174.018,-0.989762733,0.000350716,0.016523304,-0.137094249,-0.053932407,-1.31,6
US.GLD260323C290000,GLD 260323 290.00C,177.3454,0.0,0.0,0.0,177.3454,0,0.0,True,CALL,2026-03-23,290.0,100.0,0,0.0,0.0,0.0,0.0,0.0,0.0,1.411,9
US.GLD260323P290000,GLD 260323 290.00P,0.0001,0.0,0.0,0.0,0.0001,0,0.0,True,PUT,2026-03-23,290.0,100.0,0,66.639,-7.887e-06,6.81e-07,2.7045e-05,-6.321e-05,7.274e-06,37.071,9
US.GLD260323C295000,GLD 260323 295.00C,172.351,0.0,0.0,0.0,172.351,0,0.0,True,CALL,2026-03-23,295.0,100.0,0,0.0,0.0,0.0,0.0,0.0,0.0,1.412,9
US.GLD260323P295000,GLD 260323 295.00P,0.0001,0.0,0.0,0.0,0.0001,0,0.0,True,PUT,2026-03-23,295.0,100.0,0,64.254,-8.143e-06,7.27e-07,2.7896e-05,-6.2985e-05,7.44e-06,35.986,9
US.GLD260323C300000,GLD 260323 300.00C,167.3566,0.0,0.0,0.0,167.3566,0,0.0,True,CALL,2026-03-23,300.0,100.0,0,0.0,0.0,0.0,0.0,0.0,0.0,1.413,9
US.GLD260323P300000,GLD 260323 300.00P,0.0001,0.0,0.0,0.0,0.0001,0,0.0,True,PUT,2026-03-23,300.0,100.0,0,61.907,-8.412e-06,7.77e-07,2.879e-05,-6.2752e-05,7.612e-06,34.901,9
US.GLD260323C305000,GLD 260323 305.00C,162.3622,0.0,0.0,0.0,162.3622,0,0.0,True,CALL,2026-03-23,305.0,100.0,0,0.0,0.0,0.0,0.0,0.0,0.0,1.415,9
US.GLD260323P305000,GLD 260323 305.00P,0.0001,0.0,0.0,0.0,0.0001,0,0.0,True,PUT,2026-03-23,305.0,100.0,0,59.597,-8.696e-06,8.32e-07,2.973e-05,-6.2509e-05,7.791e-06,33.816,9
US.GLD260323C310000,GLD 260323 310.00C,157.3678,0.0,0.0,0.0,157.3678,0,0.0,True,CALL,2026-03-23,310.0,100.0,0,0.0,0.0,0.0,0.0,0.0,0.0,1.416,9
US.GLD260323P310000,GLD 260323 310.00P,0.0001,0.0,0.0,0.0,0.0001,0,0.0,True,PUT,2026-03-23,310.0,100.0,0,57.322,-8.994e-06,8.92e-07,3.0722e-05,-6.2256e-05,7.979e-06,32.731,9
US.GLD260323C315000,GLD 260323 315.00C,152.3734,0.0,0.0,0.0,152.3734,0,0.0,True,CALL,2026-03-23,315.0,100.0,0,0.0,0.0,0.0,0.0,0.0,0.0,1.417,9
US.GLD260323P315000,GLD 260323 315.00P,0.0001,0.0,0.0,0.0,0.0001,0,0.0,True,PUT,2026-03-23,315.0,100.0,0,55.081,-9.308e-06,9.57e-07,3.1769e-05,-6.1992e-05,8.175e-06,31.646,9
US.GLD260323C320000,GLD 260323 320.00C,147.3791,0.0,0.0,0.0,147.3791,0,0.0,True,CALL,2026-03-23,320.0,100.0,0,0.0,0.0,0.0,0.0,0.0,0.0,1.418,9
US.GLD260323P320000,GLD 260323 320.00P,0.0001,0.0,0.0,0.0,0.0001,0,0.0,True,PUT,2026-03-23,320.0,100.0,0,52.873,-9.641e-06,1.029e-06,3.2877e-05,-6.1718e-05,8.379e-06,30.561,9
US.GLD260323C325000,GLD 260323 325.00C,142.3848,0.0,0.0,0.0,142.3848,0,0.0,True,CALL,2026-03-23,325.0,100.0,0,0.0,0.0,0.0,0.0,0.0,0.0,1.42,9
US.GLD260323P325000,GLD 260323 325.00P,0.0002,0.0,0.0,0.0,0.0002,0,0.0,True,PUT,2026-03-23,325.0,100.0,0,52.79,-2.0058e-05,2.117e-06,6.587e-05,-0.000124161,9.893e-06,29.476,9
US.GLD260323C330000,GLD 260323 330.00C,137.3906,0.0,0.0,0.0,137.3906,0,0.0,True,CALL,2026-03-23,330.0,100.0,0,0.0,0.0,0.0,0.0,0.0,0.0,1.421,9
US.GLD260323P330000,GLD 260323 330.00P,0.0004,0.0,0.0,0.0,0.0004,0,0.0,True,PUT,2026-03-23,330.0,100.0,0,52.687,-4.0545e-05,4.187e-06,0.000128081,-0.000244922,1.0892e-05,28.391,9
US.GLD260323C335000,GLD 260323 335.00C,132.3966,0.0,0.0,0.0,132.3966,0,0.0,True,CALL,2026-03-23,335.0,100.0,0,0.0,0.0,0.0,0.0,0.0,0.0,1.422,9
US.GLD260323P335000,GLD 260323 335.00P,0.1,0.1,0.1,0.1,0.0008,2,20.0,True,PUT,2026-03-23,335.0,100.0,0,78.565,-0.005144641,0.000251536,0.011131784,-0.039045837,-0.000545986,27.328,9
US.GLD260323C340000,GLD 260323 340.00C,127.403,0.0,0.0,0.0,127.403,0,0.0,True,CALL,2026-03-23,340.0,100.0,0,0.0,0.0,0.0,0.0,0.0,0.0,1.424,9
US.GLD260323P340000,GLD 260323 340.00P,0.1,0.11,0.11,0.1,0.0016,4,42.0,True,PUT,2026-03-23,340.0,100.0,0,75.269,-0.005357171,0.000272171,0.011540273,-0.038830912,-0.000568265,26.243,9
US.GLD260323C345000,GLD 260323 345.00C,122.4102,0.0,0.0,0.0,122.4102,0,0.0,True,CALL,2026-03-23,345.0,100.0,0,0.0,0.0,0.0,0.0,0.0,0.0,1.425,9
US.GLD260323P345000,GLD 260323 345.00P,0.11,0.08,0.11,0.08,0.0032,7,62.0,True,PUT,2026-03-23,345.0,100.0,0,74.291,-0.00688519,0.000344455,0.014412783,-0.048400998,-0.000746423,25.16,9
US.GLD260323C350000,GLD 260323 350.00C,117.4185,0.0,0.0,0.0,117.4185,0,0.0,True,CALL,2026-03-23,350.0,100.0,0,0.0,0.0,0.0,0.0,0.0,0.0,1.427,9
US.GLD260323P350000,GLD 260323 350.00P,0.0059,0.0,0.0,0.0,0.0059,0,0.0,True,PUT,2026-03-23,350.0,100.0,0,70.986,-0.007185846,0.000374345,0.01496717,-0.04809254,-0.00077841,24.052,9
US.GLD260323C355000,GLD 260323 355.00C,112.4287,0.0,0.0,0.0,112.4287,0,0.0,True,CALL,2026-03-23,355.0,100.0,0,0.0,0.0,0.0,0.0,0.0,0.0,1.429,9
US.GLD260323P355000,GLD 260323 355.00P,0.0106,0.0,0.0,0.0,0.0106,0,0.0,True,PUT,2026-03-23,355.0,100.0,0,67.716,-0.007510433,0.000407996,0.015561897,-0.047768181,-0.000812919,22.968,9
US.GLD260323C360000,GLD 260323 360.00C,107.4422,0.0,0.0,0.0,107.4422,0,0.0,True,CALL,2026-03-23,360.0,100.0,0,0.0,0.0,0.0,0.0,0.0,0.0,1.432,9
US.GLD260323P360000,GLD 260323 360.00P,0.0185,0.0185,0.0,0.0,0.0185,0,0.0,True,PUT,2026-03-23,360.0,100.0,1,65.932,-0.009028417,0.000492603,0.018291833,-0.055102914,-0.000989062,21.885,9
US.GLD260323C365000,GLD 260323 365.00C,102.4607,0.0,0.0,0.0,102.4607,0,0.0,True,CALL,2026-03-23,365.0,100.0,0,0.0,0.0,0.0,0.0,0.0,0.0,1.436,9
US.GLD260323P365000,GLD 260323 365.00P,0.0314,0.0,0.0,0.0,0.0314,0,0.0,True,PUT,2026-03-23,365.0,100.0,0,62.668,-0.009465485,0.000540137,0.019064896,-0.054672207,-0.001035893,20.803,9
US.GLD260323C370000,GLD 260323 370.00C,97.4868,0.0,0.0,0.0,97.4868,0,0.0,True,CALL,2026-03-23,370.0,100.0,0,0.0,0.0,0.0,0.0,0.0,0.0,1.442,9
US.GLD260323P370000,GLD 260323 370.00P,0.0519,0.0,0.0,0.0,0.0519,0,0.0,True,PUT,2026-03-23,370.0,100.0,0,59.435,-0.009942951,0.000594531,0.019903,-0.054216778,-0.001087009,19.722,9
US.GLD260323C375000,GLD 260323 375.00C,92.5181,0.0,0.0,0.0,92.5181,0,0.0,True,CALL,2026-03-23,375.0,100.0,0,44.965,0.997932845,0.00019368,0.004917121,-0.04598898,0.098989135,1.449,9
US.GLD260323P375000,GLD 260323 375.00P,0.0777,0.0,0.0,0.0,0.0777,0,0.0,True,PUT,2026-03-23,375.0,100.0,0,56.701,-0.010988178,0.000679926,0.021714277,-0.056650532,-0.001204968,18.643,9
US.GLD260323C380000,GLD 260323 380.00C,89.05,89.05,89.05,89.05,87.5495,1,8905.0,True,CALL,2026-03-23,380.0,100.0,0,62.022,0.975684284,0.001227244,0.042838843,-0.163711096,0.09748461,1.781,9
US.GLD260323P380000,GLD 260323 380.00P,0.1035,0.0,0.0,0.0,0.1035,0,0.0,True,PUT,2026-03-23,380.0,100.0,0,56.903,-0.01617595,0.000946247,0.03031701,-0.080745552,-0.001817411,17.564,9
US.GLD260323C385000,GLD 260323 385.00C,84.04,84.04,84.04,84.04,82.5809,1,8404.0,True,CALL,2026-03-23,385.0,100.0,0,57.185,0.97670167,0.001284077,0.041328512,-0.149888805,0.098946617,1.779,9
US.GLD260323P385000,GLD 260323 385.00P,0.1293,0.0,0.0,0.0,0.1293,0,0.0,True,PUT,2026-03-23,385.0,100.0,0,55.735,-0.020731568,0.001193532,0.037449272,-0.098732596,-0.002355459,16.484,9
US.GLD260323C390000,GLD 260323 390.00C,77.6122,0.0,0.0,0.0,77.6122,0,0.0,True,CALL,2026-03-23,390.0,100.0,0,44.527,0.990715334,0.000747791,0.018757754,-0.076051309,0.102055034,1.469,9
US.GLD260323P390000,GLD 260323 390.00P,0.1551,0.0,0.0,0.0,0.1551,0,0.0,True,PUT,2026-03-23,390.0,100.0,0,52.938,-0.02317631,0.001380629,0.041144016,-0.103464801,-0.002637144,15.405,9
US.GLD260323C395000,GLD 260323 395.00C,72.6436,0.0,0.0,0.0,72.6436,0,0.0,True,CALL,2026-03-23,395.0,100.0,0,43.553,0.986973059,0.001026425,0.025175873,-0.089169045,0.102909409,1.476,9
US.GLD260323P395000,GLD 260323 395.00P,0.29,0.29,0.29,0.29,0.181,1,29.0,True,PUT,2026-03-23,395.0,100.0,0,48.424,-0.022293046,0.001460644,0.039820255,-0.091348959,-0.002516015,14.349,9
US.GLD260323C400000,GLD 260323 400.00C,67.699,0.0,0.0,0.0,67.699,0,0.0,True,CALL,2026-03-23,400.0,100.0,0,50.197,0.963029563,0.002146139,0.060625326,-0.186271998,0.10119794,1.488,9
US.GLD260323P400000,GLD 260323 400.00P,0.35,0.23,0.35,0.21,0.231,14,343.0,True,PUT,2026-03-23,400.0,100.0,3,46.308,-0.026809423,0.001783247,0.046485464,-0.102733182,-0.003041772,13.277,9
US.GLD260323C405000,GLD 260323 405.00C,62.7545,0.0,0.0,0.0,62.7545,0,0.0,True,CALL,2026-03-23,405.0,100.0,0,41.339,0.975541063,0.00185037,0.043057571,-0.123933437,0.104122941,1.5,9
US.GLD260323P405000,GLD 260323 405.00P,0.18,0.18,0.18,0.18,0.281,1,18.0,True,PUT,2026-03-23,405.0,100.0,4,44.779,-0.034161134,0.002254462,0.056817847,-0.1226132,-0.003905435,12.156,9
US.GLD260323C410000,GLD 260323 410.00C,57.824,0.0,0.0,0.0,57.824,0,0.0,True,CALL,2026-03-23,410.0,100.0,0,39.929,0.967677883,0.002416106,0.054295132,-0.143990718,0.104460918,1.515,9
US.GLD260323P410000,GLD 260323 410.00P,0.3451,0.3451,0.0,0.0,0.3451,0,0.0,True,PUT,2026-03-23,410.0,100.0,1,41.586,-0.037855785,0.002640587,0.061800663,-0.124269297,-0.004323532,11.106,9
US.GLD260323C415000,GLD 260323 415.00C,52.9093,0.0,0.0,0.0,52.9093,0,0.0,True,CALL,2026-03-23,415.0,100.0,0,38.774,0.956251276,0.003185476,0.069503716,-0.171318533,0.104350566,1.533,9
US.GLD260323P415000,GLD 260323 415.00P,0.65,0.29,0.66,0.29,0.425,18,1015.0,True,PUT,2026-03-23,415.0,100.0,10,40.856,-0.05214584,0.003479136,0.079979678,-0.160017939,-0.006012422,10.088,9
US.GLD260323C420000,GLD 260323 420.00C,48.0245,0.0,0.0,0.0,48.0245,0,0.0,True,CALL,2026-03-23,420.0,100.0,0,37.299,0.94255591,0.004114282,0.086344578,-0.198921482,0.10395658,1.558,9
US.GLD260323P420000,GLD 260323 420.00P,0.82,0.55,0.82,0.5,0.535,49,3302.0,True,PUT,2026-03-23,420.0,100.0,8,38.364,-0.06252502,0.004274393,0.092255621,-0.174395292,-0.00721874,9.04,9
US.GLD260323C425000,GLD 260323 425.00C,43.1746,0.0,0.0,0.0,43.1746,0,0.0,True,CALL,2026-03-23,425.0,100.0,0,38.388,0.910564116,0.005612791,0.121220948,-0.273554448,0.10123595,1.591,9
US.GLD260323P425000,GLD 260323 425.00P,1.01,0.48,1.05,0.48,0.68,62,5009.0,True,PUT,2026-03-23,425.0,100.0,54,36.621,-0.079940218,0.005408653,0.111413691,-0.202748094,-0.009260307,7.996,9
US.GLD260323C430000,GLD 260323 430.00C,38.3844,38.3844,0.0,0.0,38.3844,0,0.0,True,CALL,2026-03-23,430.0,100.0,5,35.699,0.892446817,0.006908751,0.138752957,-0.290238128,0.100295437,1.637,9
US.GLD260323P430000,GLD 260323 430.00P,1.31,0.66,1.4,0.66,0.885,252,26843.0,True,PUT,2026-03-23,430.0,100.0,84,34.921,-0.102885856,0.00684054,0.134343182,-0.235002954,-0.011947334,6.976,9
US.GLD260323C435000,GLD 260323 435.00C,30.0,32.68,32.68,30.0,33.6789,10,31340.0,True,CALL,2026-03-23,435.0,100.0,0,32.978,0.869051139,0.008594022,0.159440432,-0.307214818,0.0986972,0.902,9
US.GLD260323P435000,GLD 260323 435.00P,1.76,0.8,1.76,0.8,1.175,243,34623.0,True,PUT,2026-03-23,435.0,100.0,121,33.768,-0.136503602,0.008638665,0.164029734,-0.279787988,-0.015891966,5.989,9
US.GLD260323C440000,GLD 260323 440.00C,29.0928,29.0928,0.0,0.0,29.0928,0,0.0,True,CALL,2026-03-23,440.0,100.0,1,32.994,0.818216047,0.010667152,0.198010503,-0.374805244,0.093589781,1.79,9
US.GLD260323P440000,GLD 260323 440.00P,2.46,1.38,2.46,1.14,1.585,126,23247.0,True,PUT,2026-03-23,440.0,100.0,606,32.315,-0.177308128,0.010727239,0.194881138,-0.320086376,-0.020646578,5.055,9
US.GLD260323C445000,GLD 260323 445.00C,19.72,25.06,25.06,19.72,24.6759,6,14502.0,True,CALL,2026-03-23,445.0,100.0,0,30.321,0.774929773,0.013187482,0.224968988,-0.390651363,0.089490128,0.841,9
US.GLD260323P445000,GLD 260323 445.00P,3.19,1.48,3.19,1.43,2.165,110,31347.0,True,PUT,2026-03-23,445.0,100.0,478,31.159,-0.231122901,0.013035888,0.228288946,-0.363250823,-0.026883554,4.129,9
US.GLD260323C450000,GLD 260323 450.00C,15.9,17.73,17.73,15.9,20.4878,4,6909.0,True,CALL,2026-03-23,450.0,100.0,0,29.591,0.705617466,0.015528214,0.258545848,-0.434169343,0.082034004,1.097,9
US.GLD260323P450000,GLD 260323 450.00P,4.5,1.99,4.5,1.99,2.975,155,50362.0,True,PUT,2026-03-23,450.0,100.0,994,30.045,-0.297410747,0.015384432,0.259667315,-0.399210753,-0.034471193,3.328,9
US.GLD260323C451000,GLD 260323 451.00C,16.46,16.46,16.46,16.46,19.6931,1,1646.0,True,CALL,2026-03-23,451.0,100.0,0,29.232,0.691473048,0.016054711,0.264069583,-0.437645971,0.080512329,1.436,9
US.GLD260323P451000,GLD 260323 451.00P,3.82,4.31,4.31,3.56,3.1801,34,12826.0,True,PUT,2026-03-23,451.0,100.0,126,29.584,-0.310921049,0.015938733,0.264855578,-0.400833325,-0.035980104,2.964,9
US.GLD260323C452000,GLD 260323 452.00C,16.18,16.18,16.18,16.18,18.9029,3,4854.0,True,CALL,2026-03-23,452.0,100.0,0,28.36,0.67938028,0.016822304,0.268452498,-0.431925871,0.07927426,1.592,9
US.GLD260323P452000,GLD 260323 452.00P,4.35,2.39,4.35,2.39,3.3899,149,53644.0,True,PUT,2026-03-23,452.0,100.0,1,29.542,-0.327171095,0.016308622,0.270586476,-0.408953251,-0.037827896,2.862,9
US.GLD260323C453000,GLD 260323 453.00C,15.01,15.01,15.01,15.01,18.1128,1,1501.0,True,CALL,2026-03-23,453.0,100.0,8,29.463,0.656969093,0.016633746,0.275773596,-0.458549765,0.076630669,1.555,9
US.GLD260323P453000,GLD 260323 453.00P,4.53,2.46,4.53,2.46,3.5997,66,21650.0,True,PUT,2026-03-23,453.0,100.0,74,29.441,-0.34350286,0.016682048,0.275791891,-0.415319454,-0.03967104,2.684,9
US.GLD260323C454000,GLD 260323 454.00C,14.5,14.5,14.5,14.5,17.3227,1,1450.0,True,CALL,2026-03-23,454.0,100.0,0,29.392,0.640194388,0.016964488,0.280578947,-0.464638917,0.074754732,1.662,9
US.GLD260323P454000,GLD 260323 454.00P,5.63,4.71,5.63,4.3,3.8096,43,20326.0,True,PUT,2026-03-23,454.0,100.0,1,29.282,-0.359982428,0.017061565,0.280491667,-0.419943125,-0.041515101,2.705,9
US.GLD260323C455000,GLD 260323 455.00C,12.66,13.5,15.07,12.66,16.5968,4,5630.0,True,CALL,2026-03-23,455.0,100.0,3,27.324,0.630497732,0.018411568,0.283095987,-0.437400922,0.073888691,1.479,9
US.GLD260323P455000,GLD 260323 455.00P,5.82,3.17,5.87,2.79,4.0838,301,121094.0,True,PUT,2026-03-23,455.0,100.0,154,28.978,-0.376370524,0.017497982,0.284622946,-0.421397872,-0.0433214,2.53,9
US.GLD260323C456000,GLD 260323 456.00C,15.8708,0.0,0.0,0.0,15.8708,0,0.0,True,CALL,2026-03-23,456.0,100.0,0,29.332,0.605472271,0.017492708,0.288740552,-0.475566429,0.070839816,2.393,9
US.GLD260323P456000,GLD 260323 456.00P,5.6,3.65,5.6,3.65,4.3582,61,24618.0,True,PUT,2026-03-23,456.0,100.0,143,28.968,-0.394170848,0.017747282,0.288510743,-0.426741409,-0.045304421,2.265,9
US.GLD260323C457000,GLD 260323 457.00C,11.42,11.42,11.42,11.42,15.1623,2,2284.0,True,CALL,2026-03-23,457.0,100.0,0,28.056,0.590805013,0.018462043,0.291477234,-0.459679946,0.069300662,1.644,9
US.GLD260323P457000,GLD 260323 457.00P,6.33,5.15,6.33,5.15,4.65,68,37198.0,True,PUT,2026-03-23,457.0,100.0,98,28.724,-0.411620182,0.018101805,0.291718679,-0.427401386,-0.047205808,2.206,9
US.GLD260323C458000,GLD 260323 458.00C,14.4618,0.0,0.0,0.0,14.4618,0,0.0,True,CALL,2026-03-23,458.0,100.0,0,28.524,0.571234998,0.01834568,0.294483224,-0.470816756,0.067023831,2.521,9
US.GLD260323P458000,GLD 260323 458.00P,5.95,3.55,5.95,3.4,4.95,86,31422.0,True,PUT,2026-03-23,458.0,100.0,149,28.592,-0.429713945,0.018359137,0.294424746,-0.428904605,-0.049174677,1.907,9
US.GLD260323C459000,GLD 260323 459.00C,13.7861,13.7861,0.0,0.0,13.7861,0,0.0,True,CALL,2026-03-23,459.0,100.0,0,28.585,0.552649381,0.018441598,0.296659188,-0.474397068,0.064893679,2.592,9
US.GLD260323P459000,GLD 260323 459.00P,7.08,4.15,7.08,4.15,5.275,143,91374.0,True,PUT,2026-03-23,459.0,100.0,171,28.485,-0.448117563,0.018566709,0.296534128,-0.429785411,-0.051161503,1.935,9
US.GLD260323C460000,GLD 260323 460.00C,9.18,10.85,10.85,8.99,13.1104,43,42379.0,True,CALL,2026-03-23,460.0,100.0,7,27.913,0.534480392,0.018981045,0.29815204,-0.465312106,0.062867376,1.809,9
US.GLD260323P460000,GLD 260323 460.00P,7.73,4.6,7.73,3.97,5.6,276,134383.0,True,PUT,2026-03-23,460.0,100.0,97,28.399,-0.466750716,0.018722336,0.298013722,-0.429991477,-0.053155256,1.859,9
US.GLD260323C461000,GLD 260323 461.00C,8.52,8.52,8.52,8.52,12.4595,1,852.0,True,CALL,2026-03-23,461.0,100.0,4,28.101,0.515469067,0.018910223,0.299046248,-0.468818776,0.060665384,1.883,9
US.GLD260323P461000,GLD 260323 461.00P,8.3,7.2,8.3,7.0,5.95,20,14590.0,True,PUT,2026-03-23,461.0,100.0,6,28.168,-0.485557736,0.018936755,0.29883873,-0.426841633,-0.055119485,1.766,9
US.GLD260323C462000,GLD 260323 462.00C,11.8392,11.8392,0.0,0.0,11.8392,0,0.0,True,CALL,2026-03-23,462.0,100.0,14,27.641,0.496214889,0.019238569,0.299257633,-0.460955872,0.058480095,2.82,9
US.GLD260323P462000,GLD 260323 462.00P,7.7,5.05,8.35,5.0,6.3307,281,164883.0,True,PUT,2026-03-23,462.0,100.0,41,27.958,-0.504657394,0.019098713,0.298993046,-0.422953378,-0.057088,1.419,9
US.GLD260323C463000,GLD 260323 463.00C,7.65,8.3,9.0,7.47,11.2304,51,43749.0,True,CALL,2026-03-23,463.0,100.0,20,27.535,0.476897282,0.019281224,0.29876808,-0.457616919,0.056253947,2.128,9
US.GLD260323P463000,GLD 260323 463.00P,9.15,5.03,9.3,5.01,6.723,301,230085.0,True,PUT,2026-03-23,463.0,100.0,102,27.935,-0.523716415,0.019090467,0.298463237,-0.420970589,-0.059054984,1.516,9
US.GLD260323C464000,GLD 260323 464.00C,7.1,8.23,8.85,7.1,10.6215,57,47232.0,True,CALL,2026-03-23,464.0,100.0,25,27.364,0.457384452,0.019323368,0.297558905,-0.452144424,0.054003972,2.226,9
US.GLD260323P464000,GLD 260323 464.00P,8.25,5.96,8.65,5.09,7.1154,133,85489.0,True,PUT,2026-03-23,464.0,100.0,761,27.848,-0.542861196,0.019082991,0.297238445,-0.416911265,-0.060985129,1.104,9
US.GLD260323C465000,GLD 260323 465.00C,6.65,10.15,10.83,6.47,10.0127,105,78377.0,True,CALL,2026-03-23,465.0,100.0,16,27.296,0.438071275,0.019247626,0.295652007,-0.447255074,0.051765118,2.345,9
US.GLD260323P465000,GLD 260323 465.00P,10.15,6.42,10.39,6.42,7.508,138,100947.0,True,PUT,2026-03-23,465.0,100.0,147,27.612,-0.562429697,0.019132889,0.295264227,-0.409372282,-0.062885466,1.299,9
US.GLD260323C466000,GLD 260323 466.00C,7.2,8.55,8.75,7.2,9.478,14,11810.0,True,CALL,2026-03-23,466.0,100.0,13,27.162,0.418614813,0.019169934,0.293011989,-0.440238736,0.049508776,2.682,9
US.GLD260323P466000,GLD 260323 466.00P,10.15,6.4,10.15,6.4,7.975,35,22900.0,True,PUT,2026-03-23,466.0,100.0,232,28.162,-0.579364761,0.018622819,0.292979473,-0.413676548,-0.064667142,1.082,9
US.GLD260323C467000,GLD 260323 467.00C,6.1,7.8,7.8,5.9,8.9511,24,16097.0,True,CALL,2026-03-23,467.0,100.0,37,27.047,0.399287429,0.019032019,0.289668687,-0.43249616,0.047261571,2.66,9
US.GLD260323P467000,GLD 260323 467.00P,11.0,6.95,11.0,6.9,8.45,49,45066.0,True,PUT,2026-03-23,467.0,100.0,171,27.624,-0.59990755,0.018777367,0.289441646,-0.399121081,-0.066498053,1.05,9
US.GLD260323C468000,GLD 260323 468.00C,6.35,8.5,8.5,6.35,8.425,6,4455.0,True,CALL,2026-03-23,468.0,100.0,39,27.04,0.380610015,0.018780027,0.285747663,-0.425582407,0.045080472,2.931,9
US.GLD260323P468000,GLD 260323 468.00P,11.89,7.4,11.89,7.34,8.926,280,221472.0,True,PUT,2026-03-23,468.0,100.0,182,27.096,-0.620909749,0.018873821,0.284971034,-0.383528845,-0.068291098,1.026,9
US.GLD260323C469000,GLD 260323 469.00C,5.41,6.75,6.75,5.41,7.9082,12,6990.0,True,CALL,2026-03-23,469.0,100.0,18,27.056,0.362366492,0.018473981,0.281253895,-0.418187364,0.042945732,2.944,9
US.GLD260323P469000,GLD 260323 469.00P,11.4,8.1,11.4,7.45,9.4116,180,164564.0,True,PUT,2026-03-23,469.0,100.0,542,27.288,-0.638267732,0.018473694,0.280632309,-0.379182345,-0.069886017,0.703,9
US.GLD260323C470000,GLD 260323 470.00C,4.62,7.56,7.86,4.62,7.4363,161,96444.0,True,CALL,2026-03-23,470.0,100.0,143,26.827,0.342995727,0.018267732,0.275752082,-0.405648174,0.04068661,2.99,9
US.GLD260323P470000,GLD 260323 470.00P,11.8,8.6,11.8,8.6,9.9423,47,40740.0,True,PUT,2026-03-23,470.0,100.0,254,27.331,-0.65598745,0.018134415,0.275573731,-0.371503652,-0.071414672,0.572,9
US.GLD260323C471000,GLD 260323 471.00C,5.2,7.03,7.03,5.2,6.9645,4,2263.0,True,CALL,2026-03-23,471.0,100.0,4,26.986,0.326339559,0.017808453,0.270409957,-0.399158413,0.038725807,3.333,9
US.GLD260323P471000,GLD 260323 471.00P,12.86,12.8,12.86,12.8,10.4733,50,64150.0,True,PUT,2026-03-23,471.0,100.0,243,27.219,-0.674330897,0.01784636,0.269653833,-0.360312193,-0.072875419,0.585,9
US.GLD260323C472000,GLD 260323 472.00C,3.85,6.93,6.93,3.85,6.5389,103,47645.0,True,CALL,2026-03-23,472.0,100.0,102,26.614,0.30646394,0.017581473,0.263276646,-0.382372718,0.036405038,3.257,9
US.GLD260323P472000,GLD 260323 472.00P,13.05,13.05,13.05,13.05,11.0506,2,2610.0,True,PUT,2026-03-23,472.0,100.0,28,28.077,-0.685603046,0.017054698,0.265697851,-0.365870237,-0.07404567,0.41,9
US.GLD260323C473000,GLD 260323 473.00C,4.45,6.09,6.09,4.4,6.1133,5,2479.0,True,CALL,2026-03-23,473.0,100.0,91,26.645,0.289765571,0.017118652,0.256632718,-0.372184643,0.034439087,3.604,9
US.GLD260323P473000,GLD 260323 473.00P,14.35,13.95,14.35,13.95,11.6283,3,4238.0,True,PUT,2026-03-23,473.0,100.0,3,28.427,-0.699552423,0.016528192,0.260405881,-0.361936813,-0.07522119,0.475,9
US.GLD260323C474000,GLD 260323 474.00C,3.92,5.19,5.19,3.86,5.7352,4,1802.0,True,CALL,2026-03-23,474.0,100.0,103,26.712,0.273873976,0.016617512,0.249742388,-0.362144945,0.03256501,3.706,9
US.GLD260323P474000,GLD 260323 474.00P,14.7,10.53,14.7,10.53,12.2536,8,11278.0,True,PUT,2026-03-23,474.0,100.0,44,27.744,-0.7206701,0.016409083,0.251545347,-0.338439735,-0.076450826,0.334,9
US.GLD260323C475000,GLD 260323 475.00C,3.24,5.6,5.6,3.24,5.3571,149,68761.0,True,CALL,2026-03-23,475.0,100.0,282,26.822,0.258887054,0.016084991,0.242723604,-0.352458485,0.030794771,3.775,9
US.GLD260323P475000,GLD 260323 475.00P,15.43,15.17,15.43,15.1,12.8792,6,9199.0,True,PUT,2026-03-23,475.0,100.0,179,27.26,-0.740398486,0.016145745,0.24236292,-0.317777229,-0.077474124,0.275,9
US.GLD260323C476000,GLD 260323 476.00C,2.95,5.14,5.14,2.95,4.9933,120,46141.0,True,CALL,2026-03-23,476.0,100.0,159,26.81,0.243441247,0.015576775,0.234944557,-0.340064457,0.028972475,3.929,9
US.GLD260323P476000,GLD 260323 476.00P,13.5193,13.5193,0.0,0.0,13.5193,0,0.0,True,PUT,2026-03-23,476.0,100.0,31,27.211,-0.756245786,0.015685347,0.234343286,-0.304766273,-0.078299995,-0.356,9
US.GLD260323C477000,GLD 260323 477.00C,2.86,4.74,4.74,2.86,4.6294,47,17480.0,True,CALL,2026-03-23,477.0,100.0,220,26.623,0.226956656,0.015090541,0.226010931,-0.323879862,0.027029974,4.127,9
US.GLD260323P477000,GLD 260323 477.00P,14.1601,14.1601,0.0,0.0,14.1601,0,0.0,True,PUT,2026-03-23,477.0,100.0,29,27.535,-0.768289794,0.01510403,0.227861514,-0.298602617,-0.079006819,-0.433,9
US.GLD260323C478000,GLD 260323 478.00C,2.69,3.35,3.35,2.59,4.325,76,21523.0,True,CALL,2026-03-23,478.0,100.0,31,26.838,0.214618259,0.014497959,0.218885467,-0.315316178,0.025565881,4.307,9
US.GLD260323P478000,GLD 260323 478.00P,14.82,14.82,14.82,14.82,14.8601,5,7410.0,True,PUT,2026-03-23,478.0,100.0,105,28.041,-0.778083283,0.014494683,0.222338721,-0.29584375,-0.079642899,-0.507,9
US.GLD260323C479000,GLD 260323 479.00C,2.5,3.19,3.38,2.5,4.0349,55,15682.0,True,CALL,2026-03-23,479.0,100.0,57,26.91,0.201585879,0.013934072,0.210933661,-0.303781191,0.02402236,4.483,9
US.GLD260323P479000,GLD 260323 479.00P,18.85,18.85,18.85,18.85,15.5747,1,1885.0,True,PUT,2026-03-23,479.0,100.0,17,27.819,-0.793837643,0.014053483,0.212887349,-0.278647555,-0.080044882,0.149,9
US.GLD260323C480000,GLD 260323 480.00C,2.0,3.85,3.97,2.0,3.7671,254,76389.0,True,CALL,2026-03-23,480.0,100.0,976,26.9,0.188365974,0.013376068,0.202404616,-0.290482951,0.022457269,4.591,9
US.GLD260323P480000,GLD 260323 480.00P,18.74,14.03,18.74,14.03,16.3117,8,13221.0,True,PUT,2026-03-23,480.0,100.0,17,27.759,-0.807667928,0.01356204,0.20405231,-0.26442291,-0.080297199,-0.091,9
US.GLD260323C481000,GLD 260323 481.00C,2.45,2.45,2.45,2.45,3.4992,3,735.0,True,CALL,2026-03-23,481.0,100.0,5,27.185,0.178462967,0.012797572,0.195700707,-0.283046465,0.021278606,4.906,9
US.GLD260323P481000,GLD 260323 481.00P,17.0492,17.0492,0.0,0.0,17.0492,0,0.0,True,PUT,2026-03-23,481.0,100.0,25,27.5,-0.82289588,0.013081082,0.193694773,-0.246112787,-0.080250999,-0.675,9
US.GLD260323C482000,GLD 260323 482.00C,2.07,2.52,2.52,2.07,3.2314,2,459.0,True,CALL,2026-03-23,482.0,100.0,24,27.111,0.165791603,0.012243071,0.186708293,-0.268411854,0.019777839,5.04,9
US.GLD260323P482000,GLD 260323 482.00P,15.68,15.68,15.68,15.68,17.7875,1,1568.0,True,PUT,2026-03-23,482.0,100.0,0,28.615,-0.824645568,0.012476582,0.192532788,-0.255215375,-0.080881502,-1.189,9
US.GLD260323C483000,GLD 260323 483.00C,1.75,2.7,2.7,1.75,2.98,7,1524.0,True,CALL,2026-03-23,483.0,100.0,21,27.136,0.154592892,0.011685257,0.178360289,-0.255804704,0.018448924,5.188,9
US.GLD260323P483000,GLD 260323 483.00P,18.5425,0.0,0.0,0.0,18.5425,0,0.0,True,PUT,2026-03-23,483.0,100.0,0,27.125,-0.850591311,0.012048992,0.173082195,-0.21218547,-0.079447365,-0.785,9
US.GLD260323C484000,GLD 260323 484.00C,1.77,1.77,1.77,1.77,2.7792,1,177.0,True,CALL,2026-03-23,484.0,100.0,28,27.335,0.145553661,0.011143459,0.171336124,-0.246789547,0.017373079,5.409,9
US.GLD260323P484000,GLD 260323 484.00P,19.3476,0.0,0.0,0.0,19.3476,0,0.0,True,PUT,2026-03-23,484.0,100.0,0,25.928,-0.873889428,0.011479936,0.153703396,-0.175240388,-0.077043118,-0.827,9
US.GLD260323C485000,GLD 260323 485.00C,1.31,2.56,2.65,1.31,2.5818,77,13387.0,True,CALL,2026-03-23,485.0,100.0,350,26.998,0.132129426,0.010562806,0.160403332,-0.227237184,0.015783037,5.526,9
US.GLD260323P485000,GLD 260323 485.00P,22.65,22.65,22.65,22.65,20.1565,2,4530.0,True,PUT,2026-03-23,485.0,100.0,10,27.342,-0.870409018,0.011004165,0.15683331,-0.190430097,-0.07840122,-0.327,9
US.GLD260323C486000,GLD 260323 486.00C,1.62,2.06,2.07,1.62,2.3843,82,16844.0,True,CALL,2026-03-23,486.0,100.0,72,26.986,0.122253737,0.010011472,0.15196179,-0.214397709,0.014609036,5.811,9
US.GLD260323P486000,GLD 260323 486.00P,20.9662,0.0,0.0,0.0,20.9662,0,0.0,True,PUT,2026-03-23,486.0,100.0,0,27.282,-0.88119114,0.010490341,0.147386869,-0.176444441,-0.077338425,-0.91,9
US.GLD260323C487000,GLD 260323 487.00C,1.3,1.4,1.47,1.3,2.1938,9,1215.0,True,CALL,2026-03-23,487.0,100.0,57,26.945,0.112656718,0.009462853,0.143413461,-0.201253234,0.013467738,5.958,9
US.GLD260323P487000,GLD 260323 487.00P,27.14,24.18,27.14,24.18,21.7836,4,10027.0,True,PUT,2026-03-23,487.0,100.0,1,27.683,-0.887053891,0.010026059,0.142102132,-0.171713867,-0.076957923,0.212,9
US.GLD260323C488000,GLD 260323 488.00C,1.55,1.55,1.55,1.55,2.0506,1,155.0,True,CALL,2026-03-23,488.0,100.0,89,27.384,0.107784486,0.009020523,0.138939533,-0.197657547,0.012883444,6.229,9
US.GLD260323P488000,GLD 260323 488.00P,22.6469,22.6469,0.0,0.0,22.6469,0,0.0,True,PUT,2026-03-23,488.0,100.0,1,28.946,-0.884602273,0.009665048,0.144448441,-0.184018188,-0.078188403,-0.979,9
US.GLD260323C489000,GLD 260323 489.00C,1.31,1.2,1.31,1.2,1.9073,5,611.0,True,CALL,2026-03-23,489.0,100.0,7,27.12,0.097274945,0.008453449,0.128952328,-0.18083951,0.011634703,6.394,9
US.GLD260323P489000,GLD 260323 489.00P,26.1,26.15,26.15,26.1,23.5106,2,5225.0,True,PUT,2026-03-23,489.0,100.0,0,27.219,-0.909437191,0.009015238,0.120419749,-0.138287844,-0.072840761,-0.447,9
US.GLD260323C490000,GLD 260323 490.00C,1.11,1.65,1.65,1.07,1.7728,25,3456.0,True,CALL,2026-03-23,490.0,100.0,80,27.334,0.091321678,0.008005593,0.123085878,-0.173416099,0.010923717,6.568,9
US.GLD260323P490000,GLD 260323 490.00P,24.3832,0.0,0.0,0.0,24.3832,0,0.0,True,PUT,2026-03-23,490.0,100.0,0,28.123,-0.909395629,0.008686045,0.120553609,-0.14367133,-0.073617867,-1.036,9
US.GLD260323C491000,GLD 260323 491.00C,0.87,0.89,0.89,0.87,1.6383,60,5270.0,True,CALL,2026-03-23,491.0,100.0,89,27.723,0.087153229,0.007623479,0.118883433,-0.169445969,0.01042403,6.733,9
US.GLD260323P491000,GLD 260323 491.00P,25.2574,0.0,0.0,0.0,25.2574,0,0.0,True,PUT,2026-03-23,491.0,100.0,0,29.434,-0.905795054,0.008433206,0.124300066,-0.156829911,-0.075400027,-1.063,9
US.GLD260323C492000,GLD 260323 492.00C,0.91,1.15,1.15,0.91,1.5038,2,206.0,True,CALL,2026-03-23,492.0,100.0,107,27.785,0.08069745,0.007179503,0.112209826,-0.15968693,0.009654341,6.959,9
US.GLD260323P492000,GLD 260323 492.00P,26.1326,0.0,0.0,0.0,26.1326,0,0.0,True,PUT,2026-03-23,492.0,100.0,0,27.665,-0.928955976,0.007760144,0.099661495,-0.112279344,-0.067944295,-1.091,9
US.GLD260323C493000,GLD 260323 493.00C,0.74,1.05,1.05,0.74,1.4001,90,6815.0,True,CALL,2026-03-23,493.0,100.0,87,28.076,0.076381178,0.006815098,0.107633246,-0.154333464,0.00913793,7.139,9
US.GLD260323P493000,GLD 260323 493.00P,27.0368,0.0,0.0,0.0,27.0368,0,0.0,True,PUT,2026-03-23,493.0,100.0,0,28.321,-0.930332164,0.007468241,0.098189735,-0.11327379,-0.068077011,-1.111,9
US.GLD260323C494000,GLD 260323 494.00C,0.78,0.78,0.78,0.78,1.2963,9,702.0,True,CALL,2026-03-23,494.0,100.0,93,28.194,0.071082687,0.006423458,0.101881134,-0.146182284,0.008505566,7.364,9
US.GLD260323P494000,GLD 260323 494.00P,27.9413,0.0,0.0,0.0,27.9413,0,0.0,True,PUT,2026-03-23,494.0,100.0,0,30.421,-0.919692279,0.007417203,0.110044776,-0.140767264,-0.073078842,-1.132,9
US.GLD260323C495000,GLD 260323 495.00C,0.73,1.07,1.07,0.73,1.1925,22,1775.0,True,CALL,2026-03-23,495.0,100.0,337,27.792,0.062468261,0.005896425,0.092193606,-0.129618246,0.007480262,7.57,9
US.GLD260323P495000,GLD 260323 495.00P,28.8469,28.8469,0.0,0.0,28.8469,0,0.0,True,PUT,2026-03-23,495.0,100.0,1,28.213,-0.944461025,0.00670098,0.08166281,-0.090338052,-0.062184868,-1.153,9
US.GLD260323C500000,GLD 260323 500.00C,0.4,0.76,0.79,0.4,0.825,154,9966.0,True,CALL,2026-03-23,500.0,100.0,131,28.228,0.041929524,0.004227882,0.067165302,-0.094020768,0.005025509,8.584,9
US.GLD260323P500000,GLD 260323 500.00P,33.5262,0.0,0.0,0.0,33.5262,0,0.0,True,PUT,2026-03-23,500.0,100.0,0,29.005,-0.96582119,0.005278447,0.054081242,-0.056466283,-0.049240569,-1.222,9
US.GLD260323C505000,GLD 260323 505.00C,0.34,0.34,0.43,0.34,0.59,15,571.0,True,CALL,2026-03-23,505.0,100.0,109,30.097,0.034261577,0.003362919,0.056973282,-0.084092972,0.004103828,9.656,9
US.GLD260323P505000,GLD 260323 505.00P,38.3373,0.0,0.0,0.0,38.3373,0,0.0,True,PUT,2026-03-23,505.0,100.0,0,34.289,-0.952874177,0.004847478,0.071771624,-0.096600364,-0.063050129,-1.263,9
US.GLD260323C510000,GLD 260323 510.00C,0.28,0.35,0.42,0.23,0.425,194,6430.0,True,CALL,2026-03-23,510.0,100.0,197,30.538,0.02314252,0.002390994,0.041121605,-0.060376428,0.002774025,10.728,9
US.GLD260323P510000,GLD 260323 510.00P,43.2211,0.0,0.0,0.0,43.2211,0,0.0,True,PUT,2026-03-23,510.0,100.0,0,34.08,-0.973767062,0.003844138,0.043227787,-0.051598232,-0.045997331,-1.288,9
US.GLD260323C515000,GLD 260323 515.00C,0.16,0.16,0.16,0.16,0.305,1,16.0,True,CALL,2026-03-23,515.0,100.0,18,32.476,0.019920916,0.001980748,0.036232595,-0.056103129,0.002385965,11.787,9
US.GLD260323P515000,GLD 260323 515.00P,48.1538,0.0,0.0,0.0,48.1538,0,0.0,True,PUT,2026-03-23,515.0,100.0,0,37.344,-0.972457658,0.003441652,0.04537637,-0.060928948,-0.049910941,-1.303,9
US.GLD260323C520000,GLD 260323 520.00C,0.25,0.25,0.0,0.0,0.25,0,0.0,True,CALL,2026-03-23,520.0,100.0,3,39.072,0.032120902,0.002456405,0.054021849,-0.102780991,0.00382653,12.891,9
US.GLD260323P520000,GLD 260323 520.00P,53.1324,0.0,0.0,0.0,53.1324,0,0.0,True,PUT,2026-03-23,520.0,100.0,0,41.068,-0.969106365,0.003169635,0.050412616,-0.077338612,-0.056019445,-1.308,9
US.GLD260323C525000,GLD 260323 525.00C,0.17,0.19,0.19,0.17,0.2,3,53.0,True,CALL,2026-03-23,525.0,100.0,27,35.882,0.014471297,0.001364132,0.027578618,-0.046377097,0.001731165,13.959,9
US.GLD260323P525000,GLD 260323 525.00P,58.12,0.0,0.0,0.0,58.12,0,0.0,True,PUT,2026-03-23,525.0,100.0,0,44.224,-0.968581673,0.002899326,0.051310206,-0.085972364,-0.058700512,-1.31,9
US.GLD260323C530000,GLD 260323 530.00C,0.14,0.21,0.21,0.12,0.1882,14,183.0,True,CALL,2026-03-23,530.0,100.0,4,35.648,0.00907939,0.000915939,0.018411992,-0.030049306,0.001087393,15.037,9
US.GLD260323P530000,GLD 260323 530.00P,63.12,0.0,0.0,0.0,63.12,0,0.0,True,PUT,2026-03-23,530.0,100.0,0,42.89,-0.985311736,0.002330949,0.025903244,-0.035023327,-0.035975605,-1.31,9
US.GLD260323C535000,GLD 260323 535.00C,0.1772,0.0,0.0,0.0,0.1772,0,0.0,True,CALL,2026-03-23,535.0,100.0,0,51.806,0.043198481,0.002359943,0.068802344,-0.175390818,0.005098251,16.13,9
US.GLD260323P535000,GLD 260323 535.00P,68.12,0.0,0.0,0.0,68.12,0,0.0,True,PUT,2026-03-23,535.0,100.0,0,45.313,-0.985981726,0.002123684,0.02490287,-0.03547594,-0.036094908,-1.31,9
US.GLD260323C540000,GLD 260323 540.00C,0.1661,0.0,0.0,0.0,0.1661,0,0.0,True,CALL,2026-03-23,540.0,100.0,0,46.828,0.021302396,0.001453937,0.038330773,-0.085477159,0.002529448,17.213,9
US.GLD260323P540000,GLD 260323 540.00P,73.12,0.0,0.0,0.0,73.12,0,0.0,True,PUT,2026-03-23,540.0,100.0,0,51.397,-0.974397493,0.002179572,0.043178266,-0.082616942,-0.057056767,-1.31,9
US.GLD260323C545000,GLD 260323 545.00C,0.1551,0.0,0.0,0.0,0.1551,0,0.0,True,CALL,2026-03-23,545.0,100.0,0,44.395,0.011594776,0.000910292,0.022765975,-0.046741326,0.001381262,18.295,9
US.GLD260323P545000,GLD 260323 545.00P,78.12,0.0,0.0,0.0,78.12,0,0.0,True,PUT,2026-03-23,545.0,100.0,0,53.868,-0.975376438,0.002016036,0.041800677,-0.083741901,-0.05731098,-1.31,9
US.GLD260323C550000,GLD 260323 550.00C,0.1441,0.0,0.0,0.0,0.1441,0,0.0,True,CALL,2026-03-23,550.0,100.0,0,47.102,0.012076701,0.00088884,0.023581179,-0.051438679,0.001436367,19.378,9
US.GLD260323P550000,GLD 260323 550.00P,83.12,0.0,0.0,0.0,83.12,0,0.0,True,PUT,2026-03-23,550.0,100.0,0,52.351,-0.987587939,0.00166537,0.022459463,-0.036665569,-0.036459082,-1.31,9
US.GLD260323C555000,GLD 260323 555.00C,0.1331,0.0,0.0,0.0,0.1331,0,0.0,True,CALL,2026-03-23,555.0,100.0,0,48.683,0.010919479,0.000787936,0.021606587,-0.048455422,0.001297986,20.461,9
US.GLD260323P555000,GLD 260323 555.00P,88.12,0.0,0.0,0.0,88.12,0,0.0,True,PUT,2026-03-23,555.0,100.0,0,0.0,0.0,0.0,0.0,0.0,0.0,-1.31,9
US.GLD260323C560000,GLD 260323 560.00C,0.122,0.0,0.0,0.0,0.122,0,0.0,True,CALL,2026-03-23,560.0,100.0,0,50.166,0.009828828,0.000697615,0.019713616,-0.045307942,0.001167759,21.543,9
US.GLD260323P560000,GLD 260323 560.00P,93.12,0.0,0.0,0.0,93.12,0,0.0,True,PUT,2026-03-23,560.0,100.0,0,61.055,-0.977791912,0.001639035,0.03834418,-0.086782049,-0.058066167,-1.31,9
US.GLD260323C565000,GLD 260323 565.00C,0.111,0.0,0.0,0.0,0.111,0,0.0,True,CALL,2026-03-23,565.0,100.0,0,51.556,0.008806829,0.000616637,0.017908931,-0.042060847,0.00104589,22.626,9
US.GLD260323P565000,GLD 260323 565.00P,98.12,0.0,0.0,0.0,98.12,0,0.0,True,PUT,2026-03-23,565.0,100.0,0,63.38,-0.978461107,0.001541285,0.03737145,-0.087702478,-0.058315975,-1.31,9
US.GLD260323C570000,GLD 260323 570.00C,0.1,0.0,0.0,0.0,0.1,0,0.0,True,CALL,2026-03-23,570.0,100.0,0,52.839,0.007837973,0.000543129,0.016167727,-0.038684643,0.000930508,23.708,9
US.GLD260323P570000,GLD 260323 570.00P,103.12,0.0,0.0,0.0,103.12,0,0.0,True,PUT,2026-03-23,570.0,100.0,0,61.269,-0.989108249,0.001281992,0.020083303,-0.037964358,-0.03695518,-1.31,9
US.GLD260323C575000,GLD 260323 575.00C,0.089,0.0,0.0,0.0,0.089,0,0.0,True,CALL,2026-03-23,575.0,100.0,0,54.005,0.006914022,0.000475789,0.01447672,-0.035177314,0.000820609,24.791,9
US.GLD260323P575000,GLD 260323 575.00P,108.12,0.0,0.0,0.0,108.12,0,0.0,True,PUT,2026-03-23,575.0,100.0,0,67.934,-0.979644323,0.001375601,0.035634538,-0.089429186,-0.058813224,-1.31,9
US.GLD260323C580000,GLD 260323 580.00C,0.0787,0.0,0.0,0.0,0.0787,0,0.0,True,CALL,2026-03-23,580.0,100.0,0,55.091,0.006071761,0.000415772,0.012906225,-0.031782144,0.0007205,25.874,9
US.GLD260323P580000,GLD 260323 580.00P,113.12,0.0,0.0,0.0,113.12,0,0.0,True,PUT,2026-03-23,580.0,100.0,0,70.166,-0.980169978,0.001304907,0.034855726,-0.090243103,-0.059061129,-1.31,9
US.GLD260323C585000,GLD 260323 585.00C,0.0685,0.0,0.0,0.0,0.0685,0,0.0,True,CALL,2026-03-23,585.0,100.0,0,56.046,0.005266948,0.000360217,0.011376561,-0.028297143,0.000624936,26.956,9
US.GLD260323P585000,GLD 260323 585.00P,118.12,0.0,0.0,0.0,118.12,0,0.0,True,PUT,2026-03-23,585.0,100.0,0,72.368,-0.980658292,0.001240863,0.03412814,-0.091026585,-0.059308218,-1.31,9
US.GLD260323C590000,GLD 260323 590.00C,0.0582,0.0,0.0,0.0,0.0582,0,0.0,True,CALL,2026-03-23,590.0,100.0,0,56.824,0.004480816,0.00030761,0.009851329,-0.024643476,0.00053168,28.039,9
US.GLD260323P590000,GLD 260323 590.00P,123.12,0.0,0.0,0.0,123.12,0,0.0,True,PUT,2026-03-23,590.0,100.0,0,74.543,-0.981113175,0.001182619,0.033446744,-0.091782191,-0.059554582,-1.31,9
US.GLD260323C595000,GLD 260323 595.00C,0.048,0.0,0.0,0.0,0.048,0,0.0,True,CALL,2026-03-23,595.0,100.0,0,57.404,0.003719867,0.000257779,0.008341129,-0.020884148,0.000441472,29.122,9
US.GLD260323P595000,GLD 260323 595.00P,128.12,0.0,0.0,0.0,128.12,0,0.0,True,PUT,2026-03-23,595.0,100.0,0,76.691,-0.981537857,0.001129451,0.032807374,-0.09251305,-0.059800575,-1.31,9
US.GLD260323C600000,GLD 260323 600.00C,0.0377,0.0377,0.0,0.0,0.0377,0,0.0,True,CALL,2026-03-23,600.0,100.0,2,57.694,0.002964287,0.000209125,0.00680256,-0.016926414,0.000351946,30.205,9
US.GLD260323P600000,GLD 260323 600.00P,133.12,0.0,0.0,0.0,133.12,0,0.0,True,PUT,2026-03-23,600.0,100.0,0,78.812,-0.98193543,0.001080756,0.032205942,-0.093220199,-0.060045939,-1.31,9
US.GLD260323C605000,GLD 260323 605.00C,0.0277,0.0277,0.0,0.0,0.0277,0,0.0,True,CALL,2026-03-23,605.0,100.0,1,57.629,0.002231692,0.000161988,0.005265123,-0.012904024,0.000265147,31.287,9
US.GLD260323P605000,GLD 260323 605.00P,138.12,0.0,0.0,0.0,138.12,0,0.0,True,PUT,2026-03-23,605.0,100.0,0,80.909,-0.982308481,0.001036013,0.031639021,-0.093905167,-0.060290641,-1.31,9
US.GLD260323C610000,GLD 260323 610.00C,0.0202,0.0202,0.0,0.0,0.0202,0,0.0,True,CALL,2026-03-23,610.0,100.0,1,84.31,0.024592771,0.000911437,0.043248217,-0.17365003,0.002854351,32.371,9
US.GLD260323P610000,GLD 260323 610.00P,143.12,0.0,0.0,0.0,143.12,0,0.0,True,PUT,2026-03-23,610.0,100.0,0,82.98,-0.982659317,0.00099478,0.031103533,-0.094569067,-0.060534564,-1.31,9
US.GLD260323C615000,GLD 260323 615.00C,0.0147,0.0147,0.0,0.0,0.0147,0,0.0,True,CALL,2026-03-23,615.0,100.0,3,64.848,0.00378057,0.000231525,0.008460073,-0.023921987,0.000447028,33.454,9
US.GLD260323P615000,GLD 260323 615.00P,148.12,0.0,0.0,0.0,148.12,0,0.0,True,PUT,2026-03-23,615.0,100.0,0,85.029,-0.98298965,0.000956679,0.030597257,-0.095215065,-0.060778293,-1.31,9
US.GLD260325C290000,GLD 260325 290.00C,177.2959,0.0,0.0,0.0,177.2959,0,0.0,True,CALL,2026-03-25,290.0,100.0,0,85.836,0.999041671,4.5775e-05,0.002671878,-0.036479452,0.092460912,1.4,11
US.GLD260325P290000,GLD 260325 290.00P,0.0001,0.0,0.0,0.0,0.0001,0,0.0,True,PUT,2026-03-25,290.0,100.0,0,60.467,-7.556e-06,6.45e-07,2.8574e-05,-5.4498e-05,9.346e-06,37.071,11
US.GLD260325C295000,GLD 260325 295.00C,172.3025,0.0,0.0,0.0,172.3025,0,0.0,True,CALL,2026-03-25,295.0,100.0,0,0.0,0.0,0.0,0.0,0.0,0.0,1.402,11
US.GLD260325P295000,GLD 260325 295.00P,0.0001,0.0,0.0,0.0,0.0001,0,0.0,True,PUT,2026-03-25,295.0,100.0,0,58.297,-7.794e-06,6.88e-07,2.9447e-05,-5.4253e-05,9.553e-06,35.986,11
US.GLD260325C300000,GLD 260325 300.00C,167.3092,0.0,0.0,0.0,167.3092,0,0.0,True,CALL,2026-03-25,300.0,100.0,0,94.507,0.995759993,0.000160253,0.010290084,-0.065988884,0.095142415,1.403,11
US.GLD260325P300000,GLD 260325 300.00P,0.0001,0.0,0.0,0.0,0.0001,0,0.0,True,PUT,2026-03-25,300.0,100.0,0,56.162,-8.043e-06,7.34e-07,3.0362e-05,-5.3997e-05,9.768e-06,34.901,11
US.GLD260325C305000,GLD 260325 305.00C,162.3159,0.0,0.0,0.0,162.3159,0,0.0,True,CALL,2026-03-25,305.0,100.0,0,0.0,0.0,0.0,0.0,0.0,0.0,1.405,11
US.GLD260325P305000,GLD 260325 305.00P,0.0001,0.0,0.0,0.0,0.0001,0,0.0,True,PUT,2026-03-25,305.0,100.0,0,54.061,-8.304e-06,7.85e-07,3.1324e-05,-5.3734e-05,9.991e-06,33.816,11
US.GLD260325C310000,GLD 260325 310.00C,157.3226,0.0,0.0,0.0,157.3226,0,0.0,True,CALL,2026-03-25,310.0,100.0,0,0.0,0.0,0.0,0.0,0.0,0.0,1.406,11
US.GLD260325P310000,GLD 260325 310.00P,0.0002,0.0,0.0,0.0,0.0002,0,0.0,True,PUT,2026-03-25,310.0,100.0,0,54.177,-1.7465e-05,1.635e-06,6.3438e-05,-0.000108829,1.1975e-05,32.731,11
US.GLD260325C315000,GLD 260325 315.00C,152.3295,0.0,0.0,0.0,152.3295,0,0.0,True,CALL,2026-03-25,315.0,100.0,0,0.0,0.0,0.0,0.0,0.0,0.0,1.408,11
US.GLD260325P315000,GLD 260325 315.00P,0.0005,0.0,0.0,0.0,0.0005,0,0.0,True,PUT,2026-03-25,315.0,100.0,0,54.998,-4.3845e-05,3.93e-06,0.000151358,-0.000267365,1.3621e-05,31.646,11
US.GLD260325C320000,GLD 260325 320.00C,147.3366,0.0,0.0,0.0,147.3366,0,0.0,True,CALL,2026-03-25,320.0,100.0,0,0.0,0.0,0.0,0.0,0.0,0.0,1.409,11
US.GLD260325P320000,GLD 260325 320.00P,0.001,0.0,0.0,0.0,0.001,0,0.0,True,PUT,2026-03-25,320.0,100.0,0,55.148,-8.6633e-05,7.509e-06,0.000287175,-0.000517802,1.2947e-05,30.561,11
US.GLD260325C325000,GLD 260325 325.00C,142.344,0.0,0.0,0.0,142.344,0,0.0,True,CALL,2026-03-25,325.0,100.0,0,0.0,0.0,0.0,0.0,0.0,0.0,1.411,11
US.GLD260325P325000,GLD 260325 325.00P,0.0018,0.0,0.0,0.0,0.0018,0,0.0,True,PUT,2026-03-25,325.0,100.0,0,54.995,-0.000153563,1.2941e-05,0.000490854,-0.000898336,9.233e-06,29.476,11
US.GLD260325C330000,GLD 260325 330.00C,137.3522,0.0,0.0,0.0,137.3522,0,0.0,True,CALL,2026-03-25,330.0,100.0,0,82.323,0.990638938,0.000370826,0.020738435,-0.098442783,0.103930966,1.413,11
US.GLD260325P330000,GLD 260325 330.00P,0.1,0.08,0.1,0.08,0.0033,7,60.0,True,PUT,2026-03-25,330.0,100.0,0,75.001,-0.00513989,0.000239625,0.012219464,-0.034768056,-0.000651252,28.413,11
US.GLD260325C335000,GLD 260325 335.00C,132.3613,0.0,0.0,0.0,132.3613,0,0.0,True,CALL,2026-03-25,335.0,100.0,0,0.0,0.0,0.0,0.0,0.0,0.0,1.415,11
US.GLD260325P335000,GLD 260325 335.00P,0.0059,0.0,0.0,0.0,0.0059,0,0.0,True,PUT,2026-03-25,335.0,100.0,0,71.951,-0.005345861,0.000258665,0.012654496,-0.034574333,-0.000677042,27.307,11
US.GLD260325C340000,GLD 260325 340.00C,127.3722,0.0,0.0,0.0,127.3722,0,0.0,True,CALL,2026-03-25,340.0,100.0,0,61.795,0.997591568,0.00014734,0.006193032,-0.047242258,0.108208432,1.417,11
US.GLD260325P340000,GLD 260325 340.00P,0.0101,0.0,0.0,0.0,0.0101,0,0.0,True,PUT,2026-03-25,340.0,100.0,0,68.937,-0.00556629,0.000279839,0.013117572,-0.034372125,-0.000704627,26.223,11
US.GLD260325C345000,GLD 260325 345.00C,122.3857,0.0,0.0,0.0,122.3857,0,0.0,True,CALL,2026-03-25,345.0,100.0,0,64.13,0.995245279,0.000261605,0.011404044,-0.061251135,0.109445233,1.42,11
US.GLD260325P345000,GLD 260325 345.00P,0.017,0.0,0.0,0.0,0.017,0,0.0,True,PUT,2026-03-25,345.0,100.0,0,65.958,-0.005802831,0.000303478,0.01361173,-0.034160461,-0.000734211,25.14,11
US.GLD260325C350000,GLD 260325 350.00C,117.4031,0.0,0.0,0.0,117.4031,0,0.0,True,CALL,2026-03-25,350.0,100.0,0,67.194,0.99087514,0.000444269,0.020283173,-0.086848879,0.110367831,1.424,11
US.GLD260325P350000,GLD 260325 350.00P,0.0278,0.0,0.0,0.0,0.0278,0,0.0,True,PUT,2026-03-25,350.0,100.0,0,64.651,-0.007179688,0.000373814,0.016431406,-0.040728332,-0.000925585,24.057,11
US.GLD260325C355000,GLD 260325 355.00C,112.4264,0.0,0.0,0.0,112.4264,0,0.0,True,CALL,2026-03-25,355.0,100.0,0,54.805,0.996782406,0.000215754,0.008043748,-0.050992261,0.112876758,1.429,11
US.GLD260325P355000,GLD 260325 355.00P,0.0445,0.0,0.0,0.0,0.0445,0,0.0,True,PUT,2026-03-25,355.0,100.0,0,60.1,-0.006332608,0.000359856,0.014708625,-0.033706226,-0.000800411,22.976,11
US.GLD260325C360000,GLD 260325 360.00C,107.4544,0.0,0.0,0.0,107.4544,0,0.0,True,CALL,2026-03-25,360.0,100.0,0,46.817,0.998681059,0.000112459,0.003589496,-0.041141451,0.11476304,1.435,11
US.GLD260325P360000,GLD 260325 360.00P,0.0659,0.0,0.0,0.0,0.0659,0,0.0,True,PUT,2026-03-25,360.0,100.0,0,57.217,-0.006630801,0.000393681,0.015320335,-0.033461125,-0.000837637,21.895,11
US.GLD260325C365000,GLD 260325 365.00C,102.4824,0.0,0.0,0.0,102.4824,0,0.0,True,CALL,2026-03-25,365.0,100.0,0,60.37,0.986982643,0.000673629,0.027629034,-0.10085848,0.114565835,1.441,11
US.GLD260325P365000,GLD 260325 365.00P,0.0873,0.0,0.0,0.0,0.0873,0,0.0,True,PUT,2026-03-25,365.0,100.0,0,54.363,-0.00695547,0.000432212,0.015981932,-0.033203021,-0.00087814,20.815,11
US.GLD260325C370000,GLD 260325 370.00C,97.5103,0.0,0.0,0.0,97.5103,0,0.0,True,CALL,2026-03-25,370.0,100.0,0,49.8,0.994205369,0.000401695,0.013603537,-0.061758378,0.11727659,1.447,11
US.GLD260325P370000,GLD 260325 370.00P,0.2,0.2,0.2,0.2,0.1087,1,20.0,True,PUT,2026-03-25,370.0,100.0,0,56.59,-0.012795984,0.000707741,0.027221657,-0.060223048,-0.001704669,19.755,11
US.GLD260325C375000,GLD 260325 375.00C,92.5383,0.0,0.0,0.0,92.5383,0,0.0,True,CALL,2026-03-25,375.0,100.0,0,48.33,0.992720792,0.000506442,0.016641811,-0.067296592,0.118648357,1.453,11
US.GLD260325P375000,GLD 260325 375.00P,0.2,0.2,0.2,0.2,0.1301,1,20.0,True,PUT,2026-03-25,375.0,100.0,0,54.737,-0.015101977,0.000844095,0.031400062,-0.067567337,-0.002027554,18.67,11
US.GLD260325C380000,GLD 260325 380.00C,87.5716,0.0,0.0,0.0,87.5716,0,0.0,True,CALL,2026-03-25,380.0,100.0,0,47.792,0.989685546,0.00069522,0.02258373,-0.078810989,0.119783636,1.46,11
US.GLD260325P380000,GLD 260325 380.00P,0.2,0.2,0.2,0.2,0.1569,1,20.0,True,PUT,2026-03-25,380.0,100.0,0,53.12,-0.018262472,0.00102343,0.036941482,-0.077638139,-0.002473019,17.585,11
US.GLD260325C385000,GLD 260325 385.00C,82.605,0.0,0.0,0.0,82.605,0,0.0,True,CALL,2026-03-25,385.0,100.0,0,52.639,0.97563558,0.00131848,0.047142484,-0.136644347,0.119223943,1.467,11
US.GLD260325P385000,GLD 260325 385.00P,0.29,0.18,0.29,0.18,0.1837,238,6825.0,True,PUT,2026-03-25,385.0,100.0,5,51.137,-0.02140454,0.001216519,0.042267548,-0.085954705,-0.002914258,16.519,11
US.GLD260325C390000,GLD 260325 390.00C,77.6383,0.0,0.0,0.0,77.6383,0,0.0,True,CALL,2026-03-25,390.0,100.0,0,52.516,0.966964728,0.00170257,0.060726083,-0.166715565,0.119488844,1.475,11
US.GLD260325P390000,GLD 260325 390.00P,0.21,0.3,0.3,0.21,0.2104,2,51.0,True,PUT,2026-03-25,390.0,100.0,2,48.559,-0.023866928,0.001404265,0.046329344,-0.089749782,-0.003254309,15.417,11
US.GLD260325C395000,GLD 260325 395.00C,72.6716,0.0,0.0,0.0,72.6716,0,0.0,True,CALL,2026-03-25,395.0,100.0,0,43.308,0.979620341,0.001378407,0.040557673,-0.108046201,0.123048091,1.482,11
US.GLD260325P395000,GLD 260325 395.00P,0.2372,0.0,0.0,0.0,0.2372,0,0.0,True,PUT,2026-03-25,395.0,100.0,0,44.68,-0.023577767,0.001510561,0.045858227,-0.081619914,-0.003193091,14.338,11
US.GLD260325C400000,GLD 260325 400.00C,67.7492,0.0,0.0,0.0,67.7492,0,0.0,True,CALL,2026-03-25,400.0,100.0,0,43.678,0.969136399,0.001935271,0.05741326,-0.139708092,0.123045826,1.499,11
US.GLD260325P400000,GLD 260325 400.00P,0.3084,0.3084,0.0,0.0,0.3084,0,0.0,True,PUT,2026-03-25,400.0,100.0,3,43.23,-0.029638767,0.001890251,0.055512144,-0.096308222,-0.004047357,13.268,11
US.GLD260325C405000,GLD 260325 405.00C,62.8269,0.0,0.0,0.0,62.8269,0,0.0,True,CALL,2026-03-25,405.0,100.0,0,40.802,0.96594872,0.002246667,0.062260735,-0.141741703,0.12416663,1.515,11
US.GLD260325P405000,GLD 260325 405.00P,0.3796,0.3796,0.0,0.0,0.3796,0,0.0,True,PUT,2026-03-25,405.0,100.0,1,43.157,-0.041971183,0.002518918,0.07382886,-0.12935574,-0.005810284,12.199,11
US.GLD260325C410000,GLD 260325 410.00C,57.9045,0.0,0.0,0.0,57.9045,0,0.0,True,CALL,2026-03-25,410.0,100.0,0,39.616,0.955768093,0.002863285,0.077033146,-0.16381277,0.124217048,1.532,11
US.GLD260325P410000,GLD 260325 410.00P,0.48,0.41,0.48,0.41,0.4508,6,274.0,True,PUT,2026-03-25,410.0,100.0,8,41.396,-0.051255785,0.003083203,0.086667983,-0.14650648,-0.007123739,11.136,11
US.GLD260325C415000,GLD 260325 415.00C,53.0379,0.0,0.0,0.0,53.0379,0,0.0,True,CALL,2026-03-25,415.0,100.0,0,38.486,0.942416983,0.00363656,0.095036133,-0.19004546,0.123784304,1.561,11
US.GLD260325P415000,GLD 260325 415.00P,0.82,0.81,0.82,0.8,0.578,10,811.0,True,PUT,2026-03-25,415.0,100.0,3,39.615,-0.062784611,0.003780267,0.10167646,-0.165412411,-0.008754234,10.124,11
US.GLD260325C420000,GLD 260325 420.00C,48.1713,0.0,0.0,0.0,48.1713,0,0.0,True,CALL,2026-03-25,420.0,100.0,0,35.204,0.936478165,0.00429295,0.102615897,-0.188896046,0.124499711,1.59,11
US.GLD260325P420000,GLD 260325 420.00P,1.01,0.42,1.01,0.42,0.7052,19,1667.0,True,PUT,2026-03-25,420.0,100.0,5,37.995,-0.078117335,0.004663122,0.120276703,-0.188762731,-0.010925712,9.081,11
US.GLD260325C425000,GLD 260325 425.00C,43.3771,0.0,0.0,0.0,43.3771,0,0.0,True,CALL,2026-03-25,425.0,100.0,0,35.319,0.908849136,0.00563198,0.135054549,-0.238806468,0.121883168,1.635,11
US.GLD260325P425000,GLD 260325 425.00P,1.02,1.17,1.17,1.02,0.905,42,4661.0,True,PUT,2026-03-25,425.0,100.0,26,36.2,-0.096455626,0.005729941,0.140788263,-0.211571351,-0.013513636,7.998,11
US.GLD260325C430000,GLD 260325 430.00C,38.6378,0.0,0.0,0.0,38.6378,0,0.0,True,CALL,2026-03-25,430.0,100.0,0,33.938,0.883508682,0.007003745,0.161378423,-0.269766416,0.119627824,1.691,11
US.GLD260325P430000,GLD 260325 430.00P,1.85,0.7,1.85,0.7,1.16,70,10423.0,True,PUT,2026-03-25,430.0,100.0,15,34.68,-0.1214748,0.007061425,0.166190367,-0.240465924,-0.017046455,7.093,11
US.GLD260325C435000,GLD 260325 435.00C,34.0281,0.0,0.0,0.0,34.0281,0,0.0,True,CALL,2026-03-25,435.0,100.0,0,33.906,0.842095103,0.00863286,0.198732877,-0.324563312,0.11488421,1.776,11
US.GLD260325P435000,GLD 260325 435.00P,2.02,1.26,2.02,1.06,1.545,90,12239.0,True,PUT,2026-03-25,435.0,100.0,155,33.558,-0.15578939,0.008648821,0.196926569,-0.277045496,-0.021893284,6.045,11
US.GLD260325C440000,GLD 260325 440.00C,29.5428,0.0,0.0,0.0,29.5428,0,0.0,True,CALL,2026-03-25,440.0,100.0,0,32.521,0.801428026,0.01040086,0.229666905,-0.356509007,0.110274568,1.888,11
US.GLD260325P440000,GLD 260325 440.00P,3.08,1.4,3.15,1.4,2.055,18,4075.0,True,PUT,2026-03-25,440.0,100.0,59,32.524,-0.198894501,0.010416982,0.229825162,-0.314483232,-0.027953683,5.19,11
US.GLD260325C445000,GLD 260325 445.00C,21.8,25.15,25.15,21.8,25.2468,5,11614.0,True,CALL,2026-03-25,445.0,100.0,1,30.213,0.757406656,0.012558695,0.257637375,-0.370167488,0.105186648,1.293,11
US.GLD260325P445000,GLD 260325 445.00P,4.05,2.23,4.05,2.23,2.755,86,20757.0,True,PUT,2026-03-25,445.0,100.0,166,31.747,-0.252812094,0.012230498,0.263294514,-0.352396607,-0.035488961,4.316,11
US.GLD260325C450000,GLD 260325 450.00C,21.1806,21.1806,0.0,0.0,21.1806,0,0.0,True,CALL,2026-03-25,450.0,100.0,1,32.162,0.678948107,0.013510448,0.295086205,-0.443242607,0.094568863,2.243,11
US.GLD260325P450000,GLD 260325 450.00P,5.27,3.6,5.3,3.6,3.6861,44,18836.0,True,PUT,2026-03-25,450.0,100.0,65,30.811,-0.315217721,0.014015614,0.292678528,-0.380067256,-0.044080024,3.495,11
US.GLD260325C451000,GLD 260325 451.00C,20.3981,0.0,0.0,0.0,20.3981,0,0.0,True,CALL,2026-03-25,451.0,100.0,0,31.078,0.669691468,0.014145326,0.298534099,-0.433808881,0.093516591,2.291,11
US.GLD260325P451000,GLD 260325 451.00P,5.15,2.7,5.15,2.7,3.9031,72,27976.0,True,PUT,2026-03-25,451.0,100.0,8,30.334,-0.327498319,0.014466392,0.297365767,-0.379919774,-0.045717616,3.252,11
US.GLD260325C452000,GLD 260325 452.00C,19.6155,0.0,0.0,0.0,19.6155,0,0.0,True,CALL,2026-03-25,452.0,100.0,0,31.049,0.655246892,0.014395229,0.303528545,-0.439871791,0.091595975,2.338,11
US.GLD260325P452000,GLD 260325 452.00P,4.88,3.53,4.88,3.53,4.1202,28,12831.0,True,PUT,2026-03-25,452.0,100.0,0,29.657,-0.339449211,0.015009925,0.301593747,-0.376340663,-0.047274509,2.977,11
US.GLD260325C453000,GLD 260325 453.00C,14.6,14.6,14.6,14.6,18.8855,5,7300.0,True,CALL,2026-03-25,453.0,100.0,0,30.241,0.643513589,0.014960527,0.307240353,-0.433799451,0.090146803,1.466,11
US.GLD260325P453000,GLD 260325 453.00P,5.15,5.55,5.55,5.15,4.39,128,70181.0,True,PUT,2026-03-25,453.0,100.0,4,30.336,-0.357524732,0.014957935,0.307394687,-0.392484189,-0.049822054,2.818,11
US.GLD260325C454000,GLD 260325 454.00C,18.1554,0.0,0.0,0.0,18.1554,0,0.0,True,CALL,2026-03-25,454.0,100.0,0,29.886,0.629422927,0.01533752,0.311296817,-0.433970769,0.08830232,2.455,11
US.GLD260325P454000,GLD 260325 454.00P,6.61,3.76,6.61,3.76,4.6598,53,28000.0,True,PUT,2026-03-25,454.0,100.0,1,30.062,-0.371906231,0.015298165,0.311485214,-0.393792267,-0.051737652,2.918,11
US.GLD260325C455000,GLD 260325 455.00C,17.437,0.0,0.0,0.0,17.437,0,0.0,True,CALL,2026-03-25,455.0,100.0,0,29.491,0.614977334,0.015728056,0.315005592,-0.432962573,0.086405533,2.516,11
US.GLD260325P455000,GLD 260325 455.00P,6.96,3.78,6.96,3.78,4.9413,11,6217.0,True,PUT,2026-03-25,455.0,100.0,30,29.984,-0.387287641,0.015532623,0.315362561,-0.397351817,-0.053801963,2.777,11
US.GLD260325C456000,GLD 260325 456.00C,16.7185,16.7185,0.0,0.0,16.7185,0,0.0,True,CALL,2026-03-25,456.0,100.0,1,29.996,0.597684631,0.015652076,0.318854408,-0.444404236,0.083993319,2.577,11
US.GLD260325P456000,GLD 260325 456.00P,6.77,4.3,6.77,4.3,5.2228,28,17887.0,True,PUT,2026-03-25,456.0,100.0,262,29.778,-0.40258235,0.015809807,0.318710584,-0.398408924,-0.055822093,2.519,11
US.GLD260325C457000,GLD 260325 457.00C,16.0097,0.0,0.0,0.0,16.0097,0,0.0,True,CALL,2026-03-25,457.0,100.0,0,29.975,0.581848461,0.015808701,0.321819129,-0.447461522,0.081843679,2.64,11
US.GLD260325P457000,GLD 260325 457.00P,7.37,7.15,7.37,5.9,5.514,20,13029.0,True,PUT,2026-03-25,457.0,100.0,72,29.604,-0.418274747,0.016052588,0.321626941,-0.399253434,-0.057883661,2.432,11
US.GLD260325C458000,GLD 260325 458.00C,15.3008,15.3008,0.0,0.0,15.3008,0,0.0,True,CALL,2026-03-25,458.0,100.0,1,29.981,0.56584987,0.015925846,0.324276282,-0.450202856,0.079662122,2.703,11
US.GLD260325P458000,GLD 260325 458.00P,7.1,4.4,7.35,4.4,5.8053,104,63133.0,True,PUT,2026-03-25,458.0,100.0,62,29.537,-0.434413568,0.016216697,0.324084086,-0.400930908,-0.060004559,2.156,11
US.GLD260325C459000,GLD 260325 459.00C,14.6661,0.0,0.0,0.0,14.6661,0,0.0,True,CALL,2026-03-25,459.0,100.0,0,29.632,0.550126343,0.016207619,0.326168195,-0.44710719,0.077553054,2.783,11
US.GLD260325P459000,GLD 260325 459.00P,7.4,7.5,7.5,7.4,6.1709,17,12740.0,True,PUT,2026-03-25,459.0,100.0,16,29.727,-0.45094581,0.016214628,0.32603737,-0.405562367,-0.062205994,2.005,11
US.GLD260325C460000,GLD 260325 460.00C,10.5,14.6,14.6,10.1,14.0313,19,20556.0,True,CALL,2026-03-25,460.0,100.0,3,28.625,0.534290475,0.016848604,0.327552715,-0.433859367,0.075491375,2.096,11
US.GLD260325P460000,GLD 260325 460.00P,7.38,4.7,7.46,4.7,6.5365,42,25625.0,True,PUT,2026-03-25,460.0,100.0,1016,29.254,-0.467065496,0.016551785,0.327383632,-0.399955022,-0.064209231,1.783,11
US.GLD260325C461000,GLD 260325 461.00C,9.85,10.1,10.1,9.85,13.3965,21,21035.0,True,CALL,2026-03-25,461.0,100.0,0,28.792,0.517419282,0.016796973,0.328455151,-0.436674643,0.073149266,2.172,11
US.GLD260325P461000,GLD 260325 461.00P,6.9023,6.9023,0.0,0.0,6.9023,0,0.0,True,PUT,2026-03-25,461.0,100.0,153,29.268,-0.483655931,0.016592545,0.328211657,-0.400552256,-0.066342588,1.462,11
US.GLD260325C462000,GLD 260325 462.00C,9.31,10.1,10.53,9.31,12.7686,26,25775.0,True,CALL,2026-03-25,462.0,100.0,1,28.756,0.500608262,0.016834459,0.328768168,-0.435794935,0.07083201,2.271,11
US.GLD260325P462000,GLD 260325 462.00P,9.67,6.35,9.67,6.35,7.275,4,3182.0,True,PUT,2026-03-25,462.0,100.0,1182,28.393,-0.500897621,0.017127803,0.328452319,-0.387631327,-0.068335522,1.846,11
US.GLD260325C463000,GLD 260325 463.00C,9.57,11.68,11.68,9.5,12.1679,14,13869.0,True,CALL,2026-03-25,463.0,100.0,1,28.592,0.483626862,0.016916637,0.328490848,-0.432304877,0.068497635,2.545,11
US.GLD260325P463000,GLD 260325 463.00P,8.92,6.49,9.2,6.49,7.675,22,15943.0,True,PUT,2026-03-25,463.0,100.0,1,28.99,-0.51715877,0.016764264,0.328138295,-0.395094815,-0.070506011,1.466,11
US.GLD260325C464000,GLD 260325 464.00C,9.3,8.9,9.3,8.9,11.5671,33,29575.0,True,CALL,2026-03-25,464.0,100.0,0,28.987,0.467554395,0.016644994,0.327678518,-0.436164861,0.066233254,2.703,11
US.GLD260325P464000,GLD 260325 464.00P,10.95,6.75,10.95,6.05,8.075,8,6479.0,True,PUT,2026-03-25,464.0,100.0,1306,28.927,-0.533932354,0.016763331,0.327227705,-0.392314131,-0.072561299,1.69,11
US.GLD260325C465000,GLD 260325 465.00C,7.62,7.62,7.62,7.62,10.9918,1,762.0,True,CALL,2026-03-25,465.0,100.0,3,27.648,0.447743949,0.017358684,0.325939039,-0.41387994,0.063593923,2.556,11
US.GLD260325P465000,GLD 260325 465.00P,9.0,6.78,9.0,6.78,8.5008,25,19440.0,True,PUT,2026-03-25,465.0,100.0,1370,28.813,-0.550818868,0.016762807,0.325718189,-0.38802872,-0.074582181,1.05,11
US.GLD260325C466000,GLD 260325 466.00C,8.45,8.5,8.5,8.45,10.4866,2,1695.0,True,CALL,2026-03-25,466.0,100.0,0,28.402,0.432958627,0.016803007,0.324107948,-0.421566043,0.061471244,2.953,11
US.GLD260325P466000,GLD 260325 466.00P,9.05,7.55,10.63,7.0,8.9966,27,23312.0,True,PUT,2026-03-25,466.0,100.0,72,29.342,-0.565779043,0.016375245,0.323896055,-0.392493817,-0.076514486,0.844,11
US.GLD260325C467000,GLD 260325 467.00C,8.1,9.63,9.63,8.1,9.9813,49,39848.0,True,CALL,2026-03-25,467.0,100.0,1,28.26,0.415909026,0.016747791,0.321426537,-0.415313978,0.059102847,3.094,11
US.GLD260325P467000,GLD 260325 467.00P,11.4,11.4,11.4,11.4,9.4926,1,1140.0,True,PUT,2026-03-25,467.0,100.0,395,29.051,-0.582931135,0.016416579,0.321208611,-0.384157111,-0.078445247,1.137,11
US.GLD260325C468000,GLD 260325 468.00C,7.42,8.47,8.6,7.38,9.476,149,110515.0,True,CALL,2026-03-25,468.0,100.0,3,27.199,0.394898292,0.017176841,0.317274597,-0.3942958,0.0562387,3.163,11
US.GLD260325P468000,GLD 260325 468.00P,11.97,10.8,12.65,10.8,9.9887,23,27156.0,True,PUT,2026-03-25,468.0,100.0,47,28.782,-0.600152683,0.016414242,0.31788179,-0.375388722,-0.080334074,1.043,11
US.GLD260325C469000,GLD 260325 469.00C,8.9707,0.0,0.0,0.0,8.9707,0,0.0,True,CALL,2026-03-25,469.0,100.0,0,28.925,0.386312593,0.016051757,0.31530898,-0.415206897,0.054917629,3.717,11
US.GLD260325P469000,GLD 260325 469.00P,12.55,9.09,12.55,9.09,10.485,16,14890.0,True,PUT,2026-03-25,469.0,100.0,4,28.775,-0.616249193,0.016243159,0.314203223,-0.369873134,-0.082123998,0.952,11
US.GLD260325C470000,GLD 260325 470.00C,6.55,6.46,6.69,6.46,8.4655,25,16386.0,True,CALL,2026-03-25,470.0,100.0,3,28.148,0.366685549,0.016228484,0.310211449,-0.397071378,0.052217402,3.408,11
US.GLD260325P470000,GLD 260325 470.00P,13.55,12.6,13.6,12.6,10.9815,78,105355.0,True,PUT,2026-03-25,470.0,100.0,45,28.395,-0.634089233,0.016234466,0.309457742,-0.35791364,-0.083914337,0.952,11
US.GLD260325C471000,GLD 260325 471.00C,7.9602,7.9602,0.0,0.0,7.9602,0,0.0,True,CALL,2026-03-25,471.0,100.0,2,28.523,0.353022885,0.015806463,0.306166963,-0.396256355,0.050276137,3.931,11
US.GLD260325P471000,GLD 260325 471.00P,13.14,14.57,14.57,13.14,11.4783,2,2771.0,True,PUT,2026-03-25,471.0,100.0,5,28.607,-0.648659497,0.015900818,0.305078006,-0.354556653,-0.085507028,0.646,11
US.GLD260325C472000,GLD 260325 472.00C,5.83,6.4,6.45,5.8,7.5688,107,62908.0,True,CALL,2026-03-25,472.0,100.0,40,28.029,0.334677041,0.015765943,0.300081365,-0.381048303,0.047724728,3.686,11
US.GLD260325P472000,GLD 260325 472.00P,13.83,13.83,13.83,13.83,12.089,1,1383.0,True,PUT,2026-03-25,472.0,100.0,12,28.526,-0.664583161,0.015688643,0.299738473,-0.34602711,-0.087070933,0.579,11
US.GLD260325C473000,GLD 260325 473.00C,5.15,6.99,7.0,5.15,7.1774,137,78258.0,True,CALL,2026-03-25,473.0,100.0,58,28.143,0.320197686,0.015422592,0.294742114,-0.375041444,0.045679104,3.756,11
US.GLD260325P473000,GLD 260325 473.00P,15.01,10.56,15.01,10.56,12.6998,22,32221.0,True,PUT,2026-03-25,473.0,100.0,408,28.306,-0.681221569,0.015510945,0.293536878,-0.334672069,-0.088566175,0.618,11
US.GLD260325C474000,GLD 260325 474.00C,4.3,6.4,6.4,4.3,6.7861,57,30618.0,True,CALL,2026-03-25,474.0,100.0,24,28.125,0.305210365,0.015116784,0.288706128,-0.366401186,0.04356663,3.788,11
US.GLD260325P474000,GLD 260325 474.00P,15.8,16.2,16.22,15.8,13.3109,30,48220.0,True,PUT,2026-03-25,474.0,100.0,1,28.373,-0.695699743,0.015186207,0.287626872,-0.327471192,-0.089899352,0.572,11
US.GLD260325C475000,GLD 260325 475.00C,4.1,6.0,6.0,4.1,6.3947,9,4522.0,True,CALL,2026-03-25,475.0,100.0,34,27.967,0.289523095,0.014840083,0.281821446,-0.354951471,0.041359004,3.962,11
US.GLD260325P475000,GLD 260325 475.00P,15.78,11.53,15.78,11.53,13.9221,2,2731.0,True,PUT,2026-03-25,475.0,100.0,6,28.393,-0.710157043,0.014865159,0.281227243,-0.31905435,-0.091133437,0.351,11
US.GLD260325C476000,GLD 260325 476.00C,4.55,4.07,4.55,4.07,6.0033,3,1271.0,True,CALL,2026-03-25,476.0,100.0,129,28.024,0.275741862,0.014467207,0.275285134,-0.346692703,0.039408251,4.276,11
US.GLD260325P476000,GLD 260325 476.00P,14.5337,0.0,0.0,0.0,14.5337,0,0.0,True,PUT,2026-03-25,476.0,100.0,0,29.087,-0.719105252,0.01430283,0.27704307,-0.321675206,-0.092178881,-0.136,11
US.GLD260325C477000,GLD 260325 477.00C,4.14,4.15,4.15,4.14,5.65,6,2488.0,True,CALL,2026-03-25,477.0,100.0,9,27.752,0.259738465,0.014175252,0.267104771,-0.332426898,0.037154053,4.404,11
US.GLD260325P477000,GLD 260325 477.00P,15.1834,15.1834,0.0,0.0,15.1834,0,0.0,True,PUT,2026-03-25,477.0,100.0,15,28.184,-0.739997963,0.014254633,0.266386202,-0.296848032,-0.093261647,-0.212,11
US.GLD260325C478000,GLD 260325 478.00C,3.82,5.49,5.49,3.82,5.35,15,8068.0,True,CALL,2026-03-25,478.0,100.0,9,28.182,0.24979807,0.013676748,0.26169995,-0.330044313,0.035729284,4.552,11
US.GLD260325P478000,GLD 260325 478.00P,19.89,19.89,19.89,19.89,15.8864,4,7956.0,True,PUT,2026-03-25,478.0,100.0,3,27.555,-0.759004134,0.014062667,0.25571997,-0.276024651,-0.094070071,0.592,11
US.GLD260325C479000,GLD 260325 479.00C,4.93,5.15,5.15,4.93,5.05,2,1008.0,True,CALL,2026-03-25,479.0,100.0,199,27.975,0.235065445,0.013331419,0.253212602,-0.316295242,0.033647936,5.01,11
US.GLD260325P479000,GLD 260325 479.00P,16.5896,16.5896,0.0,0.0,16.5896,0,0.0,True,PUT,2026-03-25,479.0,100.0,12,28.732,-0.762077408,0.013382674,0.253978319,-0.286502719,-0.094901862,-0.34,11
US.GLD260325C480000,GLD 260325 480.00C,3.17,4.45,4.45,3.17,4.75,42,15360.0,True,CALL,2026-03-25,480.0,100.0,290,28.01,0.222749796,0.012918572,0.245673143,-0.30658114,0.031898753,4.845,11
US.GLD260325P480000,GLD 260325 480.00P,17.2931,17.2931,0.0,0.0,17.2931,0,0.0,True,PUT,2026-03-25,480.0,100.0,11,28.8,-0.774168431,0.01300069,0.246620305,-0.277476968,-0.095546172,-0.405,11
US.GLD260325C481000,GLD 260325 481.00C,3.15,4.24,4.24,3.15,4.45,8,2629.0,True,CALL,2026-03-25,481.0,100.0,5,28.228,0.212465888,0.012473871,0.239058214,-0.299999684,0.030431363,5.058,11
US.GLD260325P481000,GLD 260325 481.00P,17.9971,17.9971,0.0,0.0,17.9971,0,0.0,True,PUT,2026-03-25,481.0,100.0,12,27.655,-0.796883732,0.012828421,0.231605253,-0.246543703,-0.095616314,-0.469,11
US.GLD260325C482000,GLD 260325 482.00C,3.05,3.43,3.43,3.05,4.1549,2,648.0,True,CALL,2026-03-25,482.0,100.0,14,28.345,0.201759715,0.012047906,0.23185221,-0.291523445,0.02890655,5.253,11
US.GLD260325P482000,GLD 260325 482.00P,18.7063,18.7063,0.0,0.0,18.7063,0,0.0,True,PUT,2026-03-25,482.0,100.0,11,28.58,-0.800357119,0.012280675,0.229251511,-0.252520343,-0.096298235,-0.532,11
US.GLD260325C483000,GLD 260325 483.00C,3.8892,3.8892,0.0,0.0,3.8892,0,0.0,True,CALL,2026-03-25,483.0,100.0,60,27.996,0.187322245,0.011659231,0.221598957,-0.274481339,0.0268623,5.652,11
US.GLD260325P483000,GLD 260325 483.00P,19.4448,0.0,0.0,0.0,19.4448,0,0.0,True,PUT,2026-03-25,483.0,100.0,0,28.266,-0.814821504,0.01192626,0.218773459,-0.236119014,-0.096265013,-0.589,11
US.GLD260325C484000,GLD 260325 484.00C,2.37,2.88,2.88,2.37,3.6234,4,1051.0,True,CALL,2026-03-25,484.0,100.0,7,28.084,0.177204457,0.011226452,0.214037088,-0.265324915,0.025419387,5.539,11
US.GLD260325P484000,GLD 260325 484.00P,20.1838,20.1838,0.0,0.0,20.1838,0,0.0,True,PUT,2026-03-25,484.0,100.0,3,27.629,-0.832109935,0.011573386,0.205358126,-0.213714257,-0.095628816,-0.645,11
US.GLD260325C485000,GLD 260325 485.00C,2.52,2.52,2.52,2.52,3.4228,4,1008.0,True,CALL,2026-03-25,485.0,100.0,0,28.225,0.168008293,0.010796893,0.206883479,-0.257160904,0.02410588,5.789,11
US.GLD260325P485000,GLD 260325 485.00P,20.9873,20.9873,0.0,0.0,20.9873,0,0.0,True,PUT,2026-03-25,485.0,100.0,10,30.062,-0.820291158,0.010994635,0.214774168,-0.247186477,-0.097500413,-0.688,11
US.GLD260325C486000,GLD 260325 486.00C,3.2222,0.0,0.0,0.0,3.2222,0,0.0,True,CALL,2026-03-25,486.0,100.0,0,29.022,0.165039729,0.010380471,0.204519887,-0.260999396,0.023665246,6.158,11
US.GLD260325P486000,GLD 260325 486.00P,24.88,24.88,24.88,24.88,21.7913,5,12440.0,True,PUT,2026-03-25,486.0,100.0,0,28.505,-0.844864288,0.010709026,0.19493422,-0.208038405,-0.095879458,-0.06,11
US.GLD260325C487000,GLD 260325 487.00C,1.81,2.68,2.68,1.81,3.0215,3,644.0,True,CALL,2026-03-25,487.0,100.0,4,28.522,0.150987023,0.009962681,0.192904399,-0.241197762,0.021672898,6.069,11
US.GLD260325P487000,GLD 260325 487.00P,27.96,27.96,27.96,27.96,22.5957,5,13980.0,True,PUT,2026-03-25,487.0,100.0,3,29.24,-0.847940475,0.010303439,0.192378252,-0.210679129,-0.096310478,0.39,11
US.GLD260325C488000,GLD 260325 488.00C,2.04,2.67,2.67,2.04,2.8302,4,934.0,True,CALL,2026-03-25,488.0,100.0,1,28.521,0.141754029,0.009549729,0.184899537,-0.230595058,0.020355563,6.336,11
US.GLD260325P488000,GLD 260325 488.00P,25.8,25.8,25.8,25.8,23.4095,2,5160.0,True,PUT,2026-03-25,488.0,100.0,1,30.36,-0.847357584,0.009919692,0.192960377,-0.220380367,-0.09718322,-0.295,11
US.GLD260325C489000,GLD 260325 489.00C,2.6416,2.6416,0.0,0.0,2.6416,0,0.0,True,CALL,2026-03-25,489.0,100.0,5,29.223,0.139041102,0.009198767,0.182492561,-0.232861743,0.019955799,6.683,11
US.GLD260325P489000,GLD 260325 489.00P,24.2263,0.0,0.0,0.0,24.2263,0,0.0,True,PUT,2026-03-25,489.0,100.0,0,28.744,-0.871316136,0.009542804,0.171318722,-0.1803185,-0.094149866,-0.853,11
US.GLD260325C490000,GLD 260325 490.00C,1.61,2.12,2.12,1.61,2.453,82,13788.0,True,CALL,2026-03-25,490.0,100.0,18,28.488,0.124237201,0.008730614,0.168842093,-0.209217909,0.017854359,6.676,11
US.GLD260325P490000,GLD 260325 490.00P,27.88,27.88,27.88,27.88,25.044,1,2788.0,True,PUT,2026-03-25,490.0,100.0,5,28.986,-0.877865312,0.009177973,0.165069666,-0.174207578,-0.093604297,-0.277,11
US.GLD260325C491000,GLD 260325 491.00C,2.13,2.13,2.13,2.13,2.2643,1,213.0,True,CALL,2026-03-25,491.0,100.0,7,28.98,0.120402851,0.00839583,0.165169594,-0.207839748,0.017298945,7.006,11
US.GLD260325P491000,GLD 260325 491.00P,25.8626,0.0,0.0,0.0,25.8626,0,0.0,True,PUT,2026-03-25,491.0,100.0,0,28.558,-0.890286717,0.008781269,0.152631954,-0.156181006,-0.091363877,-0.932,11
US.GLD260325C492000,GLD 260325 492.00C,1.45,1.88,1.88,1.45,2.1,2,333.0,True,CALL,2026-03-25,492.0,100.0,11,28.605,0.109577823,0.007954402,0.15446248,-0.191191733,0.015756615,7.076,11
US.GLD260325P492000,GLD 260325 492.00P,26.7051,0.0,0.0,0.0,26.7051,0,0.0,True,PUT,2026-03-25,492.0,100.0,0,27.645,-0.906912762,0.008323844,0.134824148,-0.129969809,-0.086891814,-0.966,11
US.GLD260325C493000,GLD 260325 493.00C,1.27,1.55,1.55,1.27,1.95,61,8055.0,True,CALL,2026-03-25,493.0,100.0,1,29.086,0.106265159,0.007651777,0.151087745,-0.189843995,0.015276472,7.254,11
US.GLD260325P493000,GLD 260325 493.00P,27.5618,0.0,0.0,0.0,27.5618,0,0.0,True,PUT,2026-03-25,493.0,100.0,0,30.04,-0.892735719,0.008193054,0.150255374,-0.162261141,-0.092315602,-0.997,11
US.GLD260325C494000,GLD 260325 494.00C,1.2,1.2,1.2,1.2,1.8522,1,120.0,True,CALL,2026-03-25,494.0,100.0,0,29.146,0.099772189,0.007294207,0.144325142,-0.181248107,0.014346896,7.455,11
US.GLD260325P494000,GLD 260325 494.00P,31.88,31.88,31.88,31.88,28.4688,6,19128.0,True,PUT,2026-03-25,494.0,100.0,0,28.324,-0.915545856,0.007681806,0.125167932,-0.12231335,-0.085165307,-0.277,11
US.GLD260325C495000,GLD 260325 495.00C,1.15,1.2,1.26,1.15,1.757,45,5408.0,True,CALL,2026-03-25,495.0,100.0,16,29.166,0.093297272,0.006938616,0.137384183,-0.172177046,0.013419979,7.662,11
US.GLD260325P495000,GLD 260325 495.00P,29.3786,0.0,0.0,0.0,29.3786,0,0.0,True,PUT,2026-03-25,495.0,100.0,0,28.942,-0.917031426,0.007419582,0.123526137,-0.123393547,-0.085353614,-1.037,11
US.GLD260325C500000,GLD 260325 500.00C,0.77,1.18,1.18,0.77,1.2813,8,757.0,True,CALL,2026-03-25,500.0,100.0,141,29.913,0.07019439,0.005458266,0.110851853,-0.140758901,0.01010363,8.664,11
US.GLD260325P500000,GLD 260325 500.00P,33.937,33.937,0.0,0.0,33.937,0,0.0,True,PUT,2026-03-25,500.0,100.0,10,30.602,-0.934354972,0.006148956,0.102760788,-0.105662642,-0.080418778,-1.133,11
US.GLD260325C505000,GLD 260325 505.00C,0.66,0.91,0.91,0.66,0.905,3,239.0,True,CALL,2026-03-25,505.0,100.0,39,30.987,0.054693861,0.004337001,0.091256291,-0.118728622,0.007873927,9.725,11
US.GLD260325P505000,GLD 260325 505.00P,38.6014,0.0,0.0,0.0,38.6014,0,0.0,True,PUT,2026-03-25,505.0,100.0,0,32.658,-0.944769735,0.005213941,0.089450973,-0.096493055,-0.077101723,-1.206,11
US.GLD260325C510000,GLD 260325 510.00C,0.55,0.69,0.69,0.55,0.715,21,1173.0,True,CALL,2026-03-25,510.0,100.0,7,32.012,0.042717106,0.003445145,0.074903424,-0.099596784,0.006150673,10.786,11
US.GLD260325P510000,GLD 260325 510.00P,43.442,0.0,0.0,0.0,43.442,0,0.0,True,PUT,2026-03-25,510.0,100.0,0,31.699,-0.972550954,0.004142141,0.048872521,-0.045104747,-0.051999435,-1.24,11
US.GLD260325C515000,GLD 260325 515.00C,0.39,0.56,0.56,0.39,0.53,2,95.0,True,CALL,2026-03-25,515.0,100.0,14,32.658,0.032021628,0.002668278,0.059200172,-0.079325611,0.004613022,11.837,11
US.GLD260325P515000,GLD 260325 515.00P,48.2976,0.0,0.0,0.0,48.2976,0,0.0,True,PUT,2026-03-25,515.0,100.0,0,36.749,-0.959099333,0.003909641,0.069851609,-0.082231961,-0.070939184,-1.272,11
US.GLD260325C520000,GLD 260325 520.00C,0.415,0.415,0.0,0.0,0.415,0,0.0,True,CALL,2026-03-25,520.0,100.0,104,33.562,0.024914721,0.002107013,0.048054019,-0.065455199,0.003589771,12.927,11
US.GLD260325P520000,GLD 260325 520.00P,53.2186,0.0,0.0,0.0,53.2186,0,0.0,True,PUT,2026-03-25,520.0,100.0,0,38.922,-0.963369636,0.003459971,0.063714054,-0.078663595,-0.069053757,-1.289,11
US.GLD260325C525000,GLD 260325 525.00C,0.33,0.33,0.0,0.0,0.33,0,0.0,True,CALL,2026-03-25,525.0,100.0,28,34.745,0.020347938,0.001715864,0.040521017,-0.056629008,0.002931222,13.994,11
US.GLD260325P525000,GLD 260325 525.00P,58.169,0.0,0.0,0.0,58.169,0,0.0,True,PUT,2026-03-25,525.0,100.0,0,39.0,-0.976989189,0.002917906,0.042291775,-0.048040729,-0.05262625,-1.3,11
US.GLD260325C530000,GLD 260325 530.00C,0.26,0.26,0.26,0.26,0.2764,1,26.0,True,CALL,2026-03-25,530.0,100.0,20,35.777,0.016424377,0.001388382,0.033769674,-0.048142593,0.002365856,15.063,11
US.GLD260325P530000,GLD 260325 530.00P,63.1427,0.0,0.0,0.0,63.1427,0,0.0,True,PUT,2026-03-25,530.0,100.0,0,42.949,-0.970862927,0.00276774,0.052454255,-0.069701825,-0.064298285,-1.305,11
US.GLD260325C535000,GLD 260325 535.00C,0.2396,0.0,0.0,0.0,0.2396,0,0.0,True,CALL,2026-03-25,535.0,100.0,0,45.504,0.037729307,0.002191151,0.067720283,-0.126631318,0.00538368,16.144,11
US.GLD260325P535000,GLD 260325 535.00P,68.1306,0.0,0.0,0.0,68.1306,0,0.0,True,PUT,2026-03-25,535.0,100.0,0,45.788,-0.970146988,0.002566782,0.053736672,-0.077173004,-0.067492119,-1.308,11
US.GLD260325C540000,GLD 260325 540.00C,0.2028,0.0,0.0,0.0,0.2028,0,0.0,True,CALL,2026-03-25,540.0,100.0,0,39.517,0.01425617,0.001113087,0.029903492,-0.046751118,0.002049552,17.221,11
US.GLD260325P540000,GLD 260325 540.00P,73.1202,0.0,0.0,0.0,73.1202,0,0.0,True,PUT,2026-03-25,540.0,100.0,0,44.367,-0.985874335,0.002132344,0.027280572,-0.03218243,-0.040704188,-1.31,11
US.GLD260325C545000,GLD 260325 545.00C,0.15,0.18,0.18,0.12,0.166,5,69.0,True,CALL,2026-03-25,545.0,100.0,0,41.312,0.013324686,0.001004433,0.028210401,-0.045954373,0.00191389,18.294,11
US.GLD260325P545000,GLD 260325 545.00P,78.12,0.0,0.0,0.0,78.12,0,0.0,True,PUT,2026-03-25,545.0,100.0,0,46.539,-0.986431057,0.001967906,0.026370767,-0.03257831,-0.040839347,-1.31,11
US.GLD260325C550000,GLD 260325 550.00C,0.16,0.16,0.16,0.16,0.15,5,80.0,True,CALL,2026-03-25,550.0,100.0,0,43.427,0.013122442,0.000942966,0.027837985,-0.047612003,0.001882487,19.381,11
US.GLD260325P550000,GLD 260325 550.00P,83.12,0.0,0.0,0.0,83.12,0,0.0,True,PUT,2026-03-25,550.0,100.0,0,48.677,-0.986932147,0.001825381,0.025544547,-0.032952371,-0.04097578,-1.31,11
US.GLD260325C555000,GLD 260325 555.00C,0.14,0.0,0.0,0.0,0.14,0,0.0,True,CALL,2026-03-25,555.0,100.0,0,44.56,0.011373995,0.000811884,0.024596325,-0.042897953,0.00163124,20.462,11
US.GLD260325P555000,GLD 260325 555.00P,88.12,0.0,0.0,0.0,88.12,0,0.0,True,PUT,2026-03-25,555.0,100.0,0,50.784,-0.987385877,0.001700855,0.024790212,-0.033306564,-0.041113054,-1.31,11
US.GLD260325C560000,GLD 260325 560.00C,0.1337,0.0,0.0,0.0,0.1337,0,0.0,True,CALL,2026-03-25,560.0,100.0,0,45.987,0.010346044,0.000724442,0.022650751,-0.04059583,0.001482964,21.546,11
US.GLD260325P560000,GLD 260325 560.00P,93.12,0.0,0.0,0.0,93.12,0,0.0,True,PUT,2026-03-25,560.0,100.0,0,0.0,0.0,0.0,0.0,0.0,0.0,-1.31,11
US.GLD260325C565000,GLD 260325 565.00C,0.1275,0.0,0.0,0.0,0.1275,0,0.0,True,CALL,2026-03-25,565.0,100.0,0,49.647,0.012649627,0.000799062,0.026963534,-0.052562528,0.001808013,22.629,11
US.GLD260325P565000,GLD 260325 565.00P,98.12,0.0,0.0,0.0,98.12,0,0.0,True,PUT,2026-03-25,565.0,100.0,0,0.0,0.0,0.0,0.0,0.0,0.0,-1.31,11
US.GLD260325C570000,GLD 260325 570.00C,0.1212,0.0,0.0,0.0,0.1212,0,0.0,True,CALL,2026-03-25,570.0,100.0,0,49.596,0.009679315,0.000633778,0.021369606,-0.041159515,0.001384717,23.713,11
US.GLD260325P570000,GLD 260325 570.00P,103.12,0.0,0.0,0.0,103.12,0,0.0,True,PUT,2026-03-25,570.0,100.0,0,60.805,-0.978125917,0.001559449,0.041344866,-0.077561723,-0.066560034,-1.31,11
US.GLD260325C575000,GLD 260325 575.00C,0.1149,0.0,0.0,0.0,0.1149,0,0.0,True,CALL,2026-03-25,575.0,100.0,0,50.869,0.008802795,0.00056866,0.01966695,-0.038690297,0.001258755,24.796,11
US.GLD260325P575000,GLD 260325 575.00P,108.12,0.0,0.0,0.0,108.12,0,0.0,True,PUT,2026-03-25,575.0,100.0,0,0.0,0.0,0.0,0.0,0.0,0.0,-1.31,11
US.GLD260325C580000,GLD 260325 580.00C,0.1086,0.0,0.0,0.0,0.1086,0,0.0,True,CALL,2026-03-25,580.0,100.0,0,51.185,0.007079384,0.000466596,0.016240709,-0.0318583,0.001012798,25.88,11
US.GLD260325P580000,GLD 260325 580.00P,113.12,0.0,0.0,0.0,113.12,0,0.0,True,PUT,2026-03-25,580.0,100.0,0,64.951,-0.979261993,0.001400712,0.039532145,-0.079119369,-0.067112982,-1.31,11
US.GLD260325C585000,GLD 260325 585.00C,0.1023,0.0,0.0,0.0,0.1023,0,0.0,True,CALL,2026-03-25,585.0,100.0,0,59.595,0.014868101,0.000765261,0.030987057,-0.072839274,0.002110926,26.964,11
US.GLD260325P585000,GLD 260325 585.00P,118.12,0.0,0.0,0.0,118.12,0,0.0,True,PUT,2026-03-25,585.0,100.0,0,66.983,-0.979769484,0.001332486,0.03871508,-0.079855497,-0.067387956,-1.31,11
US.GLD260325C590000,GLD 260325 590.00C,0.096,0.0,0.0,0.0,0.096,0,0.0,True,CALL,2026-03-25,590.0,100.0,0,59.434,0.011915698,0.000633795,0.025598024,-0.059473542,0.001693467,28.047,11
US.GLD260325P590000,GLD 260325 590.00P,123.12,0.0,0.0,0.0,123.12,0,0.0,True,PUT,2026-03-25,590.0,100.0,0,68.99,-0.98024219,0.001270423,0.037949843,-0.080566614,-0.067662204,-1.31,11
US.GLD260325C595000,GLD 260325 595.00C,0.0897,0.0,0.0,0.0,0.0897,0,0.0,True,CALL,2026-03-25,595.0,100.0,0,71.699,0.027489595,0.001070831,0.052149457,-0.150845231,0.003860423,29.131,11
US.GLD260325P595000,GLD 260325 595.00P,128.12,0.0,0.0,0.0,128.12,0,0.0,True,PUT,2026-03-25,595.0,100.0,0,70.972,-0.980683628,0.001213749,0.03723151,-0.081254616,-0.067935789,-1.31,11
US.GLD260325C600000,GLD 260325 600.00C,0.0834,0.0,0.0,0.0,0.0834,0,0.0,True,CALL,2026-03-25,600.0,100.0,0,56.929,0.005720083,0.000347373,0.013447429,-0.029052867,0.000816208,30.215,11
US.GLD260325P600000,GLD 260325 600.00P,133.12,0.0,0.0,0.0,133.12,0,0.0,True,PUT,2026-03-25,600.0,100.0,0,72.929,-0.981096877,0.001161833,0.036555731,-0.081921148,-0.068208695,-1.31,11
US.GLD260325C605000,GLD 260325 605.00C,0.0772,0.0,0.0,0.0,0.0772,0,0.0,True,CALL,2026-03-25,605.0,100.0,0,58.019,0.005240764,0.000315346,0.012441734,-0.027291139,0.000747561,31.298,11
US.GLD260325P605000,GLD 260325 605.00P,138.12,0.0,0.0,0.0,138.12,0,0.0,True,PUT,2026-03-25,605.0,100.0,0,74.864,-0.981484661,0.001114118,0.035918615,-0.082567417,-0.068480805,-1.31,11
US.GLD260325C610000,GLD 260325 610.00C,0.0709,0.0,0.0,0.0,0.0709,0,0.0,True,CALL,2026-03-25,610.0,100.0,0,59.031,0.004773548,0.000285203,0.011449356,-0.025450326,0.000680729,32.382,11
US.GLD260325P610000,GLD 260325 610.00P,143.12,0.0,0.0,0.0,143.12,0,0.0,True,PUT,2026-03-25,610.0,100.0,0,76.775,-0.981849414,0.001070132,0.035316644,-0.083194204,-0.068751878,-1.31,11
US.GLD260325C615000,GLD 260325 615.00C,0.0646,0.0,0.0,0.0,0.0646,0,0.0,True,CALL,2026-03-25,615.0,100.0,0,59.967,0.004321941,0.000256913,0.010477801,-0.023559976,0.000616198,33.465,11
US.GLD260325P615000,GLD 260325 615.00P,148.12,0.0,0.0,0.0,148.12,0,0.0,True,PUT,2026-03-25,615.0,100.0,0,78.665,-0.982192916,0.001029482,0.03474734,-0.083804261,-0.069022599,-1.31,11
US.GLD260327C275000,GLD 260327 275.00C,192.4936,0.0,0.0,0.0,192.4936,0,0.0,True,CALL,2026-03-27,275.0,100.0,0,96.945,0.997838039,7.8691e-05,0.006072757,-0.045763689,0.10245463,1.443,13
US.GLD260327P275000,GLD 260327 275.00P,0.0017,0.0017,0.0,0.0,0.0017,0,0.0,True,PUT,2026-03-27,275.0,100.0,141,91.094,-0.001246072,5.0633e-05,0.003677594,-0.010589379,-0.000145194,40.326,13
US.GLD260327C280000,GLD 260327 280.00C,187.5024,0.0,0.0,0.0,187.5024,0,0.0,True,CALL,2026-03-27,280.0,100.0,0,69.696,0.999919186,5.211e-06,0.000290441,-0.027907844,0.104705066,1.445,13
US.GLD260327P280000,GLD 260327 280.00P,0.0028,0.0028,0.0,0.0,0.0028,0,0.0,True,PUT,2026-03-27,280.0,100.0,1,73.289,-0.000164549,9.597e-06,0.000565218,-0.001227931,7.226e-06,39.241,13
US.GLD260327C285000,GLD 260327 285.00C,182.5118,182.5118,0.0,0.0,182.5118,0,0.0,True,CALL,2026-03-27,285.0,100.0,3,95.439,0.99655608,0.000121685,0.009243583,-0.056591555,0.10595961,1.447,13
US.GLD260327P285000,GLD 260327 285.00P,0.0045,0.0045,0.0,0.0,0.0045,0,0.0,True,PUT,2026-03-27,285.0,100.0,9,85.212,-0.001329284,5.742e-05,0.003901904,-0.010522206,-0.000155579,38.157,13
US.GLD260327C290000,GLD 260327 290.00C,177.5221,0.0,0.0,0.0,177.5221,0,0.0,True,CALL,2026-03-27,290.0,100.0,0,105.309,0.991386293,0.000249012,0.020865402,-0.102167067,0.106864861,1.449,13
US.GLD260327P290000,GLD 260327 290.00P,0.0072,0.0,0.0,0.0,0.0072,0,0.0,True,PUT,2026-03-27,290.0,100.0,0,73.181,-0.00040442,2.2287e-05,0.001305459,-0.002908137,-1.9653e-05,37.072,13
US.GLD260327C295000,GLD 260327 295.00C,172.5338,0.0,0.0,0.0,172.5338,0,0.0,True,CALL,2026-03-27,295.0,100.0,0,0.0,0.0,0.0,0.0,0.0,0.0,1.452,13
US.GLD260327P295000,GLD 260327 295.00P,0.0113,0.0113,0.0,0.0,0.0113,0,0.0,True,PUT,2026-03-27,295.0,100.0,1,73.162,-0.000618495,3.3063e-05,0.001933679,-0.004363081,-4.7695e-05,35.988,13
US.GLD260327C300000,GLD 260327 300.00C,167.5472,167.5472,0.0,0.0,167.5472,0,0.0,True,CALL,2026-03-27,300.0,100.0,5,0.0,0.0,0.0,0.0,0.0,0.0,1.455,13
US.GLD260327P300000,GLD 260327 300.00P,0.06,0.06,0.06,0.06,0.017,1,6.0,True,PUT,2026-03-27,300.0,100.0,125,76.737,-0.001470579,6.9917e-05,0.004279723,-0.010412748,-0.000173227,34.914,13
US.GLD260327C305000,GLD 260327 305.00C,162.5608,0.0,0.0,0.0,162.5608,0,0.0,True,CALL,2026-03-27,305.0,100.0,0,0.0,0.0,0.0,0.0,0.0,0.0,1.458,13
US.GLD260327P305000,GLD 260327 305.00P,0.0231,0.0231,0.0,0.0,0.0231,0,0.0,True,PUT,2026-03-27,305.0,100.0,1,72.273,-0.001221589,6.2639e-05,0.003613458,-0.00822607,-0.000133656,33.821,13
US.GLD260327C310000,GLD 260327 310.00C,157.5754,0.0,0.0,0.0,157.5754,0,0.0,True,CALL,2026-03-27,310.0,100.0,0,65.554,0.999313609,4.0733e-05,0.002129846,-0.034551806,0.115816754,1.461,13
US.GLD260327P310000,GLD 260327 310.00P,0.11,0.05,0.11,0.05,0.03,16,124.0,True,PUT,2026-03-27,310.0,100.0,121,75.593,-0.002613977,0.000119718,0.007213331,-0.0176017,-0.00035059,32.755,13
US.GLD260327C315000,GLD 260327 315.00C,152.5901,0.0,0.0,0.0,152.5901,0,0.0,True,CALL,2026-03-27,315.0,100.0,0,83.125,0.992951231,0.000264448,0.017494094,-0.079170571,0.116525516,1.464,13
US.GLD260327P315000,GLD 260327 315.00P,0.11,0.06,0.11,0.06,0.0371,22,165.0,True,PUT,2026-03-27,315.0,100.0,10,80.29,-0.005617274,0.000223815,0.014310291,-0.038016213,-0.000844327,31.67,13
US.GLD260327C320000,GLD 260327 320.00C,147.6108,147.6108,0.0,0.0,147.6108,0,0.0,True,CALL,2026-03-27,320.0,100.0,5,81.015,0.992113114,0.000299565,0.019313984,-0.083504981,0.118243978,1.469,13
US.GLD260327P320000,GLD 260327 320.00P,0.07,0.04,0.07,0.04,0.0502,9,60.0,True,PUT,2026-03-27,320.0,100.0,95,77.622,-0.005995833,0.000245301,0.015162846,-0.039005677,-0.000903771,30.576,13
US.GLD260327C325000,GLD 260327 325.00C,142.6316,0.0,0.0,0.0,142.6316,0,0.0,True,CALL,2026-03-27,325.0,100.0,0,82.013,0.988959158,0.000397176,0.025919822,-0.103490856,0.119534625,1.473,13
US.GLD260327P325000,GLD 260327 325.00P,0.14,0.08,0.14,0.08,0.0634,11,106.0,True,PUT,2026-03-27,325.0,100.0,54,71.37,-0.004559995,0.000209083,0.011888059,-0.027851391,-0.000659946,29.506,13
US.GLD260327C330000,GLD 260327 330.00C,137.6525,137.6525,0.0,0.0,137.6525,0,0.0,True,CALL,2026-03-27,330.0,100.0,1,65.188,0.996755127,0.00016887,0.008767597,-0.050715018,0.122837013,1.478,13
US.GLD260327P330000,GLD 260327 330.00P,0.0766,0.0766,0.0,0.0,0.0766,0,0.0,True,PUT,2026-03-27,330.0,100.0,7,68.543,-0.004738179,0.000225275,0.012302107,-0.027699834,-0.000685562,28.408,13
US.GLD260327C335000,GLD 260327 335.00C,132.6734,0.0,0.0,0.0,132.6734,0,0.0,True,CALL,2026-03-27,335.0,100.0,0,64.34,0.995798364,0.000215731,0.011052849,-0.055911469,0.124534996,1.482,13
US.GLD260327P335000,GLD 260327 335.00P,0.15,0.16,0.16,0.15,0.0899,5,77.0,True,PUT,2026-03-27,335.0,100.0,15,67.217,-0.005745372,0.000272715,0.014602185,-0.032429635,-0.000848131,27.339,13
US.GLD260327C340000,GLD 260327 340.00C,127.6944,127.6944,0.0,0.0,127.6944,0,0.0,True,CALL,2026-03-27,340.0,100.0,17,70.943,0.989116114,0.00045347,0.025601305,-0.094362845,0.125188545,1.487,13
US.GLD260327P340000,GLD 260327 340.00P,0.09,0.25,0.25,0.07,0.1033,36,286.0,True,PUT,2026-03-27,340.0,100.0,71,62.206,-0.004691552,0.000246017,0.012196011,-0.024885546,-0.000669846,26.241,13
US.GLD260327C345000,GLD 260327 345.00C,122.7153,0.0,0.0,0.0,122.7153,0,0.0,True,CALL,2026-03-27,345.0,100.0,0,61.628,0.993779221,0.000319382,0.015670859,-0.065578664,0.127912731,1.491,13
US.GLD260327P345000,GLD 260327 345.00P,0.1166,0.1166,0.0,0.0,0.1166,0,0.0,True,PUT,2026-03-27,345.0,100.0,34,64.67,-0.008494298,0.000400338,0.020617145,-0.04457016,-0.001296962,25.161,13
US.GLD260327C350000,GLD 260327 350.00C,117.7363,0.0,0.0,0.0,117.7363,0,0.0,True,CALL,2026-03-27,350.0,100.0,0,59.953,0.992695211,0.000378378,0.018059654,-0.070099218,0.129588749,1.496,13
US.GLD260327P350000,GLD 260327 350.00P,0.15,0.17,0.17,0.15,0.13,2,32.0,True,PUT,2026-03-27,350.0,100.0,90,61.577,-0.00865676,0.000427485,0.020963435,-0.043151171,-0.001317366,24.084,13
US.GLD260327C355000,GLD 260327 355.00C,112.7573,0.0,0.0,0.0,112.7573,0,0.0,True,CALL,2026-03-27,355.0,100.0,0,58.131,0.991547885,0.000443673,0.020531463,-0.074429705,0.131253838,1.5,13
US.GLD260327P355000,GLD 260327 355.00P,0.16,0.16,0.16,0.16,0.1434,1,16.0,True,PUT,2026-03-27,355.0,100.0,3,59.852,-0.010096658,0.000503192,0.023982457,-0.04819386,-0.001551793,23.001,13
US.GLD260327C360000,GLD 260327 360.00C,107.7784,0.0,0.0,0.0,107.7784,0,0.0,True,CALL,2026-03-27,360.0,100.0,0,65.664,0.978226473,0.000888351,0.046411706,-0.139863141,0.130695887,1.505,13
US.GLD260327P360000,GLD 260327 360.00P,0.15,0.06,0.15,0.06,0.1569,3,31.0,True,PUT,2026-03-27,360.0,100.0,9,57.795,-0.011413956,0.00057983,0.026683858,-0.051952568,-0.001764945,21.914,13
US.GLD260327C365000,GLD 260327 365.00C,102.7995,0.0,0.0,0.0,102.7995,0,0.0,True,CALL,2026-03-27,365.0,100.0,0,54.157,0.989019287,0.00059862,0.025805879,-0.082542777,0.134543636,1.51,13
US.GLD260327P365000,GLD 260327 365.00P,0.24,0.17,0.24,0.17,0.1704,11,194.0,True,PUT,2026-03-27,365.0,100.0,17,55.827,-0.013039033,0.000673698,0.029945192,-0.056520605,-0.002029089,20.848,13
US.GLD260327C370000,GLD 260327 370.00C,97.8206,97.8206,0.0,0.0,97.8206,0,0.0,True,CALL,2026-03-27,370.0,100.0,2,52.881,0.986476477,0.00073434,0.030907809,-0.09131843,0.135958491,1.514,13
US.GLD260327P370000,GLD 260327 370.00P,0.27,0.27,0.27,0.27,0.1839,1,27.0,True,PUT,2026-03-27,370.0,100.0,16,54.762,-0.016264162,0.000830725,0.036214583,-0.067482017,-0.002563239,19.77,13
US.GLD260327C375000,GLD 260327 375.00C,92.8418,92.8418,0.0,0.0,92.8418,0,0.0,True,CALL,2026-03-27,375.0,100.0,3,51.334,0.983795815,0.000883771,0.036105485,-0.099521915,0.137349551,1.519,13
US.GLD260327P375000,GLD 260327 375.00P,0.1976,0.1976,0.0,0.0,0.1976,0,0.0,True,PUT,2026-03-27,375.0,100.0,31,51.185,-0.015993997,0.00087607,0.035700143,-0.062095531,-0.002503533,18.669,13
US.GLD260327C380000,GLD 260327 380.00C,82.5,82.5,82.5,82.5,87.8632,1,8250.0,True,CALL,2026-03-27,380.0,100.0,13,54.126,0.971789611,0.001339179,0.057670194,-0.144890866,0.1370467,0.36,13
US.GLD260327P380000,GLD 260327 380.00P,0.2113,0.2113,0.0,0.0,0.2113,0,0.0,True,PUT,2026-03-27,380.0,100.0,60,50.864,-0.021538602,0.001135956,0.045987983,-0.080184126,-0.003427981,17.587,13
US.GLD260327C385000,GLD 260327 385.00C,79.35,79.35,79.35,79.35,82.8999,1,7935.0,True,CALL,2026-03-27,385.0,100.0,2,53.261,0.964872033,0.001631427,0.069127408,-0.16549649,0.13766899,0.761,13
US.GLD260327P385000,GLD 260327 385.00P,0.3,0.3,0.3,0.3,0.2405,1,30.0,True,PUT,2026-03-27,385.0,100.0,31,49.021,-0.025136642,0.001342398,0.052370175,-0.088355805,-0.00402033,16.522,13
US.GLD260327C390000,GLD 260327 390.00C,77.9523,77.9523,0.0,0.0,77.9523,0,0.0,True,CALL,2026-03-27,390.0,100.0,1,46.509,0.972297633,0.001535106,0.05680661,-0.129059261,0.140907439,1.543,13
US.GLD260327P390000,GLD 260327 390.00P,0.43,0.44,0.45,0.43,0.2854,21,935.0,True,PUT,2026-03-27,390.0,100.0,149,47.183,-0.029449252,0.001591695,0.059761425,-0.097437102,-0.004731199,15.465,13
US.GLD260327C395000,GLD 260327 395.00C,73.0052,73.0052,0.0,0.0,73.0052,0,0.0,True,CALL,2026-03-27,395.0,100.0,2,45.009,0.966399039,0.001861298,0.066650493,-0.142388972,0.141724334,1.554,13
US.GLD260327P395000,GLD 260327 395.00P,0.49,0.25,0.49,0.25,0.3308,14,508.0,True,PUT,2026-03-27,395.0,100.0,359,45.244,-0.034334372,0.001884368,0.067834923,-0.106451627,-0.005535311,14.393,13
US.GLD260327C400000,GLD 260327 400.00C,64.2,64.2,64.2,64.2,68.0817,1,6420.0,True,CALL,2026-03-27,400.0,100.0,62,45.079,0.953852352,0.002405631,0.086266619,-0.174827963,0.141337549,0.729,13
US.GLD260327P400000,GLD 260327 400.00P,0.64,0.38,0.64,0.29,0.4,57,2235.0,True,PUT,2026-03-27,400.0,100.0,360,43.779,-0.041801976,0.002286737,0.079643964,-0.121535048,-0.006775361,13.34,13
US.GLD260327C405000,GLD 260327 405.00C,63.1641,63.1641,0.0,0.0,63.1641,0,0.0,True,CALL,2026-03-27,405.0,100.0,1,41.812,0.951022351,0.002720238,0.090476566,-0.171666059,0.142721548,1.589,13
US.GLD260327P405000,GLD 260327 405.00P,0.81,0.37,0.81,0.37,0.475,7,428.0,True,PUT,2026-03-27,405.0,100.0,142,41.908,-0.049415822,0.002733071,0.091108224,-0.133591982,-0.008032368,12.292,13
US.GLD260327C410000,GLD 260327 410.00C,58.2863,58.2863,0.0,0.0,58.2863,0,0.0,True,CALL,2026-03-27,410.0,100.0,70,40.058,0.941274692,0.003278358,0.104458729,-0.186749438,0.142855337,1.615,13
US.GLD260327P410000,GLD 260327 410.00P,0.99,0.48,0.99,0.43,0.59,67,3516.0,True,PUT,2026-03-27,410.0,100.0,409,40.296,-0.059849674,0.003307641,0.106005845,-0.150101147,-0.009761889,11.246,13
US.GLD260327C415000,GLD 260327 415.00C,49.58,49.57,49.58,49.57,53.4383,2,9915.0,True,CALL,2026-03-27,415.0,100.0,10,39.646,0.92263785,0.004098623,0.129244672,-0.22136003,0.141379899,0.811,13
US.GLD260327P415000,GLD 260327 415.00P,1.05,0.53,1.05,0.53,0.735,30,2872.0,True,PUT,2026-03-27,415.0,100.0,326,38.625,-0.072439028,0.004001198,0.122899122,-0.167467889,-0.01184588,10.174,13
US.GLD260327C420000,GLD 260327 420.00C,45.33,44.35,45.33,44.35,48.6302,16,72038.0,True,CALL,2026-03-27,420.0,100.0,147,36.689,0.913574072,0.00481465,0.140493752,-0.223103959,0.141659806,0.974,13
US.GLD260327P420000,GLD 260327 420.00P,1.28,0.77,1.28,0.69,0.92,92,10502.0,True,PUT,2026-03-27,420.0,100.0,361,37.164,-0.089189253,0.004866609,0.143802965,-0.189308259,-0.014623313,9.139,13
US.GLD260327C425000,GLD 260327 425.00C,44.91,44.91,44.91,44.91,43.8918,7,31437.0,True,CALL,2026-03-27,425.0,100.0,134,36.979,0.882504354,0.005975179,0.175736111,-0.272568957,0.137935394,1.968,13
US.GLD260327P425000,GLD 260327 425.00P,1.75,0.83,1.75,0.83,1.175,59,7368.0,True,PUT,2026-03-27,425.0,100.0,572,35.896,-0.111158164,0.005918475,0.168892262,-0.215599629,-0.018268202,8.156,13
US.GLD260327C430000,GLD 260327 430.00C,35.72,36.2,36.2,35.72,39.2229,7,25244.0,True,CALL,2026-03-27,430.0,100.0,71,34.6,0.862105466,0.007138144,0.19642788,-0.283952425,0.136183892,1.058,13
US.GLD260327P430000,GLD 260327 430.00P,2.04,1.11,2.04,1.08,1.5,461,71890.0,True,PUT,2026-03-27,430.0,100.0,1009,34.621,-0.138252,0.007149067,0.196725931,-0.242993206,-0.022750524,7.134,13
US.GLD260327C435000,GLD 260327 435.00C,31.92,31.92,31.92,31.92,34.6735,2,6384.0,True,CALL,2026-03-27,435.0,100.0,30,33.933,0.824822579,0.008522422,0.230006446,-0.321149331,0.131349605,1.319,13
US.GLD260327P435000,GLD 260327 435.00P,2.9,1.61,2.9,1.4,1.945,259,43184.0,True,PUT,2026-03-27,435.0,100.0,554,33.626,-0.173422648,0.008550373,0.228472557,-0.274834138,-0.028561965,6.236,13
US.GLD260327C438000,GLD 260327 438.00C,32.0164,32.0164,0.0,0.0,32.0164,0,0.0,True,CALL,2026-03-27,438.0,100.0,15,33.233,0.80103706,0.009415253,0.248868432,-0.338294014,0.128199042,1.991,13
US.GLD260327P438000,GLD 260327 438.00P,3.42,1.85,3.42,1.85,2.285,9,2610.0,True,PUT,2026-03-27,438.0,100.0,525,32.942,-0.197373546,0.009459556,0.247586272,-0.29205033,-0.03249434,5.698,13
US.GLD260327C439000,GLD 260327 439.00C,28.33,31.2,31.2,28.33,31.1424,11,33518.0,True,CALL,2026-03-27,439.0,100.0,18,32.945,0.79286372,0.009728721,0.254925691,-0.342979871,0.127106595,1.408,13
US.GLD260327P439000,GLD 260327 439.00P,3.5,1.96,3.6,1.96,2.41,19,5294.0,True,PUT,2026-03-27,439.0,100.0,354,32.861,-0.206939707,0.009755761,0.254699032,-0.299818977,-0.03407244,5.498,13
US.GLD260327C440000,GLD 260327 440.00C,25.25,27.6,27.6,25.25,30.2783,21,57725.0,True,CALL,2026-03-27,440.0,100.0,142,32.342,0.786425242,0.0100897,0.25954899,-0.342825625,0.126341679,0.956,13
US.GLD260327P440000,GLD 260327 440.00P,3.68,1.87,3.7,1.79,2.5451,209,57414.0,True,PUT,2026-03-27,440.0,100.0,1527,32.552,-0.215322964,0.010080797,0.26069526,-0.304016833,-0.035435119,5.32,13
US.GLD260327C441000,GLD 260327 441.00C,29.4239,29.4239,0.0,0.0,29.4239,0,0.0,True,CALL,2026-03-27,441.0,100.0,1,32.757,0.77307365,0.010314412,0.268740323,-0.357761916,0.124280544,2.079,13
US.GLD260327P441000,GLD 260327 441.00P,3.72,2.23,3.72,2.23,2.6898,26,8350.0,True,PUT,2026-03-27,441.0,100.0,241,32.498,-0.22567568,0.010373702,0.26780748,-0.311882502,-0.037139424,5.112,13
US.GLD260327C442000,GLD 260327 442.00C,28.5699,28.5699,0.0,0.0,28.5699,0,0.0,True,CALL,2026-03-27,442.0,100.0,1,32.927,0.761126667,0.010557999,0.276516219,-0.368764737,0.122480577,2.111,13
US.GLD260327P442000,GLD 260327 442.00P,3.62,2.1,3.82,2.1,2.8351,15,4572.0,True,PUT,2026-03-27,442.0,100.0,272,32.406,-0.236075908,0.010669146,0.274631592,-0.318977127,-0.038845317,4.873,13
US.GLD260327C443000,GLD 260327 443.00C,26.29,26.29,26.29,26.29,27.7345,1,2629.0,True,CALL,2026-03-27,443.0,100.0,18,32.428,0.752968852,0.010916847,0.281587435,-0.369678083,0.121400175,1.833,13
US.GLD260327P443000,GLD 260327 443.00P,3.85,2.5,3.85,2.5,2.999,38,13955.0,True,PUT,2026-03-27,443.0,100.0,104,32.188,-0.24600551,0.010985666,0.280853383,-0.32400336,-0.040458858,4.706,13
US.GLD260327C444000,GLD 260327 444.00C,26.9005,26.9005,0.0,0.0,26.9005,0,0.0,True,CALL,2026-03-27,444.0,100.0,13,31.735,0.745607876,0.011330182,0.286001201,-0.36757543,0.120476024,2.182,13
US.GLD260327P444000,GLD 260327 444.00P,4.06,3.53,4.06,3.2,3.1643,30,11414.0,True,PUT,2026-03-27,444.0,100.0,107,32.026,-0.256600323,0.01129126,0.287184763,-0.329627136,-0.042182134,4.535,13
US.GLD260327C445000,GLD 260327 445.00C,26.067,26.067,0.0,0.0,26.067,0,0.0,True,CALL,2026-03-27,445.0,100.0,136,32.393,0.729956839,0.011444857,0.294894475,-0.3849191,0.117971191,2.219,13
US.GLD260327P445000,GLD 260327 445.00P,4.76,2.78,4.76,2.42,3.3302,330,102866.0,True,PUT,2026-03-27,445.0,100.0,1305,31.829,-0.267315392,0.011602899,0.293271445,-0.334503016,-0.043916702,4.47,13
US.GLD260327C446000,GLD 260327 446.00C,25.2623,25.2623,0.0,0.0,25.2623,0,0.0,True,CALL,2026-03-27,446.0,100.0,23,31.314,0.723951489,0.011968831,0.298126628,-0.376841266,0.117318485,2.261,13
US.GLD260327P446000,GLD 260327 446.00P,4.5,2.8,4.5,2.8,3.525,26,10297.0,True,PUT,2026-03-27,446.0,100.0,103,31.599,-0.278175348,0.011921739,0.299122283,-0.338631578,-0.045665639,4.196,13
US.GLD260327C447000,GLD 260327 447.00C,24.4655,24.4655,0.0,0.0,24.4655,0,0.0,True,CALL,2026-03-27,447.0,100.0,36,31.793,0.708906449,0.012092431,0.305812709,-0.390866777,0.114927608,2.305,13
US.GLD260327P447000,GLD 260327 447.00P,4.4,2.93,4.92,2.93,3.7277,126,53962.0,True,PUT,2026-03-27,447.0,100.0,228,31.5,-0.290087671,0.012202564,0.305180852,-0.344350492,-0.04759431,3.957,13
US.GLD260327C448000,GLD 260327 448.00C,23.6809,23.6809,0.0,0.0,23.6809,0,0.0,True,CALL,2026-03-27,448.0,100.0,25,31.809,0.696248302,0.012323516,0.311821501,-0.397875043,0.112995527,2.352,13
US.GLD260327P448000,GLD 260327 448.00P,4.63,3.3,5.14,3.3,3.9428,32,11575.0,True,PUT,2026-03-27,448.0,100.0,143,31.203,-0.301267386,0.012536274,0.310528025,-0.346917144,-0.049373815,3.79,13
US.GLD260327C449000,GLD 260327 449.00C,22.897,22.897,0.0,0.0,22.897,0,0.0,True,CALL,2026-03-27,449.0,100.0,42,31.073,0.686971121,0.012782816,0.315963701,-0.393962946,0.111731274,2.399,13
US.GLD260327P449000,GLD 260327 449.00P,5.0,3.3,5.05,3.06,4.1585,98,46621.0,True,PUT,2026-03-27,449.0,100.0,492,31.112,-0.313831747,0.012802685,0.316157668,-0.352053205,-0.05139498,3.654,13
US.GLD260327C450000,GLD 260327 450.00C,18.26,21.76,21.76,18.26,22.1373,21,40182.0,True,CALL,2026-03-27,450.0,100.0,262,30.864,0.67470257,0.013079045,0.321110923,-0.397115015,0.109885169,1.61,13
US.GLD260327P450000,GLD 260327 450.00P,6.11,3.3,6.26,3.3,4.3986,227,115867.0,True,PUT,2026-03-27,450.0,100.0,1010,31.137,-0.32718935,0.013018607,0.321708161,-0.358416188,-0.053552137,3.678,13
US.GLD260327C451000,GLD 260327 451.00C,18.07,21.08,21.08,18.07,21.3781,24,45321.0,True,CALL,2026-03-27,451.0,100.0,18,31.308,0.659362731,0.013130597,0.327023782,-0.408874261,0.10742468,1.785,13
US.GLD260327P451000,GLD 260327 451.00P,5.85,3.86,5.85,3.86,4.6392,15,7457.0,True,PUT,2026-03-27,451.0,100.0,47,30.967,-0.339910402,0.013290603,0.326581441,-0.361641802,-0.055571663,3.404,13
US.GLD260327C452000,GLD 260327 452.00C,17.2,20.3,20.3,17.2,20.6193,36,65240.0,True,CALL,2026-03-27,452.0,100.0,23,31.471,0.645256019,0.01325931,0.331954949,-0.416229536,0.105205126,1.814,13
US.GLD260327P452000,GLD 260327 452.00P,6.76,4.0,6.76,4.0,4.8802,20,10706.0,True,PUT,2026-03-27,452.0,100.0,85,30.835,-0.353078389,0.01353893,0.33121074,-0.364972145,-0.057658253,3.385,13
US.GLD260327C453000,GLD 260327 453.00C,16.53,19.62,19.62,16.53,19.8931,60,104219.0,True,CALL,2026-03-27,453.0,100.0,23,31.143,0.63275759,0.01355927,0.335924396,-0.416418655,0.103319343,1.885,13
US.GLD260327P453000,GLD 260327 453.00P,7.15,6.12,7.15,5.1,5.1541,62,35288.0,True,PUT,2026-03-27,453.0,100.0,155,30.814,-0.366891349,0.01373104,0.335620008,-0.369348728,-0.059854393,3.252,13
US.GLD260327C454000,GLD 260327 454.00C,15.83,16.45,17.42,15.45,19.1806,85,140784.0,True,CALL,2026-03-27,454.0,100.0,21,30.707,0.620206147,0.013899483,0.339538134,-0.414730146,0.101433773,1.95,13
US.GLD260327P454000,GLD 260327 454.00P,7.44,4.44,7.44,3.9,5.4418,48,28007.0,True,PUT,2026-03-27,454.0,100.0,172,30.678,-0.380521673,0.013955351,0.339525645,-0.371683788,-0.061991398,3.098,13
US.GLD260327C455000,GLD 260327 455.00C,14.77,17.8,17.8,14.77,18.4689,131,208604.0,True,CALL,2026-03-27,455.0,100.0,74,30.458,0.606695028,0.014156722,0.343015752,-0.415088846,0.099354468,1.937,13
US.GLD260327P455000,GLD 260327 455.00P,8.07,4.48,8.07,4.3,5.7303,2295,1623118.0,True,PUT,2026-03-27,455.0,100.0,343,30.43,-0.394101171,0.014215696,0.342981658,-0.372031392,-0.064086867,3.018,13
US.GLD260327C456000,GLD 260327 456.00C,13.67,17.49,17.49,13.67,17.7715,78,118506.0,True,CALL,2026-03-27,456.0,100.0,26,30.388,0.59245722,0.014321793,0.346222122,-0.417339029,0.097121649,1.916,13
US.GLD260327P456000,GLD 260327 456.00P,8.25,4.98,8.25,4.7,6.0333,454,287587.0,True,PUT,2026-03-27,456.0,100.0,106,30.506,-0.40872221,0.014317806,0.346228082,-0.376189257,-0.066390638,2.84,13
US.GLD260327C457000,GLD 260327 457.00C,13.33,17.85,17.85,13.1,17.0965,113,163384.0,True,CALL,2026-03-27,457.0,100.0,12,30.205,0.578263322,0.014521807,0.348954463,-0.417560757,0.09490577,2.059,13
US.GLD260327P457000,GLD 260327 457.00P,8.85,4.66,8.85,4.66,6.3587,85,58098.0,True,PUT,2026-03-27,457.0,100.0,139,30.252,-0.42279735,0.014553006,0.348883993,-0.375426356,-0.068530137,2.753,13
US.GLD260327C458000,GLD 260327 458.00C,12.5,17.4,17.4,12.3,16.4224,171,239949.0,True,CALL,2026-03-27,458.0,100.0,49,30.055,0.563783445,0.014691169,0.351268156,-0.417659122,0.092631163,2.096,13
US.GLD260327P458000,GLD 260327 458.00P,9.09,5.2,9.09,5.2,6.6851,113,90535.0,True,PUT,2026-03-27,458.0,100.0,815,30.173,-0.437409457,0.014690826,0.351164738,-0.376440282,-0.070769692,2.588,13
US.GLD260327C459000,GLD 260327 459.00C,12.0,16.67,16.8,12.0,15.7816,115,164117.0,True,CALL,2026-03-27,459.0,100.0,43,30.077,0.548955904,0.014759015,0.35314484,-0.419465275,0.090268472,2.204,13
US.GLD260327P459000,GLD 260327 459.00P,8.4,5.95,8.65,5.95,7.045,63,49925.0,True,PUT,2026-03-27,459.0,100.0,147,30.053,-0.452122917,0.014830417,0.352970793,-0.376348624,-0.072996605,2.222,13
US.GLD260327C460000,GLD 260327 460.00C,11.85,15.96,16.02,11.15,15.1418,157,209465.0,True,CALL,2026-03-27,460.0,100.0,167,29.985,0.534154512,0.01486162,0.35452365,-0.419210036,0.087919653,2.389,13
US.GLD260327P460000,GLD 260327 460.00P,9.94,6.22,10.2,5.89,7.406,276,214174.0,True,PUT,2026-03-27,460.0,100.0,834,29.963,-0.467002459,0.01493678,0.354300211,-0.376075577,-0.075234099,2.339,13
US.GLD260327C461000,GLD 260327 461.00C,10.92,15.17,15.39,10.68,14.5289,107,136411.0,True,CALL,2026-03-27,461.0,100.0,37,29.853,0.519242591,0.014965075,0.355415035,-0.417828584,0.085551751,2.404,13
US.GLD260327P461000,GLD 260327 461.00P,10.65,6.65,10.65,6.65,7.794,45,40098.0,True,PUT,2026-03-27,461.0,100.0,480,29.901,-0.481985952,0.015008987,0.355135708,-0.375602691,-0.077471324,2.276,13
US.GLD260327C462000,GLD 260327 462.00C,10.35,14.57,14.57,10.35,13.9171,68,83552.0,True,CALL,2026-03-27,462.0,100.0,45,29.749,0.504221636,0.015033934,0.355809122,-0.416239419,0.083155669,2.497,13
US.GLD260327P462000,GLD 260327 462.00P,11.06,6.6,11.06,6.6,8.1832,128,113424.0,True,PUT,2026-03-27,462.0,100.0,356,29.867,-0.497010554,0.015046393,0.355467637,-0.374923076,-0.079697594,2.148,13
US.GLD260327C463000,GLD 260327 463.00C,9.89,13.97,14.18,9.65,13.3254,158,177291.0,True,CALL,2026-03-27,463.0,100.0,173,29.603,0.489074464,0.01510316,0.355695029,-0.413501572,0.080737808,2.614,13
US.GLD260327P463000,GLD 260327 463.00P,11.2,6.85,11.55,6.85,8.5928,56,55477.0,True,PUT,2026-03-27,463.0,100.0,216,29.792,-0.512097193,0.01508444,0.355290342,-0.37310561,-0.08189497,1.961,13
US.GLD260327C464000,GLD 260327 464.00C,9.37,13.39,13.6,9.23,12.7348,116,124086.0,True,CALL,2026-03-27,464.0,100.0,95,29.556,0.473989257,0.015100872,0.355070751,-0.411484699,0.078311911,2.718,13
US.GLD260327P464000,GLD 260327 464.00P,12.06,7.25,12.06,7.25,9.0036,61,59530.0,True,PUT,2026-03-27,464.0,100.0,64,29.674,-0.527290131,0.015123126,0.354594231,-0.370141507,-0.084065052,1.931,13
US.GLD260327C465000,GLD 260327 465.00C,9.05,13.0,13.05,8.65,12.1798,233,237284.0,True,CALL,2026-03-27,465.0,100.0,245,29.466,0.458834045,0.015098236,0.353929514,-0.408319273,0.07587393,2.866,13
US.GLD260327P465000,GLD 260327 465.00P,12.15,8.05,12.15,7.57,9.4502,729,707048.0,True,PUT,2026-03-27,465.0,100.0,337,29.654,-0.542319927,0.015090543,0.353396421,-0.36791665,-0.086208272,1.733,13
US.GLD260327C466000,GLD 260327 466.00C,8.52,11.95,11.95,8.37,11.6525,64,63456.0,True,CALL,2026-03-27,466.0,100.0,116,29.547,0.444130355,0.014989168,0.352328319,-0.406885701,0.073485803,2.968,13
US.GLD260327P466000,GLD 260327 466.00P,11.85,8.15,12.0,8.15,9.9246,18,17993.0,True,PUT,2026-03-27,466.0,100.0,101,30.232,-0.555686275,0.014745146,0.351916609,-0.373222943,-0.088279613,1.451,13
US.GLD260327C467000,GLD 260327 467.00C,8.12,10.7,10.7,7.9,11.1262,60,53357.0,True,CALL,2026-03-27,467.0,100.0,61,29.515,0.429263282,0.014915442,0.350212392,-0.403382805,0.071078833,3.098,13
US.GLD260327P467000,GLD 260327 467.00P,12.05,9.1,12.85,8.65,10.4002,29,33070.0,True,PUT,2026-03-27,467.0,100.0,337,29.702,-0.571884829,0.014920962,0.349551295,-0.362990302,-0.090352305,1.278,13
US.GLD260327C468000,GLD 260327 468.00C,7.67,10.06,10.06,7.52,10.6045,38,31748.0,True,CALL,2026-03-27,468.0,100.0,127,29.44,0.41434259,0.014840969,0.347583427,-0.398752804,0.068662612,3.218,13
US.GLD260327P468000,GLD 260327 468.00P,12.97,9.03,13.33,9.02,10.8807,456,500406.0,True,PUT,2026-03-27,468.0,100.0,2191,29.556,-0.587087098,0.014889062,0.346794055,-0.357376877,-0.092363394,1.26,13
US.GLD260327C469000,GLD 260327 469.00C,7.22,10.57,10.57,7.19,10.1164,32,26485.0,True,CALL,2026-03-27,469.0,100.0,165,29.396,0.399622222,0.014731417,0.344489933,-0.393998931,0.066271602,3.337,13
US.GLD260327P469000,GLD 260327 469.00P,14.5,9.1,14.5,9.1,11.3948,566,591875.0,True,PUT,2026-03-27,469.0,100.0,2026,29.292,-0.602785545,0.01489067,0.343384347,-0.349564749,-0.094342767,1.375,13
US.GLD260327C470000,GLD 260327 470.00C,6.82,10.13,10.17,6.7,9.6293,277,228651.0,True,CALL,2026-03-27,470.0,100.0,371,29.601,0.386160465,0.014490389,0.341222865,-0.392290787,0.064060388,3.467,13
US.GLD260327P470000,GLD 260327 470.00P,15.15,10.0,15.15,10.0,11.9102,900,996376.0,True,PUT,2026-03-27,470.0,100.0,706,29.275,-0.617414987,0.014753436,0.339697367,-0.344657861,-0.096221848,1.299,13
US.GLD260327C471000,GLD 260327 471.00C,6.47,9.36,9.36,6.47,9.175,53,38870.0,True,CALL,2026-03-27,471.0,100.0,173,29.326,0.370681902,0.014443399,0.336942803,-0.383254528,0.061557234,3.608,13
US.GLD260327P471000,GLD 260327 471.00P,16.35,11.6,16.35,11.45,12.4585,488,564016.0,True,PUT,2026-03-27,471.0,100.0,94,29.215,-0.632097911,0.014616442,0.33548935,-0.338655568,-0.098036316,1.343,13
US.GLD260327C472000,GLD 260327 472.00C,6.12,9.3,9.3,6.0,8.734,43,32889.0,True,CALL,2026-03-27,472.0,100.0,144,29.302,0.356525297,0.014266114,0.332533085,-0.377334447,0.059244803,3.749,13
US.GLD260327P472000,GLD 260327 472.00P,16.62,11.35,16.98,11.35,13.0203,20,29598.0,True,PUT,2026-03-27,472.0,100.0,164,29.639,-0.643955711,0.014255486,0.331733486,-0.339204564,-0.099667532,1.184,13
US.GLD260327C473000,GLD 260327 473.00C,5.65,8.4,8.45,5.65,8.3086,40,31892.0,True,CALL,2026-03-27,473.0,100.0,186,29.16,0.3418805,0.014117511,0.327466086,-0.369222588,0.056857478,3.864,13
US.GLD260327P473000,GLD 260327 473.00P,17.31,12.05,17.31,12.05,13.598,3,4374.0,True,PUT,2026-03-27,473.0,100.0,48,29.498,-0.658597404,0.014121382,0.326604871,-0.331175781,-0.101335114,1.117,13
US.GLD260327C474000,GLD 260327 474.00C,5.35,7.95,7.95,5.35,7.8841,153,108611.0,True,CALL,2026-03-27,474.0,100.0,85,29.282,0.329000498,0.013849172,0.322579664,-0.36460711,0.054737314,4.016,13
US.GLD260327P474000,GLD 260327 474.00P,17.29,17.29,17.29,17.29,14.1768,2,3458.0,True,PUT,2026-03-27,474.0,100.0,93,29.389,-0.672931545,0.013954747,0.321076274,-0.323157803,-0.102906608,0.896,13
US.GLD260327C475000,GLD 260327 475.00C,5.0,7.75,8.1,5.0,7.5001,220,132718.0,True,CALL,2026-03-27,475.0,100.0,527,29.287,0.315699794,0.013611583,0.317103762,-0.35790134,0.05255389,4.157,13
US.GLD260327P475000,GLD 260327 475.00P,18.6,13.25,18.6,12.71,14.7962,31,46041.0,True,PUT,2026-03-27,475.0,100.0,246,29.867,-0.683230637,0.013559232,0.31681191,-0.323572442,-0.104267078,0.963,13
US.GLD260327C476000,GLD 260327 476.00C,5.25,7.18,7.18,5.25,7.1247,87,54831.0,True,CALL,2026-03-27,476.0,100.0,127,29.252,0.302385763,0.013373488,0.311177655,-0.350217975,0.050368168,4.428,13
US.GLD260327P476000,GLD 260327 476.00P,17.95,16.0,17.95,16.0,15.4244,2,3395.0,True,PUT,2026-03-27,476.0,100.0,49,29.838,-0.696462752,0.013341002,0.310913614,-0.316082846,-0.105637869,0.605,13
US.GLD260327C477000,GLD 260327 477.00C,4.5,7.24,7.24,4.5,6.7501,65,36894.0,True,CALL,2026-03-27,477.0,100.0,292,29.339,0.290191568,0.013084797,0.305352965,-0.344089849,0.048357008,4.483,13
US.GLD260327P477000,GLD 260327 477.00P,19.52,19.0,19.52,19.0,16.0537,2,3852.0,True,PUT,2026-03-27,477.0,100.0,38,29.602,-0.710946774,0.013173736,0.303930675,-0.305067697,-0.106933586,0.729,13
US.GLD260327C478000,GLD 260327 478.00C,4.4,6.68,6.68,4.25,6.3898,238,126125.0,True,CALL,2026-03-27,478.0,100.0,173,29.22,0.276815038,0.012843979,0.298516944,-0.334476344,0.046160507,4.678,13
US.GLD260327P478000,GLD 260327 478.00P,16.6976,16.6976,0.0,0.0,16.6976,0,0.0,True,PUT,2026-03-27,478.0,100.0,10,28.891,-0.729002359,0.013123826,0.294425458,-0.286197908,-0.108125258,-0.1,13
US.GLD260327C479000,GLD 260327 479.00C,3.9,6.05,6.05,3.9,6.0638,76,39133.0,True,CALL,2026-03-27,479.0,100.0,165,29.227,0.264632175,0.012555651,0.291876818,-0.326551655,0.0441513,4.786,13
US.GLD260327P479000,GLD 260327 479.00P,20.28,18.3,20.28,18.3,17.3759,6,11178.0,True,PUT,2026-03-27,479.0,100.0,25,29.057,-0.740171892,0.012794749,0.288134753,-0.28071557,-0.109116716,0.46,13
US.GLD260327C480000,GLD 260327 480.00C,3.87,5.73,6.07,3.75,5.7386,394,185961.0,True,CALL,2026-03-27,480.0,100.0,1216,29.281,0.253130186,0.012247686,0.285237069,-0.319157384,0.042250257,4.997,13
US.GLD260327P480000,GLD 260327 480.00P,20.94,20.48,21.45,18.75,18.0554,12,24992.0,True,PUT,2026-03-27,480.0,100.0,290,28.832,-0.754204852,0.012559382,0.279713171,-0.268785169,-0.109966327,0.386,13
US.GLD260327C481000,GLD 260327 481.00C,3.65,5.4,5.4,3.6,5.4299,118,54562.0,True,CALL,2026-03-27,481.0,100.0,129,29.387,0.242378599,0.011924036,0.278697506,-0.31242124,0.040469373,5.166,13
US.GLD260327P481000,GLD 260327 481.00P,17.93,17.93,17.93,17.93,18.7514,2,3586.0,True,PUT,2026-03-27,481.0,100.0,133,28.827,-0.766147289,0.012256718,0.272113135,-0.260153495,-0.110686438,-0.483,13
US.GLD260327C482000,GLD 260327 482.00C,3.51,5.1,5.1,3.5,5.1425,97,43229.0,True,CALL,2026-03-27,482.0,100.0,54,29.365,0.230937851,0.011619386,0.271375877,-0.303459437,0.038578895,5.353,13
US.GLD260327P482000,GLD 260327 482.00P,19.4691,19.4691,0.0,0.0,19.4691,0,0.0,True,PUT,2026-03-27,482.0,100.0,54,28.685,-0.778987204,0.011973002,0.263462709,-0.249094145,-0.111218407,-0.366,13
US.GLD260327C483000,GLD 260327 483.00C,3.7,4.95,4.95,3.5,4.8559,188,72654.0,True,CALL,2026-03-27,483.0,100.0,1103,29.397,0.220256241,0.011299784,0.264194487,-0.295226325,0.036810089,5.611,13
US.GLD260327P483000,GLD 260327 483.00P,20.1879,20.1879,0.0,0.0,20.1879,0,0.0,True,PUT,2026-03-27,483.0,100.0,6,29.075,-0.786778652,0.011588652,0.258004053,-0.246656385,-0.111814919,-0.428,13
US.GLD260327C484000,GLD 260327 484.00C,3.0,4.45,4.45,2.95,4.6075,98,35425.0,True,CALL,2026-03-27,484.0,100.0,61,29.196,0.207924145,0.011002494,0.255474726,-0.282994602,0.034775129,5.676,13
US.GLD260327P484000,GLD 260327 484.00P,23.97,23.97,23.97,23.97,20.9448,1,2397.0,True,PUT,2026-03-27,484.0,100.0,8,29.147,-0.797033299,0.01126384,0.250500145,-0.238889059,-0.112176728,0.175,13
US.GLD260327C485000,GLD 260327 485.00C,2.82,4.3,4.31,2.82,4.3595,213,76022.0,True,CALL,2026-03-27,485.0,100.0,512,29.365,0.19906491,0.010658808,0.248921247,-0.276836672,0.033300278,5.854,13
US.GLD260327P485000,GLD 260327 485.00P,24.0,20.73,24.03,20.73,21.7026,7,16488.0,True,PUT,2026-03-27,485.0,100.0,68,29.995,-0.800028541,0.010844391,0.248305873,-0.243984004,-0.112898511,-0.034,13
US.GLD260327C486000,GLD 260327 486.00C,3.25,3.59,3.65,3.0,4.1118,24,8056.0,True,CALL,2026-03-27,486.0,100.0,148,29.317,0.18869243,0.010333397,0.240928251,-0.267010861,0.031581081,6.164,13
US.GLD260327P486000,GLD 260327 486.00P,24.61,24.52,24.61,24.52,22.4611,2,4913.0,True,PUT,2026-03-27,486.0,100.0,12,29.388,-0.815636606,0.010605368,0.236028382,-0.22478703,-0.112589538,-0.119,13
US.GLD260327C487000,GLD 260327 487.00C,2.49,3.4,3.47,2.49,3.8808,17,5598.0,True,CALL,2026-03-27,487.0,100.0,60,29.313,0.179019545,0.010001756,0.233155207,-0.257865915,0.02997515,6.216,13
US.GLD260327P487000,GLD 260327 487.00P,23.2363,23.2363,0.0,0.0,23.2363,0,0.0,True,PUT,2026-03-27,487.0,100.0,5,29.347,-0.825905813,0.010293338,0.227525707,-0.214983219,-0.112455485,-0.634,13
US.GLD260327C488000,GLD 260327 488.00C,2.38,3.2,3.2,2.38,3.6833,24,7220.0,True,CALL,2026-03-27,488.0,100.0,213,29.445,0.170874476,0.009666842,0.226363978,-0.251029669,0.028617943,6.41,13
US.GLD260327P488000,GLD 260327 488.00P,25.55,25.55,25.55,25.55,24.0448,3,7665.0,True,PUT,2026-03-27,488.0,100.0,11,30.492,-0.825137456,0.009908365,0.228266525,-0.225095691,-0.113434695,-0.349,13
US.GLD260327C489000,GLD 260327 489.00C,2.08,3.05,3.05,2.08,3.4864,250,64627.0,True,CALL,2026-03-27,489.0,100.0,245,29.524,0.162596501,0.009336906,0.219223154,-0.243309731,0.027239673,6.561,13
US.GLD260327P489000,GLD 260327 489.00P,24.8542,24.8542,0.0,0.0,24.8542,0,0.0,True,PUT,2026-03-27,489.0,100.0,28,29.483,-0.843499144,0.009656275,0.212100493,-0.19897842,-0.111952791,-0.717,13
US.GLD260327C490000,GLD 260327 490.00C,2.09,2.46,3.47,2.09,3.2927,233,60020.0,True,CALL,2026-03-27,490.0,100.0,3495,29.758,0.155974378,0.009014748,0.213333403,-0.238235447,0.026132226,6.781,13
US.GLD260327P490000,GLD 260327 490.00P,28.18,23.7,29.5,23.64,25.6674,13,36034.0,True,PUT,2026-03-27,490.0,100.0,348,30.514,-0.84306485,0.00932137,0.212585668,-0.207255636,-0.112909461,-0.212,13
US.GLD260327C491000,GLD 260327 491.00C,2.35,2.4,2.4,2.3,3.0996,15,3518.0,True,CALL,2026-03-27,491.0,100.0,187,29.823,0.148214666,0.008695234,0.206222742,-0.230365777,0.02483966,7.054,13
US.GLD260327P491000,GLD 260327 491.00P,28.5,28.5,28.5,28.5,26.482,1,2850.0,True,PUT,2026-03-27,491.0,100.0,6,30.342,-0.853224204,0.00903156,0.203147616,-0.19528648,-0.112131114,-0.36,13
US.GLD260327C492000,GLD 260327 492.00C,2.24,2.59,2.59,2.24,2.9248,18,4257.0,True,CALL,2026-03-27,492.0,100.0,315,29.88,0.140692606,0.008379381,0.199108671,-0.22241638,0.023586249,7.247,13
US.GLD260327P492000,GLD 260327 492.00P,27.3147,27.3147,0.0,0.0,27.3147,0,0.0,True,PUT,2026-03-27,492.0,100.0,10,29.323,-0.870889114,0.008723139,0.185667923,-0.169128928,-0.109326738,-0.834,13
US.GLD260327C493000,GLD 260327 493.00C,1.95,2.18,2.35,1.92,2.7503,59,12086.0,True,CALL,2026-03-27,493.0,100.0,1,30.007,0.134065221,0.0080735,0.192654522,-0.215723495,0.022479766,7.401,13
US.GLD260327P493000,GLD 260327 493.00P,28.1481,28.1481,0.0,0.0,28.1481,0,0.0,True,PUT,2026-03-27,493.0,100.0,1,29.684,-0.875578728,0.008430228,0.180868659,-0.166258234,-0.109047978,-0.87,13
US.GLD260327C494000,GLD 260327 494.00C,1.64,2.46,2.46,1.64,2.5761,18,3882.0,True,CALL,2026-03-27,494.0,100.0,112,30.132,0.127709988,0.007774576,0.186295553,-0.2090879,0.021418388,7.551,13
US.GLD260327P494000,GLD 260327 494.00P,28.9821,0.0,0.0,0.0,28.9821,0,0.0,True,PUT,2026-03-27,494.0,100.0,0,29.743,-0.882770069,0.008136867,0.173265259,-0.158420981,-0.107948061,-0.906,13
US.GLD260327C495000,GLD 260327 495.00C,1.55,2.55,2.55,1.51,2.4406,311,59973.0,True,CALL,2026-03-27,495.0,100.0,111565,30.202,0.121174322,0.007476957,0.179576231,-0.201620888,0.020327737,7.748,13
US.GLD260327P495000,GLD 260327 495.00P,29.8537,29.8537,0.0,0.0,29.8537,0,0.0,True,PUT,2026-03-27,495.0,100.0,13,30.934,-0.879608268,0.007907229,0.17676281,-0.169473712,-0.10972661,-0.934,13
US.GLD260327C496000,GLD 260327 496.00C,1.45,2.02,2.02,1.45,2.3056,7,1241.0,True,CALL,2026-03-27,496.0,100.0,197,30.181,0.114193762,0.007174312,0.172190414,-0.192793724,0.019164039,7.944,13
US.GLD260327P496000,GLD 260327 496.00P,30.7271,0.0,0.0,0.0,30.7271,0,0.0,True,PUT,2026-03-27,496.0,100.0,0,29.426,-0.900258092,0.007537597,0.153689032,-0.135900486,-0.103758582,-0.961,13
US.GLD260327C497000,GLD 260327 497.00C,1.79,2.24,2.24,1.79,2.1804,10,2191.0,True,CALL,2026-03-27,497.0,100.0,39,30.393,0.109352515,0.006907027,0.166937863,-0.187897962,0.018352747,8.234,13
US.GLD260327P497000,GLD 260327 497.00P,31.6106,0.0,0.0,0.0,31.6106,0,0.0,True,PUT,2026-03-27,497.0,100.0,0,31.125,-0.892148614,0.007382867,0.163127365,-0.155294561,-0.107608349,-0.987,13
US.GLD260327C498000,GLD 260327 498.00C,1.56,1.73,1.73,1.56,2.0593,2,329.0,True,CALL,2026-03-27,498.0,100.0,6,30.459,0.103607511,0.006628544,0.160559095,-0.18075727,0.017392952,8.402,13
US.GLD260327P498000,GLD 260327 498.00P,32.4983,0.0,0.0,0.0,32.4983,0,0.0,True,PUT,2026-03-27,498.0,100.0,0,31.092,-0.89914975,0.007121426,0.15516532,-0.146249701,-0.105942958,-1.011,13
US.GLD260327C499000,GLD 260327 499.00C,1.35,1.82,1.82,1.35,1.9386,21,3332.0,True,CALL,2026-03-27,499.0,100.0,20,30.034,0.094348284,0.006277297,0.149930113,-0.165942872,0.015852802,8.573,13
US.GLD260327P499000,GLD 260327 499.00P,33.3866,0.0,0.0,0.0,33.3866,0,0.0,True,PUT,2026-03-27,499.0,100.0,0,31.183,-0.904843122,0.006874942,0.148515346,-0.139365133,-0.104511095,-1.035,13
US.GLD260327C500000,GLD 260327 500.00C,1.13,1.73,1.73,1.13,1.8247,628,81039.0,True,CALL,2026-03-27,500.0,100.0,1869,30.531,0.09241762,0.006081675,0.147660032,-0.165939453,0.015523292,8.742,13
US.GLD260327P500000,GLD 260327 500.00P,33.88,33.88,33.88,33.88,34.2815,1,3388.0,True,PUT,2026-03-27,500.0,100.0,19,30.703,-0.915128039,0.006583294,0.135974032,-0.123428167,-0.100616405,-1.145,13
US.GLD260327C501000,GLD 260327 501.00C,1.41,1.41,1.41,1.41,1.711,4,564.0,True,CALL,2026-03-27,501.0,100.0,40,30.709,0.088255829,0.005842888,0.142694514,-0.161010331,0.014825531,9.02,13
US.GLD260327P501000,GLD 260327 501.00P,35.1773,0.0,0.0,0.0,35.1773,0,0.0,True,PUT,2026-03-27,501.0,100.0,0,30.5,-0.922784435,0.006318282,0.126247181,-0.112238911,-0.097323529,-1.081,13
US.GLD260327C502000,GLD 260327 502.00C,1.04,1.18,1.18,1.04,1.5975,5,576.0,True,CALL,2026-03-27,502.0,100.0,29,30.794,0.083616029,0.005596018,0.137044548,-0.15475385,0.014049011,9.157,13
US.GLD260327P502000,GLD 260327 502.00P,36.0746,36.0746,0.0,0.0,36.0746,0,0.0,True,PUT,2026-03-27,502.0,100.0,9,31.826,-0.917583586,0.006214738,0.133033427,-0.125285851,-0.101025805,-1.103,13
US.GLD260327C503000,GLD 260327 503.00C,1.16,1.16,1.16,1.16,1.5182,1,116.0,True,CALL,2026-03-27,503.0,100.0,4,31.002,0.080062113,0.005379459,0.132633273,-0.150527226,0.013452429,9.4,13
US.GLD260327P503000,GLD 260327 503.00P,37.0039,0.0,0.0,0.0,37.0039,0,0.0,True,PUT,2026-03-27,503.0,100.0,0,30.976,-0.930052253,0.005901762,0.116753833,-0.10417297,-0.094502029,-1.119,13
US.GLD260327C504000,GLD 260327 504.00C,1.4499,0.0,0.0,0.0,1.4499,0,0.0,True,CALL,2026-03-27,504.0,100.0,0,31.27,0.077087697,0.005182543,0.128883519,-0.147305941,0.012952128,9.679,13
US.GLD260327P504000,GLD 260327 504.00P,37.9437,0.0,0.0,0.0,37.9437,0,0.0,True,PUT,2026-03-27,504.0,100.0,0,32.144,-0.926045702,0.00580451,0.122203073,-0.1146546,-0.097861087,-1.132,13
US.GLD260327C505000,GLD 260327 505.00C,0.86,1.22,1.22,0.86,1.3817,91,9366.0,True,CALL,2026-03-27,505.0,100.0,3403,31.159,0.071724823,0.00492228,0.121982334,-0.138582132,0.012056417,9.769,13
US.GLD260327P505000,GLD 260327 505.00P,42.51,39.07,42.51,39.07,38.8842,16,67671.0,True,PUT,2026-03-27,505.0,100.0,74,31.372,-0.937302949,0.005511098,0.106913517,-0.095267199,-0.090999966,-0.358,13
US.GLD260327C510000,GLD 260327 510.00C,0.65,1.05,1.06,0.65,1.0413,453,34865.0,True,CALL,2026-03-27,510.0,100.0,111278,32.283,0.058473482,0.00405424,0.104104922,-0.12155236,0.009829043,10.808,13
US.GLD260327P510000,GLD 260327 510.00P,47.16,47.15,47.16,47.15,43.5945,15,70733.0,True,PUT,2026-03-27,510.0,100.0,21,32.062,-0.955035295,0.004637394,0.081095783,-0.070462934,-0.078726397,-0.433,13
US.GLD260327C515000,GLD 260327 515.00C,0.45,0.78,0.78,0.45,0.82,21,1378.0,True,CALL,2026-03-27,515.0,100.0,434,32.761,0.044774582,0.003230668,0.084201818,-0.098794766,0.007531912,11.85,13
US.GLD260327P515000,GLD 260327 515.00P,48.4193,48.4193,0.0,0.0,48.4193,0,0.0,True,PUT,2026-03-27,515.0,100.0,9,35.127,-0.953647704,0.004166938,0.083574385,-0.081054152,-0.083684878,-1.245,13
US.GLD260327C520000,GLD 260327 520.00C,0.45,0.59,0.59,0.45,0.645,71,3589.0,True,CALL,2026-03-27,520.0,100.0,454,33.734,0.036327293,0.002647644,0.071066353,-0.085169164,0.006111284,12.935,13
US.GLD260327P520000,GLD 260327 520.00P,53.2935,53.2935,0.0,0.0,53.2935,0,0.0,True,PUT,2026-03-27,520.0,100.0,11,34.468,-0.974758786,0.003466036,0.04902851,-0.042052202,-0.058027209,-1.273,13
US.GLD260327C525000,GLD 260327 525.00C,0.42,0.47,0.47,0.4,0.5231,90,3681.0,True,CALL,2026-03-27,525.0,100.0,276,34.584,0.029232145,0.002158813,0.059418439,-0.072405802,0.004918428,14.013,13
US.GLD260327P525000,GLD 260327 525.00P,58.2166,58.2166,0.0,0.0,58.2166,0,0.0,True,PUT,2026-03-27,525.0,100.0,10,34.627,-0.987996759,0.002992621,0.024551196,-0.01777286,-0.033212809,-1.289,13
US.GLD260327C530000,GLD 260327 530.00C,0.29,0.39,0.42,0.29,0.4149,9,341.0,True,CALL,2026-03-27,530.0,100.0,78,35.845,0.025002633,0.001828205,0.052159865,-0.065469024,0.004205224,15.07,13
US.GLD260327P530000,GLD 260327 530.00P,63.1607,63.1607,0.0,0.0,63.1607,0,0.0,True,PUT,2026-03-27,530.0,100.0,0,38.896,-0.977209005,0.002828917,0.045084899,-0.043692736,-0.058484196,-1.301,13
US.GLD260327C535000,GLD 260327 535.00C,0.3068,0.3068,0.0,0.0,0.3068,0,0.0,True,CALL,2026-03-27,535.0,100.0,165,36.801,0.020723907,0.001520208,0.044537617,-0.0569832,0.0034854,16.158,13
US.GLD260327P535000,GLD 260327 535.00P,68.1241,68.1241,0.0,0.0,68.1241,0,0.0,True,PUT,2026-03-27,535.0,100.0,0,41.05,-0.978217864,0.002584912,0.043428906,-0.044433141,-0.058710309,-1.309,13
US.GLD260327C540000,GLD 260327 540.00C,0.27,0.28,0.28,0.27,0.2801,3,83.0,True,CALL,2026-03-27,540.0,100.0,104,37.618,0.016963327,0.001254191,0.037568169,-0.048764488,0.002853141,17.235,13
US.GLD260327P540000,GLD 260327 540.00P,73.12,0.0,0.0,0.0,73.12,0,0.0,True,PUT,2026-03-27,540.0,100.0,0,45.171,-0.970301609,0.002500476,0.057595424,-0.069484909,-0.075496531,-1.31,13
US.GLD260327C545000,GLD 260327 545.00C,0.13,0.27,0.27,0.13,0.2534,6,117.0,True,CALL,2026-03-27,545.0,100.0,72,40.017,0.017502498,0.001210944,0.038580824,-0.05328747,0.002938708,18.29,13
US.GLD260327P545000,GLD 260327 545.00P,78.12,78.12,0.0,0.0,78.12,0,0.0,True,PUT,2026-03-27,545.0,100.0,0,44.595,-0.982633303,0.002163423,0.035504383,-0.0382368,-0.052951147,-1.31,13
US.GLD260327C550000,GLD 260327 550.00C,0.22,0.22,0.22,0.2,0.2269,37,808.0,True,CALL,2026-03-27,550.0,100.0,269,41.025,0.015018923,0.001036056,0.033845132,-0.047646243,0.002521254,19.395,13
US.GLD260327P550000,GLD 260327 550.00P,83.12,83.12,0.0,0.0,83.12,0,0.0,True,PUT,2026-03-27,550.0,100.0,1,45.832,-0.98635442,0.001973337,0.028441177,-0.029932646,-0.045153409,-1.31,13
US.GLD260327C555000,GLD 260327 555.00C,0.15,0.2,0.2,0.15,0.2025,155,3092.0,True,CALL,2026-03-27,555.0,100.0,52,41.134,0.011383133,0.000813191,0.026644287,-0.037233903,0.00191241,20.464,13
US.GLD260327P555000,GLD 260327 555.00P,88.12,88.12,0.0,0.0,88.12,0,0.0,True,PUT,2026-03-27,555.0,100.0,0,51.027,-0.975115273,0.001989463,0.049554451,-0.066719078,-0.073080982,-1.31,13
US.GLD260327C560000,GLD 260327 560.00C,0.21,0.18,0.21,0.18,0.1902,12,222.0,True,CALL,2026-03-27,560.0,100.0,96,43.765,0.012501091,0.000828999,0.028892614,-0.043071674,0.002096012,21.562,13
US.GLD260327P560000,GLD 260327 560.00P,93.12,0.0,0.0,0.0,93.12,0,0.0,True,PUT,2026-03-27,560.0,100.0,0,49.755,-0.987254327,0.001721715,0.026848524,-0.030613044,-0.045455671,-1.31,13
US.GLD260327C565000,GLD 260327 565.00C,0.17,0.17,0.17,0.17,0.1779,10,170.0,True,CALL,2026-03-27,565.0,100.0,28,46.807,0.014329696,0.000872106,0.032499488,-0.052026513,0.002396659,22.639,13
US.GLD260327P565000,GLD 260327 565.00P,98.12,0.0,0.0,0.0,98.12,0,0.0,True,PUT,2026-03-27,565.0,100.0,0,51.675,-0.987646581,0.001617337,0.026146255,-0.030929207,-0.045607243,-1.31,13
US.GLD260327C570000,GLD 260327 570.00C,0.1656,0.1656,0.0,0.0,0.1656,0,0.0,True,CALL,2026-03-27,570.0,100.0,209,46.804,0.011139392,0.000701361,0.026141225,-0.041471615,0.001864712,23.722,13
US.GLD260327P570000,GLD 260327 570.00P,103.12,0.0,0.0,0.0,103.12,0,0.0,True,PUT,2026-03-27,570.0,100.0,0,54.455,-0.985275186,0.001555228,0.030897765,-0.040529157,-0.053899196,-1.31,13
US.GLD260327C575000,GLD 260327 575.00C,0.1534,0.1534,0.0,0.0,0.1534,0,0.0,True,CALL,2026-03-27,575.0,100.0,10,46.964,0.008808775,0.000569437,0.021302318,-0.033626196,0.001475535,24.805,13
US.GLD260327P575000,GLD 260327 575.00P,108.12,0.0,0.0,0.0,108.12,0,0.0,True,PUT,2026-03-27,575.0,100.0,0,0.0,0.0,0.0,0.0,0.0,0.0,-1.31,13
US.GLD260327C580000,GLD 260327 580.00C,0.12,0.12,0.12,0.12,0.1412,10,120.0,True,CALL,2026-03-27,580.0,100.0,59,49.033,0.009118981,0.000562204,0.021955114,-0.036211062,0.001525332,25.883,13
US.GLD260327P580000,GLD 260327 580.00P,113.12,0.0,0.0,0.0,113.12,0,0.0,True,PUT,2026-03-27,580.0,100.0,0,60.928,-0.978450891,0.001490299,0.043945282,-0.07060516,-0.074604432,-1.31,13
US.GLD260327C585000,GLD 260327 585.00C,0.129,0.129,0.0,0.0,0.129,0,0.0,True,CALL,2026-03-27,585.0,100.0,34,55.172,0.015108775,0.000774356,0.034005893,-0.064159588,0.002512398,26.97,13
US.GLD260327P585000,GLD 260327 585.00P,118.12,0.0,0.0,0.0,118.12,0,0.0,True,PUT,2026-03-27,585.0,100.0,0,0.0,0.0,0.0,0.0,0.0,0.0,-1.31,13
US.GLD260327C590000,GLD 260327 590.00C,0.1168,0.1168,0.0,0.0,0.1168,0,0.0,True,CALL,2026-03-27,590.0,100.0,12,57.291,0.015393144,0.000757761,0.034553335,-0.067709744,0.002555863,28.052,13
US.GLD260327P590000,GLD 260327 590.00P,123.12,0.0,0.0,0.0,123.12,0,0.0,True,PUT,2026-03-27,590.0,100.0,0,64.705,-0.97946372,0.001352566,0.042202127,-0.071965752,-0.075205889,-1.31,13
US.GLD260327C595000,GLD 260327 595.00C,0.1047,0.1047,0.0,0.0,0.1047,0,0.0,True,CALL,2026-03-27,595.0,100.0,1,53.744,0.008411154,0.000477841,0.020451577,-0.036830245,0.001403151,29.134,13
US.GLD260327P595000,GLD 260327 595.00P,128.12,128.12,0.0,0.0,128.12,0,0.0,True,PUT,2026-03-27,595.0,100.0,0,0.0,0.0,0.0,0.0,0.0,0.0,-1.31,13
US.GLD260327C600000,GLD 260327 600.00C,0.07,0.1,0.1,0.07,0.0925,30,213.0,True,CALL,2026-03-27,600.0,100.0,94,57.889,0.011115557,0.000566005,0.026084058,-0.051054618,0.001847479,30.212,13
US.GLD260327P600000,GLD 260327 600.00P,133.12,0.0,0.0,0.0,133.12,0,0.0,True,PUT,2026-03-27,600.0,100.0,0,68.39,-0.980347335,0.001237715,0.040665025,-0.07323943,-0.075803119,-1.31,13
US.GLD260327C605000,GLD 260327 605.00C,0.0805,0.0805,0.0,0.0,0.0805,0,0.0,True,CALL,2026-03-27,605.0,100.0,75,58.643,0.009938222,0.000506796,0.023661126,-0.046724363,0.001651752,31.299,13
US.GLD260327P605000,GLD 260327 605.00P,138.12,0.0,0.0,0.0,138.12,0,0.0,True,PUT,2026-03-27,605.0,100.0,0,66.183,-0.989890802,0.001081944,0.022026004,-0.03304511,-0.046830206,-1.31,13
US.GLD260327C610000,GLD 260327 610.00C,0.0684,0.0684,0.0,0.0,0.0684,0,0.0,True,CALL,2026-03-27,610.0,100.0,73,64.583,0.015027024,0.000658445,0.033843409,-0.074592134,0.0024833,32.381,13
US.GLD260327P610000,GLD 260327 610.00P,143.12,0.0,0.0,0.0,143.12,0,0.0,True,PUT,2026-03-27,610.0,100.0,0,71.986,-0.981125114,0.001140689,0.039298965,-0.074439624,-0.0763973,-1.31,13
US.GLD260327C615000,GLD 260327 615.00C,0.0575,0.0,0.0,0.0,0.0575,0,0.0,True,CALL,2026-03-27,615.0,100.0,0,58.93,0.006936784,0.000367785,0.017259848,-0.03381704,0.001154278,33.464,13
US.GLD260327P615000,GLD 260327 615.00P,148.12,0.0,0.0,0.0,148.12,0,0.0,True,PUT,2026-03-27,615.0,100.0,0,73.754,-0.98148033,0.001097662,0.038670865,-0.075014487,-0.07669292,-1.31,13
US.GLD260327C620000,GLD 260327 620.00C,0.0467,0.0467,0.0,0.0,0.0467,0,0.0,True,CALL,2026-03-27,620.0,100.0,141,55.834,0.003702335,0.000221963,0.009876771,-0.017939182,0.000618458,34.546,13
US.GLD260327P620000,GLD 260327 620.00P,153.12,153.12,0.0,0.0,153.12,0,0.0,True,PUT,2026-03-27,620.0,100.0,0,75.501,-0.981815606,0.001057783,0.038075544,-0.07557423,-0.07698775,-1.31,13
US.GLD260327C625000,GLD 260327 625.00C,0.0361,0.0361,0.0,0.0,0.0361,0,0.0,True,CALL,2026-03-27,625.0,100.0,8,73.482,0.019636783,0.00072734,0.04252826,-0.107479353,0.003220924,35.629,13
US.GLD260327P625000,GLD 260327 625.00P,158.12,0.0,0.0,0.0,158.12,0,0.0,True,PUT,2026-03-27,625.0,100.0,0,77.229,-0.982132699,0.001020733,0.037510248,-0.076119289,-0.077281524,-1.31,13
US.GLD260327C630000,GLD 260327 630.00C,0.0277,0.0277,0.0,0.0,0.0277,0,0.0,True,CALL,2026-03-27,630.0,100.0,3,76.02,0.020584326,0.000731727,0.044261263,-0.115863757,0.003369494,36.712,13
US.GLD260327P630000,GLD 260327 630.00P,163.12,0.0,0.0,0.0,163.12,0,0.0,True,PUT,2026-03-27,630.0,100.0,0,78.939,-0.982432819,0.000986238,0.036973181,-0.076651888,-0.077575025,-1.31,13
US.GLD260327C635000,GLD 260327 635.00C,0.0212,0.0,0.0,0.0,0.0212,0,0.0,True,CALL,2026-03-27,635.0,100.0,0,79.679,0.023163419,0.000771308,0.048899063,-0.134635683,0.003779085,37.796,13
US.GLD260327P635000,GLD 260327 635.00P,168.12,0.0,0.0,0.0,168.12,0,0.0,True,PUT,2026-03-27,635.0,100.0,0,80.63,-0.982717701,0.000954045,0.036461479,-0.077170614,-0.077867052,-1.31,13
US.GLD260327C640000,GLD 260327 640.00C,0.0162,0.0,0.0,0.0,0.0162,0,0.0,True,CALL,2026-03-27,640.0,100.0,0,81.295,0.022773843,0.000745254,0.048205385,-0.135306176,0.003711841,38.88,13
US.GLD260327P640000,GLD 260327 640.00P,173.12,0.0,0.0,0.0,173.12,0,0.0,True,PUT,2026-03-27,640.0,100.0,0,82.303,-0.982988166,0.000923946,0.035973972,-0.077678103,-0.078158694,-1.31,13
US.GLD260327C645000,GLD 260327 645.00C,0.0123,0.0,0.0,0.0,0.0123,0,0.0,True,CALL,2026-03-27,645.0,100.0,0,54.71,0.000939724,6.5172e-05,0.00284762,-0.004824766,0.000157599,39.964,13
US.GLD260327P645000,GLD 260327 645.00P,178.12,0.0,0.0,0.0,178.12,0,0.0,True,PUT,2026-03-27,645.0,100.0,0,83.959,-0.983245443,0.000895751,0.035508656,-0.078174109,-0.078449449,-1.31,13
US.GLD260327C650000,GLD 260327 650.00C,0.0093,0.0093,0.0,0.0,0.0093,0,0.0,True,CALL,2026-03-27,650.0,100.0,136,64.229,0.003540508,0.000185365,0.009484924,-0.019761382,0.00058865,41.048,13
US.GLD260327P650000,GLD 260327 650.00P,183.12,0.0,0.0,0.0,183.12,0,0.0,True,PUT,2026-03-27,650.0,100.0,0,85.598,-0.983490473,0.000869291,0.035064039,-0.078659328,-0.078739381,-1.31,13
US.GLD260327C655000,GLD 260327 655.00C,0.0071,0.0071,0.0,0.0,0.0071,0,0.0,True,CALL,2026-03-27,655.0,100.0,1,54.654,0.000562261,4.0637e-05,0.001775515,-0.002949824,9.4393e-05,42.133,13
US.GLD260327P655000,GLD 260327 655.00P,188.12,0.0,0.0,0.0,188.12,0,0.0,True,PUT,2026-03-27,655.0,100.0,0,87.22,-0.98372407,0.000844419,0.034638833,-0.07913461,-0.079028665,-1.31,13
US.GLD260327C660000,GLD 260327 660.00C,0.0053,0.0,0.0,0.0,0.0053,0,0.0,True,CALL,2026-03-27,660.0,100.0,0,54.577,0.00042779,3.1595e-05,0.001379283,-0.002265667,7.1856e-05,43.217,13
US.GLD260327P660000,GLD 260327 660.00P,193.12,0.0,0.0,0.0,193.12,0,0.0,True,PUT,2026-03-27,660.0,100.0,0,88.827,-0.983947189,0.000820998,0.034231449,-0.079599462,-0.079316741,-1.31,13
US.GLD260327C665000,GLD 260327 665.00C,0.004,0.004,0.0,0.0,0.004,0,0.0,True,CALL,2026-03-27,665.0,100.0,194,54.555,0.000328363,2.4724e-05,0.001079498,-0.001755541,5.518e-05,44.302,13
US.GLD260327P665000,GLD 260327 665.00P,198.12,0.0,0.0,0.0,198.12,0,0.0,True,PUT,2026-03-27,665.0,100.0,0,90.417,-0.984160309,0.000798916,0.033841189,-0.080055763,-0.079604406,-1.31,13
US.GLD260327C670000,GLD 260327 670.00C,0.003,0.0,0.0,0.0,0.003,0,0.0,True,CALL,2026-03-27,670.0,100.0,0,54.521,0.000250492,1.9227e-05,0.000839509,-0.001351019,4.2114e-05,45.387,13
US.GLD260327P670000,GLD 260327 670.00P,203.12,0.0,0.0,0.0,203.12,0,0.0,True,PUT,2026-03-27,670.0,100.0,0,91.993,-0.984364309,0.000778059,0.033466554,-0.080502549,-0.079890877,-1.31,13
US.GLD260327C675000,GLD 260327 675.00C,0.0022,0.0,0.0,0.0,0.0022,0,0.0,True,CALL,2026-03-27,675.0,100.0,0,54.419,0.000187189,1.4676e-05,0.00064007,-0.001017281,3.1487e-05,46.472,13
US.GLD260327P675000,GLD 260327 675.00P,208.12,0.0,0.0,0.0,208.12,0,0.0,True,PUT,2026-03-27,675.0,100.0,0,93.553,-0.984559626,0.000758336,0.033106884,-0.080941199,-0.080176705,-1.31,13
US.GLD260327C680000,GLD 260327 680.00C,0.0017,0.0017,0.0,0.0,0.0017,0,0.0,True,CALL,2026-03-27,680.0,100.0,12,54.508,0.000146443,1.1645e-05,0.000509002,-0.000803068,2.4641e-05,47.556,13
US.GLD260327P680000,GLD 260327 680.00P,213.12,0.0,0.0,0.0,213.12,0,0.0,True,PUT,2026-03-27,680.0,100.0,0,95.099,-0.98474686,0.00073966,0.032761177,-0.081371727,-0.080461689,-1.31,13
US.GLD260327C690000,GLD 260327 690.00C,0.0009,0.0009,0.0,0.0,0.0009,0,0.0,True,CALL,2026-03-27,690.0,100.0,15,54.312,8.0375e-05,6.654e-06,0.000290279,-0.000446431,1.3536e-05,49.726,13
US.GLD260327P690000,GLD 260327 690.00P,223.12,0.0,0.0,0.0,223.12,0,0.0,True,PUT,2026-03-27,690.0,100.0,0,98.147,-0.985098931,0.000705148,0.032108643,-0.082210461,-0.081029507,-1.31,13
US.GLD260327C695000,GLD 260327 695.00C,0.0007,0.0,0.0,0.0,0.0007,0,0.0,True,CALL,2026-03-27,695.0,100.0,0,54.436,6.3161e-05,5.29e-06,0.00023148,-0.00035369,1.064e-05,50.811,13
US.GLD260327P695000,GLD 260327 695.00P,228.12,0.0,0.0,0.0,228.12,0,0.0,True,PUT,2026-03-27,695.0,100.0,0,99.651,-0.985264769,0.000689173,0.031800126,-0.082618484,-0.081311889,-1.31,13
US.GLD260327C700000,GLD 260327 700.00C,0.0005,0.0005,0.0,0.0,0.0005,0,0.0,True,CALL,2026-03-27,700.0,100.0,10,54.308,4.5951e-05,3.928e-06,0.000171629,-0.000258587,7.744e-06,51.896,13
US.GLD260327P700000,GLD 260327 700.00P,233.12,0.0,0.0,0.0,233.12,0,0.0,True,PUT,2026-03-27,700.0,100.0,0,101.141,-0.985424212,0.000673975,0.031502811,-0.083020174,-0.081593727,-1.31,13
US.GLD260327C705000,GLD 260327 705.00C,0.0004,0.0,0.0,0.0,0.0004,0,0.0,True,CALL,2026-03-27,705.0,100.0,0,54.519,3.7012e-05,3.189e-06,0.000139977,-0.000210055,6.239e-06,52.981,13
US.GLD260327P705000,GLD 260327 705.00P,238.12,0.0,0.0,0.0,238.12,0,0.0,True,PUT,2026-03-27,705.0,100.0,0,102.617,-0.985577694,0.000659501,0.031215955,-0.083415297,-0.081874741,-1.31,13
US.GLD260327C710000,GLD 260327 710.00C,0.0003,0.0,0.0,0.0,0.0003,0,0.0,True,CALL,2026-03-27,710.0,100.0,0,54.543,2.8116e-05,2.457e-06,0.000108,-0.000160517,4.74e-06,54.066,13
US.GLD260327P710000,GLD 260327 710.00P,243.12,0.0,0.0,0.0,243.12,0,0.0,True,PUT,2026-03-27,710.0,100.0,0,104.081,-0.985725502,0.000645698,0.030939089,-0.083804414,-0.082155106,-1.31,13
US.GLD260327C715000,GLD 260327 715.00C,0.0002,0.0002,0.0,0.0,0.0002,0,0.0,True,CALL,2026-03-27,715.0,100.0,150,54.252,1.9181e-05,1.719e-06,7.5257e-05,-0.000109697,3.236e-06,55.151,13
US.GLD260327P715000,GLD 260327 715.00P,248.12,0.0,0.0,0.0,248.12,0,0.0,True,PUT,2026-03-27,715.0,100.0,0,105.533,-0.985868087,0.000632526,0.030671416,-0.084186739,-0.082434254,-1.31,13
US.GLD260327C720000,GLD 260327 720.00C,0.0001,0.0001,0.0,0.0,0.0001,0,0.0,True,CALL,2026-03-27,720.0,100.0,109,53.255,1.0051e-05,9.47e-07,4.0829e-05,-5.7028e-05,1.697e-06,56.236,13
US.GLD260327P720000,GLD 260327 720.00P,253.12,253.12,0.0,0.0,253.12,0,0.0,True,PUT,2026-03-27,720.0,100.0,0,106.971,-0.986005567,0.000619945,0.030412786,-0.084563687,-0.082712851,-1.31,13
