code,name,last_price,open_price,high_price,low_price,prev_close_price,volume,turnover,option_valid,option_type,strike_time,option_strike_price,option_contract_size,option_open_interest,option_implied_volatility,option_delta,option_gamma,option_vega,option_theta,option_rho,option_premium,option_expiry_date_distance
US.GLD260311C290000,GLD 260311 290.00C,182.6428,0.0,0.0,0.0,182.6428,0,0.0,True,CALL,2026-03-11,290.0,100.0,0,423.933,0.999125283,3.8086e-05,0.000549117,-0.200969302,0.004317041,-1.091,0
US.GLD260311P290000,GLD 260311 290.00P,0.0001,0.0001,0.0,0.0,0.0001,0,0.0,True,PUT,2026-03-11,290.0,100.0,1,303.966,-8.19e-06,6.6e-07,6.832e-06,-0.001252741,9.9e-08,39.312,0
US.GLD260311C295000,GLD 260311 295.00C,177.6438,0.0,0.0,0.0,177.6438,0,0.0,True,CALL,2026-03-11,295.0,100.0,0,409.837,0.999107513,4.0131e-05,0.000559366,-0.198911233,0.004391463,-1.091,0
US.GLD260311P295000,GLD 260311 295.00P,0.0001,0.0,0.0,0.0,0.0001,0,0.0,True,PUT,2026-03-11,295.0,100.0,0,293.921,-8.464e-06,7.04e-07,7.049e-06,-0.001251209,1e-07,38.266,0
US.GLD260311C300000,GLD 260311 300.00C,172.6449,0.0,0.0,0.0,172.6449,0,0.0,True,CALL,2026-03-11,300.0,100.0,0,395.977,0.999089067,4.2325e-05,0.000569985,-0.196848474,0.004465879,-1.091,0
US.GLD260311P300000,GLD 260311 300.00P,0.0001,0.0001,0.0,0.0,0.0001,0,0.0,True,PUT,2026-03-11,300.0,100.0,10,284.036,-8.752e-06,7.52e-07,7.278e-06,-0.001249632,1.02e-07,37.22,0
US.GLD260311C305000,GLD 260311 305.00C,167.6459,0.0,0.0,0.0,167.6459,0,0.0,True,CALL,2026-03-11,305.0,100.0,0,382.344,0.999069885,4.4681e-05,0.000581006,-0.194780917,0.004540291,-1.091,0
US.GLD260311P305000,GLD 260311 305.00P,0.0001,0.0,0.0,0.0,0.0001,0,0.0,True,PUT,2026-03-11,305.0,100.0,0,274.307,-9.055e-06,8.04e-07,7.518e-06,-0.001248004,1.03e-07,36.173,0
US.GLD260311C310000,GLD 260311 310.00C,162.6469,0.0,0.0,0.0,162.6469,0,0.0,True,CALL,2026-03-11,310.0,100.0,0,368.93,0.999049899,4.7218e-05,0.000592466,-0.192708386,0.004614697,-1.091,0
US.GLD260311P310000,GLD 260311 310.00P,0.0001,0.0001,0.0,0.0,0.0001,0,0.0,True,PUT,2026-03-11,310.0,100.0,1,264.729,-9.375e-06,8.61e-07,7.771e-06,-0.001246314,1.05e-07,35.127,0
US.GLD260311C315000,GLD 260311 315.00C,157.6479,0.0,0.0,0.0,157.6479,0,0.0,True,CALL,2026-03-11,315.0,100.0,0,355.728,0.999029037,4.9957e-05,0.000604404,-0.190630412,0.004689096,-1.09,0
US.GLD260311P315000,GLD 260311 315.00P,0.0001,0.0001,0.0,0.0,0.0001,0,0.0,True,PUT,2026-03-11,315.0,100.0,1,255.295,-9.712e-06,9.24e-07,8.038e-06,-0.001244564,1.06e-07,34.081,0
US.GLD260311C320000,GLD 260311 320.00C,152.649,0.0,0.0,0.0,152.649,0,0.0,True,CALL,2026-03-11,320.0,100.0,0,342.73,0.999007212,5.292e-05,0.000616868,-0.188547423,0.004763489,-1.09,0
US.GLD260311P320000,GLD 260311 320.00P,0.0001,0.0,0.0,0.0,0.0001,0,0.0,True,PUT,2026-03-11,320.0,100.0,0,246.0,-1.007e-05,9.92e-07,8.32e-06,-0.001242755,1.08e-07,33.034,0
US.GLD260311C325000,GLD 260311 325.00C,147.65,0.0,0.0,0.0,147.65,0,0.0,True,CALL,2026-03-11,325.0,100.0,0,329.931,0.998984333,5.6135e-05,0.000629906,-0.186458357,0.004837874,-1.09,0
US.GLD260311P325000,GLD 260311 325.00P,0.0001,0.0001,0.0,0.0,0.0001,0,0.0,True,PUT,2026-03-11,325.0,100.0,1,236.841,-1.0449e-05,1.068e-06,8.618e-06,-0.001240873,1.1e-07,31.988,0
US.GLD260311C330000,GLD 260311 330.00C,142.651,0.0,0.0,0.0,142.651,0,0.0,True,CALL,2026-03-11,330.0,100.0,0,317.322,0.998960291,5.9632e-05,0.000643576,-0.184363657,0.004912251,-1.09,0
US.GLD260311P330000,GLD 260311 330.00P,0.0001,0.0001,0.0,0.0,0.0001,0,0.0,True,PUT,2026-03-11,330.0,100.0,1,227.812,-1.0852e-05,1.151e-06,8.935e-06,-0.001238923,1.12e-07,30.942,0
US.GLD260311C335000,GLD 260311 335.00C,137.6521,0.0,0.0,0.0,137.6521,0,0.0,True,CALL,2026-03-11,335.0,100.0,0,304.898,0.998934969,6.3446e-05,0.000657941,-0.182262071,0.004986619,-1.089,0
US.GLD260311P335000,GLD 260311 335.00P,0.0001,0.0,0.0,0.0,0.0001,0,0.0,True,PUT,2026-03-11,335.0,100.0,0,218.908,-1.128e-05,1.243e-06,9.271e-06,-0.001236892,1.14e-07,29.895,0
US.GLD260311C340000,GLD 260311 340.00C,132.6532,0.0,0.0,0.0,132.6532,0,0.0,True,CALL,2026-03-11,340.0,100.0,0,292.652,0.998908228,6.7622e-05,0.000673076,-0.18015373,0.005060977,-1.089,0
US.GLD260311P340000,GLD 260311 340.00P,0.0002,0.0,0.0,0.0,0.0002,0,0.0,True,PUT,2026-03-11,340.0,100.0,0,217.682,-2.2023e-05,2.361e-06,1.7504e-05,-0.002388739,8.5e-08,28.849,0
US.GLD260311C345000,GLD 260311 345.00C,127.6543,0.0,0.0,0.0,127.6543,0,0.0,True,CALL,2026-03-11,345.0,100.0,0,280.579,0.998879912,7.2205e-05,0.000689063,-0.178038,0.005135323,-1.089,0
US.GLD260311P345000,GLD 260311 345.00P,0.0003,0.0003,0.0,0.0,0.0003,0,0.0,True,PUT,2026-03-11,345.0,100.0,0,213.324,-3.3073e-05,3.542e-06,2.5731e-05,-0.003500897,4.3e-08,27.803,0
US.GLD260311C350000,GLD 260311 350.00C,122.6555,122.6555,0.0,0.0,122.6555,0,0.0,True,CALL,2026-03-11,350.0,100.0,2,268.673,0.99884984,7.7259e-05,0.000705999,-0.175914328,0.005209657,-1.089,0
US.GLD260311P350000,GLD 260311 350.00P,0.06,0.06,0.06,0.06,0.0005,1,6.0,True,PUT,2026-03-11,350.0,100.0,27,303.954,-0.003390461,0.000182219,0.001883689,-0.449333022,-2.3345e-05,26.769,0
US.GLD260311C355000,GLD 260311 355.00C,125.43,125.53,125.53,125.43,117.6568,2,25096.0,True,CALL,2026-03-11,355.0,100.0,1,256.928,0.998817805,8.2848e-05,0.000723993,-0.173781945,0.005283977,0.537,0
US.GLD260311P355000,GLD 260311 355.00P,0.0008,0.0008,0.0,0.0,0.0008,0,0.0,True,PUT,2026-03-11,355.0,100.0,5,206.808,-8.6614e-05,9.065e-06,6.3811e-05,-0.008773897,-2.25e-07,25.71,0
US.GLD260311C360000,GLD 260311 360.00C,120.45,120.61,120.61,120.45,112.6583,2,24106.0,True,CALL,2026-03-11,360.0,100.0,3,267.957,0.997315636,0.000167486,0.001526358,-0.352510577,0.005347456,0.541,0
US.GLD260311P360000,GLD 260311 360.00P,0.0012,0.0012,0.0,0.0,0.0012,0,0.0,True,PUT,2026-03-11,360.0,100.0,14,202.599,-0.000129717,1.3522e-05,9.3239e-05,-0.012781857,-4.7e-07,24.664,0
US.GLD260311C365000,GLD 260311 365.00C,115.64,115.57,115.88,115.57,107.66,4,46274.0,True,CALL,2026-03-11,365.0,100.0,1,255.817,0.997211971,0.000181539,0.001579475,-0.349585483,0.005421266,0.581,0
US.GLD260311P365000,GLD 260311 365.00P,0.0019,0.0019,0.0,0.0,0.0019,0,0.0,True,PUT,2026-03-11,365.0,100.0,8,199.145,-0.00020357,2.0976e-05,0.00014215,-0.019536909,-9.16e-07,23.618,0
US.GLD260311C370000,GLD 260311 370.00C,110.66,110.66,110.97,110.66,102.6621,4,44296.0,True,CALL,2026-03-11,370.0,100.0,1,243.816,0.997100011,0.000197359,0.001636585,-0.346604044,0.005495017,0.585,0
US.GLD260311P370000,GLD 260311 370.00P,0.003,0.003,0.0,0.0,0.003,0,0.0,True,PUT,2026-03-11,370.0,100.0,1,195.74,-0.000318219,3.2366e-05,0.000215566,-0.029699473,-1.638e-06,22.572,0
US.GLD260311C375000,GLD 260311 375.00C,97.6648,97.6648,0.0,0.0,97.6648,0,0.0,True,CALL,2026-03-11,375.0,100.0,4,231.949,0.996978638,0.000215266,0.001698202,-0.343559185,0.005568701,-1.087,0
US.GLD260311P375000,GLD 260311 375.00P,0.0047,0.0047,0.0,0.0,0.0047,0,0.0,True,PUT,2026-03-11,375.0,100.0,64,192.315,-0.000493271,4.9481e-05,0.000323765,-0.044684543,-2.776e-06,21.525,0
US.GLD260311C380000,GLD 260311 380.00C,97.1,97.01,97.26,97.01,92.6684,10,97181.0,True,CALL,2026-03-11,380.0,100.0,0,220.211,0.996846505,0.00023565,0.001764948,-0.340444492,0.005642308,-0.159,0
US.GLD260311P380000,GLD 260311 380.00P,0.04,0.05,0.05,0.04,0.0072,25,123.0,True,PUT,2026-03-11,380.0,100.0,152,220.326,-0.003166915,0.000236425,0.001771704,-0.304701304,-2.1383e-05,20.487,0
US.GLD260311C385000,GLD 260311 385.00C,87.6733,87.6733,0.0,0.0,87.6733,0,0.0,True,CALL,2026-03-11,385.0,100.0,1,208.594,0.996701989,0.000259008,0.001837567,-0.337252949,0.005715827,-1.085,0
US.GLD260311P385000,GLD 260311 385.00P,0.05,0.01,0.05,0.01,0.0111,60,220.0,True,PUT,2026-03-11,385.0,100.0,116,213.809,-0.003997324,0.000300279,0.002183631,-0.368177103,-2.7218e-05,19.442,0
US.GLD260311C390000,GLD 260311 390.00C,82.6802,82.6802,0.0,0.0,82.6802,0,0.0,True,CALL,2026-03-11,390.0,100.0,5,197.094,0.996543133,0.000285958,0.001916947,-0.333974535,0.005789244,-1.083,0
US.GLD260311P390000,GLD 260311 390.00P,0.01,0.01,0.01,0.01,0.017,26,26.0,True,PUT,2026-03-11,390.0,100.0,57,173.34,-0.001102032,0.000115143,0.00067901,-0.087503324,-6.829e-06,18.388,0
US.GLD260311C395000,GLD 260311 395.00C,85.72,85.5,85.72,85.5,77.6871,2,17122.0,True,CALL,2026-03-11,395.0,100.0,1,185.704,0.996367532,0.000317306,0.002004177,-0.330598282,0.005862542,0.598,0
US.GLD260311P395000,GLD 260311 395.00P,0.01,0.01,0.01,0.01,0.0229,4,4.0,True,PUT,2026-03-11,395.0,100.0,183,163.257,-0.001166324,0.000128773,0.000715236,-0.087000767,-7.235e-06,17.341,0
US.GLD260311C400000,GLD 260311 400.00C,80.87,78.6,80.87,78.6,72.694,22,173652.0,True,CALL,2026-03-11,400.0,100.0,1,174.417,0.996172179,0.00035409,0.002100608,-0.327112903,0.005935699,0.629,0
US.GLD260311P400000,GLD 260311 400.00P,0.01,0.03,0.03,0.01,0.0288,64,82.0,True,PUT,2026-03-11,400.0,100.0,297,153.261,-0.001238055,0.000144874,0.000755425,-0.08646457,-7.689e-06,16.295,0
US.GLD260311C405000,GLD 260311 405.00C,73.28,73.28,73.28,73.28,67.7009,1,7328.0,True,CALL,2026-03-11,405.0,100.0,3,163.227,0.995953344,0.000397683,0.002207901,-0.323500356,0.006008689,0.087,0
US.GLD260311P405000,GLD 260311 405.00P,0.01,0.01,0.04,0.01,0.0346,49,78.0,True,PUT,2026-03-11,405.0,100.0,83,143.348,-0.001318653,0.000164088,0.000800311,-0.085889846,-8.198e-06,15.249,0
US.GLD260311C410000,GLD 260311 410.00C,62.7113,62.7113,0.0,0.0,62.7113,0,0.0,True,CALL,2026-03-11,410.0,100.0,1,152.127,0.995706226,0.000449938,0.00232818,-0.319742394,0.006081477,-1.077,0
US.GLD260311P410000,GLD 260311 410.00P,0.01,0.01,0.03,0.01,0.0441,319,643.0,True,PUT,2026-03-11,410.0,100.0,399,133.512,-0.001409955,0.000187288,0.000850831,-0.085271579,-8.776e-06,14.202,0
US.GLD260311C415000,GLD 260311 415.00C,65.69,65.69,65.69,65.69,57.7217,1,6569.0,True,CALL,2026-03-11,415.0,100.0,25,141.109,0.995424585,0.000513396,0.002464183,-0.315816571,0.00615402,0.592,0
US.GLD260311P415000,GLD 260311 415.00P,0.01,0.01,0.05,0.01,0.0535,27,104.0,True,PUT,2026-03-11,415.0,100.0,762,123.747,-0.001514323,0.000215675,0.000908182,-0.084601692,-9.436e-06,13.156,0
US.GLD260311C420000,GLD 260311 420.00C,57.57,60.84,60.84,57.57,52.7399,2,11841.0,True,CALL,2026-03-11,420.0,100.0,8,130.164,0.995100214,0.000591621,0.002619474,-0.31169169,0.006226258,-0.06,0
US.GLD260311P420000,GLD 260311 420.00P,0.01,0.01,0.01,0.01,0.0707,4,4.0,True,PUT,2026-03-11,420.0,100.0,717,114.045,-0.001634929,0.000250953,0.000973959,-0.083872349,-1.0199e-05,12.11,0
US.GLD260311C425000,GLD 260311 425.00C,52.97,53.35,53.35,52.83,47.7614,11,58291.0,True,CALL,2026-03-11,425.0,100.0,10,119.285,0.994721972,0.000689766,0.002798847,-0.307330438,0.006298113,0.023,0
US.GLD260311P425000,GLD 260311 425.00P,0.01,0.03,0.18,0.01,0.0912,431,640.0,True,PUT,2026-03-11,425.0,100.0,242,104.4,-0.001776054,0.000295598,0.001050299,-0.083072202,-1.1092e-05,11.063,0
US.GLD260311C430000,GLD 260311 430.00C,49.42,48.33,49.42,48.33,42.7829,7,34485.0,True,CALL,2026-03-11,430.0,100.0,9,108.459,0.994274387,0.000815513,0.00300888,-0.302683512,0.006369474,0.326,0
US.GLD260311P430000,GLD 260311 430.00P,0.01,0.05,0.07,0.01,0.1117,448,553.0,True,PUT,2026-03-11,430.0,100.0,195,94.803,-0.00194367,0.000353333,0.001140156,-0.082186594,-1.2153e-05,10.017,0
US.GLD260311C435000,GLD 260311 435.00C,45.3,45.11,45.3,45.11,37.8044,7,31691.0,True,CALL,2026-03-11,435.0,100.0,0,104.007,0.990543788,0.001323321,0.004681582,-0.440197206,0.006417085,0.51,0
US.GLD260311P435000,GLD 260311 435.00P,0.03,0.36,0.41,0.01,0.1321,416,1850.0,True,PUT,2026-03-11,435.0,100.0,356,95.407,-0.005304785,0.000866243,0.002811855,-0.213456237,-3.5271e-05,8.975,0
US.GLD260311C436000,GLD 260311 436.00C,44.4,44.26,44.4,44.26,36.8149,7,31066.0,True,CALL,2026-03-11,436.0,100.0,3,101.747,0.990359436,0.001375735,0.004761298,-0.438588979,0.006430682,0.531,0
US.GLD260311P436000,GLD 260311 436.00P,0.07,0.16,0.16,0.04,0.1425,4,36.0,True,PUT,2026-03-11,436.0,100.0,81,103.392,-0.010627508,0.001473977,0.005183736,-0.440040398,-7.2601e-05,8.774,0
US.GLD260311C437000,GLD 260311 437.00C,35.8255,35.8255,0.0,0.0,35.8255,0,0.0,True,CALL,2026-03-11,437.0,100.0,3,104.066,0.98718493,0.001722828,0.006098086,-0.56806383,0.006422614,-1.053,0
US.GLD260311P437000,GLD 260311 437.00P,0.07,0.12,0.12,0.07,0.1529,3,26.0,True,PUT,2026-03-11,437.0,100.0,48,101.115,-0.010845635,0.00153407,0.005276274,-0.438393163,-7.4076e-05,8.565,0
US.GLD260311C438000,GLD 260311 438.00C,34.8361,0.0,0.0,0.0,34.8361,0,0.0,True,CALL,2026-03-11,438.0,100.0,0,101.728,0.986924688,0.001793335,0.006205039,-0.565788212,0.006435671,-1.051,0
US.GLD260311P438000,GLD 260311 438.00P,0.08,0.26,0.26,0.05,0.1633,16,203.0,True,PUT,2026-03-11,438.0,100.0,203,90.71,-0.006395437,0.001075494,0.003319139,-0.241537146,-4.2761e-05,8.358,0
US.GLD260311C439000,GLD 260311 439.00C,42.09,39.02,42.09,39.02,33.8467,5,20681.0,True,CALL,2026-03-11,439.0,100.0,3,99.389,0.98665292,0.001868448,0.006316333,-0.563459864,0.006448645,0.675,0
US.GLD260311P439000,GLD 260311 439.00P,0.08,0.07,0.08,0.07,0.1737,2,15.0,True,PUT,2026-03-11,439.0,100.0,260,97.452,-0.011934681,0.00172972,0.00573366,-0.461036332,-8.1623e-05,8.148,0
US.GLD260311C440000,GLD 260311 440.00C,41.16,38.02,41.16,38.02,32.8573,9,35883.0,True,CALL,2026-03-11,440.0,100.0,10,92.711,0.989537879,0.001621514,0.005113661,-0.431803207,0.006484471,0.69,0
US.GLD260311P440000,GLD 260311 440.00P,0.05,0.41,0.45,0.03,0.1841,515,3366.0,True,PUT,2026-03-11,440.0,100.0,967,94.281,-0.011559452,0.001739005,0.005576989,-0.433184611,-7.8903e-05,7.933,0
US.GLD260311C441000,GLD 260311 441.00C,39.14,39.14,39.14,39.14,31.8678,1,3914.0,True,CALL,2026-03-11,441.0,100.0,2,98.212,0.98309009,0.002317236,0.007740344,-0.680038189,0.006452722,0.477,0
US.GLD260311P441000,GLD 260311 441.00P,0.09,0.27,0.27,0.03,0.1945,20,168.0,True,PUT,2026-03-11,441.0,100.0,90,94.471,-0.013735881,0.002015012,0.006474863,-0.507805544,-9.4181e-05,7.732,0
US.GLD260311C442000,GLD 260311 442.00C,30.8797,30.8797,0.0,0.0,30.8797,0,0.0,True,CALL,2026-03-11,442.0,100.0,4,95.805,0.982714578,0.002420451,0.007887027,-0.67686416,0.006464958,-1.042,0
US.GLD260311P442000,GLD 260311 442.00P,0.1,0.1,0.13,0.07,0.2061,26,246.0,True,PUT,2026-03-11,442.0,100.0,166,94.294,-0.015912441,0.002291036,0.007347818,-0.578930683,-0.000109474,7.525,0
US.GLD260311C443000,GLD 260311 443.00C,29.9012,29.9012,0.0,0.0,29.9012,0,0.0,True,CALL,2026-03-11,443.0,100.0,8,90.028,0.985432818,0.002224316,0.006811185,-0.553561821,0.006499596,-1.037,0
US.GLD260311P443000,GLD 260311 443.00P,0.1,0.08,0.19,0.03,0.2275,24,242.0,True,PUT,2026-03-11,443.0,100.0,380,90.541,-0.015024136,0.002271185,0.006994436,-0.527750657,-0.000103097,7.315,0
US.GLD260311C444000,GLD 260311 444.00C,28.9227,28.9227,0.0,0.0,28.9227,0,0.0,True,CALL,2026-03-11,444.0,100.0,0,93.841,0.978934403,0.002923636,0.009331076,-0.78404013,0.006467487,-1.033,0
US.GLD260311P444000,GLD 260311 444.00P,0.13,0.18,0.18,0.06,0.2488,10,118.0,True,PUT,2026-03-11,444.0,100.0,124,88.195,-0.015384972,0.002379625,0.007138524,-0.525171348,-0.000105546,7.112,0
US.GLD260311C445000,GLD 260311 445.00C,35.44,34.03,35.44,34.03,27.9442,3,10350.0,True,CALL,2026-03-11,445.0,100.0,11,85.339,0.984727745,0.002443829,0.007093726,-0.548214048,0.006524395,0.539,0
US.GLD260311P445000,GLD 260311 445.00P,0.13,0.27,0.27,0.03,0.2701,219,1817.0,True,PUT,2026-03-11,445.0,100.0,861,89.585,-0.019602792,0.002881236,0.008778977,-0.663080802,-0.000135254,6.903,0
US.GLD260311C446000,GLD 260311 446.00C,26.9657,26.9657,0.0,0.0,26.9657,0,0.0,True,CALL,2026-03-11,446.0,100.0,1,88.902,0.977903214,0.00321327,0.009715661,-0.775568958,0.006489963,-1.024,0
US.GLD260311P446000,GLD 260311 446.00P,0.11,0.1,0.18,0.05,0.2915,27,272.0,True,PUT,2026-03-11,446.0,100.0,112,86.01,-0.018820398,0.002898885,0.008480378,-0.613792153,-0.000129591,6.69,0
US.GLD260311C447000,GLD 260311 447.00C,25.9872,25.9872,0.0,0.0,25.9872,0,0.0,True,CALL,2026-03-11,447.0,100.0,0,86.428,0.977345469,0.003375487,0.00992211,-0.771142766,0.006500901,-1.019,0
US.GLD260311P447000,GLD 260311 447.00P,0.12,0.17,0.23,0.06,0.3128,35,392.0,True,PUT,2026-03-11,447.0,100.0,392,84.724,-0.020609644,0.003178737,0.00915996,-0.655640641,-0.000142113,6.483,0
US.GLD260311C448000,GLD 260311 448.00C,25.0133,25.0133,0.0,0.0,25.0133,0,0.0,True,CALL,2026-03-11,448.0,100.0,5,86.288,0.973681579,0.003834346,0.011252424,-0.872805859,0.006489349,-1.014,0
US.GLD260311P448000,GLD 260311 448.00P,0.13,0.1,0.14,0.07,0.3387,85,1049.0,True,PUT,2026-03-11,448.0,100.0,374,83.33,-0.022455912,0.003474993,0.009848731,-0.695902089,-0.000155029,6.275,0
US.GLD260311C449000,GLD 260311 449.00C,24.0535,24.0535,0.0,0.0,24.0535,0,0.0,True,CALL,2026-03-11,449.0,100.0,5,85.835,0.969991867,0.004299523,0.012551021,-0.968912811,0.006477613,-1.005,0
US.GLD260311P449000,GLD 260311 449.00P,0.13,0.1,0.21,0.05,0.3787,34,288.0,True,PUT,2026-03-11,449.0,100.0,150,79.85,-0.021733491,0.003527715,0.009580767,-0.647691934,-0.000149765,6.066,0
US.GLD260311C450000,GLD 260311 450.00C,28.45,28.71,31.13,27.63,23.0936,39,110634.0,True,CALL,2026-03-11,450.0,100.0,161,83.252,0.969175141,0.004532655,0.012833369,-0.962331439,0.006486706,0.123,0
US.GLD260311P450000,GLD 260311 450.00P,0.15,0.37,0.37,0.07,0.4188,372,5616.0,True,PUT,2026-03-11,450.0,100.0,1351,81.549,-0.028251291,0.0043042,0.011937534,-0.833648225,-0.000195726,5.861,0
US.GLD260311C451000,GLD 260311 451.00C,29.77,27.07,30.13,27.07,22.1427,11,30733.0,True,CALL,2026-03-11,451.0,100.0,13,80.663,0.968308205,0.004786657,0.013131138,-0.955520341,0.006495443,0.608,0
US.GLD260311P451000,GLD 260311 451.00P,0.16,0.12,0.27,0.07,0.4677,34,437.0,True,PUT,2026-03-11,451.0,100.0,248,73.937,-0.021555202,0.003783429,0.009514501,-0.595228127,-0.000148188,5.654,0
US.GLD260311C452000,GLD 260311 452.00C,21.1919,21.1919,0.0,0.0,21.1919,0,0.0,True,CALL,2026-03-11,452.0,100.0,8,76.129,0.970615119,0.004763965,0.012334512,-0.849450474,0.006527152,-0.977,0
US.GLD260311P452000,GLD 260311 452.00P,0.17,0.21,0.22,0.09,0.5167,21,318.0,True,PUT,2026-03-11,452.0,100.0,359,72.506,-0.023690703,0.004177888,0.010302998,-0.634654962,-0.000163083,5.447,0
US.GLD260311C453000,GLD 260311 453.00C,20.2441,20.2441,0.0,0.0,20.2441,0,0.0,True,CALL,2026-03-11,453.0,100.0,124,75.468,0.966403206,0.005368494,0.013778659,-0.941123561,0.006511697,-0.965,0
US.GLD260311P453000,GLD 260311 453.00P,0.18,0.09,0.18,0.09,0.5689,118,1518.0,True,PUT,2026-03-11,453.0,100.0,132,73.502,-0.030153825,0.005041074,0.012601596,-0.795174912,-0.000208552,5.24,0
US.GLD260311C454000,GLD 260311 454.00C,22.63,22.63,22.63,22.63,19.2964,2,4526.0,True,CALL,2026-03-11,454.0,100.0,135,76.155,0.958994305,0.006260927,0.016215027,-1.118472602,0.006473105,-0.257,0
US.GLD260311P454000,GLD 260311 454.00P,0.13,0.17,0.21,0.08,0.621,82,1168.0,True,PUT,2026-03-11,454.0,100.0,1148,69.753,-0.028970857,0.005138427,0.012190034,-0.728611932,-0.000199955,5.02,0
US.GLD260311C455000,GLD 260311 455.00C,22.26,22.13,22.26,22.13,18.3728,10,22143.0,True,CALL,2026-03-11,455.0,100.0,55,73.455,0.957684501,0.006658514,0.016633242,-1.108506344,0.006478688,-0.125,0
US.GLD260311P455000,GLD 260311 455.00P,0.2,0.13,0.32,0.09,0.6973,475,8253.0,True,PUT,2026-03-11,455.0,100.0,2263,68.385,-0.032141744,0.005712107,0.013284959,-0.781917976,-0.000222113,4.825,0
US.GLD260311C456000,GLD 260311 456.00C,17.452,17.452,0.0,0.0,17.452,0,0.0,True,CALL,2026-03-11,456.0,100.0,14,72.168,0.953120217,0.007360204,0.01806373,-1.184684558,0.006460724,-0.922,0
US.GLD260311P456000,GLD 260311 456.00P,0.23,0.2,0.3,0.12,0.7764,62,1207.0,True,PUT,2026-03-11,456.0,100.0,401,67.567,-0.036876579,0.006472313,0.014872524,-0.869935327,-0.000255307,4.622,0
US.GLD260311C457000,GLD 260311 457.00C,23.94,23.98,23.98,23.94,16.5312,2,4792.0,True,CALL,2026-03-11,457.0,100.0,9,70.723,0.948380345,0.008111055,0.019507723,-1.256031705,0.00644151,0.644,0
US.GLD260311P457000,GLD 260311 457.00P,0.17,0.3,0.3,0.1,0.8555,44,735.0,True,PUT,2026-03-11,457.0,100.0,373,63.235,-0.034440841,0.006538992,0.014062661,-0.76745127,-0.000237785,4.4,0
US.GLD260311C458000,GLD 260311 458.00C,22.33,20.83,22.33,20.83,15.6507,2,4316.0,True,CALL,2026-03-11,458.0,100.0,156,69.136,0.943433982,0.008920624,0.020972855,-1.322586447,0.006420825,0.516,0
US.GLD260311P458000,GLD 260311 458.00P,0.23,0.25,0.35,0.08,0.975,94,1801.0,True,PUT,2026-03-11,458.0,100.0,303,64.41,-0.044699063,0.007936943,0.017385144,-0.97714247,-0.000309952,4.204,0
US.GLD260311C459000,GLD 260311 459.00C,18.91,20.15,20.15,18.17,14.7707,5,9603.0,True,CALL,2026-03-11,459.0,100.0,156,67.416,0.938246586,0.009799868,0.022466761,-1.384347425,0.006398424,0.01,0
US.GLD260311P459000,GLD 260311 459.00P,0.3,0.36,0.36,0.12,1.095,232,4468.0,True,PUT,2026-03-11,459.0,100.0,486,64.823,-0.054713822,0.00926726,0.020428716,-1.165320396,-0.000380447,4.009,0
US.GLD260311C460000,GLD 260311 460.00C,18.05,19.7,20.48,17.3,13.8907,40,77397.0,True,CALL,2026-03-11,460.0,100.0,65,64.513,0.935871929,0.010546328,0.023136775,-1.366849436,0.006396425,0.039,0
US.GLD260311P460000,GLD 260311 460.00P,0.3,0.44,0.49,0.12,1.215,582,12931.0,True,PUT,2026-03-11,460.0,100.0,2767,64.053,-0.06279321,0.01044966,0.022760884,-1.290099263,-0.000437199,3.8,0
US.GLD260311C461000,GLD 260311 461.00C,17.43,16.95,20.05,16.5,13.0257,11,19834.0,True,CALL,2026-03-11,461.0,100.0,22,62.622,0.930082849,0.011616043,0.024736094,-1.421541852,0.006369739,0.119,0
US.GLD260311P461000,GLD 260311 461.00P,0.37,0.22,0.73,0.15,1.35,65,1899.0,True,PUT,2026-03-11,461.0,100.0,248,61.148,-0.06534723,0.011290555,0.023477183,-1.272251081,-0.000454681,3.605,0
US.GLD260311C462000,GLD 260311 462.00C,18.84,17.16,18.84,17.16,12.1856,9,15643.0,True,CALL,2026-03-11,462.0,100.0,30,61.546,0.920822791,0.012996475,0.027199733,-1.539996541,0.006317965,0.623,0
US.GLD260311P462000,GLD 260311 462.00P,0.35,0.65,0.67,0.16,1.51,218,7133.0,True,PUT,2026-03-11,462.0,100.0,438,61.158,-0.077894574,0.012917906,0.026864806,-1.46628354,-0.000542969,3.392,0
US.GLD260311C463000,GLD 260311 463.00C,18.02,16.21,18.13,15.66,11.3467,24,41134.0,True,CALL,2026-03-11,463.0,100.0,92,61.054,0.908252847,0.014630085,0.030374015,-1.710690709,0.00624225,0.661,0
US.GLD260311P463000,GLD 260311 463.00P,0.45,0.34,0.68,0.18,1.6712,767,22506.0,True,PUT,2026-03-11,463.0,100.0,916,58.297,-0.081982005,0.01408639,0.027923781,-1.45549544,-0.000571104,3.203,0
US.GLD260311C464000,GLD 260311 464.00C,17.05,15.57,17.3,13.29,10.5688,97,151856.0,True,CALL,2026-03-11,464.0,100.0,217,58.676,0.901096223,0.016088685,0.03210077,-1.741557131,0.006205827,0.667,0
US.GLD260311P464000,GLD 260311 464.00P,0.53,0.42,0.92,0.21,1.8935,924,33649.0,True,PUT,2026-03-11,464.0,100.0,1493,57.233,-0.093471293,0.015823307,0.030794444,-1.583780733,-0.000651632,3.011,0
US.GLD260311C465000,GLD 260311 465.00C,15.5,14.6,16.29,12.37,9.7909,675,1082067.0,True,CALL,2026-03-11,465.0,100.0,1060,57.644,0.887579614,0.017966404,0.035216592,-1.882243453,0.006123371,0.552,0
US.GLD260311P465000,GLD 260311 465.00P,0.55,0.46,1.04,0.25,2.1157,475,23940.0,True,PUT,2026-03-11,465.0,100.0,667,56.188,-0.106640712,0.017746518,0.033906148,-1.720423599,-0.000743921,2.806,0
US.GLD260311C466000,GLD 260311 466.00C,11.81,13.12,15.27,11.59,9.0169,69,91657.0,True,CALL,2026-03-11,466.0,100.0,161,56.964,0.870828669,0.020048727,0.0388346,-2.057192562,0.006017511,-0.01,0
US.GLD260311P466000,GLD 260311 466.00P,0.67,0.44,1.5,0.23,2.3419,155,9834.0,True,PUT,2026-03-11,466.0,100.0,247,55.25,-0.12207837,0.019872099,0.037333194,-1.871877099,-0.000852112,2.622,0
US.GLD260311C467000,GLD 260311 467.00C,11.8,13.21,14.3,10.88,8.3258,77,100198.0,True,CALL,2026-03-11,467.0,100.0,198,51.589,0.87250062,0.021938281,0.038483931,-1.849603536,0.006045445,0.196,0
US.GLD260311P467000,GLD 260311 467.00P,0.69,0.56,1.47,0.34,2.6512,528,28790.0,True,PUT,2026-03-11,467.0,100.0,886,54.105,-0.138681705,0.022164798,0.040776927,-2.011133315,-0.000968311,2.417,0
US.GLD260311C468000,GLD 260311 468.00C,9.37,12.0,13.49,9.37,7.6348,509,589848.0,True,CALL,2026-03-11,468.0,100.0,608,53.436,0.840370146,0.024653625,0.044796451,-2.238021942,0.005828208,-0.102,0
US.GLD260311P468000,GLD 260311 468.00P,0.8,1.49,1.52,0.41,2.9606,443,33904.0,True,PUT,2026-03-11,468.0,100.0,404,53.654,-0.160608472,0.024652136,0.044975273,-2.210724619,-0.001122052,2.23,0
US.GLD260311C469000,GLD 260311 469.00C,9.25,11.3,12.65,9.16,7.001,109,120010.0,True,CALL,2026-03-11,469.0,100.0,446,51.317,0.823437706,0.027392503,0.047799666,-2.299444896,0.005721429,0.081,0
US.GLD260311P469000,GLD 260311 469.00P,0.95,0.77,1.88,0.48,3.3272,972,135654.0,True,PUT,2026-03-11,469.0,100.0,242,52.761,-0.183096778,0.027258713,0.048903182,-2.373745388,-0.001279346,2.052,0
US.GLD260311C470000,GLD 260311 470.00C,8.93,10.4,11.86,7.7,6.3672,451,453326.0,True,CALL,2026-03-11,470.0,100.0,1061,53.265,0.785750839,0.029685573,0.053769243,-2.69323229,0.005463509,0.223,0
US.GLD260311P470000,GLD 260311 470.00P,1.07,0.99,2.3,0.56,3.6939,886,88610.0,True,PUT,2026-03-11,470.0,100.0,536,51.951,-0.208619716,0.029966613,0.052936047,-2.540032908,-0.001457695,1.868,0
US.GLD260311C471000,GLD 260311 471.00C,8.92,7.6,10.87,7.6,5.7477,207,196811.0,True,CALL,2026-03-11,471.0,100.0,696,51.336,0.762245953,0.032669246,0.057030157,-2.759672973,0.005309184,0.431,0
US.GLD260311P471000,GLD 260311 471.00P,1.3,1.07,2.81,0.69,4.075,273,33868.0,True,PUT,2026-03-11,471.0,100.0,224,52.901,-0.244164007,0.032166293,0.05786088,-2.839801761,-0.001707163,1.707,0
US.GLD260311C472000,GLD 260311 472.00C,6.6,8.8,10.05,6.6,5.1755,157,137723.0,True,CALL,2026-03-11,472.0,100.0,592,41.342,0.77302451,0.0395326,0.055574093,-2.170978368,0.00540569,0.154,0
US.GLD260311P472000,GLD 260311 472.00P,1.6,1.23,3.05,0.82,4.5036,550,75221.0,True,PUT,2026-03-11,472.0,100.0,84,50.25,-0.267904093,0.035543624,0.060731768,-2.837449122,-0.001870742,1.561,0
US.GLD260311C473000,GLD 260311 473.00C,6.31,7.5,9.25,5.15,4.6789,147,110423.0,True,CALL,2026-03-11,473.0,100.0,152,48.103,0.70266241,0.039036088,0.063855821,-2.908036074,0.004909509,0.303,0
US.GLD260311P473000,GLD 260311 473.00P,1.33,1.41,2.95,0.93,5.0077,1179,176956.0,True,PUT,2026-03-11,473.0,100.0,293,52.208,-0.311470179,0.036720658,0.065189275,-3.17560383,-0.002176341,1.295,0
US.GLD260311C474000,GLD 260311 474.00C,5.73,7.45,8.35,4.38,4.1823,144,102053.0,True,CALL,2026-03-11,474.0,100.0,858,49.597,0.657754712,0.0401615,0.067737832,-3.185182765,0.004598309,0.391,0
US.GLD260311P474000,GLD 260311 474.00P,2.08,1.62,4.07,1.13,5.512,1170,251274.0,True,PUT,2026-03-11,474.0,100.0,160,45.134,-0.328296443,0.043424025,0.066640879,-2.807255843,-0.002284757,1.243,0
US.GLD260311C475000,GLD 260311 475.00C,4.92,6.65,7.59,4.04,3.725,618,365684.0,True,CALL,2026-03-11,475.0,100.0,830,50.732,0.614130165,0.040884638,0.070537087,-3.395782253,0.004295872,0.431,0
US.GLD260311P475000,GLD 260311 475.00P,2.3,2.55,4.25,1.35,6.0558,1261,281538.0,True,PUT,2026-03-11,475.0,100.0,1328,47.178,-0.378117205,0.0437023,0.070105497,-3.094284484,-0.002631754,1.079,0
US.GLD260311C476000,GLD 260311 476.00C,4.55,6.23,6.9,3.55,3.325,316,150358.0,True,CALL,2026-03-11,476.0,100.0,189,51.226,0.571883103,0.041543017,0.072371721,-3.519610916,0.004003244,0.562,0
US.GLD260311P476000,GLD 260311 476.00P,2.91,2.37,4.81,1.64,6.6569,819,223847.0,True,PUT,2026-03-11,476.0,100.0,213,47.63,-0.423365234,0.044584594,0.072205208,-3.220989676,-0.002943603,0.998,0
US.GLD260311C477000,GLD 260311 477.00C,3.8,5.29,6.1,2.95,2.955,1467,618457.0,True,CALL,2026-03-11,477.0,100.0,324,46.019,0.532454928,0.046853168,0.073325972,-3.206116413,0.00373628,0.615,0
US.GLD260311P477000,GLD 260311 477.00P,2.8,2.68,5.38,1.85,7.2882,1039,321979.0,True,PUT,2026-03-11,477.0,100.0,482,50.723,-0.469909478,0.042534746,0.073357713,-3.487039395,-0.003267821,0.765,0
US.GLD260311C478000,GLD 260311 478.00C,3.15,4.9,5.38,2.61,2.605,1215,479859.0,True,CALL,2026-03-11,478.0,100.0,313,45.364,0.485165254,0.047654401,0.07351874,-3.167082989,0.003407745,0.688,0
US.GLD260311P478000,GLD 260311 478.00P,3.75,3.11,5.73,2.15,7.9397,999,371672.0,True,PUT,2026-03-11,478.0,100.0,92,47.541,-0.513891516,0.045487067,0.073521767,-3.272455881,-0.003559035,0.755,0
US.GLD260311C479000,GLD 260311 479.00C,2.8,4.15,4.8,2.35,2.315,1806,684109.0,True,CALL,2026-03-11,479.0,100.0,585,45.838,0.438529018,0.046632663,0.0726941,-3.159988439,0.003081925,0.824,0
US.GLD260311P479000,GLD 260311 479.00P,4.65,3.58,6.62,2.6,8.6512,801,319829.0,True,PUT,2026-03-11,479.0,100.0,168,51.128,-0.554455473,0.041927928,0.072879528,-3.486371427,-0.003840459,0.734,0
US.GLD260311C480000,GLD 260311 480.00C,2.25,3.85,4.28,1.89,2.0455,2608,821813.0,True,CALL,2026-03-11,480.0,100.0,1537,44.83,0.390102278,0.046413198,0.070758831,-3.00232625,0.00274425,0.918,0
US.GLD260311P480000,GLD 260311 480.00P,4.6,4.14,7.0,2.94,9.3833,2058,832348.0,True,PUT,2026-03-11,480.0,100.0,501,44.334,-0.611266573,0.046905597,0.070682703,-2.920543674,-0.004193858,0.514,0
US.GLD260311C481000,GLD 260311 481.00C,1.99,3.25,3.71,1.39,1.8249,839,229907.0,True,CALL,2026-03-11,481.0,100.0,195,45.943,0.348572235,0.043652248,0.068201543,-2.957935206,0.002452776,1.073,0
US.GLD260311P481000,GLD 260311 481.00P,5.76,4.73,7.15,3.45,10.1644,269,105790.0,True,PUT,2026-03-11,481.0,100.0,83,46.674,-0.649172854,0.043091956,0.068356704,-2.966749132,-0.004445861,0.548,0
US.GLD260311C482000,GLD 260311 482.00C,1.92,3.15,3.25,1.45,1.6044,665,159926.0,True,CALL,2026-03-11,482.0,100.0,350,44.405,0.300002468,0.042459603,0.064114658,-2.677708701,0.002113188,1.268,0
US.GLD260311P482000,GLD 260311 482.00P,6.82,5.83,6.82,4.08,10.9457,74,34092.0,True,PUT,2026-03-11,482.0,100.0,20,45.49,-0.695619383,0.041747254,0.064526359,-2.716518916,-0.004730539,0.56,0
US.GLD260311C483000,GLD 260311 483.00C,1.25,2.09,2.81,1.19,1.4268,419,91582.0,True,CALL,2026-03-11,483.0,100.0,211,47.682,0.274354025,0.037902717,0.061457299,-2.748146332,0.001931672,1.337,0
US.GLD260311P483000,GLD 260311 483.00P,6.54,6.4,6.54,4.67,11.7699,40,20520.0,True,PUT,2026-03-11,483.0,100.0,11,46.78,-0.729747383,0.03837978,0.060991048,-2.629995563,-0.004941373,0.292,0
US.GLD260311C484000,GLD 260311 484.00C,1.12,2.11,2.27,1.0,1.2492,538,80312.0,True,CALL,2026-03-11,484.0,100.0,117,45.468,0.22735599,0.035979574,0.055627659,-2.358730583,0.001602605,1.519,0
US.GLD260311P484000,GLD 260311 484.00P,7.45,7.75,8.25,5.58,12.5945,41,30663.0,True,PUT,2026-03-11,484.0,100.0,69,38.249,-0.814016165,0.038062275,0.049361521,-1.706892781,-0.005326499,0.274,0
US.GLD260311C485000,GLD 260311 485.00C,0.88,2.03,2.03,0.75,1.085,2013,287361.0,True,CALL,2026-03-11,485.0,100.0,993,46.06,0.196609007,0.032621422,0.051091422,-2.183800564,0.001386274,1.678,0
US.GLD260311P485000,GLD 260311 485.00P,8.64,7.57,9.31,5.88,13.4327,442,285274.0,True,PUT,2026-03-11,485.0,100.0,35,42.93,-0.820757885,0.033131863,0.048239744,-1.872692846,-0.005395685,0.313,0
US.GLD260311C486000,GLD 260311 486.00C,0.69,1.37,1.74,0.61,0.9425,794,83968.0,True,CALL,2026-03-11,486.0,100.0,155,46.199,0.166867324,0.029348618,0.046104205,-1.965153374,0.001177027,1.847,0
US.GLD260311P486000,GLD 260311 486.00P,9.22,8.9,9.3,7.18,14.2926,21,18483.0,True,PUT,2026-03-11,486.0,100.0,29,45.968,-0.834622478,0.029397322,0.045824338,-1.899376161,-0.005479227,0.226,0
US.GLD260311C487000,GLD 260311 487.00C,0.75,0.89,1.41,0.52,0.856,649,56133.0,True,CALL,2026-03-11,487.0,100.0,246,46.048,0.138859845,0.026065031,0.040811141,-1.722091055,0.000979906,2.069,0
US.GLD260311P487000,GLD 260311 487.00P,10.4,8.4,10.4,7.35,15.208,17,13316.0,True,PUT,2026-03-11,487.0,100.0,34,42.68,-0.879862932,0.025558047,0.036891822,-1.393228377,-0.005589325,0.263,0
US.GLD260311C488000,GLD 260311 488.00C,0.48,1.22,1.22,0.41,0.7694,352,26409.0,True,CALL,2026-03-11,488.0,100.0,920,46.546,0.117459516,0.022954906,0.036330065,-1.539554529,0.000829086,2.222,0
US.GLD260311P488000,GLD 260311 488.00P,10.98,10.22,10.98,9.2,16.1236,5,5070.0,True,PUT,2026-03-11,488.0,100.0,10,51.046,-0.86050083,0.023654759,0.040926766,-1.870746025,-0.005617851,0.175,0
US.GLD260311C489000,GLD 260311 489.00C,0.45,0.96,1.0,0.37,0.6829,373,28134.0,True,CALL,2026-03-11,489.0,100.0,2113,47.28,0.100064133,0.020137356,0.032373734,-1.384624052,0.000706412,2.425,0
US.GLD260311P489000,GLD 260311 489.00P,11.38,9.24,11.38,9.24,17.0394,12,12878.0,True,PUT,2026-03-11,489.0,100.0,23,43.215,-0.920250974,0.01879009,0.027318195,-1.018189921,-0.005588329,0.05,0
US.GLD260311C490000,GLD 260311 490.00C,0.3,0.78,0.85,0.29,0.6208,1062,56940.0,True,CALL,2026-03-11,490.0,100.0,2808,46.282,0.077292488,0.016969665,0.026705613,-1.106448984,0.000545977,2.603,0
US.GLD260311P490000,GLD 260311 490.00P,12.32,11.5,12.8,9.85,17.9793,10,11527.0,True,PUT,2026-03-11,490.0,100.0,50,46.024,-0.924355106,0.016950243,0.026245244,-1.040082838,-0.005614295,0.037,0
US.GLD260311C491000,GLD 260311 491.00C,0.25,0.57,0.7,0.25,0.5588,141,8084.0,True,CALL,2026-03-11,491.0,100.0,319,48.067,0.069459848,0.015057098,0.024610287,-1.054105573,0.000490576,2.802,0
US.GLD260311P491000,GLD 260311 491.00P,11.0,11.0,11.0,11.0,18.9195,1,1100.0,True,PUT,2026-03-11,491.0,100.0,10,46.717,-0.936675696,0.014606472,0.022880449,-0.909435912,-0.005562225,-0.447,0
US.GLD260311C492000,GLD 260311 492.00C,0.24,0.54,0.72,0.21,0.4968,636,25314.0,True,CALL,2026-03-11,492.0,100.0,752,48.788,0.058709934,0.013016417,0.021594538,-0.93210469,0.0004147,3.009,0
US.GLD260311P492000,GLD 260311 492.00P,12.29,12.29,12.29,12.29,19.8601,1,1229.0,True,PUT,2026-03-11,492.0,100.0,4,46.958,-0.948796631,0.012356963,0.019348156,-0.760931922,-0.005455174,-0.387,0
US.GLD260311C495000,GLD 260311 495.00C,0.15,0.41,0.41,0.09,0.335,617,14712.0,True,CALL,2026-03-11,495.0,100.0,834,50.546,0.034225853,0.008138624,0.013991198,-0.611124115,0.000241847,3.618,0
US.GLD260311P495000,GLD 260311 495.00P,14.7,14.7,14.7,14.7,22.7069,1,1470.0,True,PUT,2026-03-11,495.0,100.0,5,47.381,-0.975077491,0.007044998,0.010700342,-0.398272299,-0.004822272,-0.51,0
US.GLD260311C500000,GLD 260311 500.00C,0.1,0.28,0.34,0.05,0.215,613,8061.0,True,CALL,2026-03-11,500.0,100.0,1502,50.457,0.009612539,0.002767132,0.004752554,-0.195630599,6.8e-05,4.654,0
US.GLD260311P500000,GLD 260311 500.00P,21.38,21.38,21.38,21.38,27.598,3,6414.0,True,PUT,2026-03-11,500.0,100.0,9,0.0,0.0,0.0,0.0,0.0,0.0,-0.159,0
US.GLD260311C505000,GLD 260311 505.00C,0.06,0.1,0.11,0.03,0.15,62,459.0,True,CALL,2026-03-11,505.0,100.0,464,61.056,0.009310687,0.002223827,0.00462056,-0.229760429,6.5776e-05,5.692,0
US.GLD260311P505000,GLD 260311 505.00P,27.8,27.8,27.8,27.8,32.5425,1,2780.0,True,PUT,2026-03-11,505.0,100.0,52,0.0,0.0,0.0,0.0,0.0,0.0,0.138,0
US.GLD260311C510000,GLD 260311 510.00C,0.06,0.5,0.5,0.01,0.105,170,1420.0,True,CALL,2026-03-11,510.0,100.0,369,69.111,0.007241205,0.001575387,0.003705026,-0.2061048,5.1115e-05,6.738,0
US.GLD260311P510000,GLD 260311 510.00P,37.5074,37.5074,0.0,0.0,37.5074,0,0.0,True,PUT,2026-03-11,510.0,100.0,9,0.0,0.0,0.0,0.0,0.0,0.0,1.123,0
US.GLD260311C515000,GLD 260311 515.00C,0.05,0.05,0.14,0.01,0.0789,66,290.0,True,CALL,2026-03-11,515.0,100.0,131,78.08,0.006486204,0.001265192,0.003361382,-0.210147732,4.5738e-05,7.782,0
US.GLD260311P515000,GLD 260311 515.00P,42.4895,0.0,0.0,0.0,42.4895,0,0.0,True,PUT,2026-03-11,515.0,100.0,0,0.0,0.0,0.0,0.0,0.0,0.0,1.119,0
US.GLD260311C520000,GLD 260311 520.00C,0.04,0.57,0.57,0.01,0.0662,30,370.0,True,CALL,2026-03-11,520.0,100.0,232,89.764,0.007432037,0.001241048,0.003789953,-0.274023337,5.2324e-05,8.826,0
US.GLD260311P520000,GLD 260311 520.00P,47.482,0.0,0.0,0.0,47.482,0,0.0,True,PUT,2026-03-11,520.0,100.0,0,0.0,0.0,0.0,0.0,0.0,0.0,1.117,0
US.GLD260311C525000,GLD 260311 525.00C,0.04,0.73,0.73,0.04,0.0535,20,455.0,True,CALL,2026-03-11,525.0,100.0,198,95.437,0.005410415,0.000881324,0.002861686,-0.216777437,3.8078e-05,9.873,0
US.GLD260311P525000,GLD 260311 525.00P,52.4755,52.4755,0.0,0.0,52.4755,0,0.0,True,PUT,2026-03-11,525.0,100.0,0,0.0,0.0,0.0,0.0,0.0,0.0,1.116,0
US.GLD260311C530000,GLD 260311 530.00C,0.02,0.27,0.27,0.01,0.0407,70,219.0,True,CALL,2026-03-11,530.0,100.0,126,103.86,0.005012099,0.000756579,0.00267333,-0.219564859,3.5242e-05,10.915,0
US.GLD260311P530000,GLD 260311 530.00P,57.4711,0.0,0.0,0.0,57.4711,0,0.0,True,PUT,2026-03-11,530.0,100.0,0,0.0,0.0,0.0,0.0,0.0,0.0,1.115,0
US.GLD260311C535000,GLD 260311 535.00C,0.01,0.04,0.06,0.01,0.0279,87,181.0,True,CALL,2026-03-11,535.0,100.0,100,100.696,0.001873917,0.000321816,0.001102899,-0.083945129,1.3194e-05,11.959,0
US.GLD260311P535000,GLD 260311 535.00P,62.47,0.0,0.0,0.0,62.47,0,0.0,True,PUT,2026-03-11,535.0,100.0,0,0.0,0.0,0.0,0.0,0.0,0.0,1.115,0
US.GLD260311C540000,GLD 260311 540.00C,0.03,0.03,0.03,0.03,0.0152,4,12.0,True,CALL,2026-03-11,540.0,100.0,65,120.258,0.004389708,0.000580525,0.002374945,-0.224392598,3.081e-05,13.01,0
US.GLD260311P540000,GLD 260311 540.00P,67.47,0.0,0.0,0.0,67.47,0,0.0,True,PUT,2026-03-11,540.0,100.0,0,0.0,0.0,0.0,0.0,0.0,0.0,1.115,0
US.GLD260311C545000,GLD 260311 545.00C,0.01,0.01,0.01,0.01,0.0077,4,4.0,True,CALL,2026-03-11,545.0,100.0,68,115.47,0.001652813,0.000250345,0.000983697,-0.085336795,1.162e-05,14.052,0
US.GLD260311P545000,GLD 260311 545.00P,72.47,0.0,0.0,0.0,72.47,0,0.0,True,PUT,2026-03-11,545.0,100.0,0,0.0,0.0,0.0,0.0,0.0,0.0,1.115,0
US.GLD260311C550000,GLD 260311 550.00C,0.02,0.01,0.02,0.01,0.0038,3,5.0,True,CALL,2026-03-11,550.0,100.0,241,130.739,0.002802469,0.000356876,0.001587305,-0.159678366,1.9657e-05,15.1,0
US.GLD260311P550000,GLD 260311 550.00P,77.47,0.0,0.0,0.0,77.47,0,0.0,True,PUT,2026-03-11,550.0,100.0,0,0.0,0.0,0.0,0.0,0.0,0.0,1.115,0
US.GLD260311C555000,GLD 260311 555.00C,0.02,0.03,0.03,0.02,0.0018,3,8.0,True,CALL,2026-03-11,555.0,100.0,47,138.237,0.002663845,0.000322412,0.001516215,-0.160868478,1.867e-05,16.146,0
US.GLD260311P555000,GLD 260311 555.00P,82.47,0.0,0.0,0.0,82.47,0,0.0,True,PUT,2026-03-11,555.0,100.0,0,0.0,0.0,0.0,0.0,0.0,0.0,1.115,0
US.GLD260311C560000,GLD 260311 560.00C,0.03,0.03,0.03,0.03,0.0008,8,24.0,True,CALL,2026-03-11,560.0,100.0,47,151.5,0.003561977,0.000382162,0.001969431,-0.231996586,2.4916e-05,17.195,0
US.GLD260311P560000,GLD 260311 560.00P,87.47,0.0,0.0,0.0,87.47,0,0.0,True,PUT,2026-03-11,560.0,100.0,0,0.0,0.0,0.0,0.0,0.0,0.0,1.115,0
US.GLD260311C565000,GLD 260311 565.00C,0.03,0.04,0.04,0.03,0.0004,2,7.0,True,CALL,2026-03-11,565.0,100.0,55,159.024,0.003409158,0.000350018,0.001893344,-0.233594223,2.3828e-05,18.241,0
US.GLD260311P565000,GLD 260311 565.00P,92.47,0.0,0.0,0.0,92.47,0,0.0,True,PUT,2026-03-11,565.0,100.0,0,0.0,0.0,0.0,0.0,0.0,0.0,1.115,0
US.GLD260311C570000,GLD 260311 570.00C,0.03,0.03,0.03,0.03,0.0002,1,3.0,True,CALL,2026-03-11,570.0,100.0,152,166.445,0.003271391,0.00032224,0.001824395,-0.235098516,2.2847e-05,19.288,0
US.GLD260311P570000,GLD 260311 570.00P,97.47,0.0,0.0,0.0,97.47,0,0.0,True,PUT,2026-03-11,570.0,100.0,0,0.0,0.0,0.0,0.0,0.0,0.0,1.115,0
US.GLD260311C575000,GLD 260311 575.00C,0.04,0.04,0.04,0.04,0.0001,3,12.0,True,CALL,2026-03-11,575.0,100.0,23,178.848,0.003994659,0.00035877,0.00218247,-0.304882899,2.7848e-05,20.336,0
US.GLD260311P575000,GLD 260311 575.00P,102.47,0.0,0.0,0.0,102.47,0,0.0,True,PUT,2026-03-11,575.0,100.0,0,0.0,0.0,0.0,0.0,0.0,0.0,1.115,0
US.GLD260311C580000,GLD 260311 580.00C,0.01,0.14,0.14,0.01,0.0001,6,19.0,True,CALL,2026-03-11,580.0,100.0,194,163.964,0.001198441,0.000131454,0.000733273,-0.088898061,8.384e-06,21.376,0
US.GLD260311P580000,GLD 260311 580.00P,107.47,0.0,0.0,0.0,107.47,0,0.0,True,PUT,2026-03-11,580.0,100.0,0,0.0,0.0,0.0,0.0,0.0,0.0,1.115,0
US.GLD260311C585000,GLD 260311 585.00C,0.0001,0.0001,0.0,0.0,0.0001,0,0.0,True,CALL,2026-03-11,585.0,100.0,27,126.959,1.9574e-05,3.622e-06,1.5679e-05,-0.001223652,1.37e-07,22.42,0
US.GLD260311P585000,GLD 260311 585.00P,112.47,0.0,0.0,0.0,112.47,0,0.0,True,PUT,2026-03-11,585.0,100.0,0,0.0,0.0,0.0,0.0,0.0,0.0,1.115,0
US.GLD260311C590000,GLD 260311 590.00C,0.0001,0.0001,0.0,0.0,0.0001,0,0.0,True,CALL,2026-03-11,590.0,100.0,9,131.986,1.8868e-05,3.365e-06,1.5139e-05,-0.001226321,1.32e-07,23.467,0
US.GLD260311P590000,GLD 260311 590.00P,117.47,0.0,0.0,0.0,117.47,0,0.0,True,PUT,2026-03-11,590.0,100.0,0,0.0,0.0,0.0,0.0,0.0,0.0,1.115,0
US.GLD260311C595000,GLD 260311 595.00C,0.0001,0.0,0.0,0.0,0.0001,0,0.0,True,CALL,2026-03-11,595.0,100.0,0,136.959,1.8219e-05,3.137e-06,1.4643e-05,-0.001228871,1.28e-07,24.513,0
US.GLD260311P595000,GLD 260311 595.00P,122.47,0.0,0.0,0.0,122.47,0,0.0,True,PUT,2026-03-11,595.0,100.0,0,0.0,0.0,0.0,0.0,0.0,0.0,1.115,0
US.GLD260311C600000,GLD 260311 600.00C,0.0001,0.0,0.0,0.0,0.0001,0,0.0,True,CALL,2026-03-11,600.0,100.0,0,141.88,1.7621e-05,2.933e-06,1.4184e-05,-0.001231306,1.23e-07,25.559,0
US.GLD260311P600000,GLD 260311 600.00P,127.47,0.0,0.0,0.0,127.47,0,0.0,True,PUT,2026-03-11,600.0,100.0,0,0.0,0.0,0.0,0.0,0.0,0.0,1.115,0
US.GLD260311C605000,GLD 260311 605.00C,0.0001,0.0,0.0,0.0,0.0001,0,0.0,True,CALL,2026-03-11,605.0,100.0,0,146.751,1.7068e-05,2.751e-06,1.3759e-05,-0.001233626,1.2e-07,26.606,0
US.GLD260311P605000,GLD 260311 605.00P,132.47,0.0,0.0,0.0,132.47,0,0.0,True,PUT,2026-03-11,605.0,100.0,0,0.0,0.0,0.0,0.0,0.0,0.0,1.115,0
US.GLD260311C610000,GLD 260311 610.00C,0.0001,0.0,0.0,0.0,0.0001,0,0.0,True,CALL,2026-03-11,610.0,100.0,0,151.572,1.6555e-05,2.588e-06,1.3364e-05,-0.001235857,1.16e-07,27.652,0
US.GLD260311P610000,GLD 260311 610.00P,137.47,0.0,0.0,0.0,137.47,0,0.0,True,PUT,2026-03-11,610.0,100.0,0,0.0,0.0,0.0,0.0,0.0,0.0,1.115,0
US.GLD260311C615000,GLD 260311 615.00C,0.0001,0.0,0.0,0.0,0.0001,0,0.0,True,CALL,2026-03-11,615.0,100.0,0,156.344,1.6077e-05,2.44e-06,1.2997e-05,-0.001237995,1.12e-07,28.698,0
US.GLD260311P615000,GLD 260311 615.00P,142.47,0.0,0.0,0.0,142.47,0,0.0,True,PUT,2026-03-11,615.0,100.0,0,0.0,0.0,0.0,0.0,0.0,0.0,1.115,0
US.GLD260313C260000,GLD 260313 260.00C,217.47,217.47,217.47,217.47,212.7434,1,21747.0,True,CALL,2026-03-13,260.0,100.0,1,265.194,0.99786976,6.349e-05,0.002677217,-0.092575007,0.018042752,-0.081,2
US.GLD260313P260000,GLD 260313 260.00P,0.0001,0.0001,0.0,0.0,0.0001,0,0.0,True,PUT,2026-03-13,260.0,100.0,1009,170.026,-6.673e-06,4.46e-07,1.2167e-05,-9.9589e-05,9.39e-07,45.59,2
US.GLD260313C265000,GLD 260313 265.00C,207.7455,207.7455,0.0,0.0,207.7455,0,0.0,True,CALL,2026-03-13,265.0,100.0,3,265.184,0.997216619,8.0872e-05,0.003409954,-0.115029291,0.018367787,-1.07,2
US.GLD260313P265000,GLD 260313 265.00P,0.0001,0.0001,0.0,0.0,0.0001,0,0.0,True,PUT,2026-03-13,265.0,100.0,5,164.87,-6.876e-06,4.74e-07,1.2521e-05,-9.958e-05,9.56e-07,44.544,2
US.GLD260313C270000,GLD 260313 270.00C,202.7475,0.0,0.0,0.0,202.7475,0,0.0,True,CALL,2026-03-13,270.0,100.0,0,257.021,0.997165079,8.4833e-05,0.003466883,-0.114318495,0.018714592,-1.069,2
US.GLD260313P270000,GLD 260313 270.00P,0.0001,0.0,0.0,0.0,0.0001,0,0.0,True,PUT,2026-03-13,270.0,100.0,0,159.808,-7.088e-06,5.03e-07,1.2889e-05,-9.9572e-05,9.74e-07,43.498,2
US.GLD260313C275000,GLD 260313 275.00C,205.83,205.8,205.83,205.8,197.7495,2,41163.0,True,CALL,2026-03-13,275.0,100.0,2,249.008,0.997112104,8.9038e-05,0.003525271,-0.113606845,0.019061349,0.621,2
US.GLD260313P275000,GLD 260313 275.00P,0.0001,0.0001,0.0,0.0,0.0001,0,0.0,True,PUT,2026-03-13,275.0,100.0,72,154.836,-7.309e-06,5.34e-07,1.3273e-05,-9.9563e-05,9.92e-07,42.451,2
US.GLD260313C280000,GLD 260313 280.00C,200.86,200.9,200.9,200.86,192.7516,2,40176.0,True,CALL,2026-03-13,280.0,100.0,0,241.14,0.997057562,9.3507e-05,0.003585254,-0.112894792,0.019408054,0.627,2
US.GLD260313P280000,GLD 260313 280.00P,0.01,0.01,0.01,0.01,0.0001,1,1.0,True,PUT,2026-03-13,280.0,100.0,74,198.094,-0.000462138,2.0911e-05,0.00065901,-0.009823241,-1.076e-05,41.407,2
US.GLD260313C285000,GLD 260313 285.00C,187.7536,0.0,0.0,0.0,187.7536,0,0.0,True,CALL,2026-03-13,285.0,100.0,0,233.412,0.997001339,9.8265e-05,0.00364695,-0.112181807,0.019754703,-1.068,2
US.GLD260313P285000,GLD 260313 285.00P,0.0001,0.0001,0.0,0.0,0.0001,0,0.0,True,PUT,2026-03-13,285.0,100.0,68,145.149,-7.781e-06,6.05e-07,1.4093e-05,-9.9545e-05,1.031e-06,40.359,2
US.GLD260313C290000,GLD 260313 290.00C,182.7556,182.7556,0.0,0.0,182.7556,0,0.0,True,CALL,2026-03-13,290.0,100.0,1,225.819,0.996943276,0.000103339,0.003710521,-0.111468414,0.020101291,-1.068,2
US.GLD260313P290000,GLD 260313 290.00P,0.0001,0.0001,0.0,0.0,0.0001,0,0.0,True,PUT,2026-03-13,290.0,100.0,24,140.428,-8.034e-06,6.45e-07,1.4531e-05,-9.9535e-05,1.051e-06,39.312,2
US.GLD260313C295000,GLD 260313 295.00C,177.7577,177.7577,0.0,0.0,177.7577,0,0.0,True,CALL,2026-03-13,295.0,100.0,0,218.356,0.996883235,0.000108759,0.003776108,-0.110754018,0.020447813,-1.067,2
US.GLD260313P295000,GLD 260313 295.00P,0.0001,0.0001,0.0,0.0,0.0001,0,0.0,True,PUT,2026-03-13,295.0,100.0,855,135.783,-8.299e-06,6.88e-07,1.4989e-05,-9.9525e-05,1.073e-06,38.266,2
US.GLD260313C300000,GLD 260313 300.00C,172.7597,0.0,0.0,0.0,172.7597,0,0.0,True,CALL,2026-03-13,300.0,100.0,0,211.017,0.99682103,0.000114561,0.0038439,-0.110038984,0.020794263,-1.067,2
US.GLD260313P300000,GLD 260313 300.00P,0.01,0.01,0.01,0.01,0.0001,3,3.0,True,PUT,2026-03-13,300.0,100.0,398,173.884,-0.000524623,2.679e-05,0.000741175,-0.009813308,-1.2363e-05,37.222,2
US.GLD260313C305000,GLD 260313 305.00C,167.7618,167.7618,0.0,0.0,167.7618,0,0.0,True,CALL,2026-03-13,305.0,100.0,3,203.799,0.996756474,0.000120786,0.003914088,-0.109323177,0.021140635,-1.067,2
US.GLD260313P305000,GLD 260313 305.00P,0.0001,0.0001,0.0,0.0,0.0001,0,0.0,True,PUT,2026-03-13,305.0,100.0,95,126.716,-8.871e-06,7.85e-07,1.5977e-05,-9.9503e-05,1.118e-06,36.173,2
US.GLD260313C310000,GLD 260313 310.00C,162.7638,0.0,0.0,0.0,162.7638,0,0.0,True,CALL,2026-03-13,310.0,100.0,0,196.698,0.996689354,0.000127471,0.003986885,-0.108606521,0.021486921,-1.066,2
US.GLD260313P310000,GLD 260313 310.00P,0.0001,0.0001,0.0,0.0,0.0001,0,0.0,True,PUT,2026-03-13,310.0,100.0,282,122.288,-9.18e-06,8.4e-07,1.6509e-05,-9.9492e-05,1.142e-06,35.127,2
US.GLD260313C315000,GLD 260313 315.00C,157.7659,157.7659,0.0,0.0,157.7659,0,0.0,True,CALL,2026-03-13,315.0,100.0,11,182.704,0.997493981,0.000106764,0.003101788,-0.084813042,0.021863971,-1.066,2
US.GLD260313P315000,GLD 260313 315.00P,0.0001,0.0001,0.0,0.0,0.0001,0,0.0,True,PUT,2026-03-13,315.0,100.0,60,117.927,-9.507e-06,9.01e-07,1.707e-05,-9.9479e-05,1.167e-06,34.081,2
US.GLD260313C320000,GLD 260313 320.00C,152.7679,152.7679,0.0,0.0,152.7679,0,0.0,True,CALL,2026-03-13,320.0,100.0,5,192.871,0.994897429,0.000191451,0.005871328,-0.152411922,0.022120824,-1.065,2
US.GLD260313P320000,GLD 260313 320.00P,0.0001,0.0001,0.0,0.0,0.0001,0,0.0,True,PUT,2026-03-13,320.0,100.0,772,113.63,-9.851e-06,9.67e-07,1.7663e-05,-9.9465e-05,1.194e-06,33.034,2
US.GLD260313C325000,GLD 260313 325.00C,147.7701,147.7701,0.0,0.0,147.7701,0,0.0,True,CALL,2026-03-13,325.0,100.0,1,176.052,0.996470081,0.000150867,0.004223483,-0.106451214,0.022525184,-1.065,2
US.GLD260313P325000,GLD 260313 325.00P,0.0002,0.0002,0.0,0.0,0.0002,0,0.0,True,PUT,2026-03-13,325.0,100.0,102,113.364,-1.9348e-05,1.846e-06,3.354e-05,-0.000199026,1.26e-06,31.988,2
US.GLD260313C330000,GLD 260313 330.00C,142.7723,0.0,0.0,0.0,142.7723,0,0.0,True,CALL,2026-03-13,330.0,100.0,0,174.606,0.995477868,0.000189893,0.005272195,-0.128444346,0.022838931,-1.064,2
US.GLD260313P330000,GLD 260313 330.00P,0.01,0.02,0.02,0.01,0.0004,12,22.0,True,PUT,2026-03-13,330.0,100.0,173,140.232,-0.000645787,4.0251e-05,0.000898235,-0.009794606,-1.5476e-05,30.944,2
US.GLD260313C335000,GLD 260313 335.00C,137.7748,0.0,0.0,0.0,137.7748,0,0.0,True,CALL,2026-03-13,335.0,100.0,0,162.801,0.996305888,0.000169943,0.004399476,-0.105008863,0.023216759,-1.064,2
US.GLD260313P335000,GLD 260313 335.00P,0.0008,0.0008,0.0,0.0,0.0008,0,0.0,True,PUT,2026-03-13,335.0,100.0,180,113.32,-7.3125e-05,6.514e-06,0.000117816,-0.000794852,5.72e-07,29.895,2
US.GLD260313C340000,GLD 260313 340.00C,132.7776,132.7776,0.0,0.0,132.7776,0,0.0,True,CALL,2026-03-13,340.0,100.0,16,169.104,0.993416083,0.000273773,0.007361345,-0.171464982,0.023463851,-1.063,2
US.GLD260313P340000,GLD 260313 340.00P,0.01,0.01,0.01,0.01,0.0016,20,20.0,True,PUT,2026-03-13,340.0,100.0,168,129.624,-0.00069648,4.6688e-05,0.000963167,-0.009786939,-1.678e-05,28.851,2
US.GLD260313C345000,GLD 260313 345.00C,127.7811,0.0,0.0,0.0,127.7811,0,0.0,True,CALL,2026-03-13,345.0,100.0,0,143.64,0.99722985,0.000148664,0.003395973,-0.080565916,0.023946302,-1.062,2
US.GLD260313P345000,GLD 260313 345.00P,0.003,0.003,0.0,0.0,0.003,0,0.0,True,PUT,2026-03-13,345.0,100.0,8,113.707,-0.000255103,2.0959e-05,0.00037971,-0.002964325,-3.791e-06,27.803,2
US.GLD260313C350000,GLD 260313 350.00C,122.7856,122.7856,0.0,0.0,122.7856,0,0.0,True,CALL,2026-03-13,350.0,100.0,4,137.461,0.99717871,0.000157932,0.003452564,-0.079857007,0.02429312,-1.062,2
US.GLD260313P350000,GLD 260313 350.00P,0.01,0.01,0.06,0.01,0.0055,95,156.0,True,PUT,2026-03-13,350.0,100.0,127,126.506,-0.001359504,8.8409e-05,0.00177951,-0.019370931,-3.7071e-05,26.758,2
US.GLD260313C355000,GLD 260313 355.00C,117.7919,0.0,0.0,0.0,117.7919,0,0.0,True,CALL,2026-03-13,355.0,100.0,0,142.055,0.994804122,0.000264165,0.005967271,-0.124699741,0.024559106,-1.06,2
US.GLD260313P355000,GLD 260313 355.00P,0.0098,0.0098,0.0,0.0,0.0098,0,0.0,True,PUT,2026-03-13,355.0,100.0,94,114.023,-0.000772754,5.8408e-05,0.001060135,-0.009580511,-1.8683e-05,25.712,2
US.GLD260313C360000,GLD 260313 360.00C,112.8008,112.8008,0.0,0.0,112.8008,0,0.0,True,CALL,2026-03-13,360.0,100.0,12,139.547,0.993548159,0.000325867,0.007230953,-0.146184955,0.024864073,-1.058,2
US.GLD260313P360000,GLD 260313 360.00P,0.0167,0.0167,0.0,0.0,0.0167,0,0.0,True,PUT,2026-03-13,360.0,100.0,207,114.04,-0.001269393,9.211e-05,0.001671606,-0.016199853,-3.3833e-05,24.667,2
US.GLD260313C365000,GLD 260313 365.00C,107.8098,107.8098,0.0,0.0,107.8098,0,0.0,True,CALL,2026-03-13,365.0,100.0,0,110.297,0.99850295,0.000110755,0.001943471,-0.054293478,0.025384509,-1.057,2
US.GLD260313P365000,GLD 260313 365.00P,0.02,0.01,0.04,0.01,0.0237,30,65.0,True,PUT,2026-03-13,365.0,100.0,197,114.918,-0.002168018,0.000148842,0.002721287,-0.028769175,-6.2058e-05,23.621,2
US.GLD260313C370000,GLD 260313 370.00C,102.8188,102.8188,0.0,0.0,102.8188,0,0.0,True,CALL,2026-03-13,370.0,100.0,8,0.0,0.0,0.0,0.0,0.0,0.0,-1.055,2
US.GLD260313P370000,GLD 260313 370.00P,0.0307,0.0307,0.0,0.0,0.0307,0,0.0,True,PUT,2026-03-13,370.0,100.0,114,109.826,-0.002311756,0.000165071,0.002884339,-0.029396688,-6.6345e-05,22.577,2
US.GLD260313C375000,GLD 260313 375.00C,97.8279,97.8279,0.0,0.0,97.8279,0,0.0,True,CALL,2026-03-13,375.0,100.0,9,0.0,0.0,0.0,0.0,0.0,0.0,-1.053,2
US.GLD260313P375000,GLD 260313 375.00P,0.12,0.12,0.12,0.08,0.0377,3,32.0,True,PUT,2026-03-13,375.0,100.0,454,121.306,-0.007327931,0.00041945,0.0080917,-0.109936833,-0.000230306,21.55,2
US.GLD260313C380000,GLD 260313 380.00C,101.07,101.07,101.07,101.07,92.8369,1,10107.0,True,CALL,2026-03-13,380.0,100.0,24,117.678,0.991301622,0.000502765,0.009408064,-0.164683195,0.026181626,0.671,2
US.GLD260313P380000,GLD 260313 380.00P,0.08,0.09,0.09,0.08,0.0447,2,17.0,True,PUT,2026-03-13,380.0,100.0,292,110.705,-0.005835794,0.000375784,0.006616484,-0.078795978,-0.000180149,20.495,2
US.GLD260313C385000,GLD 260313 385.00C,87.846,87.846,0.0,0.0,87.846,0,0.0,True,CALL,2026-03-13,385.0,100.0,14,105.635,0.993621926,0.000426123,0.007158611,-0.120070951,0.026610875,-1.049,2
US.GLD260313P385000,GLD 260313 385.00P,0.07,0.05,0.12,0.03,0.0517,9,54.0,True,PUT,2026-03-13,385.0,100.0,181,97.856,-0.003663793,0.000280599,0.004368376,-0.04251761,-0.000108622,19.447,2
US.GLD260313C390000,GLD 260313 390.00C,82.8551,82.8551,0.0,0.0,82.8551,0,0.0,True,CALL,2026-03-13,390.0,100.0,39,90.938,0.996633756,0.000279878,0.004048959,-0.074168243,0.027063145,-1.047,2
US.GLD260313P390000,GLD 260313 390.00P,0.08,0.08,0.1,0.07,0.0588,273,2434.0,True,PUT,2026-03-13,390.0,100.0,8962,97.16,-0.005524112,0.000407796,0.006302386,-0.065093948,-0.000168496,18.402,2
US.GLD260313C395000,GLD 260313 395.00C,77.8642,77.8642,0.0,0.0,77.8642,0,0.0,True,CALL,2026-03-13,395.0,100.0,2,0.0,0.0,0.0,0.0,0.0,0.0,-1.045,2
US.GLD260313P395000,GLD 260313 395.00P,0.12,0.12,0.12,0.12,0.0659,5,60.0,True,PUT,2026-03-13,395.0,100.0,623,92.409,-0.006163582,0.000472519,0.006945582,-0.069413446,-0.000188615,17.364,2
US.GLD260313C400000,GLD 260313 400.00C,78.64,78.62,78.64,77.34,72.8754,12,94218.0,True,CALL,2026-03-13,400.0,100.0,15,101.056,0.984080134,0.000989099,0.015893479,-0.244149063,0.027328335,0.163,2
US.GLD260313P400000,GLD 260313 400.00P,0.1,0.05,0.11,0.04,0.075,40,306.0,True,PUT,2026-03-13,400.0,100.0,628,85.486,-0.005817354,0.000485254,0.006599108,-0.060338402,-0.000176489,16.314,2
US.GLD260313C405000,GLD 260313 405.00C,67.8874,67.8874,0.0,0.0,67.8874,0,0.0,True,CALL,2026-03-13,405.0,100.0,11,79.282,0.994257044,0.000517358,0.006524844,-0.094687389,0.028027843,-1.04,2
US.GLD260313P405000,GLD 260313 405.00P,0.1,0.09,0.14,0.09,0.085,23,251.0,True,PUT,2026-03-13,405.0,100.0,350,82.724,-0.007652635,0.000638993,0.008408323,-0.077860739,-0.000235379,15.268,2
US.GLD260313C410000,GLD 260313 410.00C,70.72,70.75,70.75,70.72,62.9002,3,21219.0,True,CALL,2026-03-13,410.0,100.0,51,92.572,0.978112261,0.001415778,0.020839024,-0.300533427,0.027821478,0.598,2
US.GLD260313P410000,GLD 260313 410.00P,0.11,0.3,0.45,0.02,0.0958,328,2762.0,True,PUT,2026-03-13,410.0,100.0,1051,76.673,-0.007770486,0.000698748,0.008522656,-0.073244194,-0.00023809,14.223,2
US.GLD260313C415000,GLD 260313 415.00C,57.9222,57.9222,0.0,0.0,57.9222,0,0.0,True,CALL,2026-03-13,415.0,100.0,62,82.508,0.981112779,0.001401859,0.018391773,-0.239616206,0.028275114,-1.033,2
US.GLD260313P415000,GLD 260313 415.00P,0.12,0.39,0.39,0.07,0.1158,76,1135.0,True,PUT,2026-03-13,415.0,100.0,843,75.5,-0.011790968,0.001021711,0.012268847,-0.111568782,-0.000368255,13.179,2
US.GLD260313C420000,GLD 260313 420.00C,52.9444,52.9444,0.0,0.0,52.9444,0,0.0,True,CALL,2026-03-13,420.0,100.0,90,76.393,0.97984206,0.001600171,0.019437671,-0.237906639,0.028581332,-1.028,2
US.GLD260313P420000,GLD 260313 420.00P,0.17,0.14,0.2,0.08,0.1361,43,536.0,True,PUT,2026-03-13,420.0,100.0,1131,69.857,-0.012659771,0.001174406,0.013048768,-0.11104717,-0.000394915,12.143,2
US.GLD260313C425000,GLD 260313 425.00C,55.8,55.08,55.8,55.08,47.967,2,11088.0,True,CALL,2026-03-13,425.0,100.0,53,64.549,0.985966174,0.001389426,0.014263815,-0.155596383,0.029140695,0.615,2
US.GLD260313P425000,GLD 260313 425.00P,0.2,0.1,0.2,0.08,0.1566,140,1824.0,True,PUT,2026-03-13,425.0,100.0,894,66.544,-0.016503227,0.001548976,0.016392865,-0.139231147,-0.000518837,11.103,2
US.GLD260313C430000,GLD 260313 430.00C,50.96,48.45,51.15,48.13,43.0218,22,108665.0,True,CALL,2026-03-13,430.0,100.0,91,0.0,0.0,0.0,0.0,0.0,0.0,0.648,2
US.GLD260313P430000,GLD 260313 430.00P,0.22,0.35,0.35,0.07,0.2095,330,5429.0,True,PUT,2026-03-13,430.0,100.0,3256,61.87,-0.019576476,0.001927127,0.018961784,-0.154289739,-0.000616924,10.061,2
US.GLD260313C431000,GLD 260313 431.00C,49.0,50.24,50.24,49.0,42.0385,5,24979.0,True,CALL,2026-03-13,431.0,100.0,4,57.696,0.984618599,0.001682039,0.015435035,-0.154099618,0.029514059,0.447,2
US.GLD260313P431000,GLD 260313 431.00P,0.22,0.24,0.24,0.13,0.2259,15,245.0,True,PUT,2026-03-13,431.0,100.0,124,61.948,-0.021944372,0.002120133,0.020885904,-0.173744694,-0.000694151,9.852,2
US.GLD260313C432000,GLD 260313 432.00C,41.0553,0.0,0.0,0.0,41.0553,0,0.0,True,CALL,2026-03-13,432.0,100.0,0,0.0,0.0,0.0,0.0,0.0,0.0,-1.005,2
US.GLD260313P432000,GLD 260313 432.00P,0.23,0.16,0.23,0.14,0.2423,6,107.0,True,PUT,2026-03-13,432.0,100.0,307,59.786,-0.020688168,0.002089944,0.019870954,-0.157753168,-0.000652087,9.645,2
US.GLD260313C433000,GLD 260313 433.00C,40.0722,40.0722,0.0,0.0,40.0722,0,0.0,True,CALL,2026-03-13,433.0,100.0,1,0.0,0.0,0.0,0.0,0.0,0.0,-1.001,2
US.GLD260313P433000,GLD 260313 433.00P,0.24,0.16,0.24,0.13,0.2588,14,248.0,True,PUT,2026-03-13,433.0,100.0,102,61.121,-0.025529067,0.002440392,0.02371868,-0.200131716,-0.000810724,9.437,2
US.GLD260313C434000,GLD 260313 434.00C,47.19,47.14,47.19,47.14,39.089,2,9433.0,True,CALL,2026-03-13,434.0,100.0,0,64.852,0.964014671,0.003056939,0.031520222,-0.343335025,0.02901984,0.696,2
US.GLD260313P434000,GLD 260313 434.00P,0.25,0.21,0.25,0.17,0.2752,4,82.0,True,PUT,2026-03-13,434.0,100.0,144,58.155,-0.022726138,0.00232608,0.021511978,-0.168944431,-0.000717553,9.23,2
US.GLD260313C435000,GLD 260313 435.00C,42.15,46.29,46.29,42.15,38.1059,16,69985.0,True,CALL,2026-03-13,435.0,100.0,89,0.0,0.0,0.0,0.0,0.0,0.0,-0.148,2
US.GLD260313P435000,GLD 260313 435.00P,0.23,0.4,0.4,0.05,0.2917,451,7671.0,True,PUT,2026-03-13,435.0,100.0,1394,61.343,-0.031859796,0.002923604,0.028516106,-0.251614986,-0.001018022,9.017,2
US.GLD260313C436000,GLD 260313 436.00C,37.1228,37.1228,0.0,0.0,37.1228,0,0.0,True,CALL,2026-03-13,436.0,100.0,2,57.954,0.972083079,0.002773498,0.025558117,-0.250299086,0.029436559,-0.991,2
US.GLD260313P436000,GLD 260313 436.00P,0.27,0.19,0.27,0.19,0.3083,3,65.0,True,PUT,2026-03-13,436.0,100.0,68,59.565,-0.031316084,0.00296832,0.02811349,-0.240017467,-0.000998918,8.816,2
US.GLD260313C437000,GLD 260313 437.00C,36.1398,36.1398,0.0,0.0,36.1398,0,0.0,True,CALL,2026-03-13,437.0,100.0,4,73.686,0.930369747,0.004551249,0.053316447,-0.698221225,0.028070576,-0.987,2
US.GLD260313P437000,GLD 260313 437.00P,0.28,0.2,0.28,0.2,0.3249,2,48.0,True,PUT,2026-03-13,437.0,100.0,177,59.175,-0.033822119,0.00318378,0.029955927,-0.257720769,-0.00108065,8.609,2
US.GLD260313C438000,GLD 260313 438.00C,42.75,40.8,42.75,40.8,35.1703,5,21180.0,True,CALL,2026-03-13,438.0,100.0,14,0.0,0.0,0.0,0.0,0.0,0.0,0.604,2
US.GLD260313P438000,GLD 260313 438.00P,0.29,0.15,0.29,0.14,0.355,480,7092.0,True,PUT,2026-03-13,438.0,100.0,955,58.08,-0.034856534,0.003325136,0.030706599,-0.260692895,-0.001113628,8.402,2
US.GLD260313C439000,GLD 260313 439.00C,34.2025,34.2025,0.0,0.0,34.2025,0,0.0,True,CALL,2026-03-13,439.0,100.0,11,60.483,0.955308183,0.003908641,0.037585322,-0.391103881,0.029073294,-0.974,2
US.GLD260313P439000,GLD 260313 439.00P,0.31,0.35,0.37,0.19,0.3869,4,122.0,True,PUT,2026-03-13,439.0,100.0,220,54.413,-0.029875454,0.003125042,0.02703871,-0.208816255,-0.000948009,8.196,2
US.GLD260313C440000,GLD 260313 440.00C,40.35,40.0,40.5,40.0,33.2401,5,20095.0,True,CALL,2026-03-13,440.0,100.0,95,49.979,0.976784044,0.002755896,0.021903784,-0.191099111,0.029877098,0.521,2
US.GLD260313P440000,GLD 260313 440.00P,0.32,0.15,0.45,0.11,0.4241,1515,50776.0,True,PUT,2026-03-13,440.0,100.0,1018,53.549,-0.031343687,0.003304217,0.028134249,-0.215701565,-0.000995188,7.989,2
US.GLD260313C441000,GLD 260313 441.00C,32.2778,32.2778,0.0,0.0,32.2778,0,0.0,True,CALL,2026-03-13,441.0,100.0,23,58.46,0.951801197,0.004296673,0.039934476,-0.405650405,0.029094212,-0.959,2
US.GLD260313P441000,GLD 260313 441.00P,0.33,0.23,0.39,0.17,0.4615,149,5154.0,True,PUT,2026-03-13,441.0,100.0,274,52.833,-0.033286083,0.003519358,0.029564896,-0.226125723,-0.00105791,7.782,2
US.GLD260313C442000,GLD 260313 442.00C,38.88,38.88,38.88,38.88,31.3156,1,3888.0,True,CALL,2026-03-13,442.0,100.0,22,55.849,0.954437139,0.004299156,0.038173388,-0.370631047,0.029255151,0.631,2
US.GLD260313P442000,GLD 260313 442.00P,0.35,0.18,0.4,0.18,0.499,79,1502.0,True,PUT,2026-03-13,442.0,100.0,623,53.622,-0.039405842,0.003981425,0.033943787,-0.271982247,-0.001258387,7.577,2
US.GLD260313C443000,GLD 260313 443.00C,30.3743,30.3743,0.0,0.0,30.3743,0,0.0,True,CALL,2026-03-13,443.0,100.0,39,51.757,0.961405502,0.004055811,0.033375065,-0.300239331,0.029563803,-0.938,2
US.GLD260313P443000,GLD 260313 443.00P,0.37,0.28,0.37,0.18,0.5574,15,355.0,True,PUT,2026-03-13,443.0,100.0,337,53.736,-0.044227341,0.004362298,0.037268867,-0.305814904,-0.001416149,7.372,2
US.GLD260313C444000,GLD 260313 444.00C,29.4332,29.4332,0.0,0.0,29.4332,0,0.0,True,CALL,2026-03-13,444.0,100.0,5,0.0,0.0,0.0,0.0,0.0,0.0,-0.926,2
US.GLD260313P444000,GLD 260313 444.00P,0.39,0.3,0.39,0.22,0.616,13,321.0,True,PUT,2026-03-13,444.0,100.0,510,52.564,-0.045585873,0.004569593,0.038187363,-0.308183838,-0.001459274,7.167,2
US.GLD260313C445000,GLD 260313 445.00C,35.82,35.82,35.82,35.82,28.4922,1,3582.0,True,CALL,2026-03-13,445.0,100.0,74,0.0,0.0,0.0,0.0,0.0,0.0,0.619,2
US.GLD260313P445000,GLD 260313 445.00P,0.41,0.2,0.57,0.19,0.6747,426,14441.0,True,PUT,2026-03-13,445.0,100.0,3550,51.637,-0.047796734,0.004831777,0.039665817,-0.317219164,-0.001530466,6.962,2
US.GLD260313C446000,GLD 260313 446.00C,31.7,31.7,31.7,31.7,27.5522,1,3170.0,True,CALL,2026-03-13,446.0,100.0,44,58.659,0.923196235,0.006162591,0.057468248,-0.614822839,0.028466076,-0.033,2
US.GLD260313P446000,GLD 260313 446.00P,0.43,0.25,0.46,0.23,0.7344,71,2385.0,True,PUT,2026-03-13,446.0,100.0,172,50.442,-0.049291723,0.005069524,0.040654308,-0.319366654,-0.001577844,6.757,2
US.GLD260313C447000,GLD 260313 447.00C,26.6124,26.6124,0.0,0.0,26.6124,0,0.0,True,CALL,2026-03-13,447.0,100.0,51,34.602,0.989676051,0.001986189,0.010945267,-0.087777529,0.030802915,-0.888,2
US.GLD260313P447000,GLD 260313 447.00P,0.45,0.21,0.45,0.21,0.7943,96,2534.0,True,PUT,2026-03-13,447.0,100.0,308,49.12,-0.050450011,0.005303386,0.04141406,-0.318101764,-0.001613958,6.552,2
US.GLD260313C448000,GLD 260313 448.00C,25.6727,25.6727,0.0,0.0,25.6727,0,0.0,True,CALL,2026-03-13,448.0,100.0,25,37.033,0.981785572,0.00302826,0.017842586,-0.129012448,0.030606459,-0.876,2
US.GLD260313P448000,GLD 260313 448.00P,0.47,0.49,0.52,0.26,0.8544,127,4088.0,True,PUT,2026-03-13,448.0,100.0,315,48.491,-0.054133589,0.005681314,0.043796938,-0.336482849,-0.001733352,6.347,2
US.GLD260313C449000,GLD 260313 449.00C,31.01,31.01,31.01,31.01,24.7565,9,27909.0,True,CALL,2026-03-13,449.0,100.0,44,48.209,0.94061569,0.006147028,0.047111139,-0.409903888,0.029277736,0.449,2
US.GLD260313P449000,GLD 260313 449.00P,0.5,0.44,0.54,0.24,0.938,72,2513.0,True,PUT,2026-03-13,449.0,100.0,255,46.231,-0.052098347,0.005780672,0.042486104,-0.308820726,-0.001663732,6.144,2
US.GLD260313C450000,GLD 260313 450.00C,28.19,28.0,30.7,27.09,23.8404,39,115327.0,True,CALL,2026-03-13,450.0,100.0,170,37.143,0.973954136,0.004083992,0.024125471,-0.16741971,0.030481673,0.069,2
US.GLD260313P450000,GLD 260313 450.00P,0.53,0.39,0.71,0.21,1.0217,2887,124292.0,True,PUT,2026-03-13,450.0,100.0,12156,48.18,-0.066107182,0.006686969,0.05121521,-0.405842522,-0.002124022,5.941,2
US.GLD260313C451000,GLD 260313 451.00C,26.0,26.0,26.0,26.0,22.9245,1,2600.0,True,CALL,2026-03-13,451.0,100.0,78,50.049,0.918909818,0.00752611,0.059879288,-0.556173508,0.028677129,-0.179,2
US.GLD260313P451000,GLD 260313 451.00P,0.6,0.33,0.6,0.31,1.1056,50,1958.0,True,PUT,2026-03-13,451.0,100.0,553,44.88,-0.06009049,0.006664368,0.047546415,-0.344507557,-0.001922041,5.746,2
US.GLD260313C452000,GLD 260313 452.00C,28.93,27.27,28.93,27.27,22.0291,3,8347.0,True,CALL,2026-03-13,452.0,100.0,17,52.763,0.899341529,0.008381807,0.070303884,-0.704096349,0.028076237,0.642,2
US.GLD260313P452000,GLD 260313 452.00P,0.59,0.5,0.68,0.34,1.21,125,7353.0,True,PUT,2026-03-13,452.0,100.0,295,47.442,-0.078349823,0.007735871,0.058338921,-0.469792509,-0.002522869,5.535,2
US.GLD260313C453000,GLD 260313 453.00C,21.1343,21.1343,0.0,0.0,21.1343,0,0.0,True,CALL,2026-03-13,453.0,100.0,17,46.702,0.916446847,0.008249204,0.061242415,-0.535371595,0.028736287,-0.779,2
US.GLD260313P453000,GLD 260313 453.00P,0.66,0.39,0.71,0.36,1.315,30,1590.0,True,PUT,2026-03-13,453.0,100.0,1104,44.964,-0.075886783,0.007966349,0.056938982,-0.43177671,-0.002437278,5.34,2
US.GLD260313C454000,GLD 260313 454.00C,20.2494,20.2494,0.0,0.0,20.2494,0,0.0,True,CALL,2026-03-13,454.0,100.0,99,48.252,0.900378576,0.00909622,0.069772536,-0.641635663,0.028257138,-0.755,2
US.GLD260313P454000,GLD 260313 454.00P,0.73,0.52,0.76,0.37,1.43,77,3973.0,True,PUT,2026-03-13,454.0,100.0,614,43.533,-0.078015799,0.008403255,0.0581482,-0.428975188,-0.002503633,5.145,2
US.GLD260313C455000,GLD 260313 455.00C,23.52,26.7,26.8,23.52,19.3853,14,36491.0,True,CALL,2026-03-13,455.0,100.0,149,44.525,0.908033355,0.009294561,0.065785314,-0.55613812,0.028592125,0.138,2
US.GLD260313P455000,GLD 260313 455.00P,0.68,0.92,1.28,0.42,1.5658,1974,122022.0,True,PUT,2026-03-13,455.0,100.0,4894,43.875,-0.088876105,0.009196143,0.064133208,-0.488519403,-0.002858561,4.926,2
US.GLD260313C456000,GLD 260313 456.00C,18.5459,18.5459,0.0,0.0,18.5459,0,0.0,True,CALL,2026-03-13,456.0,100.0,74,46.516,0.888192499,0.010256957,0.075843785,-0.683422581,0.027983901,-0.693,2
US.GLD260313P456000,GLD 260313 456.00P,0.87,0.66,1.17,0.42,1.7264,65,4222.0,True,PUT,2026-03-13,456.0,100.0,441,43.873,-0.098905984,0.009951822,0.069400054,-0.539088406,-0.003185779,4.756,2
US.GLD260313C457000,GLD 260313 457.00C,17.7071,17.7071,0.0,0.0,17.7071,0,0.0,True,CALL,2026-03-13,457.0,100.0,23,45.257,0.883329923,0.01086693,0.078177723,-0.690080921,0.027889987,-0.659,2
US.GLD260313P457000,GLD 260313 457.00P,0.92,0.68,1.14,0.55,1.8875,39,2543.0,True,PUT,2026-03-13,457.0,100.0,1557,41.418,-0.097025946,0.010394515,0.068428943,-0.499770805,-0.003117612,4.557,2
US.GLD260313C458000,GLD 260313 458.00C,23.51,22.17,23.65,21.35,16.8834,9,20366.0,True,CALL,2026-03-13,458.0,100.0,58,44.586,0.875016717,0.011577808,0.082058208,-0.720303828,0.027677717,0.763,2
US.GLD260313P458000,GLD 260313 458.00P,0.97,0.79,1.26,0.57,2.0639,367,32762.0,True,PUT,2026-03-13,458.0,100.0,1856,42.943,-0.116463299,0.011438502,0.078073748,-0.61127346,-0.003755663,4.359,2
US.GLD260313C459000,GLD 260313 459.00C,22.55,20.7,22.82,20.4,16.0603,27,58865.0,True,CALL,2026-03-13,459.0,100.0,48,41.746,0.877722313,0.012177484,0.080808006,-0.664907574,0.02784446,0.772,2
US.GLD260313P459000,GLD 260313 459.00P,1.1,0.82,1.24,0.65,2.2408,402,38573.0,True,PUT,2026-03-13,459.0,100.0,1220,41.914,-0.123238407,0.012196203,0.081248454,-0.627019364,-0.003972923,4.176,2
US.GLD260313C460000,GLD 260313 460.00C,18.0,20.0,22.0,18.0,15.2594,252,529749.0,True,CALL,2026-03-13,460.0,100.0,776,45.987,0.84208231,0.013155558,0.09617277,-0.895546792,0.026691114,0.029,2
US.GLD260313P460000,GLD 260313 460.00P,1.14,0.87,1.74,0.68,2.44,827,80404.0,True,PUT,2026-03-13,460.0,100.0,1686,41.368,-0.133333059,0.013051775,0.085814062,-0.662668164,-0.004299614,3.976,2
US.GLD260313C461000,GLD 260313 461.00C,20.32,19.19,21.02,19.01,14.5092,22,44852.0,True,CALL,2026-03-13,461.0,100.0,312,40.797,0.855951784,0.013949126,0.090459494,-0.742932993,0.027245186,0.724,2
US.GLD260313P461000,GLD 260313 461.00P,1.3,1.02,1.54,0.78,2.69,192,16789.0,True,PUT,2026-03-13,461.0,100.0,1336,42.09,-0.151384153,0.01397914,0.09351573,-0.751152338,-0.004890417,3.8,2
US.GLD260313C462000,GLD 260313 462.00C,19.97,18.95,19.99,18.04,13.7645,48,92671.0,True,CALL,2026-03-13,462.0,100.0,572,42.225,0.832999995,0.014858887,0.099735215,-0.861955102,0.026529914,0.86,2
US.GLD260313P462000,GLD 260313 462.00P,1.4,1.06,1.5,0.85,2.9455,257,25029.0,True,PUT,2026-03-13,462.0,100.0,699,41.203,-0.161342485,0.014892279,0.097523229,-0.774960135,-0.005210392,3.611,2
US.GLD260313C463000,GLD 260313 463.00C,18.38,16.78,19.28,16.78,13.0316,73,131942.0,True,CALL,2026-03-13,463.0,100.0,452,41.421,0.821640073,0.01579628,0.104009407,-0.88973339,0.026214476,0.736,2
US.GLD260313P463000,GLD 260313 463.00P,1.56,1.04,1.7,0.93,3.2129,295,37265.0,True,PUT,2026-03-13,463.0,100.0,621,40.444,-0.172885148,0.015863117,0.101966795,-0.804358197,-0.005581739,3.436,2
US.GLD260313C464000,GLD 260313 464.00C,15.33,17.0,18.31,15.33,12.2993,60,103443.0,True,CALL,2026-03-13,464.0,100.0,111,41.227,0.805964976,0.016721206,0.109585834,-0.942884276,0.025750157,0.307,2
US.GLD260313P464000,GLD 260313 464.00P,1.8,1.36,2.3,1.05,3.4809,244,37207.0,True,PUT,2026-03-13,464.0,100.0,318,40.117,-0.187860725,0.016848456,0.107424505,-0.851850861,-0.006066141,3.277,2
US.GLD260313C465000,GLD 260313 465.00C,14.15,15.1,17.38,13.8,11.5931,157,257497.0,True,CALL,2026-03-13,465.0,100.0,613,40.898,0.790089856,0.017668097,0.114870106,-0.990072824,0.025279181,0.269,2
US.GLD260313P465000,GLD 260313 465.00P,1.8,1.75,2.94,1.14,3.775,581,92467.0,True,PUT,2026-03-13,465.0,100.0,1412,39.622,-0.20287766,0.017875692,0.112563873,-0.892140453,-0.006550034,3.067,2
US.GLD260313C466000,GLD 260313 466.00C,16.21,15.05,16.41,14.08,10.9197,25,39310.0,True,CALL,2026-03-13,466.0,100.0,674,39.817,0.777301151,0.018780193,0.118871977,-1.005372595,0.024916179,0.91,2
US.GLD260313P466000,GLD 260313 466.00P,2.06,1.7,2.44,1.36,4.1022,939,148557.0,True,PUT,2026-03-13,466.0,100.0,1000,39.098,-0.218796443,0.01893635,0.117664473,-0.930679268,-0.007061853,2.912,2
US.GLD260313C467000,GLD 260313 467.00C,13.02,14.06,15.7,12.35,10.2621,304,424300.0,True,CALL,2026-03-13,467.0,100.0,486,40.473,0.754225232,0.01951266,0.125546433,-1.090822256,0.024195032,0.452,2
US.GLD260313P467000,GLD 260313 467.00P,2.26,1.44,2.6,1.44,4.4451,701,124852.0,True,PUT,2026-03-13,467.0,100.0,828,38.622,-0.236091119,0.020009547,0.122818468,-0.970153146,-0.007617191,2.745,2
US.GLD260313C468000,GLD 260313 468.00C,14.72,12.95,14.72,12.29,9.6052,45,59672.0,True,CALL,2026-03-13,468.0,100.0,227,39.382,0.739212928,0.020688206,0.129523154,-1.103034436,0.023756263,1.017,2
US.GLD260313P468000,GLD 260313 468.00P,2.5,2.31,3.17,1.64,4.7888,175,36238.0,True,PUT,2026-03-13,468.0,100.0,314,38.141,-0.254495027,0.021097145,0.127878167,-1.007790025,-0.008206695,2.586,2
US.GLD260313C469000,GLD 260313 469.00C,11.05,12.6,13.82,11.05,8.9941,49,60589.0,True,CALL,2026-03-13,469.0,100.0,213,39.511,0.717096047,0.021473505,0.134881393,-1.161953855,0.023068785,0.458,2
US.GLD260313P469000,GLD 260313 469.00P,2.72,2.22,3.04,1.81,5.1784,144,37855.0,True,PUT,2026-03-13,469.0,100.0,140,38.172,-0.276620673,0.021991648,0.133405662,-1.063645728,-0.008918929,2.423,2
US.GLD260313C470000,GLD 260313 470.00C,10.7,11.87,13.25,10.2,8.4315,541,639890.0,True,CALL,2026-03-13,470.0,100.0,1983,38.573,0.698909004,0.022643035,0.138853802,-1.175545997,0.022520845,0.594,2
US.GLD260313P470000,GLD 260313 470.00P,2.99,2.52,4.0,1.97,5.6166,2114,600134.0,True,PUT,2026-03-13,470.0,100.0,3068,37.746,-0.297490328,0.023020149,0.138083506,-1.098064129,-0.009584324,2.27,2
US.GLD260313C471000,GLD 260313 471.00C,9.94,10.9,12.5,8.5,7.8696,405,455762.0,True,CALL,2026-03-13,471.0,100.0,2959,38.403,0.676215428,0.023468032,0.143281012,-1.21552738,0.021814169,0.644,2
US.GLD260313P471000,GLD 260313 471.00P,3.3,2.8,4.07,2.2,6.0556,709,225714.0,True,PUT,2026-03-13,471.0,100.0,292,37.428,-0.319946286,0.023969021,0.142557152,-1.13295328,-0.010299031,2.126,2
US.GLD260313C472000,GLD 260313 472.00C,9.45,11.15,11.55,8.9,7.338,66,67790.0,True,CALL,2026-03-13,472.0,100.0,403,38.079,0.653227468,0.024311867,0.147182699,-1.244987467,0.021097693,0.751,2
US.GLD260313P472000,GLD 260313 472.00P,3.52,3.03,4.74,2.45,6.525,845,295501.0,True,PUT,2026-03-13,472.0,100.0,111,37.608,-0.34524645,0.024586049,0.146924626,-1.182053654,-0.01110777,1.962,2
US.GLD260313C473000,GLD 260313 473.00C,8.8,9.6,10.82,8.0,6.8372,89,84576.0,True,CALL,2026-03-13,473.0,100.0,594,37.772,0.629255892,0.025085403,0.150643171,-1.269886442,0.02034673,0.824,2
US.GLD260313P473000,GLD 260313 473.00P,3.92,3.17,4.82,2.73,7.0253,214,77645.0,True,PUT,2026-03-13,473.0,100.0,202,37.479,-0.370025136,0.025277696,0.150529625,-1.213793668,-0.011892642,1.837,2
US.GLD260313C474000,GLD 260313 474.00C,8.15,9.5,10.35,7.4,6.3596,166,151984.0,True,CALL,2026-03-13,474.0,100.0,523,37.8,0.6036259,0.025570644,0.153672059,-1.301039186,0.01953533,0.897,2
US.GLD260313P474000,GLD 260313 474.00P,4.25,3.6,5.81,3.05,7.5489,164,63375.0,True,PUT,2026-03-13,474.0,100.0,1200,36.861,-0.394286621,0.026198246,0.15342984,-1.221776369,-0.012649354,1.697,2
US.GLD260313C475000,GLD 260313 475.00C,7.5,8.8,9.61,6.3,5.8828,1512,1243876.0,True,CALL,2026-03-13,475.0,100.0,11535,37.5,0.578195576,0.026166072,0.156004939,-1.313745305,0.01873232,0.97,2
US.GLD260313P475000,GLD 260313 475.00P,4.5,3.92,6.0,3.25,8.0734,841,353382.0,True,PUT,2026-03-13,475.0,100.0,1383,36.576,-0.420364706,0.026824265,0.155867012,-1.235462007,-0.013462909,1.54,2
US.GLD260313C476000,GLD 260313 476.00C,7.0,7.75,9.1,5.8,5.4593,532,414150.0,True,CALL,2026-03-13,476.0,100.0,2735,37.357,0.551908804,0.02655505,0.157723096,-1.325088186,0.017897314,1.075,2
US.GLD260313P476000,GLD 260313 476.00P,5.25,4.45,7.21,3.67,8.6514,438,202265.0,True,PUT,2026-03-13,476.0,100.0,70,36.444,-0.447328608,0.02723366,0.157656941,-1.24748309,-0.014300665,1.487,2
US.GLD260313C477000,GLD 260313 477.00C,6.31,7.25,8.32,5.43,5.0465,726,490102.0,True,CALL,2026-03-13,477.0,100.0,1007,37.206,0.525247824,0.02683687,0.158753511,-1.328764367,0.017048108,1.14,2
US.GLD260313P477000,GLD 260313 477.00P,5.5,4.47,6.2,4.06,9.2402,747,347722.0,True,PUT,2026-03-13,477.0,100.0,191,36.142,-0.474619915,0.027650697,0.158720834,-1.245978293,-0.015137652,1.33,2
US.GLD260313C478000,GLD 260313 478.00C,5.8,6.66,7.49,4.6,4.6345,700,450557.0,True,CALL,2026-03-13,478.0,100.0,954,37.045,0.49830783,0.027007803,0.159070856,-1.324481056,0.016187871,1.243,2
US.GLD260313P478000,GLD 260313 478.00P,5.95,5.28,7.2,4.45,9.83,1008,552078.0,True,PUT,2026-03-13,478.0,100.0,161,36.297,-0.50225477,0.027591779,0.159037445,-1.252765843,-0.01598693,1.215,2
US.GLD260313C479000,GLD 260313 479.00C,5.35,6.15,7.1,4.55,4.272,743,437370.0,True,CALL,2026-03-13,479.0,100.0,437,36.871,0.471182983,0.027064656,0.158656686,-1.312084961,0.015319737,1.358,2
US.GLD260313P479000,GLD 260313 479.00P,6.97,6.1,7.2,4.91,10.4693,681,415313.0,True,PUT,2026-03-13,479.0,100.0,581,35.963,-0.530157955,0.027773794,0.158580702,-1.2345108,-0.016822546,1.22,2
US.GLD260313C480000,GLD 260313 480.00C,4.8,5.6,6.7,4.3,3.9105,3086,1646550.0,True,CALL,2026-03-13,480.0,100.0,7284,36.524,0.443673056,0.027119377,0.157482682,-1.285864851,0.014438784,1.452,2
US.GLD260313P480000,GLD 260313 480.00P,7.15,6.12,7.95,5.35,11.1098,1759,1072251.0,True,PUT,2026-03-13,480.0,100.0,3208,35.767,-0.558107437,0.027713558,0.157339617,-1.213295392,-0.017650395,1.048,2
US.GLD260313C481000,GLD 260313 481.00C,4.45,5.6,6.08,4.0,3.61,480,248273.0,True,CALL,2026-03-13,481.0,100.0,701,36.481,0.416755902,0.026826519,0.155593701,-1.263009386,0.013572337,1.588,2
US.GLD260313P481000,GLD 260313 481.00P,7.6,6.75,8.35,5.66,11.8114,182,119592.0,True,PUT,2026-03-13,481.0,100.0,29,33.618,-0.59160809,0.02902584,0.154804813,-1.112909463,-0.018557946,0.933,2
US.GLD260313C482000,GLD 260313 482.00C,3.89,4.7,5.6,3.65,3.31,1211,561242.0,True,CALL,2026-03-13,482.0,100.0,409,36.426,0.390180435,0.026419346,0.153001676,-1.232798469,0.012715522,1.68,2
US.GLD260313P482000,GLD 260313 482.00P,8.8,7.4,8.86,6.25,12.5136,393,259396.0,True,PUT,2026-03-13,482.0,100.0,78,36.136,-0.61118553,0.026654322,0.152799487,-1.176536551,-0.019205152,0.975,2
US.GLD260313C483000,GLD 260313 483.00C,3.5,4.38,5.21,3.0,3.0103,1033,427309.0,True,CALL,2026-03-13,483.0,100.0,281,36.196,0.363397443,0.026004388,0.149646061,-1.189422259,0.011851799,1.808,2
US.GLD260313P483000,GLD 260313 483.00P,9.2,7.7,9.2,6.91,13.2166,38,29680.0,True,PUT,2026-03-13,483.0,100.0,76,35.898,-0.638247406,0.026237872,0.149359957,-1.132590966,-0.019957649,0.849,2
US.GLD260313C484000,GLD 260313 484.00C,3.25,3.9,4.65,3.0,2.76,259,100389.0,True,CALL,2026-03-13,484.0,100.0,572,36.055,0.337394828,0.025410986,0.145658599,-1.143319257,0.011011265,1.965,2
US.GLD260313P484000,GLD 260313 484.00P,9.45,8.99,9.45,8.83,13.9688,4,3672.0,True,PUT,2026-03-13,484.0,100.0,14,35.644,-0.665017482,0.025700564,0.145189131,-1.08175169,-0.020677484,0.692,2
US.GLD260313C485000,GLD 260313 485.00C,2.96,4.2,4.35,2.39,2.5279,3382,1184049.0,True,CALL,2026-03-13,485.0,100.0,19181,35.943,0.312149288,0.02468979,0.141080768,-1.093036053,0.010193844,2.113,2
US.GLD260313P485000,GLD 260313 485.00P,10.43,8.99,10.43,8.13,14.7394,53,48496.0,True,PUT,2026-03-13,485.0,100.0,428,33.759,-0.700269891,0.025912292,0.138486424,-0.959538014,-0.021503477,0.688,2
US.GLD260313C486000,GLD 260313 486.00C,2.59,3.3,3.9,2.3,2.3273,247,78879.0,True,CALL,2026-03-13,486.0,100.0,640,36.308,0.290305401,0.023655748,0.136541086,-1.057834373,0.00948339,2.245,2
US.GLD260313P486000,GLD 260313 486.00P,10.92,8.87,13.2,8.85,15.5415,45,44626.0,True,PUT,2026-03-13,486.0,100.0,214,35.458,-0.715095753,0.024099225,0.135255326,-0.977481188,-0.021954824,0.581,2
US.GLD260313C487000,GLD 260313 487.00C,2.42,2.76,3.51,2.0,2.127,270,81304.0,True,CALL,2026-03-13,487.0,100.0,489,36.602,0.269254176,0.022623829,0.131640461,-1.016806642,0.008798627,2.419,2
US.GLD260313P487000,GLD 260313 487.00P,10.85,10.85,10.85,10.85,16.3441,1,1085.0,True,PUT,2026-03-13,487.0,100.0,68,35.563,-0.73763409,0.023083353,0.129835208,-0.927844514,-0.022494647,0.357,2
US.GLD260313C488000,GLD 260313 488.00C,2.15,2.7,3.25,1.94,1.927,149,41834.0,True,CALL,2026-03-13,488.0,100.0,212,36.867,0.249181767,0.021579186,0.126469451,-0.972263709,0.008145403,2.571,2
US.GLD260313P488000,GLD 260313 488.00P,17.1474,17.1474,0.0,0.0,17.1474,0,0.0,True,PUT,2026-03-13,488.0,100.0,20,36.302,-0.755038614,0.021824243,0.125228131,-0.902720607,-0.022925414,1.466,2
US.GLD260313C489000,GLD 260313 489.00C,1.9,2.43,2.95,1.72,1.7795,110,24280.0,True,CALL,2026-03-13,489.0,100.0,152,36.737,0.227737281,0.02061427,0.1203843,-0.909085121,0.007448594,2.728,2
US.GLD260313P489000,GLD 260313 489.00P,12.83,12.3,12.92,12.3,18.0028,10,12786.0,True,PUT,2026-03-13,489.0,100.0,234,36.305,-0.775853432,0.020795794,0.119207193,-0.844953859,-0.023358223,0.353,2
US.GLD260313C490000,GLD 260313 490.00C,1.72,2.21,2.73,1.49,1.6326,1017,224307.0,True,CALL,2026-03-13,490.0,100.0,3878,37.293,0.211754947,0.019476026,0.115456634,-0.874316981,0.006926649,2.9,2
US.GLD260313P490000,GLD 260313 490.00P,14.01,13.0,15.42,11.65,18.859,18,24721.0,True,PUT,2026-03-13,490.0,100.0,216,34.782,-0.806184398,0.019971695,0.109377972,-0.719952377,-0.023791168,0.391,2
US.GLD260313C491000,GLD 260313 491.00C,1.56,2.09,2.42,1.37,1.49,133,26912.0,True,CALL,2026-03-13,491.0,100.0,526,35.841,0.183493332,0.018582983,0.105868938,-0.752126668,0.006010217,3.076,2
US.GLD260313P491000,GLD 260313 491.00P,12.37,12.37,12.37,12.37,19.72,10,12370.0,True,PUT,2026-03-13,491.0,100.0,5,38.077,-0.802467432,0.018432627,0.110670925,-0.80338204,-0.023961175,-0.161,2
US.GLD260313C492000,GLD 260313 492.00C,1.37,2.01,2.17,1.25,1.3786,313,54275.0,True,CALL,2026-03-13,492.0,100.0,638,35.66,0.16472703,0.017439242,0.098847466,-0.685454432,0.005398382,3.245,2
US.GLD260313P492000,GLD 260313 492.00P,15.85,13.4,15.85,13.4,20.6116,3,4510.0,True,PUT,2026-03-13,492.0,100.0,17,37.406,-0.824359595,0.017481078,0.102876483,-0.715106446,-0.024242558,0.357,2
US.GLD260313C493000,GLD 260313 493.00C,1.23,1.4,1.93,1.12,1.2735,146,23618.0,True,CALL,2026-03-13,493.0,100.0,317,36.719,0.15566523,0.016321007,0.095258414,-0.673039278,0.0051002,3.425,2
US.GLD260313P493000,GLD 260313 493.00P,16.55,13.94,16.55,13.94,21.5097,10,15948.0,True,PUT,2026-03-13,493.0,100.0,10,36.988,-0.843649779,0.016437139,0.095394897,-0.638598894,-0.024417144,0.295,2
US.GLD260313C494000,GLD 260313 494.00C,1.09,1.25,1.78,1.09,1.1686,76,12052.0,True,CALL,2026-03-13,494.0,100.0,269,37.065,0.142720479,0.015257717,0.089891038,-0.630911706,0.004676936,3.605,2
US.GLD260313P494000,GLD 260313 494.00P,14.85,15.41,15.41,14.85,22.4081,3,4567.0,True,PUT,2026-03-13,494.0,100.0,17,39.335,-0.843516189,0.015450398,0.095463961,-0.681586234,-0.024602137,-0.269,2
US.GLD260313C495000,GLD 260313 495.00C,0.93,1.63,1.63,0.87,1.0637,784,98107.0,True,CALL,2026-03-13,495.0,100.0,9129,37.349,0.130363733,0.014232263,0.084491384,-0.587532903,0.004272899,3.781,2
US.GLD260313P495000,GLD 260313 495.00P,15.59,15.59,15.59,15.59,23.3074,5,7795.0,True,PUT,2026-03-13,495.0,100.0,97,37.217,-0.87184182,0.01434695,0.083330951,-0.535761663,-0.024547943,-0.324,2
US.GLD260313C496000,GLD 260313 496.00C,0.86,1.02,1.39,0.86,0.9588,100,11860.0,True,CALL,2026-03-13,496.0,100.0,266,38.009,0.121361497,0.013304413,0.080378414,-0.561104464,0.003977745,3.976,2
US.GLD260313P496000,GLD 260313 496.00P,24.2071,24.2071,0.0,0.0,24.2071,0,0.0,True,PUT,2026-03-13,496.0,100.0,3,37.417,-0.883870498,0.013355769,0.077733472,-0.490484864,-0.024518341,1.269,2
US.GLD260313C497000,GLD 260313 497.00C,0.83,0.95,1.3,0.78,0.8541,93,9987.0,True,CALL,2026-03-13,497.0,100.0,97,34.434,0.086492185,0.011481925,0.062841804,-0.372890907,0.002841691,4.179,2
US.GLD260313P497000,GLD 260313 497.00P,25.1072,25.1072,0.0,0.0,25.1072,0,0.0,True,PUT,2026-03-13,497.0,100.0,6,36.038,-0.90511629,0.012094195,0.067088053,-0.385809851,-0.024061119,1.248,2
US.GLD260313C498000,GLD 260313 498.00C,0.68,1.01,1.18,0.63,0.7861,129,12170.0,True,CALL,2026-03-13,498.0,100.0,436,36.839,0.090589457,0.011108911,0.065048437,-0.41635216,0.002973209,4.356,2
US.GLD260313P498000,GLD 260313 498.00P,26.0428,26.0428,0.0,0.0,26.0428,0,0.0,True,PUT,2026-03-13,498.0,100.0,2,37.374,-0.907922845,0.011407081,0.065619986,-0.389187517,-0.024148898,1.235,2
US.GLD260313C499000,GLD 260313 499.00C,0.64,0.94,1.04,0.63,0.7183,86,7619.0,True,CALL,2026-03-13,499.0,100.0,936,37.912,0.086632912,0.010441341,0.062921466,-0.410787947,0.002842541,4.557,2
US.GLD260313P499000,GLD 260313 499.00P,26.9794,26.9794,0.0,0.0,26.9794,0,0.0,True,PUT,2026-03-13,499.0,100.0,7,39.46,-0.906010451,0.010937484,0.066650059,-0.421253152,-0.024424852,1.221,2
US.GLD260313C500000,GLD 260313 500.00C,0.5,0.95,1.02,0.45,0.6636,1793,144883.0,True,CALL,2026-03-13,500.0,100.0,11581,37.686,0.075821683,0.00949863,0.056901197,-0.359888345,0.002488908,4.737,2
US.GLD260313P500000,GLD 260313 500.00P,27.9287,27.9287,0.0,0.0,27.9287,0,0.0,True,PUT,2026-03-13,500.0,100.0,19,40.005,-0.912958955,0.010221585,0.062937385,-0.395389956,-0.024311922,1.211,2
US.GLD260313C501000,GLD 260313 501.00C,0.45,0.8,0.9,0.45,0.6239,771,49427.0,True,CALL,2026-03-13,501.0,100.0,274,38.664,0.072341875,0.008931942,0.054896349,-0.352893579,0.00237411,4.936,2
US.GLD260313P501000,GLD 260313 501.00P,28.8922,28.8922,0.0,0.0,28.8922,0,0.0,True,PUT,2026-03-13,501.0,100.0,52,40.476,-0.919754241,0.00953954,0.059187467,-0.368158278,-0.024147834,1.203,2
US.GLD260313C502000,GLD 260313 502.00C,0.41,0.61,0.77,0.39,0.5842,61,2873.0,True,CALL,2026-03-13,502.0,100.0,108,39.522,0.068553007,0.008384167,0.05267332,-0.342436518,0.002249373,5.137,2
US.GLD260313P502000,GLD 260313 502.00P,29.8559,29.8559,0.0,0.0,29.8559,0,0.0,True,PUT,2026-03-13,502.0,100.0,12,39.938,-0.931318638,0.008673484,0.05250162,-0.307721468,-0.023566423,1.195,2
US.GLD260313C503000,GLD 260313 503.00C,0.36,0.51,0.84,0.36,0.5447,421,16298.0,True,CALL,2026-03-13,503.0,100.0,340,39.945,0.062979785,0.007767634,0.049323649,-0.318761031,0.002066628,5.336,2
US.GLD260313P503000,GLD 260313 503.00P,25.85,25.85,25.85,25.85,30.8198,1,2585.0,True,PUT,2026-03-13,503.0,100.0,0,39.092,-0.943474734,0.007745742,0.045025564,-0.242537645,-0.022623206,0.148,2
US.GLD260313C504000,GLD 260313 504.00C,0.37,0.48,0.57,0.37,0.5051,34,1791.0,True,CALL,2026-03-13,504.0,100.0,189,38.922,0.051295818,0.006782254,0.041966918,-0.254009861,0.001684639,5.547,2
US.GLD260313P504000,GLD 260313 504.00P,31.7841,0.0,0.0,0.0,31.7841,0,0.0,True,PUT,2026-03-13,504.0,100.0,0,40.267,-0.944874423,0.007373257,0.044146164,-0.243726204,-0.022667065,1.181,2
US.GLD260313C505000,GLD 260313 505.00C,0.33,0.55,0.6,0.26,0.4656,1290,44858.0,True,CALL,2026-03-13,505.0,100.0,16697,38.246,0.042361068,0.005919636,0.03599632,-0.206329309,0.00139208,5.748,2
US.GLD260313P505000,GLD 260313 505.00P,24.72,25.54,25.54,24.72,32.7488,2,5026.0,True,PUT,2026-03-13,505.0,100.0,56,41.998,-0.943567837,0.007163534,0.044996173,-0.262249477,-0.023009528,-0.506,2
US.GLD260313C506000,GLD 260313 506.00C,0.29,0.35,0.53,0.28,0.4261,149,4844.0,True,CALL,2026-03-13,506.0,100.0,86,38.761,0.039058957,0.005468653,0.033703445,-0.192720931,0.001283547,5.949,2
US.GLD260313P506000,GLD 260313 506.00P,25.59,25.59,25.59,25.59,33.7138,1,2559.0,True,PUT,2026-03-13,506.0,100.0,1,43.166,-0.944861659,0.006844016,0.044182259,-0.263443535,-0.023053628,-0.533,2
US.GLD260313C507000,GLD 260313 507.00C,0.3,0.48,0.51,0.24,0.4054,107,3141.0,True,CALL,2026-03-13,507.0,100.0,103,39.988,0.038714477,0.005262803,0.033461245,-0.196996207,0.00127173,6.16,2
US.GLD260313P507000,GLD 260313 507.00P,34.6959,34.6959,0.0,0.0,34.6959,0,0.0,True,PUT,2026-03-13,507.0,100.0,1,41.109,-0.959712379,0.005815557,0.034226242,-0.172914752,-0.021079896,1.162,2
US.GLD260313C508000,GLD 260313 508.00C,0.26,0.33,0.46,0.21,0.3849,100,2421.0,True,CALL,2026-03-13,508.0,100.0,166,40.751,0.036727643,0.004946791,0.032053647,-0.190339246,0.001206286,6.361,2
US.GLD260313P508000,GLD 260313 508.00P,35.6783,35.6783,0.0,0.0,35.6783,0,0.0,True,PUT,2026-03-13,508.0,100.0,1,40.608,-0.966898928,0.005183629,0.029052902,-0.133161996,-0.019741083,1.158,2
US.GLD260313C509000,GLD 260313 509.00C,0.24,0.47,0.47,0.22,0.3644,110,2903.0,True,CALL,2026-03-13,509.0,100.0,98,40.819,0.032542539,0.004471417,0.029023635,-0.168670598,0.001069054,6.566,2
US.GLD260313P509000,GLD 260313 509.00P,36.6609,0.0,0.0,0.0,36.6609,0,0.0,True,PUT,2026-03-13,509.0,100.0,0,39.729,-0.974732348,0.004507914,0.023076925,-0.089349233,-0.017671231,1.155,2
US.GLD260313C510000,GLD 260313 510.00C,0.19,0.87,0.87,0.15,0.344,242,8389.0,True,CALL,2026-03-13,510.0,100.0,9789,39.081,0.023386831,0.003546176,0.022044196,-0.115245594,0.00076914,6.765,2
US.GLD260313P510000,GLD 260313 510.00P,37.6438,37.6438,0.0,0.0,37.6438,0,0.0,True,PUT,2026-03-13,510.0,100.0,7,43.574,-0.965203063,0.004940445,0.030330551,-0.154474426,-0.020536575,1.151,2
US.GLD260313C511000,GLD 260313 511.00C,0.26,0.32,0.36,0.26,0.3298,17,520.0,True,CALL,2026-03-13,511.0,100.0,289,44.708,0.037037158,0.004540015,0.03227379,-0.210405164,0.001214846,6.989,2
US.GLD260313P511000,GLD 260313 511.00P,38.6321,0.0,0.0,0.0,38.6321,0,0.0,True,PUT,2026-03-13,511.0,100.0,0,42.813,-0.972243417,0.004361593,0.025053636,-0.112380513,-0.018878147,1.149,2
US.GLD260313C512000,GLD 260313 512.00C,0.27,0.22,0.3,0.22,0.3158,27,659.0,True,CALL,2026-03-13,512.0,100.0,191,41.494,0.023641556,0.003370563,0.022244727,-0.123661265,0.000776922,7.2,2
US.GLD260313P512000,GLD 260313 512.00P,39.6205,0.0,0.0,0.0,39.6205,0,0.0,True,PUT,2026-03-13,512.0,100.0,0,44.803,-0.969593981,0.004382289,0.027092287,-0.134322446,-0.019826582,1.146,2
US.GLD260313C513000,GLD 260313 513.00C,0.18,0.23,0.29,0.17,0.3018,419,9619.0,True,CALL,2026-03-13,513.0,100.0,482,42.918,0.024350164,0.003340586,0.022802602,-0.131804817,0.000799815,7.391,2
US.GLD260313P513000,GLD 260313 513.00P,40.6091,0.0,0.0,0.0,40.6091,0,0.0,True,PUT,2026-03-13,513.0,100.0,0,42.508,-0.980603045,0.003574267,0.018370408,-0.064999387,-0.016147209,1.144,2
US.GLD260313C514000,GLD 260313 514.00C,0.21,0.27,0.27,0.18,0.2878,9,207.0,True,CALL,2026-03-13,514.0,100.0,126,46.121,0.029898213,0.003689455,0.027059067,-0.174624989,0.000980675,7.606,2
US.GLD260313P514000,GLD 260313 514.00P,41.5979,0.0,0.0,0.0,41.5979,0,0.0,True,PUT,2026-03-13,514.0,100.0,0,43.481,-0.980983849,0.003436453,0.018065505,-0.064999417,-0.016158076,1.141,2
US.GLD260313C515000,GLD 260313 515.00C,0.17,0.26,0.28,0.13,0.2739,441,9375.0,True,CALL,2026-03-13,515.0,100.0,1319,45.53,0.025094255,0.003229453,0.023384414,-0.144131037,0.00082354,7.807,2
US.GLD260313P515000,GLD 260313 515.00P,37.45,37.45,37.45,37.45,42.587,3,11235.0,True,PUT,2026-03-13,515.0,100.0,3,44.45,-0.981347139,0.003307468,0.017773394,-0.064998763,-0.01616896,0.064,2
US.GLD260313C520000,GLD 260313 520.00C,0.12,0.11,0.21,0.07,0.21,1646,21929.0,True,CALL,2026-03-13,520.0,100.0,6323,46.589,0.015333224,0.00207743,0.015397887,-0.088603387,0.000503474,8.843,2
US.GLD260313P520000,GLD 260313 520.00P,47.5387,47.5387,0.0,0.0,47.5387,0,0.0,True,PUT,2026-03-13,520.0,100.0,1,47.526,-0.986915506,0.002538851,0.012993682,-0.039999599,-0.013889579,1.129,2
US.GLD260313C525000,GLD 260313 525.00C,0.1,0.15,0.15,0.06,0.155,2050,18572.0,True,CALL,2026-03-13,525.0,100.0,3789,48.251,0.010086262,0.001395711,0.010717582,-0.059222083,0.000331241,9.885,2
US.GLD260313P525000,GLD 260313 525.00P,52.5022,0.0,0.0,0.0,52.5022,0,0.0,True,PUT,2026-03-13,525.0,100.0,0,0.0,0.0,0.0,0.0,0.0,0.0,1.122,2
US.GLD260313C530000,GLD 260313 530.00C,0.08,0.01,0.11,0.01,0.1149,99,706.0,True,CALL,2026-03-13,530.0,100.0,589,53.824,0.011037381,0.001353372,0.011589934,-0.072516918,0.000361858,10.927,2
US.GLD260313P530000,GLD 260313 530.00P,57.481,57.481,0.0,0.0,57.481,0,0.0,True,PUT,2026-03-13,530.0,100.0,0,0.0,0.0,0.0,0.0,0.0,0.0,1.117,2
US.GLD260313C535000,GLD 260313 535.00C,0.08,0.08,0.1,0.03,0.0751,42,312.0,True,CALL,2026-03-13,535.0,100.0,153,58.891,0.011331442,0.001265542,0.011856375,-0.081470077,0.000370951,11.974,2
US.GLD260313P535000,GLD 260313 535.00P,62.47,62.47,0.0,0.0,62.47,0,0.0,True,PUT,2026-03-13,535.0,100.0,0,0.0,0.0,0.0,0.0,0.0,0.0,1.115,2
US.GLD260313C540000,GLD 260313 540.00C,0.07,0.04,0.09,0.04,0.0658,1523,13640.0,True,CALL,2026-03-13,540.0,100.0,4657,59.388,0.007198545,0.000843482,0.007971415,-0.051022573,0.000235806,13.018,2
US.GLD260313P540000,GLD 260313 540.00P,62.8,62.8,62.8,62.8,67.47,1,6280.0,True,PUT,2026-03-13,540.0,100.0,0,0.0,0.0,0.0,0.0,0.0,0.0,0.138,2
US.GLD260313C545000,GLD 260313 545.00C,0.07,0.02,0.08,0.02,0.0566,10,55.0,True,CALL,2026-03-13,545.0,100.0,567,62.605,0.00629487,0.000710699,0.007080417,-0.046668701,0.000206071,14.064,2
US.GLD260313P545000,GLD 260313 545.00P,64.0,64.0,64.0,64.0,72.47,1,6400.0,True,PUT,2026-03-13,545.0,100.0,0,0.0,0.0,0.0,0.0,0.0,0.0,-0.657,2
US.GLD260313C550000,GLD 260313 550.00C,0.16,0.07,0.18,0.02,0.0475,65,368.0,True,CALL,2026-03-13,550.0,100.0,1975,77.966,0.01649144,0.001321358,0.016382954,-0.158903131,0.000536453,15.129,2
US.GLD260313P550000,GLD 260313 550.00P,77.47,77.47,0.0,0.0,77.47,0,0.0,True,PUT,2026-03-13,550.0,100.0,0,0.0,0.0,0.0,0.0,0.0,0.0,1.115,2
US.GLD260313C555000,GLD 260313 555.00C,0.06,0.03,0.06,0.02,0.0385,6,25.0,True,CALL,2026-03-13,555.0,100.0,4124,76.551,0.010319818,0.000897477,0.010927331,-0.095674604,0.000336228,16.155,2
US.GLD260313P555000,GLD 260313 555.00P,82.47,82.47,0.0,0.0,82.47,0,0.0,True,PUT,2026-03-13,555.0,100.0,0,0.0,0.0,0.0,0.0,0.0,0.0,1.115,2
US.GLD260313C560000,GLD 260313 560.00C,0.11,0.07,0.11,0.07,0.0295,2,18.0,True,CALL,2026-03-13,560.0,100.0,60,80.966,0.010241499,0.000842915,0.010854577,-0.100299193,0.000333272,17.212,2
US.GLD260313P560000,GLD 260313 560.00P,87.47,87.47,0.0,0.0,87.47,0,0.0,True,PUT,2026-03-13,560.0,100.0,0,0.0,0.0,0.0,0.0,0.0,0.0,1.115,2
US.GLD260313C565000,GLD 260313 565.00C,0.04,0.01,0.04,0.01,0.0205,2,5.0,True,CALL,2026-03-13,565.0,100.0,1073,74.622,0.003877188,0.000387189,0.004597955,-0.033270238,0.000126632,18.243,2
US.GLD260313P565000,GLD 260313 565.00P,92.47,92.47,0.0,0.0,92.47,0,0.0,True,PUT,2026-03-13,565.0,100.0,0,0.0,0.0,0.0,0.0,0.0,0.0,1.115,2
US.GLD260313C570000,GLD 260313 570.00C,0.06,0.09,0.09,0.05,0.0125,38,234.0,True,CALL,2026-03-13,570.0,100.0,2385,78.098,0.003721122,0.00035658,0.004431444,-0.033316505,0.000121436,19.294,2
US.GLD260313P570000,GLD 260313 570.00P,92.8,92.8,92.8,92.8,97.47,1,9280.0,True,PUT,2026-03-13,570.0,100.0,0,0.0,0.0,0.0,0.0,0.0,0.0,0.138,2
US.GLD260313C575000,GLD 260313 575.00C,0.0076,0.0076,0.0,0.0,0.0076,0,0.0,True,CALL,2026-03-13,575.0,100.0,46,71.062,0.000984878,0.000117181,0.001326814,-0.007436351,3.2256e-05,20.329,2
US.GLD260313P575000,GLD 260313 575.00P,102.47,102.47,0.0,0.0,102.47,0,0.0,True,PUT,2026-03-13,575.0,100.0,0,0.0,0.0,0.0,0.0,0.0,0.0,1.115,2
US.GLD260313C580000,GLD 260313 580.00C,0.11,0.01,0.15,0.01,0.0046,4,38.0,True,CALL,2026-03-13,580.0,100.0,107,96.246,0.008787912,0.000620264,0.00949423,-0.101227487,0.000284882,21.397,2
US.GLD260313P580000,GLD 260313 580.00P,107.47,107.47,0.0,0.0,107.47,0,0.0,True,PUT,2026-03-13,580.0,100.0,0,0.0,0.0,0.0,0.0,0.0,0.0,1.115,2
US.GLD260313C585000,GLD 260313 585.00C,0.03,0.01,0.05,0.01,0.0027,7,13.0,True,CALL,2026-03-13,585.0,100.0,565,83.686,0.002085414,0.000197355,0.002628695,-0.019325385,6.8029e-05,22.427,2
US.GLD260313P585000,GLD 260313 585.00P,112.47,112.47,0.0,0.0,112.47,0,0.0,True,PUT,2026-03-13,585.0,100.0,0,0.0,0.0,0.0,0.0,0.0,0.0,1.115,2
US.GLD260313C590000,GLD 260313 590.00C,0.04,0.04,0.04,0.04,0.0016,5,20.0,True,CALL,2026-03-13,590.0,100.0,45,92.766,0.003602803,0.00029162,0.004303816,-0.03813186,0.000117149,23.475,2
US.GLD260313P590000,GLD 260313 590.00P,117.47,117.47,0.0,0.0,117.47,0,0.0,True,PUT,2026-03-13,590.0,100.0,0,0.0,0.0,0.0,0.0,0.0,0.0,1.115,2
US.GLD260313C595000,GLD 260313 595.00C,0.0009,0.0009,0.0,0.0,0.0009,0,0.0,True,CALL,2026-03-13,595.0,100.0,33,71.485,0.000131646,1.7976e-05,0.000205256,-0.000894386,4.319e-06,24.513,2
US.GLD260313P595000,GLD 260313 595.00P,122.47,0.0,0.0,0.0,122.47,0,0.0,True,PUT,2026-03-13,595.0,100.0,0,0.0,0.0,0.0,0.0,0.0,0.0,1.115,2
US.GLD260313C600000,GLD 260313 600.00C,0.0005,0.0005,0.0,0.0,0.0005,0,0.0,True,CALL,2026-03-13,600.0,100.0,113,71.474,7.5393e-05,1.0649e-05,0.000121685,-0.000497787,2.475e-06,25.559,2
US.GLD260313P600000,GLD 260313 600.00P,127.47,127.47,0.0,0.0,127.47,0,0.0,True,PUT,2026-03-13,600.0,100.0,0,0.0,0.0,0.0,0.0,0.0,0.0,1.115,2
US.GLD260313C605000,GLD 260313 605.00C,0.02,0.05,0.06,0.01,0.0003,75,122.0,True,CALL,2026-03-13,605.0,100.0,2230,96.089,0.001839398,0.000153359,0.002344993,-0.019380799,5.9839e-05,26.61,2
US.GLD260313P605000,GLD 260313 605.00P,132.47,132.47,0.0,0.0,132.47,0,0.0,True,PUT,2026-03-13,605.0,100.0,0,0.0,0.0,0.0,0.0,0.0,0.0,1.115,2
US.GLD260313C610000,GLD 260313 610.00C,0.0002,0.0002,0.0,0.0,0.0002,0,0.0,True,CALL,2026-03-13,610.0,100.0,733,72.568,3.1066e-05,4.541e-06,5.2756e-05,-0.000199488,1.02e-06,27.652,2
US.GLD260313P610000,GLD 260313 610.00P,137.47,137.47,0.0,0.0,137.47,0,0.0,True,PUT,2026-03-13,610.0,100.0,0,0.0,0.0,0.0,0.0,0.0,0.0,1.115,2
US.GLD260313C615000,GLD 260313 615.00C,0.01,0.01,0.01,0.01,0.0001,1,1.0,True,CALL,2026-03-13,615.0,100.0,153,96.312,0.000962872,8.4684e-05,0.001298325,-0.009791619,3.1357e-05,28.7,2
US.GLD260313P615000,GLD 260313 615.00P,142.47,142.47,0.0,0.0,142.47,0,0.0,True,PUT,2026-03-13,615.0,100.0,0,0.0,0.0,0.0,0.0,0.0,0.0,1.115,2
US.GLD260313C620000,GLD 260313 620.00C,0.03,0.03,0.03,0.03,0.0001,1,3.0,True,CALL,2026-03-13,620.0,100.0,136,108.926,0.002390648,0.000171602,0.002973625,-0.028920356,7.7493e-05,29.751,2
US.GLD260313P620000,GLD 260313 620.00P,147.47,147.47,0.0,0.0,147.47,0,0.0,True,PUT,2026-03-13,620.0,100.0,0,0.0,0.0,0.0,0.0,0.0,0.0,1.115,2
US.GLD260313C625000,GLD 260313 625.00C,0.0001,0.0001,0.0,0.0,0.0001,0,0.0,True,CALL,2026-03-13,625.0,100.0,113,76.605,1.5224e-05,2.187e-06,2.6833e-05,-9.9837e-05,4.99e-07,30.791,2
US.GLD260313P625000,GLD 260313 625.00P,152.47,0.0,0.0,0.0,152.47,0,0.0,True,PUT,2026-03-13,625.0,100.0,0,0.0,0.0,0.0,0.0,0.0,0.0,1.115,2
US.GLD260313C630000,GLD 260313 630.00C,0.0001,0.0001,0.0,0.0,0.0001,0,0.0,True,CALL,2026-03-13,630.0,100.0,122,78.748,1.4832e-05,2.075e-06,2.6168e-05,-9.9839e-05,4.86e-07,31.837,2
US.GLD260313P630000,GLD 260313 630.00P,157.47,0.0,0.0,0.0,157.47,0,0.0,True,PUT,2026-03-13,630.0,100.0,0,0.0,0.0,0.0,0.0,0.0,0.0,1.115,2
US.GLD260313C635000,GLD 260313 635.00C,0.05,0.01,0.05,0.01,0.0001,4,8.0,True,CALL,2026-03-13,635.0,100.0,13,123.68,0.00341776,0.000208613,0.004103723,-0.047786974,0.000110292,32.894,2
US.GLD260313P635000,GLD 260313 635.00P,162.47,162.47,0.0,0.0,162.47,0,0.0,True,PUT,2026-03-13,635.0,100.0,0,0.0,0.0,0.0,0.0,0.0,0.0,1.115,2
US.GLD260313C640000,GLD 260313 640.00C,0.0001,0.0001,0.0,0.0,0.0001,0,0.0,True,CALL,2026-03-13,640.0,100.0,42,82.974,1.4118e-05,1.879e-06,2.4954e-05,-9.9845e-05,4.63e-07,33.93,2
US.GLD260313P640000,GLD 260313 640.00P,167.47,167.47,0.0,0.0,167.47,0,0.0,True,PUT,2026-03-13,640.0,100.0,0,0.0,0.0,0.0,0.0,0.0,0.0,1.115,2
US.GLD260313C645000,GLD 260313 645.00C,0.0001,0.0001,0.0,0.0,0.0001,0,0.0,True,CALL,2026-03-13,645.0,100.0,142,85.057,1.3792e-05,1.793e-06,2.4398e-05,-9.9848e-05,4.52e-07,34.976,2
US.GLD260313P645000,GLD 260313 645.00P,172.47,0.0,0.0,0.0,172.47,0,0.0,True,PUT,2026-03-13,645.0,100.0,0,0.0,0.0,0.0,0.0,0.0,0.0,1.115,2
US.GLD260313C650000,GLD 260313 650.00C,0.0001,0.0001,0.0,0.0,0.0001,0,0.0,True,CALL,2026-03-13,650.0,100.0,2,87.121,1.3484e-05,1.713e-06,2.3873e-05,-9.985e-05,4.41e-07,36.023,2
US.GLD260313P650000,GLD 260313 650.00P,177.47,0.0,0.0,0.0,177.47,0,0.0,True,PUT,2026-03-13,650.0,100.0,0,0.0,0.0,0.0,0.0,0.0,0.0,1.115,2
US.GLD260313C655000,GLD 260313 655.00C,0.0001,0.0001,0.0,0.0,0.0001,0,0.0,True,CALL,2026-03-13,655.0,100.0,137,89.167,1.3192e-05,1.639e-06,2.3377e-05,-9.9853e-05,4.32e-07,37.069,2
US.GLD260313P655000,GLD 260313 655.00P,182.47,0.0,0.0,0.0,182.47,0,0.0,True,PUT,2026-03-13,655.0,100.0,0,0.0,0.0,0.0,0.0,0.0,0.0,1.115,2
US.GLD260313C660000,GLD 260313 660.00C,0.0001,0.0001,0.0,0.0,0.0001,0,0.0,True,CALL,2026-03-13,660.0,100.0,1296,91.194,1.2915e-05,1.571e-06,2.2905e-05,-9.9855e-05,4.22e-07,38.115,2
US.GLD260313P660000,GLD 260313 660.00P,187.47,0.0,0.0,0.0,187.47,0,0.0,True,PUT,2026-03-13,660.0,100.0,0,0.0,0.0,0.0,0.0,0.0,0.0,1.115,2
US.GLD260313C665000,GLD 260313 665.00C,0.0001,0.0001,0.0,0.0,0.0001,0,0.0,True,CALL,2026-03-13,665.0,100.0,9,93.203,1.2653e-05,1.507e-06,2.2457e-05,-9.9856e-05,4.14e-07,39.162,2
US.GLD260313P665000,GLD 260313 665.00P,192.47,192.47,0.0,0.0,192.47,0,0.0,True,PUT,2026-03-13,665.0,100.0,0,0.0,0.0,0.0,0.0,0.0,0.0,1.115,2
US.GLD260313C670000,GLD 260313 670.00C,0.0001,0.0001,0.0,0.0,0.0001,0,0.0,True,CALL,2026-03-13,670.0,100.0,31,95.194,1.2403e-05,1.448e-06,2.2032e-05,-9.9859e-05,4.05e-07,40.208,2
US.GLD260313P670000,GLD 260313 670.00P,197.47,197.47,0.0,0.0,197.47,0,0.0,True,PUT,2026-03-13,670.0,100.0,0,0.0,0.0,0.0,0.0,0.0,0.0,1.115,2
US.GLD260313C675000,GLD 260313 675.00C,0.0001,0.0001,0.0,0.0,0.0001,0,0.0,True,CALL,2026-03-13,675.0,100.0,105,97.168,1.2166e-05,1.393e-06,2.1627e-05,-9.9861e-05,3.98e-07,41.254,2
US.GLD260313P675000,GLD 260313 675.00P,202.47,0.0,0.0,0.0,202.47,0,0.0,True,PUT,2026-03-13,675.0,100.0,0,0.0,0.0,0.0,0.0,0.0,0.0,1.115,2
US.GLD260313C680000,GLD 260313 680.00C,0.0001,0.0001,0.0,0.0,0.0001,0,0.0,True,CALL,2026-03-13,680.0,100.0,692,99.125,1.1939e-05,1.341e-06,2.124e-05,-9.9862e-05,3.9e-07,42.301,2
US.GLD260313P680000,GLD 260313 680.00P,207.47,0.0,0.0,0.0,207.47,0,0.0,True,PUT,2026-03-13,680.0,100.0,0,0.0,0.0,0.0,0.0,0.0,0.0,1.115,2
US.GLD260313C690000,GLD 260313 690.00C,0.0001,0.0,0.0,0.0,0.0001,0,0.0,True,CALL,2026-03-13,690.0,100.0,0,102.989,1.1517e-05,1.247e-06,2.0519e-05,-9.9866e-05,3.76e-07,44.393,2
US.GLD260313P690000,GLD 260313 690.00P,217.47,0.0,0.0,0.0,217.47,0,0.0,True,PUT,2026-03-13,690.0,100.0,0,0.0,0.0,0.0,0.0,0.0,0.0,1.115,2
US.GLD260313C695000,GLD 260313 695.00C,0.0001,0.0001,0.0,0.0,0.0001,0,0.0,True,CALL,2026-03-13,695.0,100.0,23,104.896,1.132e-05,1.204e-06,2.0181e-05,-9.9867e-05,3.69e-07,45.44,2
US.GLD260313P695000,GLD 260313 695.00P,222.47,0.0,0.0,0.0,222.47,0,0.0,True,PUT,2026-03-13,695.0,100.0,0,0.0,0.0,0.0,0.0,0.0,0.0,1.115,2
US.GLD260313C700000,GLD 260313 700.00C,0.0001,0.0001,0.0,0.0,0.0001,0,0.0,True,CALL,2026-03-13,700.0,100.0,57,106.788,1.1131e-05,1.164e-06,1.9858e-05,-9.987e-05,3.63e-07,46.486,2
US.GLD260313P700000,GLD 260313 700.00P,227.47,0.0,0.0,0.0,227.47,0,0.0,True,PUT,2026-03-13,700.0,100.0,0,0.0,0.0,0.0,0.0,0.0,0.0,1.115,2
US.GLD260313C705000,GLD 260313 705.00C,0.0001,0.0001,0.0,0.0,0.0001,0,0.0,True,CALL,2026-03-13,705.0,100.0,111,108.664,1.095e-05,1.127e-06,1.9549e-05,-9.9871e-05,3.57e-07,47.532,2
US.GLD260313P705000,GLD 260313 705.00P,232.47,0.0,0.0,0.0,232.47,0,0.0,True,PUT,2026-03-13,705.0,100.0,0,0.0,0.0,0.0,0.0,0.0,0.0,1.115,2
US.GLD260313C710000,GLD 260313 710.00C,0.0001,0.0001,0.0,0.0,0.0001,0,0.0,True,CALL,2026-03-13,710.0,100.0,333,110.525,1.0777e-05,1.091e-06,1.9252e-05,-9.9872e-05,3.51e-07,48.579,2
US.GLD260313P710000,GLD 260313 710.00P,237.47,0.0,0.0,0.0,237.47,0,0.0,True,PUT,2026-03-13,710.0,100.0,0,0.0,0.0,0.0,0.0,0.0,0.0,1.115,2
US.GLD260313C715000,GLD 260313 715.00C,0.0001,0.0001,0.0,0.0,0.0001,0,0.0,True,CALL,2026-03-13,715.0,100.0,215,112.371,1.061e-05,1.057e-06,1.8966e-05,-9.9875e-05,3.46e-07,49.625,2
US.GLD260313P715000,GLD 260313 715.00P,242.47,0.0,0.0,0.0,242.47,0,0.0,True,PUT,2026-03-13,715.0,100.0,0,0.0,0.0,0.0,0.0,0.0,0.0,1.115,2
US.GLD260313C720000,GLD 260313 720.00C,0.0001,0.0001,0.0,0.0,0.0001,0,0.0,True,CALL,2026-03-13,720.0,100.0,325,114.202,1.045e-05,1.025e-06,1.8692e-05,-9.9876e-05,3.4e-07,50.671,2
US.GLD260313P720000,GLD 260313 720.00P,247.47,0.0,0.0,0.0,247.47,0,0.0,True,PUT,2026-03-13,720.0,100.0,0,0.0,0.0,0.0,0.0,0.0,0.0,1.115,2
US.GLD260316C290000,GLD 260316 290.00C,182.7402,0.0,0.0,0.0,182.7402,0,0.0,True,CALL,2026-03-16,290.0,100.0,0,115.323,0.999831333,9.52e-06,0.000380932,-0.030670611,0.04401328,-1.071,5
US.GLD260316P290000,GLD 260316 290.00P,0.0001,0.0,0.0,0.0,0.0001,0,0.0,True,PUT,2026-03-16,290.0,100.0,0,94.866,-7.701e-06,6.13e-07,2.0654e-05,-8.6693e-05,3.284e-06,39.312,5
US.GLD260316C295000,GLD 260316 295.00C,177.7437,0.0,0.0,0.0,177.7437,0,0.0,True,CALL,2026-03-16,295.0,100.0,0,95.728,0.999983161,1.305e-06,4.3452e-05,-0.029001295,0.044783774,-1.07,5
US.GLD260316P295000,GLD 260316 295.00P,0.0001,0.0,0.0,0.0,0.0001,0,0.0,True,PUT,2026-03-16,295.0,100.0,0,91.723,-7.947e-06,6.53e-07,2.129e-05,-8.6577e-05,3.355e-06,38.266,5
US.GLD260316C300000,GLD 260316 300.00C,172.7473,0.0,0.0,0.0,172.7473,0,0.0,True,CALL,2026-03-16,300.0,100.0,0,0.0,0.0,0.0,0.0,0.0,0.0,-1.069,5
US.GLD260316P300000,GLD 260316 300.00P,0.0001,0.0,0.0,0.0,0.0001,0,0.0,True,PUT,2026-03-16,300.0,100.0,0,88.63,-8.206e-06,6.96e-07,2.1956e-05,-8.6455e-05,3.428e-06,37.22,5
US.GLD260316C305000,GLD 260316 305.00C,167.7509,0.0,0.0,0.0,167.7509,0,0.0,True,CALL,2026-03-16,305.0,100.0,0,129.657,0.998071239,8.0384e-05,0.003612359,-0.060016547,0.04615644,-1.069,5
US.GLD260316P305000,GLD 260316 305.00P,0.0001,0.0,0.0,0.0,0.0001,0,0.0,True,PUT,2026-03-16,305.0,100.0,0,85.585,-8.478e-06,7.43e-07,2.2655e-05,-8.6328e-05,3.505e-06,36.173,5
US.GLD260316C310000,GLD 260316 310.00C,162.7544,0.0,0.0,0.0,162.7544,0,0.0,True,CALL,2026-03-16,310.0,100.0,0,124.559,0.998107349,8.225e-05,0.003550994,-0.058755502,0.046918539,-1.068,5
US.GLD260316P310000,GLD 260316 310.00P,0.0001,0.0,0.0,0.0,0.0001,0,0.0,True,PUT,2026-03-16,310.0,100.0,0,82.588,-8.764e-06,7.94e-07,2.3389e-05,-8.6198e-05,3.585e-06,35.127,5
US.GLD260316C315000,GLD 260316 315.00C,157.758,0.0,0.0,0.0,157.758,0,0.0,True,CALL,2026-03-16,315.0,100.0,0,119.533,0.998148096,8.4027e-05,0.003481593,-0.057491176,0.047680974,-1.067,5
US.GLD260316P315000,GLD 260316 315.00P,0.0001,0.0,0.0,0.0,0.0001,0,0.0,True,PUT,2026-03-16,315.0,100.0,0,79.636,-9.065e-06,8.5e-07,2.4163e-05,-8.6061e-05,3.668e-06,34.081,5
US.GLD260316C320000,GLD 260316 320.00C,152.7616,0.0,0.0,0.0,152.7616,0,0.0,True,CALL,2026-03-16,320.0,100.0,0,114.574,0.998193992,8.5687e-05,0.003403219,-0.056222765,0.048443783,-1.067,5
US.GLD260316P320000,GLD 260316 320.00P,0.0001,0.0,0.0,0.0,0.0001,0,0.0,True,PUT,2026-03-16,320.0,100.0,0,76.728,-9.382e-06,9.11e-07,2.4978e-05,-8.5919e-05,3.756e-06,33.034,5
US.GLD260316C325000,GLD 260316 325.00C,147.7652,0.0,0.0,0.0,147.7652,0,0.0,True,CALL,2026-03-16,325.0,100.0,0,109.678,0.99824558,8.7184e-05,0.003314865,-0.054950141,0.049207006,-1.066,5
US.GLD260316P325000,GLD 260316 325.00P,0.0001,0.0,0.0,0.0,0.0001,0,0.0,True,PUT,2026-03-16,325.0,100.0,0,73.862,-9.718e-06,9.78e-07,2.584e-05,-8.5769e-05,3.847e-06,31.988,5
US.GLD260316C330000,GLD 260316 330.00C,142.7689,142.7689,0.0,0.0,142.7689,0,0.0,True,CALL,2026-03-16,330.0,100.0,8,91.703,0.999568895,2.8698e-05,0.000913309,-0.037007923,0.050066281,-1.065,5
US.GLD260316P330000,GLD 260316 330.00P,0.0002,0.0,0.0,0.0,0.0002,0,0.0,True,PUT,2026-03-16,330.0,100.0,0,73.734,-1.9477e-05,1.916e-06,5e-05,-0.000170896,4.346e-06,30.942,5
US.GLD260316C335000,GLD 260316 335.00C,137.7727,137.7727,0.0,0.0,137.7727,0,0.0,True,CALL,2026-03-16,335.0,100.0,9,110.646,0.996237207,0.000172208,0.006603894,-0.082274929,0.050572674,-1.064,5
US.GLD260316P335000,GLD 260316 335.00P,0.0005,0.0005,0.0,0.0,0.0005,0,0.0,True,PUT,2026-03-16,335.0,100.0,2,74.619,-4.7176e-05,4.406e-06,0.000115387,-0.000419943,4.367e-06,29.895,5
US.GLD260316C340000,GLD 260316 340.00C,132.7768,0.0,0.0,0.0,132.7768,0,0.0,True,CALL,2026-03-16,340.0,100.0,0,0.0,0.0,0.0,0.0,0.0,0.0,-1.063,5
US.GLD260316P340000,GLD 260316 340.00P,0.001,0.0,0.0,0.0,0.001,0,0.0,True,PUT,2026-03-16,340.0,100.0,0,74.705,-9.1865e-05,8.27e-06,0.000216024,-0.000822249,3.21e-06,28.849,5
US.GLD260316C345000,GLD 260316 345.00C,127.7814,0.0,0.0,0.0,127.7814,0,0.0,True,CALL,2026-03-16,345.0,100.0,0,0.0,0.0,0.0,0.0,0.0,0.0,-1.062,5
US.GLD260316P345000,GLD 260316 345.00P,0.002,0.002,0.0,0.0,0.002,0,0.0,True,PUT,2026-03-16,345.0,100.0,6,74.941,-0.000177441,1.5313e-05,0.000400183,-0.001600113,-3.23e-07,27.803,5
US.GLD260316C350000,GLD 260316 350.00C,122.7867,122.7867,0.0,0.0,122.7867,0,0.0,True,CALL,2026-03-16,350.0,100.0,19,0.0,0.0,0.0,0.0,0.0,0.0,-1.061,5
US.GLD260316P350000,GLD 260316 350.00P,0.0038,0.0038,0.0,0.0,0.0038,0,0.0,True,PUT,2026-03-16,350.0,100.0,0,75.089,-0.000325261,2.6923e-05,0.000703775,-0.002947307,-7.863e-06,26.757,5
US.GLD260316C355000,GLD 260316 355.00C,117.7934,0.0,0.0,0.0,117.7934,0,0.0,True,CALL,2026-03-16,355.0,100.0,0,0.0,0.0,0.0,0.0,0.0,0.0,-1.06,5
US.GLD260316P355000,GLD 260316 355.00P,0.0069,0.0069,0.0,0.0,0.0069,0,0.0,True,PUT,2026-03-16,355.0,100.0,2,75.16,-0.000569719,4.5261e-05,0.00118283,-0.005171852,-2.1858e-05,25.711,5
US.GLD260316C360000,GLD 260316 360.00C,112.8023,0.0,0.0,0.0,112.8023,0,0.0,True,CALL,2026-03-16,360.0,100.0,0,0.0,0.0,0.0,0.0,0.0,0.0,-1.058,5
US.GLD260316P360000,GLD 260316 360.00P,0.0123,0.0,0.0,0.0,0.0123,0,0.0,True,PUT,2026-03-16,360.0,100.0,0,75.301,-0.000976759,7.4269e-05,0.001942779,-0.008870783,-4.6905e-05,24.666,5
US.GLD260316C365000,GLD 260316 365.00C,107.8148,0.0,0.0,0.0,107.8148,0,0.0,True,CALL,2026-03-16,365.0,100.0,0,0.0,0.0,0.0,0.0,0.0,0.0,-1.055,5
US.GLD260316P365000,GLD 260316 365.00P,0.0212,0.0212,0.0,0.0,0.0212,0,0.0,True,PUT,2026-03-16,365.0,100.0,36,75.417,-0.001618372,0.00011772,0.003082083,-0.014661645,-8.8298e-05,23.622,5
US.GLD260316C370000,GLD 260316 370.00C,102.8326,0.0,0.0,0.0,102.8326,0,0.0,True,CALL,2026-03-16,370.0,100.0,0,0.0,0.0,0.0,0.0,0.0,0.0,-1.052,5
US.GLD260316P370000,GLD 260316 370.00P,0.0355,0.0355,0.0,0.0,0.0355,0,0.0,True,PUT,2026-03-16,370.0,100.0,1,75.53,-0.002603064,0.000180964,0.004742534,-0.023458802,-0.000153915,22.578,5
US.GLD260316C375000,GLD 260316 375.00C,97.8536,0.0,0.0,0.0,97.8536,0,0.0,True,CALL,2026-03-16,375.0,100.0,0,0.0,0.0,0.0,0.0,0.0,0.0,-1.047,5
US.GLD260316P375000,GLD 260316 375.00P,0.15,0.15,0.15,0.15,0.0529,2,30.0,True,PUT,2026-03-16,375.0,100.0,11,89.778,-0.012364967,0.000606519,0.018871139,-0.125959385,-0.000846758,21.556,5
US.GLD260316C380000,GLD 260316 380.00C,92.8746,0.0,0.0,0.0,92.8746,0,0.0,True,CALL,2026-03-16,380.0,100.0,0,0.0,0.0,0.0,0.0,0.0,0.0,-1.043,5
US.GLD260316P380000,GLD 260316 380.00P,0.0703,0.0703,0.0,0.0,0.0703,0,0.0,True,PUT,2026-03-16,380.0,100.0,31,69.991,-0.003478501,0.000253584,0.006157811,-0.028853272,-0.000211638,20.493,5
US.GLD260316C385000,GLD 260316 385.00C,87.8955,0.0,0.0,0.0,87.8955,0,0.0,True,CALL,2026-03-16,385.0,100.0,0,0.0,0.0,0.0,0.0,0.0,0.0,-1.039,5
US.GLD260316P385000,GLD 260316 385.00P,0.07,0.05,0.07,0.02,0.0878,35,219.0,True,PUT,2026-03-16,385.0,100.0,8,68.45,-0.004623104,0.00033453,0.007942902,-0.037223958,-0.000289339,19.447,5
US.GLD260316C390000,GLD 260316 390.00C,82.9165,0.0,0.0,0.0,82.9165,0,0.0,True,CALL,2026-03-16,390.0,100.0,0,0.0,0.0,0.0,0.0,0.0,0.0,-1.034,5
US.GLD260316P390000,GLD 260316 390.00P,0.21,0.21,0.21,0.21,0.1052,1,21.0,True,PUT,2026-03-16,390.0,100.0,17,64.755,-0.004869275,0.000370359,0.008319527,-0.037010935,-0.000304675,18.43,5
US.GLD260316C395000,GLD 260316 395.00C,77.9374,77.9374,0.0,0.0,77.9374,0,0.0,True,CALL,2026-03-16,395.0,100.0,1,59.355,0.99584812,0.000350597,0.007218545,-0.067580534,0.059658203,-1.03,5
US.GLD260316P395000,GLD 260316 395.00P,0.08,0.08,0.08,0.08,0.1226,1,8.0,True,PUT,2026-03-16,395.0,100.0,9,75.583,-0.01829031,0.00100857,0.026417398,-0.152800549,-0.00125964,17.356,5
US.GLD260316C400000,GLD 260316 400.00C,72.9584,72.9584,0.0,0.0,72.9584,0,0.0,True,CALL,2026-03-16,400.0,100.0,1,60.551,0.992244171,0.00059846,0.01256374,-0.093238439,0.060148642,-1.025,5
US.GLD260316P400000,GLD 260316 400.00P,0.12,0.12,0.12,0.12,0.14,1,12.0,True,PUT,2026-03-16,400.0,100.0,64,59.85,-0.007195522,0.000566568,0.011760604,-0.049846757,-0.000462426,16.318,5
US.GLD260316C405000,GLD 260316 405.00C,67.9794,0.0,0.0,0.0,67.9794,0,0.0,True,CALL,2026-03-16,405.0,100.0,0,0.0,0.0,0.0,0.0,0.0,0.0,-1.021,5
US.GLD260316P405000,GLD 260316 405.00P,0.08,0.3,0.3,0.05,0.1575,48,698.0,True,PUT,2026-03-16,405.0,100.0,120,57.614,-0.009025586,0.00071829,0.014351171,-0.059604325,-0.000587811,15.263,5
US.GLD260316C410000,GLD 260316 410.00C,70.9,70.9,70.9,70.9,63.0245,2,14180.0,True,CALL,2026-03-16,410.0,100.0,3,42.929,0.998254427,0.000221721,0.003311171,-0.048971251,0.062115003,0.636,5
US.GLD260316P410000,GLD 260316 410.00P,0.13,0.09,0.13,0.09,0.1991,9,100.0,True,PUT,2026-03-16,410.0,100.0,35,55.067,-0.011011935,0.000894045,0.017071191,-0.068822479,-0.00072393,14.228,5
US.GLD260316C415000,GLD 260316 415.00C,58.0697,0.0,0.0,0.0,58.0697,0,0.0,True,CALL,2026-03-16,415.0,100.0,0,43.991,0.995705567,0.000487535,0.0074471,-0.062673728,0.062685779,-1.002,5
US.GLD260316P415000,GLD 260316 415.00P,0.14,0.2,0.2,0.13,0.2408,25,397.0,True,PUT,2026-03-16,415.0,100.0,387,51.767,-0.012488848,0.001060808,0.019041232,-0.072846666,-0.000823534,13.183,5
US.GLD260316C420000,GLD 260316 420.00C,58.27,58.27,58.27,58.27,53.1148,1,5827.0,True,CALL,2026-03-16,420.0,100.0,5,42.95,0.993133134,0.000757843,0.011295197,-0.075072637,0.063254845,0.085,5
US.GLD260316P420000,GLD 260316 420.00P,0.21,0.16,0.21,0.09,0.2825,35,535.0,True,PUT,2026-03-16,420.0,100.0,188,48.396,-0.014160117,0.001264723,0.021222642,-0.076616054,-0.000935991,12.152,5
US.GLD260316C425000,GLD 260316 425.00C,48.1958,0.0,0.0,0.0,48.1958,0,0.0,True,CALL,2026-03-16,425.0,100.0,0,44.962,0.983934666,0.001517747,0.023655925,-0.121528405,0.063331839,-0.976,5
US.GLD260316P425000,GLD 260316 425.00P,0.22,0.33,0.33,0.19,0.36,5,112.0,True,PUT,2026-03-16,425.0,100.0,212,48.058,-0.02231793,0.001877646,0.031275529,-0.11625582,-0.001506772,11.107,5
US.GLD260316C430000,GLD 260316 430.00C,43.3241,43.3241,0.0,0.0,43.3241,0,0.0,True,CALL,2026-03-16,430.0,100.0,2,44.327,0.97491907,0.002246057,0.034502684,-0.161204802,0.063422098,-0.949,5
US.GLD260316P430000,GLD 260316 430.00P,0.27,0.42,0.42,0.2,0.485,40,937.0,True,PUT,2026-03-16,430.0,100.0,155,44.824,-0.026364893,0.002315552,0.035970778,-0.126269804,-0.001784515,10.071,5
US.GLD260316C435000,GLD 260316 435.00C,38.4874,0.0,0.0,0.0,38.4874,0,0.0,True,CALL,2026-03-16,435.0,100.0,0,36.981,0.981422593,0.002089125,0.026784463,-0.117699376,0.064668557,-0.915,5
US.GLD260316P435000,GLD 260316 435.00P,0.22,0.22,0.31,0.21,0.645,62,1435.0,True,PUT,2026-03-16,435.0,100.0,408,42.573,-0.034658127,0.003058298,0.045115661,-0.153593587,-0.002361899,9.015,5
US.GLD260316C440000,GLD 260316 440.00C,39.17,39.17,39.17,39.17,33.7105,2,7834.0,True,CALL,2026-03-16,440.0,100.0,9,41.401,0.949781787,0.004246931,0.060911921,-0.250260702,0.06307572,0.274,5
US.GLD260316P440000,GLD 260316 440.00P,0.42,0.4,0.53,0.28,0.865,79,2628.0,True,PUT,2026-03-16,440.0,100.0,313,40.076,-0.045039301,0.004020605,0.055822999,-0.182429778,-0.003084122,8.01,5
US.GLD260316C445000,GLD 260316 445.00C,33.6,33.89,33.89,33.6,29.0234,2,6749.0,True,CALL,2026-03-16,445.0,100.0,8,38.898,0.934422398,0.005575979,0.07513188,-0.288335867,0.06269818,0.154,5
US.GLD260316P445000,GLD 260316 445.00P,0.65,0.47,0.74,0.36,1.175,163,7852.0,True,PUT,2026-03-16,445.0,100.0,564,37.15,-0.057290487,0.005253148,0.067600312,-0.208369104,-0.003932874,7.012,5
US.GLD260316C450000,GLD 260316 450.00C,24.5208,24.5208,0.0,0.0,24.5208,0,0.0,True,CALL,2026-03-16,450.0,100.0,2,35.517,0.918288399,0.007225821,0.08889162,-0.312417856,0.06226824,-0.698,5
US.GLD260316P450000,GLD 260316 450.00P,0.9,0.72,1.16,0.55,1.67,82,5953.0,True,PUT,2026-03-16,450.0,100.0,257,35.603,-0.082277232,0.007245991,0.089344449,-0.270846723,-0.005681254,6.018,5
US.GLD260316C451000,GLD 260316 451.00C,28.62,28.62,28.62,28.62,23.6469,2,5724.0,True,CALL,2026-03-16,451.0,100.0,5,35.325,0.911490601,0.007713451,0.094376987,-0.32912587,0.061915603,0.368,5
US.GLD260316P451000,GLD 260316 451.00P,1.06,0.9,1.07,0.9,1.7956,7,663.0,True,PUT,2026-03-16,451.0,100.0,95,34.104,-0.081307678,0.007497334,0.088546968,-0.25676943,-0.005601198,5.842,5
US.GLD260316C452000,GLD 260316 452.00C,27.56,26.89,28.08,26.89,22.7924,33,90147.0,True,CALL,2026-03-16,452.0,100.0,5,35.319,0.903085229,0.008250229,0.100926717,-0.350880907,0.06144255,0.355,5
US.GLD260316P452000,GLD 260316 452.00P,1.16,0.86,1.16,0.66,1.9408,5,402.0,True,PUT,2026-03-16,452.0,100.0,99,33.603,-0.08643482,0.00796686,0.092706514,-0.265979516,-0.005957041,5.654,5
US.GLD260316C453000,GLD 260316 453.00C,21.938,21.938,0.0,0.0,21.938,0,0.0,True,CALL,2026-03-16,453.0,100.0,2,34.518,0.89911709,0.008693186,0.10393228,-0.35369998,0.061302781,-0.611,5
US.GLD260316P453000,GLD 260316 453.00P,0.73,0.76,1.05,0.73,2.086,5,430.0,True,PUT,2026-03-16,453.0,100.0,180,34.986,-0.10391047,0.008764197,0.106178934,-0.321395995,-0.007198208,5.355,5
US.GLD260316C454000,GLD 260316 454.00C,21.0835,21.0835,0.0,0.0,21.0835,0,0.0,True,CALL,2026-03-16,454.0,100.0,2,34.391,0.890475594,0.009259917,0.110301097,-0.373357199,0.060812599,-0.581,5
US.GLD260316P454000,GLD 260316 454.00P,1.52,1.03,1.52,0.75,2.2312,58,5704.0,True,PUT,2026-03-16,454.0,100.0,57,34.523,-0.110467466,0.009282446,0.110967827,-0.332762254,-0.007654624,5.311,5
US.GLD260316C455000,GLD 260316 455.00C,25.89,25.23,25.89,25.23,20.2427,20,51414.0,True,CALL,2026-03-16,455.0,100.0,5,33.976,0.883178337,0.009814572,0.115495613,-0.386185673,0.060423729,0.634,5
US.GLD260316P455000,GLD 260316 455.00P,1.34,1.01,1.42,0.81,2.39,66,6615.0,True,PUT,2026-03-16,455.0,100.0,1432,34.32,-0.119196941,0.009856747,0.117137381,-0.350931384,-0.008266067,5.064,5
US.GLD260316C456000,GLD 260316 456.00C,19.4306,19.4306,0.0,0.0,19.4306,0,0.0,True,CALL,2026-03-16,456.0,100.0,2,34.33,0.870190077,0.010458151,0.124353419,-0.418929238,0.059606824,-0.508,5
US.GLD260316P456000,GLD 260316 456.00P,1.56,1.08,1.58,0.87,2.5777,104,15032.0,True,PUT,2026-03-16,456.0,100.0,70,33.518,-0.12444277,0.010402764,0.120733777,-0.354131484,-0.008624869,4.901,5
US.GLD260316C457000,GLD 260316 457.00C,22.15,23.23,24.6,21.7,18.6398,8,18120.0,True,CALL,2026-03-16,457.0,100.0,9,33.984,0.861266933,0.011058119,0.130163526,-0.434139409,0.059096208,0.269,5
US.GLD260316P457000,GLD 260316 457.00P,1.52,1.16,1.67,1.0,2.7866,31,3975.0,True,PUT,2026-03-16,457.0,100.0,125,33.991,-0.138894805,0.011066618,0.130248865,-0.390222186,-0.009645801,4.683,5
US.GLD260316C458000,GLD 260316 458.00C,23.55,21.9,23.55,21.9,17.849,12,28015.0,True,CALL,2026-03-16,458.0,100.0,6,33.583,0.852146425,0.011681775,0.135883351,-0.448057842,0.058571275,0.772,5
US.GLD260316P458000,GLD 260316 458.00P,1.68,1.29,1.85,1.09,2.9956,61,9577.0,True,PUT,2026-03-16,458.0,100.0,1012,32.925,-0.143382477,0.011674392,0.133084654,-0.386789613,-0.009945387,4.507,5
US.GLD260316C459000,GLD 260316 459.00C,17.0684,17.0684,0.0,0.0,17.0684,0,0.0,True,CALL,2026-03-16,459.0,100.0,7,33.83,0.837947845,0.012320804,0.144371525,-0.478909836,0.05766277,-0.375,5
US.GLD260316P459000,GLD 260316 459.00P,1.74,1.39,1.85,1.08,3.2149,117,17649.0,True,PUT,2026-03-16,459.0,100.0,1234,32.753,-0.154675723,0.012345838,0.140000173,-0.406597347,-0.010733967,4.31,5
US.GLD260316C460000,GLD 260316 460.00C,19.7,20.25,21.05,19.25,16.2879,18,36192.0,True,CALL,2026-03-16,460.0,100.0,197,33.634,0.826151942,0.012966082,0.151053595,-0.498244888,0.05693616,0.385,5
US.GLD260316P460000,GLD 260316 460.00P,2.06,1.65,2.09,1.28,3.4342,298,48262.0,True,PUT,2026-03-16,460.0,100.0,306,33.149,-0.170639583,0.013003906,0.14924383,-0.441293912,-0.011858464,4.168,5
US.GLD260316C461000,GLD 260316 461.00C,15.5288,15.5288,0.0,0.0,15.5288,0,0.0,True,CALL,2026-03-16,461.0,100.0,9,33.048,0.816384149,0.013658018,0.156343851,-0.507305978,0.056364271,-0.278,5
US.GLD260316P461000,GLD 260316 461.00P,1.87,1.55,2.96,1.39,3.675,47,10139.0,True,PUT,2026-03-16,461.0,100.0,28,33.032,-0.183662172,0.01367089,0.156343362,-0.462540978,-0.012767479,3.919,5
US.GLD260316C462000,GLD 260316 462.00C,18.65,18.65,18.65,18.65,14.8038,1,1865.0,True,CALL,2026-03-16,462.0,100.0,22,33.033,0.802016312,0.014310949,0.163745726,-0.531008222,0.055443488,0.583,5
US.GLD260316P462000,GLD 260316 462.00P,2.17,1.72,2.74,1.5,3.95,29,5865.0,True,PUT,2026-03-16,462.0,100.0,15,32.591,-0.195114861,0.014382345,0.162274867,-0.475114991,-0.013558767,3.773,5
US.GLD260316C463000,GLD 260316 463.00C,18.81,18.81,18.81,18.81,14.1037,1,1881.0,True,CALL,2026-03-16,463.0,100.0,13,32.783,0.788577874,0.01499466,0.170272818,-0.548251877,0.054593924,0.826,5
US.GLD260316P463000,GLD 260316 463.00P,2.49,1.78,2.49,1.59,4.25,74,15169.0,True,PUT,2026-03-16,463.0,100.0,235,32.301,-0.208332773,0.01509315,0.168774223,-0.491338258,-0.014474331,3.63,5
US.GLD260316C464000,GLD 260316 464.00C,18.01,18.01,18.01,18.01,13.4037,1,1801.0,True,CALL,2026-03-16,464.0,100.0,28,32.603,0.773972415,0.015668201,0.176950969,-0.56683374,0.053655903,0.868,5
US.GLD260316P464000,GLD 260316 464.00P,2.51,2.36,2.86,1.77,4.55,36,8812.0,True,PUT,2026-03-16,464.0,100.0,181,32.256,-0.223923447,0.015760308,0.175981743,-0.513405643,-0.015558743,3.425,5
US.GLD260316C465000,GLD 260316 465.00C,17.62,16.75,17.62,14.95,12.7036,33,54927.0,True,CALL,2026-03-16,465.0,100.0,188,32.619,0.757442503,0.016284708,0.184006705,-0.589717451,0.052570682,0.996,5
US.GLD260316P465000,GLD 260316 465.00P,3.0,2.11,4.0,1.84,4.85,356,102895.0,True,PUT,2026-03-16,465.0,100.0,145,31.546,-0.235822171,0.016589787,0.181156885,-0.517906336,-0.016366938,3.318,5
US.GLD260316C466000,GLD 260316 466.00C,17.1,15.55,17.1,14.65,12.0533,10,16047.0,True,CALL,2026-03-16,466.0,100.0,85,32.149,0.743283996,0.017028278,0.189639548,-0.599542923,0.051668881,1.096,5
US.GLD260316P466000,GLD 260316 466.00P,2.9,2.46,3.15,2.13,5.2,43,12427.0,True,PUT,2026-03-16,466.0,100.0,122,31.431,-0.252443589,0.017274779,0.187938175,-0.536879391,-0.017515333,3.088,5
US.GLD260316C467000,GLD 260316 467.00C,16.11,15.3,16.11,14.7,11.428,12,18635.0,True,CALL,2026-03-16,467.0,100.0,41,32.256,0.72493118,0.017576533,0.196399081,-0.622852065,0.050443825,1.098,5
US.GLD260316P467000,GLD 260316 467.00P,3.05,2.38,3.4,2.35,5.575,152,45971.0,True,PUT,2026-03-16,467.0,100.0,146,31.076,-0.268289032,0.018030076,0.193927427,-0.548947498,-0.018599313,2.91,5
US.GLD260316C468000,GLD 260316 468.00C,13.7,14.35,14.35,13.65,10.8064,5,6993.0,True,CALL,2026-03-16,468.0,100.0,98,31.646,0.710026847,0.018375515,0.201449158,-0.627412444,0.04948792,0.803,5
US.GLD260316P468000,GLD 260316 468.00P,3.5,2.75,3.95,2.57,5.9538,76,26031.0,True,PUT,2026-03-16,468.0,100.0,241,31.72,-0.290654115,0.018365707,0.201625223,-0.584500507,-0.020162195,2.795,5
US.GLD260316C469000,GLD 260316 469.00C,13.43,13.2,13.43,13.15,10.2184,25,33444.0,True,CALL,2026-03-16,469.0,100.0,103,31.701,0.690734177,0.018886721,0.207421522,-0.647000374,0.048190885,0.956,5
US.GLD260316P469000,GLD 260316 469.00P,4.04,3.01,4.04,2.7,6.3662,152,52597.0,True,PUT,2026-03-16,469.0,100.0,197,30.443,-0.302903359,0.01950293,0.205468087,-0.571923926,-0.020956706,2.699,5
US.GLD260316C470000,GLD 260316 470.00C,13.78,12.75,14.1,12.3,9.6304,35,45945.0,True,CALL,2026-03-16,470.0,100.0,348,31.544,0.671996042,0.019456612,0.212626334,-0.659977134,0.046937875,1.238,5
US.GLD260316P470000,GLD 260316 470.00P,4.34,3.65,4.62,2.89,6.7787,173,62632.0,True,PUT,2026-03-16,470.0,100.0,100,30.201,-0.321811519,0.020182256,0.210911865,-0.583288114,-0.022239158,2.553,5
US.GLD260316C471000,GLD 260316 471.00C,10.7,12.21,13.25,10.7,9.0527,51,62017.0,True,CALL,2026-03-16,471.0,100.0,446,31.302,0.653019497,0.020038985,0.217313965,-0.669387537,0.045667571,0.803,5
US.GLD260316P471000,GLD 260316 471.00P,4.4,3.58,5.88,3.32,7.2017,288,135512.0,True,PUT,2026-03-16,471.0,100.0,49,31.259,-0.34714524,0.02009009,0.217292589,-0.623550184,-0.024009864,2.356,5
US.GLD260316C472000,GLD 260316 472.00C,10.56,12.3,12.73,10.5,8.5572,41,46467.0,True,CALL,2026-03-16,472.0,100.0,747,31.316,0.632462815,0.02043844,0.221744296,-0.683005536,0.044271247,0.983,5
US.GLD260316P472000,GLD 260316 472.00P,5.35,3.85,5.35,3.6,7.7068,83,35364.0,True,PUT,2026-03-16,472.0,100.0,117,30.031,-0.363094231,0.021250186,0.220774421,-0.608540189,-0.025032478,2.345,5
US.GLD260316C473000,GLD 260316 473.00C,10.15,11.0,11.25,10.15,8.0617,42,45013.0,True,CALL,2026-03-16,473.0,100.0,654,31.014,0.612535063,0.020977864,0.225407952,-0.687500185,0.04292814,1.107,5
US.GLD260316P473000,GLD 260316 473.00P,4.95,4.85,5.25,3.87,8.2121,36,17579.0,True,PUT,2026-03-16,473.0,100.0,1099,29.863,-0.384229018,0.021760851,0.224779768,-0.616415244,-0.026445735,2.052,5
US.GLD260316C474000,GLD 260316 474.00C,8.4,9.49,11.03,8.4,7.5661,18,17768.0,True,CALL,2026-03-16,474.0,100.0,163,30.847,0.591624418,0.021389621,0.228595694,-0.693102232,0.041506138,0.95,5
US.GLD260316P474000,GLD 260316 474.00P,5.2,5.25,5.5,4.16,8.7174,87,44113.0,True,PUT,2026-03-16,474.0,100.0,1045,29.713,-0.405961632,0.022205661,0.228179628,-0.622658729,-0.027889444,1.895,5
US.GLD260316C475000,GLD 260316 475.00C,8.5,8.9,10.61,7.7,7.1109,104,94259.0,True,CALL,2026-03-16,475.0,100.0,431,30.698,0.570231157,0.02173516,0.231170533,-0.697018664,0.040045327,1.18,5
US.GLD260316P475000,GLD 260316 475.00P,6.0,5.04,7.5,4.55,9.2632,306,173380.0,True,PUT,2026-03-16,475.0,100.0,85,30.768,-0.430376931,0.021726065,0.23114868,-0.653646732,-0.029574604,1.854,5
US.GLD260316C476000,GLD 260316 476.00C,8.0,9.1,9.9,7.6,6.6557,44,38513.0,True,CALL,2026-03-16,476.0,100.0,102,30.672,0.548331701,0.021934256,0.233095073,-0.701472734,0.038540199,1.284,5
US.GLD260316P476000,GLD 260316 476.00P,6.7,5.3,8.4,4.89,9.8091,199,116651.0,True,PUT,2026-03-16,476.0,100.0,4,30.634,-0.452155129,0.022003807,0.233036655,-0.655683407,-0.031001909,1.791,5
US.GLD260316C477000,GLD 260316 477.00C,8.5,7.69,8.5,7.69,6.2005,8,6447.0,True,CALL,2026-03-16,477.0,100.0,36,30.553,0.526328241,0.022134719,0.234309923,-0.701559609,0.037027527,1.598,5
US.GLD260316P477000,GLD 260316 477.00P,7.08,7.4,7.4,5.3,10.3551,165,96304.0,True,PUT,2026-03-16,477.0,100.0,0,29.341,-0.473799545,0.023098395,0.23420668,-0.629733198,-0.032319376,1.661,5
US.GLD260316C478000,GLD 260316 478.00C,7.04,7.26,8.65,6.8,5.8,120,92930.0,True,CALL,2026-03-16,478.0,100.0,37,30.446,0.504122103,0.022259589,0.23480921,-0.69961427,0.035496356,1.502,5
US.GLD260316P478000,GLD 260316 478.00P,7.16,6.47,7.55,5.7,10.9559,528,346013.0,True,PUT,2026-03-16,478.0,100.0,6,29.236,-0.4969781,0.023237099,0.234696177,-0.627789985,-0.033800278,1.469,5
US.GLD260316C479000,GLD 260316 479.00C,6.5,7.72,8.21,6.5,5.425,13,9515.0,True,CALL,2026-03-16,479.0,100.0,81,30.352,0.481807025,0.022306952,0.234577014,-0.695600404,0.033953482,1.598,5
US.GLD260316P479000,GLD 260316 479.00P,7.37,6.73,10.02,6.44,11.5823,336,271488.0,True,PUT,2026-03-16,479.0,100.0,13,29.033,-0.52041073,0.02337805,0.234382348,-0.621209925,-0.035267014,1.303,5
US.GLD260316C480000,GLD 260316 480.00C,5.95,6.96,7.85,5.2,5.05,410,274596.0,True,CALL,2026-03-16,480.0,100.0,315,30.59,0.460057598,0.022045319,0.233642057,-0.696743998,0.032436456,1.692,5
US.GLD260316P480000,GLD 260316 480.00P,8.25,7.15,10.0,6.58,12.2088,921,661724.0,True,PUT,2026-03-16,480.0,100.0,21,28.943,-0.543832353,0.023348542,0.233256366,-0.61471989,-0.036717789,1.278,5
US.GLD260316C481000,GLD 260316 481.00C,5.62,6.3,7.2,5.46,4.725,64,40721.0,True,CALL,2026-03-16,481.0,100.0,9,30.305,0.437503408,0.022089444,0.231930571,-0.68386195,0.030876237,1.833,5
US.GLD260316P481000,GLD 260316 481.00P,9.25,9.14,9.25,7.15,12.8854,51,43618.0,True,PUT,2026-03-16,481.0,100.0,8,28.968,-0.566886152,0.023149254,0.231351382,-0.608455787,-0.038130154,1.278,5
US.GLD260316C482000,GLD 260316 482.00C,5.3,5.85,6.77,5.0,4.425,227,133808.0,True,CALL,2026-03-16,482.0,100.0,57,30.139,0.415160894,0.021977612,0.229484967,-0.671354794,0.02932378,1.975,5
US.GLD260316P482000,GLD 260316 482.00P,7.95,9.04,9.04,7.95,13.587,24,19447.0,True,PUT,2026-03-16,482.0,100.0,111,30.204,-0.585501914,0.022003796,0.22924233,-0.627896032,-0.039383238,0.797,5
US.GLD260316C483000,GLD 260316 483.00C,4.65,5.1,6.35,4.65,4.125,125,67777.0,True,CALL,2026-03-16,483.0,100.0,90,30.204,0.393803346,0.0216396,0.226442028,-0.662078732,0.027831383,2.048,5
US.GLD260316P483000,GLD 260316 483.00P,10.4,9.6,10.4,8.7,14.2888,36,36080.0,True,PUT,2026-03-16,483.0,100.0,8,29.826,-0.608659689,0.021970615,0.225868966,-0.608253497,-0.040707871,1.1,5
US.GLD260316C484000,GLD 260316 484.00C,4.56,5.0,5.9,4.56,3.828,115,62689.0,True,CALL,2026-03-16,484.0,100.0,201,30.288,0.372981097,0.021232755,0.222802898,-0.651334621,0.026374022,2.239,5
US.GLD260316P484000,GLD 260316 484.00P,11.1,8.83,11.1,8.83,14.9939,12,11265.0,True,PUT,2026-03-16,484.0,100.0,24,28.434,-0.637030097,0.022539587,0.220598057,-0.562001932,-0.042140748,1.037,5
US.GLD260316C485000,GLD 260316 485.00C,4.2,5.28,5.49,3.83,3.5683,234,115249.0,True,CALL,2026-03-16,485.0,100.0,139,30.167,0.351626089,0.020894425,0.218369421,-0.633806893,0.02488181,2.373,5
US.GLD260316P485000,GLD 260316 485.00P,11.68,10.3,11.7,9.32,15.7362,33,32976.0,True,PUT,2026-03-16,485.0,100.0,51,29.885,-0.650973087,0.021153292,0.217571024,-0.581985094,-0.043104401,0.95,5
US.GLD260316C486000,GLD 260316 486.00C,3.63,4.65,5.05,3.52,3.3086,123,56889.0,True,CALL,2026-03-16,486.0,100.0,98,30.18,0.331369866,0.020419938,0.213495256,-0.617791726,0.023461712,2.463,5
US.GLD260316P486000,GLD 260316 486.00P,16.4787,16.4787,0.0,0.0,16.4787,0,0.0,True,PUT,2026-03-16,486.0,100.0,3,30.241,-0.669487316,0.0204851,0.213052596,-0.574331905,-0.044148116,1.744,5
US.GLD260316C487000,GLD 260316 487.00C,3.35,3.95,4.75,3.35,3.0866,87,37329.0,True,CALL,2026-03-16,487.0,100.0,121,29.157,0.30505393,0.020411419,0.206163373,-0.573961643,0.021631641,2.613,5
US.GLD260316P487000,GLD 260316 487.00P,17.2589,17.2589,0.0,0.0,17.2589,0,0.0,True,PUT,2026-03-16,487.0,100.0,15,30.037,-0.690639288,0.020081624,0.207197967,-0.55133854,-0.045204941,1.698,5
US.GLD260316C488000,GLD 260316 488.00C,3.45,3.58,4.17,3.45,2.8647,73,27404.0,True,CALL,2026-03-16,488.0,100.0,83,30.165,0.292246339,0.019348271,0.202179476,-0.580300804,0.020714681,2.843,5
US.GLD260316P488000,GLD 260316 488.00P,18.0394,18.0394,0.0,0.0,18.0394,0,0.0,True,PUT,2026-03-16,488.0,100.0,4,30.222,-0.708790545,0.019438565,0.201581793,-0.53678224,-0.046119062,1.652,5
US.GLD260316C489000,GLD 260316 489.00C,4.0,3.11,4.0,3.11,2.6716,15,5662.0,True,CALL,2026-03-16,489.0,100.0,66,30.192,0.273812048,0.018735596,0.195947615,-0.560569785,0.019417639,3.168,5
US.GLD260316P489000,GLD 260316 489.00P,14.25,13.2,14.25,13.2,18.8488,2,2745.0,True,PUT,2026-03-16,489.0,100.0,2,29.809,-0.730490118,0.019012623,0.194110593,-0.505558672,-0.047032572,0.65,5
US.GLD260316C490000,GLD 260316 490.00C,2.84,2.93,3.7,2.68,2.4786,233,76607.0,True,CALL,2026-03-16,490.0,100.0,352,30.285,0.256524509,0.018069517,0.189558038,-0.541600999,0.018199228,3.134,5
US.GLD260316P490000,GLD 260316 490.00P,19.6584,19.6584,0.0,0.0,19.6584,0,0.0,True,PUT,2026-03-16,490.0,100.0,18,30.335,-0.744747163,0.018186201,0.188759096,-0.497932384,-0.047728154,1.573,5
US.GLD260316C491000,GLD 260316 491.00C,2.35,3.02,3.31,2.35,2.29,10,2979.0,True,CALL,2026-03-16,491.0,100.0,63,29.602,0.233945783,0.017592503,0.180384979,-0.50089512,0.016615965,3.241,5
US.GLD260316P491000,GLD 260316 491.00P,20.4726,20.4726,0.0,0.0,20.4726,0,0.0,True,PUT,2026-03-16,491.0,100.0,8,30.392,-0.761705083,0.017523583,0.181895718,-0.477205022,-0.04839353,1.534,5
US.GLD260316C492000,GLD 260316 492.00C,2.32,2.63,3.15,2.32,2.125,48,13800.0,True,CALL,2026-03-16,492.0,100.0,64,29.802,0.218814819,0.016827019,0.17369501,-0.483254564,0.015545647,3.444,5
US.GLD260316P492000,GLD 260316 492.00P,14.71,15.44,15.44,14.71,21.3104,4,6030.0,True,PUT,2026-03-16,492.0,100.0,0,30.357,-0.778683871,0.016864653,0.17447134,-0.453383803,-0.048963821,0.119,5
US.GLD260316C493000,GLD 260316 493.00C,2.31,2.33,2.96,2.31,1.99,108,30553.0,True,CALL,2026-03-16,493.0,100.0,27,30.371,0.207476498,0.016007113,0.168385242,-0.475457758,0.014739067,3.651,5
US.GLD260316P493000,GLD 260316 493.00P,22.1779,0.0,0.0,0.0,22.1779,0,0.0,True,PUT,2026-03-16,493.0,100.0,0,29.467,-0.802168813,0.016332347,0.16322752,-0.405475778,-0.049388585,1.472,5
US.GLD260316C494000,GLD 260316 494.00C,1.9,2.13,2.66,1.9,1.855,27,6503.0,True,CALL,2026-03-16,494.0,100.0,105,29.391,0.184182268,0.015386792,0.156630386,-0.424626588,0.01310162,3.775,5
US.GLD260316P494000,GLD 260316 494.00P,23.0459,23.0459,0.0,0.0,23.0459,0,0.0,True,PUT,2026-03-16,494.0,100.0,0,28.022,-0.830529022,0.015718695,0.148049007,-0.341551981,-0.049393222,1.444,5
US.GLD260316C495000,GLD 260316 495.00C,1.72,2.2,2.5,1.72,1.73,89,19790.0,True,CALL,2026-03-16,495.0,100.0,219,30.302,0.177345558,0.014574288,0.152961135,-0.426099673,0.012610212,3.946,5
US.GLD260316P495000,GLD 260316 495.00P,23.9238,23.9238,0.0,0.0,23.9238,0,0.0,True,PUT,2026-03-16,495.0,100.0,1,30.449,-0.823855078,0.014760922,0.151846411,-0.384948177,-0.050003852,1.419,5
US.GLD260316C500000,GLD 260316 500.00C,1.05,1.43,1.71,1.05,1.21,337,48586.0,True,CALL,2026-03-16,500.0,100.0,603,30.251,0.115708835,0.010948309,0.11470385,-0.308777312,0.008243647,4.852,5
US.GLD260316P500000,GLD 260316 500.00P,28.4198,28.4198,0.0,0.0,28.4198,0,0.0,True,PUT,2026-03-16,500.0,100.0,1,31.342,-0.878944511,0.011369002,0.117806012,-0.292319037,-0.049773341,1.313,5
US.GLD260316C505000,GLD 260316 505.00C,0.71,0.97,1.09,0.71,0.855,89,8148.0,True,CALL,2026-03-16,505.0,100.0,211,31.517,0.08026751,0.008033836,0.087698588,-0.238708793,0.00572195,5.828,5
US.GLD260316P505000,GLD 260316 505.00P,33.0818,0.0,0.0,0.0,33.0818,0,0.0,True,PUT,2026-03-16,505.0,100.0,0,30.42,-0.932435061,0.008150123,0.075871824,-0.164838601,-0.044327378,1.243,5
US.GLD260316C510000,GLD 260316 510.00C,0.54,0.74,0.81,0.54,0.685,62,4301.0,True,CALL,2026-03-16,510.0,100.0,515,32.072,0.051807576,0.005619856,0.06243973,-0.166774942,0.003696839,6.838,5
US.GLD260316P510000,GLD 260316 510.00P,37.9246,37.9246,0.0,0.0,37.9246,0,0.0,True,PUT,2026-03-16,510.0,100.0,9,35.201,-0.934885639,0.006757018,0.073880911,-0.187671518,-0.045889256,1.21,5
US.GLD260316C515000,GLD 260316 515.00C,0.31,0.45,0.55,0.3,0.524,142,6819.0,True,CALL,2026-03-16,515.0,100.0,268,34.069,0.039022981,0.004211586,0.049716822,-0.137641919,0.002783817,7.837,5
US.GLD260316P515000,GLD 260316 515.00P,42.779,0.0,0.0,0.0,42.779,0,0.0,True,PUT,2026-03-16,515.0,100.0,0,34.296,-0.966750805,0.004759857,0.042380049,-0.090044393,-0.035484139,1.18,5
US.GLD260316C520000,GLD 260316 520.00C,0.3,0.48,0.48,0.3,0.3899,68,2384.0,True,CALL,2026-03-16,520.0,100.0,97,37.382,0.0350118,0.003512611,0.045501269,-0.136815609,0.002494344,8.881,5
US.GLD260316P520000,GLD 260316 520.00P,47.663,47.663,0.0,0.0,47.663,0,0.0,True,PUT,2026-03-16,520.0,100.0,1,33.245,-0.990286101,0.00333241,0.01386109,-0.014999563,-0.015732501,1.155,5
US.GLD260316C525000,GLD 260316 525.00C,0.2,0.34,0.34,0.2,0.2557,7,172.0,True,CALL,2026-03-16,525.0,100.0,307,35.979,0.017864139,0.002076845,0.025911429,-0.070851337,0.001275442,9.906,5
US.GLD260316P525000,GLD 260316 525.00P,52.5566,0.0,0.0,0.0,52.5566,0,0.0,True,PUT,2026-03-16,525.0,100.0,0,38.953,-0.981063979,0.003143679,0.025987648,-0.053749987,-0.027900974,1.133,5
US.GLD260316C530000,GLD 260316 530.00C,0.12,0.18,0.23,0.12,0.2246,162,3266.0,True,CALL,2026-03-16,530.0,100.0,118,37.938,0.014192229,0.001616981,0.02127702,-0.060124346,0.001012862,10.936,5
US.GLD260316P530000,GLD 260316 530.00P,57.5348,0.0,0.0,0.0,57.5348,0,0.0,True,PUT,2026-03-16,530.0,100.0,0,0.0,0.0,0.0,0.0,0.0,0.0,1.128,5
US.GLD260316C535000,GLD 260316 535.00C,0.1,0.15,0.15,0.1,0.1934,4,52.0,True,CALL,2026-03-16,535.0,100.0,1,40.355,0.012333774,0.001346558,0.018848397,-0.055950335,0.000879559,11.978,5
US.GLD260316P535000,GLD 260316 535.00P,62.5141,0.0,0.0,0.0,62.5141,0,0.0,True,PUT,2026-03-16,535.0,100.0,0,0.0,0.0,0.0,0.0,0.0,0.0,1.124,5
US.GLD260316C540000,GLD 260316 540.00C,0.11,0.1,0.12,0.09,0.1623,39,426.0,True,CALL,2026-03-16,540.0,100.0,7,40.557,0.007734871,0.000891361,0.01254785,-0.035973945,0.00055201,13.026,5
US.GLD260316P540000,GLD 260316 540.00P,67.4962,0.0,0.0,0.0,67.4962,0,0.0,True,PUT,2026-03-16,540.0,100.0,0,0.0,0.0,0.0,0.0,0.0,0.0,1.12,5
US.GLD260316C545000,GLD 260316 545.00C,0.06,0.1,0.1,0.06,0.1312,4,32.0,True,CALL,2026-03-16,545.0,100.0,0,42.788,0.006811513,0.000755299,0.011217436,-0.033551413,0.000485784,14.062,5
US.GLD260316P545000,GLD 260316 545.00P,72.4809,0.0,0.0,0.0,72.4809,0,0.0,True,PUT,2026-03-16,545.0,100.0,0,0.0,0.0,0.0,0.0,0.0,0.0,1.117,5
US.GLD260316C550000,GLD 260316 550.00C,0.1,0.0,0.0,0.0,0.1,0,0.0,True,CALL,2026-03-16,550.0,100.0,0,48.749,0.0104307,0.000963617,0.016290959,-0.057497889,0.000741499,15.117,5
US.GLD260316P550000,GLD 260316 550.00P,77.4709,0.0,0.0,0.0,77.4709,0,0.0,True,PUT,2026-03-16,550.0,100.0,0,0.0,0.0,0.0,0.0,0.0,0.0,1.115,5
US.GLD260316C555000,GLD 260316 555.00C,0.09,0.09,0.09,0.09,0.0929,1,9.0,True,CALL,2026-03-16,555.0,100.0,1,50.79,0.009142984,0.000824344,0.01452044,-0.052782091,0.000649601,16.161,5
US.GLD260316P555000,GLD 260316 555.00P,82.47,0.0,0.0,0.0,82.47,0,0.0,True,PUT,2026-03-16,555.0,100.0,0,0.0,0.0,0.0,0.0,0.0,0.0,1.115,5
US.GLD260316C560000,GLD 260316 560.00C,0.0858,0.0,0.0,0.0,0.0858,0,0.0,True,CALL,2026-03-16,560.0,100.0,0,53.119,0.008412949,0.000732746,0.013498783,-0.050938159,0.000597279,17.206,5
US.GLD260316P560000,GLD 260316 560.00P,87.47,0.0,0.0,0.0,87.47,0,0.0,True,PUT,2026-03-16,560.0,100.0,0,0.0,0.0,0.0,0.0,0.0,0.0,1.115,5
US.GLD260316C565000,GLD 260316 565.00C,0.0787,0.0,0.0,0.0,0.0787,0,0.0,True,CALL,2026-03-16,565.0,100.0,0,55.14,0.007523609,0.000639841,0.01223603,-0.047463448,0.000533841,18.251,5
US.GLD260316P565000,GLD 260316 565.00P,92.47,0.0,0.0,0.0,92.47,0,0.0,True,PUT,2026-03-16,565.0,100.0,0,0.0,0.0,0.0,0.0,0.0,0.0,1.115,5
US.GLD260316C570000,GLD 260316 570.00C,0.0715,0.0,0.0,0.0,0.0715,0,0.0,True,CALL,2026-03-16,570.0,100.0,0,57.034,0.006689645,0.000557671,0.011031558,-0.04381206,0.000474435,19.296,5
US.GLD260316P570000,GLD 260316 570.00P,97.47,0.0,0.0,0.0,97.47,0,0.0,True,PUT,2026-03-16,570.0,100.0,0,0.0,0.0,0.0,0.0,0.0,0.0,1.115,5
US.GLD260316C575000,GLD 260316 575.00C,0.0644,0.0,0.0,0.0,0.0644,0,0.0,True,CALL,2026-03-16,575.0,100.0,0,58.812,0.005916476,0.000485094,0.009895365,-0.040096356,0.000419424,20.341,5
US.GLD260316P575000,GLD 260316 575.00P,102.47,0.0,0.0,0.0,102.47,0,0.0,True,PUT,2026-03-16,575.0,100.0,0,0.0,0.0,0.0,0.0,0.0,0.0,1.115,5
US.GLD260316C580000,GLD 260316 580.00C,0.0573,0.0,0.0,0.0,0.0573,0,0.0,True,CALL,2026-03-16,580.0,100.0,0,60.451,0.005187997,0.000419945,0.008805676,-0.036263752,0.000367656,21.386,5
US.GLD260316P580000,GLD 260316 580.00P,107.47,0.0,0.0,0.0,107.47,0,0.0,True,PUT,2026-03-16,580.0,100.0,0,0.0,0.0,0.0,0.0,0.0,0.0,1.115,5
US.GLD260316C585000,GLD 260316 585.00C,0.0502,0.0,0.0,0.0,0.0502,0,0.0,True,CALL,2026-03-16,585.0,100.0,0,61.935,0.004496998,0.000360847,0.007752721,-0.032314314,0.000318606,22.431,5
US.GLD260316P585000,GLD 260316 585.00P,112.47,0.0,0.0,0.0,112.47,0,0.0,True,PUT,2026-03-16,585.0,100.0,0,0.0,0.0,0.0,0.0,0.0,0.0,1.115,5
US.GLD260316C590000,GLD 260316 590.00C,0.0431,0.0431,0.0,0.0,0.0431,0,0.0,True,CALL,2026-03-16,590.0,100.0,12,63.238,0.003837002,0.000306631,0.00672703,-0.028246011,0.000271806,23.476,5
US.GLD260316P590000,GLD 260316 590.00P,117.47,0.0,0.0,0.0,117.47,0,0.0,True,PUT,2026-03-16,590.0,100.0,0,0.0,0.0,0.0,0.0,0.0,0.0,1.115,5
US.GLD260316C595000,GLD 260316 595.00C,0.036,0.036,0.0,0.0,0.036,0,0.0,True,CALL,2026-03-16,595.0,100.0,1,64.32,0.003201881,0.000256254,0.005718724,-0.024053947,0.00022681,24.52,5
US.GLD260316P595000,GLD 260316 595.00P,122.47,0.0,0.0,0.0,122.47,0,0.0,True,PUT,2026-03-16,595.0,100.0,0,0.0,0.0,0.0,0.0,0.0,0.0,1.115,5
US.GLD260316C600000,GLD 260316 600.00C,0.0288,0.0,0.0,0.0,0.0288,0,0.0,True,CALL,2026-03-16,600.0,100.0,0,65.098,0.002577914,0.000208239,0.004704154,-0.019666528,0.000182638,25.565,5
US.GLD260316P600000,GLD 260316 600.00P,127.47,0.0,0.0,0.0,127.47,0,0.0,True,PUT,2026-03-16,600.0,100.0,0,0.0,0.0,0.0,0.0,0.0,0.0,1.115,5
US.GLD260316C605000,GLD 260316 605.00C,0.0232,0.0,0.0,0.0,0.0232,0,0.0,True,CALL,2026-03-16,605.0,100.0,0,65.892,0.002087453,0.000169944,0.003886544,-0.016160505,0.000147908,26.61,5
US.GLD260316P605000,GLD 260316 605.00P,132.47,0.0,0.0,0.0,132.47,0,0.0,True,PUT,2026-03-16,605.0,100.0,0,0.0,0.0,0.0,0.0,0.0,0.0,1.115,5
US.GLD260316C610000,GLD 260316 610.00C,0.0186,0.0,0.0,0.0,0.0186,0,0.0,True,CALL,2026-03-16,610.0,100.0,0,66.633,0.001683445,0.00013821,0.003196909,-0.013205405,0.000119299,27.656,5
US.GLD260316P610000,GLD 260316 610.00P,137.47,0.0,0.0,0.0,137.47,0,0.0,True,PUT,2026-03-16,610.0,100.0,0,0.0,0.0,0.0,0.0,0.0,0.0,1.115,5
US.GLD260316C615000,GLD 260316 615.00C,0.015,0.0,0.0,0.0,0.015,0,0.0,True,CALL,2026-03-16,615.0,100.0,0,67.385,0.001364331,0.000112827,0.002639664,-0.010837482,9.6696e-05,28.701,5
US.GLD260316P615000,GLD 260316 615.00P,142.47,0.0,0.0,0.0,142.47,0,0.0,True,PUT,2026-03-16,615.0,100.0,0,0.0,0.0,0.0,0.0,0.0,0.0,1.115,5
US.GLD260318C290000,GLD 260318 290.00C,182.8453,0.0,0.0,0.0,182.8453,0,0.0,True,CALL,2026-03-18,290.0,100.0,0,0.0,0.0,0.0,0.0,0.0,0.0,-1.049,7
US.GLD260318P290000,GLD 260318 290.00P,0.0889,0.0,0.0,0.0,0.0889,0,0.0,True,PUT,2026-03-18,290.0,100.0,0,131.389,-0.003080204,0.000103826,0.006434871,-0.045316486,-0.000266837,39.331,7
US.GLD260318C295000,GLD 260318 295.00C,177.8563,0.0,0.0,0.0,177.8563,0,0.0,True,CALL,2026-03-18,295.0,100.0,0,0.0,0.0,0.0,0.0,0.0,0.0,-1.047,7
US.GLD260318P295000,GLD 260318 295.00P,0.0954,0.0,0.0,0.0,0.0954,0,0.0,True,PUT,2026-03-18,295.0,100.0,0,128.198,-0.003365121,0.000115226,0.006967944,-0.048102401,-0.000293484,38.286,7
US.GLD260318C300000,GLD 260318 300.00C,172.8673,0.0,0.0,0.0,172.8673,0,0.0,True,CALL,2026-03-18,300.0,100.0,0,0.0,0.0,0.0,0.0,0.0,0.0,-1.044,7
US.GLD260318P300000,GLD 260318 300.00P,0.1018,0.0,0.0,0.0,0.1018,0,0.0,True,PUT,2026-03-18,300.0,100.0,0,124.96,-0.003660547,0.000127493,0.007514881,-0.050790706,-0.000321101,37.241,7
US.GLD260318C305000,GLD 260318 305.00C,167.8783,0.0,0.0,0.0,167.8783,0,0.0,True,CALL,2026-03-18,305.0,100.0,0,0.0,0.0,0.0,0.0,0.0,0.0,-1.042,7
US.GLD260318P305000,GLD 260318 305.00P,0.1083,0.0,0.0,0.0,0.1083,0,0.0,True,PUT,2026-03-18,305.0,100.0,0,121.708,-0.003973359,0.000140884,0.008088036,-0.053470436,-0.000350347,36.196,7
US.GLD260318C310000,GLD 260318 310.00C,162.8893,0.0,0.0,0.0,162.8893,0,0.0,True,CALL,2026-03-18,310.0,100.0,0,0.0,0.0,0.0,0.0,0.0,0.0,-1.04,7
US.GLD260318P310000,GLD 260318 310.00P,0.1147,0.1147,0.0,0.0,0.1147,0,0.0,True,PUT,2026-03-18,310.0,100.0,1,118.424,-0.004298868,0.00015536,0.008678401,-0.056053871,-0.000380754,35.151,7
US.GLD260318C315000,GLD 260318 315.00C,157.9004,0.0,0.0,0.0,157.9004,0,0.0,True,CALL,2026-03-18,315.0,100.0,0,0.0,0.0,0.0,0.0,0.0,0.0,-1.037,7
US.GLD260318P315000,GLD 260318 315.00P,0.1211,0.0,0.0,0.0,0.1211,0,0.0,True,PUT,2026-03-18,315.0,100.0,0,115.125,-0.004641293,0.000171136,0.009293235,-0.058584807,-0.00041272,34.106,7
US.GLD260318C320000,GLD 260318 320.00C,152.9114,0.0,0.0,0.0,152.9114,0,0.0,True,CALL,2026-03-18,320.0,100.0,0,0.0,0.0,0.0,0.0,0.0,0.0,-1.035,7
US.GLD260318P320000,GLD 260318 320.00P,0.1276,0.1276,0.0,0.0,0.1276,0,0.0,True,PUT,2026-03-18,320.0,100.0,1,111.825,-0.005005178,0.00018845,0.009940082,-0.061104085,-0.000446679,33.061,7
US.GLD260318C325000,GLD 260318 325.00C,147.9224,0.0,0.0,0.0,147.9224,0,0.0,True,CALL,2026-03-18,325.0,100.0,0,0.0,0.0,0.0,0.0,0.0,0.0,-1.033,7
US.GLD260318P325000,GLD 260318 325.00P,0.134,0.134,0.0,0.0,0.134,0,0.0,True,PUT,2026-03-18,325.0,100.0,1,108.507,-0.005385929,0.000207307,0.010610191,-0.063526808,-0.000482166,32.016,7
US.GLD260318C330000,GLD 260318 330.00C,142.9334,0.0,0.0,0.0,142.9334,0,0.0,True,CALL,2026-03-18,330.0,100.0,0,0.0,0.0,0.0,0.0,0.0,0.0,-1.031,7
US.GLD260318P330000,GLD 260318 330.00P,0.1404,0.0,0.0,0.0,0.1404,0,0.0,True,PUT,2026-03-18,330.0,100.0,0,105.182,-0.005788369,0.000227995,0.011311472,-0.065893831,-0.000519637,30.971,7
US.GLD260318C335000,GLD 260318 335.00C,137.9444,0.0,0.0,0.0,137.9444,0,0.0,True,CALL,2026-03-18,335.0,100.0,0,80.192,0.999155107,5.2378e-05,0.001983384,-0.040545369,0.069104158,-1.028,7
US.GLD260318P335000,GLD 260318 335.00P,0.1469,0.0,0.0,0.0,0.1469,0,0.0,True,PUT,2026-03-18,335.0,100.0,0,101.863,-0.00621791,0.000250848,0.012052532,-0.068244892,-0.000559606,29.926,7
US.GLD260318C340000,GLD 260318 340.00C,132.9554,0.0,0.0,0.0,132.9554,0,0.0,True,CALL,2026-03-18,340.0,100.0,0,0.0,0.0,0.0,0.0,0.0,0.0,-1.026,7
US.GLD260318P340000,GLD 260318 340.00P,0.1533,0.0,0.0,0.0,0.1533,0,0.0,True,PUT,2026-03-18,340.0,100.0,0,98.533,-0.006670117,0.000275944,0.012824901,-0.070496369,-0.000601618,28.881,7
US.GLD260318C345000,GLD 260318 345.00C,127.9664,0.0,0.0,0.0,127.9664,0,0.0,True,CALL,2026-03-18,345.0,100.0,0,0.0,0.0,0.0,0.0,0.0,0.0,-1.024,7
US.GLD260318P345000,GLD 260318 345.00P,0.1598,0.1598,0.0,0.0,0.1598,0,0.0,True,PUT,2026-03-18,345.0,100.0,5,95.21,-0.007154345,0.000303808,0.01364363,-0.072726576,-0.000646568,27.836,7
US.GLD260318C350000,GLD 260318 350.00C,122.9774,0.0,0.0,0.0,122.9774,0,0.0,True,CALL,2026-03-18,350.0,100.0,0,0.0,0.0,0.0,0.0,0.0,0.0,-1.021,7
US.GLD260318P350000,GLD 260318 350.00P,0.1662,0.1662,0.0,0.0,0.1662,0,0.0,True,PUT,2026-03-18,350.0,100.0,5,78.475,-0.002420504,0.000139794,0.005179948,-0.02130878,-0.000190588,26.791,7
US.GLD260318C355000,GLD 260318 355.00C,117.9884,0.0,0.0,0.0,117.9884,0,0.0,True,CALL,2026-03-18,355.0,100.0,0,71.476,0.99838642,0.000106271,0.003586292,-0.047753465,0.07315692,-1.019,7
US.GLD260318P355000,GLD 260318 355.00P,0.1726,0.0,0.0,0.0,0.1726,0,0.0,True,PUT,2026-03-18,355.0,100.0,0,99.928,-0.016114353,0.000586888,0.027654054,-0.162216723,-0.0015313,25.746,7
US.GLD260318C360000,GLD 260318 360.00C,112.9994,0.0,0.0,0.0,112.9994,0,0.0,True,CALL,2026-03-18,360.0,100.0,0,67.315,0.99854268,0.000102831,0.003269119,-0.046311918,0.074205797,-1.017,7
US.GLD260318P360000,GLD 260318 360.00P,0.1791,0.0,0.0,0.0,0.1791,0,0.0,True,PUT,2026-03-18,360.0,100.0,0,96.336,-0.017208244,0.000643958,0.029252519,-0.165963826,-0.001635259,24.701,7
US.GLD260318C365000,GLD 260318 365.00C,108.0104,0.0,0.0,0.0,108.0104,0,0.0,True,CALL,2026-03-18,365.0,100.0,0,0.0,0.0,0.0,0.0,0.0,0.0,-1.014,7
US.GLD260318P365000,GLD 260318 365.00P,0.1855,0.0,0.0,0.0,0.1855,0,0.0,True,PUT,2026-03-18,365.0,100.0,0,92.415,-0.018070301,0.000699881,0.030498608,-0.166360949,-0.001715261,23.656,7
US.GLD260318C370000,GLD 260318 370.00C,103.0215,0.0,0.0,0.0,103.0215,0,0.0,True,CALL,2026-03-18,370.0,100.0,0,0.0,0.0,0.0,0.0,0.0,0.0,-1.012,7
US.GLD260318P370000,GLD 260318 370.00P,0.05,0.13,0.15,0.05,0.192,20,173.0,True,PUT,2026-03-18,370.0,100.0,1,68.994,-0.004270944,0.000265044,0.008632517,-0.03221992,-0.000357219,22.581,7
US.GLD260318C375000,GLD 260318 375.00C,98.0325,0.0,0.0,0.0,98.0325,0,0.0,True,CALL,2026-03-18,375.0,100.0,0,0.0,0.0,0.0,0.0,0.0,0.0,-1.01,7
US.GLD260318P375000,GLD 260318 375.00P,0.06,0.07,0.07,0.06,0.1984,2,13.0,True,PUT,2026-03-18,375.0,100.0,2,74.01,-0.009835526,0.000516796,0.01804229,-0.075900482,-0.000888833,21.537,7
US.GLD260318C380000,GLD 260318 380.00C,93.0435,0.0,0.0,0.0,93.0435,0,0.0,True,CALL,2026-03-18,380.0,100.0,0,0.0,0.0,0.0,0.0,0.0,0.0,-1.008,7
US.GLD260318P380000,GLD 260318 380.00P,0.1,0.06,0.1,0.06,0.2049,4,30.0,True,PUT,2026-03-18,380.0,100.0,5,64.826,-0.00609375,0.0003871,0.011843903,-0.042375012,-0.000524918,20.499,7
US.GLD260318C385000,GLD 260318 385.00C,88.0545,0.0,0.0,0.0,88.0545,0,0.0,True,CALL,2026-03-18,385.0,100.0,0,0.0,0.0,0.0,0.0,0.0,0.0,-1.005,7
US.GLD260318P385000,GLD 260318 385.00P,0.06,0.06,0.06,0.06,0.2113,100,600.0,True,PUT,2026-03-18,385.0,100.0,1,72.677,-0.016935671,0.000841979,0.028857799,-0.122972386,-0.001574447,19.445,7
US.GLD260318C390000,GLD 260318 390.00C,83.0655,0.0,0.0,0.0,83.0655,0,0.0,True,CALL,2026-03-18,390.0,100.0,0,0.0,0.0,0.0,0.0,0.0,0.0,-1.003,7
US.GLD260318P390000,GLD 260318 390.00P,0.2177,0.2177,0.0,0.0,0.2177,0,0.0,True,PUT,2026-03-18,390.0,100.0,2,60.919,-0.0090125,0.000581587,0.016718073,-0.057463588,-0.000796825,18.431,7
US.GLD260318C395000,GLD 260318 395.00C,78.0911,0.0,0.0,0.0,78.0911,0,0.0,True,CALL,2026-03-18,395.0,100.0,0,55.251,0.992641023,0.000536834,0.013995631,-0.081596534,0.080836717,-0.997,7
US.GLD260318P395000,GLD 260318 395.00P,0.08,0.1,0.1,0.04,0.2388,15,130.0,True,PUT,2026-03-18,395.0,100.0,0,61.175,-0.013524611,0.000824442,0.02379081,-0.08407412,-0.001227371,17.356,7
US.GLD260318C400000,GLD 260318 400.00C,73.1236,0.0,0.0,0.0,73.1236,0,0.0,True,CALL,2026-03-18,400.0,100.0,0,53.346,0.990851949,0.000673142,0.016942167,-0.089970479,0.081688395,-0.991,7
US.GLD260318P400000,GLD 260318 400.00P,0.11,0.15,0.15,0.11,0.2668,16,188.0,True,PUT,2026-03-18,400.0,100.0,17,58.972,-0.016104125,0.000993815,0.02764331,-0.095080625,-0.001471222,16.316,7
US.GLD260318C405000,GLD 260318 405.00C,75.38,75.38,75.38,75.38,68.1563,1,7538.0,True,CALL,2026-03-18,405.0,100.0,1,49.837,0.990540121,0.000741983,0.017447903,-0.088582598,0.082691065,0.527,7
US.GLD260318P405000,GLD 260318 405.00P,0.1,0.11,0.14,0.05,0.295,15,168.0,True,PUT,2026-03-18,405.0,100.0,0,56.548,-0.018889326,0.001187658,0.031675375,-0.105379722,-0.001734109,15.268,7
US.GLD260318C410000,GLD 260318 410.00C,63.1892,63.1892,0.0,0.0,63.1892,0,0.0,True,CALL,2026-03-18,410.0,100.0,2,0.0,0.0,0.0,0.0,0.0,0.0,-0.977,7
US.GLD260318P410000,GLD 260318 410.00P,0.14,0.11,0.17,0.09,0.3234,15,226.0,True,PUT,2026-03-18,410.0,100.0,7,57.178,-0.028321422,0.001651941,0.044537682,-0.153304203,-0.002646468,14.23,7
US.GLD260318C415000,GLD 260318 415.00C,58.2222,0.0,0.0,0.0,58.2222,0,0.0,True,CALL,2026-03-18,415.0,100.0,0,47.145,0.982881879,0.001310129,0.029132137,-0.120635724,0.083981325,-0.97,7
US.GLD260318P415000,GLD 260318 415.00P,0.19,0.12,0.21,0.12,0.3518,15,278.0,True,PUT,2026-03-18,415.0,100.0,1,50.682,-0.024190315,0.001633367,0.039039925,-0.117907359,-0.00222897,13.194,7
US.GLD260318C420000,GLD 260318 420.00C,53.3943,0.0,0.0,0.0,53.3943,0,0.0,True,CALL,2026-03-18,420.0,100.0,0,0.0,0.0,0.0,0.0,0.0,0.0,-0.934,7
US.GLD260318P420000,GLD 260318 420.00P,0.23,0.3,0.38,0.17,0.5197,21,533.0,True,PUT,2026-03-18,420.0,100.0,19,44.622,-0.020374714,0.001604894,0.033780697,-0.088827727,-0.001847309,12.156,7
US.GLD260318C425000,GLD 260318 425.00C,48.5668,0.0,0.0,0.0,48.5668,0,0.0,True,CALL,2026-03-18,425.0,100.0,0,40.755,0.978972029,0.001805307,0.034701135,-0.124815229,0.0856571,-0.898,7
US.GLD260318P425000,GLD 260318 425.00P,0.31,0.27,0.45,0.24,0.6879,77,2345.0,True,PUT,2026-03-18,425.0,100.0,136,43.926,-0.029369134,0.002216115,0.045903612,-0.121271522,-0.002702858,11.126,7
US.GLD260318C430000,GLD 260318 430.00C,43.7444,43.7444,0.0,0.0,43.7444,0,0.0,True,CALL,2026-03-18,430.0,100.0,2,39.586,0.970336146,0.00247999,0.046291799,-0.152022494,0.0858174,-0.861,7
US.GLD260318P430000,GLD 260318 430.00P,0.38,1.32,1.32,0.25,0.8612,50,1968.0,True,PUT,2026-03-18,430.0,100.0,36,41.956,-0.037368849,0.002829517,0.055972631,-0.143058236,-0.003459888,10.095,7
US.GLD260318C435000,GLD 260318 435.00C,38.9222,38.9222,0.0,0.0,38.9222,0,0.0,True,CALL,2026-03-18,435.0,100.0,2,41.488,0.946099997,0.003843093,0.075160567,-0.236017087,0.084386074,-0.824,7
US.GLD260318P435000,GLD 260318 435.00P,0.53,0.44,0.6,0.39,1.0348,30,1580.0,True,PUT,2026-03-18,435.0,100.0,253,43.609,-0.062698513,0.004117297,0.084631051,-0.231215629,-0.005906789,9.08,7
US.GLD260318C440000,GLD 260318 440.00C,34.3062,34.3062,0.0,0.0,34.3062,0,0.0,True,CALL,2026-03-18,440.0,100.0,4,34.671,0.95394222,0.004056742,0.06630343,-0.184102322,0.086234984,-0.743,7
US.GLD260318P440000,GLD 260318 440.00P,0.71,0.64,0.85,0.49,1.415,92,5773.0,True,PUT,2026-03-18,440.0,100.0,103,38.042,-0.061876827,0.004671489,0.08375914,-0.199142183,-0.005782963,8.071,7
US.GLD260318C445000,GLD 260318 445.00C,35.75,35.75,35.75,35.75,29.8015,1,3575.0,True,CALL,2026-03-18,445.0,100.0,1,32.989,0.936927404,0.005468198,0.085023628,-0.218387942,0.085552664,0.604,7
US.GLD260318P445000,GLD 260318 445.00P,0.99,1.07,1.17,0.69,1.9068,89,8330.0,True,PUT,2026-03-18,445.0,100.0,136,36.48,-0.082666483,0.006084116,0.104590819,-0.241823167,-0.007759955,7.083,7
US.GLD260318C450000,GLD 260318 450.00C,25.4698,25.4698,0.0,0.0,25.4698,0,0.0,True,CALL,2026-03-18,450.0,100.0,6,32.673,0.904218254,0.007579639,0.116712756,-0.286662757,0.083274599,-0.5,7
US.GLD260318P450000,GLD 260318 450.00P,1.37,1.43,1.6,1.01,2.5721,281,32347.0,True,PUT,2026-03-18,450.0,100.0,93,35.74,-0.115553745,0.007937766,0.133670974,-0.307504593,-0.010901115,6.116,7
US.GLD260318C451000,GLD 260318 451.00C,24.6037,24.6037,0.0,0.0,24.6037,0,0.0,True,CALL,2026-03-18,451.0,100.0,10,32.6,0.896421826,0.008043643,0.123580489,-0.301389365,0.082691009,-0.472,7
US.GLD260318P451000,GLD 260318 451.00P,1.47,1.22,1.51,1.22,2.7054,16,2355.0,True,PUT,2026-03-18,451.0,100.0,18,35.809,-0.124621793,0.008356058,0.140981967,-0.326044391,-0.011771013,5.928,7
US.GLD260318C452000,GLD 260318 452.00C,23.777,23.777,0.0,0.0,23.777,0,0.0,True,CALL,2026-03-18,452.0,100.0,1,32.466,0.888575311,0.008513325,0.130258506,-0.315152368,0.082102473,-0.435,7
US.GLD260318P452000,GLD 260318 452.00P,1.58,1.23,1.62,1.23,2.8781,16,2498.0,True,PUT,2026-03-18,452.0,100.0,10,35.159,-0.129508836,0.008741571,0.144805002,-0.32926191,-0.012226961,5.742,7
US.GLD260318C453000,GLD 260318 453.00C,22.9848,22.9848,0.0,0.0,22.9848,0,0.0,True,CALL,2026-03-18,453.0,100.0,1,32.276,0.880649801,0.008991868,0.136777825,-0.327983849,0.081506138,-0.392,7
US.GLD260318P453000,GLD 260318 453.00P,1.63,1.48,1.74,1.28,3.0855,34,5345.0,True,PUT,2026-03-18,453.0,100.0,1013,34.626,-0.135467051,0.009155741,0.149361885,-0.335033863,-0.012786412,5.543,7
US.GLD260318C454000,GLD 260318 454.00C,22.1928,22.1928,0.0,0.0,22.1928,0,0.0,True,CALL,2026-03-18,454.0,100.0,0,32.383,0.870161937,0.009505898,0.145075366,-0.347400067,0.080646533,-0.349,7
US.GLD260318P454000,GLD 260318 454.00P,1.8,1.53,1.95,1.4,3.2931,79,12683.0,True,PUT,2026-03-18,454.0,100.0,19,35.122,-0.148614581,0.009610994,0.159032152,-0.363310085,-0.014053862,5.369,7
US.GLD260318C455000,GLD 260318 455.00C,21.401,21.401,0.0,0.0,21.401,0,0.0,True,CALL,2026-03-18,455.0,100.0,17,32.246,0.8608827,0.010009676,0.152117788,-0.361748004,0.079911403,-0.305,7
US.GLD260318P455000,GLD 260318 455.00P,1.87,1.3,2.0,1.3,3.5008,28,5193.0,True,PUT,2026-03-18,455.0,100.0,81,34.845,-0.15712374,0.010052072,0.165013802,-0.374785018,-0.014860878,5.175,7
US.GLD260318C456000,GLD 260318 456.00C,20.6093,20.6093,0.0,0.0,20.6093,0,0.0,True,CALL,2026-03-18,456.0,100.0,3,32.209,0.850380645,0.010524927,0.15976786,-0.378392827,0.079050396,-0.261,7
US.GLD260318P456000,GLD 260318 456.00P,2.06,2.99,2.99,1.6,3.7088,97,18529.0,True,PUT,2026-03-18,456.0,100.0,9,34.025,-0.162425569,0.010520796,0.168633182,-0.374312936,-0.015347107,5.005,7
US.GLD260318C457000,GLD 260318 457.00C,23.5,23.5,23.5,23.5,19.8342,5,11750.0,True,CALL,2026-03-18,457.0,100.0,5,32.256,0.838763576,0.011041259,0.167852469,-0.39692335,0.078074157,0.552,7
US.GLD260318P457000,GLD 260318 457.00P,2.24,2.0,2.28,1.79,3.9333,36,7157.0,True,PUT,2026-03-18,457.0,100.0,60,34.67,-0.177959684,0.010947889,0.178804379,-0.405942779,-0.016845549,4.834,7
US.GLD260318C458000,GLD 260318 458.00C,22.4,21.75,22.4,21.75,19.0804,4,8835.0,True,CALL,2026-03-18,458.0,100.0,5,32.23,0.827153287,0.011556952,0.175553873,-0.413832753,0.077098585,0.531,7
US.GLD260318P458000,GLD 260318 458.00P,2.49,2.24,2.7,1.91,4.1792,27,6351.0,True,PUT,2026-03-18,458.0,100.0,25,34.335,-0.187431156,0.011419011,0.184688701,-0.415946759,-0.017738971,4.677,7
US.GLD260318C459000,GLD 260318 459.00C,18.3272,18.3272,0.0,0.0,18.3272,0,0.0,True,CALL,2026-03-18,459.0,100.0,1,32.137,0.81550017,0.012076287,0.182919907,-0.429177819,0.076118787,-0.111,7
US.GLD260318P459000,GLD 260318 459.00P,2.54,2.05,2.69,2.03,4.4257,124,30183.0,True,PUT,2026-03-18,459.0,100.0,88,34.036,-0.197616473,0.011898397,0.19076162,-0.426595192,-0.018699539,4.478,7
US.GLD260318C460000,GLD 260318 460.00C,21.85,21.71,21.85,20.57,17.6208,4,8482.0,True,CALL,2026-03-18,460.0,100.0,6,33.281,0.794917277,0.012436301,0.195088269,-0.471246389,0.074205836,0.834,7
US.GLD260318P460000,GLD 260318 460.00P,2.72,2.36,2.92,2.1,4.7191,149,38427.0,True,PUT,2026-03-18,460.0,100.0,102,33.641,-0.207663707,0.012400711,0.196500685,-0.434944531,-0.019641723,4.306,7
US.GLD260318C461000,GLD 260318 461.00C,16.9147,16.9147,0.0,0.0,16.9147,0,0.0,True,CALL,2026-03-18,461.0,100.0,11,31.899,0.791004261,0.01312112,0.197279318,-0.458081681,0.074036589,0.011,7
US.GLD260318P461000,GLD 260318 461.00P,2.94,2.97,3.07,2.38,5.0128,48,14024.0,True,PUT,2026-03-18,461.0,100.0,423,33.649,-0.220808932,0.012849183,0.203647269,-0.451734037,-0.020889406,4.143,7
US.GLD260318C462000,GLD 260318 462.00C,16.2087,16.2087,0.0,0.0,16.2087,0,0.0,True,CALL,2026-03-18,462.0,100.0,11,31.874,0.777335105,0.01362257,0.204662826,-0.474099138,0.072847448,0.072,7
US.GLD260318P462000,GLD 260318 462.00P,3.1,3.08,3.21,2.53,5.3067,40,11326.0,True,PUT,2026-03-18,462.0,100.0,23,33.805,-0.235288805,0.013256033,0.211057815,-0.47124836,-0.022267392,3.967,7
US.GLD260318C463000,GLD 260318 463.00C,18.79,18.69,18.8,18.69,15.503,4,7506.0,True,CALL,2026-03-18,463.0,100.0,9,31.782,0.763615758,0.01412753,0.211640734,-0.48823509,0.071653354,0.822,7
US.GLD260318P463000,GLD 260318 463.00P,3.43,2.72,3.7,2.72,5.6009,49,14403.0,True,PUT,2026-03-18,463.0,100.0,17,33.425,-0.246935894,0.013764185,0.216675764,-0.47887153,-0.023353984,3.827,7
US.GLD260318C464000,GLD 260318 464.00C,17.91,17.91,17.91,17.91,14.8022,1,1791.0,True,CALL,2026-03-18,464.0,100.0,7,31.398,0.751246346,0.014700956,0.217571624,-0.495682007,0.070602846,0.847,7
US.GLD260318P464000,GLD 260318 464.00P,3.7,2.8,4.2,2.8,5.9,59,18130.0,True,PUT,2026-03-18,464.0,100.0,208,33.337,-0.26082866,0.014203539,0.222993252,-0.492181819,-0.024661503,3.674,7
US.GLD260318C465000,GLD 260318 465.00C,16.36,16.36,16.36,16.36,14.1396,4,6544.0,True,CALL,2026-03-18,465.0,100.0,35,31.635,0.734452837,0.015095007,0.225096972,-0.515654075,0.069084625,0.732,7
US.GLD260318P465000,GLD 260318 465.00P,4.25,2.88,4.25,2.86,6.2374,83,28859.0,True,PUT,2026-03-18,465.0,100.0,27,32.861,-0.272990312,0.014746155,0.228186316,-0.496795622,-0.025784603,3.58,7
US.GLD260318C466000,GLD 260318 466.00C,16.33,16.5,16.5,16.33,13.5187,2,3283.0,True,CALL,2026-03-18,466.0,100.0,62,31.682,0.718476089,0.015515149,0.231707244,-0.530842249,0.067652195,0.935,7
US.GLD260318P466000,GLD 260318 466.00P,4.05,3.53,4.15,3.32,6.6166,37,14900.0,True,PUT,2026-03-18,466.0,100.0,22,32.982,-0.288966348,0.0151025,0.234548309,-0.513158982,-0.027290666,3.329,7
US.GLD260318C467000,GLD 260318 467.00C,16.8,16.01,16.8,16.0,12.898,23,37081.0,True,CALL,2026-03-18,467.0,100.0,12,31.657,0.702510225,0.015934729,0.237793944,-0.543742589,0.06622084,1.243,7
US.GLD260318P467000,GLD 260318 467.00P,4.49,3.29,4.5,3.29,6.9961,17,7012.0,True,PUT,2026-03-18,467.0,100.0,105,32.927,-0.304349762,0.015492534,0.240188324,-0.525073603,-0.028728416,3.212,7
US.GLD260318C468000,GLD 260318 468.00C,16.4,15.15,16.4,15.15,12.2776,3,4795.0,True,CALL,2026-03-18,468.0,100.0,36,31.36,0.687508479,0.016441196,0.243051776,-0.550265943,0.064894988,1.368,7
US.GLD260318P468000,GLD 260318 468.00P,4.8,3.95,4.97,3.85,7.3759,109,45742.0,True,PUT,2026-03-18,468.0,100.0,42,32.911,-0.320281458,0.015846986,0.245539804,-0.536884126,-0.030214908,3.067,7
US.GLD260318C469000,GLD 260318 469.00C,14.4,14.7,14.7,14.4,11.6575,4,5850.0,True,CALL,2026-03-18,469.0,100.0,30,31.208,0.671257396,0.016874651,0.248255367,-0.558847153,0.063435478,1.159,7
US.GLD260318P469000,GLD 260318 469.00P,4.9,3.05,4.95,3.05,7.756,315,153945.0,True,PUT,2026-03-18,469.0,100.0,56,32.829,-0.336262698,0.016203593,0.250417683,-0.546446139,-0.031696883,2.879,7
US.GLD260318C470000,GLD 260318 470.00C,13.37,12.95,15.27,12.95,11.1148,45,61978.0,True,CALL,2026-03-18,470.0,100.0,38,32.568,0.648506492,0.016589053,0.254701072,-0.596108519,0.061251676,1.153,7
US.GLD260318P470000,GLD 260318 470.00P,5.09,4.61,5.95,4.35,8.2136,176,86880.0,True,PUT,2026-03-18,470.0,100.0,76,32.587,-0.351985305,0.016608378,0.254746169,-0.551862781,-0.033138068,2.709,7
US.GLD260318C471000,GLD 260318 471.00C,13.81,13.25,13.81,13.25,10.5725,6,8006.0,True,CALL,2026-03-18,471.0,100.0,13,32.46,0.631891048,0.016912136,0.258799984,-0.603170459,0.059745864,1.454,7
US.GLD260318P471000,GLD 260318 471.00P,5.9,5.19,5.9,4.65,8.6717,12,6295.0,True,PUT,2026-03-18,471.0,100.0,1,31.802,-0.366307014,0.017257412,0.258287241,-0.545785767,-0.034403452,2.67,7
US.GLD260318C472000,GLD 260318 472.00C,11.95,14.0,14.0,11.9,10.0306,15,18480.0,True,CALL,2026-03-18,472.0,100.0,105,31.812,0.616543224,0.01747911,0.262138545,-0.598763144,0.058391018,1.274,7
US.GLD260318P472000,GLD 260318 472.00P,5.95,5.8,7.99,5.13,9.1304,85,49466.0,True,PUT,2026-03-18,472.0,100.0,36,31.927,-0.384293752,0.017453368,0.262209953,-0.556301335,-0.036061803,2.471,7
US.GLD260318C473000,GLD 260318 473.00C,13.04,13.25,13.25,13.04,9.5115,2,2629.0,True,CALL,2026-03-18,473.0,100.0,23,31.867,0.598624482,0.017672643,0.265500835,-0.606735445,0.056741051,1.711,7
US.GLD260318P473000,GLD 260318 473.00P,6.54,6.8,6.8,6.2,9.6119,4,2579.0,True,PUT,2026-03-18,473.0,100.0,27,31.699,-0.401487304,0.017796946,0.26541317,-0.558834113,-0.03761106,2.385,7
US.GLD260318C474000,GLD 260318 474.00C,12.0,12.0,12.0,10.55,9.0239,15,17610.0,True,CALL,2026-03-18,474.0,100.0,168,31.76,0.580910139,0.01791646,0.268263711,-0.610371603,0.055116434,1.703,7
US.GLD260318P474000,GLD 260318 474.00P,5.35,5.35,5.35,5.35,10.125,5,2675.0,True,PUT,2026-03-18,474.0,100.0,9,31.874,-0.419874868,0.017891876,0.268259524,-0.567795158,-0.039292438,1.927,7
US.GLD260318C475000,GLD 260318 475.00C,10.21,12.01,12.01,10.1,8.537,156,165570.0,True,CALL,2026-03-18,475.0,100.0,171,31.773,0.562780222,0.018059685,0.270519875,-0.614983311,0.053440452,1.538,7
US.GLD260318P475000,GLD 260318 475.00P,7.49,6.13,8.0,6.13,10.6388,33,23394.0,True,PUT,2026-03-18,475.0,100.0,6,31.794,-0.437853387,0.0180882,0.270465668,-0.570620899,-0.040903657,2.165,7
US.GLD260318C476000,GLD 260318 476.00C,9.54,10.05,11.25,9.54,8.1078,8,8511.0,True,CALL,2026-03-18,476.0,100.0,17,31.994,0.544400264,0.018047646,0.272221813,-0.622172907,0.051724292,1.607,7
US.GLD260318P476000,GLD 260318 476.00P,8.95,6.9,8.95,6.33,11.2104,6,4129.0,True,PUT,2026-03-18,476.0,100.0,1,31.556,-0.455889853,0.01834005,0.272110772,-0.569176871,-0.042491056,2.262,7
US.GLD260318C477000,GLD 260318 477.00C,9.3,9.75,11.08,9.25,7.7036,26,26873.0,True,CALL,2026-03-18,477.0,100.0,14,31.872,0.526301997,0.018190136,0.273325292,-0.621583673,0.05005144,1.766,7
US.GLD260318P477000,GLD 260318 477.00P,9.01,7.77,9.45,6.8,11.8072,10,7493.0,True,PUT,2026-03-18,477.0,100.0,92,32.168,-0.474450915,0.018067796,0.273220091,-0.582318262,-0.044199793,2.065,7
US.GLD260318C478000,GLD 260318 478.00C,8.31,10.24,10.4,8.31,7.2998,78,71761.0,True,CALL,2026-03-18,478.0,100.0,61,31.593,0.507997997,0.018387118,0.273866031,-0.616699373,0.048363442,1.768,7
US.GLD260318P478000,GLD 260318 478.00P,8.75,8.05,8.75,7.28,12.4043,53,45570.0,True,PUT,2026-03-18,478.0,100.0,1,31.979,-0.492610615,0.018213275,0.273723765,-0.579125663,-0.045774759,1.801,7
US.GLD260318C479000,GLD 260318 479.00C,7.92,8.83,9.4,7.92,6.8962,69,62684.0,True,CALL,2026-03-18,479.0,100.0,357,31.704,0.48974351,0.018320447,0.273830229,-0.617783846,0.046654497,1.895,7
US.GLD260318P479000,GLD 260318 479.00P,9.83,8.8,9.83,7.55,13.0017,42,36534.0,True,PUT,2026-03-18,479.0,100.0,10,31.268,-0.511459896,0.018630055,0.273640227,-0.564736659,-0.047325504,1.818,7
US.GLD260318C480000,GLD 260318 480.00C,7.9,9.4,9.55,6.95,6.4928,256,230659.0,True,CALL,2026-03-18,480.0,100.0,42,31.473,0.471173144,0.018412256,0.273204423,-0.61108641,0.044929875,2.101,7
US.GLD260318P480000,GLD 260318 480.00P,11.0,9.2,11.0,8.08,13.5996,50,46018.0,True,PUT,2026-03-18,480.0,100.0,1,31.769,-0.529235443,0.018298814,0.273009026,-0.571823157,-0.048912469,1.854,7
US.GLD260318C481000,GLD 260318 481.00C,8.69,8.05,8.75,7.55,6.1381,40,33604.0,True,CALL,2026-03-18,481.0,100.0,51,31.175,0.452289426,0.018503858,0.271957055,-0.601689094,0.043174321,2.475,7
US.GLD260318P481000,GLD 260318 481.00P,8.7,8.7,8.7,8.7,14.2461,1,870.0,True,PUT,2026-03-18,481.0,100.0,0,31.747,-0.547435724,0.018237261,0.271791786,-0.567742352,-0.050450554,1.163,7
US.GLD260318C482000,GLD 260318 482.00C,6.57,7.55,8.25,6.57,5.7841,105,82463.0,True,CALL,2026-03-18,482.0,100.0,92,31.638,0.435211158,0.01812173,0.270296243,-0.605595438,0.041550482,2.241,7
US.GLD260318P482000,GLD 260318 482.00P,10.0,10.6,11.6,9.09,14.8935,38,36729.0,True,PUT,2026-03-18,482.0,100.0,16,31.565,-0.565953265,0.018227625,0.269960676,-0.559296051,-0.051967786,1.226,7
US.GLD260318C483000,GLD 260318 483.00C,6.94,6.94,6.94,6.94,5.4449,1,694.0,True,CALL,2026-03-18,483.0,100.0,3,31.482,0.416855339,0.018053123,0.267943136,-0.596344421,0.039831536,2.527,7
US.GLD260318P483000,GLD 260318 483.00P,15.5557,0.0,0.0,0.0,15.5557,0,0.0,True,PUT,2026-03-18,483.0,100.0,0,31.5,-0.584131433,0.018113385,0.267580339,-0.551805547,-0.053445486,2.179,7
US.GLD260318C484000,GLD 260318 484.00C,7.43,6.57,7.43,6.35,5.1462,14,9904.0,True,CALL,2026-03-18,484.0,100.0,4,31.351,0.398628034,0.017931106,0.265019266,-0.586292411,0.038120109,2.839,7
US.GLD260318P484000,GLD 260318 484.00P,16.2585,16.2585,0.0,0.0,16.2585,0,0.0,True,PUT,2026-03-18,484.0,100.0,1,31.084,-0.60351445,0.018150688,0.264394697,-0.536118677,-0.054928376,2.117,7
US.GLD260318C485000,GLD 260318 485.00C,5.86,5.68,6.99,5.4,4.848,69,41727.0,True,CALL,2026-03-18,485.0,100.0,48,31.341,0.381020124,0.017707877,0.261633133,-0.577442735,0.036459486,2.72,7
US.GLD260318P485000,GLD 260318 485.00P,16.9619,16.9619,0.0,0.0,16.9619,0,0.0,True,PUT,2026-03-18,485.0,100.0,32,31.548,-0.619299671,0.017683709,0.261314727,-0.536675073,-0.056244098,2.055,7
US.GLD260318C486000,GLD 260318 486.00C,5.02,5.02,5.02,5.02,4.5682,1,502.0,True,CALL,2026-03-18,486.0,100.0,9,30.973,0.361972791,0.017624682,0.257339993,-0.560168738,0.03467228,2.753,7
US.GLD260318P486000,GLD 260318 486.00P,17.6838,17.6838,0.0,0.0,17.6838,0,0.0,True,PUT,2026-03-18,486.0,100.0,2,30.303,-0.642688774,0.018053868,0.255892823,-0.501589329,-0.057781547,1.997,7
US.GLD260318C487000,GLD 260318 487.00C,5.65,5.65,5.65,5.65,4.3166,1,565.0,True,CALL,2026-03-18,487.0,100.0,3,31.118,0.345580349,0.017254644,0.253113619,-0.552270038,0.033116138,3.095,7
US.GLD260318P487000,GLD 260318 487.00P,18.4339,18.4339,0.0,0.0,18.4339,0,0.0,True,PUT,2026-03-18,487.0,100.0,1,30.235,-0.660638306,0.017769863,0.25105966,-0.489038199,-0.059068661,1.944,7
US.GLD260318C488000,GLD 260318 488.00C,4.0653,4.0653,0.0,0.0,4.0653,0,0.0,True,CALL,2026-03-18,488.0,100.0,6,31.101,0.328738544,0.016932658,0.248249552,-0.540079151,0.031520807,2.972,7
US.GLD260318P488000,GLD 260318 488.00P,19.1845,0.0,0.0,0.0,19.1845,0,0.0,True,PUT,2026-03-18,488.0,100.0,0,30.197,-0.678110193,0.017436628,0.245772728,-0.476088455,-0.060276843,1.892,7
US.GLD260318C489000,GLD 260318 489.00C,4.25,5.91,5.91,4.25,3.8142,5,2561.0,True,CALL,2026-03-18,489.0,100.0,2,31.222,0.31309037,0.016527407,0.243247735,-0.529947555,0.030032969,3.22,7
US.GLD260318P489000,GLD 260318 489.00P,19.9356,19.9356,0.0,0.0,19.9356,0,0.0,True,PUT,2026-03-18,489.0,100.0,1,30.71,-0.691680205,0.016842743,0.241272861,-0.474058689,-0.061303742,1.84,7
US.GLD260318C490000,GLD 260318 490.00C,3.92,4.7,5.16,3.92,3.5799,96,42548.0,True,CALL,2026-03-18,490.0,100.0,158,31.177,0.296859972,0.016164407,0.237557849,-0.515475622,0.028492826,3.36,7
US.GLD260318P490000,GLD 260318 490.00P,15.91,14.15,15.91,14.15,20.7034,2,3006.0,True,PUT,2026-03-18,490.0,100.0,2,31.073,-0.705520285,0.016318266,0.236309161,-0.468249275,-0.062283259,0.788,7
US.GLD260318C491000,GLD 260318 491.00C,4.88,4.3,4.88,4.25,3.3459,5,2203.0,True,CALL,2026-03-18,491.0,100.0,13,31.387,0.282726515,0.015692869,0.23217822,-0.505876207,0.027144173,3.77,7
US.GLD260318P491000,GLD 260318 491.00P,21.4719,0.0,0.0,0.0,21.4719,0,0.0,True,PUT,2026-03-18,491.0,100.0,0,31.168,-0.720554932,0.015886494,0.230476678,-0.456073638,-0.063230922,1.743,7
US.GLD260318C492000,GLD 260318 492.00C,3.1586,3.1586,0.0,0.0,3.1586,0,0.0,True,CALL,2026-03-18,492.0,100.0,3,31.21,0.266441324,0.015326444,0.225475079,-0.487113763,0.025598621,3.619,7
US.GLD260318P492000,GLD 260318 492.00P,22.2867,0.0,0.0,0.0,22.2867,0,0.0,True,PUT,2026-03-18,492.0,100.0,0,29.965,-0.744719504,0.015833803,0.220090348,-0.414214379,-0.064248579,1.704,7
US.GLD260318C493000,GLD 260318 493.00C,3.15,3.57,3.57,3.1,2.9765,14,4479.0,True,CALL,2026-03-18,493.0,100.0,7,30.98,0.250100397,0.014942148,0.218191426,-0.466462999,0.024046532,3.827,7
US.GLD260318P493000,GLD 260318 493.00P,23.1068,0.0,0.0,0.0,23.1068,0,0.0,True,PUT,2026-03-18,493.0,100.0,0,30.594,-0.754934888,0.015187569,0.215354579,-0.412712627,-0.064940535,1.667,7
US.GLD260318C494000,GLD 260318 494.00C,2.95,3.34,3.56,2.89,2.7946,19,5889.0,True,CALL,2026-03-18,494.0,100.0,1,31.751,0.241619458,0.014311905,0.21418771,-0.468176478,0.023222781,3.994,7
US.GLD260318P494000,GLD 260318 494.00P,23.9274,0.0,0.0,0.0,23.9274,0,0.0,True,PUT,2026-03-18,494.0,100.0,0,30.594,-0.769409653,0.014716627,0.208226447,-0.396628228,-0.065599013,1.629,7
US.GLD260318C495000,GLD 260318 495.00C,2.75,3.26,3.8,2.57,2.6129,35,10826.0,True,CALL,2026-03-18,495.0,100.0,10,31.561,0.226583928,0.013894342,0.206694429,-0.447661247,0.02179232,4.162,7
US.GLD260318P495000,GLD 260318 495.00P,24.7484,24.7484,0.0,0.0,24.7484,0,0.0,True,PUT,2026-03-18,495.0,100.0,2,30.773,-0.781938547,0.014198984,0.2016778,-0.384343723,-0.066154588,1.592,7
US.GLD260318C496000,GLD 260318 496.00C,2.54,3.0,3.41,2.5,2.477,26,7158.0,True,CALL,2026-03-18,496.0,100.0,23,31.695,0.214444618,0.013406209,0.200270339,-0.434264701,0.020631212,4.327,7
US.GLD260318P496000,GLD 260318 496.00P,25.6148,0.0,0.0,0.0,25.6148,0,0.0,True,PUT,2026-03-18,496.0,100.0,0,30.769,-0.795422759,0.013712386,0.194211642,-0.367563429,-0.066603647,1.564,7
US.GLD260318C497000,GLD 260318 497.00C,2.37,2.24,2.37,2.24,2.3414,12,2790.0,True,CALL,2026-03-18,497.0,100.0,2,31.617,0.201171872,0.012941167,0.19284867,-0.415751146,0.019364422,4.501,7
US.GLD260318P497000,GLD 260318 497.00P,26.4816,0.0,0.0,0.0,26.4816,0,0.0,True,PUT,2026-03-18,497.0,100.0,0,30.697,-0.808980228,0.013225776,0.18625488,-0.348973854,-0.066922928,1.536,7
US.GLD260318C498000,GLD 260318 498.00C,2.19,2.69,2.69,2.13,2.2059,41,9566.0,True,CALL,2026-03-18,498.0,100.0,0,32.086,0.192667676,0.012422889,0.187870079,-0.409932239,0.018544581,4.672,7
US.GLD260318P498000,GLD 260318 498.00P,27.3489,0.0,0.0,0.0,27.3489,0,0.0,True,PUT,2026-03-18,498.0,100.0,0,31.52,-0.814581234,0.012652386,0.182861569,-0.351321496,-0.067330132,1.508,7
US.GLD260318C499000,GLD 260318 499.00C,2.01,2.62,2.62,1.81,2.08,14,2862.0,True,CALL,2026-03-18,499.0,100.0,2,31.694,0.177891048,0.011968422,0.178781386,-0.383763003,0.017136573,4.844,7
US.GLD260318P499000,GLD 260318 499.00P,28.2257,0.0,0.0,0.0,28.2257,0,0.0,True,PUT,2026-03-18,499.0,100.0,0,31.482,-0.826788781,0.012176665,0.175119947,-0.333409597,-0.067479506,1.482,7
US.GLD260318C500000,GLD 260318 500.00C,1.87,2.44,2.65,1.87,1.9548,87,19853.0,True,CALL,2026-03-18,500.0,100.0,127,31.786,0.16741156,0.011480718,0.171990206,-0.368990995,0.016132077,5.024,7
US.GLD260318P500000,GLD 260318 500.00P,21.67,23.23,23.23,21.65,29.1035,11,23983.0,True,PUT,2026-03-18,500.0,100.0,2,29.834,-0.852316653,0.011715921,0.157531535,-0.27750755,-0.066646516,-0.098,7
US.GLD260318C501000,GLD 260318 501.00C,1.74,1.83,1.83,1.65,1.8406,14,2425.0,True,CALL,2026-03-18,501.0,100.0,7,31.822,0.156973691,0.010996928,0.164927035,-0.352960968,0.015131693,5.206,7
US.GLD260318P501000,GLD 260318 501.00P,29.9921,0.0,0.0,0.0,29.9921,0,0.0,True,PUT,2026-03-18,501.0,100.0,0,31.657,-0.847676042,0.011215961,0.16093448,-0.303555215,-0.067515401,1.433,7
US.GLD260318C502000,GLD 260318 502.00C,1.61,1.92,2.15,1.58,1.7267,16,2752.0,True,CALL,2026-03-18,502.0,100.0,2,31.956,0.147790422,0.010521234,0.158456532,-0.339361649,0.014249985,5.388,7
US.GLD260318P502000,GLD 260318 502.00P,30.8812,0.0,0.0,0.0,30.8812,0,0.0,True,PUT,2026-03-18,502.0,100.0,0,30.401,-0.868727585,0.010695516,0.14526572,-0.257249984,-0.066366597,1.41,7
US.GLD260318C503000,GLD 260318 503.00C,1.49,1.46,1.51,1.45,1.6235,12,1789.0,True,CALL,2026-03-18,503.0,100.0,4,32.594,0.142972128,0.010088007,0.154963917,-0.337735303,0.013781585,5.572,7
US.GLD260318P503000,GLD 260318 503.00P,31.7809,0.0,0.0,0.0,31.7809,0,0.0,True,PUT,2026-03-18,503.0,100.0,0,30.35,-0.879092036,0.010190648,0.137049167,-0.239573956,-0.065773931,1.389,7
US.GLD260318C504000,GLD 260318 504.00C,1.29,2.05,2.05,1.29,1.5205,13,1839.0,True,CALL,2026-03-18,504.0,100.0,3,32.682,0.134293806,0.009640557,0.148490868,-0.323336311,0.012948687,5.74,7
US.GLD260318P504000,GLD 260318 504.00P,32.6815,0.0,0.0,0.0,32.6815,0,0.0,True,PUT,2026-03-18,504.0,100.0,0,29.827,-0.892973001,0.009639644,0.125427191,-0.211421467,-0.064371781,1.368,7
US.GLD260318C505000,GLD 260318 505.00C,1.29,1.91,1.92,1.25,1.4445,78,11990.0,True,CALL,2026-03-18,505.0,100.0,17,32.327,0.122689557,0.009153848,0.139459083,-0.298880384,0.011838333,5.949,7
US.GLD260318P505000,GLD 260318 505.00P,33.6084,0.0,0.0,0.0,33.6084,0,0.0,True,PUT,2026-03-18,505.0,100.0,0,32.169,-0.882592415,0.009404211,0.13428071,-0.249222099,-0.066436674,1.353,7
US.GLD260318C510000,GLD 260318 510.00C,0.87,1.7,1.7,0.83,1.0651,40,4811.0,True,CALL,2026-03-18,510.0,100.0,32,33.271,0.091218614,0.00717964,0.112582917,-0.243947818,0.008808199,6.907,7
US.GLD260318P510000,GLD 260318 510.00P,38.2457,0.0,0.0,0.0,38.2457,0,0.0,True,PUT,2026-03-18,510.0,100.0,0,31.105,-0.929809785,0.007150897,0.090947364,-0.15043532,-0.059086474,1.277,7
US.GLD260318C515000,GLD 260318 515.00C,0.6,0.87,1.05,0.51,0.735,55,4421.0,True,CALL,2026-03-18,515.0,100.0,8,34.809,0.071165817,0.0056894,0.093346557,-0.2083562,0.006872115,7.897,7
US.GLD260318P515000,GLD 260318 515.00P,42.9391,0.0,0.0,0.0,42.9391,0,0.0,True,PUT,2026-03-18,515.0,100.0,0,38.454,-0.91112607,0.006518082,0.10955117,-0.23789593,-0.066606443,1.213,7
US.GLD260318C520000,GLD 260318 520.00C,0.4,0.87,0.9,0.38,0.6485,35,2216.0,True,CALL,2026-03-18,520.0,100.0,7,36.214,0.055486241,0.004504887,0.076903844,-0.175815521,0.005358427,8.902,7
US.GLD260318P520000,GLD 260318 520.00P,47.8612,47.8612,0.0,0.0,47.8612,0,0.0,True,PUT,2026-03-18,520.0,100.0,1,40.046,-0.929001245,0.005411454,0.092203607,-0.202577195,-0.064249096,1.197,7
US.GLD260318C525000,GLD 260318 525.00C,0.27,0.51,0.53,0.27,0.5958,28,1154.0,True,CALL,2026-03-18,525.0,100.0,1,36.589,0.039296098,0.003380927,0.058324697,-0.131886186,0.003798474,9.921,7
US.GLD260318P525000,GLD 260318 525.00P,52.8143,0.0,0.0,0.0,52.8143,0,0.0,True,PUT,2026-03-18,525.0,100.0,0,39.558,-0.953669901,0.004257683,0.065336473,-0.131893593,-0.056023683,1.187,7
US.GLD260318C530000,GLD 260318 530.00C,0.2,0.35,0.36,0.1,0.5431,20,507.0,True,CALL,2026-03-18,530.0,100.0,5,38.314,0.032201949,0.002742519,0.049548777,-0.115820655,0.003111615,10.952,7
US.GLD260318P530000,GLD 260318 530.00P,57.7681,57.7681,0.0,0.0,57.7681,0,0.0,True,PUT,2026-03-18,530.0,100.0,1,46.2,-0.940395742,0.00413606,0.080457689,-0.201491313,-0.064292871,1.177,7
US.GLD260318C535000,GLD 260318 535.00C,0.14,0.32,0.32,0.1,0.4904,18,363.0,True,CALL,2026-03-18,535.0,100.0,4,38.782,0.023032789,0.002048748,0.037477345,-0.086831812,0.002227161,11.986,7
US.GLD260318P535000,GLD 260318 535.00P,62.7228,0.0,0.0,0.0,62.7228,0,0.0,True,PUT,2026-03-18,535.0,100.0,0,50.984,-0.937063383,0.003840151,0.084131816,-0.236690275,-0.067287025,1.168,7
US.GLD260318C540000,GLD 260318 540.00C,0.09,0.09,0.12,0.05,0.4377,12,118.0,True,CALL,2026-03-18,540.0,100.0,9,41.444,0.021739252,0.001825931,0.035693814,-0.087991364,0.002099467,13.022,7
US.GLD260318P540000,GLD 260318 540.00P,67.6783,0.0,0.0,0.0,67.6783,0,0.0,True,PUT,2026-03-18,540.0,100.0,0,0.0,0.0,0.0,0.0,0.0,0.0,1.158,7
US.GLD260318C545000,GLD 260318 545.00C,0.07,0.1,0.1,0.05,0.3851,12,94.0,True,CALL,2026-03-18,545.0,100.0,8,39.383,0.010994434,0.001070486,0.019903156,-0.044693102,0.001064641,14.064,7
US.GLD260318P545000,GLD 260318 545.00P,72.6354,0.0,0.0,0.0,72.6354,0,0.0,True,PUT,2026-03-18,545.0,100.0,0,0.0,0.0,0.0,0.0,0.0,0.0,1.149,7
US.GLD260318C550000,GLD 260318 550.00C,0.02,0.08,0.08,0.02,0.3324,12,66.0,True,CALL,2026-03-18,550.0,100.0,0,40.906,0.009176893,0.000880263,0.017002162,-0.039191944,0.000888324,15.1,7
US.GLD260318P550000,GLD 260318 550.00P,77.5941,0.0,0.0,0.0,77.5941,0,0.0,True,PUT,2026-03-18,550.0,100.0,0,0.0,0.0,0.0,0.0,0.0,0.0,1.141,7
US.GLD260318C555000,GLD 260318 555.00C,0.04,0.06,0.06,0.02,0.2798,12,49.0,True,CALL,2026-03-18,555.0,100.0,0,44.843,0.011117793,0.000949314,0.020090936,-0.051344231,0.001073715,16.151,7
US.GLD260318P555000,GLD 260318 555.00P,82.5554,0.0,0.0,0.0,82.5554,0,0.0,True,PUT,2026-03-18,555.0,100.0,0,0.0,0.0,0.0,0.0,0.0,0.0,1.133,7
US.GLD260318C560000,GLD 260318 560.00C,0.03,0.05,0.05,0.02,0.2272,12,43.0,True,CALL,2026-03-18,560.0,100.0,0,46.894,0.010265726,0.000846905,0.01874315,-0.049819218,0.000990637,17.195,7
US.GLD260318P560000,GLD 260318 560.00P,87.5199,0.0,0.0,0.0,87.5199,0,0.0,True,PUT,2026-03-18,560.0,100.0,0,0.0,0.0,0.0,0.0,0.0,0.0,1.125,7
US.GLD260318C565000,GLD 260318 565.00C,0.01,0.04,0.04,0.01,0.1748,12,29.0,True,CALL,2026-03-18,565.0,100.0,0,53.533,0.016351074,0.001109407,0.028012797,-0.087391455,0.001570673,18.237,7
US.GLD260318P565000,GLD 260318 565.00P,92.4908,0.0,0.0,0.0,92.4908,0,0.0,True,PUT,2026-03-18,565.0,100.0,0,0.0,0.0,0.0,0.0,0.0,0.0,1.119,7
US.GLD260318C570000,GLD 260318 570.00C,0.02,0.03,0.03,0.01,0.1265,12,25.0,True,CALL,2026-03-18,570.0,100.0,0,51.678,0.009806288,0.000738388,0.018006461,-0.052545422,0.000944249,19.285,7
US.GLD260318P570000,GLD 260318 570.00P,97.4728,0.0,0.0,0.0,97.4728,0,0.0,True,PUT,2026-03-18,570.0,100.0,0,0.0,0.0,0.0,0.0,0.0,0.0,1.115,7
US.GLD260318C575000,GLD 260318 575.00C,0.01,0.02,0.02,0.01,0.091,12,21.0,True,CALL,2026-03-18,575.0,100.0,0,42.108,0.001248642,0.000142737,0.002849306,-0.005956973,0.000121193,20.33,7
US.GLD260318P575000,GLD 260318 575.00P,102.47,0.0,0.0,0.0,102.47,0,0.0,True,PUT,2026-03-18,575.0,100.0,0,0.0,0.0,0.0,0.0,0.0,0.0,1.115,7
US.GLD260318C580000,GLD 260318 580.00C,0.01,0.02,0.02,0.01,0.065,12,14.0,True,CALL,2026-03-18,580.0,100.0,0,43.896,0.001201962,0.000132231,0.002750754,-0.005980708,0.000116584,21.376,7
US.GLD260318P580000,GLD 260318 580.00P,107.47,0.0,0.0,0.0,107.47,0,0.0,True,PUT,2026-03-18,580.0,100.0,0,0.0,0.0,0.0,0.0,0.0,0.0,1.115,7
US.GLD260318C585000,GLD 260318 585.00C,0.21,0.21,0.21,0.21,0.0461,1,21.0,True,CALL,2026-03-18,585.0,100.0,0,62.859,0.014211567,0.000837602,0.02483249,-0.090021807,0.001359472,22.464,7
US.GLD260318P585000,GLD 260318 585.00P,112.47,0.0,0.0,0.0,112.47,0,0.0,True,PUT,2026-03-18,585.0,100.0,0,0.0,0.0,0.0,0.0,0.0,0.0,1.115,7
US.GLD260318C590000,GLD 260318 590.00C,0.06,0.06,0.06,0.06,0.0324,1,6.0,True,CALL,2026-03-18,590.0,100.0,0,56.066,0.00504331,0.000378511,0.01001873,-0.030403196,0.000485444,23.479,7
US.GLD260318P590000,GLD 260318 590.00P,117.47,0.0,0.0,0.0,117.47,0,0.0,True,PUT,2026-03-18,590.0,100.0,0,0.0,0.0,0.0,0.0,0.0,0.0,1.115,7
US.GLD260318C595000,GLD 260318 595.00C,0.0227,0.0,0.0,0.0,0.0227,0,0.0,True,CALL,2026-03-18,595.0,100.0,0,52.74,0.002177074,0.000189088,0.004714135,-0.012774269,0.000210216,24.518,7
US.GLD260318P595000,GLD 260318 595.00P,122.47,0.0,0.0,0.0,122.47,0,0.0,True,PUT,2026-03-18,595.0,100.0,0,0.0,0.0,0.0,0.0,0.0,0.0,1.115,7
US.GLD260318C600000,GLD 260318 600.00C,0.0157,0.0,0.0,0.0,0.0157,0,0.0,True,CALL,2026-03-18,600.0,100.0,0,52.793,0.001545055,0.000138298,0.003453198,-0.009168241,0.000149274,25.562,7
US.GLD260318P600000,GLD 260318 600.00P,127.47,0.0,0.0,0.0,127.47,0,0.0,True,PUT,2026-03-18,600.0,100.0,0,0.0,0.0,0.0,0.0,0.0,0.0,1.115,7
US.GLD260318C605000,GLD 260318 605.00C,0.0109,0.0,0.0,0.0,0.0109,0,0.0,True,CALL,2026-03-18,605.0,100.0,0,52.888,0.001098237,0.000101041,0.002528923,-0.006584846,0.000106159,26.608,7
US.GLD260318P605000,GLD 260318 605.00P,132.47,0.0,0.0,0.0,132.47,0,0.0,True,PUT,2026-03-18,605.0,100.0,0,0.0,0.0,0.0,0.0,0.0,0.0,1.115,7
US.GLD260318C610000,GLD 260318 610.00C,0.0074,0.0,0.0,0.0,0.0074,0,0.0,True,CALL,2026-03-18,610.0,100.0,0,52.912,0.000764565,7.2408e-05,0.001814298,-0.004621061,7.3944e-05,27.653,7
US.GLD260318P610000,GLD 260318 610.00P,137.47,0.0,0.0,0.0,137.47,0,0.0,True,PUT,2026-03-18,610.0,100.0,0,0.0,0.0,0.0,0.0,0.0,0.0,1.115,7
US.GLD260318C615000,GLD 260318 615.00C,0.0051,0.0,0.0,0.0,0.0051,0,0.0,True,CALL,2026-03-18,615.0,100.0,0,53.019,0.00053844,5.2281e-05,0.001313551,-0.003280444,5.2097e-05,28.699,7
US.GLD260318P615000,GLD 260318 615.00P,142.47,0.0,0.0,0.0,142.47,0,0.0,True,PUT,2026-03-18,615.0,100.0,0,0.0,0.0,0.0,0.0,0.0,0.0,1.115,7
US.GLD260320C135000,GLD 260320 135.00C,337.8683,337.8683,0.0,0.0,337.8683,0,0.0,True,CALL,2026-03-20,135.0,100.0,32,269.803,0.999084227,1.4906e-05,0.002398754,-0.040895046,0.035137732,-1.044,9
US.GLD260320P135000,GLD 260320 135.00P,0.0001,0.0001,0.0,0.0,0.0001,0,0.0,True,PUT,2026-03-20,135.0,100.0,69,178.389,-3.09e-06,1.03e-07,1.1326e-05,-6.8383e-05,3.925e-06,71.749,9
US.GLD260320C140000,GLD 260320 140.00C,332.8739,332.8739,0.0,0.0,332.8739,0,0.0,True,CALL,2026-03-20,140.0,100.0,1,260.327,0.999119115,1.4906e-05,0.002314656,-0.039394819,0.036449514,-1.043,9
US.GLD260320P140000,GLD 260320 140.00P,0.0001,0.0001,0.0,0.0,0.0001,0,0.0,True,PUT,2026-03-20,140.0,100.0,4,173.322,-3.177e-06,1.09e-07,1.1631e-05,-6.8288e-05,4e-06,70.702,9
US.GLD260320C145000,GLD 260320 145.00C,327.8795,327.8795,0.0,0.0,327.8795,0,0.0,True,CALL,2026-03-20,145.0,100.0,0,251.097,0.99915829,1.4821e-05,0.002219848,-0.037876472,0.037761831,-1.042,9
US.GLD260320P145000,GLD 260320 145.00P,0.0001,0.0001,0.0,0.0,0.0001,0,0.0,True,PUT,2026-03-20,145.0,100.0,5,168.434,-3.266e-06,1.15e-07,1.1941e-05,-6.8192e-05,4.077e-06,69.656,9
US.GLD260320C150000,GLD 260320 150.00C,322.8851,322.8851,0.0,0.0,322.8851,0,0.0,True,CALL,2026-03-20,150.0,100.0,1,251.993,0.998848676,1.9687e-05,0.002959301,-0.046829433,0.039024053,-1.041,9
US.GLD260320P150000,GLD 260320 150.00P,0.0001,0.0001,0.0,0.0,0.0001,0,0.0,True,PUT,2026-03-20,150.0,100.0,267,163.714,-3.356e-06,1.22e-07,1.2257e-05,-6.8094e-05,4.154e-06,68.61,9
US.GLD260320C155000,GLD 260320 155.00C,324.25,324.25,324.25,324.25,317.8907,1,32425.0,True,CALL,2026-03-20,155.0,100.0,3,243.55,0.998880897,1.9846e-05,0.00288337,-0.045368695,0.040335502,0.29,9
US.GLD260320P155000,GLD 260320 155.00P,0.0001,0.0001,0.0,0.0,0.0001,0,0.0,True,PUT,2026-03-20,155.0,100.0,34,159.15,-3.448e-06,1.28e-07,1.2578e-05,-6.7994e-05,4.232e-06,67.563,9
US.GLD260320C160000,GLD 260320 160.00C,312.8963,312.8963,0.0,0.0,312.8963,0,0.0,True,CALL,2026-03-20,160.0,100.0,3,235.325,0.998917179,1.993e-05,0.002797607,-0.043893908,0.041647458,-1.038,9
US.GLD260320P160000,GLD 260320 160.00P,0.0001,0.0001,0.0,0.0,0.0001,0,0.0,True,PUT,2026-03-20,160.0,100.0,442,154.733,-3.542e-06,1.35e-07,1.2905e-05,-6.7891e-05,4.31e-06,66.517,9
US.GLD260320C165000,GLD 260320 165.00C,315.7,315.7,315.7,315.7,307.9019,1,31570.0,True,CALL,2026-03-20,165.0,100.0,1,227.295,0.998957759,1.9923e-05,0.002701353,-0.04240419,0.04295995,0.594,9
US.GLD260320P165000,GLD 260320 165.00P,0.0001,0.0001,0.0,0.0,0.0001,0,0.0,True,PUT,2026-03-20,165.0,100.0,21,150.452,-3.638e-06,1.43e-07,1.3239e-05,-6.7787e-05,4.39e-06,65.471,9
US.GLD260320C170000,GLD 260320 170.00C,310.55,310.55,310.55,310.55,302.9075,1,31055.0,True,CALL,2026-03-20,170.0,100.0,5,219.436,0.999002898,1.9816e-05,0.002593854,-0.040898615,0.044273012,0.562,9
US.GLD260320P170000,GLD 260320 170.00P,0.0001,0.0001,0.0,0.0,0.0001,0,0.0,True,PUT,2026-03-20,170.0,100.0,430,146.3,-3.735e-06,1.51e-07,1.358e-05,-6.7681e-05,4.471e-06,64.424,9
US.GLD260320C175000,GLD 260320 175.00C,305.65,305.65,305.65,305.65,297.9131,1,30565.0,True,CALL,2026-03-20,175.0,100.0,4,211.722,0.999052914,1.9589e-05,0.002474189,-0.03937563,0.045586683,0.583,9
US.GLD260320P175000,GLD 260320 175.00P,0.0001,0.0001,0.0,0.0,0.0001,0,0.0,True,PUT,2026-03-20,175.0,100.0,15,142.269,-3.836e-06,1.59e-07,1.3928e-05,-6.7572e-05,4.553e-06,63.378,9
US.GLD260320C180000,GLD 260320 180.00C,292.9187,292.9187,0.0,0.0,292.9187,0,0.0,True,CALL,2026-03-20,180.0,100.0,7,212.987,0.998685731,2.6292e-05,0.003340489,-0.048303216,0.046841716,-1.034,9
US.GLD260320P180000,GLD 260320 180.00P,0.0001,0.0001,0.0,0.0,0.0001,0,0.0,True,PUT,2026-03-20,180.0,100.0,288,138.352,-3.938e-06,1.67e-07,1.4284e-05,-6.7461e-05,4.636e-06,62.332,9
US.GLD260320C185000,GLD 260320 185.00C,287.9242,287.9242,0.0,0.0,287.9242,0,0.0,True,CALL,2026-03-20,185.0,100.0,35,205.89,0.9987272,2.6412e-05,0.003244029,-0.04684056,0.04815432,-1.032,9
US.GLD260320P185000,GLD 260320 185.00P,0.0001,0.0001,0.0,0.0,0.0001,0,0.0,True,PUT,2026-03-20,185.0,100.0,30,134.543,-4.043e-06,1.76e-07,1.4648e-05,-6.7347e-05,4.721e-06,61.285,9
US.GLD260320C190000,GLD 260320 190.00C,282.9298,282.9298,0.0,0.0,282.9298,0,0.0,True,CALL,2026-03-20,190.0,100.0,6,205.859,0.998349129,3.3494e-05,0.004113136,-0.055463147,0.049407993,-1.031,9
US.GLD260320P190000,GLD 260320 190.00P,0.0001,0.0001,0.0,0.0,0.0001,0,0.0,True,PUT,2026-03-20,190.0,100.0,57,130.835,-4.15e-06,1.86e-07,1.502e-05,-6.7232e-05,4.807e-06,60.239,9
US.GLD260320C195000,GLD 260320 195.00C,277.9354,277.9354,0.0,0.0,277.9354,0,0.0,True,CALL,2026-03-20,195.0,100.0,0,199.227,0.998382278,3.3976e-05,0.004037878,-0.054045666,0.050719558,-1.03,9
US.GLD260320P195000,GLD 260320 195.00P,0.0001,0.0001,0.0,0.0,0.0001,0,0.0,True,PUT,2026-03-20,195.0,100.0,37,127.224,-4.26e-06,1.96e-07,1.5402e-05,-6.7113e-05,4.894e-06,59.193,9
US.GLD260320C200000,GLD 260320 200.00C,280.55,280.55,280.55,280.55,272.941,1,28055.0,True,CALL,2026-03-20,200.0,100.0,21,198.389,0.997990025,4.1569e-05,0.004919275,-0.062408817,0.05197146,0.562,9
US.GLD260320P200000,GLD 260320 200.00P,0.0001,0.0001,0.0,0.0,0.0001,0,0.0,True,PUT,2026-03-20,200.0,100.0,548,123.704,-4.374e-06,2.06e-07,1.5794e-05,-6.6992e-05,4.983e-06,58.146,9
US.GLD260320C205000,GLD 260320 205.00C,267.9466,267.9466,0.0,0.0,267.9466,0,0.0,True,CALL,2026-03-20,205.0,100.0,1,186.385,0.998461257,3.4696e-05,0.003857907,-0.051181741,0.05334427,-1.028,9
US.GLD260320P205000,GLD 260320 205.00P,0.0001,0.0001,0.0,0.0,0.0001,0,0.0,True,PUT,2026-03-20,205.0,100.0,80,120.271,-4.49e-06,2.18e-07,1.6196e-05,-6.6868e-05,5.074e-06,57.1,9
US.GLD260320C210000,GLD 260320 210.00C,262.9522,262.9522,0.0,0.0,262.9522,0,0.0,True,CALL,2026-03-20,210.0,100.0,6,180.153,0.99850764,3.4909e-05,0.003751764,-0.049733881,0.054657488,-1.027,9
US.GLD260320P210000,GLD 260320 210.00P,0.0001,0.0001,0.0,0.0,0.0001,0,0.0,True,PUT,2026-03-20,210.0,100.0,382,116.921,-4.609e-06,2.29e-07,1.6608e-05,-6.6741e-05,5.167e-06,56.054,9
US.GLD260320C215000,GLD 260320 215.00C,257.9578,257.9578,0.0,0.0,257.9578,0,0.0,True,CALL,2026-03-20,215.0,100.0,6,174.032,0.998559026,3.5002e-05,0.003633767,-0.048274638,0.05597133,-1.026,9
US.GLD260320P215000,GLD 260320 215.00P,0.0001,0.0001,0.0,0.0,0.0001,0,0.0,True,PUT,2026-03-20,215.0,100.0,7,113.648,-4.732e-06,2.42e-07,1.7032e-05,-6.6611e-05,5.262e-06,55.007,9
US.GLD260320C220000,GLD 260320 220.00C,252.9634,252.9634,0.0,0.0,252.9634,0,0.0,True,CALL,2026-03-20,220.0,100.0,14,174.17,0.998111965,4.4731e-05,0.004647679,-0.056834682,0.057216387,-1.024,9
US.GLD260320P220000,GLD 260320 220.00P,0.0001,0.0001,0.0,0.0,0.0001,0,0.0,True,PUT,2026-03-20,220.0,100.0,642,110.451,-4.858e-06,2.55e-07,1.7469e-05,-6.6479e-05,5.359e-06,53.961,9
US.GLD260320C225000,GLD 260320 225.00C,247.969,247.969,0.0,0.0,247.969,0,0.0,True,CALL,2026-03-20,225.0,100.0,34,168.422,0.998152965,4.5345e-05,0.004555926,-0.055421897,0.058528932,-1.023,9
US.GLD260320P225000,GLD 260320 225.00P,0.0001,0.0001,0.0,0.0,0.0001,0,0.0,True,PUT,2026-03-20,225.0,100.0,1675,107.324,-4.989e-06,2.69e-07,1.7918e-05,-6.6343e-05,5.458e-06,52.915,9
US.GLD260320C230000,GLD 260320 230.00C,242.9747,242.9747,0.0,0.0,242.9747,0,0.0,True,CALL,2026-03-20,230.0,100.0,40,167.776,0.997689255,5.5778e-05,0.005582552,-0.063704778,0.059771911,-1.022,9
US.GLD260320P230000,GLD 260320 230.00P,0.0001,0.0001,0.0,0.0,0.0001,0,0.0,True,PUT,2026-03-20,230.0,100.0,6966,104.266,-5.123e-06,2.84e-07,1.8381e-05,-6.6203e-05,5.559e-06,51.868,9
US.GLD260320C235000,GLD 260320 235.00C,237.9803,237.9803,0.0,0.0,237.9803,0,0.0,True,CALL,2026-03-20,235.0,100.0,6,162.324,0.997719551,5.6967e-05,0.005516312,-0.062327111,0.061083119,-1.021,9
US.GLD260320P235000,GLD 260320 235.00P,0.0001,0.0001,0.0,0.0,0.0001,0,0.0,True,PUT,2026-03-20,235.0,100.0,265,101.273,-5.262e-06,2.99e-07,1.8858e-05,-6.606e-05,5.663e-06,50.822,9
US.GLD260320C240000,GLD 260320 240.00C,232.9859,232.9859,0.0,0.0,232.9859,0,0.0,True,CALL,2026-03-20,240.0,100.0,27,161.151,0.997235429,6.8291e-05,0.006564968,-0.070364197,0.062323548,-1.02,9
US.GLD260320P240000,GLD 260320 240.00P,0.0001,0.0001,0.0,0.0,0.0001,0,0.0,True,PUT,2026-03-20,240.0,100.0,11173,98.342,-5.405e-06,3.16e-07,1.935e-05,-6.5913e-05,5.77e-06,49.776,9
US.GLD260320C245000,GLD 260320 245.00C,227.9917,227.9917,0.0,0.0,227.9917,0,0.0,True,CALL,2026-03-20,245.0,100.0,1169,155.949,0.99725431,7.0134e-05,0.006524584,-0.06901311,0.063633331,-1.018,9
US.GLD260320P245000,GLD 260320 245.00P,0.0002,0.0002,0.0,0.0,0.0002,0,0.0,True,PUT,2026-03-20,245.0,100.0,572,99.057,-1.0916e-05,6.23e-07,3.7777e-05,-0.000131321,6.79e-06,48.729,9
US.GLD260320C250000,GLD 260320 250.00C,222.9974,222.9974,0.0,0.0,222.9974,0,0.0,True,CALL,2026-03-20,250.0,100.0,23,150.849,0.99727687,7.1968e-05,0.006476279,-0.067657926,0.064943573,-1.017,9
US.GLD260320P250000,GLD 260320 250.00P,0.0004,0.0004,0.0,0.0,0.0004,0,0.0,True,PUT,2026-03-20,250.0,100.0,1115,99.864,-2.1587e-05,1.191e-06,7.2148e-05,-0.000257941,7.584e-06,47.683,9
US.GLD260320C255000,GLD 260320 255.00C,218.0034,218.0034,0.0,0.0,218.0034,0,0.0,True,CALL,2026-03-20,255.0,100.0,55,145.844,0.997303374,7.3781e-05,0.00641946,-0.06629815,0.066254308,-1.016,9
US.GLD260320P255000,GLD 260320 255.00P,0.01,0.02,0.02,0.01,0.0008,4,5.0,True,PUT,2026-03-20,255.0,100.0,874,119.216,-0.000396243,1.5536e-05,0.001107445,-0.00533625,-2.204e-05,46.639,9
US.GLD260320C260000,GLD 260320 260.00C,213.0095,213.0095,0.0,0.0,213.0095,0,0.0,True,CALL,2026-03-20,260.0,100.0,182,144.528,0.996762163,8.7796e-05,0.007569716,-0.074159898,0.067487608,-1.015,9
US.GLD260320P260000,GLD 260320 260.00P,0.0013,0.0013,0.0,0.0,0.0013,0,0.0,True,PUT,2026-03-20,260.0,100.0,2045,100.725,-6.7294e-05,3.484e-06,0.000211156,-0.00079438,6.915e-06,45.59,9
US.GLD260320C261000,GLD 260320 261.00C,212.0107,212.0107,0.0,0.0,212.0107,0,0.0,True,CALL,2026-03-20,261.0,100.0,4,143.561,0.996764447,8.8331e-05,0.007564935,-0.073892833,0.067749378,-1.014,9
US.GLD260320P261000,GLD 260320 261.00P,0.0014,0.0014,0.0,0.0,0.0014,0,0.0,True,PUT,2026-03-20,261.0,100.0,128,100.572,-7.2368e-05,3.738e-06,0.000226107,-0.000851831,6.696e-06,45.381,9
US.GLD260320C262000,GLD 260320 262.00C,211.012,211.012,0.0,0.0,211.012,0,0.0,True,CALL,2026-03-20,262.0,100.0,3,142.598,0.996766877,8.887e-05,0.00755985,-0.07362548,0.068011166,-1.014,9
US.GLD260320P262000,GLD 260320 262.00P,0.0016,0.0016,0.0,0.0,0.0016,0,0.0,True,PUT,2026-03-20,262.0,100.0,484,100.795,-8.2085e-05,4.201e-06,0.000254546,-0.000966091,6.202e-06,45.172,9
US.GLD260320C263000,GLD 260320 263.00C,210.0133,210.0133,0.0,0.0,210.0133,0,0.0,True,CALL,2026-03-20,263.0,100.0,2,141.638,0.996769447,8.9407e-05,0.007554468,-0.073357926,0.068272972,-1.014,9
US.GLD260320P263000,GLD 260320 263.00P,0.01,0.04,0.04,0.01,0.0017,142,309.0,True,PUT,2026-03-20,263.0,100.0,130,113.65,-0.00041524,1.702e-05,0.001156706,-0.005320197,-2.3408e-05,44.965,9
US.GLD260320C264000,GLD 260320 264.00C,209.0146,209.0146,0.0,0.0,209.0146,0,0.0,True,CALL,2026-03-20,264.0,100.0,7,140.682,0.996772142,8.9947e-05,0.007548824,-0.07309046,0.068534794,-1.014,9
US.GLD260320P264000,GLD 260320 264.00P,0.0019,0.0019,0.0,0.0,0.0019,0,0.0,True,PUT,2026-03-20,264.0,100.0,122,100.659,-9.6894e-05,4.92e-06,0.000297472,-0.001135242,5.38e-06,44.753,9
US.GLD260320C265000,GLD 260320 265.00C,208.0159,208.0159,0.0,0.0,208.0159,0,0.0,True,CALL,2026-03-20,265.0,100.0,175,139.729,0.996774984,9.0489e-05,0.007542871,-0.072822758,0.068796634,-1.013,9
US.GLD260320P265000,GLD 260320 265.00P,0.01,0.04,0.04,0.01,0.0021,150,293.0,True,PUT,2026-03-20,265.0,100.0,3429,112.284,-0.000420181,1.7417e-05,0.001169489,-0.005316089,-2.3765e-05,44.546,9
US.GLD260320C266000,GLD 260320 266.00C,207.0172,207.0172,0.0,0.0,207.0172,0,0.0,True,CALL,2026-03-20,266.0,100.0,7,138.78,0.99677797,9.1031e-05,0.007536615,-0.072554902,0.069058491,-1.013,9
US.GLD260320P266000,GLD 260320 266.00P,0.01,0.04,0.04,0.01,0.0023,52,113.0,True,PUT,2026-03-20,266.0,100.0,119,111.605,-0.000422681,1.762e-05,0.001175952,-0.005314005,-2.3945e-05,44.337,9
US.GLD260320C267000,GLD 260320 267.00C,206.0186,206.0186,0.0,0.0,206.0186,0,0.0,True,CALL,2026-03-20,267.0,100.0,1,137.834,0.996781096,9.1577e-05,0.007530064,-0.072286975,0.069320367,-1.013,9
US.GLD260320P267000,GLD 260320 267.00P,0.0026,0.0026,0.0,0.0,0.0026,0,0.0,True,PUT,2026-03-20,267.0,100.0,794,100.85,-0.000130478,6.499e-06,0.00039324,-0.001522606,3.175e-06,44.126,9
US.GLD260320C268000,GLD 260320 268.00C,205.02,205.02,0.0,0.0,205.02,0,0.0,True,CALL,2026-03-20,268.0,100.0,4,136.892,0.996784371,9.2121e-05,0.007523197,-0.072018855,0.069582261,-1.012,9
US.GLD260320P268000,GLD 260320 268.00P,0.0028,0.0028,0.0,0.0,0.0028,0,0.0,True,PUT,2026-03-20,268.0,100.0,215,100.723,-0.000140193,6.961e-06,0.000420601,-0.001631465,2.489e-06,43.917,9
US.GLD260320C269000,GLD 260320 269.00C,204.0214,204.0214,0.0,0.0,204.0214,0,0.0,True,CALL,2026-03-20,269.0,100.0,1,135.953,0.996787794,9.267e-05,0.007516021,-0.071750623,0.069844173,-1.012,9
US.GLD260320P269000,GLD 260320 269.00P,0.06,0.05,0.06,0.01,0.0031,228,430.0,True,PUT,2026-03-20,269.0,100.0,153,123.055,-0.001401333,4.8225e-05,0.003543432,-0.018670031,-0.000133282,43.719,9
US.GLD260320C270000,GLD 260320 270.00C,203.0228,203.0228,0.0,0.0,203.0228,0,0.0,True,CALL,2026-03-20,270.0,100.0,220,135.018,0.99679136,9.3218e-05,0.007508543,-0.071482358,0.070106103,-1.012,9
US.GLD260320P270000,GLD 260320 270.00P,0.03,0.03,0.03,0.03,0.0034,1,3.0,True,PUT,2026-03-20,270.0,100.0,2470,120.835,-0.001260288,4.457e-05,0.003216155,-0.016554652,-0.000116655,43.504,9
US.GLD260320C271000,GLD 260320 271.00C,202.0242,202.0242,0.0,0.0,202.0242,0,0.0,True,CALL,2026-03-20,271.0,100.0,5,130.422,0.99741804,7.933e-05,0.006172825,-0.061914261,0.070452387,-1.012,9
US.GLD260320P271000,GLD 260320 271.00P,0.0037,0.0037,0.0,0.0,0.0037,0,0.0,True,PUT,2026-03-20,271.0,100.0,439,100.744,-0.000182678,8.922e-06,0.00053876,-0.002114259,-7.76e-07,43.289,9
US.GLD260320C272000,GLD 260320 272.00C,201.0257,201.0257,0.0,0.0,201.0257,0,0.0,True,CALL,2026-03-20,272.0,100.0,63,118.268,0.998833039,4.2471e-05,0.002997533,-0.041583431,0.070903655,-1.011,9
US.GLD260320P272000,GLD 260320 272.00P,0.0041,0.0041,0.0,0.0,0.0041,0,0.0,True,PUT,2026-03-20,272.0,100.0,7,100.83,-0.000201192,9.758e-06,0.000589586,-0.002325466,-2.298e-06,43.08,9
US.GLD260320C273000,GLD 260320 273.00C,200.0272,200.0272,0.0,0.0,200.0272,0,0.0,True,CALL,2026-03-20,273.0,100.0,13,123.895,0.998112698,6.2861e-05,0.004647049,-0.051625277,0.071068645,-1.011,9
US.GLD260320P273000,GLD 260320 273.00P,0.0045,0.0045,0.0,0.0,0.0045,0,0.0,True,PUT,2026-03-20,273.0,100.0,6,100.856,-0.00021969,1.0593e-05,0.000640022,-0.002534774,-3.858e-06,42.871,9
US.GLD260320C274000,GLD 260320 274.00C,201.05,201.05,201.05,201.05,199.0288,1,20105.0,True,CALL,2026-03-20,274.0,100.0,7,127.622,0.99744522,8.0298e-05,0.006114171,-0.061086387,0.071240236,-0.588,9
US.GLD260320P274000,GLD 260320 274.00P,0.0049,0.0049,0.0,0.0,0.0049,0,0.0,True,PUT,2026-03-20,274.0,100.0,231,100.83,-0.000238191,1.1427e-05,0.000690143,-0.002742293,-5.452e-06,42.661,9
US.GLD260320C275000,GLD 260320 275.00C,198.0304,198.0304,0.0,0.0,198.0304,0,0.0,True,CALL,2026-03-20,275.0,100.0,880,126.695,0.997454734,8.0613e-05,0.006093624,-0.060809791,0.071502909,-1.01,9
US.GLD260320P275000,GLD 260320 275.00P,0.0054,0.0054,0.0,0.0,0.0054,0,0.0,True,PUT,2026-03-20,275.0,100.0,860,100.896,-0.00026095,1.2436e-05,0.00075139,-0.002999669,-7.468e-06,42.452,9
US.GLD260320C276000,GLD 260320 276.00C,197.032,197.032,0.0,0.0,197.032,0,0.0,True,CALL,2026-03-20,276.0,100.0,79,125.771,0.997464457,8.0927e-05,0.006072615,-0.06053321,0.071765609,-1.01,9
US.GLD260320P276000,GLD 260320 276.00P,0.0059,0.0059,0.0,0.0,0.0059,0,0.0,True,PUT,2026-03-20,276.0,100.0,12,100.906,-0.000283695,1.3443e-05,0.000812186,-0.003254695,-9.521e-06,42.243,9
US.GLD260320C277000,GLD 260320 277.00C,196.0336,196.0336,0.0,0.0,196.0336,0,0.0,True,CALL,2026-03-20,277.0,100.0,98,124.85,0.997474424,8.1234e-05,0.00605107,-0.060256203,0.072028338,-1.01,9
US.GLD260320P277000,GLD 260320 277.00P,0.0064,0.0064,0.0,0.0,0.0064,0,0.0,True,PUT,2026-03-20,277.0,100.0,351,100.868,-0.000306452,1.4451e-05,0.000872629,-0.003507556,-1.161e-05,42.034,9
US.GLD260320C278000,GLD 260320 278.00C,195.0353,195.0353,0.0,0.0,195.0353,0,0.0,True,CALL,2026-03-20,278.0,100.0,1,127.654,0.996825589,9.7648e-05,0.00743668,-0.069330821,0.072202258,-1.009,9
US.GLD260320P278000,GLD 260320 278.00P,0.007,0.007,0.0,0.0,0.007,0,0.0,True,PUT,2026-03-20,278.0,100.0,422,100.897,-0.000333386,1.5627e-05,0.000943709,-0.003808569,-1.4133e-05,41.825,9
US.GLD260320C279000,GLD 260320 279.00C,194.0371,194.0371,0.0,0.0,194.0371,0,0.0,True,CALL,2026-03-20,279.0,100.0,12,118.202,0.998208715,6.2835e-05,0.004431841,-0.049886734,0.072649546,-1.009,9
US.GLD260320P279000,GLD 260320 279.00P,0.0076,0.0076,0.0,0.0,0.0076,0,0.0,True,PUT,2026-03-20,279.0,100.0,691,100.875,-0.000360327,1.6802e-05,0.001014342,-0.004106948,-1.6693e-05,41.616,9
US.GLD260320C280000,GLD 260320 280.00C,193.0389,193.0389,0.0,0.0,193.0389,0,0.0,True,CALL,2026-03-20,280.0,100.0,481,128.945,0.996202536,0.000113555,0.00873519,-0.077813747,0.072640882,-1.009,9
US.GLD260320P280000,GLD 260320 280.00P,0.05,0.02,0.05,0.02,0.0083,23,65.0,True,PUT,2026-03-20,280.0,100.0,13761,117.458,-0.001802768,6.3566e-05,0.004457782,-0.022660138,-0.000178821,41.415,9
US.GLD260320C281000,GLD 260320 281.00C,192.0408,192.0408,0.0,0.0,192.0408,0,0.0,True,CALL,2026-03-20,281.0,100.0,6,0.0,0.0,0.0,0.0,0.0,0.0,-1.008,9
US.GLD260320P281000,GLD 260320 281.00P,0.0091,0.0091,0.0,0.0,0.0091,0,0.0,True,PUT,2026-03-20,281.0,100.0,82,100.968,-0.000426512,1.9636e-05,0.001186095,-0.004843195,-2.3149e-05,41.198,9
US.GLD260320C282000,GLD 260320 282.00C,191.0427,191.0427,0.0,0.0,191.0427,0,0.0,True,CALL,2026-03-20,282.0,100.0,2,0.0,0.0,0.0,0.0,0.0,0.0,-1.008,9
US.GLD260320P282000,GLD 260320 282.00P,0.01,0.01,0.01,0.01,0.0099,2,2.0,True,PUT,2026-03-20,282.0,100.0,63,101.057,-0.000465642,2.1283e-05,0.001286571,-0.005278907,-2.7056e-05,40.988,9
US.GLD260320C283000,GLD 260320 283.00C,190.0447,190.0447,0.0,0.0,190.0447,0,0.0,True,CALL,2026-03-20,283.0,100.0,3,0.0,0.0,0.0,0.0,0.0,0.0,-1.007,9
US.GLD260320P283000,GLD 260320 283.00P,0.0107,0.0107,0.0,0.0,0.0107,0,0.0,True,PUT,2026-03-20,283.0,100.0,17,100.943,-0.000496727,2.2623e-05,0.001365881,-0.005614231,-3.0173e-05,40.779,9
US.GLD260320C284000,GLD 260320 284.00C,189.0467,189.0467,0.0,0.0,189.0467,0,0.0,True,CALL,2026-03-20,284.0,100.0,63,0.0,0.0,0.0,0.0,0.0,0.0,-1.007,9
US.GLD260320P284000,GLD 260320 284.00P,0.11,0.03,0.41,0.01,0.0117,26,224.0,True,PUT,2026-03-20,284.0,100.0,580,116.604,-0.002148448,7.5095e-05,0.005227428,-0.026587644,-0.000219288,40.591,9
US.GLD260320C285000,GLD 260320 285.00C,188.0488,188.0488,0.0,0.0,188.0488,0,0.0,True,CALL,2026-03-20,285.0,100.0,198,0.0,0.0,0.0,0.0,0.0,0.0,-1.006,9
US.GLD260320P285000,GLD 260320 285.00P,0.02,0.06,0.11,0.02,0.0127,20,110.0,True,PUT,2026-03-20,285.0,100.0,8373,110.107,-0.001379681,5.313e-05,0.003493827,-0.016429568,-0.000128235,40.363,9
US.GLD260320C286000,GLD 260320 286.00C,187.0511,187.0511,0.0,0.0,187.0511,0,0.0,True,CALL,2026-03-20,286.0,100.0,38,116.684,0.99757512,8.3779e-05,0.005832827,-0.057752165,0.074394278,-1.006,9
US.GLD260320P286000,GLD 260320 286.00P,0.0138,0.0138,0.0,0.0,0.0138,0,0.0,True,PUT,2026-03-20,286.0,100.0,52,101.039,-0.000629957,2.8161e-05,0.001701246,-0.007074838,-4.3918e-05,40.152,9
US.GLD260320C287000,GLD 260320 287.00C,186.0534,186.0534,0.0,0.0,186.0534,0,0.0,True,CALL,2026-03-20,287.0,100.0,31,0.0,0.0,0.0,0.0,0.0,0.0,-1.005,9
US.GLD260320P287000,GLD 260320 287.00P,0.13,0.13,0.13,0.13,0.015,1,13.0,True,PUT,2026-03-20,287.0,100.0,1041,107.216,-0.001227005,4.9011e-05,0.003138836,-0.014290059,-0.000110311,39.967,9
US.GLD260320C288000,GLD 260320 288.00C,185.0559,185.0559,0.0,0.0,185.0559,0,0.0,True,CALL,2026-03-20,288.0,100.0,55,0.0,0.0,0.0,0.0,0.0,0.0,-1.005,9
US.GLD260320P288000,GLD 260320 288.00P,0.0164,0.0164,0.0,0.0,0.0164,0,0.0,True,PUT,2026-03-20,288.0,100.0,70,141.941,-0.010108335,0.000245399,0.02077936,-0.13841483,-0.001226964,39.734,9
US.GLD260320C289000,GLD 260320 289.00C,184.0584,184.0584,0.0,0.0,184.0584,0,0.0,True,CALL,2026-03-20,289.0,100.0,25,108.847,0.998396845,6.1678e-05,0.004006498,-0.046946344,0.075287889,-1.004,9
US.GLD260320P289000,GLD 260320 289.00P,0.0177,0.0177,0.0,0.0,0.0177,0,0.0,True,PUT,2026-03-20,289.0,100.0,500,101.146,-0.00079424,3.4838e-05,0.002106216,-0.008860834,-6.1386e-05,39.525,9
US.GLD260320C290000,GLD 260320 290.00C,183.0609,183.0609,0.0,0.0,183.0609,0,0.0,True,CALL,2026-03-20,290.0,100.0,869,98.998,0.999317988,3.0968e-05,0.001830567,-0.035783446,0.075670947,-1.004,9
US.GLD260320P290000,GLD 260320 290.00P,0.02,0.09,0.09,0.02,0.0191,31,109.0,True,PUT,2026-03-20,290.0,100.0,12463,105.173,-0.001250114,5.0822e-05,0.003192943,-0.014267231,-0.000112503,39.316,9
US.GLD260320C291000,GLD 260320 291.00C,182.0634,182.0634,0.0,0.0,182.0634,0,0.0,True,CALL,2026-03-20,291.0,100.0,26,0.0,0.0,0.0,0.0,0.0,0.0,-1.003,9
US.GLD260320P291000,GLD 260320 291.00P,0.08,0.08,0.08,0.08,0.0205,3,24.0,True,PUT,2026-03-20,291.0,100.0,70,143.93,-0.012260043,0.000286231,0.024575548,-0.167457671,-0.001506449,39.12,9
US.GLD260320C292000,GLD 260320 292.00C,181.0659,181.0659,0.0,0.0,181.0659,0,0.0,True,CALL,2026-03-20,292.0,100.0,7,121.047,0.995554004,0.000139294,0.010058925,-0.083408471,0.075691174,-1.003,9
US.GLD260320P292000,GLD 260320 292.00P,0.12,0.11,0.12,0.11,0.0219,2,23.0,True,PUT,2026-03-20,292.0,100.0,177,109.879,-0.002100241,7.8063e-05,0.005121242,-0.024496744,-0.000211762,38.919,9
US.GLD260320C293000,GLD 260320 293.00C,180.0684,180.0684,0.0,0.0,180.0684,0,0.0,True,CALL,2026-03-20,293.0,100.0,34,120.185,0.995550849,0.000140381,0.010065339,-0.083145594,0.075952265,-1.002,9
US.GLD260320P293000,GLD 260320 293.00P,0.0233,0.0233,0.0,0.0,0.0233,0,0.0,True,PUT,2026-03-20,293.0,100.0,207,141.545,-0.012130967,0.000288395,0.024351213,-0.163059199,-0.001487105,38.689,9
US.GLD260320C294000,GLD 260320 294.00C,179.071,179.071,0.0,0.0,179.071,0,0.0,True,CALL,2026-03-20,294.0,100.0,14,0.0,0.0,0.0,0.0,0.0,0.0,-1.002,9
US.GLD260320P294000,GLD 260320 294.00P,0.0247,0.0247,0.0,0.0,0.0247,0,0.0,True,PUT,2026-03-20,294.0,100.0,243,100.732,-0.001087946,4.6717e-05,0.002811808,-0.011949815,-9.3451e-05,38.48,9
US.GLD260320C295000,GLD 260320 295.00C,178.0735,178.0735,0.0,0.0,178.0735,0,0.0,True,CALL,2026-03-20,295.0,100.0,37,0.0,0.0,0.0,0.0,0.0,0.0,-1.001,9
US.GLD260320P295000,GLD 260320 295.00P,0.08,0.02,0.08,0.02,0.0262,24,64.0,True,PUT,2026-03-20,295.0,100.0,11262,123.264,-0.005848314,0.00017456,0.012838737,-0.072305124,-0.000673589,38.283,9
US.GLD260320C296000,GLD 260320 296.00C,177.076,177.076,0.0,0.0,177.076,0,0.0,True,CALL,2026-03-20,296.0,100.0,11,0.0,0.0,0.0,0.0,0.0,0.0,-1.001,9
US.GLD260320P296000,GLD 260320 296.00P,0.14,0.14,0.14,0.14,0.0276,2,28.0,True,PUT,2026-03-20,296.0,100.0,73,118.177,-0.004613176,0.000147416,0.010396106,-0.055496813,-0.000518056,38.086,9
US.GLD260320C297000,GLD 260320 297.00C,176.0786,176.0786,0.0,0.0,176.0786,0,0.0,True,CALL,2026-03-20,297.0,100.0,11,0.0,0.0,0.0,0.0,0.0,0.0,-1.0,9
US.GLD260320P297000,GLD 260320 297.00P,0.029,0.029,0.0,0.0,0.029,0,0.0,True,PUT,2026-03-20,297.0,100.0,272,112.493,-0.003393861,0.00011763,0.007898067,-0.039548077,-0.000366944,37.853,9
US.GLD260320C298000,GLD 260320 298.00C,175.0811,175.0811,0.0,0.0,175.0811,0,0.0,True,CALL,2026-03-20,298.0,100.0,153,0.0,0.0,0.0,0.0,0.0,0.0,-1.0,9
US.GLD260320P298000,GLD 260320 298.00P,0.0304,0.0304,0.0,0.0,0.0304,0,0.0,True,PUT,2026-03-20,298.0,100.0,3153,112.977,-0.003704296,0.000126705,0.00854355,-0.043138244,-0.000404706,37.644,9
US.GLD260320C299000,GLD 260320 299.00C,174.0837,174.0837,0.0,0.0,174.0837,0,0.0,True,CALL,2026-03-20,299.0,100.0,13,0.0,0.0,0.0,0.0,0.0,0.0,-0.999,9
US.GLD260320P299000,GLD 260320 299.00P,0.17,0.17,0.17,0.17,0.0319,2,34.0,True,PUT,2026-03-20,299.0,100.0,122,130.113,-0.009765116,0.000259748,0.020162379,-0.12275286,-0.001172164,37.464,9
US.GLD260320C300000,GLD 260320 300.00C,178.03,180.0,181.0,178.03,173.0862,9,162003.0,True,CALL,2026-03-20,300.0,100.0,3950,98.638,0.998653227,5.8055e-05,0.003418168,-0.043631236,0.078196242,0.035,9
US.GLD260320P300000,GLD 260320 300.00P,0.05,0.04,0.1,0.04,0.0333,13,65.0,True,PUT,2026-03-20,300.0,100.0,8019,101.143,-0.001695234,6.9792e-05,0.004215919,-0.018358892,-0.000162295,37.23,9
US.GLD260320C301000,GLD 260320 301.00C,172.0888,172.0888,0.0,0.0,172.0888,0,0.0,True,CALL,2026-03-20,301.0,100.0,98,103.516,0.997794305,8.6674e-05,0.005354093,-0.053524677,0.078343925,-0.998,9
US.GLD260320P301000,GLD 260320 301.00P,0.0347,0.0347,0.0,0.0,0.0347,0,0.0,True,PUT,2026-03-20,301.0,100.0,2467,137.756,-0.01434194,0.000342456,0.028141091,-0.184667943,-0.001768313,37.017,9
US.GLD260320C302000,GLD 260320 302.00C,171.0913,171.0913,0.0,0.0,171.0913,0,0.0,True,CALL,2026-03-20,302.0,100.0,333,102.655,0.997811585,8.6778e-05,0.005316128,-0.053239979,0.078607568,-0.997,9
US.GLD260320P302000,GLD 260320 302.00P,0.09,0.09,0.09,0.09,0.0362,2,18.0,True,PUT,2026-03-20,302.0,100.0,359,131.902,-0.011921252,0.000304831,0.023985982,-0.149388783,-0.001449369,36.82,9
US.GLD260320C303000,GLD 260320 303.00C,170.0939,170.0939,0.0,0.0,170.0939,0,0.0,True,CALL,2026-03-20,303.0,100.0,1519,0.0,0.0,0.0,0.0,0.0,0.0,-0.997,9
US.GLD260320P303000,GLD 260320 303.00P,0.0376,0.0376,0.0,0.0,0.0376,0,0.0,True,PUT,2026-03-20,303.0,100.0,399,98.562,-0.001641285,6.9537e-05,0.004093751,-0.017339774,-0.000155423,36.6,9
US.GLD260320C304000,GLD 260320 304.00C,169.0964,169.0964,0.0,0.0,169.0964,0,0.0,True,CALL,2026-03-20,304.0,100.0,942,0.0,0.0,0.0,0.0,0.0,0.0,-0.996,9
US.GLD260320P304000,GLD 260320 304.00P,0.039,0.039,0.0,0.0,0.039,0,0.0,True,PUT,2026-03-20,304.0,100.0,145,98.236,-0.001703231,7.2164e-05,0.004234179,-0.017904615,-0.000162433,36.391,9
US.GLD260320C305000,GLD 260320 305.00C,168.099,168.099,0.0,0.0,168.099,0,0.0,True,CALL,2026-03-20,305.0,100.0,225,0.0,0.0,0.0,0.0,0.0,0.0,-0.996,9
US.GLD260320P305000,GLD 260320 305.00P,0.0405,0.0405,0.0,0.0,0.0405,0,0.0,True,PUT,2026-03-20,305.0,100.0,2160,108.965,-0.004168254,0.000146019,0.009496057,-0.046468372,-0.000459223,36.182,9
US.GLD260320C306000,GLD 260320 306.00C,173.19,173.19,173.19,173.19,167.1015,1,17319.0,True,CALL,2026-03-20,306.0,100.0,253,0.0,0.0,0.0,0.0,0.0,0.0,0.278,9
US.GLD260320P306000,GLD 260320 306.00P,0.0419,0.0419,0.0,0.0,0.0419,0,0.0,True,PUT,2026-03-20,306.0,100.0,641,97.573,-0.001832015,7.7637e-05,0.004524407,-0.019064337,-0.000177053,35.973,9
US.GLD260320C307000,GLD 260320 307.00C,172.18,172.18,172.18,172.18,166.1041,1,17218.0,True,CALL,2026-03-20,307.0,100.0,176,0.0,0.0,0.0,0.0,0.0,0.0,0.276,9
US.GLD260320P307000,GLD 260320 307.00P,0.0433,0.0433,0.0,0.0,0.0433,0,0.0,True,PUT,2026-03-20,307.0,100.0,295,97.216,-0.001895251,8.0365e-05,0.004666107,-0.019618691,-0.000184242,35.764,9
US.GLD260320C308000,GLD 260320 308.00C,171.42,171.42,171.42,171.42,165.1066,1,17142.0,True,CALL,2026-03-20,308.0,100.0,568,0.0,0.0,0.0,0.0,0.0,0.0,0.326,9
US.GLD260320P308000,GLD 260320 308.00P,0.0448,0.0448,0.0,0.0,0.0448,0,0.0,True,PUT,2026-03-20,308.0,100.0,209,96.87,-0.001962583,8.3252e-05,0.00481642,-0.020209804,-0.000191918,35.555,9
US.GLD260320C309000,GLD 260320 309.00C,169.95,169.95,169.95,169.95,164.1092,1,16995.0,True,CALL,2026-03-20,309.0,100.0,475,0.0,0.0,0.0,0.0,0.0,0.0,0.228,9
US.GLD260320P309000,GLD 260320 309.00P,0.0462,0.0462,0.0,0.0,0.0462,0,0.0,True,PUT,2026-03-20,309.0,100.0,926,96.494,-0.002026752,8.6055e-05,0.004959152,-0.020757341,-0.00019923,35.346,9
US.GLD260320C310000,GLD 260320 310.00C,163.1118,163.1118,0.0,0.0,163.1118,0,0.0,True,CALL,2026-03-20,310.0,100.0,826,0.0,0.0,0.0,0.0,0.0,0.0,-0.993,9
US.GLD260320P310000,GLD 260320 310.00P,0.04,0.05,0.05,0.03,0.0477,38,164.0,True,PUT,2026-03-20,310.0,100.0,25799,93.345,-0.001618523,7.2491e-05,0.004042345,-0.016192519,-0.000151403,35.135,9
US.GLD260320C311000,GLD 260320 311.00C,162.1143,162.1143,0.0,0.0,162.1143,0,0.0,True,CALL,2026-03-20,311.0,100.0,580,0.0,0.0,0.0,0.0,0.0,0.0,-0.993,9
US.GLD260320P311000,GLD 260320 311.00P,0.0491,0.0491,0.0,0.0,0.0491,0,0.0,True,PUT,2026-03-20,311.0,100.0,351,95.738,-0.002160238,9.1902e-05,0.00525449,-0.021882552,-0.000214478,34.928,9
US.GLD260320C312000,GLD 260320 312.00C,161.1169,161.1169,0.0,0.0,161.1169,0,0.0,True,CALL,2026-03-20,312.0,100.0,291,0.0,0.0,0.0,0.0,0.0,0.0,-0.992,9
US.GLD260320P312000,GLD 260320 312.00P,0.0506,0.0506,0.0,0.0,0.0506,0,0.0,True,PUT,2026-03-20,312.0,100.0,297,90.762,-0.001441341,6.7067e-05,0.003637111,-0.014085618,-0.000130647,34.719,9
US.GLD260320C313000,GLD 260320 313.00C,160.1194,160.1194,0.0,0.0,160.1194,0,0.0,True,CALL,2026-03-20,313.0,100.0,164,0.0,0.0,0.0,0.0,0.0,0.0,-0.992,9
US.GLD260320P313000,GLD 260320 313.00P,0.052,0.052,0.0,0.0,0.052,0,0.0,True,PUT,2026-03-20,313.0,100.0,717,94.952,-0.002295804,9.7919e-05,0.005552355,-0.022994411,-0.000229994,34.51,9
US.GLD260320C314000,GLD 260320 314.00C,159.122,159.122,0.0,0.0,159.122,0,0.0,True,CALL,2026-03-20,314.0,100.0,669,0.0,0.0,0.0,0.0,0.0,0.0,-0.991,9
US.GLD260320P314000,GLD 260320 314.00P,0.0534,0.0534,0.0,0.0,0.0534,0,0.0,True,PUT,2026-03-20,314.0,100.0,1166,94.54,-0.002362592,0.000100934,0.005698371,-0.023526099,-0.00023764,34.301,9
US.GLD260320C315000,GLD 260320 315.00C,158.1246,158.1246,0.0,0.0,158.1246,0,0.0,True,CALL,2026-03-20,315.0,100.0,937,0.0,0.0,0.0,0.0,0.0,0.0,-0.991,9
US.GLD260320P315000,GLD 260320 315.00P,0.0549,0.0549,0.0,0.0,0.0549,0,0.0,True,PUT,2026-03-20,315.0,100.0,7042,101.797,-0.004449444,0.000165691,0.010066958,-0.046112568,-0.000489716,34.092,9
US.GLD260320C316000,GLD 260320 316.00C,157.1271,157.1271,0.0,0.0,157.1271,0,0.0,True,CALL,2026-03-20,316.0,100.0,242,0.0,0.0,0.0,0.0,0.0,0.0,-0.99,9
US.GLD260320P316000,GLD 260320 316.00P,0.0563,0.0563,0.0,0.0,0.0563,0,0.0,True,PUT,2026-03-20,316.0,100.0,268,93.716,-0.002501547,0.000107227,0.006000675,-0.024619258,-0.000253581,33.883,9
US.GLD260320C317000,GLD 260320 317.00C,156.1297,156.1297,0.0,0.0,156.1297,0,0.0,True,CALL,2026-03-20,317.0,100.0,422,0.0,0.0,0.0,0.0,0.0,0.0,-0.99,9
US.GLD260320P317000,GLD 260320 317.00P,0.0578,0.0578,0.0,0.0,0.0578,0,0.0,True,PUT,2026-03-20,317.0,100.0,219,93.302,-0.002573758,0.000110509,0.006157006,-0.0251805,-0.000261881,33.674,9
US.GLD260320C318000,GLD 260320 318.00C,155.1323,155.1323,0.0,0.0,155.1323,0,0.0,True,CALL,2026-03-20,318.0,100.0,204,0.0,0.0,0.0,0.0,0.0,0.0,-0.989,9
US.GLD260320P318000,GLD 260320 318.00P,0.0593,0.0593,0.0,0.0,0.0593,0,0.0,True,PUT,2026-03-20,318.0,100.0,46,92.884,-0.002646601,0.000113843,0.006314194,-0.025738644,-0.000270259,33.465,9
US.GLD260320C319000,GLD 260320 319.00C,154.1349,154.1349,0.0,0.0,154.1349,0,0.0,True,CALL,2026-03-20,319.0,100.0,132,0.0,0.0,0.0,0.0,0.0,0.0,-0.988,9
US.GLD260320P319000,GLD 260320 319.00P,0.0607,0.0607,0.0,0.0,0.0607,0,0.0,True,PUT,2026-03-20,319.0,100.0,193,92.444,-0.002716387,0.000117106,0.00646432,-0.026255292,-0.000278276,33.256,9
US.GLD260320C320000,GLD 260320 320.00C,153.1374,153.1374,0.0,0.0,153.1374,0,0.0,True,CALL,2026-03-20,320.0,100.0,6531,0.0,0.0,0.0,0.0,0.0,0.0,-0.988,9
US.GLD260320P320000,GLD 260320 320.00P,0.04,0.06,0.06,0.04,0.0622,20,100.0,True,PUT,2026-03-20,320.0,100.0,3208,88.089,-0.001936351,9.0429e-05,0.004758593,-0.018121691,-0.000186089,33.043,9
US.GLD260320C321000,GLD 260320 321.00C,152.14,152.14,0.0,0.0,152.14,0,0.0,True,CALL,2026-03-20,321.0,100.0,304,0.0,0.0,0.0,0.0,0.0,0.0,-0.987,9
US.GLD260320P321000,GLD 260320 321.00P,0.0636,0.0636,0.0,0.0,0.0636,0,0.0,True,PUT,2026-03-20,321.0,100.0,198,91.565,-0.002861605,0.000123919,0.006775279,-0.027318139,-0.000294985,32.838,9
US.GLD260320C322000,GLD 260320 322.00C,151.1426,151.1426,0.0,0.0,151.1426,0,0.0,True,CALL,2026-03-20,322.0,100.0,267,0.0,0.0,0.0,0.0,0.0,0.0,-0.987,9
US.GLD260320P322000,GLD 260320 322.00P,0.0651,0.0651,0.0,0.0,0.0651,0,0.0,True,PUT,2026-03-20,322.0,100.0,3955,91.126,-0.002937089,0.000127474,0.006936175,-0.027864163,-0.000303684,32.629,9
US.GLD260320C323000,GLD 260320 323.00C,150.1452,150.1452,0.0,0.0,150.1452,0,0.0,True,CALL,2026-03-20,323.0,100.0,84,0.0,0.0,0.0,0.0,0.0,0.0,-0.986,9
US.GLD260320P323000,GLD 260320 323.00P,0.0665,0.0665,0.0,0.0,0.0665,0,0.0,True,PUT,2026-03-20,323.0,100.0,334,90.669,-0.003009545,0.000130963,0.007090157,-0.028369359,-0.000312022,32.42,9
US.GLD260320C324000,GLD 260320 324.00C,149.1477,149.1477,0.0,0.0,149.1477,0,0.0,True,CALL,2026-03-20,324.0,100.0,43,0.0,0.0,0.0,0.0,0.0,0.0,-0.986,9
US.GLD260320P324000,GLD 260320 324.00P,0.068,0.068,0.0,0.0,0.068,0,0.0,True,PUT,2026-03-20,324.0,100.0,62,90.221,-0.003086447,0.000134639,0.007253102,-0.028909496,-0.000320892,32.211,9
US.GLD260320C325000,GLD 260320 325.00C,148.1503,148.1503,0.0,0.0,148.1503,0,0.0,True,CALL,2026-03-20,325.0,100.0,1801,0.0,0.0,0.0,0.0,0.0,0.0,-0.985,9
US.GLD260320P325000,GLD 260320 325.00P,0.06,0.05,0.06,0.05,0.0695,5,26.0,True,PUT,2026-03-20,325.0,100.0,2268,88.417,-0.002804587,0.000126017,0.006653723,-0.025869548,-0.000286949,32.001,9
US.GLD260320C326000,GLD 260320 326.00C,147.1529,147.1529,0.0,0.0,147.1529,0,0.0,True,CALL,2026-03-20,326.0,100.0,237,0.0,0.0,0.0,0.0,0.0,0.0,-0.985,9
US.GLD260320P326000,GLD 260320 326.00P,0.0709,0.0709,0.0,0.0,0.0709,0,0.0,True,PUT,2026-03-20,326.0,100.0,223,89.3,-0.003238707,0.000142053,0.007574298,-0.029943359,-0.000338446,31.793,9
US.GLD260320C327000,GLD 260320 327.00C,146.1555,146.1555,0.0,0.0,146.1555,0,0.0,True,CALL,2026-03-20,327.0,100.0,465,0.0,0.0,0.0,0.0,0.0,0.0,-0.984,9
US.GLD260320P327000,GLD 260320 327.00P,0.0724,0.0724,0.0,0.0,0.0724,0,0.0,True,PUT,2026-03-20,327.0,100.0,193,88.841,-0.003317848,0.000145922,0.007740519,-0.030474616,-0.000347583,31.584,9
US.GLD260320C328000,GLD 260320 328.00C,145.158,145.158,0.0,0.0,145.158,0,0.0,True,CALL,2026-03-20,328.0,100.0,247,0.0,0.0,0.0,0.0,0.0,0.0,-0.983,9
US.GLD260320P328000,GLD 260320 328.00P,0.0738,0.0738,0.0,0.0,0.0738,0,0.0,True,PUT,2026-03-20,328.0,100.0,45,88.366,-0.003394024,0.000149733,0.007900061,-0.030966137,-0.000356364,31.375,9
US.GLD260320C329000,GLD 260320 329.00C,144.1606,144.1606,0.0,0.0,144.1606,0,0.0,True,CALL,2026-03-20,329.0,100.0,422,0.0,0.0,0.0,0.0,0.0,0.0,-0.983,9
US.GLD260320P329000,GLD 260320 329.00P,0.07,0.07,0.07,0.07,0.0753,1,7.0,True,PUT,2026-03-20,329.0,100.0,387,87.224,-0.003273635,0.000146842,0.007647904,-0.029536624,-0.000341576,31.166,9
US.GLD260320C330000,GLD 260320 330.00C,143.1632,143.1632,0.0,0.0,143.1632,0,0.0,True,CALL,2026-03-20,330.0,100.0,10206,0.0,0.0,0.0,0.0,0.0,0.0,-0.982,9
US.GLD260320P330000,GLD 260320 330.00P,0.04,0.05,0.05,0.04,0.0768,13,57.0,True,PUT,2026-03-20,330.0,100.0,12234,79.641,-0.001633954,8.5687e-05,0.004078632,-0.013914776,-0.000148929,30.95,9
US.GLD260320C331000,GLD 260320 331.00C,142.1658,142.1658,0.0,0.0,142.1658,0,0.0,True,CALL,2026-03-20,331.0,100.0,258,0.0,0.0,0.0,0.0,0.0,0.0,-0.982,9
US.GLD260320P331000,GLD 260320 331.00P,0.0783,0.0783,0.0,0.0,0.0783,0,0.0,True,PUT,2026-03-20,331.0,100.0,264,86.957,-0.003638682,0.000161974,0.008409533,-0.032534156,-0.00038463,30.749,9
US.GLD260320C332000,GLD 260320 332.00C,141.1684,141.1684,0.0,0.0,141.1684,0,0.0,True,CALL,2026-03-20,332.0,100.0,83,0.0,0.0,0.0,0.0,0.0,0.0,-0.981,9
US.GLD260320P332000,GLD 260320 332.00P,0.0797,0.0797,0.0,0.0,0.0797,0,0.0,True,PUT,2026-03-20,332.0,100.0,272,86.47,-0.003718116,0.000166075,0.008574025,-0.033014664,-0.000393793,30.54,9
US.GLD260320C333000,GLD 260320 333.00C,140.171,140.171,0.0,0.0,140.171,0,0.0,True,CALL,2026-03-20,333.0,100.0,40,0.0,0.0,0.0,0.0,0.0,0.0,-0.981,9
US.GLD260320P333000,GLD 260320 333.00P,0.0812,0.0812,0.0,0.0,0.0812,0,0.0,True,PUT,2026-03-20,333.0,100.0,270,100.974,-0.010848326,0.000366844,0.022100148,-0.10452795,-0.001278566,30.331,9
US.GLD260320C334000,GLD 260320 334.00C,139.1736,139.1736,0.0,0.0,139.1736,0,0.0,True,CALL,2026-03-20,334.0,100.0,107,0.0,0.0,0.0,0.0,0.0,0.0,-0.98,9
US.GLD260320P334000,GLD 260320 334.00P,0.0827,0.0827,0.0,0.0,0.0827,0,0.0,True,PUT,2026-03-20,334.0,100.0,853,85.51,-0.003887224,0.000174772,0.008922747,-0.034040104,-0.000413343,30.122,9
US.GLD260320C335000,GLD 260320 335.00C,138.1762,138.1762,0.0,0.0,138.1762,0,0.0,True,CALL,2026-03-20,335.0,100.0,1650,0.0,0.0,0.0,0.0,0.0,0.0,-0.98,9
US.GLD260320P335000,GLD 260320 335.00P,0.06,0.05,0.06,0.05,0.0841,2,11.0,True,PUT,2026-03-20,335.0,100.0,962,85.113,-0.004003764,0.000180296,0.009161922,-0.034835356,-0.000426968,29.908,9
US.GLD260320C336000,GLD 260320 336.00C,137.1788,137.1788,0.0,0.0,137.1788,0,0.0,True,CALL,2026-03-20,336.0,100.0,262,0.0,0.0,0.0,0.0,0.0,0.0,-0.979,9
US.GLD260320P336000,GLD 260320 336.00P,0.0856,0.0856,0.0,0.0,0.0856,0,0.0,True,PUT,2026-03-20,336.0,100.0,32,84.528,-0.004056153,0.000183669,0.009269197,-0.035018514,-0.000432857,29.704,9
US.GLD260320C337000,GLD 260320 337.00C,136.1813,136.1813,0.0,0.0,136.1813,0,0.0,True,CALL,2026-03-20,337.0,100.0,111,0.0,0.0,0.0,0.0,0.0,0.0,-0.979,9
US.GLD260320P337000,GLD 260320 337.00P,0.0871,0.0871,0.0,0.0,0.0871,0,0.0,True,PUT,2026-03-20,337.0,100.0,121,84.038,-0.004143938,0.000188313,0.009448498,-0.035521372,-0.000443009,29.495,9
US.GLD260320C338000,GLD 260320 338.00C,135.1839,135.1839,0.0,0.0,135.1839,0,0.0,True,CALL,2026-03-20,338.0,100.0,156,0.0,0.0,0.0,0.0,0.0,0.0,-0.978,9
US.GLD260320P338000,GLD 260320 338.00P,0.06,0.06,0.06,0.06,0.0886,1,6.0,True,PUT,2026-03-20,338.0,100.0,704,80.812,-0.00328908,0.000159157,0.007681077,-0.027462104,-0.00034014,29.28,9
US.GLD260320C339000,GLD 260320 339.00C,134.1865,134.1865,0.0,0.0,134.1865,0,0.0,True,CALL,2026-03-20,339.0,100.0,101,0.0,0.0,0.0,0.0,0.0,0.0,-0.978,9
US.GLD260320P339000,GLD 260320 339.00P,0.0901,0.0901,0.0,0.0,0.0901,0,0.0,True,PUT,2026-03-20,339.0,100.0,206,83.053,-0.004322454,0.000197873,0.009811629,-0.036518678,-0.000463655,29.077,9
US.GLD260320C340000,GLD 260320 340.00C,140.0,140.0,140.0,140.0,133.1891,1,14000.0,True,CALL,2026-03-20,340.0,100.0,7879,84.99,0.994583199,0.000236565,0.011997005,-0.079339796,0.088114677,0.447,9
US.GLD260320P340000,GLD 260320 340.00P,0.1,0.08,0.1,0.08,0.0915,5,42.0,True,PUT,2026-03-20,340.0,100.0,12109,82.395,-0.004350766,0.000200619,0.009869105,-0.036448969,-0.000466611,28.87,9
US.GLD260320C341000,GLD 260320 341.00C,132.1917,132.1917,0.0,0.0,132.1917,0,0.0,True,CALL,2026-03-20,341.0,100.0,123,0.0,0.0,0.0,0.0,0.0,0.0,-0.977,9
US.GLD260320P341000,GLD 260320 341.00P,0.093,0.093,0.0,0.0,0.093,0,0.0,True,PUT,2026-03-20,341.0,100.0,283,82.048,-0.004501142,0.000207679,0.010173172,-0.037469807,-0.000484302,28.659,9
US.GLD260320C342000,GLD 260320 342.00C,131.1943,131.1943,0.0,0.0,131.1943,0,0.0,True,CALL,2026-03-20,342.0,100.0,276,0.0,0.0,0.0,0.0,0.0,0.0,-0.976,9
US.GLD260320P342000,GLD 260320 342.00P,0.0945,0.0945,0.0,0.0,0.0945,0,0.0,True,PUT,2026-03-20,342.0,100.0,580,88.612,-0.008012086,0.000320635,0.016955115,-0.069304563,-0.000914526,28.45,9
US.GLD260320C343000,GLD 260320 343.00C,130.1969,130.1969,0.0,0.0,130.1969,0,0.0,True,CALL,2026-03-20,343.0,100.0,64,0.0,0.0,0.0,0.0,0.0,0.0,-0.976,9
US.GLD260320P343000,GLD 260320 343.00P,0.096,0.096,0.0,0.0,0.096,0,0.0,True,PUT,2026-03-20,343.0,100.0,124,95.241,-0.012801766,0.000449025,0.025514412,-0.114581736,-0.001515112,28.241,9
US.GLD260320C344000,GLD 260320 344.00C,129.1996,129.1996,0.0,0.0,129.1996,0,0.0,True,CALL,2026-03-20,344.0,100.0,53,0.0,0.0,0.0,0.0,0.0,0.0,-0.975,9
US.GLD260320P344000,GLD 260320 344.00P,0.0975,0.0975,0.0,0.0,0.0975,0,0.0,True,PUT,2026-03-20,344.0,100.0,248,93.3,-0.012030943,0.000434359,0.024178801,-0.106048578,-0.001416368,28.032,9
US.GLD260320C345000,GLD 260320 345.00C,128.2022,128.2022,0.0,0.0,128.2022,0,0.0,True,CALL,2026-03-20,345.0,100.0,3558,0.0,0.0,0.0,0.0,0.0,0.0,-0.974,9
US.GLD260320P345000,GLD 260320 345.00P,0.099,0.099,0.0,0.0,0.099,0,0.0,True,PUT,2026-03-20,345.0,100.0,4698,84.372,-0.006979056,0.000298175,0.015014771,-0.058036147,-0.00078455,27.823,9
US.GLD260320C346000,GLD 260320 346.00C,127.2048,127.2048,0.0,0.0,127.2048,0,0.0,True,CALL,2026-03-20,346.0,100.0,156,0.0,0.0,0.0,0.0,0.0,0.0,-0.974,9
US.GLD260320P346000,GLD 260320 346.00P,0.1005,0.1005,0.0,0.0,0.1005,0,0.0,True,PUT,2026-03-20,346.0,100.0,688,79.925,-0.00515487,0.000240599,0.011480171,-0.041431615,-0.000560892,27.614,9
US.GLD260320C347000,GLD 260320 347.00C,126.2074,126.2074,0.0,0.0,126.2074,0,0.0,True,CALL,2026-03-20,347.0,100.0,142,0.0,0.0,0.0,0.0,0.0,0.0,-0.973,9
US.GLD260320P347000,GLD 260320 347.00P,0.102,0.102,0.0,0.0,0.102,0,0.0,True,PUT,2026-03-20,347.0,100.0,1923,92.302,-0.013184229,0.000475265,0.026172161,-0.114012726,-0.001558595,27.405,9
US.GLD260320C348000,GLD 260320 348.00C,125.21,125.21,0.0,0.0,125.21,0,0.0,True,CALL,2026-03-20,348.0,100.0,238,0.0,0.0,0.0,0.0,0.0,0.0,-0.973,9
US.GLD260320P348000,GLD 260320 348.00P,0.1035,0.1035,0.0,0.0,0.1035,0,0.0,True,PUT,2026-03-20,348.0,100.0,85,78.506,-0.005174664,0.000245785,0.011519584,-0.040833326,-0.000562193,27.196,9
US.GLD260320C349000,GLD 260320 349.00C,124.2126,124.2126,0.0,0.0,124.2126,0,0.0,True,CALL,2026-03-20,349.0,100.0,388,0.0,0.0,0.0,0.0,0.0,0.0,-0.972,9
US.GLD260320P349000,GLD 260320 349.00P,0.105,0.105,0.0,0.0,0.105,0,0.0,True,PUT,2026-03-20,349.0,100.0,251,77.992,-0.00527559,0.000251691,0.011719246,-0.041302516,-0.000573862,26.988,9
US.GLD260320C350000,GLD 260320 350.00C,131.0,129.8,131.0,129.8,123.2153,4,52170.0,True,CALL,2026-03-20,350.0,100.0,9657,79.603,0.993545313,0.000295059,0.014014806,-0.085022315,0.090593375,0.657,9
US.GLD260320P350000,GLD 260320 350.00P,0.1065,0.1065,0.0,0.0,0.1065,0,0.0,True,PUT,2026-03-20,350.0,100.0,3447,76.008,-0.004696359,0.000232831,0.010566769,-0.036089539,-0.000503361,26.778,9
US.GLD260320C351000,GLD 260320 351.00C,122.2179,122.2179,0.0,0.0,122.2179,0,0.0,True,CALL,2026-03-20,351.0,100.0,237,0.0,0.0,0.0,0.0,0.0,0.0,-0.971,9
US.GLD260320P351000,GLD 260320 351.00P,0.108,0.108,0.0,0.0,0.108,0,0.0,True,PUT,2026-03-20,351.0,100.0,168,76.961,-0.005481249,0.000263885,0.012124505,-0.042232512,-0.000597637,26.57,9
US.GLD260320C352000,GLD 260320 352.00C,121.2205,121.2205,0.0,0.0,121.2205,0,0.0,True,CALL,2026-03-20,352.0,100.0,212,0.0,0.0,0.0,0.0,0.0,0.0,-0.97,9
US.GLD260320P352000,GLD 260320 352.00P,0.1096,0.1096,0.0,0.0,0.1096,0,0.0,True,PUT,2026-03-20,352.0,100.0,357,87.522,-0.012774773,0.000487724,0.025468439,-0.104984417,-0.001500639,26.361,9
US.GLD260320C353000,GLD 260320 353.00C,120.2232,120.2232,0.0,0.0,120.2232,0,0.0,True,CALL,2026-03-20,353.0,100.0,193,0.0,0.0,0.0,0.0,0.0,0.0,-0.97,9
US.GLD260320P353000,GLD 260320 353.00P,0.1111,0.1111,0.0,0.0,0.1111,0,0.0,True,PUT,2026-03-20,353.0,100.0,821,87.942,-0.013795578,0.000518728,0.027216645,-0.113123277,-0.001628052,26.152,9
US.GLD260320C354000,GLD 260320 354.00C,119.2259,119.2259,0.0,0.0,119.2259,0,0.0,True,CALL,2026-03-20,354.0,100.0,52,0.0,0.0,0.0,0.0,0.0,0.0,-0.969,9
US.GLD260320P354000,GLD 260320 354.00P,0.1127,0.1127,0.0,0.0,0.1127,0,0.0,True,PUT,2026-03-20,354.0,100.0,188,75.419,-0.005807905,0.000283485,0.012763931,-0.043673265,-0.000635435,25.943,9
US.GLD260320C355000,GLD 260320 355.00C,118.2286,118.2286,0.0,0.0,118.2286,0,0.0,True,CALL,2026-03-20,355.0,100.0,2040,68.987,0.996767337,0.000183669,0.007565028,-0.057654768,0.092322787,-0.969,9
US.GLD260320P355000,GLD 260320 355.00P,0.09,0.09,0.09,0.07,0.1143,72,597.0,True,PUT,2026-03-20,355.0,100.0,6501,72.87,-0.004887159,0.000251632,0.010949064,-0.035897926,-0.000523636,25.729,9
US.GLD260320C356000,GLD 260320 356.00C,125.3,125.3,125.3,125.3,117.2315,2,25060.0,True,CALL,2026-03-20,356.0,100.0,95,64.119,0.998101997,0.00012209,0.004676849,-0.047631696,0.092757485,0.719,9
US.GLD260320P356000,GLD 260320 356.00P,0.116,0.116,0.0,0.0,0.116,0,0.0,True,PUT,2026-03-20,356.0,100.0,248,84.284,-0.012856644,0.000509259,0.025609817,-0.101644485,-0.001505925,25.525,9
US.GLD260320C357000,GLD 260320 357.00C,116.2345,116.2345,0.0,0.0,116.2345,0,0.0,True,CALL,2026-03-20,357.0,100.0,169,67.552,0.996806883,0.000185505,0.007482126,-0.057105639,0.092850695,-0.968,9
US.GLD260320P357000,GLD 260320 357.00P,0.118,0.118,0.0,0.0,0.118,0,0.0,True,PUT,2026-03-20,357.0,100.0,739,78.92,-0.009358229,0.000412534,0.019429378,-0.071127708,-0.00106857,25.316,9
US.GLD260320C358000,GLD 260320 358.00C,115.2378,115.2378,0.0,0.0,115.2378,0,0.0,True,CALL,2026-03-20,358.0,100.0,244,75.535,0.992416738,0.000358477,0.016156657,-0.090951474,0.092537777,-0.967,9
US.GLD260320P358000,GLD 260320 358.00P,0.1202,0.1202,0.0,0.0,0.1202,0,0.0,True,PUT,2026-03-20,358.0,100.0,324,79.94,-0.010691479,0.000457496,0.021823586,-0.081424375,-0.001232981,25.107,9
US.GLD260320C359000,GLD 260320 359.00C,114.2413,114.2413,0.0,0.0,114.2413,0,0.0,True,CALL,2026-03-20,359.0,100.0,384,66.124,0.99684865,0.000187281,0.007394432,-0.056555304,0.093378881,-0.966,9
US.GLD260320P359000,GLD 260320 359.00P,0.22,0.22,0.22,0.22,0.1225,1,22.0,True,PUT,2026-03-20,359.0,100.0,820,73.484,-0.006776683,0.000333545,0.014631379,-0.049106651,-0.000749833,24.919,9
US.GLD260320C360000,GLD 260320 360.00C,118.2,121.33,121.33,118.0,113.245,37,443125.0,True,CALL,2026-03-20,360.0,100.0,5454,79.231,0.988619728,0.000487478,0.023042002,-0.120531323,0.092560417,0.071,9
US.GLD260320P360000,GLD 260320 360.00P,0.11,0.34,0.34,0.09,0.1251,16,274.0,True,PUT,2026-03-20,360.0,100.0,6062,69.767,-0.005091805,0.000272601,0.011356929,-0.035697435,-0.00054537,24.687,9
US.GLD260320C361000,GLD 260320 361.00C,112.2488,112.2488,0.0,0.0,112.2488,0,0.0,True,CALL,2026-03-20,361.0,100.0,25,78.507,0.988559987,0.000494222,0.023147137,-0.120243801,0.092814441,-0.965,9
US.GLD260320P361000,GLD 260320 361.00P,0.11,0.15,0.16,0.11,0.1278,4,53.0,True,PUT,2026-03-20,361.0,100.0,127,70.391,-0.005811031,0.000303867,0.01277099,-0.040750789,-0.000631342,24.477,9
US.GLD260320C362000,GLD 260320 362.00C,111.2528,111.2528,0.0,0.0,111.2528,0,0.0,True,CALL,2026-03-20,362.0,100.0,155,66.926,0.995645199,0.000247314,0.009880728,-0.064873496,0.094006508,-0.964,9
US.GLD260320P362000,GLD 260320 362.00P,0.1307,0.1307,0.0,0.0,0.1307,0,0.0,True,PUT,2026-03-20,362.0,100.0,478,67.147,-0.004468848,0.000252102,0.010110673,-0.030390153,-0.00046976,24.272,9
US.GLD260320C363000,GLD 260320 363.00C,110.2569,110.2569,0.0,0.0,110.2569,0,0.0,True,CALL,2026-03-20,363.0,100.0,121,74.756,0.990297533,0.000449621,0.020054002,-0.104998688,0.093567475,-0.963,9
US.GLD260320P363000,GLD 260320 363.00P,0.1337,0.1337,0.0,0.0,0.1337,0,0.0,True,PUT,2026-03-20,363.0,100.0,178,75.15,-0.010017628,0.000459787,0.020620555,-0.072060763,-0.001144189,24.064,9
US.GLD260320C364000,GLD 260320 364.00C,109.261,109.261,0.0,0.0,109.261,0,0.0,True,CALL,2026-03-20,364.0,100.0,41,67.807,0.994462649,0.00030237,0.012237213,-0.073013764,0.09437526,-0.962,9
US.GLD260320P364000,GLD 260320 364.00P,0.2,0.22,0.22,0.2,0.1367,3,64.0,True,PUT,2026-03-20,364.0,100.0,231,75.189,-0.010669812,0.000485533,0.021785739,-0.076389392,-0.001223799,23.868,9
US.GLD260320C365000,GLD 260320 365.00C,108.2652,108.2652,0.0,0.0,108.2652,0,0.0,True,CALL,2026-03-20,365.0,100.0,1390,64.844,0.995671884,0.000253857,0.009827241,-0.06407238,0.094794295,-0.961,9
US.GLD260320P365000,GLD 260320 365.00P,0.1,0.1,0.11,0.09,0.1398,6,58.0,True,PUT,2026-03-20,365.0,100.0,1660,67.514,-0.005780842,0.000315344,0.012712794,-0.038878411,-0.000625061,23.638,9
US.GLD260320C366000,GLD 260320 366.00C,107.2694,107.2694,0.0,0.0,107.2694,0,0.0,True,CALL,2026-03-20,366.0,100.0,192,68.301,0.993303601,0.000355245,0.014480096,-0.080797592,0.094746947,-0.96,9
US.GLD260320P366000,GLD 260320 366.00P,0.1428,0.1428,0.0,0.0,0.1428,0,0.0,True,PUT,2026-03-20,366.0,100.0,123,71.116,-0.00867223,0.000428249,0.018177825,-0.059684398,-0.000975685,23.438,9
US.GLD260320C367000,GLD 260320 367.00C,106.2737,106.2737,0.0,0.0,106.2737,0,0.0,True,CALL,2026-03-20,367.0,100.0,507,0.0,0.0,0.0,0.0,0.0,0.0,-0.959,9
US.GLD260320P367000,GLD 260320 367.00P,0.146,0.146,0.0,0.0,0.146,0,0.0,True,PUT,2026-03-20,367.0,100.0,533,70.469,-0.008746678,0.000435431,0.018314647,-0.059603215,-0.000983873,23.229,9
US.GLD260320C368000,GLD 260320 368.00C,111.49,111.49,111.49,111.49,105.2779,1,11149.0,True,CALL,2026-03-20,368.0,100.0,116,69.948,0.991090643,0.000445978,0.018613765,-0.096053374,0.094980482,0.341,9
US.GLD260320P368000,GLD 260320 368.00P,0.1491,0.1491,0.0,0.0,0.1491,0,0.0,True,PUT,2026-03-20,368.0,100.0,173,73.798,-0.012178128,0.000554917,0.024436999,-0.084582999,-0.001406102,23.021,9
US.GLD260320C369000,GLD 260320 369.00C,104.2822,104.2822,0.0,0.0,104.2822,0,0.0,True,CALL,2026-03-20,369.0,100.0,246,69.253,0.991052402,0.000452146,0.018683883,-0.095781836,0.095237191,-0.958,9
US.GLD260320P369000,GLD 260320 369.00P,0.1,0.1,0.1,0.1,0.1523,3,30.0,True,PUT,2026-03-20,369.0,100.0,356,66.817,-0.00715,0.000384596,0.015341771,-0.04688002,-0.000787529,22.801,9
US.GLD260320C370000,GLD 260320 370.00C,109.0,111.5,111.7,109.0,103.2865,8,88760.0,True,CALL,2026-03-20,370.0,100.0,3467,65.553,0.993239199,0.000373276,0.014603804,-0.079740431,0.095784844,0.238,9
US.GLD260320P370000,GLD 260320 370.00P,0.14,0.1,0.14,0.1,0.1554,8,88.0,True,PUT,2026-03-20,370.0,100.0,22541,65.525,-0.006751034,0.000372778,0.014584236,-0.043579789,-0.000738453,22.6,9
US.GLD260320C371000,GLD 260320 371.00C,102.2908,102.2908,0.0,0.0,102.2908,0,0.0,True,CALL,2026-03-20,371.0,100.0,174,63.01,0.99443702,0.000326725,0.012288948,-0.071166338,0.096202453,-0.956,9
US.GLD260320P371000,GLD 260320 371.00P,0.1586,0.1586,0.0,0.0,0.1586,0,0.0,True,PUT,2026-03-20,371.0,100.0,1010,67.893,-0.009056124,0.000465922,0.018881443,-0.059269529,-0.001017894,22.395,9
US.GLD260320C372000,GLD 260320 372.00C,101.2951,101.2951,0.0,0.0,101.2951,0,0.0,True,CALL,2026-03-20,372.0,100.0,188,0.0,0.0,0.0,0.0,0.0,0.0,-0.955,9
US.GLD260320P372000,GLD 260320 372.00P,0.27,0.27,0.27,0.27,0.1618,2,54.0,True,PUT,2026-03-20,372.0,100.0,345,67.253,-0.009136634,0.000474019,0.01902841,-0.059184399,-0.001026743,22.209,9
US.GLD260320C373000,GLD 260320 373.00C,100.2994,100.2994,0.0,0.0,100.2994,0,0.0,True,CALL,2026-03-20,373.0,100.0,68,61.657,0.994430722,0.000334234,0.012301775,-0.070638258,0.096724637,-0.954,9
US.GLD260320P373000,GLD 260320 373.00P,0.1651,0.1651,0.0,0.0,0.1651,0,0.0,True,PUT,2026-03-20,373.0,100.0,395,71.209,-0.013487863,0.000628227,0.026694017,-0.089524659,-0.001562044,21.978,9
US.GLD260320C374000,GLD 260320 374.00C,99.3038,99.3038,0.0,0.0,99.3038,0,0.0,True,CALL,2026-03-20,374.0,100.0,107,65.805,0.990853555,0.000485084,0.01904778,-0.094420792,0.096519783,-0.953,9
US.GLD260320P374000,GLD 260320 374.00P,0.1683,0.1683,0.0,0.0,0.1683,0,0.0,True,PUT,2026-03-20,374.0,100.0,207,69.576,-0.012632988,0.000607579,0.025225958,-0.082396807,-0.001454679,21.769,9
US.GLD260320C375000,GLD 260320 375.00C,103.9,104.48,106.3,102.0,98.3082,406,4234348.0,True,CALL,2026-03-20,375.0,100.0,5457,81.92,0.971205287,0.001039489,0.05079034,-0.239432796,0.094177184,0.217,9
US.GLD260320P375000,GLD 260320 375.00P,0.15,0.16,0.16,0.15,0.1716,2,31.0,True,PUT,2026-03-20,375.0,100.0,6688,64.814,-0.008937664,0.000482452,0.018665794,-0.055870865,-0.000999437,21.556,9
US.GLD260320C376000,GLD 260320 376.00C,97.3127,97.3127,0.0,0.0,97.3127,0,0.0,True,CALL,2026-03-20,376.0,100.0,113,64.438,0.990770092,0.000499328,0.019200167,-0.093875332,0.097032329,-0.951,9
US.GLD260320P376000,GLD 260320 376.00P,0.175,0.175,0.0,0.0,0.175,0,0.0,True,PUT,2026-03-20,376.0,100.0,195,63.356,-0.008326652,0.000463811,0.017542765,-0.051150482,-0.000924123,21.352,9
US.GLD260320C377000,GLD 260320 377.00C,96.3171,96.3171,0.0,0.0,96.3171,0,0.0,True,CALL,2026-03-20,377.0,100.0,353,62.383,0.991895803,0.000460175,0.01713214,-0.085875389,0.097440933,-0.95,9
US.GLD260320P377000,GLD 260320 377.00P,0.1783,0.1783,0.0,0.0,0.1783,0,0.0,True,PUT,2026-03-20,377.0,100.0,767,63.812,-0.009331957,0.0005089,0.01938463,-0.057227435,-0.00104544,21.143,9
US.GLD260320C378000,GLD 260320 378.00C,95.3217,95.3217,0.0,0.0,95.3217,0,0.0,True,CALL,2026-03-20,378.0,100.0,114,58.304,0.994417166,0.000354218,0.012329682,-0.069317983,0.098030368,-0.949,9
US.GLD260320P378000,GLD 260320 378.00P,0.1818,0.1818,0.0,0.0,0.1818,0,0.0,True,PUT,2026-03-20,378.0,100.0,4218,61.825,-0.008242935,0.000471087,0.017388327,-0.049438372,-0.000912044,20.935,9
US.GLD260320C379000,GLD 260320 379.00C,94.3263,94.3263,0.0,0.0,94.3263,0,0.0,True,CALL,2026-03-20,379.0,100.0,231,0.0,0.0,0.0,0.0,0.0,0.0,-0.948,9
US.GLD260320P379000,GLD 260320 379.00P,0.15,0.13,0.15,0.13,0.1852,3,43.0,True,PUT,2026-03-20,379.0,100.0,1371,61.488,-0.008562178,0.000489744,0.017977835,-0.050919928,-0.000949765,20.719,9
US.GLD260320C380000,GLD 260320 380.00C,98.18,99.52,99.52,98.18,93.3309,16,157222.0,True,CALL,2026-03-20,380.0,100.0,24798,68.551,0.983243787,0.000786568,0.032165934,-0.141839785,0.097092602,0.066,9
US.GLD260320P380000,GLD 260320 380.00P,0.14,0.4,0.4,0.11,0.1887,135,2146.0,True,PUT,2026-03-20,380.0,100.0,33179,61.667,-0.009361565,0.000528058,0.019439011,-0.055444235,-0.001045835,20.508,9
US.GLD260320C381000,GLD 260320 381.00C,92.3355,92.3355,0.0,0.0,92.3355,0,0.0,True,CALL,2026-03-20,381.0,100.0,319,59.698,0.991769982,0.000487423,0.017366474,-0.084802477,0.09847116,-0.946,9
US.GLD260320P381000,GLD 260320 381.00P,0.18,0.18,0.18,0.18,0.1923,2,36.0,True,PUT,2026-03-20,381.0,100.0,141,63.771,-0.012182195,0.000642325,0.024446006,-0.072993837,-0.001389632,20.307,9
US.GLD260320C382000,GLD 260320 382.00C,91.3402,91.3402,0.0,0.0,91.3402,0,0.0,True,CALL,2026-03-20,382.0,100.0,131,62.683,0.988187452,0.000636441,0.023803581,-0.1069893,0.098265636,-0.945,9
US.GLD260320P382000,GLD 260320 382.00P,0.25,0.25,0.25,0.25,0.1959,2,50.0,True,PUT,2026-03-20,382.0,100.0,625,63.911,-0.01316667,0.000685514,0.026145712,-0.078516001,-0.001509365,20.112,9
US.GLD260320C383000,GLD 260320 383.00C,90.3449,90.3449,0.0,0.0,90.3449,0,0.0,True,CALL,2026-03-20,383.0,100.0,203,58.366,0.991704364,0.000502039,0.017488496,-0.084265706,0.098985934,-0.945,9
US.GLD260320P383000,GLD 260320 383.00P,0.1995,0.1995,0.0,0.0,0.1995,0,0.0,True,PUT,2026-03-20,383.0,100.0,288,65.367,-0.015801575,0.00078426,0.030589355,-0.094745428,-0.001833474,19.892,9
US.GLD260320C384000,GLD 260320 384.00C,93.5,93.5,93.5,93.5,89.3498,5,46750.0,True,CALL,2026-03-20,384.0,100.0,437,64.121,0.984781776,0.000774296,0.029619879,-0.127245765,0.098343684,-0.075,9
US.GLD260320P384000,GLD 260320 384.00P,0.2032,0.2032,0.0,0.0,0.2032,0,0.0,True,PUT,2026-03-20,384.0,100.0,1237,62.225,-0.012980668,0.000695475,0.025826721,-0.075440428,-0.001483545,19.684,9
US.GLD260320C385000,GLD 260320 385.00C,93.17,96.52,96.52,93.17,88.3547,13,122065.0,True,CALL,2026-03-20,385.0,100.0,14424,57.041,0.991636841,0.000517374,0.017613925,-0.083728373,0.099500471,0.064,9
US.GLD260320P385000,GLD 260320 385.00P,0.17,0.36,0.41,0.14,0.207,32,875.0,True,PUT,2026-03-20,385.0,100.0,7614,58.791,-0.010070307,0.00059035,0.020718979,-0.056494517,-0.001126336,19.468,9
US.GLD260320C386000,GLD 260320 386.00C,87.3634,87.3634,0.0,0.0,87.3634,0,0.0,True,CALL,2026-03-20,386.0,100.0,2838,0.0,0.0,0.0,0.0,0.0,0.0,-0.941,9
US.GLD260320P386000,GLD 260320 386.00P,0.17,0.17,0.17,0.17,0.2146,1,17.0,True,PUT,2026-03-20,386.0,100.0,312,60.145,-0.012322245,0.000687803,0.024690182,-0.06952077,-0.001399863,19.258,9
US.GLD260320C387000,GLD 260320 387.00C,86.3723,86.3723,0.0,0.0,86.3723,0,0.0,True,CALL,2026-03-20,387.0,100.0,335,0.0,0.0,0.0,0.0,0.0,0.0,-0.939,9
US.GLD260320P387000,GLD 260320 387.00P,0.2224,0.2224,0.0,0.0,0.2224,0,0.0,True,PUT,2026-03-20,387.0,100.0,486,58.458,-0.011255947,0.00065417,0.022826753,-0.062196844,-0.001268172,19.06,9
US.GLD260320C388000,GLD 260320 388.00C,85.3812,85.3812,0.0,0.0,85.3812,0,0.0,True,CALL,2026-03-20,388.0,100.0,491,55.065,0.991531727,0.000541842,0.017808917,-0.082921207,0.100271799,-0.937,9
US.GLD260320P388000,GLD 260320 388.00P,0.2302,0.2302,0.0,0.0,0.2302,0,0.0,True,PUT,2026-03-20,388.0,100.0,1203,61.391,-0.015726279,0.000831618,0.030465152,-0.088538893,-0.001815361,18.852,9
US.GLD260320C389000,GLD 260320 389.00C,84.3901,84.3901,0.0,0.0,84.3901,0,0.0,True,CALL,2026-03-20,389.0,100.0,3890,56.888,0.988886614,0.000665074,0.022577759,-0.097732499,0.100189879,-0.935,9
US.GLD260320P389000,GLD 260320 389.00P,0.238,0.238,0.0,0.0,0.238,0,0.0,True,PUT,2026-03-20,389.0,100.0,509,58.428,-0.012933064,0.000738296,0.02574592,-0.070553021,-0.001470249,18.645,9
US.GLD260320C390000,GLD 260320 390.00C,88.34,89.9,89.9,88.34,83.3991,2,17824.0,True,CALL,2026-03-20,390.0,100.0,5802,70.394,0.967480454,0.001337911,0.056173494,-0.231486734,0.097634286,0.1,9
US.GLD260320P390000,GLD 260320 390.00P,0.21,0.27,0.27,0.18,0.2459,31,601.0,True,PUT,2026-03-20,390.0,100.0,12146,57.399,-0.012584074,0.000733941,0.025144446,-0.06759451,-0.001426058,18.43,9
US.GLD260320C391000,GLD 260320 391.00C,88.55,88.55,88.55,88.55,82.4081,1,8855.0,True,CALL,2026-03-20,391.0,100.0,346,58.459,0.985121567,0.000832974,0.029052641,-0.118261897,0.100223047,0.353,9
US.GLD260320P391000,GLD 260320 391.00P,0.2538,0.2538,0.0,0.0,0.2538,0,0.0,True,PUT,2026-03-20,391.0,100.0,910,56.766,-0.01271351,0.000748726,0.025368197,-0.067466206,-0.001440362,18.229,9
US.GLD260320C392000,GLD 260320 392.00C,81.4171,81.4171,0.0,0.0,81.4171,0,0.0,True,CALL,2026-03-20,392.0,100.0,26,55.939,0.987415306,0.000753404,0.025148123,-0.104073065,0.100784055,-0.929,9
US.GLD260320P392000,GLD 260320 392.00P,0.2617,0.2617,0.0,0.0,0.2617,0,0.0,True,PUT,2026-03-20,392.0,100.0,170,56.134,-0.01284551,0.000763951,0.025595973,-0.067336474,-0.001454946,18.022,9
US.GLD260320C393000,GLD 260320 393.00C,84.49,84.49,84.49,84.49,80.4262,1,8449.0,True,CALL,2026-03-20,393.0,100.0,124,0.0,0.0,0.0,0.0,0.0,0.0,-0.077,9
US.GLD260320P393000,GLD 260320 393.00P,0.2697,0.2697,0.0,0.0,0.2697,0,0.0,True,PUT,2026-03-20,393.0,100.0,792,55.307,-0.012730032,0.000769325,0.025397227,-0.065791953,-0.001439306,17.814,9
US.GLD260320C394000,GLD 260320 394.00C,79.4354,79.4354,0.0,0.0,79.4354,0,0.0,True,CALL,2026-03-20,394.0,100.0,16,52.442,0.989890066,0.000664379,0.020794785,-0.088928089,0.101629154,-0.926,9
US.GLD260320P394000,GLD 260320 394.00P,0.2779,0.2779,0.0,0.0,0.2779,0,0.0,True,PUT,2026-03-20,394.0,100.0,959,55.971,-0.01459689,0.000855523,0.028578056,-0.075391185,-0.001665847,17.607,9
US.GLD260320C395000,GLD 260320 395.00C,82.58,84.0,84.8,82.58,78.4461,458,3876350.0,True,CALL,2026-03-20,395.0,100.0,3648,57.329,0.98233289,0.000984057,0.033656505,-0.130228959,0.100907654,-0.058,9
US.GLD260320P395000,GLD 260320 395.00P,0.2,0.17,0.2,0.17,0.2875,20,352.0,True,PUT,2026-03-20,395.0,100.0,12895,55.332,-0.014751824,0.000873304,0.02883888,-0.075235639,-0.001683053,17.381,9
US.GLD260320C396000,GLD 260320 396.00C,81.43,81.43,81.43,81.43,77.4569,1,8143.0,True,CALL,2026-03-20,396.0,100.0,367,57.363,0.981054495,0.001043777,0.03571947,-0.136307239,0.101002951,-0.089,9
US.GLD260320P396000,GLD 260320 396.00P,0.15,0.15,0.15,0.15,0.2971,1,15.0,True,PUT,2026-03-20,396.0,100.0,206,53.425,-0.013142701,0.000818708,0.026107849,-0.065397729,-0.001484821,17.161,9
US.GLD260320C397000,GLD 260320 397.00C,76.4676,76.4676,0.0,0.0,76.4676,0,0.0,True,CALL,2026-03-20,397.0,100.0,44,59.218,0.976573124,0.001210048,0.042744328,-0.160568271,0.100678641,-0.919,9
US.GLD260320P397000,GLD 260320 397.00P,0.3,0.3,0.3,0.3,0.3068,1,30.0,True,PUT,2026-03-20,397.0,100.0,721,53.354,-0.014061765,0.000869047,0.027674993,-0.069440905,-0.001595172,16.984,9
US.GLD260320C398000,GLD 260320 398.00C,75.4785,75.4785,0.0,0.0,75.4785,0,0.0,True,CALL,2026-03-20,398.0,100.0,112,57.306,0.978497718,0.001163224,0.039764938,-0.148059432,0.101193548,-0.917,9
US.GLD260320P398000,GLD 260320 398.00P,0.22,0.22,0.22,0.22,0.3165,4,88.0,True,PUT,2026-03-20,398.0,100.0,389,52.544,-0.013956727,0.000876762,0.027497164,-0.067911515,-0.001580613,16.758,9
US.GLD260320C399000,GLD 260320 399.00C,74.4893,74.4893,0.0,0.0,74.4893,0,0.0,True,CALL,2026-03-20,399.0,100.0,395,0.0,0.0,0.0,0.0,0.0,0.0,-0.914,9
US.GLD260320P399000,GLD 260320 399.00P,0.3263,0.3263,0.0,0.0,0.3263,0,0.0,True,PUT,2026-03-20,399.0,100.0,2040,54.924,-0.018819704,0.001083667,0.035515687,-0.092963383,-0.002174609,16.57,9
US.GLD260320C400000,GLD 260320 400.00C,78.23,80.28,81.5,78.07,73.5003,35,278466.0,True,CALL,2026-03-20,400.0,100.0,14421,51.559,0.985344495,0.000932251,0.028681117,-0.108625988,0.102610785,0.077,9
US.GLD260320P400000,GLD 260320 400.00P,0.25,0.42,0.42,0.16,0.3361,1330,28155.0,True,PUT,2026-03-20,400.0,100.0,44458,53.404,-0.017582477,0.001051737,0.033517539,-0.085021,-0.00202025,16.345,9
US.GLD260320C401000,GLD 260320 401.00C,72.5144,72.5144,0.0,0.0,72.5144,0,0.0,True,CALL,2026-03-20,401.0,100.0,291,0.0,0.0,0.0,0.0,0.0,0.0,-0.909,9
US.GLD260320P401000,GLD 260320 401.00P,0.23,0.19,0.23,0.19,0.3492,27,527.0,True,PUT,2026-03-20,401.0,100.0,1485,51.514,-0.015752276,0.000992407,0.030511308,-0.07426155,-0.00179407,16.132,9
US.GLD260320C402000,GLD 260320 402.00C,71.5288,71.5288,0.0,0.0,71.5288,0,0.0,True,CALL,2026-03-20,402.0,100.0,282,0.0,0.0,0.0,0.0,0.0,0.0,-0.906,9
US.GLD260320P402000,GLD 260320 402.00P,0.3626,0.3626,0.0,0.0,0.3626,0,0.0,True,PUT,2026-03-20,402.0,100.0,334,53.097,-0.019697167,0.001165222,0.036917915,-0.093570464,-0.00227554,15.95,9
US.GLD260320C403000,GLD 260320 403.00C,76.49,76.49,76.49,76.49,70.5443,5,38245.0,True,CALL,2026-03-20,403.0,100.0,47,0.0,0.0,0.0,0.0,0.0,0.0,0.341,9
US.GLD260320P403000,GLD 260320 403.00P,0.21,0.64,0.64,0.19,0.377,6,165.0,True,PUT,2026-03-20,403.0,100.0,1500,50.564,-0.016642661,0.001059812,0.031982308,-0.076577745,-0.001898702,15.709,9
US.GLD260320C404000,GLD 260320 404.00C,69.5599,69.5599,0.0,0.0,69.5599,0,0.0,True,CALL,2026-03-20,404.0,100.0,658,0.0,0.0,0.0,0.0,0.0,0.0,-0.9,9
US.GLD260320P404000,GLD 260320 404.00P,0.18,0.3,0.3,0.18,0.3915,14,282.0,True,PUT,2026-03-20,404.0,100.0,1224,50.235,-0.017362551,0.0011061,0.033160592,-0.079023775,-0.001984497,15.494,9
US.GLD260320C405000,GLD 260320 405.00C,73.26,74.95,74.95,72.8,68.5755,13,95374.0,True,CALL,2026-03-20,405.0,100.0,5040,54.67,0.972548799,0.001496861,0.048812877,-0.168718964,0.102254873,0.083,9
US.GLD260320P405000,GLD 260320 405.00P,0.25,0.25,0.3,0.19,0.406,380,10930.0,True,PUT,2026-03-20,405.0,100.0,1869,49.892,-0.018091977,0.001153506,0.034344961,-0.081429705,-0.002071414,15.299,9
US.GLD260320C406000,GLD 260320 406.00C,67.5911,67.5911,0.0,0.0,67.5911,0,0.0,True,CALL,2026-03-20,406.0,100.0,478,0.0,0.0,0.0,0.0,0.0,0.0,-0.893,9
US.GLD260320P406000,GLD 260320 406.00P,0.21,0.23,0.23,0.21,0.4205,16,358.0,True,PUT,2026-03-20,406.0,100.0,275,49.396,-0.018569699,0.001191261,0.035115703,-0.082513964,-0.002127479,15.081,9
US.GLD260320C407000,GLD 260320 407.00C,74.4,74.4,74.4,74.4,66.6068,1,7440.0,True,CALL,2026-03-20,407.0,100.0,38,50.494,0.977838952,0.001354216,0.040793211,-0.138418884,0.103471176,0.74,9
US.GLD260320P407000,GLD 260320 407.00P,0.4351,0.4351,0.0,0.0,0.4351,0,0.0,True,PUT,2026-03-20,407.0,100.0,293,50.826,-0.022859825,0.001380717,0.041870547,-0.10219595,-0.002651506,14.919,9
US.GLD260320C408000,GLD 260320 408.00C,68.25,68.25,68.25,68.25,65.6225,10,68250.0,True,CALL,2026-03-20,408.0,100.0,573,0.0,0.0,0.0,0.0,0.0,0.0,-0.336,9
US.GLD260320P408000,GLD 260320 408.00P,0.24,0.44,0.69,0.23,0.4497,119,3452.0,True,PUT,2026-03-20,408.0,100.0,848,48.661,-0.020081443,0.001292436,0.037529179,-0.087157576,-0.002307468,14.669,9
US.GLD260320C409000,GLD 260320 409.00C,64.6405,64.6405,0.0,0.0,64.6405,0,0.0,True,CALL,2026-03-20,409.0,100.0,478,59.691,0.951957932,0.002167014,0.07714491,-0.268416648,0.100598626,-0.883,9
US.GLD260320P409000,GLD 260320 409.00P,0.27,0.44,0.44,0.27,0.4667,8,318.0,True,PUT,2026-03-20,409.0,100.0,1892,48.405,-0.021116333,0.001355777,0.03916015,-0.090661818,-0.00243155,14.466,9
US.GLD260320C410000,GLD 260320 410.00C,68.35,70.19,71.57,68.35,63.6623,27,187446.0,True,CALL,2026-03-20,410.0,100.0,9581,51.154,0.971109435,0.001669257,0.050934301,-0.166325644,0.103382543,0.102,9
US.GLD260320P410000,GLD 260320 410.00P,0.31,0.38,0.38,0.18,0.4875,243,6472.0,True,PUT,2026-03-20,410.0,100.0,25271,48.007,-0.021901915,0.001409892,0.040387334,-0.092873305,-0.002525012,14.265,9
US.GLD260320C411000,GLD 260320 411.00C,69.44,69.44,69.44,69.44,62.6842,1,6944.0,True,CALL,2026-03-20,411.0,100.0,90,49.447,0.973172433,0.001623545,0.047887638,-0.154487322,0.103914734,0.539,9
US.GLD260320P411000,GLD 260320 411.00P,0.5083,0.5083,0.0,0.0,0.5083,0,0.0,True,PUT,2026-03-20,411.0,100.0,1590,49.286,-0.026485055,0.001611092,0.047372216,-0.112798978,-0.003085563,14.097,9
US.GLD260320C412000,GLD 260320 412.00C,68.47,68.47,68.47,68.47,61.7061,1,6847.0,True,CALL,2026-03-20,412.0,100.0,166,25.937,0.999818321,3.4583e-05,0.000550928,-0.040756872,0.107608446,0.546,9
US.GLD260320P412000,GLD 260320 412.00P,0.32,0.28,0.32,0.27,0.5291,10,277.0,True,PUT,2026-03-20,412.0,100.0,1389,47.183,-0.023512866,0.001522979,0.042875578,-0.097182558,-0.002716539,13.849,9
US.GLD260320C413000,GLD 260320 413.00C,60.728,60.728,0.0,0.0,60.728,0,0.0,True,CALL,2026-03-20,413.0,100.0,147,46.999,0.975128507,0.001603243,0.044950509,-0.141951528,0.104695057,-0.864,9
US.GLD260320P413000,GLD 260320 413.00P,0.31,0.24,0.31,0.24,0.55,72,2174.0,True,PUT,2026-03-20,413.0,100.0,383,47.633,-0.026399121,0.001662457,0.047244058,-0.108661938,-0.003067916,13.637,9
US.GLD260320C414000,GLD 260320 414.00C,59.75,59.75,0.0,0.0,59.75,0,0.0,True,CALL,2026-03-20,414.0,100.0,101,50.556,0.964076104,0.002021776,0.060964355,-0.191191445,0.103517451,-0.86,9
US.GLD260320P414000,GLD 260320 414.00P,0.8,0.8,0.8,0.8,0.5709,1,80.0,True,PUT,2026-03-20,414.0,100.0,274,45.988,-0.024386316,0.001611172,0.044209617,-0.097794636,-0.002817156,13.531,9
US.GLD260320C415000,GLD 260320 415.00C,62.65,65.47,66.52,62.44,58.772,31,197081.0,True,CALL,2026-03-20,415.0,100.0,16950,45.083,0.975929989,0.001626053,0.043733144,-0.135174999,0.105324653,-0.043,9
US.GLD260320P415000,GLD 260320 415.00P,0.36,0.29,0.46,0.28,0.5918,84,2856.0,True,PUT,2026-03-20,415.0,100.0,7259,46.093,-0.026562835,0.001726864,0.047488868,-0.105681471,-0.003080826,13.229,9
US.GLD260320C416000,GLD 260320 416.00C,63.53,63.53,63.53,63.53,57.8019,4,25412.0,True,CALL,2026-03-20,416.0,100.0,88,46.002,0.971658565,0.001826811,0.050129691,-0.152149293,0.105033098,0.349,9
US.GLD260320P416000,GLD 260320 416.00P,0.29,0.29,0.29,0.29,0.6207,2,58.0,True,PUT,2026-03-20,416.0,100.0,293,47.184,-0.031484511,0.001943028,0.0546905,-0.125534538,-0.003683209,13.005,9
US.GLD260320C417000,GLD 260320 417.00C,62.3,62.3,62.3,62.3,56.8319,1,6230.0,True,CALL,2026-03-20,417.0,100.0,174,0.0,0.0,0.0,0.0,0.0,0.0,0.301,9
US.GLD260320P417000,GLD 260320 417.00P,0.32,0.44,0.44,0.29,0.6497,35,1126.0,True,PUT,2026-03-20,417.0,100.0,569,45.373,-0.028853095,0.001879507,0.050875386,-0.111823139,-0.00335468,12.802,9
US.GLD260320C418000,GLD 260320 418.00C,55.862,55.862,0.0,0.0,55.862,0,0.0,True,CALL,2026-03-20,418.0,100.0,87,53.954,0.943156876,0.002740046,0.088166146,-0.278151887,0.101826735,-0.836,9
US.GLD260320P418000,GLD 260320 418.00P,0.41,0.33,0.42,0.33,0.6788,41,1406.0,True,PUT,2026-03-20,418.0,100.0,378,44.508,-0.028711369,0.001908157,0.050667757,-0.109196992,-0.003333196,12.612,9
US.GLD260320C419000,GLD 260320 419.00C,54.8922,54.8922,0.0,0.0,54.8922,0,0.0,True,CALL,2026-03-20,419.0,100.0,502,0.0,0.0,0.0,0.0,0.0,0.0,-0.83,9
US.GLD260320P419000,GLD 260320 419.00P,0.36,0.45,0.45,0.33,0.7079,26,954.0,True,PUT,2026-03-20,419.0,100.0,1159,44.508,-0.030958269,0.002031284,0.053933777,-0.116610201,-0.00360519,12.392,9
US.GLD260320C420000,GLD 260320 420.00C,58.05,60.15,61.82,56.1,53.9274,286,1749185.0,True,CALL,2026-03-20,420.0,100.0,19376,45.869,0.962631985,0.002301405,0.062961368,-0.18233102,0.104912547,0.039,9
US.GLD260320P420000,GLD 260320 420.00P,0.43,0.38,0.48,0.31,0.7421,663,25627.0,True,PUT,2026-03-20,420.0,100.0,14981,44.636,-0.033719247,0.002173473,0.057870942,-0.125941883,-0.00394062,12.198,9
US.GLD260320C421000,GLD 260320 421.00C,52.9627,52.9627,0.0,0.0,52.9627,0,0.0,True,CALL,2026-03-20,421.0,100.0,607,0.0,0.0,0.0,0.0,0.0,0.0,-0.815,9
US.GLD260320P421000,GLD 260320 421.00P,0.36,0.43,0.43,0.36,0.7764,4,151.0,True,PUT,2026-03-20,421.0,100.0,1467,43.608,-0.033146807,0.002193535,0.057061218,-0.121197344,-0.003865258,11.974,9
US.GLD260320C422000,GLD 260320 422.00C,57.58,57.58,57.58,57.58,51.9981,1,5758.0,True,CALL,2026-03-20,422.0,100.0,920,44.055,0.962931868,0.00238043,0.062548573,-0.175927755,0.1054795,0.359,9
US.GLD260320P422000,GLD 260320 422.00P,0.36,0.39,0.42,0.36,0.8107,22,827.0,True,PUT,2026-03-20,422.0,100.0,994,43.017,-0.033879338,0.002264071,0.058096639,-0.121815031,-0.003950482,11.764,9
US.GLD260320C423000,GLD 260320 423.00C,51.0334,51.0334,0.0,0.0,51.0334,0,0.0,True,CALL,2026-03-20,423.0,100.0,351,34.129,0.987578144,0.001220998,0.024887974,-0.080725672,0.108923478,-0.8,9
US.GLD260320P423000,GLD 260320 423.00P,0.4,0.54,0.54,0.37,0.8451,16,705.0,True,PUT,2026-03-20,423.0,100.0,860,43.002,-0.036472787,0.002406181,0.061718951,-0.129767995,-0.004264605,11.564,9
US.GLD260320C424000,GLD 260320 424.00C,57.75,57.75,57.75,57.75,50.0689,15,86625.0,True,CALL,2026-03-20,424.0,100.0,443,34.45,0.985410296,0.001389834,0.02858786,-0.087454149,0.108907696,0.814,9
US.GLD260320P424000,GLD 260320 424.00P,0.45,0.31,0.98,0.31,0.8795,24,1074.0,True,PUT,2026-03-20,424.0,100.0,1662,42.633,-0.038042762,0.002512088,0.06387986,-0.133377596,-0.00445252,11.365,9
US.GLD260320C425000,GLD 260320 425.00C,56.54,55.47,56.81,55.25,49.1148,142,793601.0,True,CALL,2026-03-20,425.0,100.0,9164,43.058,0.957622859,0.002715599,0.069737231,-0.189080938,0.105581335,0.77,9
US.GLD260320P425000,GLD 260320 425.00P,0.58,0.5,0.64,0.39,0.9245,433,19427.0,True,PUT,2026-03-20,425.0,100.0,6679,42.622,-0.040921009,0.002666327,0.067782427,-0.141921462,-0.004801614,11.183,9
US.GLD260320C426000,GLD 260320 426.00C,55.07,55.07,55.07,55.07,48.1609,1,5507.0,True,CALL,2026-03-20,426.0,100.0,394,43.035,0.954567324,0.002873989,0.073763611,-0.198063976,0.105448162,0.671,9
US.GLD260320P426000,GLD 260320 426.00P,0.43,0.49,0.5,0.43,0.9696,19,916.0,True,PUT,2026-03-20,426.0,100.0,607,42.285,-0.042799861,0.002787149,0.070290226,-0.146261793,-0.005027204,10.942,9
US.GLD260320C427000,GLD 260320 427.00C,47.2071,47.2071,0.0,0.0,47.2071,0,0.0,True,CALL,2026-03-20,427.0,100.0,923,43.287,0.950316103,0.003069533,0.079241019,-0.211396227,0.10515913,-0.764,9
US.GLD260320P427000,GLD 260320 427.00P,0.46,0.52,0.52,0.46,1.0148,7,358.0,True,PUT,2026-03-20,427.0,100.0,505,41.792,-0.0442039,0.002894477,0.072144516,-0.148544937,-0.005193859,10.739,9
US.GLD260320C428000,GLD 260320 428.00C,52.0,52.0,52.0,52.0,46.2615,10,52000.0,True,CALL,2026-03-20,428.0,100.0,530,43.757,0.944969406,0.003293274,0.085938071,-0.228631722,0.104726756,0.447,9
US.GLD260320P428000,GLD 260320 428.00P,0.5,0.5,0.5,0.49,1.0683,8,399.0,True,PUT,2026-03-20,428.0,100.0,582,41.887,-0.047896032,0.003080197,0.076944692,-0.159315017,-0.005643025,10.538,9
US.GLD260320C429000,GLD 260320 429.00C,45.316,45.316,0.0,0.0,45.316,0,0.0,True,CALL,2026-03-20,429.0,100.0,3255,42.72,0.94533799,0.003355373,0.085482496,-0.223221233,0.105040805,-0.741,9
US.GLD260320P429000,GLD 260320 429.00P,0.68,0.55,0.68,0.48,1.1219,12,648.0,True,PUT,2026-03-20,429.0,100.0,556,41.427,-0.049623559,0.003203885,0.079153647,-0.16229807,-0.005848986,10.367,9
US.GLD260320C430000,GLD 260320 430.00C,49.46,50.7,51.83,48.55,44.3706,71,359181.0,True,CALL,2026-03-20,430.0,100.0,11701,41.975,0.944544373,0.003453972,0.086460894,-0.222256761,0.105203179,0.334,9
US.GLD260320P430000,GLD 260320 430.00P,0.68,0.62,0.82,0.5,1.1755,457,27017.0,True,PUT,2026-03-20,430.0,100.0,21423,41.079,-0.05188281,0.003347674,0.082008832,-0.167020222,-0.006120363,10.157,9
US.GLD260320C431000,GLD 260320 431.00C,43.4252,43.4252,0.0,0.0,43.4252,0,0.0,True,CALL,2026-03-20,431.0,100.0,4,37.356,0.959494779,0.003017577,0.067231354,-0.165033528,0.10741015,-0.718,9
US.GLD260320P431000,GLD 260320 431.00P,0.72,0.57,0.72,0.55,1.2292,48,3333.0,True,PUT,2026-03-20,431.0,100.0,1060,39.867,-0.050679876,0.003385635,0.080492107,-0.158880713,-0.005963196,9.956,9
US.GLD260320C432000,GLD 260320 432.00C,42.4835,42.4835,0.0,0.0,42.4835,0,0.0,True,CALL,2026-03-20,432.0,100.0,3,38.697,0.950475902,0.003424798,0.079036079,-0.193227301,0.10650611,-0.706,9
US.GLD260320P432000,GLD 260320 432.00P,0.76,0.67,0.76,0.6,1.2865,30,2059.0,True,PUT,2026-03-20,432.0,100.0,763,40.102,-0.055540289,0.003619435,0.086552444,-0.172492253,-0.006555268,9.755,9
US.GLD260320C433000,GLD 260320 433.00C,41.5562,41.5562,0.0,0.0,41.5562,0,0.0,True,CALL,2026-03-20,433.0,100.0,2,30.974,0.977278033,0.00225465,0.041678464,-0.103747302,0.110225846,-0.691,9
US.GLD260320P433000,GLD 260320 433.00P,0.8,0.61,0.8,0.61,1.3583,21,1527.0,True,PUT,2026-03-20,433.0,100.0,652,39.988,-0.059150016,0.003814178,0.09094718,-0.181179203,-0.006992554,9.555,9
US.GLD260320C434000,GLD 260320 434.00C,40.6289,40.6289,0.0,0.0,40.6289,0,0.0,True,CALL,2026-03-20,434.0,100.0,5,39.805,0.937432473,0.004003975,0.095042011,-0.231037769,0.105341344,-0.676,9
US.GLD260320P434000,GLD 260320 434.00P,0.85,0.64,0.85,0.64,1.4302,13,1021.0,True,PUT,2026-03-20,434.0,100.0,47,38.921,-0.058632741,0.003891789,0.09032139,-0.175006029,-0.006918344,9.356,9
US.GLD260320C435000,GLD 260320 435.00C,44.56,45.55,47.2,44.56,39.7018,50,231210.0,True,CALL,2026-03-20,435.0,100.0,5931,40.304,0.930572028,0.004286404,0.103020344,-0.250410976,0.104713393,0.355,9
US.GLD260320P435000,GLD 260320 435.00P,0.9,0.7,1.04,0.63,1.5022,398,29539.0,True,PUT,2026-03-20,435.0,100.0,8192,39.399,-0.065265481,0.004180154,0.098199241,-0.193443964,-0.00772901,9.157,9
US.GLD260320C436000,GLD 260320 436.00C,38.7876,38.7876,0.0,0.0,38.7876,0,0.0,True,CALL,2026-03-20,436.0,100.0,42,44.051,0.907867259,0.004856922,0.12758532,-0.327399712,0.102002171,-0.643,9
US.GLD260320P436000,GLD 260320 436.00P,0.94,0.79,0.96,0.79,1.5872,65,6074.0,True,PUT,2026-03-20,436.0,100.0,117,38.446,-0.065395763,0.004290392,0.098349727,-0.189003189,-0.007733445,8.956,9
US.GLD260320C437000,GLD 260320 437.00C,37.8737,37.8737,0.0,0.0,37.8737,0,0.0,True,CALL,2026-03-20,437.0,100.0,1,38.997,0.927136098,0.004597494,0.1069109,-0.251734196,0.104800732,-0.625,9
US.GLD260320P437000,GLD 260320 437.00P,0.99,0.75,0.99,0.75,1.6724,19,1758.0,True,PUT,2026-03-20,437.0,100.0,98,39.96,-0.077704075,0.004712264,0.112268128,-0.225845386,-0.009249435,8.757,9
US.GLD260320C438000,GLD 260320 438.00C,36.9638,36.9638,0.0,0.0,36.9638,0,0.0,True,CALL,2026-03-20,438.0,100.0,13,38.902,0.922463962,0.004832336,0.112097865,-0.261944109,0.104459133,-0.606,9
US.GLD260320P438000,GLD 260320 438.00P,1.04,0.81,1.21,0.79,1.7618,296,28896.0,True,PUT,2026-03-20,438.0,100.0,270,38.004,-0.073060901,0.004727419,0.107114879,-0.204307549,-0.008658049,8.558,9
US.GLD260320C439000,GLD 260320 439.00C,36.0566,0.0,0.0,0.0,36.0566,0,0.0,True,CALL,2026-03-20,439.0,100.0,0,34.472,0.940152935,0.004465611,0.091793366,-0.20002348,0.10702771,-0.586,9
US.GLD260320P439000,GLD 260320 439.00P,1.15,0.91,1.15,0.84,1.8537,52,4746.0,True,PUT,2026-03-20,439.0,100.0,96,37.649,-0.07649679,0.004942379,0.110935787,-0.209950132,-0.009070097,8.372,9
US.GLD260320C440000,GLD 260320 440.00C,38.55,41.27,42.25,38.0,35.1494,122,494090.0,True,CALL,2026-03-20,440.0,100.0,26331,39.201,0.909815719,0.005372033,0.12557277,-0.291772485,0.103343721,0.144,9
US.GLD260320P440000,GLD 260320 440.00P,1.2,1.0,1.39,0.86,1.9458,1121,107124.0,True,PUT,2026-03-20,440.0,100.0,12991,38.168,-0.084786853,0.005269362,0.119900966,-0.230966097,-0.010084648,8.173,9
US.GLD260320C441000,GLD 260320 441.00C,34.2423,34.2423,0.0,0.0,34.2423,0,0.0,True,CALL,2026-03-20,441.0,100.0,56,38.39,0.908244855,0.00555623,0.127190288,-0.289927286,0.103409029,-0.547,9
US.GLD260320P441000,GLD 260320 441.00P,1.19,1.12,1.26,0.9,2.038,25,2726.0,True,PUT,2026-03-20,441.0,100.0,123,37.906,-0.089214009,0.005511516,0.12454597,-0.238679434,-0.010618407,7.962,9
US.GLD260320C442000,GLD 260320 442.00C,38.78,38.78,38.78,38.78,33.3501,4,15512.0,True,CALL,2026-03-20,442.0,100.0,18,37.963,0.904463318,0.005788882,0.131039362,-0.29497452,0.103185188,0.611,9
US.GLD260320P442000,GLD 260320 442.00P,1.4,1.31,1.52,0.98,2.145,151,16269.0,True,PUT,2026-03-20,442.0,100.0,145,37.654,-0.093922006,0.005763954,0.129382908,-0.246730912,-0.011186146,7.797,9
US.GLD260320C443000,GLD 260320 443.00C,32.4813,32.4813,0.0,0.0,32.4813,0,0.0,True,CALL,2026-03-20,443.0,100.0,2,35.176,0.914120188,0.005772362,0.121069695,-0.257732785,0.104718009,-0.497,9
US.GLD260320P443000,GLD 260320 443.00P,1.42,1.15,1.42,1.05,2.2755,70,8727.0,True,PUT,2026-03-20,443.0,100.0,172,37.448,-0.09912181,0.006029838,0.134606861,-0.255749448,-0.011814113,7.592,9
US.GLD260320C444000,GLD 260320 444.00C,31.6186,31.6186,0.0,0.0,31.6186,0,0.0,True,CALL,2026-03-20,444.0,100.0,2,34.785,0.910070506,0.006041225,0.125301098,-0.263179692,0.104460681,-0.469,9
US.GLD260320P444000,GLD 260320 444.00P,1.27,1.17,1.32,1.09,2.4123,34,3967.0,True,PUT,2026-03-20,444.0,100.0,248,37.281,-0.104799091,0.006307606,0.140174202,-0.265627164,-0.012500514,7.351,9
US.GLD260320C445000,GLD 260320 445.00C,34.95,36.77,37.5,34.75,30.7561,46,169062.0,True,CALL,2026-03-20,445.0,100.0,14693,36.75,0.891532981,0.006558666,0.143720522,-0.311830125,0.102309101,0.437,9
US.GLD260320P445000,GLD 260320 445.00P,1.58,1.18,1.75,1.15,2.5491,224,30338.0,True,PUT,2026-03-20,445.0,100.0,11087,36.905,-0.109511887,0.006577304,0.144690713,-0.271782958,-0.013065134,7.207,9
US.GLD260320C446000,GLD 260320 446.00C,29.8936,29.8936,0.0,0.0,29.8936,0,0.0,True,CALL,2026-03-20,446.0,100.0,7,36.586,0.88532695,0.006855617,0.149557768,-0.322073672,0.101769409,-0.411,9
US.GLD260320P446000,GLD 260320 446.00P,1.51,1.41,1.56,1.29,2.686,40,5420.0,True,PUT,2026-03-20,446.0,100.0,203,36.807,-0.116135596,0.006877414,0.150885998,-0.283205741,-0.013867073,6.983,9
US.GLD260320C447000,GLD 260320 447.00C,29.0312,29.0312,0.0,0.0,29.0312,0,0.0,True,CALL,2026-03-20,447.0,100.0,1,34.38,0.891625751,0.007006516,0.143626375,-0.294231247,0.102869789,-0.382,9
US.GLD260320P447000,GLD 260320 447.00P,1.33,1.59,1.59,1.29,2.8231,76,10226.0,True,PUT,2026-03-20,447.0,100.0,176,35.728,-0.117008904,0.007123017,0.151685921,-0.276285578,-0.013948513,6.736,9
US.GLD260320C448000,GLD 260320 448.00C,30.9,30.9,30.9,30.9,28.1901,5,15450.0,True,CALL,2026-03-20,448.0,100.0,9,36.149,0.87271591,0.007467129,0.160952608,-0.340834439,0.100665178,0.217,9
US.GLD260320P448000,GLD 260320 448.00P,1.83,1.38,1.92,1.38,2.9814,40,5962.0,True,PUT,2026-03-20,448.0,100.0,172,36.241,-0.127998882,0.007479029,0.161552066,-0.299418822,-0.015292949,6.631,9
US.GLD260320C449000,GLD 260320 449.00C,27.3559,27.3559,0.0,0.0,27.3559,0,0.0,True,CALL,2026-03-20,449.0,100.0,9,36.328,0.863475684,0.007798572,0.168926873,-0.357894239,0.099726961,-0.314,9
US.GLD260320P449000,GLD 260320 449.00P,2.2,1.54,2.2,1.54,3.1468,413,79231.0,True,PUT,2026-03-20,449.0,100.0,311,36.004,-0.134645866,0.007796363,0.167299427,-0.308491084,-0.016092589,6.499,9
US.GLD260320C450000,GLD 260320 450.00C,30.35,31.62,32.97,28.76,26.5221,272,856375.0,True,CALL,2026-03-20,450.0,100.0,23789,37.142,0.849970616,0.008129476,0.180045103,-0.387267293,0.098223454,0.521,9
US.GLD260320P450000,GLD 260320 450.00P,2.17,2.0,2.51,1.51,3.3125,2869,566658.0,True,PUT,2026-03-20,450.0,100.0,21673,35.963,-0.142850186,0.008126216,0.174178012,-0.321384242,-0.017085605,6.284,9
US.GLD260320C451000,GLD 260320 451.00C,25.7276,25.7276,0.0,0.0,25.7276,0,0.0,True,CALL,2026-03-20,451.0,100.0,394,36.222,0.84689491,0.008449018,0.182488774,-0.383436198,0.098100831,-0.237,9
US.GLD260320P451000,GLD 260320 451.00P,2.19,1.9,2.35,1.67,3.5177,69,13448.0,True,PUT,2026-03-20,451.0,100.0,522,35.543,-0.148954887,0.008457191,0.179144741,-0.327011658,-0.017812533,6.079,9
US.GLD260320C452000,GLD 260320 452.00C,24.9333,24.9333,0.0,0.0,24.9333,0,0.0,True,CALL,2026-03-20,452.0,100.0,659,36.233,0.83771639,0.008775812,0.189606054,-0.397448182,0.09717032,-0.193,9
US.GLD260320P452000,GLD 260320 452.00P,2.29,1.84,2.32,1.78,3.7231,115,22121.0,True,PUT,2026-03-20,452.0,100.0,661,35.315,-0.156613132,0.008799826,0.185201813,-0.33634192,-0.018731995,5.89,9
US.GLD260320C453000,GLD 260320 453.00C,27.09,28.58,28.58,27.09,24.1392,5,14141.0,True,CALL,2026-03-20,453.0,100.0,350,35.682,0.831760559,0.009121798,0.194080687,-0.400605327,0.096668409,0.466,9
US.GLD260320P453000,GLD 260320 453.00P,2.68,2.07,2.68,1.89,3.9286,842,175118.0,True,PUT,2026-03-20,453.0,100.0,3010,35.208,-0.165392781,0.009146747,0.191914753,-0.347981674,-0.019789882,5.763,9
US.GLD260320C454000,GLD 260320 454.00C,29.0,27.51,29.2,27.51,23.3608,4,11322.0,True,CALL,2026-03-20,454.0,100.0,234,35.736,0.821634195,0.009453252,0.201442632,-0.415353888,0.095612991,1.075,9
US.GLD260320P454000,GLD 260320 454.00P,2.68,2.19,2.7,2.09,4.15,102,25403.0,True,PUT,2026-03-20,454.0,100.0,1098,35.258,-0.175531656,0.00948874,0.199370556,-0.36260077,-0.021016631,5.553,9
US.GLD260320C455000,GLD 260320 455.00C,25.89,27.35,28.23,24.93,22.5888,42,111356.0,True,CALL,2026-03-20,455.0,100.0,15290,35.496,0.81302947,0.009801259,0.207458776,-0.424349456,0.094760671,0.634,9
US.GLD260320P455000,GLD 260320 455.00P,2.79,2.65,3.27,2.1,4.3778,528,126007.0,True,PUT,2026-03-20,455.0,100.0,9036,35.012,-0.184109248,0.009846633,0.205436515,-0.371417382,-0.022042867,5.367,9
US.GLD260320C456000,GLD 260320 456.00C,24.1,25.87,26.0,24.1,21.8308,3,7597.0,True,CALL,2026-03-20,456.0,100.0,1273,35.221,0.804299759,0.010158155,0.213344937,-0.43253524,0.093892744,0.468,9
US.GLD260320P456000,GLD 260320 456.00P,3.0,2.47,3.05,2.35,4.6197,40,10113.0,True,PUT,2026-03-20,456.0,100.0,2372,34.801,-0.19326979,0.0102079,0.211679438,-0.380792373,-0.023139025,5.202,9
US.GLD260320C457000,GLD 260320 457.00C,24.93,25.18,25.18,24.75,21.0732,23,57563.0,True,CALL,2026-03-20,457.0,100.0,258,35.365,0.792610853,0.01047461,0.220895392,-0.448559931,0.092629121,0.851,9
US.GLD260320P457000,GLD 260320 457.00P,3.2,2.65,3.35,2.46,4.862,55,15232.0,True,PUT,2026-03-20,457.0,100.0,2129,34.734,-0.20371115,0.01055778,0.218508365,-0.392783946,-0.024393803,5.034,9
US.GLD260320C458000,GLD 260320 458.00C,23.95,24.2,25.91,23.95,20.3457,130,315100.0,True,CALL,2026-03-20,458.0,100.0,1046,35.23,0.782317189,0.010816407,0.227238221,-0.459046592,0.091552808,0.855,9
US.GLD260320P458000,GLD 260320 458.00P,3.35,2.73,3.35,2.58,5.1346,40,11823.0,True,PUT,2026-03-20,458.0,100.0,750,34.509,-0.213516394,0.010925698,0.22464949,-0.401560696,-0.025563139,4.857,9
US.GLD260320C459000,GLD 260320 459.00C,22.61,23.0,25.04,22.48,19.6186,31,72335.0,True,CALL,2026-03-20,459.0,100.0,756,35.16,0.771298637,0.011147069,0.233720101,-0.470486354,0.090379437,0.784,9
US.GLD260320P459000,GLD 260320 459.00P,3.7,3.0,3.7,2.78,5.4076,152,46829.0,True,PUT,2026-03-20,459.0,100.0,302,34.462,-0.224786321,0.011269606,0.231394335,-0.413468842,-0.026914647,4.721,9
US.GLD260320C460000,GLD 260320 460.00C,21.76,23.21,24.5,20.79,18.911,370,846518.0,True,CALL,2026-03-20,460.0,100.0,21438,35.043,0.760221085,0.011480981,0.239924432,-0.480750521,0.089198695,0.816,9
US.GLD260320P460000,GLD 260320 460.00P,3.75,3.5,4.38,2.93,5.7001,3861,1354987.0,True,PUT,2026-03-20,460.0,100.0,24133,34.261,-0.235476701,0.01163485,0.237488923,-0.42219515,-0.028186566,4.522,9
US.GLD260320C461000,GLD 260320 461.00C,20.62,21.77,23.25,20.19,18.2355,66,142847.0,True,CALL,2026-03-20,461.0,100.0,294,34.576,0.750783472,0.011880469,0.244968613,-0.484198909,0.08824236,0.786,9
US.GLD260320P461000,GLD 260320 461.00P,4.02,3.73,4.1,3.2,6.0249,236,86950.0,True,PUT,2026-03-20,461.0,100.0,396,34.122,-0.246905384,0.01198789,0.243687647,-0.431762951,-0.029547308,4.369,9
US.GLD260320C462000,GLD 260320 462.00C,20.25,22.01,22.5,19.52,17.5602,43,90632.0,True,CALL,2026-03-20,462.0,100.0,1330,34.479,0.738862986,0.012208654,0.251031668,-0.494158506,0.086949819,0.918,9
US.GLD260320P462000,GLD 260320 462.00P,4.5,3.58,4.55,3.35,6.3499,491,191097.0,True,PUT,2026-03-20,462.0,100.0,739,33.939,-0.258443153,0.012346995,0.249621093,-0.440146904,-0.030915378,4.26,9
US.GLD260320C463000,GLD 260320 463.00C,19.17,20.65,21.81,18.8,16.8851,41,83276.0,True,CALL,2026-03-20,463.0,100.0,306,34.336,0.726858484,0.012540932,0.256796264,-0.502852179,0.085646777,0.901,9
US.GLD260320P463000,GLD 260320 463.00P,4.51,4.16,4.98,3.6,6.6752,230,96242.0,True,PUT,2026-03-20,463.0,100.0,441,33.81,-0.270655915,0.012689484,0.255555649,-0.449141162,-0.032363702,4.053,9
US.GLD260320C464000,GLD 260320 464.00C,18.4,20.61,21.1,18.1,16.2384,69,138840.0,True,CALL,2026-03-20,464.0,100.0,1733,34.053,0.715225387,0.012904397,0.262062893,-0.508566742,0.084396661,0.95,9
US.GLD260320P464000,GLD 260320 464.00P,5.1,4.22,6.0,3.75,7.029,119,48436.0,True,PUT,2026-03-20,464.0,100.0,926,33.731,-0.28347883,0.01301151,0.261412481,-0.458583679,-0.03388409,3.967,9
US.GLD260320C465000,GLD 260320 465.00C,18.1,19.08,20.5,17.6,15.6073,270,518150.0,True,CALL,2026-03-20,465.0,100.0,21676,34.104,0.701564822,0.013169604,0.267855366,-0.519804358,0.0828672,1.096,9
US.GLD260320P465000,GLD 260320 465.00P,5.02,4.37,5.8,3.85,7.3984,886,377994.0,True,PUT,2026-03-20,465.0,100.0,5338,33.417,-0.295449461,0.013392677,0.266539814,-0.463290321,-0.035282594,3.741,9
US.GLD260320C466000,GLD 260320 466.00C,17.27,18.15,19.82,16.2,14.9764,48,86210.0,True,CALL,2026-03-20,466.0,100.0,408,34.011,0.688338038,0.013462495,0.273067557,-0.527878538,0.08139845,1.132,9
US.GLD260320P466000,GLD 260320 466.00P,5.25,4.52,5.3,4.3,7.7682,49,23993.0,True,PUT,2026-03-20,466.0,100.0,2438,33.523,-0.309828609,0.013638927,0.272278009,-0.474965767,-0.036991851,3.58,9
US.GLD260320C467000,GLD 260320 467.00C,18.92,17.75,19.0,16.3,14.3458,48,84881.0,True,CALL,2026-03-20,467.0,100.0,529,33.69,0.675786928,0.013818978,0.277659659,-0.531373792,0.080027148,1.686,9
US.GLD260320P467000,GLD 260320 467.00P,5.4,5.0,5.9,4.51,8.1384,392,208785.0,True,PUT,2026-03-20,467.0,100.0,816,33.392,-0.323362858,0.013944169,0.277263524,-0.481832064,-0.038578506,3.402,9
US.GLD260320C468000,GLD 260320 468.00C,15.24,17.06,18.3,15.24,13.7674,91,153039.0,True,CALL,2026-03-20,468.0,100.0,549,33.684,0.661572913,0.014060155,0.282452216,-0.539747208,0.078422037,1.125,9
US.GLD260320P468000,GLD 260320 468.00P,5.65,5.48,6.12,4.78,8.5608,176,95765.0,True,PUT,2026-03-20,468.0,100.0,453,33.392,-0.337734882,0.014190255,0.282126941,-0.490329512,-0.040268703,3.245,9
US.GLD260320C469000,GLD 260320 469.00C,15.0,16.21,17.59,14.52,13.1894,250,385491.0,True,CALL,2026-03-20,469.0,100.0,521,33.539,0.647644125,0.014334767,0.286734342,-0.545043041,0.076859083,1.284,9
US.GLD260320P469000,GLD 260320 469.00P,6.45,6.1,6.9,4.95,8.9838,255,142802.0,True,PUT,2026-03-20,469.0,100.0,640,33.254,-0.351813891,0.014470445,0.286466555,-0.495729859,-0.041906188,3.203,9
US.GLD260320C470000,GLD 260320 470.00C,14.78,16.08,17.0,13.2,12.6373,430,671375.0,True,CALL,2026-03-20,470.0,100.0,10514,33.433,0.633296825,0.014579954,0.290723093,-0.550305724,0.075237322,1.448,9
US.GLD260320P470000,GLD 260320 470.00P,6.65,5.76,8.25,5.38,9.4327,1329,827947.0,True,PUT,2026-03-20,470.0,100.0,4338,33.153,-0.366315285,0.014720788,0.2905048,-0.501084362,-0.043589112,3.036,9
US.GLD260320C471000,GLD 260320 471.00C,13.57,15.93,16.15,12.83,12.0859,122,185606.0,True,CALL,2026-03-20,471.0,100.0,340,33.194,0.619080469,0.014863388,0.294258548,-0.552568092,0.073638453,1.404,9
US.GLD260320P471000,GLD 260320 471.00P,6.82,5.63,8.29,5.63,9.8825,263,174229.0,True,PUT,2026-03-20,471.0,100.0,435,33.174,-0.381415349,0.014903446,0.294251295,-0.507733026,-0.045345825,2.862,9
US.GLD260320C472000,GLD 260320 472.00C,13.15,14.4,15.53,12.84,11.5348,119,173301.0,True,CALL,2026-03-20,472.0,100.0,1440,33.161,0.604018499,0.015044742,0.297557326,-0.557544928,0.071914374,1.525,9
US.GLD260320P472000,GLD 260320 472.00P,7.44,6.75,7.44,6.1,10.3327,113,79919.0,True,PUT,2026-03-20,472.0,100.0,1014,32.806,-0.395698093,0.015232731,0.297366451,-0.507055404,-0.046958116,2.783,9
US.GLD260320C473000,GLD 260320 473.00C,11.85,14.73,14.9,11.85,11.0257,92,125449.0,True,CALL,2026-03-20,473.0,100.0,1353,33.161,0.588736533,0.015190404,0.300439198,-0.562241526,0.070156285,1.462,9
US.GLD260320P473000,GLD 260320 473.00P,8.3,6.98,8.3,6.62,10.825,215,158144.0,True,PUT,2026-03-20,473.0,100.0,1683,32.977,-0.411518316,0.015307944,0.300342823,-0.514603439,-0.048796442,2.753,9
US.GLD260320C474000,GLD 260320 474.00C,12.27,13.05,14.28,12.05,10.532,76,99537.0,True,CALL,2026-03-20,474.0,100.0,1137,33.11,0.57343076,0.015336433,0.302860428,-0.565237783,0.068395221,1.759,9
US.GLD260320P474000,GLD 260320 474.00P,8.47,8.11,8.58,6.93,11.3328,159,123725.0,True,PUT,2026-03-20,474.0,100.0,748,32.928,-0.426948431,0.015457296,0.302764794,-0.517618563,-0.050555173,2.58,9
US.GLD260320C475000,GLD 260320 475.00C,11.65,12.94,13.97,10.5,10.0571,2856,3553849.0,True,CALL,2026-03-20,475.0,100.0,7219,33.09,0.557963636,0.015445647,0.304838098,-0.567896777,0.066607472,1.839,9
US.GLD260320P475000,GLD 260320 475.00P,8.8,7.85,9.82,7.15,11.8596,378,310358.0,True,PUT,2026-03-20,475.0,100.0,1874,32.828,-0.442451736,0.015607999,0.30472475,-0.51892983,-0.052304066,2.44,9
US.GLD260320C476000,GLD 260320 476.00C,10.9,11.58,13.1,10.83,9.5827,131,162194.0,True,CALL,2026-03-20,476.0,100.0,302,33.102,0.542402378,0.015517138,0.306354998,-0.570188589,0.064801426,1.891,9
US.GLD260320P476000,GLD 260320 476.00P,9.61,9.1,11.15,7.66,12.387,52,45812.0,True,PUT,2026-03-20,476.0,100.0,293,32.841,-0.4581791,0.01568249,0.306232444,-0.521228761,-0.054080168,2.4,9
US.GLD260320C477000,GLD 260320 477.00C,10.6,11.05,12.5,9.55,9.1297,95,110314.0,True,CALL,2026-03-20,477.0,100.0,658,32.899,0.526855281,0.015665729,0.307399239,-0.568062959,0.063010226,2.038,9
US.GLD260320P477000,GLD 260320 477.00P,9.95,8.58,10.05,8.1,12.936,105,92802.0,True,PUT,2026-03-20,477.0,100.0,648,32.803,-0.473922395,0.015757463,0.307257917,-0.521784124,-0.055837327,2.262,9
US.GLD260320C478000,GLD 260320 478.00C,9.9,10.5,11.9,9.6,8.7164,776,816209.0,True,CALL,2026-03-20,478.0,100.0,1142,32.81,0.511142412,0.015738176,0.307977629,-0.566899039,0.061185251,2.101,9
US.GLD260320P478000,GLD 260320 478.00P,10.27,9.1,12.15,8.77,13.5248,79,74251.0,True,PUT,2026-03-20,478.0,100.0,394,32.714,-0.489731557,0.015833141,0.307802153,-0.520599269,-0.057578581,2.119,9
US.GLD260320C479000,GLD 260320 479.00C,9.65,10.57,11.6,9.34,8.3036,210,214279.0,True,CALL,2026-03-20,479.0,100.0,802,32.912,0.495510078,0.015694139,0.308078091,-0.56803295,0.05935072,2.257,9
US.GLD260320P479000,GLD 260320 479.00P,10.5,9.63,11.0,9.2,14.1142,119,120353.0,True,PUT,2026-03-20,479.0,100.0,209,32.654,-0.505589773,0.015870013,0.307860796,-0.51900947,-0.059312222,1.958,9
US.GLD260320C480000,GLD 260320 480.00C,9.25,10.44,11.0,8.1,7.9,3360,3203408.0,True,CALL,2026-03-20,480.0,100.0,16339,32.883,0.479849498,0.015688924,0.307703862,-0.566094872,0.057519195,2.383,9
US.GLD260320P480000,GLD 260320 480.00P,11.0,10.3,12.7,9.3,14.713,2041,2279661.0,True,PUT,2026-03-20,480.0,100.0,8300,32.543,-0.521536304,0.015907384,0.307426869,-0.515663542,-0.061027497,1.854,9
US.GLD260320C481000,GLD 260320 481.00C,9.1,9.4,10.59,8.5,7.5001,578,584212.0,True,CALL,2026-03-20,481.0,100.0,1002,32.804,0.464136969,0.015683507,0.306850143,-0.562421469,0.055681189,2.561,9
US.GLD260320P481000,GLD 260320 481.00P,10.2,10.67,11.3,10.08,15.3157,26,26685.0,True,PUT,2026-03-20,481.0,100.0,74,32.626,-0.537180954,0.015826348,0.306522749,-0.514647817,-0.062723206,1.477,9
US.GLD260320C482000,GLD 260320 482.00C,8.15,8.87,10.04,7.9,7.1499,1136,1001169.0,True,CALL,2026-03-20,482.0,100.0,4556,32.755,0.448504122,0.015639214,0.305524042,-0.558384717,0.053846594,2.571,9
US.GLD260320P482000,GLD 260320 482.00P,12.65,10.65,14.0,10.65,15.968,33,37513.0,True,PUT,2026-03-20,482.0,100.0,237,32.575,-0.552963266,0.015785349,0.305125569,-0.510544215,-0.064388467,1.78,9
US.GLD260320C483000,GLD 260320 483.00C,7.53,8.43,9.37,7.53,6.7999,61,54014.0,True,CALL,2026-03-20,483.0,100.0,1648,32.984,0.433672733,0.015444322,0.303824587,-0.558238156,0.052085939,2.651,9
US.GLD260320P483000,GLD 260320 483.00P,13.05,12.05,13.05,12.05,16.6208,12,15460.0,True,PUT,2026-03-20,483.0,100.0,140,32.556,-0.568599723,0.015705581,0.303260374,-0.506102611,-0.066019805,1.655,9
US.GLD260320C484000,GLD 260320 484.00C,7.0,8.2,9.01,6.97,6.4502,71,59270.0,True,CALL,2026-03-20,484.0,100.0,1091,32.917,0.418265301,0.015362479,0.301601304,-0.552245565,0.050272957,2.749,9
US.GLD260320P484000,GLD 260320 484.00P,14.08,12.05,14.08,11.74,17.2742,37,44699.0,True,PUT,2026-03-20,484.0,100.0,139,32.319,-0.584824132,0.015702367,0.300812364,-0.497080696,-0.067638454,1.661,9
US.GLD260320C485000,GLD 260320 485.00C,6.99,8.15,8.64,6.5,6.1499,2226,1670294.0,True,CALL,2026-03-20,485.0,100.0,13951,32.715,0.402475425,0.015315465,0.298835214,-0.54308099,0.048418753,2.956,9
US.GLD260320P485000,GLD 260320 485.00P,14.39,12.2,14.5,12.2,17.9768,12,15089.0,True,PUT,2026-03-20,485.0,100.0,1499,32.445,-0.599769295,0.015507879,0.29809931,-0.493507195,-0.069174108,1.517,9
US.GLD260320C486000,GLD 260320 486.00C,6.78,7.81,8.1,6.6,5.8499,84,59203.0,True,CALL,2026-03-20,486.0,100.0,494,32.713,0.387477477,0.015158268,0.295746839,-0.536588978,0.046643833,3.122,9
US.GLD260320P486000,GLD 260320 486.00P,18.6798,18.6798,0.0,0.0,18.6798,0,0.0,True,PUT,2026-03-20,486.0,100.0,121,32.185,-0.61602568,0.015463317,0.2946331,-0.482373246,-0.070720007,2.205,9
US.GLD260320C487000,GLD 260320 487.00C,7.13,6.68,7.55,6.68,5.5499,7,5026.0,True,CALL,2026-03-20,487.0,100.0,593,32.747,0.37282858,0.014966095,0.292292174,-0.529993545,0.044905967,3.404,9
US.GLD260320P487000,GLD 260320 487.00P,14.65,14.65,14.65,14.65,19.3832,19,27835.0,True,PUT,2026-03-20,487.0,100.0,211,32.468,-0.629831439,0.015162214,0.291276777,-0.480098104,-0.07212184,1.153,9
US.GLD260320C488000,GLD 260320 488.00C,5.73,6.4,6.97,5.7,5.2501,50,31465.0,True,CALL,2026-03-20,488.0,100.0,1067,32.558,0.357360278,0.014840842,0.288168307,-0.518677411,0.043078847,3.321,9
US.GLD260320P488000,GLD 260320 488.00P,20.087,20.087,0.0,0.0,20.087,0,0.0,True,PUT,2026-03-20,488.0,100.0,259,32.098,-0.646423987,0.015111684,0.286712095,-0.465424437,-0.073587914,2.081,9
US.GLD260320C489000,GLD 260320 489.00C,5.64,6.2,6.9,5.6,4.9815,186,117679.0,True,CALL,2026-03-20,489.0,100.0,655,32.665,0.343510395,0.014581087,0.28405599,-0.51206122,0.041427689,3.511,9
US.GLD260320P489000,GLD 260320 489.00P,16.12,15.53,16.12,15.53,20.8221,2,3165.0,True,PUT,2026-03-20,489.0,100.0,251,32.196,-0.660559501,0.014849478,0.282378115,-0.458510427,-0.074901967,1.042,9
US.GLD260320C490000,GLD 260320 490.00C,5.3,5.8,6.65,4.75,4.7316,1451,856787.0,True,CALL,2026-03-20,490.0,100.0,40746,32.637,0.329242662,0.014354634,0.279398014,-0.502344242,0.039730885,3.649,9
US.GLD260320P490000,GLD 260320 490.00P,17.0,15.96,18.45,15.05,21.5759,155,253264.0,True,PUT,2026-03-20,490.0,100.0,834,32.337,-0.67412823,0.014558315,0.277820976,-0.451807147,-0.076140014,1.017,9
US.GLD260320C491000,GLD 260320 491.00C,4.75,5.55,6.1,4.75,4.482,186,106524.0,True,CALL,2026-03-20,491.0,100.0,1411,32.649,0.31545801,0.014097213,0.274485013,-0.49279678,0.038087874,3.743,9
US.GLD260320P491000,GLD 260320 491.00P,17.52,17.4,17.52,17.4,22.3303,2,3492.0,True,PUT,2026-03-20,491.0,100.0,194,32.341,-0.68815931,0.014302624,0.272688556,-0.442002451,-0.077336452,0.916,9
US.GLD260320C492000,GLD 260320 492.00C,4.85,5.3,5.75,4.45,4.25,246,127776.0,True,CALL,2026-03-20,492.0,100.0,566,32.612,0.301663273,0.013839351,0.269154889,-0.481781218,0.0364436,3.973,9
US.GLD260320P492000,GLD 260320 492.00P,16.88,16.88,16.88,16.88,23.1023,1,1688.0,True,PUT,2026-03-20,492.0,100.0,248,32.574,-0.700458059,0.013960204,0.267840235,-0.436056767,-0.078415559,0.573,9
US.GLD260320C493000,GLD 260320 493.00C,4.3,4.75,5.5,4.27,4.0251,164,80268.0,True,CALL,2026-03-20,493.0,100.0,3325,32.714,0.289027801,0.01352736,0.263903139,-0.472946548,0.034931024,4.068,9
US.GLD260320P493000,GLD 260320 493.00P,23.8816,23.8816,0.0,0.0,23.8816,0,0.0,True,PUT,2026-03-20,493.0,100.0,61,32.481,-0.714472599,0.013708085,0.26189471,-0.423415449,-0.07948126,1.829,9
US.GLD260320C494000,GLD 260320 494.00C,5.2,4.7,5.2,4.64,3.8249,19,9080.0,True,CALL,2026-03-20,494.0,100.0,412,32.674,0.275813211,0.013242436,0.258024257,-0.460936021,0.033352665,4.465,9
US.GLD260320P494000,GLD 260320 494.00P,24.6856,24.6856,0.0,0.0,24.6856,0,0.0,True,PUT,2026-03-20,494.0,100.0,119,32.235,-0.729289681,0.01347874,0.255115672,-0.407287824,-0.080483047,1.788,9
US.GLD260320C495000,GLD 260320 495.00C,3.83,4.36,5.07,3.73,3.6249,575,256024.0,True,CALL,2026-03-20,495.0,100.0,13654,32.483,0.261859786,0.012977235,0.251378005,-0.445519037,0.031688578,4.388,9
US.GLD260320P495000,GLD 260320 495.00P,18.9,20.83,20.83,18.9,25.4901,2,3973.0,True,PUT,2026-03-20,495.0,100.0,218,32.127,-0.742934547,0.013192735,0.248419932,-0.393382275,-0.081367431,0.368,9
US.GLD260320C496000,GLD 260320 496.00C,3.65,4.2,4.5,3.65,3.4251,113,42857.0,True,CALL,2026-03-20,496.0,100.0,487,32.641,0.250629397,0.012622523,0.245694774,-0.436679135,0.030338397,4.559,9
US.GLD260320P496000,GLD 260320 496.00P,26.2951,26.2951,0.0,0.0,26.2951,0,0.0,True,PUT,2026-03-20,496.0,100.0,151,32.272,-0.754422047,0.012837064,0.242442257,-0.384166691,-0.082137299,1.706,9
US.GLD260320C497000,GLD 260320 497.00C,3.32,3.9,4.5,3.15,3.2305,169,64394.0,True,CALL,2026-03-20,497.0,100.0,559,32.654,0.238739455,0.012291532,0.239343701,-0.424656075,0.028912388,4.7,9
US.GLD260320P497000,GLD 260320 497.00P,27.1056,27.1056,0.0,0.0,27.1056,0,0.0,True,PUT,2026-03-20,497.0,100.0,36,32.48,-0.765044817,0.012467909,0.236627194,-0.3759887,-0.082825582,1.666,9
US.GLD260320C498000,GLD 260320 498.00C,3.97,3.5,4.12,3.5,3.0693,51,20862.0,True,CALL,2026-03-20,498.0,100.0,252,32.727,0.227635108,0.01194433,0.233094685,-0.413597162,0.027577948,5.045,9
US.GLD260320P498000,GLD 260320 498.00P,27.9491,27.9491,0.0,0.0,27.9491,0,0.0,True,PUT,2026-03-20,498.0,100.0,332,32.215,-0.778901858,0.012178122,0.228593048,-0.357951844,-0.083415587,1.634,9
US.GLD260320C499000,GLD 260320 499.00C,2.91,3.35,3.9,2.88,2.9085,172,61647.0,True,CALL,2026-03-20,499.0,100.0,734,32.843,0.217225135,0.011588485,0.226950445,-0.403256892,0.026324991,5.032,9
US.GLD260320P499000,GLD 260320 499.00P,28.7931,28.7931,0.0,0.0,28.7931,0,0.0,True,PUT,2026-03-20,499.0,100.0,11,30.844,-0.801536362,0.012009947,0.214333923,-0.316786561,-0.083636901,1.601,9
US.GLD260320C500000,GLD 260320 500.00C,2.8,3.66,3.82,2.73,2.75,1840,619358.0,True,CALL,2026-03-20,500.0,100.0,27361,32.759,0.205671491,0.011252211,0.219797,-0.388630572,0.024938363,5.219,9
US.GLD260320P500000,GLD 260320 500.00P,25.05,25.05,25.05,25.05,29.6398,1,2505.0,True,PUT,2026-03-20,500.0,100.0,652,32.522,-0.799100835,0.01144705,0.215998176,-0.33845358,-0.084343778,0.608,9
US.GLD260320C501000,GLD 260320 501.00C,2.57,3.1,3.6,2.57,2.605,57,18449.0,True,CALL,2026-03-20,501.0,100.0,1048,32.926,0.196381108,0.01088894,0.213783734,-0.379098762,0.02381738,5.38,9
US.GLD260320P501000,GLD 260320 501.00P,30.5004,30.5004,0.0,0.0,30.5004,0,0.0,True,PUT,2026-03-20,501.0,100.0,5,32.316,-0.811519682,0.011118138,0.207680631,-0.321059663,-0.084578934,1.54,9
US.GLD260320C502000,GLD 260320 502.00C,2.44,2.85,3.3,2.42,2.47,22,6538.0,True,CALL,2026-03-20,502.0,100.0,1543,32.814,0.185317004,0.010544063,0.206306994,-0.363684718,0.022487965,5.562,9
US.GLD260320P502000,GLD 260320 502.00P,31.3709,31.3709,0.0,0.0,31.3709,0,0.0,True,PUT,2026-03-20,502.0,100.0,13,32.665,-0.819113766,0.010740461,0.202395236,-0.315164771,-0.084879935,1.512,9
US.GLD260320C503000,GLD 260320 503.00C,2.92,2.62,2.92,2.62,2.3416,5,1422.0,True,CALL,2026-03-20,503.0,100.0,1361,32.873,0.175914694,0.010187266,0.199676463,-0.351779817,0.021354312,5.872,9
US.GLD260320P503000,GLD 260320 503.00P,32.2481,32.2481,0.0,0.0,32.2481,0,0.0,True,PUT,2026-03-20,503.0,100.0,13,31.294,-0.840521476,0.010441623,0.186450711,-0.273268757,-0.084172511,1.487,9
US.GLD260320C504000,GLD 260320 504.00C,2.37,2.96,2.96,2.31,2.2266,19,5089.0,True,CALL,2026-03-20,504.0,100.0,616,32.887,0.166533818,0.009832067,0.192798112,-0.338969038,0.020223333,5.966,9
US.GLD260320P504000,GLD 260320 504.00P,29.31,29.31,29.31,29.31,33.1382,2,5862.0,True,PUT,2026-03-20,504.0,100.0,88,32.755,-0.838116783,0.010041421,0.188376707,-0.290653021,-0.084988918,0.663,9
US.GLD260320C505000,GLD 260320 505.00C,2.07,2.5,2.85,1.98,2.1118,473,113141.0,True,CALL,2026-03-20,505.0,100.0,7924,33.257,0.160242054,0.009482608,0.188034371,-0.333638936,0.019458519,6.112,9
US.GLD260320P505000,GLD 260320 505.00P,34.0288,34.0288,0.0,0.0,34.0288,0,0.0,True,PUT,2026-03-20,505.0,100.0,111,32.73,-0.847662553,0.009695403,0.180901531,-0.276962347,-0.084830228,1.441,9
US.GLD260320C506000,GLD 260320 506.00C,2.07,3.21,3.21,2.07,2.0,83,20413.0,True,CALL,2026-03-20,506.0,100.0,115,33.247,0.151369753,0.00913582,0.181101175,-0.32040969,0.018388437,6.321,9
US.GLD260320P506000,GLD 260320 506.00P,34.9225,34.9225,0.0,0.0,34.9225,0,0.0,True,PUT,2026-03-20,506.0,100.0,32,32.94,-0.854961304,0.009353013,0.174993046,-0.268252248,-0.084741434,1.419,9
US.GLD260320C507000,GLD 260320 507.00C,1.85,2.11,2.11,1.79,1.9,4,754.0,True,CALL,2026-03-20,507.0,100.0,385,32.987,0.140936854,0.008776415,0.172615724,-0.30207455,0.017132619,6.485,9
US.GLD260320P507000,GLD 260320 507.00P,35.8279,35.8279,0.0,0.0,35.8279,0,0.0,True,PUT,2026-03-20,507.0,100.0,7,31.589,-0.87469813,0.008959612,0.157972122,-0.227187883,-0.082838988,1.399,9
US.GLD260320C508000,GLD 260320 508.00C,1.76,2.0,2.33,1.72,1.8024,101,20002.0,True,CALL,2026-03-20,508.0,100.0,651,33.703,0.138238451,0.00847778,0.170363273,-0.304191812,0.016796939,6.675,9
US.GLD260320P508000,GLD 260320 508.00P,36.7367,36.7367,0.0,0.0,36.7367,0,0.0,True,PUT,2026-03-20,508.0,100.0,59,33.105,-0.870626968,0.008686401,0.161670057,-0.245787482,-0.084071282,1.38,9
US.GLD260320C509000,GLD 260320 509.00C,1.68,2.39,2.39,1.65,1.718,6,1096.0,True,CALL,2026-03-20,509.0,100.0,4404,33.505,0.128963385,0.008130063,0.162416052,-0.287415131,0.015679175,6.868,9
US.GLD260320P509000,GLD 260320 509.00P,37.6583,37.6583,0.0,0.0,37.6583,0,0.0,True,PUT,2026-03-20,509.0,100.0,5,32.215,-0.885767182,0.008298718,0.147861709,-0.214733653,-0.082216215,1.363,9
US.GLD260320C510000,GLD 260320 510.00C,1.47,2.57,2.57,1.47,1.6337,1003,186846.0,True,CALL,2026-03-20,510.0,100.0,40558,33.914,0.124497434,0.007837305,0.158479528,-0.2833375,0.015134524,7.033,9
US.GLD260320P510000,GLD 260320 510.00P,31.17,32.88,32.94,31.17,38.5802,76,248771.0,True,PUT,2026-03-20,510.0,100.0,140,32.923,-0.887749769,0.008020446,0.14603494,-0.216745344,-0.082463451,-0.202,9
US.GLD260320C511000,GLD 260320 511.00C,1.41,1.98,1.98,1.41,1.5593,24,3995.0,True,CALL,2026-03-20,511.0,100.0,334,33.517,0.114439597,0.007472599,0.149332705,-0.262887967,0.013922928,7.23,9
US.GLD260320P511000,GLD 260320 511.00P,39.5114,0.0,0.0,0.0,39.5114,0,0.0,True,PUT,2026-03-20,511.0,100.0,0,31.218,-0.908667076,0.00752307,0.125156932,-0.170232531,-0.078059066,1.333,9
US.GLD260320C512000,GLD 260320 512.00C,1.46,1.86,1.89,1.4,1.485,18,2815.0,True,CALL,2026-03-20,512.0,100.0,434,33.698,0.108904583,0.00717348,0.144129799,-0.254480215,0.013251312,7.449,9
US.GLD260320P512000,GLD 260320 512.00P,40.4428,40.4428,0.0,0.0,40.4428,0,0.0,True,PUT,2026-03-20,512.0,100.0,1,31.477,-0.913480739,0.00722266,0.120108809,-0.16360224,-0.077233502,1.318,9
US.GLD260320C513000,GLD 260320 513.00C,1.32,1.75,1.75,1.31,1.4109,20,2952.0,True,CALL,2026-03-20,513.0,100.0,388,34.277,0.10641031,0.006935636,0.141745439,-0.254205254,0.012943738,7.629,9
US.GLD260320P513000,GLD 260320 513.00P,41.3746,41.3746,0.0,0.0,41.3746,0,0.0,True,PUT,2026-03-20,513.0,100.0,2,30.807,-0.925322865,0.006809069,0.107076508,-0.139271927,-0.073591411,1.304,9
US.GLD260320C514000,GLD 260320 514.00C,1.21,1.57,1.57,1.21,1.3483,9,1259.0,True,CALL,2026-03-20,514.0,100.0,208,33.243,0.093002691,0.006480884,0.128458354,-0.222152511,0.011329505,7.816,9
US.GLD260320P514000,GLD 260320 514.00P,42.3175,42.3175,0.0,0.0,42.3175,0,0.0,True,PUT,2026-03-20,514.0,100.0,1,31.445,-0.926578509,0.006586241,0.105709453,-0.140352051,-0.073733441,1.292,9
US.GLD260320C515000,GLD 260320 515.00C,1.15,1.56,1.93,1.09,1.2858,232,32038.0,True,CALL,2026-03-20,515.0,100.0,19345,34.015,0.092321695,0.00629954,0.12776398,-0.225900758,0.011240533,8.012,9
US.GLD260320P515000,GLD 260320 515.00P,43.2609,43.2609,0.0,0.0,43.2609,0,0.0,True,PUT,2026-03-20,515.0,100.0,32,34.073,-0.913031382,0.006626975,0.120766154,-0.179886318,-0.079255992,1.28,9
US.GLD260320C520000,GLD 260320 520.00C,0.82,1.15,1.31,0.82,0.995,173,19199.0,True,CALL,2026-03-20,520.0,100.0,3723,35.081,0.07284905,0.005109887,0.106891874,-0.192624898,0.008872787,8.99,9
US.GLD260320P520000,GLD 260320 520.00P,48.0037,48.0037,0.0,0.0,48.0037,0,0.0,True,PUT,2026-03-20,520.0,100.0,58,35.441,-0.931445294,0.005515404,0.10041037,-0.150990298,-0.07528962,1.226,9
US.GLD260320C525000,GLD 260320 525.00C,0.69,0.9,0.95,0.66,0.82,184,15390.0,True,CALL,2026-03-20,525.0,100.0,8449,35.463,0.054193596,0.004014529,0.084903049,-0.152445962,0.006607097,10.009,9
US.GLD260320P525000,GLD 260320 525.00P,44.65,44.65,44.65,44.65,52.8562,5,22325.0,True,PUT,2026-03-20,525.0,100.0,89,36.181,-0.949691282,0.00454451,0.078176349,-0.114601109,-0.067997681,-0.521,9
US.GLD260320C530000,GLD 260320 530.00C,0.47,0.73,0.75,0.47,0.67,223,14018.0,True,CALL,2026-03-20,530.0,100.0,4140,36.544,0.043019259,0.003238786,0.070594252,-0.129093406,0.005245599,11.009,9
US.GLD260320P530000,GLD 260320 530.00P,57.7357,57.7357,0.0,0.0,57.7357,0,0.0,True,PUT,2026-03-20,530.0,100.0,8,38.335,-0.956540336,0.003928634,0.069326911,-0.105902196,-0.065558177,1.17,9
US.GLD260320C535000,GLD 260320 535.00C,0.38,0.54,0.64,0.38,0.53,294,14564.0,True,CALL,2026-03-20,535.0,100.0,1597,37.173,0.032676904,0.002543679,0.056408511,-0.103492105,0.003986693,12.036,9
US.GLD260320P535000,GLD 260320 535.00P,62.6312,62.6312,0.0,0.0,62.6312,0,0.0,True,PUT,2026-03-20,535.0,100.0,8,38.462,-0.971872922,0.003226394,0.047680023,-0.067388105,-0.052692036,1.149,9
US.GLD260320C540000,GLD 260320 540.00C,0.29,0.59,0.6,0.29,0.435,84,3645.0,True,CALL,2026-03-20,540.0,100.0,2469,38.904,0.028327492,0.002159247,0.050118004,-0.095495898,0.003453979,13.064,9
US.GLD260320P540000,GLD 260320 540.00P,67.5678,67.5678,0.0,0.0,67.5678,0,0.0,True,PUT,2026-03-20,540.0,100.0,30,40.467,-0.975932617,0.002840349,0.041641326,-0.06040455,-0.049463553,1.135,9
US.GLD260320C545000,GLD 260320 545.00C,0.25,0.37,0.37,0.25,0.355,142,4383.0,True,CALL,2026-03-20,545.0,100.0,2036,40.107,0.023351762,0.001781811,0.042642762,-0.082934381,0.002846971,14.102,9
US.GLD260320P545000,GLD 260320 545.00P,72.5222,72.5222,0.0,0.0,72.5222,0,0.0,True,PUT,2026-03-20,545.0,100.0,64,42.31,-0.979824029,0.002514077,0.035635852,-0.052290837,-0.045486184,1.126,9
US.GLD260320C550000,GLD 260320 550.00C,0.21,0.32,0.32,0.18,0.305,430,10624.0,True,CALL,2026-03-20,550.0,100.0,8041,40.84,0.0182915,0.001422871,0.034682519,-0.067840702,0.002230715,15.14,9
US.GLD260320P550000,GLD 260320 550.00P,77.4974,77.4974,0.0,0.0,77.4974,0,0.0,True,PUT,2026-03-20,550.0,100.0,7,43.96,-0.983700659,0.002233393,0.029414942,-0.042725378,-0.04040688,1.121,9
US.GLD260320C555000,GLD 260320 555.00C,0.2,0.2,0.2,0.15,0.2645,240,4066.0,True,CALL,2026-03-20,555.0,100.0,1878,39.599,0.01074469,0.000927807,0.021943928,-0.040534992,0.001313083,16.184,9
US.GLD260320P555000,GLD 260320 555.00P,82.4832,82.4832,0.0,0.0,82.4832,0,0.0,True,PUT,2026-03-20,555.0,100.0,0,0.0,0.0,0.0,0.0,0.0,0.0,1.118,9
US.GLD260320C560000,GLD 260320 560.00C,0.14,0.2,0.23,0.12,0.2277,200,2951.0,True,CALL,2026-03-20,560.0,100.0,3448,42.751,0.012079756,0.000951459,0.024286324,-0.048681312,0.001473271,17.218,9
US.GLD260320P560000,GLD 260320 560.00P,87.4725,87.4725,0.0,0.0,87.4725,0,0.0,True,PUT,2026-03-20,560.0,100.0,0,0.0,0.0,0.0,0.0,0.0,0.0,1.115,9
US.GLD260320C565000,GLD 260320 565.00C,0.12,0.16,0.21,0.12,0.191,309,5592.0,True,CALL,2026-03-20,565.0,100.0,1141,44.592,0.011249111,0.000857468,0.022829759,-0.047541802,0.001370843,18.26,9
US.GLD260320P565000,GLD 260320 565.00P,92.47,0.0,0.0,0.0,92.47,0,0.0,True,PUT,2026-03-20,565.0,100.0,0,0.0,0.0,0.0,0.0,0.0,0.0,1.115,9
US.GLD260320C570000,GLD 260320 570.00C,0.09,0.16,0.16,0.09,0.17,50,704.0,True,CALL,2026-03-20,570.0,100.0,1937,45.392,0.009128059,0.00070199,0.019029476,-0.039911438,0.001112494,19.3,9
US.GLD260320P570000,GLD 260320 570.00P,97.47,97.47,0.0,0.0,97.47,0,0.0,True,PUT,2026-03-20,570.0,100.0,0,0.0,0.0,0.0,0.0,0.0,0.0,1.115,9
US.GLD260320C575000,GLD 260320 575.00C,0.1,0.13,0.15,0.1,0.1513,63,759.0,True,CALL,2026-03-20,575.0,100.0,1065,47.342,0.008794171,0.000651462,0.01841726,-0.040195191,0.001070796,20.349,9
US.GLD260320P575000,GLD 260320 575.00P,102.47,102.47,0.0,0.0,102.47,0,0.0,True,PUT,2026-03-20,575.0,100.0,0,0.0,0.0,0.0,0.0,0.0,0.0,1.115,9
US.GLD260320C580000,GLD 260320 580.00C,0.11,0.1,0.11,0.1,0.1425,94,1021.0,True,CALL,2026-03-20,580.0,100.0,836,45.79,0.005024761,0.000410694,0.01123949,-0.023073668,0.000613133,21.397,9
US.GLD260320P580000,GLD 260320 580.00P,107.47,107.47,0.0,0.0,107.47,0,0.0,True,PUT,2026-03-20,580.0,100.0,0,0.0,0.0,0.0,0.0,0.0,0.0,1.115,9
US.GLD260320C585000,GLD 260320 585.00C,0.1,0.2,0.2,0.1,0.1337,3,40.0,True,CALL,2026-03-20,585.0,100.0,1102,48.84,0.005913622,0.000445017,0.012984253,-0.028650446,0.000720213,22.441,9
US.GLD260320P585000,GLD 260320 585.00P,112.47,112.47,0.0,0.0,112.47,0,0.0,True,PUT,2026-03-20,585.0,100.0,0,0.0,0.0,0.0,0.0,0.0,0.0,1.115,9
US.GLD260320C590000,GLD 260320 590.00C,0.125,0.125,0.0,0.0,0.125,0,0.0,True,CALL,2026-03-20,590.0,100.0,811,49.347,0.004698978,0.000358985,0.010585649,-0.023327224,0.000572446,23.493,9
US.GLD260320P590000,GLD 260320 590.00P,117.47,117.47,0.0,0.0,117.47,0,0.0,True,PUT,2026-03-20,590.0,100.0,0,0.0,0.0,0.0,0.0,0.0,0.0,1.115,9
US.GLD260320C595000,GLD 260320 595.00C,0.07,0.07,0.07,0.07,0.1163,1,7.0,True,CALL,2026-03-20,595.0,100.0,3895,52.007,0.005224821,0.000374389,0.011631234,-0.027145028,0.0006355,24.528,9
US.GLD260320P595000,GLD 260320 595.00P,122.47,122.47,0.0,0.0,122.47,0,0.0,True,PUT,2026-03-20,595.0,100.0,0,0.0,0.0,0.0,0.0,0.0,0.0,1.115,9
US.GLD260320C600000,GLD 260320 600.00C,0.07,0.08,0.1,0.07,0.1076,200,1640.0,True,CALL,2026-03-20,600.0,100.0,9047,55.354,0.006315741,0.000416221,0.013758002,-0.034481269,0.000766507,25.574,9
US.GLD260320P600000,GLD 260320 600.00P,127.47,127.47,0.0,0.0,127.47,0,0.0,True,PUT,2026-03-20,600.0,100.0,0,0.0,0.0,0.0,0.0,0.0,0.0,1.115,9
US.GLD260320C605000,GLD 260320 605.00C,0.0989,0.0989,0.0,0.0,0.0989,0,0.0,True,CALL,2026-03-20,605.0,100.0,475,66.82,0.016756475,0.000806959,0.032170065,-0.101942053,0.002014157,26.626,9
US.GLD260320P605000,GLD 260320 605.00P,132.47,132.47,0.0,0.0,132.47,0,0.0,True,PUT,2026-03-20,605.0,100.0,0,0.0,0.0,0.0,0.0,0.0,0.0,1.115,9
US.GLD260320C610000,GLD 260320 610.00C,0.0902,0.0902,0.0,0.0,0.0902,0,0.0,True,CALL,2026-03-20,610.0,100.0,1727,59.24,0.006264862,0.000386143,0.013657937,-0.036595383,0.000758845,27.671,9
US.GLD260320P610000,GLD 260320 610.00P,137.47,137.47,0.0,0.0,137.47,0,0.0,True,PUT,2026-03-20,610.0,100.0,0,0.0,0.0,0.0,0.0,0.0,0.0,1.115,9
US.GLD260320C615000,GLD 260320 615.00C,0.0815,0.0815,0.0,0.0,0.0815,0,0.0,True,CALL,2026-03-20,615.0,100.0,127,68.253,0.012957291,0.000633264,0.025789658,-0.082408909,0.001558007,28.715,9
US.GLD260320P615000,GLD 260320 615.00P,142.47,142.47,0.0,0.0,142.47,0,0.0,True,PUT,2026-03-20,615.0,100.0,0,0.0,0.0,0.0,0.0,0.0,0.0,1.115,9
US.GLD260320C620000,GLD 260320 620.00C,0.07,0.04,0.1,0.04,0.0728,3,21.0,True,CALL,2026-03-20,620.0,100.0,2321,65.357,0.008029464,0.000435671,0.016995212,-0.050812489,0.000968753,29.759,9
US.GLD260320P620000,GLD 260320 620.00P,147.47,147.47,0.0,0.0,147.47,0,0.0,True,PUT,2026-03-20,620.0,100.0,0,0.0,0.0,0.0,0.0,0.0,0.0,1.115,9
US.GLD260320C625000,GLD 260320 625.00C,0.0641,0.0641,0.0,0.0,0.0641,0,0.0,True,CALL,2026-03-20,625.0,100.0,293,71.133,0.01151439,0.000548531,0.02328209,-0.077050872,0.001383042,30.804,9
US.GLD260320P625000,GLD 260320 625.00P,152.47,152.47,0.0,0.0,152.47,0,0.0,True,PUT,2026-03-20,625.0,100.0,0,0.0,0.0,0.0,0.0,0.0,0.0,1.115,9
US.GLD260320C630000,GLD 260320 630.00C,0.0555,0.0555,0.0,0.0,0.0555,0,0.0,True,CALL,2026-03-20,630.0,100.0,981,71.797,0.010184266,0.000488383,0.020923771,-0.069464056,0.001223469,31.849,9
US.GLD260320P630000,GLD 260320 630.00P,157.47,157.47,0.0,0.0,157.47,0,0.0,True,PUT,2026-03-20,630.0,100.0,0,0.0,0.0,0.0,0.0,0.0,0.0,1.115,9
US.GLD260320C635000,GLD 260320 635.00C,0.09,0.09,0.09,0.09,0.0468,1,9.0,True,CALL,2026-03-20,635.0,100.0,122,70.545,0.00750738,0.000380448,0.016017966,-0.051478332,0.000903553,32.902,9
US.GLD260320P635000,GLD 260320 635.00P,162.47,162.47,0.0,0.0,162.47,0,0.0,True,PUT,2026-03-20,635.0,100.0,0,0.0,0.0,0.0,0.0,0.0,0.0,1.115,9
US.GLD260320C640000,GLD 260320 640.00C,0.0382,0.0382,0.0,0.0,0.0382,0,0.0,True,CALL,2026-03-20,640.0,100.0,1586,63.612,0.002675305,0.000167952,0.006382811,-0.017591449,0.000324113,33.938,9
US.GLD260320P640000,GLD 260320 640.00P,167.47,167.47,0.0,0.0,167.47,0,0.0,True,PUT,2026-03-20,640.0,100.0,0,0.0,0.0,0.0,0.0,0.0,0.0,1.115,9
US.GLD260320C645000,GLD 260320 645.00C,0.0298,0.0298,0.0,0.0,0.0298,0,0.0,True,CALL,2026-03-20,645.0,100.0,128,63.651,0.002124927,0.000136268,0.005183049,-0.014130464,0.000257576,34.982,9
US.GLD260320P645000,GLD 260320 645.00P,172.47,0.0,0.0,0.0,172.47,0,0.0,True,PUT,2026-03-20,645.0,100.0,0,0.0,0.0,0.0,0.0,0.0,0.0,1.115,9
US.GLD260320C650000,GLD 260320 650.00C,0.0232,0.0232,0.0,0.0,0.0232,0,0.0,True,CALL,2026-03-20,650.0,100.0,1892,67.66,0.002944792,0.000172186,0.006958253,-0.020483959,0.000355989,36.027,9
US.GLD260320P650000,GLD 260320 650.00P,177.47,177.47,0.0,0.0,177.47,0,0.0,True,PUT,2026-03-20,650.0,100.0,0,0.0,0.0,0.0,0.0,0.0,0.0,1.115,9
US.GLD260320C655000,GLD 260320 655.00C,0.018,0.018,0.0,0.0,0.018,0,0.0,True,CALL,2026-03-20,655.0,100.0,45,63.727,0.001328927,8.877e-05,0.003382226,-0.009018732,0.000161254,37.073,9
US.GLD260320P655000,GLD 260320 655.00P,182.47,0.0,0.0,0.0,182.47,0,0.0,True,PUT,2026-03-20,655.0,100.0,0,0.0,0.0,0.0,0.0,0.0,0.0,1.115,9
US.GLD260320C660000,GLD 260320 660.00C,0.04,0.13,0.13,0.04,0.0139,2,17.0,True,CALL,2026-03-20,660.0,100.0,3505,69.009,0.002293357,0.000134685,0.005552156,-0.01646173,0.00027725,38.124,9
US.GLD260320P660000,GLD 260320 660.00P,187.47,187.47,0.0,0.0,187.47,0,0.0,True,PUT,2026-03-20,660.0,100.0,0,0.0,0.0,0.0,0.0,0.0,0.0,1.115,9
US.GLD260320C665000,GLD 260320 665.00C,0.0108,0.0108,0.0,0.0,0.0108,0,0.0,True,CALL,2026-03-20,665.0,100.0,31,63.815,0.000823949,5.7182e-05,0.002183029,-0.005692276,0.000100074,39.164,9
US.GLD260320P665000,GLD 260320 665.00P,192.47,192.47,0.0,0.0,192.47,0,0.0,True,PUT,2026-03-20,665.0,100.0,0,0.0,0.0,0.0,0.0,0.0,0.0,1.115,9
US.GLD260320C670000,GLD 260320 670.00C,0.0083,0.0083,0.0,0.0,0.0083,0,0.0,True,CALL,2026-03-20,670.0,100.0,1444,77.341,0.004184457,0.000206511,0.009534302,-0.032602873,0.000502957,40.21,9
US.GLD260320P670000,GLD 260320 670.00P,197.47,0.0,0.0,0.0,197.47,0,0.0,True,PUT,2026-03-20,670.0,100.0,0,0.0,0.0,0.0,0.0,0.0,0.0,1.115,9
US.GLD260320C675000,GLD 260320 675.00C,0.0064,0.0064,0.0,0.0,0.0064,0,0.0,True,CALL,2026-03-20,675.0,100.0,20,63.884,0.000504063,3.6292e-05,0.001387955,-0.003535826,6.1276e-05,41.256,9
US.GLD260320P675000,GLD 260320 675.00P,202.47,0.0,0.0,0.0,202.47,0,0.0,True,PUT,2026-03-20,675.0,100.0,0,0.0,0.0,0.0,0.0,0.0,0.0,1.115,9
US.GLD260320C680000,GLD 260320 680.00C,0.0049,0.0049,0.0,0.0,0.0049,0,0.0,True,CALL,2026-03-20,680.0,100.0,2378,83.593,0.005551161,0.000245813,0.012263145,-0.0459221,0.000664483,42.301,9
US.GLD260320P680000,GLD 260320 680.00P,207.47,0.0,0.0,0.0,207.47,0,0.0,True,PUT,2026-03-20,680.0,100.0,0,0.0,0.0,0.0,0.0,0.0,0.0,1.115,9
US.GLD260320C685000,GLD 260320 685.00C,0.0037,0.0037,0.0,0.0,0.0037,0,0.0,True,CALL,2026-03-20,685.0,100.0,316,63.882,0.000301007,2.2489e-05,0.000860756,-0.00213755,3.6623e-05,43.348,9
US.GLD260320P685000,GLD 260320 685.00P,212.47,0.0,0.0,0.0,212.47,0,0.0,True,PUT,2026-03-20,685.0,100.0,0,0.0,0.0,0.0,0.0,0.0,0.0,1.115,9
US.GLD260320C690000,GLD 260320 690.00C,0.0029,0.0029,0.0,0.0,0.0029,0,0.0,True,CALL,2026-03-20,690.0,100.0,1536,94.169,0.00979839,0.000360013,0.020226461,-0.087624995,0.00116351,44.394,9
US.GLD260320P690000,GLD 260320 690.00P,217.47,0.0,0.0,0.0,217.47,0,0.0,True,PUT,2026-03-20,690.0,100.0,0,0.0,0.0,0.0,0.0,0.0,0.0,1.115,9
US.GLD260320C695000,GLD 260320 695.00C,0.0022,0.0022,0.0,0.0,0.0022,0,0.0,True,CALL,2026-03-20,695.0,100.0,9,64.035,0.000183844,1.4164e-05,0.000543853,-0.001321311,2.2383e-05,45.44,9
US.GLD260320P695000,GLD 260320 695.00P,222.47,0.0,0.0,0.0,222.47,0,0.0,True,PUT,2026-03-20,695.0,100.0,0,0.0,0.0,0.0,0.0,0.0,0.0,1.115,9
US.GLD260320C700000,GLD 260320 700.00C,0.03,0.03,0.04,0.03,0.0017,24,73.0,True,CALL,2026-03-20,700.0,100.0,13175,77.853,0.001505763,8.1442e-05,0.003787616,-0.012393913,0.000181507,46.492,9
US.GLD260320P700000,GLD 260320 700.00P,227.47,0.0,0.0,0.0,227.47,0,0.0,True,PUT,2026-03-20,700.0,100.0,0,0.0,0.0,0.0,0.0,0.0,0.0,1.115,9
US.GLD260320C705000,GLD 260320 705.00C,0.0013,0.0013,0.0,0.0,0.0013,0,0.0,True,CALL,2026-03-20,705.0,100.0,6,64.182,0.000111466,8.843e-06,0.00034063,-0.000809362,1.358e-05,47.532,9
US.GLD260320P705000,GLD 260320 705.00P,232.47,0.0,0.0,0.0,232.47,0,0.0,True,PUT,2026-03-20,705.0,100.0,0,0.0,0.0,0.0,0.0,0.0,0.0,1.115,9
US.GLD260320C710000,GLD 260320 710.00C,0.04,0.1,0.1,0.04,0.0009,14,76.0,True,CALL,2026-03-20,710.0,100.0,424,103.728,0.011467818,0.000374843,0.02319531,-0.111408137,0.001353688,48.587,9
US.GLD260320P710000,GLD 260320 710.00P,237.47,0.0,0.0,0.0,237.47,0,0.0,True,PUT,2026-03-20,710.0,100.0,0,0.0,0.0,0.0,0.0,0.0,0.0,1.115,9
US.GLD260320C715000,GLD 260320 715.00C,0.17,0.05,0.17,0.05,0.0007,3,27.0,True,CALL,2026-03-20,715.0,100.0,49,98.457,0.007160627,0.000261463,0.015359537,-0.06846365,0.000849788,49.66,9
US.GLD260320P715000,GLD 260320 715.00P,242.47,0.0,0.0,0.0,242.47,0,0.0,True,PUT,2026-03-20,715.0,100.0,0,0.0,0.0,0.0,0.0,0.0,0.0,1.115,9
US.GLD260320C720000,GLD 260320 720.00C,0.09,0.02,0.1,0.02,0.0005,7,36.0,True,CALL,2026-03-20,720.0,100.0,605,93.391,0.004188314,0.00017116,0.009539702,-0.039306604,0.000499516,50.69,9
US.GLD260320P720000,GLD 260320 720.00P,247.47,0.0,0.0,0.0,247.47,0,0.0,True,PUT,2026-03-20,720.0,100.0,0,0.0,0.0,0.0,0.0,0.0,0.0,1.115,9
US.GLD260320C725000,GLD 260320 725.00C,0.03,0.05,0.11,0.02,0.0004,91,301.0,True,CALL,2026-03-20,725.0,100.0,174,104.694,0.008763851,0.000293696,0.01834436,-0.087748231,0.001035621,51.724,9
US.GLD260320P725000,GLD 260320 725.00P,252.47,0.0,0.0,0.0,252.47,0,0.0,True,PUT,2026-03-20,725.0,100.0,0,0.0,0.0,0.0,0.0,0.0,0.0,1.115,9
US.GLD260320C730000,GLD 260320 730.00C,0.02,0.02,0.02,0.02,0.0003,25,50.0,True,CALL,2026-03-20,730.0,100.0,9611,83.959,0.001142728,5.8685e-05,0.002943281,-0.0102381,0.000137478,52.768,9
US.GLD260320P730000,GLD 260320 730.00P,257.47,0.0,0.0,0.0,257.47,0,0.0,True,PUT,2026-03-20,730.0,100.0,0,0.0,0.0,0.0,0.0,0.0,0.0,1.115,9
US.GLD260320C735000,GLD 260320 735.00C,0.0002,0.0002,0.0,0.0,0.0002,0,0.0,True,CALL,2026-03-20,735.0,100.0,18,63.756,1.8857e-05,1.662e-06,6.3873e-05,-0.0001383,2.302e-06,53.81,9
US.GLD260320P735000,GLD 260320 735.00P,262.47,0.0,0.0,0.0,262.47,0,0.0,True,PUT,2026-03-20,735.0,100.0,0,0.0,0.0,0.0,0.0,0.0,0.0,1.115,9
US.GLD260320C740000,GLD 260320 740.00C,0.0002,0.0002,0.0,0.0,0.0002,0,0.0,True,CALL,2026-03-20,740.0,100.0,171,64.7,1.86e-05,1.617e-06,6.303e-05,-0.000138417,2.27e-06,54.857,9
US.GLD260320P740000,GLD 260320 740.00P,267.47,0.0,0.0,0.0,267.47,0,0.0,True,PUT,2026-03-20,740.0,100.0,0,0.0,0.0,0.0,0.0,0.0,0.0,1.115,9
US.GLD260320C745000,GLD 260320 745.00C,0.05,0.05,0.05,0.05,0.0001,1,5.0,True,CALL,2026-03-20,745.0,100.0,3,94.74,0.002404095,0.000102383,0.005790109,-0.023542694,0.000287156,55.913,9
US.GLD260320P745000,GLD 260320 745.00P,272.47,0.0,0.0,0.0,272.47,0,0.0,True,PUT,2026-03-20,745.0,100.0,0,0.0,0.0,0.0,0.0,0.0,0.0,1.115,9
US.GLD260320C750000,GLD 260320 750.00C,0.01,0.11,0.11,0.01,0.0001,2,12.0,True,CALL,2026-03-20,750.0,100.0,1485,84.175,0.000596004,3.2159e-05,0.001617876,-0.005464394,7.1816e-05,56.951,9
US.GLD260320P750000,GLD 260320 750.00P,277.47,0.0,0.0,0.0,277.47,0,0.0,True,PUT,2026-03-20,750.0,100.0,0,0.0,0.0,0.0,0.0,0.0,0.0,1.115,9
US.GLD260320C755000,GLD 260320 755.00C,0.01,0.01,0.01,0.01,0.0001,100,100.0,True,CALL,2026-03-20,755.0,100.0,124,85.305,0.000588844,3.1381e-05,0.001599844,-0.005472022,7.0922e-05,57.998,9
US.GLD260320P755000,GLD 260320 755.00P,282.47,0.0,0.0,0.0,282.47,0,0.0,True,PUT,2026-03-20,755.0,100.0,0,0.0,0.0,0.0,0.0,0.0,0.0,1.115,9
US.GLD260320C760000,GLD 260320 760.00C,0.0001,0.0001,0.0,0.0,0.0001,0,0.0,True,CALL,2026-03-20,760.0,100.0,353,66.174,9.377e-06,8.24e-07,3.2902e-05,-7.1534e-05,1.144e-06,59.042,9
US.GLD260320P760000,GLD 260320 760.00P,287.47,0.0,0.0,0.0,287.47,0,0.0,True,PUT,2026-03-20,760.0,100.0,0,0.0,0.0,0.0,0.0,0.0,0.0,1.115,9
US.GLD260320C770000,GLD 260320 770.00C,0.0001,0.0001,0.0,0.0,0.0001,0,0.0,True,CALL,2026-03-20,770.0,100.0,30,67.932,9.149e-06,7.84e-07,3.2125e-05,-7.163e-05,1.116e-06,61.135,9
US.GLD260320P770000,GLD 260320 770.00P,297.47,0.0,0.0,0.0,297.47,0,0.0,True,PUT,2026-03-20,770.0,100.0,0,0.0,0.0,0.0,0.0,0.0,0.0,1.115,9
US.GLD260320C780000,GLD 260320 780.00C,0.0001,0.0001,0.0,0.0,0.0001,0,0.0,True,CALL,2026-03-20,780.0,100.0,888,69.664,8.936e-06,7.47e-07,3.1396e-05,-7.1724e-05,1.089e-06,63.227,9
US.GLD260320P780000,GLD 260320 780.00P,307.47,0.0,0.0,0.0,307.47,0,0.0,True,PUT,2026-03-20,780.0,100.0,0,0.0,0.0,0.0,0.0,0.0,0.0,1.115,9
US.GLD260320C790000,GLD 260320 790.00C,0.0001,0.0001,0.0,0.0,0.0001,0,0.0,True,CALL,2026-03-20,790.0,100.0,7230,71.371,8.736e-06,7.14e-07,3.0712e-05,-7.1814e-05,1.064e-06,65.32,9
US.GLD260320P790000,GLD 260320 790.00P,317.47,0.0,0.0,0.0,317.47,0,0.0,True,PUT,2026-03-20,790.0,100.0,0,0.0,0.0,0.0,0.0,0.0,0.0,1.115,9
US.GLD260320C800000,GLD 260320 800.00C,0.01,0.01,0.01,0.01,0.0001,1,1.0,True,CALL,2026-03-20,800.0,100.0,45493,95.083,0.000533723,2.5708e-05,0.001460431,-0.005534497,6.4038e-05,67.415,9
US.GLD260320P800000,GLD 260320 800.00P,327.47,0.0,0.0,0.0,327.47,0,0.0,True,PUT,2026-03-20,800.0,100.0,0,0.0,0.0,0.0,0.0,0.0,0.0,1.115,9
US.GLD260323C290000,GLD 260323 290.00C,0.0,0.0,0.0,0.0,0.0,0,0.0,True,CALL,2026-03-23,290.0,100.0,0,103.797,0.996482047,0.000114889,0.009351903,-0.062519471,0.09893074,-39.312,12
US.GLD260323P290000,GLD 260323 290.00P,0.0,0.0,0.0,0.0,0.0,0,0.0,True,PUT,2026-03-23,290.0,100.0,0,0.0,0.0,0.0,0.0,0.0,0.0,39.312,12
US.GLD260323C295000,GLD 260323 295.00C,0.0,0.0,0.0,0.0,0.0,0,0.0,True,CALL,2026-03-23,295.0,100.0,0,99.879,0.996544695,0.000117485,0.009202557,-0.061152132,0.100659407,-38.266,12
US.GLD260323P295000,GLD 260323 295.00P,0.0,0.0,0.0,0.0,0.0,0,0.0,True,PUT,2026-03-23,295.0,100.0,0,0.0,0.0,0.0,0.0,0.0,0.0,38.266,12
US.GLD260323C300000,GLD 260323 300.00C,0.0,0.0,0.0,0.0,0.0,0,0.0,True,CALL,2026-03-23,300.0,100.0,0,96.019,0.996615438,0.000119958,0.0090335,-0.059778797,0.102389402,-37.22,12
US.GLD260323P300000,GLD 260323 300.00P,0.0,0.0,0.0,0.0,0.0,0,0.0,True,PUT,2026-03-23,300.0,100.0,0,0.0,0.0,0.0,0.0,0.0,0.0,37.22,12
US.GLD260323C305000,GLD 260323 305.00C,0.0,0.0,0.0,0.0,0.0,0,0.0,True,CALL,2026-03-23,305.0,100.0,0,92.212,0.996695075,0.000122265,0.008842661,-0.058398769,0.104120857,-36.173,12
US.GLD260323P305000,GLD 260323 305.00P,0.0,0.0,0.0,0.0,0.0,0,0.0,True,PUT,2026-03-23,305.0,100.0,0,0.0,0.0,0.0,0.0,0.0,0.0,36.173,12
US.GLD260323C310000,GLD 260323 310.00C,0.0,0.0,0.0,0.0,0.0,0,0.0,True,CALL,2026-03-23,310.0,100.0,0,91.074,0.995992084,0.000147181,0.010512719,-0.064093695,0.105715262,-35.127,12
US.GLD260323P310000,GLD 260323 310.00P,0.0,0.0,0.0,0.0,0.0,0,0.0,True,PUT,2026-03-23,310.0,100.0,0,0.0,0.0,0.0,0.0,0.0,0.0,35.127,12
US.GLD260323C315000,GLD 260323 315.00C,0.0,0.0,0.0,0.0,0.0,0,0.0,True,CALL,2026-03-23,315.0,100.0,0,87.418,0.996053776,0.000151221,0.010368207,-0.062741494,0.107443771,-34.081,12
US.GLD260323P315000,GLD 260323 315.00P,0.0,0.0,0.0,0.0,0.0,0,0.0,True,PUT,2026-03-23,315.0,100.0,0,0.0,0.0,0.0,0.0,0.0,0.0,34.081,12
US.GLD260323C320000,GLD 260323 320.00C,0.0,0.0,0.0,0.0,0.0,0,0.0,True,CALL,2026-03-23,320.0,100.0,0,86.058,0.995302888,0.000179491,0.0121145,-0.068251934,0.109030314,-33.034,12
US.GLD260323P320000,GLD 260323 320.00P,0.0,0.0,0.0,0.0,0.0,0,0.0,True,PUT,2026-03-23,320.0,100.0,0,0.0,0.0,0.0,0.0,0.0,0.0,33.034,12
US.GLD260323C325000,GLD 260323 325.00C,0.0,0.0,0.0,0.0,0.0,0,0.0,True,CALL,2026-03-23,325.0,100.0,0,77.442,0.997123074,0.000128492,0.007806982,-0.052794301,0.111064642,-31.988,12
US.GLD260323P325000,GLD 260323 325.00P,0.0,0.0,0.0,0.0,0.0,0,0.0,True,PUT,2026-03-23,325.0,100.0,0,0.0,0.0,0.0,0.0,0.0,0.0,31.988,12
US.GLD260323C330000,GLD 260323 330.00C,0.0,0.0,0.0,0.0,0.0,0,0.0,True,CALL,2026-03-23,330.0,100.0,0,73.839,0.997264188,0.000128781,0.007461567,-0.051365973,0.112806187,-30.942,12
US.GLD260323P330000,GLD 260323 330.00P,0.0,0.0,0.0,0.0,0.0,0,0.0,True,PUT,2026-03-23,330.0,100.0,0,0.0,0.0,0.0,0.0,0.0,0.0,30.942,12
US.GLD260323C335000,GLD 260323 335.00C,0.0,0.0,0.0,0.0,0.0,0,0.0,True,CALL,2026-03-23,335.0,100.0,0,0.0,0.0,0.0,0.0,0.0,0.0,-29.895,12
US.GLD260323P335000,GLD 260323 335.00P,0.0,0.0,0.0,0.0,0.0,0,0.0,True,PUT,2026-03-23,335.0,100.0,0,0.0,0.0,0.0,0.0,0.0,0.0,29.895,12
US.GLD260323C340000,GLD 260323 340.00C,0.0,0.0,0.0,0.0,0.0,0,0.0,True,CALL,2026-03-23,340.0,100.0,0,0.0,0.0,0.0,0.0,0.0,0.0,-28.849,12
US.GLD260323P340000,GLD 260323 340.00P,0.0,0.0,0.0,0.0,0.0,0,0.0,True,PUT,2026-03-23,340.0,100.0,0,0.0,0.0,0.0,0.0,0.0,0.0,28.849,12
US.GLD260323C345000,GLD 260323 345.00C,0.0,0.0,0.0,0.0,0.0,0,0.0,True,CALL,2026-03-23,345.0,100.0,0,0.0,0.0,0.0,0.0,0.0,0.0,-27.803,12
US.GLD260323P345000,GLD 260323 345.00P,0.0,0.0,0.0,0.0,0.0,0,0.0,True,PUT,2026-03-23,345.0,100.0,0,0.0,0.0,0.0,0.0,0.0,0.0,27.803,12
US.GLD260323C350000,GLD 260323 350.00C,0.0,0.0,0.0,0.0,0.0,0,0.0,True,CALL,2026-03-23,350.0,100.0,0,0.0,0.0,0.0,0.0,0.0,0.0,-26.756,12
US.GLD260323P350000,GLD 260323 350.00P,0.0,0.0,0.0,0.0,0.0,0,0.0,True,PUT,2026-03-23,350.0,100.0,0,69.23,-0.006299317,0.000289448,0.01572594,-0.038984019,-0.00089806,26.756,12
US.GLD260323C355000,GLD 260323 355.00C,0.0,0.0,0.0,0.0,0.0,0,0.0,True,CALL,2026-03-23,355.0,100.0,0,0.0,0.0,0.0,0.0,0.0,0.0,-25.71,12
US.GLD260323P355000,GLD 260323 355.00P,0.0,0.0,0.0,0.0,0.0,0,0.0,True,PUT,2026-03-23,355.0,100.0,0,66.394,-0.006552584,0.000312521,0.016284532,-0.038747591,-0.000933587,25.71,12
US.GLD260323C360000,GLD 260323 360.00C,0.0,0.0,0.0,0.0,0.0,0,0.0,True,CALL,2026-03-23,360.0,100.0,0,0.0,0.0,0.0,0.0,0.0,0.0,-24.664,12
US.GLD260323P360000,GLD 260323 360.00P,0.25,0.25,0.25,0.25,0.25,1,25.0,True,PUT,2026-03-23,360.0,100.0,0,63.881,-0.007031442,0.000345699,0.017331627,-0.039755429,-0.001004544,24.716,12
US.GLD260323C365000,GLD 260323 365.00C,0.0,0.0,0.0,0.0,0.0,0,0.0,True,CALL,2026-03-23,365.0,100.0,0,0.0,0.0,0.0,0.0,0.0,0.0,-23.617,12
US.GLD260323P365000,GLD 260323 365.00P,0.0,0.0,0.0,0.0,0.0,0,0.0,True,PUT,2026-03-23,365.0,100.0,0,62.154,-0.00817651,0.000405804,0.019793149,-0.044387125,-0.001180968,23.617,12
US.GLD260323C370000,GLD 260323 370.00C,0.0,0.0,0.0,0.0,0.0,0,0.0,True,CALL,2026-03-23,370.0,100.0,0,0.0,0.0,0.0,0.0,0.0,0.0,-22.571,12
US.GLD260323P370000,GLD 260323 370.00P,0.0,0.0,0.0,0.0,0.0,0,0.0,True,PUT,2026-03-23,370.0,100.0,0,59.357,-0.008536252,0.000441292,0.020556227,-0.044063838,-0.001231879,22.571,12
US.GLD260323C375000,GLD 260323 375.00C,0.0,0.0,0.0,0.0,0.0,0,0.0,True,CALL,2026-03-23,375.0,100.0,0,0.0,0.0,0.0,0.0,0.0,0.0,-21.525,12
US.GLD260323P375000,GLD 260323 375.00P,0.0,0.0,0.0,0.0,0.0,0,0.0,True,PUT,2026-03-23,375.0,100.0,0,56.586,-0.008925413,0.00048134,0.021376184,-0.0437239,-0.001286909,21.525,12
US.GLD260323C380000,GLD 260323 380.00C,0.0,0.0,0.0,0.0,0.0,0,0.0,True,CALL,2026-03-23,380.0,100.0,0,0.0,0.0,0.0,0.0,0.0,0.0,-20.478,12
US.GLD260323P380000,GLD 260323 380.00P,0.0,0.0,0.0,0.0,0.0,0,0.0,True,PUT,2026-03-23,380.0,100.0,0,53.842,-0.009348171,0.000526784,0.022260675,-0.043366415,-0.001346643,20.478,12
US.GLD260323C385000,GLD 260323 385.00C,0.0,0.0,0.0,0.0,0.0,0,0.0,True,CALL,2026-03-23,385.0,100.0,0,0.0,0.0,0.0,0.0,0.0,0.0,-19.432,12
US.GLD260323P385000,GLD 260323 385.00P,0.0,0.0,0.0,0.0,0.0,0,0.0,True,PUT,2026-03-23,385.0,100.0,0,49.978,-0.008545149,0.000524505,0.020579783,-0.037068105,-0.001212395,19.432,12
US.GLD260323C390000,GLD 260323 390.00C,0.0,0.0,0.0,0.0,0.0,0,0.0,True,CALL,2026-03-23,390.0,100.0,0,0.0,0.0,0.0,0.0,0.0,0.0,-18.386,12
US.GLD260323P390000,GLD 260323 390.00P,0.0,0.0,0.0,0.0,0.0,0,0.0,True,PUT,2026-03-23,390.0,100.0,0,48.423,-0.01031442,0.000638248,0.02425911,-0.042588921,-0.001482986,18.386,12
US.GLD260323C395000,GLD 260323 395.00C,0.0,0.0,0.0,0.0,0.0,0,0.0,True,CALL,2026-03-23,395.0,100.0,0,0.0,0.0,0.0,0.0,0.0,0.0,-17.339,12
US.GLD260323P395000,GLD 260323 395.00P,0.0,0.0,0.0,0.0,0.0,0,0.0,True,PUT,2026-03-23,395.0,100.0,0,45.746,-0.010870873,0.000707225,0.025396185,-0.04216424,-0.001561393,17.339,12
US.GLD260323C400000,GLD 260323 400.00C,0.0,0.0,0.0,0.0,0.0,0,0.0,True,CALL,2026-03-23,400.0,100.0,0,0.0,0.0,0.0,0.0,0.0,0.0,-16.293,12
US.GLD260323P400000,GLD 260323 400.00P,0.0,0.0,0.0,0.0,0.0,0,0.0,True,PUT,2026-03-23,400.0,100.0,0,43.088,-0.011487544,0.000787726,0.026645196,-0.041712428,-0.001648198,16.293,12
US.GLD260323C405000,GLD 260323 405.00C,0.0,0.0,0.0,0.0,0.0,0,0.0,True,CALL,2026-03-23,405.0,100.0,0,0.0,0.0,0.0,0.0,0.0,0.0,-15.247,12
US.GLD260323P405000,GLD 260323 405.00P,0.32,0.32,0.32,0.32,0.32,1,32.0,True,PUT,2026-03-23,405.0,100.0,0,44.074,-0.019093749,0.0011923,0.041223515,-0.067148582,-0.002841654,15.314,12
US.GLD260323C410000,GLD 260323 410.00C,0.0,0.0,0.0,0.0,0.0,0,0.0,True,CALL,2026-03-23,410.0,100.0,0,0.0,0.0,0.0,0.0,0.0,0.0,-14.2,12
US.GLD260323P410000,GLD 260323 410.00P,0.0,0.0,0.0,0.0,0.0,0,0.0,True,PUT,2026-03-23,410.0,100.0,0,44.793,-0.029165786,0.001675479,0.058848717,-0.098768509,-0.004440814,14.2,12
US.GLD260323C415000,GLD 260323 415.00C,0.0,0.0,0.0,0.0,0.0,0,0.0,True,CALL,2026-03-23,415.0,100.0,0,28.517,0.996602944,0.000405249,0.009114873,-0.049455332,0.141884373,-13.154,12
US.GLD260323P415000,GLD 260323 415.00P,0.29,0.29,0.29,0.29,0.29,4,116.0,True,PUT,2026-03-23,415.0,100.0,0,41.572,-0.030299971,0.001863338,0.060740206,-0.094628539,-0.004596345,13.215,12
US.GLD260323C420000,GLD 260323 420.00C,0.0,0.0,0.0,0.0,0.0,0,0.0,True,CALL,2026-03-23,420.0,100.0,0,32.345,0.985857917,0.001257008,0.031912523,-0.078510179,0.141796106,-12.108,12
US.GLD260323P420000,GLD 260323 420.00P,0.0,0.0,0.0,0.0,0.0,0,0.0,True,PUT,2026-03-23,420.0,100.0,0,40.153,-0.037606823,0.002304589,0.072546429,-0.10983622,-0.005742567,12.108,12
US.GLD260323C425000,GLD 260323 425.00C,0.0,0.0,0.0,0.0,0.0,0,0.0,True,CALL,2026-03-23,425.0,100.0,0,28.784,0.987322118,0.001285333,0.02905559,-0.071693158,0.143763398,-11.061,12
US.GLD260323P425000,GLD 260323 425.00P,0.57,0.54,0.57,0.49,0.54,19,1063.0,True,PUT,2026-03-23,425.0,100.0,0,38.652,-0.046451863,0.002840885,0.086069743,-0.126158046,-0.007130503,11.181,12
US.GLD260323C430000,GLD 260323 430.00C,0.0,0.0,0.0,0.0,0.0,0,0.0,True,CALL,2026-03-23,430.0,100.0,0,29.748,0.974599476,0.002248755,0.05246589,-0.09970555,0.143341938,-10.015,12
US.GLD260323P430000,GLD 260323 430.00P,0.81,0.69,0.81,0.61,0.69,27,2035.0,True,PUT,2026-03-23,430.0,100.0,0,37.228,-0.05792775,0.003515461,0.102563395,-0.145625017,-0.008934269,10.184,12
US.GLD260323C435000,GLD 260323 435.00C,0.0,0.0,0.0,0.0,0.0,0,0.0,True,CALL,2026-03-23,435.0,100.0,0,30.798,0.954100699,0.003531837,0.085258174,-0.141428441,0.141601173,-8.969,12
US.GLD260323P435000,GLD 260323 435.00P,1.06,0.9,1.06,0.83,0.9,20,1855.0,True,PUT,2026-03-23,435.0,100.0,0,36.804,-0.077763395,0.004465474,0.128771712,-0.182163218,-0.012083155,9.19,12
US.GLD260323C440000,GLD 260323 440.00C,0.0,0.0,0.0,0.0,0.0,0,0.0,True,CALL,2026-03-23,440.0,100.0,0,36.408,0.897326159,0.005549912,0.158354032,-0.265674953,0.133622731,-7.922,12
US.GLD260323P440000,GLD 260323 440.00P,1.37,1.09,1.44,1.08,1.09,498,61216.0,True,PUT,2026-03-23,440.0,100.0,0,34.948,-0.09412766,0.005426014,0.148554857,-0.200319207,-0.014642373,8.209,12
US.GLD260323C445000,GLD 260323 445.00C,0.0,0.0,0.0,0.0,0.0,0,0.0,True,CALL,2026-03-23,445.0,100.0,0,35.12,0.872220213,0.006722473,0.18501913,-0.29546102,0.131074228,-6.876,12
US.GLD260323P445000,GLD 260323 445.00P,1.45,1.79,1.79,1.33,1.79,380,60658.0,True,PUT,2026-03-23,445.0,100.0,0,34.414,-0.123430421,0.006698306,0.180557398,-0.241159295,-0.019281575,7.179,12
US.GLD260323C450000,GLD 260323 450.00C,0.0,0.0,0.0,0.0,0.0,0,0.0,True,CALL,2026-03-23,450.0,100.0,0,34.128,0.839285168,0.008075783,0.215992796,-0.330848292,0.127180542,-5.83,12
US.GLD260323P450000,GLD 260323 450.00P,2.49,1.95,2.54,1.83,1.95,906,192591.0,True,PUT,2026-03-23,450.0,100.0,0,33.22,-0.154836251,0.008099638,0.210709959,-0.272647271,-0.024210728,6.351,12
US.GLD260323C451000,GLD 260323 451.00C,0.0,0.0,0.0,0.0,0.0,0,0.0,True,CALL,2026-03-23,451.0,100.0,0,33.871,0.832280337,0.008365312,0.22205347,-0.336919713,0.126331509,-5.62,12
US.GLD260323P451000,GLD 260323 451.00P,2.65,2.65,2.65,2.65,2.65,72,19080.0,True,PUT,2026-03-23,451.0,100.0,0,33.473,-0.165303909,0.008389983,0.219922645,-0.287110356,-0.025879442,6.175,12
US.GLD260323C452000,GLD 260323 452.00C,0.0,0.0,0.0,0.0,0.0,0,0.0,True,CALL,2026-03-23,452.0,100.0,0,33.588,0.82516366,0.008662833,0.228033697,-0.342517513,0.125464114,-5.411,12
US.GLD260323P452000,GLD 260323 452.00P,0.0,0.0,0.0,0.0,0.0,0,0.0,True,PUT,2026-03-23,452.0,100.0,0,33.338,-0.173421434,0.008687643,0.226795389,-0.295084657,-0.027156025,5.411,12
US.GLD260323C453000,GLD 260323 453.00C,0.0,0.0,0.0,0.0,0.0,0,0.0,True,CALL,2026-03-23,453.0,100.0,0,32.308,0.824581133,0.009025122,0.228510563,-0.331553678,0.125746529,-5.202,12
US.GLD260323P453000,GLD 260323 453.00P,2.69,2.3,2.7,2.3,2.3,6,1578.0,True,PUT,2026-03-23,453.0,100.0,0,32.739,-0.178686457,0.00901598,0.231127365,-0.295325808,-0.027954311,5.765,12
US.GLD260323C454000,GLD 260323 454.00C,0.0,0.0,0.0,0.0,0.0,0,0.0,True,CALL,2026-03-23,454.0,100.0,0,33.364,0.807771117,0.009252202,0.241927439,-0.359127717,0.123176427,-4.993,12
US.GLD260323P454000,GLD 260323 454.00P,2.46,2.46,2.46,2.46,2.46,1,246.0,True,PUT,2026-03-23,454.0,100.0,0,32.635,-0.187632535,0.009325065,0.238280005,-0.303685281,-0.029358995,5.507,12
US.GLD260323C455000,GLD 260323 455.00C,0.0,0.0,0.0,0.0,0.0,0,0.0,True,CALL,2026-03-23,455.0,100.0,0,33.2,0.798969226,0.009553418,0.248581804,-0.366425126,0.12201525,-4.783,12
US.GLD260323P455000,GLD 260323 455.00P,3.2,2.8,3.62,2.58,2.8,63,20288.0,True,PUT,2026-03-23,455.0,100.0,0,32.557,-0.197059571,0.009632588,0.245532932,-0.312357693,-0.030839094,5.453,12
US.GLD260323C456000,GLD 260323 456.00C,0.0,0.0,0.0,0.0,0.0,0,0.0,True,CALL,2026-03-23,456.0,100.0,0,33.103,0.789435976,0.009848735,0.255514227,-0.374661984,0.120725438,-4.574,12
US.GLD260323P456000,GLD 260323 456.00P,3.45,3.45,3.45,3.45,3.45,10,3450.0,True,PUT,2026-03-23,456.0,100.0,0,32.48,-0.206807319,0.009938986,0.252734619,-0.320930876,-0.032367712,5.296,12
US.GLD260323C457000,GLD 260323 457.00C,0.0,0.0,0.0,0.0,0.0,0,0.0,True,CALL,2026-03-23,457.0,100.0,0,32.969,0.779835722,0.010147817,0.262213736,-0.382147792,0.119424625,-4.365,12
US.GLD260323P457000,GLD 260323 457.00P,0.0,0.0,0.0,0.0,0.0,0,0.0,True,PUT,2026-03-23,457.0,100.0,0,32.462,-0.217242498,0.010235589,0.260118497,-0.330294717,-0.034006165,4.365,12
US.GLD260323C458000,GLD 260323 458.00C,20.5224,0.0,0.0,0.0,20.5224,0,0.0,True,CALL,2026-03-23,458.0,100.0,0,31.769,0.77679001,0.010613991,0.264277219,-0.372191119,0.11929415,0.138,12
US.GLD260323P458000,GLD 260323 458.00P,4.05,3.29,4.05,3.08,5.525,77,25804.0,True,PUT,2026-03-23,458.0,100.0,70,31.84,-0.22404682,0.010622414,0.264751056,-0.329654116,-0.035027281,5.003,12
US.GLD260323C459000,GLD 260323 459.00C,19.8277,0.0,0.0,0.0,19.8277,0,0.0,True,CALL,2026-03-23,459.0,100.0,0,32.6,0.76035049,0.010761756,0.274971557,-0.394897458,0.116776271,0.202,12
US.GLD260323P459000,GLD 260323 459.00P,3.97,4.65,4.65,3.97,5.8298,4,1792.0,True,PUT,2026-03-23,459.0,100.0,1,31.757,-0.234732231,0.01093284,0.271757494,-0.33760006,-0.036693059,4.777,12
US.GLD260323C460000,GLD 260323 460.00C,19.1466,0.0,0.0,0.0,19.1466,0,0.0,True,CALL,2026-03-23,460.0,100.0,0,31.562,0.755387045,0.011239816,0.278043404,-0.387319289,0.11631385,0.269,12
US.GLD260323P460000,GLD 260323 460.00P,4.14,3.51,4.77,3.44,6.1481,30,12922.0,True,PUT,2026-03-23,460.0,100.0,32,31.725,-0.246048353,0.011228982,0.278819172,-0.34612758,-0.038458277,4.603,12
US.GLD260323C461000,GLD 260323 461.00C,18.4654,18.4654,0.0,0.0,18.4654,0,0.0,True,CALL,2026-03-23,461.0,100.0,4,31.403,0.744554221,0.011559569,0.284514789,-0.393615339,0.114802137,0.335,12
US.GLD260323P461000,GLD 260323 461.00P,6.4665,6.4665,0.0,0.0,6.4665,0,0.0,True,PUT,2026-03-23,461.0,100.0,5,31.914,-0.258976623,0.011468505,0.286448788,-0.357882839,-0.040491265,4.881,12
US.GLD260323C462000,GLD 260323 462.00C,17.7843,17.7843,0.0,0.0,17.7843,0,0.0,True,CALL,2026-03-23,462.0,100.0,7,31.894,0.72959609,0.011717804,0.292922887,-0.409849003,0.112544589,0.402,12
US.GLD260323P462000,GLD 260323 462.00P,4.96,3.96,4.96,3.79,6.7849,27,11393.0,True,PUT,2026-03-23,462.0,100.0,1,31.541,-0.268825681,0.011828369,0.291949158,-0.360405403,-0.041989024,4.356,12
US.GLD260323C463000,GLD 260323 463.00C,17.1334,0.0,0.0,0.0,17.1334,0,0.0,True,CALL,2026-03-23,463.0,100.0,0,31.484,0.719630617,0.012083634,0.298189064,-0.411564625,0.11119242,0.475,12
US.GLD260323P463000,GLD 260323 463.00P,5.0,4.0,5.0,3.98,7.1337,13,6288.0,True,PUT,2026-03-23,463.0,100.0,0,31.308,-0.279870903,0.012156841,0.297809436,-0.364868795,-0.043679937,4.156,12
US.GLD260323C464000,GLD 260323 464.00C,16.4826,16.4826,0.0,0.0,16.4826,0,0.0,True,CALL,2026-03-23,464.0,100.0,25,31.376,0.707619964,0.012368838,0.304190621,-0.417679903,0.109470204,0.548,12
US.GLD260323P464000,GLD 260323 464.00P,5.22,4.55,5.32,4.25,7.4824,590,260861.0,True,PUT,2026-03-23,464.0,100.0,6,31.535,-0.29374019,0.012350429,0.304718589,-0.376127606,-0.045850597,3.992,12
US.GLD260323C465000,GLD 260323 465.00C,18.9,19.15,19.15,18.9,15.8755,12,22705.0,True,CALL,2026-03-23,465.0,100.0,2,31.634,0.693489581,0.012533633,0.310776789,-0.428990872,0.107357113,1.263,12
US.GLD260323P465000,GLD 260323 465.00P,5.6,5.1,6.24,4.6,7.8751,106,55237.0,True,PUT,2026-03-23,465.0,100.0,12,31.227,-0.305019376,0.012688408,0.309967436,-0.378729564,-0.047557503,3.863,12
US.GLD260323C466000,GLD 260323 466.00C,15.2685,15.2685,0.0,0.0,15.2685,0,0.0,True,CALL,2026-03-23,466.0,100.0,10,31.286,0.68214269,0.012873463,0.315699175,-0.430625561,0.105761025,0.713,12
US.GLD260323P466000,GLD 260323 466.00P,5.51,5.05,5.51,5.0,8.2679,17,9037.0,True,PUT,2026-03-23,466.0,100.0,0,31.126,-0.317677982,0.01295754,0.315477266,-0.3841088,-0.04949291,3.634,12
US.GLD260323C467000,GLD 260323 467.00C,14.6614,14.6614,0.0,0.0,14.6614,0,0.0,True,CALL,2026-03-23,467.0,100.0,10,31.141,0.669487982,0.013142555,0.320812486,-0.434937692,0.103924506,0.795,12
US.GLD260323P467000,GLD 260323 467.00P,5.3,5.26,5.31,5.2,8.6606,45,23588.0,True,PUT,2026-03-23,467.0,100.0,0,31.064,-0.330783565,0.013202765,0.320762294,-0.389637734,-0.05149426,3.381,12
US.GLD260323C468000,GLD 260323 468.00C,18.55,17.3,18.55,16.92,14.0858,22,37434.0,True,CALL,2026-03-23,468.0,100.0,34,31.036,0.65638557,0.013387769,0.325694392,-0.439379171,0.102005917,1.818,12
US.GLD260323P468000,GLD 260323 468.00P,6.58,5.68,6.58,5.55,9.0849,251,153998.0,True,PUT,2026-03-23,468.0,100.0,1,31.345,-0.345510492,0.013308088,0.326203629,-0.399803089,-0.0537814,3.44,12
US.GLD260323C469000,GLD 260323 469.00C,17.2,17.2,17.2,17.2,13.5231,1,1720.0,True,CALL,2026-03-23,469.0,100.0,18,30.816,0.643460926,0.013665955,0.330104864,-0.44163604,0.10012509,1.745,12
US.GLD260323P469000,GLD 260323 469.00P,6.81,6.7,7.71,5.64,9.5222,307,183122.0,True,PUT,2026-03-23,469.0,100.0,0,30.895,-0.357526925,0.013671909,0.330249756,-0.398593378,-0.055547119,3.279,12
US.GLD260323C470000,GLD 260323 470.00C,15.85,15.85,15.85,15.85,12.9604,1,1585.0,True,CALL,2026-03-23,470.0,100.0,2,30.783,0.629576464,0.013858328,0.334401063,-0.446160927,0.098060949,1.672,12
US.GLD260323P470000,GLD 260323 470.00P,6.25,6.7,7.15,6.12,9.9595,216,147285.0,True,PUT,2026-03-23,470.0,100.0,5,30.862,-0.371420426,0.013864972,0.334505299,-0.403076822,-0.057645981,2.952,12
US.GLD260323C471000,GLD 260323 471.00C,12.4443,12.4443,0.0,0.0,12.4443,0,0.0,True,CALL,2026-03-23,471.0,100.0,3,30.93,0.614994888,0.013958097,0.338426332,-0.452759318,0.095856612,1.168,12
US.GLD260323P471000,GLD 260323 471.00P,7.45,7.45,7.45,7.4,10.4436,213,158675.0,True,PUT,2026-03-23,471.0,100.0,0,30.715,-0.385149181,0.014091023,0.33826411,-0.405332145,-0.059691224,2.994,12
US.GLD260323C472000,GLD 260323 472.00C,14.33,14.33,14.33,14.33,11.9283,1,1433.0,True,CALL,2026-03-23,472.0,100.0,3,31.033,0.600531061,0.014056063,0.341932002,-0.458103008,0.093671608,1.772,12
US.GLD260323P472000,GLD 260323 472.00P,7.85,7.85,7.85,7.85,10.9278,4,3140.0,True,PUT,2026-03-23,472.0,100.0,0,30.967,-0.400118065,0.014127827,0.341868759,-0.412825636,-0.06197661,2.869,12
US.GLD260323C473000,GLD 260323 473.00C,11.4709,0.0,0.0,0.0,11.4709,0,0.0,True,CALL,2026-03-23,473.0,100.0,0,30.801,0.586729775,0.014281488,0.344829246,-0.458041146,0.091629715,1.383,12
US.GLD260323P473000,GLD 260323 473.00P,7.32,7.23,7.32,7.23,11.4706,2,1455.0,True,PUT,2026-03-23,473.0,100.0,0,30.665,-0.413854167,0.014389703,0.344717456,-0.411714613,-0.063971192,2.548,12
US.GLD260323C474000,GLD 260323 474.00C,11.0292,0.0,0.0,0.0,11.0292,0,0.0,True,CALL,2026-03-23,474.0,100.0,0,30.964,0.572012833,0.014314168,0.347441467,-0.463056163,0.089385981,1.5,12
US.GLD260323P474000,GLD 260323 474.00P,8.9,8.7,8.9,7.45,12.0292,16,13592.0,True,PUT,2026-03-23,474.0,100.0,0,30.901,-0.428793845,0.014391214,0.347334656,-0.417763951,-0.066227162,2.67,12
US.GLD260323C475000,GLD 260323 475.00C,12.3,13.6,14.05,12.3,10.5875,98,128825.0,True,CALL,2026-03-23,475.0,100.0,214,30.939,0.557587924,0.014411428,0.349527025,-0.464776196,0.087207363,1.975,12
US.GLD260323P475000,GLD 260323 475.00P,9.6,7.91,9.65,7.77,12.5879,33,26330.0,True,PUT,2026-03-23,475.0,100.0,0,30.877,-0.443299893,0.014491235,0.349389893,-0.41947223,-0.068357345,2.607,12
US.GLD260323C476000,GLD 260323 476.00C,11.2,13.5,13.5,11.2,10.1458,4,5170.0,True,CALL,2026-03-23,476.0,100.0,12,30.66,0.54326245,0.014609566,0.351135821,-0.462240626,0.085070831,1.954,12
US.GLD260323P476000,GLD 260323 476.00P,8.28,8.85,8.85,8.28,13.1467,2,1713.0,True,PUT,2026-03-23,476.0,100.0,0,30.812,-0.457851705,0.014592104,0.350975723,-0.419974875,-0.070469319,2.121,12
US.GLD260323C477000,GLD 260323 477.00C,9.7041,0.0,0.0,0.0,9.7041,0,0.0,True,CALL,2026-03-23,477.0,100.0,0,30.767,0.528572925,0.014607417,0.352309273,-0.464610417,0.082823006,1.85,12
US.GLD260323P477000,GLD 260323 477.00P,10.35,10.2,10.35,8.7,13.7055,18,17639.0,True,PUT,2026-03-23,477.0,100.0,0,30.777,-0.472499494,0.014660043,0.352093708,-0.420287138,-0.072583166,2.345,12
US.GLD260323C478000,GLD 260323 478.00C,10.6,11.7,11.7,10.6,9.2624,31,32970.0,True,CALL,2026-03-23,478.0,100.0,0,30.761,0.51394509,0.014638883,0.353000128,-0.464743478,0.080593899,2.247,12
US.GLD260323P478000,GLD 260323 478.00P,9.75,9.8,10.4,9.35,14.2645,95,93980.0,True,PUT,2026-03-23,478.0,100.0,0,30.984,-0.487109911,0.014593084,0.352735538,-0.423440727,-0.074728036,2.011,12
US.GLD260323C479000,GLD 260323 479.00C,10.2,11.2,11.7,10.2,8.858,14,14950.0,True,CALL,2026-03-23,479.0,100.0,35,30.997,0.499506801,0.014536388,0.353215513,-0.467730947,0.078361535,2.373,12
US.GLD260323P479000,GLD 260323 479.00P,12.93,10.0,12.93,9.59,14.8607,25,27455.0,True,PUT,2026-03-23,479.0,100.0,0,30.866,-0.50177909,0.014661607,0.352896701,-0.421326355,-0.076786676,2.467,12
US.GLD260323C480000,GLD 260323 480.00C,9.9,10.25,11.37,9.9,8.4535,118,121541.0,True,CALL,2026-03-23,480.0,100.0,9,30.696,0.484661747,0.014668019,0.352954017,-0.462381785,0.076122542,2.519,12
US.GLD260323P480000,GLD 260323 480.00P,11.8,11.04,11.81,10.44,15.457,11,12291.0,True,PUT,2026-03-23,480.0,100.0,0,30.635,-0.516679502,0.01476525,0.35256769,-0.416967901,-0.07882341,2.021,12
US.GLD260323C481000,GLD 260323 481.00C,9.85,10.63,10.65,9.85,8.049,5,5241.0,True,CALL,2026-03-23,481.0,100.0,0,30.921,0.470478344,0.01453221,0.352246466,-0.464011771,0.073923419,2.718,12
US.GLD260323P481000,GLD 260323 481.00P,10.75,10.7,10.85,10.7,16.0534,50,53800.0,True,PUT,2026-03-23,481.0,100.0,0,30.789,-0.531070672,0.014664994,0.351786523,-0.417531877,-0.080862385,1.592,12
US.GLD260323C482000,GLD 260323 482.00C,8.9,8.9,8.95,8.9,7.6581,12,10685.0,True,CALL,2026-03-23,482.0,100.0,0,30.18,0.454462526,0.014832373,0.350908497,-0.4509588,0.07153523,2.728,12
US.GLD260323P482000,GLD 260323 482.00P,16.6634,0.0,0.0,0.0,16.6634,0,0.0,True,PUT,2026-03-23,482.0,100.0,0,30.831,-0.5455019,0.014600002,0.350536651,-0.415893489,-0.082853487,2.62,12
US.GLD260323C483000,GLD 260323 483.00C,9.8,8.85,9.8,8.85,7.3272,4,3641.0,True,CALL,2026-03-23,483.0,100.0,12,30.895,0.441713827,0.014428524,0.349433809,-0.458605989,0.069502853,3.126,12
US.GLD260323P483000,GLD 260323 483.00P,17.3335,0.0,0.0,0.0,17.3335,0,0.0,True,PUT,2026-03-23,483.0,100.0,0,30.76,-0.560113595,0.014568956,0.348793086,-0.412022096,-0.084808358,2.551,12
US.GLD260323C484000,GLD 260323 484.00C,8.2,8.61,9.42,8.2,6.9963,8,6928.0,True,CALL,2026-03-23,484.0,100.0,0,30.856,0.427385337,0.014360027,0.34734049,-0.45465282,0.0672971,3.0,12
US.GLD260323P484000,GLD 260323 484.00P,18.0037,0.0,0.0,0.0,18.0037,0,0.0,True,PUT,2026-03-23,484.0,100.0,0,30.648,-0.574821239,0.014537788,0.346550957,-0.406935043,-0.086728889,2.482,12
US.GLD260323C485000,GLD 260323 485.00C,7.76,8.25,9.22,7.13,6.6655,258,210962.0,True,CALL,2026-03-23,485.0,100.0,36,30.559,0.412235029,0.014386286,0.344622387,-0.446237885,0.064982241,3.118,12
US.GLD260323P485000,GLD 260323 485.00P,18.6741,0.0,0.0,0.0,18.6741,0,0.0,True,PUT,2026-03-23,485.0,100.0,0,30.638,-0.589138276,0.014440647,0.34389901,-0.402792962,-0.088593722,2.413,12
US.GLD260323C486000,GLD 260323 486.00C,7.27,8.0,8.0,7.25,6.3346,54,39299.0,True,CALL,2026-03-23,486.0,100.0,0,30.143,0.396469239,0.014441855,0.341238675,-0.435364279,0.062574942,3.224,12
US.GLD260323P486000,GLD 260323 486.00P,19.3446,0.0,0.0,0.0,19.3446,0,0.0,True,PUT,2026-03-23,486.0,100.0,0,30.661,-0.60319579,0.014311839,0.34083986,-0.398588643,-0.090399419,2.344,12
US.GLD260323C487000,GLD 260323 487.00C,6.05,6.05,0.0,0.0,6.05,0,0.0,True,CALL,2026-03-23,487.0,100.0,40,30.787,0.385204306,0.014025321,0.338472153,-0.44013611,0.060777518,3.178,12
US.GLD260323P487000,GLD 260323 487.00P,20.0613,0.0,0.0,0.0,20.0613,0,0.0,True,PUT,2026-03-23,487.0,100.0,0,30.791,-0.616600111,0.014121557,0.337501141,-0.395518418,-0.092124417,2.285,12
US.GLD260323C488000,GLD 260323 488.00C,7.34,7.93,7.93,7.34,5.8,39,28727.0,True,CALL,2026-03-23,488.0,100.0,13,30.657,0.370921418,0.013921435,0.334540363,-0.432581947,0.058570651,3.657,12
US.GLD260323P488000,GLD 260323 488.00P,14.87,16.0,16.0,14.87,20.8126,3,4635.0,True,PUT,2026-03-23,488.0,100.0,0,30.283,-0.63285973,0.014179292,0.332870034,-0.382090647,-0.093915891,0.989,12
US.GLD260323C489000,GLD 260323 489.00C,5.82,5.82,5.82,5.82,5.82,3,1746.0,True,CALL,2026-03-23,489.0,100.0,0,30.634,0.357278893,0.013756821,0.330338375,-0.426195939,0.056451715,3.549,12
US.GLD260323P489000,GLD 260323 489.00P,0.0,0.0,0.0,0.0,0.0,0,0.0,True,PUT,2026-03-23,489.0,100.0,0,30.709,-0.644370765,0.013838014,0.329236893,-0.382669399,-0.095444178,-2.331,12
US.GLD260323C490000,GLD 260323 490.00C,5.84,5.9,6.97,5.84,5.9,85,55989.0,True,CALL,2026-03-23,490.0,100.0,0,30.494,0.343173042,0.013619007,0.325528687,-0.417464818,0.054265322,3.762,12
US.GLD260323P490000,GLD 260323 490.00P,0.0,0.0,0.0,0.0,0.0,0,0.0,True,PUT,2026-03-23,490.0,100.0,0,30.644,-0.658152427,0.013680974,0.324453266,-0.375138071,-0.097005038,-2.54,12
US.GLD260323C491000,GLD 260323 491.00C,0.0,0.0,0.0,0.0,0.0,0,0.0,True,CALL,2026-03-23,491.0,100.0,0,30.309,0.32891701,0.013477122,0.320180519,-0.407520709,0.052054276,2.749,12
US.GLD260323P491000,GLD 260323 491.00P,0.0,0.0,0.0,0.0,0.0,0,0.0,True,PUT,2026-03-23,491.0,100.0,0,31.083,-0.668774794,0.013330536,0.320468254,-0.375269102,-0.098376985,-2.749,12
US.GLD260323C492000,GLD 260323 492.00C,0.0,0.0,0.0,0.0,0.0,0,0.0,True,CALL,2026-03-23,492.0,100.0,0,30.554,0.317455471,0.013174805,0.315521047,-0.404143462,0.050250357,2.959,12
US.GLD260323P492000,GLD 260323 492.00P,0.0,0.0,0.0,0.0,0.0,0,0.0,True,PUT,2026-03-23,492.0,100.0,0,31.179,-0.681042883,0.013098042,0.315507965,-0.369570123,-0.099749372,-2.959,12
US.GLD260323C493000,GLD 260323 493.00C,0.0,0.0,0.0,0.0,0.0,0,0.0,True,CALL,2026-03-23,493.0,100.0,0,30.283,0.303014367,0.013026067,0.309183457,-0.391920218,0.048008934,3.168,12
US.GLD260323P493000,GLD 260323 493.00P,0.0,0.0,0.0,0.0,0.0,0,0.0,True,PUT,2026-03-23,493.0,100.0,0,30.915,-0.695361132,0.01296858,0.309229983,-0.357611133,-0.1011131,-3.168,12
US.GLD260323C494000,GLD 260323 494.00C,0.0,0.0,0.0,0.0,0.0,0,0.0,True,CALL,2026-03-23,494.0,100.0,0,30.537,0.292266113,0.01270636,0.304125151,-0.388085128,0.046313492,3.377,12
US.GLD260323P494000,GLD 260323 494.00P,0.0,0.0,0.0,0.0,0.0,0,0.0,True,PUT,2026-03-23,494.0,100.0,0,31.012,-0.707136359,0.012712657,0.303687514,-0.351230983,-0.102316514,-3.377,12
US.GLD260323C495000,GLD 260323 495.00C,4.64,4.3,5.45,4.3,4.3,178,89528.0,True,CALL,2026-03-23,495.0,100.0,0,30.762,0.281686215,0.012395377,0.298855336,-0.383515372,0.044645684,4.557,12
US.GLD260323P495000,GLD 260323 495.00P,0.0,0.0,0.0,0.0,0.0,0,0.0,True,PUT,2026-03-23,495.0,100.0,0,31.074,-0.718866612,0.012460245,0.297807494,-0.343960558,-0.103439477,-3.586,12
US.GLD260323C500000,GLD 260323 500.00C,3.32,3.67,4.29,3.22,3.67,102,38894.0,True,CALL,2026-03-23,500.0,100.0,0,30.19,0.220823558,0.011100858,0.262645402,-0.327930005,0.035111309,5.327,12
US.GLD260323P500000,GLD 260323 500.00P,0.0,0.0,0.0,0.0,0.0,0,0.0,True,PUT,2026-03-23,500.0,100.0,0,31.544,-0.771871593,0.011088172,0.266586668,-0.307025776,-0.107683464,-4.633,12
US.GLD260323C505000,GLD 260323 505.00C,2.57,2.57,2.57,2.57,2.57,1,257.0,True,CALL,2026-03-23,505.0,100.0,0,30.769,0.176621189,0.009517627,0.229489128,-0.289410895,0.028120722,6.217,12
US.GLD260323P505000,GLD 260323 505.00P,0.0,0.0,0.0,0.0,0.0,0,0.0,True,PUT,2026-03-23,505.0,100.0,0,31.924,-0.818152173,0.009692939,0.232534943,-0.265169837,-0.109508828,-5.679,12
US.GLD260323C510000,GLD 260323 510.00C,1.85,2.1,2.51,1.8,2.1,190,41075.0,True,CALL,2026-03-23,510.0,100.0,0,31.232,0.139213437,0.008018228,0.196238403,-0.248869002,0.022193817,7.112,12
US.GLD260323P510000,GLD 260323 510.00P,0.0,0.0,0.0,0.0,0.0,0,0.0,True,PUT,2026-03-23,510.0,100.0,0,32.606,-0.854839006,0.008336841,0.200423544,-0.228152692,-0.109130899,-6.725,12
US.GLD260323C515000,GLD 260323 515.00C,1.47,1.89,1.93,1.47,1.89,5,907.0,True,CALL,2026-03-23,515.0,100.0,0,31.362,0.106212717,0.006603024,0.162274825,-0.204540747,0.016959329,8.079,12
US.GLD260323P515000,GLD 260323 515.00P,0.0,0.0,0.0,0.0,0.0,0,0.0,True,PUT,2026-03-23,515.0,100.0,0,33.512,-0.883416562,0.007123821,0.171780606,-0.196370173,-0.107011852,-7.772,12
US.GLD260323C520000,GLD 260323 520.00C,1.42,1.42,1.42,1.42,1.42,2,284.0,True,CALL,2026-03-23,520.0,100.0,0,31.878,0.082375421,0.005384777,0.134520795,-0.170635881,0.013165304,9.115,12
US.GLD260323P520000,GLD 260323 520.00P,0.0,0.0,0.0,0.0,0.0,0,0.0,True,PUT,2026-03-23,520.0,100.0,0,34.78,-0.90409373,0.006104334,0.148780653,-0.172946785,-0.104182134,-8.818,12
US.GLD260323C525000,GLD 260323 525.00C,1.02,1.16,1.16,1.02,1.16,25,2593.0,True,CALL,2026-03-23,525.0,100.0,0,33.188,0.068430883,0.004490165,0.116791507,-0.153021109,0.010934893,10.078,12
US.GLD260323P525000,GLD 260323 525.00P,0.0,0.0,0.0,0.0,0.0,0,0.0,True,PUT,2026-03-23,525.0,100.0,0,37.459,-0.911216182,0.005372038,0.140511579,-0.175684131,-0.104794985,-9.864,12
US.GLD260323C530000,GLD 260323 530.00C,0.0,0.0,0.0,0.0,0.0,0,0.0,True,CALL,2026-03-23,530.0,100.0,0,33.776,0.053481328,0.003638308,0.09632178,-0.127192143,0.008551555,10.911,12
US.GLD260323P530000,GLD 260323 530.00P,0.0,0.0,0.0,0.0,0.0,0,0.0,True,PUT,2026-03-23,530.0,100.0,0,39.278,-0.922153036,0.00471917,0.127077066,-0.164668147,-0.102959606,-10.911,12
US.GLD260323C535000,GLD 260323 535.00C,0.0,0.0,0.0,0.0,0.0,0,0.0,True,CALL,2026-03-23,535.0,100.0,0,34.988,0.044686086,0.003042603,0.083450621,-0.11329399,0.007143999,11.957,12
US.GLD260323P535000,GLD 260323 535.00P,0.0,0.0,0.0,0.0,0.0,0,0.0,True,PUT,2026-03-23,535.0,100.0,0,40.211,-0.936249569,0.0041047,0.108552051,-0.140558888,-0.097712616,-11.957,12
US.GLD260323C540000,GLD 260323 540.00C,0.0,0.0,0.0,0.0,0.0,0,0.0,True,CALL,2026-03-23,540.0,100.0,0,36.582,0.039290025,0.002622102,0.075199964,-0.10613686,0.006277194,13.003,12
US.GLD260323P540000,GLD 260323 540.00P,0.0,0.0,0.0,0.0,0.0,0,0.0,True,PUT,2026-03-23,540.0,100.0,0,42.751,-0.939362479,0.003716894,0.104419532,-0.143826419,-0.098412035,-13.003,12
US.GLD260323C545000,GLD 260323 545.00C,0.0,0.0,0.0,0.0,0.0,0,0.0,True,CALL,2026-03-23,545.0,100.0,0,38.24,0.035172121,0.002291396,0.06870014,-0.100858075,0.005615027,14.05,12
US.GLD260323P545000,GLD 260323 545.00P,0.0,0.0,0.0,0.0,0.0,0,0.0,True,PUT,2026-03-23,545.0,100.0,0,44.732,-0.944620574,0.003353161,0.097118588,-0.138973096,-0.097098656,-14.05,12
US.GLD260323C550000,GLD 260323 550.00C,0.0,0.0,0.0,0.0,0.0,0,0.0,True,CALL,2026-03-23,550.0,100.0,0,40.017,0.032213286,0.002036899,0.063910577,-0.097787977,0.005137955,15.096,12
US.GLD260323P550000,GLD 260323 550.00P,0.0,0.0,0.0,0.0,0.0,0,0.0,True,PUT,2026-03-23,550.0,100.0,0,46.61,-0.949481422,0.003039173,0.090166759,-0.133370206,-0.095486904,-15.096,12
US.GLD260323C555000,GLD 260323 555.00C,0.0,0.0,0.0,0.0,0.0,0,0.0,True,CALL,2026-03-23,555.0,100.0,0,41.796,0.029776161,0.001827299,0.059884662,-0.095352098,0.004744797,16.142,12
US.GLD260323P555000,GLD 260323 555.00P,0.0,0.0,0.0,0.0,0.0,0,0.0,True,PUT,2026-03-23,555.0,100.0,0,43.498,-0.975298685,0.00243009,0.04860731,-0.059233408,-0.064275449,-16.142,12
US.GLD260323C560000,GLD 260323 560.00C,0.0,0.0,0.0,0.0,0.0,0,0.0,True,CALL,2026-03-23,560.0,100.0,0,43.504,0.027543022,0.001645326,0.056127236,-0.092693722,0.004385123,17.189,12
US.GLD260323P560000,GLD 260323 560.00P,0.0,0.0,0.0,0.0,0.0,0,0.0,True,PUT,2026-03-23,560.0,100.0,0,42.925,-0.987393547,0.002096215,0.026186729,-0.026955453,-0.039663111,-17.189,12
US.GLD260323C565000,GLD 260323 565.00C,0.0,0.0,0.0,0.0,0.0,0,0.0,True,CALL,2026-03-23,565.0,100.0,0,45.238,0.025736775,0.001495105,0.053036933,-0.090797506,0.004093801,18.235,12
US.GLD260323P565000,GLD 260323 565.00P,0.0,0.0,0.0,0.0,0.0,0,0.0,True,PUT,2026-03-23,565.0,100.0,0,0.0,0.0,0.0,0.0,0.0,0.0,-18.235,12
US.GLD260323C570000,GLD 260323 570.00C,0.0,0.0,0.0,0.0,0.0,0,0.0,True,CALL,2026-03-23,570.0,100.0,0,47.964,0.026741225,0.001456002,0.054759112,-0.09946036,0.004244915,19.281,12
US.GLD260323P570000,GLD 260323 570.00P,0.0,0.0,0.0,0.0,0.0,0,0.0,True,PUT,2026-03-23,570.0,100.0,0,0.0,0.0,0.0,0.0,0.0,0.0,-19.281,12
US.GLD260323C575000,GLD 260323 575.00C,0.0,0.0,0.0,0.0,0.0,0,0.0,True,CALL,2026-03-23,575.0,100.0,0,51.351,0.029423763,0.001472669,0.059291831,-0.115607868,0.004657721,20.328,12
US.GLD260323P575000,GLD 260323 575.00P,0.0,0.0,0.0,0.0,0.0,0,0.0,True,PUT,2026-03-23,575.0,100.0,0,0.0,0.0,0.0,0.0,0.0,0.0,-20.328,12
US.GLD260323C580000,GLD 260323 580.00C,0.0,0.0,0.0,0.0,0.0,0,0.0,True,CALL,2026-03-23,580.0,100.0,0,53.149,0.028066934,0.001368067,0.057010088,-0.11479658,0.004438448,21.374,12
US.GLD260323P580000,GLD 260323 580.00P,0.0,0.0,0.0,0.0,0.0,0,0.0,True,PUT,2026-03-23,580.0,100.0,0,0.0,0.0,0.0,0.0,0.0,0.0,-21.374,12
US.GLD260323C585000,GLD 260323 585.00C,0.0,0.0,0.0,0.0,0.0,0,0.0,True,CALL,2026-03-23,585.0,100.0,0,54.815,0.026595407,0.001268222,0.054506838,-0.112923405,0.004202069,22.42,12
US.GLD260323P585000,GLD 260323 585.00P,0.0,0.0,0.0,0.0,0.0,0,0.0,True,PUT,2026-03-23,585.0,100.0,0,0.0,0.0,0.0,0.0,0.0,0.0,-22.42,12
US.GLD260323C590000,GLD 260323 590.00C,0.0,0.0,0.0,0.0,0.0,0,0.0,True,CALL,2026-03-23,590.0,100.0,0,56.719,0.025830705,0.001196119,0.053193396,-0.11385601,0.00407655,23.467,12
US.GLD260323P590000,GLD 260323 590.00P,0.0,0.0,0.0,0.0,0.0,0,0.0,True,PUT,2026-03-23,590.0,100.0,0,0.0,0.0,0.0,0.0,0.0,0.0,-23.467,12
US.GLD260323C595000,GLD 260323 595.00C,0.0,0.0,0.0,0.0,0.0,0,0.0,True,CALL,2026-03-23,595.0,100.0,0,58.304,0.02452175,0.001113977,0.050925567,-0.111791795,0.003866855,24.513,12
US.GLD260323P595000,GLD 260323 595.00P,0.0,0.0,0.0,0.0,0.0,0,0.0,True,PUT,2026-03-23,595.0,100.0,0,0.0,0.0,0.0,0.0,0.0,0.0,-24.513,12
US.GLD260323C600000,GLD 260323 600.00C,0.12,0.12,0.12,0.12,0.12,1,12.0,True,CALL,2026-03-23,600.0,100.0,0,47.565,0.00570897,0.000386315,0.014429909,-0.024495392,0.000911291,25.584,12
US.GLD260323P600000,GLD 260323 600.00P,0.0,0.0,0.0,0.0,0.0,0,0.0,True,PUT,2026-03-23,600.0,100.0,0,0.0,0.0,0.0,0.0,0.0,0.0,-25.559,12
US.GLD260323C605000,GLD 260323 605.00C,0.0,0.0,0.0,0.0,0.0,0,0.0,True,CALL,2026-03-23,605.0,100.0,0,48.725,0.005245996,0.000349816,0.013385601,-0.023195094,0.000837017,26.606,12
US.GLD260323P605000,GLD 260323 605.00P,0.0,0.0,0.0,0.0,0.0,0,0.0,True,PUT,2026-03-23,605.0,100.0,0,0.0,0.0,0.0,0.0,0.0,0.0,-26.606,12
US.GLD260323C610000,GLD 260323 610.00C,0.12,0.12,0.12,0.12,0.12,1,12.0,True,CALL,2026-03-23,610.0,100.0,0,51.618,0.006270763,0.000386871,0.015676353,-0.028962166,0.000998345,27.677,12
US.GLD260323P610000,GLD 260323 610.00P,0.0,0.0,0.0,0.0,0.0,0,0.0,True,PUT,2026-03-23,610.0,100.0,0,0.0,0.0,0.0,0.0,0.0,0.0,-27.652,12
US.GLD260323C615000,GLD 260323 615.00C,0.11,0.11,0.11,0.1,0.11,3,32.0,True,CALL,2026-03-23,615.0,100.0,0,50.873,0.004382752,0.000285424,0.01140404,-0.020480886,0.000698761,28.721,12
US.GLD260323P615000,GLD 260323 615.00P,0.0,0.0,0.0,0.0,0.0,0,0.0,True,PUT,2026-03-23,615.0,100.0,0,0.0,0.0,0.0,0.0,0.0,0.0,-28.698,12
