code,name,last_price,open_price,high_price,low_price,prev_close_price,volume,turnover,option_valid,option_type,strike_time,option_strike_price,option_contract_size,option_open_interest,option_implied_volatility,option_delta,option_gamma,option_vega,option_theta,option_rho,option_premium,option_expiry_date_distance
US.GLD260306C260000,GLD 260306 260.00C,211.842,211.842,0.0,0.0,211.842,0,0.0,True,CALL,2026-03-06,260.0,100.0,7,0.0,0.0,0.0,0.0,0.0,0.0,1.225,0
US.GLD260306P260000,GLD 260306 260.00P,0.0001,0.0001,0.0,0.0,0.0001,0,0.0,True,PUT,2026-03-06,260.0,100.0,301,354.425,-7.21e-06,5.13e-07,5.904e-06,-0.001258667,9e-08,44.221,0
US.GLD260306C265000,GLD 260306 265.00C,206.843,206.843,0.0,0.0,206.843,0,0.0,True,CALL,2026-03-06,265.0,100.0,3,385.868,0.999945116,3.238e-06,4.0508e-05,-0.036152915,0.003948513,1.225,0
US.GLD260306P265000,GLD 260306 265.00P,0.0001,0.0001,0.0,0.0,0.0001,0,0.0,True,PUT,2026-03-06,265.0,100.0,607,343.25,-7.44e-06,5.46e-07,6.084e-06,-0.001257313,9.2e-08,43.148,0
US.GLD260306C270000,GLD 260306 270.00C,201.844,201.844,0.0,0.0,201.844,0,0.0,True,CALL,2026-03-06,270.0,100.0,1,0.0,0.0,0.0,0.0,0.0,0.0,1.225,0
US.GLD260306P270000,GLD 260306 270.00P,0.0001,0.0001,0.0,0.0,0.0001,0,0.0,True,PUT,2026-03-06,270.0,100.0,820,332.278,-7.682e-06,5.82e-07,6.273e-06,-0.001255918,9.3e-08,42.076,0
US.GLD260306C275000,GLD 260306 275.00C,196.845,196.845,0.0,0.0,196.845,0,0.0,True,CALL,2026-03-06,275.0,100.0,1,0.0,0.0,0.0,0.0,0.0,0.0,1.226,0
US.GLD260306P275000,GLD 260306 275.00P,0.0001,0.0001,0.0,0.0,0.0001,0,0.0,True,PUT,2026-03-06,275.0,100.0,192,321.501,-7.934e-06,6.2e-07,6.469e-06,-0.001254476,9.4e-08,41.003,0
US.GLD260306C280000,GLD 260306 280.00C,191.846,191.846,0.0,0.0,191.846,0,0.0,True,CALL,2026-03-06,280.0,100.0,1,0.0,0.0,0.0,0.0,0.0,0.0,1.226,0
US.GLD260306P280000,GLD 260306 280.00P,0.0001,0.0001,0.0,0.0,0.0001,0,0.0,True,PUT,2026-03-06,280.0,100.0,5918,310.91,-8.199e-06,6.61e-07,6.675e-06,-0.001252984,9.5e-08,39.93,0
US.GLD260306C285000,GLD 260306 285.00C,186.8471,186.8471,0.0,0.0,186.8471,0,0.0,True,CALL,2026-03-06,285.0,100.0,0,428.297,0.998894246,4.7895e-05,0.000664615,-0.24127201,0.004238885,1.226,0
US.GLD260306P285000,GLD 260306 285.00P,0.0001,0.0001,0.0,0.0,0.0001,0,0.0,True,PUT,2026-03-06,285.0,100.0,289,300.5,-8.477e-06,7.06e-07,6.891e-06,-0.001251451,9.7e-08,38.858,0
US.GLD260306C290000,GLD 260306 290.00C,181.8481,181.8481,0.0,0.0,181.8481,0,0.0,True,CALL,2026-03-06,290.0,100.0,1,0.0,0.0,0.0,0.0,0.0,0.0,1.226,0
US.GLD260306P290000,GLD 260306 290.00P,0.0001,0.0001,0.0,0.0,0.0001,0,0.0,True,PUT,2026-03-06,290.0,100.0,10731,290.263,-8.77e-06,7.55e-07,7.118e-06,-0.001249859,9.8e-08,37.785,0
US.GLD260306C295000,GLD 260306 295.00C,176.8491,0.0,0.0,0.0,176.8491,0,0.0,True,CALL,2026-03-06,295.0,100.0,0,0.0,0.0,0.0,0.0,0.0,0.0,1.226,0
US.GLD260306P295000,GLD 260306 295.00P,0.0001,0.0001,0.0,0.0,0.0001,0,0.0,True,PUT,2026-03-06,295.0,100.0,7313,280.193,-9.078e-06,8.09e-07,7.356e-06,-0.00124822,1e-07,36.712,0
US.GLD260306C300000,GLD 260306 300.00C,165.41,169.69,169.69,165.41,171.8501,14,236451.0,True,CALL,2026-03-06,300.0,100.0,25,385.397,0.998811789,5.685e-05,0.000709882,-0.234832291,0.004461847,-0.154,0
US.GLD260306P300000,GLD 260306 300.00P,0.0001,0.0001,0.0,0.0,0.0001,0,0.0,True,PUT,2026-03-06,300.0,100.0,109,270.284,-9.403e-06,8.67e-07,7.607e-06,-0.001246518,1.01e-07,35.64,0
US.GLD260306C305000,GLD 260306 305.00C,160.55,160.55,160.55,160.55,166.8511,1,16055.0,True,CALL,2026-03-06,305.0,100.0,0,438.188,0.995256686,0.000174921,0.00248327,-0.90001757,0.004510167,-0.124,0
US.GLD260306P305000,GLD 260306 305.00P,0.0001,0.0001,0.0,0.0,0.0001,0,0.0,True,PUT,2026-03-06,305.0,100.0,109,260.529,-9.746e-06,9.31e-07,7.871e-06,-0.001244754,1.03e-07,34.567,0
US.GLD260306C310000,GLD 260306 310.00C,161.8521,0.0,0.0,0.0,161.8521,0,0.0,True,CALL,2026-03-06,310.0,100.0,0,357.945,0.998750199,6.4108e-05,0.00074349,-0.230492133,0.004610443,1.227,0
US.GLD260306P310000,GLD 260306 310.00P,0.01,0.01,0.01,0.01,0.0001,32,32.0,True,PUT,2026-03-06,310.0,100.0,23586,333.285,-0.000603536,3.5255e-05,0.000380733,-0.09235682,-3.602e-06,33.497,0
US.GLD260306C315000,GLD 260306 315.00C,152.0,152.21,152.21,152.0,156.8532,11,167281.0,True,CALL,2026-03-06,315.0,100.0,11,344.539,0.998717033,6.8218e-05,0.000761519,-0.228306291,0.004684724,0.186,0
US.GLD260306P315000,GLD 260306 315.00P,0.0001,0.0001,0.0,0.0,0.0001,0,0.0,True,PUT,2026-03-06,315.0,100.0,184,241.464,-1.0495e-05,1.078e-06,8.447e-06,-0.001241034,1.06e-07,32.422,0
US.GLD260306C320000,GLD 260306 320.00C,151.8542,0.0,0.0,0.0,151.8542,0,0.0,True,CALL,2026-03-06,320.0,100.0,0,0.0,0.0,0.0,0.0,0.0,0.0,1.227,0
US.GLD260306P320000,GLD 260306 320.00P,0.01,0.01,0.01,0.01,0.0001,3,3.0,True,PUT,2026-03-06,320.0,100.0,881,308.945,-0.000649333,4.069e-05,0.000407338,-0.091821622,-3.884e-06,31.351,0
US.GLD260306C325000,GLD 260306 325.00C,146.8552,146.8552,0.0,0.0,146.8552,0,0.0,True,CALL,2026-03-06,325.0,100.0,2,377.837,0.99457872,0.000228486,0.002796953,-0.880556277,0.004803503,1.228,0
US.GLD260306P325000,GLD 260306 325.00P,0.0001,0.0001,0.0,0.0,0.0001,0,0.0,True,PUT,2026-03-06,325.0,100.0,202,222.956,-1.1342e-05,1.257e-06,9.096e-06,-0.001237022,1.1e-07,30.276,0
US.GLD260306C330000,GLD 260306 330.00C,141.8562,141.8562,0.0,0.0,141.8562,0,0.0,True,CALL,2026-03-06,330.0,100.0,1,0.0,0.0,0.0,0.0,0.0,0.0,1.228,0
US.GLD260306P330000,GLD 260306 330.00P,0.01,0.01,0.01,0.01,0.0001,8,8.0,True,PUT,2026-03-06,330.0,100.0,242,285.274,-0.000701074,4.7296e-05,0.000437199,-0.09124405,-4.203e-06,29.206,0
US.GLD260306C335000,GLD 260306 335.00C,132.02,131.88,132.02,131.88,136.8572,2,26390.0,True,CALL,2026-03-06,335.0,100.0,1,0.0,0.0,0.0,0.0,0.0,0.0,0.19,0
US.GLD260306P335000,GLD 260306 335.00P,0.01,0.01,0.01,0.01,0.0001,8,8.0,True,PUT,2026-03-06,335.0,100.0,85,273.673,-0.000729571,5.1145e-05,0.000453559,-0.090937048,-4.378e-06,28.133,0
US.GLD260306C340000,GLD 260306 340.00C,127.04,126.96,127.04,126.96,131.8583,2,25400.0,True,CALL,2026-03-06,340.0,100.0,0,0.0,0.0,0.0,0.0,0.0,0.0,0.195,0
US.GLD260306P340000,GLD 260306 340.00P,0.0001,0.0001,0.0,0.0,0.0001,0,0.0,True,PUT,2026-03-06,340.0,100.0,258,196.153,-1.2844e-05,1.608e-06,1.024e-05,-0.001230344,1.16e-07,27.058,0
US.GLD260306C345000,GLD 260306 345.00C,126.8593,0.0,0.0,0.0,126.8593,0,0.0,True,CALL,2026-03-06,345.0,100.0,0,268.124,0.998472973,0.000102772,0.000892829,-0.214922803,0.005130098,1.229,0
US.GLD260306P345000,GLD 260306 345.00P,0.01,0.11,0.11,0.01,0.0001,13,28.0,True,PUT,2026-03-06,345.0,100.0,660,250.914,-0.000792837,6.0225e-05,0.000489679,-0.090282699,-4.768e-06,25.988,0
US.GLD260306C350000,GLD 260306 350.00C,121.8604,121.8604,0.0,0.0,121.8604,0,0.0,True,CALL,2026-03-06,350.0,100.0,6,275.804,0.99699776,0.000184423,0.001648008,-0.388872024,0.005193987,1.229,0
US.GLD260306P350000,GLD 260306 350.00P,0.01,0.05,0.06,0.01,0.0002,41,70.0,True,PUT,2026-03-06,350.0,100.0,628,239.743,-0.000828111,6.5608e-05,0.000509702,-0.089932783,-4.986e-06,24.915,0
US.GLD260306C355000,GLD 260306 355.00C,113.01,113.01,113.01,113.01,116.8617,1,11301.0,True,CALL,2026-03-06,355.0,100.0,0,275.586,0.995555586,0.000262432,0.002343195,-0.54743582,0.005258105,0.403,0
US.GLD260306P355000,GLD 260306 355.00P,0.01,0.05,0.1,0.01,0.0004,47,87.0,True,PUT,2026-03-06,355.0,100.0,555,228.704,-0.00086622,7.1681e-05,0.000531246,-0.089566033,-5.221e-06,23.843,0
US.GLD260306C360000,GLD 260306 360.00C,106.01,106.8,108.15,105.9,111.8632,23,246356.0,True,CALL,2026-03-06,360.0,100.0,25,0.0,0.0,0.0,0.0,0.0,0.0,-0.025,0
US.GLD260306P360000,GLD 260306 360.00P,0.01,0.16,0.16,0.01,0.0009,632,648.0,True,PUT,2026-03-06,360.0,100.0,598,217.791,-0.00090754,7.8567e-05,0.000554506,-0.089180734,-5.476e-06,22.77,0
US.GLD260306C365000,GLD 260306 365.00C,106.8652,106.8652,0.0,0.0,106.8652,0,0.0,True,CALL,2026-03-06,365.0,100.0,5,249.878,0.995159897,0.00031232,0.002528505,-0.538904788,0.005404379,1.23,0
US.GLD260306P365000,GLD 260306 365.00P,0.01,0.09,0.09,0.01,0.0018,69,80.0,True,PUT,2026-03-06,365.0,100.0,964,206.999,-0.000952516,8.6419e-05,0.000579713,-0.088775354,-5.753e-06,21.697,0
US.GLD260306C370000,GLD 260306 370.00C,101.8682,101.8682,0.0,0.0,101.8682,0,0.0,True,CALL,2026-03-06,370.0,100.0,5,258.831,0.990979944,0.000522753,0.004383665,-0.965324351,0.00544873,1.23,0
US.GLD260306P370000,GLD 260306 370.00P,0.01,0.01,0.03,0.01,0.0038,840,853.0,True,PUT,2026-03-06,370.0,100.0,1060,196.322,-0.001001681,9.5428e-05,0.000607139,-0.08834765,-6.056e-06,20.625,0
US.GLD260306C375000,GLD 260306 375.00C,96.8729,96.8729,0.0,0.0,96.8729,0,0.0,True,CALL,2026-03-06,375.0,100.0,4,255.28,0.988092415,0.000675212,0.00558442,-1.218297996,0.005502432,1.231,0
US.GLD260306P375000,GLD 260306 375.00P,0.01,0.02,0.02,0.01,0.0076,31,32.0,True,PUT,2026-03-06,375.0,100.0,3846,185.756,-0.001055676,0.000105832,0.000637113,-0.087895064,-6.39e-06,19.552,0
US.GLD260306C380000,GLD 260306 380.00C,85.15,85.64,85.64,85.15,91.8809,2,17079.0,True,CALL,2026-03-06,380.0,100.0,22,186.333,0.998016053,0.000187662,0.001133093,-0.198430659,0.005648505,-0.21,0
US.GLD260306P380000,GLD 260306 380.00P,0.01,0.03,0.04,0.01,0.0145,149,199.0,True,PUT,2026-03-06,380.0,100.0,1288,175.294,-0.001115289,0.000117941,0.000670036,-0.087415257,-6.758e-06,18.479,0
US.GLD260306C385000,GLD 260306 385.00C,81.5,80.79,81.5,80.29,86.8941,4,32406.0,True,CALL,2026-03-06,385.0,100.0,7,190.334,0.995900528,0.0003535,0.002180052,-0.365134409,0.005707945,0.079,0
US.GLD260306P385000,GLD 260306 385.00P,0.01,0.03,0.05,0.01,0.0267,123,238.0,True,PUT,2026-03-06,385.0,100.0,1320,164.931,-0.001181478,0.000132148,0.000706392,-0.086903949,-7.166e-06,17.407,0
US.GLD260306C390000,GLD 260306 390.00C,76.53,76.6,76.6,76.53,81.9125,2,15313.0,True,CALL,2026-03-06,390.0,100.0,6,164.152,0.997820171,0.000232018,0.001234202,-0.193431707,0.005796167,0.085,0
US.GLD260306P390000,GLD 260306 390.00P,0.03,0.03,0.06,0.01,0.0441,52,160.0,True,PUT,2026-03-06,390.0,100.0,9214,160.352,-0.001767455,0.000196317,0.001020212,-0.124235794,-1.1067e-05,16.338,0
US.GLD260306C395000,GLD 260306 395.00C,76.931,76.931,0.0,0.0,76.931,0,0.0,True,CALL,2026-03-06,395.0,100.0,11,201.063,0.985235387,0.001032296,0.00672453,-1.168411662,0.005780627,1.244,0
US.GLD260306P395000,GLD 260306 395.00P,0.02,0.03,0.05,0.02,0.0616,78,354.0,True,PUT,2026-03-06,395.0,100.0,862,149.848,-0.001883757,0.000222613,0.001081113,-0.123336496,-1.1801e-05,15.263,0
US.GLD260306C399000,GLD 260306 399.00C,69.25,67.05,69.25,67.05,72.9457,4,27040.0,True,CALL,2026-03-06,399.0,100.0,0,225.108,0.966874718,0.001822655,0.013292531,-2.629124294,0.005707444,0.454,0
US.GLD260306P399000,GLD 260306 399.00P,0.03,0.04,0.05,0.03,0.0755,53,200.0,True,PUT,2026-03-06,399.0,100.0,22,141.503,-0.001987902,0.000247551,0.001135308,-0.12256733,-1.2459e-05,14.407,0
US.GLD260306C400000,GLD 260306 400.00C,65.3,67.01,68.35,65.18,71.9494,16,106501.0,True,CALL,2026-03-06,400.0,100.0,83,179.984,0.987505595,0.000998453,0.005822295,-0.907921818,0.005871659,-0.178,0
US.GLD260306P400000,GLD 260306 400.00P,0.02,0.13,0.19,0.02,0.079,1080,4801.0,True,PUT,2026-03-06,400.0,100.0,3559,143.314,-0.002561942,0.000307579,0.001428566,-0.158003561,-1.6333e-05,14.191,0
US.GLD260306C401000,GLD 260306 401.00C,64.4,66.12,67.22,64.4,70.9531,14,92066.0,True,CALL,2026-03-06,401.0,100.0,0,191.547,0.981091131,0.001338993,0.008309504,-1.383310407,0.005840501,-0.156,0
US.GLD260306P401000,GLD 260306 401.00P,0.0825,0.0825,0.0,0.0,0.0825,0,0.0,True,PUT,2026-03-06,401.0,100.0,2,165.016,-0.008205303,0.000754595,0.004034561,-0.541629199,-5.523e-05,13.99,0
US.GLD260306C402000,GLD 260306 402.00C,64.35,65.15,65.15,63.54,69.9568,6,38505.0,True,CALL,2026-03-06,402.0,100.0,0,188.823,0.980846739,0.001373225,0.008400749,-1.379500927,0.005853705,0.047,0
US.GLD260306P402000,GLD 260306 402.00P,0.086,0.086,0.0,0.0,0.086,0,0.0,True,PUT,2026-03-06,402.0,100.0,4,163.446,-0.00859508,0.000793521,0.004202317,-0.559911607,-5.7907e-05,13.776,0
US.GLD260306C403000,GLD 260306 403.00C,62.9,64.25,64.25,62.4,68.9605,6,37927.0,True,CALL,2026-03-06,403.0,100.0,0,186.101,0.980595903,0.001408802,0.008494159,-1.375635567,0.005866864,-0.049,0
US.GLD260306P403000,GLD 260306 403.00P,0.0895,0.0895,0.0,0.0,0.0895,0,0.0,True,PUT,2026-03-06,403.0,100.0,1,161.836,-0.008992369,0.000833798,0.0043721,-0.577924952,-6.0634e-05,13.562,0
US.GLD260306C404000,GLD 260306 404.00C,62.35,63.27,63.34,61.4,67.9642,8,49941.0,True,CALL,2026-03-06,404.0,100.0,0,202.466,0.969504309,0.001892632,0.012414609,-2.206613267,0.005801718,0.047,0
US.GLD260306P404000,GLD 260306 404.00P,0.0929,0.0929,0.0,0.0,0.0929,0,0.0,True,PUT,2026-03-06,404.0,100.0,4,160.165,-0.009389665,0.000874991,0.004540716,-0.595128526,-6.3361e-05,13.348,0
US.GLD260306C405000,GLD 260306 405.00C,61.48,62.37,62.44,60.5,66.9679,11,67634.0,True,CALL,2026-03-06,405.0,100.0,14,205.243,0.965473653,0.002068368,0.013753352,-2.486264152,0.005787496,0.075,0
US.GLD260306P405000,GLD 260306 405.00P,0.03,0.02,0.17,0.02,0.0964,25,136.0,True,PUT,2026-03-06,405.0,100.0,211,140.622,-0.004359994,0.000505553,0.00230375,-0.256035274,-2.8525e-05,13.12,0
US.GLD260306C406000,GLD 260306 406.00C,60.5,61.42,61.43,59.35,65.9718,7,42346.0,True,CALL,2026-03-06,406.0,100.0,0,164.599,0.986467015,0.001169808,0.006238442,-0.89368561,0.005953856,0.079,0
US.GLD260306P406000,GLD 260306 406.00P,0.09,0.06,0.09,0.06,0.1002,2,15.0,True,PUT,2026-03-06,406.0,100.0,2,154.665,-0.009422744,0.000908896,0.004554731,-0.576469239,-6.3507e-05,12.919,0
US.GLD260306C407000,GLD 260306 407.00C,58.45,60.54,60.54,57.96,64.9759,3,17695.0,True,CALL,2026-03-06,407.0,100.0,0,193.691,0.968275177,0.002044118,0.012827152,-2.185058846,0.005837884,-0.145,0
US.GLD260306P407000,GLD 260306 407.00P,0.07,0.04,0.15,0.04,0.104,23,113.0,True,PUT,2026-03-06,407.0,100.0,313,133.959,-0.003960784,0.000487005,0.002114175,-0.222823086,-2.5747e-05,12.7,0
US.GLD260306C408000,GLD 260306 408.00C,57.06,57.06,57.06,57.06,63.9799,1,5706.0,True,CALL,2026-03-06,408.0,100.0,0,192.666,0.966562598,0.002146071,0.013395611,-2.273275595,0.005840514,-0.229,0
US.GLD260306P408000,GLD 260306 408.00P,0.1079,0.1079,0.0,0.0,0.1079,0,0.0,True,PUT,2026-03-06,408.0,100.0,3,153.417,-0.011179136,0.001063574,0.00528677,-0.668734413,-7.5647e-05,12.493,0
US.GLD260306C409000,GLD 260306 409.00C,56.32,58.28,58.95,56.32,62.984,3,17355.0,True,CALL,2026-03-06,409.0,100.0,0,187.849,0.96739826,0.002155666,0.013119137,-2.170096725,0.005861596,-0.173,0
US.GLD260306P409000,GLD 260306 409.00P,0.12,0.22,0.22,0.12,0.1118,2,34.0,True,PUT,2026-03-06,409.0,100.0,7,153.13,-0.012320699,0.001159389,0.005752224,-0.729367349,-8.3556e-05,12.281,0
US.GLD260306C410000,GLD 260306 410.00C,55.43,57.4,58.05,55.42,61.9881,5,28230.0,True,CALL,2026-03-06,410.0,100.0,58,132.651,0.994420657,0.00066764,0.002869797,-0.344180551,0.00607022,-0.15,0
US.GLD260306P410000,GLD 260306 410.00P,0.03,0.02,0.09,0.02,0.1156,222,1681.0,True,PUT,2026-03-06,410.0,100.0,875,125.002,-0.003573736,0.000475929,0.001928069,-0.188689436,-2.3043e-05,12.048,0
US.GLD260306C411000,GLD 260306 411.00C,54.35,57.11,57.11,53.81,60.9924,6,32912.0,True,CALL,2026-03-06,411.0,100.0,0,155.413,0.983560374,0.001464531,0.00737425,-1.001254598,0.006007799,-0.167,0
US.GLD260306P411000,GLD 260306 411.00P,0.1,0.07,0.1,0.05,0.1197,21,134.0,True,PUT,2026-03-06,411.0,100.0,13,144.552,-0.011025092,0.001115262,0.005223415,-0.622008253,-7.4421e-05,11.848,0
US.GLD260306C412000,GLD 260306 412.00C,53.45,56.22,56.22,52.91,59.9971,6,32376.0,True,CALL,2026-03-06,412.0,100.0,0,179.096,0.965985743,0.002341407,0.013585483,-2.146686384,0.005896488,-0.145,0
US.GLD260306P412000,GLD 260306 412.00P,0.05,0.07,0.1,0.05,0.1243,3,22.0,True,PUT,2026-03-06,412.0,100.0,5,130.34,-0.006476572,0.000775484,0.003275289,-0.343313729,-4.2883e-05,11.623,0
US.GLD260306C413000,GLD 260306 413.00C,53.39,52.23,53.39,52.23,59.0019,3,15895.0,True,CALL,2026-03-06,413.0,100.0,0,174.33,0.966881212,0.002353162,0.013290412,-2.043734178,0.005917985,0.055,0
US.GLD260306P413000,GLD 260306 413.00P,0.13,0.17,0.25,0.09,0.1288,15,218.0,True,PUT,2026-03-06,413.0,100.0,3,144.777,-0.013933182,0.001363811,0.006397338,-0.770908712,-9.4564e-05,11.425,0
US.GLD260306C414000,GLD 260306 414.00C,52.48,51.33,52.48,51.33,58.0067,5,26109.0,True,CALL,2026-03-06,414.0,100.0,101,130.569,0.991453988,0.000988365,0.004181492,-0.484975229,0.006108844,0.075,0
US.GLD260306P414000,GLD 260306 414.00P,0.12,0.15,0.15,0.08,0.1334,4,45.0,True,PUT,2026-03-06,414.0,100.0,198,140.687,-0.013312531,0.001349345,0.006150709,-0.718726599,-9.0173e-05,11.209,0
US.GLD260306C415000,GLD 260306 415.00C,51.53,51.54,51.54,51.53,57.0114,2,10307.0,True,CALL,2026-03-06,415.0,100.0,32,153.595,0.976965653,0.00197347,0.009820397,-1.32408771,0.006020468,0.085,0
US.GLD260306P415000,GLD 260306 415.00P,0.02,0.1,0.23,0.02,0.138,83,659.0,True,PUT,2026-03-06,415.0,100.0,1121,118.569,-0.005107329,0.000690448,0.002653034,-0.250202472,-3.3389e-05,10.973,0
US.GLD260306C416000,GLD 260306 416.00C,50.66,50.66,50.66,50.66,56.0162,3,15198.0,True,CALL,2026-03-06,416.0,100.0,15,179.986,0.953236368,0.003017653,0.017596137,-2.819225398,0.00586453,0.113,0
US.GLD260306P416000,GLD 260306 416.00P,0.09,0.11,0.14,0.08,0.1425,8,74.0,True,PUT,2026-03-06,416.0,100.0,293,130.516,-0.011010326,0.001233757,0.005217432,-0.560712259,-7.4053e-05,10.773,0
US.GLD260306C417000,GLD 260306 417.00C,48.45,48.76,48.76,48.45,55.021,6,29225.0,True,CALL,2026-03-06,417.0,100.0,7,142.879,0.979959481,0.001885945,0.008730214,-1.095524608,0.00607182,-0.145,0
US.GLD260306P417000,GLD 260306 417.00P,0.05,0.24,0.24,0.05,0.1471,21,251.0,True,PUT,2026-03-06,417.0,100.0,93,134.754,-0.014873756,0.001550026,0.006767497,-0.761031218,-0.000100844,10.55,0
US.GLD260306C418000,GLD 260306 418.00C,47.55,47.55,47.55,47.55,54.0257,1,4755.0,True,CALL,2026-03-06,418.0,100.0,75,168.042,0.957062195,0.003017471,0.016427513,-2.453597126,0.005922408,-0.124,0
US.GLD260306P418000,GLD 260306 418.00P,0.08,0.07,0.08,0.07,0.1517,30,215.0,True,PUT,2026-03-06,418.0,100.0,91,123.769,-0.010394672,0.001237427,0.004962544,-0.50436183,-6.968e-05,10.342,0
US.GLD260306C419000,GLD 260306 419.00C,53.0305,53.0305,0.0,0.0,53.0305,0,0.0,True,CALL,2026-03-06,419.0,100.0,26,166.528,0.955003017,0.003162142,0.017059957,-2.528755646,0.00592263,1.265,0
US.GLD260306P419000,GLD 260306 419.00P,0.18,0.08,0.18,0.08,0.1562,4,46.0,True,PUT,2026-03-06,419.0,100.0,313,131.824,-0.016727501,0.00175242,0.007484723,-0.82756825,-0.000113605,10.149,0
US.GLD260306C420000,GLD 260306 420.00C,45.28,49.55,49.55,45.28,52.0353,60,281475.0,True,CALL,2026-03-06,420.0,100.0,228,137.643,0.976925637,0.002205396,0.009834822,-1.192592474,0.006095074,-0.182,0
US.GLD260306P420000,GLD 260306 420.00P,0.08,0.13,0.14,0.05,0.1608,137,1513.0,True,PUT,2026-03-06,420.0,100.0,6124,113.496,-0.008021346,0.001075477,0.003955381,-0.364290036,-5.3205e-05,9.913,0
US.GLD260306C421000,GLD 260306 421.00C,51.04,51.04,0.0,0.0,51.04,0,0.0,True,CALL,2026-03-06,421.0,100.0,63,139.674,0.972678637,0.002503924,0.011330737,-1.397318387,0.006079722,1.267,0
US.GLD260306P421000,GLD 260306 421.00P,0.07,0.12,0.12,0.07,0.1654,2,19.0,True,PUT,2026-03-06,421.0,100.0,209,114.636,-0.009884798,0.001278648,0.004749636,-0.445981608,-6.5995e-05,9.696,0
US.GLD260306C422000,GLD 260306 422.00C,50.0448,50.0448,0.0,0.0,50.0448,0,0.0,True,CALL,2026-03-06,422.0,100.0,11,136.943,0.972195949,0.002591427,0.011497364,-1.391368933,0.00609127,1.268,0
US.GLD260306P422000,GLD 260306 422.00P,0.1,0.11,0.14,0.08,0.1699,16,188.0,True,PUT,2026-03-06,422.0,100.0,151,116.948,-0.012776277,0.001566555,0.00593617,-0.575180293,-8.5924e-05,9.488,0
US.GLD260306C423000,GLD 260306 423.00C,49.0496,49.0496,0.0,0.0,49.0496,0,0.0,True,CALL,2026-03-06,423.0,100.0,40,154.448,0.951927087,0.003595294,0.017989755,-2.480465341,0.005960866,1.269,0
US.GLD260306P423000,GLD 260306 423.00P,0.12,0.2,0.2,0.09,0.1745,19,288.0,True,PUT,2026-03-06,423.0,100.0,179,118.359,-0.015578081,0.001836286,0.00704198,-0.696642546,-0.000105277,9.278,0
US.GLD260306C424000,GLD 260306 424.00C,48.0543,48.0543,0.0,0.0,48.0543,0,0.0,True,CALL,2026-03-06,424.0,100.0,371,151.424,0.951087043,0.003718245,0.018240684,-2.46773651,0.005969932,1.27,0
US.GLD260306P424000,GLD 260306 424.00P,0.12,0.19,0.19,0.12,0.1791,26,404.0,True,PUT,2026-03-06,424.0,100.0,969,115.88,-0.015879833,0.00190669,0.007158838,-0.693904376,-0.000107288,9.063,0
US.GLD260306C425000,GLD 260306 425.00C,47.0656,47.0656,0.0,0.0,47.0656,0,0.0,True,CALL,2026-03-06,425.0,100.0,89,148.397,0.950215236,0.003847965,0.018499774,-2.454715281,0.005978776,1.273,0
US.GLD260306P425000,GLD 260306 425.00P,0.07,0.21,0.21,0.07,0.1901,203,2391.0,True,PUT,2026-03-06,425.0,100.0,2945,108.038,-0.012427006,0.001655543,0.005795581,-0.517997465,-8.3301e-05,8.838,0
US.GLD260306C426000,GLD 260306 426.00C,46.0768,46.0768,0.0,0.0,46.0768,0,0.0,True,CALL,2026-03-06,426.0,100.0,27,126.009,0.970070695,0.002994108,0.012223324,-1.366208523,0.006136112,1.275,0
US.GLD260306P426000,GLD 260306 426.00P,0.1,0.21,0.21,0.1,0.2011,30,390.0,True,PUT,2026-03-06,426.0,100.0,223,101.949,-0.010291721,0.001489278,0.004919975,-0.411414752,-6.8511e-05,8.63,0
US.GLD260306C427000,GLD 260306 427.00C,45.088,45.088,0.0,0.0,45.088,0,0.0,True,CALL,2026-03-06,427.0,100.0,207,114.062,0.97835227,0.002521865,0.009319558,-0.942922394,0.006210048,1.278,0
US.GLD260306P427000,GLD 260306 427.00P,0.18,0.18,0.25,0.09,0.2122,70,1179.0,True,PUT,2026-03-06,427.0,100.0,166,115.391,-0.022855481,0.002609618,0.009756286,-0.956747362,-0.000155483,8.433,0
US.GLD260306C428000,GLD 260306 428.00C,44.0992,44.0992,0.0,0.0,44.0992,0,0.0,True,CALL,2026-03-06,428.0,100.0,38,139.303,0.947388194,0.004283351,0.019330867,-2.413781047,0.00600384,1.28,0
US.GLD260306P428000,GLD 260306 428.00P,0.08,0.2,0.27,0.08,0.2232,67,960.0,True,PUT,2026-03-06,428.0,100.0,268,101.677,-0.013822309,0.00192857,0.006353851,-0.536867915,-9.2711e-05,8.197,0
US.GLD260306C429000,GLD 260306 429.00C,43.1104,43.1104,0.0,0.0,43.1104,0,0.0,True,CALL,2026-03-06,429.0,100.0,21,138.755,0.943249714,0.004565573,0.020523512,-2.558063541,0.005989242,1.282,0
US.GLD260306P429000,GLD 260306 429.00P,0.13,0.18,0.22,0.12,0.2342,63,1007.0,True,PUT,2026-03-06,429.0,100.0,1142,111.159,-0.024790178,0.002900497,0.010445972,-0.990165035,-0.000168692,7.993,0
US.GLD260306C430000,GLD 260306 430.00C,35.4,38.9,38.9,35.4,42.1217,5,18867.0,True,CALL,2026-03-06,430.0,100.0,119,126.533,0.953804425,0.004250532,0.017424312,-1.973077931,0.00608009,-0.156,0
US.GLD260306P430000,GLD 260306 430.00P,0.11,0.29,0.29,0.1,0.2452,248,4000.0,True,PUT,2026-03-06,430.0,100.0,1504,99.028,-0.016249238,0.00227556,0.007301526,-0.605110555,-0.0001093,7.774,0
US.GLD260306C431000,GLD 260306 431.00C,41.1394,41.1394,0.0,0.0,41.1394,0,0.0,True,CALL,2026-03-06,431.0,100.0,146,112.307,0.96687107,0.003653656,0.013293875,-1.33115878,0.006188392,1.289,0
US.GLD260306P431000,GLD 260306 431.00P,0.18,0.22,0.25,0.14,0.2628,23,429.0,True,PUT,2026-03-06,431.0,100.0,133,111.768,-0.032496422,0.00361337,0.013084254,-1.261616381,-0.00022211,7.575,0
US.GLD260306C432000,GLD 260306 432.00C,40.1572,40.1572,0.0,0.0,40.1572,0,0.0,True,CALL,2026-03-06,432.0,100.0,92,111.358,0.963915668,0.003952733,0.014260428,-1.418234116,0.006182387,1.292,0
US.GLD260306P432000,GLD 260306 432.00P,0.17,0.15,0.2,0.15,0.2804,12,208.0,True,PUT,2026-03-06,432.0,100.0,341,95.41,-0.018223607,0.002604977,0.008053013,-0.646171263,-0.000122741,7.358,0
US.GLD260306C433000,GLD 260306 433.00C,39.175,39.175,0.0,0.0,39.175,0,0.0,True,CALL,2026-03-06,433.0,100.0,21,125.251,0.940127727,0.005275102,0.021405176,-2.41558214,0.006027531,1.296,0
US.GLD260306P433000,GLD 260306 433.00P,0.18,0.16,0.24,0.16,0.298,27,549.0,True,PUT,2026-03-06,433.0,100.0,326,97.346,-0.023323123,0.003146557,0.009924259,-0.821316492,-0.000157929,7.146,0
US.GLD260306C434000,GLD 260306 434.00C,31.75,31.75,31.75,31.75,38.1927,2,6350.0,True,CALL,2026-03-06,434.0,100.0,1521,90.684,0.980638407,0.00288573,0.008479024,-0.690649645,0.006330995,-0.081,0
US.GLD260306P434000,GLD 260306 434.00P,0.09,0.22,0.22,0.09,0.3155,25,488.0,True,PUT,2026-03-06,434.0,100.0,276,97.134,-0.026664167,0.003528062,0.011103008,-0.922174362,-0.00018096,6.912,0
US.GLD260306C435000,GLD 260306 435.00C,30.72,30.72,30.72,30.72,37.2105,1,3072.0,True,CALL,2026-03-06,435.0,100.0,292,93.331,0.974150012,0.003577872,0.010818999,-0.90462085,0.006300068,-0.087,0
US.GLD260306P435000,GLD 260306 435.00P,0.25,0.31,0.31,0.11,0.3331,210,3898.0,True,PUT,2026-03-06,435.0,100.0,1417,98.221,-0.032114544,0.004071806,0.0129573,-1.096975385,-0.000218661,6.732,0
US.GLD260306C436000,GLD 260306 436.00C,30.7,30.7,30.7,30.7,36.2344,2,6140.0,True,CALL,2026-03-06,436.0,100.0,144,79.003,0.986694465,0.002401835,0.006148959,-0.445257662,0.006403624,0.122,0
US.GLD260306P436000,GLD 260306 436.00P,0.18,0.26,0.26,0.18,0.3568,13,264.0,True,PUT,2026-03-06,436.0,100.0,611,93.968,-0.03078596,0.004109998,0.012512602,-1.011501177,-0.000209224,6.502,0
US.GLD260306C437000,GLD 260306 437.00C,29.93,28.66,30.4,28.66,35.2607,7,20882.0,True,CALL,2026-03-06,437.0,100.0,31,100.439,0.954703699,0.005270863,0.017151119,-1.549249252,0.006192145,0.171,0
US.GLD260306P437000,GLD 260306 437.00P,0.18,0.23,0.27,0.18,0.3829,22,456.0,True,PUT,2026-03-06,437.0,100.0,447,93.186,-0.034299403,0.004530901,0.013679139,-1.101645101,-0.000233429,6.287,0
US.GLD260306C438000,GLD 260306 438.00C,29.01,27.69,29.58,27.69,34.287,8,23027.0,True,CALL,2026-03-06,438.0,100.0,67,106.461,0.938608443,0.006329005,0.021828744,-2.101085622,0.006092604,0.188,0
US.GLD260306P438000,GLD 260306 438.00P,0.29,0.27,0.4,0.22,0.4091,6,193.0,True,PUT,2026-03-06,438.0,100.0,205,90.11,-0.034661209,0.004726168,0.013797573,-1.074873984,-0.000235714,6.097,0
US.GLD260306C439000,GLD 260306 439.00C,26.92,29.32,29.32,26.73,33.3137,10,28071.0,True,CALL,2026-03-06,439.0,100.0,1378,67.55,0.989972637,0.002197272,0.00481085,-0.308737089,0.006471482,-0.045,0
US.GLD260306P439000,GLD 260306 439.00P,0.23,0.22,0.38,0.22,0.4356,33,899.0,True,PUT,2026-03-06,439.0,100.0,440,86.677,-0.034475724,0.004891728,0.013736916,-1.029035317,-0.00023419,5.869,0
US.GLD260306C440000,GLD 260306 440.00C,25.93,28.42,28.86,25.72,32.3404,29,77534.0,True,CALL,2026-03-06,440.0,100.0,436,65.303,0.989671282,0.002332344,0.004936819,-0.307039111,0.00648429,-0.042,0
US.GLD260306P440000,GLD 260306 440.00P,0.21,0.42,0.45,0.18,0.4621,803,23034.0,True,PUT,2026-03-06,440.0,100.0,3675,85.695,-0.038327945,0.005395914,0.014980816,-1.114450829,-0.000260678,5.65,0
US.GLD260306C441000,GLD 260306 441.00C,24.96,27.4,27.96,24.82,31.3671,8,21074.0,True,CALL,2026-03-06,441.0,100.0,428,105.199,0.918210805,0.00798353,0.027208561,-2.607285335,0.0059926,-0.036,0
US.GLD260306P441000,GLD 260306 441.00P,0.23,0.4,0.4,0.23,0.4886,35,1052.0,True,PUT,2026-03-06,441.0,100.0,735,80.912,-0.035890848,0.005416112,0.014197792,-0.994324595,-0.000243504,5.44,0
US.GLD260306C442000,GLD 260306 442.00C,24.73,26.0,27.13,23.74,30.3938,14,35791.0,True,CALL,2026-03-06,442.0,100.0,42,86.016,0.948171693,0.006854673,0.019101626,-1.487556599,0.00622127,0.128,0
US.GLD260306P442000,GLD 260306 442.00P,0.23,0.41,0.47,0.23,0.5151,41,1293.0,True,PUT,2026-03-06,442.0,100.0,632,82.031,-0.044111671,0.006317347,0.016788827,-1.202488114,-0.000300246,5.226,0
US.GLD260306C443000,GLD 260306 443.00C,23.78,25.4,25.87,22.76,29.4233,42,103781.0,True,CALL,2026-03-06,443.0,100.0,106,80.44,0.952062242,0.006887523,0.01794902,-1.308193087,0.00626395,0.139,0
US.GLD260306P443000,GLD 260306 443.00P,0.28,0.48,0.53,0.21,0.5444,55,2173.0,True,PUT,2026-03-06,443.0,100.0,422,78.031,-0.043114955,0.006519805,0.016482037,-1.121726551,-0.000292997,5.022,0
US.GLD260306C444000,GLD 260306 444.00C,22.87,22.67,22.87,21.2,28.4528,11,24550.0,True,CALL,2026-03-06,444.0,100.0,255,60.117,0.983071896,0.003882096,0.007563248,-0.423953041,0.006497672,0.158,0
US.GLD260306P444000,GLD 260306 444.00P,0.28,0.55,0.55,0.27,0.5737,50,2041.0,True,PUT,2026-03-06,444.0,100.0,731,78.838,-0.052157547,0.007516465,0.019197752,-1.330591873,-0.0003554,4.807,0
US.GLD260306C445000,GLD 260306 445.00C,21.79,20.69,22.25,20.53,27.5012,14,29693.0,True,CALL,2026-03-06,445.0,100.0,161,77.253,0.943128394,0.008214095,0.020557538,-1.4444895,0.006230934,0.141,0
US.GLD260306P445000,GLD 260306 445.00P,0.3,0.67,0.67,0.28,0.6219,500,21193.0,True,PUT,2026-03-06,445.0,100.0,3829,77.669,-0.05783165,0.008278333,0.020829946,-1.428295523,-0.000394392,4.597,0
US.GLD260306C446000,GLD 260306 446.00C,20.57,23.43,23.43,20.57,26.5496,6,12941.0,True,CALL,2026-03-06,446.0,100.0,439,62.548,0.968138384,0.006352512,0.012873495,-0.736458158,0.006422596,0.094,0
US.GLD260306P446000,GLD 260306 446.00P,0.35,0.54,0.83,0.32,0.6702,38,1988.0,True,PUT,2026-03-06,446.0,100.0,711,75.638,-0.062045659,0.008982113,0.022009455,-1.473804564,-0.000423184,4.393,0
US.GLD260306C447000,GLD 260306 447.00C,20.07,21.1,22.07,19.04,25.598,27,58203.0,True,CALL,2026-03-06,447.0,100.0,330,63.363,0.958984526,0.007711213,0.01582954,-0.916095947,0.006373148,0.201,0
US.GLD260306P447000,GLD 260306 447.00P,0.36,0.65,0.77,0.35,0.7184,44,2497.0,True,PUT,2026-03-06,447.0,100.0,767,74.578,-0.069239638,0.009918632,0.023963416,-1.58910214,-0.000472637,4.181,0
US.GLD260306C448000,GLD 260306 448.00C,18.99,18.9,19.84,17.44,24.6464,13,24331.0,True,CALL,2026-03-06,448.0,100.0,472,63.488,0.949959615,0.009031072,0.018574941,-1.078085976,0.006324597,0.184,0
US.GLD260306P448000,GLD 260306 448.00P,0.4,0.72,0.89,0.4,0.7666,207,12365.0,True,PUT,2026-03-06,448.0,100.0,487,73.681,-0.077717872,0.010966652,0.026176708,-1.722836575,-0.000530962,3.975,0
US.GLD260306C449000,GLD 260306 449.00C,18.05,18.8,18.8,16.47,23.7048,18,32123.0,True,CALL,2026-03-06,449.0,100.0,729,65.385,0.934367983,0.010854822,0.022992459,-1.377223563,0.006229673,0.197,0
US.GLD260306P449000,GLD 260306 449.00P,0.43,0.79,0.91,0.43,0.8249,49,3277.0,True,PUT,2026-03-06,449.0,100.0,407,71.999,-0.084889715,0.011995794,0.027979093,-1.805527957,-0.000580112,3.767,0
US.GLD260306C450000,GLD 260306 450.00C,17.04,19.23,19.23,15.83,22.7633,46,77894.0,True,CALL,2026-03-06,450.0,100.0,4825,69.863,0.908503003,0.013072938,0.02958696,-1.901735544,0.006061876,0.195,0
US.GLD260306P450000,GLD 260306 450.00P,0.55,0.82,1.1,0.5,0.8832,3753,279805.0,True,PUT,2026-03-06,450.0,100.0,19123,70.827,-0.09445634,0.013202046,0.030291242,-1.930775455,-0.000645835,3.578,0
US.GLD260306C451000,GLD 260306 451.00C,16.2,17.35,18.33,14.86,21.8381,32,52646.0,True,CALL,2026-03-06,451.0,100.0,654,63.171,0.916037523,0.013559856,0.027749135,-1.613875408,0.006130621,0.229,0
US.GLD260306P451000,GLD 260306 451.00P,0.65,0.79,1.17,0.53,0.9579,167,14501.0,True,PUT,2026-03-06,451.0,100.0,778,68.178,-0.100366522,0.014339426,0.031670111,-1.947454527,-0.000685964,3.385,0
US.GLD260306C452000,GLD 260306 452.00C,15.3,16.63,17.28,13.98,20.9259,39,60170.0,True,CALL,2026-03-06,452.0,100.0,709,61.694,0.906305058,0.015066105,0.030110433,-1.714673131,0.006077153,0.251,0
US.GLD260306P452000,GLD 260306 452.00P,0.61,0.95,1.35,0.55,1.0455,221,20294.0,True,PUT,2026-03-06,452.0,100.0,749,68.235,-0.116172715,0.015918408,0.035186664,-2.177339486,-0.000794894,3.162,0
US.GLD260306C453000,GLD 260306 453.00C,13.13,18.16,18.5,13.13,20.0136,192,287445.0,True,CALL,2026-03-06,453.0,100.0,397,63.68,0.882598626,0.017184465,0.03544996,-2.09173048,0.005924727,0.0,0
US.GLD260306P453000,GLD 260306 453.00P,0.67,1.1,1.39,0.67,1.1331,224,23760.0,True,PUT,2026-03-06,453.0,100.0,1234,67.058,-0.129349464,0.01746583,0.03794112,-2.316180671,-0.000885338,2.96,0
US.GLD260306C454000,GLD 260306 454.00C,13.78,17.28,17.6,12.64,19.1062,215,303150.0,True,CALL,2026-03-06,454.0,100.0,367,63.508,0.864616773,0.019030748,0.039152318,-2.311097535,0.005812822,0.353,0
US.GLD260306P454000,GLD 260306 454.00P,0.85,1.21,1.54,0.81,1.2255,148,16346.0,True,PUT,2026-03-06,454.0,100.0,628,66.831,-0.147378629,0.019155792,0.041471648,-2.534724497,-0.001009461,2.784,0
US.GLD260306C455000,GLD 260306 455.00C,12.79,14.88,14.88,11.4,18.2206,71,90391.0,True,CALL,2026-03-06,455.0,100.0,441,62.896,0.846408061,0.020921677,0.04262841,-2.499325117,0.005699341,0.356,0
US.GLD260306P455000,GLD 260306 455.00P,1.0,1.41,1.82,0.85,1.3398,3500,442247.0,True,PUT,2026-03-06,455.0,100.0,5261,63.343,-0.155271946,0.020924467,0.042935736,-2.491274437,-0.001062463,2.602,0
US.GLD260306C456000,GLD 260306 456.00C,11.15,12.79,12.79,10.6,17.3351,50,58574.0,True,CALL,2026-03-06,456.0,100.0,306,62.449,0.825678151,0.02287629,0.046279836,-2.701836375,0.005567969,0.218,0
US.GLD260306P456000,GLD 260306 456.00P,1.02,1.43,1.9,0.94,1.4542,208,27460.0,True,PUT,2026-03-06,456.0,100.0,579,63.928,-0.179817919,0.022789999,0.047196182,-2.777279591,-0.001231547,2.392,0
US.GLD260306C457000,GLD 260306 457.00C,10.78,13.07,13.28,9.67,16.4611,89,100160.0,True,CALL,2026-03-06,457.0,100.0,503,60.578,0.808332187,0.025021306,0.049102698,-2.787510802,0.005460855,0.353,0
US.GLD260306P457000,GLD 260306 457.00P,1.18,1.67,2.16,1.05,1.5801,261,42090.0,True,PUT,2026-03-06,457.0,100.0,514,61.875,-0.19656853,0.024877079,0.049863423,-2.847645294,-0.001345656,2.211,0
US.GLD260306C458000,GLD 260306 458.00C,9.62,12.85,12.85,9.02,15.5871,128,136128.0,True,CALL,2026-03-06,458.0,100.0,366,59.887,0.784360896,0.027153168,0.052679276,-2.964068075,0.005306588,0.319,0
US.GLD260306P458000,GLD 260306 458.00P,1.35,1.58,2.43,1.12,1.706,758,140716.0,True,PUT,2026-03-06,458.0,100.0,666,60.629,-0.218399107,0.027019558,0.053067369,-2.978750432,-0.001494812,2.033,0
US.GLD260306C459000,GLD 260306 459.00C,8.87,12.4,12.4,8.25,14.7312,102,98809.0,True,CALL,2026-03-06,459.0,100.0,205,60.119,0.754929902,0.029055629,0.056589047,-3.204269628,0.005113268,0.373,0
US.GLD260306P459000,GLD 260306 459.00P,1.55,1.64,2.5,1.2,1.85,388,76546.0,True,PUT,2026-03-06,459.0,100.0,858,60.987,-0.248078642,0.02883113,0.056959531,-3.227524396,-0.001698577,1.862,0
US.GLD260306C460000,GLD 260306 460.00C,8.17,11.25,11.25,7.2,13.8913,250,216994.0,True,CALL,2026-03-06,460.0,100.0,2882,60.239,0.72413413,0.03082131,0.060149015,-3.419962895,0.004910092,0.437,0
US.GLD260306P460000,GLD 260306 460.00P,1.77,1.94,3.0,1.45,2.01,1748,380426.0,True,PUT,2026-03-06,460.0,100.0,3578,61.223,-0.278961114,0.030493596,0.060477287,-3.450302234,-0.001910302,1.694,0
US.GLD260306C461000,GLD 260306 461.00C,7.5,9.59,9.86,6.82,13.0513,739,582495.0,True,CALL,2026-03-06,461.0,100.0,311,60.637,0.690987364,0.032279025,0.063410061,-3.63565788,0.004689835,0.508,0
US.GLD260306P461000,GLD 260306 461.00P,1.93,2.21,3.22,1.66,2.17,634,140325.0,True,PUT,2026-03-06,461.0,100.0,752,58.727,-0.303605308,0.033071786,0.062915988,-3.44908521,-0.002076583,1.514,0
US.GLD260306C462000,GLD 260306 462.00C,6.75,9.13,9.99,6.0,12.2578,715,526227.0,True,CALL,2026-03-06,462.0,100.0,1657,59.363,0.660672124,0.034265872,0.065899799,-3.704525441,0.004490371,0.562,0
US.GLD260306P462000,GLD 260306 462.00P,2.38,2.15,3.75,1.8,2.3764,1863,498790.0,True,PUT,2026-03-06,462.0,100.0,2528,58.366,-0.336906522,0.034757473,0.065716511,-3.587649709,-0.002303259,1.396,0
US.GLD260306C463000,GLD 260306 463.00C,6.12,9.04,9.04,5.2,11.4763,107,69302.0,True,CALL,2026-03-06,463.0,100.0,189,59.503,0.625231029,0.035397892,0.068238291,-3.849217561,0.004253427,0.641,0
US.GLD260306P463000,GLD 260306 463.00P,2.55,2.72,4.1,2.01,2.5949,522,152198.0,True,PUT,2026-03-06,463.0,100.0,722,57.366,-0.370614285,0.036589242,0.067993922,-3.653568485,-0.002531214,1.218,0
US.GLD260306C464000,GLD 260306 464.00C,5.4,7.57,7.57,4.89,10.6949,896,511044.0,True,CALL,2026-03-06,464.0,100.0,582,57.336,0.59211584,0.037621713,0.069883453,-3.801880917,0.004034507,0.701,0
US.GLD260306P464000,GLD 260306 464.00P,3.0,3.01,4.55,2.25,2.8135,1161,400028.0,True,PUT,2026-03-06,464.0,100.0,1572,57.399,-0.408007525,0.037586929,0.069887017,-3.761519695,-0.002784488,1.1,0
US.GLD260306C465000,GLD 260306 465.00C,4.75,7.12,7.5,4.1,9.9464,1675,859526.0,True,CALL,2026-03-06,465.0,100.0,4721,56.132,0.554945564,0.039110709,0.071124449,-3.789881819,0.003785921,0.776,0
US.GLD260306P465000,GLD 260306 465.00P,3.35,3.22,5.15,2.5,3.065,2443,980954.0,True,PUT,2026-03-06,465.0,100.0,2509,56.265,-0.445202046,0.039025517,0.071126212,-3.754152733,-0.003033416,0.961,0
US.GLD260306C466000,GLD 260306 466.00C,4.15,6.54,6.89,3.7,9.2314,1392,641842.0,True,CALL,2026-03-06,466.0,100.0,743,55.806,0.515606728,0.039685835,0.071751803,-3.800784453,0.003520777,0.862,0
US.GLD260306P466000,GLD 260306 466.00P,3.71,3.35,5.22,2.88,3.35,2054,879629.0,True,PUT,2026-03-06,466.0,100.0,1571,56.983,-0.484580508,0.038872857,0.071750954,-3.835690615,-0.003298558,0.823,0
US.GLD260306C467000,GLD 260306 467.00C,3.6,6.64,6.64,3.0,8.5625,1387,620026.0,True,CALL,2026-03-06,467.0,100.0,431,55.278,0.475618243,0.040020802,0.071672558,-3.758591987,0.003250746,0.958,0
US.GLD260306P467000,GLD 260306 467.00P,4.05,3.71,5.75,3.23,3.6812,1769,817817.0,True,PUT,2026-03-06,467.0,100.0,1858,55.759,-0.524150855,0.039685024,0.071672508,-3.746435966,-0.003559243,0.682,0
US.GLD260306C468000,GLD 260306 468.00C,3.21,6.4,6.4,2.8,7.9235,1425,549550.0,True,CALL,2026-03-06,468.0,100.0,1065,55.803,0.436569972,0.039215151,0.070896892,-3.749048476,0.002985535,1.089,0
US.GLD260306P468000,GLD 260306 468.00P,4.55,3.91,6.35,3.45,4.0423,910,456599.0,True,PUT,2026-03-06,468.0,100.0,1008,55.372,-0.564046677,0.039520288,0.07087605,-3.674470188,-0.003820945,0.574,0
US.GLD260306C469000,GLD 260306 469.00C,2.8,5.8,6.0,2.55,7.2845,515,198233.0,True,CALL,2026-03-06,469.0,100.0,375,55.281,0.396892043,0.038746625,0.069394103,-3.629619475,0.00271647,1.216,0
US.GLD260306P469000,GLD 260306 469.00P,5.12,4.24,6.82,3.79,4.4035,630,324214.0,True,PUT,2026-03-06,469.0,100.0,524,55.849,-0.602068165,0.038391169,0.069439364,-3.624764084,-0.004069481,0.482,0
US.GLD260306C470000,GLD 260306 470.00C,2.38,5.29,6.0,2.0,6.6559,3196,967630.0,True,CALL,2026-03-06,470.0,100.0,4385,55.946,0.360672577,0.037175876,0.06738041,-3.559435915,0.002469647,1.34,0
US.GLD260306P470000,GLD 260306 470.00P,6.05,5.35,7.67,4.36,4.775,782,447620.0,True,PUT,2026-03-06,470.0,100.0,2472,53.928,-0.644691953,0.038381518,0.067024614,-3.368042047,-0.004335903,0.467,0
US.GLD260306C471000,GLD 260306 471.00C,2.14,4.41,5.1,1.75,6.1278,670,189664.0,True,CALL,2026-03-06,471.0,100.0,262,55.862,0.324270691,0.03576233,0.06472026,-3.405188062,0.00222178,1.503,0
US.GLD260306P471000,GLD 260306 471.00P,6.52,5.82,8.25,4.9,5.2471,72,44984.0,True,PUT,2026-03-06,471.0,100.0,998,50.458,-0.693966022,0.038649943,0.063133548,-2.953220179,-0.00462769,0.353,0
US.GLD260306C472000,GLD 260306 472.00C,1.76,4.05,4.6,1.39,5.6298,647,158690.0,True,CALL,2026-03-06,472.0,100.0,2304,54.955,0.286501769,0.034407956,0.061257644,-3.160442506,0.001964638,1.636,0
US.GLD260306P472000,GLD 260306 472.00P,7.56,5.58,9.07,5.34,5.7494,62,45362.0,True,PUT,2026-03-06,472.0,100.0,599,54.289,-0.716046522,0.034705006,0.060991601,-3.063939081,-0.004776106,0.362,0
US.GLD260306C473000,GLD 260306 473.00C,1.33,4.03,4.03,1.33,5.1319,307,67382.0,True,CALL,2026-03-06,473.0,100.0,3022,55.438,0.255451218,0.032209964,0.057847348,-3.000486314,0.00175239,1.759,0
US.GLD260306P473000,GLD 260306 473.00P,7.75,7.0,9.57,6.45,6.2517,125,111139.0,True,PUT,2026-03-06,473.0,100.0,405,54.47,-0.748537809,0.032539851,0.057364117,-2.878475702,-0.004966548,0.188,0
US.GLD260306C474000,GLD 260306 474.00C,1.26,3.19,3.4,1.16,4.6339,615,113158.0,True,CALL,2026-03-06,474.0,100.0,2039,55.777,0.226209162,0.02996393,0.054142002,-2.814632189,0.00155241,1.958,0
US.GLD260306P474000,GLD 260306 474.00P,8.69,7.1,10.5,6.4,6.7541,42,40194.0,True,PUT,2026-03-06,474.0,100.0,638,52.66,-0.787466934,0.030658317,0.052226768,-2.515303852,-0.005170364,0.175,0
US.GLD260306C475000,GLD 260306 475.00C,1.1,5.65,5.65,0.97,4.1787,2595,390244.0,True,CALL,2026-03-06,475.0,100.0,41827,56.288,0.200072054,0.027638942,0.050397678,-2.633111672,0.001373482,2.138,0
US.GLD260306P475000,GLD 260306 475.00P,9.65,7.75,11.55,7.22,7.2993,292,278831.0,True,PUT,2026-03-06,475.0,100.0,6937,53.539,-0.812276554,0.027994457,0.048468195,-2.36071492,-0.005300032,0.167,0
US.GLD260306C476000,GLD 260306 476.00C,1.03,2.81,2.81,0.83,3.7655,922,123306.0,True,CALL,2026-03-06,476.0,100.0,2283,56.203,0.173713918,0.02536216,0.046176166,-2.397108217,0.001193093,2.338,0
US.GLD260306P476000,GLD 260306 476.00P,10.64,8.53,12.15,8.17,7.8865,47,48031.0,True,PUT,2026-03-06,476.0,100.0,278,56.181,-0.826565195,0.025388899,0.046119678,-2.350081838,-0.005383373,0.165,0
US.GLD260306C477000,GLD 260306 477.00C,0.71,2.48,2.48,0.71,3.3523,806,96621.0,True,CALL,2026-03-06,477.0,100.0,2362,55.998,0.149125712,0.023042258,0.041798863,-2.149999275,0.001024704,2.484,0
US.GLD260306P477000,GLD 260306 477.00P,11.32,10.39,12.99,9.75,8.4738,123,146707.0,True,PUT,2026-03-06,477.0,100.0,801,57.505,-0.844513391,0.023115667,0.042964541,-2.229926228,-0.005469837,0.096,0
US.GLD260306C478000,GLD 260306 478.00C,0.72,1.87,2.23,0.64,3.045,821,86578.0,True,CALL,2026-03-06,478.0,100.0,1460,55.289,0.124673496,0.020647642,0.036980015,-1.8654163,0.000857186,2.7,0
US.GLD260306P478000,GLD 260306 478.00P,13.3,10.0,13.3,10.0,9.1669,369,474887.0,True,PUT,2026-03-06,478.0,100.0,957,53.872,-0.881826123,0.020481367,0.03559949,-1.704565782,-0.00556495,0.306,0
US.GLD260306C479000,GLD 260306 479.00C,0.62,1.94,1.94,0.5,2.76,1151,99887.0,True,CALL,2026-03-06,479.0,100.0,4203,57.094,0.113208956,0.018677714,0.034544614,-1.792527577,0.000778271,2.894,0
US.GLD260306P479000,GLD 260306 479.00P,12.95,11.2,14.65,10.95,9.8824,30,42480.0,True,PUT,2026-03-06,479.0,100.0,545,61.19,-0.87037178,0.019218496,0.037986705,-2.080738401,-0.005590633,0.017,0
US.GLD260306C480000,GLD 260306 480.00C,0.5,1.51,1.75,0.44,2.475,6290,416214.0,True,CALL,2026-03-06,480.0,100.0,19572,58.858,0.103024225,0.016929062,0.032277914,-1.720043508,0.000708174,3.082,0
US.GLD260306P480000,GLD 260306 480.00P,14.1,11.06,16.0,11.06,10.598,624,901685.0,True,PUT,2026-03-06,480.0,100.0,4084,57.865,-0.901170588,0.016780651,0.031299544,-1.595821806,-0.005631195,0.049,0
US.GLD260306C481000,GLD 260306 481.00C,0.48,1.4,1.4,0.39,2.205,316,22251.0,True,CALL,2026-03-06,481.0,100.0,5354,59.078,0.088354303,0.015062956,0.028827566,-1.532404869,0.000607509,3.293,0
US.GLD260306P481000,GLD 260306 481.00P,16.77,11.9,16.77,11.9,11.3287,358,511158.0,True,PUT,2026-03-06,481.0,100.0,582,55.504,-0.925355799,0.014226447,0.025364536,-1.218244221,-0.005590413,0.407,0
US.GLD260306C482000,GLD 260306 482.00C,0.34,1.13,1.2,0.34,1.96,548,36624.0,True,CALL,2026-03-06,482.0,100.0,2061,58.8,0.073675364,0.01319412,0.025132377,-1.319809772,0.000506781,3.477,0
US.GLD260306P482000,GLD 260306 482.00P,15.92,14.37,17.79,14.33,12.0844,13,21206.0,True,PUT,2026-03-06,482.0,100.0,513,66.315,-0.90032113,0.014722573,0.031499706,-1.846199987,-0.005701091,0.01,0
US.GLD260306C483000,GLD 260306 483.00C,0.29,1.12,1.12,0.29,1.785,178,9191.0,True,CALL,2026-03-06,483.0,100.0,664,59.459,0.063889078,0.011689661,0.022516775,-1.188563568,0.000439528,3.681,0
US.GLD260306P483000,GLD 260306 483.00P,17.94,14.31,17.94,14.31,12.9101,14,23910.0,True,PUT,2026-03-06,483.0,100.0,174,53.784,-0.954657105,0.010032005,0.017135834,-0.769113437,-0.005354702,0.229,0
US.GLD260306C484000,GLD 260306 484.00C,0.3,0.99,0.99,0.29,1.638,237,11493.0,True,CALL,2026-03-06,484.0,100.0,1385,61.927,0.060832374,0.010802867,0.021672395,-1.188852926,0.000418363,3.898,0
US.GLD260306P484000,GLD 260306 484.00P,17.95,17.05,18.99,15.85,13.7637,27,49659.0,True,PUT,2026-03-06,484.0,100.0,315,48.743,-0.976675096,0.006659683,0.009876269,-0.376464554,-0.004661528,0.017,0
US.GLD260306C485000,GLD 260306 485.00C,0.28,1.02,1.07,0.23,1.4909,2729,153217.0,True,CALL,2026-03-06,485.0,100.0,101392,65.976,0.062717298,0.010384338,0.022194952,-1.298545676,0.000431013,4.108,0
US.GLD260306P485000,GLD 260306 485.00P,19.2,16.42,20.45,16.0,14.6173,68,127722.0,True,PUT,2026-03-06,485.0,100.0,11712,48.0,-0.983970495,0.005137495,0.00715713,-0.2571133,-0.004171276,0.07,0
US.GLD260306C486000,GLD 260306 486.00C,0.24,0.75,0.75,0.2,1.3439,216,9005.0,True,CALL,2026-03-06,486.0,100.0,2994,66.734,0.055399091,0.009314151,0.020136587,-1.185362645,0.00038076,4.314,0
US.GLD260306P486000,GLD 260306 486.00P,19.82,17.3,21.27,17.3,15.4711,17,31231.0,True,PUT,2026-03-06,486.0,100.0,343,0.0,0.0,0.0,0.0,0.0,0.0,-0.01,0
US.GLD260306C487000,GLD 260306 487.00C,0.2,0.7,0.7,0.18,1.1969,219,7033.0,True,CALL,2026-03-06,487.0,100.0,2192,67.757,0.049600401,0.008402706,0.018444787,-1.097162561,0.000340915,4.52,0
US.GLD260306P487000,GLD 260306 487.00P,19.4,18.2,19.4,18.2,16.3249,2,3760.0,True,PUT,2026-03-06,487.0,100.0,105,68.162,-0.949752729,0.008535222,0.018616985,-1.075493596,-0.005596064,-0.315,0
US.GLD260306C488000,GLD 260306 488.00C,0.17,0.63,0.63,0.14,1.05,171,5216.0,True,CALL,2026-03-06,488.0,100.0,1667,67.337,0.041098766,0.007267976,0.015855759,-0.929754753,0.000282588,4.728,0
US.GLD260306P488000,GLD 260306 488.00P,22.83,18.83,22.83,17.95,17.1791,8,16499.0,True,PUT,2026-03-06,488.0,100.0,399,0.0,0.0,0.0,0.0,0.0,0.0,0.205,0
US.GLD260306C489000,GLD 260306 489.00C,0.11,0.47,0.51,0.11,0.955,282,7812.0,True,CALL,2026-03-06,489.0,100.0,1229,67.022,0.033964011,0.006249009,0.013569573,-0.785409991,0.000233609,4.929,0
US.GLD260306P489000,GLD 260306 489.00P,22.7,22.32,24.14,21.52,18.0849,14,31540.0,True,PUT,2026-03-06,489.0,100.0,395,82.759,-0.929842361,0.009074886,0.024196637,-1.741522534,-0.005832261,-0.036,0
US.GLD260306C490000,GLD 260306 490.00C,0.16,0.47,0.58,0.11,0.8601,5172,95222.0,True,CALL,2026-03-06,490.0,100.0,10052,70.479,0.035167721,0.006115013,0.013963227,-0.851057392,0.00024175,5.155,0
US.GLD260306P490000,GLD 260306 490.00P,23.66,21.04,24.86,21.04,18.9909,84,198780.0,True,PUT,2026-03-06,490.0,100.0,1664,86.515,-0.929259453,0.008733234,0.024351977,-1.834605431,-0.00586253,-0.045,0
US.GLD260306C491000,GLD 260306 491.00C,0.13,0.37,0.4,0.12,0.7746,94,2088.0,True,CALL,2026-03-06,491.0,100.0,1062,71.321,0.031295167,0.00548908,0.012684079,-0.778306295,0.00021514,5.363,0
US.GLD260306P491000,GLD 260306 491.00P,26.1,21.41,26.1,21.41,19.9064,8,19500.0,True,PUT,2026-03-06,491.0,100.0,206,75.085,-0.961819635,0.006234959,0.014913737,-0.933393042,-0.005522757,0.263,0
US.GLD260306C492000,GLD 260306 492.00C,0.13,0.38,0.42,0.1,0.6891,288,5389.0,True,CALL,2026-03-06,492.0,100.0,663,76.284,0.035287586,0.005665497,0.014002181,-0.923658135,0.000242359,5.577,0
US.GLD260306P492000,GLD 260306 492.00P,25.9,25.9,25.9,25.9,20.8219,1,2590.0,True,PUT,2026-03-06,492.0,100.0,156,84.884,-0.947862735,0.007035058,0.019178365,-1.390913914,-0.0057779,0.006,0
US.GLD260306C493000,GLD 260306 493.00C,0.12,0.28,0.28,0.09,0.614,67,1006.0,True,CALL,2026-03-06,493.0,100.0,544,71.817,0.022985136,0.004213022,0.009803819,-0.597498704,0.000158069,5.79,0
US.GLD260306P493000,GLD 260306 493.00P,26.27,26.27,26.27,26.27,21.7479,1,2627.0,True,PUT,2026-03-06,493.0,100.0,253,91.184,-0.941459462,0.007162308,0.021019292,-1.651905843,-0.005866419,-0.128,0
US.GLD260306C494000,GLD 260306 494.00C,0.1,0.26,0.26,0.08,0.539,71,939.0,True,CALL,2026-03-06,494.0,100.0,357,72.93,0.020837222,0.003818868,0.009024549,-0.556061422,0.000143294,6.0,0
US.GLD260306P494000,GLD 260306 494.00P,29.32,27.34,29.32,26.9,22.6741,7,19467.0,True,PUT,2026-03-06,494.0,100.0,37,82.225,-0.964695444,0.005340993,0.013988866,-0.956017804,-0.005552543,0.311,0
US.GLD260306C495000,GLD 260306 495.00C,0.1,0.61,0.61,0.08,0.4639,1267,16180.0,True,CALL,2026-03-06,495.0,100.0,38572,84.041,0.033939699,0.00498062,0.013561366,-0.983613159,0.000232844,6.215,0
US.GLD260306P495000,GLD 260306 495.00P,27.65,26.68,30.45,26.66,23.6005,1611,4459162.0,True,PUT,2026-03-06,495.0,100.0,206,0.0,0.0,0.0,0.0,0.0,0.0,-0.261,0
US.GLD260306C496000,GLD 260306 496.00C,0.08,0.26,0.26,0.08,0.4304,148,1698.0,True,CALL,2026-03-06,496.0,100.0,791,86.361,0.033148679,0.004753637,0.013300675,-0.990237458,0.000227348,6.425,0
US.GLD260306P496000,GLD 260306 496.00P,27.55,26.58,27.55,26.58,24.5678,773,2129396.0,True,PUT,2026-03-06,496.0,100.0,83,77.861,-0.979913318,0.003609125,0.008719726,-0.53752782,-0.0050147,-0.497,0
US.GLD260306C497000,GLD 260306 497.00C,0.07,0.15,0.15,0.05,0.3969,56,638.0,True,CALL,2026-03-06,497.0,100.0,394,82.59,0.023576844,0.003742696,0.010015445,-0.70250333,0.000161883,6.637,0
US.GLD260306P497000,GLD 260306 497.00P,28.56,30.8,30.8,28.55,25.5352,3291,9396120.0,True,PUT,2026-03-06,497.0,100.0,350,0.0,0.0,0.0,0.0,0.0,0.0,-0.495,0
US.GLD260306C498000,GLD 260306 498.00C,0.08,0.1,0.15,0.07,0.3634,49,507.0,True,CALL,2026-03-06,498.0,100.0,411,76.636,0.013571289,0.002518635,0.006255069,-0.397196103,9.3329e-05,6.854,0
US.GLD260306P498000,GLD 260306 498.00P,29.55,29.55,29.55,29.55,26.5025,60,177300.0,True,PUT,2026-03-06,498.0,100.0,6,78.85,-0.984740501,0.002873065,0.006886654,-0.418829953,-0.004720024,-0.497,0
US.GLD260306C499000,GLD 260306 499.00C,0.08,0.11,0.11,0.07,0.3298,72,675.0,True,CALL,2026-03-06,499.0,100.0,536,83.556,0.01848357,0.003010703,0.008151203,-0.572138466,0.00012694,7.068,0
US.GLD260306P499000,GLD 260306 499.00P,34.45,34.45,34.45,34.45,27.4701,40,137800.0,True,PUT,2026-03-06,499.0,100.0,4,0.0,0.0,0.0,0.0,0.0,0.0,0.338,0
US.GLD260306C500000,GLD 260306 500.00C,0.07,0.14,0.86,0.05,0.2963,1346,11158.0,True,CALL,2026-03-06,500.0,100.0,5873,79.783,0.01218432,0.002203921,0.00569828,-0.374822944,8.3766e-05,7.281,0
US.GLD260306P500000,GLD 260306 500.00P,34.83,33.7,34.83,32.53,28.4379,1101,3812932.0,True,PUT,2026-03-06,500.0,100.0,94,94.011,-0.97200943,0.003868793,0.011543919,-0.890283989,-0.005515647,0.205,0
US.GLD260306C501000,GLD 260306 501.00C,0.05,0.01,0.36,0.01,0.2652,47,436.0,True,CALL,2026-03-06,501.0,100.0,1499,80.83,0.011135124,0.002011789,0.005269919,-0.349751006,7.6551e-05,7.491,0
US.GLD260306P501000,GLD 260306 501.00P,36.45,34.65,36.45,34.65,29.408,1295,4679775.0,True,PUT,2026-03-06,501.0,100.0,109,88.44,-0.982038368,0.00289029,0.007929108,-0.552933255,-0.005042695,0.338,0
US.GLD260306C502000,GLD 260306 502.00C,0.06,0.14,0.14,0.05,0.2463,58,557.0,True,CALL,2026-03-06,502.0,100.0,2319,83.71,0.01167331,0.002023906,0.005490332,-0.378140211,8.0216e-05,7.708,0
US.GLD260306P502000,GLD 260306 502.00P,34.45,35.7,35.7,34.45,30.39,1495,5178400.0,True,PUT,2026-03-06,502.0,100.0,132,0.0,0.0,0.0,0.0,0.0,0.0,-0.304,0
US.GLD260306C503000,GLD 260306 503.00C,0.06,0.32,0.32,0.03,0.2274,55,469.0,True,CALL,2026-03-06,503.0,100.0,374,81.419,0.008294024,0.001543901,0.004074173,-0.268722989,5.7033e-05,7.922,0
US.GLD260306P503000,GLD 260306 503.00P,35.45,36.7,36.7,35.45,31.372,1295,4618900.0,True,PUT,2026-03-06,503.0,100.0,111,95.617,-0.979504625,0.002959986,0.008877207,-0.67948741,-0.005265825,-0.304,0
US.GLD260306C504000,GLD 260306 504.00C,0.06,0.1,0.17,0.03,0.2085,51,446.0,True,CALL,2026-03-06,504.0,100.0,608,87.598,0.011209967,0.001867209,0.005300454,-0.381274121,7.6996e-05,8.137,0
US.GLD260306P504000,GLD 260306 504.00P,35.55,35.55,35.55,35.55,32.3542,40,142200.0,True,PUT,2026-03-06,504.0,100.0,4,102.847,-0.974107327,0.003314394,0.01081725,-0.90987706,-0.005548258,-0.497,0
US.GLD260306C505000,GLD 260306 505.00C,0.05,0.31,0.31,0.01,0.1954,241,1428.0,True,CALL,2026-03-06,505.0,100.0,5552,85.139,0.007967699,0.001425286,0.003932892,-0.270730567,5.4766e-05,8.349,0
US.GLD260306P505000,GLD 260306 505.00P,39.95,35.25,39.95,35.25,33.3419,741,2941825.0,True,PUT,2026-03-06,505.0,100.0,63,109.36,-0.969423335,0.003560223,0.012428381,-1.127248319,-0.005730273,0.231,0
US.GLD260306C506000,GLD 260306 506.00C,0.05,0.06,0.15,0.03,0.1836,78,471.0,True,CALL,2026-03-06,506.0,100.0,359,86.986,0.00781549,0.001371557,0.003866697,-0.271695306,5.3708e-05,8.564,0
US.GLD260306P506000,GLD 260306 506.00P,40.75,39.85,40.75,39.85,34.3309,2865,11641125.0,True,PUT,2026-03-06,506.0,100.0,209,101.916,-0.980615966,0.002649271,0.008467207,-0.689300783,-0.00528547,0.188,0
US.GLD260306C507000,GLD 260306 507.00C,0.01,0.04,0.06,0.01,0.1719,10,40.0,True,CALL,2026-03-06,507.0,100.0,915,76.706,0.002459419,0.000553857,0.001377937,-0.080969233,1.6939e-05,8.77,0
US.GLD260306P507000,GLD 260306 507.00P,39.4,39.4,39.4,39.4,35.32,40,157600.0,True,PUT,2026-03-06,507.0,100.0,3,113.813,-0.970458147,0.003324904,0.012078679,-1.138552698,-0.005748566,-0.315,0
US.GLD260306C508000,GLD 260306 508.00C,0.04,0.05,0.16,0.03,0.1602,40,157.0,True,CALL,2026-03-06,508.0,100.0,520,90.655,0.007530485,0.001273704,0.003742229,-0.273550051,5.1728e-05,8.991,0
US.GLD260306P508000,GLD 260306 508.00P,40.4,41.6,41.6,40.4,36.3092,1635,6632400.0,True,PUT,2026-03-06,508.0,100.0,118,98.908,-0.987506626,0.001929483,0.005796164,-0.438884618,-0.004765115,-0.315,0
US.GLD260306C509000,GLD 260306 509.00C,0.06,0.06,0.06,0.06,0.1484,1,6.0,True,CALL,2026-03-06,509.0,100.0,338,97.159,0.010219738,0.001553201,0.004890202,-0.38841951,7.0116e-05,9.209,0
US.GLD260306P509000,GLD 260306 509.00P,41.4,42.8,42.8,41.4,37.2985,700,2919000.0,True,PUT,2026-03-06,509.0,100.0,46,116.017,-0.973781343,0.002960322,0.01093374,-1.042148728,-0.005686352,-0.315,0
US.GLD260306C510000,GLD 260306 510.00C,0.04,0.26,0.26,0.02,0.1367,280,1150.0,True,CALL,2026-03-06,510.0,100.0,109823,91.246,0.005760705,0.000998553,0.002953214,-0.214629697,3.958e-05,9.42,0
US.GLD260306P510000,GLD 260306 510.00P,44.8,43.0,44.8,43.0,38.2878,220,983800.0,True,PUT,2026-03-06,510.0,100.0,29,0.0,0.0,0.0,0.0,0.0,0.0,0.199,0
US.GLD260306C511000,GLD 260306 511.00C,0.06,0.06,0.06,0.06,0.125,2,12.0,True,CALL,2026-03-06,511.0,100.0,305,100.924,0.009878474,0.001451591,0.004747341,-0.391039402,6.7745e-05,9.638,0
US.GLD260306P511000,GLD 260306 511.00P,43.45,44.8,44.8,43.45,39.2773,790,3452800.0,True,PUT,2026-03-06,511.0,100.0,66,104.744,-0.988122314,0.001744449,0.005547885,-0.443983188,-0.004779165,-0.304,0
US.GLD260306C512000,GLD 260306 512.00C,0.02,0.03,0.03,0.02,0.1132,2,5.0,True,CALL,2026-03-06,512.0,100.0,381,90.739,0.003994536,0.000724481,0.002131045,-0.151448674,2.7457e-05,9.844,0
US.GLD260306P512000,GLD 260306 512.00P,44.45,44.45,44.45,44.45,40.2668,20,88900.0,True,PUT,2026-03-06,512.0,100.0,2,117.269,-0.979832452,0.002366435,0.008761154,-0.827606223,-0.005486529,-0.304,0
US.GLD260306C513000,GLD 260306 513.00C,0.02,0.73,0.73,0.01,0.1015,15,313.0,True,CALL,2026-03-06,513.0,100.0,510,92.425,0.003928237,0.000700681,0.002099309,-0.151843439,2.6996e-05,10.059,0
US.GLD260306P513000,GLD 260306 513.00P,45.4,46.75,46.75,45.4,41.2566,585,2666025.0,True,PUT,2026-03-06,513.0,100.0,52,112.764,-0.985487066,0.001890222,0.00660576,-0.582468589,-0.005110685,-0.315,0
US.GLD260306C514000,GLD 260306 514.00C,0.0897,0.0897,0.0,0.0,0.0897,0,0.0,True,CALL,2026-03-06,514.0,100.0,207,112.16,0.012923564,0.001649738,0.005995496,-0.55539902,8.846e-05,10.288,0
US.GLD260306P514000,GLD 260306 514.00P,46.59,47.65,47.65,46.59,42.2465,1415,6616335.0,True,PUT,2026-03-06,514.0,100.0,123,110.506,-0.988669576,0.001587659,0.005325347,-0.448758008,-0.00479342,-0.274,0
US.GLD260306C515000,GLD 260306 515.00C,0.03,0.06,0.09,0.01,0.0836,329,764.0,True,CALL,2026-03-06,515.0,100.0,958,95.779,0.00380304,0.000656805,0.002039196,-0.15260815,2.6126e-05,10.49,0
US.GLD260306P515000,GLD 260306 515.00P,47.46,48.8,48.8,47.45,43.2414,2675,12743510.0,True,PUT,2026-03-06,515.0,100.0,224,120.285,-0.983228587,0.001985255,0.00748429,-0.714898462,-0.005344207,-0.302,0
US.GLD260306C520000,GLD 260306 520.00C,0.04,0.02,0.05,0.01,0.0531,146,268.0,True,CALL,2026-03-06,520.0,100.0,1367,112.043,0.00622375,0.000870904,0.003162199,-0.283050212,4.2648e-05,11.565,0
US.GLD260306P520000,GLD 260306 520.00P,48.2175,48.2175,0.0,0.0,48.2175,0,0.0,True,PUT,2026-03-06,520.0,100.0,0,133.516,-0.98198603,0.001889038,0.007959137,-0.851958742,-0.005543979,-1.212,0
US.GLD260306C525000,GLD 260306 525.00C,0.01,0.04,0.04,0.01,0.0465,35,90.0,True,CALL,2026-03-06,525.0,100.0,18860,105.068,0.001843269,0.000311296,0.001060397,-0.084184411,1.2658e-05,12.631,0
US.GLD260306P525000,GLD 260306 525.00P,59.8,55.91,59.8,55.91,53.2129,62,369982.0,True,PUT,2026-03-06,525.0,100.0,7,0.0,0.0,0.0,0.0,0.0,0.0,0.199,0
US.GLD260306C530000,GLD 260306 530.00C,0.04,0.01,0.04,0.01,0.0399,113,229.0,True,CALL,2026-03-06,530.0,100.0,1156,129.143,0.005476549,0.000674541,0.002822887,-0.289414741,3.7456e-05,13.71,0
US.GLD260306P530000,GLD 260306 530.00P,58.2087,58.2087,0.0,0.0,58.2087,0,0.0,True,PUT,2026-03-06,530.0,100.0,1,153.099,-0.98400722,0.001488873,0.007189257,-0.877843243,-0.00561542,-1.214,0
US.GLD260306C535000,GLD 260306 535.00C,0.01,0.01,0.01,0.01,0.0332,11,11.0,True,CALL,2026-03-06,535.0,100.0,420,120.097,0.00163063,0.000243592,0.000948339,-0.085545988,1.1181e-05,14.776,0
US.GLD260306P535000,GLD 260306 535.00P,63.205,63.205,0.0,0.0,63.205,0,0.0,True,PUT,2026-03-06,535.0,100.0,0,162.622,-0.984823789,0.001340428,0.006873106,-0.889331846,-0.005651077,-1.215,0
US.GLD260306C540000,GLD 260306 540.00C,0.02,0.04,0.06,0.01,0.0266,79,117.0,True,CALL,2026-03-06,540.0,100.0,1189,135.779,0.002768964,0.000348264,0.00153251,-0.160079094,1.8941e-05,15.851,0
US.GLD260306P540000,GLD 260306 540.00P,68.202,68.202,0.0,0.0,68.202,0,0.0,True,PUT,2026-03-06,540.0,100.0,0,150.629,-0.994187047,0.000680376,0.002954024,-0.320441122,-0.00435315,-1.215,0
US.GLD260306C545000,GLD 260306 545.00C,0.01,0.01,0.01,0.01,0.02,10,10.0,True,CALL,2026-03-06,545.0,100.0,432,134.677,0.001468031,0.00019738,0.000861642,-0.086712075,1.0051e-05,16.922,0
US.GLD260306P545000,GLD 260306 545.00P,73.2,73.2,0.0,0.0,73.2,0,0.0,True,PUT,2026-03-06,545.0,100.0,0,158.952,-0.994454412,0.000618869,0.002833108,-0.323547081,-0.004373478,-1.216,0
US.GLD260306C550000,GLD 260306 550.00C,0.01,0.01,0.02,0.01,0.0134,13,23.0,True,CALL,2026-03-06,550.0,100.0,2222,141.812,0.001400183,0.000179525,0.000825182,-0.087237212,9.579e-06,17.994,0
US.GLD260306P550000,GLD 260306 550.00P,78.2,78.2,0.0,0.0,78.2,0,0.0,True,PUT,2026-03-06,550.0,100.0,0,190.238,-0.986753019,0.00102006,0.006113403,-0.919488974,-0.005757966,-1.216,0
US.GLD260306C555000,GLD 260306 555.00C,0.01,0.02,0.02,0.01,0.0073,43,44.0,True,CALL,2026-03-06,555.0,100.0,328,148.849,0.001339394,0.00016424,0.000792365,-0.087730253,9.157e-06,19.067,0
US.GLD260306P555000,GLD 260306 555.00P,83.2,83.2,0.0,0.0,83.2,0,0.0,True,PUT,2026-03-06,555.0,100.0,0,194.656,-0.988969492,0.000856898,0.005213656,-0.790823498,-0.005607371,-1.216,0
US.GLD260306C560000,GLD 260306 560.00C,0.05,0.05,0.05,0.05,0.0039,1,5.0,True,CALL,2026-03-06,560.0,100.0,100,181.453,0.004947387,0.000438577,0.002578582,-0.369225527,3.3631e-05,20.148,0
US.GLD260306P560000,GLD 260306 560.00P,88.2,88.2,0.0,0.0,88.2,0,0.0,True,PUT,2026-03-06,560.0,100.0,0,203.289,-0.989376053,0.000794392,0.00504597,-0.797850041,-0.005640521,-1.216,0
US.GLD260306C565000,GLD 260306 565.00C,0.01,0.01,0.05,0.01,0.002,22,62.0,True,CALL,2026-03-06,565.0,100.0,97,162.646,0.001234918,0.00013955,0.000735613,-0.088633147,8.431e-06,21.212,0
US.GLD260306P565000,GLD 260306 565.00P,93.2,93.2,0.0,0.0,93.2,0,0.0,True,PUT,2026-03-06,565.0,100.0,0,199.66,-0.993246269,0.000561542,0.003383798,-0.503028712,-0.005054084,-1.216,0
US.GLD260306C570000,GLD 260306 570.00C,0.001,0.001,0.0,0.0,0.001,0,0.0,True,CALL,2026-03-06,570.0,100.0,945,143.444,0.000159579,2.3765e-05,0.000110562,-0.010708796,1.093e-06,22.283,0
US.GLD260306P570000,GLD 260306 570.00P,98.2,98.2,0.0,0.0,98.2,0,0.0,True,PUT,2026-03-06,570.0,100.0,0,225.123,-0.988545159,0.000760872,0.005390021,-0.952451032,-0.005900366,-1.216,0
US.GLD260306C575000,GLD 260306 575.00C,0.0005,0.0005,0.0,0.0,0.0005,0,0.0,True,CALL,2026-03-06,575.0,100.0,413,143.102,8.2918e-05,1.2886e-05,5.9825e-05,-0.005613024,5.68e-07,23.356,0
US.GLD260306P575000,GLD 260306 575.00P,103.2,103.2,0.0,0.0,103.2,0,0.0,True,PUT,2026-03-06,575.0,100.0,0,215.604,-0.993680043,0.000490934,0.003190815,-0.510405908,-0.005107237,-1.216,0
US.GLD260306C580000,GLD 260306 580.00C,0.01,0.01,0.01,0.01,0.0003,2,2.0,True,CALL,2026-03-06,580.0,100.0,179,182.695,0.001110225,0.000112698,0.000667257,-0.089818903,7.565e-06,24.43,0
US.GLD260306P580000,GLD 260306 580.00P,108.2,108.2,0.0,0.0,108.2,0,0.0,True,PUT,2026-03-06,580.0,100.0,0,241.839,-0.989229384,0.000671725,0.005108877,-0.966708776,-0.005971469,-1.216,0
US.GLD260306C585000,GLD 260306 585.00C,0.01,0.01,0.01,0.01,0.0001,1,1.0,True,CALL,2026-03-06,585.0,100.0,595,189.216,0.001075155,0.000105659,0.0006479,-0.090177684,7.321e-06,25.503,0
US.GLD260306P585000,GLD 260306 585.00P,113.2,113.2,0.0,0.0,113.2,0,0.0,True,PUT,2026-03-06,585.0,100.0,0,238.539,-0.992438647,0.000509478,0.003743207,-0.677099446,-0.005540433,-1.216,0
US.GLD260306C590000,GLD 260306 590.00C,0.0001,0.0001,0.0,0.0,0.0001,0,0.0,True,CALL,2026-03-06,590.0,100.0,339,146.318,1.7517e-05,2.898e-06,1.3765e-05,-0.001232527,1.2e-07,26.574,0
US.GLD260306P590000,GLD 260306 590.00P,118.2,118.2,0.0,0.0,118.2,0,0.0,True,PUT,2026-03-06,590.0,100.0,0,246.346,-0.992644738,0.000481674,0.003653146,-0.681396941,-0.005570841,-1.216,0
US.GLD260306C595000,GLD 260306 595.00C,0.0001,0.0001,0.0,0.0,0.0001,0,0.0,True,CALL,2026-03-06,595.0,100.0,721,151.268,1.6975e-05,2.72e-06,1.3359e-05,-0.00123482,1.16e-07,27.646,0
US.GLD260306P595000,GLD 260306 595.00P,123.2,123.2,0.0,0.0,123.2,0,0.0,True,PUT,2026-03-06,595.0,100.0,0,260.511,-0.991417792,0.000515645,0.004187013,-0.838916311,-0.005872947,-1.216,0
US.GLD260306C600000,GLD 260306 600.00C,0.01,0.01,0.01,0.01,0.0001,500,500.0,True,CALL,2026-03-06,600.0,100.0,1903,208.332,0.000984554,8.8519e-05,0.000597608,-0.09116327,6.692e-06,28.721,0
US.GLD260306P600000,GLD 260306 600.00P,128.2,128.2,0.0,0.0,128.2,0,0.0,True,PUT,2026-03-06,600.0,100.0,0,261.676,-0.993015108,0.000433635,0.00349034,-0.689530495,-0.005631668,-1.216,0
US.GLD260306C605000,GLD 260306 605.00C,0.0001,0.0001,0.0,0.0,0.0001,0,0.0,True,CALL,2026-03-06,605.0,100.0,652,161.018,1.6003e-05,2.416e-06,1.2628e-05,-0.001239146,1.09e-07,29.792,0
US.GLD260306P605000,GLD 260306 605.00P,133.2,133.2,0.0,0.0,133.2,0,0.0,True,PUT,2026-03-06,605.0,100.0,0,250.535,-0.996255564,0.000279383,0.001995143,-0.351152233,-0.004629061,-1.216,0
US.GLD260306C610000,GLD 260306 610.00C,0.01,0.01,0.01,0.01,0.0001,34,34.0,True,CALL,2026-03-06,610.0,100.0,775,220.721,0.000933916,7.9596e-05,0.00056931,-0.091756608,6.34e-06,30.866,0
US.GLD260306P610000,GLD 260306 610.00P,138.2,138.2,0.0,0.0,138.2,0,0.0,True,PUT,2026-03-06,610.0,100.0,0,283.524,-0.992016071,0.000445121,0.00392947,-0.853374151,-0.005972412,-1.216,0
US.GLD260306C615000,GLD 260306 615.00C,0.0001,0.0001,0.0,0.0,0.0001,0,0.0,True,CALL,2026-03-06,615.0,100.0,147,170.573,1.5155e-05,2.166e-06,1.199e-05,-0.001243147,1.03e-07,31.937,0
US.GLD260306P615000,GLD 260306 615.00P,143.2,0.0,0.0,0.0,143.2,0,0.0,True,PUT,2026-03-06,615.0,100.0,0,297.093,-0.990966301,0.000469899,0.004381433,-1.008671749,-0.006219359,-1.216,0
US.GLD260306C620000,GLD 260306 620.00C,0.0001,0.0001,0.0,0.0,0.0001,0,0.0,True,CALL,2026-03-06,620.0,100.0,318,175.281,1.4771e-05,2.057e-06,1.17e-05,-0.001245028,1.01e-07,33.01,0
US.GLD260306P620000,GLD 260306 620.00P,148.2,0.0,0.0,0.0,148.2,0,0.0,True,PUT,2026-03-06,620.0,100.0,0,291.276,-0.993624082,0.000360018,0.003219848,-0.704256988,-0.005753228,-1.216,0
US.GLD260306C625000,GLD 260306 625.00C,0.0001,0.0001,0.0,0.0,0.0001,0,0.0,True,CALL,2026-03-06,625.0,100.0,924,179.943,1.4409e-05,1.957e-06,1.1427e-05,-0.001246853,9.8e-08,34.082,0
US.GLD260306P625000,GLD 260306 625.00P,153.2,0.0,0.0,0.0,153.2,0,0.0,True,PUT,2026-03-06,625.0,100.0,0,289.7,-0.995089353,0.000293722,0.002549937,-0.539990637,-0.005375187,-1.216,0
US.GLD260306C630000,GLD 260306 630.00C,0.0001,0.0001,0.0,0.0,0.0001,0,0.0,True,CALL,2026-03-06,630.0,100.0,766,184.561,1.4069e-05,1.865e-06,1.117e-05,-0.001248616,9.6e-08,35.155,0
US.GLD260306P630000,GLD 260306 630.00P,158.2,158.2,0.0,0.0,158.2,0,0.0,True,PUT,2026-03-06,630.0,100.0,0,305.585,-0.993877721,0.000331336,0.003106101,-0.710982048,-0.005813885,-1.216,0
US.GLD260306C635000,GLD 260306 635.00C,0.0001,0.0001,0.0,0.0,0.0001,0,0.0,True,CALL,2026-03-06,635.0,100.0,843,189.135,1.3748e-05,1.781e-06,1.0927e-05,-0.001250316,9.4e-08,36.228,0
US.GLD260306P635000,GLD 260306 635.00P,163.2,0.0,0.0,0.0,163.2,0,0.0,True,PUT,2026-03-06,635.0,100.0,0,320.16,-0.992797905,0.000360614,0.003588423,-0.874634725,-0.006137561,-1.216,0
US.GLD260306C640000,GLD 260306 640.00C,0.0001,0.0001,0.0,0.0,0.0001,0,0.0,True,CALL,2026-03-06,640.0,100.0,1158,193.667,1.3445e-05,1.702e-06,1.0697e-05,-0.001251965,9.1e-08,37.3,0
US.GLD260306P640000,GLD 260306 640.00P,168.2,168.2,0.0,0.0,168.2,0,0.0,True,PUT,2026-03-06,640.0,100.0,0,298.317,-0.996767367,0.000206859,0.001748181,-0.362664763,-0.004781287,-1.216,0
US.GLD260306C645000,GLD 260306 645.00C,0.0001,0.0001,0.0,0.0,0.0001,0,0.0,True,CALL,2026-03-06,645.0,100.0,2990,198.157,1.3157e-05,1.63e-06,1.0479e-05,-0.001253561,8.9e-08,38.373,0
US.GLD260306P645000,GLD 260306 645.00P,173.2,0.0,0.0,0.0,173.2,0,0.0,True,PUT,2026-03-06,645.0,100.0,0,304.864,-0.996825316,0.000199318,0.001719922,-0.364145296,-0.004803012,-1.216,0
US.GLD260306C650000,GLD 260306 650.00C,0.0001,0.0001,0.0,0.0,0.0001,0,0.0,True,CALL,2026-03-06,650.0,100.0,3690,202.606,1.2885e-05,1.563e-06,1.0272e-05,-0.001255114,8.8e-08,39.446,0
US.GLD260306P650000,GLD 260306 650.00P,178.2,178.2,0.0,0.0,178.2,0,0.0,True,PUT,2026-03-06,650.0,100.0,0,333.304,-0.994309253,0.000285211,0.002911016,-0.723397295,-0.00593481,-1.216,0
US.GLD260306C655000,GLD 260306 655.00C,0.0001,0.0001,0.0,0.0,0.0001,0,0.0,True,CALL,2026-03-06,655.0,100.0,125,207.015,1.2626e-05,1.5e-06,1.0075e-05,-0.001256611,8.6e-08,40.518,0
US.GLD260306P655000,GLD 260306 655.00P,183.2,0.0,0.0,0.0,183.2,0,0.0,True,PUT,2026-03-06,655.0,100.0,0,348.078,-0.993287286,0.000312144,0.003372163,-0.889665748,-0.006268917,-1.216,0
US.GLD260306C660000,GLD 260306 660.00C,0.0001,0.0001,0.0,0.0,0.0001,0,0.0,True,CALL,2026-03-06,660.0,100.0,43,211.385,1.238e-05,1.442e-06,9.888e-06,-0.00125807,8.4e-08,41.591,0
US.GLD260306P660000,GLD 260306 660.00P,188.2,0.0,0.0,0.0,188.2,0,0.0,True,PUT,2026-03-06,660.0,100.0,0,336.927,-0.995673502,0.000226478,0.002277188,-0.55611541,-0.005562334,-1.216,0
US.GLD260306C665000,GLD 260306 665.00C,0.0001,0.0001,0.0,0.0,0.0001,0,0.0,True,CALL,2026-03-06,665.0,100.0,599,215.716,1.2146e-05,1.388e-06,9.71e-06,-0.001259491,8.2e-08,42.664,0
US.GLD260306P665000,GLD 260306 665.00P,193.2,0.0,0.0,0.0,193.2,0,0.0,True,PUT,2026-03-06,665.0,100.0,0,309.355,-0.998633139,0.000114216,0.000790436,-0.144496519,-0.003314632,-1.216,0
US.GLD260306C670000,GLD 260306 670.00C,0.0001,0.0001,0.0,0.0,0.0001,0,0.0,True,CALL,2026-03-06,670.0,100.0,30,220.01,1.1923e-05,1.337e-06,9.539e-06,-0.001260871,8.1e-08,43.736,0
US.GLD260306P670000,GLD 260306 670.00P,198.2,0.0,0.0,0.0,198.2,0,0.0,True,PUT,2026-03-06,670.0,100.0,0,349.825,-0.995806385,0.000212376,0.00221448,-0.56026074,-0.00561552,-1.216,0
US.GLD260306C675000,GLD 260306 675.00C,0.0001,0.0001,0.0,0.0,0.0001,0,0.0,True,CALL,2026-03-06,675.0,100.0,23,224.266,1.171e-05,1.289e-06,9.377e-06,-0.001262217,7.9e-08,44.809,0
US.GLD260306P675000,GLD 260306 675.00P,203.2,0.0,0.0,0.0,203.2,0,0.0,True,PUT,2026-03-06,675.0,100.0,0,356.183,-0.995868427,0.000205938,0.002185114,-0.562270166,-0.005642058,-1.216,0
US.GLD260306C680000,GLD 260306 680.00C,0.0001,0.0001,0.0,0.0,0.0001,0,0.0,True,CALL,2026-03-06,680.0,100.0,159,228.486,1.1506e-05,1.244e-06,9.221e-06,-0.001263522,7.8e-08,45.882,0
US.GLD260306P680000,GLD 260306 680.00P,208.2,0.0,0.0,0.0,208.2,0,0.0,True,PUT,2026-03-06,680.0,100.0,0,0.0,0.0,0.0,0.0,0.0,0.0,-1.216,0
US.GLD260306C690000,GLD 260306 690.00C,0.0001,0.0,0.0,0.0,0.0001,0,0.0,True,CALL,2026-03-06,690.0,100.0,0,236.818,1.1125e-05,1.162e-06,8.93e-06,-0.001266039,7.5e-08,48.027,0
US.GLD260306P690000,GLD 260306 690.00P,218.2,0.0,0.0,0.0,218.2,0,0.0,True,PUT,2026-03-06,690.0,100.0,0,385.521,-0.994958666,0.000222169,0.002613456,-0.745021326,-0.006174617,-1.216,0
US.GLD260306C695000,GLD 260306 695.00C,0.01,0.01,0.01,0.01,0.0001,13,13.0,True,CALL,2026-03-06,695.0,100.0,0,316.435,0.000672515,4.1035e-05,0.000420745,-0.095498877,4.523e-06,49.102,0
US.GLD260306P695000,GLD 260306 695.00P,223.2,0.0,0.0,0.0,223.2,0,0.0,True,PUT,2026-03-06,695.0,100.0,0,400.677,-0.994030041,0.000245111,0.00303947,-0.915873838,-0.006529152,-1.216,0
US.GLD260306C700000,GLD 260306 700.00C,0.0001,0.0001,0.0,0.0,0.0001,0,0.0,True,CALL,2026-03-06,700.0,100.0,15,245.013,1.0775e-05,1.09e-06,8.662e-06,-0.00126844,7.3e-08,50.172,0
US.GLD260306P700000,GLD 260306 700.00P,228.2,0.0,0.0,0.0,228.2,0,0.0,True,PUT,2026-03-06,700.0,100.0,0,406.976,-0.994106527,0.000238655,0.003004885,-0.918858869,-0.006561429,-1.216,0
US.GLD260306C705000,GLD 260306 705.00C,0.0001,0.0001,0.0,0.0,0.0001,0,0.0,True,CALL,2026-03-06,705.0,100.0,3,249.06,1.061e-05,1.057e-06,8.535e-06,-0.001269594,7.2e-08,51.245,0
US.GLD260306P705000,GLD 260306 705.00P,233.2,0.0,0.0,0.0,233.2,0,0.0,True,PUT,2026-03-06,705.0,100.0,0,393.117,-0.996190122,0.000174129,0.002031902,-0.573542637,-0.00580038,-1.216,0
US.GLD260306C710000,GLD 260306 710.00C,0.0001,0.0001,0.0,0.0,0.0001,0,0.0,True,CALL,2026-03-06,710.0,100.0,3,253.074,1.0452e-05,1.025e-06,8.414e-06,-0.001270723,7.1e-08,52.318,0
US.GLD260306P710000,GLD 260306 710.00P,238.2,0.0,0.0,0.0,238.2,0,0.0,True,PUT,2026-03-06,710.0,100.0,0,419.405,-0.994250899,0.000226701,0.002939431,-0.924664279,-0.006625806,-1.216,0
US.GLD260306C715000,GLD 260306 715.00C,0.0001,0.0001,0.0,0.0,0.0001,0,0.0,True,CALL,2026-03-06,715.0,100.0,44,257.056,1.03e-05,9.95e-07,8.297e-06,-0.001271832,7e-08,53.39,0
US.GLD260306P715000,GLD 260306 715.00P,243.2,0.0,0.0,0.0,243.2,0,0.0,True,PUT,2026-03-06,715.0,100.0,0,404.995,-0.996281379,0.000165576,0.001988141,-0.577038568,-0.005852783,-1.216,0
US.GLD260306C720000,GLD 260306 720.00C,0.0001,0.0001,0.0,0.0,0.0001,0,0.0,True,CALL,2026-03-06,720.0,100.0,541,261.007,1.0153e-05,9.67e-07,8.185e-06,-0.001272914,6.9e-08,54.463,0
US.GLD260306P720000,GLD 260306 720.00P,248.2,0.0,0.0,0.0,248.2,0,0.0,True,PUT,2026-03-06,720.0,100.0,0,410.858,-0.996324512,0.000161604,0.00196741,-0.578743633,-0.005878913,-1.216,0
US.GLD260309C290000,GLD 260309 290.00C,181.9202,0.0,0.0,0.0,181.9202,0,0.0,True,CALL,2026-03-09,290.0,100.0,0,0.0,0.0,0.0,0.0,0.0,0.0,1.242,3
US.GLD260309P290000,GLD 260309 290.00P,0.0001,0.0001,0.0,0.0,0.0001,0,0.0,True,PUT,2026-03-09,290.0,100.0,1,114.176,-8.496e-06,7.27e-07,1.7573e-05,-9.7219e-05,1.701e-06,37.785,3
US.GLD260309C295000,GLD 260309 295.00C,176.9227,0.0,0.0,0.0,176.9227,0,0.0,True,CALL,2026-03-09,295.0,100.0,0,0.0,0.0,0.0,0.0,0.0,0.0,1.242,3
US.GLD260309P295000,GLD 260309 295.00P,0.0001,0.0001,0.0,0.0,0.0001,0,0.0,True,PUT,2026-03-09,295.0,100.0,28,110.21,-8.788e-06,7.78e-07,1.8152e-05,-9.7176e-05,1.738e-06,36.712,3
US.GLD260309C300000,GLD 260309 300.00C,166.63,166.7,166.7,166.61,171.9253,4,66657.0,True,CALL,2026-03-09,300.0,100.0,0,0.0,0.0,0.0,0.0,0.0,0.0,0.107,3
US.GLD260309P300000,GLD 260309 300.00P,0.0001,0.0001,0.0,0.0,0.0001,0,0.0,True,PUT,2026-03-09,300.0,100.0,137,106.307,-9.096e-06,8.33e-07,1.8761e-05,-9.713e-05,1.777e-06,35.64,3
US.GLD260309C305000,GLD 260309 305.00C,161.54,161.68,161.68,161.54,166.9278,2,32322.0,True,CALL,2026-03-09,305.0,100.0,0,0.0,0.0,0.0,0.0,0.0,0.0,0.087,3
US.GLD260309P305000,GLD 260309 305.00P,0.01,0.05,0.05,0.01,0.0001,19,23.0,True,PUT,2026-03-09,305.0,100.0,56,136.309,-0.000581541,3.2812e-05,0.000934019,-0.009146207,-1.7536e-05,34.569,3
US.GLD260309C310000,GLD 260309 310.00C,161.9303,0.0,0.0,0.0,161.9303,0,0.0,True,CALL,2026-03-09,310.0,100.0,0,0.0,0.0,0.0,0.0,0.0,0.0,1.244,3
US.GLD260309P310000,GLD 260309 310.00P,0.01,0.01,0.02,0.01,0.0001,94,124.0,True,PUT,2026-03-09,310.0,100.0,305,131.408,-0.000602473,3.5166e-05,0.000965078,-0.009137516,-1.8228e-05,33.497,3
US.GLD260309C315000,GLD 260309 315.00C,156.9329,156.9329,0.0,0.0,156.9329,0,0.0,True,CALL,2026-03-09,315.0,100.0,1,0.0,0.0,0.0,0.0,0.0,0.0,1.244,3
US.GLD260309P315000,GLD 260309 315.00P,0.0001,0.0,0.0,0.0,0.0001,0,0.0,True,PUT,2026-03-09,315.0,100.0,0,94.957,-1.0128e-05,1.032e-06,2.0798e-05,-9.6983e-05,1.907e-06,32.422,3
US.GLD260309C320000,GLD 260309 320.00C,151.9354,151.9354,0.0,0.0,151.9354,0,0.0,True,CALL,2026-03-09,320.0,100.0,1,0.0,0.0,0.0,0.0,0.0,0.0,1.245,3
US.GLD260309P320000,GLD 260309 320.00P,0.0001,0.0001,0.0,0.0,0.0001,0,0.0,True,PUT,2026-03-09,320.0,100.0,1,91.287,-1.0513e-05,1.112e-06,2.1558e-05,-9.6928e-05,1.954e-06,31.349,3
US.GLD260309C325000,GLD 260309 325.00C,146.938,0.0,0.0,0.0,146.938,0,0.0,True,CALL,2026-03-09,325.0,100.0,0,0.0,0.0,0.0,0.0,0.0,0.0,1.246,3
US.GLD260309P325000,GLD 260309 325.00P,0.0001,0.0001,0.0,0.0,0.0001,0,0.0,True,PUT,2026-03-09,325.0,100.0,7,87.669,-1.0924e-05,1.201e-06,2.2366e-05,-9.6871e-05,2.004e-06,30.276,3
US.GLD260309C330000,GLD 260309 330.00C,141.9406,0.0,0.0,0.0,141.9406,0,0.0,True,CALL,2026-03-09,330.0,100.0,0,0.0,0.0,0.0,0.0,0.0,0.0,1.246,3
US.GLD260309P330000,GLD 260309 330.00P,0.0001,0.0001,0.0,0.0,0.0001,0,0.0,True,PUT,2026-03-09,330.0,100.0,1,84.102,-1.1361e-05,1.299e-06,2.3226e-05,-9.681e-05,2.057e-06,29.204,3
US.GLD260309C335000,GLD 260309 335.00C,136.9433,0.0,0.0,0.0,136.9433,0,0.0,True,CALL,2026-03-09,335.0,100.0,0,0.0,0.0,0.0,0.0,0.0,0.0,1.247,3
US.GLD260309P335000,GLD 260309 335.00P,0.0003,0.0003,0.0,0.0,0.0003,0,0.0,True,PUT,2026-03-09,335.0,100.0,3,85.469,-3.2696e-05,3.511e-06,6.3261e-05,-0.000289685,2.177e-06,28.131,3
US.GLD260309C340000,GLD 260309 340.00C,131.9462,0.0,0.0,0.0,131.9462,0,0.0,True,CALL,2026-03-09,340.0,100.0,0,0.0,0.0,0.0,0.0,0.0,0.0,1.247,3
US.GLD260309P340000,GLD 260309 340.00P,0.02,0.02,0.02,0.02,0.0006,13,26.0,True,PUT,2026-03-09,340.0,100.0,83,109.677,-0.001367223,8.9479e-05,0.002049215,-0.017703869,-4.8476e-05,27.063,3
US.GLD260309C345000,GLD 260309 345.00C,126.9493,0.0,0.0,0.0,126.9493,0,0.0,True,CALL,2026-03-09,345.0,100.0,0,0.0,0.0,0.0,0.0,0.0,0.0,1.248,3
US.GLD260309P345000,GLD 260309 345.00P,0.0012,0.0012,0.0,0.0,0.0012,0,0.0,True,PUT,2026-03-09,345.0,100.0,2,84.954,-0.000124138,1.2467e-05,0.00022213,-0.001141354,2.89e-07,25.986,3
US.GLD260309C350000,GLD 260309 350.00C,116.68,116.8,116.8,116.61,121.953,4,46676.0,True,CALL,2026-03-09,350.0,100.0,0,0.0,0.0,0.0,0.0,0.0,0.0,0.117,3
US.GLD260309P350000,GLD 260309 350.00P,0.19,0.19,0.19,0.19,0.0024,1,19.0,True,PUT,2026-03-09,350.0,100.0,26,127.946,-0.009292887,0.000427739,0.011418352,-0.146068548,-0.000397764,24.954,3
US.GLD260309C355000,GLD 260309 355.00C,111.5,111.81,111.81,111.5,116.9577,2,22331.0,True,CALL,2026-03-09,355.0,100.0,0,0.0,0.0,0.0,0.0,0.0,0.0,0.079,3
US.GLD260309P355000,GLD 260309 355.00P,0.0045,0.0045,0.0,0.0,0.0045,0,0.0,True,PUT,2026-03-09,355.0,100.0,43,84.724,-0.000434242,4.0259e-05,0.00071363,-0.004162735,-1.0126e-05,23.841,3
US.GLD260309C360000,GLD 260309 360.00C,111.964,111.964,0.0,0.0,111.964,0,0.0,True,CALL,2026-03-09,360.0,100.0,1,0.0,0.0,0.0,0.0,0.0,0.0,1.251,3
US.GLD260309P360000,GLD 260309 360.00P,0.0083,0.0083,0.0,0.0,0.0083,0,0.0,True,PUT,2026-03-09,360.0,100.0,18,84.595,-0.000771885,6.8636e-05,0.001213868,-0.007535168,-2.2953e-05,22.77,3
US.GLD260309C365000,GLD 260309 365.00C,106.973,0.0,0.0,0.0,106.973,0,0.0,True,CALL,2026-03-09,365.0,100.0,0,117.983,0.985345785,0.000688828,0.016954355,-0.247277146,0.034327251,1.253,3
US.GLD260309P365000,GLD 260309 365.00P,0.02,0.02,0.02,0.02,0.0147,1,2.0,True,PUT,2026-03-09,365.0,100.0,19,86.752,-0.0017085,0.000138607,0.002511709,-0.017538267,-6.0944e-05,21.699,3
US.GLD260309C370000,GLD 260309 370.00C,101.9864,101.9864,0.0,0.0,101.9864,0,0.0,True,CALL,2026-03-09,370.0,100.0,3,0.0,0.0,0.0,0.0,0.0,0.0,1.256,3
US.GLD260309P370000,GLD 260309 370.00P,0.0255,0.0255,0.0,0.0,0.0255,0,0.0,True,PUT,2026-03-09,370.0,100.0,17,84.223,-0.002199699,0.000179618,0.003159582,-0.022063401,-8.1106e-05,20.628,3
US.GLD260309C375000,GLD 260309 375.00C,97.0063,97.0063,0.0,0.0,97.0063,0,0.0,True,CALL,2026-03-09,375.0,100.0,4,93.687,0.992305464,0.000495019,0.009676939,-0.124549636,0.035614937,1.26,3
US.GLD260309P375000,GLD 260309 375.00P,0.03,0.05,0.05,0.03,0.043,33,122.0,True,PUT,2026-03-09,375.0,100.0,2149,81.024,-0.002650488,0.000221021,0.003740003,-0.02567983,-9.9618e-05,19.556,3
US.GLD260309C380000,GLD 260309 380.00C,92.0309,0.0,0.0,0.0,92.0309,0,0.0,True,CALL,2026-03-09,380.0,100.0,0,99.314,0.98441919,0.000862585,0.017872006,-0.22576918,0.035727484,1.265,3
US.GLD260309P380000,GLD 260309 380.00P,0.065,0.065,0.0,0.0,0.065,0,0.0,True,PUT,2026-03-09,380.0,100.0,131,83.087,-0.005260095,0.000398552,0.006912416,-0.052990504,-0.000211248,18.491,3
US.GLD260309C385000,GLD 260309 385.00C,87.0555,0.0,0.0,0.0,87.0555,0,0.0,True,CALL,2026-03-09,385.0,100.0,0,95.005,0.982482345,0.000996826,0.019757193,-0.240007098,0.036118195,1.271,3
US.GLD260309P385000,GLD 260309 385.00P,0.02,0.02,0.02,0.02,0.0871,5,10.0,True,PUT,2026-03-09,385.0,100.0,56,72.073,-0.002958574,0.000274378,0.004130729,-0.025521487,-0.000111294,17.409,3
US.GLD260309C390000,GLD 260309 390.00C,82.0801,0.0,0.0,0.0,82.0801,0,0.0,True,CALL,2026-03-09,390.0,100.0,0,89.385,0.981575552,0.001106092,0.020626112,-0.238004602,0.036557389,1.276,3
US.GLD260309P390000,GLD 260309 390.00P,0.05,0.05,0.12,0.05,0.1091,28,171.0,True,PUT,2026-03-09,390.0,100.0,67,68.739,-0.003563506,0.000340095,0.004883042,-0.029418111,-0.000136157,16.343,3
US.GLD260309C394000,GLD 260309 394.00C,78.1036,0.0,0.0,0.0,78.1036,0,0.0,True,CALL,2026-03-09,394.0,100.0,0,87.138,0.978282067,0.001304486,0.023713524,-0.267292061,0.036789055,1.281,3
US.GLD260309P394000,GLD 260309 394.00P,0.05,0.14,0.23,0.05,0.1306,7,74.0,True,PUT,2026-03-09,394.0,100.0,3,67.753,-0.00500698,0.000467726,0.006617428,-0.040983803,-0.000197135,15.484,3
US.GLD260309C395000,GLD 260309 395.00C,77.1094,0.0,0.0,0.0,77.1094,0,0.0,True,CALL,2026-03-09,395.0,100.0,0,84.935,0.97928635,0.001285791,0.022782955,-0.251452906,0.036932337,1.282,3
US.GLD260309P395000,GLD 260309 395.00P,0.08,0.15,0.15,0.06,0.136,4,38.0,True,PUT,2026-03-09,395.0,100.0,29,67.56,-0.005476469,0.000507999,0.007166331,-0.04475637,-0.000217116,15.276,3
US.GLD260309C396000,GLD 260309 396.00C,69.55,70.53,70.53,69.55,76.1153,4,28063.0,True,CALL,2026-03-09,396.0,100.0,0,0.0,0.0,0.0,0.0,0.0,0.0,-0.124,3
US.GLD260309P396000,GLD 260309 396.00P,0.22,0.22,0.22,0.22,0.1413,1,22.0,True,PUT,2026-03-09,396.0,100.0,0,71.139,-0.008576891,0.000717046,0.010647048,-0.074171293,-0.000351635,15.092,3
US.GLD260309C397000,GLD 260309 397.00C,68.57,69.53,69.65,68.57,75.1212,8,55532.0,True,CALL,2026-03-09,397.0,100.0,0,51.544,0.999352075,9.5925e-05,0.001036149,-0.042584028,0.038050746,-0.12,3
US.GLD260309P397000,GLD 260309 397.00P,0.11,0.14,0.17,0.07,0.1467,4,49.0,True,PUT,2026-03-09,397.0,100.0,0,75.812,-0.013657699,0.001008766,0.01595816,-0.125897642,-0.000575156,14.854,3
US.GLD260309C398000,GLD 260309 398.00C,68.65,68.65,68.72,68.65,74.1271,4,27467.0,True,CALL,2026-03-09,398.0,100.0,0,81.575,0.978575359,0.00137753,0.023442956,-0.250046332,0.037188386,0.111,3
US.GLD260309P398000,GLD 260309 398.00P,0.12,0.14,0.14,0.12,0.1521,2,26.0,True,PUT,2026-03-09,398.0,100.0,0,71.314,-0.010566325,0.00085841,0.012775994,-0.091644472,-0.000438128,14.641,3
US.GLD260309C399000,GLD 260309 399.00C,67.51,67.46,67.51,67.46,73.1329,4,26995.0,True,CALL,2026-03-09,399.0,100.0,3,77.002,0.982465212,0.001230912,0.019774806,-0.202651241,0.037465562,0.081,3
US.GLD260309P399000,GLD 260309 399.00P,0.1575,0.0,0.0,0.0,0.1575,0,0.0,True,PUT,2026-03-09,399.0,100.0,0,72.964,-0.013210234,0.001018417,0.015506153,-0.117166139,-0.000554273,14.435,3
US.GLD260309C400000,GLD 260309 400.00C,66.53,66.58,66.58,66.53,72.1388,4,26621.0,True,CALL,2026-03-09,400.0,100.0,13,0.0,0.0,0.0,0.0,0.0,0.0,0.085,3
US.GLD260309P400000,GLD 260309 400.00P,0.09,0.06,0.11,0.05,0.1628,20,194.0,True,PUT,2026-03-09,400.0,100.0,48,65.317,-0.007492034,0.000693386,0.009455107,-0.059372643,-0.000302902,14.206,3
US.GLD260309C401000,GLD 260309 401.00C,64.78,64.61,64.78,64.61,71.1447,2,12939.0,True,CALL,2026-03-09,401.0,100.0,0,72.16,0.985122518,0.001140991,0.017178854,-0.169482525,0.03778115,-0.075,3
US.GLD260309P401000,GLD 260309 401.00P,0.1682,0.0,0.0,0.0,0.1682,0,0.0,True,PUT,2026-03-09,401.0,100.0,0,71.584,-0.01425829,0.001108727,0.016561543,-0.123961144,-0.000599537,14.008,3
US.GLD260309C402000,GLD 260309 402.00C,63.79,63.73,63.79,63.73,70.1505,2,12752.0,True,CALL,2026-03-09,402.0,100.0,0,82.518,0.969893674,0.00181069,0.031168848,-0.336193106,0.037169394,-0.072,3
US.GLD260309P402000,GLD 260309 402.00P,0.12,0.23,0.23,0.12,0.1736,2,35.0,True,PUT,2026-03-09,402.0,100.0,0,66.178,-0.010035097,0.000884319,0.012215059,-0.080690856,-0.000413058,13.783,3
US.GLD260309C403000,GLD 260309 403.00C,69.1564,0.0,0.0,0.0,69.1564,0,0.0,True,CALL,2026-03-09,403.0,100.0,0,78.839,0.973262602,0.001716978,0.028238683,-0.29227824,0.037423265,1.292,3
US.GLD260309P403000,GLD 260309 403.00P,0.1789,0.0,0.0,0.0,0.1789,0,0.0,True,PUT,2026-03-09,403.0,100.0,0,69.638,-0.014761919,0.001174264,0.017063855,-0.124764228,-0.000620631,13.581,3
US.GLD260309C404000,GLD 260309 404.00C,68.1623,0.0,0.0,0.0,68.1623,0,0.0,True,CALL,2026-03-09,404.0,100.0,0,77.699,0.972930201,0.001760237,0.028531448,-0.291656834,0.037504346,1.294,3
US.GLD260309P404000,GLD 260309 404.00P,0.1843,0.0,0.0,0.0,0.1843,0,0.0,True,PUT,2026-03-09,404.0,100.0,0,66.087,-0.012177107,0.001047846,0.014452344,-0.097744909,-0.000506066,13.368,3
US.GLD260309C405000,GLD 260309 405.00C,67.1682,67.1682,0.0,0.0,67.1682,0,0.0,True,CALL,2026-03-09,405.0,100.0,1,75.674,0.973923895,0.001751731,0.027654074,-0.276386296,0.037647154,1.295,3
US.GLD260309P405000,GLD 260309 405.00P,0.14,0.13,0.2,0.13,0.1897,5,75.0,True,PUT,2026-03-09,405.0,100.0,108,70.455,-0.018751136,0.001424292,0.020937795,-0.159801939,-0.000796187,13.144,3
US.GLD260309C406000,GLD 260309 406.00C,66.174,0.0,0.0,0.0,66.174,0,0.0,True,CALL,2026-03-09,406.0,100.0,0,74.545,0.973590414,0.001797253,0.027949432,-0.275785425,0.037728187,1.296,3
US.GLD260309P406000,GLD 260309 406.00P,0.14,0.28,0.28,0.14,0.1951,6,123.0,True,PUT,2026-03-09,406.0,100.0,1,65.386,-0.013980084,0.001193352,0.016283598,-0.110912216,-0.000584286,12.929,3
US.GLD260309C407000,GLD 260309 407.00C,65.1799,0.0,0.0,0.0,65.1799,0,0.0,True,CALL,2026-03-09,407.0,100.0,0,73.417,0.973247707,0.001844626,0.028252094,-0.275175894,0.037808808,1.297,3
US.GLD260309P407000,GLD 260309 407.00P,0.15,0.28,0.28,0.15,0.2004,4,83.0,True,PUT,2026-03-09,407.0,100.0,0,63.757,-0.013448826,0.001183608,0.015748845,-0.104039426,-0.000560297,12.717,3
US.GLD260309C408000,GLD 260309 408.00C,64.1885,0.0,0.0,0.0,64.1885,0,0.0,True,CALL,2026-03-09,408.0,100.0,0,72.29,0.9728954,0.001893957,0.028562329,-0.274556979,0.037888998,1.299,3
US.GLD260309P408000,GLD 260309 408.00P,0.2086,0.2086,0.0,0.0,0.2086,0,0.0,True,PUT,2026-03-09,408.0,100.0,1,66.511,-0.018473379,0.001489689,0.020673957,-0.148555739,-0.000781517,12.515,3
US.GLD260309C409000,GLD 260309 409.00C,63.1972,0.0,0.0,0.0,63.1972,0,0.0,True,CALL,2026-03-09,409.0,100.0,0,71.164,0.97253297,0.001945361,0.028880529,-0.2739292,0.037968736,1.301,3
US.GLD260309P409000,GLD 260309 409.00P,0.1,0.25,0.25,0.1,0.2167,22,250.0,True,PUT,2026-03-09,409.0,100.0,1,66.9,-0.020811565,0.001638788,0.022874783,-0.167930333,-0.000884459,12.277,3
US.GLD260309C410000,GLD 260309 410.00C,62.208,62.208,0.0,0.0,62.208,0,0.0,True,CALL,2026-03-09,410.0,100.0,0,70.039,0.972159983,0.001998965,0.029207005,-0.273291852,0.038048001,1.303,3
US.GLD260309P410000,GLD 260309 410.00P,0.15,0.15,0.18,0.14,0.227,14,229.0,True,PUT,2026-03-09,410.0,100.0,36,60.45,-0.013666686,0.001265789,0.015969255,-0.100164971,-0.000568024,12.073,3
US.GLD260309C411000,GLD 260309 411.00C,61.2187,61.2187,0.0,0.0,61.2187,0,0.0,True,CALL,2026-03-09,411.0,100.0,0,70.539,0.968922529,0.002174604,0.031999528,-0.301258733,0.037994316,1.306,3
US.GLD260309P411000,GLD 260309 411.00P,0.22,0.36,0.36,0.22,0.2372,2,58.0,True,PUT,2026-03-09,411.0,100.0,0,63.207,-0.019050584,0.001609135,0.021222552,-0.145412168,-0.000804635,11.874,3
US.GLD260309C412000,GLD 260309 412.00C,60.2295,0.0,0.0,0.0,60.2295,0,0.0,True,CALL,2026-03-09,412.0,100.0,0,70.155,0.967090819,0.002292398,0.033548862,-0.314528327,0.038005922,1.308,3
US.GLD260309P412000,GLD 260309 412.00P,0.24,0.47,0.47,0.24,0.2475,2,71.0,True,PUT,2026-03-09,412.0,100.0,0,65.508,-0.02469062,0.001932953,0.026418072,-0.194139982,-0.001054075,11.664,3
US.GLD260309C413000,GLD 260309 413.00C,59.2403,0.0,0.0,0.0,59.2403,0,0.0,True,CALL,2026-03-09,413.0,100.0,0,69.004,0.966623823,0.002357838,0.033940525,-0.313720309,0.038080981,1.31,3
US.GLD260309P413000,GLD 260309 413.00P,0.2578,0.0,0.0,0.0,0.2578,0,0.0,True,PUT,2026-03-09,413.0,100.0,0,62.443,-0.021741643,0.001821878,0.023736517,-0.163439637,-0.000922021,11.453,3
US.GLD260309C414000,GLD 260309 414.00C,58.251,0.0,0.0,0.0,58.251,0,0.0,True,CALL,2026-03-09,414.0,100.0,0,67.113,0.967578287,0.002366995,0.033138744,-0.298974999,0.038222034,1.313,3
US.GLD260309P414000,GLD 260309 414.00P,0.25,0.25,0.25,0.25,0.268,2,50.0,True,PUT,2026-03-09,414.0,100.0,1,62.968,-0.02479292,0.002017913,0.02651002,-0.187272551,-0.001056437,11.237,3
US.GLD260309C415000,GLD 260309 415.00C,57.2618,0.0,0.0,0.0,57.2618,0,0.0,True,CALL,2026-03-09,415.0,100.0,0,62.732,0.973294051,0.002155695,0.028212012,-0.240960857,0.038583298,1.315,3
US.GLD260309P415000,GLD 260309 415.00P,0.16,0.23,0.23,0.16,0.2783,106,1729.0,True,PUT,2026-03-09,415.0,100.0,27,57.633,-0.017995052,0.001681116,0.020218357,-0.125241784,-0.000754642,11.003,3
US.GLD260309C416000,GLD 260309 416.00C,56.278,0.0,0.0,0.0,56.278,0,0.0,True,CALL,2026-03-09,416.0,100.0,0,65.555,0.965133003,0.002572708,0.035181927,-0.311209948,0.038302141,1.318,3
US.GLD260309P416000,GLD 260309 416.00P,0.29,0.29,0.29,0.29,0.294,2,58.0,True,PUT,2026-03-09,416.0,100.0,0,61.175,-0.026258961,0.002179425,0.02781619,-0.192276153,-0.001119277,10.816,3
US.GLD260309C417000,GLD 260309 417.00C,55.2942,0.0,0.0,0.0,55.2942,0,0.0,True,CALL,2026-03-09,417.0,100.0,0,64.405,0.964603767,0.002651187,0.035619416,-0.310339995,0.038374416,1.322,3
US.GLD260309P417000,GLD 260309 417.00P,0.34,0.34,0.34,0.34,0.3098,2,68.0,True,PUT,2026-03-09,417.0,100.0,0,60.092,-0.02668356,0.00224863,0.028191479,-0.191782953,-0.001136916,10.612,3
US.GLD260309C418000,GLD 260309 418.00C,54.3105,0.0,0.0,0.0,54.3105,0,0.0,True,CALL,2026-03-09,418.0,100.0,0,63.938,0.962569344,0.00279555,0.037285928,-0.323023138,0.038376952,1.325,3
US.GLD260309P418000,GLD 260309 418.00P,0.2,0.2,0.2,0.2,0.3255,1,20.0,True,PUT,2026-03-09,418.0,100.0,0,60.028,-0.029164436,0.002424094,0.030357642,-0.208703359,-0.001245875,10.368,3
US.GLD260309C419000,GLD 260309 419.00C,53.3267,0.0,0.0,0.0,53.3267,0,0.0,True,CALL,2026-03-09,419.0,100.0,0,60.688,0.966615662,0.002681467,0.033947703,-0.281044038,0.038661128,1.329,3
US.GLD260309P419000,GLD 260309 419.00P,0.3412,0.0,0.0,0.0,0.3412,0,0.0,True,PUT,2026-03-09,419.0,100.0,0,61.358,-0.034860271,0.002748089,0.035175285,-0.253061378,-0.001498203,10.184,3
US.GLD260309C420000,GLD 260309 420.00C,52.3429,52.3429,0.0,0.0,52.3429,0,0.0,True,CALL,2026-03-09,420.0,100.0,13,46.32,0.99017896,0.001240109,0.01199393,-0.096054603,0.039840062,1.332,3
US.GLD260309P420000,GLD 260309 420.00P,0.25,0.23,0.31,0.18,0.357,1146,29683.0,True,PUT,2026-03-09,420.0,100.0,1867,53.845,-0.022020513,0.002135632,0.023994404,-0.142459023,-0.000927097,9.95,3
US.GLD260309C421000,GLD 260309 421.00C,51.3597,0.0,0.0,0.0,51.3597,0,0.0,True,CALL,2026-03-09,421.0,100.0,0,62.315,0.956268315,0.003254532,0.04230471,-0.359441755,0.038375712,1.336,3
US.GLD260309P421000,GLD 260309 421.00P,0.3732,0.0,0.0,0.0,0.3732,0,0.0,True,PUT,2026-03-09,421.0,100.0,0,59.236,-0.036365822,0.002946922,0.036415413,-0.254217496,-0.001561984,9.761,3
US.GLD260309C422000,GLD 260309 422.00C,50.3764,0.0,0.0,0.0,50.3764,0,0.0,True,CALL,2026-03-09,422.0,100.0,0,61.133,0.95554694,0.003361525,0.042866307,-0.358245901,0.038439391,1.339,3
US.GLD260309P422000,GLD 260309 422.00P,0.3895,0.0,0.0,0.0,0.3895,0,0.0,True,PUT,2026-03-09,422.0,100.0,0,51.562,-0.022401411,0.002262671,0.024344358,-0.138654261,-0.000941601,9.55,3
US.GLD260309C423000,GLD 260309 423.00C,42.93,43.24,43.24,42.93,49.3931,4,17210.0,True,CALL,2026-03-09,423.0,100.0,0,56.166,0.964347478,0.003058132,0.035830955,-0.277677299,0.038943462,-0.042,3
US.GLD260309P423000,GLD 260309 423.00P,0.4057,0.4057,0.0,0.0,0.4057,0,0.0,True,PUT,2026-03-09,423.0,100.0,1,56.566,-0.036646914,0.003105506,0.036645464,-0.244413624,-0.001570909,9.339,3
US.GLD260309C424000,GLD 260309 424.00C,41.97,42.36,42.36,41.97,48.4142,4,16840.0,True,CALL,2026-03-09,424.0,100.0,0,58.192,0.955554905,0.003530921,0.042860033,-0.342967728,0.038634051,-0.034,3
US.GLD260309P424000,GLD 260309 424.00P,0.3,0.3,0.3,0.3,0.4263,2,60.0,True,PUT,2026-03-09,424.0,100.0,1,52.671,-0.03048656,0.002866129,0.031494955,-0.190814241,-0.00129573,9.102,3
US.GLD260309C425000,GLD 260309 425.00C,47.4352,47.4352,0.0,0.0,47.4352,0,0.0,True,CALL,2026-03-09,425.0,100.0,2,57.583,0.953218606,0.003718273,0.044661757,-0.354486333,0.038623081,1.352,3
US.GLD260309P425000,GLD 260309 425.00P,0.29,0.31,0.37,0.29,0.4468,38,1164.0,True,PUT,2026-03-09,425.0,100.0,963,51.74,-0.031442546,0.002993215,0.032309773,-0.193031137,-0.00133642,8.885,3
US.GLD260309C426000,GLD 260309 426.00C,46.4599,0.0,0.0,0.0,46.4599,0,0.0,True,CALL,2026-03-09,426.0,100.0,0,62.223,0.935450926,0.004437518,0.057593722,-0.496492355,0.037895343,1.357,3
US.GLD260309P426000,GLD 260309 426.00P,0.34,0.34,0.34,0.34,0.471,10,340.0,True,PUT,2026-03-09,426.0,100.0,0,53.441,-0.039409426,0.003487911,0.038882995,-0.247184453,-0.001687959,8.682,3
US.GLD260309C427000,GLD 260309 427.00C,45.4845,0.0,0.0,0.0,45.4845,0,0.0,True,CALL,2026-03-09,427.0,100.0,0,56.785,0.946872834,0.004173122,0.049429678,-0.388887063,0.038523887,1.363,3
US.GLD260309P427000,GLD 260309 427.00P,0.29,0.29,0.33,0.29,0.4952,3,91.0,True,PUT,2026-03-09,427.0,100.0,11,50.716,-0.035767079,0.003395459,0.035923782,-0.213892441,-0.001524305,8.456,3
US.GLD260309C428000,GLD 260309 428.00C,44.5092,0.0,0.0,0.0,44.5092,0,0.0,True,CALL,2026-03-09,428.0,100.0,0,56.069,0.944374493,0.004382893,0.051259203,-0.399346724,0.038505668,1.368,3
US.GLD260309P428000,GLD 260309 428.00P,0.5194,0.0,0.0,0.0,0.5194,0,0.0,True,PUT,2026-03-09,428.0,100.0,0,50.277,-0.03837409,0.00362785,0.038049209,-0.226632968,-0.001637814,8.291,3
US.GLD260309C429000,GLD 260309 429.00C,43.5338,0.0,0.0,0.0,43.5338,0,0.0,True,CALL,2026-03-09,429.0,100.0,0,55.793,0.940324441,0.004654881,0.054171569,-0.421272731,0.038415628,1.373,3
US.GLD260309P429000,GLD 260309 429.00P,0.46,0.5,0.5,0.42,0.5435,33,1434.0,True,PUT,2026-03-09,429.0,100.0,11,49.155,-0.039147313,0.003771399,0.038672288,-0.225739558,-0.001669931,8.064,3
US.GLD260309C430000,GLD 260309 430.00C,42.5626,42.5626,0.0,0.0,42.5626,0,0.0,True,CALL,2026-03-09,430.0,100.0,4,46.931,0.963392174,0.003740055,0.036615408,-0.244119353,0.039577187,1.379,3
US.GLD260309P430000,GLD 260309 430.00P,0.37,0.53,0.54,0.37,0.5718,87,4053.0,True,PUT,2026-03-09,430.0,100.0,653,49.724,-0.045200957,0.004188446,0.043443276,-0.261384813,-0.001936099,7.83,3
US.GLD260309C431000,GLD 260309 431.00C,41.5915,0.0,0.0,0.0,41.5915,0,0.0,True,CALL,2026-03-09,431.0,100.0,0,53.769,0.936470911,0.005071997,0.0568836,-0.428925828,0.038432731,1.386,3
US.GLD260309P431000,GLD 260309 431.00P,0.6003,0.0,0.0,0.0,0.6003,0,0.0,True,PUT,2026-03-09,431.0,100.0,0,52.17,-0.058116442,0.004875665,0.053055123,-0.346099276,-0.002508536,7.665,3
US.GLD260309C432000,GLD 260309 432.00C,40.6205,0.0,0.0,0.0,40.6205,0,0.0,True,CALL,2026-03-09,432.0,100.0,0,52.955,0.933682453,0.005324638,0.058812026,-0.438167747,0.038401532,1.392,3
US.GLD260309P432000,GLD 260309 432.00P,0.51,0.51,0.51,0.51,0.6288,1,51.0,True,PUT,2026-03-09,432.0,100.0,1,51.866,-0.062505052,0.005191847,0.056165313,-0.367628442,-0.00270116,7.431,3
US.GLD260309C433000,GLD 260309 433.00C,39.6554,0.0,0.0,0.0,39.6554,0,0.0,True,CALL,2026-03-09,433.0,100.0,0,51.703,0.93232245,0.005539888,0.05974229,-0.435928274,0.03843664,1.399,3
US.GLD260309P433000,GLD 260309 433.00P,0.6632,0.0,0.0,0.0,0.6632,0,0.0,True,PUT,2026-03-09,433.0,100.0,0,49.835,-0.060904704,0.005295169,0.055039008,-0.344862273,-0.00262599,7.249,3
US.GLD260309C434000,GLD 260309 434.00C,38.6904,38.6904,0.0,0.0,38.6904,0,0.0,True,CALL,2026-03-09,434.0,100.0,1,54.971,0.913842686,0.006260956,0.07178546,-0.561032201,0.037677043,1.407,3
US.GLD260309P434000,GLD 260309 434.00P,0.61,0.69,0.69,0.61,0.6977,12,748.0,True,PUT,2026-03-09,434.0,100.0,0,47.039,-0.056336782,0.005276748,0.051771143,-0.302977367,-0.002418977,7.023,3
US.GLD260309C435000,GLD 260309 435.00C,31.26,31.32,31.32,31.26,37.7253,2,6258.0,True,CALL,2026-03-09,435.0,100.0,20,41.96,0.957033664,0.004764845,0.041705455,-0.252411864,0.039770077,0.027,3
US.GLD260309P435000,GLD 260309 435.00P,0.55,0.7,0.72,0.53,0.7322,55,3572.0,True,PUT,2026-03-09,435.0,100.0,407,46.681,-0.060839138,0.005648107,0.054991593,-0.322504603,-0.002615549,6.796,3
US.GLD260309C436000,GLD 260309 436.00C,30.29,30.44,30.44,30.29,36.7678,2,6073.0,True,CALL,2026-03-09,436.0,100.0,0,43.519,0.945575313,0.005550291,0.05038095,-0.313851466,0.039341402,0.034,3
US.GLD260309P436000,GLD 260309 436.00P,0.75,0.8,0.8,0.75,0.7742,4,306.0,True,PUT,2026-03-09,436.0,100.0,7,46.086,-0.064720955,0.006003602,0.057706178,-0.336705223,-0.00278426,6.624,3
US.GLD260309C437000,GLD 260309 437.00C,35.8103,0.0,0.0,0.0,35.8103,0,0.0,True,CALL,2026-03-09,437.0,100.0,0,25.394,0.995750207,0.001078316,0.005751278,-0.05556099,0.041725303,1.433,3
US.GLD260309P437000,GLD 260309 437.00P,0.81,0.74,0.87,0.74,0.8162,51,3964.0,True,PUT,2026-03-09,437.0,100.0,19,45.365,-0.068359425,0.006362757,0.060200992,-0.348119461,-0.002941825,6.423,3
US.GLD260309C438000,GLD 260309 438.00C,34.8579,0.0,0.0,0.0,34.8579,0,0.0,True,CALL,2026-03-09,438.0,100.0,0,37.376,0.9586648,0.005184328,0.040420054,-0.222883647,0.040135706,1.443,3
US.GLD260309P438000,GLD 260309 438.00P,0.81,0.79,0.92,0.79,0.8635,6,489.0,True,PUT,2026-03-09,438.0,100.0,20,45.395,-0.075531312,0.006864323,0.06498678,-0.38078918,-0.003256422,6.208,3
US.GLD260309C439000,GLD 260309 439.00C,33.9056,0.0,0.0,0.0,33.9056,0,0.0,True,CALL,2026-03-09,439.0,100.0,0,35.64,0.960186523,0.005273782,0.039208813,-0.208579114,0.040302137,1.453,3
US.GLD260309P439000,GLD 260309 439.00P,0.83,0.84,0.99,0.83,0.9107,42,3545.0,True,PUT,2026-03-09,439.0,100.0,12,44.874,-0.080746826,0.007304883,0.068362422,-0.399238861,-0.00348352,5.998,3
US.GLD260309C440000,GLD 260309 440.00C,27.15,28.22,28.22,27.15,32.9533,2,5537.0,True,CALL,2026-03-09,440.0,100.0,8,37.819,0.944364848,0.00649873,0.051262156,-0.283168081,0.039675853,0.218,3
US.GLD260309P440000,GLD 260309 440.00P,1.0,0.9,1.05,0.8,0.9579,93,8556.0,True,PUT,2026-03-09,440.0,100.0,389,44.159,-0.085435366,0.007745015,0.071325863,-0.412725764,-0.003686655,5.82,3
US.GLD260309C441000,GLD 260309 441.00C,27.4,27.4,27.4,27.4,32.0082,1,2740.0,True,CALL,2026-03-09,441.0,100.0,2,37.113,0.940582601,0.006974094,0.053982596,-0.293335462,0.039600193,0.486,3
US.GLD260309P441000,GLD 260309 441.00P,0.91,0.97,1.07,0.91,1.0124,8,793.0,True,PUT,2026-03-09,441.0,100.0,12,43.607,-0.09125688,0.008238049,0.074916491,-0.431517366,-0.003939806,5.586,3
US.GLD260309C442000,GLD 260309 442.00C,31.0631,0.0,0.0,0.0,31.0631,0,0.0,True,CALL,2026-03-09,442.0,100.0,0,35.923,0.938923622,0.007362136,0.055157716,-0.291468013,0.039621924,1.487,3
US.GLD260309P442000,GLD 260309 442.00P,1.13,1.03,1.15,0.93,1.0668,15,1613.0,True,PUT,2026-03-09,442.0,100.0,4,43.128,-0.097871264,0.008770649,0.07888204,-0.453168719,-0.004227769,5.419,3
US.GLD260309C443000,GLD 260309 443.00C,30.118,0.0,0.0,0.0,30.118,0,0.0,True,CALL,2026-03-09,443.0,100.0,0,36.805,0.926043054,0.008331431,0.063949204,-0.345504411,0.03912962,1.499,3
US.GLD260309P443000,GLD 260309 443.00P,1.08,1.09,1.15,0.92,1.1213,13,1369.0,True,PUT,2026-03-09,443.0,100.0,0,42.646,-0.104955326,0.009333009,0.083001104,-0.475449806,-0.004536058,5.193,3
US.GLD260309C444000,GLD 260309 444.00C,29.1918,0.0,0.0,0.0,29.1918,0,0.0,True,CALL,2026-03-09,444.0,100.0,0,35.938,0.921745598,0.008907143,0.066757341,-0.353551435,0.03903091,1.514,3
US.GLD260309P444000,GLD 260309 444.00P,1.32,1.16,1.39,1.03,1.1947,78,9016.0,True,PUT,2026-03-09,444.0,100.0,33,41.226,-0.107535023,0.009825349,0.084468096,-0.468942306,-0.004642401,5.03,3
US.GLD260309C445000,GLD 260309 445.00C,28.2656,28.2656,0.0,0.0,28.2656,0,0.0,True,CALL,2026-03-09,445.0,100.0,5,38.349,0.898000597,0.010165422,0.081299186,-0.46016391,0.038038153,1.53,3
US.GLD260309P445000,GLD 260309 445.00P,1.05,1.3,1.42,1.0,1.2681,216,27239.0,True,PUT,2026-03-09,445.0,100.0,375,41.549,-0.119966128,0.010539994,0.091319671,-0.517648826,-0.005187935,4.758,3
US.GLD260309C446000,GLD 260309 446.00C,27.3394,0.0,0.0,0.0,27.3394,0,0.0,True,CALL,2026-03-09,446.0,100.0,0,35.768,0.902378466,0.010555289,0.078732303,-0.41766806,0.03833956,1.546,3
US.GLD260309P446000,GLD 260309 446.00P,1.45,1.34,1.61,1.28,1.3415,31,4293.0,True,PUT,2026-03-09,446.0,100.0,13,40.355,-0.124668881,0.011148929,0.093816629,-0.518679939,-0.005387073,4.629,3
US.GLD260309C447000,GLD 260309 447.00C,20.95,20.19,20.95,20.19,26.4257,11,22285.0,True,CALL,2026-03-09,447.0,100.0,13,37.63,0.879427873,0.011678113,0.091646513,-0.513736249,0.037382343,0.39,3
US.GLD260309P447000,GLD 260309 447.00P,1.4,1.36,1.46,1.26,1.4274,39,5375.0,True,PUT,2026-03-09,447.0,100.0,115,39.86,-0.13384198,0.01185699,0.098549188,-0.542511116,-0.005784936,4.404,3
US.GLD260309C448000,GLD 260309 448.00C,25.5138,25.5138,0.0,0.0,25.5138,0,0.0,True,CALL,2026-03-09,448.0,100.0,2,35.957,0.877293687,0.012373277,0.092781364,-0.499184313,0.037385212,1.583,3
US.GLD260309P448000,GLD 260309 448.00P,1.48,1.56,1.75,1.35,1.5151,21,3232.0,True,PUT,2026-03-09,448.0,100.0,124,39.438,-0.14411734,0.012603041,0.103639636,-0.56917618,-0.006230855,4.206,3
US.GLD260309C449000,GLD 260309 449.00C,24.6018,24.6018,0.0,0.0,24.6018,0,0.0,True,CALL,2026-03-09,449.0,100.0,4,37.55,0.853872739,0.013359047,0.104616277,-0.591181498,0.036404554,1.602,3
US.GLD260309P449000,GLD 260309 449.00P,1.71,1.62,1.71,1.56,1.6028,58,9415.0,True,PUT,2026-03-09,449.0,100.0,80,39.027,-0.155185211,0.013380536,0.108885468,-0.596562939,-0.006710828,4.041,3
US.GLD260309C450000,GLD 260309 450.00C,18.27,18.27,18.27,18.27,23.7034,1,1827.0,True,CALL,2026-03-09,450.0,100.0,37,37.664,0.838870665,0.014209362,0.111613251,-0.63598522,0.035812539,0.459,3
US.GLD260309P450000,GLD 260309 450.00P,1.53,1.74,2.18,1.53,1.7041,1431,279892.0,True,PUT,2026-03-09,450.0,100.0,1635,38.268,-0.164914864,0.014199737,0.113302283,-0.612584755,-0.007129043,3.788,3
US.GLD260309C451000,GLD 260309 451.00C,22.805,0.0,0.0,0.0,22.805,0,0.0,True,CALL,2026-03-09,451.0,100.0,0,35.466,0.837699943,0.015161219,0.112137964,-0.60418164,0.035863309,1.646,3
US.GLD260309P451000,GLD 260309 451.00P,1.74,1.93,2.18,1.72,1.8053,35,6302.0,True,PUT,2026-03-09,451.0,100.0,59,37.705,-0.176614271,0.015058465,0.118383776,-0.635129787,-0.007633548,3.619,3
US.GLD260309C452000,GLD 260309 452.00C,21.922,0.0,0.0,0.0,21.922,0,0.0,True,CALL,2026-03-09,452.0,100.0,0,35.428,0.821800164,0.016114241,0.119061415,-0.644111982,0.035231133,1.671,3
US.GLD260309P452000,GLD 260309 452.00P,2.42,2.04,2.42,1.73,1.922,76,15004.0,True,PUT,2026-03-09,452.0,100.0,126,37.348,-0.190427811,0.01593355,0.124074502,-0.664410229,-0.008230727,3.55,3
US.GLD260309C453000,GLD 260309 453.00C,21.0598,21.0598,0.0,0.0,21.0598,0,0.0,True,CALL,2026-03-09,453.0,100.0,4,36.438,0.798348562,0.016905271,0.128473497,-0.718709124,0.034246705,1.701,3
US.GLD260309P453000,GLD 260309 453.00P,2.01,1.97,2.52,1.97,2.0594,70,15975.0,True,PUT,2026-03-09,453.0,100.0,217,36.932,-0.204778825,0.01683685,0.129647129,-0.691409207,-0.008849483,3.248,3
US.GLD260309C454000,GLD 260309 454.00C,20.1976,20.1976,0.0,0.0,20.1976,0,0.0,True,CALL,2026-03-09,454.0,100.0,2,34.778,0.790812556,0.018102542,0.131302463,-0.704175839,0.034005503,1.73,3
US.GLD260309P454000,GLD 260309 454.00P,2.27,2.57,2.57,2.12,2.1969,22,5348.0,True,PUT,2026-03-09,454.0,100.0,80,36.533,-0.22015742,0.017757087,0.135251528,-0.718352213,-0.009511498,3.089,3
US.GLD260309C455000,GLD 260309 455.00C,13.5,13.55,13.55,13.5,19.35,4,5415.0,True,CALL,2026-03-09,455.0,100.0,13,35.469,0.767555963,0.018854753,0.139481002,-0.766518281,0.033029799,0.508,3
US.GLD260309P455000,GLD 260309 455.00P,2.25,2.22,3.1,1.99,2.349,404,109602.0,True,PUT,2026-03-09,455.0,100.0,1071,36.672,-0.239594026,0.018548744,0.141816049,-0.761949721,-0.010354023,2.87,3
US.GLD260309C456000,GLD 260309 456.00C,18.5353,18.5353,0.0,0.0,18.5353,0,0.0,True,CALL,2026-03-09,456.0,100.0,6,35.445,0.747952839,0.01971415,0.145743575,-0.803829021,0.032224743,1.803,3
US.GLD260309P456000,GLD 260309 456.00P,3.2,2.49,3.37,2.3,2.5342,92,25319.0,True,PUT,2026-03-09,456.0,100.0,505,35.92,-0.254863802,0.019573902,0.146580634,-0.775290099,-0.01100318,2.859,3
US.GLD260309C457000,GLD 260309 457.00C,14.9,14.9,14.9,14.9,17.7207,1,1490.0,True,CALL,2026-03-09,457.0,100.0,2,36.109,0.723908629,0.020271656,0.15267668,-0.861108407,0.031209005,1.237,3
US.GLD260309P457000,GLD 260309 457.00P,2.91,2.9,3.65,2.65,2.7193,75,22618.0,True,PUT,2026-03-09,457.0,100.0,145,35.975,-0.275548098,0.020334867,0.152509446,-0.812993533,-0.011894648,2.582,3
US.GLD260309C458000,GLD 260309 458.00C,11.67,12.11,12.7,11.67,16.906,4,4918.0,True,CALL,2026-03-09,458.0,100.0,17,34.365,0.711572158,0.021753488,0.155922944,-0.840247459,0.030750639,0.759,3
US.GLD260309P458000,GLD 260309 458.00P,3.0,3.15,4.04,2.98,2.9044,50,16897.0,True,PUT,2026-03-09,458.0,100.0,137,35.385,-0.293773257,0.021317259,0.157246365,-0.828219352,-0.012667667,2.387,3
US.GLD260309C459000,GLD 260309 459.00C,9.9,11.15,11.15,9.9,16.1018,4,4191.0,True,CALL,2026-03-09,459.0,100.0,5,34.292,0.689403696,0.022543678,0.161250592,-0.869919396,0.029826015,0.594,3
US.GLD260309P459000,GLD 260309 459.00P,3.33,3.2,4.15,3.19,3.1,161,55627.0,True,PUT,2026-03-09,459.0,100.0,123,35.158,-0.314789986,0.022126985,0.162163223,-0.852518968,-0.013562921,2.244,3
US.GLD260309C460000,GLD 260309 460.00C,10.25,11.01,11.6,9.89,15.3269,58,58774.0,True,CALL,2026-03-09,460.0,100.0,128,33.481,0.669659597,0.023692139,0.165458911,-0.874263199,0.029019449,0.883,3
US.GLD260309P460000,GLD 260309 460.00P,3.52,3.2,4.82,2.85,3.325,446,171397.0,True,PUT,2026-03-09,460.0,100.0,571,34.627,-0.335418725,0.023059951,0.166435767,-0.864839656,-0.014431704,2.07,3
US.GLD260309C461000,GLD 260309 461.00C,14.552,14.552,0.0,0.0,14.552,0,0.0,True,CALL,2026-03-09,461.0,100.0,4,32.716,0.648293201,0.024831791,0.16945963,-0.877381183,0.028137905,2.021,3
US.GLD260309P461000,GLD 260309 461.00P,3.99,3.5,4.82,3.5,3.55,57,23709.0,True,PUT,2026-03-09,461.0,100.0,125,34.423,-0.358350822,0.02377272,0.170560164,-0.883990985,-0.015400156,1.956,3
US.GLD260309C462000,GLD 260309 462.00C,9.15,10.5,11.05,8.15,13.7771,19,18333.0,True,CALL,2026-03-09,462.0,100.0,6,32.418,0.623880629,0.02563397,0.173343552,-0.891057156,0.027110485,1.076,3
US.GLD260309P462000,GLD 260309 462.00P,4.35,4.2,5.6,3.77,3.775,521,250450.0,True,PUT,2026-03-09,462.0,100.0,857,34.377,-0.38249808,0.024316258,0.174207823,-0.904109139,-0.01641827,1.819,3
US.GLD260309C463000,GLD 260309 463.00C,8.45,9.4,9.4,8.43,13.0556,3,2628.0,True,CALL,2026-03-09,463.0,100.0,13,33.681,0.594652801,0.025199814,0.177050985,-0.945657314,0.02583885,1.141,3
US.GLD260309P463000,GLD 260309 463.00P,5.42,4.34,5.7,4.1,4.0534,75,36951.0,True,PUT,2026-03-09,463.0,100.0,82,34.051,-0.406486839,0.024964778,0.177138872,-0.912167202,-0.017416245,1.834,3
US.GLD260309C464000,GLD 260309 464.00C,7.75,9.55,9.55,6.65,12.3685,21,16176.0,True,CALL,2026-03-09,464.0,100.0,46,33.368,0.569642721,0.025776749,0.179422167,-0.950077739,0.0247799,1.205,3
US.GLD260309P464000,GLD 260309 464.00P,4.95,4.61,6.15,4.0,4.3663,476,235032.0,True,PUT,2026-03-09,464.0,100.0,276,33.873,-0.431490592,0.025430332,0.179472185,-0.920279844,-0.018452718,1.518,3
US.GLD260309C465000,GLD 260309 465.00C,7.15,10.4,10.4,6.15,11.6813,281,198685.0,True,CALL,2026-03-09,465.0,100.0,175,33.195,0.543796809,0.026154851,0.181107778,-0.953970847,0.023678757,1.291,3
US.GLD260309P465000,GLD 260309 465.00P,5.56,4.82,6.5,4.36,4.6792,212,116543.0,True,PUT,2026-03-09,465.0,100.0,288,33.418,-0.456743143,0.026012998,0.181089579,-0.916140668,-0.019481309,1.435,3
US.GLD260309C466000,GLD 260309 466.00C,6.24,7.9,8.45,5.7,11.002,416,266300.0,True,CALL,2026-03-09,466.0,100.0,35,33.016,0.517547748,0.026430136,0.182031247,-0.953008601,0.022557181,1.31,3
US.GLD260309P466000,GLD 260309 466.00P,5.8,4.91,7.06,4.71,5.0,145,90823.0,True,PUT,2026-03-09,466.0,100.0,59,33.513,-0.482886222,0.026072806,0.181990205,-0.922854272,-0.020553952,1.272,3
US.GLD260309C467000,GLD 260309 467.00C,5.8,8.0,8.0,5.0,10.3519,130,82211.0,True,CALL,2026-03-09,467.0,100.0,23,32.831,0.490989312,0.026598199,0.182160998,-0.947009523,0.021419364,1.43,3
US.GLD260309P467000,GLD 260309 467.00P,6.38,5.61,7.94,5.3,5.35,332,225033.0,True,PUT,2026-03-09,467.0,100.0,87,33.465,-0.508998384,0.026133203,0.182106205,-0.920744438,-0.021608605,1.182,3
US.GLD260309C468000,GLD 260309 468.00C,5.32,7.45,7.45,4.55,9.7267,109,64719.0,True,CALL,2026-03-09,468.0,100.0,28,32.775,0.464418416,0.026544576,0.181481472,-0.939789059,0.020276191,1.542,3
US.GLD260309P468000,GLD 260309 468.00P,6.57,5.93,8.15,5.35,5.725,111,74724.0,True,PUT,2026-03-09,468.0,100.0,181,32.997,-0.535709841,0.026411217,0.181414147,-0.901950591,-0.022654752,1.008,3
US.GLD260309C469000,GLD 260309 469.00C,4.8,7.55,7.55,4.35,9.1265,114,63547.0,True,CALL,2026-03-09,469.0,100.0,38,32.432,0.437317653,0.026598779,0.179951302,-0.919544693,0.019111713,1.645,3
US.GLD260309P469000,GLD 260309 469.00P,8.0,6.03,8.46,5.8,6.125,30,21881.0,True,PUT,2026-03-09,469.0,100.0,40,32.933,-0.562044951,0.026254014,0.179928293,-0.889830554,-0.023685199,1.1,3
US.GLD260309C470000,GLD 260309 470.00C,4.2,7.3,7.3,4.12,8.5511,331,165827.0,True,CALL,2026-03-09,470.0,100.0,174,32.639,0.411691805,0.026103504,0.177720537,-0.910499136,0.018001225,1.731,3
US.GLD260309P470000,GLD 260309 470.00P,7.77,6.74,9.35,6.2,6.55,775,668778.0,True,PUT,2026-03-09,470.0,100.0,554,32.441,-0.589477322,0.026308273,0.177522131,-0.860548298,-0.024714759,0.836,3
US.GLD260309C471000,GLD 260309 471.00C,4.05,6.59,6.71,3.75,7.9758,84,37951.0,True,CALL,2026-03-09,471.0,100.0,50,32.418,0.38519511,0.025820756,0.174602259,-0.884563119,0.016856575,1.913,3
US.GLD260309P471000,GLD 260309 471.00P,9.4,7.78,9.6,6.7,6.975,118,94426.0,True,PUT,2026-03-09,471.0,100.0,241,31.928,-0.617340682,0.02624191,0.174170445,-0.825743088,-0.025728477,0.971,3
US.GLD260309C472000,GLD 260309 472.00C,3.82,5.79,6.1,3.11,7.4753,174,71057.0,True,CALL,2026-03-09,472.0,100.0,297,32.186,0.358876676,0.025422044,0.170673685,-0.853979995,0.015717502,2.078,3
US.GLD260309P472000,GLD 260309 472.00P,8.9,7.35,10.6,7.2,7.475,1083,949217.0,True,PUT,2026-03-09,472.0,100.0,147,32.855,-0.638792665,0.02503975,0.170962742,-0.830316417,-0.026567887,0.65,3
US.GLD260309C473000,GLD 260309 473.00C,3.5,5.45,5.6,3.0,6.975,118,47435.0,True,CALL,2026-03-09,473.0,100.0,76,32.395,0.335191939,0.024628286,0.166414734,-0.833232318,0.014686662,2.224,3
US.GLD260309P473000,GLD 260309 473.00P,10.25,8.3,11.25,8.3,7.9752,6,5950.0,True,PUT,2026-03-09,473.0,100.0,151,32.178,-0.666698199,0.024836982,0.165936854,-0.78227714,-0.027508286,0.725,3
US.GLD260309C474000,GLD 260309 474.00C,3.09,4.9,4.9,2.69,6.475,111,38490.0,True,CALL,2026-03-09,474.0,100.0,198,32.065,0.309394258,0.024069146,0.160973978,-0.792217201,0.013567528,2.351,3
US.GLD260309P474000,GLD 260309 474.00P,8.58,8.58,8.58,8.58,8.4757,1,858.0,True,PUT,2026-03-09,474.0,100.0,104,32.241,-0.690424906,0.024054082,0.160896659,-0.753747218,-0.028313208,0.152,3
US.GLD260309C475000,GLD 260309 475.00C,2.67,5.01,5.41,2.5,6.025,384,119434.0,True,CALL,2026-03-09,475.0,100.0,352,32.076,0.286224763,0.023220893,0.155353129,-0.759162421,0.012558298,2.475,3
US.GLD260309P475000,GLD 260309 475.00P,11.34,9.43,12.51,9.0,9.0264,247,243113.0,True,PUT,2026-03-09,475.0,100.0,219,32.32,-0.713165103,0.023193958,0.155380215,-0.723016052,-0.029048867,0.529,3
US.GLD260309C476000,GLD 260309 476.00C,2.36,4.64,4.64,2.36,5.6,154,50037.0,True,CALL,2026-03-09,476.0,100.0,204,32.441,0.266335161,0.022162769,0.149954391,-0.735625093,0.011688612,2.623,3
US.GLD260309P476000,GLD 260309 476.00P,13.22,10.11,13.22,10.11,9.6021,17,18712.0,True,PUT,2026-03-09,476.0,100.0,57,32.423,-0.734788171,0.02226776,0.149490252,-0.690858625,-0.02970965,0.718,3
US.GLD260309C477000,GLD 260309 477.00C,2.2,4.17,4.17,2.2,5.2049,73,22711.0,True,CALL,2026-03-09,477.0,100.0,122,32.374,0.244638521,0.021243614,0.143436119,-0.696000916,0.010742398,2.803,3
US.GLD260309P477000,GLD 260309 477.00P,13.8,11.3,13.95,11.3,10.2078,9,11164.0,True,PUT,2026-03-09,477.0,100.0,165,32.385,-0.75639223,0.021347975,0.142951314,-0.652189759,-0.030307142,0.628,3
US.GLD260309C478000,GLD 260309 478.00C,1.82,2.78,2.78,1.82,4.8163,24,5363.0,True,CALL,2026-03-09,478.0,100.0,64,32.226,0.223289232,0.020288381,0.136353898,-0.652112524,0.009810764,2.936,3
US.GLD260309P478000,GLD 260309 478.00P,13.58,11.8,14.8,11.8,10.82,9,11478.0,True,PUT,2026-03-09,478.0,100.0,1,31.824,-0.780960802,0.020513968,0.134677765,-0.59403567,-0.030852247,0.366,3
US.GLD260309C479000,GLD 260309 479.00C,1.9,2.05,2.47,1.9,4.4276,8,1667.0,True,CALL,2026-03-09,479.0,100.0,22,32.644,0.207159767,0.019175123,0.130544058,-0.626989428,0.009103543,3.168,3
US.GLD260309P479000,GLD 260309 479.00P,11.4323,0.0,0.0,0.0,11.4323,0,0.0,True,PUT,2026-03-09,479.0,100.0,0,30.432,-0.811581338,0.019687412,0.123033426,-0.505625457,-0.031267255,-0.308,3
US.GLD260309C480000,GLD 260309 480.00C,1.5,3.15,3.15,1.5,4.1,339,66625.0,True,CALL,2026-03-09,480.0,100.0,381,32.718,0.189574285,0.018134261,0.12373494,-0.589522548,0.008334061,3.297,3
US.GLD260309P480000,GLD 260309 480.00P,14.0,14.05,16.6,14.0,12.1058,45,67303.0,True,PUT,2026-03-09,480.0,100.0,194,33.115,-0.808838734,0.018221086,0.124171357,-0.559038047,-0.031554238,0.027,3
US.GLD260309C481000,GLD 260309 481.00C,1.5,2.69,2.69,1.5,3.8,11,2230.0,True,CALL,2026-03-09,481.0,100.0,11,32.783,0.172975883,0.017088896,0.116830547,-0.551672137,0.0076073,3.511,3
US.GLD260309P481000,GLD 260309 481.00P,12.8068,0.0,0.0,0.0,12.8068,0,0.0,True,PUT,2026-03-09,481.0,100.0,0,30.206,-0.84942143,0.017298173,0.106431202,-0.417401116,-0.031570388,-0.442,3
US.GLD260309C482000,GLD 260309 482.00C,1.35,2.45,2.45,1.29,3.5063,42,8021.0,True,CALL,2026-03-09,482.0,100.0,46,32.938,0.158105671,0.016047967,0.110228702,-0.517234026,0.006955458,3.694,3
US.GLD260309P482000,GLD 260309 482.00P,15.31,15.1,15.31,14.64,13.5144,3,4505.0,True,PUT,2026-03-09,482.0,100.0,2,31.307,-0.856506085,0.016171809,0.103041999,-0.416136251,-0.031743313,-0.12,3
US.GLD260309C483000,GLD 260309 483.00C,1.2,1.8,1.85,1.1,3.2502,69,10015.0,True,CALL,2026-03-09,483.0,100.0,64,33.16,0.144769206,0.015032906,0.103953135,-0.485712449,0.006370314,3.876,3
US.GLD260309P483000,GLD 260309 483.00P,19.17,15.82,19.17,15.82,14.2594,3,5416.0,True,PUT,2026-03-09,483.0,100.0,4,32.377,-0.863109732,0.015157644,0.09979137,-0.4140761,-0.031892752,0.493,3
US.GLD260309C484000,GLD 260309 484.00C,0.99,1.56,1.56,0.99,2.994,20,2354.0,True,CALL,2026-03-09,484.0,100.0,4,32.487,0.125748677,0.013931246,0.094378315,-0.424532277,0.005538068,4.046,3
US.GLD260309P484000,GLD 260309 484.00P,15.0045,15.0045,0.0,0.0,15.0045,0,0.0,True,PUT,2026-03-09,484.0,100.0,32,29.77,-0.897920123,0.013660244,0.080913994,-0.28931874,-0.030805254,-0.614,3
US.GLD260309C485000,GLD 260309 485.00C,0.95,1.79,1.9,0.88,2.7378,424,51733.0,True,CALL,2026-03-09,485.0,100.0,764,33.306,0.118801544,0.013057292,0.09068843,-0.415048581,0.005231099,4.252,3
US.GLD260309P485000,GLD 260309 485.00P,21.01,18.8,21.01,18.8,15.7498,18,35889.0,True,PUT,2026-03-09,485.0,100.0,410,32.479,-0.889559398,0.013131085,0.085753059,-0.342476133,-0.031569169,0.459,3
US.GLD260309C486000,GLD 260309 486.00C,0.91,1.72,1.72,0.9,2.54,10,1112.0,True,CALL,2026-03-09,486.0,100.0,4,33.678,0.10934308,0.012171964,0.085484106,-0.391327486,0.004815134,4.457,3
US.GLD260309P486000,GLD 260309 486.00P,18.8,18.8,18.8,18.8,16.5534,1,1880.0,True,PUT,2026-03-09,486.0,100.0,13,32.466,-0.901800972,0.012151664,0.078690035,-0.306588366,-0.031200238,-0.229,3
US.GLD260309C487000,GLD 260309 487.00C,0.7,1.54,1.58,0.7,2.3543,49,5817.0,True,CALL,2026-03-09,487.0,100.0,160,33.267,0.095312442,0.011150992,0.077356678,-0.343623128,0.004199893,4.627,3
US.GLD260309P487000,GLD 260309 487.00P,19.74,19.35,19.74,19.35,17.3692,2,3909.0,True,PUT,2026-03-09,487.0,100.0,3,32.293,-0.914232206,0.011166881,0.07110298,-0.267430913,-0.030596583,-0.242,3
US.GLD260309C488000,GLD 260309 488.00C,0.71,1.37,1.46,0.62,2.19,49,5609.0,True,CALL,2026-03-09,488.0,100.0,26,33.405,0.085993685,0.010288102,0.071669729,-0.315356446,0.003790179,4.844,3
US.GLD260309P488000,GLD 260309 488.00P,18.2062,18.2062,0.0,0.0,18.2062,0,0.0,True,PUT,2026-03-09,488.0,100.0,3,32.311,-0.924347995,0.010266638,0.064595554,-0.236199451,-0.029942027,-0.786,3
US.GLD260309C489000,GLD 260309 489.00C,0.62,0.8,0.8,0.62,2.0256,4,282.0,True,CALL,2026-03-09,489.0,100.0,4,35.159,0.087629673,0.00991367,0.072688087,-0.337260314,0.003859052,5.039,3
US.GLD260309P489000,GLD 260309 489.00P,23.08,22.75,23.08,22.75,19.0434,9,20739.0,True,PUT,2026-03-09,489.0,100.0,2,28.6,-0.958320224,0.008127747,0.039895708,-0.10734582,-0.024301706,0.045,3
US.GLD260309C490000,GLD 260309 490.00C,0.51,1.1,1.2,0.49,1.8612,356,25158.0,True,CALL,2026-03-09,490.0,100.0,806,35.276,0.079269105,0.009163423,0.067412263,-0.309657675,0.003491726,5.23,3
US.GLD260309P490000,GLD 260309 490.00P,24.03,25.03,25.03,24.03,19.8808,33,82394.0,True,PUT,2026-03-09,490.0,100.0,148,37.778,-0.907817403,0.009932652,0.075161409,-0.340357073,-0.031922356,0.034,3
US.GLD260309C491000,GLD 260309 491.00C,0.57,1.1,1.1,0.55,1.7035,7,558.0,True,CALL,2026-03-09,491.0,100.0,113,35.599,0.072787131,0.008509117,0.063174308,-0.289500951,0.003206527,5.457,3
US.GLD260309P491000,GLD 260309 491.00P,20.7251,20.7251,0.0,0.0,20.7251,0,0.0,True,PUT,2026-03-09,491.0,100.0,7,30.561,-0.96063891,0.0072621,0.038100181,-0.108702321,-0.024362974,-0.889,3
US.GLD260309C492000,GLD 260309 492.00C,0.5,0.74,0.74,0.5,1.5816,18,1049.0,True,CALL,2026-03-09,492.0,100.0,17,35.76,0.065938085,0.007850026,0.058545392,-0.265930238,0.002905385,5.657,3
US.GLD260309P492000,GLD 260309 492.00P,26.9,26.9,26.9,26.9,21.6048,2,5380.0,True,PUT,2026-03-09,492.0,100.0,2,26.465,-0.990023286,0.005300939,0.011032732,-0.009999734,-0.009874107,0.22,3
US.GLD260309C493000,GLD 260309 493.00C,0.49,0.66,0.66,0.49,1.4596,7,399.0,True,CALL,2026-03-09,493.0,100.0,1,36.979,0.065277322,0.007532023,0.058090967,-0.27239596,0.002874863,5.869,3
US.GLD260309P493000,GLD 260309 493.00P,22.4847,22.4847,0.0,0.0,22.4847,0,0.0,True,PUT,2026-03-09,493.0,100.0,55,30.066,-0.975747791,0.005785844,0.025115547,-0.057028591,-0.019311899,-0.94,3
US.GLD260309C494000,GLD 260309 494.00C,0.42,0.69,0.69,0.41,1.3376,4,199.0,True,CALL,2026-03-09,494.0,100.0,19,36.647,0.056780516,0.006815195,0.052093042,-0.237586787,0.002501922,6.069,3
US.GLD260309P494000,GLD 260309 494.00P,27.73,27.73,27.73,27.73,23.3647,10,27730.0,True,PUT,2026-03-09,494.0,100.0,10,40.821,-0.924013526,0.008021646,0.064958357,-0.306894556,-0.031619426,-0.03,3
US.GLD260309C495000,GLD 260309 495.00C,0.32,0.76,0.77,0.28,1.2204,588,28808.0,True,CALL,2026-03-09,495.0,100.0,1132,37.058,0.052598943,0.006344114,0.049037455,-0.22379833,0.002317721,6.262,3
US.GLD260309P495000,GLD 260309 495.00P,28.43,28.27,28.43,28.27,24.2499,2,5670.0,True,PUT,2026-03-09,495.0,100.0,119,33.652,-0.968187252,0.005730339,0.031908008,-0.094458074,-0.023179626,-0.094,3
US.GLD260309C496000,GLD 260309 496.00C,0.34,0.52,0.54,0.34,1.1331,136,5302.0,True,CALL,2026-03-09,496.0,100.0,22,38.05,0.051431488,0.00606959,0.048171502,-0.224979072,0.00226549,6.481,3
US.GLD260309P496000,GLD 260309 496.00P,25.1646,0.0,0.0,0.0,25.1646,0,0.0,True,PUT,2026-03-09,496.0,100.0,0,0.0,0.0,0.0,0.0,0.0,0.0,-1.009,3
US.GLD260309C497000,GLD 260309 497.00C,0.33,0.42,0.45,0.31,1.0458,135,4491.0,True,CALL,2026-03-09,497.0,100.0,28,38.275,0.04696375,0.005611472,0.044801155,-0.207882308,0.002068967,6.693,3
US.GLD260309P497000,GLD 260309 497.00P,26.0793,0.0,0.0,0.0,26.0793,0,0.0,True,PUT,2026-03-09,497.0,100.0,0,0.0,0.0,0.0,0.0,0.0,0.0,-1.027,3
US.GLD260309C498000,GLD 260309 498.00C,0.29,0.29,0.29,0.29,0.9585,1,29.0,True,CALL,2026-03-09,498.0,100.0,28,38.176,0.041530132,0.005095043,0.040576178,-0.184683478,0.00183019,6.899,3
US.GLD260309P498000,GLD 260309 498.00P,26.9943,0.0,0.0,0.0,26.9943,0,0.0,True,PUT,2026-03-09,498.0,100.0,0,0.0,0.0,0.0,0.0,0.0,0.0,-1.046,3
US.GLD260309C499000,GLD 260309 499.00C,0.26,0.52,0.52,0.26,0.8751,3,104.0,True,CALL,2026-03-09,499.0,100.0,30,38.474,0.038138101,0.004717256,0.03786268,-0.171660375,0.001680833,7.107,3
US.GLD260309P499000,GLD 260309 499.00P,27.9132,0.0,0.0,0.0,27.9132,0,0.0,True,PUT,2026-03-09,499.0,100.0,0,0.0,0.0,0.0,0.0,0.0,0.0,-1.063,3
US.GLD260309C500000,GLD 260309 500.00C,0.23,0.49,0.5,0.15,0.7917,241,7506.0,True,CALL,2026-03-09,500.0,100.0,742,38.849,0.03531478,0.004386906,0.035555925,-0.161060008,0.00155644,7.315,3
US.GLD260309P500000,GLD 260309 500.00P,28.8329,28.8329,0.0,0.0,28.8329,0,0.0,True,PUT,2026-03-09,500.0,100.0,5,0.0,0.0,0.0,0.0,0.0,0.0,-1.08,3
US.GLD260309C501000,GLD 260309 501.00C,0.27,0.35,0.35,0.27,0.7365,29,1007.0,True,CALL,2026-03-09,501.0,100.0,46,40.453,0.037127213,0.004389159,0.037041677,-0.175842991,0.001635127,7.538,3
US.GLD260309P501000,GLD 260309 501.00P,29.7799,0.0,0.0,0.0,29.7799,0,0.0,True,PUT,2026-03-09,501.0,100.0,0,0.0,0.0,0.0,0.0,0.0,0.0,-1.092,3
US.GLD260309C502000,GLD 260309 502.00C,0.24,0.24,0.24,0.24,0.6944,1,24.0,True,CALL,2026-03-09,502.0,100.0,18,39.758,0.030869616,0.003836858,0.031827795,-0.14483131,0.001360446,7.746,3
US.GLD260309P502000,GLD 260309 502.00P,30.7396,0.0,0.0,0.0,30.7396,0,0.0,True,PUT,2026-03-09,502.0,100.0,0,0.0,0.0,0.0,0.0,0.0,0.0,-1.1,3
US.GLD260309C503000,GLD 260309 503.00C,0.6523,0.6523,0.0,0.0,0.6523,0,0.0,True,CALL,2026-03-09,503.0,100.0,15,40.153,0.028718731,0.003578105,0.029978195,-0.136410724,0.001265657,8.049,3
US.GLD260309P503000,GLD 260309 503.00P,31.6993,0.0,0.0,0.0,31.6993,0,0.0,True,PUT,2026-03-09,503.0,100.0,0,0.0,0.0,0.0,0.0,0.0,0.0,-1.109,3
US.GLD260309C504000,GLD 260309 504.00C,0.2,0.24,0.25,0.2,0.6102,5,118.0,True,CALL,2026-03-09,504.0,100.0,6,42.457,0.032706953,0.003768666,0.033382915,-0.163400037,0.001439767,8.167,3
US.GLD260309P504000,GLD 260309 504.00P,32.6591,0.0,0.0,0.0,32.6591,0,0.0,True,PUT,2026-03-09,504.0,100.0,0,40.843,-0.97709429,0.003771572,0.024173701,-0.078884721,-0.021690766,-1.117,3
US.GLD260309C505000,GLD 260309 505.00C,0.17,0.28,0.32,0.15,0.568,79,1592.0,True,CALL,2026-03-09,505.0,100.0,409,43.647,0.033075327,0.003699923,0.033692053,-0.169746916,0.001455288,8.375,3
US.GLD260309P505000,GLD 260309 505.00P,33.6192,33.6192,0.0,0.0,33.6192,0,0.0,True,PUT,2026-03-09,505.0,100.0,15,0.0,0.0,0.0,0.0,0.0,0.0,-1.126,3
US.GLD260309C506000,GLD 260309 506.00C,0.2,0.14,0.2,0.14,0.5259,6,93.0,True,CALL,2026-03-09,506.0,100.0,5,41.848,0.024622496,0.003019049,0.026364316,-0.122391572,0.001084794,8.596,3
US.GLD260309P506000,GLD 260309 506.00P,34.5795,0.0,0.0,0.0,34.5795,0,0.0,True,PUT,2026-03-09,506.0,100.0,0,42.573,-0.977905303,0.003511399,0.023455503,-0.07925643,-0.021724889,-1.135,3
US.GLD260309C507000,GLD 260309 507.00C,0.4945,0.4945,0.0,0.0,0.4945,0,0.0,True,CALL,2026-03-09,507.0,100.0,5,45.871,0.033314859,0.00354154,0.033892391,-0.179542406,0.001464565,8.873,3
US.GLD260309P507000,GLD 260309 507.00P,35.5501,0.0,0.0,0.0,35.5501,0,0.0,True,PUT,2026-03-09,507.0,100.0,0,43.432,-0.978284869,0.003392681,0.023117343,-0.079432976,-0.021742099,-1.141,3
US.GLD260309C508000,GLD 260309 508.00C,0.64,0.64,0.64,0.64,0.4648,1,64.0,True,CALL,2026-03-09,508.0,100.0,0,46.301,0.031430598,0.003344101,0.032303538,-0.171349661,0.001381704,9.119,3
US.GLD260309P508000,GLD 260309 508.00P,36.5226,0.0,0.0,0.0,36.5226,0,0.0,True,PUT,2026-03-09,508.0,100.0,0,47.862,-0.967134359,0.003837739,0.033070936,-0.149790265,-0.026847716,-1.147,3
US.GLD260309C509000,GLD 260309 509.00C,0.03,0.03,0.03,0.03,0.4352,1,3.0,True,CALL,2026-03-09,509.0,100.0,83,47.486,0.031807946,0.003292932,0.032623303,-0.177719033,0.001397627,9.203,3
US.GLD260309P509000,GLD 260309 509.00P,37.4952,0.0,0.0,0.0,37.4952,0,0.0,True,PUT,2026-03-09,509.0,100.0,0,45.136,-0.978998387,0.003174985,0.022478034,-0.079764462,-0.02177636,-1.153,3
US.GLD260309C510000,GLD 260309 510.00C,0.12,0.25,0.25,0.1,0.4055,97,1549.0,True,CALL,2026-03-09,510.0,100.0,552,50.384,0.037115291,0.003523127,0.037030983,-0.21844338,0.001628355,9.437,3
US.GLD260309P510000,GLD 260309 510.00P,38.468,38.468,0.0,0.0,38.468,0,0.0,True,PUT,2026-03-09,510.0,100.0,2,47.987,-0.973326065,0.003365315,0.02769833,-0.117125592,-0.024856326,-1.158,3
US.GLD260309C511000,GLD 260309 511.00C,0.17,0.17,0.17,0.17,0.3759,1,17.0,True,CALL,2026-03-09,511.0,100.0,117,48.254,0.028222746,0.002934601,0.029544866,-0.160887039,0.001240107,9.662,3
US.GLD260309P511000,GLD 260309 511.00P,39.441,0.0,0.0,0.0,39.441,0,0.0,True,PUT,2026-03-09,511.0,100.0,0,48.855,-0.973734538,0.003263771,0.027345123,-0.117431758,-0.024880499,-1.164,3
US.GLD260309C512000,GLD 260309 512.00C,0.3514,0.3514,0.0,0.0,0.3514,0,0.0,True,CALL,2026-03-09,512.0,100.0,35,46.652,0.021824275,0.002446618,0.023818539,-0.121140775,0.000960084,9.915,3
US.GLD260309P512000,GLD 260309 512.00P,40.4188,0.0,0.0,0.0,40.4188,0,0.0,True,PUT,2026-03-09,512.0,100.0,0,47.663,-0.979966966,0.002890668,0.021602463,-0.080219675,-0.021828093,-1.169,3
US.GLD260309C513000,GLD 260309 513.00C,0.3315,0.3315,0.0,0.0,0.3315,0,0.0,True,CALL,2026-03-09,513.0,100.0,84,50.799,0.029508116,0.002892702,0.030657997,-0.176727391,0.001295214,10.126,3
US.GLD260309P513000,GLD 260309 513.00P,41.401,0.0,0.0,0.0,41.401,0,0.0,True,PUT,2026-03-09,513.0,100.0,0,52.312,-0.969539338,0.003300404,0.031065208,-0.152052603,-0.026999086,-1.173,3
US.GLD260309C514000,GLD 260309 514.00C,0.3116,0.3116,0.0,0.0,0.3116,0,0.0,True,CALL,2026-03-09,514.0,100.0,83,50.804,0.026989501,0.002685382,0.02846489,-0.162125794,0.001184933,10.336,3
US.GLD260309P514000,GLD 260309 514.00P,42.3833,0.0,0.0,0.0,42.3833,0,0.0,True,PUT,2026-03-09,514.0,100.0,0,49.329,-0.980554087,0.002724672,0.021067249,-0.080496845,-0.021862681,-1.177,3
US.GLD260309C515000,GLD 260309 515.00C,0.12,0.14,0.21,0.09,0.2964,43,539.0,True,CALL,2026-03-09,515.0,100.0,533,42.144,0.008669347,0.001222028,0.010759138,-0.043718174,0.000382581,10.509,3
US.GLD260309P515000,GLD 260309 515.00P,43.3698,0.0,0.0,0.0,43.3698,0,0.0,True,PUT,2026-03-09,515.0,100.0,0,54.063,-0.970383785,0.003121051,0.030351789,-0.152875179,-0.027058596,-1.18,3
US.GLD260309C516000,GLD 260309 516.00C,0.12,0.21,0.21,0.12,0.2812,2,33.0,True,CALL,2026-03-09,516.0,100.0,0,51.745,0.024553642,0.002435862,0.026299388,-0.150592883,0.001077874,10.724,3
US.GLD260309P516000,GLD 260309 516.00P,44.3566,0.0,0.0,0.0,44.3566,0,0.0,True,PUT,2026-03-09,516.0,100.0,0,50.981,-0.981100151,0.002574569,0.020566349,-0.080756043,-0.02189744,-1.182,3
US.GLD260309C517000,GLD 260309 517.00C,0.08,0.34,0.34,0.05,0.2659,7,96.0,True,CALL,2026-03-09,517.0,100.0,0,44.894,0.010192233,0.001321594,0.012390586,-0.054769757,0.000449274,10.93,3
US.GLD260309P517000,GLD 260309 517.00P,45.3434,0.0,0.0,0.0,45.3434,0,0.0,True,PUT,2026-03-09,517.0,100.0,0,53.985,-0.975892735,0.002752205,0.025457193,-0.119102109,-0.025024852,-1.185,3
US.GLD260309C518000,GLD 260309 518.00C,0.22,0.19,0.22,0.19,0.2507,2,41.0,True,CALL,2026-03-09,518.0,100.0,0,43.255,0.007058138,0.000993602,0.008980715,-0.036448334,0.000311456,11.174,3
US.GLD260309P518000,GLD 260309 518.00P,46.3304,0.0,0.0,0.0,46.3304,0,0.0,True,PUT,2026-03-09,518.0,100.0,0,52.619,-0.981609454,0.002438297,0.020096404,-0.080998898,-0.021932376,-1.188,3
US.GLD260309C519000,GLD 260309 519.00C,0.11,0.16,0.16,0.11,0.2355,2,27.0,True,CALL,2026-03-09,519.0,100.0,0,49.168,0.014126681,0.00160153,0.016436859,-0.083048544,0.000621458,11.365,3
US.GLD260309P519000,GLD 260309 519.00P,47.3175,0.0,0.0,0.0,47.3175,0,0.0,True,PUT,2026-03-09,519.0,100.0,0,55.665,-0.976517961,0.002611912,0.024903185,-0.119601939,-0.025072706,-1.191,3
US.GLD260309C520000,GLD 260309 520.00C,0.09,0.1,0.12,0.04,0.2203,107,989.0,True,CALL,2026-03-09,520.0,100.0,248,48.61,0.011913645,0.001398026,0.014187772,-0.06928313,0.000524368,11.576,3
US.GLD260309P520000,GLD 260309 520.00P,48.3049,48.3049,0.0,0.0,48.3049,0,0.0,True,PUT,2026-03-09,520.0,100.0,2,56.5,-0.976815542,0.002546386,0.024638354,-0.11984267,-0.025096612,-1.194,3
US.GLD260309C521000,GLD 260309 521.00C,0.2051,0.2051,0.0,0.0,0.2051,0,0.0,True,CALL,2026-03-09,521.0,100.0,1,55.437,0.022176885,0.002086977,0.024140341,-0.145956069,0.00097249,11.815,3
US.GLD260309P521000,GLD 260309 521.00P,49.2924,0.0,0.0,0.0,49.2924,0,0.0,True,PUT,2026-03-09,521.0,100.0,0,55.05,-0.982312395,0.002256128,0.019443283,-0.081335989,-0.021985148,-1.196,3
US.GLD260309C522000,GLD 260309 522.00C,0.1932,0.1932,0.0,0.0,0.1932,0,0.0,True,CALL,2026-03-09,522.0,100.0,1,55.733,0.020931945,0.001976951,0.022990539,-0.138652133,0.000917935,12.027,3
US.GLD260309P522000,GLD 260309 522.00P,50.283,0.0,0.0,0.0,50.283,0,0.0,True,PUT,2026-03-09,522.0,100.0,0,58.16,-0.977383214,0.002423652,0.024131025,-0.120305815,-0.025144314,-1.198,3
US.GLD260309C523000,GLD 260309 523.00C,0.09,0.12,0.13,0.09,0.1813,8,86.0,True,CALL,2026-03-09,523.0,100.0,1,50.821,0.011452339,0.001292142,0.013709201,-0.069595807,0.00050373,12.219,3
US.GLD260309P523000,GLD 260309 523.00P,51.2737,0.0,0.0,0.0,51.2737,0,0.0,True,PUT,2026-03-09,523.0,100.0,0,56.655,-0.982744968,0.002147457,0.019038718,-0.081543765,-0.022020516,-1.2,3
US.GLD260309C524000,GLD 260309 524.00C,0.27,0.27,0.27,0.27,0.1694,1,27.0,True,CALL,2026-03-09,524.0,100.0,0,60.376,0.026270177,0.002209243,0.027828529,-0.187321865,0.001149392,12.472,3
US.GLD260309P524000,GLD 260309 524.00P,52.2645,0.0,0.0,0.0,52.2645,0,0.0,True,PUT,2026-03-09,524.0,100.0,0,57.453,-0.982951457,0.002096506,0.018844863,-0.081642972,-0.022038253,-1.202,3
US.GLD260309C525000,GLD 260309 525.00C,0.13,0.25,0.25,0.08,0.1576,3,46.0,True,CALL,2026-03-09,525.0,100.0,341,54.902,0.014888627,0.001500609,0.017194428,-0.097587218,0.000653627,12.657,3
US.GLD260309P525000,GLD 260309 525.00P,53.2555,53.2555,0.0,0.0,53.2555,0,0.0,True,PUT,2026-03-09,525.0,100.0,3,60.624,-0.97817194,0.002258,0.023421478,-0.120960826,-0.02521582,-1.204,3
US.GLD260309C530000,GLD 260309 530.00C,0.13,0.09,0.13,0.03,0.1468,12,54.0,True,CALL,2026-03-09,530.0,100.0,161,58.642,0.014048336,0.001336386,0.016355278,-0.098310373,0.000616034,13.73,3
US.GLD260309P530000,GLD 260309 530.00P,58.2478,0.0,0.0,0.0,58.2478,0,0.0,True,PUT,2026-03-09,530.0,100.0,0,62.178,-0.984070836,0.001830717,0.017785504,-0.082179307,-0.022145371,-1.206,3
US.GLD260309C535000,GLD 260309 535.00C,0.03,0.08,0.15,0.03,0.1361,149,1080.0,True,CALL,2026-03-09,535.0,100.0,102,61.656,0.012507055,0.001149653,0.014793382,-0.092002062,0.000548038,14.781,3
US.GLD260309P535000,GLD 260309 535.00P,63.2403,0.0,0.0,0.0,63.2403,0,0.0,True,PUT,2026-03-09,535.0,100.0,0,66.039,-0.984871712,0.001651322,0.017018501,-0.082562275,-0.022235729,-1.207,3
US.GLD260309C540000,GLD 260309 540.00C,0.05,0.03,0.05,0.03,0.1254,2,8.0,True,CALL,2026-03-09,540.0,100.0,48,58.722,0.00590426,0.000624982,0.007664049,-0.041154601,0.000259352,15.858,3
US.GLD260309P540000,GLD 260309 540.00P,68.2329,0.0,0.0,0.0,68.2329,0,0.0,True,PUT,2026-03-09,540.0,100.0,0,69.834,-0.985576483,0.001500918,0.016336973,-0.08289658,-0.022326926,-1.209,3
US.GLD260309C545000,GLD 260309 545.00C,0.05,0.12,0.12,0.05,0.1146,6,44.0,True,CALL,2026-03-09,545.0,100.0,15,63.821,0.006960962,0.000665234,0.008863574,-0.052800055,0.000305189,16.93,3
US.GLD260309P545000,GLD 260309 545.00P,73.2258,0.0,0.0,0.0,73.2258,0,0.0,True,PUT,2026-03-09,545.0,100.0,0,73.567,-0.986201851,0.001373324,0.01572687,-0.083189898,-0.022418908,-1.211,3
US.GLD260309C550000,GLD 260309 550.00C,0.04,0.04,0.04,0.04,0.1039,2,8.0,True,CALL,2026-03-09,550.0,100.0,134,61.772,0.00353187,0.000375567,0.004846384,-0.025624127,0.000155133,18.001,3
US.GLD260309P550000,GLD 260309 550.00P,78.2195,0.0,0.0,0.0,78.2195,0,0.0,True,PUT,2026-03-09,550.0,100.0,0,80.155,-0.982782004,0.001404196,0.019156455,-0.125085751,-0.025812208,-1.212,3
US.GLD260309C555000,GLD 260309 555.00C,0.03,0.09,0.09,0.03,0.0931,112,372.0,True,CALL,2026-03-09,555.0,100.0,80,64.787,0.003382888,0.000344488,0.004661922,-0.025699893,0.000148468,19.071,3
US.GLD260309P555000,GLD 260309 555.00P,83.2136,0.0,0.0,0.0,83.2136,0,0.0,True,PUT,2026-03-09,555.0,100.0,0,80.861,-0.987263928,0.001169326,0.01467859,-0.083673466,-0.022604635,-1.213,3
US.GLD260309C560000,GLD 260309 560.00C,0.01,0.01,0.1,0.01,0.0824,9,45.0,True,CALL,2026-03-09,560.0,100.0,165,61.309,0.001286283,0.000151439,0.001941756,-0.009002259,5.6587e-05,20.14,3
US.GLD260309P560000,GLD 260309 560.00P,88.208,0.0,0.0,0.0,88.208,0,0.0,True,PUT,2026-03-09,560.0,100.0,0,84.428,-0.987719058,0.001086805,0.014224479,-0.083873106,-0.022698309,-1.214,3
US.GLD260309C565000,GLD 260309 565.00C,0.01,0.01,0.01,0.01,0.0717,10,10.0,True,CALL,2026-03-09,565.0,100.0,18,64.01,0.001236463,0.000139901,0.001872548,-0.009018296,5.4358e-05,21.212,3
US.GLD260309P565000,GLD 260309 565.00P,93.2041,0.0,0.0,0.0,93.2041,0,0.0,True,PUT,2026-03-09,565.0,100.0,0,87.944,-0.988133066,0.001014306,0.013808731,-0.084048369,-0.022792356,-1.215,3
US.GLD260309C570000,GLD 260309 570.00C,0.01,0.57,0.57,0.01,0.061,125,401.0,True,CALL,2026-03-09,570.0,100.0,121,66.676,0.001191087,0.000129788,0.001809294,-0.009033318,5.2328e-05,22.285,3
US.GLD260309P570000,GLD 260309 570.00P,98.2008,0.0,0.0,0.0,98.2008,0,0.0,True,PUT,2026-03-09,570.0,100.0,0,91.412,-0.988511298,0.000950199,0.013426626,-0.08420336,-0.022886845,-1.216,3
US.GLD260309C575000,GLD 260309 575.00C,0.0519,0.0,0.0,0.0,0.0519,0,0.0,True,CALL,2026-03-09,575.0,100.0,0,80.779,0.0045893,0.000363089,0.006122615,-0.043621605,0.00020034,23.367,3
US.GLD260309P575000,GLD 260309 575.00P,103.2,0.0,0.0,0.0,103.2,0,0.0,True,PUT,2026-03-09,575.0,100.0,0,94.834,-0.988858363,0.000893172,0.013074029,-0.08433942,-0.022981634,-1.216,3
US.GLD260309C580000,GLD 260309 580.00C,0.0443,0.0,0.0,0.0,0.0443,0,0.0,True,CALL,2026-03-09,580.0,100.0,0,82.373,0.003899442,0.000307794,0.005292936,-0.037657222,0.000170206,24.438,3
US.GLD260309P580000,GLD 260309 580.00P,108.2,0.0,0.0,0.0,108.2,0,0.0,True,PUT,2026-03-09,580.0,100.0,0,96.076,-0.99109398,0.000784786,0.010685077,-0.059999274,-0.020571667,-1.216,3
US.GLD260309C585000,GLD 260309 585.00C,0.0379,0.0,0.0,0.0,0.0379,0,0.0,True,CALL,2026-03-09,585.0,100.0,0,83.929,0.003321561,0.000261583,0.004583506,-0.032552972,0.000144966,25.509,3
US.GLD260309P585000,GLD 260309 585.00P,113.2,0.0,0.0,0.0,113.2,0,0.0,True,PUT,2026-03-09,585.0,100.0,0,101.544,-0.98947354,0.000796332,0.012444233,-0.084562002,-0.023171901,-1.216,3
US.GLD260309C590000,GLD 260309 590.00C,0.0324,0.0,0.0,0.0,0.0324,0,0.0,True,CALL,2026-03-09,590.0,100.0,0,85.425,0.00282906,0.000222417,0.0039669,-0.028099844,0.00012346,26.58,3
US.GLD260309P590000,GLD 260309 590.00P,118.2,0.0,0.0,0.0,118.2,0,0.0,True,PUT,2026-03-09,590.0,100.0,0,104.837,-0.989747548,0.000754946,0.012161662,-0.084651518,-0.023267285,-1.216,3
US.GLD260309C595000,GLD 260309 595.00C,0.0278,0.0278,0.0,0.0,0.0278,0,0.0,True,CALL,2026-03-09,595.0,100.0,11,86.899,0.002418206,0.000189745,0.00344276,-0.024324818,0.00010552,27.652,3
US.GLD260309P595000,GLD 260309 595.00P,123.2,0.0,0.0,0.0,123.2,0,0.0,True,PUT,2026-03-09,595.0,100.0,0,108.089,-0.990002349,0.000717427,0.011897727,-0.084728643,-0.023362823,-1.216,3
US.GLD260309C600000,GLD 260309 600.00C,0.0238,0.0238,0.0,0.0,0.0238,0,0.0,True,CALL,2026-03-09,600.0,100.0,2,88.306,0.002064088,0.000161765,0.002982789,-0.020999448,9.0061e-05,28.724,3
US.GLD260309P600000,GLD 260309 600.00P,128.2,0.0,0.0,0.0,128.2,0,0.0,True,PUT,2026-03-09,600.0,100.0,0,111.303,-0.990239904,0.000683279,0.011650617,-0.08479486,-0.023458522,-1.216,3
US.GLD260309C605000,GLD 260309 605.00C,0.0205,0.0205,0.0,0.0,0.0205,0,0.0,True,CALL,2026-03-09,605.0,100.0,84,89.716,0.001771671,0.000138587,0.002596353,-0.018224788,7.7295e-05,29.796,3
US.GLD260309P605000,GLD 260309 605.00P,133.2,0.0,0.0,0.0,133.2,0,0.0,True,PUT,2026-03-09,605.0,100.0,0,112.094,-0.992157504,0.000606835,0.009557762,-0.059999781,-0.020972181,-1.216,3
US.GLD260309C610000,GLD 260309 610.00C,0.0177,0.0177,0.0,0.0,0.0177,0,0.0,True,CALL,2026-03-09,610.0,100.0,7,91.1,0.001524421,0.000119017,0.002264242,-0.015845589,6.6502e-05,30.868,3
US.GLD260309P610000,GLD 260309 610.00P,138.2,0.0,0.0,0.0,138.2,0,0.0,True,PUT,2026-03-09,610.0,100.0,0,117.618,-0.990670117,0.000623514,0.011200469,-0.084895477,-0.023650022,-1.216,3
US.GLD260309C615000,GLD 260309 615.00C,0.0152,0.0152,0.0,0.0,0.0152,0,0.0,True,CALL,2026-03-09,615.0,100.0,14,92.4,0.001306126,0.000101899,0.001966334,-0.013699077,5.6976e-05,31.94,3
US.GLD260309P615000,GLD 260309 615.00P,143.2,0.0,0.0,0.0,143.2,0,0.0,True,PUT,2026-03-09,615.0,100.0,0,118.245,-0.992491325,0.000555589,0.009198854,-0.059999753,-0.021133378,-1.216,3
US.GLD260311C290000,GLD 260311 290.00C,181.9879,0.0,0.0,0.0,181.9879,0,0.0,True,CALL,2026-03-11,290.0,100.0,0,0.0,0.0,0.0,0.0,0.0,0.0,1.256,5
US.GLD260311P290000,GLD 260311 290.00P,0.0249,0.0249,0.0,0.0,0.0249,0,0.0,True,PUT,2026-03-11,290.0,100.0,1,130.333,-0.001141999,5.0949e-05,0.002178223,-0.017679677,-6.1336e-05,37.79,5
US.GLD260311C295000,GLD 260311 295.00C,176.995,0.0,0.0,0.0,176.995,0,0.0,True,CALL,2026-03-11,295.0,100.0,0,0.0,0.0,0.0,0.0,0.0,0.0,1.258,5
US.GLD260311P295000,GLD 260311 295.00P,0.0285,0.0,0.0,0.0,0.0285,0,0.0,True,PUT,2026-03-11,295.0,100.0,0,127.475,-0.001322625,5.9584e-05,0.002491434,-0.019996992,-7.2872e-05,36.718,5
US.GLD260311C300000,GLD 260311 300.00C,172.0026,0.0,0.0,0.0,172.0026,0,0.0,True,CALL,2026-03-11,300.0,100.0,0,0.0,0.0,0.0,0.0,0.0,0.0,1.259,5
US.GLD260311P300000,GLD 260311 300.00P,0.0325,0.0325,0.0,0.0,0.0325,0,0.0,True,PUT,2026-03-11,300.0,100.0,10,124.598,-0.001527183,6.9515e-05,0.002840963,-0.022529452,-8.6035e-05,35.647,5
US.GLD260311C305000,GLD 260311 305.00C,167.0106,0.0,0.0,0.0,167.0106,0,0.0,True,CALL,2026-03-11,305.0,100.0,0,0.0,0.0,0.0,0.0,0.0,0.0,1.261,5
US.GLD260311P305000,GLD 260311 305.00P,0.037,0.0,0.0,0.0,0.037,0,0.0,True,PUT,2026-03-11,305.0,100.0,0,121.721,-0.00176114,8.1025e-05,0.003234815,-0.025330916,-0.000101194,34.575,5
US.GLD260311C310000,GLD 260311 310.00C,162.0191,0.0,0.0,0.0,162.0191,0,0.0,True,CALL,2026-03-11,310.0,100.0,0,0.0,0.0,0.0,0.0,0.0,0.0,1.263,5
US.GLD260311P310000,GLD 260311 310.00P,0.042,0.042,0.0,0.0,0.042,0,0.0,True,PUT,2026-03-11,310.0,100.0,1,118.829,-0.002026313,9.4282e-05,0.003674517,-0.028389321,-0.000118479,33.503,5
US.GLD260311C315000,GLD 260311 315.00C,157.0281,0.0,0.0,0.0,157.0281,0,0.0,True,CALL,2026-03-11,315.0,100.0,0,0.0,0.0,0.0,0.0,0.0,0.0,1.265,5
US.GLD260311P315000,GLD 260311 315.00P,0.0474,0.0474,0.0,0.0,0.0474,0,0.0,True,PUT,2026-03-11,315.0,100.0,1,115.886,-0.002320705,0.00010933,0.004155325,-0.031631379,-0.000137756,32.432,5
US.GLD260311C320000,GLD 260311 320.00C,152.0376,0.0,0.0,0.0,152.0376,0,0.0,True,CALL,2026-03-11,320.0,100.0,0,0.0,0.0,0.0,0.0,0.0,0.0,1.267,5
US.GLD260311P320000,GLD 260311 320.00P,0.0534,0.0,0.0,0.0,0.0534,0,0.0,True,PUT,2026-03-11,320.0,100.0,0,112.936,-0.002654705,0.000126694,0.00469255,-0.035167785,-0.000159729,31.36,5
US.GLD260311C325000,GLD 260311 325.00C,147.0477,0.0,0.0,0.0,147.0477,0,0.0,True,CALL,2026-03-11,325.0,100.0,0,0.0,0.0,0.0,0.0,0.0,0.0,1.269,5
US.GLD260311P325000,GLD 260311 325.00P,0.0599,0.0599,0.0,0.0,0.0599,0,0.0,True,PUT,2026-03-11,325.0,100.0,1,109.948,-0.003026984,0.000146494,0.005282169,-0.038924349,-0.000184308,30.289,5
US.GLD260311C330000,GLD 260311 330.00C,142.0583,0.0,0.0,0.0,142.0583,0,0.0,True,CALL,2026-03-11,330.0,100.0,0,140.512,0.981821928,0.000554968,0.025556589,-0.31118987,0.048357295,1.271,5
US.GLD260311P330000,GLD 260311 330.00P,0.0669,0.0669,0.0,0.0,0.0669,0,0.0,True,PUT,2026-03-11,330.0,100.0,1,106.919,-0.003440555,0.000169042,0.005927107,-0.042888084,-0.000211694,29.218,5
US.GLD260311C335000,GLD 260311 335.00C,137.0695,0.0,0.0,0.0,137.0695,0,0.0,True,CALL,2026-03-11,335.0,100.0,0,119.158,0.990270569,0.00038146,0.014898311,-0.163517146,0.049753856,1.274,5
US.GLD260311P335000,GLD 260311 335.00P,0.0746,0.0,0.0,0.0,0.0746,0,0.0,True,PUT,2026-03-11,335.0,100.0,0,103.878,-0.003907425,0.000195034,0.006643803,-0.047160562,-0.000242703,28.147,5
US.GLD260311C340000,GLD 260311 340.00C,132.0812,0.0,0.0,0.0,132.0812,0,0.0,True,CALL,2026-03-11,340.0,100.0,0,115.81,0.989156555,0.000431402,0.016375308,-0.174081525,0.050425521,1.276,5
US.GLD260311P340000,GLD 260311 340.00P,0.0827,0.0,0.0,0.0,0.0827,0,0.0,True,PUT,2026-03-11,340.0,100.0,0,100.776,-0.004418952,0.000224431,0.007416711,-0.051553796,-0.000276733,27.076,5
US.GLD260311C345000,GLD 260311 345.00C,127.0929,0.0,0.0,0.0,127.0929,0,0.0,True,CALL,2026-03-11,345.0,100.0,0,107.713,0.990554906,0.000411193,0.014517564,-0.148431472,0.051285081,1.279,5
US.GLD260311P345000,GLD 260311 345.00P,0.0908,0.0908,0.0,0.0,0.0908,0,0.0,True,PUT,2026-03-11,345.0,100.0,1,97.569,-0.00496198,0.000257063,0.008224563,-0.055837086,-0.000312861,26.005,5
US.GLD260311C350000,GLD 260311 350.00C,122.1046,122.1046,0.0,0.0,122.1046,0,0.0,True,CALL,2026-03-11,350.0,100.0,2,104.569,0.989340565,0.000470712,0.016133638,-0.159117914,0.051949694,1.281,5
US.GLD260311P350000,GLD 260311 350.00P,0.16,0.2,0.2,0.07,0.099,3,43.0,True,PUT,2026-03-11,350.0,100.0,20,89.19,-0.003697831,0.000216183,0.006324419,-0.038279781,-0.000225069,24.947,5
US.GLD260311C355000,GLD 260311 355.00C,117.1163,0.0,0.0,0.0,117.1163,0,0.0,True,CALL,2026-03-11,355.0,100.0,0,99.83,0.988986563,0.000507279,0.016599185,-0.157616607,0.052678548,1.284,5
US.GLD260311P355000,GLD 260311 355.00P,0.1,0.1,0.1,0.1,0.1071,1,10.0,True,PUT,2026-03-11,355.0,100.0,4,90.189,-0.005834782,0.000321185,0.009498974,-0.060318715,-0.000370049,23.862,5
US.GLD260311C360000,GLD 260311 360.00C,112.1279,0.0,0.0,0.0,112.1279,0,0.0,True,CALL,2026-03-11,360.0,100.0,0,96.559,0.987629441,0.00058013,0.018360746,-0.167862281,0.053333126,1.286,5
US.GLD260311P360000,GLD 260311 360.00P,0.11,0.08,0.11,0.08,0.1153,2,19.0,True,PUT,2026-03-11,360.0,100.0,16,83.839,-0.005099472,0.000306515,0.008428204,-0.049161226,-0.000317928,22.791,5
US.GLD260311C365000,GLD 260311 365.00C,107.1396,0.0,0.0,0.0,107.1396,0,0.0,True,CALL,2026-03-11,365.0,100.0,0,105.366,0.975087514,0.00096608,0.033360868,-0.314241414,0.053152561,1.289,5
US.GLD260311P365000,GLD 260311 365.00P,0.12,0.12,0.12,0.12,0.1234,5,60.0,True,PUT,2026-03-11,365.0,100.0,3,83.73,-0.007382279,0.000425972,0.011695256,-0.070188712,-0.000473182,21.721,5
US.GLD260311C370000,GLD 260311 370.00C,102.1513,0.0,0.0,0.0,102.1513,0,0.0,True,CALL,2026-03-11,370.0,100.0,0,88.507,0.985636537,0.000720052,0.020888919,-0.176014082,0.054696752,1.291,5
US.GLD260311P370000,GLD 260311 370.00P,0.1315,0.1315,0.0,0.0,0.1315,0,0.0,True,PUT,2026-03-11,370.0,100.0,1,80.489,-0.008320913,0.000492327,0.012993687,-0.075648965,-0.000535846,20.651,5
US.GLD260311C375000,GLD 260311 375.00C,97.163,97.163,0.0,0.0,97.163,0,0.0,True,CALL,2026-03-11,375.0,100.0,3,85.02,0.983982761,0.000823162,0.022938901,-0.185389617,0.055330479,1.294,5
US.GLD260311P375000,GLD 260311 375.00P,0.1397,0.1397,0.0,0.0,0.1397,0,0.0,True,PUT,2026-03-11,375.0,100.0,14,76.927,-0.009166452,0.000560744,0.014144297,-0.079271869,-0.000591789,19.58,5
US.GLD260311C380000,GLD 260311 380.00C,92.175,0.0,0.0,0.0,92.175,0,0.0,True,CALL,2026-03-11,380.0,100.0,0,82.409,0.981132777,0.000976705,0.02638133,-0.205069978,0.055876358,1.296,5
US.GLD260311P380000,GLD 260311 380.00P,0.13,0.17,0.17,0.08,0.1481,15,188.0,True,PUT,2026-03-11,380.0,100.0,145,71.751,-0.008844649,0.000582655,0.01370929,-0.071392188,-0.000566786,18.505,5
US.GLD260311C385000,GLD 260311 385.00C,87.2143,0.0,0.0,0.0,87.2143,0,0.0,True,CALL,2026-03-11,385.0,100.0,0,78.663,0.979155869,0.001113515,0.028709109,-0.213357306,0.056487373,1.305,5
US.GLD260311P385000,GLD 260311 385.00P,0.19,0.13,0.19,0.11,0.1839,22,317.0,True,PUT,2026-03-11,385.0,100.0,60,71.586,-0.012920304,0.000812365,0.019066478,-0.102137491,-0.00084568,17.445,5
US.GLD260311C390000,GLD 260311 390.00C,82.2537,82.2537,0.0,0.0,82.2537,0,0.0,True,CALL,2026-03-11,390.0,100.0,5,75.633,0.975892345,0.001309282,0.032455391,-0.231257739,0.057004186,1.313,5
US.GLD260311P390000,GLD 260311 390.00P,0.13,0.2,0.2,0.12,0.2198,12,162.0,True,PUT,2026-03-11,390.0,100.0,50,63.319,-0.009570576,0.000707422,0.014690332,-0.067837079,-0.000610623,16.36,5
US.GLD260311C395000,GLD 260311 395.00C,77.2931,0.0,0.0,0.0,77.2931,0,0.0,True,CALL,2026-03-11,395.0,100.0,0,70.966,0.974605138,0.001457618,0.033902951,-0.228545798,0.057667447,1.322,5
US.GLD260311P395000,GLD 260311 395.00P,0.2,0.23,0.23,0.13,0.2557,13,188.0,True,PUT,2026-03-11,395.0,100.0,43,62.936,-0.014200595,0.00100251,0.020687231,-0.098021911,-0.000925784,15.302,5
US.GLD260311C400000,GLD 260311 400.00C,72.3325,72.3325,0.0,0.0,72.3325,0,0.0,True,CALL,2026-03-11,400.0,100.0,1,67.688,0.970778396,0.001718028,0.038113301,-0.244924045,0.058144673,1.33,5
US.GLD260311P400000,GLD 260311 400.00P,0.25,0.21,0.35,0.19,0.2915,48,1153.0,True,PUT,2026-03-11,400.0,100.0,236,60.5,-0.017532848,0.001249579,0.024784894,-0.114770189,-0.001151396,14.24,5
US.GLD260311C405000,GLD 260311 405.00C,67.3718,67.3718,0.0,0.0,67.3718,0,0.0,True,CALL,2026-03-11,405.0,100.0,1,63.628,0.967768105,0.001982232,0.041336019,-0.250902477,0.058683053,1.338,5
US.GLD260311P405000,GLD 260311 405.00P,0.24,0.31,0.33,0.24,0.3274,30,773.0,True,PUT,2026-03-11,405.0,100.0,46,57.89,-0.021456364,0.001550355,0.029421833,-0.132428112,-0.001417182,13.165,5
US.GLD260311C410000,GLD 260311 410.00C,62.4804,0.0,0.0,0.0,62.4804,0,0.0,True,CALL,2026-03-11,410.0,100.0,0,60.057,0.963110803,0.002346357,0.04618176,-0.265137445,0.059101901,1.362,5
US.GLD260311P410000,GLD 260311 410.00P,0.33,0.4,0.4,0.3,0.4325,22,799.0,True,PUT,2026-03-11,410.0,100.0,79,55.947,-0.027819789,0.001995063,0.036585756,-0.16240929,-0.001851577,12.112,5
US.GLD260311C415000,GLD 260311 415.00C,57.5889,0.0,0.0,0.0,57.5889,0,0.0,True,CALL,2026-03-11,415.0,100.0,0,57.271,0.955346562,0.002873093,0.053924077,-0.294784051,0.059294832,1.385,5
US.GLD260311P415000,GLD 260311 415.00P,0.43,0.44,0.46,0.39,0.5376,24,1060.0,True,PUT,2026-03-11,415.0,100.0,469,53.667,-0.035278068,0.002531178,0.04452156,-0.193081973,-0.002360653,11.061,5
US.GLD260311C420000,GLD 260311 420.00C,52.6974,52.6974,0.0,0.0,52.6974,0,0.0,True,CALL,2026-03-11,420.0,100.0,6,53.703,0.948005586,0.003460806,0.060904963,-0.313259593,0.059521282,1.408,5
US.GLD260311P420000,GLD 260311 420.00P,0.62,0.64,0.64,0.45,0.6427,35,2047.0,True,PUT,2026-03-11,420.0,100.0,248,51.267,-0.0445915,0.003205799,0.053860181,-0.227126709,-0.002996561,10.029,5
US.GLD260311C425000,GLD 260311 425.00C,47.8481,0.0,0.0,0.0,47.8481,0,0.0,True,CALL,2026-03-11,425.0,100.0,0,51.658,0.933324917,0.004372901,0.074023009,-0.365663992,0.059213001,1.441,5
US.GLD260311P425000,GLD 260311 425.00P,0.85,0.75,0.87,0.66,0.79,15,1109.0,True,PUT,2026-03-11,425.0,100.0,129,49.578,-0.059249942,0.004155807,0.067513873,-0.281258146,-0.004002869,9.006,5
US.GLD260311C430000,GLD 260311 430.00C,37.52,37.52,37.52,37.52,43.0265,3,11256.0,True,CALL,2026-03-11,430.0,100.0,9,38.878,0.95828442,0.004005938,0.051040191,-0.203783125,0.061796441,0.298,5
US.GLD260311P430000,GLD 260311 430.00P,0.87,1.01,1.15,0.87,0.9651,55,5626.0,True,PUT,2026-03-11,430.0,100.0,122,47.337,-0.076223939,0.005288411,0.082023527,-0.332247014,-0.005165053,7.937,5
US.GLD260311C435000,GLD 260311 435.00C,32.36,32.36,32.36,32.36,38.2993,1,3236.0,True,CALL,2026-03-11,435.0,100.0,0,34.296,0.953703138,0.004939304,0.05551098,-0.198716945,0.062228164,0.263,5
US.GLD260311P435000,GLD 260311 435.00P,1.2,1.28,1.51,1.06,1.2347,37,4700.0,True,PUT,2026-03-11,435.0,100.0,317,45.319,-0.099508413,0.006740576,0.100080244,-0.395368446,-0.006760398,6.935,5
US.GLD260311C436000,GLD 260311 436.00C,31.05,31.02,31.05,30.94,37.3539,6,18611.0,True,CALL,2026-03-11,436.0,100.0,0,38.196,0.928636829,0.00623203,0.077994994,-0.295488021,0.060568075,0.197,5
US.GLD260311P436000,GLD 260311 436.00P,1.4,1.23,1.56,1.23,1.2887,56,8255.0,True,PUT,2026-03-11,436.0,100.0,32,44.37,-0.102312559,0.007025637,0.102127511,-0.395678449,-0.006946615,6.764,5
US.GLD260311C437000,GLD 260311 437.00C,30.15,30.14,30.15,30.06,36.4243,6,18077.0,True,CALL,2026-03-11,437.0,100.0,0,38.991,0.917574449,0.006811978,0.087026479,-0.33385019,0.059918664,0.218,5
US.GLD260311P437000,GLD 260311 437.00P,1.5,1.53,1.53,1.32,1.3585,4,567.0,True,PUT,2026-03-11,437.0,100.0,42,43.983,-0.108091544,0.007375021,0.106269463,-0.409640134,-0.007342057,6.571,5
US.GLD260311C438000,GLD 260311 438.00C,35.4947,0.0,0.0,0.0,35.4947,0,0.0,True,CALL,2026-03-11,438.0,100.0,0,38.782,0.911201372,0.007241616,0.092016773,-0.350598256,0.059610158,1.579,5
US.GLD260311P438000,GLD 260311 438.00P,1.4,1.48,1.72,1.36,1.4283,63,9514.0,True,PUT,2026-03-11,438.0,100.0,65,43.464,-0.113514961,0.007729692,0.11006266,-0.420590924,-0.007711477,6.335,5
US.GLD260311C439000,GLD 260311 439.00C,34.5682,34.5682,0.0,0.0,34.5682,0,0.0,True,CALL,2026-03-11,439.0,100.0,3,37.99,0.90765045,0.00761094,0.094733236,-0.354087575,0.059507549,1.595,5
US.GLD260311P439000,GLD 260311 439.00P,1.51,1.51,1.51,1.51,1.5012,1,151.0,True,PUT,2026-03-11,439.0,100.0,260,43.173,-0.120440009,0.008115351,0.114779786,-0.437385688,-0.008186059,6.144,5
US.GLD260311C440000,GLD 260311 440.00C,33.6417,33.6417,0.0,0.0,33.6417,0,0.0,True,CALL,2026-03-11,440.0,100.0,9,39.849,0.88881541,0.008306104,0.108448736,-0.421739931,0.058289209,1.611,5
US.GLD260311P440000,GLD 260311 440.00P,1.91,1.56,1.98,1.56,1.5741,42,7590.0,True,PUT,2026-03-11,440.0,100.0,563,42.326,-0.124776877,0.008485951,0.117662879,-0.440495732,-0.00847645,6.015,5
US.GLD260311C441000,GLD 260311 441.00C,29.32,29.32,29.32,29.32,32.7364,1,2932.0,True,CALL,2026-03-11,441.0,100.0,0,38.955,0.884867358,0.00871087,0.111181577,-0.423450018,0.058158688,0.898,5
US.GLD260311P441000,GLD 260311 441.00P,2.06,1.68,2.06,1.68,1.6682,53,10467.0,True,PUT,2026-03-11,441.0,100.0,33,42.159,-0.13308683,0.008909271,0.123044268,-0.460743272,-0.009046684,5.833,5
US.GLD260311C442000,GLD 260311 442.00C,31.831,31.831,0.0,0.0,31.831,0,0.0,True,CALL,2026-03-11,442.0,100.0,3,38.483,0.878169102,0.00917739,0.115715071,-0.435664287,0.057827325,1.652,5
US.GLD260311P442000,GLD 260311 442.00P,1.74,1.92,2.09,1.73,1.7623,65,11648.0,True,PUT,2026-03-11,442.0,100.0,52,42.008,-0.141900508,0.009341723,0.128551248,-0.481586956,-0.009651462,5.549,5
US.GLD260311C443000,GLD 260311 443.00C,24.75,28.5,28.5,24.75,30.9375,9,24415.0,True,CALL,2026-03-11,443.0,100.0,0,37.969,0.871298429,0.009664818,0.120233351,-0.447012737,0.057483844,0.347,5
US.GLD260311P443000,GLD 260311 443.00P,2.32,1.85,2.35,1.85,1.8683,350,79272.0,True,PUT,2026-03-11,443.0,100.0,55,41.341,-0.148302153,0.009778594,0.132425611,-0.489487072,-0.01008369,5.459,5
US.GLD260311C444000,GLD 260311 444.00C,30.0516,0.0,0.0,0.0,30.0516,0,0.0,True,CALL,2026-03-11,444.0,100.0,0,38.011,0.860603915,0.010198465,0.127013575,-0.472546049,0.05686029,1.699,5
US.GLD260311P444000,GLD 260311 444.00P,2.05,2.12,2.5,1.95,1.9818,44,9765.0,True,PUT,2026-03-11,444.0,100.0,84,41.046,-0.157174788,0.01023614,0.137629603,-0.506855366,-0.010689542,5.187,5
US.GLD260311C445000,GLD 260311 445.00C,22.82,25.77,25.77,22.82,29.1656,6,13987.0,True,CALL,2026-03-11,445.0,100.0,3,37.965,0.84990741,0.010732252,0.133499996,-0.496086931,0.056236596,0.362,5
US.GLD260311P445000,GLD 260311 445.00P,2.27,2.33,2.61,2.0,2.0953,67,15485.0,True,PUT,2026-03-11,445.0,100.0,463,41.079,-0.168338135,0.010694956,0.143912636,-0.532619265,-0.011456632,5.02,5
US.GLD260311C446000,GLD 260311 446.00C,22.13,22.13,22.13,22.13,28.2797,1,2213.0,True,CALL,2026-03-11,446.0,100.0,0,37.659,0.840257323,0.011273895,0.139110267,-0.513129011,0.05569022,0.429,5
US.GLD260311P446000,GLD 260311 446.00P,2.64,2.17,2.64,2.17,2.2089,122,28581.0,True,PUT,2026-03-11,446.0,100.0,46,40.663,-0.177456703,0.011174012,0.148832951,-0.546858182,-0.012076268,4.884,5
US.GLD260311C447000,GLD 260311 447.00C,21.31,21.31,21.31,21.31,27.3938,1,2131.0,True,CALL,2026-03-11,447.0,100.0,0,37.981,0.826251615,0.011801502,0.146866373,-0.546182135,0.054822626,0.467,5
US.GLD260311P447000,GLD 260311 447.00P,2.99,2.48,2.99,2.32,2.3224,282,83635.0,True,PUT,2026-03-11,447.0,100.0,63,40.165,-0.186591355,0.011673471,0.153578296,-0.558883456,-0.012694601,4.745,5
US.GLD260311C448000,GLD 260311 448.00C,26.54,0.0,0.0,0.0,26.54,0,0.0,True,CALL,2026-03-11,448.0,100.0,0,37.372,0.817350066,0.012377575,0.151565754,-0.555364891,0.054332631,1.804,5
US.GLD260311P448000,GLD 260311 448.00P,3.15,2.58,3.15,2.44,2.4682,372,103759.0,True,PUT,2026-03-11,448.0,100.0,41,39.843,-0.197203267,0.012173699,0.158868477,-0.575175765,-0.013415765,4.565,5
US.GLD260311C449000,GLD 260311 449.00C,25.6862,25.6862,0.0,0.0,25.6862,0,0.0,True,CALL,2026-03-11,449.0,100.0,1,36.881,0.807169363,0.01296962,0.156731221,-0.567404432,0.05374896,1.835,5
US.GLD260311P449000,GLD 260311 449.00P,3.4,2.82,3.4,2.6,2.6139,70,20050.0,True,PUT,2026-03-11,449.0,100.0,133,39.645,-0.209015116,0.012667265,0.164484447,-0.594344761,-0.014220055,4.404,5
US.GLD260311C450000,GLD 260311 450.00C,24.8509,24.8509,0.0,0.0,24.8509,0,0.0,True,CALL,2026-03-11,450.0,100.0,199,37.411,0.790291264,0.013445604,0.164823154,-0.605058437,0.052668168,1.87,5
US.GLD260311P450000,GLD 260311 450.00P,3.05,2.8,3.6,2.7,2.7782,150,46807.0,True,PUT,2026-03-11,450.0,100.0,280,39.35,-0.220805452,0.013175747,0.169812841,-0.610688263,-0.015019722,4.114,5
US.GLD260311C451000,GLD 260311 451.00C,19.65,18.0,19.65,18.0,24.0156,2,3765.0,True,CALL,2026-03-11,451.0,100.0,6,37.814,0.773829857,0.013895075,0.17216927,-0.638811551,0.051616663,0.969,5
US.GLD260311P451000,GLD 260311 451.00P,3.21,3.18,3.21,2.93,2.9425,13,4115.0,True,PUT,2026-03-11,451.0,100.0,126,38.851,-0.232025627,0.013724276,0.174633879,-0.62144837,-0.01577452,3.934,5
US.GLD260311C452000,GLD 260311 452.00C,20.35,20.74,20.74,20.35,23.1803,6,12327.0,True,CALL,2026-03-11,452.0,100.0,1,36.409,0.767066111,0.014671589,0.175034682,-0.626767975,0.051292003,1.334,5
US.GLD260311P452000,GLD 260311 452.00P,4.01,3.83,4.01,3.1,3.1068,84,27939.0,True,PUT,2026-03-11,452.0,100.0,251,38.801,-0.246175457,0.01419465,0.180379031,-0.642816011,-0.016736885,3.891,5
US.GLD260311C453000,GLD 260311 453.00C,22.349,22.349,0.0,0.0,22.349,0,0.0,True,CALL,2026-03-11,453.0,100.0,4,36.656,0.750320678,0.015132951,0.18176881,-0.65537459,0.050220535,1.977,5
US.GLD260311P453000,GLD 260311 453.00P,3.64,3.3,3.75,3.3,3.275,6,2183.0,True,PUT,2026-03-11,453.0,100.0,67,38.43,-0.259174925,0.014726096,0.185335507,-0.655540259,-0.017611537,3.597,5
US.GLD260311C454000,GLD 260311 454.00C,21.5494,21.5494,0.0,0.0,21.5494,0,0.0,True,CALL,2026-03-11,454.0,100.0,7,36.801,0.733754151,0.015584041,0.187933222,-0.680454625,0.049161644,2.02,5
US.GLD260311P454000,GLD 260311 454.00P,3.9,3.75,4.28,3.52,3.475,7,2742.0,True,PUT,2026-03-11,454.0,100.0,191,38.26,-0.27372397,0.015206628,0.190529356,-0.672389378,-0.018594073,3.438,5
US.GLD260311C455000,GLD 260311 455.00C,15.79,15.0,15.97,15.0,20.7747,6,9413.0,True,CALL,2026-03-11,455.0,100.0,37,36.595,0.71853978,0.016108706,0.193172083,-0.695928958,0.048205328,0.999,5
US.GLD260311P455000,GLD 260311 455.00P,4.73,3.81,4.8,3.66,3.7,130,59806.0,True,PUT,2026-03-11,455.0,100.0,1567,38.017,-0.288431563,0.015696494,0.195409544,-0.686523124,-0.019582806,3.402,5
US.GLD260311C456000,GLD 260311 456.00C,15.04,17.54,17.54,15.04,20.0081,7,11278.0,True,CALL,2026-03-11,456.0,100.0,2,36.314,0.703121475,0.016645601,0.198080482,-0.708583336,0.047234676,1.053,5
US.GLD260311P456000,GLD 260311 456.00P,4.15,3.65,5.04,3.65,3.9331,87,35520.0,True,PUT,2026-03-11,456.0,100.0,70,37.954,-0.304434193,0.016117668,0.200307978,-0.703851264,-0.020661487,3.063,5
US.GLD260311C457000,GLD 260311 457.00C,14.85,18.05,18.05,14.75,19.2562,4,6570.0,True,CALL,2026-03-11,457.0,100.0,5,36.33,0.685830878,0.017060836,0.203117752,-0.727081238,0.046121123,1.227,5
US.GLD260311P457000,GLD 260311 457.00P,5.25,4.42,5.25,4.42,4.181,10,4977.0,True,PUT,2026-03-11,457.0,100.0,74,37.567,-0.319548841,0.016629487,0.204548759,-0.71235981,-0.021666771,3.084,5
US.GLD260311C458000,GLD 260311 458.00C,18.5044,18.5044,0.0,0.0,18.5044,0,0.0,True,CALL,2026-03-11,458.0,100.0,1,36.381,0.668044954,0.017429186,0.207795946,-0.744918813,0.044968985,2.225,5
US.GLD260311P458000,GLD 260311 458.00P,5.85,4.57,5.85,4.35,4.4289,11,6015.0,True,PUT,2026-03-11,458.0,100.0,90,37.472,-0.336334943,0.017021518,0.208830411,-0.726413138,-0.022790257,2.999,5
US.GLD260311C459000,GLD 260311 459.00C,17.7526,0.0,0.0,0.0,17.7526,0,0.0,True,CALL,2026-03-11,459.0,100.0,0,34.57,0.656755112,0.018581558,0.210504563,-0.71856668,0.044329966,2.278,5
US.GLD260311P459000,GLD 260311 459.00P,5.01,5.03,6.15,5.01,4.6768,9,5099.0,True,PUT,2026-03-11,459.0,100.0,68,37.181,-0.352854558,0.017466873,0.212611569,-0.734507319,-0.023884428,2.604,5
US.GLD260311C460000,GLD 260311 460.00C,12.1,12.4,12.4,11.65,17.0047,16,19276.0,True,CALL,2026-03-11,460.0,100.0,43,35.644,0.634210941,0.018433699,0.215324987,-0.756817837,0.0428057,1.28,5
US.GLD260311P460000,GLD 260311 460.00P,5.62,5.02,6.5,4.65,4.9287,214,120852.0,True,PUT,2026-03-11,460.0,100.0,786,37.047,-0.370346761,0.01782353,0.216157037,-0.744680956,-0.025044585,2.52,5
US.GLD260311C461000,GLD 260311 461.00C,10.8,10.8,10.8,10.8,16.3196,1,1080.0,True,CALL,2026-03-11,461.0,100.0,11,36.251,0.613799709,0.018436085,0.21902068,-0.78221672,0.041442657,1.216,5
US.GLD260311P461000,GLD 260311 461.00P,6.68,6.47,6.72,6.02,5.2434,24,15604.0,True,PUT,2026-03-11,461.0,100.0,46,36.949,-0.388287201,0.018133675,0.219311205,-0.753958639,-0.026230622,2.533,5
US.GLD260311C462000,GLD 260311 462.00C,10.89,11.3,11.4,10.08,15.6344,8,8682.0,True,CALL,2026-03-11,462.0,100.0,14,36.304,0.594937043,0.018649116,0.221880824,-0.793269871,0.040203533,1.45,5
US.GLD260311P462000,GLD 260311 462.00P,6.37,7.1,7.4,6.37,5.5581,3,2087.0,True,PUT,2026-03-11,462.0,100.0,201,36.882,-0.406592381,0.018394097,0.222033414,-0.762168439,-0.027436294,2.252,5
US.GLD260311C463000,GLD 260311 463.00C,10.3,13.61,13.61,10.3,14.9492,3,3752.0,True,CALL,2026-03-11,463.0,100.0,23,36.16,0.576263243,0.018918398,0.224194185,-0.798066624,0.038981452,1.538,5
US.GLD260311P463000,GLD 260311 463.00P,6.7,7.26,7.91,6.7,5.8729,15,10960.0,True,PUT,2026-03-11,463.0,100.0,263,36.621,-0.42483587,0.018712604,0.224253299,-0.764282393,-0.028621495,2.108,5
US.GLD260311C464000,GLD 260311 464.00C,9.57,9.9,10.4,9.14,14.2641,30,28951.0,True,CALL,2026-03-11,464.0,100.0,12,35.934,0.557397606,0.019191771,0.226013268,-0.799143827,0.037745886,1.596,5
US.GLD260311P464000,GLD 260311 464.00P,7.14,6.53,8.55,6.53,6.1876,293,249585.0,True,PUT,2026-03-11,464.0,100.0,134,36.392,-0.443499915,0.018981682,0.226020518,-0.765207818,-0.029827205,1.988,5
US.GLD260311C465000,GLD 260311 465.00C,9.17,11.14,11.14,8.4,13.6059,81,74162.0,True,CALL,2026-03-11,465.0,100.0,92,35.846,0.538123117,0.019351727,0.227338364,-0.801243747,0.036474046,1.724,5
US.GLD260311P465000,GLD 260311 465.00P,7.5,7.0,8.7,6.98,6.5294,113,92382.0,True,PUT,2026-03-11,465.0,100.0,168,36.302,-0.462564527,0.019140108,0.227303951,-0.767201744,-0.031057379,1.851,5
US.GLD260311C466000,GLD 260311 466.00C,8.85,11.72,11.72,8.0,12.993,52,46353.0,True,CALL,2026-03-11,466.0,100.0,45,35.673,0.518707934,0.019513191,0.2281312,-0.799467686,0.035192319,1.87,5
US.GLD260311P466000,GLD 260311 466.00P,9.25,7.2,9.25,7.05,6.9165,45,37353.0,True,PUT,2026-03-11,466.0,100.0,176,35.909,-0.481769344,0.019418562,0.228065247,-0.760601496,-0.032267508,2.012,5
US.GLD260311C467000,GLD 260311 467.00C,8.19,10.0,10.0,7.52,12.38,108,91109.0,True,CALL,2026-03-11,467.0,100.0,24,35.525,0.499114164,0.019615989,0.228381797,-0.79616215,0.033894271,1.943,5
US.GLD260311P467000,GLD 260311 467.00P,8.06,9.25,9.75,8.06,7.3037,81,73941.0,True,PUT,2026-03-11,467.0,100.0,47,35.979,-0.501156078,0.019403846,0.228296986,-0.762051674,-0.033506811,1.542,5
US.GLD260311C468000,GLD 260311 468.00C,7.35,9.4,9.4,7.05,11.7762,69,58188.0,True,CALL,2026-03-11,468.0,100.0,134,35.511,0.479543716,0.019598217,0.228081625,-0.793697902,0.032590323,1.977,5
US.GLD260311P468000,GLD 260311 468.00P,8.6,8.0,10.02,8.0,7.7,17,15120.0,True,PUT,2026-03-11,468.0,100.0,249,35.856,-0.520633475,0.019448842,0.22798496,-0.757223258,-0.034726465,1.443,5
US.GLD260311C469000,GLD 260311 469.00C,7.08,9.47,10.0,6.42,11.201,249,216492.0,True,CALL,2026-03-11,469.0,100.0,44,35.301,0.459731901,0.019640171,0.227216637,-0.784874919,0.031273178,2.134,5
US.GLD260311P469000,GLD 260311 469.00P,10.49,9.35,10.57,9.35,8.125,26,26014.0,True,PUT,2026-03-11,469.0,100.0,161,35.867,-0.539941973,0.019375665,0.227137063,-0.753312278,-0.035931347,1.634,5
US.GLD260311C470000,GLD 260311 470.00C,6.65,9.1,9.55,6.0,10.6258,151,111051.0,True,CALL,2026-03-11,470.0,100.0,1112,35.224,0.440116966,0.019560569,0.225801994,-0.776937526,0.029962336,2.256,5
US.GLD260311P470000,GLD 260311 470.00P,9.85,8.6,11.4,8.3,8.55,106,105277.0,True,PUT,2026-03-11,470.0,100.0,125,35.682,-0.559527181,0.01936106,0.225725679,-0.743082835,-0.037122141,1.282,5
US.GLD260311C471000,GLD 260311 471.00C,6.4,8.85,8.85,5.8,10.0755,57,38155.0,True,CALL,2026-03-11,471.0,100.0,32,35.06,0.420367865,0.019479061,0.223812958,-0.76504513,0.028642063,2.417,5
US.GLD260311P471000,GLD 260311 471.00P,11.0,8.86,11.13,8.86,9.0,21,22719.0,True,PUT,2026-03-11,471.0,100.0,166,35.075,-0.58028672,0.019521432,0.223618153,-0.721298687,-0.038326001,1.315,5
US.GLD260311C472000,GLD 260311 472.00C,5.9,7.26,7.45,5.35,9.5536,146,91125.0,True,CALL,2026-03-11,472.0,100.0,233,35.033,0.401118833,0.019277806,0.221324266,-0.754291287,0.027349402,2.525,5
US.GLD260311P472000,GLD 260311 472.00P,12.15,10.26,12.15,10.26,9.4784,5,5577.0,True,PUT,2026-03-11,472.0,100.0,40,34.933,-0.599954473,0.019382926,0.22103988,-0.707929549,-0.039479963,1.347,5
US.GLD260311C473000,GLD 260311 473.00C,5.46,8.02,8.13,5.07,9.0431,33,19379.0,True,CALL,2026-03-11,473.0,100.0,29,34.918,0.381791743,0.019074566,0.218272984,-0.739699792,0.026051255,2.645,5
US.GLD260311P473000,GLD 260311 473.00P,11.78,11.95,11.95,11.78,9.9683,2,2373.0,True,PUT,2026-03-11,473.0,100.0,246,34.702,-0.619842645,0.019240792,0.217847654,-0.69056177,-0.040611896,1.053,5
US.GLD260311C474000,GLD 260311 474.00C,5.25,7.8,7.8,4.87,8.5326,70,38517.0,True,CALL,2026-03-11,474.0,100.0,60,35.063,0.363764753,0.018704235,0.214921368,-0.729451062,0.02483318,2.814,5
US.GLD260311P474000,GLD 260311 474.00P,13.4,13.4,13.4,13.4,10.4582,2,2680.0,True,PUT,2026-03-11,474.0,100.0,141,35.308,-0.636064825,0.018652973,0.214808383,-0.691087724,-0.041598849,1.186,5
US.GLD260311C475000,GLD 260311 475.00C,4.81,5.8,5.8,4.2,8.0944,87,44688.0,True,CALL,2026-03-11,475.0,100.0,115,35.127,0.345845339,0.018338185,0.211098337,-0.7157865,0.023622667,2.934,5
US.GLD260311P475000,GLD 260311 475.00P,13.13,12.1,14.85,11.62,11.0205,70,93509.0,True,PUT,2026-03-11,475.0,100.0,207,35.375,-0.653926526,0.018296945,0.210992499,-0.677566056,-0.04260063,0.913,5
US.GLD260311C476000,GLD 260311 476.00C,4.23,5.83,5.83,4.09,7.6561,79,37994.0,True,CALL,2026-03-11,476.0,100.0,103,34.867,0.326725716,0.018070392,0.206468715,-0.692766759,0.022335332,3.024,5
US.GLD260311P476000,GLD 260311 476.00P,13.5,13.85,14.82,13.5,11.5829,5,7084.0,True,PUT,2026-03-11,476.0,100.0,111,35.359,-0.671772314,0.017942895,0.20668357,-0.66062028,-0.043563777,0.778,5
US.GLD260311C477000,GLD 260311 477.00C,4.15,5.18,5.18,4.04,7.2205,23,9573.0,True,CALL,2026-03-11,477.0,100.0,44,34.632,0.30795334,0.017742936,0.20135839,-0.668825184,0.021068636,3.222,5
US.GLD260311P477000,GLD 260311 477.00P,14.25,13.5,15.42,13.2,12.1478,37,53780.0,True,PUT,2026-03-11,477.0,100.0,68,35.01,-0.691043969,0.017680077,0.201458639,-0.634043749,-0.044523007,0.725,5
US.GLD260311C478000,GLD 260311 478.00C,4.08,5.49,5.58,3.56,6.7848,61,27561.0,True,CALL,2026-03-11,478.0,100.0,105,34.17,0.288106122,0.017444793,0.195330765,-0.637720767,0.019730162,3.421,5
US.GLD260311P478000,GLD 260311 478.00P,15.05,15.18,16.26,14.91,12.7129,8,12339.0,True,PUT,2026-03-11,478.0,100.0,83,34.811,-0.709266555,0.017313254,0.195962172,-0.60975726,-0.045400594,0.682,5
US.GLD260311C479000,GLD 260311 479.00C,3.45,5.15,5.15,3.15,6.409,23,9321.0,True,CALL,2026-03-11,479.0,100.0,64,34.777,0.27512942,0.01676346,0.191034956,-0.632708552,0.018840675,3.501,5
US.GLD260311P479000,GLD 260311 479.00P,16.7,16.7,16.7,16.7,13.3379,50,83500.0,True,PUT,2026-03-11,479.0,100.0,112,34.908,-0.725309796,0.016814361,0.190665567,-0.591829291,-0.04617093,0.821,5
US.GLD260311C480000,GLD 260311 480.00C,3.0,4.75,5.1,2.95,6.0331,83,30424.0,True,CALL,2026-03-11,480.0,100.0,495,34.686,0.258483205,0.016285739,0.185099285,-0.609008264,0.017711361,3.619,5
US.GLD260311P480000,GLD 260311 480.00P,16.28,17.7,17.87,16.28,13.9629,4,6955.0,True,PUT,2026-03-11,480.0,100.0,123,34.518,-0.743967446,0.016429289,0.183941136,-0.56038455,-0.046934004,0.517,5
US.GLD260311C481000,GLD 260311 481.00C,2.93,4.35,4.35,2.92,5.6578,57,17825.0,True,CALL,2026-03-11,481.0,100.0,85,34.754,0.243386527,0.015744289,0.179292648,-0.588684418,0.016684176,3.818,5
US.GLD260311P481000,GLD 260311 481.00P,14.5885,14.5885,0.0,0.0,14.5885,0,0.0,True,PUT,2026-03-11,481.0,100.0,80,34.856,-0.757366369,0.015825545,0.178737281,-0.547090001,-0.047537249,-0.06,5
US.GLD260311C482000,GLD 260311 482.00C,2.73,4.22,4.22,2.64,5.3481,96,27804.0,True,CALL,2026-03-11,482.0,100.0,86,34.857,0.229103665,0.015183607,0.173415951,-0.568706494,0.015711173,3.99,5
US.GLD260311P482000,GLD 260311 482.00P,18.7,15.72,18.7,15.72,15.2798,5,9052.0,True,PUT,2026-03-11,482.0,100.0,12,34.841,-0.77253679,0.015297876,0.172441454,-0.523972781,-0.048105865,0.607,5
US.GLD260311C483000,GLD 260311 483.00C,2.81,2.81,2.81,2.81,5.0385,2,562.0,True,CALL,2026-03-11,483.0,100.0,41,34.912,0.215081383,0.014622757,0.167271607,-0.547015467,0.014755735,4.221,5
US.GLD260311P483000,GLD 260311 483.00P,19.65,19.65,19.65,19.65,15.9712,1,1965.0,True,PUT,2026-03-11,483.0,100.0,11,35.19,-0.78459768,0.014697721,0.167129058,-0.510110608,-0.048579336,0.596,5
US.GLD260311C484000,GLD 260311 484.00C,2.35,3.75,3.75,2.25,4.7288,16,4051.0,True,CALL,2026-03-11,484.0,100.0,58,34.98,0.201731091,0.014052987,0.161064197,-0.525346789,0.013845267,4.337,5
US.GLD260311P484000,GLD 260311 484.00P,18.7,20.5,20.5,18.7,16.6627,3,5790.0,True,PUT,2026-03-11,484.0,100.0,68,35.013,-0.799778731,0.014175399,0.160025463,-0.481814436,-0.048997517,0.178,5
US.GLD260311C485000,GLD 260311 485.00C,2.1,3.85,3.85,2.0,4.4192,56,14200.0,True,CALL,2026-03-11,485.0,100.0,216,35.195,0.190013052,0.013468958,0.155317909,-0.507486284,0.01304425,4.498,5
US.GLD260311P485000,GLD 260311 485.00P,20.29,18.52,21.36,18.52,17.3543,8,16217.0,True,PUT,2026-03-11,485.0,100.0,29,34.897,-0.813996366,0.013626765,0.152943782,-0.454902069,-0.049316159,0.304,5
US.GLD260311C486000,GLD 260311 486.00C,1.92,2.64,2.64,1.92,4.1095,7,1607.0,True,CALL,2026-03-11,486.0,100.0,74,35.344,0.17841649,0.012896481,0.14934612,-0.487774785,0.012251771,4.674,5
US.GLD260311P486000,GLD 260311 486.00P,20.2,20.2,20.2,20.2,18.046,12,24240.0,True,PUT,2026-03-11,486.0,100.0,3,33.1,-0.84046076,0.013118163,0.138551781,-0.382081812,-0.049256741,0.07,5
US.GLD260311C487000,GLD 260311 487.00C,1.83,2.14,2.14,1.8,3.85,8,1617.0,True,CALL,2026-03-11,487.0,100.0,54,35.668,0.16862657,0.012328716,0.144076097,-0.472827037,0.011581,4.869,5
US.GLD260311P487000,GLD 260311 487.00P,18.7879,18.7879,0.0,0.0,18.7879,0,0.0,True,PUT,2026-03-11,487.0,100.0,45,32.479,-0.857623616,0.012468689,0.128342836,-0.341495013,-0.049051479,-0.446,5
US.GLD260311C488000,GLD 260311 488.00C,1.74,2.67,2.88,1.62,3.6,130,27058.0,True,CALL,2026-03-11,488.0,100.0,99,35.756,0.157726115,0.011775496,0.137951119,-0.451577988,0.010835939,5.065,5
US.GLD260311P488000,GLD 260311 488.00P,20.89,20.89,20.89,20.89,19.5394,1,2089.0,True,PUT,2026-03-11,488.0,100.0,8,34.49,-0.853765778,0.011913361,0.130745028,-0.372405074,-0.049604881,-0.21,5
US.GLD260311C489000,GLD 260311 489.00C,1.55,2.58,2.58,1.52,3.35,26,5080.0,True,CALL,2026-03-11,489.0,100.0,80,35.581,0.145514874,0.011216237,0.130753564,-0.423368982,0.010002517,5.238,5
US.GLD260311P489000,GLD 260311 489.00P,25.3,25.3,25.3,25.3,20.2911,1,2530.0,True,PUT,2026-03-11,489.0,100.0,19,35.338,-0.858602445,0.01137491,0.127805266,-0.371921411,-0.049789866,0.521,5
US.GLD260311C490000,GLD 260311 490.00C,1.5,2.67,2.67,1.35,3.1337,93,15956.0,True,CALL,2026-03-11,490.0,100.0,1179,35.385,0.133718349,0.010648246,0.123446093,-0.394972697,0.009196737,5.442,5
US.GLD260311P490000,GLD 260311 490.00P,25.4,25.65,25.98,25.12,21.0764,6,15411.0,True,PUT,2026-03-11,490.0,100.0,32,34.94,-0.872071943,0.010801088,0.119237198,-0.338055651,-0.049494614,0.328,5
US.GLD260311C491000,GLD 260311 491.00C,1.45,2.1,2.1,1.34,2.9454,101,14895.0,True,CALL,2026-03-11,491.0,100.0,151,35.848,0.127060254,0.010145694,0.119161356,-0.384657537,0.008738555,5.646,5
US.GLD260311P491000,GLD 260311 491.00P,26.56,26.56,26.56,26.56,21.8896,1,2656.0,True,PUT,2026-03-11,491.0,100.0,10,35.291,-0.879549621,0.010284507,0.114278756,-0.324670139,-0.049397424,0.362,5
US.GLD260311C492000,GLD 260311 492.00C,1.3,2.49,2.49,1.21,2.757,139,22027.0,True,CALL,2026-03-11,492.0,100.0,143,36.056,0.119094065,0.009639591,0.113873764,-0.367826832,0.008192199,5.828,5
US.GLD260311P492000,GLD 260311 492.00P,24.94,26.15,26.15,24.94,22.7029,5,12954.0,True,PUT,2026-03-11,492.0,100.0,3,34.896,-0.891863931,0.009707692,0.105733692,-0.292023737,-0.048796767,-0.199,5
US.GLD260311C495000,GLD 260311 495.00C,0.95,1.74,1.74,0.94,2.1918,772,91314.0,True,CALL,2026-03-11,495.0,100.0,429,37.119,0.100648527,0.00829796,0.100915567,-0.331001905,0.006924351,6.397,5
US.GLD260311P495000,GLD 260311 495.00P,25.1443,25.1443,0.0,0.0,25.1443,0,0.0,True,PUT,2026-03-11,495.0,100.0,14,35.072,-0.915986828,0.008200619,0.087597564,-0.233597578,-0.047063593,-0.799,5
US.GLD260311C500000,GLD 260311 500.00C,0.55,1.25,1.25,0.55,1.545,230,19496.0,True,CALL,2026-03-11,500.0,100.0,593,38.109,0.072386746,0.006314864,0.078852723,-0.258455948,0.004983879,7.384,5
US.GLD260311P500000,GLD 260311 500.00P,31.61,31.61,31.61,31.61,29.5088,3,9483.0,True,PUT,2026-03-11,500.0,100.0,2,34.333,-0.953373183,0.005847034,0.054810012,-0.127406475,-0.039718674,-0.484,5
US.GLD260311C505000,GLD 260311 505.00C,0.53,0.74,0.74,0.47,1.16,60,3482.0,True,CALL,2026-03-11,505.0,100.0,379,38.869,0.050780493,0.004692588,0.059770909,-0.193983489,0.003499147,8.452,5
US.GLD260311P505000,GLD 260311 505.00P,38.59,38.59,38.59,38.59,34.1342,52,200668.0,True,PUT,2026-03-11,505.0,100.0,52,0.0,0.0,0.0,0.0,0.0,0.0,-0.06,5
US.GLD260311C510000,GLD 260311 510.00C,0.35,0.71,0.71,0.35,0.805,41,1786.0,True,CALL,2026-03-11,510.0,100.0,177,40.018,0.036771785,0.003512135,0.046065691,-0.14974914,0.002534859,9.486,5
US.GLD260311P510000,GLD 260311 510.00P,43.62,43.62,43.62,43.62,38.794,8,34896.0,True,PUT,2026-03-11,510.0,100.0,9,0.0,0.0,0.0,0.0,0.0,0.0,-0.053,5
US.GLD260311C515000,GLD 260311 515.00C,0.36,0.48,0.48,0.27,0.585,9,312.0,True,CALL,2026-03-11,515.0,100.0,71,41.554,0.027895419,0.002692486,0.036677004,-0.120886657,0.00192302,10.561,5
US.GLD260311P515000,GLD 260311 515.00P,43.5887,0.0,0.0,0.0,43.5887,0,0.0,True,PUT,2026-03-11,515.0,100.0,0,0.0,0.0,0.0,0.0,0.0,0.0,-1.133,5
US.GLD260311C520000,GLD 260311 520.00C,0.21,0.3,0.3,0.21,0.425,6,147.0,True,CALL,2026-03-11,520.0,100.0,130,43.35,0.022068989,0.0021205,0.030138715,-0.101537521,0.00152103,11.601,5
US.GLD260311P520000,GLD 260311 520.00P,48.4442,0.0,0.0,0.0,48.4442,0,0.0,True,PUT,2026-03-11,520.0,100.0,0,44.895,-0.980131201,0.002708194,0.026567156,-0.066963963,-0.030118927,-1.164,5
US.GLD260311C525000,GLD 260311 525.00C,0.15,0.53,0.53,0.15,0.3187,12,256.0,True,CALL,2026-03-11,525.0,100.0,82,45.433,0.018328691,0.001728467,0.025749835,-0.089447234,0.001262655,12.661,5
US.GLD260311P525000,GLD 260311 525.00P,53.353,53.353,0.0,0.0,53.353,0,0.0,True,PUT,2026-03-11,525.0,100.0,1,49.946,-0.976055062,0.002572561,0.031433793,-0.095340081,-0.035044954,-1.183,5
US.GLD260311C530000,GLD 260311 530.00C,0.12,0.21,0.21,0.12,0.2439,3,53.0,True,CALL,2026-03-11,530.0,100.0,59,46.223,0.013213367,0.001282969,0.019450853,-0.066835181,0.000910648,13.727,5
US.GLD260311P530000,GLD 260311 530.00P,58.2933,0.0,0.0,0.0,58.2933,0,0.0,True,PUT,2026-03-11,530.0,100.0,0,53.255,-0.977325703,0.002307591,0.030032545,-0.096646367,-0.035201151,-1.196,5
US.GLD260311C535000,GLD 260311 535.00C,0.09,0.14,0.15,0.09,0.1691,27,274.0,True,CALL,2026-03-11,535.0,100.0,65,51.516,0.016417248,0.001387515,0.023437202,-0.091336995,0.001128303,14.794,5
US.GLD260311P535000,GLD 260311 535.00P,63.2401,0.0,0.0,0.0,63.2401,0,0.0,True,PUT,2026-03-11,535.0,100.0,0,54.576,-0.983188687,0.001941018,0.023071154,-0.069403371,-0.030466626,-1.207,5
US.GLD260311C540000,GLD 260311 540.00C,0.09,0.22,0.22,0.07,0.1422,6,65.0,True,CALL,2026-03-11,540.0,100.0,65,50.127,0.009485614,0.000886878,0.01458407,-0.05278934,0.000653155,15.866,5
US.GLD260311P540000,GLD 260311 540.00P,68.2241,0.0,0.0,0.0,68.2241,0,0.0,True,PUT,2026-03-11,540.0,100.0,0,61.363,-0.975516573,0.002018782,0.032227749,-0.124649449,-0.038962044,-1.211,5
US.GLD260311C545000,GLD 260311 545.00C,0.15,0.15,0.15,0.15,0.1233,1,15.0,True,CALL,2026-03-11,545.0,100.0,166,56.421,0.013547189,0.001073981,0.019869087,-0.083349977,0.000929588,16.952,5
US.GLD260311P545000,GLD 260311 545.00P,73.2142,0.0,0.0,0.0,73.2142,0,0.0,True,PUT,2026-03-11,545.0,100.0,0,60.752,-0.984650377,0.001618254,0.021352922,-0.070710488,-0.030702706,-1.213,5
US.GLD260311C550000,GLD 260311 550.00C,0.06,0.1,0.15,0.06,0.1045,72,535.0,True,CALL,2026-03-11,550.0,100.0,89,52.989,0.006244498,0.000580697,0.010097289,-0.03726653,0.000429867,18.005,5
US.GLD260311P550000,GLD 260311 550.00P,78.2065,0.0,0.0,0.0,78.2065,0,0.0,True,PUT,2026-03-11,550.0,100.0,0,63.767,-0.985265131,0.001491068,0.020620411,-0.071293418,-0.030821793,-1.215,5
US.GLD260311C555000,GLD 260311 555.00C,0.0856,0.0856,0.0,0.0,0.0856,0,0.0,True,CALL,2026-03-11,555.0,100.0,51,57.85,0.007980096,0.000660426,0.012531934,-0.051516271,0.000547998,19.083,5
US.GLD260311P555000,GLD 260311 555.00P,83.2007,0.0,0.0,0.0,83.2007,0,0.0,True,PUT,2026-03-11,555.0,100.0,0,66.735,-0.985818411,0.001380944,0.019955913,-0.071837195,-0.030941526,-1.216,5
US.GLD260311C560000,GLD 260311 560.00C,0.0684,0.0684,0.0,0.0,0.0684,0,0.0,True,CALL,2026-03-11,560.0,100.0,51,58.909,0.006401705,0.000533963,0.010319321,-0.042390011,0.000439649,20.152,5
US.GLD260311P560000,GLD 260311 560.00P,88.2,0.0,0.0,0.0,88.2,0,0.0,True,PUT,2026-03-11,560.0,100.0,0,69.66,-0.986319138,0.001284823,0.01935012,-0.072346931,-0.031061938,-1.216,5
US.GLD260311C565000,GLD 260311 565.00C,0.0511,0.0511,0.0,0.0,0.0511,0,0.0,True,CALL,2026-03-11,565.0,100.0,51,59.496,0.004860511,0.000413968,0.008081806,-0.03275431,0.000333931,21.221,5
US.GLD260311P565000,GLD 260311 565.00P,93.2,0.0,0.0,0.0,93.2,0,0.0,True,PUT,2026-03-11,565.0,100.0,0,72.543,-0.986774787,0.001200314,0.018795096,-0.072825095,-0.031182705,-1.216,5
US.GLD260311C570000,GLD 260311 570.00C,0.03,0.05,0.13,0.03,0.0339,12,95.0,True,CALL,2026-03-11,570.0,100.0,113,69.203,0.010292023,0.00068985,0.015653283,-0.078509224,0.00070305,22.289,5
US.GLD260311P570000,GLD 260311 570.00P,98.2,0.0,0.0,0.0,98.2,0,0.0,True,PUT,2026-03-11,570.0,100.0,0,75.387,-0.9871912,0.001125527,0.01828464,-0.073275978,-0.031303966,-1.216,5
US.GLD260311C575000,GLD 260311 575.00C,0.12,0.12,0.12,0.12,0.0223,2,24.0,True,CALL,2026-03-11,575.0,100.0,22,73.638,0.011682478,0.000723877,0.017475919,-0.094207893,0.000796259,23.381,5
US.GLD260311P575000,GLD 260311 575.00P,103.2,0.0,0.0,0.0,103.2,0,0.0,True,PUT,2026-03-11,575.0,100.0,0,78.192,-0.987573417,0.001058955,0.01781331,-0.073701662,-0.031425533,-1.216,5
US.GLD260311C580000,GLD 260311 580.00C,0.05,0.11,0.11,0.05,0.0145,4,32.0,True,CALL,2026-03-11,580.0,100.0,158,74.695,0.009944664,0.00062027,0.015190551,-0.081922044,0.000677881,24.439,5
US.GLD260311P580000,GLD 260311 580.00P,108.2,0.0,0.0,0.0,108.2,0,0.0,True,PUT,2026-03-11,580.0,100.0,0,80.961,-0.987925464,0.00099938,0.017376764,-0.074105526,-0.031547541,-1.216,5
US.GLD260311C585000,GLD 260311 585.00C,0.0093,0.0093,0.0,0.0,0.0093,0,0.0,True,CALL,2026-03-11,585.0,100.0,27,59.027,0.001012,0.000100739,0.001954909,-0.006898094,6.9729e-05,25.503,5
US.GLD260311P585000,GLD 260311 585.00P,113.2,0.0,0.0,0.0,113.2,0,0.0,True,PUT,2026-03-11,585.0,100.0,0,83.694,-0.988250964,0.0009458,0.01697101,-0.074488474,-0.031669727,-1.216,5
US.GLD260311C590000,GLD 260311 590.00C,0.01,0.01,0.01,0.01,0.0059,4,4.0,True,CALL,2026-03-11,590.0,100.0,9,61.403,0.001044493,9.969e-05,0.002011866,-0.007402177,7.1907e-05,26.576,5
US.GLD260311P590000,GLD 260311 590.00P,118.2,0.0,0.0,0.0,118.2,0,0.0,True,PUT,2026-03-11,590.0,100.0,0,86.394,-0.988552862,0.000897397,0.016592807,-0.074852387,-0.031792067,-1.216,5
US.GLD260311C595000,GLD 260311 595.00C,0.0038,0.0,0.0,0.0,0.0038,0,0.0,True,CALL,2026-03-11,595.0,100.0,0,58.91,0.000438465,4.666e-05,0.000904906,-0.002977891,3.0246e-05,27.647,5
US.GLD260311P595000,GLD 260311 595.00P,123.2,0.0,0.0,0.0,123.2,0,0.0,True,PUT,2026-03-11,595.0,100.0,0,89.06,-0.988833656,0.000853493,0.016239389,-0.075199208,-0.031914581,-1.216,5
US.GLD260311C600000,GLD 260311 600.00C,0.0023,0.0,0.0,0.0,0.0023,0,0.0,True,CALL,2026-03-11,600.0,100.0,0,58.695,0.000274248,3.0278e-05,0.000585592,-0.001849613,1.8929e-05,28.719,5
US.GLD260311P600000,GLD 260311 600.00P,128.2,0.0,0.0,0.0,128.2,0,0.0,True,PUT,2026-03-11,600.0,100.0,0,91.694,-0.989095489,0.00081351,0.015908373,-0.075530652,-0.032037293,-1.216,5
US.GLD260311C605000,GLD 260311 605.00C,0.0015,0.0,0.0,0.0,0.0015,0,0.0,True,CALL,2026-03-11,605.0,100.0,0,58.814,0.000182839,2.0698e-05,0.000401429,-0.001230599,1.2625e-05,29.792,5
US.GLD260311P605000,GLD 260311 605.00P,133.2,0.0,0.0,0.0,133.2,0,0.0,True,PUT,2026-03-11,605.0,100.0,0,94.298,-0.989340297,0.000776979,0.01559757,-0.075847463,-0.032160081,-1.216,5
US.GLD260311C610000,GLD 260311 610.00C,0.0009,0.0,0.0,0.0,0.0009,0,0.0,True,CALL,2026-03-11,610.0,100.0,0,58.652,0.000113018,1.3225e-05,0.000256066,-0.000754117,7.808e-06,30.864,5
US.GLD260311P610000,GLD 260311 610.00P,138.2,0.0,0.0,0.0,138.2,0,0.0,True,PUT,2026-03-11,610.0,100.0,0,99.764,-0.986536709,0.000808614,0.019274709,-0.109281581,-0.037691269,-1.216,5
US.GLD260311C615000,GLD 260311 615.00C,0.0005,0.0,0.0,0.0,0.0005,0,0.0,True,CALL,2026-03-11,615.0,100.0,0,58.279,6.5071e-05,7.918e-06,0.000152566,-0.000427974,4.498e-06,31.937,5
US.GLD260311P615000,GLD 260311 615.00P,143.2,0.0,0.0,0.0,143.2,0,0.0,True,PUT,2026-03-11,615.0,100.0,0,99.416,-0.989785266,0.000712682,0.015029312,-0.076440358,-0.032405588,-1.216,5
US.GLD260313C260000,GLD 260313 260.00C,212.1123,212.1123,0.0,0.0,212.1123,0,0.0,True,CALL,2026-03-13,260.0,100.0,1,0.0,0.0,0.0,0.0,0.0,0.0,1.283,7
US.GLD260313P260000,GLD 260313 260.00P,0.0001,0.0001,0.0,0.0,0.0001,0,0.0,True,PUT,2026-03-13,260.0,100.0,1009,94.916,-6.624e-06,4.63e-07,2.0326e-05,-7.5728e-05,4.489e-06,44.221,7
US.GLD260313C265000,GLD 260313 265.00C,207.117,207.117,0.0,0.0,207.117,0,0.0,True,CALL,2026-03-13,265.0,100.0,3,0.0,0.0,0.0,0.0,0.0,0.0,1.284,7
US.GLD260313P265000,GLD 260313 265.00P,0.0002,0.0002,0.0,0.0,0.0002,0,0.0,True,PUT,2026-03-13,265.0,100.0,5,95.338,-1.3271e-05,9.04e-07,3.9368e-05,-0.000150541,5.191e-06,43.148,7
US.GLD260313C270000,GLD 260313 270.00C,202.1217,0.0,0.0,0.0,202.1217,0,0.0,True,CALL,2026-03-13,270.0,100.0,0,0.0,0.0,0.0,0.0,0.0,0.0,1.285,7
US.GLD260313P270000,GLD 260313 270.00P,0.0004,0.0,0.0,0.0,0.0004,0,0.0,True,PUT,2026-03-13,270.0,100.0,0,95.86,-2.6139e-05,1.723e-06,7.4864e-05,-0.000296007,5.634e-06,42.076,7
US.GLD260313C275000,GLD 260313 275.00C,197.1266,197.1266,0.0,0.0,197.1266,0,0.0,True,CALL,2026-03-13,275.0,100.0,2,117.153,0.999384898,2.7484e-05,0.001440026,-0.035098031,0.0564208,1.286,7
US.GLD260313P275000,GLD 260313 275.00P,0.0007,0.0007,0.0,0.0,0.0007,0,0.0,True,PUT,2026-03-13,275.0,100.0,72,95.785,-4.5054e-05,2.896e-06,0.000125244,-0.000507647,5.533e-06,41.003,7
US.GLD260313C280000,GLD 260313 280.00C,192.1318,0.0,0.0,0.0,192.1318,0,0.0,True,CALL,2026-03-13,280.0,100.0,0,110.598,0.999516634,2.3296e-05,0.001152543,-0.033477656,0.057461133,1.287,7
US.GLD260313P280000,GLD 260313 280.00P,0.0013,0.0013,0.0,0.0,0.0013,0,0.0,True,PUT,2026-03-13,280.0,100.0,74,96.174,-8.1409e-05,5.05e-06,0.000218656,-0.000917002,4.344e-06,39.931,7
US.GLD260313C285000,GLD 260313 285.00C,187.1372,0.0,0.0,0.0,187.1372,0,0.0,True,CALL,2026-03-13,285.0,100.0,0,103.287,0.999667015,1.7652e-05,0.000815863,-0.031794744,0.058503253,1.288,7
US.GLD260313P285000,GLD 260313 285.00P,0.0022,0.0022,0.0,0.0,0.0022,0,0.0,True,PUT,2026-03-13,285.0,100.0,68,96.159,-0.000134557,8.109e-06,0.000350386,-0.00150899,1.678e-06,38.858,7
US.GLD260313C290000,GLD 260313 290.00C,182.1432,0.0,0.0,0.0,182.1432,0,0.0,True,CALL,2026-03-13,290.0,100.0,0,93.732,0.999844727,9.545e-06,0.000400699,-0.030006894,0.059547993,1.289,7
US.GLD260313P290000,GLD 260313 290.00P,0.0036,0.0036,0.0,0.0,0.0036,0,0.0,True,PUT,2026-03-13,290.0,100.0,24,96.061,-0.000214982,1.2594e-05,0.000542976,-0.002396717,-3.286e-06,37.786,7
US.GLD260313C295000,GLD 260313 295.00C,177.15,177.15,0.0,0.0,177.15,0,0.0,True,CALL,2026-03-13,295.0,100.0,0,107.505,0.998862911,5.271e-05,0.002534057,-0.042581821,0.060476469,1.291,7
US.GLD260313P295000,GLD 260313 295.00P,0.0058,0.0058,0.0,0.0,0.0058,0,0.0,True,PUT,2026-03-13,295.0,100.0,800,126.706,-0.004466038,0.000154326,0.008741579,-0.060883256,-0.000388121,36.714,7
US.GLD260313C300000,GLD 260313 300.00C,172.158,0.0,0.0,0.0,172.158,0,0.0,True,CALL,2026-03-13,300.0,100.0,0,102.33,0.998978947,5.0172e-05,0.002296226,-0.041091126,0.061515297,1.293,7
US.GLD260313P300000,GLD 260313 300.00P,0.0092,0.0092,0.0,0.0,0.0092,0,0.0,True,PUT,2026-03-13,300.0,100.0,41,102.232,-0.001013146,4.9824e-05,0.002279896,-0.01170887,-6.7227e-05,35.642,7
US.GLD260313C305000,GLD 260313 305.00C,162.64,162.64,162.64,162.64,167.1676,3,48792.0,True,CALL,2026-03-13,305.0,100.0,0,0.0,0.0,0.0,0.0,0.0,0.0,0.323,7
US.GLD260313P305000,GLD 260313 305.00P,0.0142,0.0142,0.0,0.0,0.0142,0,0.0,True,PUT,2026-03-13,305.0,100.0,20,98.657,-0.00104854,5.3281e-05,0.00235297,-0.011677878,-6.974e-05,34.57,7
US.GLD260313C310000,GLD 260313 310.00C,162.1796,0.0,0.0,0.0,162.1796,0,0.0,True,CALL,2026-03-13,310.0,100.0,0,100.812,0.998142684,8.7965e-05,0.003965173,-0.051050134,0.063485431,1.297,7
US.GLD260313P310000,GLD 260313 310.00P,0.02,0.02,0.02,0.02,0.0217,1,2.0,True,PUT,2026-03-13,310.0,100.0,280,95.134,-0.001085899,5.7055e-05,0.002429852,-0.011645648,-7.2392e-05,33.499,7
US.GLD260313C315000,GLD 260313 315.00C,152.24,152.46,152.46,152.24,157.1973,11,167550.0,True,CALL,2026-03-13,315.0,100.0,0,118.843,0.991603117,0.000287904,0.01529137,-0.134232386,0.063845305,0.238,7
US.GLD260313P315000,GLD 260313 315.00P,0.0348,0.0348,0.0,0.0,0.0348,0,0.0,True,PUT,2026-03-13,315.0,100.0,60,96.371,-0.001793383,8.9079e-05,0.003841098,-0.019205095,-0.000134189,32.429,7
US.GLD260313C320000,GLD 260313 320.00C,152.215,152.215,0.0,0.0,152.215,0,0.0,True,CALL,2026-03-13,320.0,100.0,5,119.979,0.98865537,0.000370907,0.019887147,-0.16951134,0.064569959,1.305,7
US.GLD260313P320000,GLD 260313 320.00P,0.1,0.04,0.1,0.04,0.048,2,14.0,True,PUT,2026-03-13,320.0,100.0,584,103.411,-0.004425272,0.000187534,0.008671239,-0.049097773,-0.000376268,31.371,7
US.GLD260313C325000,GLD 260313 325.00C,147.2327,147.2327,0.0,0.0,147.2327,0,0.0,True,CALL,2026-03-13,325.0,100.0,1,114.151,0.989037183,0.000378408,0.019304193,-0.159074448,0.065639396,1.309,7
US.GLD260313P325000,GLD 260313 325.00P,0.05,0.05,0.05,0.05,0.0611,5,25.0,True,PUT,2026-03-13,325.0,100.0,100,92.481,-0.002606715,0.000130308,0.005390965,-0.026421206,-0.000205922,30.287,7
US.GLD260313C330000,GLD 260313 330.00C,142.2505,0.0,0.0,0.0,142.2505,0,0.0,True,CALL,2026-03-13,330.0,100.0,0,110.91,0.988023585,0.000420563,0.020845392,-0.166449179,0.066564827,1.312,7
US.GLD260313P330000,GLD 260313 330.00P,0.05,0.05,0.05,0.04,0.0743,18,88.0,True,PUT,2026-03-13,330.0,100.0,140,86.945,-0.0022507,0.000121348,0.004720955,-0.021546704,-0.000172516,29.215,7
US.GLD260313C335000,GLD 260313 335.00C,137.2682,0.0,0.0,0.0,137.2682,0,0.0,True,CALL,2026-03-13,335.0,100.0,0,106.471,0.987680294,0.000448962,0.021362467,-0.164895518,0.067559635,1.316,7
US.GLD260313P335000,GLD 260313 335.00P,0.04,0.04,0.04,0.04,0.0875,1,4.0,True,PUT,2026-03-13,335.0,100.0,180,93.893,-0.005727352,0.000259878,0.010910067,-0.056858805,-0.000493423,28.14,7
US.GLD260313C340000,GLD 260313 340.00C,132.2859,132.2859,0.0,0.0,132.2859,0,0.0,True,CALL,2026-03-13,340.0,100.0,16,104.266,0.985818879,0.000517723,0.024123556,-0.180520763,0.068398675,1.32,7
US.GLD260313P340000,GLD 260313 340.00P,0.08,0.08,0.08,0.08,0.1007,1,8.0,True,PUT,2026-03-13,340.0,100.0,169,86.029,-0.00429825,0.000219613,0.008449844,-0.039627732,-0.00035757,27.076,7
US.GLD260313C345000,GLD 260313 345.00C,127.3037,0.0,0.0,0.0,127.3037,0,0.0,True,CALL,2026-03-13,345.0,100.0,0,98.855,0.986140601,0.000535364,0.023651486,-0.170346297,0.069462354,1.324,7
US.GLD260313P345000,GLD 260313 345.00P,0.1139,0.1139,0.0,0.0,0.1139,0,0.0,True,PUT,2026-03-13,345.0,100.0,8,85.815,-0.005946328,0.000293955,0.01127993,-0.053779701,-0.000509537,26.01,7
US.GLD260313C350000,GLD 260313 350.00C,122.3215,122.3215,0.0,0.0,122.3215,0,0.0,True,CALL,2026-03-13,350.0,100.0,2,95.565,0.984890424,0.000596534,0.025476721,-0.177123635,0.070365111,1.328,7
US.GLD260313P350000,GLD 260313 350.00P,0.07,0.08,0.08,0.06,0.1271,13,97.0,True,PUT,2026-03-13,350.0,100.0,114,85.61,-0.008111432,0.000387615,0.014835876,-0.071853304,-0.000711338,24.928,7
US.GLD260313C355000,GLD 260313 355.00C,117.3393,0.0,0.0,0.0,117.3393,0,0.0,True,CALL,2026-03-13,355.0,100.0,0,75.332,0.995131618,0.000280398,0.009444822,-0.073636758,0.072430818,1.332,7
US.GLD260313P355000,GLD 260313 355.00P,0.1404,0.1404,0.0,0.0,0.1404,0,0.0,True,PUT,2026-03-13,355.0,100.0,104,80.502,-0.007634834,0.000390815,0.014067166,-0.063788074,-0.000663159,23.871,7
US.GLD260313C360000,GLD 260313 360.00C,107.15,106.37,107.15,106.37,112.3572,2,21352.0,True,CALL,2026-03-13,360.0,100.0,1,81.772,0.988427816,0.000553681,0.020235849,-0.130617708,0.072785229,0.218,7
US.GLD260313P360000,GLD 260313 360.00P,0.1537,0.1537,0.0,0.0,0.1537,0,0.0,True,PUT,2026-03-13,360.0,100.0,120,77.78,-0.008622766,0.000450149,0.015654513,-0.069044508,-0.000753158,22.801,7
US.GLD260313C365000,GLD 260313 365.00C,102.31,102.31,102.31,102.31,107.3795,2,20462.0,True,CALL,2026-03-13,365.0,100.0,2,83.783,0.982334194,0.000777876,0.029125725,-0.179954233,0.073198117,0.253,7
US.GLD260313P365000,GLD 260313 365.00P,0.09,0.1,0.12,0.09,0.1715,46,458.0,True,PUT,2026-03-13,365.0,100.0,164,74.984,-0.009698172,0.000517538,0.017350723,-0.074249043,-0.000851086,21.714,7
US.GLD260313C370000,GLD 260313 370.00C,97.27,96.3,97.27,96.3,102.405,6,58243.0,True,CALL,2026-03-13,370.0,100.0,6,81.979,0.978947786,0.00092277,0.033805687,-0.201629115,0.07388587,0.244,7
US.GLD260313P370000,GLD 260313 370.00P,0.17,0.17,0.17,0.17,0.1925,1,17.0,True,PUT,2026-03-13,370.0,100.0,109,70.44,-0.009457731,0.000538954,0.016975005,-0.068087026,-0.000824413,20.659,7
US.GLD260313C375000,GLD 260313 375.00C,97.4306,97.4306,0.0,0.0,97.4306,0,0.0,True,CALL,2026-03-13,375.0,100.0,9,74.699,0.981882407,0.00089147,0.029760647,-0.168088278,0.075215373,1.351,7
US.GLD260313P375000,GLD 260313 375.00P,0.1,0.15,0.19,0.09,0.2134,22,254.0,True,PUT,2026-03-13,375.0,100.0,213,66.535,-0.009681786,0.000582371,0.017326608,-0.065689814,-0.000841337,19.571,7
US.GLD260313C380000,GLD 260313 380.00C,87.03,87.03,87.03,87.03,92.4858,2,17406.0,True,CALL,2026-03-13,380.0,100.0,24,75.607,0.974305199,0.001183248,0.039978417,-0.219485109,0.075480942,0.193,7
US.GLD260313P380000,GLD 260313 380.00P,0.11,0.24,0.24,0.11,0.2641,26,397.0,True,PUT,2026-03-13,380.0,100.0,178,64.515,-0.011739152,0.000710366,0.020490983,-0.076150739,-0.001030077,18.501,7
US.GLD260313C385000,GLD 260313 385.00C,87.541,87.541,0.0,0.0,87.541,0,0.0,True,CALL,2026-03-13,385.0,100.0,14,70.811,0.974071108,0.001273027,0.040283326,-0.209657376,0.076491354,1.375,7
US.GLD260313P385000,GLD 260313 385.00P,0.14,0.25,0.29,0.14,0.3148,32,596.0,True,PUT,2026-03-13,385.0,100.0,77,63.433,-0.015427434,0.000914725,0.025939065,-0.096273824,-0.001372587,17.435,7
US.GLD260313C390000,GLD 260313 390.00C,76.0,76.0,76.0,76.0,82.5961,1,7600.0,True,CALL,2026-03-13,390.0,100.0,31,54.812,0.989865775,0.000735917,0.018035979,-0.094387361,0.079104697,-0.027,7
US.GLD260313P390000,GLD 260313 390.00P,0.18,0.29,0.29,0.18,0.3655,21,463.0,True,PUT,2026-03-13,390.0,100.0,8949,61.931,-0.019519019,0.001145406,0.03170813,-0.116433509,-0.001753346,16.37,7
US.GLD260313C395000,GLD 260313 395.00C,77.6651,77.6651,0.0,0.0,77.6651,0,0.0,True,CALL,2026-03-13,395.0,100.0,2,66.22,0.96424233,0.001776512,0.052567929,-0.25219241,0.077568848,1.401,7
US.GLD260313P395000,GLD 260313 395.00P,0.22,0.39,0.39,0.22,0.43,34,994.0,True,PUT,2026-03-13,395.0,100.0,622,59.013,-0.022164058,0.0013386,0.035308919,-0.124379579,-0.001995459,15.306,7
US.GLD260313C400000,GLD 260313 400.00C,72.7395,72.7395,0.0,0.0,72.7395,0,0.0,True,CALL,2026-03-13,400.0,100.0,14,56.79,0.973339529,0.001624673,0.041232812,-0.18015678,0.079519777,1.417,7
US.GLD260313P400000,GLD 260313 400.00P,0.32,0.5,0.5,0.29,0.5,106,4188.0,True,PUT,2026-03-13,400.0,100.0,554,56.111,-0.025328487,0.001575061,0.039500651,-0.133232467,-0.002285261,14.255,7
US.GLD260313C405000,GLD 260313 405.00C,67.8439,67.8439,0.0,0.0,67.8439,0,0.0,True,CALL,2026-03-13,405.0,100.0,11,53.939,0.969231474,0.001927066,0.046450051,-0.19164749,0.080143507,1.44,7
US.GLD260313P405000,GLD 260313 405.00P,0.37,0.57,0.6,0.36,0.6,76,3793.0,True,PUT,2026-03-13,405.0,100.0,244,54.802,-0.032806179,0.001999654,0.048972794,-0.163644523,-0.002983992,13.193,7
US.GLD260313C410000,GLD 260313 410.00C,56.36,56.36,56.36,56.36,62.9732,1,5636.0,True,CALL,2026-03-13,410.0,100.0,63,51.402,0.963405512,0.002332391,0.053573428,-0.208736185,0.08059746,0.049,7
US.GLD260313P410000,GLD 260313 410.00P,0.46,0.72,0.72,0.44,0.725,109,6554.0,True,PUT,2026-03-13,410.0,100.0,917,52.915,-0.04073468,0.002472244,0.058456646,-0.190803467,-0.003723415,12.14,7
US.GLD260313C415000,GLD 260313 415.00C,52.58,52.58,52.58,52.58,58.1275,1,5258.0,True,CALL,2026-03-13,415.0,100.0,62,49.017,0.955701539,0.002856427,0.06256208,-0.230257206,0.080866294,0.311,7
US.GLD260313P415000,GLD 260313 415.00P,0.6,0.85,0.88,0.59,0.875,74,5718.0,True,PUT,2026-03-13,415.0,100.0,693,51.032,-0.05070143,0.003056884,0.069701883,-0.221938178,-0.00465395,11.097,7
US.GLD260313C420000,GLD 260313 420.00C,47.82,49.0,49.0,47.82,53.3117,25,121931.0,True,CALL,2026-03-13,420.0,100.0,90,52.038,0.92614616,0.004021796,0.093507059,-0.350533412,0.078943348,0.362,7
US.GLD260313P420000,GLD 260313 420.00P,0.77,1.01,1.11,0.75,1.055,87,8291.0,True,PUT,2026-03-13,420.0,100.0,1315,49.17,-0.063315711,0.003779597,0.083028481,-0.257622533,-0.00583253,10.061,7
US.GLD260313C425000,GLD 260313 425.00C,42.74,42.74,42.74,42.74,48.5485,1,4274.0,True,CALL,2026-03-13,425.0,100.0,46,41.739,0.944140552,0.004036067,0.075267169,-0.237901565,0.081798325,0.345,7
US.GLD260313P425000,GLD 260313 425.00P,1.12,1.31,1.4,0.99,1.2877,99,11477.0,True,PUT,2026-03-13,425.0,100.0,813,47.001,-0.077923462,0.004638463,0.097393993,-0.291803497,-0.007193513,9.063,7
US.GLD260313C430000,GLD 260313 430.00C,38.23,36.63,38.23,36.63,43.8443,4,15042.0,True,CALL,2026-03-13,430.0,100.0,162,42.134,0.916597687,0.005446661,0.102527204,-0.317694845,0.080099079,0.45,7
US.GLD260313P430000,GLD 260313 430.00P,1.47,1.7,1.81,1.29,1.5795,121,18432.0,True,PUT,2026-03-13,430.0,100.0,3129,45.492,-0.099442051,0.00574797,0.116803258,-0.342659341,-0.00920711,8.066,7
US.GLD260313C431000,GLD 260313 431.00C,36.92,36.92,36.92,36.92,42.9034,1,3692.0,True,CALL,2026-03-13,431.0,100.0,3,41.22,0.915060281,0.005644388,0.103941535,-0.315689593,0.08015728,0.384,7
US.GLD260313P431000,GLD 260313 431.00P,1.36,1.63,1.64,1.36,1.6379,18,2663.0,True,PUT,2026-03-13,431.0,100.0,106,45.289,-0.104845979,0.006000366,0.121387309,-0.3553943,-0.009714082,7.828,7
US.GLD260313C432000,GLD 260313 432.00C,41.9755,0.0,0.0,0.0,41.9755,0,0.0,True,CALL,2026-03-13,432.0,100.0,0,41.685,0.90644261,0.005997552,0.111690929,-0.340954674,0.079506108,1.683,7
US.GLD260313P432000,GLD 260313 432.00P,1.44,1.5,1.77,1.44,1.7093,16,2453.0,True,PUT,2026-03-13,432.0,100.0,279,44.527,-0.107767948,0.006225554,0.123819979,-0.356794185,-0.009979903,7.63,7
US.GLD260313C433000,GLD 260313 433.00C,41.054,41.054,0.0,0.0,41.054,0,0.0,True,CALL,2026-03-13,433.0,100.0,1,41.401,0.901272869,0.006282208,0.116195412,-0.351752578,0.079200786,1.699,7
US.GLD260313P433000,GLD 260313 433.00P,1.52,1.7,1.7,1.52,1.787,28,4592.0,True,PUT,2026-03-13,433.0,100.0,48,44.498,-0.114490978,0.006505511,0.129303857,-0.373404557,-0.010612716,7.433,7
US.GLD260313C434000,GLD 260313 434.00C,40.1325,0.0,0.0,0.0,40.1325,0,0.0,True,CALL,2026-03-13,434.0,100.0,0,41.288,0.894940909,0.006591013,0.12157335,-0.366223693,0.078778944,1.716,7
US.GLD260313P434000,GLD 260313 434.00P,1.61,2.06,2.15,1.61,1.8648,35,6312.0,True,PUT,2026-03-13,434.0,100.0,20,43.893,-0.118592896,0.006762096,0.132571679,-0.378169127,-0.010990536,7.238,7
US.GLD260313C435000,GLD 260313 435.00C,33.71,34.3,34.3,33.68,39.211,3,10169.0,True,CALL,2026-03-13,435.0,100.0,104,42.473,0.881424195,0.006986481,0.132570615,-0.407941151,0.077632577,0.553,7
US.GLD260313P435000,GLD 260313 435.00P,1.71,2.09,2.31,1.71,1.9425,83,16866.0,True,PUT,2026-03-13,435.0,100.0,742,43.962,-0.126360358,0.007058938,0.138607606,-0.397153312,-0.011722692,7.045,7
US.GLD260313C436000,GLD 260313 436.00C,38.3118,38.3118,0.0,0.0,38.3118,0,0.0,True,CALL,2026-03-13,436.0,100.0,2,40.916,0.882133696,0.007221748,0.132007074,-0.392845655,0.077921526,1.755,7
US.GLD260313P436000,GLD 260313 436.00P,1.78,2.1,2.15,1.78,2.0427,18,3465.0,True,PUT,2026-03-13,436.0,100.0,10,43.094,-0.129581131,0.007328222,0.141051269,-0.396509055,-0.012012265,6.845,7
US.GLD260313C437000,GLD 260313 437.00C,37.4126,37.4126,0.0,0.0,37.4126,0,0.0,True,CALL,2026-03-13,437.0,100.0,1,41.026,0.873632666,0.007563253,0.138624065,-0.412660697,0.077281533,1.776,7
US.GLD260313P437000,GLD 260313 437.00P,1.89,2.15,2.17,1.89,2.1428,47,9822.0,True,PUT,2026-03-13,437.0,100.0,21,42.977,-0.13695594,0.007633646,0.146527362,-0.411760164,-0.012703702,6.654,7
US.GLD260313C438000,GLD 260313 438.00C,36.5134,36.5134,0.0,0.0,36.5134,0,0.0,True,CALL,2026-03-13,438.0,100.0,13,41.751,0.861420992,0.007919821,0.147725549,-0.445735943,0.076265376,1.798,7
US.GLD260313P438000,GLD 260313 438.00P,2.0,2.25,2.56,2.0,2.2429,29,6437.0,True,PUT,2026-03-13,438.0,100.0,81,42.613,-0.143326696,0.007940448,0.151123735,-0.421852553,-0.013296131,6.463,7
US.GLD260313C439000,GLD 260313 439.00C,35.6142,35.6142,0.0,0.0,35.6142,0,0.0,True,CALL,2026-03-13,439.0,100.0,11,41.54,0.853978882,0.008246855,0.153048482,-0.459127756,0.075732001,1.82,7
US.GLD260313P439000,GLD 260313 439.00P,2.11,2.5,2.66,2.08,2.343,102,23987.0,True,PUT,2026-03-13,439.0,100.0,113,42.249,-0.149984416,0.008256878,0.155799077,-0.431953396,-0.013914764,6.272,7
US.GLD260313C440000,GLD 260313 440.00C,30.25,30.25,30.25,30.25,34.7257,1,3025.0,True,CALL,2026-03-13,440.0,100.0,101,41.285,0.846453511,0.008580569,0.158266643,-0.471625213,0.075190649,0.883,7
US.GLD260313P440000,GLD 260313 440.00P,2.25,2.6,2.95,2.25,2.4538,142,36062.0,True,PUT,2026-03-13,440.0,100.0,675,41.975,-0.157437909,0.008582039,0.16088298,-0.444002247,-0.014609068,6.088,7
US.GLD260313C441000,GLD 260313 441.00C,33.8553,33.8553,0.0,0.0,33.8553,0,0.0,True,CALL,2026-03-13,441.0,100.0,22,40.99,0.838827848,0.008922267,0.163391349,-0.483239207,0.074639686,1.871,7
US.GLD260313P441000,GLD 260313 441.00P,2.37,2.65,3.05,2.37,2.5828,23,6036.0,True,PUT,2026-03-13,441.0,100.0,192,41.812,-0.165813778,0.008911713,0.166412584,-0.458407669,-0.015391469,5.899,7
US.GLD260313C442000,GLD 260313 442.00C,26.8,26.8,26.8,26.8,32.9849,1,2680.0,True,CALL,2026-03-13,442.0,100.0,22,40.803,0.830259608,0.009268517,0.168960386,-0.497151606,0.073993252,0.572,7
US.GLD260313P442000,GLD 260313 442.00P,2.51,2.81,2.85,2.49,2.7118,23,6111.0,True,PUT,2026-03-13,442.0,100.0,404,41.457,-0.173472641,0.009252446,0.171303423,-0.468634485,-0.016101699,5.715,7
US.GLD260313C443000,GLD 260313 443.00C,26.5,28.9,28.9,25.87,32.1207,25,70930.0,True,CALL,2026-03-13,443.0,100.0,21,40.426,0.822401761,0.009628134,0.173896674,-0.506922506,0.073420036,0.722,7
US.GLD260313P443000,GLD 260313 443.00P,2.64,2.95,3.0,2.64,2.8471,91,25183.0,True,PUT,2026-03-13,443.0,100.0,177,41.151,-0.181734328,0.009599304,0.176408067,-0.4798242,-0.016868441,5.528,7
US.GLD260313C444000,GLD 260313 444.00C,25.14,24.95,25.14,24.95,31.2565,2,5009.0,True,CALL,2026-03-13,444.0,100.0,4,38.308,0.824205951,0.010095236,0.17277369,-0.479300645,0.073834449,0.645,7
US.GLD260313P444000,GLD 260313 444.00P,2.8,2.98,3.43,2.8,2.9823,272,79513.0,True,PUT,2026-03-13,444.0,100.0,90,40.97,-0.191024286,0.009944381,0.181942296,-0.493571267,-0.01773342,5.348,7
US.GLD260313C445000,GLD 260313 445.00C,25.17,26.7,26.7,24.22,30.3924,7,17671.0,True,CALL,2026-03-13,445.0,100.0,74,40.377,0.801724145,0.010318378,0.186141145,-0.541122781,0.071767249,0.866,7
US.GLD260313P445000,GLD 260313 445.00P,2.98,3.58,3.8,2.98,3.1176,1188,419516.0,True,PUT,2026-03-13,445.0,100.0,3005,40.635,-0.19983164,0.010304961,0.186992874,-0.503862591,-0.018548149,5.172,7
US.GLD260313C446000,GLD 260313 446.00C,24.26,25.85,26.62,23.55,29.5282,17,41772.0,True,CALL,2026-03-13,446.0,100.0,36,39.745,0.79417331,0.010719801,0.190352255,-0.544992968,0.071228593,0.886,7
US.GLD260313P446000,GLD 260313 446.00P,3.23,3.49,3.49,3.1,3.2529,18,5831.0,True,PUT,2026-03-13,446.0,100.0,132,40.313,-0.209072819,0.010671,0.192093182,-0.514224916,-0.019402265,5.011,7
US.GLD260313C447000,GLD 260313 447.00C,22.65,25.67,25.67,22.52,28.6835,12,27773.0,True,CALL,2026-03-13,447.0,100.0,51,39.214,0.785673792,0.011126339,0.194932851,-0.550838704,0.070593883,0.755,7
US.GLD260313P447000,GLD 260313 447.00P,3.3,3.25,3.9,3.25,3.4077,31,11270.0,True,PUT,2026-03-13,447.0,100.0,182,40.152,-0.219544888,0.011023041,0.197633627,-0.527755831,-0.020374422,4.811,7
US.GLD260313C448000,GLD 260313 448.00C,23.05,24.6,24.6,21.75,27.8662,11,25093.0,True,CALL,2026-03-13,448.0,100.0,27,39.275,0.773575546,0.011464375,0.201169597,-0.568886684,0.069588596,1.055,7
US.GLD260313P448000,GLD 260313 448.00P,3.55,3.41,4.37,3.4,3.5899,38,14807.0,True,PUT,2026-03-13,448.0,100.0,141,39.941,-0.230114523,0.011381002,0.202974226,-0.539915027,-0.021352645,4.651,7
US.GLD260313C449000,GLD 260313 449.00C,22.15,22.17,22.22,21.87,27.049,9,19831.0,True,CALL,2026-03-13,449.0,100.0,43,38.909,0.763383794,0.011859643,0.2061703,-0.577619003,0.068781432,1.076,7
US.GLD260313P449000,GLD 260313 449.00P,3.7,3.9,4.41,3.7,3.7722,102,41135.0,True,PUT,2026-03-13,449.0,100.0,145,39.683,-0.240809196,0.011746432,0.208127625,-0.550714146,-0.02233913,4.468,7
US.GLD260313C450000,GLD 260313 450.00C,21.0,20.85,22.68,20.49,26.2317,35,76851.0,True,CALL,2026-03-13,450.0,100.0,165,39.327,0.748808042,0.012118258,0.212933571,-0.602183151,0.067518157,1.044,7
US.GLD260313P450000,GLD 260313 450.00P,4.05,3.9,5.0,3.8,3.9545,7289,3104906.0,True,PUT,2026-03-13,450.0,100.0,12949,39.495,-0.252237138,0.012099594,0.21336339,-0.562576104,-0.023394199,4.329,7
US.GLD260313C451000,GLD 260313 451.00C,20.35,19.69,20.72,19.69,25.434,7,14246.0,True,CALL,2026-03-13,451.0,100.0,79,38.861,0.73835185,0.01252698,0.217508921,-0.607961098,0.066685653,1.119,7
US.GLD260313P451000,GLD 260313 451.00P,4.25,4.4,4.9,4.25,4.1564,77,33447.0,True,PUT,2026-03-13,451.0,100.0,261,39.257,-0.263788704,0.01245953,0.218377719,-0.572930266,-0.024456666,4.157,7
US.GLD260313C452000,GLD 260313 452.00C,19.66,18.85,20.05,18.71,24.6423,11,21267.0,True,CALL,2026-03-13,452.0,100.0,15,37.792,0.730360172,0.013079547,0.22085334,-0.601030839,0.066115025,1.186,7
US.GLD260313P452000,GLD 260313 452.00P,4.45,4.7,5.32,3.98,4.3644,115,55901.0,True,PUT,2026-03-13,452.0,100.0,208,39.083,-0.276013292,0.012802813,0.223387153,-0.584053411,-0.025581461,3.986,7
US.GLD260313C453000,GLD 260313 453.00C,19.01,19.55,19.55,18.02,23.8505,11,20650.0,True,CALL,2026-03-13,453.0,100.0,13,38.473,0.713599588,0.013231577,0.227453692,-0.629093258,0.064621815,1.261,7
US.GLD260313P453000,GLD 260313 453.00P,4.75,4.7,5.78,4.7,4.5723,23,12447.0,True,PUT,2026-03-13,453.0,100.0,76,38.856,-0.288363917,0.013152342,0.228144486,-0.593535491,-0.026712988,3.835,7
US.GLD260313C454000,GLD 260313 454.00C,18.28,18.25,18.28,18.25,23.0588,2,3653.0,True,CALL,2026-03-13,454.0,100.0,90,37.878,0.702402254,0.013681494,0.231553535,-0.630741719,0.063718279,1.319,7
US.GLD260313P454000,GLD 260313 454.00P,5.0,4.85,5.95,4.85,4.7802,602,315463.0,True,PUT,2026-03-13,454.0,100.0,49,38.794,-0.301775453,0.0134529,0.232972758,-0.60564739,-0.027946712,3.674,7
US.GLD260313C455000,GLD 260313 455.00C,17.15,20.27,20.27,16.63,22.3038,40,69916.0,True,CALL,2026-03-13,455.0,100.0,111,37.775,0.688641068,0.013997751,0.236261806,-0.641527349,0.062543347,1.291,7
US.GLD260313P455000,GLD 260313 455.00P,5.35,5.44,6.4,5.14,5.025,1129,653234.0,True,PUT,2026-03-13,455.0,100.0,5405,38.57,-0.314837865,0.013785954,0.237343027,-0.613806111,-0.029137453,3.535,7
US.GLD260313C456000,GLD 260313 456.00C,16.87,16.68,16.87,15.85,21.554,10,16312.0,True,CALL,2026-03-13,456.0,100.0,79,37.718,0.674387397,0.014285545,0.240760997,-0.652424789,0.061316076,1.445,7
US.GLD260313P456000,GLD 260313 456.00P,5.55,5.45,6.55,5.45,5.275,223,132801.0,True,PUT,2026-03-13,456.0,100.0,98,38.397,-0.328451757,0.014094803,0.241556037,-0.622223686,-0.030377521,3.363,7
US.GLD260313C457000,GLD 260313 457.00C,15.92,18.77,18.77,15.15,20.8043,21,33204.0,True,CALL,2026-03-13,457.0,100.0,18,37.603,0.660068721,0.0145757,0.244900886,-0.661305905,0.060082578,1.456,7
US.GLD260313P457000,GLD 260313 457.00P,5.85,5.65,7.05,5.65,5.525,101,69228.0,True,PUT,2026-03-13,457.0,100.0,1512,38.17,-0.342209102,0.014409165,0.245464799,-0.628774508,-0.03162353,3.213,7
US.GLD260313C458000,GLD 260313 458.00C,15.39,15.1,15.81,14.87,20.0794,39,59695.0,True,CALL,2026-03-13,458.0,100.0,46,38.634,0.64193381,0.014459144,0.249608371,-0.691162499,0.058421687,1.557,7
US.GLD260313P458000,GLD 260313 458.00P,6.15,5.95,7.55,5.33,5.8,177,114601.0,True,PUT,2026-03-13,458.0,100.0,1789,38.09,-0.356768271,0.014661701,0.249226493,-0.637282113,-0.032946338,3.063,7
US.GLD260313C459000,GLD 260313 459.00C,14.57,14.57,15.11,14.1,19.3545,29,42724.0,True,CALL,2026-03-13,459.0,100.0,52,38.093,0.62857568,0.014846074,0.252697803,-0.689931334,0.057295655,1.596,7
US.GLD260313P459000,GLD 260313 459.00P,6.55,6.5,7.47,5.66,6.075,28,18499.0,True,PUT,2026-03-13,459.0,100.0,600,37.854,-0.371141394,0.014952374,0.252566487,-0.641861206,-0.034237701,2.934,7
US.GLD260313C460000,GLD 260313 460.00C,13.87,17.3,17.3,12.8,18.6545,95,137209.0,True,CALL,2026-03-13,460.0,100.0,756,37.798,0.614113952,0.015138718,0.255686869,-0.692463661,0.056048449,1.66,7
US.GLD260313P460000,GLD 260313 460.00P,6.8,6.72,8.05,6.01,6.375,429,330222.0,True,PUT,2026-03-13,460.0,100.0,812,37.759,-0.386185289,0.015175814,0.255671102,-0.648131465,-0.035592899,2.773,7
US.GLD260313C461000,GLD 260313 461.00C,13.7,14.82,15.1,12.83,17.9545,41,54862.0,True,CALL,2026-03-13,461.0,100.0,329,37.643,0.59901195,0.015363227,0.258418045,-0.69661287,0.054729602,1.838,7
US.GLD260313P461000,GLD 260313 461.00P,7.3,7.04,8.15,6.85,6.675,34,25534.0,True,PUT,2026-03-13,461.0,100.0,1330,37.896,-0.401909483,0.015289472,0.258493831,-0.657675639,-0.03701963,2.666,7
US.GLD260313C462000,GLD 260313 462.00C,12.65,15.85,15.85,12.0,17.2795,27,34966.0,True,CALL,2026-03-13,462.0,100.0,554,37.527,0.583605231,0.015552575,0.260797716,-0.700406535,0.053376414,1.827,7
US.GLD260313P462000,GLD 260313 462.00P,7.7,8.83,9.0,7.6,7.0,16,13427.0,True,PUT,2026-03-13,462.0,100.0,596,37.779,-0.41724347,0.015477739,0.260833537,-0.661376193,-0.03838724,2.537,7
US.GLD260313C463000,GLD 260313 463.00C,11.8,12.13,12.13,11.8,16.6293,6,7245.0,True,CALL,2026-03-13,463.0,100.0,458,37.353,0.568079013,0.015744137,0.262784111,-0.702009418,0.052011774,1.859,7
US.GLD260313P463000,GLD 260313 463.00P,8.1,7.5,9.54,7.4,7.35,88,73627.0,True,PUT,2026-03-13,463.0,100.0,528,37.508,-0.432583748,0.015707427,0.262770072,-0.661148791,-0.039735743,2.409,7
US.GLD260313C464000,GLD 260313 464.00C,11.47,12.87,12.87,11.47,15.9791,4,5008.0,True,CALL,2026-03-13,464.0,100.0,73,37.309,0.552226232,0.015858617,0.264389067,-0.704884316,0.05060556,2.003,7
US.GLD260313P464000,GLD 260313 464.00P,8.6,8.1,9.75,8.0,7.7,64,57724.0,True,PUT,2026-03-13,464.0,100.0,161,37.37,-0.448325065,0.015862208,0.264341236,-0.662236531,-0.041121243,2.301,7
US.GLD260313C465000,GLD 260313 465.00C,11.1,14.2,14.2,10.3,15.329,182,202651.0,True,CALL,2026-03-13,465.0,100.0,533,37.206,0.536311159,0.015973757,0.265572737,-0.705485491,0.04919338,2.138,7
US.GLD260313P465000,GLD 260313 465.00P,9.18,8.01,10.42,8.01,8.05,580,560684.0,True,PUT,2026-03-13,465.0,100.0,428,37.268,-0.46424681,0.015978644,0.265503891,-0.662809223,-0.042516156,2.211,7
US.GLD260313C466000,GLD 260313 466.00C,10.15,12.7,12.7,9.6,14.7037,297,315839.0,True,CALL,2026-03-13,466.0,100.0,477,36.762,0.52027589,0.016213121,0.266333972,-0.698637602,0.047785093,2.149,7
US.GLD260313P466000,GLD 260313 466.00P,9.4,8.65,10.75,8.65,8.425,260,256750.0,True,PUT,2026-03-13,466.0,100.0,181,37.105,-0.480285073,0.01609642,0.266242819,-0.661104046,-0.043905273,2.044,7
US.GLD260313C467000,GLD 260313 467.00C,9.73,12.6,12.8,9.2,14.1168,112,116578.0,True,CALL,2026-03-13,467.0,100.0,242,36.915,0.504129292,0.016165961,0.266664222,-0.701553695,0.046330167,2.274,7
US.GLD260313P467000,GLD 260313 467.00P,10.21,9.75,10.75,9.22,8.8385,30,30163.0,True,PUT,2026-03-13,467.0,100.0,298,37.071,-0.496402942,0.016133381,0.266550425,-0.660550348,-0.045301941,2.003,7
US.GLD260313C468000,GLD 260313 468.00C,9.2,10.8,11.1,9.0,13.5303,68,66094.0,True,CALL,2026-03-13,468.0,100.0,234,36.82,0.48792171,0.016201206,0.266555986,-0.698707902,0.044879675,2.374,7
US.GLD260313P468000,GLD 260313 468.00P,12.0,10.0,12.0,9.49,9.2524,39,41706.0,True,PUT,2026-03-13,468.0,100.0,225,36.976,-0.51258085,0.016170751,0.266420251,-0.657689569,-0.046685449,2.173,7
US.GLD260313C469000,GLD 260313 469.00C,8.87,11.7,11.7,8.57,12.9438,29,27001.0,True,CALL,2026-03-13,469.0,100.0,125,36.946,0.471980036,0.01611347,0.266019583,-0.698767797,0.04343925,2.518,7
US.GLD260313P469000,GLD 260313 469.00P,10.7,10.77,12.05,9.9,9.6664,25,26487.0,True,PUT,2026-03-13,469.0,100.0,85,36.82,-0.528872608,0.016208343,0.265844454,-0.652509755,-0.048057893,1.679,7
US.GLD260313C470000,GLD 260313 470.00C,8.22,10.82,11.14,8.0,12.3985,474,420888.0,True,CALL,2026-03-13,470.0,100.0,1584,36.635,0.455455875,0.016188634,0.26501259,-0.68952388,0.041963557,2.593,7
US.GLD260313P470000,GLD 260313 470.00P,11.45,10.42,12.87,10.0,10.1217,299,352495.0,True,PUT,2026-03-13,470.0,100.0,2766,36.887,-0.544824308,0.016123015,0.264848955,-0.65026559,-0.04941161,1.626,7
US.GLD260313C471000,GLD 260313 471.00C,8.1,10.75,10.75,7.65,11.8533,39,32504.0,True,CALL,2026-03-13,471.0,100.0,2735,36.83,0.43988211,0.016019645,0.263641806,-0.68857741,0.040548114,2.782,7
US.GLD260313P471000,GLD 260313 471.00P,12.27,11.35,13.28,11.35,10.5772,108,135670.0,True,PUT,2026-03-13,471.0,100.0,276,36.704,-0.561170834,0.016119183,0.263381076,-0.642198797,-0.050752534,1.587,7
US.GLD260313C472000,GLD 260313 472.00C,7.65,10.0,10.0,7.06,11.3257,125,104919.0,True,CALL,2026-03-13,472.0,100.0,250,36.681,0.423704728,0.015971296,0.261782176,-0.680026749,0.039090238,2.9,7
US.GLD260313P472000,GLD 260313 472.00P,12.85,12.2,12.85,12.19,11.0503,24,29472.0,True,PUT,2026-03-13,472.0,100.0,104,36.458,-0.577715161,0.016114259,0.261432386,-0.631753283,-0.052080811,1.497,7
US.GLD260313C473000,GLD 260313 473.00C,7.1,9.75,9.9,6.9,10.8244,54,43157.0,True,CALL,2026-03-13,473.0,100.0,370,36.759,0.408243432,0.015804035,0.259587145,-0.67469305,0.037685576,2.997,7
US.GLD260313P473000,GLD 260313 473.00P,13.62,12.77,14.25,11.75,11.5498,38,50444.0,True,PUT,2026-03-13,473.0,100.0,198,36.051,-0.594824501,0.016147808,0.258922576,-0.617007853,-0.053407266,1.448,7
US.GLD260313C474000,GLD 260313 474.00C,6.85,8.75,8.75,6.55,10.3232,24,17177.0,True,CALL,2026-03-13,474.0,100.0,349,36.584,0.392159749,0.015713414,0.256866628,-0.663416821,0.03623154,3.157,7
US.GLD260313P474000,GLD 260313 474.00P,13.75,14.3,14.92,13.74,12.0495,31,44676.0,True,PUT,2026-03-13,474.0,100.0,1121,35.964,-0.61095435,0.016017411,0.256095106,-0.607269836,-0.054673171,1.261,7
US.GLD260313C475000,GLD 260313 475.00C,6.23,8.9,8.9,5.76,9.8731,1326,951153.0,True,CALL,2026-03-13,475.0,100.0,10418,36.443,0.376271492,0.015581997,0.253737037,-0.651731179,0.034791097,3.239,7
US.GLD260313P475000,GLD 260313 475.00P,14.58,12.65,15.96,12.65,12.6003,691,890925.0,True,PUT,2026-03-13,475.0,100.0,1244,35.913,-0.626803887,0.01584653,0.252873936,-0.597174423,-0.055896846,1.224,7
US.GLD260313C476000,GLD 260313 476.00C,5.97,8.55,8.55,5.48,9.423,174,134649.0,True,CALL,2026-03-13,476.0,100.0,2942,36.539,0.361491651,0.015338714,0.250426668,-0.643741841,0.033441464,3.398,7
US.GLD260313P476000,GLD 260313 476.00P,14.8,14.18,15.61,14.18,13.1513,8,12121.0,True,PUT,2026-03-13,476.0,100.0,81,36.801,-0.638453561,0.015306061,0.250231979,-0.604866353,-0.056928719,1.057,7
US.GLD260313C477000,GLD 260313 477.00C,5.7,7.4,7.95,5.45,8.975,34,20100.0,True,CALL,2026-03-13,477.0,100.0,903,36.374,0.345848465,0.015166408,0.246497818,-0.629624701,0.032019365,3.554,7
US.GLD260313P477000,GLD 260313 477.00P,16.25,15.21,16.76,15.21,13.7044,4,6498.0,True,PUT,2026-03-13,477.0,100.0,185,36.029,-0.656876613,0.015354472,0.245536126,-0.578476582,-0.058176094,1.154,7
US.GLD260313C478000,GLD 260313 478.00C,5.35,7.55,7.55,5.2,8.551,149,83963.0,True,CALL,2026-03-13,478.0,100.0,581,36.248,0.330542603,0.014955605,0.242224179,-0.615343202,0.03062446,3.694,7
US.GLD260313P478000,GLD 260313 478.00P,14.2816,14.2816,0.0,0.0,14.2816,0,0.0,True,PUT,2026-03-13,478.0,100.0,131,35.687,-0.673480094,0.015214414,0.240776678,-0.559616002,-0.059310637,0.517,7
US.GLD260313C479000,GLD 260313 479.00C,5.0,6.6,6.6,4.7,8.159,64,32874.0,True,CALL,2026-03-13,479.0,100.0,489,36.478,0.317290743,0.014613209,0.238175496,-0.607644641,0.029405842,3.833,7
US.GLD260313P479000,GLD 260313 479.00P,18.27,17.45,18.27,17.45,14.8908,21,37765.0,True,PUT,2026-03-13,479.0,100.0,375,35.482,-0.689287773,0.014997925,0.235769826,-0.542625208,-0.060367625,1.158,7
US.GLD260313C480000,GLD 260313 480.00C,4.61,7.01,7.01,4.37,7.767,1152,578494.0,True,CALL,2026-03-13,480.0,100.0,6190,36.443,0.303027282,0.014337232,0.233449068,-0.593737764,0.02810056,3.964,7
US.GLD260313P480000,GLD 260313 480.00P,17.4,15.88,19.55,15.88,15.5002,148,271969.0,True,PUT,2026-03-13,480.0,100.0,3105,35.423,-0.704065764,0.014711174,0.230661363,-0.527892651,-0.061338904,0.757,7
US.GLD260313C481000,GLD 260313 481.00C,4.4,5.5,5.52,4.24,7.3749,40,18621.0,True,CALL,2026-03-13,481.0,100.0,330,36.347,0.288713436,0.014059017,0.228314298,-0.577845648,0.026790443,4.134,7
US.GLD260313P481000,GLD 260313 481.00P,17.17,17.17,17.17,17.17,16.1097,1,1717.0,True,PUT,2026-03-13,481.0,100.0,28,35.3,-0.71893509,0.014422161,0.225092026,-0.511079654,-0.06225601,0.493,7
US.GLD260313C482000,GLD 260313 482.00C,4.15,5.17,5.17,3.85,6.9829,83,35996.0,True,CALL,2026-03-13,482.0,100.0,278,36.299,0.274970201,0.013750332,0.223007028,-0.56235491,0.025529876,4.294,7
US.GLD260313P482000,GLD 260313 482.00P,19.22,17.99,19.22,17.99,16.7192,2,3721.0,True,PUT,2026-03-13,482.0,100.0,78,35.563,-0.731074456,0.014017917,0.220224944,-0.502057415,-0.063047457,0.718,7
US.GLD260313C483000,GLD 260313 483.00C,3.8,5.71,5.71,3.73,6.6433,80,32622.0,True,CALL,2026-03-13,483.0,100.0,199,36.42,0.262588722,0.013391155,0.217902113,-0.550014869,0.024389536,4.434,7
US.GLD260313P483000,GLD 260313 483.00P,19.94,19.0,20.3,19.0,17.3812,15,29740.0,True,PUT,2026-03-13,483.0,100.0,70,35.43,-0.745322644,0.013699827,0.21412229,-0.483883649,-0.063827503,0.658,7
US.GLD260313C484000,GLD 260313 484.00C,3.57,5.39,5.39,3.47,6.3036,239,95774.0,True,CALL,2026-03-13,484.0,100.0,427,36.606,0.251013344,0.013014182,0.212845579,-0.538713111,0.02332131,4.599,7
US.GLD260313P484000,GLD 260313 484.00P,18.0434,18.0434,0.0,0.0,18.0434,0,0.0,True,PUT,2026-03-13,484.0,100.0,14,36.775,-0.749564847,0.013080229,0.212246678,-0.498091368,-0.064378632,0.037,7
US.GLD260313C485000,GLD 260313 485.00C,3.25,5.54,5.54,3.24,5.9803,56427,22662887.0,True,CALL,2026-03-13,485.0,100.0,56939,36.743,0.239540035,0.012643536,0.207556104,-0.526002114,0.022262866,4.745,7
US.GLD260313P485000,GLD 260313 485.00P,22.0,20.63,22.0,20.63,18.7219,16,34067.0,True,PUT,2026-03-13,485.0,100.0,444,35.939,-0.767545188,0.012881134,0.20376332,-0.463537776,-0.065096157,0.671,7
US.GLD260313C486000,GLD 260313 486.00C,3.1,4.62,4.62,3.05,5.6923,29,10024.0,True,CALL,2026-03-13,486.0,100.0,431,36.408,0.225351893,0.012333859,0.200621492,-0.502305125,0.020961714,4.927,7
US.GLD260313P486000,GLD 260313 486.00P,19.4358,19.4358,0.0,0.0,19.4358,0,0.0,True,PUT,2026-03-13,486.0,100.0,343,34.198,-0.792160501,0.012749271,0.190968811,-0.407637266,-0.065643119,-0.093,7
US.GLD260313C487000,GLD 260313 487.00C,2.9,4.44,4.44,2.84,5.4042,132,40234.0,True,CALL,2026-03-13,487.0,100.0,353,36.558,0.214719823,0.011947342,0.195132843,-0.489299407,0.019978751,5.099,7
US.GLD260313P487000,GLD 260313 487.00P,20.1498,20.1498,0.0,0.0,20.1498,0,0.0,True,PUT,2026-03-13,487.0,100.0,63,35.475,-0.794835454,0.012191346,0.189526875,-0.420088053,-0.066108657,-0.154,7
US.GLD260313C488000,GLD 260313 488.00C,2.74,3.7,3.75,2.58,5.125,75,21469.0,True,CALL,2026-03-13,488.0,100.0,177,36.606,0.203801359,0.011570527,0.189226844,-0.473801526,0.018970397,5.279,7
US.GLD260313P488000,GLD 260313 488.00P,20.8728,20.8728,0.0,0.0,20.8728,0,0.0,True,PUT,2026-03-13,488.0,100.0,19,34.008,-0.817212894,0.01191665,0.176511145,-0.3694677,-0.06627499,-0.214,7
US.GLD260313C489000,GLD 260313 489.00C,2.51,4.35,4.35,2.48,4.85,117,29869.0,True,CALL,2026-03-13,489.0,100.0,115,36.71,0.193645736,0.011187788,0.18348129,-0.459432083,0.018031039,5.444,7
US.GLD260313P489000,GLD 260313 489.00P,24.52,23.7,26.47,23.7,21.6001,11,26699.0,True,PUT,2026-03-13,489.0,100.0,224,35.68,-0.815889574,0.011390441,0.177355345,-0.391079677,-0.066781681,0.353,7
US.GLD260313C490000,GLD 260313 490.00C,2.44,4.05,4.05,2.28,4.603,565,149413.0,True,CALL,2026-03-13,490.0,100.0,3066,36.819,0.183920866,0.010805974,0.177744354,-0.44512842,0.017130908,5.644,7
US.GLD260313P490000,GLD 260313 490.00P,25.65,24.0,27.32,24.0,22.3554,21,53896.0,True,PUT,2026-03-13,490.0,100.0,174,35.775,-0.825859464,0.010993202,0.171204771,-0.37630828,-0.067001103,0.381,7
US.GLD260313C491000,GLD 260313 491.00C,2.28,3.27,3.27,2.16,4.3677,190,43340.0,True,CALL,2026-03-13,491.0,100.0,449,36.528,0.171807999,0.010433866,0.170264651,-0.421526616,0.016014254,5.824,7
US.GLD260313P491000,GLD 260313 491.00P,23.1225,23.1225,0.0,0.0,23.1225,0,0.0,True,PUT,2026-03-13,491.0,100.0,2,33.944,-0.849902617,0.010615034,0.155217795,-0.316980698,-0.066434417,-0.375,7
US.GLD260313C492000,GLD 260313 492.00C,2.04,2.85,2.85,1.99,4.1323,55,12198.0,True,CALL,2026-03-13,492.0,100.0,542,37.006,0.165410746,0.01005072,0.166161601,-0.415791579,0.015416582,5.987,7
US.GLD260313P492000,GLD 260313 492.00P,23.8897,23.8897,0.0,0.0,23.8897,0,0.0,True,PUT,2026-03-13,492.0,100.0,12,37.496,-0.833671521,0.010190121,0.166243161,-0.382283965,-0.067658911,-0.424,7
US.GLD260313C493000,GLD 260313 493.00C,1.9,3.07,3.07,1.84,3.9176,30,6396.0,True,CALL,2026-03-13,493.0,100.0,255,37.025,0.156201312,0.00967682,0.16005968,-0.399455056,0.014563792,6.172,7
US.GLD260313P493000,GLD 260313 493.00P,26.81,26.81,26.81,26.81,24.6776,1,2681.0,True,PUT,2026-03-13,493.0,100.0,9,33.663,-0.87136586,0.009738428,0.13956349,-0.277083871,-0.065784737,-0.012,7
US.GLD260313C494000,GLD 260313 494.00C,1.75,2.25,2.25,1.72,3.7029,27,5073.0,True,CALL,2026-03-13,494.0,100.0,184,36.761,0.145417794,0.00929311,0.152612926,-0.376692352,0.013567344,6.354,7
US.GLD260313P494000,GLD 260313 494.00P,29.04,28.45,30.74,28.45,25.4657,12,34959.0,True,PUT,2026-03-13,494.0,100.0,7,34.874,-0.871211587,0.009389307,0.139723534,-0.288306446,-0.066292165,0.251,7
US.GLD260313C495000,GLD 260313 495.00C,1.7,3.4,3.4,1.62,3.5,1320,234246.0,True,CALL,2026-03-13,495.0,100.0,9589,36.928,0.137973325,0.008927548,0.147275374,-0.364061721,0.012875478,6.558,7
US.GLD260313P495000,GLD 260313 495.00P,29.73,28.15,31.17,28.15,26.2656,8,23696.0,True,PUT,2026-03-13,495.0,100.0,91,35.541,-0.874983864,0.009034652,0.136849559,-0.287150254,-0.066407639,0.184,7
US.GLD260313C496000,GLD 260313 496.00C,1.54,1.76,1.83,1.49,3.325,76,13287.0,True,CALL,2026-03-13,496.0,100.0,216,36.946,0.129873403,0.008559596,0.14127658,-0.348211131,0.012123879,6.738,7
US.GLD260313P496000,GLD 260313 496.00P,27.0933,27.0933,0.0,0.0,27.0933,0,0.0,True,PUT,2026-03-13,496.0,100.0,3,33.626,-0.897388561,0.008470289,0.118568418,-0.228056056,-0.064016115,-0.595,7
US.GLD260313C497000,GLD 260313 497.00C,1.44,1.73,1.73,1.4,3.1523,14,2088.0,True,CALL,2026-03-13,497.0,100.0,59,37.315,0.124458269,0.008227616,0.137151832,-0.340529201,0.011618275,6.931,7
US.GLD260313P497000,GLD 260313 497.00P,27.9235,27.9235,0.0,0.0,27.9235,0,0.0,True,PUT,2026-03-13,497.0,100.0,7,33.546,-0.905741109,0.008055823,0.111298578,-0.2109279,-0.063050746,-0.632,7
US.GLD260313C498000,GLD 260313 498.00C,1.33,1.9,1.9,1.3,2.9799,340,46399.0,True,CALL,2026-03-13,498.0,100.0,75,37.581,0.118655627,0.007899656,0.13262568,-0.330697456,0.011077588,7.122,7
US.GLD260313P498000,GLD 260313 498.00P,28.7543,28.7543,0.0,0.0,28.7543,0,0.0,True,PUT,2026-03-13,498.0,100.0,2,33.627,-0.912520256,0.007672622,0.105196455,-0.197698759,-0.062167342,-0.668,7
US.GLD260313C499000,GLD 260313 499.00C,1.25,2.08,2.08,1.21,2.8075,590,87511.0,True,CALL,2026-03-13,499.0,100.0,1961,37.461,0.110656705,0.007540953,0.126198962,-0.312424963,0.01033567,7.319,7
US.GLD260313P499000,GLD 260313 499.00P,29.5853,29.5853,0.0,0.0,29.5853,0,0.0,True,PUT,2026-03-13,499.0,100.0,7,35.775,-0.904442793,0.007576407,0.112538862,-0.229391491,-0.06428536,-0.704,7
US.GLD260313C500000,GLD 260313 500.00C,1.24,2.0,2.06,1.15,2.6416,1053,148109.0,True,CALL,2026-03-13,500.0,100.0,11063,37.106,0.10152837,0.007153946,0.11858737,-0.289392313,0.009489623,7.532,7
US.GLD260313P500000,GLD 260313 500.00P,34.87,34.33,34.87,34.32,30.423,15,51545.0,True,PUT,2026-03-13,500.0,100.0,28,35.389,-0.913982315,0.007178274,0.103932633,-0.206166994,-0.062843165,0.214,7
US.GLD260313C501000,GLD 260313 501.00C,1.08,1.8,1.8,1.04,2.4756,14,1655.0,True,CALL,2026-03-13,501.0,100.0,86,37.494,0.097431289,0.006869904,0.115071258,-0.283018774,0.009106225,7.712,7
US.GLD260313P501000,GLD 260313 501.00P,31.2609,31.2609,0.0,0.0,31.2609,0,0.0,True,PUT,2026-03-13,501.0,100.0,52,35.14,-0.922185365,0.006800281,0.096216883,-0.186521793,-0.061331625,-0.774,7
US.GLD260313C502000,GLD 260313 502.00C,1.0,1.44,1.44,0.98,2.34,21,2379.0,True,CALL,2026-03-13,502.0,100.0,48,37.545,0.091501318,0.006550294,0.109865508,-0.269575239,0.008554362,7.909,7
US.GLD260313P502000,GLD 260313 502.00P,32.1287,32.1287,0.0,0.0,32.1287,0,0.0,True,PUT,2026-03-13,502.0,100.0,12,35.342,-0.927023388,0.00649723,0.091534324,-0.176798814,-0.060465161,-0.802,7
US.GLD260313C503000,GLD 260313 503.00C,0.94,1.18,1.19,0.93,2.21,12,1196.0,True,CALL,2026-03-13,503.0,100.0,166,37.594,0.085862398,0.006239057,0.104782913,-0.256469565,0.008029366,8.111,7
US.GLD260313P503000,GLD 260313 503.00P,33.0022,0.0,0.0,0.0,33.0022,0,0.0,True,PUT,2026-03-13,503.0,100.0,0,32.944,-0.94843492,0.005773368,0.069141609,-0.116272946,-0.05275117,-0.829,7
US.GLD260313C504000,GLD 260313 504.00C,0.89,0.95,0.96,0.86,2.09,10,905.0,True,CALL,2026-03-13,504.0,100.0,96,37.341,0.078771165,0.005886427,0.098197872,-0.237543179,0.007370326,8.315,7
US.GLD260313P504000,GLD 260313 504.00P,33.8857,0.0,0.0,0.0,33.8857,0,0.0,True,PUT,2026-03-13,504.0,100.0,0,32.024,-0.959494574,0.005292524,0.056451103,-0.087655502,-0.047002239,-0.854,7
US.GLD260313C505000,GLD 260313 505.00C,0.97,1.72,1.72,0.79,1.975,62650,7730164.0,True,CALL,2026-03-13,505.0,100.0,55999,38.012,0.077241757,0.005697202,0.09674907,-0.237897783,0.007224779,8.546,7
US.GLD260313P505000,GLD 260313 505.00P,38.95,40.23,40.23,38.95,34.7745,59,230253.0,True,PUT,2026-03-13,505.0,100.0,3,33.923,-0.952494807,0.00533369,0.064666425,-0.110731048,-0.051672782,0.017,7
US.GLD260313C506000,GLD 260313 506.00C,0.78,1.16,1.16,0.75,1.8785,12,995.0,True,CALL,2026-03-13,506.0,100.0,31,38.781,0.076341865,0.005534658,0.095891934,-0.240321078,0.007137507,8.72,7
US.GLD260313P506000,GLD 260313 506.00P,40.03,40.03,40.03,40.03,35.6817,1,4003.0,True,PUT,2026-03-13,506.0,100.0,1,34.975,-0.95097046,0.005226862,0.066441512,-0.118498936,-0.052973962,0.034,7
US.GLD260313C507000,GLD 260313 507.00C,0.71,0.94,0.98,0.67,1.7823,23,1893.0,True,CALL,2026-03-13,507.0,100.0,67,38.351,0.069080501,0.005184281,0.088827518,-0.218872244,0.00646319,8.92,7
US.GLD260313P507000,GLD 260313 507.00P,40.75,40.75,40.75,40.75,36.5894,1,4075.0,True,PUT,2026-03-13,507.0,100.0,1,30.257,-0.983468848,0.004202023,0.025338947,-0.02857122,-0.026384988,-0.025,7
US.GLD260313C508000,GLD 260313 508.00C,0.67,1.06,1.06,0.65,1.6862,14,1059.0,True,CALL,2026-03-13,508.0,100.0,50,39.104,0.068348271,0.005042859,0.088101479,-0.221139966,0.006391987,9.126,7
US.GLD260313P508000,GLD 260313 508.00P,37.4973,37.4973,0.0,0.0,37.4973,0,0.0,True,PUT,2026-03-13,508.0,100.0,1,36.309,-0.952493845,0.004911044,0.064798276,-0.119894879,-0.053117124,-0.938,7
US.GLD260313C509000,GLD 260313 509.00C,0.6,1.16,1.22,0.6,1.59,23,2015.0,True,CALL,2026-03-13,509.0,100.0,22,38.852,0.062575072,0.004739728,0.082274839,-0.204117524,0.00585515,9.325,7
US.GLD260313P509000,GLD 260313 509.00P,38.4052,0.0,0.0,0.0,38.4052,0,0.0,True,PUT,2026-03-13,509.0,100.0,0,36.158,-0.957723097,0.004640403,0.058784439,-0.105878294,-0.050557842,-0.957,7
US.GLD260313C510000,GLD 260313 510.00C,0.64,1.24,1.29,0.58,1.4939,122,10133.0,True,CALL,2026-03-13,510.0,100.0,10344,39.835,0.063174734,0.004657288,0.082888882,-0.210887848,0.005907478,9.548,7
US.GLD260313P510000,GLD 260313 510.00P,43.99,45.25,45.25,43.99,39.3133,6,27012.0,True,PUT,2026-03-13,510.0,100.0,8,35.407,-0.965920514,0.004290748,0.048900672,-0.082239057,-0.045310694,0.025,7
US.GLD260313C511000,GLD 260313 511.00C,0.56,0.86,0.86,0.53,1.4304,17,1015.0,True,CALL,2026-03-13,511.0,100.0,250,39.507,0.057463948,0.00436035,0.076966406,-0.193118118,0.005376623,9.746,7
US.GLD260313P511000,GLD 260313 511.00P,40.2529,0.0,0.0,0.0,40.2529,0,0.0,True,PUT,2026-03-13,511.0,100.0,0,36.035,-0.966428279,0.0041651,0.04830751,-0.082647487,-0.045355806,-0.99,7
US.GLD260313C512000,GLD 260313 512.00C,0.51,0.96,0.96,0.5,1.367,15,960.0,True,CALL,2026-03-13,512.0,100.0,96,39.635,0.054188498,0.004149531,0.07348529,-0.184317223,0.005070938,9.95,7
US.GLD260313P512000,GLD 260313 512.00P,41.1928,0.0,0.0,0.0,41.1928,0,0.0,True,PUT,2026-03-13,512.0,100.0,0,36.118,-0.969706435,0.003967489,0.044198637,-0.074092053,-0.043062089,-1.003,7
US.GLD260313C513000,GLD 260313 513.00C,0.48,0.53,0.54,0.45,1.3035,10,493.0,True,CALL,2026-03-13,513.0,100.0,417,40.22,0.053135454,0.004026104,0.072352619,-0.183897975,0.004971045,10.158,7
US.GLD260313P513000,GLD 260313 513.00P,42.1331,0.0,0.0,0.0,42.1331,0,0.0,True,PUT,2026-03-13,513.0,100.0,0,35.471,-0.976463152,0.003682379,0.035348076,-0.054452467,-0.036923053,-1.016,7
US.GLD260313C514000,GLD 260313 514.00C,0.45,0.48,0.52,0.44,1.2401,10,466.0,True,CALL,2026-03-13,514.0,100.0,94,39.478,0.04637964,0.003680008,0.064916853,-0.160656074,0.004343121,10.366,7
US.GLD260313P514000,GLD 260313 514.00P,43.074,0.0,0.0,0.0,43.074,0,0.0,True,PUT,2026-03-13,514.0,100.0,0,36.069,-0.976799611,0.003578596,0.034929595,-0.054678642,-0.036951156,-1.028,7
US.GLD260313C515000,GLD 260313 515.00C,0.42,0.73,0.73,0.4,1.18,33,1774.0,True,CALL,2026-03-13,515.0,100.0,1264,40.644,0.048007123,0.003674613,0.066735668,-0.170328983,0.004491896,10.574,7
US.GLD260313P515000,GLD 260313 515.00P,50.2,50.2,50.2,50.2,44.0181,2,10040.0,True,PUT,2026-03-13,515.0,100.0,3,35.884,-0.98084745,0.003383807,0.029380171,-0.043189501,-0.032609363,0.285,7
US.GLD260313C520000,GLD 260313 520.00C,0.31,0.6,0.7,0.28,0.92,148,7507.0,True,CALL,2026-03-13,520.0,100.0,7785,41.662,0.037200121,0.002916532,0.05430141,-0.139810686,0.003481886,11.623,7
US.GLD260313P520000,GLD 260313 520.00P,48.7788,48.7788,0.0,0.0,48.7788,0,0.0,True,PUT,2026-03-13,520.0,100.0,1,0.0,0.0,0.0,0.0,0.0,0.0,-1.092,7
US.GLD260313C525000,GLD 260313 525.00C,0.24,0.48,0.48,0.22,0.705,76,2921.0,True,CALL,2026-03-13,525.0,100.0,3685,43.199,0.030533098,0.00239088,0.046161755,-0.121686881,0.00285733,12.681,7
US.GLD260313P525000,GLD 260313 525.00P,53.5872,0.0,0.0,0.0,53.5872,0,0.0,True,PUT,2026-03-13,525.0,100.0,0,0.0,0.0,0.0,0.0,0.0,0.0,-1.133,7
US.GLD260313C530000,GLD 260313 530.00C,0.17,0.29,0.3,0.16,0.5737,399,11740.0,True,CALL,2026-03-13,530.0,100.0,278,43.935,0.023234719,0.00187129,0.03675156,-0.096849582,0.00217535,13.738,7
US.GLD260313P530000,GLD 260313 530.00P,58.4757,58.4757,0.0,0.0,58.4757,0,0.0,True,PUT,2026-03-13,530.0,100.0,1,44.401,-0.984054445,0.002349947,0.025195733,-0.045234836,-0.032939226,-1.157,7
US.GLD260313C535000,GLD 260313 535.00C,0.14,0.31,0.31,0.11,0.4685,20,364.0,True,CALL,2026-03-13,535.0,100.0,77,45.892,0.020370869,0.00160308,0.032888831,-0.089747088,0.001906027,14.804,7
US.GLD260313P535000,GLD 260313 535.00P,63.3907,63.3907,0.0,0.0,63.3907,0,0.0,True,PUT,2026-03-13,535.0,100.0,1,50.961,-0.972672486,0.002423716,0.040949773,-0.099866623,-0.048498568,-1.175,7
US.GLD260313C540000,GLD 260313 540.00C,0.11,0.23,0.26,0.1,0.3633,545,13385.0,True,CALL,2026-03-13,540.0,100.0,3959,47.682,0.017737445,0.00137155,0.029238388,-0.082149048,0.001658787,15.871,7
US.GLD260313P540000,GLD 260313 540.00P,68.3118,68.3118,0.0,0.0,68.3118,0,0.0,True,PUT,2026-03-13,540.0,100.0,0,50.811,-0.982686783,0.001998334,0.027343174,-0.059270728,-0.037677629,-1.192,7
US.GLD260313C545000,GLD 260313 545.00C,0.09,0.14,0.17,0.06,0.3088,35,488.0,True,CALL,2026-03-13,545.0,100.0,359,48.892,0.014606125,0.001132502,0.024758417,-0.070446228,0.001365886,16.939,7
US.GLD260313P545000,GLD 260313 545.00P,73.2749,73.2749,0.0,0.0,73.2749,0,0.0,True,PUT,2026-03-13,545.0,100.0,0,58.403,-0.96988834,0.002155714,0.044689664,-0.129726335,-0.054043263,-1.2,7
US.GLD260313C550000,GLD 260313 550.00C,0.08,0.43,0.43,0.05,0.2542,130,2515.0,True,CALL,2026-03-13,550.0,100.0,1916,50.687,0.012988933,0.000987245,0.022376278,-0.065497206,0.001213983,18.009,7
US.GLD260313P550000,GLD 260313 550.00P,78.2422,78.2422,0.0,0.0,78.2422,0,0.0,True,PUT,2026-03-13,550.0,100.0,0,56.131,-0.984080335,0.001689708,0.025466731,-0.060602265,-0.03796114,-1.207,7
US.GLD260313C555000,GLD 260313 555.00C,0.06,0.38,0.38,0.05,0.2057,85,1984.0,True,CALL,2026-03-13,555.0,100.0,4143,52.35,0.0114813,0.000858959,0.020108407,-0.060301381,0.001072579,19.078,7
US.GLD260313P555000,GLD 260313 555.00P,83.2178,83.2178,0.0,0.0,83.2178,0,0.0,True,PUT,2026-03-13,555.0,100.0,0,58.73,-0.984672887,0.001566164,0.024658325,-0.061207199,-0.038103507,-1.212,7
US.GLD260313C560000,GLD 260313 560.00C,0.06,0.13,0.13,0.04,0.1827,40,376.0,True,CALL,2026-03-13,560.0,100.0,23,52.358,0.008351806,0.000650411,0.015232957,-0.044783052,0.000780882,20.151,7
US.GLD260313P560000,GLD 260313 560.00P,88.2099,88.2099,0.0,0.0,88.2099,0,0.0,True,PUT,2026-03-13,560.0,100.0,0,61.29,-0.985209284,0.001458256,0.023920891,-0.06177881,-0.038246591,-1.214,7
US.GLD260313C565000,GLD 260313 565.00C,0.11,0.1,0.11,0.1,0.1596,5,51.0,True,CALL,2026-03-13,565.0,100.0,49,53.098,0.006652016,0.000524834,0.012468034,-0.036639352,0.000622091,21.234,7
US.GLD260313P565000,GLD 260313 565.00P,93.2029,93.2029,0.0,0.0,93.2029,0,0.0,True,PUT,2026-03-13,565.0,100.0,0,63.813,-0.985697404,0.001363328,0.023245023,-0.062320201,-0.038390169,-1.215,7
US.GLD260313C570000,GLD 260313 570.00C,0.12,0.06,0.12,0.06,0.1366,2042,24483.0,True,CALL,2026-03-13,570.0,100.0,12,55.639,0.006767451,0.000508541,0.012657515,-0.039001711,0.000632125,22.309,7
US.GLD260313P570000,GLD 260313 570.00P,98.2,98.2,0.0,0.0,98.2,0,0.0,True,PUT,2026-03-13,570.0,100.0,0,66.302,-0.986143666,0.001279275,0.022622985,-0.062834207,-0.038534109,-1.216,7
US.GLD260313C575000,GLD 260313 575.00C,0.1,0.1,0.1,0.1,0.1136,1,10.0,True,CALL,2026-03-13,575.0,100.0,45,55.439,0.004820606,0.000377678,0.009369854,-0.028161678,0.000450685,23.377,7
US.GLD260313P575000,GLD 260313 575.00P,103.2,103.2,0.0,0.0,103.2,0,0.0,True,PUT,2026-03-13,575.0,100.0,0,68.757,-0.986553399,0.001204412,0.022048295,-0.063323181,-0.038678267,-1.216,7
US.GLD260313C580000,GLD 260313 580.00C,0.1,0.29,0.29,0.09,0.1015,52,538.0,True,CALL,2026-03-13,580.0,100.0,120,60.652,0.006978124,0.000479311,0.013002373,-0.043722492,0.000650259,24.45,7
US.GLD260313P580000,GLD 260313 580.00P,108.2,108.2,0.0,0.0,108.2,0,0.0,True,PUT,2026-03-13,580.0,100.0,0,71.18,-0.986930968,0.001137378,0.021515616,-0.063789701,-0.038822688,-1.216,7
US.GLD260313C585000,GLD 260313 585.00C,0.0893,0.0893,0.0,0.0,0.0893,0,0.0,True,CALL,2026-03-13,585.0,100.0,165,61.473,0.005838414,0.000403867,0.011105468,-0.037423893,0.000544117,25.52,7
US.GLD260313P585000,GLD 260313 585.00P,113.2,113.2,0.0,0.0,113.2,0,0.0,True,PUT,2026-03-13,585.0,100.0,0,73.571,-0.987280002,0.001077068,0.021020489,-0.064236401,-0.038967523,-1.216,7
US.GLD260313C590000,GLD 260313 590.00C,0.08,0.19,0.19,0.01,0.0772,26,176.0,True,CALL,2026-03-13,590.0,100.0,30,60.836,0.004064304,0.000295508,0.008044297,-0.026227331,0.000379231,26.591,7
US.GLD260313P590000,GLD 260313 590.00P,118.2,118.2,0.0,0.0,118.2,0,0.0,True,PUT,2026-03-13,590.0,100.0,0,78.093,-0.984123771,0.001090443,0.025728821,-0.089870249,-0.04598702,-1.216,7
US.GLD260313C595000,GLD 260313 595.00C,0.0651,0.0651,0.0,0.0,0.0651,0,0.0,True,CALL,2026-03-13,595.0,100.0,33,64.514,0.004912998,0.000330089,0.009526107,-0.033311754,0.000457463,27.66,7
US.GLD260313P595000,GLD 260313 595.00P,123.2,0.0,0.0,0.0,123.2,0,0.0,True,PUT,2026-03-13,595.0,100.0,0,78.266,-0.987904908,0.000973089,0.020127306,-0.065075456,-0.039257769,-1.216,7
US.GLD260313C600000,GLD 260313 600.00C,0.053,0.053,0.0,0.0,0.053,0,0.0,True,CALL,2026-03-13,600.0,100.0,112,65.066,0.004037356,0.000274657,0.00799525,-0.02785089,0.000376032,28.73,7
US.GLD260313P600000,GLD 260313 600.00P,128.2,128.2,0.0,0.0,128.2,0,0.0,True,PUT,2026-03-13,600.0,100.0,0,80.571,-0.988185897,0.000928024,0.019722788,-0.06547003,-0.039402906,-1.216,7
US.GLD260313C605000,GLD 260313 605.00C,0.08,0.08,0.08,0.08,0.0409,6,48.0,True,CALL,2026-03-13,605.0,100.0,2224,69.917,0.005523422,0.000338033,0.010569894,-0.040318692,0.000512901,29.809,7
US.GLD260313P605000,GLD 260313 605.00P,133.2,133.2,0.0,0.0,133.2,0,0.0,True,PUT,2026-03-13,605.0,100.0,0,82.849,-0.988448552,0.000886833,0.019343,-0.065850704,-0.039548337,-1.216,7
US.GLD260313C610000,GLD 260313 610.00C,0.0301,0.0301,0.0,0.0,0.0301,0,0.0,True,CALL,2026-03-13,610.0,100.0,733,65.177,0.002392585,0.000171192,0.004994216,-0.016865886,0.00022311,30.871,7
US.GLD260313P610000,GLD 260313 610.00P,138.2,138.2,0.0,0.0,138.2,0,0.0,True,PUT,2026-03-13,610.0,100.0,0,85.101,-0.98869476,0.000849053,0.018985493,-0.0662175,-0.039693713,-1.216,7
US.GLD260313C615000,GLD 260313 615.00C,0.23,0.03,0.23,0.03,0.0221,8,115.0,True,CALL,2026-03-13,615.0,100.0,142,79.207,0.008774406,0.000448971,0.015897805,-0.070616401,0.000810074,31.986,7
US.GLD260313P615000,GLD 260313 615.00P,143.2,143.2,0.0,0.0,143.2,0,0.0,True,PUT,2026-03-13,615.0,100.0,0,87.327,-0.988926105,0.000814295,0.018648216,-0.066570925,-0.039838875,-1.216,7
US.GLD260313C620000,GLD 260313 620.00C,0.0161,0.0161,0.0,0.0,0.0161,0,0.0,True,CALL,2026-03-13,620.0,100.0,136,65.034,0.0013413,0.00010135,0.002952065,-0.009595771,0.000125236,33.013,7
US.GLD260313P620000,GLD 260313 620.00P,148.2,148.2,0.0,0.0,148.2,0,0.0,True,PUT,2026-03-13,620.0,100.0,0,89.528,-0.989143728,0.000782233,0.018329737,-0.066913476,-0.039984286,-1.216,7
US.GLD260313C625000,GLD 260313 625.00C,0.0117,0.0117,0.0,0.0,0.0117,0,0.0,True,CALL,2026-03-13,625.0,100.0,113,64.972,0.000996915,7.7306e-05,0.002250373,-0.007174755,9.3136e-05,34.085,7
US.GLD260313P625000,GLD 260313 625.00P,153.2,0.0,0.0,0.0,153.2,0,0.0,True,PUT,2026-03-13,625.0,100.0,0,91.706,-0.989348952,0.000752575,0.018028305,-0.067244821,-0.040129592,-1.216,7
US.GLD260313C630000,GLD 260313 630.00C,0.0085,0.0085,0.0,0.0,0.0085,0,0.0,True,CALL,2026-03-13,630.0,100.0,122,64.933,0.000739888,5.8801e-05,0.001711322,-0.005353411,6.9161e-05,35.157,7
US.GLD260313P630000,GLD 260313 630.00P,158.2,0.0,0.0,0.0,158.2,0,0.0,True,PUT,2026-03-13,630.0,100.0,0,93.86,-0.989542898,0.000725069,0.017742432,-0.067564996,-0.040274572,-1.216,7
US.GLD260313C635000,GLD 260313 635.00C,0.05,0.19,0.19,0.05,0.0061,5,43.0,True,CALL,2026-03-13,635.0,100.0,13,84.076,0.006277053,0.000314875,0.011835996,-0.054611996,0.000578959,36.238,7
US.GLD260313P635000,GLD 260313 635.00P,163.2,163.2,0.0,0.0,163.2,0,0.0,True,PUT,2026-03-13,635.0,100.0,0,95.992,-0.989726272,0.000699509,0.017471245,-0.067876654,-0.04041981,-1.216,7
US.GLD260313C640000,GLD 260313 640.00C,0.05,0.06,0.06,0.05,0.0044,15,76.0,True,CALL,2026-03-13,640.0,100.0,27,84.581,0.005460577,0.0002766,0.010460342,-0.048130733,0.000503794,37.311,7
US.GLD260313P640000,GLD 260313 640.00P,168.2,168.2,0.0,0.0,168.2,0,0.0,True,PUT,2026-03-13,640.0,100.0,0,98.102,-0.989900161,0.000675696,0.017213248,-0.06817809,-0.040564605,-1.216,7
US.GLD260313C645000,GLD 260313 645.00C,0.0031,0.0031,0.0,0.0,0.0031,0,0.0,True,CALL,2026-03-13,645.0,100.0,142,64.72,0.00028767,2.4586e-05,0.000714207,-0.002101652,2.6932e-05,38.374,7
US.GLD260313P645000,GLD 260313 645.00P,173.2,0.0,0.0,0.0,173.2,0,0.0,True,PUT,2026-03-13,645.0,100.0,0,100.19,-0.990065105,0.000653469,0.016967769,-0.06847169,-0.040709494,-1.216,7
US.GLD260313C650000,GLD 260313 650.00C,0.0022,0.0022,0.0,0.0,0.0022,0,0.0,True,CALL,2026-03-13,650.0,100.0,2,64.664,0.00020829,1.821e-05,0.000528801,-0.001524531,1.9509e-05,39.446,7
US.GLD260313P650000,GLD 260313 650.00P,178.2,0.0,0.0,0.0,178.2,0,0.0,True,PUT,2026-03-13,650.0,100.0,0,102.256,-0.990221952,0.00063268,0.016733638,-0.068756268,-0.040853966,-1.216,7
US.GLD260313C655000,GLD 260313 655.00C,0.0016,0.0016,0.0,0.0,0.0016,0,0.0,True,CALL,2026-03-13,655.0,100.0,137,64.726,0.000153992,1.3716e-05,0.000398892,-0.001130274,1.4429e-05,40.518,7
US.GLD260313P655000,GLD 260313 655.00P,183.2,0.0,0.0,0.0,183.2,0,0.0,True,PUT,2026-03-13,655.0,100.0,0,104.303,-0.990371136,0.0006132,0.016510312,-0.069033869,-0.040998482,-1.216,7
US.GLD260313C660000,GLD 260313 660.00C,0.1,0.05,0.1,0.05,0.0011,15,137.0,True,CALL,2026-03-13,660.0,100.0,1294,96.831,0.007581847,0.000323015,0.013981397,-0.075042375,0.000694755,41.612,7
US.GLD260313P660000,GLD 260313 660.00P,188.2,0.0,0.0,0.0,188.2,0,0.0,True,PUT,2026-03-13,660.0,100.0,0,106.329,-0.990513321,0.000594913,0.016296871,-0.069303735,-0.041142683,-1.216,7
US.GLD260313C665000,GLD 260313 665.00C,0.04,0.04,0.04,0.04,0.0008,8,32.0,True,CALL,2026-03-13,665.0,100.0,4,85.876,0.002429565,0.000131744,0.005060488,-0.022473998,0.000224618,42.672,7
US.GLD260313P665000,GLD 260313 665.00P,193.2,193.2,0.0,0.0,193.2,0,0.0,True,PUT,2026-03-13,665.0,100.0,0,108.336,-0.990648944,0.000577726,0.016092736,-0.069566785,-0.04128672,-1.216,7
US.GLD260313C670000,GLD 260313 670.00C,0.0005,0.0005,0.0,0.0,0.0005,0,0.0,True,CALL,2026-03-13,670.0,100.0,24,85.259,0.00187302,0.00010481,0.003997635,-0.01734552,0.000173336,43.736,7
US.GLD260313P670000,GLD 260313 670.00P,198.2,198.2,0.0,0.0,198.2,0,0.0,True,PUT,2026-03-13,670.0,100.0,0,110.324,-0.990778522,0.000561534,0.015897191,-0.069822634,-0.041430364,-1.216,7
US.GLD260313C675000,GLD 260313 675.00C,0.09,0.09,0.09,0.09,0.0004,4,36.0,True,CALL,2026-03-13,675.0,100.0,95,95.841,0.004415677,0.000202015,0.008656292,-0.044466151,0.00040571,44.828,7
US.GLD260313P675000,GLD 260313 675.00P,203.2,0.0,0.0,0.0,203.2,0,0.0,True,PUT,2026-03-13,675.0,100.0,0,112.294,-0.990902307,0.000546265,0.015709929,-0.070073243,-0.041574091,-1.216,7
US.GLD260313C680000,GLD 260313 680.00C,0.0003,0.0003,0.0,0.0,0.0003,0,0.0,True,CALL,2026-03-13,680.0,100.0,329,64.873,3.1298e-05,3.051e-06,8.9232e-05,-0.00023051,2.937e-06,45.882,7
US.GLD260313P680000,GLD 260313 680.00P,208.2,0.0,0.0,0.0,208.2,0,0.0,True,PUT,2026-03-13,680.0,100.0,0,114.244,-0.991020842,0.000531844,0.015530171,-0.07031708,-0.041717351,-1.216,7
US.GLD260313C690000,GLD 260313 690.00C,0.0001,0.0,0.0,0.0,0.0001,0,0.0,True,CALL,2026-03-13,690.0,100.0,0,63.662,1.1142e-05,1.166e-06,3.3572e-05,-8.0138e-05,1.047e-06,48.027,7
US.GLD260313P690000,GLD 260313 690.00P,218.2,0.0,0.0,0.0,218.2,0,0.0,True,PUT,2026-03-13,690.0,100.0,0,116.306,-0.992725853,0.000484656,0.012788584,-0.054115925,-0.036765175,-1.216,7
US.GLD260313C695000,GLD 260313 695.00C,0.0001,0.0001,0.0,0.0,0.0001,0,0.0,True,CALL,2026-03-13,695.0,100.0,5,121.898,0.014172457,0.000442601,0.024111487,-0.168844203,0.001279097,49.1,7
US.GLD260313P695000,GLD 260313 695.00P,223.2,0.0,0.0,0.0,223.2,0,0.0,True,PUT,2026-03-13,695.0,100.0,0,118.186,-0.992813013,0.000472895,0.012653049,-0.054259897,-0.036885211,-1.216,7
US.GLD260313C700000,GLD 260313 700.00C,0.0001,0.0001,0.0,0.0,0.0001,0,0.0,True,CALL,2026-03-13,700.0,100.0,3,136.984,0.024585883,0.000629383,0.038526694,-0.313204575,0.002192805,50.172,7
US.GLD260313P700000,GLD 260313 700.00P,228.2,0.0,0.0,0.0,228.2,0,0.0,True,PUT,2026-03-13,700.0,100.0,0,121.873,-0.991448151,0.000481413,0.014878535,-0.071237285,-0.042287734,-1.216,7
US.GLD260313C705000,GLD 260313 705.00C,0.09,0.09,0.09,0.09,0.0001,4,36.0,True,CALL,2026-03-13,705.0,100.0,21,113.001,0.00682119,0.000252149,0.012735809,-0.079070715,0.000620828,51.264,7
US.GLD260313P705000,GLD 260313 705.00P,233.2,0.0,0.0,0.0,233.2,0,0.0,True,PUT,2026-03-13,705.0,100.0,0,123.739,-0.991544617,0.000470361,0.014730624,-0.071455018,-0.042429724,-1.216,7
US.GLD260313C710000,GLD 260313 710.00C,0.02,0.02,0.02,0.01,0.0001,196,370.0,True,CALL,2026-03-13,710.0,100.0,139,92.021,0.000916706,5.0536e-05,0.002080956,-0.00931665,8.477e-05,52.322,7
US.GLD260313P710000,GLD 260313 710.00P,238.2,0.0,0.0,0.0,238.2,0,0.0,True,PUT,2026-03-13,710.0,100.0,0,128.623,-0.989250797,0.000492589,0.018364659,-0.10100849,-0.050352051,-1.216,7
US.GLD260313C715000,GLD 260313 715.00C,0.0001,0.0001,0.0,0.0,0.0001,0,0.0,True,CALL,2026-03-13,715.0,100.0,215,69.112,1.0314e-05,9.98e-07,3.1145e-05,-8.0408e-05,9.67e-07,53.39,7
US.GLD260313P715000,GLD 260313 715.00P,243.2,0.0,0.0,0.0,243.2,0,0.0,True,PUT,2026-03-13,715.0,100.0,0,127.421,-0.991726837,0.000449835,0.014450385,-0.071876012,-0.04271261,-1.216,7
US.GLD260313C720000,GLD 260313 720.00C,0.0001,0.0001,0.0,0.0,0.0001,0,0.0,True,CALL,2026-03-13,720.0,100.0,325,70.175,1.0167e-05,9.69e-07,3.0715e-05,-8.0459e-05,9.53e-07,54.463,7
US.GLD260313P720000,GLD 260313 720.00P,248.2,0.0,0.0,0.0,248.2,0,0.0,True,PUT,2026-03-13,720.0,100.0,0,129.239,-0.991812948,0.000440287,0.014317569,-0.072080104,-0.042853637,-1.216,7
