Date,"Afghanistan, Islamic Rep. of",Albania,Algeria,Argentina,"Armenia, Rep. of",Aruba,Australia,Austria,"Azerbaijan, Rep. of","Bahamas, The","Bahrain, Kingdom of",Bangladesh,Barbados,"Belarus, Rep. of",Belgium,Benin,Bhutan,Bolivia,Bosnia and Herzegovina,Brazil,Brunei Darussalam,Bulgaria,Burkina Faso,Burundi,Cabo Verde,Cambodia,Cameroon,Canada,Central African Republic,Chad,Chile,Hong Kong SAR,"China, P.R.: Macao","China, P.R.: Mainland",Colombia,Comoros,"Congo, Democratic Republic of","Congo, Republic of",Costa Rica,Cote d'Ivoire,Croatia,Curacao & St. Maarten,Cyprus,Czech Rep.,Denmark,Dominican Rep.,Ecuador,"Egypt, Arab Rep. of",El Salvador,Eritrea,"Estonia, Rep. of","Ethiopia, The Federal Dem. Rep. of ",Euro Area,Fiji,Finland,France,Gabon,Georgia,Germany,Ghana,Greece,Guatemala,Guinea,Guinea-Bissau,Haiti,Honduras,Hungary,Iceland,India,Indonesia,Iraq,Ireland,Israel,Italy,Jamaica,Japan,Jordan,"Kazakhstan, Rep. of",Kenya,"Korea, Rep. of","Kosovo, Republic of",Kuwait,Kyrgyz Rep.,Lao People's Democratic Republic,Latvia,Lebanon,Libya,Lithuania,Luxembourg,"North Macedonia, Republic of",Malawi,Malaysia,Maldives,Mali,Malta,Mauritania,Mauritius,Mexico,"Micronesia, Federated States of",Moldova,Mongolia,Montenegro,Morocco,Mozambique,Myanmar,Namibia,Nepal,Netherlands,Netherlands Antilles,New Zealand,Nicaragua,Niger,Nigeria,Norway,Oman,Pakistan,Papua New Guinea,Paraguay,Peru,Philippines,"Poland, Rep. of",Portugal,Qatar,Romania,Russian Federation,Rwanda,San Marino,Saudi Arabia,Senegal,"Serbia, Rep. of",Singapore,Slovak Rep.,"Slovenia, Rep. of",Solomon Islands,South Africa,South Sudan,Spain,Sri Lanka,State Oil Fund of the Republic of Azerbaijan (SOFAZ),Suriname,Sweden,Switzerland,Syrian Arab Republic,Taiwan Province of China,"Tajikistan, Rep. of",Thailand,"Timor-Leste, Dem. Rep. of",Togo,Trinidad and Tobago,Tunisia,Turkey*,Turkey,Ukraine,United Arab Emirates,United Kingdom,United States,Uruguay,"Uzbekistan, Rep. of","Venezuela, Republica Bolivariana de","Yemen, Republic of",Zambia,Zimbabwe,Global_Total,Key_CBs_Total
2002-01-01,,0.00012441292650306366,0.0,0.0,-1.8319884699642934e-06,0.0,0.0,0.0,0.0,0.0,0.0,0.0,0.0,,0.0,0.0,,-0.8649923808331326,0.0,0.010491225885039963,0.0,-0.021551802432280304,0.0,0.0,0.0,0.0,0.0,0.0,0.0,0.0,0.0,0.0,0.0,0.0,0.0,0.0,,0.0,-0.0004440282558953011,0.0,0.0,,0.031103231625765917,0.0,0.0,0.0,0.0,0.0,0.0,0.0,0.0,0.0,0.03110323162391202,0.0,0.031103231625765917,0.0,0.0,0.0,0.0,0.0,0.0,0.0,0.013623215452085473,0.0,0.0,0.0,0.0,0.0,-0.00099999137197971,0.0,,0.0,0.0,0.0,0.0,0.0,0.0083045628440795,0.16249925985288033,0.0,0.014999870573637896,,0.0,0.0,0.0,0.0,0.0,0.0,0.0,0.0,0.0,0.0,0.0,0.0,0.0,0.011263537681565116,0.0,0.0,-0.49599572030092415,0.0,0.0,-2.0260197194488505,,0.0,0.0,0.0,0.0,0.0,0.0,0.0,0.0,0.0,0.0,0.0,0.0,0.0,0.0,0.0,0.0,0.0,0.2834437498056048,0.0,0.0,0.0,0.0,1.2130260334048708,0.0,0.0,0.0,0.0,-5.89994909228926,0.0,0.0,0.0,,0.0,,0.0,0.15551615812882957,,-0.20299824842962985,0.0,-24.699786877888258,0.0,,-0.003421355478834251,0.0,,0.0,0.002674877919815869,0.0,0.0,0.0,0.1492955118036764,0.0,-20.464996703057423,0.0,0.0,,1.555161581288296,0.0,0.0,0.373238779509191,-50.63418527982342,1.3745253018857713
2002-02-01,,0.0,0.0,0.0,8.049470821401832e-12,0.0,0.0,0.0,0.0,0.0,0.0,0.0,0.0,,0.0,0.0,,0.0,0.0,0.008472522070541529,0.0,-0.035353768156503755,0.0,0.0,0.0,0.0,0.0,-2.9548070044477623,0.0,0.0,0.0,0.0,0.0,-0.6220646325154342,0.0,0.0,0.0,0.0,0.00926074465655468,0.0,0.0,,0.0,-0.031103231625765917,0.0,0.0,0.0,0.0,0.0,0.0,0.0,0.0,0.031103231627619816,0.0,0.0,0.0,0.0,0.0,0.0,0.0,0.031103231625765917,0.0,-0.5342913128674069,0.0,0.0,0.0,0.0,0.0,0.0,0.0,,0.0,0.0,0.0,0.0,0.0,0.014525209169232682,-2.6268868022095746,0.0,0.0,,0.0,0.0,0.0,0.0,0.0,0.0,0.003110323162576592,0.0,0.024999784289352442,0.0,0.0,0.0,0.0,-0.031087897732574404,0.0,0.0,-0.2849975408987281,0.0,0.0,-0.15551615812882957,,0.0,-0.15551615812882957,0.0,0.0,0.0,0.0,0.0,0.0,0.0,0.0,0.0,-0.031103231625765917,0.0,0.0,0.0,0.0,0.0,0.7291530590028303,0.0,0.0,0.0,0.0,0.062206463251531834,0.0,0.0,0.0,0.0,-2.799975840408447,0.0,0.0,0.0,,0.0,,0.0,-0.8708904855214465,,0.22599804997583395,0.0,-22.499805860425084,0.0,,-0.003421355478834251,0.0,,0.0,0.00012441292650306366,0.0,0.0,0.0,0.003110323162576592,0.0,-2.771297940219462e-05,0.0,0.0,,0.0,0.0,0.0,-2.7370843830674008,-35.23076602128882,-3.186744971473477
2002-03-01,,0.0005287549376380206,0.0,0.0,-2.0976057830271144e-11,0.0,0.0,0.0,0.0,0.0,0.0,0.0,0.0,,-0.031103231625823853,0.0,,0.0,0.0,0.0077718976877882,0.0,-0.004977139124755642,0.0,0.0,0.0,0.0,0.0,0.0,0.0,0.0,-1.928400360797487,0.0,0.0,0.6220646325154342,0.0,0.0,0.0,0.0,-0.008350979450258464,0.0,0.0,,0.0,0.0,0.0,0.0,0.0,0.0,0.0,-3.999965487842802e-06,0.0,0.0,-8.428975770582564,0.0,0.0,0.0,0.0,0.0,-8.397872538956797,0.0,0.0,0.0,0.2008646698391963,0.0,0.0,0.0,0.0,-0.0045721750489875895,0.0,0.0,,0.0,0.0,0.0,0.0,0.0,0.01729339678392585,0.016931411434175096,0.0,0.0,,0.0,0.0,0.0,0.0,0.0,0.0,0.0,0.0,-0.00899992234418835,0.0,0.0,0.0,0.0,0.0,0.0,0.0,-0.09099921481328659,0.0,0.0,-1.835090665920189,,0.0,-1.4618518864146189e-05,0.0,0.0,0.0,0.0,0.0,0.0,0.0,0.0,0.0,0.0,0.0,0.0,0.0,0.0,0.0,0.008055736991073372,0.0,0.0,0.0,0.0,2.4571552984355076,0.0,0.0,0.0,0.0,0.09999913715741157,0.0,0.0,0.0,,0.31103231625765915,,0.0,0.0,,-0.1369988179056957,0.0,-22.499805860426935,0.0,,0.1020185997325122,0.0,,0.0,0.0,0.0,0.0,0.0,0.015551615812882958,0.0,-20.303627352181906,0.0,0.0,,12.130260334048709,0.0,0.0,-0.5598581692637865,-48.250123015314074,3.096151342385117
2002-04-01,,3.1103231625765914e-05,0.0,0.0,-7.788313934002756e-12,0.0,0.0,-29.983515287238344,0.0,0.0,0.0,0.00012441292650306366,0.0,,0.0,0.0,,0.0,0.0,0.006877844855828629,0.0,-0.003627601007746327,0.0,0.0,0.0,0.0,0.0,-2.9548070044477623,0.0,0.0,0.0,0.0,0.0,0.0,0.0,0.0,0.0,0.0,-0.00021428837242697712,0.0,0.0,,0.0,0.0,0.0,0.0,0.0,0.0,0.0,0.0,0.0,0.0,-29.963578115768083,0.0,0.0,0.0,0.0,0.0,0.0,0.0,0.031103231625765917,0.0,-0.006220646325153184,0.0,0.0,0.0,0.0,0.003017013467699294,0.0,0.0,,0.0,0.0,0.0,0.0,0.0,0.019595035924232528,-0.6178172294784033,0.0,0.0,,0.0,0.0,0.0,0.0,0.0,0.0,0.0,0.0,0.0,0.0,0.0,0.0,0.0,0.0,0.0,0.0,-0.10399910264374446,0.0,0.0,-0.777580790644148,,0.0,-0.6220646325153183,0.0,0.0,0.0,0.0,0.0,0.0,0.0,0.0,0.0,0.0,0.0,0.0,0.0,0.0,0.0,2.2176293116854553,0.0,0.0,0.0,0.031103231625765917,1.5862648129140617,0.0,0.0,0.0,0.0,0.0,0.0,0.0,-0.005489952629933576,,0.0,,0.0,0.0,,-0.05999948229445473,0.0,-23.599796369155047,0.0,,-0.00031103231625765915,0.0,,0.0,0.0018039874342944233,-0.009206556561226712,0.0,0.0,0.13685421915337004,0.0,-0.0986354701252969,0.0,0.0,,-10.575098752760411,0.0,0.0,0.5287549376380206,-94.81880317180892,0.9684475834356584
2002-05-01,,0.00015240583496652457,0.0,0.0,2.789648904055167e-11,0.0,0.0,0.0,0.0,0.0,0.0,-0.00012441292650306366,0.0,,-0.03110323162573695,0.0,,6.220646258528758e-08,0.0,0.00466596259028176,0.0,-0.029537650461884148,0.0,0.0,0.0,0.0,0.0,0.0,0.0,0.0,0.0,0.0,0.0,0.0,-0.003110323162576592,0.0,0.0,0.0,0.0033356774996958017,0.0,0.0,,0.0,0.0,0.0,0.0,0.0,0.0,0.0,0.0,0.0,1.2619203135205748,-7.46477559018382,0.0,0.0,0.0,0.0,0.0,0.0,0.0,0.031103231625765917,0.01866193897545955,0.32817019688345617,0.0,0.0,0.0,0.0,0.0021616745979907313,0.0,0.0,,0.0,0.0,0.0,0.0,0.0,0.006438368946533545,0.009508683898166313,0.0,0.0,,0.0,0.0,0.0,0.0,0.0,0.0,0.0,0.0,0.02499978428938503,0.0,0.0,0.0,0.0,2.2985288171427887e-05,0.0,0.0,-0.1559986539655995,0.0,0.0,0.0,,0.031103231625765917,1.244143883549501,0.0,0.0,0.00012441292650306366,-7.46477559018382,0.0,0.0,0.0,0.0,0.0,0.0,-9.019937171472115,0.0,0.0,0.0,0.0,1.7302416721097322,0.0,0.031103231625765917,0.0,0.0,-41.491710988771736,0.0,0.0,0.0,0.0,0.09999913715747676,0.0,0.0,0.0,,0.0,,-0.031103231625765917,-0.3732387795091901,,0.16299859356660873,0.0,-24.799786015047527,0.0,,-0.010886131069018071,0.6220646325153183,,0.0,0.0,-0.0010575098752760412,0.0,0.0,0.01866193897545955,0.0,-0.26542427918264927,0.0,0.0,,-8.708904855214456,0.0,0.0,1.2752324966564026,-92.94465989738434,-41.48220230487357
2002-06-01,,-1.2441292652840991e-06,0.0,0.012441292650306367,7.642120390450067e-12,0.0,0.0,0.0,0.0,0.0,0.0,0.027992908463189324,0.0,,0.0,0.0,,0.0,0.0,0.0038197593745105483,0.0,-0.008533731454698665,0.0,0.0,0.0,0.0,0.0,0.0,0.0,0.0,0.0,0.0,0.0,-0.6220646325154342,0.0,0.0,0.0,0.0,-0.0047907121287959886,0.0,0.0,,-0.009330969487729775,0.0,0.0,0.0,0.0,0.0,0.0,4.979957030972507e-06,0.0,0.0,-3.9501104164704177,0.0,0.0,0.0,0.0,0.0,-2.3638456035582096,0.0,-0.09330969487729775,0.11819228017791049,0.33834095362508165,0.0,0.0,0.0,0.0,0.002046592640975488,0.0,0.0,,0.0,0.0,0.0,0.0,0.0,0.028148424621318155,0.006384707334765699,0.0,0.0,,0.0,0.0,0.0,0.0,0.0,0.0,0.0,0.0,0.02899974977565274,0.0,0.0,0.0,0.0,-0.009999906690305125,0.0,0.0,-0.11199903361634235,0.0,0.0,0.3482514385244626,,-0.015551615812882958,1.2441292650306366,0.0,0.0,0.0,-1.492955118036764,0.0,0.0,0.0,0.0,0.0,0.0,0.0,0.08086840222698415,0.0,0.0,0.0,2.4453982768809968,0.0,0.0,0.0,0.0,0.0,0.0,0.0,0.0,0.0,0.0,0.0,0.0,0.0,,-0.31103231625765915,,0.0,0.404342011134956,,-0.05349953837921267,0.0,-20.199825705804027,0.0,,-0.2780628907343473,0.0,,0.0,0.0,-3.1103231625765914e-05,0.0,0.0,0.012441292650306367,0.0,-0.024379023980607806,0.0,0.0,,-8.086840222699138,0.0,0.0,-1.119716338527573,-33.65407748331561,-0.6156799251806685
2002-07-01,,-0.001505396410687342,0.0,-0.012441292650306367,8.979587638741693e-12,0.0,0.0,0.0,0.0,0.0,0.0,0.0,0.0,,0.0,0.0,,0.0,0.0,-0.32287336132064315,0.0,0.0,0.0,0.0,0.0,0.0,0.0,0.0,0.0,0.0,0.0,0.0,0.0,0.6220646325154342,0.003110323162576592,0.0,0.0,0.0,-0.0012226313916717988,0.0,0.0,,0.0,-0.031103231625765917,0.0,0.0,0.0,0.0068738141892942676,0.0,0.0,0.0,0.0,0.062206463249677935,0.0,0.0,0.0,0.0,0.0,0.0,0.0,0.062206463251531834,-0.07775807906441479,0.31706634319305776,0.0,0.0,0.0,0.0,0.002111909427389325,0.0,0.0,,0.0,0.0,0.0,0.0,0.0,0.015738235202637556,0.6281501093922445,0.0,0.0729993701249108,,0.0,0.0,0.0,0.0,0.0,0.0,0.0,0.0,0.03099973251880108,0.0,0.0,0.0,0.0,-0.041437622468974526,0.0,0.0,-0.1279988955615372,0.0,0.0,1.2294786476314887,,0.015551615812882958,0.6220646325153183,0.0,0.0,0.0,0.0,0.0,0.0,0.0,0.0,0.0,0.0,0.0,0.0,0.0,0.0,0.0,1.8166775527977357,0.0,0.0,0.0,0.0,-0.031103231625765917,0.0,0.0,0.0,0.0,0.09999913715744416,0.0,0.0,0.0,,-1.866193897545955,,0.0,0.0,,-7.3342367165384985,0.0,-25.899776523778186,0.0,,0.0,0.0,,0.0,0.0,-3.1103231625765914e-05,0.0,0.0,0.15551615812882957,0.0,-0.010887997262931838,0.0,0.0,,-2.177226213803614,0.0,0.0,0.43544524276072283,-31.737535811239624,1.2191115102819128
2002-08-01,,1.4618518864146189e-05,0.0,0.009330969487729775,-1.1032407504943611e-11,0.0,0.0,0.0,0.0,0.0,0.0,0.0,0.0,,0.0,0.0,,0.0,0.0,0.003082875282569449,0.0,0.0,0.0,0.0,0.0,0.0,0.0,-2.7681876146931668,0.0,0.0,-0.12441292650306367,0.0,0.0,0.0,0.0,0.0,0.0,0.0,0.0034576242894787117,0.0,0.0,,0.0,0.0,0.0,0.00012441292650306366,0.0,0.0,0.0,-1.2030445995296726,0.0,0.0,-0.031103231625765917,0.0,-0.031103231625765917,0.0,0.0,0.0,0.0,0.0,0.0,0.0,0.01813318403782153,0.0,0.0,0.0,0.0,0.0022829772013312636,0.0,0.0,,0.0,0.0,0.0,0.0,0.0,0.007558085285061118,0.012389299488041834,0.0,0.0,,0.0,0.0,0.0,0.0,0.0,0.0,0.0,0.0,0.0,0.0,0.0,0.0,0.0,0.0,0.0,0.0,-0.08799924069854778,0.0,0.0,1.8514239059438273,,0.0,-1.2441292650306366,0.0,0.0,0.0,0.0,0.0,0.0,0.0,0.0,0.0,0.0,0.0,0.0,0.0,0.0,0.0,3.451743336132624,0.0,0.0,0.0,0.0,0.0,0.0,0.0,0.0,0.0,0.0,0.0,0.0,0.0,,-2.177226213803614,,0.0,0.0,,0.010199911990059499,0.0,-23.499797231999022,0.0,,0.0,0.0,0.0,0.0,0.0,0.0,0.0,0.0,0.009330969487729775,0.0,-0.005654691922476379,0.0,0.0,,0.0,0.0,0.0,-0.031103231625765917,-25.82468930899689,0.012389299488041834
2002-09-01,,-0.002666169014960238,0.0,0.00031103231625765915,-2.450914390139278e-11,0.0,0.0,0.0,0.0,0.0,0.0,0.02528692731174769,0.0,,0.0,0.0,,0.0,0.0,0.0025551895135521477,0.0,0.0,0.0,0.0,0.0,0.0,0.0,0.0,0.0,0.0,0.003110323162576592,0.0,0.0,-0.6220646325154342,0.0,0.0,0.0,0.0,0.00021199640978819355,0.0,0.0,,0.009330969487729775,0.0,0.0,0.0,0.0,-0.0068738141892942676,0.0,0.0,0.0,0.0,0.0,0.0,0.0,0.0,0.0,0.0,0.0,0.0,0.0,0.0,-0.02087026842088893,0.0,0.0,0.0,0.0,0.0022176604149172,0.0,0.0,,0.0,0.0,0.0,0.0,0.0,0.01713788062579702,-0.6177841128674129,0.0,0.0,,0.0,0.0,0.0,0.0,0.0,0.0,0.0,0.0,0.023999792917794565,0.0,0.0,0.0,0.0,0.0,0.0,0.0,1.8599839511284877,0.0,0.0,0.6764725825013225,,-0.009680849740290159,0.6213875151628253,0.0,0.0,0.0,0.0,0.0,0.0,0.0,0.0,0.0,0.0,0.0,0.0,0.0,0.0,0.0,2.522067742838481,0.0,0.0,0.0,0.062206463251531834,0.12441292650306367,0.0,0.0,0.0,0.0,0.09999913715744597,0.0,0.0,-0.0015456866630587842,,0.0,,0.0,-0.21772262138036141,,-0.04889957806999156,0.0,-23.699795506314086,0.0,,0.0,0.0,0.0,0.0,0.0,-0.004634381512239122,-0.0009999913716610715,-0.0009999913716465878,0.006220646325153184,0.0,-0.11729237037727618,0.0,0.0,,0.0,0.0,0.0,-0.031103231625765917,-19.346020468430407,-1.1154358188797833
2002-10-01,,7.651394979913069e-05,0.0,-0.009642001803987435,-4.065357300898605e-12,0.0,0.0,0.0,0.0,0.0,0.0,0.0,0.0,,0.0,0.0,,0.0,0.0,-0.2695516288345634,0.0,0.0,0.0,0.0,0.0,0.0,0.0,-2.8303940779446983,0.0,6.220646325175814e-06,0.0,0.0,0.0,0.6220646325154342,0.0,0.0,0.0,-6.220646325119237e-06,-0.0024114337126543545,0.0,0.0,,0.0,0.0,-0.018257596964324593,-0.00012441292650306366,0.0,0.0068738141892942676,0.0,0.0,0.0,0.0,-5.100929986623757,0.0,0.0,0.0,-9.330969487707144e-06,0.0,0.0,0.0,-0.12441292650306367,0.0,8.56931355167802,0.0,0.0,0.0,0.0,0.0022891978476563264,0.0,0.0,,0.0,0.0,0.0,0.0,0.0,0.008553388697085627,0.24374959116139372,0.0,0.0,,0.0,0.0,0.0,0.0,0.0,0.0,0.0,0.0,0.0,0.0,0.0,0.0,0.0,0.026437746881901043,0.0,0.0,-0.10399910264374355,0.0,0.0,-0.27992908463189325,,0.00898391962925142,0.6227417498678114,0.0,0.0,0.0,-4.976517060122546,0.0,0.0,0.0,0.0,0.0,0.0,0.0,0.0,0.0,0.0,0.0,2.9911666822182825,0.031103231625765917,0.0,0.0,0.15551615812882957,0.09330969487729775,0.0,0.0,0.0,0.0,0.0,0.0,0.0,-4.299962894395707e-06,,0.0,,0.0,0.0,,-0.12049896027472246,0.0,-25.59977911230756,0.0,,0.0,0.0,0.0,0.0,0.0,0.0,0.0009999913716610715,0.0009999913716465878,0.003110323162576592,0.0,-0.009817610649737702,0.0,0.0,,0.0,0.0,0.0,-0.031103231625765917,-26.09009167933226,0.9902271501798916
2002-11-01,,4.29224596437018e-05,0.0,0.0,2.5262063281268622e-11,0.0,0.0,0.0,0.0,0.0,0.0,-9.330969487729775e-05,0.0,,0.0,0.0,,0.0,0.0,0.002481450104816227,0.0,0.0,0.0,0.0,0.0,0.0,0.0,0.0,0.0,0.0,-0.003110323162576592,0.0,0.0,-0.6220646325154342,0.0,0.0,0.0,0.0,0.0007319085955391758,0.0,0.0,,0.0,0.0,-0.012845634661441323,0.0,0.0,0.0,0.0,0.0,0.0,0.0,-5.069826755001698,0.0,0.0,0.0,0.0,0.0,0.0,0.0,-0.09330969487729775,0.0,,0.0,0.0,0.0,0.0,0.0022145500917544426,0.0,0.0,,0.0,0.0,0.0,0.0,0.0,0.000777580790644148,0.09978694067992175,0.0008086840222699138,0.0,,0.0,0.0,0.0,0.0,0.0,0.0,0.0,0.0,0.0,0.0,0.0,0.0,0.0,-2.5286927311765002e-05,0.0,0.0,-0.14599874024988313,0.0,0.0,-0.9953034120245093,,0.0006969301110387396,0.0,0.0,0.0,0.0,-4.976517060122546,0.0,0.0,0.0,0.0,0.0,0.0,0.0,0.0,0.0,0.0,0.0,0.012627912040060963,0.0,0.0,0.0,-0.12441292650306367,0.27992908463189325,0.0,0.0,0.0,0.0,0.09999913715744416,0.0,0.0,0.0,,0.0,,0.0,0.0,,0.04689959532684208,0.0,-23.599796369154816,0.0,,0.0,0.0,0.0,0.0,0.0019284003607974868,-5.038723523721684e-06,0.0,0.0,0.11451171036670793,0.0,-0.06812431961676879,0.0,0.0,,1.866193897545955,0.0,0.0,-0.31103231625765915,-33.492835115182814,-0.2423486072036192
2002-12-01,,-0.9340472769120712,0.0,0.0,-2.054675573720698e-11,0.0,0.0,0.0,0.0,0.0,0.0,0.0,0.0,,-0.03110323162573695,0.0,,0.0,0.0,0.002685948465061351,0.0,0.0,0.0,0.0,0.0,0.0,0.0,-2.581568224938571,0.0,0.0,0.0,0.0,0.0,99.84137351870865,,0.0,0.0,0.0,0.005448120524656464,0.0,0.0,,-0.006220646325153184,0.0,0.0,0.0,0.0,0.0,0.0,0.0,0.0,0.0,-28.894902180334682,0.0,0.0,0.062206463251531834,0.0,0.0,0.0,0.0,-0.062206463251531834,-0.08708904855214457,,0.0,0.0,0.0,0.0,0.0022891978476563264,0.0,0.0,,0.0,0.0,0.0,0.0,0.0,0.009486485645858606,-1.4000634790535282,0.0,0.0,,0.0,0.0,0.0,0.0,0.0,0.0,0.0,0.0,0.0,0.0,0.0,0.0,0.0,0.0,0.0,0.0,-0.3529969541657807,0.0,0.0,0.6678103324935457,,-0.0007153743273926161,-1.866193897545955,0.0,0.0,0.0,-13.93424776834313,0.0,0.0,0.0,0.0,0.0,0.0,0.0,0.0,0.0,0.0,0.0,5.065410096108986,0.0,-14.92955118036764,0.0,0.0,0.40434201113495694,0.0,0.0,0.0,0.0,0.0,0.0,0.0,0.0,,-0.31103231625765915,,0.0,-0.31103231625765826,,-0.09469918288809984,0.0,-21.199817077378892,0.0,,0.0,0.0,0.0,0.0,0.0,0.0,0.0,0.0,7.676847811887654,0.0,-0.007559391620829722,0.0,0.012441292650306367,,2.177226213803614,0.0,0.0,0.43544524276072283,29.357966725116185,98.84565205079008
2003-01-01,,-0.3616558116388294,0.0,0.008895524244969052,6.5099124981991364e-12,0.0,0.0,0.0,0.0,0.0,0.0,0.0,0.0,-3.110323162576592,0.0,0.0,,0.0,0.0,0.0025611394656439314,0.0,0.0,0.0,0.0,0.0,0.0,0.0,0.0,0.0,0.0,0.0,0.0,0.0,0.0,,0.0,,0.0,-0.0014594592391474672,0.0,0.0,,0.0,0.0,0.012627912040060963,0.00012441292650306366,0.0,0.0,0.0,0.0,0.0,0.0,-9.144350097977034,0.0,0.0,0.0,0.0,0.0,0.0,0.0,-0.031103231625765917,0.08708904855214457,0.0,0.0,0.0,0.0,0.0,0.0022891978476565523,0.0,0.0,,0.0,0.0,0.0,0.0,0.0,0.00441665889085876,-0.4771383217548398,0.0,0.07499935286808991,,0.0,0.0,0.0,0.0,0.0,0.0,0.0,0.0,0.0,0.0,0.0,0.0,0.0,-3.6390781002134244e-05,0.0,0.0,-0.11799898184579008,0.0,0.0,-2.5651074616652667,,1.844421635387642e-05,-0.6220646325153183,0.0,0.0,0.0,-9.113246866349414,0.0,0.0,0.0,0.0,0.0,-0.031103231625765917,0.0,0.0,0.0,0.0,0.0,-12.00917545332963,0.0,0.0,0.0,0.0,0.12441292650306367,0.0,0.0,0.0,0.0,0.0,0.0,0.0,0.0,,-2.7992908463189323,,0.0,-1.5551615812882968,,0.004499961172084783,0.0,-25.79977738662239,0.0,,0.0,0.0,0.0,0.0,0.004696587975490654,0.0012313147336013787,0.0,0.0,1.555161581288296,0.0,-0.013255824080095506,0.0,0.0,,0.0,0.0,0.0,-4.3855556592329945,-70.25478033773578,-0.3527253952517761
2003-02-01,,8.83331778175192e-05,0.0,-0.0002936145065472461,-1.5178329668852676e-12,0.0,0.0,0.0,0.0,0.0,0.0,0.003110323162576592,0.0,3.110323162576592,0.0,0.0,,0.0,0.0,0.001859095094396481,0.0,0.0036449566109922876,0.0,0.0,0.0,0.0,0.0,-2.8303940779446983,0.0,0.0,0.0,0.0,0.0,0.0,0.0,0.0,,0.0,-0.007053278812548596,0.0,0.0,,0.0,0.0,0.0,0.0,0.0,0.0,0.0,0.0,0.0,1.5850271222903392e-06,-29.952412055610726,0.0,0.0,0.0,0.0,0.0,0.0,0.0,-0.062206463251531834,0.009330969487729775,0.0,0.0,0.0,0.0,0.0,0.0020683649031134335,0.0,0.0,,0.0,0.0,0.0,0.0,0.0,0.0021150197505520824,-0.5078850167917075,0.0,0.0,,0.0,0.0,0.0,0.0,0.0,0.0,0.0,0.0,0.0,0.0,0.0,0.0,0.0,0.06220646325153182,0.0,0.0,-0.2609977479809335,0.0,0.0,-0.9953034120245093,,0.0,0.6220646325153183,0.0,0.0,0.0,0.0,0.0,0.0,0.0,0.0,0.0,0.0,0.0,0.0,0.0,0.0,0.0,4.1164816024385225,0.0,-29.890205592361045,0.0,0.0,-0.5598581692637865,0.0,0.0,0.0,0.0,0.0,0.0,0.0,0.0,,-2.7992908463189323,,0.0,-0.777580790644148,,-0.00029999741147087054,0.0,-22.29980758610909,0.0,,0.0,0.0,0.0,0.0,0.0,0.0,0.0,0.0,-1.2441292650306366,0.0,0.0034604211377868024,-14.247336157507252,0.00011259271829458899,,0.0,0.0,0.0,0.0,-98.49818654971875,-1.067743186055494
2003-03-01,,1.3063357282767372e-05,0.0,-0.0003520885820036611,1.4332172301447872e-11,0.0,0.0,0.0,0.0,0.0,0.0,3.1103231625765914e-05,0.0,3.110323162576592,0.0,0.0,,0.0,0.0,0.0019298045276994857,0.0,0.0,0.0,0.0,0.0,0.0,0.0,3.110323129264379e-08,0.0,0.0,0.0,0.0,0.0,0.0,0.0,0.0,,0.0,-0.0007101268196332955,0.0,0.0,,0.0,-0.031103231625765917,0.0,0.0,0.0,0.0,0.0,0.0,0.0,5.8274004847053e-06,0.0,0.0,0.0,0.0,0.0,0.0,0.0,0.0,-0.062206463251531834,0.0,0.0,0.0,0.0,0.0,0.0,0.0022891978476561,0.0,0.0,,0.0,0.0,0.0,0.0,0.0,0.004136729806226867,0.526495854562225,0.0,0.0,,0.0,0.0,1.3952021043557803,0.0,0.0,0.0,0.0,0.031103231625765917,0.0,0.0,0.0,0.0,0.0,0.0,0.0,0.0,-0.1669985590529063,0.0,0.0,1.9906068240490187,,0.0,0.6220646325153183,0.0,0.0,0.0,0.0,0.0,0.0,0.0,0.0,0.0,0.0,0.0,0.0,0.0,0.0,0.0,10.819974495350067,0.0,0.031103231625765917,0.0,0.0,0.0,0.0,0.0,0.0,0.0,0.09999913715744416,0.0,0.0,0.0,,0.0,,0.0,0.0,,-0.06299945640919104,0.0,-22.399806723268362,0.0,,0.0,0.0,0.0,0.0,0.0,0.0,0.0,0.0,0.0,0.0,-0.2086337905509008,-0.13414830642834238,2.2788641082525798e-09,,2.7992908463189323,0.0,0.0,0.0,-1.632389466284324,0.526495854562225
2003-04-01,,1.4618518863693579e-05,0.0,-0.00024291623899721598,-2.270299735171165e-12,0.0,0.0,0.0,0.0,0.0,0.0,0.00027992908463189323,0.0,-3.110323162576592,0.0,0.0,,0.0,0.0,0.001777295750046417,0.0,0.0,0.0,0.0,0.0,0.0,0.0,-2.6437747192933343,0.0,0.0,0.0,0.0,0.0,0.0,0.0,0.0,,0.0,0.0037286943319184505,0.0,0.0,,0.0,0.0,-0.00046654847438648876,-0.00012441292650306366,0.0,0.0,0.0,0.0,0.0,0.0001687096690001123,-44.81975677273054,0.0,0.0,0.0,0.0,0.0,0.0,0.0,0.0,0.0,0.0,0.0,0.0,0.0,0.0,0.0022176604149174266,0.0,0.0,,0.0,0.0,0.0,0.0,0.0,0.005909614008895525,0.11218270566856145,0.0,0.0,,0.0,0.0,0.0,0.0,0.0,0.0,0.0,0.0,0.0,0.0,0.0,0.0,0.0,-0.06220646325153182,0.0,0.0,-0.07299937012494248,0.0,0.0,0.8740008086840223,,0.0,0.0,0.0,0.0,0.0,0.0,0.0,0.0,0.0,0.0,0.0,0.0,0.0,0.0,0.0,0.0,0.0,1.1067773941712544,0.0,-44.819756772728745,0.0,0.0,0.09330969487729775,0.0,0.0,0.0,0.0,0.0,0.0,0.0,0.0,,1.866193897545955,,0.0,0.0,,0.06449944346655162,0.0,-23.499797231999022,0.0,,0.15676028739386022,0.0,0.0,0.0,0.0016795745077913596,0.0,0.0,0.0,0.0,0.0,-0.15182031663086318,0.09298563030699632,-1.2986733997292804e-09,,8.397872538956797,0.0,0.0,0.0,-106.40091019091905,0.2054924005458592
2003-05-01,,1.3685421915409421e-05,0.0,-7.993530527820935e-05,-2.1793248055919378e-13,0.0,0.0,0.0,0.0,0.0,0.0,-0.00027992908463189323,0.0,0.0,0.0,0.0,,0.0,0.0,0.0017027763478639957,0.0,0.0,0.0,0.0,0.0,0.0,0.0,0.0,0.0,0.0,0.0,0.0,0.0,0.0,0.0,0.0,,0.0,0.004815483427971139,0.0,0.0,,0.0,0.0,0.0025631240085883158,0.0,0.0,0.0,0.0,0.0,0.0,-0.0016577763788064527,-2.8303940779446983,0.0,0.0,0.0,0.0,0.0,-2.8303940779446983,0.0,0.0,0.012441292650306367,0.0,0.0,0.0,0.0,0.0,0.002133681689527723,0.0,0.0,,0.0,0.0,0.0,0.0,0.0,0.001150819570153339,0.15934735009859985,0.0,0.0,,0.0,0.0,0.0,0.0,0.0,0.0,0.0,0.0,0.0,0.0,0.0,0.0,0.0,0.0,0.0,0.0,-0.19899828294332955,0.0,0.0,-0.9545199216198564,,0.0,-0.6220646325153183,0.0,0.0,0.0,-0.031103231625765917,0.0,0.0,0.0,0.0,0.0,0.0,0.0,0.0,0.0,0.0,0.0,1.8322602718422445,0.0,0.031103231625823853,0.0,0.0,0.21772262138036141,0.0,0.0,0.0,0.0,0.0,0.0,0.0,0.0,,2.177226213803614,,0.0,0.0,,-0.06469944174086659,0.0,-22.399806723268362,0.0,,0.0,0.0,0.0,0.0,0.0,0.0,0.0,0.0,0.0,-6.189543093527417,-0.25548601909735685,1.0297202886370773,-1.720310458941254e-10,,6.531678641410843,0.0,0.0,0.0,-24.375147661253745,0.37706997147896126
2003-06-01,,1.430748654805147e-05,0.0,-0.00012316879723806246,-6.982665303898156e-12,0.0,0.0,0.0,0.0,0.0,0.0,-0.019812758545612888,0.0,0.0,-0.09330969487732672,0.0,,0.0,0.0,0.001397598794440472,0.0,0.0,0.0,0.0,0.0,0.0,0.0,-3.5457684053373146,0.0,0.0,0.0,0.0,0.0,0.0,0.0,0.0,,0.0,-0.0076642046492933396,0.0,0.0,,0.003110323162576592,0.062206463251531834,0.0,0.00012441292650306366,0.0,0.0,0.0,0.0,0.0,0.0014816542821993446,-0.12441292650120978,0.0,0.0,0.0,0.0,0.0,0.0,0.0,0.0,0.0,0.0,0.0,0.0,0.0,0.0,0.0020621442567879183,0.0,0.0,,0.0,0.0,0.0,0.0,0.0,0.0070293303474230975,18.225284223229757,0.0,0.0,,0.0,0.0,0.0,0.0,0.0,0.0,0.0,0.0,0.0,0.0,0.0,0.0,0.0,0.0,0.0,0.0,-0.10399910264374355,0.0,0.0,0.9391278653852138,,0.0,0.0,0.0,0.0,0.0,0.0,0.0,0.0,0.0,0.0,0.0,0.0,0.0,0.0,0.0,0.0,0.0,-5.430002177226214,-0.031103231625765917,0.0,0.0,0.0,0.09330969487729775,0.0,0.0,0.0,0.0,0.0,0.0,0.0,0.0,,-48.210009019937175,,-0.031103231625765917,0.0,,-0.0004999956857857272,0.0,-22.299807586109555,0.0,,0.0,0.0,0.0,0.0,0.0,0.0,0.0,0.0,0.0,0.0,-0.006076078504613168,-0.46306516126890634,-1.8041675411981683e-05,,8.086840222699138,0.0,0.0,0.0,-52.944786544318504,18.287490686481288
2003-07-01,,1.430748654805147e-05,0.0,-0.00016671332151406684,4.97872748941045e-14,0.0,0.0,0.0,0.0,0.0,0.0,0.005349755839631738,0.0,0.0,0.0,0.0,,-6.220646258528758e-08,0.0,0.0013107594908429029,0.0,0.0,0.0,0.0,0.0,0.0,0.0,0.0,0.0,0.0,0.0,0.0,0.0,0.0,0.0,0.0,,0.0,0.0061729960947127654,0.0,0.0,,0.0,0.0,-0.006676775216946199,0.0,0.0,0.0,0.0,0.0,0.0,0.0,1.492955118036764,0.0,0.0,-0.031103231625765917,0.0,0.0,-3.4524587104600166,0.0,4.976517060122546,0.0,0.0,0.0,0.0,0.0,0.0,0.0021274610432022076,0.0,0.0,,0.0,0.0,0.0,0.0,0.0,0.004478865354110292,-18.328327517024043,0.0,0.07499935286809171,,0.0,-0.0003421355478834251,0.0,0.0,0.0,0.0,0.0,0.0,0.0,0.0,0.0,0.0,0.0,0.0,0.0,0.0,-0.1869983864844024,0.0,0.0,0.7501496065441199,,0.0,0.0,0.0,0.0,0.0,0.0,0.0,0.0,0.0,0.0,0.0,0.0,0.0,0.0746477559018382,0.0,0.0,0.0,2.243815122391228,0.0,0.0,0.0,0.0,0.5287549376380206,0.0,0.0,0.0,0.0,0.0,0.0,0.0,-0.0008363927831791074,,0.0,,0.0,0.0,,0.06439944432939256,0.0,-26.899767895353055,0.0,,0.0152405834966253,0.0,0.0,0.0,0.0006531678641410843,0.0,0.0,0.0,0.0,0.0,0.0,-0.2246773972811178,2.6754029495788453e-09,,2.488258530061273,0.0,0.0,0.0,-36.401510390065845,-17.799572579386023
2003-08-01,,1.399645423150414e-05,0.0,-9.42427918260911e-05,1.017086134348063e-11,0.0,0.0,0.0,0.0,0.0,0.0,0.0,0.0,0.0,0.0,0.0,,0.0,0.0,0.0011547807414948009,0.0,0.0,0.0,0.0,0.0,0.0,0.0,-4.230039501104165,0.0,0.0,0.0,0.0,0.0,0.0,0.0,0.0,,0.0,-0.002262351580477741,0.0,0.0,,0.0,-0.031103231625765917,8.02463375678263e-06,-0.00012441292650306366,0.0,0.0,0.0,0.0,0.0,0.0,-20.06158439862087,0.0,0.0,0.0,0.0,0.0,0.0,0.0,-19.999377935367484,0.0,0.0,0.0,0.0,0.0,0.0,0.002130571366364965,0.0,0.0,,0.0,0.0,0.0,0.0,0.0,0.0019906068240490185,0.23349833596777567,0.0,0.0,,0.0,3.1103231625765914e-05,0.0,0.0,0.0,0.0,0.0,-0.062206463251531834,-3.3689709308343287,0.0,0.0,0.0,0.0,0.0,0.0,0.0,-0.06999939601023264,0.0,0.0,-0.6929660041678332,,0.0,-0.6220646325153183,0.0,0.0,0.0,0.0,0.0,0.0,0.0,0.0,0.0,0.0,0.0,0.0,0.0,0.0,0.0,-2.9647258250132307,0.0,0.0,0.0,0.0,-0.24882585300612733,0.0,0.0,0.0,0.0,0.0,0.0,0.0,-4.589605266065233e-08,,0.0,,0.0,0.8094823489160529,,-0.0004999956857858404,0.0,-22.399806723268362,0.0,,0.0,0.0,0.0,0.0,0.0,0.0,0.0,0.0,-0.6220646325153183,0.0,0.0,-0.20642561662223438,2.4080202766071596e-09,,0.0,0.0,0.0,0.0,-74.5348324222499,-0.015327517038351668
2003-09-01,,1.4618518864146189e-05,0.0,-0.0001197474417592101,-1.8783380982775788e-11,0.0,0.0,0.0,0.0,0.0,0.0,0.0,0.0,-3.110323162576592,0.0,0.0,,0.0,0.0,-0.0115436874470462,0.0,0.0,0.0,0.0,0.0,0.0,0.0,0.0,0.0,0.0,0.0,0.0,0.0,0.0,0.0,0.0,,0.0,0.0004583529138841616,0.0,0.0,,0.012441292650306367,0.0,-0.007870517246739619,0.0,0.0,0.0,0.0,0.0,0.0,0.0,-5.847407545643993,0.0,0.0,0.0,0.0,0.0,0.0,0.0,0.0,0.0,0.0,0.0,0.0,0.0,0.0,0.0017542222636936955,0.0,0.0,,0.0,0.0,0.0,0.0,0.0,0.0020217100556747846,0.30098671892289763,0.0,0.0,,0.0,0.0,0.0,0.0,0.0,0.0,0.0,0.0,-0.02999974114723325,0.0,0.0,0.0,0.0,0.0,0.0,0.0,-0.09199920618484628,0.0,0.0,-0.9662200242605203,,0.0014877297751216656,0.0,0.0,0.0,0.0,-5.816304314018226,0.0,0.0,0.0,0.0,0.0,0.0,0.0,0.0,0.0,0.0,0.0,-8.754751018630836,0.0,-0.031103231625823853,0.0,0.0,0.1866193897545955,0.0,0.0,0.0,0.0,0.0,0.0,0.0,0.0,,-0.31103231625765915,,0.0,0.0,,-0.0001999982743149698,0.0,-24.099792054943755,0.0,,0.02985910236073528,0.0,0.0,0.0,0.0005029392553885806,0.0,0.0,0.0,0.0,0.0,0.0,0.35367490902224663,-0.0002820816157852393,,-21.77226213803614,0.0,0.0,0.0,-69.96138979987664,0.4876061086774931
2003-10-01,,1.399645423150414e-05,0.0,-0.00011570402164782885,4.1771523636153674e-12,0.0,0.0,0.0,0.0,0.0,0.0,0.0,0.0,0.0,0.0,0.0,,0.0,0.0,0.0012816497244249967,0.0,0.0,0.0,0.0,0.0,0.0,0.0,0.0,0.0,0.0,0.0,0.0,0.0,0.0,0.0,0.0,0.0,0.0,-0.0011677061963223478,0.0,0.0,,0.0,0.0,-0.0020203104102539424,0.0,0.0,0.0,0.0,0.0,0.0,-7.636061086746913,-4.976517060120693,0.0,0.0,6.220646325153183e-05,0.0,0.0,0.0,0.0,0.031103231625765917,0.0,0.0,0.0,0.0,0.0,0.0,0.0013141115361883836,0.0,0.0,,0.0,0.0,0.0,0.0,0.0,0.0,0.24809343412614876,0.0,0.0,,0.0,0.0,0.0,0.0,0.0,0.0,0.0,0.0,0.0,0.0,0.0,0.0,0.0,0.0005764983981835668,0.0,0.0,-0.1629985935666386,0.0,0.0,0.8033196479114175,,0.0,0.0,0.0,0.0,0.0,-5.007620291748313,0.0,0.0,0.0,0.0,0.0,0.0,0.0,0.012441292650306367,0.0,0.0,0.0,3.0578520108239244,0.031103231625765917,3.11032316837002e-05,0.0,0.0,0.09330969487729775,0.0,0.0,0.0,0.0,0.09999913715744597,0.0,0.0,0.0,,0.1866193897545955,,0.0,0.0,,-9.999913715906903e-05,-0.0009999913716321044,-26.399772209564116,0.0,,0.01492955118036764,3.110323162576592,0.0,0.0,0.0,-1.3249976672786292e-05,0.0,0.0,0.31103231625765915,0.0,0.0,-0.2305270131555843,0.0005213467751361174,,21.150197505520822,0.0,0.0,0.0,-15.263788697340559,0.37250636062921244
2003-11-01,,1.399645423150414e-05,0.0,-0.0001561382227613585,9.135286025683255e-12,0.0,0.0,0.0,0.0,0.0,0.0,0.0,0.0,0.0,0.0,0.0,,0.0,0.0,0.0012134202712218293,0.0,-0.01629809337190134,0.0,0.0,0.0,0.0,0.0,0.0,0.0,0.0,0.0,0.0,0.0,0.0,0.0,0.0,0.0,0.0,0.0008343784347180433,0.0,0.0,,0.0,0.0,-0.009735311498864732,0.0,0.0,0.0,0.0,0.0,0.0,0.0,-30.79219930950826,0.0,0.0,0.0,0.0,0.0,0.0,0.0,0.062206463251531834,0.0,0.0,0.0,0.0,0.0,0.0,0.001027339740599012,0.0,0.0,,0.0,0.0,0.0,0.0,0.0,0.0,0.1717077336736012,0.0,0.0,,0.0,0.0,0.0,0.0,0.0,0.0,0.0,0.0,0.0,0.0,0.0,0.0,0.0,-0.0005764983981835668,0.0,0.0,-0.1029991112721531,0.0,0.0,-1.0412512830083043,,0.0,0.0,0.0,0.0,0.0,-30.85440577275979,0.0,0.0,0.0,0.0,0.0,-0.031103231625765917,0.0,0.0,0.0,0.0,-0.00011511306024336773,-11.614599856925164,-0.062206463251531834,0.0,0.0,0.0,1.0264066436502752,0.0,0.0,0.0,0.0,0.0,0.0,0.0,0.0,,0.031103231625765917,,0.0,-0.07793443438773238,,-0.0002999974114707574,0.0,-22.49980586042763,0.0,,0.00031103231625765915,0.0,0.0,0.0,0.0,1.3249976672786292e-05,0.0,0.0,0.0,-6.158439861901652,-0.02051180367639039,-0.0764790830769838,-0.0004198398305564821,,0.31103231625765915,0.0,0.0,0.0,-101.75366725795368,1.1359079140723447
2003-12-01,,1.337438959886209e-05,0.0,-0.0005003887903953139,-1.3965332680119344,0.0,0.0,0.0,0.0,0.0,0.0,-0.0008086840222699138,0.0,0.0,0.0,0.0,,0.0,0.0,0.0011111110914150961,0.0,0.000746477559018382,0.0,0.0,0.0,0.0,0.0,-1.9906068240490187,0.0,0.0,0.0,0.0,0.0,0.0,0.0,0.0,0.0,0.0,0.0017001479558169264,0.0,0.0,,0.003110323162576592,0.0,0.0,0.0,0.0,0.0,0.0,0.0,0.0,0.0,-23.358526950952058,0.0,0.0,0.0,0.0,0.0,0.0,0.0,0.031103231625765917,0.0,0.0,0.0,0.0,0.0,0.0,0.0010618643277038567,0.0,0.0,,0.0,0.0,0.0,0.0,0.0,0.0,0.3111455212655927,0.0,0.0,,0.0,0.0,0.0,0.0,0.0,0.0,0.0,0.0,0.0,0.0,0.0,0.0,0.0,0.0,0.0,0.0,-0.15399867122248193,0.0,0.0,-2.075486299026469,,0.0,-0.6220646325153183,0.0,0.0,0.0,-23.38963018257597,0.0,0.0,0.0,0.0,0.0,0.0,0.0,0.0,0.0,0.0,0.0,1.694535162203382,0.0,0.0,0.0,-0.24882585300612733,0.9642001803987434,0.0,0.0,0.0,0.0,0.0,0.0,0.0,-3.6853785543099706e-05,,-0.062206463251531834,,0.0,0.0,,-0.0003999965486299396,0.0,-22.399806723265115,0.0,,0.20901371652514697,0.0,0.0,0.0,0.0,0.0,0.0,0.0,-3.73238779509191,0.0,0.0,0.0,7.077767623810516e-05,,0.31103231625765915,0.0,0.0,3.7945942583434418,-72.10838112333268,1.2753457016643361
2004-01-01,,1.430748654805147e-05,0.0,17.43370868713259,0.0,0.0,0.0,0.0,0.0,0.0,0.0,0.0006220646325153183,0.0,0.0,0.0,0.0,,0.0,0.0,0.0009208726167150704,0.0,-0.006220646325153184,0.0,0.0,0.0,0.0,0.0,0.0,0.0,0.0,0.0,0.0,0.0,0.0,0.003110323162576592,0.0,0.0,0.0,-0.004321417799910727,0.0,0.0,,0.0,0.0,0.0,0.0,0.0,0.0,0.0,0.0,0.0,0.0,-0.03110323162391202,0.0,0.0,-0.031072128394140152,0.0,0.0,0.0,0.0,0.0,0.0,-8.288942487663292,0.0,0.0,0.0,0.0,0.0010618643277036303,0.0,0.0,,0.0,0.0,0.0,0.0,0.0,0.0,0.23812942055177497,0.0,0.0759993442396496,,2.4882586482472116e-08,0.0,0.0,0.0,0.0,0.0,0.0,0.0,0.0,0.0,0.0,0.0,0.0,0.013759603122764448,0.0,0.0,-0.13899880064884404,0.0,0.0,0.49765170601225467,0.0,0.0,-0.6220646325153183,0.0,0.0,0.0,0.0,0.0,0.0,0.0,0.0,0.0,-15.862648129140618,0.0,0.0,0.0,0.0,0.0,-4.398961152063699,0.031103231625765917,0.0,0.0,0.0,0.0,0.0,0.0,0.0,0.0,0.0,0.0,0.0,-3.4619638626675895e-08,,0.0,,0.0,0.0,,-0.0005999948229449093,0.0,-24.999784289362825,0.0,,0.03017013467699294,0.0,0.0,0.0,0.0003368479985070992,0.0,0.0,0.0,0.0,0.0,-0.022935865136397404,-0.3233696930104661,-2.901278197777111e-10,,-0.31103231625765915,0.0,0.0,-3.060557991975366,-39.776024379181365,0.2692326521775409
2004-02-01,,1.4618518864146189e-05,0.0,9.329936238375169,0.0,0.0,0.0,0.0,0.0,0.0,0.0,0.0001866193897545955,0.0,0.0,0.0,0.0,,0.0,0.0,0.0008307333395548063,0.0,0.0,0.0,0.0,0.0,0.0,0.0,0.0,0.0,0.0,0.0,0.0,0.0,0.0,0.0,0.0,0.0,0.0,0.00018905472548442858,0.0,0.0,,0.0,-0.031103231625765917,0.0,0.0,0.0,0.0,0.0,0.0,0.0,0.0,-0.06220646325338573,0.0,0.0,0.0,0.0,0.0,-0.062206463251531834,0.0,0.0,0.009330969487729775,0.19193796296353738,0.0,0.0,0.0,-0.06531678641410843,0.007221859351186435,0.0,0.0,,0.0,0.0,0.0,0.0,0.0,0.0,0.09896729889085283,0.0,0.0,,-2.4882586482472116e-08,0.0,0.0,0.0,0.0,0.0,0.0,0.0,0.0,0.0,0.0,0.0,0.0,0.0,0.0,0.0,-0.12699890418994766,0.0,0.0,0.27992908463189325,0.0,0.0,0.0,0.0,0.0,0.0,0.0,0.0,0.0,0.0,0.0,0.0,-4.043420111349569,0.0,0.0,0.0,0.0,0.0,-5.628254175608846,0.0,0.0,0.0,0.0,-0.40434201113495694,0.0,0.0,0.0,0.0,0.0,0.0,0.0,0.0,,0.0,,0.0,0.0,,0.0,0.0,-22.499805860424157,0.0,,0.0,0.0,0.0,0.0,0.0,0.0,0.0,0.0,0.0,0.0,-0.010153712170681558,1.6433848713865207,-1.803939437782716e-05,,0.31103231625765915,0.0,0.0,-0.3483561942085783,-21.409220350590285,-0.3053747122441041
2004-03-01,,1.3685421915409421e-05,0.0,1.5548847625268258,0.0,0.0,0.0,0.0,0.0,0.0,0.0,0.011663711859662218,0.0,0.0,-0.062206463251531834,0.0,,0.0,0.0,0.0008965428117339975,0.0,0.0,0.0,0.0,0.0,0.0,0.0,0.0,0.0,0.0,0.0,0.0,0.0,0.0,0.0,0.0,0.0,0.0,0.00529954109276913,0.0,0.0,,0.0,-0.062206463251531834,-5.956268856450042e-05,0.0,0.0,0.0,0.0,0.0,0.0,0.0,-0.03110323162391202,0.0,0.031103231625765917,0.0,0.0,0.0,0.0,0.0,0.031103231625765917,0.0,-0.02364201067511648,0.0,0.0,0.0,0.0,0.0011035426580822743,-0.0029999741158232614,0.0,,0.0,0.0,0.0,0.0,0.0,0.0015862648129140618,0.24965691186153335,0.0,0.0,,0.0,0.0,0.0,0.0,0.0,0.0,0.0,0.0,0.011999896458893662,0.0,0.0,0.0,0.0,0.0,0.0,0.0,-0.06199946503760397,0.0,0.0,0.0,0.0,0.0,0.0,0.0,0.0,-0.00015551615812882958,0.0,0.0,0.0,0.0,0.0,0.0,-16.795745077913594,0.0,0.0,0.0,0.0,0.0,-3.7488103013903142,0.0,0.0,0.0,0.0,0.0,0.0,0.0,0.0,0.0,0.0,0.0,0.0,0.0,,0.062206463251531834,,-0.031103231625765917,0.0,,-0.0009999913715747358,0.0,-24.79978601504776,0.0,,0.029859102360735336,0.0,0.0,0.0,0.0,0.0,0.0,0.0,0.0,0.0,-0.2723418556188303,0.0,-7.2158157185116e-05,,0.0,0.0,0.0,0.1150819570153339,-43.786772472543774,0.2466569377457101
2004-04-01,,1.4618518864146189e-05,0.0,1.5610127212217348,0.0,0.0,0.0,0.0,0.0,0.0,0.0,0.0,0.0,0.0,-0.062206463251502864,0.0,,0.0,0.0,0.0009403124608841946,0.0,-0.009330969487729775,0.0,0.0,0.0,0.0,0.0,0.0,0.0,0.0,0.0,0.0,0.0,0.0,0.0,0.0,0.0,0.0,-0.009970080845546651,0.0,0.0,,-0.003110323162576592,0.0,-0.0001270567011900951,0.0,0.0,0.0,0.0,0.0,0.0,0.0,-0.09330969487915165,0.0,-0.031103231625765917,0.0,0.0,0.0,0.0,0.0,0.0,0.0,-0.09916550588404716,0.0,0.0,0.0,0.0,0.0010677739417125983,0.0,0.0,,0.0,0.0,0.0,0.0,0.0,0.0,0.3306169833084452,0.0,0.0,,0.0,-3.1103231625765914e-05,0.0,0.0,0.0,0.0,0.0,0.0,0.0,0.0,0.0,0.0,0.0,0.0,0.0,0.0,0.42799630703384073,0.0,0.0,0.9953034120245093,0.0,-1.3218873438777979e-05,0.6220646325153183,0.0,0.0,0.0,0.0,0.0,0.0,0.0,0.0,0.0,0.0,0.0,0.07153743273926161,0.0,0.0,0.0,2.1293583403315606,0.0,0.0,0.0,0.0,0.0,0.0,0.0,0.0,0.0,0.0,0.0,0.0,0.0,,0.0,,0.0,0.0,,0.0,0.0,-23.699795506313855,0.0,,0.030170134676992883,0.0,0.0,0.0,0.0,-1.3249976672786292e-05,0.0,0.0,0.0,0.0,-0.004254206712099168,0.08182547976728109,-7.215899963831015e-05,,0.31103231625765915,0.0,0.0,0.6562781873036608,-16.79328411784311,0.3306169833084452
2004-05-01,,1.430748654805147e-05,0.0,12.456674131442258,0.0,0.0,0.031103231625765917,0.0,0.0,0.0,0.0,0.0,0.0,0.0,0.0,0.0,,0.0,0.0,0.0009920220465915897,0.0,0.0,0.0,0.0,0.0,0.0,0.0,0.0,0.0,0.0,0.0,0.0,0.0,0.0,-0.003110323162576592,0.0,0.0,0.0,0.006775818528686518,0.0,0.0,,0.0,0.0,0.0,0.0,0.0,0.0,0.0,0.0,0.0,0.0,-34.866722652483595,0.0,0.0,0.0,0.0,0.0,0.0,0.0,0.0,-0.059096140088955244,0.20466041300474141,0.0,0.0,0.0,0.0,0.0010867469130041072,-0.0019999827408309686,0.0,,0.0,0.0,0.0,0.0,0.0,0.0,0.2217151935803012,0.0,0.0,,0.0,3.1103231625765914e-05,0.0,0.0,0.0,0.0,0.0,0.0,0.0,0.0,0.0,0.0,0.0,0.0,,0.0,-0.08299928384065793,0.0,0.0,0.9873643121520326,0.0,1.3218873438777979e-05,2.488258530061273,0.0,0.0,0.0,0.0,0.0,0.0,0.0,0.0,0.0,0.0,0.0,0.0,0.0,0.0,0.0,3.389008117943454,0.0,-34.866753755715216,0.0,0.0,0.31103231625765915,0.0,0.0,0.0,0.0,0.0,0.0,0.0,0.0,,0.062206463251531834,,0.0,0.0,,0.0009999913715747358,0.0,-21.39981535169373,0.0,,0.0,3.110323162576592,0.0,0.0,0.0,0.00031103231625765915,0.0,0.0,0.0,0.0,-0.4009393486982653,0.03181210537801571,-1.8041871515967055e-05,,0.0,0.0,0.0,3.0761096077882493,-65.30096305446574,0.5307475270971294
2004-06-01,,1.368542191495681e-05,0.0,-0.001059531585329978,0.0,0.0,0.0,0.0,0.0,0.0,0.0,0.006189543093527417,0.0,0.0,0.0,0.0,,0.0,0.0,0.0009897820643232132,0.0,0.0,0.0,0.0,0.0,0.0,0.0,0.0,0.0,0.0,0.0,0.0,0.0,0.0,0.0,0.0,0.0,0.0,-0.0005797535334023823,0.0,0.0,,0.0,-0.031103231625765917,0.0,0.0,0.0,0.0,0.0,0.0,0.0,0.0,-2.8303940779446983,0.0,0.0,0.0,0.0,0.0,-2.7992908463189323,0.0,0.0,0.06842710957668502,0.0,0.0,0.0,0.0,0.0,0.0010848807191066337,0.0,0.0,,0.0,0.0,0.0,0.0,0.0,0.0,0.13887509504400894,0.0,0.0,,0.0,0.0,0.0,0.0,0.0,0.0,-0.003110323162576592,0.0,0.0,0.0,0.0,0.0,0.0,0.0,,0.0,-0.11099904224478266,0.0,0.0,-0.09049236415663582,0.0,0.0,0.9502177226213798,0.0,0.0,3.1103231625765914e-05,0.0,0.0,0.0,0.006266368075643039,0.0,0.0,0.0,0.0,0.0,0.0,0.0,0.0,2.7535690958290857,0.0,-0.031103231625765917,0.0,0.0,0.0,0.0,0.0,0.0,0.0,0.0,0.0,0.0,-0.000440240884700689,,0.062206463251531834,,0.0,0.0,,-0.0009999913715747358,0.0,-23.599796369154816,0.0,,0.02985910236073528,0.0,0.0,0.0,0.0,-0.00031103231625765915,0.0,0.0,0.31103231625765915,0.0,-0.014082454667058444,-0.37665606046337713,-0.00014431931155603362,,-0.31103231625765915,0.0,0.0,31.781282075207614,5.908449156129948,0.13887509504400894
2004-07-01,,1.4618518864146189e-05,0.0,10.878892756057345,0.0,0.0,0.0,0.0,0.0,0.0,0.0,0.0,0.0,3.110323162576592,0.0,0.0,,0.0,0.0,0.001034001709743238,0.0,0.0,0.0,0.0,0.0,0.0,0.0,0.0,0.0,0.0,0.0,-0.005909614008895525,0.0,0.0,0.0,0.0,0.0,0.0,-0.0015242973643961372,0.0,0.0,,0.0,0.0,0.0,0.0,0.0,0.0,0.0,0.0,0.0,0.0,-3.2036328574538895,0.0,0.0,0.0,0.0,0.0,-3.421355478834251,0.0,0.21772262138036141,0.0,-0.31103231625765915,0.0,0.0,0.0,0.0,0.0011035426580825007,0.0,0.0,,0.0,0.0,0.0,0.0,0.0,0.0,0.376075663941715,0.0,0.07499935286809171,,0.0,0.0,0.0,0.0,0.0,0.0,0.0,0.0,-0.0049999568578731135,0.0,0.0,0.0,0.0,0.0,,0.0,-0.04299962897769927,0.0,0.0,2.677683120276197,0.0,-0.0003785263288832538,0.0,0.0,0.0,0.0,0.0,0.0,0.0,-0.4665484743864888,0.0,0.0,0.0,0.0,0.0,0.0,0.0,0.0,3.8443283257129837,0.0,0.0,0.0,0.0,-1.0264066436502752,0.0,0.0,0.0,0.0,0.0,0.0,0.0,0.0,,0.0,,0.0,0.0,,0.0,0.0,-25.99977566093746,0.0,,0.3974993001772884,0.0,0.0,0.0,0.0013374389599079344,0.0,0.0,0.0,0.0,0.0,0.0,-0.5469287113933362,-0.00041740520713948507,,0.31103231625765915,0.0,0.0,-23.63534571241952,-36.77520906298293,-0.6503309797085602
2004-08-01,,1.4618518864146189e-05,0.0,1.552517308948405,0.0,0.0,0.0,0.0,0.0,0.0,0.0,0.0,0.0,0.0,0.0,0.0,,0.0,0.0,-0.011462378098967838,0.0,0.0,0.0,0.0,0.0,0.0,0.0,0.0,0.0,0.0,0.0,-0.000373238779509191,0.0,0.0,0.0,0.0,0.0,0.0,0.003356382603714036,0.0,0.0,,0.0,-0.031103231625765917,-8.02463375678263e-06,0.0,0.0,0.0,0.0,0.0,0.0,0.0,0.031103231627619816,0.0,0.031103231625765917,0.0,0.0,0.0,0.0,0.0,0.0,0.0,0.061244751329663144,0.0,0.0,0.0,0.0,0.001103853690398369,-0.00199998274395942,0.0,,0.0,0.0,0.0,0.0,0.0,0.0,0.18710918255947753,0.0,0.0,,0.0,-3.1103231625765914e-05,0.0,0.0,0.0,0.0,-0.009330969487729775,0.0,3.3689709308343376,0.0,0.0,0.0,0.0,0.0,,0.0,-0.06899940463864308,0.0,0.0,-1.0858819321327486,0.0,0.0,-1.572959472489191,0.0,0.0,0.0,0.0,0.0,0.0,0.0,0.0,0.0,0.0,0.0,0.0,0.0,0.0,0.0,-2.433205810083639,0.0,0.0,0.0,0.0,0.09330969487729775,0.0,0.0,0.0,0.0,0.09999913715744235,0.0,0.0,0.0,,0.0,,0.0,0.0,,-0.0009999913715747358,0.0,-23.599796369154816,0.0,,0.0,0.0,0.0,0.0,0.0,0.0,0.0,0.0,-4.0268195079468745,0.0,0.0,-0.3552797735692153,-1.804148676494198e-05,,0.0,0.0,0.0,-12.267114553202077,-40.035551460903875,0.2784188946928159
2004-09-01,,1.492955118024091e-05,0.0,-0.0005203570650984845,0.0,0.0,0.0,0.0,0.0,0.0,0.0,0.0,0.0,0.0,0.0,0.0,,0.0,0.0,0.0008437732350436806,0.0,-0.006220646325153184,0.0,0.0,0.0,0.0,0.0,0.0,0.0,0.0,0.0,0.0,0.0,0.0,0.0,0.0,0.0,0.0,-0.001563807866759969,0.0,0.0,,0.0,0.0,8.02463375678263e-06,0.0,0.0,0.0,0.0,0.0,0.0,0.0,-0.6842710957668502,0.0,0.0,-0.6222201486734472,0.0,0.0,0.0,0.0,0.0,0.0,0.0,0.0,-1.4618518864103758e-05,0.0,0.0,0.0010677739417123719,0.0,0.0,,0.0,0.0,0.0,0.0,0.0,0.0,0.3091207116447433,0.0,0.0,,0.0,0.0,0.0,0.0,0.0,0.0,0.0,-0.031103231625765917,0.0,0.0,0.0,0.0,0.0,0.0,,0.0,-0.060999473666043386,0.0,0.0,-0.28692855587695587,0.0,-0.00041227333519967206,0.0,0.0,0.0,0.0,0.0,0.0,0.0,0.0,0.0,0.0,0.0,0.0,0.0,0.0,-1.086498087151255,0.0,1.6291872725575898,0.0,-0.031103231625765917,0.0,0.0,0.0,0.0,0.0,0.0,0.0,0.0,0.0,0.0,0.0,,0.0,,0.0,0.0,,-0.0009999913715747358,0.0,-23.59979636915806,0.0,,0.02985910236073528,0.0,0.0,0.0,0.0,0.0,0.0,0.0,0.0,0.0,0.0,-0.06967263848673096,-5.411900592918852e-05,,0.31103231625765915,0.0,0.0,17.277845168112968,-6.923399573224065,0.3091207116447433
2004-10-01,,1.399645423150414e-05,0.0,-0.00031103231625765915,0.0,0.0,0.0,0.0,0.0,0.0,0.0,0.0,0.0,0.0,0.0,0.0,,0.0,0.0,0.0007991735924229159,0.0,0.0,0.0,0.0,0.0,0.0,0.0,0.0,0.0,0.0,0.0,0.0,0.0,0.0,0.0,0.0,0.0,0.0,0.0004623198206886168,0.0,0.0,,0.0,0.0,0.0,0.0,0.0,0.0,0.0,0.0,0.0,0.0,-7.4336723585599085,0.0,-0.031103231625765917,-7.464682280488943,0.0,0.0,0.0,0.0,0.062206463251531834,0.0,0.0,0.0,0.0,0.0,0.0,0.001103542658082048,-0.00099999137197971,0.0,,0.0,0.0,0.0,0.0,0.0,0.0,0.2519492706363688,0.0,0.0,,0.0,0.0,0.0,0.0,0.0,0.0,0.0,0.0,0.0,0.0,0.0,0.0,0.0,0.0,,0.0,-0.22299807586109333,0.0,0.0,-1.0509250101085506,0.0,0.0006623433174719887,0.0,0.0,0.0,0.0,0.0,0.0,0.0,0.0,0.0,0.0,0.0,0.0,0.0,0.0,0.0,0.0,-15.248981369164227,0.0,0.0,0.372305682560418,0.0,-2.3949488351839756,0.0,0.0,0.0,0.0,0.0,0.0,0.0,0.0,,0.062206463251531834,,0.0,0.0,,0.0,0.0,-22.49980586042763,0.0,,0.014929551180367753,0.0,0.0,0.0,0.0,1.3249976672786292e-05,0.0,0.0,0.0,0.0,-0.1802172871761149,0.06962116263835323,-1.803927706542916e-05,,-0.31103231625765915,0.0,0.0,-11.601505396410687,-67.60492786489172,-2.143999555919587
2004-11-01,,1.430748654805147e-05,0.0,-0.00012441292650306366,0.0,0.0,0.0,0.0,0.0,0.0,0.0,0.0,0.0,0.0,0.0,0.0,,0.0,0.0,0.0007641538732850638,0.0,0.0,0.0,0.0,0.0,0.0,0.0,0.0,0.0,0.0,0.0,0.0,0.0,0.0,0.0,0.0,0.0,0.0,0.002126586918699267,0.0,0.0,,0.0,0.0,-8.02463375678263e-06,0.0,0.0,0.0,-1.5582719044508724,0.0,0.0,0.0,-23.07859786631831,0.0,0.09330969487729775,-23.172000870890486,0.0,0.0,0.0,0.0,0.031103231625765917,0.0,0.0,0.0,0.0,0.0,0.0,0.0010680849740289193,0.0,0.0,,0.0,0.0,0.0,0.0,0.0,-3.1103231625765914e-05,0.3355434045563187,0.0,0.0,,0.0,0.0,0.0,0.0,0.0,0.0,0.0,0.0,0.0,0.0,0.0,0.0,0.0,0.0,,-0.01866193897545955,-0.17499849002553589,0.0,0.0,1.8151721563870489,0.0,0.0,-0.6215047743460546,0.0,0.0,0.0,0.0,0.0,0.0,0.0,0.0,0.0,0.0,0.0,0.0,0.0,0.0,0.0,-14.561599950234829,0.0,-0.031103231625765917,-0.2102578457901776,-0.024882585300612735,0.09330969487729775,0.0,0.0,0.0,0.0,0.0,0.0,0.0,0.0,,0.0,,0.0,0.04876492177537202,,0.0,0.0,-22.499805860424157,0.0,,0.030170134676992828,0.0,0.0,0.0,0.0,0.0,0.0,0.0,0.2944317128549649,0.0,0.0,0.0,-0.0018717926179067988,,0.0,0.0,0.0,2.217660414917111,-80.99028215199132,0.42885309943361644
2004-12-01,,1.430748654805147e-05,0.0,-0.0002488258530061273,0.0,0.0,0.0,-10.015240583496626,0.0,0.0,0.0,0.0,0.0,0.0,0.0,0.0,,0.0,0.0,0.0008040535532343963,0.0,-0.009330969487729775,0.0,0.0,0.0,0.0,0.0,0.0,0.0,0.0,0.0,0.0,0.0,0.0,0.0,0.0,0.0,0.0,-0.005916467719706079,0.0,0.0,,0.0,0.031103231625765917,0.0,0.0,0.0,0.0,0.0,0.0,0.0,0.0,-37.97704581505833,0.0,0.0,-8.086684706541009,0.0,0.0,0.0,0.0,0.031103231625765917,-0.040434201113495695,0.01628845137009737,0.0,0.0,0.0,0.0,0.001103623526484269,0.0,0.0,,0.0,0.0,0.0,0.0,0.0,3.1103231625765914e-05,0.21253258063480965,0.0,0.0,,0.0,3.1103231625765914e-05,0.0,0.0,0.0,0.0,0.0,0.0,0.0,0.0,0.0,0.0,0.0,0.0,,0.01866193897545955,-0.2999974114723334,0.0,0.0,-4.235495318963641,0.0,0.0,0.0,0.0,0.0,-3.1103231625765914e-05,0.0,0.0,0.0,0.0,0.0,0.0,0.0,0.0,0.0,0.0,0.0,0.0,-1.8913875151628254,0.0,-19.906068240490185,0.5396410687070387,-0.006675979674343544,0.09330969487729775,0.0,0.0,0.0,0.0,0.09999913715744416,0.0,0.0,0.0,,0.031103231625765917,,0.0,4.416658890627023e-06,,0.0,0.0,-19.799829157173896,0.0,,0.01492955118036764,0.0,0.0,0.0,0.0,0.0,0.0,0.0,0.0,0.0,-0.06914926440858271,1.0845532020776587,1.2769381991097717e-09,,0.31103231625765915,0.0,0.0,-7.21906006034027,-107.07634937510714,0.3058422755121074
2005-01-01,,1.4618518864146189e-05,0.0,-9.330969487729775e-05,0.0,0.0,0.0,0.0,0.0,0.0,0.0,0.0,0.0,-3.110323162576592,0.0,0.0,,0.0,0.0,0.0008180334415689538,0.0,0.0,0.0,0.0,0.0,0.0,0.0,0.0,0.0,0.0,-0.024882585300612735,0.006282852788404715,0.0,0.0,0.0,0.0,0.0,0.0,0.0015367452312466288,0.0,0.0,,0.0,0.0,0.0,0.0,0.0,0.0,0.0,0.0,0.0,0.0,-17.511119405308065,0.0,0.0,-7.527106466361855,0.0,0.0,0.0,0.0,-0.031103231625765917,0.040434201113495695,0.0,0.0,0.0,0.0,0.0,0.0011035862026063557,0.0,0.0,-2.8117321389989304e-05,0.0,0.0,0.0,0.0,0.0,0.0,0.33434023825262693,0.0,0.07499935286808991,,0.0,-2.1772262131156445e-07,0.0,0.0,0.0,0.0,0.0,0.0,0.0,0.0,0.0,0.0,0.0,0.0,0.0,0.0,-0.11899897321734977,0.0,0.0,1.9848779198158688,0.0,0.0,-0.29715094398307973,0.0,0.0,3.1103231625765914e-05,-9.953034120245093,0.0,0.0,0.0,0.0,0.0,0.0,0.0,0.0,0.0,0.0,-7.775807949892192e-07,-9.989113868930982,0.0,0.0,0.7079095518024323,-0.030647898276575557,-0.43544524276072283,0.0,0.0,0.0,0.0,0.0,0.0,0.0,0.0,,0.0,,0.0,0.0,,-0.000999991371574849,-4.1199644508864495,-22.199808448953295,0.0,,0.33840316008833315,0.0,0.0,0.0,0.00012441292650306366,0.0,0.0,0.0,0.0,0.0,-0.0919702653105871,-1.854114335480235,-9.019958922580901e-05,,0.0,0.0,0.0,0.0,-73.80512023621607,-0.1011050045080959
2005-02-01,,1.524058349678824e-05,0.0,-0.28058225249603436,0.0,0.0,0.0,0.0,0.0,0.0,0.0,0.0,0.0,3.110323162576592,0.0,0.0,,0.0,0.0,0.0007666938527649173,0.0,0.0,0.0,0.0,0.0,0.0,0.0,0.0,0.0,0.0,-0.003110323162576592,0.0,0.0,0.0,0.0,0.0,0.0,0.0,0.0029309130706914217,0.0,0.0,,0.003110323162576592,-0.031103231625765917,8.02463375678263e-06,0.0,0.0,0.0,-2.0217100556747845,0.0,0.0,0.0,-31.8497091847843,0.0,0.0,-8.366675997636154,0.0,0.0,0.0,0.0,0.031103231625765917,0.0,0.0,0.0,0.0,0.0,0.0,0.0009967341606795862,0.0,0.0,0.0,0.0,0.0,0.0,0.0,0.0,0.0,0.23917803490373774,0.0,0.0,,0.0,0.0,0.0,0.0,0.0,0.0,0.0,0.0,0.0,0.0,0.0,0.0,0.0,0.0,0.0,0.0,-0.12099895596049902,0.0,0.0,0.0,0.0,-0.0006623433174719887,0.31104497527293107,0.0,0.0,-0.7377375509315418,-23.514043109079033,0.0,0.0,0.0,0.0,0.0,0.0,0.0,0.0,0.0,0.0,0.0,-5.426891854063637,0.0,0.0,0.0,0.0,-0.12441292650306367,0.0,0.0,0.0,0.0,0.0,0.0,0.0,0.0,,0.0,,0.0,0.0,,-0.0009999913715747358,-10.899905950161727,-20.49982311727466,0.0,,0.01492955118036764,0.0,0.0,0.0,0.0,0.0,0.0,0.0,0.0,0.0,-0.3108855090043647,-0.5375739479329307,-1.804108006033119e-05,,0.0,0.0,0.0,0.0,-101.01243745703682,0.11476510840067407
2005-03-01,,1.430748654759886e-05,0.0,0.0001866193897545955,0.0,0.0,0.0,0.0,0.0,0.0,0.0,0.0,0.0,0.0,0.0,0.0,,0.0,0.0,0.0008783629576012449,0.0,0.0,0.0,0.0,0.0,0.0,0.0,0.0,0.0,0.0,-0.003110323162576592,0.0,0.0,0.0,0.0,0.0,0.0,0.0,-0.0027316069026397387,0.0,0.0,,-0.003110323162576592,0.0,-8.02463375678263e-06,0.0,0.0,0.0,0.0,0.0,0.0,0.0,-32.72059967030389,0.0,0.0,-11.228266616901497,0.0,0.0,0.0,0.0,0.062206463251531834,0.0,0.0,0.0,0.0,0.0,0.0,0.0011035426580822743,0.0,0.0,0.0,0.0,0.0,0.0,0.0,0.0,0.0,0.1277810643454274,0.0,0.0,,0.0,0.0,0.8886637607361825,0.0,0.0,0.0,0.0,0.0,0.0,0.0,0.0,0.0,0.0,0.0,0.0,0.0,-0.0619994650376343,0.0,0.0,0.49765170601225467,0.0,0.0006623433174719887,0.0,0.0,0.0,0.0,-21.55453951665578,0.0,0.0,0.0,0.0,0.0,0.0,0.0,0.0,0.0,0.0,0.0,-9.68243600510093,0.0,0.0,-1.4095984572797113,-0.031103231625765917,0.27992908463189325,0.0,0.0,0.0,0.0,0.0,0.0,0.0,0.0,,0.031103231625765917,,0.0,0.0,,0.20099826568646703,0.0,-21.499814488852767,0.0,,0.01492955118036764,0.0,0.0,0.0,0.0,-0.00029317906130467956,0.0,0.0,0.0,0.0,-0.34851718453544356,-0.26559344965938253,-1.803907985350719e-05,,0.0,0.0,0.0,0.0,-96.70563127867615,0.40771014897732066
2005-04-01,,1.524058349678824e-05,0.0,0.0,0.0,0.0,0.0,0.0,0.0,0.0,0.0,0.0,0.0,0.0,-0.062206463251560803,0.0,,0.0,0.0,0.0009058927367703654,0.0,0.0,0.0,0.0,0.0,0.0,0.0,0.0,0.0,0.0,-0.003110323162576592,0.0,0.0,0.0,0.0,0.0,0.0,0.0,0.0015868384252869358,0.0,0.0,,0.0,-0.031103231625765917,8.02463375678263e-06,0.0,0.0,0.0,-0.8708904855214457,0.0,0.0,0.0,-60.063415187522565,0.0,0.0,-13.001150819570153,0.0,0.0,0.0,0.0,0.0,0.0,0.37368542191533705,0.0,0.0,0.0,0.0,0.001068084974028693,0.0,0.0,0.0,0.0,0.0,0.0,0.0,0.0,0.0,0.27881950794905186,0.0,0.0,,0.0,0.0,0.0,0.003110323162576592,0.0,0.0,0.0,0.0,0.0,0.0,0.0,0.0,0.0,0.0,0.0,0.0,-0.1139990163594916,0.0,0.0,0.9953034120245093,0.0,0.0,0.0006771173524925981,0.0,0.0,0.0005909614008890998,0.0,0.0,0.0,0.0,0.0,0.0,0.0,0.0,0.0,0.0,0.0,0.0,-4.895959690211813,0.0,0.0,0.7016889054772791,0.0,0.15551615812882957,0.0,0.0,0.0,0.0,0.0,0.0,0.0,0.0,,-0.015551615812882958,,0.0,0.0,,0.0,0.0,0.0,0.0,,0.03017013467699294,0.0,0.0,0.0,0.0,0.00029317906130467956,0.0,0.0,0.0,0.0,-0.07896140088964188,0.1733051849097131,-0.0005399522539476449,,0.0,0.0,0.0,0.0,-76.42014379876953,0.43433566607788143
2005-05-01,,1.399645423150414e-05,0.0,0.0,0.0,0.0,0.0,0.0,0.0,0.0,0.0,0.0,0.0,0.0,0.0,0.0,,0.0,0.0,0.0008491031924436271,0.0,0.0,0.0,0.0,0.0,0.0,0.0,0.0,0.0,0.0,0.003110323162576592,0.0,0.0,0.0,0.0,0.0,0.0,0.0,-0.00251665543413238,0.0,0.0,,0.0,0.031103231625765917,0.0,0.0,0.0,0.0,0.0,0.0,0.0,0.0,-25.06920469036733,0.0,0.0,-14.774221641628564,0.0,0.0,-3.421355478834251,0.0,0.031103231625765917,0.003110323162576592,-0.38880159248545926,0.0,0.0,0.0,0.0,0.001913781841933567,0.0,0.0,0.0,0.0,0.0,0.0,0.0,0.0,0.0,0.2047684986401692,0.0,0.0,,0.0,0.0,0.0,0.0,0.0,0.0,0.0,0.0,0.0,0.0,0.0,0.0,0.0,0.0,0.0,0.0,-0.14099878339199418,0.0,0.0,0.8948673447171154,0.0,0.0,0.6220646325153183,0.0,0.0,0.0,0.0,0.0,0.0,0.0,0.0,0.0,0.0,0.0,0.0,0.0,0.0,0.0,-5.099374825044322,0.0,0.0,0.7110198749650091,-0.006220646325153184,0.0,0.0,0.0,0.0,0.0,0.0,0.0,0.0,0.0,,0.015551615812882958,,-6.904917420920033,0.0,,0.032999715261954624,0.0,0.0,0.0,,0.01492955118036764,0.0,0.0,0.0,0.0,0.0,0.0,0.0,0.0,0.0,0.0,-0.17496003234691596,1.7500283701726475e-11,,0.0,0.0,0.0,-0.7869117601318777,-54.20207830273442,0.2047684986401692
2005-06-01,,1.399645423150414e-05,0.0,0.0,0.0,0.0,0.0,0.0,0.0,0.0,0.0,0.0,0.0,-3.110323162576592,0.0,0.0,,0.0,0.0,0.00011960904108212852,0.0,-0.009330969487729775,0.0,0.0,0.0,0.0,0.0,0.0,0.0,0.0,-0.003110323162576592,0.0,0.0,0.0,0.0,0.0,0.0,0.0,0.004983070306463248,0.0,0.0,,0.0,0.0,-8.02463375678263e-06,0.0,0.0,0.0,0.0,0.0,0.0,0.0,-71.50632950763584,0.0,0.0,-31.787347205374637,0.0,0.0,-1.555161581288296,0.0,0.0,0.0,0.0,0.0,0.0,0.0,0.0,0.0,0.0,0.0,0.0,0.0,0.0,0.0,0.0,0.0,0.0,0.196434636560913,0.0,0.0,,0.0,0.0,0.0,0.0,0.0,0.0,0.0,0.0,0.0,0.0,0.0,0.0,0.0,0.0,0.0,0.0,-0.09699916304270445,0.0,0.0,-1.0145787067276282,0.0,0.0,-1.2441292650306366,0.0,0.0,-0.0005909614008890998,0.0,0.0,0.0,0.0,0.0,0.0,0.0,0.0,0.0,0.0,0.0,0.0,-1.4988647320456596,0.0,-25.06920469036733,-1.413641877391061,-0.024882585300612735,7.402569126932288,0.0,0.0,0.0,0.0,0.09999913715744597,0.0,0.0,0.0,,0.0,,-13.094429411215826,0.0,,-0.000999991371574849,0.0,0.0,0.0,,0.0152405834966253,0.0,0.0,0.0,-0.00012441292650306366,-1.3249976672786292e-05,0.0,0.0,0.31103231625765915,0.0,0.0,-0.03571615190918436,-3.607990990268111e-05,,0.0,0.0,0.0,0.0,-143.43542957656888,7.599003763493202
2005-07-01,,1.4618518864146189e-05,0.0,0.0,0.0,0.0,0.0,0.0,0.0,0.0,0.0,0.0,0.0,6.220646325153184,-18.03987434294423,0.0,,0.0,0.0,-0.008932988378589073,0.0,0.0,0.0,0.0,0.0,0.0,0.0,0.0,0.0,0.0,0.0,0.0,0.0,0.0,-0.003110323162576592,0.0,0.0,0.0,-0.004076021005885972,0.0,0.0,,0.0,0.0,8.02463375678263e-06,0.0,0.0,0.0,0.0,0.0,0.0,0.0,-34.213554788342506,0.0,0.0,-6.002954807004448,0.0,0.0,-0.4665484743864888,0.0,0.062206463251531834,0.0,0.0,0.0,0.0,0.0,0.0,0.0009682436005097853,0.0,0.0,0.0,0.0,0.0,0.0,0.0,0.0,0.0,0.15365826878946376,0.0,0.036999680748249726,,0.0,0.0,0.0,0.0,0.0,0.0,0.0,0.0,0.0,0.0,0.0,0.0,0.0,0.0,0.0,0.0,-0.11399901635949114,0.0,0.0,-0.04528132873005494,0.0,0.0,1.2441292650306366,0.0,0.0,0.0,0.0,0.0,0.0,0.0,0.0,0.0,0.0,0.0,0.0,0.0,0.0,0.0,3.0319430188796614,0.0,-9.766414730490498,0.0,-0.006220646325153184,-7.6513949799384156,0.0,0.0,0.0,0.0,0.09999913715744416,0.0,0.0,0.0,,0.0,,0.0,0.0,,0.034999698005107154,0.0,0.0,0.0,,0.0,0.0,0.0,0.0,0.0009642001803987434,0.0,0.0,0.0,0.0,0.0,-0.11179359895489017,0.014954744798058667,7.684643249325532e-11,,0.0,0.0,0.0,0.0,-65.53266435719951,-7.497736711148952
2005-08-01,,1.4618518863693579e-05,0.0,0.0,0.0,0.0,0.0,0.0,0.0,0.0,0.0,0.0,0.0,-3.110323162576592,-11.974744175919879,0.0,,0.0,0.0,0.0005549955500662257,0.0,0.0,0.0,0.0,0.0,0.0,0.0,0.0,0.0,0.0,0.0,0.0,0.0,0.0,-0.003110323162576592,0.0,0.0,0.0,0.0008278087799430837,0.0,0.0,,0.0,0.0,0.0,0.0,0.0,0.0,0.0,0.0,0.0,0.0,-21.86557183291344,0.0,0.0,0.0,0.0,0.0,0.0,0.0,0.062206463251531834,0.0,0.0,0.0,0.0,0.0,0.0,0.0009682436005102378,0.0,0.0,0.0,0.0,0.0,0.0,0.0,0.0,0.0,0.3191497309579809,0.0,0.0,,0.0,0.0,0.0,0.0,0.0,0.0,0.0,0.0,0.0,0.0,0.0,0.0,0.0,0.0,0.0,0.0,-0.12399893007523873,0.0,0.0,0.9280065938851045,0.0,0.0,1.244129265030637,0.0,0.0,0.0,0.0,0.0,0.0,0.0,0.0,0.0,0.0,0.0,0.0,0.0,0.0,0.0,-6.83493514976206,0.0,0.0,0.0,-0.027992908463189324,0.0,0.0,0.0,0.0,0.0,0.0,0.0,0.0,0.0,,0.031103231625765917,,-9.953065223476719,0.0,,0.0,0.0,0.0,0.0,,0.01492955118036764,0.0,0.0,0.0,0.0,0.0,0.0,0.0,0.0,0.0,-0.08126515504958232,-0.015185841808333626,-5.411991276536296e-05,,0.0,0.0,0.0,0.0,-51.388356320739604,0.3191497309579809
2005-09-01,,1.492955118069352e-05,0.0,0.0,0.0,0.0,0.0,-5.007620291748313,0.0,0.0,0.0,0.0,0.0,3.110323162576592,0.0,0.0,,0.0,0.0,0.001197220401228142,0.0,0.0,0.0,0.0,0.0,0.0,0.0,0.0,0.0,0.0,0.006220646325153184,0.0,0.0,0.0,0.0,0.0,0.0,0.0,0.004363345679297991,0.0,0.0,,0.0,-0.031103231625765917,-8.02463375678263e-06,0.0,0.0,0.0,0.0,0.0,0.0,0.0,-8.14904668595067,0.0,0.0,-3.1413641877391063,0.0,0.0,0.0,0.0,0.0,0.10575098752760412,0.0,0.0,0.0,0.0,0.0,0.0008876862305993864,0.0,-0.031103231625765917,0.0,0.0,0.0,0.0,0.0,0.0,0.0,0.3064635003567532,0.0,0.0,,0.0,0.0,0.0,0.0,0.0,0.0,0.0,0.0,0.0,0.0,0.0,0.0,0.0,0.0,0.0,0.0,-0.11999896458893979,0.0,0.0,-0.26536219713228215,0.0,0.0,-0.6220646325153188,0.0,0.0,0.0,0.0,0.0,0.0,0.0,0.0,0.0,0.0,0.0,0.0,0.0,0.0,0.0,-10.418649497682809,0.0,0.0,0.0,-0.021772262138036142,0.09330969487729775,0.0,0.0,0.0,0.0,2.1999810174637804,0.0,0.0,0.0,,0.0,,0.0,0.0,,0.03399970663353242,0.0,0.0,0.0,,-0.2528692731174769,0.0,0.0,0.0,0.0,0.0,0.0,0.0,7.77580790644148,0.0,0.0,-0.023978725389493822,-3.483330568412642e-05,,-0.31103231625765915,0.0,0.0,0.0,-14.75768855138658,0.3997731952340509
2005-10-01,,1.430748654805147e-05,0.0,0.0,0.0,0.0,0.031103231625765917,0.0,0.0,0.0,0.0,0.0,0.0,0.0,0.0,0.0,,0.0,0.0,0.0002395180796871311,0.0,0.0,0.0,0.0,0.0,0.0,0.0,0.0,0.0,0.0,0.012441292650306367,0.0,0.0,0.0,0.0,0.0,0.0,0.0,-0.00370569862109078,0.0,0.0,,0.0,0.0,8.02463375678263e-06,0.0,0.0,0.0,0.0,0.0,0.0,0.0,-59.12724332058101,0.0,0.0,-32.68955864514323,0.0,0.0,0.0,0.0,0.0,-0.10575098752760412,0.0,0.0,0.0,0.0,0.0,-0.00015644925507756635,0.0,0.0,0.0,0.0,0.0,0.0,0.0,0.0,0.0,0.25034095362477204,0.0,0.0,,0.0,0.0,0.0,0.0,0.0,0.0,0.0,0.0,0.6489944001518156,0.0,0.0,0.0,0.0,0.0,0.0,0.0,-0.08599925795539809,0.0,0.0,-0.24882585300612733,0.0,0.0,-0.3110323784641227,0.0,0.0,0.0,-5.5363752293863335,0.0,0.0,0.0,0.0,0.0,0.0,0.0,0.0,0.0,0.0,0.0,-4.291934932039439,0.0,0.0,0.0,-0.02640510287145051,0.0,0.0,0.0,0.0,0.0,0.0,0.0,0.0,0.0,,0.0,,-20.901371652514698,0.0,,0.0,-0.8999922344169559,0.0,0.0,,0.0,0.0,0.0,0.0,0.0,0.0,0.0,0.0,-0.31103231625765915,0.0,0.0,-0.2789263164449089,0.004515254489831122,,-0.31103231625765915,0.0,0.0,0.0,-124.18168570800029,0.25034095362477204
2005-11-01,,1.399645423150414e-05,0.0,-0.029765792665857983,0.0,0.0,0.0,0.0,0.0,0.0,0.0,0.0,0.0,0.0,0.0,0.0,,0.0,0.0,0.000722594206401838,0.0,-0.003110323162576592,0.0,0.0,0.0,0.0,0.0,0.0,0.0,0.0,0.01866193897545955,0.0,0.0,0.0,0.0,0.0,0.0,0.0,0.0037285295122014787,0.0,0.0,,0.0,-0.031103231625765917,0.0,0.0,0.0,0.0,0.0,0.0,0.0,0.0,-41.491710988771736,0.0,0.0,-14.99185095331405,0.0,0.0,0.0,0.0,0.031103231625765917,0.0,0.0,0.0,0.0,0.0,0.0,0.0005869179807778317,0.0,0.0,0.0,0.0,0.0,0.0,0.0,0.0,0.0,0.18630061274610227,0.0,0.0,,0.0,0.0,0.0,0.0,0.0,0.0,0.0,0.0,0.0,0.0,0.0,0.0,0.0,0.0,0.0,0.0,0.2539978083799261,0.0,0.0,-1.119716338527573,0.0,0.0,6.220646349051075e-08,0.0,0.0,0.0,-14.991757643619172,0.0,0.0,0.0,0.0,0.0,0.0,0.0,0.0,0.0,0.0,0.0,-4.345743522752014,0.0,-0.031103231625765917,0.0,-0.023360067729774957,0.0,0.0,0.0,0.0,0.0,0.0,0.0,0.0,0.0,,0.0,,-11.508195701533388,0.0,,0.037999672119828305,-0.6999939601020638,0.0,0.0,,-0.029548070044477622,0.0,0.0,0.0,0.0,0.0,0.0,0.0,0.0,0.0,-0.17436801343661507,0.25701906628057875,-1.925659545229655e-09,,0.0,0.0,0.0,0.0,-88.68119341034875,0.18630061274610227
2005-12-01,,1.4618518864146189e-05,0.0,0.0,0.0,0.0,0.0,0.0,0.0,0.0,0.0,0.0,0.0,3.110323162576592,0.0,0.0,,0.0,0.0,0.0011525007595359483,0.0,-0.009330969487729775,0.0,0.0,0.0,0.0,0.0,0.0,0.0,0.0,-0.006220646325153155,0.0,0.0,0.0,0.0,0.0,0.0,0.0,-0.0019592503427918206,0.0,0.0,,0.0,0.0,0.0,0.0,0.0,0.0,-2.239432677055146,0.0,0.0,0.0,-36.141955149139996,0.0,0.0,-15.98706105564368,0.0,0.0,0.0,0.0,0.0,0.0,0.0,0.0,1.4618518864103758e-05,0.0,0.0,0.0,0.0,0.0,0.0,0.0,0.0,0.0,0.0,0.0,0.0,0.09191906938509022,0.0,0.0,,0.0,0.0,0.0,0.0,0.0,0.0,0.0,0.0,0.0,0.0,0.0,0.0,0.0,0.0,0.0,0.0,-0.11899897321738055,0.0,0.0,-3.607974868588846,0.0,0.0,0.0,0.0,0.0,0.0,-6.967123884171565,0.0,0.0,0.0,0.0,0.0,0.0,0.0,0.0,0.0,0.0,0.0,-7.45544462069609,0.0,-9.953034120245093,0.0,0.0,0.1866193897545955,0.0,0.0,0.0,0.0,0.0,0.0,0.0,-2.4990413372598987,,0.031103231625765917,,-3.2347360890796555,0.0,,0.0,-0.3999965486298708,0.0,0.0,,0.06002923703772822,0.0,0.0,0.0,0.0,0.0,0.0,0.0,0.31103231625765915,0.0,-0.24529812447513527,1.6280289882115786,-0.00021181247237849705,,0.0,0.0,0.0,0.0,-83.44758299418413,0.2785384591396857
2006-01-01,,1.4618518864146189e-05,0.0,0.0,0.0,0.0,0.0,-1.9906068240490187,0.0,0.0,0.0,0.0,0.0,-3.110323162576592,0.0,0.0,,0.0,0.0,0.0002439680442297206,0.0,-0.012441292650306367,0.0,0.0,0.0,0.0,0.0,0.0,0.0,0.0,0.0,0.0,0.0,0.0,0.0,0.0,0.0,0.0,0.002590407524912747,0.0,0.0,,0.0,0.0,0.0,0.0,-0.022301390314453294,0.0,0.0,0.0,0.0,0.0,-7.309259432054991,0.0,0.0,-5.3185592983110945,0.0,0.0,0.0,0.0,0.0,0.0,0.0,0.0,0.0,0.0,0.0,0.0012130260334053233,0.0,0.0,0.0,0.0,0.0,0.0,0.0,0.0,0.0,0.027587073500044565,0.0,0.01699985331675727,,0.0,0.0,0.0,0.0,0.0,0.0,0.0,0.0,0.0,0.0,0.0,0.0,0.0,0.062206463251531834,0.0,0.0,-0.13499883516254554,0.0,0.0,1.9906068240490187,0.0,0.0,-0.6220646325153179,0.0,0.0,0.0,0.0,0.0,0.0,0.0,0.0,0.0,0.0,0.0,0.0,0.0,0.0,0.0,-9.303287611582844,0.0,0.0,0.0,-0.012441292650306367,-0.24882585300612733,0.0,0.0,0.0,0.0,0.0,0.0,0.0,0.0,,0.0,,0.0,0.0,,-0.06608896075140117,-1.0999905087319346,0.0,0.0,,0.0,0.0,0.0,0.0,0.0,0.0,0.0,0.0,0.0,0.0,0.0,0.6273052160122403,-7.21586659114343e-05,,0.0,0.0,0.0,0.0,-26.522493802771837,-0.22123877950608278
2006-02-01,,1.492955118024091e-05,0.0,0.0,0.0,0.0,0.0,-0.49765170601225467,0.0,0.0,0.0,0.0,0.0,3.110323162576592,0.0,0.0,,0.0,0.0,0.00028587770768948793,0.0,0.0,0.0,0.0,0.0,0.0,0.0,0.0,0.0,0.0,0.0,0.0,0.0,0.0,0.0,0.0,0.0,0.0,-0.006491971634435937,0.0,0.0,,0.0,0.0,0.0,0.0,0.0,0.0,0.0,0.0,0.0,0.0,-22.954184939815246,0.0,0.0,-11.912631022363223,0.0,0.0,0.0,0.0,-0.031103231625765917,0.0,0.0,0.0,0.0,0.0,0.0,0.0005480389412458506,0.0,0.0,0.0,0.0,0.0,0.0,0.0,0.0,0.0,0.00034568131536366777,0.0,0.0,,0.0,0.0,0.0,0.0,0.0,0.0,0.0,0.0,0.0,0.0,0.0,0.0,0.0,0.031103231625765917,0.0,0.0,-0.22299807586109605,0.0,0.0,0.0,0.0,0.0,0.0,0.0,0.0,0.0,-10.481789057883114,0.0,0.0,0.0,0.0,0.0,0.0,0.0,0.0,0.0,0.0,0.0,-0.7097757456999783,0.0,-0.031103231625765917,0.0,-0.0373238779509191,-0.062206463251531834,0.0,0.0,0.0,0.0,0.0,0.0,0.0,0.0,,0.0,,0.0,0.0,,-0.0006515443781501061,-1.1999896458890909,0.0,0.0,,0.01492955118036764,0.0,0.0,0.0,0.0,0.0,0.0,0.0,0.0,0.0,-0.13193726478184095,-0.22155764983926218,-2.2081024162452176e-10,,0.0,0.0,0.0,0.0,-45.34384495593429,-0.06186078193616817
2006-03-01,,1.492955118024091e-05,0.0,0.0,0.0,0.0,0.0,-2.985910236073528,0.0,0.0,0.0,0.0,0.0,0.0,0.0,0.0,,0.0,0.0,0.0,0.0,0.0,0.0,0.0,0.0,0.0,0.0,0.0,0.0,0.0,0.0,0.0,0.0,0.0,0.003110323162576592,0.0,0.0,0.0,0.0033414883173086387,0.0,0.0,,0.0,0.0,0.0,0.0,0.0,0.0,0.0,0.0,0.0,0.0,-37.10615532953874,0.0,0.0,-6.438182327143791,0.0,0.0,0.0,0.0,0.062206463251531834,0.0,0.0,0.0,0.0,0.0,0.0,0.0006065130167026616,0.0,0.0,0.0,0.0,0.0,0.0,0.0,0.0,0.0,3.1118855401085392,0.0,0.0,,0.0,0.0,0.0,-0.006220646325153184,0.0,0.0,0.0,0.0,0.0,0.0,0.0,0.0,0.0,0.0,0.0,0.0,0.9249920187063572,0.0,0.0,0.0,0.0,0.0,0.0,0.0,0.0,0.0,-27.7440826101832,0.0,0.0,0.0,0.0,0.0,0.0,0.0,0.0,0.0,0.0,0.0,4.93888214985537,0.0,0.0,0.0,0.0,-0.031103231625765917,0.0,0.0,0.0,0.0,0.0,0.0,0.0,0.0,,0.031103231625765917,,0.0,0.0,,-0.00025079783599258205,-0.8999922344172745,0.0,0.0,,0.0,0.0,0.0,0.0,0.0,0.0,0.0,0.0,0.0,0.0,-0.40664803583088854,-0.49524991446615013,4.3155326995966064e-10,,0.0,0.0,0.0,0.0,-67.03765270541359,3.0807823084827732
2006-04-01,,0.0,0.0,0.0,0.0,0.0,0.0,-3.4835619420857826,0.0,0.0,0.0,0.0,0.0,0.0,0.0,0.0,,0.0,0.0,0.0,0.0,0.0,0.0,0.0,0.0,0.0,0.0,0.0,0.0,0.0,0.0,0.0,0.0,0.0,0.0,0.0,0.0,0.0,0.004179656477672535,0.0,0.0,,0.0,-0.031103231625765917,0.0,0.0,0.0,-0.0068738141892942676,-0.6531678641410843,0.0,0.0,0.0,-16.45360953003017,0.0,0.0,-11.19716338527573,0.0,0.0,0.0,0.0,0.031103231625765917,0.0,0.0,0.0,0.0,0.0,0.0,0.0005869179807778317,0.0,0.0,0.0,0.0,0.0,0.0,0.0,0.0,-0.054803894124599545,-3.0824791763889086,0.0,0.0,,0.0,0.0,0.0,0.0,0.0,0.0,0.0,0.0,0.0,0.0,0.0,0.0,0.0,0.0,0.0,0.0,-0.053999534065005635,0.0,0.0,1.9906068240490187,0.0,0.0,-0.6220646325153185,0.0,0.0,0.0,-1.7728842026686573,0.0,0.0,0.0,0.0,0.0,0.0,0.0,0.0,0.0,0.0,0.0,-4.525520201548941,0.0,-0.031103231625765917,0.0,0.0,0.0,0.0,0.0,0.0,0.0,0.0,0.0,0.0,0.0,,0.0,,0.0,0.0,,0.04531549699523489,-0.9999913715744307,0.0,0.0,,0.0,0.0,0.0,0.0,0.0,0.0,0.0,0.0,0.6220646325153183,0.0,0.0,-1.5166193897540765,-3.6080451604865435e-05,,0.0,0.0,0.0,0.0,-41.791124722421344,-3.0824791763889086
2006-05-01,,1.524058349678824e-05,0.0,0.0,0.0,0.0,0.0,-0.746477559018382,0.0,0.0,0.0,0.0,0.0,0.0,0.0,0.0,,0.0,0.0,0.0,0.0,-0.009330969487729775,0.0,0.0,0.0,0.0,0.0,0.0,0.0,0.0,0.0,0.0,0.0,0.0,-3.253398028055115,0.0,0.0,0.0,-0.006587227370494217,0.0,0.0,,0.0,0.009330969487729775,0.0,0.0,0.0,0.0,0.0,0.0,0.0,0.0,-67.91392049280051,0.0,0.0,-8.211253149202202,0.0,0.0,-1.9595035924232527,0.0,0.0,0.003110323162576592,0.0,0.0,0.0,0.0,0.0,0.0006065130167026616,0.0,0.0,0.0,0.0,0.0,0.0,0.0,0.0,3.1103231625765914e-05,-0.008867002579080178,0.0,0.0,,0.0,0.0,0.0,0.0,0.0,0.0,0.0,0.0,0.0,0.0,0.0,0.0,0.0,-0.09330969487729775,0.0,0.0,-0.183998412369693,0.0,0.0,4.958437373643123,0.0,0.0,0.0,0.0,0.0,0.0,0.0,0.0,0.0,0.0,0.0,0.0,0.0,0.0,0.0,0.0,0.0,0.0,-7.406612547043638,0.0,0.0,0.0,-0.031103231625765917,0.0,0.0,0.0,0.0,0.0,0.0,0.0,0.0,0.0,,0.0,,0.0,0.0,,-4.991956926992476e-05,-0.59999482294456,0.0,0.0,,0.01492955118036764,0.0,0.0,0.0,0.0009019937171472116,0.0,0.0,0.0,0.0,0.0,0.0,0.0,5.27212786071282e-10,,0.0,0.0,0.0,0.0,-85.43704358081702,-0.008867002579080178
2006-06-01,,1.430748654759886e-05,0.0,0.0,0.0,0.0,0.0,0.0,0.0,0.0,0.0,0.0,0.0,-3.110323162576592,0.0,0.0,,0.0,0.0,0.001455998326343281,0.0,0.0,0.0,0.0,0.0,0.0,0.0,0.0,0.0,0.0,0.0,0.0,0.0,0.0,-0.002706541009611239,0.0,0.0,0.0,-0.0033451778425557517,0.0,0.0,,0.0,0.0,0.0,0.0,0.0,0.0,0.0,0.0,0.0,0.0,-8.957730708220584,0.0,0.0,-6.656247084072035,0.0,0.0,-2.3327423719324436,0.0,0.031103231625765917,0.0,0.0,0.0,0.0,0.0,0.0,0.0005869179807782843,0.0,0.0,0.0,0.0,0.0,0.0,0.0,0.0,0.0,0.0006339771680455443,0.0,0.016999853316784427,,0.0,0.0,0.0,0.006220646325153184,0.0,0.0,0.0,0.0,0.0,0.0,0.0,0.0,0.0,-0.012441292650306367,0.0,0.0,-0.08999922344172781,0.0,0.0,0.9953034120245076,0.0,0.0,0.0,0.0,0.0,0.00012239677132944496,0.0,0.0,0.0,0.0,0.0,0.0,0.0,0.0,0.0,0.0,0.0,0.0,8.790395322073964,0.0,0.0,0.0,0.0,0.0,0.0,0.0,0.0,0.0,0.0,0.0,0.0,0.0,,0.031103231625765917,,0.0,0.0,,0.03577970527481566,-0.2999974114724248,0.0,0.0,,0.0152405834966253,0.0,0.0,0.0,0.0,0.0,0.0,0.0,0.0,0.0,-0.0028556499020512384,0.0,-5.50333374191168e-10,,0.0,0.0,0.0,0.0,-11.54342904017424,0.0006339771680455443
2006-07-01,,1.4618518864146189e-05,0.0,0.0,0.0,0.0,0.0,-1.9906068240490187,0.0,0.0,0.0,0.0,0.0,0.0,0.0,0.0,,0.0,0.0,3.93196849262463e-05,0.0,0.0,0.0,0.0,0.0,0.0,0.0,0.0,0.0,0.0,0.0,0.0,0.0,0.0,-0.006175111194052838,0.0,0.0,0.0,0.005041134576131373,0.0,0.0,,0.0,-0.00019828310161425772,0.0,0.0,0.0,0.0068738141892942676,0.0,0.0,0.0,0.0,-25.006998227113943,0.0,0.0,-8.08690242916239,0.0,0.0,0.0,0.0,0.0,0.0,0.0,0.0,0.0,0.0,0.0,0.0006065969954275139,0.0,0.0,3.107212839447327e-05,0.0,0.0,0.0,0.0,0.0,-3.1103231625765914e-05,0.0014030978750347236,0.0,0.0,,0.0,0.0,0.0,0.0,0.0,0.0,0.0,0.0,0.0,0.0,0.0,0.0,0.0,0.13685421915337004,0.0,0.0,-0.07999930972594944,0.0,0.0,1.8318537526048955,0.0,-0.0006623433174719887,9.330969478315453e-08,0.0,0.0,0.011507960912754855,0.0,0.0,0.0,0.0,0.0,0.0,0.0,0.0,0.043544524276072284,0.0,0.0,0.0,-2.6251127492146433,0.0,-14.92955118036764,0.0,-0.031103231625765917,-1.0575098752760412,0.0,0.0,0.0,0.0,-0.09999913715744416,0.0,0.0,0.0,,0.0,,0.0,0.0,,-0.00020008827354046603,-1.4999870573615157,0.0,0.0,,0.034835619420857826,0.0,0.0,0.0,0.0,0.0,0.0,0.0,0.0,0.0,-0.001645983017633215,0.0,1.3409647477764874e-09,,0.0,0.0,0.0,0.0,-53.34407710820361,-1.0561067774010064
2006-08-01,,1.4618518864146189e-05,0.0,0.0,0.0,0.0,0.0,-2.0528132873005505,0.0,0.0,0.0,0.0,0.0,3.110323162576592,0.0,0.0,,0.0,0.0,0.0003515871811095834,0.0,0.0,0.0,0.0,0.0,0.0,0.0,0.0,0.0,0.0,0.0,0.0,0.0,0.0,0.0057713290410874845,0.0,0.0,0.0,-0.0026828525209274955,0.0,0.0,,0.0,-0.022631488911697924,0.0,0.0,0.0,-0.042829149948679666,0.0,0.0,0.0,0.0,-6.811607726042736,0.0,0.0,-4.820969798762091,0.0,0.0,0.0,0.0,0.031103231625765917,0.0,0.0,0.0,0.0,0.0,0.0,0.0006065285683185343,0.0,-17.72884202668657,0.0,0.0,0.0,0.0,0.0,0.0,2.1772262138398232e-05,0.0008635812344866754,0.0,0.0,,0.0,0.0,1.9994934616563715,0.0,0.0,0.0,0.0,0.031103231625765917,0.0,0.0,0.0,0.0,0.0,0.0,0.0,0.0,-0.08999922344169703,0.0,0.0,-0.00978663183104616,0.0,0.0,0.0,0.0,0.0,-0.011557199703305815,0.0,0.0,0.0,0.0,0.0,0.0,0.0,0.0,0.0,0.0,0.0,0.0,-1.2951385648968927,0.0,0.0,0.0,0.0,0.6531678641410843,0.0,0.0,0.0,0.0,0.09999913715744416,0.0,0.0,0.0,,0.0,,0.0,0.0,,0.0710074353123448,-0.9999913715744307,0.0,0.0,,0.0,0.0,0.0,0.0,0.0,0.0,0.0,0.0,0.0,0.0,-0.003320487698649645,0.0,-7.354097610600748e-10,,0.0,0.0,0.0,0.0,-27.888342869153313,0.654031445375571
2006-09-01,,1.5551615812882957e-05,0.0,0.0,0.0,0.0,0.0,0.0,0.0,0.0,0.0,0.0,0.0,-3.110323162576592,0.0,0.0,,0.0,0.0,0.0005080759264044421,0.0,-0.006220646325153184,0.0,0.0,0.0,0.0,0.0,0.0,0.0,0.0,0.0,0.0,0.0,0.0,0.0,0.0,0.0,0.0,-0.0006413017419679019,0.0,0.0,,0.0,-0.01950172622935523,0.0,0.0,0.0,0.0,0.0,0.0,0.0,0.0,-53.27983577493887,0.0,0.0,-5.567478461012099,0.0,0.0,-0.9953034120245093,0.0,0.0,0.0,0.0,0.0,0.0,0.0,0.0,0.0005869615253023656,0.0,0.0,0.0,0.0,0.0,0.0,0.0,0.0,0.0,0.010207956204469978,0.0,0.0,,0.0,0.0,0.0,0.0,0.0,0.0,0.0,0.0,0.0,0.0,0.0,0.0,0.0,-0.062206463251531834,0.0,0.0,-0.07899931835439021,0.0,0.0,-4.675198905166247,0.19007558085285062,0.0,1.2441291095144782,0.0,0.0,-4.014909399466269,0.0,0.0,0.0,0.0,0.0,0.0,0.0,0.0,0.0,0.0,0.0,0.0,-0.0793132406457031,0.0,-19.906068240490185,0.0,-0.031103231625765917,3.04811669932506,0.0,0.0,0.0,0.0,-0.19999827431489015,0.0,0.0,0.0,,0.0,,-26.81098566141022,0.0,,0.04698889955628141,-0.2999974114724538,0.0,0.0,,-0.07869117601318777,0.0,0.0,0.0,0.0,0.0,0.0,0.0,0.31103231625765915,0.0,-0.0021149575440786344,0.0,0.0011356916446312976,,0.0,0.0,0.0,0.0,-114.36609392218051,3.05832465552953
2006-10-01,,1.3996454231956752e-05,0.0,0.0,0.0,0.0,0.0,0.0,0.0,0.0,0.0,0.0,0.0,0.0,0.0,0.0,,0.0,0.0,3.974968119513731e-05,0.0,0.0,0.0,0.0,0.0,0.0,0.0,0.0,0.0,0.0,0.0,0.0,0.0,0.0,0.0,0.0,0.0,0.0,0.002214938149219942,0.0,0.0,,0.0,-0.0022363955086934966,0.0,0.0,0.0,0.0,0.0,0.0,0.0,0.0,-16.54723879997402,0.0,0.0,-9.579764237504277,0.0,0.0,0.0,0.0,0.0,0.0,0.0,0.0,0.0,0.0,0.0,0.000606528568318308,0.0,0.0,0.0,0.0,0.0,6.220646325153183e-05,0.0,0.0,0.0,-0.0023884482529297184,0.0,0.0,,0.0,0.0,0.0,0.0,0.0,0.0,0.0,0.0,0.0,0.0,0.0,0.0,0.0,0.0,0.0,0.0,-0.13299885241939585,0.0,0.0,-0.09514913999564598,0.0,0.0,0.0,0.0,0.0,0.0,-0.9953034120245093,0.0,0.0,0.0,0.0,0.0,0.0,0.0,0.0,0.0,0.0,0.0,2.1470560791266213,0.0,0.0,0.0,0.0,4.976517060122546,0.0,0.0,0.0,0.0,0.0,0.0,0.0,-4.152278324159638e-05,,0.0,,-5.971820472147056,0.0,,-0.07145755142851838,-0.2999974114724248,0.0,0.0,,0.1188143448104258,0.0,0.0,0.0,0.0,0.0,0.0,0.0,0.0,0.0,1.9595035949723614e-05,0.0,-0.001173638352329032,,0.0,0.0,0.0,0.0,-26.454225383451284,4.974128611869617
2006-11-01,,1.5240583496335628e-05,0.0,0.0,0.0,0.0,0.0,0.0,0.0,0.0,0.0,0.0,0.0,3.110323162576592,0.0,0.0,,0.0,0.0,0.0003531771683588372,0.0,0.0,0.0,0.0,0.0,0.0,0.0,0.0,0.0,0.0,0.0,0.0,0.0,0.0,-0.009330969487729775,0.0,0.0,0.0,0.0018437501142710812,0.0,0.0,,0.0,0.0014588147180493488,0.0,0.0,0.0,0.0,0.0,0.0,0.0,0.0,-37.230257223725545,0.0,0.0,-21.08802214550092,0.0,0.0,0.0,0.0,0.062206463251531834,0.0,0.2263982457777363,0.0,0.0,0.0,0.0,0.0005869615253023656,0.0,-5.598581692637865,0.0,0.0,0.0,0.0,0.0,0.0,0.0,4.6638976392445075,0.0,0.0,,0.0,0.0,0.0,0.0,0.0,0.0,0.0,-0.031103231625765917,0.0,0.0,0.0,0.0,0.0,0.0,0.0,0.0,-0.12499892144679796,0.0,0.0,-1.232575658610929,0.0,0.0,0.0,0.0,0.0,0.0,-7.9624583994277005,0.0,0.0,0.0,0.0,0.0,0.0,0.0,0.0,0.0,0.0,0.0,-0.6746290939628627,0.0,0.0,0.0,0.0,1.2130260334048708,0.0,0.0,0.0,0.0,0.0,0.0,0.0,0.0,,0.031103231625765917,,-8.211253149202202,0.0,,-0.0002003992708563328,-1.0999905087319057,0.0,0.0,,0.01492955118036764,0.0,0.0,0.0,0.0,0.0,0.0,0.0,0.0,0.0,-0.008307082205848602,0.0,1.094328036218034e-09,,0.31103231625765915,0.0,0.0,0.0,-73.63453388731409,5.8769236726493785
2006-12-01,,1.3996454231956752e-05,0.0,0.0,0.0,0.0,0.0,0.0,0.0,0.0,0.0,-0.0008086840222699138,0.0,3.110323162576592,0.0,0.0,,0.0,0.0,0.0005392056769632865,0.0,0.0,0.0,0.0,0.0,0.0,0.0,0.0,0.0,0.0,0.0,0.0,0.0,0.0,0.0,0.0,0.0,0.0,0.05628826901384996,0.0,0.0,,0.0,-0.0015503405803872436,0.0,0.0,0.0,0.0,0.0,0.0,0.0,0.0,-31.600572299461913,0.0,0.0,-7.153618860999658,0.0,0.0,0.0,0.0,3.607974868588846,0.0,0.26449099561444434,0.0,0.0,0.0,0.0,0.000606528568318308,0.0,0.0,0.0,0.0,0.0,0.0,0.0,0.0,9.330969487367685e-06,2.8614118068028938,0.0,-1.267989059156417,,0.0,0.0,0.0,0.0,0.0,0.0,0.0,0.0,0.0,0.0,0.0,0.0,0.0,-0.012441292650306367,0.0,0.0,-0.22299807586110237,0.0,0.0,0.910908836428105,1.0067049236415664,0.0,0.0,0.0,0.0,0.0,-5.0386924201424526,0.0,0.0,0.0,0.0,0.0,0.0,0.0,0.0,0.0,0.0,0.0,-0.043855556592329946,0.0,0.0,0.0,0.0,6.127336630275885,0.0,0.0,0.0,0.0,-0.9999913715744434,0.0,0.0,0.0,,0.0,,0.0,0.0,,0.032647916297455476,-0.59999482294456,0.0,0.0,,0.01492955118036764,0.0,0.0,0.0,0.0,0.0,0.0,0.0,0.0,0.0,0.0,0.0,-5.287213970770221e-10,,0.0,0.0,0.0,0.0,-28.948326762425552,8.98874843707878
2007-01-01,,1.399645423150414e-05,0.0,0.0,0.0,0.0,0.0,0.0,0.0,0.0,0.0,0.0,0.0,-0.8180149917576436,0.0,0.0,,0.0,0.0,3.930968461438125e-05,0.0,0.0,0.0,0.0,0.0,0.0,0.0,0.0,0.0,0.0,0.0,0.0,0.0,0.0,0.0,0.0,0.0,0.0,-0.05678930199632391,0.0,0.0,,0.0,0.0014570308855099458,0.0,0.0,0.0,0.0,0.0,0.0,0.0,0.0,-5.053342042238189,0.0,0.0,-10.170881154551958,0.0,0.0,0.0,0.0,0.062206463251531834,0.0,0.0,0.0,0.0,0.0,0.0,0.0006065285683180817,0.0,0.0,0.0,0.0,0.0,0.0,0.0,0.0,0.0,0.0005757519122222279,0.0,0.0,,0.0,0.0,0.0,0.0,0.0,0.0,0.0,0.0,0.0,0.0,0.0,0.0,0.0,0.0,0.0,0.0,0.9239920273348042,0.0,0.0,-2.6526898074709964,-1.196780504494417,0.0,0.0,0.0,0.0,0.0,0.0,0.0,0.0,0.0,0.0,0.0,0.0,0.0,0.0,0.0,0.0,0.0,-1.9097384218220272,0.0,0.0,1.4941992473017947,0.0,1.3063357282821686,0.0,0.0,0.0,0.0,0.0,0.0,0.0,-1.8523617242140211,,0.0,,0.0,0.0,,-0.00020137826240846792,-0.599994822944531,0.0,0.0,,0.03017013467699294,0.0,0.0,0.0,0.0,0.0,0.0,0.0,0.0,0.0,0.0,0.0,-0.0005531406432141798,,0.0,0.0,0.0,1.1841519678585983,-19.307599104184945,1.3069114801943909
2007-02-01,,1.4618518863693579e-05,0.0,0.0,0.0,0.0,0.0,0.0,0.0,0.0,0.0,0.0,0.0,0.0,-0.031103231625765917,0.0,,0.0,0.0,0.00035888312276380823,0.0,0.0,0.0,0.0,0.0,0.0,0.0,0.0,0.0,0.0,0.0,0.0,0.0,0.0,-0.006220646325153184,0.0,0.0,0.0,0.00029027098932227067,0.0,0.0,,0.0,0.0,0.0,0.0,0.0,0.0,0.0,0.0,0.0,0.0,-13.88386053310939,0.0,0.0,-13.934185561879879,0.0,0.0,0.0,0.0,0.09330969487729775,0.0,0.0,0.0,0.0,0.0,0.0,-0.007606236197940739,0.0,0.0,0.0,0.0,0.0,0.0,0.0,0.0,0.0,0.013368479991604277,0.0,0.0,,0.0,0.0,0.0,0.0,0.0,0.0,0.0,0.0,0.0,0.0,0.0,0.0,0.0,0.012441292650306367,0.0,0.0,-0.10899905950163251,0.0,0.0,0.0,0.0,0.0,0.0,0.0,0.0,0.0,0.0,0.0,0.0,0.0,0.0,0.0,0.0,0.0,0.0,0.0,0.0,0.0,-4.224751951727785,0.0,0.0,0.9318528195079469,0.0,-2.519361761687039,0.0,0.0,0.0,0.0,0.09999913715744416,0.0,0.0,-0.012130260334048707,,0.0,,0.0,0.0,,0.04099421528141574,-0.4999956857873747,0.0,0.0,,-0.07122640042300395,0.0,0.0,0.0,0.0,0.0,0.0,0.0,0.0,0.0,0.007769369537482432,0.0,0.00012018291488728986,,0.0,0.0,0.0,0.2218397504192438,-33.877082613630435,-2.505993281695435
2007-03-01,,1.3374389599314703e-05,0.0,0.0,0.0,0.0,0.0,0.0,0.0,0.0,0.0,0.0,0.0,-1.4960654411993406,0.0,0.0,,0.0,0.0,0.0005757513837819026,0.0,0.003110323162576592,0.0,0.0,0.0,0.0,0.0,0.0,0.0,0.0,0.0,0.0,0.0,0.0,-0.006220646325153184,0.0,0.0,0.0,-0.0001922289696507127,0.0,0.0,,0.0,-0.014805138253864576,0.0,0.0,0.0,0.0,0.0,0.0,0.0,0.0,-46.53074554446207,0.0,0.0,-6.749494572486081,0.0,0.0,0.0,0.0,0.031103231625765917,0.0,-0.3110323162576591,0.0,0.0,0.0,0.0,0.00034009517588872123,0.0,0.0,0.0,0.0,0.0,0.0,0.0,0.0,0.0,0.6422039127741014,0.0,0.0,,0.0,0.0,0.0,0.0,0.0,0.0,0.0,0.0,0.0,0.0,0.0,0.0,0.0,0.0,0.0,0.0,-0.10299911127215354,0.0,0.0,0.0,0.0,0.0,0.0,0.0,0.0,0.0,0.0,0.0,0.0,0.0,0.0,0.0,0.0,0.0,0.0,0.0,0.0,0.0,3.195857049547448,0.0,0.0,5.335137320767628,0.0,0.0,0.0,0.0,0.0,0.0,0.0,0.0,0.0,0.0,,0.0,,-39.81213648098037,0.0,,-0.00015220868666906954,-1.1999896458894095,0.0,0.0,,-0.00031103231625765915,0.0,0.0,0.0,0.0,0.0,0.0,0.0,0.0,0.0,0.0,0.0,-1.8039130246659274e-05,,-0.31103231625765915,0.0,0.0,-0.36108185832339595,-87.68793552198319,0.6422039127741014
2007-04-01,,1.430748654759886e-05,0.0,0.0,0.0,0.0,0.0,0.0,0.0,0.0,0.0,0.0,0.0,-0.8428975770582563,0.0,0.0,,0.0,0.0,7.775837672352169e-05,0.0,0.003110323162576592,0.0,0.0,0.0,0.0,0.0,0.0,0.0,0.0,0.0,0.0,0.0,0.0,0.0,0.0,0.0,0.0,0.00013224278628659074,0.0,0.0,,0.0,-0.040434201113495695,0.0,0.0,0.0,0.0,0.0,0.0,0.0,0.0,-48.08528506111785,0.0,0.0,-8.304500637616249,0.0,0.0,0.0,0.0,0.031103231625765917,0.0,0.0,0.0,0.0,0.0,0.0,0.0003291250660942173,0.0,0.0,0.0,0.0,0.0,0.0,0.0,0.0,0.0,0.3213338620982235,0.0,0.0,,0.0,0.0,0.0,0.0,0.0,0.0,0.0,0.0,0.0,0.0,0.0,0.0,0.0,0.0,0.0,0.0,-0.04999956857873792,0.0,0.0,0.0,0.0,0.0,0.0,0.0,0.0,0.0,0.0,0.0,0.0,0.0,0.0,0.0,0.0,0.0,0.0,0.0,0.0,0.0,-0.6301514727380175,0.0,0.0,0.4668595067027464,0.0,1.4618518864109982,0.0,0.0,0.0,0.0,0.0,0.0,0.0,0.0,,0.031103231625765917,,-39.81213648098037,0.0,,0.0,-0.9999913715744307,0.0,0.0,,0.050076202917483124,0.0,0.0,0.0,0.0,0.0,0.0,0.0,0.15551615812882957,0.0,-0.0002643774688190103,0.0,1.836623716854656e-10,,0.0,0.0,0.0,-0.5856144259630712,-96.8297673376376,1.7831857485092217
2007-05-01,,1.524058349678824e-05,0.0,0.0,0.0,0.0,0.0,-0.49765170601225467,0.0,0.0,0.0,0.0,0.0,-0.3017013467699294,0.0,0.0,,0.0,0.0,0.00034555722932545015,0.0,0.0,0.0,0.0,0.0,0.0,0.0,0.0,0.0,0.0,0.0,0.0,0.0,0.0,-0.003110323162576592,0.0,0.0,0.0,-0.002624291554277018,0.0,0.0,,0.0,0.005878510777269758,0.0,0.0,0.0,0.0,0.0,0.0,0.0,0.0,-38.53721501664023,0.0,0.0,-5.536406332617959,0.0,0.0,-1.928400360797487,0.0,0.062206463251531834,0.0,0.0,0.0,0.0,0.0,0.0,-0.01165979596280079,0.0,0.0,0.0,0.0,0.0,0.0,0.0,0.0,0.0,1.5545653012344913,0.0,0.0,,0.0,0.0,0.0,0.0,0.0,0.0,0.0,0.0,0.0,0.0,0.0,0.0,0.0,0.0,0.0,0.0,-0.09199920618484628,0.0,0.0,0.8851379428322604,0.0,0.0,0.0,0.0,0.0,0.0,0.0,0.0,0.0,0.0,0.0,0.0,0.0,0.0,0.0,0.0,0.0,0.0,0.30481166993250597,0.0,0.0,3.110945227209107,-0.031103231625765917,0.9330969487729776,0.0,0.0,0.0,0.0,0.0,0.0,0.0,0.0,,0.0,,-30.63668315137943,0.0,,0.020648701832676985,-0.49999568578705605,0.0,0.0,,0.03514665173711549,0.0,0.0,0.0,0.0,0.0,0.0,0.0,0.09330969487729775,0.0,-8.086840389549875e-07,0.0,-3.2489099240223715e-10,,0.0,0.0,0.0,0.6566482540000904,-70.4157950932334,2.4876622500074688
2007-06-01,,1.4618518864146189e-05,0.0,0.0,0.0,0.0,0.031103231625765917,-3.4835619420857826,0.0,0.0,0.0,0.0,0.0,1.6329196603527107,0.0,0.0,,0.0,0.0,0.0005746633924283385,0.0,0.0,0.0,0.0,0.0,0.0,0.0,0.0,0.0,0.0,0.0,0.0,0.0,0.0,0.003110323162576592,0.0,0.0,0.0,-0.00045326222871667446,0.0,0.0,,0.0,-0.0015014765015081272,0.0,0.0,0.0,0.0,0.0,0.0,0.0,0.0,-48.2722154831887,0.0,0.0,-7.962333986501197,0.0,0.0,0.0,0.0,0.062206463251531834,0.03421355478834251,0.0,0.0,0.0,0.0,0.0,0.0002357749370163749,0.0,0.0,0.0,0.12441292650306367,0.0,0.0,0.0,0.0,0.0,-0.009285434351034245,0.0,0.0,,0.0,0.0,0.0,0.0,0.0,0.0,0.0,0.0,0.0,0.0,0.0,0.0,0.0,0.0,0.0,0.0,-0.15299867985089102,0.0,0.0,0.0,0.0,0.0,0.31103231625765965,0.0,0.0,0.0,0.0,0.0,0.0,0.0,0.0,0.0,0.0,0.0,0.006220646325153184,0.0,0.0,0.0,-0.32440670585673853,0.0,0.0,0.0049765170601225464,0.0,4.2611427327299305,0.0,0.0,0.0,0.0,0.0,0.0,0.0,0.0,,0.0,,0.0,0.0,,-0.00015142869339659793,-1.2999887830468846,-13.89988006488444,0.0,,0.06656091567913906,0.0,0.0,0.0,0.0,0.0,0.0,0.0,0.0,0.0,0.003825697489969208,0.0,-1.9357467865818933e-10,,0.0,0.0,0.0,-0.45175021215143557,-69.31597741746002,4.251857298378896
2007-07-01,,1.492955118024091e-05,0.0,0.0,0.0,0.0,0.0,-2.985910236073528,0.0,0.0,0.0,0.0008086840222699138,0.0,-0.04976517060122547,0.0,0.0,,0.0,0.0,7.77573767560629e-05,0.0,0.0,0.0,0.0,0.0,0.0,0.0,0.0,0.0,0.0,0.0,0.0,0.0,0.0,0.0,0.0,0.0,0.0,0.0027936759896752756,0.0,0.0,,0.0,-3.4712108488886e-05,0.0,0.0,0.0,0.0,0.0,0.0,0.0,0.0,-39.81213648098037,0.0,0.0,-8.739945880376972,0.0,0.0,-3.110323162576592,0.0,0.031103231625765917,-0.03421355478834251,0.0,0.0,0.0,0.0,0.0,-0.005108419644801308,0.0,0.0,0.0,-0.12441292650306367,0.0,0.0,0.0,0.0,0.0,-2.489037883739539,0.0,0.0019999827431501503,,0.0,0.0,0.0,0.0,0.0,0.0,0.0,0.0,0.0,0.0,0.0,0.0,0.0,0.0,0.0,0.0,-0.09499918029958644,0.0,0.0,0.0,0.0,0.0,0.0,0.0,0.0,0.0,0.0,0.0,0.0,0.0,0.0,0.0,0.0,0.0,0.0,0.0,0.0,0.0,1.439146527324189,0.0,0.0,-0.0052875493763802055,0.003110323162576592,0.5287549376380206,0.0,0.0,0.0,0.0,0.0,0.0,0.0,0.0,,0.0,,-24.882585300612735,0.0,,0.04264294905531382,-0.7999930972594809,-34.09970577068824,0.0,,0.03328045783956953,0.0,0.0,0.0,0.0,0.0,0.0,0.0,0.09330969487729775,0.0,-1.3778731609287352e-05,0.0,5.688382858932292e-10,,0.0,0.0,0.0,0.08292422721028274,-114.97350572537607,-1.9602829461015183
2007-08-01,,1.4618518864598801e-05,0.0,0.0,0.0,0.0,0.0,-0.5287549376380206,0.0,0.0,0.0,0.0,0.0,-5.956268856334173,0.0,0.0,,0.0,0.0,0.0004735162035368858,0.0,0.0,0.0,0.0,0.0,0.0,0.0,0.0,0.0,0.0,0.0,0.0,0.0,0.0,-0.003110323162576592,0.0,0.0,0.0,-0.0002859244164464559,0.0,0.0,,0.0,-9.153681065921858e-08,0.0,0.0,0.0,0.0,0.0,0.0,0.0,0.0,-8.4771857796025,0.0,0.0,-7.962582812354204,0.0,0.0,0.0,0.0,0.0,0.0,0.0,0.0,0.0,0.0,0.0,0.005595682871450477,0.0,0.0,0.0,0.0,0.0,0.0,0.0,0.0,0.0,0.0015718640141805056,0.0,1.262989102298528,,0.0,0.0,0.0,0.0,0.0,0.0,0.0,0.0,0.0,0.0,0.0,0.0,0.0,0.0,0.0,0.0,0.9119921308759291,0.0,0.0,0.8784569686790454,0.0,0.0,0.9330969487729771,0.0,0.0,0.0,0.0,0.0,0.0,0.0,0.0,0.0,0.0,0.0,0.0,0.0,0.0,0.0,2.9436098410624862,0.0,0.0,0.47059189449783834,-0.003110323162576592,10.761718142515008,0.0,0.0,0.0,0.0,0.0,0.0,0.0,0.0,,0.0,,0.0,0.0,,-0.0002533478139902615,-1.0999905087319346,-34.11970559811833,0.0,,-0.05971820472147056,0.0,0.0,0.0,0.0,-0.00027992908463189323,0.0,0.0,-0.031103231625765917,0.0,0.0,-1.2441317863306552e-07,0.0031261865072087815,,0.0,0.0,0.0,0.3914996841040215,-39.677613411795534,10.76329000652919
2007-09-01,,1.492955118024091e-05,0.0,0.0,0.0,0.0,0.0,-1.2441292650306366,0.0,0.0,0.0,0.0,0.0,0.05287549376380206,0.0,0.0,,0.0,0.0,0.000491431059681308,0.0,0.0,0.0,0.0,0.0,0.0,0.0,0.0,0.0,0.0,0.0,0.0,0.0,0.0,-0.006220646325153184,0.0,0.0,0.0,0.005569016962998358,0.0,0.0,,0.0,-0.0668730645081004,0.0,0.0,0.0,0.0,0.0,0.0,0.0,0.0,-9.144661130291437,0.0,0.0,-7.8690553948555255,0.0,0.0,-0.09330969487729775,0.0,0.062206463251531834,0.0,-0.1555161581288296,0.0,0.0,0.0,0.0,0.00023577493701592227,0.0,0.0,0.0,0.0,0.0,0.0,0.0,0.0,0.0,-4.663236229042028,0.0,0.0,,0.0,0.0,0.0,0.0,0.0,0.0,0.0,0.0,0.0,0.0,0.0,0.0,0.0,0.0,0.0,0.0,-0.04399962034928883,0.0,0.0,0.0,0.0,0.0,-0.9330969487729771,0.0,0.0,0.0,0.0,0.0,0.0,0.0,0.0,0.0,0.0,0.0,0.0,0.0,0.0,0.0,-17.63273304096297,0.0,0.0,-1.5483188703306274,0.0,10.326272899754285,0.0,0.0,0.0,0.0,0.09999913715744235,0.0,0.0,0.0,,0.0,,0.0,0.0,,-4.966957142543531e-05,-0.7999930972594809,-30.799734244493244,0.0,,0.050076202917483124,0.0,0.0,0.0,0.0,0.0,0.0,0.0,0.12441292650306367,0.0,0.0,0.0,-1.8041304798901957e-05,,0.0,0.0,0.0,-0.09077516616965245,-64.36956600641498,5.663036670712256
2007-10-01,,1.430748654759886e-05,0.0,0.0,0.0,0.0,0.0,0.0,0.0,0.0,0.0,0.006220646325153184,0.0,-0.003110323162576592,0.0,0.0,,0.0,0.0,7.862836988456553e-05,0.0,0.0,0.0,0.0,0.0,0.0,0.0,0.0,0.0,0.0,0.0,0.0,0.0,0.0,-0.006220646325153184,0.0,0.0,0.0,-0.0028432624504712177,0.0,0.0,,0.0,-7.775935429756947e-05,0.0,0.0,0.0,0.0,0.0,0.0,0.0,0.0,-36.57708935958446,0.0,0.0,-20.217131659979472,0.0,0.0,0.0,0.0,0.12441292650306367,0.05598581692637865,0.0,0.0,0.0,0.0,0.0,0.0002436316133245846,0.0,0.0,0.0,0.0,0.0,0.0,0.0,0.0,-9.330969487367685e-06,-0.009095673551989791,0.0,0.0,0.0,0.0,0.0,0.0,0.0,0.0,0.0,0.015551615812882958,0.0,0.0,0.0,0.0,0.0,0.0,0.0,0.0,0.0,-0.15399867122248193,0.0,0.0,0.0,0.0,0.0,-0.31103231625765965,0.0,0.0,0.0,-16.484712761655935,0.0,0.0,0.0,0.0,0.0,0.0,0.0,0.009330969487729775,0.0,0.0,0.0,3.0440732792137246,0.0,0.0,1.5548505489720381,-0.9642001803987434,9.673105035613201,0.0,0.0,0.0,0.0,0.0,0.0,0.0,0.0,,0.062206463251531834,,0.0,0.0,,0.05199493736168378,-0.40999646234581527,-10.8499063815838,0.0,,0.034835619420857826,0.0,0.0,0.0,0.0,0.0,0.0,0.0,0.062206463251531834,0.0,0.0,0.0,-0.004983009646201394,,0.0,0.0,0.0,0.27100626146611,-71.02829064741292,9.664009362061211
2007-11-01,,1.399645423150414e-05,0.0,0.0,0.0,0.0,0.0,0.0,0.0,0.0,0.0,0.0,0.0,0.0,-0.031103231625765917,0.0,,0.0,0.0,0.0008431782395600386,0.0,0.003110323162576592,0.0,0.0,0.0,0.0,0.0,0.0,0.0,0.0,0.0,0.0,0.0,0.0,0.003110323162576592,0.0,0.0,0.0,-0.003151400687763369,0.0,0.0,,0.0,-4.665562502173951e-05,3.1103231625765914e-05,0.0,0.0,0.0,0.0,0.0,0.0,0.0,-14.276072283910299,0.0,0.0,-11.881341171347703,0.0,0.0,0.0,0.0,0.1866193897545955,-0.05598581692637865,0.0,0.0,0.0,0.0,0.0,0.00023577182669306458,0.0,0.0,0.0,0.0,0.0,0.0,0.0,0.0,1.5551709122577833,6.2254915554838055,0.0,0.0,0.0,0.0,0.0,0.0,0.0,0.0,0.0,0.0,0.0,0.0,0.0,0.0,0.0,0.0,0.0,0.0,0.0,-0.10899905950160128,0.0,0.0,0.8866557805355985,0.0,0.0,0.0,0.07153743273926161,0.0,0.0,-2.519361761687039,0.0,0.0,0.0,0.0,0.0,0.0,0.0,0.10575098752760412,0.0,0.0,0.0,1.8913875151628254,0.0,-0.031103231625765917,0.0006220646325153183,0.012441292650306367,7.62029174831265,0.0,0.0,0.0,0.0,0.0,0.0,0.0,0.0,,0.062206463251531834,,0.0,0.0,,0.0,-0.7899931835435944,-11.339902153656187,0.0,,0.03514665173711549,0.0,0.0,0.0,0.0,0.0,0.0,0.0,0.27992908463189325,0.0,0.0,0.0,0.00498301077272686,,0.0,0.0,0.0,-0.31535997253843745,-22.406841337148077,13.845783303796455
2007-12-01,,0.0,0.0,0.0,0.0,0.0,0.0,0.0,0.0,0.0,0.0,0.0,0.0,0.678050449441697,0.0,0.0,,0.0,0.0,0.0015522375546681627,0.0,0.003110323162576592,0.0,0.0,0.0,0.0,0.0,0.0,0.0,0.0,0.0,0.0,0.0,0.0,0.0,0.0,0.0,0.0,0.003264042245100313,0.0,0.0,,0.0,-0.0039034895959674147,0.0,0.0,0.0,0.0,0.0,0.0,0.0,0.0,-49.824266741314425,0.0,0.0,-7.371434792074896,0.0,0.0,0.0,0.0,0.031103231625765917,0.021772262138036142,0.0,0.0,0.0,0.0,0.0,0.0002436347236474423,0.0,0.0,0.0,0.0,0.0,0.0,0.0,0.0,0.0,0.6222115952844488,0.0,0.0009999913715596864,0.0,0.0,0.0,0.0,0.0,0.0,0.0,0.0,0.0,0.0,0.0,0.0,0.0,0.0,0.31103231625765915,0.0,0.0,-0.1139990163594916,0.0,0.0,0.8022080184131125,0.0,0.0,0.0,0.0,0.0,0.0,-0.49765170601225467,0.0,0.0,0.0,0.0,0.0,0.0,0.0,0.0,0.0,0.0,0.0,-0.15396099654754128,0.0,0.0,-0.0006220646325153183,0.0,4.509968585736058,0.0,0.0,0.0,0.0,0.0,0.0,0.0,0.0,,0.0,,0.0,0.0,,0.01406075067681267,-0.699993960102006,-9.77991561399631,0.0,,0.07495878821809586,0.0,0.0,0.0,0.0,0.0,-0.00024723786693737815,-0.00024723786693737815,0.062206463251531834,0.0,0.0,0.0,-2.4260547767444662e-05,,0.0,0.0,0.0,-0.30663202298421505,-61.616156449800506,5.132180181020506
2008-01-01,,2.9237037728292378e-05,0.0,0.0,0.0,0.0,0.0,0.0,0.0,0.0,0.0,0.0,0.0,-0.003110323162576592,0.0,0.0,,0.0,0.0,0.0,0.0,0.009330969487729775,0.0,0.0,0.0,0.0,0.0,0.0,0.0,0.0,0.0,0.0,0.0,0.0,0.0,0.0,0.0,0.0,0.001555161581288296,0.0,0.0,,-0.6002923703772822,0.0014596746601969772,0.0,0.0,0.0,0.0,0.0,0.0,0.0,0.0,-0.5038723523374079,0.0,0.0,-16.111629498304875,0.0,0.0,0.0,0.0,0.12441292650306367,-0.021772262138036142,0.0,0.0,0.0,0.0,0.0,0.0002436316133245846,0.0,0.0,0.0,0.5287549376380206,0.0,0.0,0.0,0.0,1.555410407141302,-1.851272993068641,0.0,0.006999939601039105,0.0,0.0,0.0,1.5373883060735596,0.0,0.0,0.0,0.0,0.0,0.0,0.0,0.0,0.0,0.0,-0.31103231625765915,0.0,0.0,-0.18499840374128346,0.0,0.0,-0.19215732014556275,0.0,0.0,0.0,0.0,0.0,0.0,0.0,0.0,0.0,0.0,0.0,0.0,0.0,0.0,0.0,0.0,0.0,0.0,-2.0758296787036175,0.0,0.0,0.0,-0.0002070447401308173,0.5287549376380206,0.0,0.0,0.0,0.0,0.09999913715744597,0.0,0.0,0.013996454231594662,,0.0,,0.0,0.0,,0.020030841163885958,-1.0999905087319346,-11.30990241250676,-0.09330969487729775,,0.034835619420857826,0.0,0.0,0.0,0.0,0.0,0.0,0.0,0.0,0.0,0.0,1.2441317863306552e-07,-1.2442026862898457e-05,,0.0,0.0,0.0,-0.06728307863665824,-29.96347039439435,-1.3225180554306202
2008-02-01,,1.492955118024091e-05,0.0,0.0,0.0,0.0,0.0,0.0,0.0,0.0,0.0,0.0,0.0,3.5830922832882335,0.0,0.0,,0.0,0.0,0.0028288703191116896,0.0,0.006220646325153184,0.0,0.0,0.0,0.0,0.0,0.0,0.0,0.0,0.0,0.0,0.0,0.0,0.0,0.0,0.0,0.0,-0.003421355478834251,0.0,0.0,,0.0,-0.05527044259898604,0.0,0.0,0.0,0.0,0.0,0.0,0.0,0.0,-11.508195701533388,0.0,0.0,-11.601318777020932,0.0,0.0,0.0,0.0,0.09330969487729775,0.003110323162576592,0.0,0.0,0.0,0.0,0.0,0.00022791515038417595,0.0,0.0,0.0,0.0,0.0,0.0,0.0,0.0,0.0,0.004608659148083578,0.0,0.0,0.0,0.0,0.00031125003887897074,0.0,0.0,0.0,0.0,0.0,0.0,0.0,0.0,0.0,0.0,0.0,0.0,0.0,0.0,-0.1479987229930016,0.0,0.0,-2.072091381294517,0.0,0.0,0.0,0.0,0.0,0.0,0.0,0.0,0.0,0.0,0.0,0.0,0.0,0.0,0.0,0.0,0.0,0.0,-0.22829772013313632,0.0,0.0,0.0,-0.00023999807563972493,0.3421355478834251,0.0,0.0,179.95396721719388,0.0,0.09999913715744416,0.0,0.0,0.0,,0.031103231625765917,,0.0,0.0,,0.011427313399427772,-0.6999939601023246,-10.949905518739595,0.0,,0.0,0.0,0.0,0.0,0.0,0.006220646325153184,0.0,0.0,0.062206463251531834,0.0,0.0,-1.2441317863306552e-07,3.9088266743960283e-10,,0.0,0.0,0.0,1.1894720813580697,148.12352250806296,0.34674420703150866
2008-03-01,,1.3685421915409421e-05,0.0,0.0,0.0,0.0,0.031103231625765917,0.0,0.0,0.0,0.0,0.0,0.0,6.127336630275885,-0.031103231625765917,0.0,,0.0,0.0,0.005551553489787508,0.0,0.012441292650306367,0.0,0.0,0.0,0.0,0.0,0.0,0.0,0.0,0.0,0.0,0.0,0.0,-0.006220646325153184,0.0,0.0,0.0,-0.004354452427607228,0.0,0.0,,0.0,-0.05331093900656278,-0.0007153743273926161,0.0,0.0,0.0,0.0,0.0,0.0,0.0,-6.998227115797332,0.0,0.0,-6.998413735187086,0.0,0.0,0.0,0.0,0.031103231625765917,0.0,0.0,0.0,0.0,0.0,0.0,0.0002436316133248109,0.0,0.0,0.0,0.0,0.0,0.0,0.0,0.0,-1.7106777394171255,-0.3133718391347195,0.0,0.007999930972598792,0.0,0.0,-0.00031125003887897074,0.0,0.0,0.0,0.0,0.0,0.0,0.0,0.0,0.0,0.0,0.0,0.0,0.0,0.0,-0.32099723027540045,0.0,0.0,0.0,0.0,0.0,-0.0006771173524925981,0.0,0.0,0.0,0.0,0.0,0.0,0.0,0.0,0.0,0.0,0.0,0.0,0.0,0.6600105750987527,0.0,0.22891978476565164,0.0,0.0,0.0,0.00020999831637123528,5.785201082392461,0.0,0.0,0.0,0.0,0.0,0.0,0.0,0.0,,0.031103231625765917,,0.0,0.0,,0.020913066551603347,-0.3999965486295811,-9.739915959136587,0.0,,0.03514665173711549,0.0,0.0,0.0,0.0,0.0,0.0,0.0,0.062206463251531834,0.0,0.0,0.0,-0.00010326320264062649,,0.0,0.0,0.0,11.28470318566397,-2.254189214805752,5.471829243257742
2008-04-01,,1.4618518864146189e-05,0.0,0.0,0.0,0.0,0.0,0.0,0.0,0.0,0.0,0.0,0.0,-3.3093838449814936,0.0,0.0,,0.0,0.0,0.00034627222388052117,0.0,0.006220646325153184,0.0,0.0,0.0,0.0,0.0,0.0,0.0,0.0,0.0,0.0,0.0,0.0,0.0,0.0,0.0,0.0,0.0010971350650013979,0.0,0.0,,0.0,0.0,0.0,0.0,0.0,0.0,0.0,0.0,0.0,0.0,-5.972442536779571,0.0,0.0,-6.034026935398588,0.0,0.0,0.0,0.0,0.062206463251531834,0.0,0.0,0.0,0.0,0.0,0.0,0.00023577182669283828,0.0,0.0,0.0,0.0,0.0,0.0,0.0,0.0,0.6224378712948275,0.002960032346435912,0.0,0.0,0.0,0.0,0.0,0.0,0.0,0.0,0.0,0.003110323162576592,0.0,0.0,0.0,0.0,0.0,0.0,0.0,0.0,0.0,-0.195998308828593,0.0,0.0,0.9634428167086558,0.0,0.0,0.0,0.0,0.0,0.0,0.0,0.0,0.0,0.0,0.0,0.0,0.0,0.0,0.0,0.0,0.0,0.0,1.1912537712668345,0.0,0.0,0.0,0.00023704449939930693,0.8708904855214457,0.0,0.0,0.0,0.0,0.0,0.0,0.0,0.0,,0.0,,0.0,0.10634194892849368,,-0.0001520486880467949,-1.0999905087319346,-12.489892230963354,0.0,,0.0,0.0,0.0,0.0,0.0,0.0,0.0,0.0,0.0,0.0,0.0,0.0,-0.00012627836836307102,,0.0,0.0,0.0,-12.349780392445869,-37.62099788424602,0.8738505178678816
2008-05-01,,1.4618518864146189e-05,0.0,0.0,0.0,0.0,0.0,0.0,0.0,0.0,0.0,0.0,0.0,0.0,0.0,0.0,,0.0,0.0,0.0026933844051434223,0.0,0.003110323162576592,0.0,0.0,0.0,0.0,0.0,0.0,0.0,0.0,0.0,0.0,0.0,0.0,0.0,0.0,0.0,0.0,0.0038411987385645876,0.0,0.0,,0.0,-0.0015862648129140618,0.0,0.0,0.0,0.0,0.0,0.0,0.0,0.0,-5.318341575689714,0.0,0.0,-5.34966252993686,0.0,0.0,0.0,0.0,0.031103231625765917,0.0,0.0,0.0,0.0,0.0,0.0,0.0002436316133245846,0.0,0.0,0.0,0.0,0.0,0.0,0.0,0.0,0.0,1.2543097881848133,0.0,0.0,0.0,0.0,0.0,0.0,0.0,0.0,0.0,0.0,0.0,0.0,0.0,0.0,0.0,0.0,0.0,0.0,0.0,-0.16299859356663543,0.0,0.0,0.0,0.0,0.0,0.0,0.0,0.0,0.0,0.0,0.0,0.0,0.0,0.0,0.0,0.0,0.0,0.0,0.0,0.0,0.0,2.3968150290815218,0.0,0.0,0.0,0.0,1.555161581288296,0.0,0.0,0.0,0.0,0.0,0.0,0.0,0.0,,0.0,,0.0,0.0,,0.03352278074868578,-0.5999948229448496,-11.42990137709844,0.0,,0.09828621193742029,0.0,0.0,0.0,0.001555161581288296,0.0010575098752760412,0.0,0.0,0.062206463251531834,0.0,0.0,1.2441317863306552e-07,-6.22139138687903e-06,,0.0,0.0,0.0,-0.47323736053885784,-17.89180770755341,2.8094713694731093
2008-06-01,,1.4618518864146189e-05,0.0,0.0,0.0,0.0,0.0,0.0,0.0,0.0,0.0,0.0,0.0,0.024882585300612735,-0.031103231625765917,0.0,,0.0,0.0,0.0037083762676164626,0.0,-0.2674877919815869,0.0,0.0,0.0,0.0,0.0,0.0,0.0,0.0,0.0,0.0,0.0,0.0,0.0,0.0,0.0,0.0,0.00016908262728748346,0.0,0.0,,0.0,0.0,0.0,0.0,0.0,0.0,0.0,0.0,0.0,0.0,-11.912226680352088,0.0,0.0,-7.620385058007527,0.0,0.0,-4.2611427327299305,0.0,0.031103231625765917,0.0,0.0,0.0,0.0,0.0,0.0,0.0,0.0,0.0,0.0,0.0,0.0,0.0,0.0,0.0,0.00046654847438648876,0.008623713110625875,0.0,0.008999922344156667,0.0,0.0,0.0,0.0,0.0,0.0,0.0,0.0,-0.031103231625765917,0.0,0.0,0.0,0.0,0.0,0.0,0.0,0.0,-0.1369988179056984,0.0,0.0,-2.1827560573543585,0.0,0.0,0.0003295387390750261,0.0,0.0,0.0,0.0,0.0,0.0,0.0,0.0,0.0,0.0,0.0,0.0,0.0,0.0,0.0,-0.08957730708220583,0.031103231625765917,0.0,0.0,0.0,3.5457684053373146,0.0,0.0,0.0,0.0,0.0,0.0,0.0,0.0,,0.0,,0.0,0.0,,-9.922914379959851e-05,-0.8999922344169847,-12.049896027470487,0.0,,0.001866193897545955,0.0,0.0,0.0,0.0,-0.0010575098752760412,0.0,0.0,0.0,0.0,0.0,0.0,4.792865368821395e-10,,0.0,0.0,0.0,-0.14048215712461418,-35.967272618347785,3.5854953500737063
2008-07-01,,1.492955118069352e-05,0.0,0.0,0.0,0.0,0.0,0.0,0.0,0.0,0.0,-0.0012130260334048707,0.0,-1.1321576311778794,0.0,0.0,,0.0,0.0,0.000877981960744443,0.0,0.2705981151441635,0.0,0.0,0.0,0.0,0.0,0.0,0.0,0.0,0.0,0.0,0.0,0.0,0.0,0.0,0.0,0.0,-0.0036923744177863745,0.0,0.0,,0.0,-0.06009144350097975,0.0,0.0,0.0,0.0,0.0,0.0,0.0,0.0,-38.31918136294361,0.0,0.0,-8.39777922926192,0.0,0.0,0.0,0.0,0.062206463251531834,0.0,0.0,0.0,0.0,0.0,0.0,0.0004794065503405069,0.0,0.0,0.0,0.0,0.0,0.0,0.0,0.0,-2.020994681347392,4.324219495501561,0.0,0.0,0.0,0.0,0.0,0.0,0.0,0.0,0.0,0.0,0.0,0.0,0.0,0.0,0.0,0.0,0.0,0.0,0.0,0.8859923552149699,0.0,0.0,0.9216456719853189,0.0,0.0,0.0,0.0,0.0,0.0,0.0,0.0,0.0,0.0,0.0,0.0,0.0,-0.0005598581692637865,0.0,0.0,0.0,0.0,0.01492955118036764,0.0,0.0,0.0,0.0,9.579795340735902,0.0,0.0,0.0,0.0,0.09999913715744416,0.0,0.0,0.0,,0.0,,0.0,0.0,,0.028979999946070124,-0.7999930972594809,-13.139886622487607,0.0,,0.13001150819570154,0.0,0.0,0.0,0.0,0.0,0.0,0.0,0.062206463251531834,0.0,-7.766476935424285e-05,0.0,7.90019395318792e-05,,-0.31103231625765915,0.0,0.0,-0.0741049474073864,-47.878728833467356,13.904014836237463
2008-08-01,0.0,1.492955118024091e-05,0.0,0.0,0.0,0.0,0.0,0.0,0.0,0.0,0.0,0.0,0.0,0.7340362663680756,0.0,0.0,,0.0,0.0,-0.02713159846878366,0.0,0.0,0.0,0.0,0.0,0.0,0.0,0.0,0.0,0.0,0.0,0.0,0.0,0.0,0.0,0.0,0.0,0.0,-0.0055595602147740395,0.0,0.0,,0.0,0.0,0.0,0.0,0.0,0.0,0.0,0.0,0.0,0.0,-5.1634474821933996,0.0,0.0,-5.194239681502908,0.0,0.0,0.0,0.0,0.031103231625765917,0.0,0.0,0.0,0.0,0.0,0.0,0.0002436316133245846,0.0,0.0,0.0,0.0,0.0,0.0,0.0,0.0,0.0012441292650306366,-2.481300954868285,0.0,0.0,0.0,0.0,0.0,0.7287042838036747,0.0,0.0,0.0,0.0,0.0,0.0,0.0,0.0,0.0,0.0,0.0,0.0,0.0,0.8999922344170015,0.0,0.0,0.9044502503810149,0.0,0.0,0.000347578613417572,0.0,0.0,0.0,0.0,0.0,0.0,0.0,0.0,0.0,0.0,0.0,0.0,0.0,0.0,0.0,0.03328045783956953,0.0,0.0,0.0,0.0,14.120867158097726,0.0,0.0,0.0,0.0,0.09999913715744597,0.0,0.0,0.0,,0.031103231625765917,,0.0,0.0,,-0.00015261868312983653,-1.3999879202043595,-11.449901204528766,0.0,,0.0,0.0,0.0,0.0,0.0,0.0,0.0,0.0,0.09330969487729775,0.0,0.0,0.0,-0.00016360254877453655,,0.0,0.0,0.0,0.08241593229720602,-7.960772475679686,11.63956620322944
2008-09-01,0.0,1.492955118024091e-05,0.0,0.0,0.0,0.0,0.0,0.0,0.0,0.0,0.0,0.0,0.0,-1.0015240583496625,-0.031103231625765917,0.0,,0.0,0.0,0.004250069924419257,0.0,0.0,0.0,0.0,0.0,-0.0009953034120245092,0.0,0.0,0.0,0.0,0.0,0.0,0.0,0.0,-0.003110323162576592,0.0,0.0,0.0,0.011324517646240236,0.0,0.0,,0.0,-0.045348511710366704,0.0,0.0,0.0,0.004852104133619483,0.0,0.0,0.0,0.0,-8.770800286149731,0.0,0.0,-8.211253149202202,0.0,0.0,-0.5287549376380206,0.0,0.0,0.0,0.11987247675033437,0.0,0.0,0.0,0.0,-0.0049869988491804155,0.0,0.0,0.0,0.0,0.0,0.0,0.0,0.0,0.0005909614008895524,1.4039052906593747,0.0,0.0,0.0,0.0,0.00031125003887897074,0.0,0.0,0.0,0.0,0.0,0.0,0.0,0.0,0.0,0.0,0.0,0.0,0.0,0.0,-0.12799889556153812,0.0,0.0,-1.324991135578986,0.0,0.0,0.0,0.0,0.0,0.0,0.0,0.0,0.0,0.0,0.0,0.0,0.0,0.0,0.0,0.0,0.0,0.0,0.0,0.0,0.0,0.0,0.0,9.206556561226712,0.0,0.0,0.0,0.0,0.09999913715744416,0.0,0.0,0.0,,0.0,,0.0,0.0,,-0.00010281611285165379,-1.099990508731616,-12.559891626975746,0.0,,0.05007620291748335,0.0,0.0,0.0,0.0,0.0,0.0,0.0,0.0,0.0,-1.8661939137675544e-06,0.0,-6.219964338235668e-06,,0.0,0.0,0.0,0.1508840076689823,-22.65822236014296,10.610461851886086
2008-10-01,0.0,4.69658797547436e-05,0.0,0.0,0.0,0.0,0.0,0.0,0.0,0.0,0.0,0.0,0.0,0.2923703772821996,0.0,0.0,,0.0,0.0,0.001605860125036515,0.0,0.0,0.0,0.0,0.0,0.0,0.0,0.0,0.0,0.0,0.0,0.0,0.0,0.0,0.0,0.0,0.0,0.0,-0.014495006464543245,0.0,0.0,,0.0,0.0,0.0,0.0,0.0,0.0,0.0,0.0,0.0,0.0,-19.066280986594506,0.0,0.0,-18.755124257410344,0.0,0.0,0.0,0.0,-0.31103231625765915,0.0,0.0,0.0,0.0,0.0,0.0,0.0,0.0,0.0,0.0,0.0,0.0,0.0,0.0,0.0,0.004043420111349569,-0.017748312651543297,0.0,0.0,0.0,0.0,-0.00031125003887897074,0.07997973846623736,0.0,0.0,0.0,0.009330969487729775,0.0,0.0,0.0,0.0,0.0,0.0,0.0,0.0,-0.006220646325153184,-0.42399634154757254,0.0,0.0,0.9165242138658202,0.0,0.0,0.0,0.0,0.0,0.0,0.0,0.0,0.0,0.0,0.0,0.0,0.0,0.0,0.0,0.0,0.0,0.0,16.8691487045504,0.0,0.0,0.003110323162576592,0.0,11.010543995521134,0.0,0.0,0.0,0.0,0.09999913715744416,0.0,0.0,0.0,,0.31103231625765915,,0.0,0.0,,-0.00010334210831396027,-1.1999896458894095,0.02999974114965834,0.0,,0.04976517060122524,0.0,0.0,0.0,0.0,0.0,0.0,0.0,0.062206463251531834,0.0,1.8661939137675544e-06,-1.2441317863306552e-07,-1.2442210813074536e-05,,0.0,0.0,0.0,0.23901003704866255,-9.816595371799576,10.992795682869591
2008-11-01,0.0,0.00029765792665834446,0.0,0.0,0.0,0.0,0.0,0.0,0.0,0.0,0.0,0.0,0.0,-0.30792199309508256,0.0,0.0,,0.0,0.0,0.0028990387564918323,0.0,0.024882585300612735,0.0,0.0,0.0,0.0,0.0,0.0,0.0,0.0,0.0,0.0,0.0,0.0,0.0,0.0,0.0,0.0,0.01613606523277627,0.0,0.0,,0.0,0.0,0.0,0.0,0.0,-0.004852104133619483,0.0,0.0,0.0,0.0,-9.424590214923331,0.0,0.0,-1.2752635998880284,0.0,0.0,0.0,0.0,-0.15551615812882957,0.0,0.0,0.0,0.0,0.0,0.0,0.0,0.0,0.0,0.0,0.0,0.0,0.0,0.0,0.0,0.0016173680445398277,0.04388799725918083,0.0,0.0,0.0,0.0,0.0,0.0,0.0,0.0,0.0,0.0,0.0,0.0,-0.001150819570153339,0.0,0.0,0.0,0.0,0.0,-0.00031103231625765915,2.6429771950712886,0.0,0.0,-0.9952608005971821,0.0,0.0,0.0,0.0,0.0,0.0,-7.99353052782184,0.0,0.0,0.0,0.0,0.0,0.0,0.0,0.0,0.0,0.0,0.0,3.7460732170072473,0.0,0.0,0.0,-0.003110323162576592,3.1103231625765337,0.0,0.0,0.0,0.0,0.0,0.0,0.0,0.0,,0.0,,0.0,0.0,,0.06509179835541966,-5.999948229446671,0.0,0.0,,0.050076202917483124,0.0,0.0,0.0,0.0,0.0,0.0,0.0,0.0,0.0,0.0,0.0,9.067552701247776e-11,,0.0,0.0,0.0,-0.04792296139778237,-16.505116475942447,3.1542111598357145
2008-12-01,0.0,-0.5794423190569499,0.0,0.0,0.0,0.0,0.0,0.0,0.0,0.0,0.0,0.0,0.0,-0.003110323162576592,0.0,0.0,,0.0,0.0,0.005231439056330771,0.0,0.012441292650306367,0.0,0.0,0.0,0.0009953034120245092,0.0,0.0,0.0,0.0,0.0,0.0,0.0,0.0,-0.003110323162576592,0.0,0.0,0.0,-0.0005024434634664461,0.0,0.0,,0.0,-0.00031103231625765915,0.0,0.0,0.0,0.004852104133619483,0.0,0.0,0.0,0.0,-16.394513389941213,0.0,0.0,-15.36508973282324,0.0,0.0,0.0,0.0,-0.031103231625765917,0.0,0.0,0.0,0.0,0.0,0.0,0.0,0.0,0.0,0.0,0.0,0.0,0.0,0.0,0.0,0.021958881527790738,0.012944045292210604,0.0,0.025999775660942904,0.0,0.0,0.0,0.0,0.0,0.0,0.0,0.0,0.0,0.0,0.0,0.0,0.0,0.0,-0.003110323162576592,0.0,0.0,-0.20499823117277818,0.0,0.0,-0.9992833815433425,0.0,0.0,0.0,0.0,0.0,0.0,-0.9953034120245093,0.0,0.0,0.0,0.0,0.0,0.0,0.0,0.0,0.0,0.0,0.0,0.18226493732698829,0.0,0.0,0.0,0.0,9.579795340735902,0.0,0.0,0.0,0.0,0.09999913715744416,0.0,0.0,0.0,,0.031103231625780402,,0.0,0.0,,0.03462332125267346,3.4999698005104354,-0.00999991371655278,0.0,,0.0,0.0,0.0,0.0,0.0,0.0,0.0,0.0,0.12441292650306367,0.0,0.0,0.0,-7.589158070293224e-05,,0.0,0.0,0.0,-0.26271005607809333,-21.216072467985093,9.592739386028112
2009-01-01,0.0,3.6079748685997094e-05,0.0,0.0,0.0,0.0,0.009181953905018957,0.0,0.0,0.0,0.0,0.0,0.0,1.4400796242729619,0.0,0.0,,0.0,0.0,0.0,0.0,0.003110323162576592,0.0,0.0,0.0,0.0,-0.9316662001181922,0.0,-0.3460545550682716,,0.0,0.0,0.0,0.0,0.0,0.0,0.0,-0.3460545550682716,-0.002017977350292681,0.0,0.0,,0.0,0.0,0.0,0.0,0.0,0.0,0.0,0.0,0.0,0.0,30.073403626636807,0.0,0.0,-5.00771360144319,-0.3992721843799571,0.0,0.0,0.0,-0.031103231625765917,0.0,0.0,0.0,0.0,0.0,0.0,0.0,0.0,0.0,0.0,0.0,0.0,0.0,0.0,0.0,3.1103231625765914e-05,0.01356119560231602,0.0,0.0,0.0,0.0,0.0,0.0,0.0,0.0,0.0,0.006220646325153184,0.0,0.0,0.0,0.0,0.0,0.0,0.0,0.0,0.0,-0.2279980327189506,0.0,0.0,-3.4042984666106806,0.0,0.0,0.0,0.0,0.0,0.0,0.0,0.0,0.0,0.0,0.0,0.0,0.0,0.0,0.0,0.0,0.0,0.0,-0.3119654132064322,0.0,0.0,0.0,0.0,4.136729806226925,0.0,0.0,0.0,0.0,0.029999741147243207,0.0,-3.328045783956953,0.0,,0.06220646325151735,,0.0,0.0,,0.010703186647553606,-1.0889906036446768,0.0,0.0,,0.0799353052782184,0.0,0.0,0.0,0.0,0.0,0.0,0.0,0.0,0.0,0.0,0.0,-3.735687465600368e-10,,7.46477559018382,0.0,0.0,-0.22782077733576933,27.676973262719446,4.150291001829241
2009-02-01,0.0,0.0,0.0,0.0,0.0,0.0,0.0,0.0,0.0,0.0,0.0,0.0,0.0,0.09330969487729775,0.0,0.0,,0.0,0.0,0.0,0.0,0.0,0.0,0.0,0.0,-0.0009953034120245092,0.0,0.0,0.0,,0.0,0.0,0.0,0.0,0.0,0.0,0.0,0.0,-0.0007944946983919765,0.0,0.0,,0.0,0.0,0.0,0.0,0.0,0.0,0.0,0.0,0.0,0.0,-23.513732076762775,0.0,0.0,-23.48284656775839,0.0,0.0,0.0,0.0,-0.031103231625765917,0.006220646325153184,0.0,0.0,0.0,0.0,0.0,0.0,0.0,0.0,0.0,0.0,0.0,0.0,0.0,0.0,-0.009330969487729775,0.008146402916245988,0.0,0.0,0.0,0.0,0.00031125003887897074,0.0,0.0,0.0,0.0,0.0,0.0,0.0,0.0,0.0,0.0,0.0,0.0,0.0,0.0,-0.24999784289362761,0.0,0.0,0.0,0.0,0.0,0.0,0.0,0.0,0.0,0.0,0.0,0.0,0.0,0.0,0.0,0.0,0.0,0.0,0.0,0.0,0.0,0.3119654132064322,0.0,0.0,0.0,0.0,1.3685421915337004,0.0,0.0,0.0,0.0,0.06999939601020096,0.0,0.0,0.0,,0.031103231625751432,,0.0,0.0,,0.0199086952178224,-0.9349919324220228,0.0,0.0,,0.0,0.0,0.0,0.0,0.0,0.0,0.0,0.0,0.062206463251531834,0.0,-0.0034232216727480185,0.0,9.654844527427608e-11,,-7.46477559018382,0.0,0.0,0.0,-53.72027784581774,1.3766885944499463
2009-03-01,0.0,0.0,0.0,0.0,0.0,0.0,0.0,0.0,0.0,0.0,0.0,0.0,0.0,0.003110323162576592,0.0,0.0,,0.0,1.3172892600541197,0.0,0.0,0.009330969487729775,0.0,0.0,0.0,0.0009953034120245092,0.0,0.0,0.0,,0.0,0.0,0.0,0.0,0.0,0.0,0.0,0.0,-0.004081993238678106,0.0,0.0,,0.0,0.0,0.0,0.0,0.0,0.0,0.0,0.0,0.0,0.0,-11.184100027992908,0.0,0.0,-10.886099965786444,0.0,0.0,0.0,0.0,-0.062206463251531834,0.0,0.0,0.0,0.0,0.0,0.0,0.0,0.0,0.0,0.0,-0.5287549376380206,0.0,0.0,0.0,0.0,0.009330969487729775,0.010292152653108991,0.0,0.0,0.0,0.0,-0.00031103231625765915,0.0,0.0,0.0,0.0,0.003110323162576592,0.0,0.0,0.0,0.0,0.0,0.0,0.2923703772821996,0.0,0.0,-0.22699804134739274,0.0,0.0,0.0,0.0,0.0,0.0,0.0,0.0,0.0,0.0,0.0,0.0,0.0,0.0,0.0,0.0,0.0,0.0,0.0,0.0,0.0,0.09984137351870859,0.0,0.0,0.0,0.0,6.78050449441697,0.0,0.0,0.0,0.0,0.05999948229445563,0.0,0.0,-0.013996454231594662,,0.0,,0.0,0.0,,-5.009956771492014e-05,-1.3719881618002538,0.0,0.0,,0.0,0.0,0.0,0.0,0.0,0.0,0.0,0.0,0.062206463251531834,0.0,0.0,0.0,-2.4883153648358185e-05,,0.0,0.0,0.0,0.0,-15.630230568140714,6.790796647070079
2009-04-01,0.0,0.0,0.0,0.0,0.0,0.0,0.0,0.0,0.0,0.0,0.0,0.0,0.0,2.0154894093496316,0.0,0.0,,0.0,0.0,0.0,0.0,0.0,0.0,0.0,0.0,-0.0009953034120245092,0.0,0.0,0.0,,0.0,0.0,0.0,454.1071817361824,0.0,0.0,0.0,0.0,-0.0019951632789701693,0.0,0.0,,0.0,-0.1119716338527573,0.0,0.0,-9.610898572622373e-06,0.0,0.0,0.0,0.0,0.0,-37.02248763646543,0.0,0.0,-2.021772262138036,0.0,0.0,0.0,0.0,0.0,0.09642001803987434,0.0,0.0,0.0,0.0,0.0,0.0,0.0,0.0,0.0,0.5287549376380206,0.0,0.0,0.0,0.0,-9.330969487367685e-06,0.6243394295664166,0.0,0.0,0.0,0.0,-3.1103231625765914e-05,0.0,0.0,0.0,0.0,0.0,0.0,0.0,0.0,0.0,0.0,0.0,0.0,0.0,0.0,-0.08099930109753856,0.0,0.0,0.6483319336879101,0.0,0.0,0.15551615812883005,0.0,0.0,0.0,0.0,0.0,0.0,0.0,0.0,0.0,0.0,0.0,0.0,0.0,0.0,0.0,1.1302914372803334,0.0,-0.031103231625765917,0.0,0.012441292650306367,5.007620291748313,0.0,0.0,0.0,0.0,0.0,0.0,0.0,0.013996454231594662,,0.031103231625780402,,0.0,0.0,,0.027758954481860647,-1.3879880237451507,0.0,0.0,,0.0,0.0,0.0,0.0,0.005816304314018227,0.0,0.0,0.0,0.031103231625765917,0.0,0.0,0.0,5.870103017708848e-10,,0.0,0.0,0.0,0.0,423.77680222042267,459.7391414574971
2009-05-01,0.0,0.0,0.0,0.0,0.0,0.0,0.0008968305806910775,0.0,0.0019999377935367487,0.0,0.0,0.0,0.0,-0.6313956020030481,0.0,0.0,,0.0,0.0,0.0,0.0,0.003110323162576592,0.0,0.0,0.0,0.0,0.0,0.0,0.0,,0.0,0.0,0.0,0.0,0.0,0.0,0.0,0.0,0.007942251445006999,0.0,0.0,,0.0,0.003110323162576592,0.0,0.0,9.610898572622373e-06,0.0,0.0,0.0,0.0,0.0,-2.0845385835588317,0.0,0.0,-2.2704737022176604,0.0,0.0,0.0,0.0,0.0,-0.08397872538956798,0.0,0.0,0.0,0.0,0.0,0.0,0.0,0.0,0.0,0.0,0.0,0.0,0.0,0.0,9.330969487367685e-06,-0.30481166993250597,0.0,0.0,0.0,0.0,3.1103231625765914e-05,0.0,0.0,0.0,0.0,0.0,0.0,0.0,0.0,0.0,0.0,0.0,0.1866193897545955,0.0,0.0,1.8899836922756992,0.0,0.0,-0.6483319336879101,0.0,0.0,-0.777580790644148,0.0,0.0,0.0,0.0,0.0,0.0,0.0,0.0,0.0,0.0,0.0,0.0,0.0,0.0,0.0,0.19159590681471805,0.0,0.0,0.0,-0.00031103231625765915,3.5768716369630806,0.0,0.0,0.0,0.0,0.0599994822944846,0.0,0.0,0.0,,0.0,,0.0,0.0,,0.017600168136947408,-1.1519900600537916,0.0,0.0,,0.020217100556747847,0.0,0.0,0.0,0.0,0.0,0.0,0.0,0.0,0.0,0.0,-9.828621646092915e-06,-6.221156003506009e-06,,0.0,0.0,0.0,0.0,-1.9934310615410231,3.272059967030575
2009-06-01,0.0,0.0,0.0,0.0,0.0,0.0,0.0,0.0,0.0,0.0,0.0,0.0005598581692637865,0.0,-0.9642001803987434,0.0,0.0,,0.0,0.00044007962427288774,0.0,0.0,0.0,0.0,0.0,0.0,0.0,0.0,0.0,0.0,,0.0,0.0,0.0,0.0,0.0,0.0,0.0,0.0,-0.0044788379255528595,0.0,0.0,,0.0,0.0,0.0,0.0,0.0,0.0,0.0,0.0,0.0,0.0,-7.401636029983515,0.0,0.0,-2.923765979285248,0.0,0.0,-4.292245964355697,0.0,0.0,0.0,0.0,0.0,0.0,0.0,0.0,0.0,0.0,0.0,0.0,0.0,0.0,0.0,0.0,0.0,0.0,0.6282852788404715,0.0,0.07499935286809171,0.0,0.0,0.0,0.0,0.0,0.0,0.0,0.0,0.0,0.0,0.0,0.0,0.0,0.0,-0.1866193897545955,0.0,0.0,0.9169920877337883,0.0,0.0,0.47523218562408637,0.0,0.0,0.31068473764424115,0.0,0.0,0.0,0.0,0.0,0.0,0.0,0.0,0.0,0.0,0.0,0.0,0.0,0.0,0.0,2.3694441852508477,0.0,0.0,0.0,0.00031103231625765915,9.673105035613201,0.0,0.0,0.0,0.0,0.0,0.0,0.0,0.0,,0.0,,0.0,0.0,,0.024712052772053874,-0.06199946503748267,0.0,0.0,,0.0,0.0,0.0,0.0,0.0,0.0,0.0,0.0,0.062206463251531834,0.0,0.0,0.0,-1.244130076386699e-05,,0.0,0.0,0.0,0.0,-1.2979859383334897,10.301390314453672
2009-07-01,0.0,0.0,0.0,0.0,0.0,0.0,-0.0007478149979802597,0.0,0.0,0.0,0.0,0.0,0.0,0.015551615812882958,0.0,0.0,,0.0,0.0,0.0,0.0,0.0,0.0,0.0,0.0,0.0009953034120245092,0.0,0.0,0.0,,0.0,0.0,0.0,0.0,0.0,0.0,0.0,0.0,-0.0005893580071356992,0.0,0.0,,0.0,-0.10886131069018071,0.0,0.0,0.008481571335261473,0.0,0.0,0.0,0.0,0.0,-0.46717053901900407,0.0,0.0,-0.46651737115486297,0.0,0.0,0.0,0.0,0.0,0.0,0.0,0.0,0.0,0.0,0.0,0.0,0.0,0.0,0.0,0.0,0.0,0.0,0.0,0.0,0.0,-1.5502526826503131,0.0,0.0,0.0,0.0,0.0,0.0,0.0,0.0,0.0,0.0,0.0,0.0,0.0,0.0,0.0,0.0,0.0,0.0,0.0,-0.09799915441429582,0.0,0.0,0.8957752480482722,0.0,0.0,0.31103231625765915,0.0,0.0,1.4560455973375634,0.0,0.0,0.0,0.0,0.0,0.0,0.0,0.0,0.0,0.0,0.0,0.0,0.19128487449846038,0.0,0.0,0.0,0.0,18.319803427576126,0.0,0.0,0.0,0.0,0.0,0.0,0.0,0.0,,0.0,,0.0,0.0,,0.02752152253054336,0.0,0.0,0.0,,0.0,0.0,0.0,0.0,0.0,0.0,0.0,0.0,0.031103231625765917,0.0,0.0,0.0,0.0003017015143789827,,0.0,0.0,0.0,0.0,18.565758179015166,16.769550744925812
2009-08-01,0.0,0.0,0.0,0.0,0.0,0.0,0.0007478149979802597,0.0,0.0,0.0,0.0,0.0,0.0,1.576933843426332,0.0,0.0,,0.0,0.0,0.0,0.0,0.0,0.0,0.0,0.0,0.0,0.0,0.0,0.0,,0.0,0.0,0.0,0.0,0.0,0.0,0.0,0.0,-0.000530888212052196,0.0,0.0,,0.0,0.0,0.0,0.0,0.0,0.0,0.0,0.0,0.0,0.0,-0.497340673695997,0.0,0.0,-0.5287238344063948,0.0,0.0,0.0,0.0,0.031103231625765917,0.006220646325153184,0.0,0.0,0.0,0.0,0.0,0.0,0.0,0.0,0.0,0.0,0.0,0.0,0.0,0.0,0.0,0.00308556499051834,0.0,0.0,0.0,0.0,0.0,0.0,0.0,0.0,0.0,0.0,0.0,0.0,0.0,0.0,0.0,0.0,0.0,0.0,0.0,0.9019922171601512,0.0,0.0,0.0,0.0,0.0,-0.31103231625765915,0.0,0.0,0.0,0.0,0.0,0.0,0.0,0.0,0.0,0.0,0.0,0.0,0.0,0.0,0.0,0.004043420111349569,0.0,0.0,0.0,0.0,9.642001803987434,0.0,0.0,0.0,0.0,0.0,0.0,0.0,0.0,,0.0,,0.0,0.0,,0.008180518414397575,-3.669968333678276,0.0,0.0,,0.0,0.0,0.0,0.0,0.0,0.0,0.00024723786693737815,0.00024723786693737815,0.062206463251531834,0.0,0.0,0.0,-0.00037448279107520733,,0.0,0.0,0.0,0.0,7.229039470983034,9.645087368977952
2009-09-01,0.0,0.0,0.0,0.0,0.0,0.0,0.0018892724954004548,0.0,0.0,0.0,0.0,0.0,0.0,6.015364996423128,0.0,0.0,,0.0,0.0,0.0,0.0,0.009330969487729775,0.0,0.0,0.0,0.0,0.0,0.0,0.0,,0.0,0.0,0.0,0.0,0.0,0.0,0.0,0.0,0.0038411806528969587,0.0,0.0,,0.0,0.0,0.0,0.0,0.0,0.0,0.0,0.0,0.0,0.0,-9.797517962116263,0.0,0.0,-9.144287891511928,0.0,0.0,-0.6531678641410843,0.0,0.0,0.0,0.0,0.0,0.0,0.0,0.0,0.0004637180803083069,0.0,0.0,0.0,0.0,0.0,0.0,0.0,0.0,0.0,0.004973562248766655,0.0,0.0,0.0,0.0,0.0,0.0,0.0,0.0,0.0,0.0,0.0,0.0,0.0,0.0,0.0,0.0,0.0,0.0,0.0,-0.07099938738179323,0.0,0.0,-0.8366965257690274,0.0,0.0,0.0003475786134180246,0.0,0.0,0.0,0.0,0.0,0.0,0.0,0.0,0.0,0.0,0.0,0.0,0.0,0.0,0.0,-3.258996609747753,-0.008052346738820835,0.0,0.0,0.0,12.970047587944388,0.0,0.0,0.0,0.0,0.0799993097259499,0.0,0.0,0.0,,0.0,,0.0,0.0,,0.08213745727694953,-1.6079861254918881,0.0,0.0,,0.0,0.0,0.0,0.0,0.0,0.0,-0.00024723786693737815,-0.00024723786693737815,0.0,0.0,0.0,0.0,5.836765911051346e-12,,0.0,0.0,0.0,0.0,-6.209803555677662,12.966968803454334
2009-10-01,0.0,0.0,0.0,0.0,0.0,0.0,0.0,0.0,0.0,0.0,0.0,0.0,0.0,0.013948365443500471,0.0,0.0,,0.0,0.0,0.0,0.0,0.0,0.0,0.0,0.0,0.0,0.0,0.0,0.0,,0.0,0.0,0.0,0.0,0.0,0.0,0.0,0.0,-0.0010222586238011287,0.0,0.0,,0.0,0.0,0.0,0.0,-0.008491182233834096,0.0,0.0,0.0,0.0,0.0,-0.09299866256104009,0.0,0.0,0.0,0.0,0.0,0.0,0.0,0.0,0.0,0.0,0.0,0.0,0.0,0.0,-0.0004637180803083069,0.0,0.0,0.0,0.0,0.0,0.0,0.0,0.0,0.0013996454231594662,3.113445771516907,0.0,0.0,0.0,0.0,-3.1103231625765914e-05,0.0,0.0,0.0,0.0,0.0,0.0,0.0,0.0,0.0,0.0,0.0,-0.09330969487729775,0.0,0.0,-0.12099895596049992,0.0,0.0,0.3970710086778016,0.0,0.0,-0.31170943361015224,0.0,0.0,0.0,0.0,0.0,0.0,0.0,0.0,0.0,0.0,0.0,0.0,0.0,0.0,0.0,-0.23140804329569842,0.0,0.0,0.0,0.0,16.609125688159,0.0,0.0,0.0,0.0,0.0,0.0,0.0,0.0,,0.0,,0.0,3.3204415831610823,,0.009311405656536197,0.0,0.0,0.0,,0.03172529625828124,0.0,0.0,0.0,0.0,0.0,4.7239592544332875e-05,4.7239592544332875e-05,0.062206463251531834,0.0,0.0,0.0,-3.028739279150893e-10,,0.0,0.0,0.0,0.0,22.69833665395576,19.72257145967591
2009-11-01,0.0,0.0,0.0,0.0,0.0,0.0,0.0004732356691958773,0.0,0.0,0.0,0.0,0.0,0.0,0.045147774645454775,0.0,0.0,,0.0,0.0,0.0,0.0,0.0,0.0,0.0,0.0,0.0,0.0,0.0,0.0,,0.0,0.0,0.0,0.0,0.0,0.0,0.0,0.0,-0.06239451274162037,0.0,0.0,,0.0,0.0,0.0,0.0,0.008491182233834096,0.0,0.0,0.0,0.0,0.0,-0.9738421822027309,0.0,0.0,0.0,0.0,0.0,-0.8708904855214457,0.0,0.0,0.006220646325153184,0.0,0.0,0.0,0.0,0.0,0.0,199.9982743148891,0.0,0.0,0.0,0.0,0.0,0.0,0.0,0.0,-2.485488196325158,0.0,0.0,0.0,0.0,3.1103231625765914e-05,0.0,0.0,0.0,0.0,0.0,0.0,0.0,0.0,0.0,0.0,0.0,-0.09953034120245094,0.0,1.9999377935367484,-0.11699899047419962,0.0,0.0,0.7189863456813165,0.0,0.0,0.0006771173524930508,0.0,0.0,0.0,0.0,0.0,0.0,0.0,0.0,0.0,0.0,0.0,0.0,0.0,0.0,0.0,-5.898416845510249,0.0,0.0,0.0,0.0,6.09623339865012,0.0,0.0,0.0,0.0,0.11999896458893843,0.0,0.0,0.0,,0.031103231625780402,,0.0,11.148222990434826,,0.03987536193543899,0.0,0.0,0.0,,0.03328045783956953,0.0,0.0,0.0,0.0,0.0,0.0,0.0,0.062206463251531834,0.0,0.0,0.0,-1.8040319599706732e-05,,0.0,0.0,0.0,0.0,209.80158078759365,203.60901951721408
2009-12-01,0.0,-1.3685421915183116e-05,0.0,0.0,0.0,0.0,-0.0004732356691958773,0.0,0.0,0.0,0.0,0.0,0.0,0.057626633615565,0.0,0.0,,0.0,0.0,0.0,0.0,0.0,0.0,0.0,0.0,0.0,0.0,0.0,0.0,,0.0,0.0,0.0,0.0,0.0,0.0,0.0,0.0,4.3814139624048926e-05,0.0,0.0,,0.0,0.0,0.0,0.0,0.0,0.0,0.0,0.0,0.0,0.0,-0.09984137351870859,0.0,0.0,0.0,0.0,0.0,0.0,0.0,0.031103231625765917,0.0,-0.0002164784921153602,0.0,0.0,0.0,0.0,0.0004637180803083069,0.0,0.0,0.0,0.0,0.0,0.0,0.0,0.0,0.0017106777394171255,-1.5523432241578652,0.0,0.025999775660944715,0.0,0.0,0.0,0.0,0.0,0.0,0.0,0.0,-0.031103231625765917,0.0,0.0,0.0,0.0,0.0,-0.09953034120245094,0.0,0.0,-0.15999861945193058,0.0,0.0,-0.7189863456813165,0.0,0.031103231625765917,0.0,0.0,0.0,0.0,0.0,0.0,0.0,0.0,0.0,0.0,0.0,0.0,0.0,0.0,0.0,0.0,6.564648066934154,0.0,0.0,0.0,0.0,35.27106466361855,0.0,0.0,0.0,0.0,0.0,0.0,0.0,0.0,,0.0,,0.0,1.338407025347886,,0.00830128337237732,0.0,0.0,0.0,,0.0,0.0,0.0,0.0,0.0,0.0,-4.7239592544332875e-05,-4.7239592544332875e-05,0.0,0.0,0.0,0.0,1.051739322356232e-09,,4.354452427607228,0.0,0.0,0.0,45.022323536012976,33.71872143946069
2010-01-01,0.0,0.0,0.0,0.0,0.0,0.0,0.0,0.0,0.0,0.0,0.0,0.0,0.0,0.012523519261514494,0.0,0.0,,0.0,0.0,0.0,0.0,0.0,0.0,0.0,0.0,0.0,0.0,0.0,0.0,,0.0,0.0,0.0,0.0,0.0,0.0,0.0,0.0,5.343244068411574e-06,0.0,0.0,,0.0,-0.0012752324966564027,0.0,0.0,0.0,0.0,0.0,0.0,0.0,0.0,-0.031414263942023575,0.0,0.0,0.0,0.0,0.0,0.0,0.0,-0.031103231625765917,0.0,0.0,0.0,0.0,0.0,0.0,0.0,0.0,0.0,0.0,0.0,0.0,0.0,0.0,0.0,0.0,0.002377282195247429,0.0,0.0,0.0,0.0,-3.1103231625765914e-05,0.0,0.0,0.0,0.0,0.0,0.0,0.0,0.0,0.0,0.0,0.0,0.0,0.0,0.0,-0.1629985935666368,0.0,0.0,-3.110323163210248e-07,0.0,-0.007371465895306522,0.0,0.0,0.0,0.0,0.0,0.0,0.0,0.0,0.0,0.0,0.0,0.0,-1.045068582625742,0.0,0.0,0.0,-0.0662498833628814,0.005358278125103686,0.0,0.0,0.0,4.57217504898759,0.0,0.0,0.0,0.0,0.0,0.0,0.0,0.0,,0.0,,0.0,-0.18658403784361083,,0.023288234057472535,0.0,-0.009999913716668649,0.0,,0.04976517060122547,0.0,0.0,0.0,0.0,0.0,0.0,0.0,0.031103231625765917,0.0,0.0,0.0,-0.0005595473628138877,,0.0,0.0,0.0,0.0,3.1539399413959393,4.579910609307941
2010-02-01,0.0,0.0,0.0,0.0,0.0,0.0,0.0,0.0,0.0,0.0,0.0,0.0006531678641410843,0.0,-0.11382031663089902,0.0,0.0,,0.0,0.0,0.0,0.0,0.0,0.0,0.0,0.0,-0.0009953034120245092,0.0,0.0,0.0,,0.0,0.0,0.0,0.0,0.0,0.0,0.0,0.0,-1.452135204683826e-05,0.0,0.0,,0.0,-0.10593760691735872,0.0,0.0,-0.016399772946410193,0.0,0.0,0.0,0.0,0.0,-0.03017013467699294,0.0,0.0,0.0,0.0,0.0,0.0,0.0,-0.031103231625765917,0.0,0.0,0.0,0.0,0.0,0.0,0.00622064632515341,0.0,0.0,0.0,0.0,0.0,0.0,0.0,0.0,0.0,0.0006078815613922113,0.0,0.0,0.0,0.0,0.0,0.0,0.0,0.0,0.0,0.0,0.0,0.0,0.0,0.0,0.0,0.0,0.0,0.0,0.0,-0.08499926658380808,0.0,0.0,3.110323163210248e-07,0.0,0.0,0.0,0.0,0.0,0.0,0.0,0.0,0.0,0.0,0.0,0.0,0.0,0.0,0.0,0.0,0.0,0.0,0.22114397685919568,0.0,0.0,0.0,0.0,4.2611427327299305,0.0,0.0,0.0,0.0,0.0,0.0,0.0,0.0,,0.0,0.0,0.0,0.1869208244798289,,0.023914025657827128,0.0,0.0,0.0,,0.04012316879723803,0.0,0.0,0.0,0.0,0.0,4.7239592544332875e-05,4.7239592544332875e-05,0.062206463251531834,0.0,0.0,0.0,-5.0815370805378e-10,,3.110323162576592,0.0,0.0,0.0,7.529910685666776,4.261750614291323
2010-03-01,0.0,0.0,0.0,0.0,0.0,0.0,0.0004732356691958773,0.0,0.0,0.0,0.0,0.0,0.0,0.1584679792230443,0.0,0.0,,0.0,0.0,0.0,0.0,0.0,0.0,0.0,0.0,0.0009953034120245092,0.0,0.0,0.0,,0.0,0.0,0.0,0.0,0.0,0.0,0.0,0.0,-4.028847706438474e-06,0.0,0.0,,0.0,-0.0029548070044477623,0.0,0.0,0.016399772946410193,0.0,0.0,0.0,0.0,0.0,-0.06282852788404715,0.0,0.0,0.0,0.0,0.0,0.0,0.0,-0.062206463251531834,0.0,0.0,0.0,0.0,0.0,0.0,-0.006684364405461716,0.0,0.0,0.0,0.0,0.0,0.0,0.0,0.0,0.0,3.1128745917694607,0.0,0.0,0.0,0.0,3.1103231625765914e-05,0.0,0.0,0.0,0.0,0.0,0.0,0.0,0.0,0.0,0.0,0.0,0.0,0.0,0.0,-0.18999836059917288,0.0,0.0,-3.110323163210248e-07,0.0,0.0,0.0,0.0,0.0,0.0,0.0,0.0,0.0,0.0,0.0,0.0,0.0,0.0,0.0,0.0,0.0,0.0,9.463780286771796,0.0,0.0,0.0,0.0,18.164287269447296,0.0,0.0,0.0,0.0,0.0,0.0,0.0,0.0,,0.0,0.0,0.0,-0.40435161394619323,,0.02443760714010747,0.0,0.00499995685989855,0.0,,0.0,0.0,0.0,0.0,0.0,-0.031103231625765917,0.0,0.0,0.062206463251531834,0.0,0.0,0.0,0.0009520702269403495,,0.0,0.0,0.0,0.0,30.24977393135269,21.277161861216758
2010-04-01,0.0,0.0,0.0,0.0,0.0,0.0,0.0,0.0,0.0,0.0,0.0,-0.0006531678641410843,0.0,-2.971180771982208,0.0,0.0,,0.0,0.0,0.0,0.0,0.0,0.0,0.0,0.0,0.0,0.0,0.0,0.0,,0.0,0.0,0.0,0.0,0.0,0.0,0.0,0.0,-3.340273316650485e-05,0.0,0.0,,0.0,-3.1103231625765914e-05,0.0,0.0,0.0,0.0,0.0,0.0,0.0,0.0,-0.09299866256104009,0.0,0.0,0.0,0.0,0.0,0.0,0.0,-0.09330969487729775,0.0,0.0,0.0,0.0,0.0,0.0,0.0,0.0,0.0,0.0,0.0,0.0,0.0,0.0,0.0,0.0,0.0009291157345012748,0.0,0.0,0.0,0.0,0.0,0.0,0.0,0.0,0.0,0.0,0.0,0.0,0.0,0.0,0.0,0.0,0.0,0.0,0.0,-0.08599925795539853,0.0,0.0,3.110323163210248e-07,0.0,0.0,0.0,0.0,0.0,0.0,0.0,0.0,0.0,0.0,0.0,0.0,0.0,0.0,0.0,0.0,0.0,0.0,1.2015178377033373,0.0,0.0,0.0,0.0,4.603278280613356,0.0,0.0,0.0,0.0,0.0,0.0,0.0,0.0,,0.0,0.0,0.0,-0.7776941620464985,,-0.00010091912921819512,0.0,0.0,0.0,,0.050076202917483124,0.0,0.0,0.0,0.006189543093527417,0.0,0.0,0.0,0.0,0.0,0.0,0.0,0.0,,0.0,0.0,0.0,0.0,1.8399901487139276,4.604207396347857
2010-05-01,0.0,0.0,0.0,0.0,0.0,0.0,0.0,0.0,0.0,0.0,0.0,3.1103231625765914e-05,0.0,0.041540494381167484,0.0,0.0,,0.0,0.0,0.0,0.0,0.003110323162576592,0.0,0.0,0.0,0.0,0.0,0.0,0.0,,0.0,0.0,0.0,0.0,0.0,0.0,0.0,0.0,-1.8572638304833513e-05,0.0,0.0,,0.0,-0.0008086840222699138,0.0,0.0,0.0,0.0,0.0,0.0,0.0,0.0,-0.30450063761624835,0.0,0.0,0.0,0.0,0.0,0.0,0.0,-0.21772262138036141,0.0,0.0,0.0,0.0,0.0,0.0,0.0,0.0,0.0,0.0,0.0,0.0,0.0,0.0,0.0,0.0,-2.730040475965295,0.0,0.0,0.0,0.0,0.0,0.0,0.0,0.0,0.0,0.0,0.0,0.0,0.0,0.0,0.0,0.0,-0.08708904855214457,0.0,0.0,-0.07399936149650035,0.0,0.0,-3.110323163210248e-07,0.0,0.0,0.0,0.0,0.0,0.0,0.0,0.0,0.0,0.0,0.0,0.0,0.0,0.0,0.0,0.0,0.0,0.0,4.452427607228391,0.0,0.0,0.0,0.0,22.456533233802993,0.0,0.0,0.0,0.0,0.0,0.0,0.0,0.0,,0.03110323162573695,0.0,0.0,-2.5663010517610956,,0.029175778256797423,0.0,0.0,0.0,,0.03981213648098037,0.0,0.0,0.0,0.0,0.0,0.0,0.0,0.031103231625765917,0.0,0.0,0.0,0.0,,0.0,0.0,0.0,0.0,21.1043563753315,19.726492757837697
2010-06-01,0.0,0.0,0.0,0.0,0.0,0.0,0.0,0.0,0.0,0.0,0.0,0.0,0.0,0.08397872538956798,0.0,0.0,,0.0,0.0,0.0,0.0,-0.009330969487729775,0.0,0.0,0.0,0.0,0.0,0.0,0.0,,0.0,0.0,0.0,0.0,0.0,0.0,0.0,0.0,-1.3516903552797631e-05,0.0,0.0,,0.0,-0.09953034120245094,0.0,0.0,0.0,0.0,0.0,0.0,0.0,0.0,-0.21834468601287674,0.0,0.0,0.0,0.0,0.0,0.0,0.0,-0.21772262138036141,0.0,0.0,0.0,0.0,0.0,0.0,0.0,0.0,0.0,0.0,0.0,0.0,0.0,0.0,0.0,0.0,-3.4291758159089802,0.0,0.0,0.0,0.0,0.00031103231625765915,0.0,0.0,0.0,0.0,0.0,0.0,0.0,0.0,0.0,0.0,0.0,0.0,0.0,0.0,-0.0869992493269881,0.0,0.0,,0.0,6.002923703570052e-05,0.0,0.0,0.0,0.0,0.0,0.0,0.0,0.0,0.0,0.0,0.0,0.0,0.0,0.0,0.0,0.0,1.5209480264999533,0.0,0.0,0.0,0.0,6.718298031165438,0.0,0.0,0.0,0.0,0.0,0.0,0.0,0.0,,0.0,0.0,0.0,-5.3123167336004705e-05,,0.028966961058576907,0.0,0.0019999827408309686,0.0,,1.0500450996858575,0.0,0.0,0.0,0.0,0.0,0.0,0.0,0.062206463251531834,0.0,0.0,0.0,0.0,,0.0,0.0,0.0,0.0,5.405644027954774,3.289122215256458
2010-07-01,0.0,0.0,0.0,0.0,0.0,0.0,0.0,0.0,0.0,0.0,0.0,0.0006220646325153183,0.0,1.4991757643619172,0.0,0.0,,0.0,0.0,0.0,0.0,0.003110323162576592,0.0,0.0,0.0,0.0,0.0,0.0,0.0,,0.0,0.0,0.0,0.0,0.0,0.0,0.0,0.0,3.727098853106896e-05,0.0,0.0,,0.0,-6.220646325153183e-05,0.0,0.0,0.0,0.0,0.0,0.0,0.0,0.0,-4.285714285714286,0.0,0.0,0.0,0.0,0.0,-4.292245964355697,0.0,-0.09330969487729775,0.0,0.0,0.0,0.0,0.0,0.0,0.0,0.0,0.0,0.0,0.0,0.0,0.0,0.0,0.0,0.0,3.0139501415215704,0.0,0.0,0.0,0.0,0.0,0.0,0.0,0.0,0.0,0.0,0.0,0.0,0.0,0.0,0.0,0.0,0.09953034120245094,0.0,0.0,-0.05799949955130458,0.0,0.0,,0.0,7.153743276967711e-06,0.0,0.0,0.0,0.0,0.0,0.0,0.0,0.0,0.0,0.0,0.0,0.0,0.0,0.0,0.0,0.0,4.003607974868589,0.0,0.0,0.0,0.0,16.204783677024043,0.0,0.0,0.0,0.0,0.0,0.0,0.0,0.0,,0.0,0.0,0.0,6.882330645311938,,-0.0011580100081118024,0.0,0.0,0.0,,0.0,15.55161581288296,0.0,0.0,0.0,0.0,0.0,0.0,0.0,0.0,0.0,0.0,0.0,,0.0,0.0,0.0,0.0,38.52828150873042,19.218733818545612
2010-08-01,0.0,0.0,0.0,0.0,0.0,0.0,0.0,0.0,0.0,0.0,0.0,0.0,0.0,0.027992908463189324,-0.031103231625765917,0.0,,0.0,-0.3224259276538832,0.0,0.0,0.0,0.0,0.0,0.0,0.0,0.0,0.0,0.0,,0.0,0.0,0.0,0.0,0.0,0.0,0.0,0.0,-3.818480335358152e-05,0.0,0.0,,0.0,0.0,0.0,0.0,0.0,0.0,0.0,0.0,0.0,0.0,-0.031414263942023575,0.0,0.0,0.0,0.0,0.0,0.0,0.0,0.0,0.0,0.0,0.0,0.0,0.0,0.0,0.0,0.0,0.0,0.0,0.0,0.0,0.0,0.0,0.0,0.0,-3.1088465366548514,0.0,0.0,0.0,0.0,0.0,0.0,0.0,0.0,0.0,0.0,0.0,-0.0009999913715913692,0.0,0.0,0.0,0.0,0.0,0.0,3.1103231625765914e-05,-0.11499900773105128,0.0,0.0,,0.0,3.110323165473306e-07,0.0,0.0,0.0,0.0,0.0,0.0,0.0,0.0,0.0,0.0,0.0,0.0005598581692637865,0.0,0.0,0.0,0.0,0.23949488351839757,0.0,0.0,0.0,0.0,9.268763024478243,0.0,0.0,0.0,0.0,0.0,0.0,0.0,0.0,,0.0,0.0,0.0,-6.71887447169886,,0.0270342167352618,0.0,-0.03799967211912325,0.0,,0.058163043140182266,0.0,0.0,0.0,0.0,0.0,0.0,0.0,0.062206463251531834,0.0,0.0,0.0,0.0,,0.0,0.0,0.0,0.0,-0.6824554755804906,6.159916487823391
2010-09-01,0.0,0.0,0.0,0.0,0.0,0.0,0.0,0.0,0.0,0.0,0.0,10.003701284563466,0.0,0.35146651737115486,0.0,0.0,,0.0,0.0,0.0,0.0,0.0,0.0,0.0,0.0,0.0,0.0,0.0,0.0,,0.0,0.0,0.0,0.0,0.0,0.0,0.0,0.0,-2.6824373543911636e-05,0.0,0.0,,0.0,0.0,0.0,0.0,0.0,0.0,0.0,0.0,0.0,0.0,-0.7156853597088737,0.0,0.0,0.0,0.0,0.0,-0.6842710957668502,0.0,-0.031103231625765917,0.0,0.0,0.0,0.0,0.0,0.0,0.0,0.0,0.0,0.0,0.0,0.0,0.0,0.0,0.0,0.0,0.000839818359623578,0.0,0.015999861945163184,0.0,0.0,0.0,0.0,0.0,0.0,0.0,0.0,0.0,0.0,0.0,0.0,0.0,0.0,0.0,0.0,0.0,-0.07699933561124006,0.0,0.0,0.0,0.0,0.0,0.0,0.0,0.0,0.0,0.0,-0.031103231625765917,0.0,0.0,0.0,0.0,0.0,-0.0005598581692637865,0.0,0.0,0.0,0.0,-0.19906068240490188,0.0,0.0,0.0,0.0,20.7147522627601,0.0,0.0,0.0,0.0,0.0,0.0,0.0,0.0,,0.0,0.0,0.0,-0.2751952310246331,,0.023972070156993344,0.0,0.01699985331716643,0.0,,-1.0002799290846318,0.0,0.0,0.0,0.0,0.0,0.0,0.0,0.031103231625765917,0.0,0.0,0.0,0.0,,0.0,0.0,0.0,0.0,28.14455012070396,20.715592081119723
2010-10-01,0.0,-2.612671456576105e-05,0.0,0.0,0.0,0.0,0.0,0.0,0.0,0.0,0.0,0.0,0.0,5.010730614910889,0.0,0.0,,0.0,0.0,0.0,0.0,0.0,0.0,0.0,0.0,0.0,0.0,0.0,0.0,,0.0,0.0,0.0,0.0,0.0,0.0,0.0,0.0,-1.68848949541942e-05,0.0,0.0,,0.0,0.0,0.0,0.0,0.0,0.0,-0.31103231625765915,0.0,0.0,0.0,0.0,0.0,0.0,0.0,0.0,0.0,0.0,0.0,0.0,0.0,0.0,0.0,0.0,0.0,0.0,0.0,0.0,0.0,0.0,0.0,0.0,0.0,0.0,0.0,0.31103231625765915,0.0013663027576060758,0.0,0.0,0.0,0.0,-0.00031103231625765915,0.0,0.0,0.0,0.0,0.0,0.0,0.0,0.0,0.0,0.0,0.0,0.0,0.0,0.0,-0.1329988524193963,0.0,0.0,0.0010425803240956871,0.0,0.0,0.0,0.0,0.0,0.0,0.0,,0.0,0.0,0.0,0.0,0.0,0.0,0.0,0.0,0.0,0.0,-19.476843644054618,1.387204130497573e-05,0.0,0.0,0.0,19.159590681471805,0.0,0.0,0.0,0.0,0.0,0.0,0.0,0.0,,0.0,0.0,0.0,-2.206805297422476,,0.030435571386672404,0.0,0.0,0.0,0.0,0.6992006469472178,0.0,0.0,0.0,0.0,0.0,0.0,0.0,0.12441292650306367,0.0,0.0,0.0,0.0,,1.866193897545955,0.0,0.0,0.0,5.0759852560663425,19.160970856270716
2010-11-01,0.0,0.0,0.0,0.0,0.0,0.0,0.0,0.0,0.0,0.0,0.0,-0.0009019937171472116,0.0,7.931324064570309,0.0,0.0,,0.0,0.0,0.0,0.0,0.0,0.0,0.0,0.0,-0.0009953034120245092,0.0,0.0,0.0,,0.0,0.0,0.0,0.0,0.0,0.0,0.0,0.0,-1.41023031454511e-05,0.0,0.0,0.0,0.0,0.0,0.0,0.0,0.0,0.0,0.0,0.0,0.0,0.0,-0.09859724425367795,0.0,0.0,0.0,0.0,0.0,0.0,0.0,0.0,0.0,0.0,0.0,0.0,0.01785117103667074,0.0,0.0,0.0,0.0,0.0,0.0,0.0,0.0,0.0,0.0,-0.15551615812882957,0.000335852693847927,0.0,0.0,0.0,0.0,0.0,0.0,0.0,0.0,0.0,0.0,0.0,0.0,0.0,0.0,0.0,0.0,-0.09953034120245094,0.0,0.0,-0.1779984641402756,0.0,0.0,-0.0010425803240956871,0.0,0.0,0.0,0.0,0.0,0.0,0.0,,0.0,0.0,0.0,0.0,0.0,0.0,0.0,0.0,0.0,0.0,-1.0114770924699077,0.0,0.0,0.0,0.0,8.957730708220584,0.0,0.0,0.0,0.0,0.0,0.0,0.0,0.0,,0.031103231625780402,0.0,0.0,-2.7498742609747437,,0.017014103193810227,0.0,0.02399979291789595,0.0,0.0,-0.30823302541134023,0.0,0.0,0.0,0.0,0.0,0.0,0.0,0.062206463251531834,0.0,0.0,0.0,0.0,,0.0,0.0,0.0,0.0,12.437384821172792,8.958066560914432
2010-12-01,0.0,0.0,0.0,0.0,0.0,0.0,0.0,0.0,0.0,0.0,0.0,0.0,0.0,0.11819228017791049,0.0,0.0,,6.999785698734098,0.0,0.0,0.0,0.003110323162576592,0.0,0.0,0.0,0.0009953034120245092,0.0,0.0,0.0,,0.0,0.0,0.0,0.0,0.0,0.0,0.0,0.0,-8.556296183816984e-06,0.0,0.0,0.0,0.0,-0.0009019937171472116,0.0,0.0,0.0,0.0,0.0,0.0,0.0,0.0,-0.9026157817797269,0.0,0.0,0.0,0.0,0.0,-0.8397872538956798,0.0,-0.062206463251531834,0.0,0.0,0.0,0.0,0.0,0.0,0.0,0.0,0.0,0.0,0.0,0.0,0.0,0.0,0.0,-0.15551615812882957,0.0006327952508362195,0.0,0.0,0.0,-0.062206463251531834,0.0,0.0,0.0,0.0,0.0,0.0,0.0,0.0,0.0,0.0,0.0,0.0,0.0,0.0,0.0,-0.2629977307240828,0.0,0.0,1.0862912506609435,0.0,0.0,-0.0003475786134180246,0.0,0.0,0.0,0.0,,0.0,0.0,0.0,0.0,0.0,0.0,0.0,0.0,0.0,0.0,-1.354234704985848,0.0,0.0,0.0,0.0,4.509968585736058,0.0,0.0,0.0,0.0,0.0,0.0,0.0,-0.02071039781033251,,0.0,0.0,0.0,-1.5312132878334126,,0.016117003934431363,0.0,-0.02499978428975979,0.0,0.0,-1.231065907747815,0.0,0.0,0.0,0.0,0.0,0.0,0.0,0.0,0.0,0.0,0.0,-0.0012839413129803012,,0.0,0.0,0.0,0.0,6.2849972374305985,4.510601380986894
2011-01-01,0.0,0.0,0.0,0.0,0.0,0.0,0.0,0.0,0.0,0.0,0.0,0.0,0.0,-2.4727069142483904,0.0,0.0,,0.0,0.0,0.0,0.0,0.0,0.0,0.0,0.0,0.0,0.0,0.0,0.0,,0.0,0.0,0.0,0.0,0.0,0.0,0.0,0.0,3.1596307797940896e-05,0.0,0.0,0.0,0.0,0.05598581692637865,0.0,0.0,0.0,0.0,0.0,0.0,0.0,0.0,0.7467885913346397,0.0,0.0,0.0,0.0,0.0,0.0,0.0,-0.09330969487729775,0.0,0.0,0.0,0.0,0.0,0.0,0.0,0.0,0.0,0.0,0.0,0.0,0.0,0.0,0.0,0.0,1.5562527137544755,0.0,0.0,0.0,0.062206463251531834,0.0,0.0,0.0,0.0,0.0,0.0,0.0,0.0,0.0,-0.09330969487729775,0.0,0.0,0.0,0.0,0.0,-0.1819984296265433,0.0,0.0,0.0002541134023826795,0.0,0.0,0.0,0.0,0.0,0.0,0.0,,0.0,0.0,0.0,0.0,0.0,0.0,0.0,0.0,0.0,0.0,-0.46810363596777704,0.0,0.0,0.0,-0.003110323162576592,0.5909614008895524,0.0,0.0,0.0,0.0,-0.009999913715747133,0.0,0.0,-0.010392833815433405,,0.0,0.0,0.0,7.657676029935524,,0.023066084974284005,0.0,0.0,0.0,0.0,1.9977605673229448,0.0,0.0,0.0,0.0,0.0,0.0,0.0,0.031103231625765917,0.0,0.0,0.0,-8.853133618155542e-11,,0.0,0.0,0.0,0.0,9.389155169345683,2.147214114644028
2011-02-01,0.0,0.0,0.0,0.0,0.0,0.0,0.0,0.0,0.0,0.0,0.0,0.0,0.0,-5.020061584398619,0.0,0.0,,0.0,0.0,0.0,0.0,0.0,0.0,0.0,0.0,0.0,0.0,0.0,0.0,,0.0,0.0,0.0,0.0,0.0,0.0,0.0,0.0,-3.308036879744006e-05,0.0,0.0,0.0,0.0,0.0009953034120245092,0.0,0.0,0.0,0.0,0.0,0.0,0.0,0.0,-0.031103231625765917,0.0,0.0,0.0,0.0,0.0,0.0,0.0,0.0,0.0,0.0,0.0,0.0,0.0,0.0,0.0,0.0,0.0,0.0,0.0,0.0,0.0,0.0,0.0,0.0,0.000831607105852625,0.0,0.0,0.0,0.0,0.0,0.0,0.0,0.0,0.0,0.0,0.0,0.0,0.0,0.09330969487729775,0.0,0.0,0.0,0.0,0.0,14.822872100848091,0.0,0.0,-0.0002541134023826795,0.0,-3.110323165473306e-07,0.0,0.0,0.0,0.0,0.0,,0.0,0.0,0.0,0.0,0.0,0.0,0.0,0.0,0.0,0.0,0.031414263942023575,0.0,-0.031103231625765917,0.0,0.0,3.079219930950826,0.0,0.0,0.0,0.0,0.0,0.0,0.0,0.0,,0.0,0.0,0.0,-5.3993967583641576,,0.03352898669513847,0.0,0.0,0.0,0.0,-1.1965413206432147,0.0,0.0,0.0,0.0,0.0,0.0,0.0,0.0,0.0,0.0,0.0,4.4035373656168105e-11,,0.0,0.0,0.0,0.0,6.383678256414273,3.0800515380566784
2011-03-01,0.0,0.0,0.0,0.0,0.0,0.0,0.0,0.0,0.0,0.0,0.0,0.0,0.0,2.4789275605735437,0.0,0.0,,0.0,0.0,0.0,0.0,0.0,0.0,0.0,0.0,0.0,0.0,0.0,0.0,,0.0,0.0,0.0,0.0,0.0,0.0,0.0,0.0,-8.92169343317487e-06,0.0,0.0,0.0,0.0,-0.14307486547852322,0.0,0.0,0.0,0.0,0.0,0.0,0.0,0.0,0.06811607726042736,0.0,0.0,0.0,0.0,0.0,0.0,0.0,-0.031103231625765917,0.0,0.0,0.0,0.0,0.0,0.0,0.0,0.0,0.0,0.0,0.0,0.0,0.0,0.0,0.0,0.0,-1.5544685079807798,0.0,0.0,0.0,0.0,0.0,0.0,0.0,0.0,0.0,0.0,0.0,0.0,0.0,0.0,0.0,0.0,0.09953034120245094,0.0,0.0,78.50632260819526,0.0,0.0,0.0,0.0,0.0,0.0,0.0,0.0,0.0,0.0,,0.0,0.0,0.0,0.0,0.0,0.0,0.0,0.0,0.0,0.0,0.014307486547852322,0.0,0.0,0.0,0.0,18.81745513358838,0.0,0.0,0.0,0.0,0.0,0.0,0.0,0.0,,0.062206463251531834,0.0,0.0,-1.2294341432270204,,-0.00010003913681050762,0.0,0.0,0.0,0.0,0.34866722652483595,9.330969487729774,0.0,0.0,0.0,0.0,0.0,0.0,0.09330969487729775,0.0,0.0,0.0,-0.004384216243815425,,0.0,0.0,0.0,0.0,106.8572381543652,17.2629866256076
2011-04-01,0.0,1.1103853670143159e-07,0.0,0.0,0.0,0.0,0.0,0.0,0.0,0.0,0.0,0.0,0.0,1.0606201984386214,0.0,0.0,,0.0,0.0,0.0,0.0,0.0,0.0,0.0,0.0,0.0,0.0,0.0,0.0,,0.0,0.0,0.0,0.0,0.0,0.0,0.0,0.0,-3.21442875965288e-05,0.0,0.0,0.0,0.0,-0.004821000901993717,0.0,0.0,0.0,0.0,0.0,0.0,0.0,0.0,-0.031103231625765917,0.0,0.0,0.0,0.0,0.0,0.0,0.0,-0.031103231625765917,0.0,0.0,0.0,0.0,0.0,0.0,0.0004637180803083069,0.0,0.0,0.0,0.0,0.0,0.0,0.0,0.0,0.0,0.0008382942978377172,0.0,0.0,0.0,0.0,0.0,0.0,0.0,0.0,0.0,0.0,0.0,0.0,0.0,0.0,0.0,0.0,0.0,0.0,0.0,5.92694885932196,0.0,0.0,0.0,0.0,0.0,0.0,0.0,0.0,0.0,0.0,,0.0,0.0,0.0,0.0,0.0,0.0,0.0,0.0,0.0,0.0,-1.517526671021119,0.0,0.0,0.0,0.0,13.71652514696277,0.0,0.0,0.0,0.0,0.0,0.0,0.0,0.0,,0.0,0.0,0.0,2.527134950174799,,0.013281577399909691,0.0,0.0,0.0,0.0,0.050076202917483124,0.0,0.0,0.0,0.0,0.0,0.0,0.0,0.062206463251531834,0.0,0.0,0.0,0.004384215960424842,,0.0,0.0,0.0,0.0,21.777893458381943,13.717363441260607
2011-05-01,0.0,0.0,0.0,0.0,0.0,0.0,0.0,0.0,0.0,0.0,0.0,0.0,0.0,0.06531678641410843,0.0,0.0,,0.0,0.9953034120245093,0.0,0.0,0.0,0.0,0.0,0.0,0.0,0.0,0.0,0.0,,0.0,0.0,0.0,0.0,0.0,0.0,0.0,0.0,2.1186694476992554e-07,0.0,0.0,0.0,0.0,-0.0014307486547852322,0.0,0.0,0.0,0.0,0.0,0.0,0.0,0.0,0.031103231625765917,0.0,0.0,0.0,0.0,0.0,0.0,0.0,0.031103231625765917,0.0,0.0,0.0,0.0,0.0,0.0,-0.0004637180803083069,0.0,0.0,0.0,0.0,0.0,0.0,0.0,0.0,0.0,0.0018027744095105449,0.0,0.0,0.0,0.0,0.0,0.0,0.0,0.0,0.0,0.0,0.0,0.0,0.0,0.0,0.0,0.0,0.0,0.0,-3.1103231625765914e-05,-0.18199842962677415,0.0,0.0,0.0,0.0,0.0,0.0,0.0,0.0,0.0,0.0,,0.0,0.0,0.0,0.0,0.0,0.0,0.0,0.0,0.0,0.0,1.6714876675686603,0.0,0.0,0.0,0.0,6.034026935398588,0.0,0.0,0.0,0.0,0.5499952543659619,0.0,0.0,0.0,,0.0,0.0,0.0,1.134267120712791,,0.0059898283167646475,0.0,-0.004999956856770099,0.0,0.0,0.045721750489875895,0.0,0.0,0.0,0.0011819228017791049,0.0,0.0,0.0,0.0,0.0,0.0,0.0,-6.220366435260471e-06,,0.0,0.0,0.0,0.021404124288513578,10.399774075092841,6.035829709808098
2011-06-01,0.0,0.0,0.0,0.0,0.0,0.0,-0.0004901869304296023,0.0,0.0,0.0,0.0,0.0,0.0,0.031103231625762295,0.0,0.0,,-0.000777580790644148,0.0,0.0,0.0,0.0,0.0,0.0,0.0,0.0,0.0,0.0,0.0,,0.0,0.0,0.0,0.0,0.0,0.0,0.0,0.0,1.0541387181994373e-05,0.0,0.0,0.0,0.0,-0.040496407576747225,0.0,0.0,0.0,0.0,0.0,0.0,0.0,0.0,0.031414263942023575,0.0,0.0,0.0,0.0,0.0,0.0,0.0,0.031103231625765917,0.0,0.0,0.0,0.0,0.0,0.0,0.0004637180803083069,0.0,0.0,0.0,0.0,0.0,0.0,0.0,0.0,0.0,3.1105988616220284,0.0,0.0,0.0,1.555161581288296,0.0,0.0,0.0,0.0,0.0,0.0,0.0,0.0,0.0,0.0,0.0,0.0,0.0,0.0,0.0,-0.07399936149635823,0.0,0.0,0.0,0.0,0.0,0.0,0.0,0.0,0.0,0.0,,0.0,0.0,0.0,0.0,0.0,0.0,0.0,0.0,0.0,0.0,4.1964480109483375,0.0,0.0,0.0,0.0,5.847407545643993,0.0,0.0,0.0,0.0,0.0,0.0,0.0,0.0,,0.0,0.0,0.0,0.5747705343154522,,0.05855268477815939,0.0,0.0,0.0,0.0,0.0441665889085876,18.661938975459535,0.0,0.0,0.0,0.0,0.0,0.0,0.031103231625765917,0.0,0.0,0.0,-9.082114527198975e-05,,0.0,0.0,0.0,0.0,34.058388643311744,8.958006407266021
2011-07-01,0.0,0.0,0.0,0.0,0.0,0.0,0.0,0.0,0.0,0.0,0.0,0.0,0.0,0.0,-0.031103231625765917,0.0,,0.000774159435169369,0.0,0.0,0.0,0.0,0.0,0.0,0.0,0.0,0.0,0.0,0.0,,0.0,0.0,0.0,0.0,2.301639140306678,0.0,0.0,0.0,-3.762229603546695e-05,0.0,0.0,0.0,0.0,-0.0009019937171472116,0.0,0.0,0.0,0.0,0.0,0.0,0.0,0.0,-0.031414263942023575,0.0,0.0,0.0,0.0,0.0,0.0,0.0,0.0,0.003110323162576592,0.0,0.0,0.0,0.0,0.0,0.0,0.0,0.0,0.0,0.0,0.0,0.0,0.0,0.0,0.0,-3.109807253276416,0.0,25.00078428073295,0.0,-1.555161581288296,0.0,0.0,0.0,0.0,0.0,0.0,0.0,0.0,0.0,0.0,0.0,0.0,0.0,0.0,0.0,-0.1749984900255232,0.0,0.0,0.9279960187863522,0.0,0.0,0.0,0.0,0.0,0.0,0.0,,0.0,0.0,0.0,0.0,0.0,0.0,0.009330969487737017,0.0,0.0,0.0,-10.255979596280053,0.0,0.0,0.0,0.0,4.41665889085876,0.0,0.0,0.0,0.0,0.2699976703250911,0.0,0.0,0.0,,0.0,0.0,0.0,-7.959316973033499,,0.0,0.0,0.0,,0.0,-1.1940530621131535,0.0,0.0,0.0,0.0,0.0,0.0,0.0,0.062206463251531834,0.0,0.0,0.0,0.0013809831525740971,,0.0,0.0,0.0,0.0,8.681104831901507,1.3068516375823442
2011-08-01,0.0,0.0,0.0,0.0,0.0,0.0,0.0004901869304296023,0.0,0.0,0.0,0.0,0.0,0.0,-0.49765170601225467,0.0,0.0,,6.999782277378619,0.0,0.0,0.0,0.0,0.0,0.0,0.0,0.0,0.0,0.0,0.0,,0.0,0.0,0.0,0.0,0.0,0.0,0.0,0.0,-4.529201372869591e-05,0.0,0.0,0.0,0.0,-0.1150819570153339,0.0,0.0,0.0,0.0,0.0,0.0,0.0,0.0,0.031414263942023575,0.0,0.0,0.0,0.0,0.0,0.0,0.0,0.031103231625765917,0.0,0.0,0.0,0.0,0.0,0.0,0.0,0.0,0.0,0.0,0.0,0.0,0.0,0.0,0.0,0.0,0.0018592889832369172,0.0,0.0,0.0,0.0,0.0,0.0,0.0,0.0,0.0,0.0,0.0,0.0,0.0,0.0,0.0,0.0,0.0,0.0,0.0,-0.19499831745699212,0.0,0.0,-0.6653845914590526,0.0,0.0,0.0,0.0,0.0,0.0,0.0,,0.0,0.0,0.0,0.0,0.0,0.0,0.0,0.0,0.0,0.0,-19.079033311561073,0.0,0.0,0.0,0.0,3.670181331840378,0.0,0.0,0.0,0.0,0.0,0.0,0.0,0.0,,0.0,0.0,0.0,-2.6760005121852823,,0.023811704540708124,0.0,0.0,,0.0,1.8901433858977947,9.33096948772979,0.0,0.0,0.0,0.0,0.0,0.0,0.0,0.0,0.0,0.0,-0.0017057010348623734,,7.153743273926161,0.0,0.0,0.0,5.903597044056329,3.672040620823615
2011-09-01,0.0,0.0,0.0,6.996897825884113,0.0,0.0,0.0,0.0,0.0,0.0,0.0,0.0,0.0,0.0,0.0,0.0,,0.0,0.0,0.0,1.9525974089667073,0.0,0.0,0.0,0.0,0.0,0.0,0.0,0.0,,0.0,0.0,0.0,0.0,0.0,0.0,0.0,0.0,4.937905790392525e-05,0.0,0.0,0.0,0.0,0.0008086840222699138,0.0,0.0,0.0,0.0,0.0,0.0,0.0,0.0,0.031414263942023575,0.0,0.0,0.0,0.0,0.0,0.0,0.0,0.031103231625765917,0.0,0.0,0.0,0.0,0.0,0.0,0.0,0.0,0.0,0.0,0.0,0.0,0.0,0.0,0.0,0.0,3.111184068926007,0.0,0.0,0.0,0.0,0.0,0.0,0.0,0.0,0.0,0.0,0.0,0.0,0.0,0.0,0.0,0.0,0.0,0.0,0.0,-0.1269989041899196,0.0,0.0,0.012786227489036002,0.0,1.1508195701388553e-05,0.0,0.0,0.0,0.0,0.0,,0.0,0.0,0.0,0.0,0.0,0.0,0.0,0.0,0.0,0.0,14.002985910236074,0.0,0.0,0.0,0.0,6.749401262791204,0.0,0.0,0.0,0.0,0.15999861945189797,0.0,0.0,0.0,,0.0,0.0,0.0,6.2217689175225965,,-5.000956849281849e-05,0.0,0.0,,0.0,1.009299866256104,15.55161581288296,0.0,0.0,0.0,0.0,0.0,0.0,0.062206463251531834,0.0,0.0,0.0,-0.0014046221277142182,,0.0,0.0,0.0,0.0,55.76567591461576,9.86058533171721
2011-10-01,0.0,2.5917078784694198e-05,0.0,0.0,0.0,0.0,-0.0004901869304296023,0.0,0.0,0.0,0.0,0.0,0.0,0.998413735187086,0.0,0.0,,0.0,0.0,0.0,0.2895422639948026,0.003110323162576592,0.0,0.0,0.0,-0.0009953034120245092,0.0,0.0,0.0,,0.0,0.0,0.0,0.0,1.1912537712668345,0.0,0.0,0.0,-2.675896138328196e-05,0.0,0.0,0.0,0.0,3.1103231625765914e-05,0.0,0.0,0.0,0.0,0.0,0.0,0.0,0.0,-4.550402786849554,0.0,0.0,0.0,0.0,0.0,-4.665484743864887,0.0,0.0,-0.009330969487729775,0.0,0.0,0.0,0.0,0.0,0.0,0.0,0.0,0.0,0.0,0.0,0.0,0.0,0.0,0.0,3.162185095328919,0.0,0.0,0.0,0.0,0.0,0.0,0.0,0.0,-11.19716338527573,0.0,0.0,0.0,0.0,0.0,0.0,0.0,0.1150819570153339,0.0,0.0,0.8939922861873659,0.0,0.0,0.007424963453702876,0.0,0.0,0.0,0.0,0.0,0.0,0.0,,0.0,0.0,0.0,0.0,0.0,0.0005598581692637865,0.0,0.0,0.0,0.0,0.5990482411122515,0.0,0.0,0.0,0.0,19.50172622935523,0.0,0.0,0.0,0.0,0.24999784289362578,0.0,0.0,0.0,,0.031103231625765917,0.0,0.0,-2.113988570080838,,0.0,0.0,0.0,,-1.2441292650306082,-0.38723523374078567,0.0,0.0,0.0,0.0,0.0,21.66455437739263,0.0,0.062206463251531834,0.0,0.0,0.0,0.0013921806475692892,,0.0,0.0,0.0,0.0,24.602402636720935,22.66391132468415
2011-11-01,0.0,0.0,0.0,0.0,0.0,0.0,0.0004901869304296023,0.0,0.0,0.0,0.0,0.0,0.0,0.05598581692637865,0.0,0.0,,0.0,0.0,0.0,-0.1260733766388637,0.0,0.0,0.0,0.0,0.0009953034120245092,0.0,0.0,0.0,,0.0,0.0,0.0,0.0,0.0,0.0,0.0,0.0,-6.2427941886349734e-06,0.0,0.0,0.0,0.0,-3.1103231625765914e-05,0.0,0.0,0.0,0.0,0.0,0.0,0.0,0.0,0.03017013467699294,0.0,0.0,0.0,0.0,0.0,0.0,0.0,0.031103231625765917,0.0,0.0,0.0,0.0,0.0,0.0,0.0,0.0,0.0,0.0,0.0,0.0,0.0,0.0,0.0,0.0,0.003848465056151679,0.0,14.999870573616679,0.0,0.0,0.0,0.0,0.0,0.0,0.0,0.0,0.0,0.08755903099692179,0.0,0.0,0.0,0.0,0.0,0.0,0.06780504494416925,-0.1169989904740041,0.0,0.0,0.0,0.0,1.8661939137675544e-07,0.15551615812882957,0.0,0.0,0.0,0.0,,0.0,0.0,0.0,0.0,0.0,-0.0005598581692637865,0.0,0.0,0.0,0.0,0.12534602345183665,0.0,0.0,0.0,0.0,2.519361761687039,0.0,0.0,0.0,0.0,0.0,0.0,0.0,0.0,,0.0,0.0,0.0,0.24902025180986803,,0.006636312738574568,0.0,0.0,,0.0,0.31103231625765915,0.0,0.0,0.0,0.0,0.0,41.315701387470355,0.0,0.0,0.0,0.0,0.0,-6.22025484896485e-06,,0.0,0.0,0.0,0.0,59.71676639478627,2.523210226743191
2011-12-01,0.0,0.0,0.0,0.0,0.0,0.0,-0.0004901869304296023,0.0,0.0,0.0,0.0,0.003110323162576592,0.0,5.642126216913938,0.0,0.0,,0.0,0.0,0.0,-0.14763033860690453,0.0,0.0,0.0,0.0,-0.0009953034120245092,0.0,0.0,0.0,,0.0,0.0,0.0,0.0,0.0,0.0,0.0,0.0,4.7904098927280634e-05,0.0,0.0,0.0,0.0,0.0,0.0,0.0,0.0,0.0,0.0,0.0,0.0,0.0,0.06002923703772822,0.0,0.0,0.0,0.0,0.0,0.0,0.0,0.031103231625765917,0.0,0.0,0.0,0.0,0.0,0.0,0.0,0.0,0.0,0.0,0.0,0.0,0.0,0.0,0.0,0.0,8.394433392429468,0.0,0.0,0.0,0.0,0.02481104786787338,0.0,0.0,0.0,-15.98706105564368,0.0,0.0,-0.04978986678815635,0.0,0.0,0.0,0.0,0.0,0.0,-0.06780504494416925,-0.16499857630991185,0.0,0.007069954270401108,1.209418058536282,0.0,0.0,-0.0003295387390750261,0.0,0.0,0.0,0.0,,0.0,0.0,0.0,0.0,0.0,0.0,0.0,0.0,0.0,0.0,15.721128425243382,0.0,0.0,0.0,0.0,9.393175950981307,0.0,0.0,0.0,0.0,0.0,0.0,0.0,0.0,,0.0,0.0,0.0,0.2470969074090683,,0.06850827887631789,0.0,0.0,,0.0,0.0,0.0,0.0,0.0,0.0,-0.009552424496905083,16.249178353964748,0.0,0.09330969487729775,0.0,0.0,0.0,-6.221057534177147e-06,,-7.153743273926161,0.0,0.0,0.0,33.56214514644013,17.787609343410775
2012-01-01,0.0,0.0,0.0,0.0,0.0,0.0,0.0,0.0,0.0,0.0,0.0,0.0,0.0,5.0013996454231595,0.0,0.0,,0.0,-1.9906068240490187,0.0,-0.03512135475370947,0.003110323162576592,0.0,0.0,0.0,0.0009953034120245092,0.0,0.0,0.0,,0.0,0.0,0.0,0.0,0.0,0.0,0.0,0.0,-4.7284851120347706e-05,0.0,0.0,0.0,0.0,0.0,0.0007322944853896172,0.0,0.0,0.0,0.0,0.0,0.0,0.0,-0.028614973095704644,0.0,0.0,0.0,0.0,0.0,0.0,0.0,0.0,0.0,0.0,0.0,0.0,0.0,0.0,0.0,0.0,0.0,0.0,0.0,0.0,0.0,0.0,0.0,0.0,7.623103169416815,0.0,0.0,0.0,0.0,-0.024784299088675205,0.0,0.0,0.0,0.0,0.0,0.0,-0.03760745390407788,0.002327143790239797,0.0,0.0,0.0,0.0,0.0,0.06780504494416925,-0.13999879202047072,0.0,0.0,0.0,0.0,0.0,0.3113618549967342,0.0,0.0,0.31103231625765915,0.0,,0.0,0.0,0.0,0.0,0.0,0.0,0.0,0.0,0.0,0.0,0.16049267518895213,0.0,0.0,0.0,0.0,0.0,0.0,0.0,0.0,0.0,0.0,0.0,0.0,0.010392833815433405,,0.0,0.0,0.0,-2.1826685687396976,,-5.005956806336841e-05,0.0,0.0,,0.0,-0.01928400360797487,0.0,0.0,0.0,0.0,0.0,4.091510756399474,0.0,0.0,0.0,0.0,0.0,0.0005128922643945876,,0.0,0.0,0.0,0.0,13.12599263987851,7.623103169416815
2012-02-01,0.0,0.0,0.0,0.0,0.0,0.0,0.0,0.0,0.0,0.0,0.0,0.0,0.0,0.003110323162576592,0.0,0.0,,0.0,1.9906068240490187,0.0,-0.017251076660187516,0.003110323162576592,0.0,0.0,0.0,0.0,0.0,0.0,0.0,,0.0,0.0,0.0,0.0,0.0,0.0,0.0,0.0,-8.298617055867576e-06,0.0,0.0,0.0,0.0,-0.048272215483188705,-0.0007322944853896172,0.0,0.0,0.0,0.0,0.0,0.0,0.0,0.031414263942023575,0.0,0.0,0.0,0.0,0.0,0.0,0.0,0.031103231625765917,0.0,0.0,0.0,0.0,0.0,0.0,0.0,0.0,0.0,0.0,0.0,0.0,0.0,0.0,0.0,0.0,2.2384472955774326,0.0,0.0,0.0,0.0,0.0,0.0,0.0,0.0,0.0,0.0,0.0,0.0,0.0,0.0,0.0,0.0,0.0,0.0,-0.06780504494416925,-0.0879992406985849,0.0,0.0,0.0,0.0,0.0,0.31103231625765915,0.0,0.0,0.0,0.0,,0.0,0.0,0.0,0.0,0.0,0.0005598581692637865,0.0,0.0,0.0,0.0,2.80893284812292,0.0,0.0,0.0,0.0,-3.7634910267176758,0.0,0.0,0.0,0.0,0.189998360599143,0.0,0.0,0.0,0.5499661907872228,0.031103231625751432,0.0,0.0,-2.375140839320425,,0.0,0.0,0.0,,0.0,-0.15551615812882957,0.0,0.0,0.0,0.0,0.0,-1.2988067432462405,0.0,0.0,0.0,0.0,0.0,-1.2441090163298152e-05,,0.0,0.0,0.0,0.0,0.37434968768944366,-1.5250437311402432
2012-03-01,0.0,0.0,0.0,0.0,0.0,0.0,0.0004901869304296023,0.0,0.0,0.0,0.0,0.0,0.0,0.059096140088955244,0.0,0.0,,0.0,0.0,0.0,0.10799414935155359,0.003110323162576592,0.0,0.0,0.0,0.0,0.0,0.0,0.0,,0.0,0.0,0.0,0.0,0.0,0.0,0.0,0.0,2.8019515358019972e-05,0.0,0.0,0.0,0.0,-0.13710304500637616,0.0007322944853896172,0.0,0.0,0.0,0.0,0.0,0.0,0.0,0.031414263942023575,0.0,0.0,0.0,0.0,0.0,0.0,0.0,0.031103231625765917,0.0,0.0,0.0,0.0,0.0,0.0,0.0,0.0,0.0,0.0,0.0,0.0,0.0,0.0,0.0,0.31103231625765915,4.300581163881996,0.0,0.0,0.0,0.0,0.0,0.0,0.0,0.0,0.0,0.0,0.0,0.00272604097835184,0.0,0.0,0.0,0.0,0.0,0.0,0.0,16.81485491302448,0.0,0.0,0.025665453640633207,0.0,0.0,0.15518661938975456,0.0,0.0,0.0,0.0,,0.0,0.0,0.0,0.0,0.0,0.0,0.0,0.0,0.0,0.0,32.13057136636497,0.0,0.0,0.0,0.0,16.54691922490747,0.0,0.0,0.0,0.0,0.0,0.0,0.0,-0.010392833815433405,0.0,0.0,0.0,0.0,0.4353354461234486,2.803738608441417,0.0,0.0,0.0,,0.0,0.4108736897763678,0.0,0.0,0.0,0.0,0.0,11.477286718231795,0.0,1.1819228017791048,0.0,0.0,0.0,-0.00623122176437651,,0.0,0.0,0.0,0.0,86.6769358713133,20.847500388789467
2012-04-01,0.0,0.0,0.0,0.0,0.0,0.0,-0.0004901869304296023,0.0,0.0,0.0,0.0,0.0,0.0,0.0,0.0,0.0,,0.0,0.0,0.0,0.046732843533065706,0.0,0.0,0.0,0.0,0.0,0.0,0.0,0.0,,0.0,0.0,0.0,0.0,0.0,0.0,0.0,0.0,1.7675328214705664e-06,0.0,0.0,0.0,0.0,-0.0058474075456439924,-0.0007322944853896172,0.0,0.0,0.0,0.0,0.0,0.0,0.0,-0.016173680445398277,0.0,0.0,0.0,0.0,0.0,0.0,0.0,0.0,0.0,0.0,0.0,0.0,0.0,0.0,0.0,0.0,0.0,0.0,0.0,0.0,0.0,0.0,0.0,0.15553006127336585,2.029019284002357,0.0,0.0,0.0,0.0,0.12469721004012316,0.0,0.0,0.0,0.0,0.0,0.0,0.0,0.0,0.0,0.0,0.0,-0.015551615812882958,0.0,0.0,2.9149748481394155,0.0,0.0,0.0,0.0,0.0,0.0,0.0,0.0,-6.220646326420496e-08,0.0,,0.0,0.0,0.0,0.0,0.0,0.0,0.0,0.0,0.0,0.0,0.07744704674815714,0.0,0.0,0.0,0.0,0.09330969487729775,0.0,0.0,0.0,0.0,0.11999896458893843,0.0,0.0,0.0,0.0,0.0,0.0,0.0,8.374183201140684e-05,,0.04660483787015651,0.0,0.0,,0.0,0.03017013467699294,0.0,0.0,0.0,0.0,0.0,29.67336708335199,0.0,1.3996454231594662,0.0,0.0,0.0,0.0018043334159413276,,0.0,0.0,0.0,0.0,36.674592027615894,2.1223289788796547
2012-05-01,0.0,0.0,0.0,0.0,0.0,0.0,0.0004901869304296023,0.0,0.0,0.0,0.0,0.0,0.0,0.0,0.0,0.0,,0.0,0.0,0.0,0.037052004605971946,0.003110323162576592,0.0,0.0,0.0,0.0,0.0,0.0,0.0,,0.0,0.0,0.0,0.0,0.0,0.0,0.0,0.0,2.7530576308988815e-05,0.0,0.0,0.0,0.0,0.0,0.0007322944853896172,0.0,0.0,0.0,0.0,0.0,0.0,0.0,0.04634381512239122,0.0,0.0,0.0,0.0,0.0,0.0,0.0,0.031103231625765917,0.0,9.472455258793522e-08,0.0,0.0,0.0,0.0,0.0,0.0,0.0,0.0,0.0,0.0,0.0,0.0,0.0,0.15551640695468355,1.7947042082681706,0.0,0.0,0.0,0.0,0.037603807035550996,0.0,0.0,0.0,0.0,0.0,0.0,0.0,0.0,0.0,0.0,0.0,0.015551615812882958,0.0,0.0,-0.05899949092283258,0.0,0.0,0.0,0.0,0.0,0.0,0.0,0.0,0.0,0.0,,0.0,0.0,0.0,0.0,0.0,0.0,0.0,0.0,0.0,0.0,0.13685421915337004,0.0,0.0,0.0,0.0,15.489409349631426,0.0,0.0,0.0,0.0,0.1099990508731931,0.0,0.0,0.0,0.0,0.0,0.0,0.0,2.334819556135516,,-4.997956875030749e-05,0.0,0.0,,0.31103231625763783,0.0,0.0,0.0,0.0,0.00038443594289448485,0.0,5.702901182517177,0.0,2.0528132873005505,0.0,0.0,0.0,-0.0018590754434484708,,0.0,0.0,0.0,0.0,28.199540371181406,17.284113557899598
2012-06-01,0.0,0.0,0.0,-6.220646620618029e-08,0.0,0.0,-0.0004901869304296023,0.0,0.0,0.0,0.0,0.0,0.0,0.006220646325153184,0.0,0.0,,0.0,0.0,0.0,-0.030016790913452124,0.003110323162576592,0.0,0.0,0.0,0.0,0.0,0.0,0.0,,0.0,0.0,0.0,0.0,0.0,0.0,0.0,0.0,-1.2000874714739909e-05,0.0,0.0,0.0,0.0,-0.0010575098752760412,-0.0007322944853896172,0.0,0.0,0.0,0.0,0.0,0.0,0.0,-0.7147522627601007,0.0,0.0,0.0,0.0,0.0,-0.746477559018382,0.0,0.031103231625765917,0.17728842026686573,0.0,0.0,0.0,0.0,0.0,0.0,0.0,0.0,0.0,0.0,0.0,0.0,0.0,0.0,-1.7106777391998718e-06,1.5676981742384428,0.0,0.0,0.0,0.0,0.03691953593978414,0.0,0.0,0.0,0.0,0.0,0.0,0.00011222283170121804,0.0,0.0,0.0,0.0,0.0,0.0,0.0,-0.09899914578581387,0.0,0.06706293374290423,0.0,0.0,0.0,0.0,0.0,0.0,0.0,0.0,,0.0,0.0,0.0,0.0,0.0,0.0,0.031103231625765917,0.0,0.0,0.0,0.0,0.0,0.0,0.0,0.0,6.718298031165438,0.0,0.0,0.0,0.0,0.009999913715748942,0.0,0.0,0.0,0.0,0.0,0.0,0.0,0.06220646318400762,4.043513421044446,0.031053232057186214,0.0,0.0,,0.0,0.07091536810674628,0.0,0.0,0.0,0.0,0.0,-0.7546366586174856,0.0,0.15551615812882957,0.0,0.0,0.0,-6.220269422379129e-06,,0.0,0.0,0.0,0.0,10.664938904746691,8.285996205403881
2012-07-01,0.0,0.0,0.0,0.0,0.0,0.0,0.0,0.0,0.0,0.0,0.0,0.0,0.0,0.03328045783956953,0.0,0.0,,0.0,0.0,0.0,0.016427519877739386,0.003110323162576592,0.0,0.0,0.0,0.0,0.0,0.0,0.0,,0.0,0.0,0.0,0.0,0.0,0.0,0.0,0.0,-5.400220812941909e-06,0.0,0.0,0.0,0.0,0.0,0.0,0.0,0.0,0.0,0.0,0.0,0.0,0.0,0.0,0.0,0.0,0.0,0.0,0.0,0.0,0.0,0.0,-0.17728842026686573,0.0,0.0,0.0,0.0,0.0,0.0,0.0,0.0,0.0,0.0,0.0,0.0,0.0,0.0,0.0,1.4042523405228462,0.0,15.999861945191132,0.0,0.0,0.061117850144630025,0.0,0.0,0.0,0.0,0.0,0.0,-0.00011222283170121804,0.0,0.0,0.0,0.0,0.0,0.0,0.0,-0.12599891281828748,0.0,0.0,0.0,0.0,0.0,0.0,0.0,0.0,0.3110323162576589,0.0,,0.0,0.0,0.0,0.0,0.0,0.0,0.0,0.0,7.533358215918634,0.0,0.0,0.0,0.0,0.0,0.0,18.568629280582254,0.0,0.0,0.0,0.0,0.05999948229445201,0.0,0.0,0.0,0.0,0.0,0.0,0.0,-0.0003617881227948365,,0.031053202057447774,0.0,0.0,,0.0,0.04883207365245249,0.0,0.0,0.0,0.0,0.0,44.65845523451898,0.0,0.15551615812882957,0.0,0.0,0.0,5.79516694558386e-10,,0.0,0.0,0.0,0.0,88.58115965646826,19.9728816211051
2012-08-01,0.0,2.954807004483971e-07,0.0,0.0,0.0,0.0,0.0,0.0,0.0,0.0,0.0,0.0,0.0,0.0009330969487729775,0.0,0.0,,0.0,0.0,0.0,0.8925203826089703,0.003110323162576592,0.0,0.0,0.0,0.0,0.0,0.0,0.0,,0.0,0.0,0.0,0.0,0.0,0.0,0.0,0.0,-1.33119667854375e-05,0.0,0.0,0.0,0.0,-0.42658082174737955,0.0,0.0,0.0,0.0,0.0,0.0,0.0,0.0,0.0304811669932506,0.0,0.0,0.0,0.0,0.0,0.0,0.0,0.031103231625765917,0.0,0.0,0.0,0.0,0.0,0.0,0.0,0.0,0.0,23.92206519237349,0.0,0.0,0.0,0.0,0.0,0.0,1.4014213865795726,0.0,0.0,0.0,0.0,0.060993437218126965,0.0,0.0,0.0,0.0,0.0,0.0,0.0,0.0,0.0,0.0,0.0,0.0,0.0,0.0,-0.11599899910267614,0.0,0.0,0.10652856831824827,0.0,0.0,0.0,0.0,0.0,0.0,0.0,,0.0,0.0,0.0,0.0,0.0,0.0,0.0,0.0,0.0,0.0,0.1356100898883394,0.0,0.0,0.0,0.0,0.09330969487729775,0.0,0.0,0.0,0.0,0.09999913715744597,0.0,0.0,0.0,0.0,0.031103231625780402,0.0,0.0,-2.860363416010327,,0.0,0.0,0.0,,0.9330969487729703,-0.09424279182607073,0.0,0.0,0.0,0.0,0.0,6.621753344201134,0.0,1.866193897545955,0.0,0.0,0.0,-2.1711517718064805e-10,,-3.73238779509191,0.0,0.0,0.0,29.000636289416136,1.4947310814568704
2012-09-01,0.0,0.0,0.0,0.0,0.0,0.0,0.0,0.0,0.0,0.0,0.0,0.0,0.0,-1.492955118036764,0.0,0.0,,0.0,0.0,1.7417809710428842,-0.15356338927552182,0.003110323162576592,0.0,0.0,0.0,0.0,0.0,0.0,0.0,,0.0,0.0,0.0,0.0,0.0,0.0,0.0,0.0,-2.4853546003660888e-05,0.0,0.0,0.0,0.0,-0.25451450607178544,0.0,0.0,0.0,0.0,0.0,0.0,0.0,0.0,0.031414263942023575,0.0,0.0,0.0,0.0,0.0,0.0,0.0,0.031103231625765917,0.0,0.0,0.0,0.0,0.0,0.0,0.0,0.0,0.0,0.0,0.0,0.0,0.0,0.0,0.0,-0.15552859942148062,-0.3554413548555217,0.0,0.0,0.0,0.0,0.0371372585611645,0.0,0.0,0.0,0.0,0.0,0.0,0.0,0.0,0.0,0.0,0.0,0.0,0.0,0.0,-0.11599899910264717,0.0,0.0,0.0,0.0,0.0,0.0,0.0,0.0,0.0,0.0,,0.0,0.0,0.0,0.0,0.0,0.0,0.0,0.0,0.0,0.0,0.0009330969487729775,0.0,0.0,0.0,0.0,-2.177226213803614,0.0,0.0,0.0,0.0,-0.009999913715747133,0.0,0.0,0.0,0.0,0.0,0.0,0.0,-1.7646013430600909,4.043420111349569,0.0,0.0,0.0,,0.0,-0.2917483126496843,0.0,0.0,0.0,0.0,0.0,6.847507546281317,0.0,0.31103231625765915,0.0,0.0,0.0008397872529687312,-3.607984214649979e-05,,1.866193897545955,0.0,0.0,0.0,8.142834120589647,-2.532667568659136
2012-10-01,0.0,0.0,0.0,0.0,0.0,0.0,0.0,0.0,0.0,0.0,0.0,0.0,0.0,0.06531678641410843,0.0,0.0,,0.0,0.0,17.16898384681876,0.10569768388569553,0.003110323162576592,0.0,0.0,0.0,0.0,0.0,0.0,0.0,,0.0,0.0,0.0,0.0,0.0,0.0,0.0,0.0,1.2453892913197087e-05,0.0,0.0,0.0,0.0,-9.654801673438093e-05,0.0,0.0,0.0,0.0,0.0,0.0,0.0,0.0,-4.167210973220118,0.0,0.0,0.0,0.0,0.0,-4.1989362694783985,0.0,0.031103231625765917,0.0,0.0,0.0,0.0,0.0,0.0,0.0,0.0,0.0,0.0,0.0,0.0,0.0,0.0,0.0,0.6220770738079694,7.53828658517526,0.0,0.0,0.0,0.0,0.05141364187739106,0.0,0.0,0.0,0.0,0.0,0.0,0.0,0.0,0.0,0.0,0.0,0.0,0.0,0.13125563746073218,-0.1779984641401733,0.0,0.0,0.021733383098503936,0.0,0.0,0.0,0.0,0.0,0.0,0.0,,0.0,0.0,0.0,0.0,0.0,0.0,0.0,0.0,0.0,0.0,-0.003110323162576592,0.0,0.0,0.0,0.0,0.40434201113495694,0.0,0.0,0.0,0.0,0.0,0.0,0.0,0.0,0.0,0.031103231625780402,0.0,0.0,1.2441291562568193,,0.0,0.0,0.0,,0.0,1.2441292650306366,0.0,0.0,0.0,0.0,0.0,17.545295610416463,0.0,0.0,0.0,0.0,0.0,5.3198665023979293e-11,,0.0,0.0,0.0,0.0,37.66063734371953,7.942628596310216
2012-11-01,0.0,0.0,0.0,0.0,0.0,0.0,0.0,0.0,0.0,0.0,0.0,0.0,0.0,1.4120867158097727,0.0,0.0,,0.0,0.0,14.680725327219987,-0.012878054615318484,0.003110323162576592,0.0,0.0,0.0,0.0,0.0,0.0,0.0,,0.0,0.0,0.0,0.0,0.0,0.0,0.0,0.0,-1.0707722423253118e-06,0.0,0.0,0.0,0.0,0.0,0.0007322944853896172,0.0,0.0,0.0,0.0,0.0,0.0,0.0,0.0304811669932506,0.0,0.0,0.0,0.0,0.0,0.0,0.0,0.031103231625765917,0.0,-9.472455258793522e-08,0.0,0.0,0.0,0.0,0.0,0.0,0.0,0.0,0.0,0.0,0.0,0.0,0.0,1.4618518852378288e-06,1.8137022487608516,0.0,13.999879202042248,0.0,0.0,0.037230568256041804,0.0,0.0,0.0,0.0,0.0,0.0,0.0,0.0,0.0,0.0,0.0,0.0,0.0,0.0,-0.12299893870391258,0.0,0.0,0.0,0.0,0.0,0.0,0.0,0.0,0.0,0.0,,0.0,0.0,0.0,0.0,0.0,0.0,0.0,0.0,0.0,0.0,-1.8714814469223353,0.0,0.0,0.0,0.0,2.8614973095704643,0.0,0.0,0.0,0.0,0.08999922344169523,0.0,0.0,0.0,0.0,0.0,0.0,0.0,-1.0561954748014368,,0.0,0.0,0.0,,0.0,0.31103231625765915,0.0,0.0,0.0,0.0,0.0,7.859927710615559,0.0,0.31103231625765915,0.0,0.0,0.0,-4.158057246400016e-10,,1.866193897545955,0.0,0.0,0.0,42.24518023294116,4.675199558331316
2012-12-01,0.0,0.0,0.0,0.0,0.0,0.0,0.0,0.0,0.0,0.0,0.0,0.0,0.0,0.015551615812882958,0.0,0.0,,0.0,0.0,4.2306510535470324e-11,0.13670299933488886,0.0,0.0,0.0,0.0,0.0,0.0,0.0,0.0,,0.0,0.0,0.0,0.0,0.0,0.0,0.0,0.0,1.1988394239435835e-05,0.0,0.0,0.0,0.0,-6.220646325153183e-05,-0.0007322944853896172,0.0,0.0,-0.004852104133619483,0.0,0.0,0.0,0.0,-0.0304811669932506,0.0,0.0,-0.031103231625765917,0.0,0.0,0.0,0.0,0.0,0.0,0.0,0.0,0.0,0.0,0.0,0.0,0.0,0.9330969487729776,0.0,0.0,0.0,0.0,0.0,0.0,0.0,1.9349581661578183,0.0,0.0,0.0,0.0,0.025106777394171213,0.0,0.0,0.0,0.0,0.0,0.0,0.0,0.0,0.0,0.0,0.0,0.0,0.0,0.0,-0.14499874887810982,0.0,0.0,0.0,0.0,3.110322948219743e-08,0.31103231625765915,0.0,0.0,0.0,0.0,,0.0,0.0,0.0,0.0,0.0,0.0,0.0,0.0,0.0,0.0,0.0,0.0,0.0,0.0,0.0,19.96827470374172,0.0,0.0,0.0,0.0,0.2823515402350495,0.0,0.0,0.0,0.0,0.0,0.0,0.0,9.80513822381503,4.043420111349569,0.0,0.0,0.0,,0.0,0.0,0.0,0.0,0.0,0.0,0.0002214550091753085,31.880571488488638,0.0,0.0,0.0,0.0,7.682498485940948e-06,0.00019316005387203815,,0.0,0.0,0.0,0.0,69.12440945588233,21.90323286989954
2013-01-01,3.1103231625765914e-05,0.0,0.0,0.0,0.0,0.0,0.0,0.0,0.9991989362694784,0.0,0.0,0.0,0.0,0.4821000901993717,0.0,0.0,,0.0,0.9953034120245093,-7.153435656784934e-11,0.4915169418837044,0.006220646325153184,0.0,0.0,0.0,0.0,0.0,-0.031103231625765917,0.0,,0.0,0.0,0.0,0.0,0.0,0.0,0.0,0.0,1.0235665318061865e-06,0.0,0.0,0.0,0.0,0.007215949737177693,0.0,0.0,0.0,0.0,0.0,0.0,0.0,0.0,0.0304811669932506,0.0,0.0,0.0,0.0,0.0,0.0,0.0,0.031103231625765917,0.0,0.0,0.0,0.0,0.0,0.0,0.0,0.0,1.866193897545955,0.0,0.0,0.0,0.0,0.0,0.0,-1.3903144536268374e-05,1.4721354856747757,0.0,0.0,0.0,0.0,0.024981369164256376,0.0,0.0,0.0,0.0,0.0,0.0,0.0,0.0,0.0,0.0,0.0,0.0,0.0,0.0,-0.13099886967623076,0.0,0.0,0.6234950701377879,0.0,0.0,0.15551615812882957,0.0,0.0,0.0,0.0,,0.0,0.0,0.0,0.0,0.0,0.0,0.0,0.0,0.0,0.0,0.0,0.0,0.0,0.0,0.0,12.161363565674474,0.0,0.0,0.0,0.0,-0.0023539561942094423,0.0,0.0,0.0,0.0,0.0,0.0,0.0,1.0850089875187396,,0.04655474830235425,0.0,0.0,,0.0,0.11539298933159155,0.0,0.0,0.0,0.0,0.0,10.336770249177333,0.0,0.0,0.0,0.0,-7.682498485940948e-06,3.101764146108083e-06,,0.0,0.0,0.0,-0.008852912817641752,30.75725756824841,13.63349905134925
2013-02-01,0.0,0.0,0.0,0.0,0.0,0.0,0.0,0.0,1.0055580541818296,0.0,0.0,0.0,0.0,0.040434201113495695,0.0,0.0,,0.0,0.0,-2.351407732089561e-10,0.1784420272292624,0.006220646325153184,0.0,0.0,0.0,0.0,0.0,-0.12441292650306367,0.0,,0.0,0.0,0.0,0.0,0.0,0.0,0.0,0.0,2.0822027970545193e-05,0.0,0.0,0.0,0.0,-0.21125314920220212,0.0007322944853896172,0.0,0.0,0.004852104133619483,0.0,0.0,0.0,0.0,0.06251749556778949,0.0,0.0,0.031103231625765917,0.0,0.0,0.0,0.0,0.031103231625765917,0.0,0.0,0.0,0.0,0.0,0.0,0.0,0.0,0.0,0.0,0.0,0.0,0.0,0.0,0.0,0.31103231625765915,4.905884358186683,0.0,19.999827431489223,0.0,0.0,0.06104687257005983,0.0,0.0,0.0,0.0,0.0,0.0,0.0,0.0,0.0,0.0,0.0,0.0,0.0,0.0,-0.08799924069857042,0.0,0.0,1.4781089235171523,0.0,0.0,0.0,0.0,0.0,0.0,0.0,,0.0,0.0,0.0,0.0,0.0,0.0,0.0,0.0,0.0,0.0,0.0,0.0,0.0,0.0,0.0,6.998227115797332,0.0,0.0,0.0,0.0,0.08999922344172781,0.0,0.0,0.0,0.0,0.0,0.0,0.0,1.0065578984610437,,0.0,0.0,0.0,,0.0,0.0799353052782184,0.0,0.0,0.0,0.0,0.0,5.7449222599390515,0.0,0.6220646325153183,0.0,0.0,0.0,-0.0003331159009521064,4.976517060122546,0.0,0.0,0.0,0.0,47.211109073352134,11.904111473984015
2013-03-01,0.0,0.0,0.0,0.0,0.0,0.0,0.0,0.0,1.0009130975708376,0.0,0.0,0.0,0.0,0.03421355478834251,-0.031103231625765917,0.0,,0.0,0.0,1.2316828674893517e-10,-0.04454843493169755,0.003110323162576592,0.0,0.0,0.0,0.0,0.0,-0.031103231625765917,0.0,,0.0,0.0,0.0,0.0,0.0,0.0,0.0,0.0,-1.4053433004851452e-06,0.0,0.0,0.0,0.0,0.0,-0.0007322944853896172,0.0,0.0,-0.004852104133619483,0.0,0.0,0.0,0.0,0.0,0.0,0.0,0.0,0.0,0.0,0.0,0.0,0.031103231625765917,0.0,0.0,0.0,1.7703172529625828,0.0,0.0,0.0,0.0,0.0,0.0,0.0,0.0,0.0,0.0,0.0,0.0,1.2190166402258147,0.0,0.0,0.0,0.0,0.024717675966533046,0.0,0.0,0.0,0.0,0.0,0.0,0.0,0.0,0.0,0.0,0.0,0.0,0.0,-0.13125563746073218,-0.07799932698298803,0.0,0.0,0.04309788186992763,0.0,0.0,0.0,0.0,0.0,0.6220646325153183,0.0,,0.0,0.0,0.0,0.0,0.0,0.0,0.0,0.0,0.0,0.0,-0.03328045783956953,0.0,0.0,0.0,0.0,4.696587975490654,0.0,0.0,0.0,0.0,0.24999784289359683,0.0,0.0,0.0,0.19776700569189137,0.0,0.0,0.0,0.9344611403175618,3.4213554788342986,0.0,0.0,0.0,,0.0,0.02985910236073528,0.0,0.0,0.0,0.0,0.0,33.14284902692604,0.0,0.0,0.0,0.0,0.0,3.6061896320718273e-10,5.598581692637865,0.0,0.0,0.0,0.0,52.665137431895296,5.915604615716468
2013-04-01,0.0,0.0,0.0,0.0,0.0,0.0,0.0,0.0,0.9958725700600292,0.0,0.0,0.0,0.0,0.04665484743864887,0.0,0.0,,0.0,0.0,1.7168824919118974e-10,0.355062770461323,0.006220646325153184,0.0,0.0,0.0,0.0,0.0,-0.031103231625765917,0.0,,0.0,0.0,0.0,0.0,0.0,0.0,0.0,0.0,3.853802432433515e-05,0.0,0.0,0.0,0.0,-0.0005129777487793614,0.0007322944853896172,0.0,0.0,0.004852104133619483,0.0,0.0,0.0,0.0,0.0,0.0,0.0,-0.031103231625765917,0.0,0.0,0.0,0.0,0.031103231625765917,0.0,0.0,0.0,0.0,0.0,0.0,0.0,0.0,0.9330969487729776,0.0,0.0,0.0,0.0,0.0,0.0,0.0,2.635038723526166,0.0,0.0,0.0,0.0,0.045696867904575195,0.0,0.0,0.0,0.0,0.0,0.0,0.0,-0.0011763864265496656,0.0,0.0,0.0,0.0,0.0,0.0,-0.15899862808029303,0.0,0.0,0.0,0.0,-2.1772262085895287e-07,0.0,0.0,0.0,0.31103231625765915,0.0,,0.0,0.0,0.0,0.0,0.0,0.0,0.0,0.0,0.0,0.0,0.004665484743864887,0.0,0.0,0.0,0.0,8.366769307331031,0.0,0.0,0.0,0.0,0.0,0.0,0.0,0.0,0.0,0.0,0.0,0.0,3.42204929773158,,-0.29548070044477576,0.0,-0.00899992234457307,,0.0,0.0,0.0,0.0,0.0,0.0006624055239338951,0.0,18.21516583044078,0.0,0.0,0.0,0.0,7.682498485940948e-06,-1.2441899216189755e-05,13.685421915337004,0.0,0.0,0.0,0.0,48.532756044875654,11.001808030857198
2013-05-01,-3.1103231625765914e-05,0.0,0.0,0.0,0.0,0.0,0.0,0.0,2.003057727597897,0.0,0.0,0.0,0.0,0.03478566763086233,0.0,0.0,,0.0,0.0,-3.082248718607819e-10,0.12449249527569979,0.003110323162576592,0.0,0.0,0.0,0.0,0.0,0.0,0.0,,0.0,0.0,0.0,0.0,0.0,0.0,0.0,0.0,2.5823379644418445e-05,0.0,0.0,0.0,0.0,-0.3273150835867934,0.0,0.0,0.0,0.0,0.0,0.0,0.0,0.0,0.0,0.0,0.0,0.0,0.0,0.0,0.0,0.0,0.0,0.0,0.0,0.0,0.0,0.0,0.0,0.0,0.0,0.6220646325153183,0.0,0.0,0.0,0.0,0.0,0.0,1.3903144536268374e-05,3.974810332491065,0.0,0.0,0.0,0.0,0.03769711673042829,0.0,0.0,0.0,0.0,0.0,0.0,0.0,0.0,0.0,0.0,0.0,0.0,0.0,0.0,-0.1039991026437861,0.0,0.0,-1.3489636403222303,0.0,2.1772262085895287e-07,0.31103231625765965,0.0,0.0,0.0,0.0,,0.0,0.0,0.0,0.0,0.0,0.0,0.0,0.0,0.0,0.0,0.0,0.0,0.0,0.0,-1.7425859202903254e-06,6.158439861901652,0.0,0.0,0.0,0.0,0.1999982743148865,0.0,0.0,0.0,0.0,0.0,0.0,0.0,-0.927426591678923,,-0.5262812989818142,0.0,0.0,,0.0,0.32782806133557274,0.0,0.0,0.0,0.0,0.0,18.177329156915782,0.0,0.31103231625765915,0.0,0.0,0.0,7.68009676590452e-10,7.77580790644148,1.866193897545955,0.0,0.0,0.0,38.69370146804998,10.133250194392717
2013-06-01,0.0,0.0,0.0,0.0,0.0,0.0,0.0,0.0,2.007356443034432,0.0,0.0,0.0,0.0,0.02120014929551632,0.0,0.0,,0.0,0.0,-1.2334236478732127e-07,0.6929897983508443,0.006220646325153184,0.0,0.0,0.0,0.0,0.0,0.0,0.0,,0.0,0.0,0.0,0.0,0.0,0.0,0.0,0.0,8.541604454079507e-05,0.0,0.0,0.0,0.0,-0.006749401262791204,0.0,0.0,0.0,0.0,0.0,0.0,0.0,0.0,-0.7467885913346397,0.0,0.0,0.0,0.0,0.0,-0.777580790644148,0.0,0.031103231625765917,-0.22705359086809118,0.0,0.0,0.0,0.0,0.0,0.0,0.0,0.6220646325153183,0.0,0.0,0.0,0.0,0.0,0.0,0.4665482566638679,1.4139540605306113,0.0,0.0,0.0,0.0,0.04705918944978383,0.0,0.0,0.0,0.0,0.0,0.0,0.0,0.0,0.0,0.0,0.0,0.0,0.0,0.0,-0.07599934423937622,0.0,0.0,-0.3130403408914185,0.0,0.0,0.15551615812882913,0.0,0.0,0.6220646325153183,0.0,,0.0,0.0,0.0,0.0,0.0,0.0,0.0,0.0,0.0,0.0,0.0001058131939836718,0.0,0.0,0.0,1.7425859202903254e-06,0.27992908463189325,0.0,0.0,0.0,0.0,0.059999482294486414,0.0,0.0,0.0,0.0,0.0,0.0,0.0,0.9896356616747536,4.043420111349523,-0.446216909817393,0.0,0.0,,0.0,0.062206463251531834,0.0,0.0,0.0,0.0,0.0,-3.767236494398352,0.0,2.488258530061273,0.0,0.0,0.0,4.126864387149885e-10,7.46477559018382,0.0,0.0,0.0,0.0,15.11382950732128,1.6938831451625047
2013-07-01,0.0,0.0,0.0,0.0,0.0,0.0,0.0,0.0,2.0087731019252897,0.0,0.0,0.0,0.0,0.0,0.0,0.0,,0.0,0.0,0.0,-0.4827324855121463,0.003110323162576592,0.0,0.0,0.0,0.0,0.0,-0.031103231625765917,0.0,,0.0,0.0,0.0,0.0,0.0,0.0,0.0,0.0,-5.4128527889760856e-05,0.0,0.0,0.0,0.0,-0.009362072719355541,-0.0007322944853896172,0.0,0.0,0.0,0.0,0.0,0.0,0.0,0.06251749556778949,0.0,0.0,0.031103231625765917,0.0,0.0,0.0,0.0,0.031103231625765917,0.22705359086809118,0.0,0.0,0.0,0.0,0.0,0.0,0.0,0.0,0.0,0.0,0.0,0.0,0.0,0.0,-0.3110320985350383,1.0744753817884491,0.0,0.0,0.0,0.0,0.048489938104569065,0.0,0.0,0.0,0.0,0.0,0.0,0.0,0.0,0.0,0.0,0.0,0.0,0.0,0.0,-0.13799880927745273,0.0,0.0005148678885328688,0.0,0.0,0.0,0.0,0.0,0.0,0.0,0.0,,0.0,0.0,0.0,0.0,0.0,0.0,0.003110323162576592,0.0,0.0,0.0,0.1350786289695409,0.0,0.0,0.0,0.0,6.345059251656363,0.0,0.0,0.0,0.0,0.0,0.0,0.0,0.0,0.0,0.0,0.0,0.0,-2.734764063972596e-07,,0.0,0.0,0.0,,0.0,0.04883207365245249,0.0,0.0,0.0,0.0,0.0,22.505333812724324,0.0,0.0,0.0,0.0,0.0,-9.704260317472461e-05,-2.488258530061273,0.0,0.0,0.0,0.0,29.063184285898195,7.419534633444813
2013-08-01,0.0,0.0,0.0,0.0,0.0,0.0,0.0,0.0,2.996556250194396,0.0,0.0,-0.0011656555596703771,0.0,0.0,0.0,0.0,,0.0,0.0,0.0,0.6057072778465368,0.006220646325153184,0.0,0.0,0.0,0.0,0.0,-0.031103231625765917,0.0,,0.0,0.0,0.0,0.0,0.0,0.0,0.0,0.0,-3.106429344041244e-05,0.0,0.0,0.0,0.0,-0.18070478419476832,0.0007322944853896172,0.0,0.0,0.0,0.0,0.0,0.0,0.0,0.0,0.0,0.0,0.0,0.0,0.0,0.0,0.0,0.0,0.0,0.0,0.0,0.0,0.0,0.0,0.0,0.0,0.0,0.0,0.0,0.0,0.0,0.0,0.0,-0.15551522503187995,2.5442952318761254,0.0,0.0,0.0,0.0,0.047183602376286896,0.0,0.0,0.0,0.0,0.0,0.0,0.0,0.0,0.0,0.0,0.0,0.0,0.0,0.0,-0.12299893870362291,0.0,-0.0005148678885328688,-0.7764287269447293,0.0,9.330969485557239e-06,-1.3996453298497715,0.0,0.0,0.0,0.0,,0.0,0.0,0.0,0.0,0.0,0.0,0.0,0.0,0.0,0.0,0.21192050013997196,0.0,0.0,0.0,0.0,12.721221734938144,0.0,0.0,0.0,0.0,0.1599986194518998,0.0,0.0,0.0,0.0,0.0,0.0,0.0,-0.9953035338345304,,-5.003956823442426e-05,0.0,0.0,,0.0,0.027992908463189324,0.0,0.0,0.0,0.0,0.0,23.343746578482847,0.0,2.488258530061273,0.0,0.0,0.0,-0.0015262358869027489,-9.953034120245093,0.0,0.0,0.0,0.0,31.535821751983757,15.26551696681427
2013-09-01,0.0,0.0,0.0,0.0,0.0,0.0,0.0,0.0,1.004461074305619,0.0,0.0,-8.960985302394895e-11,0.0,0.027992908463189324,0.0,0.0,,0.0,0.0,0.0,0.33352440847675,0.006220646325153184,0.0,0.0,0.0,0.0,0.0,-0.062206463251531834,0.0,,0.0,0.0,0.0,0.0,0.0,0.0,0.0,0.0,2.7209946587036182e-05,0.0,0.0,0.0,0.0,-0.0005648497201954559,0.0,0.0,0.0,0.0,0.0,0.0,0.0,0.0,0.0,0.0,0.0,-0.031103231625765917,0.0,0.0,0.0,0.0,0.031103231625765917,0.0,0.0,0.0,0.0,0.0,0.0,0.0,0.0,0.0,0.0,0.0,0.0,0.0,0.0,0.0,0.4665475412895391,2.5159084631884054,0.0,0.0,0.0,0.0,0.05841186899318839,0.0,0.0,0.0,0.0,0.0,0.0,0.0,0.0,0.0,0.0,0.0,0.0,0.0,-0.024260520668097415,-0.11499900773101507,0.0,0.0,-0.6842710957668506,0.0,0.0,1.555161487978601,0.0,0.0,0.0,0.0,,0.0,0.0,0.0,0.0,0.0,0.0,0.0,0.0,0.0,0.0,0.0,0.0,0.0,0.0,0.0,-0.373238779509191,0.0,0.0,0.0,0.0,0.019999827431494265,0.0,0.0,0.0,0.0,0.0,0.0,0.0,3.732387908975645,4.043420111349569,-0.04979387035358756,0.0,0.0,,0.0,0.0,0.0,0.0,0.0,0.0,0.0,2.9094348959409833,0.0,0.31103231625765915,0.0,0.0,0.0,0.0015841838334633399,9.642001803987434,0.0,0.0,0.0,0.0,25.3187820696532,2.1426696836792143
2013-10-01,0.0,0.0,0.0,0.0,0.0,0.0,0.0,0.0,1.992352244098161,0.0,0.0,-2.5992940476714073e-10,0.0,0.04976517060122547,0.0,0.0,,0.17567167428695174,0.0,0.0,0.08654852131215297,0.006220646325153184,0.0,0.0,0.0,0.0,0.0,0.0,0.0,,0.0,0.0,0.0,0.0,0.0,0.0,0.0,0.0,7.730809389381595e-07,0.0,0.0,0.0,0.0,-0.001119716338527573,0.0,0.0,0.0,0.0,0.0,0.0,0.0,0.0,-3.359149015582719,0.0,0.0,0.0,0.0,0.0,-3.421355478834251,0.0,0.031103231625765917,0.0,0.0,0.0,0.0,0.0,0.0,0.0,0.0,0.0,0.0,0.0,0.0,0.0,0.0,0.0,0.0,2.407554570619902,0.003110323162576592,0.0,0.0,0.0,0.048925383347329786,-0.013329956411027794,0.0,0.0,0.0,0.0,0.031103231625765917,0.0,0.0,0.0,0.0,0.0,0.0,0.0,0.0,-0.13399884379088084,0.0,-1.5007800062899413e-08,-0.9767189200957979,0.0,2.2705359086229776e-05,0.4665484743864888,0.0,0.0,0.0,0.0,,0.0,0.0,0.0,0.0,0.0,0.0,0.0007698360859671886,0.0,0.0,0.0,0.0,0.0,0.0,0.0,0.0,0.031103231625650048,0.0,0.0,0.0,0.0,0.0,0.0,0.0,0.0,0.0,0.0,0.0,0.0,-1.8661178061620172,,0.0,0.0,0.0,,0.0,0.11974744175919878,0.0,0.0,0.0,0.0,0.0,12.993365886743852,0.0,0.0,0.0,0.0,0.0,-7.038958314047573e-05,-10.264066436502752,0.0,0.0,0.0,0.0,-1.5920132325226763,2.4386578022455523
2013-11-01,-0.00015377437715833708,0.0,0.0,6.220646620618029e-08,0.0,0.0,0.0,0.0,3.0094619762993413,0.0,0.0,0.0,0.0,0.015551615812882958,0.0,0.0,,0.0,0.0,0.0,0.23297557407853542,0.006220646325153184,0.0,0.0,0.0,0.0,0.0,0.0,0.0,,0.0,0.0,0.0,0.0,0.0,0.0,0.0,0.0,3.145364347463224e-05,0.0,0.0,0.0,0.0,-0.0003421355478834251,-0.0007322944853896172,0.0,0.0,0.0,0.0,0.0,0.0,0.0,0.0,0.0,0.0,0.0,0.0,0.0,0.0,0.0,0.0,0.0,0.0,0.0,0.0,0.0,0.0,0.0,0.0,0.0,3.110243973748873,0.0,0.0,0.0,0.0,0.0,0.6220646325153183,1.8595763117793989,0.0,0.0,0.0,0.0,0.05993592734285092,0.0,0.0,0.0,0.0,0.0,0.0,0.00033314642546103786,0.0,0.0,0.0,0.0,0.0,0.0,0.0,-0.121998947332266,0.0,0.0,1.0103321825137634,0.0,0.0,0.6220646325153183,0.0,0.0,0.0,0.0,,0.0,0.0,0.0,0.0,0.0,0.0,-0.0007698360859671886,0.0,0.0,0.0,0.1738892724954315,0.0,0.0,0.0,0.0,-0.062206463251300095,0.0,0.0,0.0,0.0,0.0,0.0,0.0,0.0,0.0,-0.062206463251560803,0.0,0.0,1.8666968777953108,,0.0,0.0,0.0,,0.0,0.10015240583496625,0.0,0.0,0.0,0.0,0.0,3.1047322108176796,0.0,0.0,0.0,0.0,0.0,-8.460081925816913e-05,7.77580790644148,0.0,0.0,0.0,0.0,23.32157629344092,1.7973698485280987
2013-12-01,0.00015377437715833708,0.0,0.0,-6.220646620618029e-08,0.0,0.0,0.0,0.0,0.9898328201300076,0.0,0.0,7.931565502220793e-12,0.0,0.8615595160337159,0.0,0.0,,0.0,0.0,0.0,-1.0724057112152348,0.003110323162576592,0.0,0.0,0.0,0.0,0.0,-0.062206463251531834,0.0,,0.0,0.0,0.0,0.0,0.0,0.0,0.0,0.0,2.1741290591154205e-05,0.0,0.0,0.0,0.0,-0.000373238779509191,0.0,0.0,0.0,0.0,0.0,0.0,0.0,0.0,0.0,0.0,0.0,0.0,0.0,0.0,0.0,0.0,0.031103231625765917,0.0,0.0,0.0,0.0,0.0,0.0,0.0,0.0,0.0,9.322875462660566,0.0,0.0,0.0,0.0,0.0,0.31103231625765915,2.3936504307797546,0.0,0.0,0.0,0.0,0.04908089950545862,0.0,0.0,0.0,0.0,0.0,-0.031103231625765917,0.0,0.0,0.0,0.0,0.0,0.0,0.0,0.0,-0.15299867985070317,0.0,1.5007800062899413e-08,1.20924201424528,0.0,6.220646620618029e-08,0.0,0.0,0.0,0.0,0.0,,0.0,0.0,0.0,0.0,0.0,0.0,0.0007698360859671886,0.0,0.0,0.0,0.29865117725732815,0.0,0.0,0.0,-1.7425859202903254e-06,20.123790861870432,0.0,0.0,0.0,0.0,0.16999853316764513,0.0,0.0,0.0,0.0,0.062206463251560803,0.0,0.0,0.07634797482346133,3.7323877950919098,0.0,0.0,0.0,,0.0,-1.952971913781842,0.0,0.0,0.0,0.0,0.040434201113495695,13.388751475157832,0.0,0.6220646325153183,0.0,0.0,0.0,-1.8303007329431045e-10,13.063357282821686,0.0,0.0,0.0,0.0,63.47836179696737,22.517441292650187
2014-01-01,0.0,0.0,0.0,0.0,0.0,0.0,0.0,-0.062206463251531834,0.0,0.0,0.0,4.0432698553092206e-11,0.0,0.0,0.0,0.0,,0.0,0.0,0.0,-0.23716577292071775,0.006220646325153184,0.0,0.0,0.0,0.0,0.0,0.0,0.0,,0.0,0.0,0.0,0.0,0.0,0.0,0.0,0.0,-2.190564984286335e-05,0.0,0.0,0.0,0.031103231625765917,0.0,0.0,0.0,0.0,0.0,0.0,0.0,0.0,0.0,7.735311498864732,0.0,0.0,0.0,0.0,0.0,0.0,0.0,0.031103231625765917,0.0,0.0,0.0,0.0,0.0009868433330222747,0.0,0.0,0.0,0.0,9.330165562501941,0.0,0.0,0.0,0.0,0.0,0.0,1.558961929643869,0.0,0.0,0.0,0.0,0.02612671456564337,0.0,-1.1103853690398433,0.0,0.0,0.0,0.0,-0.004574784826474695,0.0,0.0,0.0,0.0,0.0842275512425741,0.0,0.024260520668097415,-0.10299911127242918,0.0,0.0,-1.9645818170507914,0.0,0.0,0.0,0.0,0.0,0.0,0.0,,0.0,0.0,0.0,0.0,0.0,0.0,0.0,0.0,0.0,0.0,0.0,0.0,0.031103231625765917,0.0,1.7425859202903254e-06,-0.5287549376380206,0.0,0.0,0.0,0.0,0.009999913715747133,0.0,-0.09330969487730137,0.0,0.0,0.0,0.0,-0.031103231625765917,0.1009556057609388,,0.0,0.0,0.0,,0.0,1.026562159808404,0.0,0.0,0.0,0.0,0.0,-31.169931050250383,0.0,0.0,0.0,0.0,0.0,4.77005317892361e-10,7.153743273926161,0.0,0.0,0.0,0.0,-8.154200480066162,1.0302069920058483
2014-02-01,0.0,0.0,0.0,0.0,0.0,0.0,0.0,0.062206463251531834,0.0,0.0,0.0,-7.34027372111481e-11,0.0,0.003110323162576592,0.0,0.0,,0.0,0.0,0.0,-0.21826931207436842,0.003110323162576592,0.0,0.0,0.0,0.0,0.0,0.0,0.0,,0.0,0.0,0.0,0.0,0.0,0.0,0.0,0.0,-3.377536906803208e-05,0.0,0.0,0.0,0.0,-3.1103231625765914e-05,0.0,0.0,0.0,0.0,0.0,0.0,0.0,0.0,-0.02202108799104227,0.0,0.0,0.0,0.0,0.0,0.0,0.0,0.0,-0.027992908463189324,0.0,0.0,0.0,0.0,0.0,0.0,0.0,0.0,0.0,0.0,0.0,0.0,0.0,0.0,-0.9330969487729776,1.8902886690946044,0.0,0.0,0.0,0.0,0.03847469752107244,0.0,0.0,0.0,0.0,0.0,0.0,0.0,0.0,-0.6220646325153183,0.0,0.0,-0.0842275512425741,0.0,0.0,-0.0879992406985849,0.0,0.0,-0.5536375229386336,0.0,0.0,-0.6220646325153183,0.0,0.0,0.0,0.0,,0.0,0.0,0.0,0.0,0.0,0.0,0.0,0.0,0.0,0.0,0.29776877857607276,0.0,0.0,0.0,0.0,7.247052968803574,0.0,0.0,0.0,0.0,0.16999853316764693,0.0,0.0,0.0,0.0,0.03110323162573695,0.0,0.0,-2.0436381744936702,,0.0,0.0,0.0,,0.0,-0.883331778171752,0.0,0.0,0.0,0.0,0.0,9.291411829053589,0.0,0.0,0.0,0.0,0.0,-6.22099573945623e-06,6.842710957668502,-1.928400360797487,0.0,0.0,0.0,17.850421524742732,9.137341637898178
2014-03-01,0.0,0.0,0.0,0.0,0.0,0.0,0.0,0.0,0.0,0.0,0.0,2.607386742899649e-10,0.0,0.015551615812882958,0.0,0.0,,0.0,0.0,0.0,0.1329623749778547,0.006220646325153184,0.0,0.0,0.0,0.0,0.0,0.0,0.0,,0.0,0.0,0.0,0.0,0.0,0.0,0.0,0.0,1.5529842049808695e-05,0.0,0.0,0.0,0.0,-0.1292961338683089,0.0,0.0,0.0,0.0,0.0,0.0,0.0,0.0,-0.662498833628814,0.0,0.0,0.0,0.0,0.0,-0.777580790644148,0.0,0.031103231625765917,0.027992908463189324,0.0,0.0,0.0,0.0,0.0,0.0,0.0,0.0,23.10966999471245,0.0,0.0,0.0,0.0,0.0,1.5551476781437614,1.5362334608559396,0.0,0.0,0.0,0.0,0.026157817797269136,0.0,0.0,0.0,0.0,0.0,0.0,0.0,0.0,-0.31103231625765915,0.0,0.0,0.08397872538956798,0.0,0.0,-0.16999853316755098,0.0,0.0,1.0687284998911388,0.0,2.4291623898448626e-05,-0.15551615812882957,0.0,0.0,0.0,0.0,,0.0,0.0,0.0,0.0,0.0,0.0,0.0,0.0,0.0,0.0,0.14909116357188584,-2.1150197641087046e-06,0.0,0.0,0.0,-1.2130260334049867,0.0,0.0,0.0,0.0,0.14999870573618343,0.0,0.0,0.0,0.0,0.0,0.0,0.0,0.5283398559560505,0.0,0.29548069977478136,0.0,0.0,,0.0,0.33886970856271964,0.0,0.0,0.0,0.0,0.0,-14.313080499583247,0.0,0.31103231625765915,0.0,0.0,0.0,-0.0014229727293004835,-3.110323162576592,0.0,0.0,0.0,0.0,8.522821676571738,0.32320531243118866
2014-04-01,0.0,0.0,0.0,0.0,0.0,0.0,0.0,0.0,0.0,0.0,0.0,-2.1601159697146123e-10,0.0,0.0373238779509191,0.0,0.0,,0.0,0.0,0.0,0.024236938576280714,0.006220646325153184,0.0,0.0,0.0,0.0,0.0,0.0,0.0,,0.0,0.0,0.0,0.0,0.0,0.0,0.0,0.0,2.5502488410158643e-06,0.0,0.0,0.0,0.0,0.0,0.0,0.0,0.0,0.0,0.0,0.0,0.0,0.0,-0.17728842026686573,0.0,0.0,0.0,0.0,0.0,-0.031103231625765917,0.0,0.031103231625765917,-0.01866193897545955,0.0,0.0,0.0,0.0,0.0,0.0,0.0,0.0,15.160275543528968,0.0,0.0,0.0,0.0,0.0,0.15553006127336585,2.735937793533966,0.0,0.0,0.0,0.0,0.02559795962800535,0.0,0.0,0.0,0.0,0.0,0.0,5.598551677935636e-06,0.0,0.0,0.0,0.0,-0.17728842026686573,0.0,0.0,-0.07399936149637272,0.0,0.0,0.02045037479394109,0.0,0.010252558240801363,0.0,0.0,0.0,0.0,0.0,,0.0,0.0,0.0,0.0,0.0,0.0,0.0,0.0,0.0,0.0,0.14929939970762962,0.0004211377562140292,0.0,0.0,0.0,27.681876146931668,0.0,0.0,0.0,0.0,0.0,0.0,0.0,0.0,0.0,0.0,0.0,0.0,-0.32449687835880847,,6.699948263411984e-10,0.0,-0.07302436991077234,,0.0,0.0373238779509191,0.0,0.0,0.0,0.0,0.0,13.444313995735728,0.0,0.31103231625765915,0.0,0.0,0.0,0.001332773535332059,7.46477559018382,0.0,0.0,0.0,0.0,66.42144975188972,30.418235078221848
2014-05-01,0.0,1.141488600117406e-07,0.0,0.0,0.0,0.0,0.0,0.0,0.0,0.0,0.0,3.117461900305649e-10,0.0,0.009330969487729775,0.0,0.0,,0.0,0.0,0.0,0.13559197518861,0.015551615812882958,0.0,0.0,0.0,0.0,0.0,0.0,0.0,,0.0,0.0,0.0,0.0,0.0,0.0,0.0,0.0,1.5781997752035706e-05,0.0,0.0,0.0,0.0,-0.0047276912071164195,0.0,0.0,-14.494105937606918,0.0,0.0,0.0,0.0,0.0,-2.0839165189263165,0.0,0.0,0.0,0.0,0.0,-2.1150197505520825,0.0,0.0,0.01866193897545955,0.0,0.0,0.0,0.0,0.0,0.0,0.0,0.0,0.0,0.0,0.0,-6.220646325153183e-05,0.0,0.0,0.15551615812882957,2.692751734007664,0.0,0.0,0.0,0.0,0.05074302510030788,0.0,0.0,0.0,0.0,0.0,0.031103231625765917,0.0,0.0,0.0,0.0,0.0,0.0,0.0,0.0,0.3439970318214131,0.0,0.0,0.01682715934185591,0.0,0.0001952971913811968,0.31103231625765915,0.0,0.0,0.0,0.0,,0.0,0.0,0.0,0.0,0.0,0.0,0.0,0.0,0.0,0.0,0.14884998911386824,0.0,0.0,0.0,0.0,9.517280840141845,0.0,0.0,0.0,0.0,0.2699976703250911,0.0,0.0,0.0,0.0,0.0,0.0,0.0,0.9828850487501477,,0.0,0.0,0.0,,0.0,1.2478616528257287,0.0,0.0,0.0,0.00109057261049429,0.0,6.009702145283136,0.0,-2.7992908463189323,0.0,0.0,0.0,-4.8520688807534796e-05,7.46477559018382,0.0,0.0,0.0,0.0,7.926590386868623,12.210032574149508
2014-06-01,0.0,0.0,0.0,0.0,0.0,0.0,0.0,0.0,0.0,0.0,0.0,0.025310565652173888,0.0,-2.9827999129109513,0.0,0.0,,0.0,0.0,0.0,-0.1980598599734997,0.003110323162576592,0.0,0.0,0.0,0.0,0.0,0.0,0.0,,0.0,0.0,0.0,0.0,0.0,0.0,0.0,0.0,-2.8030771312988777e-05,0.0,0.0,0.0,0.0,0.0,0.0,0.0,0.31472240365774046,0.0,0.0,0.0,0.0,0.0,0.031103231625765917,0.006220646325153184,0.0,0.0,0.0,0.0,-0.031103231625765917,0.0,0.062206463251531834,0.0,0.0,0.0,0.0,0.0004152281422040429,0.0,0.0,0.0,0.0,0.0,0.0,0.0,0.0,0.0,0.0,0.31103240956735123,1.6539207800690328,0.0,0.0,0.0,0.0,0.03887533824764374,0.0,0.0,0.0,0.0,0.0,0.0,0.0,0.0,0.0,0.0,0.0,0.0,0.0,0.0,0.3229972130185583,0.0,0.0,0.0,0.0,0.00010276507728802557,-0.6220646325153183,0.0,0.0,0.31103231625765965,0.0,,0.0,0.0,0.0,0.0,0.0,0.0,0.0,0.0,0.0,0.0,0.14877310192528725,0.0,0.0,0.0,0.0,16.815774055093147,0.0,0.0,0.0,0.0,0.20999818803063727,0.0,0.0,0.0,0.0,0.0,0.0,0.0,0.03694274832322651,0.0,0.0,0.0,2.4999785452384993e-05,,0.0,1.3421044446517993,0.0,0.0,0.0,0.0,0.0,9.937042258231513,0.0,0.0,0.0,0.0,0.0,-0.00019843909375506024,7.464775590183849,0.0,0.0,0.0,0.0,35.202230963388985,18.46969483516218
2014-07-01,0.0,0.0,0.0,0.0,0.0,0.0,0.0,0.0,0.0,0.0,0.0,3.79161781129902e-11,0.0,-2.466486267923237,0.0,0.0,,0.0,0.0,0.0,0.10998878522462693,0.003110323162576592,0.0,0.0,0.0,0.0,0.0,0.0,0.0,,0.0,0.0,0.0,0.0,0.0,0.0,0.0,0.0,1.2507581228475091e-05,0.0,0.0,0.0,0.0,-9.330969487729775e-05,0.0,0.0,-0.31103231625765915,0.0,0.0,0.0,0.0,0.0,0.03452458710460017,0.0,0.0,0.0,0.0,0.0,0.0,0.0,0.031103231625765917,0.0,0.0,0.0,0.0,0.0,0.0,0.0,0.0,0.0,0.0,0.0,0.0,0.0,0.0,0.0,0.0,1.3887728842029847,0.0,0.0,0.0,0.0,0.022140213368169008,0.0,0.0,0.0,0.0,0.0,0.0,0.0,0.0,0.0,0.0,0.0,0.0033734565021305723,0.0,0.0,-0.06299945640912927,0.0,0.0,-0.9953034120245096,0.0,-4.043420086148156e-07,0.777580790644148,0.0,0.0,0.0,0.0,,0.0,0.0,0.0,0.0,0.0,0.000777580790644148,0.034894622251248196,0.0,0.0,0.0,0.0,0.0,0.0,0.0,0.0,10.568873246477454,0.0,0.0,0.0,0.0,0.14999870573618343,0.0,0.0,0.0,0.0,0.031103231625780402,0.0,0.0,-0.10370493721383651,,0.0,0.0,-2.4999785452384993e-05,,0.0,1.3565985505894063,0.0,0.0,0.0,0.0,0.0,-4.282071052147698,0.0,0.0,0.0,0.0,0.0,-1.2677616688529545e-10,-2.4882585300613025,0.0,0.0,0.0,0.0,3.8028780309383743,11.957646130680438
2014-08-01,0.0,0.0,0.0,0.0,0.0,0.0,0.0,0.0,2.9813564119312024,0.0,0.0,-3.111824532430549e-07,0.0,0.003110323162576592,0.0,0.0,,0.0,0.0,0.0,-0.013413377408447369,0.0,0.0,0.0,0.0,0.0,0.0,0.0,0.0,,0.0,0.0,0.0,0.0,0.0,0.0,0.0,0.0,-1.171798764533057e-06,0.0,0.0,0.0,0.0,-0.08662250007775808,0.0,0.0,0.0,0.0,0.0,0.0,0.0,0.0,-0.003421355478834251,0.0,0.0,0.0,0.0,0.0,0.0,0.0,0.0,0.0,0.0,0.0,0.0,0.0,0.0,0.0,0.0012999887841993133,-0.9330969487729776,0.0,0.0,0.0,0.0,0.0,0.0,0.15550216167459943,24.73371450343848,0.0,0.0,0.0,0.0,0.022749805604802456,0.0,0.0,0.0,0.0,0.0,0.0,-3.4523701906332955e-06,,0.0,0.0,0.0,-0.0033734565021305723,0.0,0.0,-0.0879992406985849,0.0,0.0,1.7894681347391992,0.0,0.0,0.0,0.0,0.0,0.0,0.0,,0.0,0.0,0.0,0.0,0.0,0.0,0.0,0.0,0.0,0.0,0.29925420671209685,0.0,0.0,0.0,0.0,7.2318187802527145,0.0,0.0,0.0,0.0,0.1099990508731913,0.0,0.0,0.0,0.0,0.0,0.0,0.0,1.0242633256028753,,0.0,0.0,0.0,,0.0,-0.15685359708873753,0.0,0.0,0.0,0.0,0.0,3.010271025874808,0.0,0.31103231625765915,0.0,0.0,0.0,-1.803939791108296e-05,0.0,-4.696587975490654,,0.0,0.0,35.69244860864096,31.966833272475395
2014-09-01,0.0,0.0,0.0,0.0,0.0,0.0,0.0,0.0,4.010847189823023,0.0,0.0,0.24372449138120145,0.0,0.009330969487729775,0.0,0.0,,0.0,0.0,0.0,0.14954492897250454,0.006220646325153184,0.0,0.0,0.0,0.0,0.0,0.0,0.0,,0.0,0.0,0.0,0.0,0.0,0.0,0.0,0.0,3.43733824972754e-05,0.0,0.0,0.0,0.0,-0.041149575440888306,0.0,0.0,0.0,0.0,0.0,0.0,0.0,0.0,0.031103231625765917,0.0,0.0,-9.330969487729775e-05,0.0,0.0,0.0,0.0,0.031103231625765917,0.0,0.0,0.0,0.0,0.0,0.0,0.0,0.0,0.9330969487729776,0.0,0.0,0.0,0.0,0.0,0.0,2.799881807719822,2.1260658144378013,0.0,0.0,0.0,0.0,0.024478492115330833,0.0,0.0,0.0,0.0,0.0,0.0,0.004141672563558895,,0.0,0.0,0.0,0.0,0.0,1.9906068240490187,-0.07199937875338369,0.0,0.0,0.9738651985941341,0.0,1.5551615465277256e-07,1.2441292650306366,0.0,0.0,0.6220646325153183,0.0,,0.0,0.0,0.0,0.0,0.0,0.0,0.0,0.0,0.0,0.0,0.14888927249541992,-0.0026619700786900172,0.0,0.0,0.0,37.24637101968828,0.0,0.0,0.0,0.0,0.0,0.0,0.0,0.0,0.0,0.0,0.0,0.0,-0.050450633930860043,0.0,0.0,0.0,0.0,,0.0,0.12002737084383068,0.0,0.0,0.0,0.0,0.0,12.102116576887182,0.0,0.0,0.0,0.0,-5.287546187677241e-07,-4.8521614675177956e-05,14.618518864109982,0.0,,0.0,0.0,79.26975905969509,39.36977486404739
2014-10-01,0.0,0.0,0.0,0.0,0.0,0.0,0.0,0.0,3.1633837827750284,0.0,0.0,-1.158003794608524e-06,0.0,2.0963578115766226,0.0,0.0,,0.0,0.0,0.0,0.19256232912382318,0.012441292650306367,0.0,0.0,0.0,0.0,0.0,0.0,0.0,,0.0,0.0,0.0,0.0,0.0,0.0,0.0,0.0,2.3454506613498686e-05,0.0,0.0,0.0,0.0,-0.00012441292650306366,0.0,0.0,0.0,0.0,0.0,0.0,0.0,0.0,0.031103231625765917,0.0,0.0,0.0,0.0,0.0,0.0,0.0,0.031103231625765917,0.0,0.0,0.0,0.0,0.0,0.0,0.0,0.0,0.0,0.0,0.0,0.0,0.0,0.0,0.0,-0.15551615812882957,1.8940741190006558,0.0,0.0,0.0,0.0,0.0,0.0,0.0,0.0,0.0,0.0,0.0,0.00966068884274247,,0.0,0.0,0.0,0.0,0.0,0.9953034120245093,-0.11199903361636498,0.0,0.0,-0.9232397126061402,0.0,0.007778451681132131,0.0,0.0,0.0,0.0,0.0,,0.0,0.0,0.0,0.0,0.0,0.0,0.0,0.0,0.0,0.0,0.14916438057914172,0.01098391962924496,0.0,0.0,0.0,18.927804051441637,0.0,0.0,0.0,0.0,0.1299988783046566,0.0,0.0,0.0,0.0,0.031103231625780402,0.0,0.0,-0.602164617682433,,0.0,0.0,0.0,,0.0,0.0,0.0,0.0,0.0,0.0,0.0,-2.7472082957139206,0.0,-14.307486547852323,0.0,0.0,0.0,-4.5841435341176115e-10,7.46477559018382,0.006531678641410843,,0.0,0.0,16.30641359884993,20.832862090071536
2014-11-01,0.0,0.0,0.0,0.0,0.0,0.0,0.0,0.0,0.0,0.0,0.0,5.632294171595013e-07,0.0,0.021772262138036142,0.0,0.0,,0.0,0.0,0.0,-0.15891865863211177,0.006220646325153184,0.0,0.0,0.0,0.0,0.0,0.0,0.0,,0.0,0.0,0.0,0.0,0.0,0.0,0.0,0.0,-7.462633107259479e-06,0.0,0.0,0.0,0.0,0.0,0.0,0.0,0.0,0.0,0.0,0.0,0.0,0.0,-0.062206463251531834,0.0,0.0,0.0,0.0,0.0,0.0,0.0,0.0,0.0,0.0,0.0,0.0,0.0,0.0,0.0,0.0,0.0,0.0,0.0,0.0,0.0,0.0,0.0,1.555161581288296,1.7140203415128277,0.0,0.0069999396009467725,0.0,0.0,0.026511772573170497,0.0,0.0,0.0,0.0,0.0,0.0,0.0,,0.0,0.0,0.0,-0.062206463251531834,0.0,0.998413735187086,-0.158998628080322,0.0,0.0,-0.47650555192684446,0.0,0.0003066778638296174,0.0,0.0,0.0,0.31103231625765915,0.0,,0.0,0.0,0.0,0.0,0.0,0.0,0.0,0.0,0.0,0.0,0.14907530092376367,0.0,0.0,0.0,0.0,18.75253851371954,0.0,0.0,0.0,0.0,0.0,0.0,0.0,0.0,0.0,0.0,0.0,0.0,0.7101606481065892,,0.0,0.0,0.0,,0.0,0.12484837174582439,0.0,0.0,0.0,0.0,0.0,11.95187687323256,0.0,-2.488258530061273,0.0,0.0,0.0,-0.000932944151738066,7.153743273926161,0.0,,0.0,0.0,40.0746481156424,20.466558855232368
2014-12-01,0.0,0.0,0.0,0.0,0.0,0.0,0.0,0.0,0.0,0.0,0.0,0.0,0.0,1.3529905757208174,0.0,0.0,,0.0,0.0,0.0,0.09686196120459771,0.009330969487729775,0.0,0.0,0.0,0.0,0.0,0.0,0.0,,0.0,0.0,0.0,0.0,0.0,0.0,0.0,0.0,-1.4492500301109287e-06,0.0,0.0,0.0,0.0,-9.330969487729775e-05,0.0,0.0,0.0,0.0,-0.15551615812882957,0.0,0.0,0.0,-0.062206463251531834,0.0,0.0,0.0,0.0,0.0,0.0,0.0,0.031103231625765917,0.0,0.0,0.0,0.0,0.0,0.0,0.0,0.0,0.0,0.0,0.0,0.0,0.0,0.0,0.0,-1.8638922584056483,4.157483904080115,0.0,0.0,0.0,0.0,0.026493172840657893,0.0,0.0,0.0,0.0,0.0,-0.031103231625765917,0.0005095639032379477,,0.31103231625765915,0.0,0.0,-0.059096140088955244,0.0,0.0,-0.12799889556156618,0.0,0.0,-0.008466921713166034,0.0,5.309321638683355e-05,-0.9330969487729776,0.0,0.0,0.0,0.0,,0.0,0.0,0.0,0.0,0.0,0.0,0.0,0.0,0.0,0.0,0.1482909085254067,0.0,0.0,0.0,0.0,20.73167843671428,0.0,0.0,0.0,0.0,0.09999913715744235,0.0,0.0,0.0,0.0,0.0,0.0,0.0,-0.12262505599903605,0.0,0.0,0.0,-2.0099809540845326e-06,,0.0,-1.088613106901807,0.0,0.0,0.0,0.0,0.0,-3.863257665882911,0.0,0.0,0.0,0.0,0.0,0.0007345063271571623,-2.7992908463189323,0.0,,0.0,0.0,15.851301315484266,24.889162340794392
2015-01-01,0.0,0.0,0.0,0.0,0.0,0.0,0.0,0.0,0.0,0.0,0.0,0.0,0.0,-0.9797517962116263,0.0,0.0,,0.0,0.0,0.0,-0.0551308919654457,0.009330969487729775,0.0,0.0,0.0,-8.738454716795544e-05,0.0,0.0,0.0,,0.0,0.0,0.0,0.0,0.0,0.0,0.0,0.0,-3.708313325624716e-05,0.0,0.0,0.0,0.0,0.0,0.0,0.0,0.0,0.0,0.0,0.0,0.0,0.0,7.436782681720631,0.0,0.0,0.0,0.0,0.0,0.0,0.0,0.031103231625765917,0.0,0.0,0.0,0.0,0.0,0.0,0.0,0.0,0.0,0.0,0.0,0.0,0.0,0.0,0.0,3.5146651737115486,1.6629376069111548,0.0,0.0,0.0,0.0,0.012982582190290201,-8.531492644085722,0.0,0.0,0.0,0.0,0.0,0.0012034766158127684,,0.0,0.0,0.0,0.0,0.0,0.9953034120245093,-0.07399936149637272,0.0,0.0,-0.9988426487512055,0.0,0.0004995178999079177,0.0,0.0,0.0,0.0,0.0,,0.0,0.0,0.0,0.0,0.0,0.0,0.0,0.0,0.0,0.0,0.0,0.00033317781718424224,0.0,0.0,0.003110323162576592,-0.4783800522967455,0.0,0.0,0.0,0.0,0.0,0.0,0.0,0.0,0.0,0.0,0.0,0.0,-0.8010294329065653,,0.0,0.0,0.0,,0.0,0.24095673540480855,0.0,0.0,0.0,0.0,0.0,-14.226798244070132,0.0,0.31103231625765915,0.0,0.0,0.0,-6.221280597462689e-06,7.153743273926161,0.0,,0.0,0.0,-4.771571281989097,1.1848907324315934
2015-02-01,0.0,0.0,0.0,0.0,0.0,0.0,0.0,0.0,0.0,0.0,0.0,0.0,0.0,0.024882585300612735,0.0,0.0,,0.0,0.0,0.0,-0.1189018733246549,0.015551615812882958,0.0,-3.1103231625765914e-05,0.0,-3.298633267529396e-12,0.0,0.0,0.0,0.0,0.0,0.0,0.0,0.0,0.0,0.0,0.0,0.0,2.471099105629678e-05,0.0,0.0,0.0,0.0,-0.1378184193337688,0.0,0.0,0.0,0.0,0.0,0.0,0.0,0.0,0.027992908463189324,0.0,0.0,0.0,0.0,0.0,0.0,0.0,0.031103231625765917,0.0,0.0,0.0,0.0,0.0,0.0,0.0,0.0,0.0,0.0,0.0,0.0,0.0,0.0,0.0,8.121115983950732,2.6670062828555907,0.0,0.0,0.0,0.0,0.013279275916767159,0.0,0.0,0.0,0.0,0.0,0.0,-0.004501972254735195,,0.6220646325153183,0.0,0.0,-0.003110323162576592,0.0,-0.0012441292650306366,-0.11499900773101507,0.0,0.0,-0.07682062766321422,0.0,0.0,0.0,0.0,0.0,0.0,0.0,,0.0,0.0,0.0,0.0,0.0,0.0,0.0,0.0,0.0,0.0,0.0,-0.004581350502314873,0.0,0.0,0.0,0.011554020304110131,0.0,0.0,0.0,0.0,0.0,0.0,0.0,0.0,0.0,0.0,0.0,0.0,-0.021397491161456922,,0.0,0.0,0.0,,0.0,0.6481291406177102,0.0,0.0,0.0,0.0,0.0,-4.579748483639764,0.0,0.0,0.0,0.0,0.0,5.364595277009895e-10,-3.73238779509191,2.3632235389256944,,0.0,0.0,5.750385351450524,2.673978952657386
2015-03-01,0.0,0.012441292650306367,0.0,0.0,0.0,0.0,0.0,0.0,0.0,0.0,0.0,0.0,0.0,3.026344437187024,0.0,0.0,,0.0,0.0,0.0,-0.22244900175618174,0.003110323162576592,0.0,0.0,0.0,3.0506021162387667e-12,0.0,0.0,0.0,0.0,0.0,0.0,0.0,0.0,0.0,0.0,0.0,0.0,1.8318478820223543e-06,0.0,0.0,0.0,0.0,0.0,0.0,0.0,0.0,0.0,-5.411775683493515,0.0,0.0,0.0,-0.746477559018382,0.0,0.0,0.031103231625765917,0.0,0.0,-0.777580790644148,0.0,0.0,0.0,0.0,0.0,0.0,0.0002625423781530557,0.0,0.0,0.0,0.0,0.0,0.0,0.0,0.0,0.0,0.0,2.4377468819010297,2.2873588379841885,0.0,0.0,0.0,-3.110323672398287e-08,0.024026095611334123,0.0,0.0,0.0,0.0,0.0,0.0,2.3638796001489207e-06,,0.6220646325153183,0.0,0.0,0.0,0.0,-0.001555161581288296,-0.09599917167117826,0.0,0.0,0.03828590090510405,0.0,0.0018404715249935612,0.4665484743864888,0.0,0.0,0.0,0.0,,0.0,0.0,0.0,0.0,0.0,0.0,0.0,0.0,0.0,0.0,0.0,4.295356286232132e-05,0.0,0.0,-0.0011469815038488717,30.532545319933984,0.0,0.0,0.0,0.0,0.11999896458894385,0.0,0.0,0.0,0.0,0.0,0.0,0.0,0.004532667679917495,0.0,0.0,0.0,0.0,,0.0,-0.6218780131255638,0.0,0.0,0.0,0.0,0.0,2.6963987341233775,0.0,0.0,0.0,0.031103231625765917,0.0,-0.007454613400153348,-2.7992908463189323,-33.28481229199714,,0.0,0.0,-1.6346609565359018,32.819947111481035
2015-04-01,0.0,-0.012441292650306367,0.0,0.0,0.0,0.0,0.0,0.0,0.0,0.0,0.0,0.0,0.0,0.03421355478834251,0.0,0.0,,0.0,0.0,0.0,0.46423543739706413,0.003110323162576592,0.0,2.705981151441649e-05,0.0,-2.3644429458800174e-12,0.0,0.0,0.0,0.0,0.0,0.0,0.0,0.0,0.0,0.0,0.0,0.0,6.548688544587396e-07,0.0,0.0,0.0,0.0,-0.06226866971478336,0.0,0.0,0.0,0.0,0.0,0.0,0.0,0.0,0.031103231625765917,0.0,0.0,0.0,0.0,0.0,0.0,0.0,0.031103231625765917,0.0,0.0,0.0,0.0,0.0,0.0,0.0,4.401732499052706e-06,0.0,0.0,0.0,0.0,0.0,0.0,0.0,2.293894435631862,2.441261111625777,0.0,0.0,0.0,3.110323672398287e-08,0.0,0.0,0.0,0.0,0.0,0.0,0.0,-0.0019970439685244386,,0.0,0.0,0.0,0.0,0.0,-0.004043420111349569,-0.0739993614963872,0.0,0.0,-0.30636963080464047,0.0,0.0014061771017997184,0.0,0.0,0.0,0.0,0.0,,0.0,0.0,0.0,0.0,0.0,0.0,0.0,0.0,0.0,0.0,0.14925392678298371,9.069702342699032e-05,0.0,0.0,0.0,8.332555752542689,0.0,0.0,0.0,0.0,0.08999922344169341,0.0,0.0,0.0,0.0,0.0,0.0,0.0,-0.33176642887026764,,0.0,0.0,0.0,,0.0,-0.17990109172343005,0.0,0.0,0.0,0.0,0.0,-6.478687098650119,0.0,0.0,2.5464079004966536,0.0,0.0,0.007448393692211431,7.46477559018382,-28.2538645765295,,0.0,0.0,-11.81444747988314,10.773911962924391
2015-05-01,0.0,0.0,0.0,0.0,0.0,0.0,0.0,0.0,0.0,0.0,0.0,0.0,0.0,0.01866193897545955,0.0,0.0,,0.0,0.0,0.0,-0.12755258126316477,0.006220646325153184,0.0,4.043420111349428e-06,0.0,1.2437766491727197e-12,0.0,0.0,0.0,0.0,0.0,0.0,0.0,0.0,0.0,0.0,0.0,0.0,-3.0638681192186887e-06,0.0,0.0,0.0,0.0,-0.18997853877017823,0.0,0.0,0.0,0.0,0.0,0.0,0.0,0.0,0.0,0.0,0.0,0.0,0.0,0.0,0.0,0.0,0.0,0.0,-0.0002261204939193035,0.0,0.0,0.0,0.0,0.0,0.0,0.0,0.0,0.0,0.0,0.0,0.0,0.0,-0.6824671083325557,2.5673151379446812,0.0,0.0,0.0,0.0,0.02354788342508752,0.0,0.0,0.0,0.0,0.0,0.0,0.0,,0.31103231625765915,0.0,0.0,0.0,0.0,-0.0006220646325153183,-0.04899957720723572,0.0,0.0,0.0,0.0,0.0019986936642720074,0.0,0.0,0.0,0.0,0.0,,0.0,0.0,0.0,0.0,0.0,0.0,0.0,0.0,0.0,0.0,0.0,-0.0025853317159593796,0.0,0.0,-0.002421780583180733,4.3233491959814625,0.0,0.0,0.0,0.0,0.0,0.0,0.0,0.0,0.0,0.031103231625751432,0.0,0.0,0.346455743714845,,0.0,0.0,0.0,,0.0,0.37992597430873065,0.0,0.0,0.0,0.00780442287953713,0.0,-1.8543170000248352,0.0,0.0,-0.05247895578954336,0.0,0.0,0.0016574496803328058,7.46477559018382,0.0,,0.0,0.0,12.522200145706938,6.888079002210184
2015-06-01,0.0,0.0,0.0,0.0,0.0,0.0,0.0,0.0,0.0,0.0,0.0,0.0,0.0,0.012441292650306367,0.0,0.0,,0.0,0.0,0.0,0.07943311111884598,0.006220646325153184,0.0,0.0,0.0,3.077758811635551e-14,0.0,0.0,0.0,0.0,0.0,0.0,0.0,604.3357904886318,0.0,0.0,0.0,0.0,1.077361426319554e-05,0.0,0.0,0.0,0.0,-9.330969487729775e-05,0.0,0.0,0.0,0.0,0.0,0.0,0.0,0.0,-2.3638456035582096,0.0,0.0,0.0,0.0,0.0,-2.3949488351839756,0.0,0.031103231625765917,0.0,0.0,0.0,0.0,0.0,0.0,0.0,0.0,0.0,0.0,0.0,0.0,0.0,0.0,0.0,0.6261080526266679,2.2479456315585975,0.0,0.0,0.0,0.0,0.013249976672576734,0.0,0.0,0.0,0.0,0.0,0.0,0.00577104560455389,,0.0,0.0,0.0,0.0,0.0,0.0,-0.10299911127211055,0.0,0.0,0.6687344095051473,0.0,0.003937358091504694,0.00015551615812882958,0.0,0.0,0.31103231625765826,0.0,,0.0,0.0,0.0,0.0,0.0,0.0,0.02996976765886578,0.0,0.0,0.0,0.0,0.0,0.0,0.0,0.00045843892445301314,24.137914466004098,0.0,0.0,0.0,0.0,0.06999939601023536,0.0,0.0,0.0,0.0,0.0,0.0,0.0,-0.11147811999359039,0.0,0.0,0.0,0.0,,0.0,1.1663400827345962,0.0,0.0,0.0,0.0,0.0,-4.799560586992695,0.0,0.0,0.01524011100297685,0.0,0.0,-0.0017358307814328787,7.153743273926161,-0.003110323162576592,,0.0,0.0,631.1378276660629,630.7216505861945
2015-07-01,0.0,0.0,0.0,0.0,0.0,0.0,0.0,0.0,0.0,0.0,0.0,0.0,0.0,2.544244346987652,0.0,0.0,,0.0,0.0,0.0,0.21329965769848505,0.012441292650306367,0.0,0.0,0.0,1.77242698623012e-12,0.0,0.0,0.0,0.0,0.0,0.0,0.0,18.972971291717208,-6.578333488849491,0.0,0.0,0.0,4.1050591546723364e-05,0.0,0.0,0.0,0.0,-0.00012441292650306366,0.0,0.0,0.0,0.0,0.0,0.0,0.0,0.2488378899567665,0.0,0.0,0.0,0.0,0.0,0.0,0.0,0.0,0.0,0.0,0.0,0.0,0.0,0.0,0.0,0.0,0.0,0.0,0.0,0.0,0.0,0.0,0.0,0.0,5.599825821902896,2.479832260259743,0.0,0.0,0.0,0.0,0.026496780815526314,0.0,0.0,0.0,0.0,0.0,0.0,0.0,,0.6220646325153183,0.0,0.0,0.0,0.0,0.0,-0.11599899910267614,0.0,0.0,0.9783956953127433,0.0,0.003813256197318177,0.6220646325153183,0.0,0.0,0.6220646325153193,0.0,,0.0,0.0,0.0,0.0,0.0,0.0,0.0,0.0,0.0,0.0,0.0,5.732325586797935e-05,0.0,0.0,-0.00045843892445301314,13.12375702166347,0.0,0.0,0.0,0.0,0.009999913715712733,0.0,0.0,0.0,0.0,0.0,0.0,0.0,-0.1597464259899553,,0.0,0.0,0.0,,0.0,1.0206525457995086,0.0,0.0,0.0,0.0,0.0,17.197231613688533,0.0,2.177226213803614,2.4179634123191183,0.0,0.0,-6.219878555609672e-06,7.46477559018382,-0.21772262138036141,,0.0,0.0,69.28566626901556,34.57661789689629
2015-08-01,-0.00015377437715833708,0.0,0.0,0.0,0.0,0.0,0.0,0.0,0.0,0.0,0.0,0.0,0.0,0.006220646325153184,-0.031103231625765917,0.0,,0.0,0.0,0.0,-0.2893286454899075,0.009330969487729775,0.0,0.0,0.0,-2.9854260472864844e-12,0.0,0.0,0.0,0.0,0.0,0.0,0.0,16.173680445398276,-0.27992908463189325,0.0,0.0,0.0,-1.8197375263789717e-05,0.0,0.0,0.0,0.0,-0.14643401449410592,0.0,0.0,0.0,0.0,0.0,0.0,0.0,0.0,-0.031103231625765917,0.0,0.0,0.0,0.0,0.0,0.0,0.0,0.0,0.0,0.0,0.0,0.0,0.0,0.0,0.0,0.0,0.0,0.0,0.0,0.0,0.0,0.0,0.0,0.3743396783925856,2.097666791087326,0.0,0.0,0.0,0.0,0.039576467294952705,0.0,0.0,0.0,0.0,0.0,0.0,0.004286613512954077,,0.0,0.0,0.0,0.0,0.0,-0.001866193897545955,-0.14999870573637172,0.0,0.0,-0.8606320176666353,0.0,0.008798171129983882,-0.9330969487729776,0.0,0.0,0.0,0.0,,0.0,0.0,0.0,0.0,0.0,0.0,0.0,0.0,0.0,0.0,0.13661366675997103,0.004880563590572701,0.0,0.0,-0.011982853725853353,29.548070044477623,0.0,0.0,0.0,0.0,0.04999956857874109,0.0,0.0,0.0,0.0,0.0,0.0,0.0,0.1390883565207611,,0.0,0.0,0.0,,0.0,0.41106030916612235,0.0,0.0,0.0,0.0,0.0,0.5823239754160213,0.0,0.0,0.06034608341519776,0.0,0.0,-0.14600136841846195,0.0,0.09330969487729775,,0.0,0.0,46.857943777590584,47.824297844553804
2015-09-01,0.00015377437715833708,0.0,0.0,0.0,0.0,0.0,0.0,0.0,0.0,0.0,0.0,0.0,0.0,-2.964137973935492,0.0,0.0,,0.0,0.0,0.0,0.0471200790003739,0.012441292650306367,0.0,0.0,0.0,9.016022871732378e-13,0.0,0.0,0.0,0.0,0.0,0.0,0.0,14.92955118036764,0.0,0.0,0.0,0.0,7.694309170825247e-06,0.0,0.0,0.0,0.0,0.0,0.0,0.0,0.0,0.0,0.0,0.0,0.0,0.0,0.12441292650306367,0.0,0.0,0.12441292650306367,0.0,0.0,-0.031103231625765917,0.0,0.031103231625765917,0.0,0.0,0.0,0.0,0.0,0.0,0.0,0.0,0.0,0.0,0.0,0.0,0.0,0.0,0.0,-0.6200524711517535,3.2228058225230973,0.0,0.0,0.0,0.0,0.03435311498864713,0.0,0.0,0.0,0.0,0.0,0.0,0.0012380324176237457,,0.0,0.0,0.0,0.0,0.0,0.0,-0.1689985417958899,0.0,0.0,-0.5813302852166342,0.0,0.0,-0.31103231625765915,0.0,0.0,0.0,0.0,,0.0,0.0,0.0,0.0,0.0,0.0,0.0,0.0,0.0,0.0,0.0,0.0,0.0,0.0,0.0,34.4934838729744,0.0,0.0,0.0,0.0,0.05999948229445382,0.0,0.0,0.0,0.0,0.0,0.0,0.023311250038892943,-0.08202479163326325,0.0,0.0,0.0,0.0,,0.0,0.205156915803552,0.0,0.0,0.0,0.0,0.0,-13.049323403912766,0.0,0.9330969487729776,0.060514516722994564,0.0,0.0,-1.804066894871207e-05,4.976517060122546,-0.062206463251531834,,0.0,0.0,41.40945260254693,52.64584087586514
2015-10-01,0.0,0.0,0.0,0.0,0.0,0.0,0.0,0.0,0.0,0.0,0.0,0.0,0.0,-2.488258530061273,0.0,0.0,,0.0,0.0,0.0,-0.038712059594724874,0.021772262138036142,0.0,-4.043420111349428e-06,0.0,-2.0838237601132463e-12,0.0,0.0,0.0,0.0,0.0,0.0,0.0,13.996454231594663,0.0,0.0,0.0,0.0,-1.5375693902127592e-05,0.0,0.0,0.0,0.0,-6.220646325153183e-05,0.0,0.0,-0.0005797642375047112,0.0,0.0,0.0,0.0,0.0,0.0,0.0,0.0,0.0,0.0,0.0,0.0,0.0,0.0,0.0,2.171005567478461,0.0,0.0,0.0,0.0,0.0,0.0,0.0,0.0,0.0,0.0,0.0,0.0,0.0,-3.480181891698547,2.8666909893944306,0.0,0.0,0.0,0.0,0.011622593387453405,0.0,0.0,0.0,0.0,0.0,0.0,1.2036996142553643e-05,,0.0,0.0,0.0,0.0,0.0,0.0,-0.07299937012504476,0.0,0.0,-0.1997533513732078,0.0,0.0051323442505643024,0.0,0.0,0.0,0.0,0.0,,0.0,0.0,0.0,0.0,0.0,0.0,0.0,0.0,0.0,0.0,0.17393387452956502,0.0011557960872036126,0.0,0.0,0.0,18.413113122453424,0.0,0.0,0.0,0.0,0.0,0.0,0.0,0.0,0.0,0.0,0.0,-0.023311250038892943,0.08044120653140072,,0.0,0.0,0.0,,0.0,0.15551615812882957,0.0,0.0,0.0,0.0,0.0,-3.709876989325351,0.0,0.31103231625765915,-0.05720884529097156,0.0,0.0,-1.8661694254932907e-05,-2.7992908463189323,-7.735684737644241,,0.0,0.0,17.601924576245537,35.27741413952972
2015-11-01,0.0,0.0,0.0,0.0,0.0,0.0,0.0,0.0,0.0,0.0,0.0,0.0,0.0,0.031103231625765917,0.0,0.0,,0.0,0.0,0.0,0.30437628202077627,0.01866193897545955,0.0,0.0,0.0,1.0264066436479433,0.0,0.0,0.0,0.0,0.0,0.0,0.0,20.839165189263163,0.0027168672825103814,0.0,0.0,0.0,4.9301019104208315e-05,0.0,0.0,0.0,0.0,-9.330969487729775e-05,0.0,0.0,0.0,0.0,0.0,0.0,0.0,0.0,0.031103231625765917,0.0,0.0,0.0,0.0,0.0,0.0,0.0,0.031103231625765917,0.0,0.0,0.0,0.0,0.0009725047432428175,0.0,0.0,0.0,0.0,0.0,0.0,0.0,0.0,0.0,0.0,3.7331811141177584,2.3564314018232917,0.0,-0.04499961172095352,0.0,0.0,0.026519361761686466,0.0,0.0,0.0,0.0,0.0,0.0,5.8473995459296686e-05,,0.0,0.0,0.0,0.0,0.0,0.0,-0.14499874887810982,0.0,0.0,0.8327753413579675,0.0,0.0,-0.31103231625765915,0.0,0.0,0.31103231625765915,0.0,,0.0,0.0,0.0,0.0,0.0,0.0,0.0,0.0,0.0,0.0,0.0,0.002522752013939578,0.0,9.804951634474822,0.0,22.301017075674164,0.0,0.0,0.0,0.0,0.09999913715744235,0.0,0.0,0.0,0.0,0.0,0.0,0.0,0.1785261216764021,,0.0,0.0,0.0,,0.0,-0.03551989051662468,0.0,0.0,0.0,0.0,0.0,8.857343574411328,0.0,0.0,2.4547770157238973,0.0,0.0,-0.0032457572710254657,7.153743273926161,-0.0006220646325153183,,0.0,0.0,79.8580253172297,45.499136418774555
2015-12-01,0.0,0.0,0.0,0.0,0.0,0.0,0.0,0.0,0.0,0.0,0.0,0.0,0.0,0.22705359086809118,0.0,0.0,,0.0,0.0,0.0,-0.28948101622428446,0.006220646325153184,0.0,4.043420111349428e-06,0.0,0.9953034120273083,0.0,-1.281826381761065,0.0,0.0,0.0,0.0,0.0,18.972971291717208,0.0,0.0,0.0,0.0,-8.972657989891956e-07,0.0,0.0,0.0,0.0,-9.330969487729775e-05,0.0,0.0,0.0,0.0,0.0,0.0,0.0,0.0,0.09330969487729775,0.0,0.0,0.09330969487729775,0.0,0.0,0.0,0.0,0.0,0.0,0.0,0.0,0.0,0.0,0.0,0.0,0.0,0.0,0.0,0.0,0.0,0.0,0.0,0.0,0.003817424030354842,3.147972753567215,0.0,0.0,0.0,0.0,0.061879070635438634,0.0,0.0,0.0,0.0,0.0,0.0,-1.3156686479226102e-05,,0.31103231625765915,0.0,0.0,0.0,0.0,0.0,-0.11199903361636498,0.0,0.0,-0.1384666106808501,0.0,0.0,0.0,0.0,0.0,0.0,0.0,,0.0,0.0,0.0,0.0,0.0,0.0,0.0,0.0,0.0,0.0,0.14919890516625675,0.0,0.0,0.0,0.0,21.61674597990731,0.0,0.0,0.0,0.0,0.08999922344172961,0.0,0.0,0.0,0.0,0.0,0.0,0.0,-0.06400193924621704,0.0,0.0,0.0,2.7009766406469526e-05,,0.0,0.5510559547136947,0.0,0.0,0.0,0.0,0.0,5.776843154508438,0.0,0.0,0.05025170204083847,0.0,0.0,-0.0001311199416907735,-2.488258530061273,-21.00276818761469,,0.0,0.4697354981182545,27.239691183472466,43.73769002519174
2016-01-01,0.0,0.0,0.0,0.0,0.0,0.0,0.0,0.0,0.0,0.0,0.0,0.0,0.0,1.0170756741625455,0.0,0.0,,0.0,0.0,0.0,-0.24464724435952262,0.027992908463189324,0.0,0.00015551615812882958,0.0,-2.270299735171165e-12,0.0,-1.022052191222668,0.0,0.0,0.0,0.0,0.0,16.173680445398276,0.0,0.0,0.0,0.0,-0.0006739542877801188,0.0,0.0,0.0,0.0,-0.048334421946440234,0.0,0.0,0.0,0.0,0.0,0.0,0.0,0.0,0.031103231625765917,0.0,0.0,0.0,0.0,0.0,0.0,0.0,0.031103231625765917,0.0,0.0,0.0,0.0,0.0,0.0,0.0,0.0,0.0,0.0,0.0,0.0,0.0,0.0,0.0,-1.8598455102485125,1.170824733290708,0.0,0.0,0.0,0.0,0.021912724332058202,0.0,0.0,0.0,0.0,0.0,0.0,0.00043572484034600726,,0.31103231625765915,0.0,0.0,0.0,0.0,-0.00031103231625765915,-0.08599925795559588,0.0,0.0,-0.6793757581412709,0.0,0.0013355727660122713,0.0,0.0,0.0,0.0,0.0,,0.0,0.0,0.0,0.0,0.0,0.0,0.0,0.0,0.0,0.0,0.0,1.0761718139502425e-05,0.0,0.0,-0.0014994040266179216,21.39902335852695,0.0,0.0,0.16301203695063918,0.0,0.0,0.0,0.0,0.0,0.0,0.0,0.0,0.0,-0.020756428151345156,,0.0,0.0,-2.7009766406469526e-05,,-0.31103231625763783,0.0,0.0,0.0,0.0,0.0,0.0,1.182717794917663,0.0,0.0,0.038006340541383556,0.0,0.0,-1.4164597103503873e-10,-2.7992908463189323,0.0009330969487729775,,0.0,0.0,34.4965100933811,38.74353929893407
2016-02-01,0.0,0.0,0.0,0.0,0.0,0.0,0.0,0.0,0.0,0.0,0.0,0.0,0.0,0.03421355478834251,0.0,0.0,,0.0,0.0,0.0,-0.37608711176585524,0.021772262138036142,0.0,0.0,0.0,0.0001183698195703104,0.0,-0.6789213399272185,0.0,0.0,0.0,0.0,0.0,9.953034120245093,0.0,0.0,0.0,0.0,3.928338154334279e-08,0.0,0.0,0.0,0.0,-0.12463064912444403,0.0,0.0,0.0,0.0,0.0,0.0,0.0,0.0,0.0,0.0,0.0,0.0,0.0,0.0,0.0,0.0,0.0,0.0,0.0,0.0,0.0,0.0,0.0,0.0,0.0,0.0,0.0,0.0,0.0,0.0,0.0,0.0,-0.6184260831700411,2.639724425367485,0.0,0.0,0.0,0.0,0.03455668563963816,0.0,0.0,0.0,0.0,0.0,0.0,0.0,,-2.177226213803614,0.0,0.0,0.0,0.0,0.9953034120245093,-0.13999879202045623,0.0,0.0,0.0,0.0,0.003488538459146919,-0.24848698329756494,0.0,0.0,0.0,0.0,,0.0,0.0,0.0,0.0,0.0,0.0,0.0,0.0,0.0,0.0,0.0,5.800752698900555e-05,0.0,0.0,-0.004625297067906776,11.072750458772667,0.0,0.0,0.0,0.0,0.06999939601019914,0.0,0.0,0.0,0.0,0.0,0.0,0.0,0.1369734459004359,,0.0,0.0,0.0,,-0.6220646325153325,-0.6291872725576187,0.0,0.0,0.0,0.0,0.0,-37.28306030311339,0.0,0.0,-0.09110736490283457,0.0,0.0,-2.4261781215511494e-05,6.842710957668502,-34.23221672731797,,0.0,0.0,-45.42135935872147,23.665567011912234
2016-03-01,0.0,0.0,0.0,0.0,0.0,0.0,0.0,0.0,0.0,0.0,0.0,0.0,0.0,0.0373238779509191,0.0,0.0,,0.0,0.0,0.0,0.15986003619262265,0.0,0.0,0.0,0.0,0.9951850422023574,0.0,-0.0009906690305122702,0.0,0.0,0.0,0.0,0.0,9.019937171472115,0.0,0.0,0.0,0.0,-3.928338154334279e-08,0.0,0.0,0.0,0.0,0.0,0.0,0.0,0.0,0.0,0.0,0.0,0.0,0.0,0.06531678641410843,0.0,0.0,0.031103231625765917,0.0,0.0,0.0,0.0,0.031103231625765917,0.0,0.0,0.0,0.0,0.001040589717271572,0.0,0.0,0.018687969748877296,0.0,0.0,0.0,0.0,0.0,0.0,0.0,1.402663089795028,2.7003525862337194,0.0,0.0,0.0,0.0,0.037396690616154575,0.0,0.0,0.0,0.0,0.0,0.0,0.00020142446200848595,,0.0,0.0,0.0,0.003110323162576592,0.0,0.0,-0.1129990249877219,0.0,0.0,-0.6220347734129575,0.0,0.0018655718329092395,0.24996951883300642,0.0,0.0,0.0,0.0,,0.0,0.0,0.0,0.0,0.0,0.0,0.0,0.0,0.0,0.0,0.0,0.011425150073094912,0.0,-3.1103070723658663,-9.594523062848577e-05,13.374389599079345,0.0,0.0,0.0,0.0,0.07999930972595533,0.0,0.0,0.010264066436502753,0.0,0.0,0.0,0.0,0.07388752171518911,3.110323162403006e-05,0.0,0.0,0.0,,0.0,0.9290535286616279,0.0,0.0,0.0,0.0,0.0,-4.24914633624147,0.0,0.0,-0.015260204046809946,0.0,0.0,1.251712061873455e-10,7.46477559018382,-8.550278373923051,,0.0,0.0,20.03783057259514,25.12479247660715
2016-04-01,0.0,0.0,0.0,0.0,0.0,0.0,0.0,0.0,0.0,0.0,0.0,0.0,0.0,-2.5566856396379585,0.0,0.0,,0.0,0.0,0.0,-0.13532740887795133,0.027992908463189324,0.0,0.0,0.0,0.12441292650611246,0.0,-0.0004030978818699263,0.0,0.0,0.0,0.0,0.0,10.88613106901807,0.0,0.0,0.0,0.0,0.0,0.0,0.0,0.0,0.0,0.0,0.0,0.0,0.0,0.0,0.0,0.0,0.0,0.0,-0.003110323162576592,0.0,0.0,0.0,0.0,0.0,0.0,0.0,0.0,0.0,-2.171005567478461,0.0,0.0,0.0,0.0,0.0,0.0,0.0,0.0,0.0,0.0,0.0,0.0,0.0,-5.622897670367953,3.2355719573254342,0.0,0.0,0.0,0.0,0.0,0.0,0.0,0.0,0.0,0.0,0.0,-9.999728901321894e-11,,0.0,0.0,0.0,-0.003110323162576592,0.0,0.0,0.11199903361637946,0.0,0.0,0.7735053342042237,0.0,0.0,0.00018817455133642694,0.0,0.0,0.0,0.0,,0.0,0.0,0.0,0.0,0.0,0.0,0.0,0.0,0.0,0.0,0.13623047494633234,9.330969424002064e-07,0.0,-3.110326391749963,9.594523062848577e-05,16.23588690864981,0.0,0.0,0.0,0.0,0.08999922344169341,0.0,0.0,-0.010264066436502753,0.0,0.0,0.0,0.0,-0.15079219775434555,,-0.777580790644148,0.0,0.0,,0.0,0.24229417436471648,0.0,0.0,0.0,0.0,0.0,6.740721837681619,0.0,0.0,0.10854692769714806,0.0,0.0,-6.219774891898042e-06,-3.110323162576592,-23.95570899816491,,0.0,0.0,-2.893964028977061,30.357590868090256
2016-05-01,0.0,0.0,0.0,0.0,0.0,0.0,0.0,0.0,0.0,0.0,0.0,0.0,0.0,2.5100307921993097,0.0,0.0,,0.0,0.0,0.0,0.13312213470168918,0.003110323162576592,0.0,0.0,0.0,8.646691814336112e-12,0.0,0.0,0.0,0.0,0.0,0.0,0.0,0.0,0.0,0.0,0.0,0.0,0.0,0.0,0.0,0.0,0.0,0.03953220739634848,0.0,0.0,0.0,-0.031103231625765917,0.0,0.0,0.0,0.0,-0.8086840222699139,0.0,0.0,-0.031103231625765917,0.0,0.0,-0.777580790644148,0.0,0.0,0.0,0.0,0.0,0.0,0.0,0.0,0.0,0.0,0.0,0.0,0.0,0.0,0.0,0.0,0.0,1.8709062237566498,3.037280862182206,0.0,0.0,0.0,0.0,0.013264688501136115,0.0,0.0,0.0,0.0,0.0,0.0,1.2379193182204228e-05,,0.0,0.0,0.0,0.0,0.0,0.0,-0.05099955995055786,0.0,0.0,0.06709153681067456,0.0,0.0,0.07094895959690263,0.0,0.0,0.0,0.0,,0.0,0.0,0.0,0.0,0.0,0.0,0.0,0.0,0.0,0.0,0.0,0.0,0.0,5.268987591714497e-07,0.0,4.821000901993717,0.0,0.0,0.0,0.0,0.06999939601020276,0.0,0.0,0.0,0.0,0.0,0.0,0.0,-0.09636194490019104,,0.0,0.0,0.0,,0.0,0.19999377935367485,0.0,0.0,0.0,0.0,0.0,-17.773230643678307,0.0,-2.488258530061273,-0.03873671096376464,0.0,0.0,-6.46030923820457e-10,7.46477559018382,-12.152032596186745,,0.0,0.0,-13.947020960602968,7.858281764175922
2016-06-01,0.0,0.0,0.0,-3.110323165473306e-07,0.0,0.0,0.0,0.0,0.0,0.0,0.0,0.0,0.0,-2.4820378837361203,0.0,0.0,,0.0,0.0,0.0,-0.25095072242766975,0.006220646325153184,0.0,0.0,0.0,3.608219595052737e-12,0.0,0.0,0.0,0.0,0.0,0.0,0.0,14.92955118036764,0.0,0.0,0.0,0.0,0.0,0.0,0.0,0.0,0.0,-6.220646325153183e-05,0.0,0.0,0.0,0.0,0.0,0.0,0.0,0.0,-1.803987434294423,0.0,0.0,0.12441292650306367,0.0,0.0,-1.9595035924232527,0.0,0.031103231625765917,0.0,0.0,0.0,0.0,0.0005497184449037501,0.0,0.0,0.0,0.0,0.0,0.0,0.0,0.0,0.0,0.0,0.7790632328698955,3.5544287269450217,0.0,0.0,0.0,0.031103231625765917,0.03967876582376817,0.0,0.0,0.0,0.0,0.0,0.0,9.175320829766733e-06,,0.0,0.0,0.0,0.0,0.0,1.5545395166557805,-0.03299971526171588,0.0,0.0,-0.009548070044477495,0.0,9.330969496419917e-07,-0.3816686883767232,0.0,0.0,0.0,0.0,,0.0,0.0,0.0,0.0,0.0,0.0,0.0,0.0,0.0,0.0,0.1361979720693147,0.0035552548909739035,0.0,3.7359669639948376,0.0,17.29339678392585,0.0,0.0,0.0,0.0,0.029999741147239585,0.0,0.0,0.0,0.0,0.0,0.0,0.0,0.07007332897296965,3.110323162758277e-05,0.0,0.0,0.0,,0.0,-0.9998749649822394,0.0,0.0,0.0,0.0,0.0,10.254792516522045,0.0,0.31103231625765915,-0.03272183552010925,0.0,0.0,-9.704135968149517e-05,7.153743273926161,0.220832944542938,,0.0,0.0,52.30683101916778,35.780931946129485
2016-07-01,0.0,0.0,0.0,0.0,0.0,0.0,0.0,0.0,0.0,0.0,0.0,0.0,0.0,0.006220646325153184,0.0,0.0,,0.0,0.0,0.0,-0.05649626989773237,0.003110323162576592,0.0,0.0,0.0,3.077758811635551e-14,0.0,0.0,0.0,0.0,0.0,0.0,0.0,5.2875493763802055,0.0,0.0,0.0,0.0,0.0,0.0,0.0,0.0,0.0,-0.1037603807035551,0.0,0.0,0.0,0.0,0.00012441292650306366,0.0,0.0,0.0,0.031103231625765917,0.0,0.0,0.0,0.0,0.0,0.0,0.0,0.031103231625765917,0.0,0.0,0.0,0.0,7.085012099674787e-11,0.0,0.0,0.0,0.0,0.0,0.0,0.0,0.0,0.0,0.0,3.110590463749185,3.276012005847405,0.0,0.0,0.0,-0.031103231625765917,0.02256250194395218,0.0,0.0,0.0,0.0,0.0,0.0,0.00010699507679361052,,0.0,0.0,0.0,0.0,0.0,0.0,-0.04699959446394254,0.0,0.0,-0.6096392025131412,0.0,0.0,0.3110550216167472,0.0,0.0,0.0,0.0,,0.0,0.0,0.0,0.0,0.0,0.0,0.009959907934431375,0.0,0.0,0.0,0.0,0.00030198127586278796,0.0,2.4882571355250227,0.0,7.278156200429224,0.0,0.0,0.0,0.0,0.0,0.0,0.0,0.0,0.0,0.0,0.0,0.0,0.13635285221862584,,0.11153867758851982,0.0,0.0,,0.0,0.5250508537604431,0.0,0.0,0.0,0.0,0.0,-14.076235543199335,0.0,0.0,0.07741415643494863,0.0,0.0,-6.504403366502757e-11,-2.488258530061273,-5.5363752293863335,,0.0,-0.4697521072439426,-0.7120501136420518,15.842019563932698
2016-08-01,0.0,0.0,0.0,0.0,0.0,0.0,0.0,0.0,0.0,0.0,0.0,0.0,0.0,2.544244346987652,0.0,0.0,,0.0,0.0,0.0,0.050447527297160205,0.003110323162576592,0.0,0.0,0.0,-1.554023246483474e-08,0.0,-0.0017165562501943953,0.0,0.0,0.0,0.0,0.0,4.976517060122546,0.2861553295387393,0.0,0.0,0.0,0.0,0.0,0.0,0.0,0.0,-0.04578395695312743,0.0,0.0,0.0,0.0,0.0,0.0,0.0,0.0,0.0,0.0,0.0,0.0,0.0,0.0,0.0,0.0,0.0,0.0,0.0,0.0,0.0,0.0,0.0,0.0,0.0,0.0,0.0,0.0,0.0,0.0,0.0,0.0,-6.529744549158659,2.5914734844950584,0.0,0.0,0.0,0.0,0.03483857422786231,0.0,0.0,0.0,0.0,0.0,0.0,0.0,,0.0,0.0,0.0,0.0,0.0,0.0,-0.13999879202045623,0.0,0.0,0.32663960685515225,0.0,7.278156200689929e-05,-0.6220646325153193,0.0,0.0,0.0,0.0,,0.0,0.0,0.0,0.0,0.0,0.0,0.0,0.0,0.0,0.0,0.0,2.332742363242301e-06,0.0,0.6221158954311542,-9.594523062848577e-05,20.092687630244782,0.0,0.0,0.0,0.0,0.039999654862992146,0.0,0.0,0.0,0.0,0.0,0.0,0.0,-0.16512148634988125,,0.09292618818638611,0.0,2.7009766406469526e-05,,0.0,0.2817924792264621,0.0,0.0,0.0,0.0,0.0,-4.7284712003887694,0.0,0.0,-0.023726476265591444,0.0,0.0,-0.00011508308951695126,-2.488258530061273,0.08397872538956798,,0.0,0.0,17.281931726275218,27.66068050760475
2016-09-01,0.0,0.0,0.0,0.0,0.0,0.0,0.0,0.0,-1.0257112687008192,0.0,0.0,0.0,0.0,0.5380859071257503,0.0,0.0,,0.0,0.0,0.0,-0.04555635226885606,0.006220646325153184,0.0,0.0,0.0,2.4549652638692982e-12,0.0,0.0,0.0,0.0,0.0,0.0,0.0,4.976517060122546,0.373238779509191,0.0,0.0,0.0,0.0,0.0,0.0,0.0,0.0,0.0,0.0,0.0,0.0,0.0,0.0,0.0,0.0,0.0,-0.24882585300612733,0.0,0.0,0.062206463251531834,0.0,0.0,-0.31103231625765915,0.0,0.0,0.0,0.0,0.0,0.0,0.0,0.0,0.0,-1.2532661341830349e-05,0.0,0.0,0.0,0.0,0.0,0.0,0.0,1.3996454231594662,4.135855494385885,0.0,0.0,0.0,0.0,0.03606817828372449,0.5479956809057261,0.0,0.0,0.0,0.0,0.0,1.0232911729295686e-05,,0.0,0.0,0.0,0.0,0.0,0.0,-0.06599943052411247,0.0,0.0,-0.17403688843270837,0.0,0.0,0.6226387981711307,0.0,0.0,0.0,0.0,,0.0,0.0,0.0,0.0,0.0,0.0,0.0,0.0,0.0,0.0,0.16220108239243602,1.3063357396372881e-06,0.0,8.325933548206879e-07,0.0,16.54691922490747,0.0,0.0,0.0,0.0,0.0499995685787085,0.0,0.0,0.0,0.0,0.031103231625765917,0.0,0.0,0.059534536714412334,3.110323162403006e-05,-0.20446486577490594,0.0,-2.7009766406469526e-05,,0.9330969487729703,1.2945488476379896,0.0,0.0,0.0,0.0,0.0,-13.453116919778545,0.0,0.6220646325153183,-0.020526267154893335,0.0,0.0,-0.002655282029484627,7.153743273926161,0.09953034120245094,,0.0,0.0,24.09929260823283,25.6592805530903
2016-10-01,0.0,-0.0006531678641410843,0.0,-4.976516997916088,0.0,0.0,0.0,0.0,-4.163619949612762,0.0,0.0,0.0,0.0,0.006220646325153184,0.0,0.0,,0.0,0.0,0.0,0.07528786514214157,0.003110323162576592,0.0,0.0,0.0,0.8955139327279086,0.0,0.0,0.0,0.0,0.0,0.0,0.0,4.043420111349569,0.23640166713321478,0.0,0.0,0.0,-5.163136449877142e-05,0.0,0.0,0.0,0.0,-0.0001866193897545955,0.0,0.0,0.0,0.0,0.0,0.0,0.0,0.0,0.031103231625765917,0.0,0.0,0.0,0.0,0.0,0.0,0.0,0.031103231625765917,0.0,0.0,0.0,0.0,0.00011461540854087498,0.0,0.0,1.2532661341830349e-05,0.0,0.0,0.0,0.0,0.0,0.0,0.0,3.110323162576592,3.4477436160617168,0.0,0.0,0.0,0.0,0.0,0.0,0.0,0.0,0.0,0.0,0.0,0.07117074390323828,,0.6220646325153183,0.0,0.0,0.0,0.0,0.9965475412895399,-0.17299850728218658,0.0,0.0,0.04106932910329401,0.0,0.0,-0.777580790644148,0.0,0.0,0.0,0.0,,0.0,0.0,0.0,0.0,0.0,0.0,0.0,0.0,0.0,0.0,0.0,0.00023168797238102553,0.0,6.220702685460792,0.0,40.403097881869925,0.0,0.0,0.0,0.0,0.029999741147243207,0.0,0.0,0.0,0.0,0.0,0.0,0.0,-0.10456083472924518,,0.0,0.0,2.189684179662631e-09,,0.0,-0.05001026407038704,0.0,0.0,0.0,0.0,0.0,-16.90564412965068,0.0,0.0,0.02111350345034367,0.0013276103386673816,0.0,4.858393201843739e-10,-2.488258530061273,-0.6438368946533545,,0.0,0.0,30.00376197828804,47.894505829914934
2016-11-01,0.0,0.0,0.0,0.0,0.0,0.0,0.0,0.0,-2.967833597710801,0.0,0.0,0.0,0.0,-2.9454760349600324,0.0,0.0,,0.0,0.0,0.0,0.2112621614552271,0.006220646325153184,0.0,0.0,0.0,1.095092891321608,0.0,0.0,0.0,0.0,0.0,0.0,0.0,0.0,0.8957939099872481,0.0,0.0,0.0,0.0,0.0,0.0,0.0,0.0,-6.220646325153183e-05,0.0,0.0,0.0,0.0,0.0,0.0,0.0,0.0,-0.062206463251531834,0.0,0.0,-0.031103231625765917,0.0,0.0,0.0,0.0,0.0,0.0,0.0,0.0,0.0,0.0,0.0,0.0,0.0,0.0,0.0,0.0,0.0,0.0,0.0,0.0,-0.15461764797362335,3.0740159559568654,0.0,0.0,0.0,0.0,0.04842008024633717,0.0,0.0,0.0,0.0,0.0,0.0,-3.3902707534897897e-06,,0.9330969487729776,0.0,0.0,0.0,0.0,0.0,-0.09099921481322051,0.0,0.0,-0.3785005132033218,0.0,0.0,0.15565709869055305,0.0,0.0,0.0,0.0,,0.0,0.0,0.0,0.0,0.0,0.0,0.014969860968557413,0.0,0.0,0.0,0.0,0.009902553575312188,-0.031103231625765917,3.1173852625995204,0.0,32.12963826941619,0.0,0.0,0.0,0.0,0.03999965486298853,0.0,0.0,0.0,0.0,0.0,0.0,0.0,-0.08479127733491935,,0.10396224296178656,0.0,0.009756423625889389,,0.0,0.07411900096420018,0.0,0.0,0.0,0.0,0.0,-28.765254798998505,0.0,0.0,0.04221928709530005,0.0,0.0,-4.8522103754461634e-05,-2.7992908463189323,-0.7931324064570309,,0.0,0.0,2.8570888657145073,35.21355677894837
2016-12-01,0.0,0.0,0.0,0.0,0.0,0.0,0.0,0.0,-1.9984225685048709,0.0,0.0,0.0,0.0,5.517713290410874,0.0,0.0,,0.0,0.0,0.09268172063077527,0.4167934652018906,0.003110323162576592,0.0,0.0,0.0,1.9906068240521617,0.0,0.0,0.0,0.0,0.0,0.0,0.0,0.0,0.4727795402942363,0.0,0.0,0.0,0.0,0.0,0.0,0.0,0.0,0.0,0.0,0.0,0.0,0.0,0.0,0.0,0.0,0.0,0.09330969487729775,0.0,0.0,0.062206463251531834,0.0,0.0,0.0,0.0,0.031103231625765917,0.0,0.0,0.0,0.0,0.0,-3.0761096077882493,0.0,0.0,0.0,0.0,0.0,0.0,0.0,0.0,0.0,3.110683773444055,3.3567502721526257,0.0,0.0,0.0,0.0,0.06315175266710188,0.0,0.0,0.0,0.0,0.0,0.0,0.0,,0.31103231625765915,0.0,0.0,0.0,0.0,0.0,-0.16199860219527626,0.0,0.0,0.773684177786072,0.0,0.0,0.00011690522845438397,0.0,0.0,0.31103231625765915,0.0,,0.0,0.0,0.0,0.0,0.0,0.0,0.0,0.0,0.0,0.0,0.0,0.006501975055205919,0.0,-2.4953012424905037,0.0,0.031103231625765917,0.0,0.0,0.0,0.0,0.0799993097259517,0.0,0.0,0.0,0.0,0.0,0.0,0.0,0.13194931547895636,3.110323162758277e-05,0.12526331916545044,0.0,0.0,,0.0,0.13402382507542535,0.0,0.0,0.0,0.0,0.0,-19.406534550716902,0.0,-0.31103231625765915,-0.14574051091004941,0.0,0.0,-0.0007752722080093951,-2.7992908463189323,-0.5660788155889397,,0.0,0.0,-13.845656186320275,3.3943554788335977
2017-01-01,0.0,2.426052066625076e-06,0.0,4.976517060122554,0.0,0.0,0.0,0.0,-2.002963453702838,0.0,0.0,0.1870921588753075,0.0,-5.480389412459955,0.0,0.0,,0.0,0.0,0.0,-0.11796204978442273,0.0,0.0,5.3497558396289935e-06,0.0,1.402754639055946e-05,0.0,0.0,0.0,0.0,0.0,0.0,0.0,0.0,0.0,0.0,0.0,0.0,0.0,0.0,0.0,0.0,0.0,-0.15735124879474977,0.0,0.0,0.0,0.0,0.0,0.0,0.0,0.0,-0.031103231625765917,0.0,0.0,-0.031103231625765917,0.0,0.0,0.0,0.0,0.0,0.0,0.0,0.0,0.0,0.0,3.0761096077882493,0.0,9.953034592988847e-07,0.0,0.0,0.0,0.0,0.0,0.0,0.0,2.4889976672576344,1.7981015520531782,0.0,0.0,0.0,0.0,0.19071086435880638,0.0,0.0,0.0,0.0,0.0,0.0,7.775932943108871e-07,,0.31103231625765915,0.0,0.0,0.0,0.0,0.0,-0.14099878339179867,0.0,0.0,-0.2809906379272806,0.0,0.0,2.4753195856335217e-05,0.0,0.0,0.0,0.0,,0.0,0.0,0.0,0.0,0.0,0.0,0.0,0.0,0.0,0.0,0.0,0.004439208733804821,0.0,-4.325317826999094,0.0,29.921308823986813,0.0,0.0,0.0,0.0,0.029999741147239585,0.0,0.0,0.0,0.0,0.0,0.0,0.0,-0.010143073172591253,,0.0,0.0,0.0,,0.0,0.05000435446595715,0.0,0.0,0.0,0.0,0.0,33.92214030281176,0.0,0.0,-0.0008352642252182305,0.0,0.0,0.0006760530337510466,7.46477559018382,0.5132033218251376,,0.0,0.0,72.3559987386391,31.723850580077254
2017-02-01,0.0,0.0,0.0,-4.976517060122554,0.0,0.0,0.0,0.0,-18.010430841964478,0.0,0.0,0.0,0.0,0.015551615812882958,0.0,0.0,,0.0,0.0,0.0,-0.10198822471375751,0.021772262138036142,0.0,0.0,0.0,2.176156524462313e-12,0.0,0.0,0.0,0.0,0.0,0.0,0.0,0.0,0.0,0.0,0.0,0.0,0.0,0.0,0.0,0.0,0.0,0.0,0.0,0.0,0.0,0.6874958788218148,0.0,0.0,0.0,0.0,0.062206463251531834,0.0,0.0,0.031103231625765917,0.0,0.0,0.0,0.0,0.0,0.0,0.0,0.0,0.0,0.0,0.0,0.0,0.0,0.0,0.0,0.0,0.0,0.0,0.0,0.0,-4.3528030543373495,3.9901176013184494,0.0,0.0,0.0,0.0,0.0,0.0,0.0,0.0,0.0,0.0,0.0,2.2219806417525287e-07,,0.0,0.0,0.0,0.0,0.0,0.0,-0.10699907675874035,0.0,0.0,0.05580977263537671,0.0,0.007620913812945745,-0.310901548940935,0.0,0.0,0.0,0.0,,0.0,0.0,0.0,0.0,0.0,0.0,0.0,0.0,0.0,0.0,0.0,2.1834468588310394e-05,0.031103231625765917,1.2149918127484054,0.0,10.29516966812852,0.0,0.0,0.0,0.0,0.0499995685787085,0.0,0.0,0.0,0.0,0.0,0.0,0.0,-0.00786702789054834,,0.0,0.0,0.0,,0.0,-1.9999688967810636,0.0,0.0,0.0,0.0,0.0,2.03201046679728,0.0,0.0,0.06607181131535471,0.0,0.0,-1.2440735191442457e-05,6.842710957668502,0.0,,0.0,0.0,-4.463730859296447,14.285309103915557
2017-03-01,0.0,0.0,0.0,-1.8661938975459478,0.0,0.0,0.0,0.0,0.0,0.0,0.0,0.0,0.0,0.027992908463189324,0.0,0.0,,0.0,0.0,0.0,0.05591031095900565,0.0,0.0,0.0,0.0,0.9953343908495538,0.0,0.0,0.0,0.0,0.0,0.0,0.0,0.0,0.0,0.0,0.0,0.0,0.0,0.0,0.0,0.0,0.0,0.0,0.0,0.0,0.0,0.002894155702771725,0.0,0.0,0.0,0.0,0.09330969487729775,0.0,0.0,0.062206463251531834,0.0,0.0,0.0,0.0,0.031103231625765917,0.0,0.0,0.0,0.0,0.0,0.0,0.0,0.0,0.0,0.0,0.0,0.0,0.0,0.0,0.0,2.489321731827936,3.8501455631268264,0.0,0.0,0.0,0.0,0.11067895244316016,0.0,0.0,0.0,0.0,0.0,0.0,4.8987577308000846e-05,,0.0,0.0,0.0,0.0,0.0,0.0,-0.11099904224471839,0.0,0.0,-0.6448545923921496,0.0,0.0,0.31115297004758763,0.0,0.0,0.0,0.0,,0.0,0.0,0.0,0.0,0.0,0.0,0.0,0.0,0.0,0.0,0.009547292463689294,7.433672360411951e-06,0.0,1.4385290037256512e-06,0.0,24.66486267923237,0.0,0.0,0.0,0.0,0.04999956857873747,0.0,0.0,0.0,0.0,0.0,0.0,0.0,0.05718876623514038,3.110323162403006e-05,-0.058999410923582435,0.0,0.0,,0.0,0.07410282729171655,0.0,0.0,0.0,0.0,0.0,14.830155038008124,0.0,0.0,-0.0016129354753805095,0.0,0.0,-3.13896604270849e-10,-2.488258530061273,0.7433672358558054,,0.0,0.0,43.288444334893555,28.51501567603156
2017-04-01,0.0,3.7323877958522977e-07,0.0,6.842710957668502,0.0,0.0,0.0,0.0,-0.0019999377935367487,0.0,0.0,0.0,0.0,2.5162514385244625,0.0,0.0,,0.0,0.0,0.0,-0.0694356404474506,0.01866193897545955,0.0,0.0,0.0,1.5243958349394904e-12,0.0,0.0,0.0,0.0,0.0,0.0,0.0,0.0,0.0,0.0,0.0,0.0,0.0,0.0,0.0,0.0,0.0,0.0,0.0,0.0,0.0,0.005531398712321576,0.0,0.0,0.0,0.0,-0.6220646325153183,0.0,0.0,-0.031103231625765917,0.0,0.0,-0.5909614008895524,0.0,0.0,0.0,0.0,0.0,0.0,0.00027510808372993573,0.0,0.0,0.00015919215573737574,0.0,0.0,0.0,0.0,0.0,0.0,0.0,-1.2433712170694544,3.2190857827115362,0.0,0.0,0.0,0.0,0.047854499082453976,0.0,0.0,0.0,0.0,0.0,0.0,0.0013733344501875482,,0.0,0.0,0.0,0.0,0.0,0.0,0.1409987833921173,0.0,0.0,1.2645824391154241,0.0,-1.3996454233767198e-05,0.00017437187023746915,0.0,0.0,0.0,0.0,,0.0,0.0,0.0,0.0,0.0,0.0,0.0,0.0,0.0,0.0,0.0,0.0014721470560865421,0.0,-1.8345209802666452e-06,0.0,7.184846505551927,0.0,0.0,0.0,0.0,0.019999827431465295,0.0,0.0,0.0,0.0,0.0,0.0,0.0,-0.0015497598721044153,,0.0588358023352772,0.0,0.0,,0.0,3.1103323064169763e-06,0.0,0.0,0.0,0.002927653883238481,0.0,8.193886299051309,0.0,0.0,0.022009605440670224,0.0,0.0,-5.648913006672137e-10,-2.7992908463189323,-0.09019937171472116,,0.0,0.0,24.091648699277812,10.405563627475287
2017-05-01,0.0,0.0,0.0,0.0,0.0,0.0,0.0,0.0,0.0,0.0,0.0,0.0,0.0,3.0356754066747533,0.0,0.0,,0.0,0.0,0.0,0.036768363495629876,0.009330969487729775,0.0,0.0,0.0,-8.179596653511423e-12,0.0,0.0,0.0,0.0,0.0,0.0,0.0,0.0,0.0,0.0,0.0,0.0,0.0,0.0,0.0,0.0,0.0,-9.330969487729775e-05,0.0,0.0,0.0,0.0028885571210883567,0.0,0.0,0.0,0.0,-1.7106777394171255,0.0,0.0,0.0,0.0,0.0,-1.7417809710428913,0.0,0.031103231625765917,0.0,0.0,0.0,0.0,0.0,0.0,0.0,0.0,1.2441292650306366,0.0,0.0,0.0,0.0,0.0,0.0,1.2457091847843018,4.519595346956252,0.0,0.0,0.0,2.2394326675539237e-06,0.04836176168703976,0.0,0.0,0.0,0.0,0.0,0.0,0.0034167189188515847,,0.0,0.0,0.0,0.0,0.0,0.0,-0.08599925795558139,0.0,0.0,-0.7716015053964107,0.0,1.3996454233767198e-05,0.0,0.0,0.0,0.0,0.0,,0.0,0.0,0.0,0.0,0.0,0.0,0.0,0.0,0.0,0.0,0.002223134583676756,4.366893719110436e-05,0.0,0.0,0.0,19.470622997729464,0.0,0.0,0.0,0.0,0.09999913715744235,0.0,0.0,0.0,0.0,0.0,0.0,0.0,0.05894057426677412,,-0.05899972092090753,0.0,0.0,,0.0,3.77285465459986,0.0,0.0,0.0,0.0,0.0,6.661233523548308,7.0293929999999705,0.0,-0.03954127710018317,0.0,0.0,-8.460063582501691e-05,-2.488258530061273,0.0,,0.0,0.0,40.37526882025838,23.990262013622907
2017-06-01,0.0,0.0,0.0,-1.95950359242326,0.0,0.0,0.0,0.0,0.0,0.0,0.0,0.0,0.0,-3.0729992846256726,0.0,0.0,,0.0,0.0,0.0,0.10615692130282103,0.0,0.0,0.0,0.0,9.667783561255201e-13,0.0,0.0,0.0,0.0,0.0,0.0,0.0,0.0,0.0,0.0,0.0,0.0,0.0,0.0,0.0,0.0,0.0,-0.08233025411340238,0.0,0.0,0.0,0.0024605766539247697,0.0,0.0,0.0,0.0,-1.4307486547852322,0.0,0.0,0.031103231625765917,0.0,0.0,-1.4618518864109982,0.0,0.0,0.0,0.0,0.0,0.0,0.0,0.0,0.0,0.0,0.0,0.0,0.0,0.0,0.0,0.0,0.0,-0.6218286211937424,3.5993283879179185,0.0,0.0,0.0,0.0,0.08265198594133877,0.0,0.0,0.0,0.0,0.0,0.0,0.0,,-0.31103231625765915,0.0,0.0,0.0,0.0,0.0,-0.05099955995022474,0.0,0.0,1.3985869801872413,0.0,0.0,7.473577804753697e-05,0.0,0.0,0.0,0.0,,0.0,0.0,0.0,0.0,0.0,0.0,0.03484423501602547,0.0,0.0,0.0,0.0,1.2503499106374047e-05,0.0,0.0,0.0,9.082143634723648,0.0,0.0,0.0,0.0,0.059999482294486414,0.0,0.0,0.0,0.0,0.031103231625751432,0.0,0.0,-0.1373328841454091,3.110323162758277e-05,0.0,0.0,0.0,,0.0,-5.5522768961905336e-11,0.0,0.0,0.0,0.0,0.0,20.627370016736673,13.934367000000009,0.0,0.04795718334655093,0.0,0.0,2.882218299401102e-10,7.153743273926161,0.0,,0.0,0.0,47.06330743013516,12.681484526140673
2017-07-01,0.0,0.0003449348387298617,0.0,1.95950359242326,0.0,0.0,0.0,0.0,0.0,0.0,0.0,0.0,0.0,-0.015551615812882958,0.0,0.0,,0.0,0.0,0.0,-0.0261819063895676,0.009330969487729775,0.0,0.0,0.0,1.990606824053744,0.0,0.0,0.0,0.0,0.0,0.0,0.0,0.0,0.0,-8.91303536437439e-06,0.0,0.0,0.0,0.0,0.0,0.0,0.0,0.0,0.0,0.0,0.0,0.0,0.0,0.0,0.0,0.0,0.0,0.0,0.0,0.0,0.0,0.0,0.0,0.0,0.0,0.0,0.0,0.0,0.0,0.0,0.0,0.0,0.025359965254619317,1.2441292650306366,0.0,0.0,0.0,0.0,0.0,0.0,-0.6217108332555753,1.919377562127483,0.0,0.0,0.0,-0.002217380485824251,0.12184233771888908,0.0,0.0,0.0,0.0,0.0,0.0,8.182209209712336e-05,,0.0,0.0,0.0,0.0,0.0,0.0,0.03299971526203451,0.0,0.0,0.3268996298715435,0.0,0.0,-0.0002114814469222654,0.0,0.0,0.0,0.0,,0.0,0.0,0.0,0.0,0.0,0.0,0.0,0.0,0.0,0.0,0.0039492084227810784,0.0008172996174375507,0.0,0.0,0.0,13.592112220459706,0.0,0.0,0.0,0.0,0.010014108019254217,0.0,0.0,0.0,0.0,0.0,0.0,0.0,0.021401332612981064,,0.12345714294940127,0.0,0.0,,0.0,-1.299989735913999,0.0,0.0,0.0,0.0,0.0,19.604378843616008,7.962515999999994,0.0,-0.01615223324313298,0.0,0.0,-6.19971373061815e-11,-2.488258530061273,0.0,,0.0,0.0,44.47884014415179,15.537667047459246
2017-08-01,0.0,0.0,0.0,0.0,0.0,0.0,0.0,0.0,0.0,0.0,0.0,0.0,0.0,0.006220646325153184,0.0,0.0,,0.0,0.0,0.0,-0.14873914135945962,0.0,0.0,0.0,0.0,-5.442201757515568e-12,0.0,0.0,0.0,0.0,0.0,0.0,0.0,0.0,0.0,0.0,0.0,0.0,0.0,0.0,0.0,0.0,0.0,-0.08600043544524276,0.0,0.0,0.0,0.003150446331360505,0.0,0.0,0.0,0.0,-0.373238779509191,0.0,0.0,0.0,0.0,0.0,-0.3984323971260614,0.0,0.031103231625765917,0.0,0.0,0.0,0.0,0.0,0.0,0.0,0.0,0.0,0.0,0.0,0.0,0.0,0.0,0.0,-2.488258530061273,4.7032463064912635,0.0,0.0,0.0,0.0,0.3213019190693909,0.0,0.0,0.0,0.0,0.0,0.0,-0.00013242705545714564,,-0.6220646325153183,0.0,0.0,0.0,0.0,0.0,0.4379962207495879,0.0,0.0,-0.8914332369133149,0.0,0.0,0.000308017168984214,0.0,0.0,0.0,0.0,,0.0,0.0,0.0,0.0,0.0,0.0,0.0,0.0,0.0,0.0,0.0,6.170881155084954e-05,0.0,3.117689485957639,0.0,14.867344717116108,0.0,0.0,0.0,0.0,0.10999913292121179,0.0,0.0,0.0,0.0,0.0,,0.0,0.08920566456558303,,0.0,0.0,0.0,,0.0,-3.110176664153872e-07,0.0,0.0,0.0,0.0,0.0,5.576788880678673,8.861459000000025,0.0,-0.0492809855942271,0.0,0.0,-1.8039580627666153e-05,-20.217100556747845,-0.4883207365245249,,0.0,0.0,12.362855168356644,19.57065273241892
2017-09-01,0.0,0.0,0.0,0.0,0.0,0.0,0.0,0.0,0.0,0.0,0.0,0.0,0.0,3.275170290193151,0.0,0.0,,0.0,0.0,0.0,0.09421327496202264,0.009330969487729775,0.0,0.0,0.0,4.790441067992745e-12,0.0,0.0,0.0,0.0,0.0,0.0,0.0,0.0,0.0,0.0,0.0,0.0,0.0,0.0,0.0,0.0,0.0,0.0,0.0,0.0,0.0,0.003161954527079998,0.0,0.0,0.0,0.0,0.0,0.0,0.0,0.0,0.0,0.0,-0.005909614008895525,0.0,0.0,0.0,0.0,0.0,0.0,0.0005103107212839178,0.0,0.0,0.0,0.0,0.0,0.0,0.0,0.0,0.0,0.0,0.6220646325153183,3.667278498336907,0.0,0.0,0.0,0.0,0.8542500388790392,0.0,0.0,0.0,0.0,0.0,0.0,0.00011004315047757737,,0.0,0.0,0.0,0.0,0.0,0.0,-0.06099947366612576,0.0,0.0,1.10936350346801,0.0,0.0,0.0,0.0,0.0,0.0,0.0,,0.0,0.0,0.0,0.0,0.0,0.0,4.976517006823006e-07,0.0,0.0,0.0,0.0,3.6701813251200012e-06,0.0,2.877524150317342e-06,0.0,34.555690336225936,0.0,0.0,0.0,0.0,0.0,0.0,0.0,0.0,-1.0575098752651785e-06,0.0,,0.0,0.009803095459830147,3.110323162403006e-05,-0.16825605627847648,-0.0036529684802983956,0.0,,0.0,-0.0019999377923233873,1.555161581288296,0.0,0.0,0.0,0.0,6.256628014683869,13.50110699999999,0.0,0.04840332548776042,-1.2596808787578854e-05,0.0,-2.1475195062841602e-10,-2.488258530061273,0.0,,0.0,0.0,62.833194783159485,38.22297250474417
2017-10-01,0.0,0.0,0.0,-2.071475319585706,0.0,0.0,0.0,0.0,0.0,0.0,0.0,0.0,0.0,0.015551615812882958,0.0,0.0,,0.0,0.0,0.0,0.03725368262697845,0.003110323162576592,0.0,0.0,0.0,3.1414230637342014e-06,0.0,0.0,0.0,0.0,0.0,0.0,0.0,0.0,0.9330980373860854,0.0,0.0,0.0,0.0,0.0,0.0,0.0,0.0,0.0,0.0,0.0,0.0,0.0029349009362177,0.0,0.0,0.0,0.0,-0.09330969487729775,0.0,0.0,0.0,0.0,0.0,-0.09330969487729775,0.0,0.0,0.0,0.0,0.0,0.0,0.0,0.0,0.0,-0.00438234269547613,0.0,0.0,0.0,0.0,0.0,0.0,0.0,6.222655096264503,2.6316708033970886,0.0,0.0,0.0,0.0,0.16106158439861984,0.0,0.0,0.0,0.0,0.0,0.0,4.270180118492136e-06,,0.0,0.0,0.0,0.0,0.0,0.008086840222699138,-0.11799898184567965,0.0,0.0,-0.21800460327828036,0.0,0.0,4.7490902304449074e-05,0.0,0.0,0.0,0.0,,0.0,0.0,0.0,0.0,0.0,0.0,0.0,0.0,0.0,0.0,0.00458153712170625,2.202108799417072e-05,0.0,0.0,0.0,22.332120307299927,0.0,0.0,0.0,0.0,0.0599995270479021,0.0,0.0,0.0,0.0,0.0,,0.0,-0.0793793953892264,,0.12441289637982325,0.0,0.0,,0.0,-0.0011299803819465677,0.0,0.0,0.0,0.0,0.0,33.02492504443409,12.678356000000008,-0.31103231625765915,0.03892257542054643,0.0,3.4213577776666207e-07,5.378815625960402e-10,4.665484743864887,3.735498118254487,,0.0,0.0,83.6897785711096,24.959430789089534
2017-11-01,0.0,0.0,0.0,-3.5457684053373217,0.0,0.0,0.0,0.0,0.0,0.0,0.0,0.0,0.0,0.003110323162576592,0.0,0.0,,0.0,0.0,0.0,0.0071662244723335634,0.003110323162576592,0.0,0.0,0.0,3.081379704355122e-12,0.0,0.0,0.0,0.0,0.0,0.0,0.0,0.0,2.2394420080246324,0.0,0.0,0.0,0.0,0.0,0.0,0.0,0.0,-6.220646325153183e-05,0.0,0.0,0.0,0.06899940903859621,0.0,0.0,0.0,0.0,0.062206463251531834,0.0,0.0,0.031103231625765917,0.0,0.0,0.0,0.0,0.031103231625765917,0.0,0.0,0.0,0.0,0.0,0.0,0.0,0.0,0.0,0.0,0.0,0.0,0.0,0.0,0.0,-3.1071437591365774,3.709013249975148,0.0,0.0,0.0,0.0,0.18281443812012027,0.0,0.0,0.0,0.0,0.0,0.0,-3.794594258437585e-06,,0.0,0.0,0.0,0.0,0.0,0.0,-0.08599925795558139,0.0,0.0,0.6832038194768437,0.0,-1.3996454233767198e-05,2.3356660756992986e-05,0.0,0.0,0.0,0.0,,0.0,0.0,0.0,0.0,0.0,0.0,0.0,0.0,0.0,0.0,2.488258358575794e-07,0.001056825604183982,0.0,0.004605758440389132,0.0,27.37084383067401,0.0,0.0,0.0,0.0,0.07999936939721729,0.0,0.0,0.0,0.0,0.031103231625780402,,0.0,-0.037701475138779396,,0.0,0.0,0.0,,0.0,0.4158010637365227,0.0,0.0,0.0,0.0,0.0,21.33441791597774,7.755113999999992,0.0,-0.02024976339090523,0.0,0.0,-7.838016218998848e-05,7.46477559018382,-6.373052160119436,,0.0,0.0,58.30894071431268,31.08091390625334
2017-12-01,0.0,-0.01856085347267581,0.0,-1.3374389599079273,0.0,0.0,0.0,0.0,0.0,0.0,0.0,0.0,0.0,0.04665484743864887,0.0,0.0,,0.0,0.0,0.0,0.16358203819084954,0.0,0.0,0.0,0.0,-9.016022871732378e-13,0.0,0.0,0.0,0.0,0.0,0.0,0.0,0.0,1.430748654785234,0.0,0.0,0.0,0.0,0.0,0.0,0.0,0.0,-6.220646325153183e-05,0.0,0.0,0.0,0.08006034026934009,0.0,0.0,0.0,0.0,0.05275108083729899,0.0,0.0,0.062206463251531834,0.0,0.0,0.0,0.0,0.0,0.0,0.0,0.0,0.0,0.0,0.0,0.0,0.3110326272901423,0.0,0.0,0.0,0.0,0.0,0.0,0.0,7.77580790644148,4.169785263290096,0.0,0.0,0.0,0.0,0.24875176510839528,0.0,0.0,0.0,0.0,0.0,0.0,0.004226898074710115,,0.0,0.0,0.0,0.0,0.0,0.0,-0.08499926658361617,0.0,0.0,0.48710699511679306,0.0,1.3996454233767198e-05,2.257814686881261e-05,0.0,0.0,0.0,0.0,,0.0,0.0,0.0,0.0,0.0,0.0,0.0,0.0,0.0,0.0,0.0,1.7200087084066203e-05,-0.009455382414232839,-4.944006061152864e-07,0.0,10.20185997325122,0.0,0.0,0.0,0.0,0.07999938281400437,0.0,0.0,0.0,0.0,0.0,,0.0,0.06444631838701538,3.110323162758277e-05,0.12948959498902987,0.0,0.0,,0.0,-4.746447221449955e-11,0.0,0.0,0.0,0.0,0.0,15.658457890995644,14.204649000000018,0.31103231625765915,0.11151682015486311,0.0,0.0,-3.6080119237648936e-05,7.153743273926161,-22.767565550060652,,0.0,0.0,38.52987553531938,14.682695063918544
2018-01-01,0.0,0.018567385151317423,0.0,6.954682591521259,0.0,0.0,0.0,0.0,0.0,0.0,0.0,0.0,0.0,0.01866193897545955,0.0,0.0,,0.0,0.0,0.0,0.02028964039868187,0.009330969487729775,0.0,0.0,0.0,0.10238757422459441,0.0,0.0,0.0,0.0,0.0,0.0,0.0,0.0,1.3685428135983317,0.0,0.0,0.0,0.0,0.0,0.0,0.0,0.0,0.0,0.0,0.0,0.0,0.005348511710365549,0.0,0.0,0.0,0.0,0.009455382414232839,0.0,0.0,0.0,0.0,0.0,0.0,0.0,0.0,0.0,0.0,0.0,0.0,0.0,0.0,0.0,0.0,0.0442334608565801,0.0,0.0,0.0,0.0,0.0,0.0,-10.883375758141266,3.1274251189692444,0.0,0.0,0.0,0.0,0.3017808466299652,0.0,0.0,0.0,0.0,0.0,0.0,0.0017666013498796515,,0.0,0.0,0.0,0.0,0.0,0.0,-0.055999516808196974,0.0,0.0,0.1447829927529463,0.0,0.004539827688095635,0.004680507604740364,0.0,0.0,0.0,0.0,,0.0,0.0,0.0,0.0,0.0,0.0,0.014964853348255933,0.0,0.0,0.0,4.821000881137375e-06,0.0014481664644973992,0.009455382414232839,-3.1102915272887954,0.0,18.910764828465677,0.0,0.0,0.0,0.0,0.0,0.0,0.0,0.0,0.0,0.0,,0.0,0.06552871114671543,,-0.061062485412344866,0.0,0.0,,0.0,-0.0010699511268679588,0.0,0.0,0.0,0.0,0.0,20.314024720437832,23.521333000000027,-1.2441292650306366,-0.13603654002749524,0.0,0.0,0.010976861844501569,-12.441292650306368,-11.949861590619266,,0.0,0.0,35.101858223694805,22.03963811389942
2018-02-01,0.0,-0.018567385151317423,0.0,0.0,0.0,0.0,0.0,0.0,0.0,0.0,0.0,0.0,0.0,0.04976517060122547,0.0,0.0,,0.0,0.0,0.0,-0.010452154241174485,0.0,0.0,0.0,0.0,-0.10238757422027106,0.0,0.0,0.0,0.0,0.0,0.0,0.0,0.0,1.1072752947031188,0.0,0.0,0.0,0.0,0.0,0.0,0.0,0.0,-0.07915772448757426,0.0,0.0,0.0,0.5209604677926153,0.0,0.0,0.0,0.0,0.031103231625765917,0.0,0.0,0.0,0.0,0.0,0.0,0.0,0.031103231625765917,0.0,0.0,0.0,0.0,0.0,0.0,0.0,0.03735653634403346,0.0,0.0,0.0,0.0,0.0,0.0,0.0,-0.6218175484432863,4.012218531306314,0.0,0.0,0.0,0.0022151410531566973,0.2753309072812662,0.0,0.0,0.0,0.0,0.0,0.0,8.397872548588372e-07,,0.0,0.0,0.0,0.0,0.0,0.0,-0.08099930109762364,0.0,0.0,-0.26350349911355736,0.0,0.0,2.4175919878365874e-05,0.0,0.0,0.0,0.0,,0.0,0.0,0.0,,0.0,0.0,0.0,0.0,0.0,0.0,0.0,1.5551616913634346e-07,0.0,2.2909320055317303e-06,0.0,22.798668781686416,0.0,0.0,0.0,0.0,0.059999502348293814,0.0,0.0,0.0,0.0,0.0,,0.0,-0.03585426631125255,,0.0,0.0,0.0,,0.0,-6.517606895228225e-13,0.0,0.0,0.0,0.0,0.0,6.388370877941683,4.679507999999942,0.0,0.004176721695997663,-0.0013150135298798027,0.0,-0.010983082847864447,-3.110323162576592,0.0,,0.0,0.0,35.66271914613986,26.848244004852933
2018-03-01,0.0,0.0,0.0,-6.842710957668502,0.0,0.0,0.0,0.0,0.0,0.0,0.0,0.0,0.0,0.021772262138036142,0.0,0.0,,0.0,0.0,0.0,0.00872030556949957,0.0,0.0,0.0,0.0,-8.367883074929127e-12,0.0,0.0,0.0,0.0,0.0,0.0,0.0,0.0,0.0,0.0,0.0,0.0,0.0,0.0,0.0,0.0,0.0,-0.08444527386395446,0.0,0.0,0.0,0.08116979254144331,0.0,0.0,0.0,0.0,-1.3996454231594662,0.0,0.0,0.031103231625765917,0.0,0.0,-1.4307486547852322,0.0,0.0,0.0,0.0,0.0,0.0,0.00013312183135824192,0.0,0.0,2.177986687816957,0.00018910764828697414,0.0,0.0,0.0,0.0,0.0,0.0,-2.177226213803614,3.0967718266918296,0.0,0.0,0.0,0.0,0.4270887064165957,0.0,0.0,0.0,0.0,0.0,0.0,0.0034834997356222924,,0.0,0.0,0.0,0.0,0.0,0.0,0.1339988437908519,0.0,0.0,-0.8244869521943335,0.0,0.0,6.550962644957117e-05,0.0,0.0,0.0,0.0,,0.0,0.0,0.0,,0.0,0.0,0.0,0.0,0.0,0.0,0.0,8.876862305425836e-05,0.0,-5.3839377591322766e-06,0.0,10.326272899754285,0.0,0.0,0.0,0.0,0.08999931572890331,0.0,0.0,0.0,0.0,0.0,,0.0,-1.3443173240393156,3.110323162403006e-05,0.006455474298939508,0.0,0.0,,0.0,-0.00020497032434434997,0.0,0.0,0.0,0.0,0.0,3.980240656492775,1.6347860000000196,0.0,0.008810684427607053,0.0013150135298798027,0.0,-6.656082661503265e-05,7.46477559018382,0.0,,0.0,0.0,15.391400687092098,15.601120182886126
2018-04-01,0.0,0.0,0.0,6.842710957668502,0.0,0.0,0.0,0.0,0.0,0.0,0.0,0.0,0.0,0.006220646325153184,0.0,0.0,,0.0,0.0,0.0,0.0022426007277846515,0.009330969487729775,0.0,0.0,0.0,7.868199879628297e-12,0.0,0.0,0.0,0.0,0.0,0.0,0.0,0.0,0.0,0.0,0.0,0.0,0.0,0.0,0.0,0.0,0.0,6.220646325153183e-05,0.0,0.0,0.0,0.06899940903859621,0.0,0.0,0.0,0.0,-1.1819228017791048,0.0,0.0,0.0,0.0,0.0,-1.1819228017791048,0.0,0.0,0.0,0.0,0.0,0.0,0.0,0.0,0.0,0.6220680538706628,0.00014027557463973573,0.0,0.0,0.0,0.0,0.0,0.0,6.222755217567108,4.263658019968881,0.0,0.0,0.0,0.0,0.292667879692701,0.0,0.0,0.0,0.0,0.0,0.0,-0.0032826039625522955,,0.0,0.0,0.0,0.0,0.0,0.0,-0.07999930972597706,0.0,0.0,0.2796994494728006,0.0,0.00512581257192405,2.4176541943208978e-05,0.0,0.0,0.0,0.0,,0.0,0.0,0.0,,0.0,0.0,0.0,0.0,0.0,0.0,0.005824049018716911,-0.003287269447303221,0.0,1.4044246805933697e-06,0.0,18.972971291717208,0.0,0.0,0.0,0.0,0.13999888028366303,0.0,0.0,0.0,0.0,0.0,,0.0,-1.095052969209573,,0.24237068875951293,0.0,0.0,,0.0,1.1242810456975507,0.0,0.0,0.0,0.003909334079810845,0.0,-1.5658694888961575,4.081780000000009,0.0,0.04068796302593999,0.0,0.0,-1.803958853193352e-05,0.9330969487729776,14.002674877919816,,0.0,0.0,53.05194687429112,23.855410096109452
2018-05-01,0.0,0.0,0.0,0.0,0.0,0.0,0.0,0.0,0.0,0.0,0.0,0.0,0.0,0.021772262138036142,0.0,0.0,,0.0,0.0,0.0,-0.0034029889957382918,0.0,0.0,0.0,0.0,-7.028152768687769e-12,0.0,0.0,0.0,0.0,0.0,0.0,0.0,0.0,0.0,0.0,0.0,0.0,0.0,0.0,0.0,0.0,0.0,-9.330969487729775e-05,0.0,0.0,0.0,0.06499860035457743,0.0,0.0,0.0,0.0,0.0,0.0,0.0,0.0,0.0,0.0,0.0,0.0,0.0,0.0,0.0,0.0,0.0,0.0,0.0,0.0,0.9346194519611515,0.0,0.0,0.0,0.0,0.0,0.0,0.0,1.2470372305682544,4.393886722027347,0.0,0.0,0.0,0.0,0.2950507293707809,0.0,0.0,0.0,0.0,0.0,0.0,0.0,,0.0,0.0,0.0,0.0,0.0,0.0,-0.04299962897763138,0.0,0.0,0.9179186961525303,0.0,0.0,0.0,0.0,0.0,0.0,0.0,,0.0,0.0,0.0,,0.0,0.0,0.0,0.0,0.0,0.0,0.0,1.5551615465277256e-07,0.0,1.0109834238242141e-06,0.0,18.444216354079188,0.0,0.0,0.0,0.0,0.04999968896768128,0.0,0.0,0.0,0.0,0.0,,0.0,0.04793072656975214,,-5.5000002575517236e-11,0.0,0.0,,0.0,0.45395477901150794,0.0,0.0,0.0,0.0,0.0,-9.39499793525862,2.3074039999999627,0.0,-0.054254719116294974,0.0,0.0,-3.607977347423261e-05,7.46477559018382,0.0,,0.0,0.0,27.147781336005504,23.77272268358384
2018-06-01,0.0,0.0,0.0,0.0,0.0,0.0,0.0,0.0,0.0,0.0,0.0,0.0,0.0,0.06531678641410843,0.0,0.0,,0.0,0.0,0.0,-0.0024453758716369606,0.012441292650306367,0.0,0.0,0.0,-1.99149099576418e-12,0.0,0.0,0.0,0.0,0.0,0.0,0.0,0.0,0.0,0.0,0.0,0.0,0.0,0.0,0.0,0.0,0.0,0.0031414263942023575,0.0,0.0,0.0,0.08765948182015648,0.0,0.0,0.0,0.0,-1.119716338527573,0.0,0.0,0.0,0.0,0.0,-1.150819570153339,0.0,0.031103231625765917,0.0,0.0,0.0,0.0,0.0,0.0,0.0,4.354454604833451,-2.06234393953533,0.0,0.0,0.0,0.0,0.0,0.0,1.8662422941743677,2.9849115424123505,0.0,0.0,0.0,0.008119840751446429,0.37288255419738175,0.0,0.0,0.0,0.0,0.0,0.0,9.116357189547475e-05,,0.0,0.0,0.0,0.0,0.0,0.0,0.14599874025007506,0.0,0.0,2.223808901744891,0.0,0.0,0.0005922176604152036,0.0,0.0,0.0,0.0,,0.0,0.0,0.0,,0.0,0.0,0.034909719759890365,0.0,0.0,0.0,6.273521818893812e-05,4.0434201947749375e-07,0.0,3.39013753903619e-06,0.0,15.800441665889085,0.0,0.0,0.0,0.0,0.10999906690305354,0.0,0.0,0.0,0.0,0.0,,0.0,0.034766411925320456,2.795044322105067,0.0,0.0,0.0,,0.0,2.554072968181394,0.0,0.0,0.0,0.0,0.0,-16.516947483518347,1.9123909999999569,0.0,0.017243970628751742,0.0,0.0,-2.160554154310129e-11,7.46477559018382,-2.9983515287238345,,0.0,0.0,19.029851087421246,23.13980821747691
2018-07-01,0.0,0.018289944325215416,0.0,0.0,0.0,0.0,0.0,0.0,0.0,0.0,0.0,0.0004951634474816864,0.0,0.003110323162576592,0.0,0.0,,0.0,0.0,-2.5504649927913966e-05,0.0029898723987737763,0.012441292650306367,0.0,0.0,0.0,1.4952567571691409,0.0,0.0,0.0,0.0,0.0,0.0,0.0,0.0,0.0,0.0,0.0,0.0,0.0,0.0,0.0,0.0,0.0,-0.10861248483717459,0.0,0.0,0.0,0.06799944014184522,0.0,0.0,0.0,0.0,0.031103231625765917,0.0,0.0,0.0,0.0,0.0,0.0,0.0,0.031103231625765917,0.0,0.0,0.0,0.0,0.0,0.0,0.0,6.842715934185566,0.0,0.0,0.0,0.0,0.0,0.0,0.0,1.8674216354079187,4.739833068955854,0.0,0.0,0.0,-0.008119840751446429,0.28298547479083086,0.0,0.0,0.0,0.0,0.0,0.0,0.0,,0.0,0.0,0.0,0.0,0.0,0.0,-0.16099861082362965,0.0,0.0,1.085458554943858,0.0,0.0,0.0,0.0,0.0,0.0,0.0,,0.0,0.0,0.0,,0.0,0.0,0.004979960232641889,0.0,0.0,0.0,1.5563216696214577,1.866193897545955,0.0,-4.159918789892637e-06,0.0,26.095611334017605,0.0,0.0,0.0,0.0,0.01999968896768041,0.0,0.0,0.0,0.0,0.0,,0.0,-0.037008776472052134,,0.0,0.0,0.0,,0.0,-6.220646325153183e-05,0.0,0.0,0.0,0.0,0.0,-0.40609849598160824,1.7342850000001135,0.0,-0.007225158711734934,0.0,0.0,2.6793753234862344e-10,7.46477559018382,,,0.0,0.0,54.4952158270585,39.544354234704976
2018-08-01,0.0,0.0,0.0,0.0,0.0,0.0,0.0,0.0,0.0,0.0,0.0,0.0,0.0,0.04976517060122547,0.0,0.0,,0.0,0.0,5.287549374062835e-06,0.0074769423146089035,0.003110323162576592,0.0,0.0,0.0,2.499763273298186,0.0,0.0,0.0,0.0,0.0,0.0,0.0,0.0,0.0,0.0,0.0,0.0,0.0,0.0,0.0,0.0,0.0,-0.048925383347329786,0.0,0.0,0.0,0.07099934683212716,0.0,0.0,0.0,0.0,-0.15551615812882957,0.0,0.0,-0.031103231625765917,0.0,0.0,-0.12441292650306367,0.0,0.0,0.0,0.0,0.0,0.0,0.0,0.0,0.0,6.842715312120948,0.0,0.0,0.0,0.0,0.0,0.0,0.0,1.2442825417560834,4.66992438804392,0.0,0.0,0.0,0.0,0.25595841497931693,0.0,0.0,0.0,0.0,0.0,0.0,0.00062088270971443,,0.0,0.0,0.0,0.0,0.0,0.0,0.1759984813971698,0.0,0.0,1.792367173649342,0.0,0.0,0.0,0.0,0.0,0.0,0.0,,0.0,0.0,0.0,,0.0,0.0,0.0,0.0,0.0,0.0,0.0008046717053987643,7.46924008584491,0.0,0.0,0.0,28.366147242698517,0.0,0.0,0.0,0.0,0.12999906690305413,0.0,0.0,0.0,0.0,0.0,,0.0,-0.021400282011820253,,0.0,0.0,0.0,,0.0,-0.0004976517060122546,0.0,0.0,0.0,0.0,0.0,-91.58990671648776,1.7880139999999756,0.0,0.008238907328574487,0.0,0.0,-3.8836333232117585e-10,7.46477559018382,,,0.0,0.0,-29.131555247120108,47.34802702870829
2018-09-01,0.0,-0.018289944325215416,0.0,-1.79776678796927,0.0,0.0,0.0,0.0,0.0,0.0,0.0,0.0,0.0,0.04976517060122547,0.0,0.0,,0.0,0.0,0.0,-0.007967632625485723,0.0,0.0,0.0,0.0,0.9953034120272142,0.0,0.0,0.0,0.0,0.0,0.0,0.0,0.0,0.0,0.0,0.0,0.0,0.0,0.0,0.0,0.0,0.0,-0.3642810488009704,0.0,0.0,0.0,0.08227333519952491,0.0,0.0,0.0,0.0,0.0,0.0,0.0,0.0,0.0,0.0,-0.031103231625765917,0.0,0.031103231625765917,0.0,0.0,0.0,0.0,0.0,0.0,0.0,6.531683617927907,0.0,6.45045370283974,0.0,0.0,0.0,0.0,0.0,0.6221048178905829,3.9926476625952207,0.0,0.0,0.0,0.0,0.1864385555659229,0.0,0.0,0.0,0.0,0.0,0.0,0.00017231190320609143,,0.0,0.0,0.0,0.0,0.0,0.0,-0.04799958583560361,0.0,0.0,3.3402807377686554,0.0,0.0,0.0,0.0,0.0,0.0,0.0,,0.0,0.0,0.0,,0.0,0.0,0.0,0.0,0.0,0.0,0.0008105191129469574,4.354452489813688,0.0,4.666024053454603,0.0,37.759323193679826,0.0,0.0,0.0,0.0,0.14999844483841798,0.0,0.0,0.0,0.0,0.0,,0.0,0.07833567132515083,11.548117632422013,0.1505035613800224,0.0,0.0,,0.0,-0.002437560240177464,0.0,0.0,0.0,0.0,0.0,-12.42022283210782,2.4809639999999717,0.0,0.008834899763272546,0.0,0.0,7.236552400515961e-10,7.46477559018382,,,0.0,0.0,76.25429798911205,52.638106964016636
2018-10-01,0.0,0.018289944325215416,0.0,1.7979590681471742,0.0,0.0,0.0,0.0,0.0,0.0,0.0,0.0,0.0,0.10264066436502753,0.0,0.0,,0.0,0.0,0.0001508506733878614,-0.003076901808684222,0.006220646325153184,0.0,0.0,0.0,2.985910236085068,0.0,0.0,0.0,0.0,0.0,0.0,0.0,0.0,0.0,0.0,0.0,0.0,0.0,0.0,0.0,0.0,0.0,-0.0002488258530061273,0.0,0.0,0.0,0.7175568411557938,0.0,0.0,0.0,0.0,0.031103231625765917,0.0,0.0,0.031103231625765917,0.0,0.0,0.0,0.0,0.0,0.0,0.0,0.0,0.0,0.0,28.43146402911262,0.0,5.598595689091957,0.0,0.0,0.0,0.0,0.0,0.0,0.0,-1.8651287984821638,6.063198065375895,0.0,0.0,0.0,0.012371590308235458,0.3972471773817309,0.0,0.0,0.0,0.0,0.0,0.0,-2.590899194377057e-05,,1.2441292650306366,0.0,0.0,0.0,0.0,0.0,-0.023999792917794565,0.0,0.0,2.1184652110354256,0.0,0.0002733974059916411,3.1103231625765914e-05,0.0,0.0,0.0,0.0,,0.0,0.0,0.0,,0.0,0.0,0.0,0.0,0.0,0.0,0.0,11.975325402009295,0.0,-1.2812901622899373e-06,0.0,29.921308823986813,0.0,0.0,0.0,0.0,0.0599999467894009,0.0,0.0,0.0,0.0,0.0,,0.0,0.10599812232222744,,0.1002261251988773,0.0,0.0,,0.0,-9.05223179892809e-12,0.0,0.0,0.0,0.0,0.0,8.062119436001979,2.642795000000035,0.0,-0.005143878759229719,0.0,0.0,-7.613999490925575e-10,7.46477559018382,,,0.0,0.0,107.99163329992147,53.55842798046396
2018-11-01,0.0,0.0,0.0,0.0,0.0,0.0,0.0,0.0,0.0,0.0,0.0,0.0,0.0,0.01866193897545955,0.0,0.0,,0.0,0.0,8.802214550323491e-05,0.010539078007402967,0.003110323162576592,0.0,0.0,0.0,-2.7337740032762833e-12,0.0,0.0,0.0,0.0,0.0,0.0,0.0,0.0,0.0,0.0,0.0,0.0,0.0,0.0,0.0,0.0,0.0,0.0,0.0,0.0,0.0,0.06999937793537618,0.0,0.0,0.0,0.0,0.062206463251531834,0.0,0.0,0.0,0.0,0.0,0.0,0.0,0.031103231625765917,0.0,0.7183291343970638,0.0,0.0,0.0,0.0,0.0,6.534308730677192,0.0,0.0,0.0,0.0,0.0,0.0,0.0,2.489261080526267,4.266753662405578,0.0,0.0,0.0,-0.012371590308235458,0.7949250412117804,0.0,0.0,0.0,0.0,0.0,0.0,3.110323129264379e-08,,0.0,0.0,0.0,0.031103231625765917,0.0,0.0,-0.11299902498801156,0.0,0.0,2.357697769898293,0.0,5.909614007157495e-06,3.2969425523239456e-05,0.0,0.0,0.0,0.0,,0.0,0.0,0.0,,0.0,0.0,0.0,0.0,0.0,0.0,0.0,-0.0014758172374261457,0.0,1.0347715484105905e-06,0.0,36.54629716027495,0.0,0.0,0.0,0.0,0.09999921342334617,0.0,0.0,0.0,0.0,0.0,,0.0,-0.27531715920910255,,0.0,0.0,0.0,,0.0,2.534816024371652,0.0,0.0,0.0,0.0,0.0,17.926276323125208,1.6194229999999834,0.0,0.027904459008242708,0.0,0.0,-4.509971715717195e-05,7.153743273926161,,,0.0,0.0,82.89437779342676,47.34588373612029
2018-12-01,0.0,-0.018289944325215416,0.0,-6.9515722683586825,0.0,0.0,0.0,0.0,0.0,0.0,0.0,0.0,0.0,0.006220646325153184,0.0,0.0,,0.0,0.0,0.07256694970606288,-0.020338272823520086,0.0,0.0,0.0,0.0,1.241966202812934e-12,0.0,0.0,0.0,0.0,0.0,0.0,0.0,9.953034120245093,0.0,0.0,0.0,0.0,0.0,0.0,0.0,0.0,0.0,-0.00021772262138036142,0.0,0.0,-5.41861316910827,0.10354265808216026,0.0,0.0,0.0,0.0,-0.031103231625765917,0.0,0.0,0.0,0.0,0.0,0.0,0.0,0.0,0.0,0.5927259537225374,0.0,0.0,0.0,0.0,0.0,1.866207271935545,0.0,0.0,0.0,0.0,0.0,0.0,0.0,-4.976531554228485,5.005317906130441,0.0,0.0,0.0,0.0,0.36352268980747154,0.0,0.0,0.0,0.0,0.0,0.0,9.330969025703864e-09,,0.0,0.0,0.0,-0.031103231625765917,0.0,0.0,-0.05699950817953941,0.0,0.0,1.2501739292712533,0.0,0.0,3.131162327759917e-05,0.0,0.0,0.0,0.0,,0.0,0.0,0.0,,0.0,0.0,0.0,0.0,0.0,0.0,1.194364093224378e-05,0.003110323162576592,0.0,-5.95130474143529e-07,0.0,10.326272899754285,0.0,0.0,0.0,0.0,0.14999881807719712,0.0,0.0,0.0,0.0,0.0,,0.0,0.11913509580482481,6.431882367577991,0.0,0.0,0.0,,0.0,-0.0002643774688190103,0.0,0.0,0.0,0.0,0.0,-1.0255811507728905,3.0383999999999673,0.0,-0.0402894679447611,0.0,0.0,7.842213326632646e-10,-26.126714565643372,,,0.0,0.0,-5.41546416487374,27.15394252122794
2019-01-01,0.0,0.018289944325215416,0.0,6.9515722683586825,0.0,0.0,0.0,0.0,0.0,0.0,0.0,0.0,0.0,0.01866193897545955,0.0,0.0,,0.0,0.0,0.0,0.009127848381045117,0.009330969487729775,0.0,0.0,0.0,0.4979641707174886,0.0,0.0,0.0,0.0,0.0,0.0,0.0,11.81922801779105,5.387080681782836,0.0,0.0,0.0,0.0,0.0,0.0,0.0,0.0,-0.35003576871636966,0.0,0.0,10.57509875276041,0.09400080868402864,0.0,0.0,0.0,0.0,0.09330969487729775,31.103231625765915,0.0,0.0,0.0,0.0,0.0,0.0,0.031103231625765917,0.0,0.0,0.0,0.0,0.0003675157848901288,0.0,0.0,6.531685173089512,0.0,0.0,0.0,0.0,0.0,0.0,0.0,0.0017006624988358883,2.8079731268079144,0.0,0.045987399024288965,0.0,0.012382631955447542,0.40819053839693936,0.0,0.0,0.0,0.0,0.0,0.0,-7.153743251621461e-08,,0.0,0.0,0.0,0.031103231625765917,0.0,0.00031103231625765915,-0.10399910264377162,0.0,0.0,-1.9075965599825855,0.0,-5.909614007157495e-06,0.0,0.0,0.0,0.0,0.0,,0.0,0.0,0.0,,0.0,0.0,0.0,0.0,0.0,0.0,0.0007358402537968084,-0.0003036297471484548,0.031103231625765917,6.260363319056949,0.0,6.220646325153184,0.0,0.0,0.0,0.0,0.029999761389757053,0.0,0.0,0.0,0.0,0.0,,0.0,-0.05326905308764654,,0.0,0.0,0.0,,0.0,-0.9953034120245093,0.0,0.0,0.0,0.0,0.0,-4.871525966038402,2.2008650000000216,0.0,-0.009520235877950497,0.0,0.0,-2.7962458594197577e-10,-12.441292650306368,,,0.0,0.0,70.45856238265644,27.379229013094513
2019-02-01,0.0,0.0,0.0,0.0,0.0,0.0,0.0,0.0,0.0,0.0,0.0,0.0,0.0,0.05598581692637865,0.0,0.0,,0.0,0.0,0.0,0.014658112090043876,0.0,0.0,0.0,0.0,-0.49796417071882837,0.0,0.0,0.0,0.0,0.0,0.0,0.0,9.953034120245093,0.6967123884171565,0.0,0.0,0.0,0.0,0.0,0.0,0.0,0.0,-0.0853161643494759,0.0,0.0,0.0,0.01761220490808995,0.0,0.0,0.0,0.0,0.031103231625765917,-31.103231625765915,0.0,0.0,,0.0,0.0,0.0,0.031103231625765917,0.0,0.0,0.0,0.0,0.0,0.0,0.0,1.8623268327579792,0.0,0.0,0.0,0.0,0.0,0.0,0.0,-1.866193897545955,3.0352417343161386,0.0,0.0,0.0,0.0,0.18700348356194352,0.0,0.0,0.0,0.0,0.0,0.0,0.0,,0.0,0.0,0.0,0.0,0.0,0.0,-0.05999948229447917,0.0,0.0,-1.5043845292525877,0.0,5.909614007157495e-06,0.0,0.0,0.0,0.0,0.0,,0.0,0.0,0.0,,0.0,0.0,0.0,0.0,0.0,0.0,0.0,-0.0003024789275489867,0.0,3.1308923428621176,0.0,29.610276507729154,0.0,0.0,0.0,0.0,0.1599987387944708,0.0,0.0,0.0,0.0,0.0,,0.0,0.0,,-0.0641102968243042,0.0,0.0,,0.0,-0.99505365308009,0.0,0.0,0.0,0.0,0.0,8.378217708547165,27.980801000000014,0.31103231625765915,0.037649460130975684,0.0,0.0,-2.589247626226938e-10,-3.069137636390788,,,0.0,0.0,46.247961205001005,44.46057671612081
2019-03-01,0.0,-0.018289944325215416,0.0,-6.842710957668502,0.0,0.0,0.0,0.0,0.0,0.0,0.0,0.0,0.0,0.015551615812882958,0.0,0.0,,0.0,0.0,0.0,-0.013107594302572205,0.003110323162576592,0.0,0.0,0.0,9.993663906016613e-13,0.0,0.0,0.0,0.0,0.0,0.0,0.0,11.19716338527573,0.0,0.0,0.0,0.0,,0.0,0.0,0.0,0.0,-0.10543995521134646,0.0,0.0,0.0,0.13299897359335056,0.0,0.0,0.0,0.0,0.09330969487729775,0.0,0.0,0.0,,0.0,0.0,0.0,0.031103231625765917,0.0,1.41393424723477,0.0,0.0,0.0,0.0,0.0,3.732390905415003,0.0,0.0,0.0,,0.0,0.0,0.0,3.110518646387357,5.385442412366621,0.0,0.0,0.0,0.0,0.4609611209604652,0.0,0.0,0.0,0.0,0.0,0.0,0.0,,0.0,0.0,0.0,0.062206463251531834,0.0,0.0,0.0969991630425207,0.0,0.0,0.5728663494137048,0.0,0.0,0.0001589088986344039,0.0,0.0,0.0,0.0,,0.0,0.0,0.0,,0.0,0.0,0.0,0.0,0.0,0.0,8.69646356573895e-05,0.001993934869828109,0.0,-3.1115187568007183,0.0,19.439519766103697,0.0,0.0,0.0,0.0,0.0899992905718604,0.0,0.0,0.0,0.0,0.0,,0.0,0.0,20.799999999999997,0.0,0.0,0.0,,0.0,0.15449877144399765,0.0,0.0,0.0,0.0,0.0,3.808632137218135,1.7939850000000206,0.0,-0.05078460890507356,-3.76971167104989e-05,0.0,-6.221438106748602e-06,7.423590063998017,,,0.0,0.0,69.67912563439218,39.756510404030884
2019-04-01,0.0,0.0,0.0,6.842710957668502,0.0,0.0,0.0,0.0,0.0,0.0,0.0,0.0,0.0,0.01866193897545955,0.0,0.0,,0.0,0.0,0.0,-0.044398724579018015,0.003110323162576592,0.0,0.0,0.0,-1.3397303062413574e-12,,0.0,0.0,0.0,0.0,0.0,0.0,14.92955118036764,0.0,0.0,0.0,,,0.0,0.0,0.0,0.0,-0.04276694348542814,0.0,0.0,0.0,0.09100183509067461,0.0,0.0,0.0,0.0,-1.6795745077913595,0.0,0.0,0.0,,0.0,-1.803987434294423,0.0,0.031103231625765917,0.0,0.0,0.0,0.0,0.0,0.0,0.0,5.596631520014952,0.0,0.0,0.0,,0.0,0.0,0.0,3.732746695281643,4.893652825728664,0.0,0.0,,0.0,-0.4609611209604652,0.0,0.0,0.0,0.0,0.0,0.0,0.006214767814375508,,0.0,0.0,0.0,0.09330969487729775,0.0,0.0,0.247997860150539,0.0,0.0,0.01605859848838258,0.0,0.0,0.0,0.0,,0.0,0.0,,0.0,0.0,0.0,,0.0,0.0,0.0,0.0,0.0,0.0,0.001102609561110228,0.009496563092906049,0.0,-1.3435221340644342e-06,-0.009330969487729775,15.147273801748002,0.0,0.0,0.0,0.0,0.09999921174653971,0.0,0.0,0.0,0.0,0.0,,0.0,0.0,,0.0,0.0,0.0,,0.0,-0.0004397996993890001,0.0,0.0,0.0,0.0019586949084010445,0.0,1.9136184883424705,2.5780449999999746,0.0,0.03389453367313648,0.0,0.0,4.3125719125927475e-10,7.77580790644148,,,0.0,0.0,60.02248739537047,40.576605890952166
2019-05-01,0.0,0.018289944325215416,-0.08746924527169173,0.0,0.0,0.0,0.0,0.0,0.0,0.0,0.0,0.0,0.0,0.024882585300612735,0.0,0.0,,0.0,0.0,0.0,0.04068931229485897,0.003110323162576592,0.0,0.0,0.0,-1.0283335323582311e-12,,0.0,0.0,0.0,0.0,0.0,0.0,15.862648129140618,0.0,0.0,0.0,,,0.0,0.0,0.0,0.0,0.0,0.0,0.0,0.0,0.07099654754129997,0.0,0.0,0.0,0.0,0.0,0.0,0.0,0.0,,0.0,0.0,0.0,0.0,0.0,1.6534786589665518,0.0,0.0,0.0,0.0,0.0,0.0,0.0,0.0,0.0,,0.0,0.0,0.0,0.6227214083543255,4.338429411215783,0.0,0.0032724332058191212,,0.0,1.01918179838885,0.0,0.0,0.0,0.0,0.0,0.0,0.0,,0.0,0.0,0.0,0.0,0.0,0.0,-0.03699968074834568,0.0,0.0,1.088939504214488,0.0,0.0,0.0,0.0,,0.0,0.0,,0.0,0.0,0.0,,0.0,0.0,0.0,0.0,0.0,0.0,6.967123867486492e-06,4.664104973406736,0.0,-6.220640717606604,0.0,6.6871947995396726,0.0,0.0,0.0,0.0,0.13999889644515198,0.0,0.0,0.0,0.0,0.0,,0.0,0.0,,0.0,0.0,0.0,,0.0,4.064284781162606,0.0,0.0,0.0,0.0,0.0,2.180672184072108,2.398448118110707,0.0,-0.007150836321513399,0.0,0.0,1.4700134208784552e-10,7.46477559018382,,,,0.0,45.99386588635349,31.552377313302813
2019-06-01,0.0,0.4976517060122549,0.0,-6.842710957668502,0.0,0.0,0.0,0.0,0.0,0.0,0.0,3.1103231636628596e-06,0.0,1.4805138253864576,0.0,0.0,,0.0,0.0,0.0,0.006553188053809405,0.0,0.0,0.0,0.0,4.573187504818472e-12,,0.0,0.0,0.0,0.0,0.0,0.0,10.264066436502752,0.0,0.0,0.0,,,0.0,0.0,0.0,0.0,-6.220646325153183e-05,0.0,0.0,0.0,0.030006842710943185,0.0,0.0,0.0,0.0,-1.119716338527573,0.0,0.0,0.031103231625765917,,0.0,-1.150819570153339,0.0,0.031103231625765917,0.0,0.0,0.0,0.0,0.0,0.0,0.0,3.1103225137126165e-07,0.0,0.0,0.0,,0.0,0.0,0.0,-16.484712761655935,4.432557245497809,0.0,0.0,,0.0,0.3989922241920939,0.0,0.0,0.0,0.0,0.0,0.0,0.0,,0.0,0.0,0.0,-0.031103231625765917,0.666081566495599,0.0,-0.021999810174486906,0.0,0.0,2.039816584243104,0.0,0.0,0.00011204068302698736,0.0,,0.0,0.0,,0.0,0.0,0.0,,0.0,0.0,0.0,0.0,0.0,0.0,0.0,94.87200737146593,0.0,7.784627298253554,0.0,16.85795154116513,0.0,0.0,0.0,0.0,0.10999913292118282,0.0,0.0,0.0,0.0,0.0,,0.0,0.0,23.72,0.0,0.0,0.0,,0.0,-2.1598706105421885,0.0,0.0,0.0,0.0,0.0,6.965164901073085,11.455528492471046,0.0,-0.006507614848963273,0.0,0.0,-2.1352586826358778e-10,-12.130260334048709,,,,0.0,141.69607684581706,126.42658290566386
2019-07-01,0.0,0.10612298217784802,0.0,6.842710957668502,0.0,0.0,0.0,0.0,0.0,0.0,0.0,0.0,0.0,0.01866193897545955,0.0,0.0,,0.0,0.0,0.0,-0.0009735046145069379,0.015551615812882958,0.0,0.0,0.0,1.2311035246542203e-13,,0.0,0.0,0.0,0.0,0.0,0.0,9.953034120245093,0.0,0.0,0.0,,,0.0,0.0,0.0,0.0,-0.02544244346987652,0.0,0.0,0.0,0.07199931572890712,0.0,0.0,0.0,0.0,0.1866193897545955,0.0,0.0,0.0,,0.0,0.0,0.0,0.062206463251531834,0.0,-2.1631288176953722,0.0,0.0,0.0,0.0,0.0,0.0,0.0,0.0,0.0,,0.0,0.0,0.0,1.2441292650306366,4.627996889676841,0.0,0.0,,0.0,0.3785398276880971,0.0,0.0,0.0,0.0,0.0,0.0,0.0,,0.0,0.0,0.0,0.12441292650306367,0.0,-0.006220646325153184,-0.1069990767584362,0.0,0.0,1.0953191813629388,0.0,0.0,0.0,0.0,,0.0,0.0,,0.0,0.0,0.0,,0.0,0.0,0.019919846972106716,0.0,0.0,0.0,0.0,0.4665484743864598,0.0,8.947760252440938e-06,-0.043544524276072284,12.19246679730024,0.0,0.0,0.0,0.0,0.10999913292118282,0.0,0.0,0.0,0.0,0.0,,0.0,0.0,,0.0,0.0,0.0,,0.0,0.0006861372864942322,0.0,0.0,0.0,0.0,0.0,4.664199754953096,8.103123824101374,0.0,1.015774141174769,0.0,0.0,4.401617443828706e-10,-22.39432677055146,,,,0.0,26.559396147481777,27.240046281608635
2019-08-01,0.0,0.0,0.0,0.0,0.0,0.0,0.0,0.0,0.0,0.0,0.0,0.0,0.0,0.1959503592423253,0.0,0.0,,0.0,0.0,0.0,-0.0020865504782747873,0.0,0.0,0.0,0.0,-2.6106636508108614e-12,,0.0,0.0,0.0,0.0,0.0,0.0,5.909614008895525,0.0,0.0,0.0,,,0.0,0.0,0.0,0.0,-0.15458306118005571,0.0,0.0,0.0,0.08399925352244561,0.0,0.0,0.0,0.0,0.12441292650306367,0.0,0.0,0.0,,0.0,0.0,0.0,0.031103231625765917,0.0,1.1133658741820134,0.0,0.0,0.0,0.0,0.0,0.0,0.0,0.0,0.0,,0.0,0.0,0.0,0.46701760442910334,-2.641864047774578,0.0,0.0,,0.0,0.4323838760847259,0.0,0.0,0.0,0.0,0.0,0.0,0.0,,0.0,0.0,0.0,0.09330969487729775,0.0,0.0,-0.10399910264375714,0.0,0.0,-2.1622004292245913,0.0,0.0,-0.4354452427607224,0.0,,0.0,0.0,,0.0,0.0,0.0,,0.0,0.0,0.0,0.0,0.0,0.0,0.0,0.0,0.0,3.1101061373067784,0.0,11.259369848527262,0.0,0.0,0.0,0.0,0.09999921022151746,0.0,0.0,0.0,0.0,0.0,,0.0,-0.2897004758794485,,0.0,0.0,0.0,,0.0,-0.00037510497023657296,0.0,0.0,0.0,0.0,0.0,7.086942850312671,10.396528347226706,0.0,3.8970779897291536,0.0,0.0,-6.220777739423391e-06,-2.177226213803614,,,,0.0,36.33369476319072,14.527119809648209
2019-09-01,0.0,0.0,0.0,0.0,0.0,0.0,0.0,0.0,0.0,0.0,0.0,0.0,0.0,0.10264066436502753,0.0,0.0,,0.0,0.0,0.0,0.01016611098625266,0.003110323162576592,0.0,0.0,0.0,3.233457198577114e-12,,0.0,0.0,0.0,0.0,0.0,0.0,5.909614008895525,0.0,0.0,0.0,,,0.0,0.0,0.0,0.0,0.0,0.0,0.0,0.0,0.07899940903858926,0.0,0.0,0.0,0.0,0.09330969487729775,0.0,0.0,-0.062206463251531834,,0.0,0.0,0.0,0.062206463251531834,0.0,0.0,0.0,0.0,0.0,0.0,0.0,0.0,0.0,0.0,0.0,,0.0,0.0,0.0,2.488258530061273,0.15070955802306377,0.0,0.0,,0.0,0.3548636745357827,0.0,0.0,0.0,0.0,0.0,0.0,0.0,,0.0,0.0,0.0,0.09330969487729775,,0.0,0.13799880927714855,0.0,0.0,1.8016151597150925,0.0,0.0,0.0,0.0,,0.0,0.0,,0.0,0.0,0.0,,0.0,0.0,-3.1551083219110315e-09,0.0,0.0,0.0,0.0,4.1989362914934265e-06,0.0,0.00300217999905863,0.0,11.414886006656092,0.0,0.0,0.0,0.0,0.09999921327156197,0.0,0.0,0.0,0.0,0.0,,0.0,0.0,5.189999999999998,0.0,0.0,0.0,,0.0,-2.0618279369324757,-0.12103729277471119,0.0,0.0,0.0,0.0,19.166358623075467,24.58610250002954,0.0,3.041028961196946,0.0,0.0,-5.0638859357355e-10,6.531678641410843,,,,0.0,79.07479072902528,17.475213772510973
2019-10-01,0.0,0.26711579733134255,0.0,0.0,0.0,0.0,0.0,0.0,0.0,0.0,0.0,0.0,0.0,-0.015551615812882958,0.0,0.0,0.0,0.0,0.0,0.0,-0.0037584314026009595,0.009330969487729775,0.0,0.0,0.0,-2.299266876927735e-12,,0.0,0.0,0.0,0.0,0.0,0.0,0.0,0.0,0.0,0.0,,,0.0,0.0,0.0,0.0,0.0,0.0,0.0,0.0,0.059999377935383125,0.0,0.0,0.0,0.0,-0.15551615812882957,0.0,0.0,0.0,,0.0,-0.27992908463189325,0.0,0.031103231625765917,0.0,0.0,0.0,0.0,0.0,0.0,0.0,7.467085938229019,9.330969424002064e-07,0.0,0.0,,0.0,0.0,0.0,2.0292727442381207,-0.11512400858449054,0.0,0.0,,0.0,0.024976268234269162,0.0,0.0,0.0,0.0,0.0,0.0,0.0014494416969930706,,0.0,0.0,0.0,0.09330969487729775,,0.0,-0.00399996548629668,0.0,0.0,1.2941103542658094,0.0,0.0,0.0,0.0,,0.09911604615719552,0.0,,0.0,0.0,0.0,,0.0,0.0,3.1551083219110315e-09,0.0,0.0,0.0,0.0,0.0,0.0,-0.00010326975707992138,0.0,10.20185997325122,0.0,0.0,0.0,0.0,9.01992889953731,0.0,0.0,0.0,0.0,0.0,,0.0,0.0,,0.0,0.0,0.0,,-1.2441292650306366,-5.287539546959994e-06,0.0,0.0,0.0,0.0,0.0,16.57391799194737,16.972546883919335,0.0,1.9566524616778014,1.244123096188128e-07,0.0,-0.0002920588262327735,6.531678641410843,,,,0.0,70.81504663128437,17.55382190289575
2019-11-01,0.0,0.04391651892631664,0.0,0.0,0.0,0.0,0.0,0.0,0.0,0.0,0.0,0.0,0.0,0.015551615812882958,0.0,0.0,0.0,0.0,0.0,0.0,0.0033186485749127585,0.0,0.0,0.0,0.0,0.9953034120231117,,0.0,0.0,0.0,0.0,0.0,0.0,0.0,-5.051169170476811,0.0,0.0,,,0.0,0.0,0.0,0.0,-6.220646325243706e-05,0.0,0.0,0.0,0.06399956455473986,0.0,0.0,0.0,0.0,-0.12441292650306367,0.0,0.0,0.0,,0.0,0.0,0.0,0.031103231625765917,0.0,1.2936469604936391,0.0,0.0,0.0005187396970545204,0.0,0.0,7.464309041709433,0.0,0.0,0.0,,0.0,0.0,0.0,3.733062735218195,4.616482286709643,0.0,0.0,,0.0,0.0,0.0,0.0,0.0,0.0,0.0,0.0,0.0,,0.0,0.0,0.0,-0.15551615812882957,,0.0,-0.0749993528680193,0.0,0.0,1.9727652017044557,0.0,0.0,0.0,0.0,,-0.09911604615719552,0.0,,0.0,0.0,0.0,,0.0,0.0,0.0,0.0,0.0,0.0,0.0,0.0,0.0,0.005719524137356255,0.0,9.424279182607073,0.0,0.0,0.0,0.0,0.13999889644514835,0.0,0.0,0.0,0.0,0.0,,0.0,0.0,,0.25011539187934123,0.0,0.0,,0.0,0.0,0.12103729277471119,0.0,0.0,0.0,0.0,10.575231751612733,13.09632568222645,0.31103231625765915,3.6349708527674705,0.0,0.0,-7.21597434313148e-05,-0.31103231625765915,,,,0.0,51.97630851115983,21.50507051102615
2019-12-01,0.0,0.31103231625765915,0.0,-6.842710957668502,0.0,0.0,0.0,0.0,0.0,0.0,0.0,0.0,0.0,-0.13063357282821686,0.0,0.0,0.0,0.0,0.0,0.0,-0.037971726260148275,0.0,0.0,0.0,0.0,3.9852678299325017,,0.0,0.0,0.0,0.0,0.0,0.0,0.0,0.0,-1.3592112221503201e-08,0.0,,,0.0,0.0,0.0,0.0,-9.330969487820298e-05,0.0,0.0,4.98502597119841,0.13199900469659956,0.0,0.0,0.0,0.0,0.09330969487729775,0.0,0.0,0.0,,0.0,0.0,0.0,0.031103231625765917,0.0,-0.9518311477498054,0.0,0.0,0.0,0.0,0.0,1.866211580392457,0.026679107959324506,0.0,0.0,,0.0,0.0,0.0,-0.00020680538707896443,3.502308388541575,0.0,0.0,,0.0,0.0,0.0,0.0,0.0,0.0,0.0,0.0,-0.00024770613666782424,,0.0,0.0,0.0,0.062206463251531834,,0.008086840222699138,0.08699924932692382,0.0,0.0,-0.02463802059033896,0.0,0.0,0.0,0.0,,0.0,0.0,,0.0,0.0,0.0,,0.0,0.0,0.0,0.0,0.0,0.0,0.0,-1.2130260584324812e-06,0.0,-2.203389946575825e-06,0.0,9.673105035613201,0.0,0.0,0.0,0.0,0.07999936939721729,0.0,0.0,0.0,0.0,0.0,,0.0,0.0,0.5400000000000063,0.09800161439307038,0.0,0.0,,0.0,-0.9330916612213911,0.0,0.0,0.0,0.0,0.0,-11.780074355628177,4.000652923105633,0.31103231625765915,1.4521846455941079,0.0,0.0,-4.2299725281336504e-05,-2.488258530061273,,,,0.0,8.055402059683765,15.041623791521175
2020-01-01,0.0,0.0,0.0,6.842710957668502,0.0,0.0,0.0,0.0,0.0,0.0,0.0,0.0,0.0,0.7371465895306523,0.0,0.0,0.0,0.0,0.0,0.0,0.04315502730238635,0.0,0.0,0.0,0.0,6.227935477662526e-13,,0.0,0.0,0.0,0.0,0.0,0.0,0.0,0.0,0.0,0.0,,,0.0,0.0,0.0,0.0,0.001586264812914967,0.0,-1.2130260334030602e-05,-1.2441292879146787e-07,0.07649933128051367,0.0,,0.0,0.0,0.062206463251531834,0.0,0.0,0.0,,0.0,0.0,0.0,0.062206463251531834,0.0,-1.0323599628761653,0.0,0.0,0.0,0.0,0.0,0.0004787247302730489,0.0,0.0,0.0,,0.0,0.0,0.0,1.6178531927467263,0.994314889116932,0.0,0.0,,0.0,0.0,0.0,0.0,0.0,0.0,0.0,0.0,6.220646349051075e-08,,0.0,0.0,0.0,0.0,,0.0,-0.04399962034929245,0.0,0.0,1.0144101894186814,0.0,0.0,0.0,0.0,,0.0,0.0,,0.0,0.0,0.0,,0.0,0.0,0.0,0.0,0.0,0.0,0.0,0.0,0.0,-1.5853997893113714,0.0,8.086840222699138,0.0,0.0,0.0,0.0,0.11999905409586215,0.0,0.0,0.0,0.0,0.0,,0.0,-1.263722745793283,,0.0,0.0,0.0,,0.0,-5.1572601163131795,0.0,0.0,0.0,0.0,0.0,-11.587667515809764,11.138775322678043,0.0,5.9182199608957395,0.0,0.0,-1.8040128905151205e-05,-2.177226213803614,,,,0.0,13.868736456627676,9.081633836546343
2020-02-01,0.0,0.0,0.0,0.0,0.0,0.0,0.0,0.0,0.0,0.0,0.0,0.0,0.0,0.003110323162576592,0.0,0.0,0.0,0.0,0.0,0.0,-0.016502686386053313,0.3483561942085783,0.0,0.0,0.0,0.015044881961682124,,0.0,0.0,0.0,0.0,0.0,0.0,0.0,0.0,0.0,0.0,,,0.0,0.0,0.0,0.0,-0.15551615812882957,0.0,0.0,0.0,0.09199931572890771,0.0,,0.0,0.0,0.062206463251531834,0.0,0.0,0.0,,0.0,0.0,0.0,0.062206463251531834,0.0,0.02999675978637625,0.0,0.0,0.0,0.0,0.0,6.842760411806782,0.0,0.0,0.0,,0.0,0.0,0.0,-1.2130260334048708,1.778832011445993,0.0,0.0,,0.0,0.0,0.0,0.0,0.0,0.0,0.0,0.0,0.0,,0.0,0.0,0.0,0.0,,0.0,-0.027999758404091246,0.0,0.0,-0.5834468601287717,0.0,0.0,0.0,0.0,,0.0,0.0,,0.0,0.0,0.0,,0.0,0.0,0.0,0.0,0.0,0.0,0.0,-4.824111222190058e-05,0.0,1.5853995917545305,0.0,10.948337532269603,0.0,0.0,0.0,0.0,0.1399988964451194,0.0,0.0,0.0,0.0,0.0,,0.0,-11.611083325557527,,0.0,0.0,0.0,,0.0,3.0183250909690202,0.0,0.0,0.0,0.0,0.007875649279959934,32.84501259680881,20.37032879222818,0.0,1.1283586221046646,0.0,0.0,-2.426058643962557e-05,-3.110323162576592,,,,0.0,62.560179110178446,19.569881714410155
2020-03-01,0.0,0.0,0.0,-4.976517060122539,0.0,0.0,0.0,0.0,0.0,0.0,0.0,0.0,0.0,-0.06531678641410843,0.0,0.0,0.0,0.0,0.0,0.0,0.003789027741843072,0.0,0.0,0.0,0.0,0.0,,0.0,0.0,0.0,0.0,0.0,0.0,0.0,0.0,0.0,0.0,,,0.0,0.0,0.0,0.0,0.0,0.0,0.0,-7.464775590183819,0.06299959565798886,0.0,,0.0,0.0,-2.20832944542938,0.0,0.0,0.0,,0.0,-2.3327423719324436,0.0,0.031103231625765917,0.0,-8.99992793117603e-07,0.0,0.0,0.0,0.0,0.0,11.198904544182154,0.0,0.0,0.0,,0.0,0.0,0.0,9.953034120245093,-7.004768156511432,0.0,0.0,,0.0,-2.5844226929177916,,0.031103231625765917,0.0,0.0,0.0,0.0,0.0,,0.0,0.0,0.0,0.062206463251531834,,0.0,0.06799941326707253,0.0,0.0,0.0,0.0,0.0,0.0,0.0,,0.0,0.0,,0.0,0.0,0.0,,0.0,0.0,0.0,0.0,0.0,0.0,0.0,0.0,0.0,0.00027442381761207807,0.0,8.957730708220584,0.0,0.0,0.0,0.0,0.13999889644514835,0.0,0.0,0.0,0.0,0.0,,0.0,-0.0003088550900445435,0.3999999999999915,-0.19886441409840142,0.0,0.0,,0.0,-0.00035053342760681236,0.0,0.0,0.0,0.0,-0.007875649279959934,26.90429535628752,27.779907546188724,0.0,1.7894036118829237,0.0,0.0,1.1196293918429547e-10,7.46477559018382,,,,0.011601505396410687,68.0148548107316,13.151867095891305
2020-04-01,0.0,0.0,0.0,4.976517060122539,0.0,0.0,0.0,0.0,0.0,0.0,0.0,0.0,0.0,-0.10264066436502753,0.0,0.0,,0.0,0.0,0.0,-0.0072697154461134434,0.0,0.0,0.0,0.0,3.1067259533921208e-12,,0.0,0.0,0.0,0.0,0.0,0.0,0.0,0.0,0.0,0.0,,,0.0,0.0,0.0,0.0,0.0,0.0,0.0,7.464775590183819,0.04599950234828472,0.0,,0.0,0.0,-0.5598581692637865,0.0,0.0,0.0,,0.0,-0.5598581692637865,0.0,0.0,0.0,0.0023721110041711115,0.0,0.0,0.0,0.0,0.0,1.8684877608783552,0.0,0.0,0.0,,0.0,0.0,0.0,-6.220646620618029e-08,-4.142858200367075,0.0,0.0,,0.0,0.0,,0.0,0.0,0.0,0.0,0.0,6.220646349051075e-08,,0.0,0.0,0.0,0.0,,0.0,-0.024999784289441152,0.0,0.0,0.02141292650306503,0.0,0.0,0.0,0.0,,0.0,0.0,,0.0,0.0,0.0,,0.0,0.0,0.0,0.0,0.0,0.0,0.0,1.1881434458795815e-05,0.0,-8.711867883288395e-12,0.0,-0.43544524276072283,0.0,0.0,0.0,0.0,0.1499988176197625,0.0,0.0,0.0,-0.1977194488507356,0.0,,0.0,0.0,,0.0,0.0,0.0,,0.0,-0.002140835441323746,0.0,0.0,0.0,0.0019769214021336094,0.0,32.84501259680881,16.415291778128505,0.0,0.3906479094479163,0.0,0.0,-4.943299034325152e-10,-2.177226213803614,,,,0.0,55.97248841153026,-2.709803800814984
2020-05-01,3.1103231625765914e-05,0.0,0.0,0.0,0.0,0.0,0.0,0.0,0.0,0.0,0.0,0.0,0.0,-0.062206463251531834,0.0,0.0,,0.0,0.0,0.0,0.00708922729803095,0.0,0.0,0.0,0.0,-6.524848680667368e-12,,0.0,0.0,0.0,0.0,0.0,0.0,0.0,-0.9206556872259024,0.0,0.0,,,0.0,0.0,0.0,0.0,0.0,0.0,0.0,0.0,0.0609993468321486,0.0,,0.0,0.0,-0.12441292650306367,0.0,0.0,0.0,,0.0,0.0,0.0,0.031103231625765917,0.0,0.0,0.0,0.0,0.0,0.0,0.0,2.7994401418306434,0.0,0.0,0.0,,0.0,0.0,0.0,1.8661939597524213,-4.412445958135016,0.0,0.0,,0.0,0.0,,0.0,0.0,0.0,0.0,0.0,0.0,,0.0,0.0,0.0,-0.15551615812882957,,0.0,-0.016999853316529152,0.0,0.0,-3.3426494976828085,0.0,0.0,0.0,0.0,,0.0,0.0,,0.0,0.0,0.0,,0.0,0.0,0.0,0.0,0.0,0.0,0.0,0.00371624521789714,0.0,0.009495784947592158,0.0,0.5287549376380206,0.0,0.0,0.0,0.0,0.17499862055643908,0.0,0.0,0.0,0.0,0.0,,0.0,0.0,,0.0,0.0,0.0,,0.31103231625765915,9.765547664683625e-12,0.0,0.0,0.0,0.0,0.062206463251531834,27.58856645205437,13.802238622559685,0.0,-0.2055143389670585,0.0,0.0,5.750931659046057e-10,6.842710957668502,,,,0.0,44.84817652808993,-1.0805346334484547
2020-06-01,3.1103231625765914e-05,0.0,0.0,0.0,0.0,0.0,0.0,0.0,0.0,0.0,0.0,0.0,0.0,-0.009330969487729775,0.0,0.0,,0.0,0.0,0.0,0.008920638151628918,0.0,0.0,0.0,0.0,0.9953034120301,,0.0,0.0,0.0,0.0,0.0,0.0,0.0,-8.811009921930888,0.0,0.0,,,0.0,0.0,0.0,0.0,1.2130260334048708,0.0,0.0,1.868576436191721,0.029017137880616526,0.0,,0.0,0.0,-0.5287549376380206,0.0,0.0,0.062206463251531834,,0.0,-0.6531678641410843,0.0,0.062206463251531834,0.0,-0.15482076019756794,0.0,0.0,0.0,0.0,0.0,3.7323955708999326,0.0,0.0,0.0,,0.0,0.0,0.0,-3.88790395322074,5.785755186463858,0.0,0.0,,0.0,0.0,,0.0,0.0,0.0,0.0,0.0,0.0,,0.0,0.0,0.0,0.0,,0.0,-0.017999844688508862,0.0,0.0,-2.3408706416596665,0.0,0.0,0.0,0.0,,0.0,0.0,,0.0,0.0,0.0,,0.0,0.0,0.004984958477184807,0.0,0.0,0.0,-2.1492333042280867e-05,0.0,0.0,3.1104249468053826,0.0,0.6220646325153183,,0.0,0.0,0.0,0.2349981476044317,0.0,0.0,0.0,0.0,0.0,,0.0,0.0,0.20000000000000284,0.0,0.0,0.0,,0.0,-4.942518562214737e-12,0.0,0.0,0.0,0.0,0.0,25.193617616870394,1.344355988182656,0.0,0.00831015597057659,0.0,0.0,-2.6129421258428757e-10,-0.5598581692637865,,,,0.0,27.51245633635609,10.140215389879108
2020-07-01,3.1103231625765914e-05,0.0,0.0,0.0,0.0,0.0,0.0,0.0,0.0,0.0,0.0,0.0,0.0,0.2239432677055146,0.0,0.0,,0.0,0.0,0.0,-0.01891015755254967,0.0,0.0,0.0,0.0,0.995303412021714,,0.0,0.0,0.0,0.0,0.0,0.0,0.0,0.0,0.0,0.0,,,0.0,0.0,0.0,0.0,0.0,0.0,0.0,0.0,0.12399863145781367,0.0,,0.0,0.0,-0.4665484743864888,0.0,0.0,0.0,,0.0,-0.49765170601225467,0.0,0.031103231625765917,0.0,0.0,0.0,0.0,0.0,0.0,0.0,2.798805723709913,0.0,0.0,0.0,,0.0,0.0,0.0,-3.8098313582781262,1.906883580604073,0.0,0.0,,0.0,0.0,,0.0,0.0,0.0,0.0,0.0,0.00028515442754518125,,0.0,0.0,0.0,0.0,,0.0,-0.023999792917794565,0.0,0.0,-6.146825573077042,0.0,0.0,0.0,0.0,,0.0,0.0,,0.0,0.0,0.0,,0.0,0.0,0.0,,0.0,0.0,-1.2410189396202099e-05,-7.775808022310046e-07,0.0,3.110208850111045,0.0,-0.4665484743864888,,0.0,0.0,0.0,0.18999850231842907,0.0,0.0,0.0,-0.3624602034151348,0.0,,0.0,0.0,,0.0,0.0,0.0,,0.0,-7.042880781308983,0.0,0.0,0.0,0.0,0.0,6.469472178159311,12.380295145761636,0.31103231625765915,4.951475700301078,0.0,0.0,-0.0001984385394370209,-11.570402164784921,,,,0.0,3.086566485263708,4.239140052346695
2020-08-01,0.0,0.0,0.0,0.0,0.0,0.0,0.0,0.0,0.0,0.0,0.0,0.0,,-0.1119716338527573,0.0,0.0,,0.0,0.0,0.0,-0.22296750877922925,0.0,0.0,0.0,0.5038723523374079,3.729519501158373e-12,,0.0,0.0,0.0,0.0,0.0,0.0,0.0,0.0,1.3592112221503201e-08,0.0,,,0.0,0.0,0.0,0.0,-0.1866193897545955,0.0,0.0,0.0,0.0,0.0,,0.0,0.0,-0.27992908463189325,0.0,0.0,0.0,,0.0,0.0,0.0,0.031103231625765917,0.0,-0.45819633077033367,0.0,0.0,0.0,0.0,0.0,4.043427177288468,0.0,0.0,0.0,,0.0,0.0,0.0,8.708904855214456,1.2871348325090477,0.0,0.0,,0.0,4.959274423812632,,0.0,0.0,0.0,0.0,0.0,-0.008535908680912686,,0.0,0.0,0.0,-0.31103231625765915,,0.0,-0.0029999741146500922,0.0,0.0,1.340420142452799,0.0,0.0,0.0,0.0,,0.0,0.0,,0.0,0.0,0.0,,0.0,0.0,0.0,,0.0,0.0,-7.775809026157828,0.0084679792230327,0.0,1.5560053439597543,0.0,-0.062206463251531834,,0.0,0.0,0.0,0.1799985811436701,0.0,0.0,0.0,-0.1875524867033685,0.0,,0.0,0.0,,0.0,0.0,0.0,,0.9330969487729776,-2.157001337432801,0.0,0.0,0.0,0.0,0.0,-2.6437746881901028,-24.996701445586723,0.0,2.4144492085639655,0.0,0.0,-0.00010326274557900182,-31.725296258281237,,,,0.0,-45.164542024691386,5.276823525769016
2020-09-01,0.0,0.0,0.0,0.0,0.0,0.0,0.0,0.0,0.0,0.0,0.0,0.0,,-0.021772262138036142,0.0,0.0,,0.0,0.0,0.0,0.02607976023343013,0.0,0.0,0.0,0.4914310596871015,2.9870231097042055,,0.0,0.0,0.0,0.0,0.0,0.0,0.0,0.0,0.0,0.0,,,0.0,0.0,0.0,0.0,0.0,0.0,0.0,7.46477559018382,0.06999968896768548,0.0,,0.0,0.0,0.15551615812882957,0.0,0.0,0.031103231625765917,,0.0,0.0,0.0,0.031103231625765917,0.0,1.0480916068973902,0.0,0.0,0.0,0.0,0.0,0.0,0.0,0.1482272713134831,0.0,,0.0,0.0,0.0,4.4477621224845265,1.6612099468134953,0.0,-0.00319028957108632,,0.0,0.0,,0.0,0.0,0.0,0.0,0.0,-6.220646349051075e-08,,0.0,0.0,0.0,0.062206463251531834,,0.0,-0.03799967211967362,0.0,0.0,2.4425115859537807,0.0,0.0,0.0011354303132088356,0.0,,0.0,0.0,,0.0,0.0,0.0,,0.0,0.0,0.0,,0.0,0.0,0.9762366333861852,0.0,0.031103231625765917,1.5561139957600083,0.0,-0.6842710957668502,,0.0,0.0,0.0,0.18499854173120167,0.0,0.0,0.0,0.0,0.0,,0.0,0.0,0.0,0.0,0.0,0.0,,0.0,2.818876240245281,0.0,0.0,0.0,0.0,0.0,0.21772262138036141,-22.155245866110135,0.0,1.3361487205738523,0.0,0.0,-2.4882616836797677e-05,8.397872538956797,,,,0.0,13.684744650314391,0.9769388510466451
2020-10-01,0.0,0.0,0.0,0.0,0.0,0.0,0.0,0.0,0.0,0.0,0.0,0.0,,-0.059096140088955244,0.0,0.0,,0.0,0.0,0.0,0.2157618486600413,0.0,0.0,0.0,0.0,-6.524848680667368e-12,,0.0,0.0,0.0,0.0,0.0,0.0,0.0,0.0,0.0,0.0,,,0.0,0.0,0.0,0.0,0.0,0.0,0.0,0.0,0.10999937793536285,0.0,,0.0,-0.2488378899567665,0.031103231625765917,0.0,0.0,-0.031103231625765917,,0.0,0.0,0.0,0.031103231625765917,0.0,0.8477728683905013,0.0,0.0,0.0,0.0,0.0,1.8661942030729433,0.0,0.0,0.0,,0.0,0.0,0.0,-0.6220646325153183,1.290728002239447,0.0,-4.5099685863154005e-06,,0.0,0.0,,0.0,0.0,0.0,0.0,0.031103231625765917,4.873876395788659e-05,,0.0,0.0,0.0,0.0,,-0.00373238779509191,0.0779993269826694,0.0,0.0,-2.5142514074212308,0.0,0.0,0.0,0.0,,0.0,0.0,,0.0,0.0,0.0,,0.0,0.0,0.0,,0.0,0.0,0.14433790550838255,0.0,0.0,2.0311973144126103,0.0,-0.12441292650306367,,0.0,0.0,0.0,0.18799851808341864,0.0,0.0,0.0,0.0,0.0,,0.0,0.0,,0.0,0.0,0.0,,0.0,-0.0010447575513675743,0.0,0.0,0.0,0.0,0.0,7.433672358558054,-10.545954556034587,0.0,6.163303759955831,0.0,0.0,-1.8039961601491926e-05,8.397872538956797,,,,0.0,14.709675976968455,3.032509278809327
2020-11-01,0.0,0.0,0.0,0.0,0.0,0.0,0.0,0.0,0.0,0.0,0.0,0.0,,0.7526982053435352,0.0,0.0,,0.0,0.0,0.0,0.002156203092562974,0.0,0.0,0.0,0.0,0.9953064290382833,,0.0,0.0,0.0,0.0,0.0,0.0,0.0,0.0,0.0,0.0,,,0.0,0.0,0.0,0.0,0.0,0.0,0.0,0.0,0.05500108861311675,0.0,,0.0,0.0,0.12441292650306367,0.0,0.0,0.031103231625765917,,0.0,0.0,0.0,0.0,0.0,0.0,0.0,0.0,0.0,0.0,0.0,2.7992920593480037,0.0,0.0,0.0,,0.0,0.0,0.0,0.0008695841497890502,1.7196668221828078,0.0,0.0,,0.0,0.0,,0.0,0.0,0.0,0.0,0.0,-3.110323129264379e-08,,0.0,0.0,0.0,0.09330969487729775,,0.0,-0.02099981880314447,0.0,0.0,-2.3638239868122297,0.0,0.0,0.0,0.0,,0.0,0.0,,0.0,0.0,0.0,,0.0,0.0,0.0,,0.0,0.0,-3.359357562750743,0.0,0.0,3.1182943452551983,0.0,0.0,,0.0,0.0,0.0,3.166975036012567,0.0,0.0,0.0,0.0,0.031103231625780402,,0.0,0.0,,0.0,0.0,0.0,,0.0,3.0663861155025964,0.0,0.0,0.0,0.0,0.0,-10.326272899754285,-26.427326460061977,0.6220646325153183,5.03879194752605,0.0,0.0,-1.8039768307050564e-05,8.397872538956797,,,,0.0,-12.482494706885381,4.5189588815308115
2020-12-01,0.0,0.0,0.0,0.0,0.0,0.0,0.0,0.0,0.0,0.0,0.0,0.0,,-0.012441292650306367,0.0,0.0,,0.0,0.0,0.0,-0.009696533992254813,0.0,0.0,0.0,0.0,3.981213648097422,,0.0,0.0,0.0,0.0,0.0,0.0,0.0,0.0,0.0,0.0,,,0.0,0.0,0.0,0.0,0.6220646325153183,0.0,0.0,0.0,0.19099685857359827,0.0,,0.0,0.0,0.0,0.0,0.0,0.09330969487729775,,0.0,0.0,0.0,0.031103231625765917,0.0,0.0,0.0,0.0,0.0,0.0,0.0,3.7325220988430567,0.0,0.0,0.0,,0.0,0.0,0.0,0.6072363845603553,1.5143093527417661,0.0,0.0,,0.0,0.0,,0.0,0.0,0.0,0.0,0.0,-4.926751889529287e-05,,0.0,0.0,0.0,-0.12441292650306367,,0.0,0.06299945640912927,0.0,0.0,-2.3327423719324436,0.0,0.0,0.0,0.0,,0.0,0.0,,0.0,0.0,0.0,,0.0,0.0,0.0,,0.0,0.0,0.872248017168975,0.003771857796034972,0.0,-5.284183971533557e-07,0.0,0.0,,0.0,0.0,0.0,0.1799985811439815,0.0,0.0,0.0,0.0,0.0,,0.0,0.0,0.0,-2.774977499367054e-09,0.0,0.0,,0.0,-0.00020092686432518646,0.0,0.0,0.0,0.0,0.0,28.210631084569687,-3.495993635415118,0.0,6.179244468456965,0.0,0.0,-1.298326670963157e-10,8.397872538956797,,,,0.0,48.703984420136536,5.250603309380858
2021-01-01,0.0,0.0,0.0,-3.110322224041199e-08,0.0,0.0,0.0,0.0,0.0,0.0,0.0,0.0,,-0.027992908463189324,0.0,0.0,0.0,0.0,0.0,0.0,-0.013461901956829007,0.0,0.0,0.0,0.0,0.0005134210459957387,,0.0,0.0,0.0,0.0,0.0,0.0,0.0,0.0,0.0,0.0,,,0.0,0.0,0.0,0.0,0.0,0.0,0.0,0.0,0.1119990046965845,0.0,,0.0,0.0,0.031103231625765917,0.0,0.0,0.031103231625765917,,0.0,0.0,0.0,0.0,0.0,0.0,0.0,0.0,0.0,0.0,0.0,0.0,0.0008715125501545404,-0.15551615812882957,0.0,,0.0,0.0,0.0,0.6220646325153183,2.8406896208515517,0.0,0.0,,0.0,0.0,,0.0,0.0,0.0,0.0,0.0,0.0,,0.0,0.0,0.0,0.0,,0.0,-0.09199920618456293,0.0,0.0,0.03215613822275996,0.0,0.0,0.0,0.0,,0.0,0.0,,0.0,0.0,0.0,,0.0,0.0,0.0,,0.0,0.0,-9.3309731579111,0.0,0.0,-9.14205159131192e-07,0.0,-3.110323162576592,,0.0,0.0,0.0,0.09799922751142426,0.0,0.0,0.0,0.07775807906441479,0.0,,0.0,0.0,,0.0,0.0,0.0,,0.0,-11.884850548985414,0.0,0.0,0.0,0.0,0.0,-3.390252247208485,-2.9152921668680847,0.0,-6.854794305461724,0.0,0.0,-1.8107213213265104e-10,8.086840222699138,,,,0.0,-25.842358386825392,-0.26963354172504017
2021-02-01,3.1103231625765914e-05,0.0,0.0,0.0,0.0,0.0,0.0,0.0,0.0,0.0,0.0,0.0,,-0.003110323162576592,0.0,0.0,0.062206463251531834,0.0,0.0,3.1103231640249486e-05,0.021163847841093503,0.0,0.0,0.0,0.0,3.4524652435933e-06,,0.0,0.0,0.0,0.0,0.0,0.0,0.0,0.5349805604802331,0.0,0.0,,,0.0,0.0,0.0,0.0,0.0,0.0,0.0,0.0,0.0499070013374407,0.0,,0.0,0.0,-0.15551615812882957,0.0,0.0,0.031103231625765917,,0.0,0.0,0.0,0.0,0.0,0.0,0.0,0.0,0.0,0.0,0.0,11.198762775655469,0.0,0.0,0.0,,0.0,0.0,0.0,2.239512145811948,1.6209382911885273,0.0,0.0,,0.0,0.0,,0.0,0.0,0.0,0.0,0.0,-4.64371248168847e-05,,0.0,0.0,0.0,-0.1866193897545955,,0.0,-0.07599934423968037,0.0,0.0,0.019984386177725112,0.0,0.0,0.0,0.0,,0.0,0.0,,0.0,0.0,0.0,,0.0,0.0,0.0,,0.0,0.0,-15.551643463655859,0.0,0.0,4.100480858259841e-06,0.0,0.0,,0.0,0.0,0.0,0.11299910927374014,0.0,0.0,0.0,0.015551615812882958,0.0,,0.0,0.0,,0.0,0.0,0.0,,0.0,-4.976516945064154e-05,0.0,0.0,0.0,0.0,0.0,-6.251749556778949,16.178426026474995,0.0,0.18497343849864387,0.0,0.0,-1.803970000248787e-05,7.153743273926161,,,,0.0,17.199569449050763,12.819701066843997
2021-03-01,0.0,0.0,0.0,0.0,0.0,0.0,0.0,0.0,0.0,0.0,0.0,0.0,,0.027992908463189324,0.0,0.0,0.0,0.0,0.0,0.0,-0.018292079591117207,0.0,0.0,0.0,0.0,4.9765170601191215,,0.0,0.0,0.0,0.0,0.0,0.0,0.0,0.0,0.0,0.0,,,0.0,0.0,0.0,0.0,0.27992908463189325,0.0,0.0,0.0,0.0,0.0,,0.0,0.0,0.0,0.0,0.0,0.031103231625765917,,0.0,0.0,0.0,0.0,0.0,0.0,0.0,0.0,0.0,62.98404404217598,0.0,7.467378121968296,0.0,0.0,0.0,,0.0,0.0,80.75769298484026,-0.061861901651582236,3.5296366831513626,0.0,0.0,,0.0,0.0,,0.0,0.0,0.0,0.0,-0.031103231625765917,0.0,,0.0,0.0,0.0,0.0,,0.0,-0.025999775661102224,0.0,0.0,2.36325103418245,0.0,0.0,0.0,0.0,,0.0,0.0,,0.0,0.0,0.0,,0.0,0.0,0.0,,0.0,0.0,0.15161466206336197,2.4229417439484233e-05,0.0,-1.3650909736731653e-06,-0.009330969487729775,0.0,,0.0,0.0,0.0,0.17599861267395334,0.0,0.0,0.0,0.04665484743864887,0.0,,0.0,0.0,0.0,0.0,0.0,0.0,,0.0,-0.0006102453897080725,0.0,0.0,0.0,0.0,0.0,7.278156200429224,-8.052067354982853,0.31103231625765915,3.2422212338602274,0.0,0.0,-6.2204155861351816e-06,8.086840222699138,,,0.06531678641410843,0.01070584676093279,173.58683696527663,10.997039034537098
2021-04-01,0.0,0.0,0.0,0.0,0.0,0.0,0.0,0.0,0.0,0.0,0.0,0.0,,0.0,0.0,0.0,0.0,0.0,0.0,0.0,0.026175189829990838,0.0,0.0,0.0,0.0,-3.729519501158373e-12,,0.0,0.0,0.0,0.0,0.0,0.0,0.0,0.0,0.0,0.0,,,0.0,0.0,0.0,0.0,-0.21772262138036141,0.0,0.0,0.0,0.09994463624771541,0.0,,0.0,0.0,-1.1819228017791048,0.0,0.0,0.0,,0.0,-1.3063357282821686,0.0,0.031103231625765917,0.0,0.0,0.0,0.0,0.0052486391832540485,0.0,0.0,-8.778886262456395e-08,0.0,0.15551615812882957,0.0,,0.0,0.0,0.0,-3.1725296258281164,4.597224098783863,0.0,0.0,,0.0,3.8348712015178417,,0.0,0.0,0.0,0.0,0.0,0.0,,0.0,0.0,0.0,0.09330969487729775,,0.0,-0.011999896458904523,0.0,0.0,0.05064663618550047,0.0,0.0,0.0,,,0.0,0.0,,0.0,0.0,0.0,,0.0,0.0,0.009969920375736659,,0.0,0.0,-0.23274974339831336,1.909738422007417e-05,0.0,0.005325193769713564,0.009330969487729775,-3.110323162576592,,0.0,0.0,0.0,0.09999921174644558,0.0,0.0,0.0,-0.04665484743864887,0.0,,0.0,0.0,,0.0,0.0,0.0,,0.0,-0.0017955895616899372,43.54452427607228,0.0,0.0,0.001378339709495889,0.0,3.4835619420857826,6.540267313045433,0.0,1.2094875931012978,0.0,0.0,-1.841258459535707e-10,8.397872538956797,,,0.06531678641410843,0.00017766392302727006,62.97923622777151,1.486919945802628
2021-05-01,0.0,0.0,0.0,0.0,0.0,0.0,0.0,0.0,0.0,0.0,0.0,0.0,,0.059096140088955244,0.0,0.0,0.12441292650306367,0.0,0.0,11.943609965348818,-0.020390820594662767,0.0,0.0,0.0,0.0,2.8025709649481367e-12,,0.0,0.0,0.0,0.0,0.0,0.0,0.0,0.0,0.0,0.0,,,0.0,0.0,0.0,0.0,-0.15551615812882957,0.0,0.0,0.0,0.06699947124505078,0.0,,0.0,0.0,-1.928400360797487,0.0,0.0,0.031103231625765917,,0.0,-2.0217100556747845,0.0,0.0,0.0,0.0,0.0,0.0,0.0,0.0,0.0,0.9330970365618402,-0.0003421355478834251,0.0,0.0,,0.0,0.0,0.0,-1.508506733849647,5.337302852166335,0.0,0.0,,0.0,-4.478990171378811,,0.0,0.0,0.0,0.0,0.0,0.0,,0.0,0.0,0.0,0.062206463251531834,,0.0,-0.01099990508722897,0.0,0.0,-0.7083468943423236,0.0,0.0,0.0,,,0.0,0.0,,0.0,0.0,0.0,,0.0,0.0,0.0,,0.0,0.0,-2.205731112562628,1.866193897545955,0.0,0.0015647475104924998,0.0,0.0,,0.0,0.0,0.0,0.12599900680071607,16.422506298404404,0.0,0.0,-0.09330969487729775,0.0,,0.0,0.0,,0.0,0.0,0.0,,0.0,3.2301595595787194,46.65484743864887,0.0,0.0,0.0,0.0,4.789897670367951,8.62109193313131,0.0,0.21353283953314567,0.0,-3.1102831183998274e-08,4.2200957269461164e-10,-11.508195701533388,,,0.06531678641410843,0.0,75.90849848967405,24.559100084678533
2021-06-01,,0.0,0.0,0.0,0.0,0.0,0.0,0.0,0.0,0.0,0.0,0.0,,0.006220646325153184,0.0,0.0,0.4230039682857578,0.0,0.0,41.80274330499175,0.005675932826754284,0.0,0.0,0.0,0.0,-6.227935477662526e-13,,0.0,0.0,0.0,0.0,0.0,0.0,0.0,0.0,0.0,0.0,,,0.0,0.0,0.0,0.0,0.4665484743864888,0.0,0.0,0.0,0.02801157040216768,0.0,,0.0,,0.031103231625765917,0.0,0.0,0.0,,0.0,0.0,0.0,0.031103231625765917,0.0,,0.0,0.0,0.0,0.0,0.0,7.509999999999991,0.0,0.0,0.0,,0.0,0.0,0.0,2.877048925383347,-19.839259276538844,0.0,0.0,,0.0,-8.502796864794249,,0.0,0.0,0.0,0.0,0.0,5.598581686989272e-07,,0.0,0.0,0.0,0.0,,0.0,0.2159981362601366,0.0,0.0,3.244564399241083,0.0,0.0,0.0,,,0.0,0.0,,0.0,0.0,0.0,,0.0,0.0,0.0,,0.0,0.0,-5.468925165624699,1.2441292650306366,0.0,3.1103261020400623,0.0,0.0,,0.0,0.0,0.0,0.16299871514665154,9.921930888619327,0.0,0.0,0.16795745077913596,0.0,,0.0,0.0,0.0,0.0,0.0,0.0,,0.0,-3.9812143479224566e-05,0.0,0.0,0.0,0.0,0.0,-9.890827656993562,-8.343636102224934,0.0,-0.3408434495166569,0.0,0.0,-0.007363036562730549,5.2875493763802055,,,0.06531678641410843,0.0,24.208539601222682,-1.1631991228888872
2021-07-01,,0.0,0.0,0.0,0.0,0.0,0.0,0.0,0.0,0.0,0.0,0.0,,-0.01866193897545955,0.0,0.0,0.09953034120245094,0.0,0.0,8.543497869579191,0.003024575239308938,0.0,0.0,0.0,0.0,3.113967738831263e-13,,0.0,0.0,0.0,0.0,0.0,0.0,0.0,0.0,0.0,0.0,,,0.0,0.0,0.0,0.0,0.0,0.0,0.0,0.0,0.0497614382134269,0.0,,0.0,,-0.031103231625765917,0.0,0.0,0.062206463251531834,,0.0,-0.031103231625765917,0.0,0.0,0.0,,0.0,0.0,1.136386628755111e-10,0.0,0.0,7.464973614419414,0.0,0.0,0.0,,0.0,0.0,0.0,1.5893751360766384,1.4506372119062856,-0.001227955584585239,0.0,,0.0,0.0,,0.0,0.0,0.0,0.0,0.0,0.0,,0.0,0.0,0.0,-0.062206463251531834,,0.0,-0.023999792917794565,0.0,0.0,1.1127940344001757,0.0,0.0,0.0,,,0.0,0.0,,0.0,0.0,0.0,,0.0,0.0,0.0,,0.0,0.0,0.6697837392305116,-1.866193897545955,0.0,-2.175832762908157,-0.006220646325153184,3.110323162576592,,0.0,0.0,0.0,0.2649979111284298,0.0,0.0,0.0,0.4478865354110292,0.0,,0.0,0.0,,0.0,0.0,0.0,,0.0,-1.990606708948081e-05,0.0,0.0,0.0,0.0,0.0,-1.3374389599079344,5.034789951573771,0.0,-0.1580150426223105,0.0,6.220649662167914e-07,0.007356815507125445,8.397872538956797,,,,0.0,32.596788131494094,10.159740091356335
2021-08-01,,0.0,0.0,0.0,0.0,0.0,0.0,0.0,0.0,0.0,0.0,0.0,,1.1228266616901497,0.0,0.0,0.062206463251531834,0.0,0.0,-9.644609847849945e-11,-0.000322241700196164,0.003110323162576592,0.0,0.0,0.0,4.048158060480642e-12,,0.0,0.0,0.0,0.0,0.0,0.0,0.0,0.0,0.0,0.0,,,0.0,0.0,0.0,0.0,-0.09330969487729775,0.0,0.0,0.0,0.09517153432242653,0.0,,0.0,,0.031103231625765917,0.0,0.0,0.0,,0.0,0.0,0.0,0.031103231625765917,0.0,,0.0,0.0,-5.461415119508793e-11,0.0,0.0,13.997049961830145,0.0,0.0,0.0,,0.0,,0.0,-0.13685421915337004,5.2731248794750325,0.0,0.0,,0.0,-1.6894114957544089,,0.0,0.0,0.0,0.0,0.0,0.0,,0.0,0.0,0.0,0.0,,0.0,-0.061999465037786826,0.0,0.0,-0.38620584118690054,0.0,0.0,0.0,,,0.0,0.0,,0.0,0.0,0.0,,0.0,0.0,0.0,,0.0,,0.16446670399052563,0.31103231625765915,0.0,-0.9330625659596864,0.0,0.0,,0.0,0.0,0.0,0.13799891221019223,0.0,0.0,0.0,0.1586264812914062,0.0,,0.0,0.0,,0.0,0.0,0.0,,0.0,-4.9765177138023095e-06,0.0,0.0,0.0,0.0,0.0,-7.838014369693011,2.7860698067081557,0.0,0.29956879020714305,0.0,-6.220649662167914e-07,1.310497255175694e-10,8.708904855214456,,,,0.0,22.04317866090163,19.581207157562837
2021-09-01,,0.0,0.0,0.0,0.0,0.0,0.0,0.0,0.0,0.0,0.0,0.0,,1.6609125688158999,0.0,0.0,0.0,0.0,0.0,-1.7394768624820217e-11,-0.01370502936014401,0.0,0.0,0.0,0.0,-7.46628078775589e-12,,0.0,0.0,0.0,0.0,0.0,0.0,0.0,6.220646349051075e-08,0.0,0.0,,,0.0,0.0,0.0,0.0,0.40434201113495694,0.0,0.0,0.0,0.0,0.0,,0.0,,0.9953034120245093,0.0,0.0,-0.031103231625765917,,0.0,0.0,0.0,0.0,0.0,,0.0,-0.013281142110665311,-5.984204136476387e-12,0.0,0.0,18.662008081328793,0.0,0.0,1.0264066436502752,,0.0,,0.0,0.001050262822307006,4.550078100214575,0.0,0.0,,0.0,4.6019045130789085,,0.0,0.0,0.0,0.0,0.0,0.0,,0.0,0.0,0.0,0.0,,0.0,-0.04499961172063488,0.0,0.0,-0.8516662001181917,0.0,0.0,0.0,,,0.0,0.0,,0.0,0.0,0.0,,0.0,0.0,0.0,,0.0,,0.027756617212526296,1.555161581288296,0.0,1.5564472724210752,0.0,3.110323162576592,,0.0,0.0,0.0,0.09999921174644558,0.0,0.0,0.0,0.08086840222699139,0.0,,0.0,0.0,0.0,0.0,0.0,0.0,,0.0,-0.004056172443158824,0.0,0.0,0.0,0.0,0.0,-15.302789959876831,-21.114551980431372,0.0,-0.5526721694018883,0.0,0.012442847811331486,-6.2210520817350515e-06,8.397872538956797,,,,0.0,8.814045571345162,27.877570925408257
2021-10-01,,0.0,0.0,0.0,0.0,0.0,0.0,0.0,0.0,0.0,0.0,0.0,,0.457217504898759,0.0,0.0,0.07464775590183831,0.0,0.0,6.375667900621033e-11,0.02552856642714019,0.0,0.0,0.0,0.0,3.729519501158373e-12,,0.0,0.0,0.0,0.0,0.0,0.0,0.0,0.0,0.0,0.0,,,0.0,0.0,0.0,0.0,0.0,0.0,0.0,0.0,0.08318186059531238,0.0,,0.0,,0.9019937171472115,0.0,-0.12441292650306367,0.0,,0.0,0.0,0.0,0.031103231625765917,0.0,,0.0,-0.0020563279524744124,0.0,0.0,0.0,3.7323877950917943,0.0,0.0,0.9953034120245093,,0.0,,0.0,0.0,5.64918126963396,0.0,0.0,,0.0,0.0,,0.0,0.0,0.0,0.0,0.0,0.0,,0.0,0.0,0.0,0.0,,0.0,-0.002999974114968731,0.0,0.0,-0.31071599639202746,0.0,0.0,1.2441292650306366,,,0.9330969487729776,0.0,,0.0,0.0,0.0,,0.0,0.0,0.0,,0.0,,1.480628658517643,-2.7992908463189323,0.0,-1.5518301126901224,-0.003110323162576592,3.110323162576592,,0.0,0.0,0.0,0.12499901468320904,0.0,0.0,0.0,-0.32658393207054215,0.0,,0.0,0.0,,0.0,0.0,0.0,,0.0,-0.000751143034275327,0.0,0.0,0.0,0.0,0.0,3.9501104164722713,-2.282233921518184,0.0,1.0501903460912612,0.0,0.0,-0.00011725824335323579,-8.397872538956797,,,,0.0,8.04204762460105,9.692601380983414
2021-11-01,,0.0,0.0,0.0,0.0,0.0,0.0,0.0,0.0,0.0,0.0,0.0,,0.003110323162576592,0.0,0.0,-0.13063357282821697,0.0,0.0,2.2072962018506255e-11,-0.005388388399956241,0.0,0.0,0.0,0.0,-1.5569838694156315e-12,,0.0,0.0,0.0,0.0,0.0,0.0,0.0,0.0,0.0,0.0,,,0.0,0.0,0.0,0.0,0.0,0.0,0.0,0.0,0.050999657864450376,0.0,,0.0,,0.8086840222699139,0.0,0.0,0.031103231625765917,,0.0,0.0,0.0,0.031103231625765917,0.0,,0.0,0.0463929893315915,0.0,0.0,0.0,2.7992914116885976,0.0,0.0,0.746477559018382,,0.0,,0.0,1.6173680445398204,4.32264277938474,0.0,0.0,,0.0,-1.4400089888339396,,0.0,0.0,0.0,0.0,0.0,2.139902335836039e-05,,0.0,0.0,0.0,0.0,,0.0,-0.0979991544141528,0.0,0.0,-2.7457684675437775,0.0,0.0,-1.2441292650306366,,,0.6220646325153183,0.0,,0.0,0.0,0.0,,0.0,0.0,0.0,,0.0,,-0.659780348978266,3.4213554788342218,0.0,0.0012758914624806884,0.0,-3.110323162576592,,0.0,0.0,0.0,0.16299871514696293,0.0,0.0,0.0,-0.31414263942023574,0.0,,0.0,0.0,,0.0,0.0,0.0,,0.0,-3.981212917217221e-05,0.0,0.0,0.0,0.0,0.0,-10.917234300643837,-7.840995757395945,0.31103231625765915,-0.7296534565260799,0.0,0.0,-5.580025664123416e-10,-21.46122982177848,,,,0.0,-35.721405453285165,7.432966507330967
2021-12-01,,0.0,0.0,-6.967123884171565,0.0,0.0,0.0,0.0,0.0,0.0,0.0,0.0,,0.05598581692637865,0.0,0.0,-0.031103231625765802,0.0,0.0,3.4832987962275294e-11,-0.020389388025597765,0.0,0.0,0.0,0.0,3.729519501158373e-12,,0.0,0.0,0.0,0.0,0.0,0.0,0.0,-6.220646349051075e-08,0.0,0.0,,,0.0,0.0,0.0,0.0,0.40434201113495694,0.0,0.0,0.0,0.0459995023482992,0.0,,0.0,,0.8397872538956798,0.0,0.0,0.09330969487729775,,0.0,0.0,0.0,0.0,0.0,,0.0,-0.05396899007806909,0.0,0.0,0.0,3.733159429647664,0.0,0.0,0.746477559018382,,0.0,,0.0,-0.932782246275373,-4.813256570557684,0.0,0.0,,0.0,1.09443239712606,,0.0,0.0,0.0,0.0,0.0,-6.065130167241607e-06,,0.0,0.0,0.0,0.0,,0.0,0.2019982570579389,0.0,0.0,-0.30479745575565137,0.0,0.0,0.0,,,0.0,0.0,,0.0,0.0,0.0,,0.0,0.0,0.0,,0.0,,0.980792323722432,-1.555161581288296,0.0,0.0041187173254268366,0.0,3.110323162576592,,0.0,0.0,0.0,0.12599900680041193,0.0,0.0,0.0,-0.043544524276072284,0.0,,0.0,-3.7172206152219207,0.0,0.0,0.0,0.0,,0.0,-3.2314005785385027,0.0,0.0,0.0,0.0,0.0,-23.203010792821374,10.983380433832053,0.31103231625765915,0.2639021324490661,0.0,0.0,-8.460076173990638e-05,8.397872538956797,,,,0.0,-13.480938032742586,0.4750644403782758
2022-01-01,,0.0,0.0,6.967123884171565,0.0,0.0,0.0,0.0,0.0,0.0,0.0,0.0,,0.01866193897545955,0.0,0.0,-0.7464775771937234,0.0,0.0,-5.626867286213701e-11,3.519512388309855e-05,0.0,0.0,0.0,0.0,-1.2455870955325052e-12,,0.0,0.0,0.0,0.0,0.0,0.0,0.0,0.0,0.0,0.0,,,0.0,0.0,0.0,0.0,0.0,0.0,0.0,0.0,0.026999782277373405,0.0,,0.0,,0.4665484743864888,0.0,0.0,0.0,,0.0,0.0,0.0,0.0,0.0,,0.0,0.022778420577898105,0.0,0.0,0.0,1.3186797133432056,0.0,0.0,0.49765170601225467,,0.0,,9.330976810623212e-08,-1.8659174520232713,-17.05585421915335,0.0,0.0,,0.0,0.0,,0.0,0.0,0.0,0.0,0.0,0.0,,0.0,0.0,0.0,-0.031103231625765917,,0.0,-0.08399927521227374,,0.0,-1.335060371372586,0.0,0.0,0.0,,,0.0,0.0,,0.0,0.0,0.0,,0.0,0.0,0.0,,0.0,,-0.14914351031071804,-2.177226213803585,0.0,0.6764127648956464,0.0,-3.110323162576592,,0.0,0.0,0.0,0.14999881761997977,0.0,0.0,0.0,-0.062206463251531834,0.0,,0.0,-1.3896979876209141,,0.0,0.0,0.0,,0.0,-0.0001101054335817884,0.0,,0.0,0.0,0.0,12.845634661441323,10.356952942704709,0.0,-0.08217224196478824,0.0,0.0,-4.230087109576567e-05,-1.2441292650306366,,,,0.0,4.014015017337625,-21.024723882190322
2022-02-01,,0.0,0.0,0.0,0.0,0.0,0.0,0.0,0.0,0.0,0.0,0.0,,0.07775807906441479,0.0,0.0,0.0,0.0,0.0,-7.839956916415641e-11,0.004377110770614493,0.0,0.0,0.0,0.0,0.0,,0.0,0.0,0.0,0.0,0.0,0.0,0.0,6.220646349051075e-08,0.0,0.0,,,0.0,0.0,0.0,0.0,0.0,0.0,0.0,0.0,44.037657615626266,0.0,,0.0,,0.6531678641410843,0.0,0.0,0.0,,0.0,-0.5909614008895524,0.0,0.031103231625765917,0.0,,0.0,-0.011977014711828457,0.0,0.0,0.0,2.5378548012099333,0.0,0.0,1.2441292650306366,,0.0,,0.0,0.00026786103075999534,-5.117775807906423,0.0,0.0,,0.0,0.0,,0.0,0.0,0.0,0.0,0.0,0.0,,0.0,0.0,0.0,-0.031103231625765917,,0.0,-0.02599977566079807,,0.0,-1.0619026157817797,0.0,0.0,0.0,,,0.0,0.0,,0.0,0.0,0.0,,0.0,0.0,0.0,,0.0,,-2.3696725762806574,0.0,0.0,-6.119416541550804,0.0,0.0,,0.0,0.0,0.0,0.12599900680072332,0.0,0.0,0.0,-0.04665484743864887,0.0,,0.0,0.0,,0.0,0.0,0.0,,0.0,-5.9718204217885854e-05,0.0,,0.0,0.0,0.0,7.77580790644148,21.751433655828407,0.0,-0.023690760380705413,0.0,0.0,-0.00016920144287082013,-22.0832944542938,,,,0.0,40.756878513530296,-2.5799210066964893
2022-03-01,,0.0,0.0,0.0,0.0,0.0,0.0,0.0,0.0,0.0,0.0,0.0,,-0.01866193897545955,0.0,0.0,0.14929552997901682,0.0,-0.24882585300612733,1.3715941621735842e-10,0.02683877613057073,0.0,0.0,0.0,0.0,-5.590658359017989e-12,,0.0,0.0,0.0,0.0,0.0,0.0,0.0,-6.220646349051075e-08,0.0,0.0,,,0.0,0.0,0.0,0.0,0.3421355478834251,0.0,0.0,2.5147179558956227,0.04949954900314027,0.0,,0.0,,0.8708904855214457,0.0,0.0,0.031103231625765917,,0.0,0.0,0.0,0.031103231625765917,0.0,,0.0,0.002304002985910039,0.0,0.0,0.0,2.462301328108083,0.0,0.0,0.777580790644148,,0.0,,-9.330976810623212e-08,1.9914200180398822,-12.085254486641134,0.0,0.0,,0.0,0.0,,0.0,0.0,0.0,0.0,0.0,-2.550464993153486e-06,,0.0,0.0,0.0,0.031103231625765917,,0.0,-0.008999922344254431,,0.0,0.36863668315137943,0.0,0.0,0.0,,,0.0,0.0,,0.0,0.0,0.0,,0.0,0.0,0.0,,0.0,,-5.007552082361358,1.6795745223907989e-06,0.0,0.0035528049326660036,0.0,6.220646325153184,,0.0,0.0,0.0,0.16299871514665154,0.0,0.0,0.0,0.18350906659201893,0.0,,0.0,-1.121251905072937,0.0,0.0,0.0,0.0,,0.0,-0.0034879163998381207,0.0,,0.0,0.0,0.0,2.7370843830674008,4.760750821516808,0.0,0.7155933699695213,0.0,0.0,-1.8039468775475368e-05,-1.2441292650306366,,,,0.0,4.694883413022519,-3.4023051538053455
2022-04-01,,0.31103231625765915,0.0,0.0,0.0,0.0,0.0,0.0,0.0,0.0,0.0,0.0,,0.1119716338527573,0.0,0.0,0.0,0.0,0.0,-1.5614737763879e-10,-0.03211382786610047,0.0,0.0,0.0,0.0,5.902055132901115e-12,,0.0,0.0,0.0,0.0,0.0,0.0,0.0,0.0,0.0,0.0,,,0.0,0.0,0.0,0.0,-0.062206463251531834,0.0,0.0,0.0,0.09980373860845707,0.0,,0.0,,-0.8086840222699139,0.0,0.0,0.09330969487729775,,0.0,-0.9330969487729776,0.0,0.031103231625765917,0.0,,0.0,-0.0013848091816737822,0.0,0.0,0.0,0.9343787129483031,0.0,0.0,0.0,,0.0,,0.0,0.6220646325153111,5.290151255015307,0.0,0.0,,0.0,0.0,,0.0,0.0,0.0,0.0,0.0,0.0,,0.0,0.0,0.0,0.0,,0.0,-0.10499909401541821,,0.0,0.18033625703710554,0.0,0.0,6.911760132206334e-06,,,0.0,0.0,,0.0,0.0,0.0,,0.0,0.0,0.0,,0.0,,0.8509575129855923,0.0,0.0,0.7826221725880973,0.0,18.66193897545955,,0.0,0.0,0.0,0.12499901468321628,0.0,0.0,0.0,0.046654847438648846,0.0,,0.0,0.0,,0.0,0.0,0.0,,0.0,-0.0005604802313022852,0.0,,0.0,0.0005423470498584206,0.0,1.3374389599079344,5.598314628823061,0.0,-1.0068734521815792,0.0,0.0,-2.2261920285252788e-10,8.708904855214456,,,,0.0,40.83661260050515,24.886468943423157
2022-05-01,,0.0,0.0,0.0,0.0,0.0,0.0,0.0,0.0,0.0,0.0,0.0,,0.062206463251531834,0.0,0.0,0.0,0.0,0.0,1.4774690652938473e-10,0.016769128008149937,0.0,0.0,0.0,0.0,9.960280955960566e-05,,0.0,0.0,0.0,0.0,0.0,0.0,0.0,0.0,0.0,0.0,,,0.0,0.0,0.0,0.0,0.0,0.0,0.0,0.0,0.011980031725279457,0.0,,0.0,,-2.4260520668097416,0.0,0.0,0.0,,0.0,-2.4260520668097416,0.0,0.0,0.0,,0.0,0.006875276041180637,-9.815452052826627e-09,0.0,0.0,3.732874871699174,0.0,0.0,0.0,,0.0,,0.0,1.2752324966564026,6.266274143883622,0.0,0.0,,0.0,0.0,,0.0,0.0,0.0,0.0,0.0,0.0,,0.0,0.0,0.0,0.0,,0.0,-0.02599977566079807,,0.0,-1.0781218313582774,0.0,0.0,1.6790146496389547e-05,,,0.0,0.0,,0.0,0.0,0.0,,0.0,0.0,0.0,,0.0,,0.8752629467201615,0.003512114708676755,0.0,4.6677653301275255,0.0,-3.110323162576592,,0.0,0.0,0.0,0.16299871514696293,0.0,0.0,0.0,0.015551615812882958,0.0,,0.0,0.0,,0.0,0.0,0.0,,0.0,-0.00039065658822153894,0.0,,0.0,0.0,0.0,18.941868060091444,13.322655639264838,0.0,0.7321031092149489,0.0,0.0,-6.2204655438324835e-06,9.019937171472115,,,,0.0,50.04703771684433,6.89233796771488
2022-06-01,,0.0,0.0,0.0,0.0,0.0,0.0,0.0,0.0,0.0,0.0,0.06298870952692057,,0.024882585300612735,0.0,0.0,0.0,0.0,0.0,-8.335295040452986e-11,-0.0043051642114085315,0.0,0.0,0.0,0.0,-9.960280955960566e-05,,0.0,0.0,0.0,0.0,0.0,0.0,0.0,6.220646349051075e-08,0.0,0.0,,,0.0,0.0,0.0,0.0,0.4546359366738204,0.0,0.0,0.0,0.05639295822835529,0.0,,0.0,,0.062206463251531834,0.0,0.0,0.031103231625765917,,0.0,0.0,0.0,0.031103231625765917,0.0,,0.0,-0.02884255544151046,0.0,0.0,0.0,2.8054069112561666,0.0,33.90252247208486,0.0,,0.0,,0.0,1.7398656962458334,4.255332151410485,0.0,0.0,,0.0,0.0,,0.0,0.0,0.0,0.0,0.0,-6.220646258528758e-08,,0.0,0.0,0.0,0.0,,0.0,0.13799880927716304,,0.0,0.09448225560635728,0.0,0.0,-0.00040535224409844,,,0.0,0.0,,0.0,0.0,0.0,,0.0,0.0,0.0,,0.0,,0.8384115268576215,0.0,0.0,0.7823588367465997,0.0,3.110323162576592,,0.0,0.0,0.0,0.12599900680041193,0.0,0.0,0.0,-0.062206463251531806,0.0,,0.0,-0.0014979316350969387,0.0,0.0,0.0,0.0,,0.0,3.737940344016081,0.0,,0.0,0.0,0.0,4.945413828496781,7.672111827150502,0.0,-0.519238573717762,0.0,0.0,-1.653811774058475e-10,8.708904855214456,,,,0.0,72.96378915641299,10.171062225243244
2022-07-01,,0.0,0.0,0.0,0.0,0.0,0.0,0.0,0.0,0.0,0.0,0.0,,-0.003110323162576592,0.0,0.0,0.1741780971042901,0.0,0.0,2.5838690446860342e-11,0.014822312072531553,0.003110323162576592,0.0,0.0,0.0,0.1990677739342572,,0.0,0.0,0.0,0.0,0.0,0.0,0.0,-6.220646349051075e-08,0.0,0.0,,,0.0,0.0,0.0,0.0,0.0,0.0,0.0,0.0,0.052515629373911646,,,0.0,,-0.062206463251531834,0.0,0.0,0.0,,0.0,0.0,,0.0,0.0,,0.0,0.048654660819259184,0.0,0.0,0.0,13.398776581017707,0.0,0.0,0.0,,0.0,,0.0,-1.866017635532335,-11.16326182700381,0.0,0.0,,0.0,0.0,,0.0,0.0,0.0,0.0,0.0,0.0,,0.0,0.0,0.0,-0.062206463251531834,,0.0,-0.013999879201893545,,0.0,0.9531005256446148,0.0,0.0,3.162203352930339e-05,,,0.0,0.0,,0.0,0.0,0.0,,0.0,0.0,0.0,,0.0,,0.8249992224192325,0.0,0.0,14.774116081157034,0.0,3.110323162576592,,0.0,0.0,0.0,0.12499901468320904,0.0,0.0,0.0,0.1399645423159466,0.0,,0.0,0.0,,0.0,0.0,0.0,,0.0,-0.0014369693201457805,0.0,,0.0,0.0,0.0,8.926627476594819,11.603621477089632,0.0,0.6006296075353789,0.0,-0.012442847811331486,-3.607992114180482e-05,8.708904855214456,,,,0.0,50.473724414112056,5.345837916590488
2022-08-01,,0.0,0.0,0.0,0.0,0.0,0.0,0.0,0.0,0.0,0.0,0.0,,0.003110323162576592,0.0,0.0,0.0,0.0,0.0,5.502308576660451e-11,-0.014170445197785146,0.003110323162576592,0.0,0.0,0.0,0.298600261272737,,0.0,0.0,0.0,0.0,0.0,0.0,0.0,0.0,0.0,0.0,,,0.0,0.0,0.0,0.0,-0.2337096824360051,0.0,0.0,0.0,0.06999968896765651,,,0.0,,0.062206463251531834,0.0,0.0,0.0,,0.0,0.0,,0.031103231625765917,0.0,,0.0,-0.015882305371528033,0.0,0.0,0.0,0.0,0.0,0.0,0.0,,0.0,,0.0,1.7578642966004232,2.023818481540194,0.0,0.0,,0.0,0.0,,0.0,0.0,0.0,0.0,0.0,0.00022397437093626412,,0.0,0.0,0.0,0.031103231625765917,,-0.009330969487729775,0.13999879202047072,,0.0,0.7666655158470963,0.0,0.0,0.0017664772479859972,,,0.0,0.0,,0.0,0.0,0.0,,0.0,0.0,0.0,,0.0,,0.7024915554725805,0.0,0.0,4.356204598253566,0.0,0.0,,0.0,0.0,0.0,0.1369989200926852,0.0,0.0,0.0,0.07775807906441479,0.0,,0.0,0.0,,0.0,0.0,0.0,,0.0,-0.001039781031041298,0.0,0.0,0.0,0.0,0.0,5.598581692637865,8.866878048202352,0.0,-1.7494015643510334,0.0,0.0,-7.215908436905266e-05,8.708904855214456,,,,0.0,31.613781902729166,2.023818481540194
2022-09-01,,0.0,0.0,0.0,0.0,0.0,0.0,0.0,0.0,0.0,0.0,0.0,,0.0,0.0,0.0,0.0,0.0,0.0,-1.5396035843616897e-10,0.0025247747056700337,0.0,0.0,0.0,0.0,1.4929849460377624,,0.0,,0.0,0.0,0.0,0.0,0.0,0.0,0.0,,,,0.0,0.0,0.0,0.0,0.4603278280613356,0.0,0.0,0.0,0.008999720070918265,,,0.0,,0.031103231625765917,0.0,0.0,0.031103231625765917,,0.0,0.0,,0.0,0.0,,0.0,5.598581691515389e-07,9.843429333035984e-09,0.0,0.0,4.060088847622158,0.0,0.0,0.0,,0.0,,0.0,1.8685810083667735,6.698766228111095,0.0,0.0,,0.0,0.0,,0.0,0.0,0.0,0.0,0.0,0.0,,0.0,0.0,0.0,0.0,,0.0,-0.008999922344254431,,0.0,-0.38015791110696384,0.0,0.0,0.0,,,0.0,0.0,,0.0,0.0,0.0,,0.0,1.8642210195639326,0.004989959876828804,,0.0,,0.3632956984230754,2.0217100568334703e-05,0.0,11.974768405241509,0.0,3.1926843319244065,,0.0,0.0,0.0,0.0,0.0,0.0,0.0,0.0,0.03110323162573695,,0.0,0.0,0.0,0.0,0.0,0.0,,0.0,-0.0004945413802994833,0.0,0.0,0.0,0.0,0.0,15.800441665889085,10.702163167943581,0.0,10.486729783428505,0.0,0.0,-0.00016235904858076343,8.708904855214456,,,,0.0,77.39398798812647,13.951559624758229
2022-10-01,,0.0,0.0,0.0,0.0,0.0,0.0,0.0,0.0,0.0,0.0,0.0,,-0.0373238779509191,0.0,0.0,0.0,0.0,-1.2441292650306366,-4.6637098228077525e-12,0.009700668676620604,0.0,0.0,0.0,0.0,-5.286503370574005e-12,,0.0,,,0.0,0.0,0.0,0.0,0.0,0.0,,,,0.0,0.0,0.0,0.0,-6.220646325153183e-05,0.0,0.0,0.0,0.1459988802836835,,,0.0,,0.12441292650306367,0.0,0.0,0.09330969487729775,,0.0,0.0,,0.0,0.0,,0.0,-0.014260085222854728,0.0,0.0,0.0,0.9331177879382224,0.0,0.0,0.0,,0.0,,0.0,0.622450374793934,2.593205188019054,0.0,0.0,,0.00043846225624499135,2.8886262013623223,,0.0,0.0,0.0,0.0,0.0,0.0,,0.0,0.0,0.0,0.031103231625765917,,0.0,-0.028999749775737833,,0.0,-0.2578827097135403,0.0,0.0,0.0,,,0.0,0.0,,0.0,0.0,0.0,,0.0,0.0,0.0,0.0,0.0,,0.4536512394637808,0.0,0.0,0.010370178832397783,0.0,3.027961993228777,,0.0,0.0,0.0,0.012999897527301815,0.0,0.0,0.0,0.0,0.0,,0.0,,,0.0,0.0,0.0,,0.0,-0.0012332431405550832,0.0,0.0,0.0,0.0,0.0,0.24882585300612733,8.850086354950122,0.0,9.345859062604905,0.0,0.0,-6.034033466238884e-05,8.708904855214456,,,,0.0,36.51707137352197,6.554284969186053
2022-11-01,,0.0,0.0,0.0,0.0,0.0,0.0,0.0,0.0,0.0,0.0,0.0,,0.12441292650306367,0.0,0.0,0.0,0.0,0.0,1.4246040315881071e-10,-0.018839375915337245,0.003110323162576592,0.0,0.0,0.0,-6.300353332053951e-13,,0.0,,,0.0,0.0,0.0,32.03632857453889,0.0,0.0,,,,0.0,0.0,0.0,0.0,0.42300395011041647,0.0,0.0,0.0,0.0794992379708101,,,0.0,,0.031103231625765917,0.0,0.0,0.0,,0.0,0.0,,0.031103231625765917,0.0,,0.0,0.012053031009922152,0.0,0.0,0.0,0.0,0.0,0.0,0.0,,0.0,,0.0,-1.2441292650306366,-3.7289898603465055,0.0,0.0,,-0.00042766943485428137,3.3100863736742228,,0.0,0.0,0.0,0.0,0.0,0.0,,0.0,0.0,0.0,0.0,,0.0,-0.1329988524192053,,0.0,-0.8904662685453008,0.0,0.0,-2.4323038163068047e-05,,,0.0,0.0,,0.0,0.0,0.0,,0.0,0.0,0.0,0.0,0.0,,0.8664568753693532,8.428975790743695e-06,0.0,3.115109501124063,0.0,0.0,,0.0,0.0,0.0,0.0,0.0,0.0,0.0,-0.031103231625765917,0.0,,0.0,,,0.0,0.0,0.0,,0.0,-0.0007984199410904395,0.0,0.0,0.0,0.0,0.0,25.06920469036733,19.276729471620342,0.0,6.018351969368606,0.0,0.0,-4.6584849877663087e-11,-1.555161581288296,,,,0.0,82.793622969557,28.307347143168176
2022-12-01,,0.0,0.0,0.0,0.0,0.0,0.0,0.0,0.0,0.0,0.0,0.0,,0.1835090665920189,0.0,0.0,,0.0,0.0,-8.427989894074009e-11,-0.005195489778389546,0.003110323162576592,0.0,0.0,0.0,0.12619638580791306,,0.0,,,0.0,0.0,0.0,30.17013467699294,0.0,0.0,,,,0.0,1.928400360797487,0.0,0.0,0.0,0.0,0.0,0.0,0.08099934683214918,,,0.0,,0.0,0.0,0.0,0.0,,0.0,0.0,0.0,0.0,0.0,,0.0,0.004360641970700772,0.0,0.0,0.0,1.0825308699573655,0.0,0.0,0.0,,0.0,,0.0,-0.6224917731952352,-28.686638269416157,0.0,0.0,,0.0,0.0,,0.0,0.0,0.0,0.0,0.0,-3.7945942575323618e-06,,0.0,0.0,0.0,0.0,,0.0,0.15099869710771416,,0.0,-0.512080712886069,0.0,0.0,0.0,,,0.0,0.0,,0.0,0.0,0.0,,0.0,4.4477621224854315e-05,0.0,0.0,0.0,,0.6589721937109625,1.0637305221573635e-05,0.0,0.0258835813225028,-0.012441292650306367,0.0,,0.0,0.0,0.0,0.0,0.0,0.0,0.0,-0.18661938975459547,0.0,,0.0,,0.0,0.0,0.0,0.0,,0.0,2.7465453640617383,0.0,0.0,0.0,0.0,0.0,24.882585300612735,24.767938466621217,0.0,-4.971913686181786,0.0,0.0,-7.838030324687139e-05,-1.2441292650306366,,,,0.13394295045255203,50.704571287054065,2.5660379148393737
2023-01-01,,0.0,0.0,0.0,0.0,0.0,0.0,0.0,0.0,0.0,0.0,0.0,,-0.031103231625765917,0.0,0.0,,0.0,0.0,6.15696598035893e-11,0.012002222725949278,0.0,0.0,0.0,0.0,-10.07923047494572,0.0,0.0,0.0,,0.0,0.0,0.0,14.929551180367872,0.0,0.0,,,,0.0,-1.928400360797487,0.0,0.0,-9.330969487729775e-05,0.0,0.0,0.0,0.028499891138683515,,,0.0,,1.8972971291717209,0.0,0.0,0.0,,0.0,0.0,0.0,0.031103231625765917,0.0,,0.0,0.06629479642934888,0.0,0.0,0.0,0.0,0.0,0.0,0.0,,0.0,,0.0,-4.590836987963035,3.9350667164318396,0.0,0.0,,0.0,0.0,,0.0,0.0,0.0,0.0,0.0,0.0,,0.0,0.0,0.0,0.12441292650306367,,0.0,-0.013999879202212184,,0.0,-1.2662179714472332,0.0,0.0,0.0,,,0.0,0.0,,0.0,0.0,0.0,,0.0,0.0,0.0,0.0,0.0,0.0,0.447827283754774,0.0024313085129470803,0.0,0.0025398582852864727,0.0,-3.110323162576592,,0.0,0.0,0.0,0.0,44.63313738297409,0.0,0.0,0.0,0.0,,0.0,,,0.0,0.0,0.0,,0.0,-0.7869969829865628,0.0,0.0,0.0,0.0,0.0,29.672482970980685,23.08023552373288,0.0,-1.2060787556679344,0.0,0.0,-1.2441160518488375e-05,-11.508195701533388,,,,0.02504370626108052,84.36643686935625,60.38986342571016
2023-02-01,,0.0,0.0,0.0,0.0,0.0,0.0,0.0,0.0,0.0,0.0,0.0,,-0.009330969487729775,0.0,0.0,,0.0,0.0,-8.084729264258656e-11,-0.006755658566234395,0.003110323162576592,0.0,0.0,0.0,0.0,0.0,0.0,0.0,,0.0,0.0,0.0,24.8825853006125,0.0,0.0,,,,0.0,0.0,0.0,0.0,0.0,0.0,0.0,0.0,0.0025000777580755883,,,0.0,,-0.24882585300612733,0.0,0.0,0.0,,0.0,-0.24882585300612733,0.0,0.0,0.0,,0.0,-0.09016795745077907,0.0,0.0,0.0,3.7345049137755995,0.0,0.0,0.0,,0.0,,0.0,4.976517060122532,-13.107560511337166,0.0,0.0,,0.0,0.0,,0.0,0.0,0.0,0.0,0.0,0.0,,0.0,0.0,0.0,0.0,,0.0,0.2679976875820369,,0.0,0.07982121862461494,0.0,0.0,0.0,,,0.0,0.0,,0.0,0.0,0.0,,0.0,0.3177714534540138,0.0,0.0,0.0,0.0,0.8833063979347275,1.069951166605446e-05,0.0,1.894005165183041e-06,0.0,0.0,,0.0,0.0,0.0,0.0,6.78050449441697,0.0,0.0,0.03110323162576589,0.031103231625780402,,0.0,,,0.0,0.0,0.0,,0.0,-0.25595471370293194,0.0,0.0,0.0,0.0,0.0,20.154894093496313,22.466972756713858,0.0,0.07998283086157182,0.0,0.0,-4.2300488646709e-05,8.086840222699138,,,,0.01966812851855309,78.83173219937487,22.29004489697957
2023-03-01,,0.31103231625765915,0.0,0.0,0.0,0.0,0.0,0.0,0.0,0.0,0.0,0.0,,-0.1461851886410998,0.0,0.0,,0.0,0.0,7.276546009250356e-11,0.014964431663369707,0.0,0.0,0.0,0.0,0.12619635470062818,0.0,0.0,0.0,,0.0,0.0,0.0,18.03987434294423,0.0,0.0,,,,0.0,0.0,0.0,0.0,1.5366240552393393,0.0,0.0,0.0,0.12949892693850948,,,0.0,,-0.031103231625765917,0.0,0.0,0.062206463251531834,,0.0,0.0,0.0,0.031103231625765917,0.0,,0.0,,0.0,0.0,0.0,3.532389566274839,0.0,0.0,0.0,,0.0,,0.0,-1.866193897545955,-10.462943361015157,0.0,0.0,,0.0,-0.6542500699822692,,0.0,0.0,0.0,0.0,0.0,0.0,,0.0,0.0,0.0,-0.15551615812882957,,0.0,-0.024999784289441152,,0.0,-0.15551615812882957,0.0,0.0,0.0,,,0.0,0.0,,0.0,0.0,0.0,,0.0,0.0,0.0,0.0,0.0,0.0,0.793929551180388,6.3761624855993845e-06,0.031103231625765917,0.005003338131931604,0.0,-3.110323162576592,,0.0,0.0,0.0,0.0,17.262293552300083,0.0,0.0,-0.062206463251531834,0.0,,0.0,,0.0,0.0,0.0,0.0,,0.0,,0.0,0.0,0.0,0.0,0.0,-16.54691922490747,-15.33913021960916,0.0,0.640406229580095,0.0,0.0,-0.0017905828016805015,-11.19716338527573,,,,0.14154862990264686,-17.09606028992748,25.261297314089887
2023-04-01,,0.0,0.0,0.0,0.0,0.0,0.0,0.0,0.0,0.0,0.0,0.0,,-0.012441292650306367,0.0,0.0,,0.0,0.0,3.1863855932226877e-13,-0.00821504644595809,0.003110323162576592,0.0,0.0,0.0,0.0,0.0,0.0,0.0,,0.0,0.0,0.0,8.08684022269937,0.0,0.0,,,,0.0,0.0,0.0,0.0,1.768156511461541,0.0,0.0,0.0,0.0025000777580755883,,,0.0,,-0.27992908463189325,0.0,0.0,0.0,,0.0,-0.4665484743864888,0.0,0.0,0.0,,0.0,,0.0,0.0,0.0,0.0,0.0,0.0,0.0,,0.0,,0.0,6.422817330720662,-13.000210133432835,0.0,0.0,,0.0,-0.5893892258405642,,0.0,0.0,0.0,0.0,0.031103231625765917,0.0,,0.0,0.0,0.0,0.15551615812882957,,0.0,-0.008999922343950277,,0.0,1.0491623277658555,0.0,0.0,0.0,,,0.0,0.0,,0.0,0.0,0.0,,0.0,0.0,0.0,0.0,0.0,0.0,0.7955843053093001,14.809174893471422,0.0,0.010705701842254532,0.0,0.0,,0.0,0.0,0.0,0.0,0.0,0.0,0.0,-0.0746477559018382,0.0,,0.0,,,0.0,0.0,0.0,,0.0,,0.0,0.0,0.0,0.0,0.0,-92.00335914901558,-80.80917081494749,0.0,0.2859118203415135,0.0,0.0,0.0017482824052632766,-1.555161581288296,,,,0.007155609467823748,-155.37858568472464,9.895804982737959
2023-05-01,,0.0,0.0,0.0,0.0,0.0,0.0,0.0,0.0,0.0,0.0,0.0,,0.040434201113495695,0.0,0.0,,,0.0,-9.549018280053264e-11,0.002674603746322447,0.0,0.0,0.0,0.0,0.0,0.0,0.0,0.0,,0.0,0.0,0.0,15.862648129140386,6.220646349051075e-08,0.0,,,,0.0,0.0,0.0,0.0,1.766663556343504,0.0,0.0,0.0,0.06881434481041711,,,0.0,,-1.7417809710428913,0.0,0.0,0.0,,0.0,-1.7728842026686573,0.042254196718144156,0.0,0.0,,0.0,,0.0,0.0,0.0,1.8709901891666614,0.0,2.488258530061259,0.0,,0.0,,0.0,0.0016000746477600732,-2.350160617088187,0.0,0.0,,0.0,1.5169765481633548,,0.0,0.0,0.0,0.0,0.0,0.0,,0.0,0.0,0.0,0.031103231625765917,,0.0,-0.01199989645889004,,0.0,0.098515069515722,0.0,0.0,0.0,,,0.0,0.0,,0.0,0.0,0.0,,0.0,0.15638735964666758,0.0,0.0,0.0,0.0,0.8602090759229719,19.912064290379774,0.0,0.014176195498430992,0.0,3.110323162576592,,0.0,0.0,0.0,0.0,3.9190071848465053,0.0,0.0,-0.13996454231594663,0.0,,0.0,,,0.0,0.0,0.0,,0.0,,0.0,0.0,0.0,0.0002456533233803318,0.0,-71.87956828714503,-62.801105367755895,0.0,-0.5415704954598604,0.0,0.0,0.0025725553836720614,-10.88613106901807,,,,-0.03872538956797615,-100.39797262377964,42.32487233902173
2023-06-01,,0.0,0.0,0.0,0.0,0.0,0.0,0.0,0.0,0.0,0.0,0.0,,0.07775807906441479,0.0,0.0,,,0.0,1.3466824202629343e-10,-0.011059076640664264,0.0,0.0,0.0,0.0,-0.12619635470062818,0.0,0.0,0.0,,0.0,0.0,0.0,21.150197505520822,-6.220646349051075e-08,0.0,,,,0.0,0.0,0.0,0.0,2.528039563310628,0.0,0.0,0.0,9.953034115031009e-06,,,0.0,,0.15551615812882957,0.0,0.0,0.062206463251531834,,0.0,0.0,1.2308273225777344,0.031103231625765917,0.0,,0.0,,0.0,0.0,0.0,0.9330978818699633,0.0,-0.062206463251531834,0.0,,0.0,,0.0,0.00015812882957913702,-3.1500065316786228,0.0,0.0,,0.0,0.19039006562781602,,0.0,0.0,30.01461851886411,0.0,0.0,0.002709215887530468,,0.0,0.0,0.0,0.031103231625765917,,-0.009330969487729775,-0.023999792917794565,,0.0,-0.3013457435227514,0.0,0.0,0.0,,,0.0,0.0,,0.0,0.0,0.0,,0.0,0.0,0.009979919753657609,,0.0,-1.2441292661893224e-06,0.8127839880563871,13.6857295262978,0.031103231625765917,1.5714344528518576,0.0,0.0,,0.0,0.0,0.0,0.0,-0.9953034120245093,0.0,0.0,0.062206463251531834,0.0,,0.0,,0.0,0.0,0.0,0.0,,0.0,,0.0,0.0,0.0,0.0,0.0,13.592112220459706,11.383812364124424,0.0,0.02797239465304251,0.0,0.0,-0.002675196277542217,8.397872538956797,,,,0.09616155018506424,101.3967791227318,31.623714969985446
2023-07-01,,0.0,0.0,-6.967123884171565,0.0,0.0,0.0,0.0,0.0,0.0,0.0,0.0,,0.01866193897545955,0.0,0.0,,,0.0,-8.333846683365157e-11,-0.005767894708251729,0.0,0.0,0.0,0.0,0.12619635470062818,0.0,0.0,0.0,,0.0,0.0,0.0,23.016391403066777,6.220646349051075e-08,0.0,,,,0.0,0.0,0.0,0.0,1.915648035830923,0.0,0.0,0.0,0.0,,,0.0,,0.0,0.0,0.0,0.0,,0.0,0.0,1.3093245248159457,0.0,0.0,,0.0,-0.012057409462725854,0.0,0.0,0.0,0.2860851539889532,0.0,0.0,0.0,,0.0,,0.0,-0.8485678516997823,-3.8720332182513255,0.0,0.0,,0.0,0.29252747970514065,,0.0,0.0,0.0,0.0,0.0,0.0,,0.0,0.0,0.0,0.0,,0.0,-0.07399936149669135,,0.0,0.29765257690274044,0.0,0.0,0.0,,,0.0,0.0,,0.0,0.0,0.0,,0.0,0.0,0.0,,0.0,0.0,0.830351777549677,22.386686883767197,0.0,3.130051093762867,0.0,0.0,,0.0,0.0,0.0,0.0,1.9906068240490187,0.0,0.0,-0.062206463251531834,0.0,,0.0,,,0.0,0.0,0.0,,0.0,,0.0,0.0,0.0,0.0,0.0,-10.917234300643837,16.815583013874516,0.0,-0.23358497465770223,0.0,0.0,-3.6079770819580776e-05,-11.19716338527573,,,,0.052252411423641544,38.27824471114664,43.807737046620616
2023-08-01,,0.0,0.0,6.967123884171565,0.0,0.0,0.0,0.0,0.0,0.0,0.0,0.0,,-0.021772262138036142,0.0,0.0,,,0.0,5.9092969183402575e-12,0.014312951868183384,0.003110323162576592,0.0,0.0,0.0,-0.3420812061749258,0.0,0.0,0.0,,0.0,0.0,0.0,28.926005411962304,-6.220646349051075e-08,0.0,,,,0.0,0.0,0.0,0.0,1.6826537277223104,0.0,0.0,0.0,0.05699947124507221,,,0.0,,0.0,0.0,0.0,0.0,,0.0,0.0,2.2996874096053888,0.0,0.0,,0.0,0.0,0.0,0.0,0.0,1.8662192844421488,7.775807906441478e-06,2.3327423719324436,0.0,,0.0,,0.0,-2.488258530061273,0.4714357251718129,0.0,0.0,,0.0,0.6582715312120926,,0.0,0.0,0.0,0.0,0.0,0.0,,0.0,0.0,0.0,0.0,,0.0,-0.08599925795526275,,0.0,0.4922057478772037,0.0,0.0,0.0,0.0,,0.0,0.0,,0.0,0.0,0.0,,0.0,0.0,0.0,0.0,0.0,0.0,0.8634850237939615,14.926405617243649,0.0,0.01256273561101814,0.0,3.110323162576592,,0.0,0.0,0.0,0.023999810818937796,1.6173680445398277,0.0,0.0,0.062206463251531834,0.0,,0.0,,,0.0,0.0,0.0,,0.0,,0.0,0.0,0.0,0.005894280115704179,0.0,9.579795340735902,14.688171547192837,0.0,0.5405771280647563,0.0,0.0,-6.2199595521085544e-06,8.708904855214456,,,,0.047652671893655,97.02000475874424,50.91775724593634
2023-09-01,,0.0,0.0,0.0,0.0,0.0,0.0,0.0,0.0,0.0,0.0,2.488258528757752e-06,,0.015551615812882958,0.0,0.0,,,0.0,5.784738208787007e-11,-0.00033990804621851186,0.003110323162576592,0.0,0.0,0.0,1.2854097369901412,0.0,0.0,0.0,,0.0,0.0,0.0,26.126714565643372,0.0,0.0,,,,0.0,0.0,0.0,0.0,1.9167055457061988,0.0,0.0,0.0,0.050699822711588426,,,0.0,,0.0373238779509191,0.0,0.0,0.031103231625765917,,0.0,0.0,2.5128448214191312,0.031103231625765917,0.0,,0.0,0.0,0.0,0.0,0.0,1.194040931852801,3.919007185599651e-05,3.359149015582719,0.0,,0.0,,0.0,3.915896861683929,-0.7534443718702443,0.0,0.0,,0.0,3.2142263071133117,,0.0,0.0,0.0,0.0,-0.031103231625765917,0.0,,0.0,0.0,0.0,0.006220646325153184,,0.0,0.0389996634913347,,0.0,-0.2030819259121017,0.0,0.0,0.0,0.0,,0.0,0.0,,0.0,0.0,0.0,,0.0,-2.115019750575618e-05,0.0,0.0,0.0,-3.421355474778851e-06,0.7676606326397322,19.321385431246302,0.0,1.5902011894236647,0.0,0.0,,0.0,0.0,0.0,0.18599853384871956,1.3063357282821686,0.0,0.0,0.04665484743864887,0.0,,0.0,,0.0,0.0,0.0,0.0,,0.0,,0.0,0.0,0.0,0.00017333830985029027,0.0,6.718298031165438,7.7164571616818876,0.0,-0.9442723200043587,0.0,0.0,-7.558126473453617e-05,9.019937171472115,,,,0.005751700235314622,88.48565373255326,47.195032285154404
2023-10-01,,0.0,0.0,0.0,0.0,0.0,0.0,0.0,0.0,0.0,0.0,0.0,,-0.01866193897545955,0.0,0.0,0.0,,0.0,-4.4479046167213064e-11,0.010133125712170699,0.0,0.0,0.0,0.0,-1.1207096190078036,,0.0,0.0,,0.0,0.0,0.0,23.016391403066777,0.0,0.0,,,,0.0,0.0,0.0,0.0,1.9166433392429474,0.0,0.0,0.0,0.16699853814811128,,,0.0,,0.024882585300612735,0.0,0.0,0.031103231625765917,,0.0,0.0,1.0444201836974014,0.0,0.0,,0.0,0.0,0.0,0.0,0.0,2.79929457870676,0.0,4.136729806226867,0.0,,0.0,,0.0,-4.974128238623998,-1.6342729619607408,0.0,0.0,,0.0,1.1297941588131004,,0.0,,0.0,0.0,0.0,0.0,,0.0,0.0,0.0,-0.006220646325153184,,0.0,-0.0389996634913347,,0.0,-1.1854726136045546,0.0,0.0,0.0,0.0,,0.0,0.0,,0.0,0.0,0.0,,0.0,2.115019750575618e-05,0.0,0.0,0.0,-0.0013943578737854033,0.8100300457217672,6.236295885042463,0.0,1.088620213849648,0.0,0.0,,0.0,0.0,0.0,0.41399673663059117,0.0,0.0,0.0,-0.10886131069018071,0.0,,0.0,,,0.0,0.0,0.0,,-1.2441292650306366,,0.0,0.0,0.0,0.0,0.0,14.276383316226555,18.533565899382666,0.0,0.9790787146549152,0.0,0.0,-2.4260204135786496e-05,-10.575098752760411,,,,0.03995706878312952,55.74636635243708,30.41770890485526
2023-11-01,,0.0,0.0,0.0,0.0,0.0,0.0,0.0,0.0,0.0,0.0,0.0,,0.031103231625765917,0.0,0.0,0.0,,0.0,7.151987299697106e-11,-0.00023413832795245483,0.003110323162576592,0.0,0.0,0.0,0.06606353388759224,,0.0,,,0.0,0.0,0.0,11.81922801779105,6.220646349051075e-08,0.0,,,,0.0,0.0,0.0,0.0,2.8000684271095766,0.0,0.0,0.0,0.05499953345152677,,,0.0,,0.062206463251531834,0.0,0.0,0.0,,0.0,0.0,1.0126532237245196,0.031103231625765917,0.0,,0.0,0.0,0.0,0.0,0.0,0.0,0.0,0.0,0.0,,0.0,,0.0,0.267488756181766,-3.464328014680707,0.0,0.0,,0.0,1.188330813971571,,0.0,,0.0,0.0,0.0,0.0,,0.0,0.0,0.0,0.031103231625765917,,0.0,-0.05799949955149015,,0.0,0.5692510341824522,0.0,0.0,0.0,0.0,,0.0,0.0,,0.0,0.0,0.0,,0.0,-2.115019750575618e-05,0.0,0.0,0.0,-1.8661938992839835e-06,-0.7621158595378208,18.74699608099282,0.0,0.01734447890858096,0.0,0.0,,0.0,0.0,0.0,0.4139967366305839,0.0,0.0,0.0,0.2332742371932444,0.0,,0.0,,,0.0,0.0,0.0,,0.0,,0.0,0.0,0.0,0.0,0.0,17.38670647880315,24.961815459637137,0.0,-0.2483015592905467,0.0,0.0,-1.8040320543698925e-05,-11.19716338527573,,,,0.035483388089337826,64.0021432307481,27.101896084103164
2023-12-01,,0.0,0.0,0.0,0.0,0.0,0.0,0.0,0.0,0.0,0.0,0.01807502099468149,,0.1648471276165666,0.0,0.0,0.0,,2.2630579497320224e-16,-6.249660833979954e-11,-0.008509645517743856,0.003110323162576592,0.0,3.536028046456285e-18,1.1315289748660112e-16,0.11131755430500333,,0.0,,,0.0,0.0,0.0,9.019937171472115,-6.220646349051075e-08,0.0,,,,0.0,0.0,0.0,0.0,0.8832695717085005,0.0,0.0,-7.499743709371407,0.10599919131597715,,,2.828822437165028e-17,,0.031103231627619816,3.536028046456285e-18,7.241785439142472e-15,0.031103231625765917,,0.0,0.0,1.312288690448423,0.0,0.0,,0.0,2.2630579497320224e-16,0.0,0.0,0.0,0.0,0.0,0.0,0.0,,0.0,,0.0,1.5404260209635698,-10.045220677428404,0.0,0.0,,0.0,-1.768692046903673,,0.0,,0.0,0.0,0.0,8.624926129782887e-05,,7.241785439142472e-15,0.0,0.0,0.0,,0.0,0.1389988006488241,,0.0,1.996221766041493,0.0,0.0,0.0,0.0,,0.0,0.0,,0.0,0.0,0.0,,0.0,2.115019750575618e-05,7.241785439142472e-15,2.2630579497320224e-16,1.810446359785618e-15,-7.241785439142472e-15,-5.7718263817610715,0.0,0.0,1.7303699950698248,0.0,0.0,,0.0,0.0,0.0,0.4389965395673546,-0.21772262138036141,3.620892719571236e-15,0.0,-0.1088613106901807,1.4483570878284943e-14,,0.0,,0.0,0.0,0.0,0.0,,0.0,,0.0,0.0,0.0,0.0,0.0,19.532829460980995,17.719435380530967,0.0,0.13943335125004389,0.0,0.0,-6.220311085488146e-06,9.330969487729774,,,,0.02628303843032876,38.85453967931635,-1.243006127336649
2024-01-01,,0.0,0.0,0.0,0.0,0.0,0.01915212590588915,0.0,0.0,0.0,0.0,0.18725265155049747,,-0.04043420111350293,0.0,0.0,0.0,,0.0,-5.5052052908361076e-11,-0.017132627541974494,0.0,0.0,0.0,0.0,-0.14712972295636836,,0.0,,,0.0,0.0,0.0,9.953034120245093,0.0,-4.1793412335397074e-07,,,,0.0,0.0,-0.18661938975459733,0.0,1.679574507791363,0.0,0.0,0.0,0.0,,,0.0,,0.0,0.0,0.0,0.0,,0.0,0.0,0.5759081450792624,0.0,0.0,,0.0,0.0,0.0,0.0,0.0,7.811894186806037,3.11032323789116e-07,0.0,0.0,,0.0,,0.0,3.110583278902689,6.156905228453241,0.0,0.0,,0.0,0.5534626605704305,,0.0,,0.0,0.0,0.0,0.0,,0.0,0.0,0.0,0.0,,0.0,-0.02699976703245914,,0.0,0.6541333084507492,0.0,0.0,0.0,0.0,,0.0,0.0,,0.0,0.0,0.0,,0.0,,0.009989919442620484,0.0,0.0,0.0,-2.005341326863841,6.796056106058584e-05,0.0,0.016134436563412125,0.0,-3.1103231625761283,,0.0,0.0,0.0,0.28799772983017924,0.0,0.0,0.0,-0.06220646325153184,0.031103231625765917,,0.0,,,0.0,0.0,0.0,,0.0,,0.0,,0.0,0.0,0.0,11.974744175919879,11.842829546118878,0.0,-0.5765025263963689,0.0,0.0,-2.567251410161152e-10,9.019937171472174,,,,0.030460762662135002,57.74247585325101,20.811578333489305
2024-02-01,,0.0,0.0,0.0,0.0,0.0,0.0,0.0,0.0,0.0,0.0,0.024016671332148805,,-0.027992908463189324,0.0,0.0,0.0,,0.0,1.8046529314343042e-11,0.015410525482007007,0.0031103231625838335,0.0,0.0,0.0,2.826926553517773,,0.0,,,0.0,0.0,0.0,12.130260334048709,0.0,0.0,,,,0.0,0.0,-3.7323877950919084,0.0,1.679574507791356,0.0,0.0,0.0,0.10299928462568071,0.0,,0.0,0.0,-0.24882585300798124,0.0,0.0,0.0,,0.0,-0.34213554788296163,0.17257104821978717,0.031103231625765917,0.0,0.0,0.0,0.0,0.0,0.0,0.0,5.59859009051039,0.0,3.079219930950826,0.0,,0.0,,0.0,-3.888108425865448,5.77203539547756,0.0,0.0,,0.0,1.383318186059534,,0.0,0.0,0.0,0.0,0.0,3.110323129264379e-08,,0.0,0.0,0.0,0.062206463251531834,,0.0,0.30699735107338605,,0.0,0.08132188734409375,0.0,0.0,0.0,0.0,,0.0,0.0,,0.0,0.0,0.0,,0.0,,0.0,0.0,0.0,0.0,0.2997605673229435,0.0001517215638857808,0.0,1.5574603254946895,0.0,0.0,,0.0,0.0,0.0,0.27599782442039167,2.1150197505521113,0.0,0.0,0.0,0.0,,0.0,,,0.0,0.0,0.0,,0.0,,0.0,,0.0,0.0,0.0,17.946564648066936,4.185793992413096,0.0,-0.04846987261858554,0.0,0.0,-3.607968284563577e-05,-11.819228017791106,,,,0.034927445504901754,39.57815359052934,25.616057292152654
2024-03-01,,0.0,0.0,0.0,0.0,0.0,0.0,0.0,0.0,0.0,0.0,0.0,,0.0373238779509191,0.0,0.0,0.0,,0.0,3.6686885034695764e-11,0.006740173437000166,0.00311032316256935,0.0,0.0,-0.9953034120245094,-3.4461661005337243,,0.0,,,0.0,0.0,0.0,4.976517060122546,0.0,0.0,,,,0.0,0.0,0.0,0.0,1.5400765139497994,0.0,0.0,0.0,0.058999409038603165,0.0,,0.0,0.0,-0.18661938975274162,0.0,0.0,-0.062206463251531834,,4.665484743864887,0.0,0.3937769317619868,0.0,0.0,0.0,0.0,0.0,0.0,0.0,0.0,5.100561413330914,0.0,0.0,0.0,,0.0,,0.0,-3.73238779509191,4.458850424559111,0.0,0.0,,0.0,1.3027843923983737,,0.0,0.0,0.0,0.0,0.0,0.0,,0.0,0.0,0.0,-0.12441292650306364,,0.0,-0.027999758404105728,,0.0,-1.3201362321545211,0.0,0.0,0.0,0.0,,0.0,0.0,,0.0,0.0,0.0,,0.0,,0.004989962631343281,0.0,0.0,-1.555161568253082e-06,-11.626120213990228,4.94541388596759e-06,0.0,0.0014139032412689649,0.0,3.1103231625761283,,0.0,0.0,0.0,0.1629987151466443,4.4477621224845265,0.0,0.0,-0.03110323162576592,0.0,,0.0,0.0,3.0,-0.24882585300612733,0.0,0.0,,0.0,,-9.642001803987434,,0.0,0.0,0.0,10.046343815122391,14.086805885331387,0.0,1.1478235775216887,0.0,0.0,-5.411959933377467e-05,-10.88613106901807,,,,0.024187541290470002,16.2474089702685,22.094019128487112
2024-04-01,,0.0,0.0,0.0,0.0,0.0,0.0,0.0,0.0,0.0,0.0,0.0,,-0.012441292650299125,0.0,0.0,0.0,,0.0,4.0756768451493834e-11,0.001767692213492787,0.0,0.0,0.0,0.0,1.0698301190096697,,0.0,,,0.0,0.0,0.0,1.866193897545955,0.0,0.0,,,,0.0,0.0,0.0,0.0,1.5853628191969145,0.0,0.0,0.0,0.057999440141808724,0.0,,0.0,0.0,-0.342135547885279,0.0,0.0,0.062206463251531834,,2.4720226431526235,-0.3732387795096545,0.7061701611473445,0.031103231625765917,0.0,0.0,0.0,0.0,0.0004809803127150533,0.0,0.0,5.598581692637749,0.0,0.0,0.0,,0.0,,0.0,-1.2399978538770062,5.9208998164909215,0.0,0.0,,0.0,0.7173017946564639,,0.0,0.0,0.0,0.0,0.0,0.0,,0.0,0.0,0.0,-0.062206463251531834,,0.0,-0.0069999396009467725,,0.0,-1.0670638549345282,0.0,0.0,0.0,,,0.0,0.0,,0.0,0.0,0.0,,0.0,,0.0,0.0,0.0,-9.330969496419917e-07,-8.50206317066345,4.665484743864887,0.0,-2.5614096030622116e-06,-0.006220646325153184,3.110323162576592,,0.0,0.0,0.0,0.2639979190109228,4.1989362694783985,0.0,0.0,,0.0,,0.0,0.0,,0.0,0.0,0.0,,0.0,,0.0,0.0,0.0,0.0,0.0,15.582719044508725,-22.125455333092646,0.0,-0.27730493575596643,0.0,0.0,-8.273770981267084e-11,-1.2441292650305789,,,,0.16284903049018382,12.814970344187094,25.360419582594503
2024-05-01,,0.0,0.0,0.0,0.0,0.0,0.0,0.0,0.0,0.0,0.0,0.0,0.0,-0.015551615812882958,0.0,0.0,0.0,,0.0,1.535258513098204e-12,-0.005145511128922344,0.003110323162576592,0.0,0.0,0.0,-0.5780925584998948,,0.0,,,0.0,0.0,0.0,0.0,0.0,0.0,0.0,,0.0,0.0,0.0,0.0,0.0,2.519392864918665,0.0,0.0,0.0,0.05499953345154126,0.0,,0.0,0.0,-0.3421355478815712,0.0,0.0,0.0,,0.0,-0.40434201113495694,0.9646974715947071,0.0,0.0,0.0001000000000000391,0.0,0.0,0.0,0.0,0.0,3.732407390127918,0.0,3.1414263942023575,0.0,,0.0,,0.0,2.5914123977481114,-11.443154800783718,0.0,0.0,,0.0,0.2608239868122291,,0.0,0.0,0.0,0.0,0.0,0.0,,0.0,0.0,0.0,0.062206463251531834,,0.0,-0.03899966349132021,,0.0,0.32063637211906315,0.0,0.0,0.0,,,0.0,0.0,,0.0,0.0,0.0,,0.0,,0.0,0.0,0.0,0.0,-3.154689589748369,10.279618052315577,0.0,0.7826280438201058,0.0,0.0,,0.0,0.0,0.0,0.2509980214839396,0.0,0.0,0.0,,0.0,,0.0,0.0,,0.0,0.0,0.0,,0.31103231625765915,,0.0,0.0,0.0,0.0,0.0,11.134956922024198,5.6732580258734515,0.0,-0.37809581035364137,0.0,0.0,2.0536294741381846e-05,-0.6220646325153762,,,,0.024454706554163153,25.125908080663415,2.5688706416597764
2024-06-01,,0.0,0.0,0.0,0.0,0.0,0.0,0.0,0.0,0.0,0.0,0.0,0.0,0.09019937171471391,0.0,,0.0,,0.0,-1.7698923613264203e-11,-0.014227260647476545,0.0,,0.0,0.0,-0.333966248001617,,0.0,,,0.0,0.0,0.0,0.0,0.0,0.0,0.0,,0.0,,0.0,0.0,0.0,1.8089950545861715,0.0,0.0,0.0,3.110323165473306e-06,0.0,,0.0,0.0,0.062206463249677935,0.0,0.0,0.0,,0.0,0.0,1.0603183134426364,0.031103231625765917,0.0,4.799999998466619e-07,0.0,0.0,0.0,0.0,0.0,9.331192808932839,0.0,2.7992908463189323,0.0,,0.0,,0.0,2.0497619980716153,-6.302924636869831,0.0,0.0,,0.0,0.04986510528443871,,0.0,0.0,0.0,0.0,0.0,1.8624615699700747e-08,,0.0,0.0,,0.0,,0.0,-0.18199842962675966,,0.0,1.3044455848962702,0.0,0.0,0.0,,,0.0,0.0,,0.0,0.0,,,0.0,2.0528132873114134e-05,0.014969879630486413,0.0,0.0,0.0,-1.4089959254766433,3.732387795091968,0.031103231625823853,3.1119233071817227,-0.015551615812868475,0.0,,0.0,0.0,,0.26299792689340123,-11.943640944294142,0.0,0.0,,0.0,,0.0,0.0,10.100000000000009,0.0,0.0,0.0,,0.0,,0.0,0.0,,0.0,0.0,-17.013467699293958,1.0782599613430648,0.0,0.0006933528823349725,0.0,0.0,-0.00012317688683307102,9.330969487729774,,,,0.5322116844449691,9.568023605099441,-5.182984977139165
2024-07-01,,0.0,0.0,-7.241785439142472e-15,0.0,0.0,0.0,0.0,0.0,0.0,0.0,1.810446359785618e-15,0.0,-0.04354452427607953,0.0,,0.0,,0.0,4.384176904856853e-11,-0.008742722484028976,0.0,,,0.0,0.008991130423314076,,0.0,,,0.0,0.0,0.0,0.0,0.0,4.1793412335397074e-07,0.0,,0.0,,0.0,0.0,0.0,1.6301203695063917,0.0,0.0,0.0,0.11499922241920472,0.0,,0.0,0.0,0.062206463251531834,0.0,0.0,-0.031103231625765917,,0.0,0.0,1.0958724382361786,0.0,0.0,0.0,,0.0,0.0,0.0,0.0,5.4168523529594355,0.0,0.9642001803987724,0.0,,0.0,,0.0,4.2860253180305286,-3.87030139031447,0.0,0.0,,0.0,0.046715436533855084,,0.0,0.0,0.0,0.0,0.0,3.110346846111692e-11,,0.0,0.0,,0.09330969487729777,,0.0,-0.004999956857653596,,1.414411218582514e-17,-0.6735908680911945,0.0,0.0,-4.526115899464045e-16,,,0.0,0.0,,0.0,0.0,,,0.0,0.0,0.0,,0.0,0.0,-1.5111205250225597,14.316976454853641,0.0,2.332699771388474,0.0,0.0,,0.0,0.0,,5.278958388099283,0.0,0.0,0.0,,0.0,,0.0,0.0,,0.0,0.0,-0.06220646325118423,,0.0,,0.0,0.0,,0.0,0.0,-41.36729806226867,3.8035965306845583,0.0,-0.08503152237068289,0.0,0.0,2.859428881523935e-10,9.642001803987434,,,,0.3065336664641382,1.7421203738467588,15.863527417498606
2024-08-01,,0.0,0.0,0.0,,0.0,0.0,0.0,,,0.0,0.0,,-0.006220646325145941,0.0,,0.0,,0.0,-5.34878272535063e-11,0.020476726833224337,0.0,,,,0.47591211422538177,,,,,0.0,0.0,,0.0,0.0,0.0,,,,,,0.0,0.0,1.6790146496220957,0.0,0.0,0.0,0.06299959565798886,0.0,,0.0,,0.031103231625765917,0.0,0.0,0.0,,0.0,0.0,1.5003928996880356,0.031103231625765917,0.0,0.0,,0.0,0.0005563435345805571,0.0,0.0,2.799670616777111,0.0,0.15551615812880062,0.0,,0.0,,0.0,-2.873754999844486,-5.185283816988544,0.0,0.0,,0.0,0.03627125128300851,,0.0,0.0,0.0,0.0,0.0,0.0,,0.0,,,0.0,,0.0,0.239997929177627,,0.0,-0.46374389599079213,,0.0,0.0,,,,0.0,,,,,,,0.0,0.024974800161742736,,0.0,0.0,-4.1220879910422745,6.240940841653449,0.0,-1.8988000382237224e-06,0.0,-3.1103231625802996,,,0.0,,0.2884546762281063,0.0,0.0,0.0,,0.0,,0.0,0.0,,0.0,0.0,0.0,,0.0,,0.0,,,0.0,0.0,7.278156200429341,2.9776359999999613,0.31103231625765915,-0.07760528625330586,0.0,0.0,2.0142149264019266e-11,-0.31103231625765915,,,,0.15457117060029232,8.158726739394046,0.7450044788617172
2024-09-01,,0.0,0.0,-3.7945942575323616e-05,,0.0,0.0,0.0,,,0.0,-1.810446359785618e-15,,0.012441292650306367,0.0,,0.0,,0.0,1.865483929123101e-11,0.004095874972194606,0.0,,,,0.13464803164784725,,,,,0.0,0.0,,0.0,0.0,0.0,,,,,,0.0,0.0,1.6243040651923735,0.0,0.0,0.0,0.06799944014183074,0.0,,0.0,,-0.12441292650306367,0.0,0.0,0.0,,0.0,0.0,1.238098548398632,0.0,0.0,0.0,,0.0,0.0,15.520512581257192,0.0,4.664465490964641,0.0,0.0,0.0,,0.0,,0.0,-2.6997605051164815,-3.7985653012357963,0.0,0.0,,0.0,0.03737687785761024,,0.0,0.0,0.0,0.0,0.0,0.0,,0.0,,,-0.1244129265030637,,0.0,-0.02099981880284032,,-1.414411218582514e-17,-0.023144661130292676,,0.0,4.526115899464045e-16,,,,0.0,,,,,,,0.0,0.0,,,-9.330969496419917e-07,1.1023800503872583,21.77294964386795,0.0,0.789748586953435,0.0,0.0,,,0.0,,0.23837898095456836,-1.2441292650306366,0.0,0.0,,0.0,,0.0,0.0,12.099999999999994,0.0,0.0,0.0,,0.0,,0.0,,,0.0,0.0,1.6484712761654778,3.6609050000000707,0.0,0.45862402102173144,0.0,0.0,-0.0006958601506905065,-0.6220646325153183,,,,0.06297692228297719,56.480151908707036,21.394720568566157
2024-10-01,,0.0,0.0,0.0,0.0,0.0,0.0,0.0,0.0,0.0,0.0,0.0,0.0,-0.03421355478834251,0.0,,0.0,,0.0,-3.3283245878298804e-11,-0.01318928147015681,0.0,,,0.0,-0.2235194772672754,,0.0,,,0.0,0.0,0.0,0.0,0.0,0.0,,,0.0,,0.0,0.0,0.0,2.3318714814469224,0.0,0.0,0.0,0.06399956455473986,0.0,,0.0,0.0,0.062206463251531834,0.0,0.0,0.0,,0.0,0.0,0.8599246050630355,0.031103231625765917,0.0,8.951000000035391e-05,,0.0,3.110323163210248e-07,0.0,0.0,14.146134179341098,0.0,9.953034120245093,0.0,,0.0,0.0,9.330976810623212e-08,-0.0373238779509191,4.207607259495868,0.0,0.0,,0.0,1.5551678641410858,,0.0,0.0,0.0,0.0,0.0,0.0,,0.0,0.0,,0.031103231625765917,,0.0,-0.014999870573858771,,0.0,0.45910640415539117,0.0,0.0,0.0,,,,0.0,,0.0,0.0,,0.0,0.0,-2.0528132873114134e-05,0.014969882740811534,,,0.0,0.8189623028832531,7.480539236726748,0.0,9.003284426309217e-07,0.02488258530059825,0.0,,0.0,0.0,,0.2885616453848924,0.3110323162576881,0.0,0.0,,0.0,,0.0,0.0,,0.0,0.0,0.0,,1.2441292650306366,,0.0,0.0,,0.0,0.0,10.35737613138005,16.590594999999894,0.0,1.1172799629685084,0.0,0.0,0.000331641219305473,-0.6220646325153183,,,,0.1608723840822985,71.16555035085948,26.1453129918214
2024-11-01,,0.0,0.0,0.0,0.0,0.0,0.0,0.0,0.0,0.0,0.0,0.019320705421294864,0.0,-0.07464775590183095,0.0,,0.0,,0.0,4.4450079025456496e-11,0.012802123643276353,0.0,,,0.0,2.6371428123492286,,0.0,,,0.0,0.0,0.0,4.976517060122546,0.0,0.0,,,0.0,,0.0,0.0,0.0,1.586949084009836,0.0,0.0,0.0,0.0,0.0,,0.0,0.0,0.09330969487729775,0.0,0.0,0.031103231625765917,,0.0,0.0,1.237960977521481,0.0,0.0,-9.999999997559808e-07,,0.0,0.0,0.0,0.0,8.39690398432407,0.0,-0.031103231625765917,0.0,,0.0,0.0,0.0,4.143570433268023,5.066760038567391,0.0,0.0,,0.0,8.41886830891729,,0.0,0.0,0.0,0.0,0.0,0.0,,0.0,0.0,,0.062206463251531806,,0.0,-0.04199963760597031,,0.0,0.15130689558645158,0.0,0.0,0.0,,,,0.0,,0.0,0.0,,0.0,0.0,0.0,0.0,,,3.110323093055451e-07,0.71303262728997,21.04907443003326,0.0,1.5683389837905577,0.0,0.0,,0.0,0.0,,0.3011298763145855,-5.225342913128703,0.0,0.0,,0.0,,0.0,0.0,,0.0,0.0,0.0,,0.0,,0.0,0.0,,0.0,0.0,3.9190071848465053,3.01448324438104,0.0,-1.5026789961777367,0.0,0.0,-8.991446062398289e-11,9.019937171472115,,,,0.46032782806133604,70.00427993622169,34.26391259991856
2024-12-01,,0.0,0.0,0.0,0.0,0.0,0.0,0.0,0.0,0.0,0.0,0.0,0.0,-0.024882585300619976,0.0,,0.0,,1.990606824049019,-1.2752389915530587e-06,0.008442823854593034,0.0,,,0.0,1.4307486547852322,,0.0,,,0.0,0.0,0.0,10.264066436502752,0.0,0.0,,,0.0,,0.0,0.0,0.0,0.8373300985972371,0.0,0.0,0.0,0.0,0.0,,0.0,0.0,-5.25644614475444,0.0,-5.256446144754447,0.031103231625765917,,0.0,0.0,1.2200000000000029,0.031103231625780402,0.0,0.0,,0.0,-3.8512840979257625e-07,0.0,0.0,0.0,0.0,0.0,0.0,,0.0,0.0,0.0,-1.2440136543186926,-11.163098503934595,0.0,0.0,,9.330968120480684e-08,2.1967988865043138,,0.0,0.0,0.0,0.0,0.0,0.0,,0.0,0.0,,-0.09330969487729772,,0.0,-0.013999879201893545,,0.0,-0.06509781966346187,0.0,0.0,0.0,,,,0.0,,0.0,0.0,,0.0,0.0,0.0,0.004979960187865929,,,0.0,0.8150552393393968,0.0,0.031103231625707984,-0.3021808045211836,0.0,3.7077941448409455e-12,,0.0,0.0,,0.3011289863217277,-2.7370843830674008,0.0,0.0,,0.0,,0.0,0.0,19.599999999999994,0.0,0.0,0.0,,0.0,,0.0,0.0,,0.0,0.0,13.281079904202162,2.6231702727754964,0.0,0.12627200347176365,0.0,0.0,-3.048115711299475e-05,0.31103231625765915,,,,0.08397872538956798,29.031409164510883,-3.6361164504955372
2025-01-01,,0.0,0.0,0.0,0.0,0.0,0.0,0.0,0.0,0.0,0.0,0.0,0.0,-0.0373238779509191,0.0,,0.0,,0.0,-5.445822650235139e-11,,0.0,,,0.0,0.9953034120245093,,0.0,,,0.0,0.0,0.0,4.97651706012301,0.0,0.0,,,0.0,,0.0,0.0,0.0,1.6795745077913595,0.0,0.0,0.0,0.5109959254766652,0.0,,0.0,,0.3421355478815712,0.0,0.0,0.0,,0.0,0.0,0.08999999999999898,0.0,0.0,0.0,,0.0,5.360957977120188e-11,0.0,0.0,2.823930826412841,0.0,0.031103231625765917,0.0,,0.0,0.0,0.0,-2.9688266305869213,3.8368302696650667,0.0,0.0,,0.0,-1.9221797144723265,,0.0,0.0,0.0,0.0,0.0,0.0,,0.0,0.0,,0.031103231625765917,,0.0,-0.023999792917794565,,0.0,0.15961525302478863,0.0,0.0,0.0,,,,0.0,,0.0,0.0,,0.0,0.0,0.0,0.009969920064694734,0.0,0.0,0.0,0.4203230070603953,3.1103604864545193,0.0,1.2613479487443635,0.0,-3.1103231625761283,,0.0,0.0,,0.3179877734306915,0.0,0.0,0.31103231625765965,,0.0,0.0,0.0,0.0,,0.0,0.0,0.0,,0.0,,0.0,0.0,,0.0,0.0,-6.127336630275885,2.264678494205441,0.0,-0.40073468134833545,0.0,0.0,6.473265103525664e-11,8.086840222699138,,,,0.04328774882407074,16.71221269332789,11.637315480079309
2025-02-01,,0.0,0.0,0.0,0.0,0.0,0.0,0.0,0.0,0.0,0.0,0.0,0.0,-0.015551615812890201,0.0,,0.0,,0.0,5.6934917122538115e-11,,0.0,,,0.0,2.985910236073528,,0.0,,,0.0,0.0,0.0,4.976517060122084,0.0,0.0,,,0.0,,0.0,0.0,0.0,1.6795745077913669,0.0,0.0,0.0,0.5629952412055862,0.0,,0.0,,0.09330969487915165,0.0,0.0,0.0,,0.0,0.0,0.18999999999999825,0.031103231625765917,0.0,0.0,,0.0,0.0,0.0,0.0,0.0,0.0,0.0,0.0,,0.0,0.0,0.0,3.4372991819850127,-8.125909925041237,0.0,0.0,,0.0,0.0,,0.0,0.0,0.0,0.0,0.0,0.0,,0.0,0.0,,0.062206463251531806,,0.0,-0.010999905087547607,,0.0,-1.0264066436502743,0.0,0.0,0.0,,,0.0,0.0,,0.0,0.0,,0.0,0.0,0.0,0.0,0.0,0.0,-1.5551615754948676e-06,-0.3051656558116115,28.988544119934062,0.0,1.5531983238748512,0.0,0.0,,0.0,0.0,,0.3011226863711837,0.0,0.0,0.0,-0.06220646325153184,0.031103231625751432,0.0,0.0,0.0,,0.0,0.0,0.0,,0.0,,0.0,0.0,,0.0,0.0,3.017013467699062,2.7698394266999458,0.0,1.2460569272221809,0.0,0.0,-6.904916265775427e-05,-11.81922801779105,,,,0.040775617918883254,30.601030587566502,25.83915125501491
2025-03-01,,0.0,0.0,0.0,0.0,0.0,0.0,0.0,0.0,0.0,0.0,0.0,0.0,0.015551615812890201,0.0,,0.0,,0.0,5.286503370574005e-12,0.011172015952536626,0.0,,,0.0,1.9906068240490187,,0.0,,,0.0,0.0,0.0,2.799290846319396,0.0,0.0,,,0.0,,0.0,0.0,-0.031103231625765917,1.6793256819383533,0.0,0.0,0.0,0.3169976050511515,0.0,,0.0,,-0.3110323162558053,0.0,0.0,0.0,,0.0,-0.24882585300612733,0.20000000000000218,0.0,0.0,0.0,,0.0,0.0003827682044074315,0.0,0.0,0.575591116916992,0.0,0.0,0.0,,0.0,0.0,0.0,0.15062607694939806,10.739775123635338,0.0,0.0,,0.0,-1.9323131162327802,,0.0,0.0,0.0,0.0,0.0,0.0,,0.0,0.0,,-0.03110323162576589,,0.0,-0.015999861945201203,,0.0,0.6454776834313075,0.0,0.0,-4.288824608819363e-06,,,0.0,0.0,,0.0,0.0,,0.0,0.0,0.0,0.0,0.0,0.0,0.0,-3.1041975677272973,16.477633448415265,0.0,2.5957475570554383e-06,0.0,0.0,,0.0,0.0,,0.33876900962054063,-4.852104133619454,0.0,0.0,0.0,0.0,0.0,0.0,0.0,18.700000000000017,0.0,0.0,0.0,,0.0,,0.0,0.0,,0.00782090759229875,0.0,0.8397872538957957,1.2916638945650902,0.0,-0.6838297932758094,0.0,0.0,-3.6079983144854364e-05,-11.19716338527573,,,,0.028956148617772317,34.40171775732293,25.740186401667536
2025-04-01,,0.0,0.0,0.0,0.0,0.0,0.0,0.0,0.0,0.0,0.0,0.0,0.0,0.024882585300612735,0.0,,0.0,,,4.967864811251736e-12,-0.01744452735090607,0.0,,,0.0,0.9953034120245093,,0.0,,,0.0,0.0,0.0,2.177226213803151,0.0,0.0,,,0.0,,0.0,0.0,0.0,2.5172778451681057,0.0,0.0,0.0,0.0999990669030605,0.0,,0.0,,0.12441292650120978,0.0,0.0,0.0,,0.0,-0.1866193897545955,0.35999999999999954,0.0,0.0,0.0,,0.0,3.3093714775008745e-11,0.0,0.0,0.0,0.0,0.9953034120245093,0.0,,0.0,0.0,0.0,0.6688905477279089,0.9153541102920246,0.0,0.0,,0.0,2.250403222294801,,0.0,,0.0,0.0,0.0,3.110323165473306e-07,,0.0,0.0,,0.06220646325153186,,0.0,-0.05899949092283258,,0.0,-0.412578582314702,0.0,0.0,1.5862648126714619e-06,,,0.0,0.0,,0.0,0.0,,0.0595955957824042,0.0,,0.004984958477177564,0.0,0.0,0.0,0.6362345805729281,12.449150321918482,0.0,1.5598797076856226,0.0,0.0,,0.0,0.0,,0.33876760963142466,0.0,0.0,0.2488258530061269,0.0,0.0,0.0,0.0,0.0,,0.0,0.0,0.0,,0.0,,0.0,0.0,,0.0003583092283289501,0.0,2.6437746881901028,2.153760026492705,0.0,-0.7202378382622526,0.0,0.0,-9.019910286926693e-05,-11.19716338527573,,,,0.42780130130385635,19.12126124193189,15.541730646013658
2025-05-01,,0.0,0.0,0.0,0.0,0.0,0.0,0.0,0.0,0.0,0.0,0.0,0.0,-0.04043420111350293,0.0,,0.0,,,-2.8300897496168783e-11,0.010822964248762213,0.0,,,0.0,0.9953034120245093,,0.0,,,0.0,0.0,0.0,1.866193897545955,0.0,0.0,,,0.0,,0.0,0.0,0.0,1.6220646325153256,0.0,0.0,0.0,0.07599950234827835,0.0,,0.0,,-0.8708904855214457,0.0,0.0,0.0,,0.0,-0.8397872538956798,0.7899999999999976,0.031103231625751432,0.0,0.0,,0.0,0.0,0.0,0.0,0.0005971820471915319,0.0,0.0,0.0,,0.0,0.0,0.0,0.01884961587508896,7.353570339958398,0.0,0.0,,8.239246058314255e-05,1.2608316382071996,,0.0,,0.0,0.0,0.0,0.0,,0.0,0.0,,-0.031103231625765972,,0.0,-0.012999887830565595,,0.0,0.09420867158097698,0.0,0.0,0.0,,,0.0,0.0,,0.0,0.0,,0.0,0.0,,0.0,0.0,0.0,0.0,0.7865067649528584,6.215231003701371,-0.031103231625707984,0.00273433477091728,0.0,0.0,,0.0,0.0,,0.3764127328901107,-5.380859071257504,0.0,0.0,0.0,0.0,0.0,0.0,0.0,,-3.11032316094719e-07,0.0,0.0,,0.0,,0.0,0.0,,0.0003583092283289501,0.0,13.84093807346595,6.363199055769201,0.0,0.9203786410973194,0.0,0.0,-2.4510405556199755e-10,-0.9330969487729776,,,,0.2374198735215082,34.72253164688671,10.054733351995413
2025-06-01,,0.0,0.0,0.0,0.0,0.0,0.0,0.0,0.0,0.0,0.0,0.0,0.0,0.024882585300619976,0.0,,0.0,,,5.34878272535063e-11,-0.011530602404590426,0.0,,,0.0,0.0,,0.0,,,0.0,0.0,0.0,2.1772262138040777,6.220646439573394e-08,0.0,,,0.0,,0.0,0.0,0.0,1.5912724332058101,0.0,0.0,0.0,0.08800628285276639,0.0,,0.0,,0.031103231625765917,0.0,0.0,0.0,,0.0,0.0,0.8300000000000023,0.0,0.0,0.0,,0.0,0.0,0.0,0.0,0.3980149917577039,0.0,1.5862648129140617,0.0,,0.0,0.0,0.0,-0.11819228017791049,7.383448104258039,0.0,0.00161052533359027,,9.330969568837772e-08,1.1613716836179189,,0.0,,0.0,0.0,0.0,0.0,,0.0,0.0,,0.031103231625765972,,0.0,-0.005999948229285701,,0.0,0.44426263568784746,0.0,0.0,0.0,,,0.0,0.0,,0.0,0.0,,0.0,0.0,,0.0,0.0,0.0,-3.110323165473306e-07,0.7654235638082915,0.00013561008981186615,0.0,0.9339848265192274,0.0,0.0,,0.0,0.0,,0.4892927431028632,-5.598581692637894,0.0,0.0,0.09953034120245094,0.0,,0.0,0.0,15.799999999999983,0.0,0.0,0.0,,0.0,,0.0,0.0,,0.0003704394886629807,0.0,3.2036328574537736,2.314062546935588,0.0,-0.3551440481832706,0.0,0.0,-1.2441269849448732e-05,9.019937171472115,,,,0.03249274539376732,42.31796840908503,4.360243227271738
2025-07-01,,0.0,0.0,0.0,0.0,0.0,0.0,0.0,0.0,0.0,0.0,0.0,,0.021772262138036142,0.0,,0.13374389599079345,,,-4.6637098228077525e-12,0.016949101196075247,0.0,,,0.0,0.0,,0.0,,,0.0,0.0,0.0,1.8661938975454915,-6.220646439573394e-08,0.0,,,0.0,,0.0,0.0,0.0,1.6346925445553793,0.0,0.0,0.0,0.05499953345154126,0.0,,0.0,,0.31103231625765915,0.0,0.0,0.0,,0.0,0.0,1.4099999999999975,0.031103231625765917,0.0,6.86827268,,0.0,0.0,0.0,0.0,0.0,0.0,3.110323162576621,0.0,,0.0,0.0,0.0,-0.2985910236073383,2.5698531927467148,0.0,0.0,,0.006074865478525768,1.3510612422630848,,0.0,,0.0,0.0,0.0,-4.042798052987861e-08,,0.0,0.0,,0.0,,0.0,-0.004999956857943268,,0.0,0.04739597524182789,0.0,0.0,0.0,,,0.0,0.0,,0.0,0.0,,0.0,0.0,,0.0,0.0,0.0,0.0,0.7577268203166396,-0.14937557152185285,0.0,-0.923097645769646,0.0,0.0,,0.0,0.0,,0.4767391620571692,0.0,0.0,0.27992908463189325,0.0,0.0,,0.0,0.0,,0.0,0.0,0.0,,0.0,,0.0,0.0,,0.00037012845634643336,0.0,4.509968585736058,2.3395805926635376,0.0,0.035731204830653264,0.0,6.220649662167914e-07,-3.6701737878456713e-05,-0.6220646325153183,,,,0.02159693162218847,25.856945398797876,4.286671518770353
2025-08-01,,0.0,0.0,0.0,0.0,0.0,0.0,0.0,0.0,0.0,0.0,0.0,,-0.009330969487729775,0.0,,0.0,,,-3.856974924887281e-11,-0.011064831076949843,2.0528132873005576,,,0.0,0.0,,0.0,,,0.0,0.0,0.0,1.866193897545955,0.0,0.0,,,0.0,,0.0,0.0,0.0,1.6795745077913522,0.0,0.0,0.0,0.0,0.0,,0.0,,0.031103231627619816,0.0,0.0,0.0,,0.0,0.0,1.6200000000000034,0.0,0.0,0.0,,0.0,0.0,0.0,0.0,0.0,1.8288700195950214,2.488258530061273,0.0,,0.0,0.0,0.0,0.0009401573823361524,7.7350595626885745,0.0,0.0,,0.0,-0.00506142888246755,,0.0,,0.0,0.0,0.0,7.15312118225224e-08,,0.0,0.0,,0.03110323162576586,,0.0,-0.014999870573554617,,0.0,-0.09957133526173367,0.0,0.0014285714285730217,,,,0.0,0.0,,0.0,0.0,,0.0,0.0,,0.0,0.0,0.0,-9.330969496419917e-07,0.746929146838352,0.00455435289735733,0.0,3.231650329659335e-06,0.0,-3.110323162577055,,0.0,0.0,,0.5269264264514273,0.0,0.0,0.0,0.0,0.0,,0.0,,,0.0,0.0,0.0,,0.0,,0.0,0.0,,0.0003704394886629807,0.0,4.012316879723803,1.916608637411855,0.0,0.46194483566109706,0.0,-6.220649662167914e-07,-1.8039794497816252e-05,1.866193897545955,,,,0.04775678607539438,25.668578509468006,6.495484650554832
2025-09-01,,0.0,0.0,0.0,0.0,0.0,0.0,0.0,0.0,0.0,0.0,0.0,,0.034213554788349754,0.0,,0.0,,,15.489409349652268,-0.005616548089359518,0.0,,,0.0,0.0,,0.0,,,0.0,0.0,0.0,1.2441292650306366,0.0,-4.1793412335397074e-07,,,0.0,,0.0,0.0,0.0,1.5819414637180949,0.0,0.0,0.0,0.22399832042549278,0.4352894155702779,,0.0,,0.0,0.0,0.0,0.0,,0.0,0.0,1.0400000000000011,0.0,6.127336630275887,0.0,,0.0,0.0,0.0,0.0,0.19900905104039845,0.0,0.0,0.0,,0.0,0.0,0.0,0.6220646325153183,7.907208484961534,0.0,0.0,,3.11032323789116e-07,0.4087616248328265,,0.0,,0.0,0.0,0.0,0.0,,0.0,0.0,,0.0,,0.0,-0.01199989645889004,,0.0,0.4339725047432426,0.0,0.0,,,,0.0,0.0,,0.0,0.0,,0.0,0.0,,0.004989959876836046,0.0,0.0,0.0,0.7279168921650976,0.008405928275762017,0.0,0.7776602241970882,0.0,3.110323162577055,,0.0,0.0,,0.3763908430627292,0.5909614008895524,0.0,0.0,-0.06842710957668502,0.0,,0.0,,3.700000000000017,0.0,0.0,0.0,,0.0,,0.0,0.0,,,0.0,1.7106777394171255,2.265145884899084,0.0,-0.6466051538913333,0.0,6.220649662167914e-07,-1.046356384428775e-10,-4.354452427607228,,,,0.048547207941587796,43.9812529202913,13.06003729277494
2025-10-01,,0.0,0.0,0.0,0.0,0.0,0.0,0.0,0.0,0.0,0.0,0.0,,-0.0715374327392761,0.0,,0.0,,,15.98706105563499,0.012101590235638175,0.0,,,0.0,0.0,,0.0,,,0.0,0.0,0.0,0.933096948773441,0.0,,,,0.0,,0.0,0.0,0.0,2.3719635470125056,0.0,0.0,0.0,0.024245591116903144,0.0,,0.0,,0.18661938975274162,0.0,0.0,0.0,,0.0,0.0,0.9799999999999994,0.0,0.0,,,0.0,0.0,0.0,0.0,0.0,3.8940421759820874,3.763491026717647,0.0,,0.0,0.0,0.0,-0.546816086591379,0.6573434729868434,0.0,0.0,,-3.11032323789116e-07,1.6760717240521286,,0.0,,0.0,0.0,0.0,0.0,,0.0,0.0,,-0.03110323162576586,,0.0,-0.02099981880314447,,0.0,-0.6344200802463364,0.0,0.0,,,,0.0,0.0,,0.0,0.0,,0.0,0.0,,0.0,0.0,0.0,-3.11032323789116e-07,0.5037386706478674,15.563775123635473,0.0,-0.15352590421262727,0.0,-3.110323162577055,,0.0,0.0,,0.4642252206998345,0.0,0.0,0.21772262138036141,0.0777580790644148,0.031103231625780402,,0.0,,,0.0,0.0,0.0,,,,0.0,0.0,,,0.0,1.119716338527689,2.9997032983195595,0.0,0.16185452737302491,0.0,0.0,-0.000297657849208411,9.330969487729774,,,,0.04691392649155579,56.434493051050815,14.043892382818703
2025-11-01,,,,0.0,0.0,0.0,0.0,0.0,0.0,,,0.0,,0.024882585300619976,0.0,,0.0,,,11.31588442040776,-0.009444777879351354,0.0,,,0.0,0.0,,0.0,,,0.0,0.0,0.0,0.933096948772514,0.0,,,,0.0,,0.0,0.0,0.0,1.574134552580042,0.0,0.0,0.0,0.3339970762962515,0.0,,0.0,,0.0,0.0,0.0,-0.031103231625765917,,0.0,0.0,,0.031103231625765917,0.0,,,0.0,,0.0,0.0,-1.200865304717372e-07,0.6220646325153183,0.0,0.0,,0.0,0.0,0.0,-1.7876960903238046,8.01624926129824,0.0,0.0,,0.0,1.8105470747410648,,0.0,,0.0,0.0,0.0,1.3063357287746098e-06,,0.0,0.0,,0.0,,0.0,-0.01799984468820471,,0.0,0.054724269851637655,0.0,0.0,,,,0.0,0.0,,0.0,,,0.0,0.0,,0.004989959876843288,0.0,0.0,-3.110323093055451e-07,0.369263662094506,12.44545525800126,0.0,-0.6207011732353507,0.0,0.0,,0.0,0.0,,0.2509264220481472,0.09330969487732672,0.0,0.0,-0.10886131069018072,0.0,,0.0,,,0.0,0.0,0.0,,,,0.0,0.0,,,,4.883207365245133,-1.031658795147564,0.0,0.9364747311959323,0.0,0.0,-2.705997161862012e-05,9.642001803987434,,,,0.3853957431243195,50.12021728549517,21.488111042862812
2025-12-01,,,,0.0,0.0,0.0,0.0,0.031103231625765917,0.0,,,0.0,,0.06531678641410843,0.0,,0.0,,,-3.736761286597516e-12,0.011448744387671307,0.0,,,0.0,0.0016105875400492344,,0.0,,,0.0,0.0,0.0,0.933096948773441,0.0,,,,0.0,,0.0,0.0,0.0,0.8191969145594082,0.0,0.0,0.0,0.18451650026438152,0.0,,0.0,,0.12441292650306367,0.0,0.0,0.031103231625765917,,0.0,0.0,,0.0,0.0,,,0.0,,0.0,0.0,0.16175994093186533,0.6220646325153183,,0.0,,0.0,0.0,0.0,,8.0023978103325,0.0,0.0,,0.0,1.6809985381481132,,0.0,,,0.0,0.0,0.00019890516624644717,,0.0,0.0,,0.062206463251531834,,0.0,0.02699976703245914,,0.0,0.7472409567354046,0.0,0.0,,,,0.0,0.0,,0.0,,,0.0,0.0,,0.004989959876821563,,,-3.110323165473306e-07,0.19793639389130005,6.865447668812714,0.0,-1.0567879846728514e-06,0.0,0.0,,0.0,,,0.10037252880407918,-11.25936984852729,0.0,0.0,0.0,0.0,,0.0,,15.199999999999989,0.0,0.0,0.0,,,,0.0,0.0,,,,6.593885104662374,,0.0,-0.8438977628002352,0.0,0.0,-3.607963369102701e-05,9.953034120245093,,,,0.05795796409847336,40.37599156741268,4.7033325203232295
2026-01-01,,,,0.0,0.0,,0.0,0.0,0.0,,,0.0,,-0.04665484743864887,0.0,,,,,4.055399845919784e-12,,-1.8848558365214219,,,,1.0499917210973235,,0.0,,,,0.0,0.0,1.2441292650301732,0.0,,,,0.0,,0.0,,0.0,1.6788591334639669,0.0,0.0,0.0,0.06499953345151982,0.289197847656371,,0.0,,42.98466610681035,,0.0,0.0,,,0.0,,0.0,0.0,,,,,0.0,0.0,0.0006074461136882863,1.5085014463002728,,0.0,,0.0,,0.0,,-1.1389679636713903,,0.0,,0.0,-1.065034244658019,,0.0,,,0.0,0.0,0.0,,3.421355478834251,0.0,,0.03110323162576586,,0.0,-0.008999922344254431,,0.0,0.07682050325028769,,3.110323165473306e-07,,,,,0.0,,0.0,,,0.0,0.0,,0.004984961587509927,,,0.0,0.1472307548754436,0.0032912506611114498,0.0,0.02350069723556913,0.0,-9.330969487729774,,,,,0.5771340906845767,0.09330969487732672,0.0,0.0,,0.0,,0.0,,,,0.0,0.0,,,,0.0,0.0,,,,10.170756741625455,,0.0,,0.0,0.0,-0.00012068048540916981,8.708904855214456,,,,,58.60374208858288,-9.128599794718864
2026-02-01,,,,0.0,0.0,,0.0,0.0,,,,,,,0.0,,,,,5.9092969183402575e-12,,0.0,,,,0.6400041603682626,,0.0,,,,,,0.9330969487729776,,,,,0.0,,0.0,,0.0,1.677926036515194,,,,0.0,0.0,,0.0,,,,0.0,0.0,,,0.0,,0.0,0.0,,,,,0.0,0.0,0.0,0.0,,0.0,,0.0,,0.0,,,,,,,,,0.0,,,0.0,0.0,0.0002852166340077665,,1.5551615812882886,,,0.0933096948772978,,0.0,-0.014999870573540132,,0.0,,,,,,,,0.0,,,,,,,,,,,,0.3159480576031877,20.22704581506007,0.0,,0.0,-6.220646325161063,,,,,0.41320534886877813,0.11029205934496594,0.0,0.0,,0.0,,0.0,,,,0.0,,,,,0.0,,,,,0.9330969487729776,-8.080773866803725,0.0,,0.0,-6.220649662167914e-07,-3.6079804356614454e-05,7.77580790644148,,,,,20.358723010145745,15.04978849801695
