2026-03-12 05:05:01 === 开始采集 ===
/Users/yhdong/Gold/scripts/daily_options_collect.sh: line 21: conda: command not found
2026-03-12 05:05:01 === 采集完成 ===

2026-03-13 05:05:00 === 开始采集 ===
/Users/yhdong/Gold/scripts/daily_options_collect.sh: line 21: conda: command not found
2026-03-13 05:05:01 === 采集完成 ===

2026-03-14 05:05:01 === 开始采集 ===
/Users/yhdong/Gold/scripts/daily_options_collect.sh: line 21: conda: command not found
2026-03-14 05:05:01 === 采集完成 ===

2026-03-17 05:05:00 === 开始采集 ===
/Users/yhdong/Gold/scripts/daily_options_collect.sh: line 21: conda: command not found
2026-03-17 05:05:00 === 采集完成 ===

2026-03-18 05:05:00 === 开始采集 ===
2026-03-18 05:05:00 启动 OpenD...
/Users/yhdong/Gold/scripts/daily_options_collect.sh: line 21: conda: command not found
2026-03-18 05:05:10 === 采集完成 ===

2026-03-19 05:05:00 === 开始采集 ===
/Users/yhdong/Gold/scripts/daily_options_collect.sh: line 21: conda: command not found
2026-03-19 05:05:00 === 采集完成 ===

2026-03-20 05:05:00 === 开始采集 ===
2026-03-20 05:05:00 启动 OpenD...
/Users/yhdong/Gold/scripts/daily_options_collect.sh: line 21: conda: command not found
2026-03-20 05:05:10 === 采集完成 ===

2026-03-21 05:05:01 === 开始采集 ===
/Users/yhdong/Gold/scripts/daily_options_collect.sh: line 21: conda: command not found
2026-03-21 05:05:01 === 采集完成 ===

2026-03-24 05:05:01 === 开始采集 ===
/Users/yhdong/Gold/scripts/daily_options_collect.sh: line 21: conda: command not found
2026-03-24 05:05:01 === 采集完成 ===

2026-03-25 05:05:00 === 开始采集 ===
2026-03-25 05:05:01 启动 OpenD...
/Users/yhdong/Gold/scripts/daily_options_collect.sh: line 21: conda: command not found
2026-03-25 05:05:11 === 采集完成 ===

2026-03-26 05:05:00 === 开始采集 ===
/Users/yhdong/Gold/scripts/daily_options_collect.sh: line 21: conda: command not found
2026-03-26 05:05:00 === 采集完成 ===

2026-03-27 05:05:00 === 开始采集 ===
/Users/yhdong/Gold/scripts/daily_options_collect.sh: line 21: conda: command not found
2026-03-27 05:05:00 === 采集完成 ===

2026-03-28 05:05:00 === 开始采集 ===
2026-03-28 05:05:01 启动 OpenD...
/Users/yhdong/Gold/scripts/daily_options_collect.sh: line 21: conda: command not found
2026-03-28 05:05:11 === 采集完成 ===

2026-03-31 05:05:00 === 开始采集 ===
2026-03-31 05:05:00 启动 OpenD...
/Users/yhdong/Gold/scripts/daily_options_collect.sh: line 21: conda: command not found
2026-03-31 05:05:10 === 采集完成 ===

2026-04-01 05:05:00 === 开始采集 ===
/Users/yhdong/Gold/scripts/daily_options_collect.sh: line 21: conda: command not found
2026-04-01 05:05:00 === 采集完成 ===

2026-04-02 05:05:01 === 开始采集 ===
/Users/yhdong/Gold/scripts/daily_options_collect.sh: line 21: conda: command not found
2026-04-02 05:05:01 === 采集完成 ===

2026-04-03 05:05:00 === 开始采集 ===
/Users/yhdong/Gold/scripts/daily_options_collect.sh: line 21: conda: command not found
2026-04-03 05:05:00 === 采集完成 ===

2026-04-04 05:05:01 === 开始采集 ===
/Users/yhdong/Gold/scripts/daily_options_collect.sh: line 21: conda: command not found
2026-04-04 05:05:01 === 采集完成 ===

2026-04-07 05:05:01 === 开始采集 ===
/Users/yhdong/Gold/scripts/daily_options_collect.sh: line 21: conda: command not found
2026-04-07 05:05:01 === 采集完成 ===

2026-04-09 05:05:00 === 开始采集 ===
2026-04-09 05:05:01 启动 OpenD...
/Users/yhdong/Gold/scripts/daily_options_collect.sh: line 21: conda: command not found
2026-04-09 05:05:11 === 采集完成 ===

2026-04-10 05:05:00 === 开始采集 ===
/Users/yhdong/Gold/scripts/daily_options_collect.sh: line 21: conda: command not found
2026-04-10 05:05:00 === 采集完成 ===

2026-04-11 05:05:00 === 开始采集 ===
/Users/yhdong/Gold/scripts/daily_options_collect.sh: line 21: conda: command not found
2026-04-11 05:05:00 === 采集完成 ===

2026-04-14 05:05:00 === 开始采集 ===
/Users/yhdong/Gold/scripts/daily_options_collect.sh: line 21: conda: command not found
2026-04-14 05:05:00 === 采集完成 ===

2026-04-15 05:05:00 === 开始采集 ===
2026-04-15 05:05:00 启动 OpenD...
/Users/yhdong/Gold/scripts/daily_options_collect.sh: line 21: conda: command not found
2026-04-15 05:05:10 === 采集完成 ===

2026-04-16 05:05:00 === 开始采集 ===
2026-04-16 05:05:00 启动 OpenD...
/Users/yhdong/Gold/scripts/daily_options_collect.sh: line 21: conda: command not found
2026-04-16 05:05:10 === 采集完成 ===

2026-04-17 05:05:00 === 开始采集 ===
2026-04-17 05:05:00 启动 OpenD...
/Users/yhdong/Gold/scripts/daily_options_collect.sh: line 21: conda: command not found
2026-04-17 05:05:10 === 采集完成 ===

2026-04-18 05:05:00 === 开始采集 ===
2026-04-18 05:05:00 启动 OpenD...
/Users/yhdong/Gold/scripts/daily_options_collect.sh: line 21: conda: command not found
2026-04-18 05:05:10 === 采集完成 ===

2026-04-21 05:05:01 === 开始采集 ===
2026-04-21 05:05:01 启动 OpenD...
/Users/yhdong/Gold/scripts/daily_options_collect.sh: line 21: conda: command not found
2026-04-21 05:05:11 === 采集完成 ===

2026-04-22 05:05:00 === 开始采集 ===
/Users/yhdong/Gold/scripts/daily_options_collect.sh: line 21: conda: command not found
2026-04-22 05:05:00 === 采集完成 ===

2026-04-23 05:05:00 === 开始采集 ===
2026-04-23 05:05:01 启动 OpenD...
/Users/yhdong/Gold/scripts/daily_options_collect.sh: line 21: conda: command not found
2026-04-23 05:05:11 === 采集完成 ===

2026-04-24 05:05:01 === 开始采集 ===
2026-04-24 05:05:01 启动 OpenD...
/Users/yhdong/Gold/scripts/daily_options_collect.sh: line 21: conda: command not found
2026-04-24 05:05:11 === 采集完成 ===

2026-04-25 05:05:01 === 开始采集 ===
/Users/yhdong/Gold/scripts/daily_options_collect.sh: line 21: conda: command not found
2026-04-25 05:05:01 === 采集完成 ===

2026-04-28 05:05:01 === 开始采集 ===
2026-04-28 05:05:01 启动 OpenD...
/Users/yhdong/Gold/scripts/daily_options_collect.sh: line 21: conda: command not found
2026-04-28 05:05:11 === 采集完成 ===

2026-04-29 05:05:00 === 开始采集 ===
2026-04-29 05:05:00 启动 OpenD...
/Users/yhdong/Gold/scripts/daily_options_collect.sh: line 21: conda: command not found
2026-04-29 05:05:10 === 采集完成 ===

2026-04-30 05:05:00 === 开始采集 ===
/Users/yhdong/Gold/scripts/daily_options_collect.sh: line 21: conda: command not found
2026-04-30 05:05:00 === 采集完成 ===

2026-05-01 05:05:01 === 开始采集 ===
/Users/yhdong/Gold/scripts/daily_options_collect.sh: line 21: conda: command not found
2026-05-01 05:05:01 === 采集完成 ===

2026-05-02 05:05:01 === 开始采集 ===
/Users/yhdong/Gold/scripts/daily_options_collect.sh: line 21: conda: command not found
2026-05-02 05:05:01 === 采集完成 ===

2026-05-05 05:05:00 === 开始采集 ===
/Users/yhdong/Gold/scripts/daily_options_collect.sh: line 21: conda: command not found
2026-05-05 05:05:00 === 采集完成 ===

2026-05-06 05:05:01 === 开始采集 ===
/Users/yhdong/Gold/scripts/daily_options_collect.sh: line 21: conda: command not found
2026-05-06 05:05:01 === 采集完成 ===

2026-05-07 05:05:01 === 开始采集 ===
/Users/yhdong/Gold/scripts/daily_options_collect.sh: line 21: conda: command not found
2026-05-07 05:05:01 === 采集完成 ===

2026-05-08 05:05:00 === 开始采集 ===
/Users/yhdong/Gold/scripts/daily_options_collect.sh: line 21: conda: command not found
2026-05-08 05:05:00 === 采集完成 ===

2026-05-09 05:05:00 === 开始采集 ===
/Users/yhdong/Gold/scripts/daily_options_collect.sh: line 21: conda: command not found
2026-05-09 05:05:00 === 采集完成 ===

2026-05-12 05:05:01 === 开始采集 ===
/Users/yhdong/Gold/scripts/daily_options_collect.sh: line 21: conda: command not found
2026-05-12 05:05:01 === 采集完成 ===

2026-05-14 05:05:00 === 开始采集 ===
/Users/yhdong/Gold/scripts/daily_options_collect.sh: line 21: conda: command not found
2026-05-14 05:05:00 === 采集完成 ===

2026-05-15 05:05:01 === 开始采集 ===
/Users/yhdong/Gold/scripts/daily_options_collect.sh: line 21: conda: command not found
2026-05-15 05:05:01 === 采集完成 ===

2026-05-15 10:54:02 === 开始采集 ===
<frozen runpy>:128: RuntimeWarning: 'src.data.options.options_archive' found in sys.modules after import of package 'src.data.options', but prior to execution of 'src.data.options.options_archive'; this may result in unpredictable behaviour
2026-05-15 10:54:03,314 [INFO] __main__ - === 日终全链快照开始 ===
2026-05-15 10:54:03,448 | 68206 | 8619895872 | [open_context_base.py:409] _init_connect_sync: New connect ready: conn=7460885179928385905(1) context=<moomoo.quote.open_quote_context.OpenQuoteContext object at 0x108377f10>
2026-05-15 10:54:03,448 [INFO] src.data.options.moomoo_data - 已连接 Moomoo OpenD (127.0.0.1:11111)
2026-05-15 10:54:03,479 [INFO] src.data.options.moomoo_data - US.GLD 期权到期日: 26 个
2026-05-15 10:54:03,483 [INFO] __main__ - 获取 26 个到期日: 2026-05-15 ~ 2028-12-15
2026-05-15 10:54:03,484 [INFO] __main__ -   批次: 2026-05-15 ~ 2026-06-12 (8 个到期日)
2026-05-15 10:54:03,998 [INFO] src.data.options.moomoo_data - US.GLD 期权链: 2316 个合约 (2026-05-15 ~ 2026-06-12)
2026-05-15 10:54:07,504 [INFO] __main__ -   批次: 2026-06-18 ~ 2026-07-17 (4 个到期日)
2026-05-15 10:54:07,799 [INFO] src.data.options.moomoo_data - US.GLD 期权链: 1354 个合约 (2026-06-18 ~ 2026-07-17)
2026-05-15 10:54:11,304 [INFO] __main__ -   批次: 2026-08-21 ~ 2026-09-18 (2 个到期日)
2026-05-15 10:54:11,462 [INFO] src.data.options.moomoo_data - US.GLD 期权链: 634 个合约 (2026-08-21 ~ 2026-09-18)
2026-05-15 10:54:14,966 [INFO] __main__ -   批次: 2026-09-30 ~ 2026-10-16 (2 个到期日)
2026-05-15 10:54:15,103 [INFO] src.data.options.moomoo_data - US.GLD 期权链: 530 个合约 (2026-09-30 ~ 2026-10-16)
2026-05-15 10:54:18,607 [INFO] __main__ -   批次: 2026-11-20 ~ 2026-12-18 (2 个到期日)
2026-05-15 10:54:18,765 [INFO] src.data.options.moomoo_data - US.GLD 期权链: 504 个合约 (2026-11-20 ~ 2026-12-18)
2026-05-15 10:54:22,270 [INFO] __main__ -   批次: 2026-12-31 ~ 2027-01-15 (2 个到期日)
2026-05-15 10:54:22,445 [INFO] src.data.options.moomoo_data - US.GLD 期权链: 760 个合约 (2026-12-31 ~ 2027-01-15)
2026-05-15 10:54:25,949 [INFO] __main__ -   批次: 2027-03-19 ~ 2027-03-31 (2 个到期日)
2026-05-15 10:54:26,078 [INFO] src.data.options.moomoo_data - US.GLD 期权链: 498 个合约 (2027-03-19 ~ 2027-03-31)
2026-05-15 10:54:29,583 [INFO] __main__ -   批次: 2027-06-17 ~ 2027-06-17 (1 个到期日)
2026-05-15 10:54:29,674 [INFO] src.data.options.moomoo_data - US.GLD 期权链: 328 个合约 (2027-06-17 ~ 2027-06-17)
2026-05-15 10:54:33,179 [INFO] __main__ -   批次: 2028-01-21 ~ 2028-01-21 (1 个到期日)
2026-05-15 10:54:33,286 [INFO] src.data.options.moomoo_data - US.GLD 期权链: 332 个合约 (2028-01-21 ~ 2028-01-21)
2026-05-15 10:54:36,792 [INFO] __main__ -   批次: 2028-06-16 ~ 2028-06-16 (1 个到期日)
2026-05-15 10:54:36,910 [INFO] src.data.options.moomoo_data - US.GLD 期权链: 274 个合约 (2028-06-16 ~ 2028-06-16)
2026-05-15 10:54:40,415 [INFO] __main__ -   批次: 2028-12-15 ~ 2028-12-15 (1 个到期日)
2026-05-15 10:54:40,585 [INFO] src.data.options.moomoo_data - US.GLD 期权链: 276 个合约 (2028-12-15 ~ 2028-12-15)
2026-05-15 10:54:40,590 [INFO] __main__ - 期权链合计: 7806 个合约
2026-05-15 10:54:40,590 [INFO] __main__ - 获取 7806 个合约的快照...
2026-05-15 10:54:43,305 [INFO] src.data.options.moomoo_data - 期权快照: 7806 个合约
2026-05-15 10:54:43,310 [INFO] __main__ - 完整快照: 7806 个合约, 35 个字段
2026-05-15 10:54:43,369 [INFO] __main__ - 已保存 Parquet -> /Users/yhdong/Gold/data/raw/options_history/2026-05-15/eod_full.parquet
2026-05-15 10:54:43,431 [INFO] __main__ - 已保存 CSV -> /Users/yhdong/Gold/data/raw/options_history/2026-05-15/eod_full.csv
2026-05-15 10:54:43,437 [INFO] src.data.options.moomoo_data - 已关闭 Moomoo 连接

==================================================
  日终全链快照
==================================================
  合约数: 7806
  Call: 3903 | Put: 3903
  到期日: 26 个
  IV: mean=0.4375, min=0.1717, max=8.5652
  Spread%: median=6.12%, mean=34.33%
  OI: total=5103086, median=37, max=100887
  DTE: 1 ~ 946 天
  内存占用: 5.27 MB

存档完成: /Users/yhdong/Gold/data/raw/options_history/2026-05-15/eod_full.parquet
2026-05-15 10:54:43,437 | 68206 | 6200897536 | [open_context_base.py:516] on_disconnect: Disconnected: conn=0(1) reason=CallClose
2026-05-15 10:54:43 === 采集完成 ===

2026-05-19 05:05:01 === 开始采集 ===
<frozen runpy>:128: RuntimeWarning: 'src.data.options.options_archive' found in sys.modules after import of package 'src.data.options', but prior to execution of 'src.data.options.options_archive'; this may result in unpredictable behaviour
2026-05-19 05:05:04,437 [INFO] __main__ - === 日终全链快照开始 ===
2026-05-19 05:05:04,915 | 93383 | 8808983616 | [open_context_base.py:409] _init_connect_sync: New connect ready: conn=7462246908802048153(1) context=<moomoo.quote.open_quote_context.OpenQuoteContext object at 0x1046e4110>
2026-05-19 05:05:04,915 [INFO] src.data.options.moomoo_data - 已连接 Moomoo OpenD (127.0.0.1:11111)
2026-05-19 05:05:04,973 [INFO] src.data.options.moomoo_data - US.GLD 期权到期日: 26 个
2026-05-19 05:05:04,981 [INFO] __main__ - 获取 26 个到期日: 2026-05-18 ~ 2028-12-15
2026-05-19 05:05:04,982 [INFO] __main__ -   批次: 2026-05-18 ~ 2026-06-12 (8 个到期日)
2026-05-19 05:05:05,667 [INFO] src.data.options.moomoo_data - US.GLD 期权链: 1910 个合约 (2026-05-18 ~ 2026-06-12)
2026-05-19 05:05:09,311 [INFO] __main__ -   批次: 2026-06-18 ~ 2026-07-17 (4 个到期日)
2026-05-19 05:05:10,674 [INFO] src.data.options.moomoo_data - US.GLD 期权链: 1430 个合约 (2026-06-18 ~ 2026-07-17)
2026-05-19 05:05:14,324 [INFO] __main__ -   批次: 2026-08-21 ~ 2026-09-18 (2 个到期日)
2026-05-19 05:05:14,527 [INFO] src.data.options.moomoo_data - US.GLD 期权链: 634 个合约 (2026-08-21 ~ 2026-09-18)
2026-05-19 05:05:18,175 [INFO] __main__ -   批次: 2026-09-30 ~ 2026-10-16 (2 个到期日)
2026-05-19 05:05:18,430 [INFO] src.data.options.moomoo_data - US.GLD 期权链: 530 个合约 (2026-09-30 ~ 2026-10-16)
2026-05-19 05:05:22,079 [INFO] __main__ -   批次: 2026-11-20 ~ 2026-12-18 (2 个到期日)
2026-05-19 05:05:22,258 [INFO] src.data.options.moomoo_data - US.GLD 期权链: 504 个合约 (2026-11-20 ~ 2026-12-18)
2026-05-19 05:05:25,908 [INFO] __main__ -   批次: 2026-12-31 ~ 2027-01-15 (2 个到期日)
2026-05-19 05:05:26,191 [INFO] src.data.options.moomoo_data - US.GLD 期权链: 760 个合约 (2026-12-31 ~ 2027-01-15)
2026-05-19 05:05:29,840 [INFO] __main__ -   批次: 2027-03-19 ~ 2027-03-31 (2 个到期日)
2026-05-19 05:05:30,037 [INFO] src.data.options.moomoo_data - US.GLD 期权链: 498 个合约 (2027-03-19 ~ 2027-03-31)
2026-05-19 05:05:33,679 [INFO] __main__ -   批次: 2027-06-17 ~ 2027-06-17 (1 个到期日)
2026-05-19 05:05:33,797 [INFO] src.data.options.moomoo_data - US.GLD 期权链: 328 个合约 (2027-06-17 ~ 2027-06-17)
2026-05-19 05:05:37,444 [INFO] __main__ -   批次: 2028-01-21 ~ 2028-01-21 (1 个到期日)
2026-05-19 05:05:37,567 [INFO] src.data.options.moomoo_data - US.GLD 期权链: 332 个合约 (2028-01-21 ~ 2028-01-21)
2026-05-19 05:05:41,216 [INFO] __main__ -   批次: 2028-06-16 ~ 2028-06-16 (1 个到期日)
2026-05-19 05:05:41,342 [INFO] src.data.options.moomoo_data - US.GLD 期权链: 274 个合约 (2028-06-16 ~ 2028-06-16)
2026-05-19 05:05:44,986 [INFO] __main__ -   批次: 2028-12-15 ~ 2028-12-15 (1 个到期日)
2026-05-19 05:05:45,195 [INFO] src.data.options.moomoo_data - US.GLD 期权链: 276 个合约 (2028-12-15 ~ 2028-12-15)
2026-05-19 05:05:45,202 [INFO] __main__ - 期权链合计: 7476 个合约
2026-05-19 05:05:45,202 [INFO] __main__ - 获取 7476 个合约的快照...
2026-05-19 05:05:49,354 [INFO] src.data.options.moomoo_data - 期权快照: 7476 个合约
2026-05-19 05:05:49,370 [INFO] __main__ - 完整快照: 7476 个合约, 35 个字段
2026-05-19 05:05:49,552 [INFO] __main__ - 已保存 Parquet -> /Users/yhdong/Gold/data/raw/options_history/2026-05-19/eod_full.parquet
2026-05-19 05:05:49,740 [INFO] __main__ - 已保存 CSV -> /Users/yhdong/Gold/data/raw/options_history/2026-05-19/eod_full.csv
2026-05-19 05:05:49,763 [INFO] src.data.options.moomoo_data - 已关闭 Moomoo 连接

==================================================
  日终全链快照
==================================================
  合约数: 7476
  Call: 3738 | Put: 3738
  到期日: 26 个
  IV: mean=0.7597, min=0.1835, max=61.6049
  Spread%: median=6.50%, mean=35.81%
  OI: total=4437187, median=36, max=100886
  DTE: 0 ~ 942 天
  内存占用: 5.04 MB

存档完成: /Users/yhdong/Gold/data/raw/options_history/2026-05-19/eod_full.parquet
2026-05-19 05:05:49,766 | 93383 | 6156840960 | [open_context_base.py:516] on_disconnect: Disconnected: conn=0(1) reason=CallClose
2026-05-19 05:05:50 === 采集完成 ===

2026-05-20 05:05:00 === 开始采集 ===
<frozen runpy>:128: RuntimeWarning: 'src.data.options.options_archive' found in sys.modules after import of package 'src.data.options', but prior to execution of 'src.data.options.options_archive'; this may result in unpredictable behaviour
2026-05-20 05:05:03,669 [INFO] __main__ - === 日终全链快照开始 ===
2026-05-20 05:05:04,126 | 94999 | 8808983616 | [open_context_base.py:409] _init_connect_sync: New connect ready: conn=7462609293343070801(1) context=<moomoo.quote.open_quote_context.OpenQuoteContext object at 0x103b8cc10>
2026-05-20 05:05:04,127 [INFO] src.data.options.moomoo_data - 已连接 Moomoo OpenD (127.0.0.1:11111)
2026-05-20 05:05:04,164 [INFO] src.data.options.moomoo_data - US.GLD 期权到期日: 26 个
2026-05-20 05:05:04,172 [INFO] __main__ - 获取 26 个到期日: 2026-05-20 ~ 2028-12-15
2026-05-20 05:05:04,174 [INFO] __main__ -   批次: 2026-05-20 ~ 2026-06-18 (9 个到期日)
2026-05-20 05:05:04,809 [INFO] src.data.options.moomoo_data - US.GLD 期权链: 2474 个合约 (2026-05-20 ~ 2026-06-18)
2026-05-20 05:05:08,460 [INFO] __main__ -   批次: 2026-06-26 ~ 2026-07-17 (3 个到期日)
2026-05-20 05:05:08,648 [INFO] src.data.options.moomoo_data - US.GLD 期权链: 872 个合约 (2026-06-26 ~ 2026-07-17)
2026-05-20 05:05:12,296 [INFO] __main__ -   批次: 2026-08-21 ~ 2026-09-18 (2 个到期日)
2026-05-20 05:05:12,393 [INFO] src.data.options.moomoo_data - US.GLD 期权链: 634 个合约 (2026-08-21 ~ 2026-09-18)
2026-05-20 05:05:16,033 [INFO] __main__ -   批次: 2026-09-30 ~ 2026-10-16 (2 个到期日)
2026-05-20 05:05:16,130 [INFO] src.data.options.moomoo_data - US.GLD 期权链: 530 个合约 (2026-09-30 ~ 2026-10-16)
2026-05-20 05:05:19,767 [INFO] __main__ -   批次: 2026-11-20 ~ 2026-12-18 (2 个到期日)
2026-05-20 05:05:19,854 [INFO] src.data.options.moomoo_data - US.GLD 期权链: 504 个合约 (2026-11-20 ~ 2026-12-18)
2026-05-20 05:05:23,498 [INFO] __main__ -   批次: 2026-12-31 ~ 2027-01-15 (2 个到期日)
2026-05-20 05:05:23,689 [INFO] src.data.options.moomoo_data - US.GLD 期权链: 760 个合约 (2026-12-31 ~ 2027-01-15)
2026-05-20 05:05:27,340 [INFO] __main__ -   批次: 2027-03-19 ~ 2027-03-31 (2 个到期日)
2026-05-20 05:05:27,482 [INFO] src.data.options.moomoo_data - US.GLD 期权链: 498 个合约 (2027-03-19 ~ 2027-03-31)
2026-05-20 05:05:31,129 [INFO] __main__ -   批次: 2027-06-17 ~ 2027-06-17 (1 个到期日)
2026-05-20 05:05:31,192 [INFO] src.data.options.moomoo_data - US.GLD 期权链: 328 个合约 (2027-06-17 ~ 2027-06-17)
2026-05-20 05:05:34,842 [INFO] __main__ -   批次: 2028-01-21 ~ 2028-01-21 (1 个到期日)
2026-05-20 05:05:34,910 [INFO] src.data.options.moomoo_data - US.GLD 期权链: 332 个合约 (2028-01-21 ~ 2028-01-21)
2026-05-20 05:05:38,558 [INFO] __main__ -   批次: 2028-06-16 ~ 2028-06-16 (1 个到期日)
2026-05-20 05:05:38,626 [INFO] src.data.options.moomoo_data - US.GLD 期权链: 274 个合约 (2028-06-16 ~ 2028-06-16)
2026-05-20 05:05:42,276 [INFO] __main__ -   批次: 2028-12-15 ~ 2028-12-15 (1 个到期日)
2026-05-20 05:05:42,342 [INFO] src.data.options.moomoo_data - US.GLD 期权链: 276 个合约 (2028-12-15 ~ 2028-12-15)
2026-05-20 05:05:42,351 [INFO] __main__ - 期权链合计: 7482 个合约
2026-05-20 05:05:42,352 [INFO] __main__ - 获取 7482 个合约的快照...
2026-05-20 05:05:46,509 [INFO] src.data.options.moomoo_data - 期权快照: 7482 个合约
2026-05-20 05:05:46,524 [INFO] __main__ - 完整快照: 7482 个合约, 35 个字段
2026-05-20 05:05:46,728 [INFO] __main__ - 已保存 Parquet -> /Users/yhdong/Gold/data/raw/options_history/2026-05-20/eod_full.parquet
2026-05-20 05:05:46,917 [INFO] __main__ - 已保存 CSV -> /Users/yhdong/Gold/data/raw/options_history/2026-05-20/eod_full.csv
2026-05-20 05:05:46,948 [INFO] src.data.options.moomoo_data - 已关闭 Moomoo 连接

==================================================
  日终全链快照
==================================================
  合约数: 7482
  Call: 3741 | Put: 3741
  到期日: 26 个
  IV: mean=0.3937, min=0.0001, max=2.7864
  Spread%: median=6.38%, mean=32.47%
  OI: total=4450673, median=34, max=100981
  DTE: 1 ~ 941 天
  内存占用: 5.05 MB

存档完成: /Users/yhdong/Gold/data/raw/options_history/2026-05-20/eod_full.parquet
2026-05-20 05:05:46,953 | 94999 | 6167261184 | [open_context_base.py:516] on_disconnect: Disconnected: conn=0(1) reason=CallClose
2026-05-20 05:05:47 === 采集完成 ===

2026-05-21 05:05:01 === 开始采集 ===
<frozen runpy>:128: RuntimeWarning: 'src.data.options.options_archive' found in sys.modules after import of package 'src.data.options', but prior to execution of 'src.data.options.options_archive'; this may result in unpredictable behaviour
2026-05-21 05:05:04,553 [INFO] __main__ - === 日终全链快照开始 ===
2026-05-21 05:05:05,079 | 94469 | 8808983616 | [open_context_base.py:409] _init_connect_sync: New connect ready: conn=7462971685205136050(1) context=<moomoo.quote.open_quote_context.OpenQuoteContext object at 0x108517c10>
2026-05-21 05:05:05,079 [INFO] src.data.options.moomoo_data - 已连接 Moomoo OpenD (127.0.0.1:11111)
2026-05-21 05:05:05,113 [INFO] src.data.options.moomoo_data - US.GLD 期权到期日: 26 个
2026-05-21 05:05:05,128 [INFO] __main__ - 获取 26 个到期日: 2026-05-20 ~ 2028-12-15
2026-05-21 05:05:05,130 [INFO] __main__ -   批次: 2026-05-20 ~ 2026-06-18 (9 个到期日)
2026-05-21 05:05:05,674 [INFO] src.data.options.moomoo_data - US.GLD 期权链: 2616 个合约 (2026-05-20 ~ 2026-06-18)
2026-05-21 05:05:09,322 [INFO] __main__ -   批次: 2026-06-26 ~ 2026-07-17 (3 个到期日)
2026-05-21 05:05:09,453 [INFO] src.data.options.moomoo_data - US.GLD 期权链: 872 个合约 (2026-06-26 ~ 2026-07-17)
2026-05-21 05:05:13,098 [INFO] __main__ -   批次: 2026-08-21 ~ 2026-09-18 (2 个到期日)
2026-05-21 05:05:13,200 [INFO] src.data.options.moomoo_data - US.GLD 期权链: 634 个合约 (2026-08-21 ~ 2026-09-18)
2026-05-21 05:05:16,842 [INFO] __main__ -   批次: 2026-09-30 ~ 2026-10-16 (2 个到期日)
2026-05-21 05:05:16,931 [INFO] src.data.options.moomoo_data - US.GLD 期权链: 530 个合约 (2026-09-30 ~ 2026-10-16)
2026-05-21 05:05:20,582 [INFO] __main__ -   批次: 2026-11-20 ~ 2026-12-18 (2 个到期日)
2026-05-21 05:05:20,872 [INFO] src.data.options.moomoo_data - US.GLD 期权链: 504 个合约 (2026-11-20 ~ 2026-12-18)
2026-05-21 05:05:24,520 [INFO] __main__ -   批次: 2026-12-31 ~ 2027-01-15 (2 个到期日)
2026-05-21 05:05:24,642 [INFO] src.data.options.moomoo_data - US.GLD 期权链: 760 个合约 (2026-12-31 ~ 2027-01-15)
2026-05-21 05:05:28,285 [INFO] __main__ -   批次: 2027-03-19 ~ 2027-03-31 (2 个到期日)
2026-05-21 05:05:28,378 [INFO] src.data.options.moomoo_data - US.GLD 期权链: 498 个合约 (2027-03-19 ~ 2027-03-31)
2026-05-21 05:05:32,018 [INFO] __main__ -   批次: 2027-06-17 ~ 2027-06-17 (1 个到期日)
2026-05-21 05:05:32,094 [INFO] src.data.options.moomoo_data - US.GLD 期权链: 328 个合约 (2027-06-17 ~ 2027-06-17)
2026-05-21 05:05:35,738 [INFO] __main__ -   批次: 2028-01-21 ~ 2028-01-21 (1 个到期日)
2026-05-21 05:05:35,801 [INFO] src.data.options.moomoo_data - US.GLD 期权链: 332 个合约 (2028-01-21 ~ 2028-01-21)
2026-05-21 05:05:39,447 [INFO] __main__ -   批次: 2028-06-16 ~ 2028-06-16 (1 个到期日)
2026-05-21 05:05:39,501 [INFO] src.data.options.moomoo_data - US.GLD 期权链: 274 个合约 (2028-06-16 ~ 2028-06-16)
2026-05-21 05:05:43,141 [INFO] __main__ -   批次: 2028-12-15 ~ 2028-12-15 (1 个到期日)
2026-05-21 05:05:43,287 [INFO] src.data.options.moomoo_data - US.GLD 期权链: 276 个合约 (2028-12-15 ~ 2028-12-15)
2026-05-21 05:05:43,301 [INFO] __main__ - 期权链合计: 7624 个合约
2026-05-21 05:05:43,302 [INFO] __main__ - 获取 7624 个合约的快照...
2026-05-21 05:05:47,485 [INFO] src.data.options.moomoo_data - 期权快照: 7624 个合约
2026-05-21 05:05:47,504 [INFO] __main__ - 完整快照: 7624 个合约, 35 个字段
2026-05-21 05:05:47,716 [INFO] __main__ - 已保存 Parquet -> /Users/yhdong/Gold/data/raw/options_history/2026-05-21/eod_full.parquet
2026-05-21 05:05:47,929 [INFO] __main__ - 已保存 CSV -> /Users/yhdong/Gold/data/raw/options_history/2026-05-21/eod_full.csv
2026-05-21 05:05:47,958 [INFO] src.data.options.moomoo_data - 已关闭 Moomoo 连接

==================================================
  日终全链快照
==================================================
  合约数: 7624
  Call: 3812 | Put: 3812
  到期日: 26 个
  IV: mean=0.6936, min=0.1765, max=51.4437
  Spread%: median=7.95%, mean=37.74%
  OI: total=4506261, median=33, max=100940
  DTE: 0 ~ 940 天
  内存占用: 5.14 MB

存档完成: /Users/yhdong/Gold/data/raw/options_history/2026-05-21/eod_full.parquet
2026-05-21 05:05:47,963 | 94469 | 6132314112 | [open_context_base.py:516] on_disconnect: Disconnected: conn=0(1) reason=CallClose
2026-05-21 05:05:48 === 采集完成 ===

2026-05-22 05:05:00 === 开始采集 ===
<frozen runpy>:128: RuntimeWarning: 'src.data.options.options_archive' found in sys.modules after import of package 'src.data.options', but prior to execution of 'src.data.options.options_archive'; this may result in unpredictable behaviour
2026-05-22 05:05:04,531 [INFO] __main__ - === 日终全链快照开始 ===
2026-05-22 05:05:05,137 | 94552 | 8808983616 | [open_context_base.py:409] _init_connect_sync: New connect ready: conn=7463334073313322466(1) context=<moomoo.quote.open_quote_context.OpenQuoteContext object at 0x10703eb50>
2026-05-22 05:05:05,137 [INFO] src.data.options.moomoo_data - 已连接 Moomoo OpenD (127.0.0.1:11111)
2026-05-22 05:05:05,253 [INFO] src.data.options.moomoo_data - US.GLD 期权到期日: 26 个
2026-05-22 05:05:05,266 [INFO] __main__ - 获取 26 个到期日: 2026-05-22 ~ 2028-12-15
2026-05-22 05:05:05,268 [INFO] __main__ -   批次: 2026-05-22 ~ 2026-06-18 (8 个到期日)
2026-05-22 05:05:05,736 [INFO] src.data.options.moomoo_data - US.GLD 期权链: 2402 个合约 (2026-05-22 ~ 2026-06-18)
2026-05-22 05:05:09,377 [INFO] __main__ -   批次: 2026-06-26 ~ 2026-07-17 (4 个到期日)
2026-05-22 05:05:10,278 [INFO] src.data.options.moomoo_data - US.GLD 期权链: 930 个合约 (2026-06-26 ~ 2026-07-17)
2026-05-22 05:05:13,923 [INFO] __main__ -   批次: 2026-08-21 ~ 2026-09-18 (2 个到期日)
2026-05-22 05:05:14,030 [INFO] src.data.options.moomoo_data - US.GLD 期权链: 634 个合约 (2026-08-21 ~ 2026-09-18)
2026-05-22 05:05:17,674 [INFO] __main__ -   批次: 2026-09-30 ~ 2026-10-16 (2 个到期日)
2026-05-22 05:05:17,763 [INFO] src.data.options.moomoo_data - US.GLD 期权链: 530 个合约 (2026-09-30 ~ 2026-10-16)
2026-05-22 05:05:21,414 [INFO] __main__ -   批次: 2026-11-20 ~ 2026-12-18 (2 个到期日)
2026-05-22 05:05:21,569 [INFO] src.data.options.moomoo_data - US.GLD 期权链: 504 个合约 (2026-11-20 ~ 2026-12-18)
2026-05-22 05:05:25,210 [INFO] __main__ -   批次: 2026-12-31 ~ 2027-01-15 (2 个到期日)
2026-05-22 05:05:25,418 [INFO] src.data.options.moomoo_data - US.GLD 期权链: 760 个合约 (2026-12-31 ~ 2027-01-15)
2026-05-22 05:05:29,062 [INFO] __main__ -   批次: 2027-03-19 ~ 2027-03-31 (2 个到期日)
2026-05-22 05:05:29,147 [INFO] src.data.options.moomoo_data - US.GLD 期权链: 498 个合约 (2027-03-19 ~ 2027-03-31)
2026-05-22 05:05:32,787 [INFO] __main__ -   批次: 2027-06-17 ~ 2027-06-17 (1 个到期日)
2026-05-22 05:05:32,847 [INFO] src.data.options.moomoo_data - US.GLD 期权链: 328 个合约 (2027-06-17 ~ 2027-06-17)
2026-05-22 05:05:36,491 [INFO] __main__ -   批次: 2028-01-21 ~ 2028-01-21 (1 个到期日)
2026-05-22 05:05:36,546 [INFO] src.data.options.moomoo_data - US.GLD 期权链: 332 个合约 (2028-01-21 ~ 2028-01-21)
2026-05-22 05:05:40,194 [INFO] __main__ -   批次: 2028-06-16 ~ 2028-06-16 (1 个到期日)
2026-05-22 05:05:40,249 [INFO] src.data.options.moomoo_data - US.GLD 期权链: 274 个合约 (2028-06-16 ~ 2028-06-16)
2026-05-22 05:05:43,889 [INFO] __main__ -   批次: 2028-12-15 ~ 2028-12-15 (1 个到期日)
2026-05-22 05:05:43,945 [INFO] src.data.options.moomoo_data - US.GLD 期权链: 276 个合约 (2028-12-15 ~ 2028-12-15)
2026-05-22 05:05:43,958 [INFO] __main__ - 期权链合计: 7468 个合约
2026-05-22 05:05:43,959 [INFO] __main__ - 获取 7468 个合约的快照...
2026-05-22 05:05:47,949 [INFO] src.data.options.moomoo_data - 期权快照: 7468 个合约
2026-05-22 05:05:47,965 [INFO] __main__ - 完整快照: 7468 个合约, 35 个字段
2026-05-22 05:05:48,161 [INFO] __main__ - 已保存 Parquet -> /Users/yhdong/Gold/data/raw/options_history/2026-05-22/eod_full.parquet
2026-05-22 05:05:48,357 [INFO] __main__ - 已保存 CSV -> /Users/yhdong/Gold/data/raw/options_history/2026-05-22/eod_full.csv
2026-05-22 05:05:48,379 [INFO] src.data.options.moomoo_data - 已关闭 Moomoo 连接

==================================================
  日终全链快照
==================================================
  合约数: 7468
  Call: 3734 | Put: 3734
  到期日: 26 个
  IV: mean=0.3932, min=0.1624, max=5.6543
  Spread%: median=7.01%, mean=37.66%
  OI: total=4526219, median=34, max=101031
  DTE: 1 ~ 939 天
  内存占用: 5.04 MB

存档完成: /Users/yhdong/Gold/data/raw/options_history/2026-05-22/eod_full.parquet
2026-05-22 05:05:48,384 | 94552 | 6134116352 | [open_context_base.py:516] on_disconnect: Disconnected: conn=0(1) reason=CallClose
2026-05-22 05:05:48 === 采集完成 ===

2026-05-23 05:05:00 === 开始采集 ===
<frozen runpy>:128: RuntimeWarning: 'src.data.options.options_archive' found in sys.modules after import of package 'src.data.options', but prior to execution of 'src.data.options.options_archive'; this may result in unpredictable behaviour
2026-05-23 05:05:03,916 [INFO] __main__ - === 日终全链快照开始 ===
2026-05-23 05:05:04,445 | 98268 | 8808983616 | [open_context_base.py:409] _init_connect_sync: New connect ready: conn=7463696458245167145(1) context=<moomoo.quote.open_quote_context.OpenQuoteContext object at 0x1094ffe50>
2026-05-23 05:05:04,445 [INFO] src.data.options.moomoo_data - 已连接 Moomoo OpenD (127.0.0.1:11111)
2026-05-23 05:05:04,473 [INFO] src.data.options.moomoo_data - US.GLD 期权到期日: 26 个
2026-05-23 05:05:04,483 [INFO] __main__ - 获取 26 个到期日: 2026-05-22 ~ 2028-12-15
2026-05-23 05:05:04,484 [INFO] __main__ -   批次: 2026-05-22 ~ 2026-06-18 (8 个到期日)
2026-05-23 05:05:04,956 [INFO] src.data.options.moomoo_data - US.GLD 期权链: 2402 个合约 (2026-05-22 ~ 2026-06-18)
2026-05-23 05:05:08,592 [INFO] __main__ -   批次: 2026-06-26 ~ 2026-07-17 (4 个到期日)
2026-05-23 05:05:08,793 [INFO] src.data.options.moomoo_data - US.GLD 期权链: 1156 个合约 (2026-06-26 ~ 2026-07-17)
2026-05-23 05:05:12,432 [INFO] __main__ -   批次: 2026-08-21 ~ 2026-09-18 (2 个到期日)
2026-05-23 05:05:12,529 [INFO] src.data.options.moomoo_data - US.GLD 期权链: 634 个合约 (2026-08-21 ~ 2026-09-18)
2026-05-23 05:05:16,170 [INFO] __main__ -   批次: 2026-09-30 ~ 2026-10-16 (2 个到期日)
2026-05-23 05:05:16,257 [INFO] src.data.options.moomoo_data - US.GLD 期权链: 530 个合约 (2026-09-30 ~ 2026-10-16)
2026-05-23 05:05:19,901 [INFO] __main__ -   批次: 2026-11-20 ~ 2026-12-18 (2 个到期日)
2026-05-23 05:05:20,168 [INFO] src.data.options.moomoo_data - US.GLD 期权链: 504 个合约 (2026-11-20 ~ 2026-12-18)
2026-05-23 05:05:23,816 [INFO] __main__ -   批次: 2026-12-31 ~ 2027-01-15 (2 个到期日)
2026-05-23 05:05:23,925 [INFO] src.data.options.moomoo_data - US.GLD 期权链: 760 个合约 (2026-12-31 ~ 2027-01-15)
2026-05-23 05:05:27,568 [INFO] __main__ -   批次: 2027-03-19 ~ 2027-03-31 (2 个到期日)
2026-05-23 05:05:27,665 [INFO] src.data.options.moomoo_data - US.GLD 期权链: 498 个合约 (2027-03-19 ~ 2027-03-31)
2026-05-23 05:05:31,307 [INFO] __main__ -   批次: 2027-06-17 ~ 2027-06-17 (1 个到期日)
2026-05-23 05:05:31,486 [INFO] src.data.options.moomoo_data - US.GLD 期权链: 328 个合约 (2027-06-17 ~ 2027-06-17)
2026-05-23 05:05:35,125 [INFO] __main__ -   批次: 2028-01-21 ~ 2028-01-21 (1 个到期日)
2026-05-23 05:05:35,278 [INFO] src.data.options.moomoo_data - US.GLD 期权链: 332 个合约 (2028-01-21 ~ 2028-01-21)
2026-05-23 05:05:38,921 [INFO] __main__ -   批次: 2028-06-16 ~ 2028-06-16 (1 个到期日)
2026-05-23 05:05:38,993 [INFO] src.data.options.moomoo_data - US.GLD 期权链: 274 个合约 (2028-06-16 ~ 2028-06-16)
2026-05-23 05:05:42,642 [INFO] __main__ -   批次: 2028-12-15 ~ 2028-12-15 (1 个到期日)
2026-05-23 05:05:42,713 [INFO] src.data.options.moomoo_data - US.GLD 期权链: 276 个合约 (2028-12-15 ~ 2028-12-15)
2026-05-23 05:05:42,729 [INFO] __main__ - 期权链合计: 7694 个合约
2026-05-23 05:05:42,730 [INFO] __main__ - 获取 7694 个合约的快照...
2026-05-23 05:05:47,845 [INFO] src.data.options.moomoo_data - 期权快照: 7694 个合约
2026-05-23 05:05:47,867 [INFO] __main__ - 完整快照: 7694 个合约, 35 个字段
2026-05-23 05:05:48,078 [INFO] __main__ - 已保存 Parquet -> /Users/yhdong/Gold/data/raw/options_history/2026-05-23/eod_full.parquet
2026-05-23 05:05:48,308 [INFO] __main__ - 已保存 CSV -> /Users/yhdong/Gold/data/raw/options_history/2026-05-23/eod_full.csv
2026-05-23 05:05:48,338 [INFO] src.data.options.moomoo_data - 已关闭 Moomoo 连接

==================================================
  日终全链快照
==================================================
  合约数: 7694
  Call: 3847 | Put: 3847
  到期日: 26 个
  IV: mean=1.2392, min=0.1525, max=92.9352
  Spread%: median=7.08%, mean=36.75%
  OI: total=4556353, median=30, max=101088
  DTE: 0 ~ 938 天
  内存占用: 5.19 MB

存档完成: /Users/yhdong/Gold/data/raw/options_history/2026-05-23/eod_full.parquet
2026-05-23 05:05:48,343 | 98268 | 6160805888 | [open_context_base.py:516] on_disconnect: Disconnected: conn=0(1) reason=CallClose
2026-05-23 05:05:48 === 采集完成 ===

2026-05-26 05:05:00 === 开始采集 ===
<frozen runpy>:128: RuntimeWarning: 'src.data.options.options_archive' found in sys.modules after import of package 'src.data.options', but prior to execution of 'src.data.options.options_archive'; this may result in unpredictable behaviour
2026-05-26 05:05:03,494 [INFO] __main__ - === 日终全链快照开始 ===
2026-05-26 05:05:04,032 | 68780 | 8808983616 | [open_context_base.py:409] _init_connect_sync: New connect ready: conn=7464783620004136430(1) context=<moomoo.quote.open_quote_context.OpenQuoteContext object at 0x1096c8710>
2026-05-26 05:05:04,033 [INFO] src.data.options.moomoo_data - 已连接 Moomoo OpenD (127.0.0.1:11111)
2026-05-26 05:05:04,080 [INFO] src.data.options.moomoo_data - US.GLD 期权到期日: 27 个
2026-05-26 05:05:04,090 [INFO] __main__ - 获取 27 个到期日: 2026-05-27 ~ 2028-12-15
2026-05-26 05:05:04,092 [INFO] __main__ -   批次: 2026-05-27 ~ 2026-06-18 (9 个到期日)
2026-05-26 05:05:04,739 [INFO] src.data.options.moomoo_data - US.GLD 期权链: 2180 个合约 (2026-05-27 ~ 2026-06-18)
2026-05-26 05:05:08,388 [INFO] __main__ -   批次: 2026-06-26 ~ 2026-07-17 (4 个到期日)
2026-05-26 05:05:08,597 [INFO] src.data.options.moomoo_data - US.GLD 期权链: 1156 个合约 (2026-06-26 ~ 2026-07-17)
2026-05-26 05:05:12,247 [INFO] __main__ -   批次: 2026-08-21 ~ 2026-09-18 (2 个到期日)
2026-05-26 05:05:12,345 [INFO] src.data.options.moomoo_data - US.GLD 期权链: 634 个合约 (2026-08-21 ~ 2026-09-18)
2026-05-26 05:05:15,994 [INFO] __main__ -   批次: 2026-09-30 ~ 2026-10-16 (2 个到期日)
2026-05-26 05:05:16,082 [INFO] src.data.options.moomoo_data - US.GLD 期权链: 530 个合约 (2026-09-30 ~ 2026-10-16)
2026-05-26 05:05:19,727 [INFO] __main__ -   批次: 2026-11-20 ~ 2026-12-18 (2 个到期日)
2026-05-26 05:05:19,843 [INFO] src.data.options.moomoo_data - US.GLD 期权链: 504 个合约 (2026-11-20 ~ 2026-12-18)
2026-05-26 05:05:23,487 [INFO] __main__ -   批次: 2026-12-31 ~ 2027-01-15 (2 个到期日)
2026-05-26 05:05:23,727 [INFO] src.data.options.moomoo_data - US.GLD 期权链: 760 个合约 (2026-12-31 ~ 2027-01-15)
2026-05-26 05:05:27,372 [INFO] __main__ -   批次: 2027-03-19 ~ 2027-03-31 (2 个到期日)
2026-05-26 05:05:27,536 [INFO] src.data.options.moomoo_data - US.GLD 期权链: 498 个合约 (2027-03-19 ~ 2027-03-31)
2026-05-26 05:05:31,178 [INFO] __main__ -   批次: 2027-06-17 ~ 2027-06-17 (1 个到期日)
2026-05-26 05:05:31,285 [INFO] src.data.options.moomoo_data - US.GLD 期权链: 328 个合约 (2027-06-17 ~ 2027-06-17)
2026-05-26 05:05:34,927 [INFO] __main__ -   批次: 2028-01-21 ~ 2028-01-21 (1 个到期日)
2026-05-26 05:05:35,151 [INFO] src.data.options.moomoo_data - US.GLD 期权链: 332 个合约 (2028-01-21 ~ 2028-01-21)
2026-05-26 05:05:38,801 [INFO] __main__ -   批次: 2028-06-16 ~ 2028-06-16 (1 个到期日)
2026-05-26 05:05:38,863 [INFO] src.data.options.moomoo_data - US.GLD 期权链: 274 个合约 (2028-06-16 ~ 2028-06-16)
2026-05-26 05:05:42,509 [INFO] __main__ -   批次: 2028-12-15 ~ 2028-12-15 (1 个到期日)
2026-05-26 05:05:42,577 [INFO] src.data.options.moomoo_data - US.GLD 期权链: 276 个合约 (2028-12-15 ~ 2028-12-15)
2026-05-26 05:05:42,593 [INFO] __main__ - 期权链合计: 7472 个合约
2026-05-26 05:05:42,594 [INFO] __main__ - 获取 7472 个合约的快照...
2026-05-26 05:05:47,507 [INFO] src.data.options.moomoo_data - 期权快照: 7472 个合约
2026-05-26 05:05:47,528 [INFO] __main__ - 完整快照: 7472 个合约, 35 个字段
2026-05-26 05:05:47,810 [INFO] __main__ - 已保存 Parquet -> /Users/yhdong/Gold/data/raw/options_history/2026-05-26/eod_full.parquet
2026-05-26 05:05:48,051 [INFO] __main__ - 已保存 CSV -> /Users/yhdong/Gold/data/raw/options_history/2026-05-26/eod_full.csv
2026-05-26 05:05:48,096 [INFO] src.data.options.moomoo_data - 已关闭 Moomoo 连接

==================================================
  日终全链快照
==================================================
  合约数: 7472
  Call: 3736 | Put: 3736
  到期日: 27 个
  IV: mean=0.3796, min=0.1726, max=2.3843
  Spread%: median=6.93%, mean=33.81%
  OI: total=4431920, median=28, max=101088
  DTE: 2 ~ 935 天
  内存占用: 5.04 MB

存档完成: /Users/yhdong/Gold/data/raw/options_history/2026-05-26/eod_full.parquet
2026-05-26 05:05:48,103 | 68780 | 6160609280 | [open_context_base.py:516] on_disconnect: Disconnected: conn=0(1) reason=CallClose
2026-05-26 05:05:48 === 采集完成 ===

2026-05-27 05:05:00 === 开始采集 ===
<frozen runpy>:128: RuntimeWarning: 'src.data.options.options_archive' found in sys.modules after import of package 'src.data.options', but prior to execution of 'src.data.options.options_archive'; this may result in unpredictable behaviour
2026-05-27 05:05:04,285 [INFO] __main__ - === 日终全链快照开始 ===
2026-05-27 05:05:04,835 | 87477 | 8808983616 | [open_context_base.py:409] _init_connect_sync: New connect ready: conn=7465146011341719599(1) context=<moomoo.quote.open_quote_context.OpenQuoteContext object at 0x10b26fd10>
2026-05-27 05:05:04,836 [INFO] src.data.options.moomoo_data - 已连接 Moomoo OpenD (127.0.0.1:11111)
2026-05-27 05:05:04,875 [INFO] src.data.options.moomoo_data - US.GLD 期权到期日: 27 个
2026-05-27 05:05:04,893 [INFO] __main__ - 获取 27 个到期日: 2026-05-27 ~ 2028-12-15
2026-05-27 05:05:04,895 [INFO] __main__ -   批次: 2026-05-27 ~ 2026-06-18 (9 个到期日)
2026-05-27 05:05:05,386 [INFO] src.data.options.moomoo_data - US.GLD 期权链: 2180 个合约 (2026-05-27 ~ 2026-06-18)
2026-05-27 05:05:09,032 [INFO] __main__ -   批次: 2026-06-26 ~ 2026-07-17 (4 个到期日)
2026-05-27 05:05:09,209 [INFO] src.data.options.moomoo_data - US.GLD 期权链: 1156 个合约 (2026-06-26 ~ 2026-07-17)
2026-05-27 05:05:12,859 [INFO] __main__ -   批次: 2026-08-21 ~ 2026-09-18 (2 个到期日)
2026-05-27 05:05:12,963 [INFO] src.data.options.moomoo_data - US.GLD 期权链: 634 个合约 (2026-08-21 ~ 2026-09-18)
2026-05-27 05:05:16,608 [INFO] __main__ -   批次: 2026-09-30 ~ 2026-10-16 (2 个到期日)
2026-05-27 05:05:16,707 [INFO] src.data.options.moomoo_data - US.GLD 期权链: 530 个合约 (2026-09-30 ~ 2026-10-16)
2026-05-27 05:05:20,357 [INFO] __main__ -   批次: 2026-11-20 ~ 2026-12-18 (2 个到期日)
2026-05-27 05:05:20,440 [INFO] src.data.options.moomoo_data - US.GLD 期权链: 504 个合约 (2026-11-20 ~ 2026-12-18)
2026-05-27 05:05:24,076 [INFO] __main__ -   批次: 2026-12-31 ~ 2027-01-15 (2 个到期日)
2026-05-27 05:05:24,298 [INFO] src.data.options.moomoo_data - US.GLD 期权链: 760 个合约 (2026-12-31 ~ 2027-01-15)
2026-05-27 05:05:27,941 [INFO] __main__ -   批次: 2027-03-19 ~ 2027-03-31 (2 个到期日)
2026-05-27 05:05:28,056 [INFO] src.data.options.moomoo_data - US.GLD 期权链: 498 个合约 (2027-03-19 ~ 2027-03-31)
2026-05-27 05:05:31,697 [INFO] __main__ -   批次: 2027-06-17 ~ 2027-06-17 (1 个到期日)
2026-05-27 05:05:31,758 [INFO] src.data.options.moomoo_data - US.GLD 期权链: 328 个合约 (2027-06-17 ~ 2027-06-17)
2026-05-27 05:05:35,402 [INFO] __main__ -   批次: 2028-01-21 ~ 2028-01-21 (1 个到期日)
2026-05-27 05:05:35,462 [INFO] src.data.options.moomoo_data - US.GLD 期权链: 332 个合约 (2028-01-21 ~ 2028-01-21)
2026-05-27 05:05:39,109 [INFO] __main__ -   批次: 2028-06-16 ~ 2028-06-16 (1 个到期日)
2026-05-27 05:05:39,165 [INFO] src.data.options.moomoo_data - US.GLD 期权链: 274 个合约 (2028-06-16 ~ 2028-06-16)
2026-05-27 05:05:42,806 [INFO] __main__ -   批次: 2028-12-15 ~ 2028-12-15 (1 个到期日)
2026-05-27 05:05:42,862 [INFO] src.data.options.moomoo_data - US.GLD 期权链: 276 个合约 (2028-12-15 ~ 2028-12-15)
2026-05-27 05:05:42,875 [INFO] __main__ - 期权链合计: 7472 个合约
2026-05-27 05:05:42,875 [INFO] __main__ - 获取 7472 个合约的快照...
2026-05-27 05:05:47,181 [INFO] src.data.options.moomoo_data - 期权快照: 7472 个合约
2026-05-27 05:05:47,197 [INFO] __main__ - 完整快照: 7472 个合约, 35 个字段
2026-05-27 05:05:47,398 [INFO] __main__ - 已保存 Parquet -> /Users/yhdong/Gold/data/raw/options_history/2026-05-27/eod_full.parquet
2026-05-27 05:05:47,610 [INFO] __main__ - 已保存 CSV -> /Users/yhdong/Gold/data/raw/options_history/2026-05-27/eod_full.csv
2026-05-27 05:05:47,643 [INFO] src.data.options.moomoo_data - 已关闭 Moomoo 连接

==================================================
  日终全链快照
==================================================
  合约数: 7472
  Call: 3736 | Put: 3736
  到期日: 27 个
  IV: mean=0.3842, min=0.1468, max=3.1614
  Spread%: median=7.92%, mean=38.31%
  OI: total=4670944, median=31, max=187350
  DTE: 1 ~ 934 天
  内存占用: 5.04 MB

存档完成: /Users/yhdong/Gold/data/raw/options_history/2026-05-27/eod_full.parquet
2026-05-27 05:05:47,647 | 87477 | 6138736640 | [open_context_base.py:516] on_disconnect: Disconnected: conn=0(1) reason=CallClose
2026-05-27 05:05:48 === 采集完成 ===

2026-05-28 05:05:00 === 开始采集 ===
<frozen runpy>:128: RuntimeWarning: 'src.data.options.options_archive' found in sys.modules after import of package 'src.data.options', but prior to execution of 'src.data.options.options_archive'; this may result in unpredictable behaviour
2026-05-28 05:05:01,900 [INFO] __main__ - === 日终全链快照开始 ===
2026-05-28 05:05:02,453 | 84480 | 8808983616 | [open_context_base.py:409] _init_connect_sync: New connect ready: conn=7465508389227672569(1) context=<moomoo.quote.open_quote_context.OpenQuoteContext object at 0x11302ec10>
2026-05-28 05:05:02,453 [INFO] src.data.options.moomoo_data - 已连接 Moomoo OpenD (127.0.0.1:11111)
2026-05-28 05:05:02,491 [INFO] src.data.options.moomoo_data - US.GLD 期权到期日: 27 个
2026-05-28 05:05:02,496 [INFO] __main__ - 获取 27 个到期日: 2026-05-27 ~ 2028-12-15
2026-05-28 05:05:02,496 [INFO] __main__ -   批次: 2026-05-27 ~ 2026-06-18 (9 个到期日)
2026-05-28 05:05:03,123 [INFO] src.data.options.moomoo_data - US.GLD 期权链: 2238 个合约 (2026-05-27 ~ 2026-06-18)
2026-05-28 05:05:06,774 [INFO] __main__ -   批次: 2026-06-26 ~ 2026-07-17 (4 个到期日)
2026-05-28 05:05:07,030 [INFO] src.data.options.moomoo_data - US.GLD 期权链: 1156 个合约 (2026-06-26 ~ 2026-07-17)
2026-05-28 05:05:10,670 [INFO] __main__ -   批次: 2026-08-21 ~ 2026-09-18 (2 个到期日)
2026-05-28 05:05:10,767 [INFO] src.data.options.moomoo_data - US.GLD 期权链: 634 个合约 (2026-08-21 ~ 2026-09-18)
2026-05-28 05:05:14,405 [INFO] __main__ -   批次: 2026-09-30 ~ 2026-10-16 (2 个到期日)
2026-05-28 05:05:14,492 [INFO] src.data.options.moomoo_data - US.GLD 期权链: 530 个合约 (2026-09-30 ~ 2026-10-16)
2026-05-28 05:05:18,139 [INFO] __main__ -   批次: 2026-11-20 ~ 2026-12-18 (2 个到期日)
2026-05-28 05:05:18,329 [INFO] src.data.options.moomoo_data - US.GLD 期权链: 504 个合约 (2026-11-20 ~ 2026-12-18)
2026-05-28 05:05:21,968 [INFO] __main__ -   批次: 2026-12-31 ~ 2027-01-15 (2 个到期日)
2026-05-28 05:05:22,085 [INFO] src.data.options.moomoo_data - US.GLD 期权链: 760 个合约 (2026-12-31 ~ 2027-01-15)
2026-05-28 05:05:25,730 [INFO] __main__ -   批次: 2027-03-19 ~ 2027-03-31 (2 个到期日)
2026-05-28 05:05:25,877 [INFO] src.data.options.moomoo_data - US.GLD 期权链: 498 个合约 (2027-03-19 ~ 2027-03-31)
2026-05-28 05:05:29,527 [INFO] __main__ -   批次: 2027-06-17 ~ 2027-06-17 (1 个到期日)
2026-05-28 05:05:29,592 [INFO] src.data.options.moomoo_data - US.GLD 期权链: 328 个合约 (2027-06-17 ~ 2027-06-17)
2026-05-28 05:05:33,237 [INFO] __main__ -   批次: 2028-01-21 ~ 2028-01-21 (1 个到期日)
2026-05-28 05:05:33,304 [INFO] src.data.options.moomoo_data - US.GLD 期权链: 332 个合约 (2028-01-21 ~ 2028-01-21)
2026-05-28 05:05:36,952 [INFO] __main__ -   批次: 2028-06-16 ~ 2028-06-16 (1 个到期日)
2026-05-28 05:05:37,018 [INFO] src.data.options.moomoo_data - US.GLD 期权链: 274 个合约 (2028-06-16 ~ 2028-06-16)
2026-05-28 05:05:40,658 [INFO] __main__ -   批次: 2028-12-15 ~ 2028-12-15 (1 个到期日)
2026-05-28 05:05:40,718 [INFO] src.data.options.moomoo_data - US.GLD 期权链: 276 个合约 (2028-12-15 ~ 2028-12-15)
2026-05-28 05:05:40,729 [INFO] __main__ - 期权链合计: 7530 个合约
2026-05-28 05:05:40,729 [INFO] __main__ - 获取 7530 个合约的快照...
2026-05-28 05:05:44,835 [INFO] src.data.options.moomoo_data - 期权快照: 7530 个合约
2026-05-28 05:05:44,852 [INFO] __main__ - 完整快照: 7530 个合约, 35 个字段
2026-05-28 05:05:44,964 [INFO] __main__ - 已保存 Parquet -> /Users/yhdong/Gold/data/raw/options_history/2026-05-28/eod_full.parquet
2026-05-28 05:05:45,200 [INFO] __main__ - 已保存 CSV -> /Users/yhdong/Gold/data/raw/options_history/2026-05-28/eod_full.csv
2026-05-28 05:05:45,230 [INFO] src.data.options.moomoo_data - 已关闭 Moomoo 连接

==================================================
  日终全链快照
==================================================
  合约数: 7530
  Call: 3765 | Put: 3765
  到期日: 27 个
  IV: mean=0.7255, min=0.1700, max=66.1427
  Spread%: median=7.94%, mean=39.44%
  OI: total=4715943, median=32, max=187562
  DTE: 0 ~ 933 天
  内存占用: 5.08 MB

存档完成: /Users/yhdong/Gold/data/raw/options_history/2026-05-28/eod_full.parquet
2026-05-28 05:05:45,235 | 84480 | 6127857664 | [open_context_base.py:516] on_disconnect: Disconnected: conn=0(1) reason=CallClose
2026-05-28 05:05:45 === 采集完成 ===

2026-05-29 05:05:00 === 开始采集 ===
<frozen runpy>:128: RuntimeWarning: 'src.data.options.options_archive' found in sys.modules after import of package 'src.data.options', but prior to execution of 'src.data.options.options_archive'; this may result in unpredictable behaviour
2026-05-29 05:05:03,891 [INFO] __main__ - === 日终全链快照开始 ===
2026-05-29 05:05:04,401 | 84873 | 8808983616 | [open_context_base.py:409] _init_connect_sync: New connect ready: conn=7465870785264127544(1) context=<moomoo.quote.open_quote_context.OpenQuoteContext object at 0x11054c490>
2026-05-29 05:05:04,402 [INFO] src.data.options.moomoo_data - 已连接 Moomoo OpenD (127.0.0.1:11111)
2026-05-29 05:05:04,478 [INFO] src.data.options.moomoo_data - US.GLD 期权到期日: 27 个
2026-05-29 05:05:04,489 [INFO] __main__ - 获取 27 个到期日: 2026-05-29 ~ 2028-12-15
2026-05-29 05:05:04,491 [INFO] __main__ -   批次: 2026-05-29 ~ 2026-06-26 (9 个到期日)
2026-05-29 05:05:04,988 [INFO] src.data.options.moomoo_data - US.GLD 期权链: 2370 个合约 (2026-05-29 ~ 2026-06-26)
2026-05-29 05:05:08,626 [INFO] __main__ -   批次: 2026-06-30 ~ 2026-07-17 (4 个到期日)
2026-05-29 05:05:08,849 [INFO] src.data.options.moomoo_data - US.GLD 期权链: 936 个合约 (2026-06-30 ~ 2026-07-17)
2026-05-29 05:05:12,496 [INFO] __main__ -   批次: 2026-08-21 ~ 2026-09-18 (2 个到期日)
2026-05-29 05:05:12,603 [INFO] src.data.options.moomoo_data - US.GLD 期权链: 634 个合约 (2026-08-21 ~ 2026-09-18)
2026-05-29 05:05:16,253 [INFO] __main__ -   批次: 2026-09-30 ~ 2026-10-16 (2 个到期日)
2026-05-29 05:05:16,347 [INFO] src.data.options.moomoo_data - US.GLD 期权链: 530 个合约 (2026-09-30 ~ 2026-10-16)
2026-05-29 05:05:19,992 [INFO] __main__ -   批次: 2026-11-20 ~ 2026-12-18 (2 个到期日)
2026-05-29 05:05:20,078 [INFO] src.data.options.moomoo_data - US.GLD 期权链: 504 个合约 (2026-11-20 ~ 2026-12-18)
2026-05-29 05:05:23,720 [INFO] __main__ -   批次: 2026-12-31 ~ 2027-01-15 (2 个到期日)
2026-05-29 05:05:23,928 [INFO] src.data.options.moomoo_data - US.GLD 期权链: 760 个合约 (2026-12-31 ~ 2027-01-15)
2026-05-29 05:05:27,570 [INFO] __main__ -   批次: 2027-03-19 ~ 2027-03-31 (2 个到期日)
2026-05-29 05:05:27,664 [INFO] src.data.options.moomoo_data - US.GLD 期权链: 498 个合约 (2027-03-19 ~ 2027-03-31)
2026-05-29 05:05:31,314 [INFO] __main__ -   批次: 2027-06-17 ~ 2027-06-17 (1 个到期日)
2026-05-29 05:05:31,379 [INFO] src.data.options.moomoo_data - US.GLD 期权链: 328 个合约 (2027-06-17 ~ 2027-06-17)
2026-05-29 05:05:35,029 [INFO] __main__ -   批次: 2028-01-21 ~ 2028-01-21 (1 个到期日)
2026-05-29 05:05:35,087 [INFO] src.data.options.moomoo_data - US.GLD 期权链: 332 个合约 (2028-01-21 ~ 2028-01-21)
2026-05-29 05:05:38,726 [INFO] __main__ -   批次: 2028-06-16 ~ 2028-06-16 (1 个到期日)
2026-05-29 05:05:38,787 [INFO] src.data.options.moomoo_data - US.GLD 期权链: 274 个合约 (2028-06-16 ~ 2028-06-16)
2026-05-29 05:05:42,432 [INFO] __main__ -   批次: 2028-12-15 ~ 2028-12-15 (1 个到期日)
2026-05-29 05:05:42,483 [INFO] src.data.options.moomoo_data - US.GLD 期权链: 276 个合约 (2028-12-15 ~ 2028-12-15)
2026-05-29 05:05:42,493 [INFO] __main__ - 期权链合计: 7442 个合约
2026-05-29 05:05:42,494 [INFO] __main__ - 获取 7442 个合约的快照...
2026-05-29 05:05:47,280 [INFO] src.data.options.moomoo_data - 期权快照: 7442 个合约
2026-05-29 05:05:47,298 [INFO] __main__ - 完整快照: 7442 个合约, 35 个字段
2026-05-29 05:05:47,500 [INFO] __main__ - 已保存 Parquet -> /Users/yhdong/Gold/data/raw/options_history/2026-05-29/eod_full.parquet
2026-05-29 05:05:47,692 [INFO] __main__ - 已保存 CSV -> /Users/yhdong/Gold/data/raw/options_history/2026-05-29/eod_full.csv
2026-05-29 05:05:47,719 [INFO] src.data.options.moomoo_data - 已关闭 Moomoo 连接

==================================================
  日终全链快照
==================================================
  合约数: 7442
  Call: 3721 | Put: 3721
  到期日: 27 个
  IV: mean=0.4074, min=0.0001, max=4.7727
  Spread%: median=6.51%, mean=36.04%
  OI: total=4645134, median=34, max=187810
  DTE: 1 ~ 932 天
  内存占用: 5.02 MB

存档完成: /Users/yhdong/Gold/data/raw/options_history/2026-05-29/eod_full.parquet
2026-05-29 05:05:47,722 | 84873 | 6160805888 | [open_context_base.py:516] on_disconnect: Disconnected: conn=0(1) reason=CallClose
2026-05-29 05:05:48 === 采集完成 ===

2026-05-30 05:05:00 === 开始采集 ===
<frozen runpy>:128: RuntimeWarning: 'src.data.options.options_archive' found in sys.modules after import of package 'src.data.options', but prior to execution of 'src.data.options.options_archive'; this may result in unpredictable behaviour
2026-05-30 05:05:03,409 [INFO] __main__ - === 日终全链快照开始 ===
2026-05-30 05:05:03,894 | 82814 | 8808983616 | [open_context_base.py:409] _init_connect_sync: New connect ready: conn=7466233171014916356(1) context=<moomoo.quote.open_quote_context.OpenQuoteContext object at 0x1061b04d0>
2026-05-30 05:05:03,894 [INFO] src.data.options.moomoo_data - 已连接 Moomoo OpenD (127.0.0.1:11111)
2026-05-30 05:05:03,934 [INFO] src.data.options.moomoo_data - US.GLD 期权到期日: 28 个
2026-05-30 05:05:03,943 [INFO] __main__ - 获取 28 个到期日: 2026-05-29 ~ 2028-12-15
2026-05-30 05:05:03,944 [INFO] __main__ -   批次: 2026-05-29 ~ 2026-06-26 (9 个到期日)
2026-05-30 05:05:04,782 [INFO] src.data.options.moomoo_data - US.GLD 期权链: 2544 个合约 (2026-05-29 ~ 2026-06-26)
2026-05-30 05:05:08,429 [INFO] __main__ -   批次: 2026-06-30 ~ 2026-07-17 (4 个到期日)
2026-05-30 05:05:08,876 [INFO] src.data.options.moomoo_data - US.GLD 期权链: 1172 个合约 (2026-06-30 ~ 2026-07-17)
2026-05-30 05:05:12,515 [INFO] __main__ -   批次: 2026-08-21 ~ 2026-09-18 (2 个到期日)
2026-05-30 05:05:13,688 [INFO] src.data.options.moomoo_data - US.GLD 期权链: 634 个合约 (2026-08-21 ~ 2026-09-18)
2026-05-30 05:05:17,331 [INFO] __main__ -   批次: 2026-09-30 ~ 2026-10-16 (2 个到期日)
2026-05-30 05:05:17,455 [INFO] src.data.options.moomoo_data - US.GLD 期权链: 530 个合约 (2026-09-30 ~ 2026-10-16)
2026-05-30 05:05:21,103 [INFO] __main__ -   批次: 2026-11-20 ~ 2026-12-18 (2 个到期日)
2026-05-30 05:05:21,392 [INFO] src.data.options.moomoo_data - US.GLD 期权链: 504 个合约 (2026-11-20 ~ 2026-12-18)
2026-05-30 05:05:25,036 [INFO] __main__ -   批次: 2026-12-31 ~ 2027-01-15 (2 个到期日)
2026-05-30 05:05:25,200 [INFO] src.data.options.moomoo_data - US.GLD 期权链: 760 个合约 (2026-12-31 ~ 2027-01-15)
2026-05-30 05:05:28,850 [INFO] __main__ -   批次: 2027-03-19 ~ 2027-03-31 (2 个到期日)
2026-05-30 05:05:28,989 [INFO] src.data.options.moomoo_data - US.GLD 期权链: 500 个合约 (2027-03-19 ~ 2027-03-31)
2026-05-30 05:05:32,638 [INFO] __main__ -   批次: 2027-06-17 ~ 2027-06-17 (1 个到期日)
2026-05-30 05:05:32,794 [INFO] src.data.options.moomoo_data - US.GLD 期权链: 328 个合约 (2027-06-17 ~ 2027-06-17)
2026-05-30 05:05:36,444 [INFO] __main__ -   批次: 2027-09-17 ~ 2027-09-17 (1 个到期日)
2026-05-30 05:05:36,650 [INFO] src.data.options.moomoo_data - US.GLD 期权链: 166 个合约 (2027-09-17 ~ 2027-09-17)
2026-05-30 05:05:40,294 [INFO] __main__ -   批次: 2028-01-21 ~ 2028-01-21 (1 个到期日)
2026-05-30 05:05:40,385 [INFO] src.data.options.moomoo_data - US.GLD 期权链: 332 个合约 (2028-01-21 ~ 2028-01-21)
2026-05-30 05:05:44,034 [INFO] __main__ -   批次: 2028-06-16 ~ 2028-06-16 (1 个到期日)
2026-05-30 05:05:44,120 [INFO] src.data.options.moomoo_data - US.GLD 期权链: 274 个合约 (2028-06-16 ~ 2028-06-16)
2026-05-30 05:05:47,770 [INFO] __main__ -   批次: 2028-12-15 ~ 2028-12-15 (1 个到期日)
2026-05-30 05:05:47,853 [INFO] src.data.options.moomoo_data - US.GLD 期权链: 276 个合约 (2028-12-15 ~ 2028-12-15)
2026-05-30 05:05:47,863 [INFO] __main__ - 期权链合计: 8020 个合约
2026-05-30 05:05:47,864 [INFO] __main__ - 获取 8020 个合约的快照...
2026-05-30 05:06:03,712 [INFO] src.data.options.moomoo_data - 期权快照: 8020 个合约
2026-05-30 05:06:03,730 [INFO] __main__ - 完整快照: 8020 个合约, 35 个字段
2026-05-30 05:06:03,950 [INFO] __main__ - 已保存 Parquet -> /Users/yhdong/Gold/data/raw/options_history/2026-05-30/eod_full.parquet
2026-05-30 05:06:04,205 [INFO] __main__ - 已保存 CSV -> /Users/yhdong/Gold/data/raw/options_history/2026-05-30/eod_full.csv
2026-05-30 05:06:04,234 [INFO] src.data.options.moomoo_data - 已关闭 Moomoo 连接

==================================================
  日终全链快照
==================================================
  合约数: 8020
  Call: 4010 | Put: 4010
  到期日: 28 个
  IV: mean=1.0471, min=0.0001, max=96.3010
  Spread%: median=7.61%, mean=37.66%
  OI: total=4720115, median=24, max=187749
  DTE: 0 ~ 931 天
  内存占用: 5.41 MB

存档完成: /Users/yhdong/Gold/data/raw/options_history/2026-05-30/eod_full.parquet
2026-05-30 05:06:04,240 | 82814 | 6201585664 | [open_context_base.py:516] on_disconnect: Disconnected: conn=0(1) reason=CallClose
2026-05-30 05:06:04 === 采集完成 ===

2026-06-02 05:05:00 === 开始采集 ===
<frozen runpy>:128: RuntimeWarning: 'src.data.options.options_archive' found in sys.modules after import of package 'src.data.options', but prior to execution of 'src.data.options.options_archive'; this may result in unpredictable behaviour
2026-06-02 05:05:03,709 [INFO] __main__ - === 日终全链快照开始 ===
2026-06-02 05:05:04,203 | 97195 | 8808983616 | [open_context_base.py:409] _init_connect_sync: New connect ready: conn=7467320335898519049(1) context=<moomoo.quote.open_quote_context.OpenQuoteContext object at 0x1089b8190>
2026-06-02 05:05:04,203 [INFO] src.data.options.moomoo_data - 已连接 Moomoo OpenD (127.0.0.1:11111)
2026-06-02 05:05:04,227 [INFO] src.data.options.moomoo_data - US.GLD 期权到期日: 28 个
2026-06-02 05:05:04,237 [INFO] __main__ - 获取 28 个到期日: 2026-06-01 ~ 2028-12-15
2026-06-02 05:05:04,238 [INFO] __main__ -   批次: 2026-06-01 ~ 2026-06-30 (10 个到期日)
2026-06-02 05:05:04,701 [INFO] src.data.options.moomoo_data - US.GLD 期权链: 2602 个合约 (2026-06-01 ~ 2026-06-30)
2026-06-02 05:05:08,340 [INFO] __main__ -   批次: 2026-07-02 ~ 2026-07-17 (3 个到期日)
2026-06-02 05:05:08,469 [INFO] src.data.options.moomoo_data - US.GLD 期权链: 854 个合约 (2026-07-02 ~ 2026-07-17)
2026-06-02 05:05:12,110 [INFO] __main__ -   批次: 2026-08-21 ~ 2026-09-18 (2 个到期日)
2026-06-02 05:05:12,213 [INFO] src.data.options.moomoo_data - US.GLD 期权链: 634 个合约 (2026-08-21 ~ 2026-09-18)
2026-06-02 05:05:15,863 [INFO] __main__ -   批次: 2026-09-30 ~ 2026-10-16 (2 个到期日)
2026-06-02 05:05:15,959 [INFO] src.data.options.moomoo_data - US.GLD 期权链: 530 个合约 (2026-09-30 ~ 2026-10-16)
2026-06-02 05:05:19,604 [INFO] __main__ -   批次: 2026-11-20 ~ 2026-12-18 (2 个到期日)
2026-06-02 05:05:19,789 [INFO] src.data.options.moomoo_data - US.GLD 期权链: 504 个合约 (2026-11-20 ~ 2026-12-18)
2026-06-02 05:05:23,437 [INFO] __main__ -   批次: 2026-12-31 ~ 2027-01-15 (2 个到期日)
2026-06-02 05:05:23,615 [INFO] src.data.options.moomoo_data - US.GLD 期权链: 760 个合约 (2026-12-31 ~ 2027-01-15)
2026-06-02 05:05:27,264 [INFO] __main__ -   批次: 2027-03-19 ~ 2027-03-31 (2 个到期日)
2026-06-02 05:05:27,358 [INFO] src.data.options.moomoo_data - US.GLD 期权链: 500 个合约 (2027-03-19 ~ 2027-03-31)
2026-06-02 05:05:31,006 [INFO] __main__ -   批次: 2027-06-17 ~ 2027-06-17 (1 个到期日)
2026-06-02 05:05:31,077 [INFO] src.data.options.moomoo_data - US.GLD 期权链: 328 个合约 (2027-06-17 ~ 2027-06-17)
2026-06-02 05:05:34,726 [INFO] __main__ -   批次: 2027-09-17 ~ 2027-09-17 (1 个到期日)
2026-06-02 05:05:34,775 [INFO] src.data.options.moomoo_data - US.GLD 期权链: 166 个合约 (2027-09-17 ~ 2027-09-17)
2026-06-02 05:05:38,423 [INFO] __main__ -   批次: 2028-01-21 ~ 2028-01-21 (1 个到期日)
2026-06-02 05:05:38,491 [INFO] src.data.options.moomoo_data - US.GLD 期权链: 332 个合约 (2028-01-21 ~ 2028-01-21)
2026-06-02 05:05:42,141 [INFO] __main__ -   批次: 2028-06-16 ~ 2028-06-16 (1 个到期日)
2026-06-02 05:05:42,199 [INFO] src.data.options.moomoo_data - US.GLD 期权链: 274 个合约 (2028-06-16 ~ 2028-06-16)
2026-06-02 05:05:45,847 [INFO] __main__ -   批次: 2028-12-15 ~ 2028-12-15 (1 个到期日)
2026-06-02 05:05:45,911 [INFO] src.data.options.moomoo_data - US.GLD 期权链: 276 个合约 (2028-12-15 ~ 2028-12-15)
2026-06-02 05:05:45,922 [INFO] __main__ - 期权链合计: 7760 个合约
2026-06-02 05:05:45,923 [INFO] __main__ - 获取 7760 个合约的快照...
2026-06-02 05:05:50,164 [INFO] src.data.options.moomoo_data - 期权快照: 7760 个合约
2026-06-02 05:05:50,180 [INFO] __main__ - 完整快照: 7760 个合约, 35 个字段
2026-06-02 05:05:50,383 [INFO] __main__ - 已保存 Parquet -> /Users/yhdong/Gold/data/raw/options_history/2026-06-02/eod_full.parquet
2026-06-02 05:05:50,606 [INFO] __main__ - 已保存 CSV -> /Users/yhdong/Gold/data/raw/options_history/2026-06-02/eod_full.csv
2026-06-02 05:05:50,634 [INFO] src.data.options.moomoo_data - 已关闭 Moomoo 连接

==================================================
  日终全链快照
==================================================
  合约数: 7760
  Call: 3880 | Put: 3880
  到期日: 28 个
  IV: mean=0.7540, min=0.1843, max=57.0935
  Spread%: median=9.43%, mean=42.06%
  OI: total=4668184, median=26, max=187791
  DTE: 0 ~ 928 天
  内存占用: 5.24 MB

存档完成: /Users/yhdong/Gold/data/raw/options_history/2026-06-02/eod_full.parquet
2026-06-02 05:05:50,639 | 97195 | 6159708160 | [open_context_base.py:516] on_disconnect: Disconnected: conn=0(1) reason=CallClose
2026-06-02 05:05:51 === 采集完成 ===

2026-06-03 05:05:01 === 开始采集 ===
<frozen runpy>:128: RuntimeWarning: 'src.data.options.options_archive' found in sys.modules after import of package 'src.data.options', but prior to execution of 'src.data.options.options_archive'; this may result in unpredictable behaviour
2026-06-03 05:05:04,942 [INFO] __main__ - === 日终全链快照开始 ===
2026-06-03 05:05:05,449 | 16971 | 8808983616 | [open_context_base.py:409] _init_connect_sync: New connect ready: conn=7467682729012492881(1) context=<moomoo.quote.open_quote_context.OpenQuoteContext object at 0x105dbc490>
2026-06-03 05:05:05,449 [INFO] src.data.options.moomoo_data - 已连接 Moomoo OpenD (127.0.0.1:11111)
2026-06-03 05:05:05,489 [INFO] src.data.options.moomoo_data - US.GLD 期权到期日: 28 个
2026-06-03 05:05:05,498 [INFO] __main__ - 获取 28 个到期日: 2026-06-03 ~ 2028-12-15
2026-06-03 05:05:05,499 [INFO] __main__ -   批次: 2026-06-03 ~ 2026-07-02 (11 个到期日)
2026-06-03 05:05:06,100 [INFO] src.data.options.moomoo_data - US.GLD 期权链: 2830 个合约 (2026-06-03 ~ 2026-07-02)
2026-06-03 05:05:09,747 [INFO] __main__ -   批次: 2026-07-10 ~ 2026-07-17 (2 个到期日)
2026-06-03 05:05:09,845 [INFO] src.data.options.moomoo_data - US.GLD 期权链: 558 个合约 (2026-07-10 ~ 2026-07-17)
2026-06-03 05:05:13,495 [INFO] __main__ -   批次: 2026-08-21 ~ 2026-09-18 (2 个到期日)
2026-06-03 05:05:13,600 [INFO] src.data.options.moomoo_data - US.GLD 期权链: 634 个合约 (2026-08-21 ~ 2026-09-18)
2026-06-03 05:05:17,248 [INFO] __main__ -   批次: 2026-09-30 ~ 2026-10-16 (2 个到期日)
2026-06-03 05:05:17,339 [INFO] src.data.options.moomoo_data - US.GLD 期权链: 530 个合约 (2026-09-30 ~ 2026-10-16)
2026-06-03 05:05:20,983 [INFO] __main__ -   批次: 2026-11-20 ~ 2026-12-18 (2 个到期日)
2026-06-03 05:05:21,161 [INFO] src.data.options.moomoo_data - US.GLD 期权链: 504 个合约 (2026-11-20 ~ 2026-12-18)
2026-06-03 05:05:24,811 [INFO] __main__ -   批次: 2026-12-31 ~ 2027-01-15 (2 个到期日)
2026-06-03 05:05:24,928 [INFO] src.data.options.moomoo_data - US.GLD 期权链: 760 个合约 (2026-12-31 ~ 2027-01-15)
2026-06-03 05:05:28,576 [INFO] __main__ -   批次: 2027-03-19 ~ 2027-03-31 (2 个到期日)
2026-06-03 05:05:28,666 [INFO] src.data.options.moomoo_data - US.GLD 期权链: 500 个合约 (2027-03-19 ~ 2027-03-31)
2026-06-03 05:05:32,316 [INFO] __main__ -   批次: 2027-06-17 ~ 2027-06-17 (1 个到期日)
2026-06-03 05:05:32,392 [INFO] src.data.options.moomoo_data - US.GLD 期权链: 328 个合约 (2027-06-17 ~ 2027-06-17)
2026-06-03 05:05:36,041 [INFO] __main__ -   批次: 2027-09-17 ~ 2027-09-17 (1 个到期日)
2026-06-03 05:05:36,085 [INFO] src.data.options.moomoo_data - US.GLD 期权链: 166 个合约 (2027-09-17 ~ 2027-09-17)
2026-06-03 05:05:39,733 [INFO] __main__ -   批次: 2028-01-21 ~ 2028-01-21 (1 个到期日)
2026-06-03 05:05:39,802 [INFO] src.data.options.moomoo_data - US.GLD 期权链: 332 个合约 (2028-01-21 ~ 2028-01-21)
2026-06-03 05:05:43,446 [INFO] __main__ -   批次: 2028-06-16 ~ 2028-06-16 (1 个到期日)
2026-06-03 05:05:43,515 [INFO] src.data.options.moomoo_data - US.GLD 期权链: 274 个合约 (2028-06-16 ~ 2028-06-16)
2026-06-03 05:05:47,163 [INFO] __main__ -   批次: 2028-12-15 ~ 2028-12-15 (1 个到期日)
2026-06-03 05:05:47,226 [INFO] src.data.options.moomoo_data - US.GLD 期权链: 276 个合约 (2028-12-15 ~ 2028-12-15)
2026-06-03 05:05:47,235 [INFO] __main__ - 期权链合计: 7692 个合约
2026-06-03 05:05:47,236 [INFO] __main__ - 获取 7692 个合约的快照...
2026-06-03 05:05:51,824 [INFO] src.data.options.moomoo_data - 期权快照: 7692 个合约
2026-06-03 05:05:51,847 [INFO] __main__ - 完整快照: 7692 个合约, 35 个字段
2026-06-03 05:05:52,089 [INFO] __main__ - 已保存 Parquet -> /Users/yhdong/Gold/data/raw/options_history/2026-06-03/eod_full.parquet
2026-06-03 05:05:52,363 [INFO] __main__ - 已保存 CSV -> /Users/yhdong/Gold/data/raw/options_history/2026-06-03/eod_full.csv
2026-06-03 05:05:52,396 [INFO] src.data.options.moomoo_data - 已关闭 Moomoo 连接

==================================================
  日终全链快照
==================================================
  合约数: 7692
  Call: 3846 | Put: 3846
  到期日: 28 个
  IV: mean=0.3928, min=0.0001, max=3.1142
  Spread%: median=6.64%, mean=34.20%
  OI: total=4693613, median=28, max=187864
  DTE: 1 ~ 927 天
  内存占用: 5.19 MB

存档完成: /Users/yhdong/Gold/data/raw/options_history/2026-06-03/eod_full.parquet
2026-06-03 05:05:52,401 | 16971 | 6133149696 | [open_context_base.py:516] on_disconnect: Disconnected: conn=0(1) reason=CallClose
2026-06-03 05:05:52 === 采集完成 ===

2026-06-04 05:05:00 === 开始采集 ===
<frozen runpy>:128: RuntimeWarning: 'src.data.options.options_archive' found in sys.modules after import of package 'src.data.options', but prior to execution of 'src.data.options.options_archive'; this may result in unpredictable behaviour
2026-06-04 05:05:03,543 [INFO] __main__ - === 日终全链快照开始 ===
2026-06-04 05:05:04,030 | 36343 | 8808983616 | [open_context_base.py:409] _init_connect_sync: New connect ready: conn=7468045110933680489(1) context=<moomoo.quote.open_quote_context.OpenQuoteContext object at 0x10a072310>
2026-06-04 05:05:04,031 [INFO] src.data.options.moomoo_data - 已连接 Moomoo OpenD (127.0.0.1:11111)
2026-06-04 05:05:04,059 [INFO] src.data.options.moomoo_data - US.GLD 期权到期日: 28 个
2026-06-04 05:05:04,067 [INFO] __main__ - 获取 28 个到期日: 2026-06-03 ~ 2028-12-15
2026-06-04 05:05:04,068 [INFO] __main__ -   批次: 2026-06-03 ~ 2026-07-02 (11 个到期日)
2026-06-04 05:05:04,752 [INFO] src.data.options.moomoo_data - US.GLD 期权链: 2920 个合约 (2026-06-03 ~ 2026-07-02)
2026-06-04 05:05:08,397 [INFO] __main__ -   批次: 2026-07-10 ~ 2026-07-17 (2 个到期日)
2026-06-04 05:05:08,556 [INFO] src.data.options.moomoo_data - US.GLD 期权链: 558 个合约 (2026-07-10 ~ 2026-07-17)
2026-06-04 05:05:12,201 [INFO] __main__ -   批次: 2026-08-21 ~ 2026-09-18 (2 个到期日)
2026-06-04 05:05:12,308 [INFO] src.data.options.moomoo_data - US.GLD 期权链: 634 个合约 (2026-08-21 ~ 2026-09-18)
2026-06-04 05:05:15,946 [INFO] __main__ -   批次: 2026-09-30 ~ 2026-10-16 (2 个到期日)
2026-06-04 05:05:16,033 [INFO] src.data.options.moomoo_data - US.GLD 期权链: 530 个合约 (2026-09-30 ~ 2026-10-16)
2026-06-04 05:05:19,679 [INFO] __main__ -   批次: 2026-11-20 ~ 2026-12-18 (2 个到期日)
2026-06-04 05:05:19,877 [INFO] src.data.options.moomoo_data - US.GLD 期权链: 504 个合约 (2026-11-20 ~ 2026-12-18)
2026-06-04 05:05:23,519 [INFO] __main__ -   批次: 2026-12-31 ~ 2027-01-15 (2 个到期日)
2026-06-04 05:05:23,631 [INFO] src.data.options.moomoo_data - US.GLD 期权链: 760 个合约 (2026-12-31 ~ 2027-01-15)
2026-06-04 05:05:27,272 [INFO] __main__ -   批次: 2027-03-19 ~ 2027-03-31 (2 个到期日)
2026-06-04 05:05:27,433 [INFO] src.data.options.moomoo_data - US.GLD 期权链: 500 个合约 (2027-03-19 ~ 2027-03-31)
2026-06-04 05:05:31,076 [INFO] __main__ -   批次: 2027-06-17 ~ 2027-06-17 (1 个到期日)
2026-06-04 05:05:31,133 [INFO] src.data.options.moomoo_data - US.GLD 期权链: 328 个合约 (2027-06-17 ~ 2027-06-17)
2026-06-04 05:05:34,783 [INFO] __main__ -   批次: 2027-09-17 ~ 2027-09-17 (1 个到期日)
2026-06-04 05:05:34,849 [INFO] src.data.options.moomoo_data - US.GLD 期权链: 168 个合约 (2027-09-17 ~ 2027-09-17)
2026-06-04 05:05:38,497 [INFO] __main__ -   批次: 2028-01-21 ~ 2028-01-21 (1 个到期日)
2026-06-04 05:05:38,557 [INFO] src.data.options.moomoo_data - US.GLD 期权链: 332 个合约 (2028-01-21 ~ 2028-01-21)
2026-06-04 05:05:42,207 [INFO] __main__ -   批次: 2028-06-16 ~ 2028-06-16 (1 个到期日)
2026-06-04 05:05:42,262 [INFO] src.data.options.moomoo_data - US.GLD 期权链: 274 个合约 (2028-06-16 ~ 2028-06-16)
2026-06-04 05:05:45,903 [INFO] __main__ -   批次: 2028-12-15 ~ 2028-12-15 (1 个到期日)
2026-06-04 05:05:45,960 [INFO] src.data.options.moomoo_data - US.GLD 期权链: 276 个合约 (2028-12-15 ~ 2028-12-15)
2026-06-04 05:05:45,973 [INFO] __main__ - 期权链合计: 7784 个合约
2026-06-04 05:05:45,973 [INFO] __main__ - 获取 7784 个合约的快照...
2026-06-04 05:05:50,352 [INFO] src.data.options.moomoo_data - 期权快照: 7784 个合约
2026-06-04 05:05:50,374 [INFO] __main__ - 完整快照: 7784 个合约, 35 个字段
2026-06-04 05:05:50,626 [INFO] __main__ - 已保存 Parquet -> /Users/yhdong/Gold/data/raw/options_history/2026-06-04/eod_full.parquet
2026-06-04 05:05:50,876 [INFO] __main__ - 已保存 CSV -> /Users/yhdong/Gold/data/raw/options_history/2026-06-04/eod_full.csv
2026-06-04 05:05:50,907 [INFO] src.data.options.moomoo_data - 已关闭 Moomoo 连接

==================================================
  日终全链快照
==================================================
  合约数: 7784
  Call: 3892 | Put: 3892
  到期日: 28 个
  IV: mean=0.8525, min=0.1652, max=86.4030
  Spread%: median=7.29%, mean=37.20%
  OI: total=4721677, median=27, max=187728
  DTE: 0 ~ 926 天
  内存占用: 5.25 MB

存档完成: /Users/yhdong/Gold/data/raw/options_history/2026-06-04/eod_full.parquet
2026-06-04 05:05:50,913 | 36343 | 6138720256 | [open_context_base.py:516] on_disconnect: Disconnected: conn=0(1) reason=CallClose
2026-06-04 05:05:51 === 采集完成 ===

2026-06-05 05:05:01 === 开始采集 ===
<frozen runpy>:128: RuntimeWarning: 'src.data.options.options_archive' found in sys.modules after import of package 'src.data.options', but prior to execution of 'src.data.options.options_archive'; this may result in unpredictable behaviour
2026-06-05 05:05:04,930 [INFO] __main__ - === 日终全链快照开始 ===
2026-06-05 05:05:05,629 | 35243 | 8808983616 | [open_context_base.py:409] _init_connect_sync: New connect ready: conn=7468407505432761453(1) context=<moomoo.quote.open_quote_context.OpenQuoteContext object at 0x10619dc50>
2026-06-05 05:05:05,629 [INFO] src.data.options.moomoo_data - 已连接 Moomoo OpenD (127.0.0.1:11111)
2026-06-05 05:05:05,669 [INFO] src.data.options.moomoo_data - US.GLD 期权到期日: 28 个
2026-06-05 05:05:05,679 [INFO] __main__ - 获取 28 个到期日: 2026-06-05 ~ 2028-12-15
2026-06-05 05:05:05,681 [INFO] __main__ -   批次: 2026-06-05 ~ 2026-07-02 (10 个到期日)
2026-06-05 05:05:06,253 [INFO] src.data.options.moomoo_data - US.GLD 期权链: 2698 个合约 (2026-06-05 ~ 2026-07-02)
2026-06-05 05:05:09,893 [INFO] __main__ -   批次: 2026-07-10 ~ 2026-07-24 (3 个到期日)
2026-06-05 05:05:10,048 [INFO] src.data.options.moomoo_data - US.GLD 期权链: 618 个合约 (2026-07-10 ~ 2026-07-24)
2026-06-05 05:05:13,696 [INFO] __main__ -   批次: 2026-08-21 ~ 2026-09-18 (2 个到期日)
2026-06-05 05:05:13,797 [INFO] src.data.options.moomoo_data - US.GLD 期权链: 634 个合约 (2026-08-21 ~ 2026-09-18)
2026-06-05 05:05:17,444 [INFO] __main__ -   批次: 2026-09-30 ~ 2026-10-16 (2 个到期日)
2026-06-05 05:05:17,532 [INFO] src.data.options.moomoo_data - US.GLD 期权链: 530 个合约 (2026-09-30 ~ 2026-10-16)
2026-06-05 05:05:21,181 [INFO] __main__ -   批次: 2026-11-20 ~ 2026-12-18 (2 个到期日)
2026-06-05 05:05:21,338 [INFO] src.data.options.moomoo_data - US.GLD 期权链: 504 个合约 (2026-11-20 ~ 2026-12-18)
2026-06-05 05:05:24,988 [INFO] __main__ -   批次: 2026-12-31 ~ 2027-01-15 (2 个到期日)
2026-06-05 05:05:25,197 [INFO] src.data.options.moomoo_data - US.GLD 期权链: 760 个合约 (2026-12-31 ~ 2027-01-15)
2026-06-05 05:05:28,834 [INFO] __main__ -   批次: 2027-03-19 ~ 2027-03-31 (2 个到期日)
2026-06-05 05:05:28,928 [INFO] src.data.options.moomoo_data - US.GLD 期权链: 500 个合约 (2027-03-19 ~ 2027-03-31)
2026-06-05 05:05:32,570 [INFO] __main__ -   批次: 2027-06-17 ~ 2027-06-17 (1 个到期日)
2026-06-05 05:05:32,632 [INFO] src.data.options.moomoo_data - US.GLD 期权链: 328 个合约 (2027-06-17 ~ 2027-06-17)
2026-06-05 05:05:36,264 [INFO] __main__ -   批次: 2027-09-17 ~ 2027-09-17 (1 个到期日)
2026-06-05 05:05:36,311 [INFO] src.data.options.moomoo_data - US.GLD 期权链: 168 个合约 (2027-09-17 ~ 2027-09-17)
2026-06-05 05:05:39,958 [INFO] __main__ -   批次: 2028-01-21 ~ 2028-01-21 (1 个到期日)
2026-06-05 05:05:40,024 [INFO] src.data.options.moomoo_data - US.GLD 期权链: 332 个合约 (2028-01-21 ~ 2028-01-21)
2026-06-05 05:05:43,672 [INFO] __main__ -   批次: 2028-06-16 ~ 2028-06-16 (1 个到期日)
2026-06-05 05:05:43,728 [INFO] src.data.options.moomoo_data - US.GLD 期权链: 274 个合约 (2028-06-16 ~ 2028-06-16)
2026-06-05 05:05:47,375 [INFO] __main__ -   批次: 2028-12-15 ~ 2028-12-15 (1 个到期日)
2026-06-05 05:05:47,519 [INFO] src.data.options.moomoo_data - US.GLD 期权链: 276 个合约 (2028-12-15 ~ 2028-12-15)
2026-06-05 05:05:47,532 [INFO] __main__ - 期权链合计: 7622 个合约
2026-06-05 05:05:47,533 [INFO] __main__ - 获取 7622 个合约的快照...
2026-06-05 05:05:52,027 [INFO] src.data.options.moomoo_data - 期权快照: 7622 个合约
2026-06-05 05:05:52,045 [INFO] __main__ - 完整快照: 7622 个合约, 35 个字段
2026-06-05 05:05:52,257 [INFO] __main__ - 已保存 Parquet -> /Users/yhdong/Gold/data/raw/options_history/2026-06-05/eod_full.parquet
2026-06-05 05:05:52,488 [INFO] __main__ - 已保存 CSV -> /Users/yhdong/Gold/data/raw/options_history/2026-06-05/eod_full.csv
2026-06-05 05:05:52,518 [INFO] src.data.options.moomoo_data - 已关闭 Moomoo 连接

==================================================
  日终全链快照
==================================================
  合约数: 7622
  Call: 3811 | Put: 3811
  到期日: 28 个
  IV: mean=0.3996, min=0.1597, max=4.4455
  Spread%: median=6.73%, mean=36.00%
  OI: total=4722907, median=29, max=187661
  DTE: 1 ~ 925 天
  内存占用: 5.14 MB

存档完成: /Users/yhdong/Gold/data/raw/options_history/2026-06-05/eod_full.parquet
2026-06-05 05:05:52,523 | 35243 | 6204174336 | [open_context_base.py:516] on_disconnect: Disconnected: conn=0(1) reason=CallClose
2026-06-05 05:05:53 === 采集完成 ===

2026-06-06 05:05:01 === 开始采集 ===
<frozen runpy>:128: RuntimeWarning: 'src.data.options.options_archive' found in sys.modules after import of package 'src.data.options', but prior to execution of 'src.data.options.options_archive'; this may result in unpredictable behaviour
2026-06-06 05:05:04,006 [INFO] __main__ - === 日终全链快照开始 ===
2026-06-06 05:05:04,537 | 13357 | 8808983616 | [open_context_base.py:409] _init_connect_sync: New connect ready: conn=7468769888777208834(1) context=<moomoo.quote.open_quote_context.OpenQuoteContext object at 0x1061db150>
2026-06-06 05:05:04,538 [INFO] src.data.options.moomoo_data - 已连接 Moomoo OpenD (127.0.0.1:11111)
2026-06-06 05:05:04,578 [INFO] src.data.options.moomoo_data - US.GLD 期权到期日: 28 个
2026-06-06 05:05:04,588 [INFO] __main__ - 获取 28 个到期日: 2026-06-05 ~ 2028-12-15
2026-06-06 05:05:04,589 [INFO] __main__ -   批次: 2026-06-05 ~ 2026-07-02 (10 个到期日)
2026-06-06 05:05:05,157 [INFO] src.data.options.moomoo_data - US.GLD 期权链: 2750 个合约 (2026-06-05 ~ 2026-07-02)
2026-06-06 05:05:08,801 [INFO] __main__ -   批次: 2026-07-10 ~ 2026-07-24 (3 个到期日)
2026-06-06 05:05:08,971 [INFO] src.data.options.moomoo_data - US.GLD 期权链: 848 个合约 (2026-07-10 ~ 2026-07-24)
2026-06-06 05:05:12,621 [INFO] __main__ -   批次: 2026-08-21 ~ 2026-09-18 (2 个到期日)
2026-06-06 05:05:12,719 [INFO] src.data.options.moomoo_data - US.GLD 期权链: 634 个合约 (2026-08-21 ~ 2026-09-18)
2026-06-06 05:05:16,360 [INFO] __main__ -   批次: 2026-09-30 ~ 2026-10-16 (2 个到期日)
2026-06-06 05:05:16,445 [INFO] src.data.options.moomoo_data - US.GLD 期权链: 530 个合约 (2026-09-30 ~ 2026-10-16)
2026-06-06 05:05:20,086 [INFO] __main__ -   批次: 2026-11-20 ~ 2026-12-18 (2 个到期日)
2026-06-06 05:05:20,334 [INFO] src.data.options.moomoo_data - US.GLD 期权链: 504 个合约 (2026-11-20 ~ 2026-12-18)
2026-06-06 05:05:23,982 [INFO] __main__ -   批次: 2026-12-31 ~ 2027-01-15 (2 个到期日)
2026-06-06 05:05:24,263 [INFO] src.data.options.moomoo_data - US.GLD 期权链: 760 个合约 (2026-12-31 ~ 2027-01-15)
2026-06-06 05:05:27,912 [INFO] __main__ -   批次: 2027-03-19 ~ 2027-03-31 (2 个到期日)
2026-06-06 05:05:27,999 [INFO] src.data.options.moomoo_data - US.GLD 期权链: 500 个合约 (2027-03-19 ~ 2027-03-31)
2026-06-06 05:05:31,636 [INFO] __main__ -   批次: 2027-06-17 ~ 2027-06-17 (1 个到期日)
2026-06-06 05:05:31,782 [INFO] src.data.options.moomoo_data - US.GLD 期权链: 328 个合约 (2027-06-17 ~ 2027-06-17)
2026-06-06 05:05:35,425 [INFO] __main__ -   批次: 2027-09-17 ~ 2027-09-17 (1 个到期日)
2026-06-06 05:05:35,467 [INFO] src.data.options.moomoo_data - US.GLD 期权链: 168 个合约 (2027-09-17 ~ 2027-09-17)
2026-06-06 05:05:39,111 [INFO] __main__ -   批次: 2028-01-21 ~ 2028-01-21 (1 个到期日)
2026-06-06 05:05:39,165 [INFO] src.data.options.moomoo_data - US.GLD 期权链: 332 个合约 (2028-01-21 ~ 2028-01-21)
2026-06-06 05:05:42,813 [INFO] __main__ -   批次: 2028-06-16 ~ 2028-06-16 (1 个到期日)
2026-06-06 05:05:42,907 [INFO] src.data.options.moomoo_data - US.GLD 期权链: 274 个合约 (2028-06-16 ~ 2028-06-16)
2026-06-06 05:05:46,552 [INFO] __main__ -   批次: 2028-12-15 ~ 2028-12-15 (1 个到期日)
2026-06-06 05:05:46,632 [INFO] src.data.options.moomoo_data - US.GLD 期权链: 276 个合约 (2028-12-15 ~ 2028-12-15)
2026-06-06 05:05:46,681 [INFO] __main__ - 期权链合计: 7904 个合约
2026-06-06 05:05:46,682 [INFO] __main__ - 获取 7904 个合约的快照...
2026-06-06 05:05:51,790 [INFO] src.data.options.moomoo_data - 期权快照: 7904 个合约
2026-06-06 05:05:51,810 [INFO] __main__ - 完整快照: 7904 个合约, 35 个字段
2026-06-06 05:05:52,046 [INFO] __main__ - 已保存 Parquet -> /Users/yhdong/Gold/data/raw/options_history/2026-06-06/eod_full.parquet
2026-06-06 05:05:52,292 [INFO] __main__ - 已保存 CSV -> /Users/yhdong/Gold/data/raw/options_history/2026-06-06/eod_full.csv
2026-06-06 05:05:52,323 [INFO] src.data.options.moomoo_data - 已关闭 Moomoo 连接

==================================================
  日终全链快照
==================================================
  合约数: 7904
  Call: 3952 | Put: 3952
  到期日: 28 个
  IV: mean=1.4658, min=0.1697, max=93.7105
  Spread%: median=9.39%, mean=44.21%
  OI: total=4742503, median=25, max=187602
  DTE: 0 ~ 924 天
  内存占用: 5.33 MB

存档完成: /Users/yhdong/Gold/data/raw/options_history/2026-06-06/eod_full.parquet
2026-06-06 05:05:52,328 | 13357 | 6124482560 | [open_context_base.py:516] on_disconnect: Disconnected: conn=0(1) reason=CallClose
2026-06-06 05:05:52 === 采集完成 ===

2026-06-09 05:05:01 === 开始采集 ===
<frozen runpy>:128: RuntimeWarning: 'src.data.options.options_archive' found in sys.modules after import of package 'src.data.options', but prior to execution of 'src.data.options.options_archive'; this may result in unpredictable behaviour
2026-06-09 05:05:04,555 [INFO] __main__ - === 日终全链快照开始 ===
2026-06-09 05:05:05,090 | 5139 | 8808983616 | [open_context_base.py:409] _init_connect_sync: New connect ready: conn=7469857054672640090(1) context=<moomoo.quote.open_quote_context.OpenQuoteContext object at 0x1051d5ad0>
2026-06-09 05:05:05,090 [INFO] src.data.options.moomoo_data - 已连接 Moomoo OpenD (127.0.0.1:11111)
2026-06-09 05:05:05,209 [INFO] src.data.options.moomoo_data - US.GLD 期权到期日: 28 个
2026-06-09 05:05:05,227 [INFO] __main__ - 获取 28 个到期日: 2026-06-08 ~ 2028-12-15
2026-06-09 05:05:05,229 [INFO] __main__ -   批次: 2026-06-08 ~ 2026-07-02 (10 个到期日)
2026-06-09 05:05:05,781 [INFO] src.data.options.moomoo_data - US.GLD 期权链: 2520 个合约 (2026-06-08 ~ 2026-07-02)
2026-06-09 05:05:09,430 [INFO] __main__ -   批次: 2026-07-10 ~ 2026-07-24 (3 个到期日)
2026-06-09 05:05:09,563 [INFO] src.data.options.moomoo_data - US.GLD 期权链: 848 个合约 (2026-07-10 ~ 2026-07-24)
2026-06-09 05:05:13,202 [INFO] __main__ -   批次: 2026-08-21 ~ 2026-09-18 (2 个到期日)
2026-06-09 05:05:13,310 [INFO] src.data.options.moomoo_data - US.GLD 期权链: 634 个合约 (2026-08-21 ~ 2026-09-18)
2026-06-09 05:05:16,955 [INFO] __main__ -   批次: 2026-09-30 ~ 2026-10-16 (2 个到期日)
2026-06-09 05:05:17,044 [INFO] src.data.options.moomoo_data - US.GLD 期权链: 530 个合约 (2026-09-30 ~ 2026-10-16)
2026-06-09 05:05:20,690 [INFO] __main__ -   批次: 2026-11-20 ~ 2026-12-18 (2 个到期日)
2026-06-09 05:05:20,882 [INFO] src.data.options.moomoo_data - US.GLD 期权链: 504 个合约 (2026-11-20 ~ 2026-12-18)
2026-06-09 05:05:24,519 [INFO] __main__ -   批次: 2026-12-31 ~ 2027-01-15 (2 个到期日)
2026-06-09 05:05:24,704 [INFO] src.data.options.moomoo_data - US.GLD 期权链: 760 个合约 (2026-12-31 ~ 2027-01-15)
2026-06-09 05:05:28,353 [INFO] __main__ -   批次: 2027-03-19 ~ 2027-03-31 (2 个到期日)
2026-06-09 05:05:28,442 [INFO] src.data.options.moomoo_data - US.GLD 期权链: 500 个合约 (2027-03-19 ~ 2027-03-31)
2026-06-09 05:05:32,087 [INFO] __main__ -   批次: 2027-06-17 ~ 2027-06-17 (1 个到期日)
2026-06-09 05:05:32,154 [INFO] src.data.options.moomoo_data - US.GLD 期权链: 328 个合约 (2027-06-17 ~ 2027-06-17)
2026-06-09 05:05:35,794 [INFO] __main__ -   批次: 2027-09-17 ~ 2027-09-17 (1 个到期日)
2026-06-09 05:05:35,847 [INFO] src.data.options.moomoo_data - US.GLD 期权链: 168 个合约 (2027-09-17 ~ 2027-09-17)
2026-06-09 05:05:39,491 [INFO] __main__ -   批次: 2028-01-21 ~ 2028-01-21 (1 个到期日)
2026-06-09 05:05:39,561 [INFO] src.data.options.moomoo_data - US.GLD 期权链: 332 个合约 (2028-01-21 ~ 2028-01-21)
2026-06-09 05:05:43,203 [INFO] __main__ -   批次: 2028-06-16 ~ 2028-06-16 (1 个到期日)
2026-06-09 05:05:43,272 [INFO] src.data.options.moomoo_data - US.GLD 期权链: 274 个合约 (2028-06-16 ~ 2028-06-16)
2026-06-09 05:05:46,920 [INFO] __main__ -   批次: 2028-12-15 ~ 2028-12-15 (1 个到期日)
2026-06-09 05:05:46,978 [INFO] src.data.options.moomoo_data - US.GLD 期权链: 276 个合约 (2028-12-15 ~ 2028-12-15)
2026-06-09 05:05:46,994 [INFO] __main__ - 期权链合计: 7674 个合约
2026-06-09 05:05:46,995 [INFO] __main__ - 获取 7674 个合约的快照...
2026-06-09 05:05:51,694 [INFO] src.data.options.moomoo_data - 期权快照: 7674 个合约
2026-06-09 05:05:51,712 [INFO] __main__ - 完整快照: 7674 个合约, 35 个字段
2026-06-09 05:05:51,944 [INFO] __main__ - 已保存 Parquet -> /Users/yhdong/Gold/data/raw/options_history/2026-06-09/eod_full.parquet
2026-06-09 05:05:52,161 [INFO] __main__ - 已保存 CSV -> /Users/yhdong/Gold/data/raw/options_history/2026-06-09/eod_full.csv
2026-06-09 05:05:52,194 [INFO] src.data.options.moomoo_data - 已关闭 Moomoo 连接

==================================================
  日终全链快照
==================================================
  合约数: 7674
  Call: 3837 | Put: 3837
  到期日: 28 个
  IV: mean=0.5102, min=0.1933, max=23.6950
  Spread%: median=7.25%, mean=36.91%
  OI: total=4613586, median=32, max=111253
  DTE: 0 ~ 921 天
  内存占用: 5.18 MB

存档完成: /Users/yhdong/Gold/data/raw/options_history/2026-06-09/eod_full.parquet
2026-06-09 05:05:52,198 | 5139 | 6133641216 | [open_context_base.py:516] on_disconnect: Disconnected: conn=0(1) reason=CallClose
2026-06-09 05:05:52 === 采集完成 ===

2026-06-10 05:05:00 === 开始采集 ===
<frozen runpy>:128: RuntimeWarning: 'src.data.options.options_archive' found in sys.modules after import of package 'src.data.options', but prior to execution of 'src.data.options.options_archive'; this may result in unpredictable behaviour
2026-06-10 05:05:03,984 [INFO] __main__ - === 日终全链快照开始 ===
2026-06-10 05:05:04,460 | 12888 | 8808983616 | [open_context_base.py:409] _init_connect_sync: New connect ready: conn=7470219439885118072(1) context=<moomoo.quote.open_quote_context.OpenQuoteContext object at 0x1050d38d0>
2026-06-10 05:05:04,460 [INFO] src.data.options.moomoo_data - 已连接 Moomoo OpenD (127.0.0.1:11111)
2026-06-10 05:05:04,569 [INFO] src.data.options.moomoo_data - US.GLD 期权到期日: 28 个
2026-06-10 05:05:04,582 [INFO] __main__ - 获取 28 个到期日: 2026-06-10 ~ 2028-12-15
2026-06-10 05:05:04,585 [INFO] __main__ -   批次: 2026-06-10 ~ 2026-07-02 (10 个到期日)
2026-06-10 05:05:05,203 [INFO] src.data.options.moomoo_data - US.GLD 期权链: 2524 个合约 (2026-06-10 ~ 2026-07-02)
2026-06-10 05:05:08,847 [INFO] __main__ -   批次: 2026-07-10 ~ 2026-07-24 (3 个到期日)
2026-06-10 05:05:08,974 [INFO] src.data.options.moomoo_data - US.GLD 期权链: 848 个合约 (2026-07-10 ~ 2026-07-24)
2026-06-10 05:05:12,622 [INFO] __main__ -   批次: 2026-08-21 ~ 2026-09-18 (2 个到期日)
2026-06-10 05:05:12,724 [INFO] src.data.options.moomoo_data - US.GLD 期权链: 634 个合约 (2026-08-21 ~ 2026-09-18)
2026-06-10 05:05:16,370 [INFO] __main__ -   批次: 2026-09-30 ~ 2026-10-16 (2 个到期日)
2026-06-10 05:05:16,455 [INFO] src.data.options.moomoo_data - US.GLD 期权链: 530 个合约 (2026-09-30 ~ 2026-10-16)
2026-06-10 05:05:20,101 [INFO] __main__ -   批次: 2026-11-20 ~ 2026-12-18 (2 个到期日)
2026-06-10 05:05:20,280 [INFO] src.data.options.moomoo_data - US.GLD 期权链: 504 个合约 (2026-11-20 ~ 2026-12-18)
2026-06-10 05:05:23,920 [INFO] __main__ -   批次: 2026-12-31 ~ 2027-01-15 (2 个到期日)
2026-06-10 05:05:24,066 [INFO] src.data.options.moomoo_data - US.GLD 期权链: 760 个合约 (2026-12-31 ~ 2027-01-15)
2026-06-10 05:05:27,712 [INFO] __main__ -   批次: 2027-03-19 ~ 2027-03-31 (2 个到期日)
2026-06-10 05:05:27,805 [INFO] src.data.options.moomoo_data - US.GLD 期权链: 500 个合约 (2027-03-19 ~ 2027-03-31)
2026-06-10 05:05:31,451 [INFO] __main__ -   批次: 2027-06-17 ~ 2027-06-17 (1 个到期日)
2026-06-10 05:05:31,512 [INFO] src.data.options.moomoo_data - US.GLD 期权链: 328 个合约 (2027-06-17 ~ 2027-06-17)
2026-06-10 05:05:35,161 [INFO] __main__ -   批次: 2027-09-17 ~ 2027-09-17 (1 个到期日)
2026-06-10 05:05:35,207 [INFO] src.data.options.moomoo_data - US.GLD 期权链: 168 个合约 (2027-09-17 ~ 2027-09-17)
2026-06-10 05:05:38,857 [INFO] __main__ -   批次: 2028-01-21 ~ 2028-01-21 (1 个到期日)
2026-06-10 05:05:38,930 [INFO] src.data.options.moomoo_data - US.GLD 期权链: 332 个合约 (2028-01-21 ~ 2028-01-21)
2026-06-10 05:05:42,574 [INFO] __main__ -   批次: 2028-06-16 ~ 2028-06-16 (1 个到期日)
2026-06-10 05:05:42,638 [INFO] src.data.options.moomoo_data - US.GLD 期权链: 274 个合约 (2028-06-16 ~ 2028-06-16)
2026-06-10 05:05:46,272 [INFO] __main__ -   批次: 2028-12-15 ~ 2028-12-15 (1 个到期日)
2026-06-10 05:05:46,340 [INFO] src.data.options.moomoo_data - US.GLD 期权链: 276 个合约 (2028-12-15 ~ 2028-12-15)
2026-06-10 05:05:46,354 [INFO] __main__ - 期权链合计: 7678 个合约
2026-06-10 05:05:46,355 [INFO] __main__ - 获取 7678 个合约的快照...
2026-06-10 05:05:50,909 [INFO] src.data.options.moomoo_data - 期权快照: 7678 个合约
2026-06-10 05:05:50,926 [INFO] __main__ - 完整快照: 7678 个合约, 35 个字段
2026-06-10 05:05:51,129 [INFO] __main__ - 已保存 Parquet -> /Users/yhdong/Gold/data/raw/options_history/2026-06-10/eod_full.parquet
2026-06-10 05:05:51,337 [INFO] __main__ - 已保存 CSV -> /Users/yhdong/Gold/data/raw/options_history/2026-06-10/eod_full.csv
2026-06-10 05:05:51,362 [INFO] src.data.options.moomoo_data - 已关闭 Moomoo 连接

==================================================
  日终全链快照
==================================================
  合约数: 7678
  Call: 3839 | Put: 3839
  到期日: 28 个
  IV: mean=0.3926, min=0.1893, max=3.2314
  Spread%: median=7.95%, mean=39.02%
  OI: total=4630052, median=32, max=111192
  DTE: 1 ~ 920 天
  内存占用: 5.18 MB

存档完成: /Users/yhdong/Gold/data/raw/options_history/2026-06-10/eod_full.parquet
2026-06-10 05:05:51,366 | 12888 | 6135328768 | [open_context_base.py:516] on_disconnect: Disconnected: conn=0(1) reason=CallClose
2026-06-10 05:05:51 === 采集完成 ===

2026-06-11 05:05:00 === 开始采集 ===
<frozen runpy>:128: RuntimeWarning: 'src.data.options.options_archive' found in sys.modules after import of package 'src.data.options', but prior to execution of 'src.data.options.options_archive'; this may result in unpredictable behaviour
2026-06-11 05:05:03,491 [INFO] __main__ - === 日终全链快照开始 ===
2026-06-11 05:05:04,019 | 17914 | 8808983616 | [open_context_base.py:409] _init_connect_sync: New connect ready: conn=7470581825901112819(1) context=<moomoo.quote.open_quote_context.OpenQuoteContext object at 0x1198a0710>
2026-06-11 05:05:04,019 [INFO] src.data.options.moomoo_data - 已连接 Moomoo OpenD (127.0.0.1:11111)
2026-06-11 05:05:04,063 [INFO] src.data.options.moomoo_data - US.GLD 期权到期日: 28 个
2026-06-11 05:05:04,074 [INFO] __main__ - 获取 28 个到期日: 2026-06-10 ~ 2028-12-15
2026-06-11 05:05:04,075 [INFO] __main__ -   批次: 2026-06-10 ~ 2026-07-02 (10 个到期日)
2026-06-11 05:05:04,801 [INFO] src.data.options.moomoo_data - US.GLD 期权链: 2798 个合约 (2026-06-10 ~ 2026-07-02)
2026-06-11 05:05:08,450 [INFO] __main__ -   批次: 2026-07-10 ~ 2026-07-24 (3 个到期日)
2026-06-11 05:05:08,581 [INFO] src.data.options.moomoo_data - US.GLD 期权链: 848 个合约 (2026-07-10 ~ 2026-07-24)
2026-06-11 05:05:12,232 [INFO] __main__ -   批次: 2026-08-21 ~ 2026-09-18 (2 个到期日)
2026-06-11 05:05:12,338 [INFO] src.data.options.moomoo_data - US.GLD 期权链: 634 个合约 (2026-08-21 ~ 2026-09-18)
2026-06-11 05:05:15,983 [INFO] __main__ -   批次: 2026-09-30 ~ 2026-10-16 (2 个到期日)
2026-06-11 05:05:16,168 [INFO] src.data.options.moomoo_data - US.GLD 期权链: 530 个合约 (2026-09-30 ~ 2026-10-16)
2026-06-11 05:05:19,818 [INFO] __main__ -   批次: 2026-11-20 ~ 2026-12-18 (2 个到期日)
2026-06-11 05:05:19,995 [INFO] src.data.options.moomoo_data - US.GLD 期权链: 504 个合约 (2026-11-20 ~ 2026-12-18)
2026-06-11 05:05:23,641 [INFO] __main__ -   批次: 2026-12-31 ~ 2027-01-15 (2 个到期日)
2026-06-11 05:05:23,751 [INFO] src.data.options.moomoo_data - US.GLD 期权链: 760 个合约 (2026-12-31 ~ 2027-01-15)
2026-06-11 05:05:27,401 [INFO] __main__ -   批次: 2027-03-19 ~ 2027-03-31 (2 个到期日)
2026-06-11 05:05:27,488 [INFO] src.data.options.moomoo_data - US.GLD 期权链: 500 个合约 (2027-03-19 ~ 2027-03-31)
2026-06-11 05:05:31,128 [INFO] __main__ -   批次: 2027-06-17 ~ 2027-06-17 (1 个到期日)
2026-06-11 05:05:31,196 [INFO] src.data.options.moomoo_data - US.GLD 期权链: 328 个合约 (2027-06-17 ~ 2027-06-17)
2026-06-11 05:05:34,846 [INFO] __main__ -   批次: 2027-09-17 ~ 2027-09-17 (1 个到期日)
2026-06-11 05:05:34,971 [INFO] src.data.options.moomoo_data - US.GLD 期权链: 168 个合约 (2027-09-17 ~ 2027-09-17)
2026-06-11 05:05:38,622 [INFO] __main__ -   批次: 2028-01-21 ~ 2028-01-21 (1 个到期日)
2026-06-11 05:05:38,684 [INFO] src.data.options.moomoo_data - US.GLD 期权链: 332 个合约 (2028-01-21 ~ 2028-01-21)
2026-06-11 05:05:42,335 [INFO] __main__ -   批次: 2028-06-16 ~ 2028-06-16 (1 个到期日)
2026-06-11 05:05:42,395 [INFO] src.data.options.moomoo_data - US.GLD 期权链: 274 个合约 (2028-06-16 ~ 2028-06-16)
2026-06-11 05:05:46,034 [INFO] __main__ -   批次: 2028-12-15 ~ 2028-12-15 (1 个到期日)
2026-06-11 05:05:46,089 [INFO] src.data.options.moomoo_data - US.GLD 期权链: 276 个合约 (2028-12-15 ~ 2028-12-15)
2026-06-11 05:05:46,099 [INFO] __main__ - 期权链合计: 7952 个合约
2026-06-11 05:05:46,100 [INFO] __main__ - 获取 7952 个合约的快照...
2026-06-11 05:05:50,487 [INFO] src.data.options.moomoo_data - 期权快照: 7952 个合约
2026-06-11 05:05:50,507 [INFO] __main__ - 完整快照: 7952 个合约, 35 个字段
2026-06-11 05:05:50,706 [INFO] __main__ - 已保存 Parquet -> /Users/yhdong/Gold/data/raw/options_history/2026-06-11/eod_full.parquet
2026-06-11 05:05:50,927 [INFO] __main__ - 已保存 CSV -> /Users/yhdong/Gold/data/raw/options_history/2026-06-11/eod_full.csv
2026-06-11 05:05:50,955 [INFO] src.data.options.moomoo_data - 已关闭 Moomoo 连接

==================================================
  日终全链快照
==================================================
  合约数: 7952
  Call: 3976 | Put: 3976
  到期日: 28 个
  IV: mean=0.8957, min=0.0001, max=63.0147
  Spread%: median=9.45%, mean=43.91%
  OI: total=4707813, median=28, max=111146
  DTE: 0 ~ 919 天
  内存占用: 5.37 MB

存档完成: /Users/yhdong/Gold/data/raw/options_history/2026-06-11/eod_full.parquet
2026-06-11 05:05:50,960 | 17914 | 6163591168 | [open_context_base.py:516] on_disconnect: Disconnected: conn=0(1) reason=CallClose
2026-06-11 05:05:51 === 采集完成 ===

2026-06-12 05:05:00 === 开始采集 ===
<frozen runpy>:128: RuntimeWarning: 'src.data.options.options_archive' found in sys.modules after import of package 'src.data.options', but prior to execution of 'src.data.options.options_archive'; this may result in unpredictable behaviour
2026-06-12 05:05:03,770 [INFO] __main__ - === 日终全链快照开始 ===
2026-06-12 05:05:04,303 | 82318 | 8808983616 | [open_context_base.py:409] _init_connect_sync: New connect ready: conn=7470944214975421136(1) context=<moomoo.quote.open_quote_context.OpenQuoteContext object at 0x103d28110>
2026-06-12 05:05:04,304 [INFO] src.data.options.moomoo_data - 已连接 Moomoo OpenD (127.0.0.1:11111)
2026-06-12 05:05:04,339 [INFO] src.data.options.moomoo_data - US.GLD 期权到期日: 28 个
2026-06-12 05:05:04,352 [INFO] __main__ - 获取 28 个到期日: 2026-06-12 ~ 2028-12-15
2026-06-12 05:05:04,354 [INFO] __main__ -   批次: 2026-06-12 ~ 2026-07-10 (10 个到期日)
2026-06-12 05:05:04,970 [INFO] src.data.options.moomoo_data - US.GLD 期权链: 3072 个合约 (2026-06-12 ~ 2026-07-10)
2026-06-12 05:05:08,612 [INFO] __main__ -   批次: 2026-07-17 ~ 2026-07-31 (3 个到期日)
2026-06-12 05:05:08,775 [INFO] src.data.options.moomoo_data - US.GLD 期权链: 644 个合约 (2026-07-17 ~ 2026-07-31)
2026-06-12 05:05:12,421 [INFO] __main__ -   批次: 2026-08-21 ~ 2026-09-18 (2 个到期日)
2026-06-12 05:05:12,515 [INFO] src.data.options.moomoo_data - US.GLD 期权链: 634 个合约 (2026-08-21 ~ 2026-09-18)
2026-06-12 05:05:16,160 [INFO] __main__ -   批次: 2026-09-30 ~ 2026-10-16 (2 个到期日)
2026-06-12 05:05:16,252 [INFO] src.data.options.moomoo_data - US.GLD 期权链: 530 个合约 (2026-09-30 ~ 2026-10-16)
2026-06-12 05:05:19,899 [INFO] __main__ -   批次: 2026-11-20 ~ 2026-12-18 (2 个到期日)
2026-06-12 05:05:20,107 [INFO] src.data.options.moomoo_data - US.GLD 期权链: 504 个合约 (2026-11-20 ~ 2026-12-18)
2026-06-12 05:05:23,754 [INFO] __main__ -   批次: 2026-12-31 ~ 2027-01-15 (2 个到期日)
2026-06-12 05:05:23,872 [INFO] src.data.options.moomoo_data - US.GLD 期权链: 760 个合约 (2026-12-31 ~ 2027-01-15)
2026-06-12 05:05:27,517 [INFO] __main__ -   批次: 2027-03-19 ~ 2027-03-31 (2 个到期日)
2026-06-12 05:05:27,605 [INFO] src.data.options.moomoo_data - US.GLD 期权链: 500 个合约 (2027-03-19 ~ 2027-03-31)
2026-06-12 05:05:31,253 [INFO] __main__ -   批次: 2027-06-17 ~ 2027-06-17 (1 个到期日)
2026-06-12 05:05:31,320 [INFO] src.data.options.moomoo_data - US.GLD 期权链: 328 个合约 (2027-06-17 ~ 2027-06-17)
2026-06-12 05:05:34,964 [INFO] __main__ -   批次: 2027-09-17 ~ 2027-09-17 (1 个到期日)
2026-06-12 05:05:35,011 [INFO] src.data.options.moomoo_data - US.GLD 期权链: 168 个合约 (2027-09-17 ~ 2027-09-17)
2026-06-12 05:05:38,661 [INFO] __main__ -   批次: 2028-01-21 ~ 2028-01-21 (1 个到期日)
2026-06-12 05:05:38,725 [INFO] src.data.options.moomoo_data - US.GLD 期权链: 332 个合约 (2028-01-21 ~ 2028-01-21)
2026-06-12 05:05:42,373 [INFO] __main__ -   批次: 2028-06-16 ~ 2028-06-16 (1 个到期日)
2026-06-12 05:05:42,436 [INFO] src.data.options.moomoo_data - US.GLD 期权链: 274 个合约 (2028-06-16 ~ 2028-06-16)
2026-06-12 05:05:46,080 [INFO] __main__ -   批次: 2028-12-15 ~ 2028-12-15 (1 个到期日)
2026-06-12 05:05:46,231 [INFO] src.data.options.moomoo_data - US.GLD 期权链: 276 个合约 (2028-12-15 ~ 2028-12-15)
2026-06-12 05:05:46,244 [INFO] __main__ - 期权链合计: 8022 个合约
2026-06-12 05:05:46,245 [INFO] __main__ - 获取 8022 个合约的快照...
2026-06-12 05:05:50,782 [INFO] src.data.options.moomoo_data - 期权快照: 8022 个合约
2026-06-12 05:05:50,802 [INFO] __main__ - 完整快照: 8022 个合约, 35 个字段
2026-06-12 05:05:51,005 [INFO] __main__ - 已保存 Parquet -> /Users/yhdong/Gold/data/raw/options_history/2026-06-12/eod_full.parquet
2026-06-12 05:05:51,234 [INFO] __main__ - 已保存 CSV -> /Users/yhdong/Gold/data/raw/options_history/2026-06-12/eod_full.csv
2026-06-12 05:05:51,263 [INFO] src.data.options.moomoo_data - 已关闭 Moomoo 连接

==================================================
  日终全链快照
==================================================
  合约数: 8022
  Call: 4011 | Put: 4011
  到期日: 28 个
  IV: mean=0.3990, min=0.0001, max=4.3808
  Spread%: median=10.12%, mean=46.31%
  OI: total=4750734, median=29, max=111163
  DTE: 1 ~ 918 天
  内存占用: 5.41 MB

存档完成: /Users/yhdong/Gold/data/raw/options_history/2026-06-12/eod_full.parquet
2026-06-12 05:05:51,268 | 82318 | 6167244800 | [open_context_base.py:516] on_disconnect: Disconnected: conn=0(1) reason=CallClose
2026-06-12 05:05:51 === 采集完成 ===

2026-06-16 05:05:00 === 开始采集 ===
2026-06-16 05:05:00 启动 OpenD...
<frozen runpy>:128: RuntimeWarning: 'src.data.options.options_archive' found in sys.modules after import of package 'src.data.options', but prior to execution of 'src.data.options.options_archive'; this may result in unpredictable behaviour
2026-06-16 05:05:13,252 [INFO] __main__ - === 日终全链快照开始 ===
2026-06-16 05:05:13,765 | 47410 | 8678550592 | [open_context_base.py:409] _init_connect_sync: New connect ready: conn=7472393806193709980(1) context=<moomoo.quote.open_quote_context.OpenQuoteContext object at 0x11b13fe50>
2026-06-16 05:05:13,765 [INFO] src.data.options.moomoo_data - 已连接 Moomoo OpenD (127.0.0.1:11111)
2026-06-16 05:05:13,828 [INFO] src.data.options.moomoo_data - US.GLD 期权到期日: 28 个
2026-06-16 05:05:13,838 [INFO] __main__ - 获取 28 个到期日: 2026-06-15 ~ 2028-12-15
2026-06-16 05:05:13,840 [INFO] __main__ -   批次: 2026-06-15 ~ 2026-07-10 (10 个到期日)
2026-06-16 05:05:14,802 [INFO] src.data.options.moomoo_data - US.GLD 期权链: 2900 个合约 (2026-06-15 ~ 2026-07-10)
2026-06-16 05:05:18,421 [INFO] __main__ -   批次: 2026-07-17 ~ 2026-07-31 (3 个到期日)
2026-06-16 05:05:18,673 [INFO] src.data.options.moomoo_data - US.GLD 期权链: 848 个合约 (2026-07-17 ~ 2026-07-31)
2026-06-16 05:05:22,313 [INFO] __main__ -   批次: 2026-08-21 ~ 2026-09-18 (2 个到期日)
2026-06-16 05:05:22,579 [INFO] src.data.options.moomoo_data - US.GLD 期权链: 634 个合约 (2026-08-21 ~ 2026-09-18)
2026-06-16 05:05:26,228 [INFO] __main__ -   批次: 2026-09-30 ~ 2026-10-16 (2 个到期日)
2026-06-16 05:05:26,514 [INFO] src.data.options.moomoo_data - US.GLD 期权链: 530 个合约 (2026-09-30 ~ 2026-10-16)
2026-06-16 05:05:30,162 [INFO] __main__ -   批次: 2026-11-20 ~ 2026-12-18 (2 个到期日)
2026-06-16 05:05:30,393 [INFO] src.data.options.moomoo_data - US.GLD 期权链: 504 个合约 (2026-11-20 ~ 2026-12-18)
2026-06-16 05:05:34,044 [INFO] __main__ -   批次: 2026-12-31 ~ 2027-01-15 (2 个到期日)
2026-06-16 05:05:34,396 [INFO] src.data.options.moomoo_data - US.GLD 期权链: 764 个合约 (2026-12-31 ~ 2027-01-15)
2026-06-16 05:05:37,982 [INFO] __main__ -   批次: 2027-03-19 ~ 2027-03-31 (2 个到期日)
2026-06-16 05:05:38,205 [INFO] src.data.options.moomoo_data - US.GLD 期权链: 510 个合约 (2027-03-19 ~ 2027-03-31)
2026-06-16 05:05:41,852 [INFO] __main__ -   批次: 2027-06-17 ~ 2027-06-17 (1 个到期日)
2026-06-16 05:05:41,966 [INFO] src.data.options.moomoo_data - US.GLD 期权链: 328 个合约 (2027-06-17 ~ 2027-06-17)
2026-06-16 05:05:45,596 [INFO] __main__ -   批次: 2027-09-17 ~ 2027-09-17 (1 个到期日)
2026-06-16 05:05:45,765 [INFO] src.data.options.moomoo_data - US.GLD 期权链: 168 个合约 (2027-09-17 ~ 2027-09-17)
2026-06-16 05:05:49,413 [INFO] __main__ -   批次: 2028-01-21 ~ 2028-01-21 (1 个到期日)
2026-06-16 05:05:49,535 [INFO] src.data.options.moomoo_data - US.GLD 期权链: 332 个合约 (2028-01-21 ~ 2028-01-21)
2026-06-16 05:05:53,180 [INFO] __main__ -   批次: 2028-06-16 ~ 2028-06-16 (1 个到期日)
2026-06-16 05:05:53,276 [INFO] src.data.options.moomoo_data - US.GLD 期权链: 276 个合约 (2028-06-16 ~ 2028-06-16)
2026-06-16 05:05:56,922 [INFO] __main__ -   批次: 2028-12-15 ~ 2028-12-15 (1 个到期日)
2026-06-16 05:05:57,021 [INFO] src.data.options.moomoo_data - US.GLD 期权链: 276 个合约 (2028-12-15 ~ 2028-12-15)
2026-06-16 05:05:57,033 [INFO] __main__ - 期权链合计: 8070 个合约
2026-06-16 05:05:57,034 [INFO] __main__ - 获取 8070 个合约的快照...
2026-06-16 05:06:01,683 [INFO] src.data.options.moomoo_data - 期权快照: 8070 个合约
2026-06-16 05:06:01,706 [INFO] __main__ - 完整快照: 8070 个合约, 35 个字段
2026-06-16 05:06:01,904 [INFO] __main__ - 已保存 Parquet -> /Users/yhdong/Gold/data/raw/options_history/2026-06-16/eod_full.parquet
2026-06-16 05:06:02,086 [INFO] __main__ - 已保存 CSV -> /Users/yhdong/Gold/data/raw/options_history/2026-06-16/eod_full.csv
2026-06-16 05:06:02,111 [INFO] src.data.options.moomoo_data - 已关闭 Moomoo 连接

==================================================
  日终全链快照
==================================================
  合约数: 8070
  Call: 4035 | Put: 4035
  到期日: 28 个
  IV: mean=0.8035, min=0.1937, max=62.1938
  Spread%: median=7.92%, mean=38.95%
  OI: total=4751192, median=28, max=111082
  DTE: 0 ~ 914 天
  内存占用: 5.44 MB

存档完成: /Users/yhdong/Gold/data/raw/options_history/2026-06-16/eod_full.parquet
2026-06-16 05:06:02,115 | 47410 | 6157135872 | [open_context_base.py:516] on_disconnect: Disconnected: conn=0(1) reason=CallClose
2026-06-16 05:06:02 === 采集完成 ===

2026-06-17 05:05:00 === 开始采集 ===
2026-06-17 05:05:00 启动 OpenD...
<frozen runpy>:128: RuntimeWarning: 'src.data.options.options_archive' found in sys.modules after import of package 'src.data.options', but prior to execution of 'src.data.options.options_archive'; this may result in unpredictable behaviour
2026-06-17 05:05:14,935 [INFO] __main__ - === 日终全链快照开始 ===
2026-06-17 05:05:15,548 | 76420 | 8678550592 | [open_context_base.py:409] _init_connect_sync: New connect ready: conn=7472756201546364750(1) context=<moomoo.quote.open_quote_context.OpenQuoteContext object at 0x1093ca550>
2026-06-17 05:05:15,549 [INFO] src.data.options.moomoo_data - 已连接 Moomoo OpenD (127.0.0.1:11111)
2026-06-17 05:05:15,593 [INFO] src.data.options.moomoo_data - US.GLD 期权到期日: 28 个
2026-06-17 05:05:15,609 [INFO] __main__ - 获取 28 个到期日: 2026-06-17 ~ 2028-12-15
2026-06-17 05:05:15,611 [INFO] __main__ -   批次: 2026-06-17 ~ 2026-07-10 (10 个到期日)
2026-06-17 05:05:16,943 [INFO] src.data.options.moomoo_data - US.GLD 期权链: 3012 个合约 (2026-06-17 ~ 2026-07-10)
2026-06-17 05:05:20,586 [INFO] __main__ -   批次: 2026-07-17 ~ 2026-07-31 (3 个到期日)
2026-06-17 05:05:20,932 [INFO] src.data.options.moomoo_data - US.GLD 期权链: 848 个合约 (2026-07-17 ~ 2026-07-31)
2026-06-17 05:05:24,582 [INFO] __main__ -   批次: 2026-08-21 ~ 2026-09-18 (2 个到期日)
2026-06-17 05:05:24,769 [INFO] src.data.options.moomoo_data - US.GLD 期权链: 634 个合约 (2026-08-21 ~ 2026-09-18)
2026-06-17 05:05:28,408 [INFO] __main__ -   批次: 2026-09-30 ~ 2026-10-16 (2 个到期日)
2026-06-17 05:05:28,782 [INFO] src.data.options.moomoo_data - US.GLD 期权链: 530 个合约 (2026-09-30 ~ 2026-10-16)
2026-06-17 05:05:32,428 [INFO] __main__ -   批次: 2026-11-20 ~ 2026-12-18 (2 个到期日)
2026-06-17 05:05:32,591 [INFO] src.data.options.moomoo_data - US.GLD 期权链: 504 个合约 (2026-11-20 ~ 2026-12-18)
2026-06-17 05:05:36,230 [INFO] __main__ -   批次: 2026-12-31 ~ 2027-01-15 (2 个到期日)
2026-06-17 05:05:36,553 [INFO] src.data.options.moomoo_data - US.GLD 期权链: 764 个合约 (2026-12-31 ~ 2027-01-15)
2026-06-17 05:05:40,191 [INFO] __main__ -   批次: 2027-03-19 ~ 2027-03-31 (2 个到期日)
2026-06-17 05:05:40,402 [INFO] src.data.options.moomoo_data - US.GLD 期权链: 510 个合约 (2027-03-19 ~ 2027-03-31)
2026-06-17 05:05:44,051 [INFO] __main__ -   批次: 2027-06-17 ~ 2027-06-17 (1 个到期日)
2026-06-17 05:05:44,165 [INFO] src.data.options.moomoo_data - US.GLD 期权链: 328 个合约 (2027-06-17 ~ 2027-06-17)
2026-06-17 05:05:47,812 [INFO] __main__ -   批次: 2027-09-17 ~ 2027-09-17 (1 个到期日)
2026-06-17 05:05:47,992 [INFO] src.data.options.moomoo_data - US.GLD 期权链: 168 个合约 (2027-09-17 ~ 2027-09-17)
2026-06-17 05:05:51,600 [INFO] __main__ -   批次: 2028-01-21 ~ 2028-01-21 (1 个到期日)
2026-06-17 05:05:51,725 [INFO] src.data.options.moomoo_data - US.GLD 期权链: 332 个合约 (2028-01-21 ~ 2028-01-21)
2026-06-17 05:05:55,350 [INFO] __main__ -   批次: 2028-06-16 ~ 2028-06-16 (1 个到期日)
2026-06-17 05:05:55,458 [INFO] src.data.options.moomoo_data - US.GLD 期权链: 276 个合约 (2028-06-16 ~ 2028-06-16)
2026-06-17 05:05:59,092 [INFO] __main__ -   批次: 2028-12-15 ~ 2028-12-15 (1 个到期日)
2026-06-17 05:05:59,189 [INFO] src.data.options.moomoo_data - US.GLD 期权链: 276 个合约 (2028-12-15 ~ 2028-12-15)
2026-06-17 05:05:59,222 [INFO] __main__ - 期权链合计: 8182 个合约
2026-06-17 05:05:59,222 [INFO] __main__ - 获取 8182 个合约的快照...
2026-06-17 05:06:03,756 [INFO] src.data.options.moomoo_data - 期权快照: 8182 个合约
2026-06-17 05:06:03,779 [INFO] __main__ - 完整快照: 8182 个合约, 35 个字段
2026-06-17 05:06:04,044 [INFO] __main__ - 已保存 Parquet -> /Users/yhdong/Gold/data/raw/options_history/2026-06-17/eod_full.parquet
2026-06-17 05:06:04,281 [INFO] __main__ - 已保存 CSV -> /Users/yhdong/Gold/data/raw/options_history/2026-06-17/eod_full.csv
2026-06-17 05:06:04,309 [INFO] src.data.options.moomoo_data - 已关闭 Moomoo 连接

==================================================
  日终全链快照
==================================================
  合约数: 8182
  Call: 4091 | Put: 4091
  到期日: 28 个
  IV: mean=0.4232, min=0.1810, max=6.5634
  Spread%: median=7.67%, mean=37.08%
  OI: total=4817353, median=25, max=110908
  DTE: 1 ~ 913 天
  内存占用: 5.52 MB

存档完成: /Users/yhdong/Gold/data/raw/options_history/2026-06-17/eod_full.parquet
2026-06-17 05:06:04,313 | 76420 | 6160510976 | [open_context_base.py:516] on_disconnect: Disconnected: conn=0(1) reason=CallClose
2026-06-17 05:06:04 === 采集完成 ===

2026-06-18 05:05:01 === 开始采集 ===
<frozen runpy>:128: RuntimeWarning: 'src.data.options.options_archive' found in sys.modules after import of package 'src.data.options', but prior to execution of 'src.data.options.options_archive'; this may result in unpredictable behaviour
2026-06-18 05:05:04,295 [INFO] __main__ - === 日终全链快照开始 ===
2026-06-18 05:05:04,839 | 89241 | 8678550592 | [open_context_base.py:409] _init_connect_sync: New connect ready: conn=7473118544407216346(1) context=<moomoo.quote.open_quote_context.OpenQuoteContext object at 0x106019590>
2026-06-18 05:05:04,839 [INFO] src.data.options.moomoo_data - 已连接 Moomoo OpenD (127.0.0.1:11111)
2026-06-18 05:05:04,998 [INFO] src.data.options.moomoo_data - US.GLD 期权到期日: 28 个
2026-06-18 05:05:05,007 [INFO] __main__ - 获取 28 个到期日: 2026-06-17 ~ 2028-12-15
2026-06-18 05:05:05,008 [INFO] __main__ -   批次: 2026-06-17 ~ 2026-07-10 (10 个到期日)
2026-06-18 05:05:05,574 [INFO] src.data.options.moomoo_data - US.GLD 期权链: 3012 个合约 (2026-06-17 ~ 2026-07-10)
2026-06-18 05:05:09,218 [INFO] __main__ -   批次: 2026-07-17 ~ 2026-07-31 (3 个到期日)
2026-06-18 05:05:09,350 [INFO] src.data.options.moomoo_data - US.GLD 期权链: 848 个合约 (2026-07-17 ~ 2026-07-31)
2026-06-18 05:05:12,997 [INFO] __main__ -   批次: 2026-08-21 ~ 2026-09-18 (2 个到期日)
2026-06-18 05:05:13,101 [INFO] src.data.options.moomoo_data - US.GLD 期权链: 634 个合约 (2026-08-21 ~ 2026-09-18)
2026-06-18 05:05:16,736 [INFO] __main__ -   批次: 2026-09-30 ~ 2026-10-16 (2 个到期日)
2026-06-18 05:05:16,950 [INFO] src.data.options.moomoo_data - US.GLD 期权链: 530 个合约 (2026-09-30 ~ 2026-10-16)
2026-06-18 05:05:20,599 [INFO] __main__ -   批次: 2026-11-20 ~ 2026-12-18 (2 个到期日)
2026-06-18 05:05:20,771 [INFO] src.data.options.moomoo_data - US.GLD 期权链: 504 个合约 (2026-11-20 ~ 2026-12-18)
2026-06-18 05:05:24,417 [INFO] __main__ -   批次: 2026-12-31 ~ 2027-01-15 (2 个到期日)
2026-06-18 05:05:24,546 [INFO] src.data.options.moomoo_data - US.GLD 期权链: 764 个合约 (2026-12-31 ~ 2027-01-15)
2026-06-18 05:05:28,197 [INFO] __main__ -   批次: 2027-03-19 ~ 2027-03-31 (2 个到期日)
2026-06-18 05:05:28,286 [INFO] src.data.options.moomoo_data - US.GLD 期权链: 510 个合约 (2027-03-19 ~ 2027-03-31)
2026-06-18 05:05:31,906 [INFO] __main__ -   批次: 2027-06-17 ~ 2027-06-17 (1 个到期日)
2026-06-18 05:05:31,969 [INFO] src.data.options.moomoo_data - US.GLD 期权链: 328 个合约 (2027-06-17 ~ 2027-06-17)
2026-06-18 05:05:35,615 [INFO] __main__ -   批次: 2027-09-17 ~ 2027-09-17 (1 个到期日)
2026-06-18 05:05:35,659 [INFO] src.data.options.moomoo_data - US.GLD 期权链: 168 个合约 (2027-09-17 ~ 2027-09-17)
2026-06-18 05:05:39,305 [INFO] __main__ -   批次: 2028-01-21 ~ 2028-01-21 (1 个到期日)
2026-06-18 05:05:39,369 [INFO] src.data.options.moomoo_data - US.GLD 期权链: 332 个合约 (2028-01-21 ~ 2028-01-21)
2026-06-18 05:05:43,012 [INFO] __main__ -   批次: 2028-06-16 ~ 2028-06-16 (1 个到期日)
2026-06-18 05:05:43,070 [INFO] src.data.options.moomoo_data - US.GLD 期权链: 276 个合约 (2028-06-16 ~ 2028-06-16)
2026-06-18 05:05:46,709 [INFO] __main__ -   批次: 2028-12-15 ~ 2028-12-15 (1 个到期日)
2026-06-18 05:05:46,767 [INFO] src.data.options.moomoo_data - US.GLD 期权链: 276 个合约 (2028-12-15 ~ 2028-12-15)
2026-06-18 05:05:46,780 [INFO] __main__ - 期权链合计: 8182 个合约
2026-06-18 05:05:46,781 [INFO] __main__ - 获取 8182 个合约的快照...
2026-06-18 05:05:51,188 [INFO] src.data.options.moomoo_data - 期权快照: 8182 个合约
2026-06-18 05:05:51,211 [INFO] __main__ - 完整快照: 8182 个合约, 35 个字段
2026-06-18 05:05:51,436 [INFO] __main__ - 已保存 Parquet -> /Users/yhdong/Gold/data/raw/options_history/2026-06-18/eod_full.parquet
2026-06-18 05:05:51,663 [INFO] __main__ - 已保存 CSV -> /Users/yhdong/Gold/data/raw/options_history/2026-06-18/eod_full.csv
2026-06-18 05:05:51,690 [INFO] src.data.options.moomoo_data - 已关闭 Moomoo 连接

==================================================
  日终全链快照
==================================================
  合约数: 8182
  Call: 4091 | Put: 4091
  到期日: 28 个
  IV: mean=1.0935, min=0.1798, max=91.2274
  Spread%: median=14.12%, mean=54.13%
  OI: total=4866431, median=29, max=111001
  DTE: 0 ~ 912 天
  内存占用: 5.52 MB

存档完成: /Users/yhdong/Gold/data/raw/options_history/2026-06-18/eod_full.parquet
2026-06-18 05:05:51,695 | 89241 | 6124285952 | [open_context_base.py:516] on_disconnect: Disconnected: conn=0(1) reason=CallClose
2026-06-18 05:05:52 === 采集完成 ===

2026-06-19 05:05:01 === 开始采集 ===
<frozen runpy>:128: RuntimeWarning: 'src.data.options.options_archive' found in sys.modules after import of package 'src.data.options', but prior to execution of 'src.data.options.options_archive'; this may result in unpredictable behaviour
2026-06-19 05:05:04,486 [INFO] __main__ - === 日终全链快照开始 ===
2026-06-19 05:05:05,019 | 94839 | 8678550592 | [open_context_base.py:409] _init_connect_sync: New connect ready: conn=7473480933051912949(1) context=<moomoo.quote.open_quote_context.OpenQuoteContext object at 0x10a981590>
2026-06-19 05:05:05,019 [INFO] src.data.options.moomoo_data - 已连接 Moomoo OpenD (127.0.0.1:11111)
2026-06-19 05:05:05,058 [INFO] src.data.options.moomoo_data - US.GLD 期权到期日: 27 个
2026-06-19 05:05:05,073 [INFO] __main__ - 获取 27 个到期日: 2026-06-18 ~ 2028-12-15
2026-06-19 05:05:05,076 [INFO] __main__ -   批次: 2026-06-18 ~ 2026-07-17 (10 个到期日)
2026-06-19 05:05:05,783 [INFO] src.data.options.moomoo_data - US.GLD 期权链: 3120 个合约 (2026-06-18 ~ 2026-07-17)
2026-06-19 05:05:09,386 [INFO] __main__ -   批次: 2026-07-24 ~ 2026-08-21 (3 个到期日)
2026-06-19 05:05:09,671 [INFO] src.data.options.moomoo_data - US.GLD 期权链: 874 个合约 (2026-07-24 ~ 2026-08-21)
2026-06-19 05:05:13,304 [INFO] __main__ -   批次: 2026-09-18 ~ 2026-10-16 (3 个到期日)
2026-06-19 05:05:13,449 [INFO] src.data.options.moomoo_data - US.GLD 期权链: 912 个合约 (2026-09-18 ~ 2026-10-16)
2026-06-19 05:05:17,096 [INFO] __main__ -   批次: 2026-11-20 ~ 2026-12-18 (2 个到期日)
2026-06-19 05:05:17,314 [INFO] src.data.options.moomoo_data - US.GLD 期权链: 504 个合约 (2026-11-20 ~ 2026-12-18)
2026-06-19 05:05:20,964 [INFO] __main__ -   批次: 2026-12-31 ~ 2027-01-15 (2 个到期日)
2026-06-19 05:05:21,208 [INFO] src.data.options.moomoo_data - US.GLD 期权链: 764 个合约 (2026-12-31 ~ 2027-01-15)
2026-06-19 05:05:24,841 [INFO] __main__ -   批次: 2027-03-19 ~ 2027-03-31 (2 个到期日)
2026-06-19 05:05:24,931 [INFO] src.data.options.moomoo_data - US.GLD 期权链: 510 个合约 (2027-03-19 ~ 2027-03-31)
2026-06-19 05:05:28,580 [INFO] __main__ -   批次: 2027-06-17 ~ 2027-06-17 (1 个到期日)
2026-06-19 05:05:28,658 [INFO] src.data.options.moomoo_data - US.GLD 期权链: 328 个合约 (2027-06-17 ~ 2027-06-17)
2026-06-19 05:05:32,253 [INFO] __main__ -   批次: 2027-09-17 ~ 2027-09-17 (1 个到期日)
2026-06-19 05:05:32,302 [INFO] src.data.options.moomoo_data - US.GLD 期权链: 168 个合约 (2027-09-17 ~ 2027-09-17)
2026-06-19 05:05:35,946 [INFO] __main__ -   批次: 2028-01-21 ~ 2028-01-21 (1 个到期日)
2026-06-19 05:05:36,013 [INFO] src.data.options.moomoo_data - US.GLD 期权链: 332 个合约 (2028-01-21 ~ 2028-01-21)
2026-06-19 05:05:39,634 [INFO] __main__ -   批次: 2028-06-16 ~ 2028-06-16 (1 个到期日)
2026-06-19 05:05:39,694 [INFO] src.data.options.moomoo_data - US.GLD 期权链: 276 个合约 (2028-06-16 ~ 2028-06-16)
2026-06-19 05:05:43,341 [INFO] __main__ -   批次: 2028-12-15 ~ 2028-12-15 (1 个到期日)
2026-06-19 05:05:43,395 [INFO] src.data.options.moomoo_data - US.GLD 期权链: 276 个合约 (2028-12-15 ~ 2028-12-15)
2026-06-19 05:05:43,408 [INFO] __main__ - 期权链合计: 8064 个合约
2026-06-19 05:05:43,409 [INFO] __main__ - 获取 8064 个合约的快照...
2026-06-19 05:05:47,617 [INFO] src.data.options.moomoo_data - 期权快照: 8064 个合约
2026-06-19 05:05:47,634 [INFO] __main__ - 完整快照: 8064 个合约, 35 个字段
2026-06-19 05:05:47,894 [INFO] __main__ - 已保存 Parquet -> /Users/yhdong/Gold/data/raw/options_history/2026-06-19/eod_full.parquet
2026-06-19 05:05:48,118 [INFO] __main__ - 已保存 CSV -> /Users/yhdong/Gold/data/raw/options_history/2026-06-19/eod_full.csv
2026-06-19 05:05:48,145 [INFO] src.data.options.moomoo_data - 已关闭 Moomoo 连接

==================================================
  日终全链快照
==================================================
  合约数: 8064
  Call: 4032 | Put: 4032
  到期日: 27 个
  IV: mean=2.6987, min=0.0001, max=99.9871
  Spread%: median=9.16%, mean=46.45%
  OI: total=4847209, median=28, max=110930
  DTE: 0 ~ 911 天
  内存占用: 5.44 MB

存档完成: /Users/yhdong/Gold/data/raw/options_history/2026-06-19/eod_full.parquet
2026-06-19 05:05:48,148 | 94839 | 6123499520 | [open_context_base.py:516] on_disconnect: Disconnected: conn=0(1) reason=CallClose
2026-06-19 05:05:48 === 采集完成 ===

2026-06-20 05:05:00 === 开始采集 ===
<frozen runpy>:128: RuntimeWarning: 'src.data.options.options_archive' found in sys.modules after import of package 'src.data.options', but prior to execution of 'src.data.options.options_archive'; this may result in unpredictable behaviour
2026-06-20 05:05:03,465 [INFO] __main__ - === 日终全链快照开始 ===
2026-06-20 05:05:03,946 | 2851 | 8678550592 | [open_context_base.py:409] _init_connect_sync: New connect ready: conn=7473843316414171369(1) context=<moomoo.quote.open_quote_context.OpenQuoteContext object at 0x10229b150>
2026-06-20 05:05:03,947 [INFO] src.data.options.moomoo_data - 已连接 Moomoo OpenD (127.0.0.1:11111)
2026-06-20 05:05:03,980 [INFO] src.data.options.moomoo_data - US.GLD 期权到期日: 27 个
2026-06-20 05:05:03,994 [INFO] __main__ - 获取 26 个到期日: 2026-06-22 ~ 2028-12-15
2026-06-20 05:05:03,995 [INFO] __main__ -   批次: 2026-06-22 ~ 2026-07-17 (9 个到期日)
2026-06-20 05:05:04,559 [INFO] src.data.options.moomoo_data - US.GLD 期权链: 2488 个合约 (2026-06-22 ~ 2026-07-17)
2026-06-20 05:05:08,181 [INFO] __main__ -   批次: 2026-07-24 ~ 2026-08-21 (3 个到期日)
2026-06-20 05:05:08,309 [INFO] src.data.options.moomoo_data - US.GLD 期权链: 874 个合约 (2026-07-24 ~ 2026-08-21)
2026-06-20 05:05:11,948 [INFO] __main__ -   批次: 2026-09-18 ~ 2026-10-16 (3 个到期日)
2026-06-20 05:05:12,183 [INFO] src.data.options.moomoo_data - US.GLD 期权链: 912 个合约 (2026-09-18 ~ 2026-10-16)
2026-06-20 05:05:15,791 [INFO] __main__ -   批次: 2026-11-20 ~ 2026-12-18 (2 个到期日)
2026-06-20 05:05:15,879 [INFO] src.data.options.moomoo_data - US.GLD 期权链: 504 个合约 (2026-11-20 ~ 2026-12-18)
2026-06-20 05:05:19,519 [INFO] __main__ -   批次: 2026-12-31 ~ 2027-01-15 (2 个到期日)
2026-06-20 05:05:19,719 [INFO] src.data.options.moomoo_data - US.GLD 期权链: 764 个合约 (2026-12-31 ~ 2027-01-15)
2026-06-20 05:05:23,293 [INFO] __main__ -   批次: 2027-03-19 ~ 2027-03-31 (2 个到期日)
2026-06-20 05:05:23,379 [INFO] src.data.options.moomoo_data - US.GLD 期权链: 510 个合约 (2027-03-19 ~ 2027-03-31)
2026-06-20 05:05:27,027 [INFO] __main__ -   批次: 2027-06-17 ~ 2027-06-17 (1 个到期日)
2026-06-20 05:05:27,093 [INFO] src.data.options.moomoo_data - US.GLD 期权链: 328 个合约 (2027-06-17 ~ 2027-06-17)
2026-06-20 05:05:30,741 [INFO] __main__ -   批次: 2027-09-17 ~ 2027-09-17 (1 个到期日)
2026-06-20 05:05:30,791 [INFO] src.data.options.moomoo_data - US.GLD 期权链: 168 个合约 (2027-09-17 ~ 2027-09-17)
2026-06-20 05:05:34,437 [INFO] __main__ -   批次: 2028-01-21 ~ 2028-01-21 (1 个到期日)
2026-06-20 05:05:34,509 [INFO] src.data.options.moomoo_data - US.GLD 期权链: 332 个合约 (2028-01-21 ~ 2028-01-21)
2026-06-20 05:05:38,121 [INFO] __main__ -   批次: 2028-06-16 ~ 2028-06-16 (1 个到期日)
2026-06-20 05:05:38,179 [INFO] src.data.options.moomoo_data - US.GLD 期权链: 276 个合约 (2028-06-16 ~ 2028-06-16)
2026-06-20 05:05:41,829 [INFO] __main__ -   批次: 2028-12-15 ~ 2028-12-15 (1 个到期日)
2026-06-20 05:05:41,888 [INFO] src.data.options.moomoo_data - US.GLD 期权链: 276 个合约 (2028-12-15 ~ 2028-12-15)
2026-06-20 05:05:41,899 [INFO] __main__ - 期权链合计: 7432 个合约
2026-06-20 05:05:41,899 [INFO] __main__ - 获取 7432 个合约的快照...
2026-06-20 05:05:46,256 [INFO] src.data.options.moomoo_data - 期权快照: 7432 个合约
2026-06-20 05:05:46,273 [INFO] __main__ - 完整快照: 7432 个合约, 35 个字段
2026-06-20 05:05:46,500 [INFO] __main__ - 已保存 Parquet -> /Users/yhdong/Gold/data/raw/options_history/2026-06-20/eod_full.parquet
2026-06-20 05:05:46,693 [INFO] __main__ - 已保存 CSV -> /Users/yhdong/Gold/data/raw/options_history/2026-06-20/eod_full.csv
2026-06-20 05:05:46,721 [INFO] src.data.options.moomoo_data - 已关闭 Moomoo 连接

==================================================
  日终全链快照
==================================================
  合约数: 7432
  Call: 3716 | Put: 3716
  到期日: 26 个
  IV: mean=0.3696, min=0.0001, max=2.1025
  Spread%: median=9.05%, mean=41.70%
  OI: total=3878558, median=23, max=110930
  DTE: 3 ~ 910 天
  内存占用: 5.01 MB

存档完成: /Users/yhdong/Gold/data/raw/options_history/2026-06-20/eod_full.parquet
2026-06-20 05:05:46,726 | 2851 | 6190936064 | [open_context_base.py:516] on_disconnect: Disconnected: conn=0(1) reason=CallClose
2026-06-20 05:05:47 === 采集完成 ===

2026-06-23 05:05:01 === 开始采集 ===
<frozen runpy>:128: RuntimeWarning: 'src.data.options.options_archive' found in sys.modules after import of package 'src.data.options', but prior to execution of 'src.data.options.options_archive'; this may result in unpredictable behaviour
2026-06-23 05:05:04,280 [INFO] __main__ - === 日终全链快照开始 ===
2026-06-23 05:05:04,782 | 13292 | 8678550592 | [open_context_base.py:409] _init_connect_sync: New connect ready: conn=7474930483514586796(1) context=<moomoo.quote.open_quote_context.OpenQuoteContext object at 0x1055cf050>
2026-06-23 05:05:04,782 [INFO] src.data.options.moomoo_data - 已连接 Moomoo OpenD (127.0.0.1:11111)
2026-06-23 05:05:04,908 [INFO] src.data.options.moomoo_data - US.GLD 期权到期日: 27 个
2026-06-23 05:05:04,921 [INFO] __main__ - 获取 27 个到期日: 2026-06-22 ~ 2028-12-15
2026-06-23 05:05:04,923 [INFO] __main__ -   批次: 2026-06-22 ~ 2026-07-17 (10 个到期日)
2026-06-23 05:05:05,873 [INFO] src.data.options.moomoo_data - US.GLD 期权链: 2706 个合约 (2026-06-22 ~ 2026-07-17)
2026-06-23 05:05:09,511 [INFO] __main__ -   批次: 2026-07-24 ~ 2026-08-21 (3 个到期日)
2026-06-23 05:05:09,762 [INFO] src.data.options.moomoo_data - US.GLD 期权链: 874 个合约 (2026-07-24 ~ 2026-08-21)
2026-06-23 05:05:13,411 [INFO] __main__ -   批次: 2026-09-18 ~ 2026-10-16 (3 个到期日)
2026-06-23 05:05:13,579 [INFO] src.data.options.moomoo_data - US.GLD 期权链: 912 个合约 (2026-09-18 ~ 2026-10-16)
2026-06-23 05:05:17,227 [INFO] __main__ -   批次: 2026-11-20 ~ 2026-12-18 (2 个到期日)
2026-06-23 05:05:17,434 [INFO] src.data.options.moomoo_data - US.GLD 期权链: 504 个合约 (2026-11-20 ~ 2026-12-18)
2026-06-23 05:05:21,072 [INFO] __main__ -   批次: 2026-12-31 ~ 2027-01-15 (2 个到期日)
2026-06-23 05:05:21,288 [INFO] src.data.options.moomoo_data - US.GLD 期权链: 764 个合约 (2026-12-31 ~ 2027-01-15)
2026-06-23 05:05:24,929 [INFO] __main__ -   批次: 2027-03-19 ~ 2027-03-31 (2 个到期日)
2026-06-23 05:05:25,041 [INFO] src.data.options.moomoo_data - US.GLD 期权链: 510 个合约 (2027-03-19 ~ 2027-03-31)
2026-06-23 05:05:28,684 [INFO] __main__ -   批次: 2027-06-17 ~ 2027-06-17 (1 个到期日)
2026-06-23 05:05:28,772 [INFO] src.data.options.moomoo_data - US.GLD 期权链: 328 个合约 (2027-06-17 ~ 2027-06-17)
2026-06-23 05:05:32,415 [INFO] __main__ -   批次: 2027-09-17 ~ 2027-09-17 (1 个到期日)
2026-06-23 05:05:32,472 [INFO] src.data.options.moomoo_data - US.GLD 期权链: 168 个合约 (2027-09-17 ~ 2027-09-17)
2026-06-23 05:05:36,117 [INFO] __main__ -   批次: 2028-01-21 ~ 2028-01-21 (1 个到期日)
2026-06-23 05:05:36,202 [INFO] src.data.options.moomoo_data - US.GLD 期权链: 332 个合约 (2028-01-21 ~ 2028-01-21)
2026-06-23 05:05:39,848 [INFO] __main__ -   批次: 2028-06-16 ~ 2028-06-16 (1 个到期日)
2026-06-23 05:05:39,927 [INFO] src.data.options.moomoo_data - US.GLD 期权链: 276 个合约 (2028-06-16 ~ 2028-06-16)
2026-06-23 05:05:43,576 [INFO] __main__ -   批次: 2028-12-15 ~ 2028-12-15 (1 个到期日)
2026-06-23 05:05:43,740 [INFO] src.data.options.moomoo_data - US.GLD 期权链: 276 个合约 (2028-12-15 ~ 2028-12-15)
2026-06-23 05:05:43,754 [INFO] __main__ - 期权链合计: 7650 个合约
2026-06-23 05:05:43,754 [INFO] __main__ - 获取 7650 个合约的快照...
2026-06-23 05:05:59,806 [INFO] src.data.options.moomoo_data - 期权快照: 7650 个合约
2026-06-23 05:05:59,824 [INFO] __main__ - 完整快照: 7650 个合约, 35 个字段
2026-06-23 05:06:00,107 [INFO] __main__ - 已保存 Parquet -> /Users/yhdong/Gold/data/raw/options_history/2026-06-23/eod_full.parquet
2026-06-23 05:06:00,348 [INFO] __main__ - 已保存 CSV -> /Users/yhdong/Gold/data/raw/options_history/2026-06-23/eod_full.csv
2026-06-23 05:06:00,377 [INFO] src.data.options.moomoo_data - 已关闭 Moomoo 连接

==================================================
  日终全链快照
==================================================
  合约数: 7650
  Call: 3825 | Put: 3825
  到期日: 27 个
  IV: mean=0.8610, min=0.0001, max=77.7097
  Spread%: median=6.07%, mean=38.99%
  OI: total=3951762, median=23, max=110900
  DTE: 0 ~ 907 天
  内存占用: 5.16 MB

存档完成: /Users/yhdong/Gold/data/raw/options_history/2026-06-23/eod_full.parquet
2026-06-23 05:06:00,383 | 13292 | 6200700928 | [open_context_base.py:516] on_disconnect: Disconnected: conn=0(1) reason=CallClose
2026-06-23 05:06:00 === 采集完成 ===

2026-06-24 05:05:00 === 开始采集 ===
<frozen runpy>:128: RuntimeWarning: 'src.data.options.options_archive' found in sys.modules after import of package 'src.data.options', but prior to execution of 'src.data.options.options_archive'; this may result in unpredictable behaviour
2026-06-24 05:05:03,493 [INFO] __main__ - === 日终全链快照开始 ===
2026-06-24 05:05:03,975 | 17501 | 8678550592 | [open_context_base.py:409] _init_connect_sync: New connect ready: conn=7475292867992929090(1) context=<moomoo.quote.open_quote_context.OpenQuoteContext object at 0x102db8850>
2026-06-24 05:05:03,975 [INFO] src.data.options.moomoo_data - 已连接 Moomoo OpenD (127.0.0.1:11111)
2026-06-24 05:05:04,083 [INFO] src.data.options.moomoo_data - US.GLD 期权到期日: 27 个
2026-06-24 05:05:04,092 [INFO] __main__ - 获取 27 个到期日: 2026-06-24 ~ 2028-12-15
2026-06-24 05:05:04,093 [INFO] __main__ -   批次: 2026-06-24 ~ 2026-07-17 (10 个到期日)
2026-06-24 05:05:04,819 [INFO] src.data.options.moomoo_data - US.GLD 期权链: 2694 个合约 (2026-06-24 ~ 2026-07-17)
2026-06-24 05:05:08,470 [INFO] __main__ -   批次: 2026-07-24 ~ 2026-08-21 (3 个到期日)
2026-06-24 05:05:08,629 [INFO] src.data.options.moomoo_data - US.GLD 期权链: 874 个合约 (2026-07-24 ~ 2026-08-21)
2026-06-24 05:05:12,273 [INFO] __main__ -   批次: 2026-09-18 ~ 2026-10-16 (3 个到期日)
2026-06-24 05:05:12,539 [INFO] src.data.options.moomoo_data - US.GLD 期权链: 912 个合约 (2026-09-18 ~ 2026-10-16)
2026-06-24 05:05:16,183 [INFO] __main__ -   批次: 2026-11-20 ~ 2026-12-18 (2 个到期日)
2026-06-24 05:05:16,298 [INFO] src.data.options.moomoo_data - US.GLD 期权链: 504 个合约 (2026-11-20 ~ 2026-12-18)
2026-06-24 05:05:19,948 [INFO] __main__ -   批次: 2026-12-31 ~ 2027-01-15 (2 个到期日)
2026-06-24 05:05:20,170 [INFO] src.data.options.moomoo_data - US.GLD 期权链: 764 个合约 (2026-12-31 ~ 2027-01-15)
2026-06-24 05:05:23,811 [INFO] __main__ -   批次: 2027-03-19 ~ 2027-03-31 (2 个到期日)
2026-06-24 05:05:23,922 [INFO] src.data.options.moomoo_data - US.GLD 期权链: 510 个合约 (2027-03-19 ~ 2027-03-31)
2026-06-24 05:05:27,568 [INFO] __main__ -   批次: 2027-06-17 ~ 2027-06-17 (1 个到期日)
2026-06-24 05:05:27,731 [INFO] src.data.options.moomoo_data - US.GLD 期权链: 328 个合约 (2027-06-17 ~ 2027-06-17)
2026-06-24 05:05:31,363 [INFO] __main__ -   批次: 2027-09-17 ~ 2027-09-17 (1 个到期日)
2026-06-24 05:05:31,423 [INFO] src.data.options.moomoo_data - US.GLD 期权链: 168 个合约 (2027-09-17 ~ 2027-09-17)
2026-06-24 05:05:35,043 [INFO] __main__ -   批次: 2028-01-21 ~ 2028-01-21 (1 个到期日)
2026-06-24 05:05:35,126 [INFO] src.data.options.moomoo_data - US.GLD 期权链: 332 个合约 (2028-01-21 ~ 2028-01-21)
2026-06-24 05:05:38,768 [INFO] __main__ -   批次: 2028-06-16 ~ 2028-06-16 (1 个到期日)
2026-06-24 05:05:38,843 [INFO] src.data.options.moomoo_data - US.GLD 期权链: 276 个合约 (2028-06-16 ~ 2028-06-16)
2026-06-24 05:05:42,491 [INFO] __main__ -   批次: 2028-12-15 ~ 2028-12-15 (1 个到期日)
2026-06-24 05:05:42,562 [INFO] src.data.options.moomoo_data - US.GLD 期权链: 276 个合约 (2028-12-15 ~ 2028-12-15)
2026-06-24 05:05:42,572 [INFO] __main__ - 期权链合计: 7638 个合约
2026-06-24 05:05:42,573 [INFO] __main__ - 获取 7638 个合约的快照...
2026-06-24 05:05:56,727 [INFO] src.data.options.moomoo_data - 期权快照: 7638 个合约
2026-06-24 05:05:56,745 [INFO] __main__ - 完整快照: 7638 个合约, 35 个字段
2026-06-24 05:05:56,959 [INFO] __main__ - 已保存 Parquet -> /Users/yhdong/Gold/data/raw/options_history/2026-06-24/eod_full.parquet
2026-06-24 05:05:57,171 [INFO] __main__ - 已保存 CSV -> /Users/yhdong/Gold/data/raw/options_history/2026-06-24/eod_full.csv
2026-06-24 05:05:57,194 [INFO] src.data.options.moomoo_data - 已关闭 Moomoo 连接

==================================================
  日终全链快照
==================================================
  合约数: 7638
  Call: 3819 | Put: 3819
  到期日: 27 个
  IV: mean=0.3887, min=0.1789, max=2.9151
  Spread%: median=7.73%, mean=40.88%
  OI: total=3958347, median=23, max=110722
  DTE: 1 ~ 906 天
  内存占用: 5.15 MB

存档完成: /Users/yhdong/Gold/data/raw/options_history/2026-06-24/eod_full.parquet
2026-06-24 05:05:57,199 | 17501 | 6166491136 | [open_context_base.py:516] on_disconnect: Disconnected: conn=0(1) reason=CallClose
2026-06-24 05:05:57 === 采集完成 ===

2026-06-25 05:05:01 === 开始采集 ===
<frozen runpy>:128: RuntimeWarning: 'src.data.options.options_archive' found in sys.modules after import of package 'src.data.options', but prior to execution of 'src.data.options.options_archive'; this may result in unpredictable behaviour
2026-06-25 05:05:04,119 [INFO] __main__ - === 日终全链快照开始 ===
2026-06-25 05:05:04,619 | 25559 | 8678550592 | [open_context_base.py:409] _init_connect_sync: New connect ready: conn=7475655258566492733(1) context=<moomoo.quote.open_quote_context.OpenQuoteContext object at 0x1087b2310>
2026-06-25 05:05:04,619 [INFO] src.data.options.moomoo_data - 已连接 Moomoo OpenD (127.0.0.1:11111)
2026-06-25 05:05:04,660 [INFO] src.data.options.moomoo_data - US.GLD 期权到期日: 27 个
2026-06-25 05:05:04,672 [INFO] __main__ - 获取 27 个到期日: 2026-06-24 ~ 2028-12-15
2026-06-25 05:05:04,674 [INFO] __main__ -   批次: 2026-06-24 ~ 2026-07-17 (10 个到期日)
2026-06-25 05:05:05,472 [INFO] src.data.options.moomoo_data - US.GLD 期权链: 2818 个合约 (2026-06-24 ~ 2026-07-17)
2026-06-25 05:05:09,121 [INFO] __main__ -   批次: 2026-07-24 ~ 2026-08-21 (3 个到期日)
2026-06-25 05:05:09,286 [INFO] src.data.options.moomoo_data - US.GLD 期权链: 874 个合约 (2026-07-24 ~ 2026-08-21)
2026-06-25 05:05:12,922 [INFO] __main__ -   批次: 2026-09-18 ~ 2026-10-16 (3 个到期日)
2026-06-25 05:05:13,088 [INFO] src.data.options.moomoo_data - US.GLD 期权链: 912 个合约 (2026-09-18 ~ 2026-10-16)
2026-06-25 05:05:16,695 [INFO] __main__ -   批次: 2026-11-20 ~ 2026-12-18 (2 个到期日)
2026-06-25 05:05:16,891 [INFO] src.data.options.moomoo_data - US.GLD 期权链: 504 个合约 (2026-11-20 ~ 2026-12-18)
2026-06-25 05:05:20,509 [INFO] __main__ -   批次: 2026-12-31 ~ 2027-01-15 (2 个到期日)
2026-06-25 05:05:20,683 [INFO] src.data.options.moomoo_data - US.GLD 期权链: 764 个合约 (2026-12-31 ~ 2027-01-15)
2026-06-25 05:05:24,325 [INFO] __main__ -   批次: 2027-03-19 ~ 2027-03-31 (2 个到期日)
2026-06-25 05:05:24,428 [INFO] src.data.options.moomoo_data - US.GLD 期权链: 510 个合约 (2027-03-19 ~ 2027-03-31)
2026-06-25 05:05:28,076 [INFO] __main__ -   批次: 2027-06-17 ~ 2027-06-17 (1 个到期日)
2026-06-25 05:05:28,161 [INFO] src.data.options.moomoo_data - US.GLD 期权链: 328 个合约 (2027-06-17 ~ 2027-06-17)
2026-06-25 05:05:31,811 [INFO] __main__ -   批次: 2027-09-17 ~ 2027-09-17 (1 个到期日)
2026-06-25 05:05:31,873 [INFO] src.data.options.moomoo_data - US.GLD 期权链: 168 个合约 (2027-09-17 ~ 2027-09-17)
2026-06-25 05:05:35,521 [INFO] __main__ -   批次: 2028-01-21 ~ 2028-01-21 (1 个到期日)
2026-06-25 05:05:35,601 [INFO] src.data.options.moomoo_data - US.GLD 期权链: 332 个合约 (2028-01-21 ~ 2028-01-21)
2026-06-25 05:05:39,198 [INFO] __main__ -   批次: 2028-06-16 ~ 2028-06-16 (1 个到期日)
2026-06-25 05:05:39,277 [INFO] src.data.options.moomoo_data - US.GLD 期权链: 276 个合约 (2028-06-16 ~ 2028-06-16)
2026-06-25 05:05:42,928 [INFO] __main__ -   批次: 2028-12-15 ~ 2028-12-15 (1 个到期日)
2026-06-25 05:05:43,008 [INFO] src.data.options.moomoo_data - US.GLD 期权链: 276 个合约 (2028-12-15 ~ 2028-12-15)
2026-06-25 05:05:43,020 [INFO] __main__ - 期权链合计: 7762 个合约
2026-06-25 05:05:43,020 [INFO] __main__ - 获取 7762 个合约的快照...
2026-06-25 05:05:58,063 [INFO] src.data.options.moomoo_data - 期权快照: 7762 个合约
2026-06-25 05:05:58,089 [INFO] __main__ - 完整快照: 7762 个合约, 35 个字段
2026-06-25 05:05:58,320 [INFO] __main__ - 已保存 Parquet -> /Users/yhdong/Gold/data/raw/options_history/2026-06-25/eod_full.parquet
2026-06-25 05:05:58,549 [INFO] __main__ - 已保存 CSV -> /Users/yhdong/Gold/data/raw/options_history/2026-06-25/eod_full.csv
2026-06-25 05:05:58,573 [INFO] src.data.options.moomoo_data - 已关闭 Moomoo 连接

==================================================
  日终全链快照
==================================================
  合约数: 7762
  Call: 3881 | Put: 3881
  到期日: 27 个
  IV: mean=0.6896, min=0.1769, max=45.2257
  Spread%: median=10.16%, mean=47.57%
  OI: total=4059216, median=24, max=110710
  DTE: 0 ~ 905 天
  内存占用: 5.24 MB

存档完成: /Users/yhdong/Gold/data/raw/options_history/2026-06-25/eod_full.parquet
2026-06-25 05:05:58,578 | 25559 | 6170341376 | [open_context_base.py:516] on_disconnect: Disconnected: conn=0(1) reason=CallClose
2026-06-25 05:05:59 === 采集完成 ===

2026-06-26 05:05:01 === 开始采集 ===
2026-06-26 05:05:01 启动 OpenD...
<frozen runpy>:128: RuntimeWarning: 'src.data.options.options_archive' found in sys.modules after import of package 'src.data.options', but prior to execution of 'src.data.options.options_archive'; this may result in unpredictable behaviour
2026-06-26 05:05:14,629 [INFO] __main__ - === 日终全链快照开始 ===
2026-06-26 05:05:15,241 | 80936 | 8678550592 | [open_context_base.py:409] _init_connect_sync: New connect ready: conn=7476017691039703447(1) context=<moomoo.quote.open_quote_context.OpenQuoteContext object at 0x102fc9d10>
2026-06-26 05:05:15,241 [INFO] src.data.options.moomoo_data - 已连接 Moomoo OpenD (127.0.0.1:11111)
2026-06-26 05:05:15,307 [INFO] src.data.options.moomoo_data - US.GLD 期权到期日: 27 个
2026-06-26 05:05:15,318 [INFO] __main__ - 获取 27 个到期日: 2026-06-26 ~ 2028-12-15
2026-06-26 05:05:15,319 [INFO] __main__ -   批次: 2026-06-26 ~ 2026-07-24 (10 个到期日)
2026-06-26 05:05:16,799 [INFO] src.data.options.moomoo_data - US.GLD 期权链: 3326 个合约 (2026-06-26 ~ 2026-07-24)
2026-06-26 05:05:20,442 [INFO] __main__ -   批次: 2026-07-31 ~ 2026-08-21 (3 个到期日)
2026-06-26 05:05:20,669 [INFO] src.data.options.moomoo_data - US.GLD 期权链: 614 个合约 (2026-07-31 ~ 2026-08-21)
2026-06-26 05:05:24,272 [INFO] __main__ -   批次: 2026-09-18 ~ 2026-10-16 (3 个到期日)
2026-06-26 05:05:24,628 [INFO] src.data.options.moomoo_data - US.GLD 期权链: 912 个合约 (2026-09-18 ~ 2026-10-16)
2026-06-26 05:05:28,271 [INFO] __main__ -   批次: 2026-11-20 ~ 2026-12-18 (2 个到期日)
2026-06-26 05:05:28,615 [INFO] src.data.options.moomoo_data - US.GLD 期权链: 504 个合约 (2026-11-20 ~ 2026-12-18)
2026-06-26 05:05:32,255 [INFO] __main__ -   批次: 2026-12-31 ~ 2027-01-15 (2 个到期日)
2026-06-26 05:05:32,509 [INFO] src.data.options.moomoo_data - US.GLD 期权链: 768 个合约 (2026-12-31 ~ 2027-01-15)
2026-06-26 05:05:36,124 [INFO] __main__ -   批次: 2027-03-19 ~ 2027-03-31 (2 个到期日)
2026-06-26 05:05:36,364 [INFO] src.data.options.moomoo_data - US.GLD 期权链: 514 个合约 (2027-03-19 ~ 2027-03-31)
2026-06-26 05:05:40,014 [INFO] __main__ -   批次: 2027-06-17 ~ 2027-06-17 (1 个到期日)
2026-06-26 05:05:40,118 [INFO] src.data.options.moomoo_data - US.GLD 期权链: 328 个合约 (2027-06-17 ~ 2027-06-17)
2026-06-26 05:05:43,703 [INFO] __main__ -   批次: 2027-09-17 ~ 2027-09-17 (1 个到期日)
2026-06-26 05:05:43,792 [INFO] src.data.options.moomoo_data - US.GLD 期权链: 168 个合约 (2027-09-17 ~ 2027-09-17)
2026-06-26 05:05:47,437 [INFO] __main__ -   批次: 2028-01-21 ~ 2028-01-21 (1 个到期日)
2026-06-26 05:05:47,550 [INFO] src.data.options.moomoo_data - US.GLD 期权链: 332 个合约 (2028-01-21 ~ 2028-01-21)
2026-06-26 05:05:51,200 [INFO] __main__ -   批次: 2028-06-16 ~ 2028-06-16 (1 个到期日)
2026-06-26 05:05:51,343 [INFO] src.data.options.moomoo_data - US.GLD 期权链: 276 个合约 (2028-06-16 ~ 2028-06-16)
2026-06-26 05:05:54,979 [INFO] __main__ -   批次: 2028-12-15 ~ 2028-12-15 (1 个到期日)
2026-06-26 05:05:55,161 [INFO] src.data.options.moomoo_data - US.GLD 期权链: 278 个合约 (2028-12-15 ~ 2028-12-15)
2026-06-26 05:05:55,185 [INFO] __main__ - 期权链合计: 8020 个合约
2026-06-26 05:05:55,185 [INFO] __main__ - 获取 8020 个合约的快照...
2026-06-26 05:05:59,838 [INFO] src.data.options.moomoo_data - 期权快照: 8020 个合约
2026-06-26 05:05:59,856 [INFO] __main__ - 完整快照: 8020 个合约, 35 个字段
2026-06-26 05:06:00,198 [INFO] __main__ - 已保存 Parquet -> /Users/yhdong/Gold/data/raw/options_history/2026-06-26/eod_full.parquet
2026-06-26 05:06:00,530 [INFO] __main__ - 已保存 CSV -> /Users/yhdong/Gold/data/raw/options_history/2026-06-26/eod_full.csv
2026-06-26 05:06:00,571 [INFO] src.data.options.moomoo_data - 已关闭 Moomoo 连接

==================================================
  日终全链快照
==================================================
  合约数: 8020
  Call: 4010 | Put: 4010
  到期日: 27 个
  IV: mean=0.4200, min=0.1726, max=4.9020
  Spread%: median=9.28%, mean=45.52%
  OI: total=4118935, median=19, max=110766
  DTE: 1 ~ 904 天
  内存占用: 5.41 MB

存档完成: /Users/yhdong/Gold/data/raw/options_history/2026-06-26/eod_full.parquet
2026-06-26 05:06:00,579 | 80936 | 6169817088 | [open_context_base.py:516] on_disconnect: Disconnected: conn=0(1) reason=CallClose
2026-06-26 05:06:01 === 采集完成 ===

2026-06-27 05:05:01 === 开始采集 ===
<frozen runpy>:128: RuntimeWarning: 'src.data.options.options_archive' found in sys.modules after import of package 'src.data.options', but prior to execution of 'src.data.options.options_archive'; this may result in unpredictable behaviour
2026-06-27 05:05:03,797 [INFO] __main__ - === 日终全链快照开始 ===
2026-06-27 05:05:04,277 | 1594 | 8678550592 | [open_context_base.py:409] _init_connect_sync: New connect ready: conn=7476380032826353119(1) context=<moomoo.quote.open_quote_context.OpenQuoteContext object at 0x10a9f2310>
2026-06-27 05:05:04,277 [INFO] src.data.options.moomoo_data - 已连接 Moomoo OpenD (127.0.0.1:11111)
2026-06-27 05:05:04,330 [INFO] src.data.options.moomoo_data - US.GLD 期权到期日: 27 个
2026-06-27 05:05:04,346 [INFO] __main__ - 获取 27 个到期日: 2026-06-26 ~ 2028-12-15
2026-06-27 05:05:04,347 [INFO] __main__ -   批次: 2026-06-26 ~ 2026-07-24 (10 个到期日)
2026-06-27 05:05:04,912 [INFO] src.data.options.moomoo_data - US.GLD 期权链: 3350 个合约 (2026-06-26 ~ 2026-07-24)
2026-06-27 05:05:08,553 [INFO] __main__ -   批次: 2026-07-31 ~ 2026-08-21 (3 个到期日)
2026-06-27 05:05:08,731 [INFO] src.data.options.moomoo_data - US.GLD 期权链: 866 个合约 (2026-07-31 ~ 2026-08-21)
2026-06-27 05:05:12,365 [INFO] __main__ -   批次: 2026-09-18 ~ 2026-10-16 (3 个到期日)
2026-06-27 05:05:12,596 [INFO] src.data.options.moomoo_data - US.GLD 期权链: 912 个合约 (2026-09-18 ~ 2026-10-16)
2026-06-27 05:05:16,243 [INFO] __main__ -   批次: 2026-11-20 ~ 2026-12-18 (2 个到期日)
2026-06-27 05:05:16,429 [INFO] src.data.options.moomoo_data - US.GLD 期权链: 504 个合约 (2026-11-20 ~ 2026-12-18)
2026-06-27 05:05:20,003 [INFO] __main__ -   批次: 2026-12-31 ~ 2027-01-15 (2 个到期日)
2026-06-27 05:05:20,137 [INFO] src.data.options.moomoo_data - US.GLD 期权链: 768 个合约 (2026-12-31 ~ 2027-01-15)
2026-06-27 05:05:23,788 [INFO] __main__ -   批次: 2027-03-19 ~ 2027-03-31 (2 个到期日)
2026-06-27 05:05:23,878 [INFO] src.data.options.moomoo_data - US.GLD 期权链: 514 个合约 (2027-03-19 ~ 2027-03-31)
2026-06-27 05:05:27,525 [INFO] __main__ -   批次: 2027-06-17 ~ 2027-06-17 (1 个到期日)
2026-06-27 05:05:27,602 [INFO] src.data.options.moomoo_data - US.GLD 期权链: 328 个合约 (2027-06-17 ~ 2027-06-17)
2026-06-27 05:05:31,232 [INFO] __main__ -   批次: 2027-09-17 ~ 2027-09-17 (1 个到期日)
2026-06-27 05:05:31,278 [INFO] src.data.options.moomoo_data - US.GLD 期权链: 168 个合约 (2027-09-17 ~ 2027-09-17)
2026-06-27 05:05:34,926 [INFO] __main__ -   批次: 2028-01-21 ~ 2028-01-21 (1 个到期日)
2026-06-27 05:05:34,988 [INFO] src.data.options.moomoo_data - US.GLD 期权链: 332 个合约 (2028-01-21 ~ 2028-01-21)
2026-06-27 05:05:38,636 [INFO] __main__ -   批次: 2028-06-16 ~ 2028-06-16 (1 个到期日)
2026-06-27 05:05:38,697 [INFO] src.data.options.moomoo_data - US.GLD 期权链: 276 个合约 (2028-06-16 ~ 2028-06-16)
2026-06-27 05:05:42,347 [INFO] __main__ -   批次: 2028-12-15 ~ 2028-12-15 (1 个到期日)
2026-06-27 05:05:42,421 [INFO] src.data.options.moomoo_data - US.GLD 期权链: 278 个合约 (2028-12-15 ~ 2028-12-15)
2026-06-27 05:05:42,436 [INFO] __main__ - 期权链合计: 8296 个合约
2026-06-27 05:05:42,437 [INFO] __main__ - 获取 8296 个合约的快照...
2026-06-27 05:05:47,406 [INFO] src.data.options.moomoo_data - 期权快照: 8296 个合约
2026-06-27 05:05:47,423 [INFO] __main__ - 完整快照: 8296 个合约, 35 个字段
2026-06-27 05:05:47,751 [INFO] __main__ - 已保存 Parquet -> /Users/yhdong/Gold/data/raw/options_history/2026-06-27/eod_full.parquet
2026-06-27 05:05:47,992 [INFO] __main__ - 已保存 CSV -> /Users/yhdong/Gold/data/raw/options_history/2026-06-27/eod_full.csv
2026-06-27 05:05:48,019 [INFO] src.data.options.moomoo_data - 已关闭 Moomoo 连接

==================================================
  日终全链快照
==================================================
  合约数: 8296
  Call: 4148 | Put: 4148
  到期日: 27 个
  IV: mean=1.7765, min=0.1566, max=99.7873
  Spread%: median=7.69%, mean=44.70%
  OI: total=4160851, median=17, max=110756
  DTE: 0 ~ 903 天
  内存占用: 5.60 MB

存档完成: /Users/yhdong/Gold/data/raw/options_history/2026-06-27/eod_full.parquet
2026-06-27 05:05:48,025 | 1594 | 6139719680 | [open_context_base.py:516] on_disconnect: Disconnected: conn=0(1) reason=CallClose
2026-06-27 05:05:48 === 采集完成 ===

2026-06-30 05:05:01 === 开始采集 ===
2026-06-30 05:05:01 启动 OpenD...
<frozen runpy>:128: RuntimeWarning: 'src.data.options.options_archive' found in sys.modules after import of package 'src.data.options', but prior to execution of 'src.data.options.options_archive'; this may result in unpredictable behaviour
2026-06-30 05:05:13,696 [INFO] __main__ - === 日终全链快照开始 ===
2026-06-30 05:05:14,116 | 97308 | 8605756480 | [open_context_base.py:409] _init_connect_sync: New connect ready: conn=7477467237800939011(1) context=<moomoo.quote.open_quote_context.OpenQuoteContext object at 0x105c300d0>
2026-06-30 05:05:14,116 [INFO] src.data.options.moomoo_data - 已连接 Moomoo OpenD (127.0.0.1:11111)
2026-06-30 05:05:14,145 [INFO] src.data.options.moomoo_data - US.GLD 期权到期日: 27 个
2026-06-30 05:05:14,153 [INFO] __main__ - 获取 27 个到期日: 2026-06-29 ~ 2028-12-15
2026-06-30 05:05:14,154 [INFO] __main__ -   批次: 2026-06-29 ~ 2026-07-24 (10 个到期日)
2026-06-30 05:05:15,152 [INFO] src.data.options.moomoo_data - US.GLD 期权链: 2960 个合约 (2026-06-29 ~ 2026-07-24)
2026-06-30 05:05:18,801 [INFO] __main__ -   批次: 2026-07-31 ~ 2026-08-21 (3 个到期日)
2026-06-30 05:05:19,046 [INFO] src.data.options.moomoo_data - US.GLD 期权链: 866 个合约 (2026-07-31 ~ 2026-08-21)
2026-06-30 05:05:22,691 [INFO] __main__ -   批次: 2026-09-18 ~ 2026-10-16 (3 个到期日)
2026-06-30 05:05:23,043 [INFO] src.data.options.moomoo_data - US.GLD 期权链: 912 个合约 (2026-09-18 ~ 2026-10-16)
2026-06-30 05:05:26,674 [INFO] __main__ -   批次: 2026-11-20 ~ 2026-12-18 (2 个到期日)
2026-06-30 05:05:26,922 [INFO] src.data.options.moomoo_data - US.GLD 期权链: 504 个合约 (2026-11-20 ~ 2026-12-18)
2026-06-30 05:05:30,572 [INFO] __main__ -   批次: 2026-12-31 ~ 2027-01-15 (2 个到期日)
2026-06-30 05:05:30,874 [INFO] src.data.options.moomoo_data - US.GLD 期权链: 768 个合约 (2026-12-31 ~ 2027-01-15)
2026-06-30 05:05:34,522 [INFO] __main__ -   批次: 2027-03-19 ~ 2027-03-31 (2 个到期日)
2026-06-30 05:05:34,678 [INFO] src.data.options.moomoo_data - US.GLD 期权链: 514 个合约 (2027-03-19 ~ 2027-03-31)
2026-06-30 05:05:38,327 [INFO] __main__ -   批次: 2027-06-17 ~ 2027-06-17 (1 个到期日)
2026-06-30 05:05:38,433 [INFO] src.data.options.moomoo_data - US.GLD 期权链: 328 个合约 (2027-06-17 ~ 2027-06-17)
2026-06-30 05:05:42,082 [INFO] __main__ -   批次: 2027-09-17 ~ 2027-09-17 (1 个到期日)
2026-06-30 05:05:42,166 [INFO] src.data.options.moomoo_data - US.GLD 期权链: 168 个合约 (2027-09-17 ~ 2027-09-17)
2026-06-30 05:05:45,815 [INFO] __main__ -   批次: 2028-01-21 ~ 2028-01-21 (1 个到期日)
2026-06-30 05:05:46,015 [INFO] src.data.options.moomoo_data - US.GLD 期权链: 332 个合约 (2028-01-21 ~ 2028-01-21)
2026-06-30 05:05:49,652 [INFO] __main__ -   批次: 2028-06-16 ~ 2028-06-16 (1 个到期日)
2026-06-30 05:05:49,751 [INFO] src.data.options.moomoo_data - US.GLD 期权链: 276 个合约 (2028-06-16 ~ 2028-06-16)
2026-06-30 05:05:53,399 [INFO] __main__ -   批次: 2028-12-15 ~ 2028-12-15 (1 个到期日)
2026-06-30 05:05:53,496 [INFO] src.data.options.moomoo_data - US.GLD 期权链: 278 个合约 (2028-12-15 ~ 2028-12-15)
2026-06-30 05:05:53,507 [INFO] __main__ - 期权链合计: 7906 个合约
2026-06-30 05:05:53,507 [INFO] __main__ - 获取 7906 个合约的快照...
2026-06-30 05:05:57,391 [INFO] src.data.options.moomoo_data - 期权快照: 7906 个合约
2026-06-30 05:05:57,411 [INFO] __main__ - 完整快照: 7906 个合约, 35 个字段
2026-06-30 05:05:57,560 [INFO] __main__ - 已保存 Parquet -> /Users/yhdong/Gold/data/raw/options_history/2026-06-30/eod_full.parquet
2026-06-30 05:05:57,758 [INFO] __main__ - 已保存 CSV -> /Users/yhdong/Gold/data/raw/options_history/2026-06-30/eod_full.csv
2026-06-30 05:05:57,782 [INFO] src.data.options.moomoo_data - 已关闭 Moomoo 连接

==================================================
  日终全链快照
==================================================
  合约数: 7906
  Call: 3953 | Put: 3953
  到期日: 27 个
  IV: mean=1.0695, min=0.1933, max=52.4826
  Spread%: median=6.37%, mean=43.30%
  OI: total=4066451, median=19, max=110777
  DTE: 0 ~ 900 天
  内存占用: 5.33 MB

存档完成: /Users/yhdong/Gold/data/raw/options_history/2026-06-30/eod_full.parquet
2026-06-30 05:05:57,787 | 97308 | 6194606080 | [open_context_base.py:516] on_disconnect: Disconnected: conn=0(1) reason=CallClose
2026-06-30 05:05:58 === 采集完成 ===

2026-07-01 05:05:01 === 开始采集 ===
<frozen runpy>:128: RuntimeWarning: 'src.data.options.options_archive' found in sys.modules after import of package 'src.data.options', but prior to execution of 'src.data.options.options_archive'; this may result in unpredictable behaviour
2026-07-01 05:05:03,284 [INFO] __main__ - === 日终全链快照开始 ===
2026-07-01 05:05:03,735 | 42943 | 8605756480 | [open_context_base.py:409] _init_connect_sync: New connect ready: conn=7477829582062292856(1) context=<moomoo.quote.open_quote_context.OpenQuoteContext object at 0x10811fa50>
2026-07-01 05:05:03,735 [INFO] src.data.options.moomoo_data - 已连接 Moomoo OpenD (127.0.0.1:11111)
2026-07-01 05:05:03,773 [INFO] src.data.options.moomoo_data - US.GLD 期权到期日: 27 个
2026-07-01 05:05:03,783 [INFO] __main__ - 获取 27 个到期日: 2026-06-30 ~ 2028-12-15
2026-07-01 05:05:03,784 [INFO] __main__ -   批次: 2026-06-30 ~ 2026-07-24 (10 个到期日)
2026-07-01 05:05:04,596 [INFO] src.data.options.moomoo_data - US.GLD 期权链: 3032 个合约 (2026-06-30 ~ 2026-07-24)
2026-07-01 05:05:08,242 [INFO] __main__ -   批次: 2026-07-31 ~ 2026-08-21 (3 个到期日)
2026-07-01 05:05:08,480 [INFO] src.data.options.moomoo_data - US.GLD 期权链: 1010 个合约 (2026-07-31 ~ 2026-08-21)
2026-07-01 05:05:12,125 [INFO] __main__ -   批次: 2026-09-18 ~ 2026-10-16 (3 个到期日)
2026-07-01 05:05:12,464 [INFO] src.data.options.moomoo_data - US.GLD 期权链: 1138 个合约 (2026-09-18 ~ 2026-10-16)
2026-07-01 05:05:16,092 [INFO] __main__ -   批次: 2026-11-20 ~ 2026-12-18 (2 个到期日)
2026-07-01 05:05:16,242 [INFO] src.data.options.moomoo_data - US.GLD 期权链: 504 个合约 (2026-11-20 ~ 2026-12-18)
2026-07-01 05:05:19,891 [INFO] __main__ -   批次: 2026-12-31 ~ 2027-01-15 (2 个到期日)
2026-07-01 05:05:20,002 [INFO] src.data.options.moomoo_data - US.GLD 期权链: 768 个合约 (2026-12-31 ~ 2027-01-15)
2026-07-01 05:05:23,620 [INFO] __main__ -   批次: 2027-03-19 ~ 2027-03-31 (2 个到期日)
2026-07-01 05:05:23,708 [INFO] src.data.options.moomoo_data - US.GLD 期权链: 514 个合约 (2027-03-19 ~ 2027-03-31)
2026-07-01 05:05:27,357 [INFO] __main__ -   批次: 2027-06-17 ~ 2027-06-17 (1 个到期日)
2026-07-01 05:05:27,420 [INFO] src.data.options.moomoo_data - US.GLD 期权链: 328 个合约 (2027-06-17 ~ 2027-06-17)
2026-07-01 05:05:31,065 [INFO] __main__ -   批次: 2027-09-17 ~ 2027-09-17 (1 个到期日)
2026-07-01 05:05:31,112 [INFO] src.data.options.moomoo_data - US.GLD 期权链: 168 个合约 (2027-09-17 ~ 2027-09-17)
2026-07-01 05:05:34,743 [INFO] __main__ -   批次: 2028-01-21 ~ 2028-01-21 (1 个到期日)
2026-07-01 05:05:34,800 [INFO] src.data.options.moomoo_data - US.GLD 期权链: 332 个合约 (2028-01-21 ~ 2028-01-21)
2026-07-01 05:05:38,446 [INFO] __main__ -   批次: 2028-06-16 ~ 2028-06-16 (1 个到期日)
2026-07-01 05:05:38,499 [INFO] src.data.options.moomoo_data - US.GLD 期权链: 276 个合约 (2028-06-16 ~ 2028-06-16)
2026-07-01 05:05:42,150 [INFO] __main__ -   批次: 2028-12-15 ~ 2028-12-15 (1 个到期日)
2026-07-01 05:05:42,304 [INFO] src.data.options.moomoo_data - US.GLD 期权链: 278 个合约 (2028-12-15 ~ 2028-12-15)
2026-07-01 05:05:42,318 [INFO] __main__ - 期权链合计: 8348 个合约
2026-07-01 05:05:42,318 [INFO] __main__ - 获取 8348 个合约的快照...
2026-07-01 05:05:47,028 [INFO] src.data.options.moomoo_data - 期权快照: 8348 个合约
2026-07-01 05:05:47,046 [INFO] __main__ - 完整快照: 8348 个合约, 35 个字段
2026-07-01 05:05:47,222 [INFO] __main__ - 已保存 Parquet -> /Users/yhdong/Gold/data/raw/options_history/2026-07-01/eod_full.parquet
2026-07-01 05:05:47,455 [INFO] __main__ - 已保存 CSV -> /Users/yhdong/Gold/data/raw/options_history/2026-07-01/eod_full.csv
2026-07-01 05:05:47,480 [INFO] src.data.options.moomoo_data - 已关闭 Moomoo 连接

==================================================
  日终全链快照
==================================================
  合约数: 8348
  Call: 4174 | Put: 4174
  到期日: 27 个
  IV: mean=1.5580, min=0.1911, max=95.5905
  Spread%: median=5.78%, mean=37.88%
  OI: total=4091980, median=14, max=110800
  DTE: 0 ~ 899 天
  内存占用: 5.63 MB

存档完成: /Users/yhdong/Gold/data/raw/options_history/2026-07-01/eod_full.parquet
2026-07-01 05:05:47,484 | 42943 | 6136360960 | [open_context_base.py:516] on_disconnect: Disconnected: conn=0(1) reason=CallClose
2026-07-01 05:05:48 === 采集完成 ===

2026-07-02 05:05:01 === 开始采集 ===
<frozen runpy>:128: RuntimeWarning: 'src.data.options.options_archive' found in sys.modules after import of package 'src.data.options', but prior to execution of 'src.data.options.options_archive'; this may result in unpredictable behaviour
2026-07-02 05:05:03,260 [INFO] __main__ - === 日终全链快照开始 ===
2026-07-02 05:05:03,670 | 8221 | 8605756480 | [open_context_base.py:409] _init_connect_sync: New connect ready: conn=7478191969605617939(1) context=<moomoo.quote.open_quote_context.OpenQuoteContext object at 0x108424650>
2026-07-02 05:05:03,670 [INFO] src.data.options.moomoo_data - 已连接 Moomoo OpenD (127.0.0.1:11111)
2026-07-02 05:05:03,696 [INFO] src.data.options.moomoo_data - US.GLD 期权到期日: 27 个
2026-07-02 05:05:03,706 [INFO] __main__ - 获取 27 个到期日: 2026-07-01 ~ 2028-12-15
2026-07-02 05:05:03,707 [INFO] __main__ -   批次: 2026-07-01 ~ 2026-07-24 (9 个到期日)
2026-07-02 05:05:04,289 [INFO] src.data.options.moomoo_data - US.GLD 期权链: 2720 个合约 (2026-07-01 ~ 2026-07-24)
2026-07-02 05:05:07,934 [INFO] __main__ -   批次: 2026-07-31 ~ 2026-08-21 (3 个到期日)
2026-07-02 05:05:08,108 [INFO] src.data.options.moomoo_data - US.GLD 期权链: 1010 个合约 (2026-07-31 ~ 2026-08-21)
2026-07-02 05:05:11,754 [INFO] __main__ -   批次: 2026-09-18 ~ 2026-10-16 (3 个到期日)
2026-07-02 05:05:11,891 [INFO] src.data.options.moomoo_data - US.GLD 期权链: 1138 个合约 (2026-09-18 ~ 2026-10-16)
2026-07-02 05:05:15,539 [INFO] __main__ -   批次: 2026-11-20 ~ 2026-12-18 (2 个到期日)
2026-07-02 05:05:15,704 [INFO] src.data.options.moomoo_data - US.GLD 期权链: 504 个合约 (2026-11-20 ~ 2026-12-18)
2026-07-02 05:05:19,327 [INFO] __main__ -   批次: 2026-12-31 ~ 2027-01-15 (2 个到期日)
2026-07-02 05:05:19,446 [INFO] src.data.options.moomoo_data - US.GLD 期权链: 768 个合约 (2026-12-31 ~ 2027-01-15)
2026-07-02 05:05:23,092 [INFO] __main__ -   批次: 2027-03-19 ~ 2027-03-31 (2 个到期日)
2026-07-02 05:05:23,255 [INFO] src.data.options.moomoo_data - US.GLD 期权链: 514 个合约 (2027-03-19 ~ 2027-03-31)
2026-07-02 05:05:26,896 [INFO] __main__ -   批次: 2027-06-17 ~ 2027-06-30 (2 个到期日)
2026-07-02 05:05:27,018 [INFO] src.data.options.moomoo_data - US.GLD 期权链: 538 个合约 (2027-06-17 ~ 2027-06-30)
2026-07-02 05:05:30,665 [INFO] __main__ -   批次: 2027-09-17 ~ 2027-09-17 (1 个到期日)
2026-07-02 05:05:30,706 [INFO] src.data.options.moomoo_data - US.GLD 期权链: 168 个合约 (2027-09-17 ~ 2027-09-17)
2026-07-02 05:05:34,355 [INFO] __main__ -   批次: 2028-01-21 ~ 2028-01-21 (1 个到期日)
2026-07-02 05:05:34,416 [INFO] src.data.options.moomoo_data - US.GLD 期权链: 332 个合约 (2028-01-21 ~ 2028-01-21)
2026-07-02 05:05:38,066 [INFO] __main__ -   批次: 2028-06-16 ~ 2028-06-16 (1 个到期日)
2026-07-02 05:05:38,118 [INFO] src.data.options.moomoo_data - US.GLD 期权链: 276 个合约 (2028-06-16 ~ 2028-06-16)
2026-07-02 05:05:41,768 [INFO] __main__ -   批次: 2028-12-15 ~ 2028-12-15 (1 个到期日)
2026-07-02 05:05:41,819 [INFO] src.data.options.moomoo_data - US.GLD 期权链: 278 个合约 (2028-12-15 ~ 2028-12-15)
2026-07-02 05:05:41,829 [INFO] __main__ - 期权链合计: 8246 个合约
2026-07-02 05:05:41,829 [INFO] __main__ - 获取 8246 个合约的快照...
2026-07-02 05:05:45,999 [INFO] src.data.options.moomoo_data - 期权快照: 8246 个合约
2026-07-02 05:05:46,014 [INFO] __main__ - 完整快照: 8246 个合约, 35 个字段
2026-07-02 05:05:46,170 [INFO] __main__ - 已保存 Parquet -> /Users/yhdong/Gold/data/raw/options_history/2026-07-02/eod_full.parquet
2026-07-02 05:05:46,375 [INFO] __main__ - 已保存 CSV -> /Users/yhdong/Gold/data/raw/options_history/2026-07-02/eod_full.csv
2026-07-02 05:05:46,403 [INFO] src.data.options.moomoo_data - 已关闭 Moomoo 连接

==================================================
  日终全链快照
==================================================
  合约数: 8246
  Call: 4123 | Put: 4123
  到期日: 27 个
  IV: mean=1.1458, min=0.1889, max=88.4256
  Spread%: median=6.43%, mean=38.83%
  OI: total=4027140, median=11, max=110818
  DTE: 0 ~ 898 天
  内存占用: 5.56 MB

存档完成: /Users/yhdong/Gold/data/raw/options_history/2026-07-02/eod_full.parquet
2026-07-02 05:05:46,407 | 8221 | 6165098496 | [open_context_base.py:516] on_disconnect: Disconnected: conn=0(1) reason=CallClose
2026-07-02 05:05:46 === 采集完成 ===

2026-07-03 05:05:00 === 开始采集 ===
<frozen runpy>:128: RuntimeWarning: 'src.data.options.options_archive' found in sys.modules after import of package 'src.data.options', but prior to execution of 'src.data.options.options_archive'; this may result in unpredictable behaviour
2026-07-03 05:05:03,233 [INFO] __main__ - === 日终全链快照开始 ===
2026-07-03 05:05:03,711 | 48472 | 8605756480 | [open_context_base.py:409] _init_connect_sync: New connect ready: conn=7478554357673731677(1) context=<moomoo.quote.open_quote_context.OpenQuoteContext object at 0x10392a010>
2026-07-03 05:05:03,711 [INFO] src.data.options.moomoo_data - 已连接 Moomoo OpenD (127.0.0.1:11111)
2026-07-03 05:05:03,753 [INFO] src.data.options.moomoo_data - US.GLD 期权到期日: 27 个
2026-07-03 05:05:03,768 [INFO] __main__ - 获取 27 个到期日: 2026-07-02 ~ 2028-12-15
2026-07-03 05:05:03,769 [INFO] __main__ -   批次: 2026-07-02 ~ 2026-07-31 (9 个到期日)
2026-07-03 05:05:04,322 [INFO] src.data.options.moomoo_data - US.GLD 期权链: 2780 个合约 (2026-07-02 ~ 2026-07-31)
2026-07-03 05:05:07,970 [INFO] __main__ -   批次: 2026-08-07 ~ 2026-08-21 (3 个到期日)
2026-07-03 05:05:08,147 [INFO] src.data.options.moomoo_data - US.GLD 期权链: 766 个合约 (2026-08-07 ~ 2026-08-21)
2026-07-03 05:05:11,785 [INFO] __main__ -   批次: 2026-09-18 ~ 2026-10-16 (3 个到期日)
2026-07-03 05:05:11,948 [INFO] src.data.options.moomoo_data - US.GLD 期权链: 1138 个合约 (2026-09-18 ~ 2026-10-16)
2026-07-03 05:05:15,585 [INFO] __main__ -   批次: 2026-11-20 ~ 2026-12-18 (2 个到期日)
2026-07-03 05:05:15,854 [INFO] src.data.options.moomoo_data - US.GLD 期权链: 504 个合约 (2026-11-20 ~ 2026-12-18)
2026-07-03 05:05:19,475 [INFO] __main__ -   批次: 2026-12-31 ~ 2027-01-15 (2 个到期日)
2026-07-03 05:05:19,584 [INFO] src.data.options.moomoo_data - US.GLD 期权链: 768 个合约 (2026-12-31 ~ 2027-01-15)
2026-07-03 05:05:23,229 [INFO] __main__ -   批次: 2027-03-19 ~ 2027-03-31 (2 个到期日)
2026-07-03 05:05:23,323 [INFO] src.data.options.moomoo_data - US.GLD 期权链: 514 个合约 (2027-03-19 ~ 2027-03-31)
2026-07-03 05:05:26,964 [INFO] __main__ -   批次: 2027-06-17 ~ 2027-06-30 (2 个到期日)
2026-07-03 05:05:27,050 [INFO] src.data.options.moomoo_data - US.GLD 期权链: 538 个合约 (2027-06-17 ~ 2027-06-30)
2026-07-03 05:05:30,676 [INFO] __main__ -   批次: 2027-09-17 ~ 2027-09-17 (1 个到期日)
2026-07-03 05:05:30,722 [INFO] src.data.options.moomoo_data - US.GLD 期权链: 168 个合约 (2027-09-17 ~ 2027-09-17)
2026-07-03 05:05:34,364 [INFO] __main__ -   批次: 2028-01-21 ~ 2028-01-21 (1 个到期日)
2026-07-03 05:05:34,425 [INFO] src.data.options.moomoo_data - US.GLD 期权链: 332 个合约 (2028-01-21 ~ 2028-01-21)
2026-07-03 05:05:38,070 [INFO] __main__ -   批次: 2028-06-16 ~ 2028-06-16 (1 个到期日)
2026-07-03 05:05:38,130 [INFO] src.data.options.moomoo_data - US.GLD 期权链: 276 个合约 (2028-06-16 ~ 2028-06-16)
2026-07-03 05:05:41,780 [INFO] __main__ -   批次: 2028-12-15 ~ 2028-12-15 (1 个到期日)
2026-07-03 05:05:41,839 [INFO] src.data.options.moomoo_data - US.GLD 期权链: 278 个合约 (2028-12-15 ~ 2028-12-15)
2026-07-03 05:05:41,851 [INFO] __main__ - 期权链合计: 8062 个合约
2026-07-03 05:05:41,852 [INFO] __main__ - 获取 8062 个合约的快照...
2026-07-03 05:05:46,515 [INFO] src.data.options.moomoo_data - 期权快照: 8062 个合约
2026-07-03 05:05:46,555 [INFO] __main__ - 完整快照: 8062 个合约, 35 个字段
2026-07-03 05:05:46,695 [INFO] __main__ - 已保存 Parquet -> /Users/yhdong/Gold/data/raw/options_history/2026-07-03/eod_full.parquet
2026-07-03 05:05:46,922 [INFO] __main__ - 已保存 CSV -> /Users/yhdong/Gold/data/raw/options_history/2026-07-03/eod_full.csv
2026-07-03 05:05:46,951 [INFO] src.data.options.moomoo_data - 已关闭 Moomoo 连接

==================================================
  日终全链快照
==================================================
  合约数: 8062
  Call: 4031 | Put: 4031
  到期日: 27 个
  IV: mean=1.4164, min=0.1652, max=99.3696
  Spread%: median=8.70%, mean=38.94%
  OI: total=4056082, median=12, max=110786
  DTE: 0 ~ 897 天
  内存占用: 5.44 MB

存档完成: /Users/yhdong/Gold/data/raw/options_history/2026-07-03/eod_full.parquet
2026-07-03 05:05:46,957 | 48472 | 6171258880 | [open_context_base.py:516] on_disconnect: Disconnected: conn=0(1) reason=CallClose
2026-07-03 05:05:47 === 采集完成 ===

2026-07-04 05:05:00 === 开始采集 ===
<frozen runpy>:128: RuntimeWarning: 'src.data.options.options_archive' found in sys.modules after import of package 'src.data.options', but prior to execution of 'src.data.options.options_archive'; this may result in unpredictable behaviour
2026-07-04 05:05:03,256 [INFO] __main__ - === 日终全链快照开始 ===
2026-07-04 05:05:03,735 | 30969 | 8605756480 | [open_context_base.py:409] _init_connect_sync: New connect ready: conn=7478916745638355564(1) context=<moomoo.quote.open_quote_context.OpenQuoteContext object at 0x11aabd5d0>
2026-07-04 05:05:03,735 [INFO] src.data.options.moomoo_data - 已连接 Moomoo OpenD (127.0.0.1:11111)
2026-07-04 05:05:03,771 [INFO] src.data.options.moomoo_data - US.GLD 期权到期日: 27 个
2026-07-04 05:05:03,791 [INFO] __main__ - 获取 26 个到期日: 2026-07-06 ~ 2028-12-15
2026-07-04 05:05:03,793 [INFO] __main__ -   批次: 2026-07-06 ~ 2026-07-31 (8 个到期日)
2026-07-04 05:05:04,360 [INFO] src.data.options.moomoo_data - US.GLD 期权链: 2404 个合约 (2026-07-06 ~ 2026-07-31)
2026-07-04 05:05:08,010 [INFO] __main__ -   批次: 2026-08-07 ~ 2026-08-21 (3 个到期日)
2026-07-04 05:05:08,215 [INFO] src.data.options.moomoo_data - US.GLD 期权链: 766 个合约 (2026-08-07 ~ 2026-08-21)
2026-07-04 05:05:11,850 [INFO] __main__ -   批次: 2026-09-18 ~ 2026-10-16 (3 个到期日)
2026-07-04 05:05:12,008 [INFO] src.data.options.moomoo_data - US.GLD 期权链: 1138 个合约 (2026-09-18 ~ 2026-10-16)
2026-07-04 05:05:15,657 [INFO] __main__ -   批次: 2026-11-20 ~ 2026-12-18 (2 个到期日)
2026-07-04 05:05:15,742 [INFO] src.data.options.moomoo_data - US.GLD 期权链: 504 个合约 (2026-11-20 ~ 2026-12-18)
2026-07-04 05:05:19,381 [INFO] __main__ -   批次: 2026-12-31 ~ 2027-01-15 (2 个到期日)
2026-07-04 05:05:19,545 [INFO] src.data.options.moomoo_data - US.GLD 期权链: 768 个合约 (2026-12-31 ~ 2027-01-15)
2026-07-04 05:05:23,188 [INFO] __main__ -   批次: 2027-03-19 ~ 2027-03-31 (2 个到期日)
2026-07-04 05:05:23,273 [INFO] src.data.options.moomoo_data - US.GLD 期权链: 514 个合约 (2027-03-19 ~ 2027-03-31)
2026-07-04 05:05:26,914 [INFO] __main__ -   批次: 2027-06-17 ~ 2027-06-30 (2 个到期日)
2026-07-04 05:05:27,095 [INFO] src.data.options.moomoo_data - US.GLD 期权链: 538 个合约 (2027-06-17 ~ 2027-06-30)
2026-07-04 05:05:30,745 [INFO] __main__ -   批次: 2027-09-17 ~ 2027-09-17 (1 个到期日)
2026-07-04 05:05:30,790 [INFO] src.data.options.moomoo_data - US.GLD 期权链: 168 个合约 (2027-09-17 ~ 2027-09-17)
2026-07-04 05:05:34,440 [INFO] __main__ -   批次: 2028-01-21 ~ 2028-01-21 (1 个到期日)
2026-07-04 05:05:34,506 [INFO] src.data.options.moomoo_data - US.GLD 期权链: 332 个合约 (2028-01-21 ~ 2028-01-21)
2026-07-04 05:05:38,136 [INFO] __main__ -   批次: 2028-06-16 ~ 2028-06-16 (1 个到期日)
2026-07-04 05:05:38,192 [INFO] src.data.options.moomoo_data - US.GLD 期权链: 276 个合约 (2028-06-16 ~ 2028-06-16)
2026-07-04 05:05:41,841 [INFO] __main__ -   批次: 2028-12-15 ~ 2028-12-15 (1 个到期日)
2026-07-04 05:05:41,896 [INFO] src.data.options.moomoo_data - US.GLD 期权链: 278 个合约 (2028-12-15 ~ 2028-12-15)
2026-07-04 05:05:41,904 [INFO] __main__ - 期权链合计: 7686 个合约
2026-07-04 05:05:41,905 [INFO] __main__ - 获取 7686 个合约的快照...
2026-07-04 05:05:46,104 [INFO] src.data.options.moomoo_data - 期权快照: 7686 个合约
2026-07-04 05:05:46,125 [INFO] __main__ - 完整快照: 7686 个合约, 35 个字段
2026-07-04 05:05:46,320 [INFO] __main__ - 已保存 Parquet -> /Users/yhdong/Gold/data/raw/options_history/2026-07-04/eod_full.parquet
2026-07-04 05:05:46,529 [INFO] __main__ - 已保存 CSV -> /Users/yhdong/Gold/data/raw/options_history/2026-07-04/eod_full.csv
2026-07-04 05:05:46,551 [INFO] src.data.options.moomoo_data - 已关闭 Moomoo 连接

==================================================
  日终全链快照
==================================================
  合约数: 7686
  Call: 3843 | Put: 3843
  到期日: 26 个
  IV: mean=0.3709, min=0.1915, max=1.8651
  Spread%: median=8.52%, mean=35.71%
  OI: total=3966577, median=12, max=110786
  DTE: 3 ~ 896 天
  内存占用: 5.19 MB

存档完成: /Users/yhdong/Gold/data/raw/options_history/2026-07-04/eod_full.parquet
2026-07-04 05:05:46,555 | 30969 | 6125023232 | [open_context_base.py:516] on_disconnect: Disconnected: conn=0(1) reason=CallClose
2026-07-04 05:05:47 === 采集完成 ===

2026-07-07 05:05:00 === 开始采集 ===
<frozen runpy>:128: RuntimeWarning: 'src.data.options.options_archive' found in sys.modules after import of package 'src.data.options', but prior to execution of 'src.data.options.options_archive'; this may result in unpredictable behaviour
2026-07-07 05:05:03,315 [INFO] __main__ - === 日终全链快照开始 ===
2026-07-07 05:05:03,750 | 19722 | 8605756480 | [open_context_base.py:409] _init_connect_sync: New connect ready: conn=7480003909348495953(1) context=<moomoo.quote.open_quote_context.OpenQuoteContext object at 0x1060f6410>
2026-07-07 05:05:03,751 [INFO] src.data.options.moomoo_data - 已连接 Moomoo OpenD (127.0.0.1:11111)
2026-07-07 05:05:03,777 [INFO] src.data.options.moomoo_data - US.GLD 期权到期日: 27 个
2026-07-07 05:05:03,789 [INFO] __main__ - 获取 27 个到期日: 2026-07-06 ~ 2028-12-15
2026-07-07 05:05:03,790 [INFO] __main__ -   批次: 2026-07-06 ~ 2026-07-31 (9 个到期日)
2026-07-07 05:05:04,356 [INFO] src.data.options.moomoo_data - US.GLD 期权链: 2464 个合约 (2026-07-06 ~ 2026-07-31)
2026-07-07 05:05:07,974 [INFO] __main__ -   批次: 2026-08-07 ~ 2026-08-21 (3 个到期日)
2026-07-07 05:05:08,287 [INFO] src.data.options.moomoo_data - US.GLD 期权链: 1006 个合约 (2026-08-07 ~ 2026-08-21)
2026-07-07 05:05:11,915 [INFO] __main__ -   批次: 2026-09-18 ~ 2026-10-16 (3 个到期日)
2026-07-07 05:05:12,063 [INFO] src.data.options.moomoo_data - US.GLD 期权链: 1138 个合约 (2026-09-18 ~ 2026-10-16)
2026-07-07 05:05:15,711 [INFO] __main__ -   批次: 2026-11-20 ~ 2026-12-18 (2 个到期日)
2026-07-07 05:05:15,896 [INFO] src.data.options.moomoo_data - US.GLD 期权链: 504 个合约 (2026-11-20 ~ 2026-12-18)
2026-07-07 05:05:19,545 [INFO] __main__ -   批次: 2026-12-31 ~ 2027-01-15 (2 个到期日)
2026-07-07 05:05:19,752 [INFO] src.data.options.moomoo_data - US.GLD 期权链: 768 个合约 (2026-12-31 ~ 2027-01-15)
2026-07-07 05:05:23,377 [INFO] __main__ -   批次: 2027-03-19 ~ 2027-03-31 (2 个到期日)
2026-07-07 05:05:23,466 [INFO] src.data.options.moomoo_data - US.GLD 期权链: 514 个合约 (2027-03-19 ~ 2027-03-31)
2026-07-07 05:05:27,108 [INFO] __main__ -   批次: 2027-06-17 ~ 2027-06-30 (2 个到期日)
2026-07-07 05:05:27,208 [INFO] src.data.options.moomoo_data - US.GLD 期权链: 538 个合约 (2027-06-17 ~ 2027-06-30)
2026-07-07 05:05:30,857 [INFO] __main__ -   批次: 2027-09-17 ~ 2027-09-17 (1 个到期日)
2026-07-07 05:05:30,920 [INFO] src.data.options.moomoo_data - US.GLD 期权链: 168 个合约 (2027-09-17 ~ 2027-09-17)
2026-07-07 05:05:34,568 [INFO] __main__ -   批次: 2028-01-21 ~ 2028-01-21 (1 个到期日)
2026-07-07 05:05:34,624 [INFO] src.data.options.moomoo_data - US.GLD 期权链: 332 个合约 (2028-01-21 ~ 2028-01-21)
2026-07-07 05:05:38,271 [INFO] __main__ -   批次: 2028-06-16 ~ 2028-06-16 (1 个到期日)
2026-07-07 05:05:38,325 [INFO] src.data.options.moomoo_data - US.GLD 期权链: 276 个合约 (2028-06-16 ~ 2028-06-16)
2026-07-07 05:05:41,975 [INFO] __main__ -   批次: 2028-12-15 ~ 2028-12-15 (1 个到期日)
2026-07-07 05:05:42,032 [INFO] src.data.options.moomoo_data - US.GLD 期权链: 278 个合约 (2028-12-15 ~ 2028-12-15)
2026-07-07 05:05:42,042 [INFO] __main__ - 期权链合计: 7986 个合约
2026-07-07 05:05:42,042 [INFO] __main__ - 获取 7986 个合约的快照...
2026-07-07 05:05:46,359 [INFO] src.data.options.moomoo_data - 期权快照: 7986 个合约
2026-07-07 05:05:46,382 [INFO] __main__ - 完整快照: 7986 个合约, 35 个字段
2026-07-07 05:05:46,563 [INFO] __main__ - 已保存 Parquet -> /Users/yhdong/Gold/data/raw/options_history/2026-07-07/eod_full.parquet
2026-07-07 05:05:46,791 [INFO] __main__ - 已保存 CSV -> /Users/yhdong/Gold/data/raw/options_history/2026-07-07/eod_full.csv
2026-07-07 05:05:46,814 [INFO] src.data.options.moomoo_data - 已关闭 Moomoo 连接

==================================================
  日终全链快照
==================================================
  合约数: 7986
  Call: 3993 | Put: 3993
  到期日: 27 个
  IV: mean=0.8738, min=0.0001, max=60.4561
  Spread%: median=6.58%, mean=36.38%
  OI: total=4022638, median=12, max=110875
  DTE: 0 ~ 893 天
  内存占用: 5.39 MB

存档完成: /Users/yhdong/Gold/data/raw/options_history/2026-07-07/eod_full.parquet
2026-07-07 05:05:46,818 | 19722 | 6191067136 | [open_context_base.py:516] on_disconnect: Disconnected: conn=0(1) reason=CallClose
2026-07-07 05:05:47 === 采集完成 ===

2026-07-08 05:05:00 === 开始采集 ===
<frozen runpy>:128: RuntimeWarning: 'src.data.options.options_archive' found in sys.modules after import of package 'src.data.options', but prior to execution of 'src.data.options.options_archive'; this may result in unpredictable behaviour
2026-07-08 05:05:03,034 [INFO] __main__ - === 日终全链快照开始 ===
2026-07-08 05:05:03,484 | 30812 | 8605756480 | [open_context_base.py:409] _init_connect_sync: New connect ready: conn=7480366296083209556(1) context=<moomoo.quote.open_quote_context.OpenQuoteContext object at 0x10510dcd0>
2026-07-08 05:05:03,484 [INFO] src.data.options.moomoo_data - 已连接 Moomoo OpenD (127.0.0.1:11111)
2026-07-08 05:05:03,519 [INFO] src.data.options.moomoo_data - US.GLD 期权到期日: 27 个
2026-07-08 05:05:03,535 [INFO] __main__ - 获取 27 个到期日: 2026-07-08 ~ 2028-12-15
2026-07-08 05:05:03,537 [INFO] __main__ -   批次: 2026-07-08 ~ 2026-07-31 (9 个到期日)
2026-07-08 05:05:04,167 [INFO] src.data.options.moomoo_data - US.GLD 期权链: 2440 个合约 (2026-07-08 ~ 2026-07-31)
2026-07-08 05:05:07,812 [INFO] __main__ -   批次: 2026-08-07 ~ 2026-08-21 (3 个到期日)
2026-07-08 05:05:07,987 [INFO] src.data.options.moomoo_data - US.GLD 期权链: 1006 个合约 (2026-08-07 ~ 2026-08-21)
2026-07-08 05:05:11,631 [INFO] __main__ -   批次: 2026-09-18 ~ 2026-10-16 (3 个到期日)
2026-07-08 05:05:11,774 [INFO] src.data.options.moomoo_data - US.GLD 期权链: 1138 个合约 (2026-09-18 ~ 2026-10-16)
2026-07-08 05:05:15,423 [INFO] __main__ -   批次: 2026-11-20 ~ 2026-12-18 (2 个到期日)
2026-07-08 05:05:15,592 [INFO] src.data.options.moomoo_data - US.GLD 期权链: 504 个合约 (2026-11-20 ~ 2026-12-18)
2026-07-08 05:05:19,240 [INFO] __main__ -   批次: 2026-12-31 ~ 2027-01-15 (2 个到期日)
2026-07-08 05:05:19,357 [INFO] src.data.options.moomoo_data - US.GLD 期权链: 768 个合约 (2026-12-31 ~ 2027-01-15)
2026-07-08 05:05:23,007 [INFO] __main__ -   批次: 2027-03-19 ~ 2027-03-31 (2 个到期日)
2026-07-08 05:05:23,142 [INFO] src.data.options.moomoo_data - US.GLD 期权链: 514 个合约 (2027-03-19 ~ 2027-03-31)
2026-07-08 05:05:26,791 [INFO] __main__ -   批次: 2027-06-17 ~ 2027-06-30 (2 个到期日)
2026-07-08 05:05:26,904 [INFO] src.data.options.moomoo_data - US.GLD 期权链: 542 个合约 (2027-06-17 ~ 2027-06-30)
2026-07-08 05:05:30,550 [INFO] __main__ -   批次: 2027-09-17 ~ 2027-09-17 (1 个到期日)
2026-07-08 05:05:30,597 [INFO] src.data.options.moomoo_data - US.GLD 期权链: 168 个合约 (2027-09-17 ~ 2027-09-17)
2026-07-08 05:05:34,245 [INFO] __main__ -   批次: 2028-01-21 ~ 2028-01-21 (1 个到期日)
2026-07-08 05:05:34,303 [INFO] src.data.options.moomoo_data - US.GLD 期权链: 332 个合约 (2028-01-21 ~ 2028-01-21)
2026-07-08 05:05:37,952 [INFO] __main__ -   批次: 2028-06-16 ~ 2028-06-16 (1 个到期日)
2026-07-08 05:05:38,009 [INFO] src.data.options.moomoo_data - US.GLD 期权链: 276 个合约 (2028-06-16 ~ 2028-06-16)
2026-07-08 05:05:41,658 [INFO] __main__ -   批次: 2028-12-15 ~ 2028-12-15 (1 个到期日)
2026-07-08 05:05:41,715 [INFO] src.data.options.moomoo_data - US.GLD 期权链: 278 个合约 (2028-12-15 ~ 2028-12-15)
2026-07-08 05:05:41,728 [INFO] __main__ - 期权链合计: 7966 个合约
2026-07-08 05:05:41,729 [INFO] __main__ - 获取 7966 个合约的快照...
2026-07-08 05:05:45,911 [INFO] src.data.options.moomoo_data - 期权快照: 7966 个合约
2026-07-08 05:05:45,935 [INFO] __main__ - 完整快照: 7966 个合约, 35 个字段
2026-07-08 05:05:46,139 [INFO] __main__ - 已保存 Parquet -> /Users/yhdong/Gold/data/raw/options_history/2026-07-08/eod_full.parquet
2026-07-08 05:05:46,331 [INFO] __main__ - 已保存 CSV -> /Users/yhdong/Gold/data/raw/options_history/2026-07-08/eod_full.csv
2026-07-08 05:05:46,351 [INFO] src.data.options.moomoo_data - 已关闭 Moomoo 连接

==================================================
  日终全链快照
==================================================
  合约数: 7966
  Call: 3983 | Put: 3983
  到期日: 27 个
  IV: mean=0.3575, min=0.0001, max=2.7997
  Spread%: median=8.11%, mean=40.03%
  OI: total=4048793, median=12, max=110868
  DTE: 1 ~ 892 天
  内存占用: 5.37 MB

存档完成: /Users/yhdong/Gold/data/raw/options_history/2026-07-08/eod_full.parquet
2026-07-08 05:05:46,353 | 30812 | 6136983552 | [open_context_base.py:516] on_disconnect: Disconnected: conn=0(1) reason=CallClose
2026-07-08 05:05:46 === 采集完成 ===

2026-07-09 05:05:00 === 开始采集 ===
2026-07-09 05:05:00 启动 OpenD...
<frozen runpy>:128: RuntimeWarning: 'src.data.options.options_archive' found in sys.modules after import of package 'src.data.options', but prior to execution of 'src.data.options.options_archive'; this may result in unpredictable behaviour
2026-07-09 05:05:14,118 [INFO] __main__ - === 日终全链快照开始 ===
2026-07-09 05:05:14,748 | 51245 | 8605756480 | [open_context_base.py:409] _init_connect_sync: New connect ready: conn=7480728730996114651(1) context=<moomoo.quote.open_quote_context.OpenQuoteContext object at 0x106e1be50>
2026-07-09 05:05:14,748 [INFO] src.data.options.moomoo_data - 已连接 Moomoo OpenD (127.0.0.1:11111)
2026-07-09 05:05:14,803 [INFO] src.data.options.moomoo_data - US.GLD 期权到期日: 27 个
2026-07-09 05:05:14,817 [INFO] __main__ - 获取 27 个到期日: 2026-07-08 ~ 2028-12-15
2026-07-09 05:05:14,818 [INFO] __main__ -   批次: 2026-07-08 ~ 2026-07-31 (9 个到期日)
2026-07-09 05:05:16,000 [INFO] src.data.options.moomoo_data - US.GLD 期权链: 2456 个合约 (2026-07-08 ~ 2026-07-31)
2026-07-09 05:05:19,647 [INFO] __main__ -   批次: 2026-08-07 ~ 2026-08-21 (3 个到期日)
2026-07-09 05:05:20,133 [INFO] src.data.options.moomoo_data - US.GLD 期权链: 1006 个合约 (2026-08-07 ~ 2026-08-21)
2026-07-09 05:05:23,780 [INFO] __main__ -   批次: 2026-09-18 ~ 2026-10-16 (3 个到期日)
2026-07-09 05:05:24,213 [INFO] src.data.options.moomoo_data - US.GLD 期权链: 1138 个合约 (2026-09-18 ~ 2026-10-16)
2026-07-09 05:05:27,838 [INFO] __main__ -   批次: 2026-11-20 ~ 2026-12-18 (2 个到期日)
2026-07-09 05:05:28,205 [INFO] src.data.options.moomoo_data - US.GLD 期权链: 504 个合约 (2026-11-20 ~ 2026-12-18)
2026-07-09 05:05:31,855 [INFO] __main__ -   批次: 2026-12-31 ~ 2027-01-15 (2 个到期日)
2026-07-09 05:05:32,149 [INFO] src.data.options.moomoo_data - US.GLD 期权链: 768 个合约 (2026-12-31 ~ 2027-01-15)
2026-07-09 05:05:35,793 [INFO] __main__ -   批次: 2027-03-19 ~ 2027-03-31 (2 个到期日)
2026-07-09 05:05:36,112 [INFO] src.data.options.moomoo_data - US.GLD 期权链: 514 个合约 (2027-03-19 ~ 2027-03-31)
2026-07-09 05:05:39,759 [INFO] __main__ -   批次: 2027-06-17 ~ 2027-06-30 (2 个到期日)
2026-07-09 05:05:40,014 [INFO] src.data.options.moomoo_data - US.GLD 期权链: 542 个合约 (2027-06-17 ~ 2027-06-30)
2026-07-09 05:05:43,647 [INFO] __main__ -   批次: 2027-09-17 ~ 2027-09-17 (1 个到期日)
2026-07-09 05:05:43,825 [INFO] src.data.options.moomoo_data - US.GLD 期权链: 168 个合约 (2027-09-17 ~ 2027-09-17)
2026-07-09 05:05:47,458 [INFO] __main__ -   批次: 2028-01-21 ~ 2028-01-21 (1 个到期日)
2026-07-09 05:05:47,589 [INFO] src.data.options.moomoo_data - US.GLD 期权链: 332 个合约 (2028-01-21 ~ 2028-01-21)
2026-07-09 05:05:51,240 [INFO] __main__ -   批次: 2028-06-16 ~ 2028-06-16 (1 个到期日)
2026-07-09 05:05:51,348 [INFO] src.data.options.moomoo_data - US.GLD 期权链: 276 个合约 (2028-06-16 ~ 2028-06-16)
2026-07-09 05:05:54,997 [INFO] __main__ -   批次: 2028-12-15 ~ 2028-12-15 (1 个到期日)
2026-07-09 05:05:55,142 [INFO] src.data.options.moomoo_data - US.GLD 期权链: 278 个合约 (2028-12-15 ~ 2028-12-15)
2026-07-09 05:05:55,164 [INFO] __main__ - 期权链合计: 7982 个合约
2026-07-09 05:05:55,164 [INFO] __main__ - 获取 7982 个合约的快照...
2026-07-09 05:05:59,751 [INFO] src.data.options.moomoo_data - 期权快照: 7982 个合约
2026-07-09 05:05:59,789 [INFO] __main__ - 完整快照: 7982 个合约, 35 个字段
2026-07-09 05:06:00,094 [INFO] __main__ - 已保存 Parquet -> /Users/yhdong/Gold/data/raw/options_history/2026-07-09/eod_full.parquet
2026-07-09 05:06:00,346 [INFO] __main__ - 已保存 CSV -> /Users/yhdong/Gold/data/raw/options_history/2026-07-09/eod_full.csv
2026-07-09 05:06:00,380 [INFO] src.data.options.moomoo_data - 已关闭 Moomoo 连接

==================================================
  日终全链快照
==================================================
  合约数: 7982
  Call: 3991 | Put: 3991
  到期日: 27 个
  IV: mean=0.9657, min=0.1931, max=95.4006
  Spread%: median=7.89%, mean=41.34%
  OI: total=4104000, median=15, max=110821
  DTE: 0 ~ 891 天
  内存占用: 5.39 MB

存档完成: /Users/yhdong/Gold/data/raw/options_history/2026-07-09/eod_full.parquet
2026-07-09 05:06:00,385 | 51245 | 6204141568 | [open_context_base.py:516] on_disconnect: Disconnected: conn=0(1) reason=CallClose
2026-07-09 05:06:00 === 采集完成 ===

2026-07-10 05:05:00 === 开始采集 ===
<frozen runpy>:128: RuntimeWarning: 'src.data.options.options_archive' found in sys.modules after import of package 'src.data.options', but prior to execution of 'src.data.options.options_archive'; this may result in unpredictable behaviour
2026-07-10 05:05:03,450 [INFO] __main__ - === 日终全链快照开始 ===
2026-07-10 05:05:03,928 | 66648 | 8605756480 | [open_context_base.py:409] _init_connect_sync: New connect ready: conn=7481091073666116928(1) context=<moomoo.quote.open_quote_context.OpenQuoteContext object at 0x1076594d0>
2026-07-10 05:05:03,928 [INFO] src.data.options.moomoo_data - 已连接 Moomoo OpenD (127.0.0.1:11111)
2026-07-10 05:05:03,963 [INFO] src.data.options.moomoo_data - US.GLD 期权到期日: 27 个
2026-07-10 05:05:03,976 [INFO] __main__ - 获取 27 个到期日: 2026-07-10 ~ 2028-12-15
2026-07-10 05:05:03,978 [INFO] __main__ -   批次: 2026-07-10 ~ 2026-08-07 (9 个到期日)
2026-07-10 05:05:04,583 [INFO] src.data.options.moomoo_data - US.GLD 期权链: 2674 个合约 (2026-07-10 ~ 2026-08-07)
2026-07-10 05:05:08,202 [INFO] __main__ -   批次: 2026-08-14 ~ 2026-08-28 (3 个到期日)
2026-07-10 05:05:08,348 [INFO] src.data.options.moomoo_data - US.GLD 期权链: 738 个合约 (2026-08-14 ~ 2026-08-28)
2026-07-10 05:05:11,993 [INFO] __main__ -   批次: 2026-09-18 ~ 2026-10-16 (3 个到期日)
2026-07-10 05:05:12,147 [INFO] src.data.options.moomoo_data - US.GLD 期权链: 1138 个合约 (2026-09-18 ~ 2026-10-16)
2026-07-10 05:05:15,793 [INFO] __main__ -   批次: 2026-11-20 ~ 2026-12-18 (2 个到期日)
2026-07-10 05:05:15,976 [INFO] src.data.options.moomoo_data - US.GLD 期权链: 504 个合约 (2026-11-20 ~ 2026-12-18)
2026-07-10 05:05:19,627 [INFO] __main__ -   批次: 2026-12-31 ~ 2027-01-15 (2 个到期日)
2026-07-10 05:05:19,740 [INFO] src.data.options.moomoo_data - US.GLD 期权链: 768 个合约 (2026-12-31 ~ 2027-01-15)
2026-07-10 05:05:23,383 [INFO] __main__ -   批次: 2027-03-19 ~ 2027-03-31 (2 个到期日)
2026-07-10 05:05:23,477 [INFO] src.data.options.moomoo_data - US.GLD 期权链: 514 个合约 (2027-03-19 ~ 2027-03-31)
2026-07-10 05:05:27,120 [INFO] __main__ -   批次: 2027-06-17 ~ 2027-06-30 (2 个到期日)
2026-07-10 05:05:27,208 [INFO] src.data.options.moomoo_data - US.GLD 期权链: 542 个合约 (2027-06-17 ~ 2027-06-30)
2026-07-10 05:05:30,859 [INFO] __main__ -   批次: 2027-09-17 ~ 2027-09-17 (1 个到期日)
2026-07-10 05:05:30,907 [INFO] src.data.options.moomoo_data - US.GLD 期权链: 168 个合约 (2027-09-17 ~ 2027-09-17)
2026-07-10 05:05:34,528 [INFO] __main__ -   批次: 2028-01-21 ~ 2028-01-21 (1 个到期日)
2026-07-10 05:05:34,594 [INFO] src.data.options.moomoo_data - US.GLD 期权链: 332 个合约 (2028-01-21 ~ 2028-01-21)
2026-07-10 05:05:38,240 [INFO] __main__ -   批次: 2028-06-16 ~ 2028-06-16 (1 个到期日)
2026-07-10 05:05:38,298 [INFO] src.data.options.moomoo_data - US.GLD 期权链: 276 个合约 (2028-06-16 ~ 2028-06-16)
2026-07-10 05:05:41,944 [INFO] __main__ -   批次: 2028-12-15 ~ 2028-12-15 (1 个到期日)
2026-07-10 05:05:41,998 [INFO] src.data.options.moomoo_data - US.GLD 期权链: 278 个合约 (2028-12-15 ~ 2028-12-15)
2026-07-10 05:05:42,008 [INFO] __main__ - 期权链合计: 7932 个合约
2026-07-10 05:05:42,009 [INFO] __main__ - 获取 7932 个合约的快照...
2026-07-10 05:05:47,235 [INFO] src.data.options.moomoo_data - 期权快照: 7932 个合约
2026-07-10 05:05:47,252 [INFO] __main__ - 完整快照: 7932 个合约, 35 个字段
2026-07-10 05:05:47,463 [INFO] __main__ - 已保存 Parquet -> /Users/yhdong/Gold/data/raw/options_history/2026-07-10/eod_full.parquet
2026-07-10 05:05:47,707 [INFO] __main__ - 已保存 CSV -> /Users/yhdong/Gold/data/raw/options_history/2026-07-10/eod_full.csv
2026-07-10 05:05:47,737 [INFO] src.data.options.moomoo_data - 已关闭 Moomoo 连接

==================================================
  日终全链快照
==================================================
  合约数: 7932
  Call: 3966 | Put: 3966
  到期日: 27 个
  IV: mean=0.3600, min=0.1259, max=4.7147
  Spread%: median=8.15%, mean=41.78%
  OI: total=4120702, median=15, max=110781
  DTE: 1 ~ 890 天
  内存占用: 5.35 MB

存档完成: /Users/yhdong/Gold/data/raw/options_history/2026-07-10/eod_full.parquet
2026-07-10 05:05:47,742 | 66648 | 6168670208 | [open_context_base.py:516] on_disconnect: Disconnected: conn=0(1) reason=CallClose
2026-07-10 05:05:48 === 采集完成 ===

2026-07-11 05:05:01 === 开始采集 ===
<frozen runpy>:128: RuntimeWarning: 'src.data.options.options_archive' found in sys.modules after import of package 'src.data.options', but prior to execution of 'src.data.options.options_archive'; this may result in unpredictable behaviour
2026-07-11 05:05:03,670 [INFO] __main__ - === 日终全链快照开始 ===
2026-07-11 05:05:04,194 | 2258 | 8605756480 | [open_context_base.py:409] _init_connect_sync: New connect ready: conn=7481453462654710254(1) context=<moomoo.quote.open_quote_context.OpenQuoteContext object at 0x101d5c490>
2026-07-11 05:05:04,194 [INFO] src.data.options.moomoo_data - 已连接 Moomoo OpenD (127.0.0.1:11111)
2026-07-11 05:05:04,223 [INFO] src.data.options.moomoo_data - US.GLD 期权到期日: 27 个
2026-07-11 05:05:04,238 [INFO] __main__ - 获取 27 个到期日: 2026-07-10 ~ 2028-12-15
2026-07-11 05:05:04,240 [INFO] __main__ -   批次: 2026-07-10 ~ 2026-08-07 (9 个到期日)
2026-07-11 05:05:04,746 [INFO] src.data.options.moomoo_data - US.GLD 期权链: 2674 个合约 (2026-07-10 ~ 2026-08-07)
2026-07-11 05:05:08,336 [INFO] __main__ -   批次: 2026-08-14 ~ 2026-08-28 (3 个到期日)
2026-07-11 05:05:08,545 [INFO] src.data.options.moomoo_data - US.GLD 期权链: 982 个合约 (2026-08-14 ~ 2026-08-28)
2026-07-11 05:05:12,190 [INFO] __main__ -   批次: 2026-09-18 ~ 2026-10-16 (3 个到期日)
2026-07-11 05:05:12,341 [INFO] src.data.options.moomoo_data - US.GLD 期权链: 1138 个合约 (2026-09-18 ~ 2026-10-16)
2026-07-11 05:05:15,983 [INFO] __main__ -   批次: 2026-11-20 ~ 2026-12-18 (2 个到期日)
2026-07-11 05:05:16,155 [INFO] src.data.options.moomoo_data - US.GLD 期权链: 504 个合约 (2026-11-20 ~ 2026-12-18)
2026-07-11 05:05:19,767 [INFO] __main__ -   批次: 2026-12-31 ~ 2027-01-15 (2 个到期日)
2026-07-11 05:05:19,882 [INFO] src.data.options.moomoo_data - US.GLD 期权链: 768 个合约 (2026-12-31 ~ 2027-01-15)
2026-07-11 05:05:23,526 [INFO] __main__ -   批次: 2027-03-19 ~ 2027-03-31 (2 个到期日)
2026-07-11 05:05:23,615 [INFO] src.data.options.moomoo_data - US.GLD 期权链: 514 个合约 (2027-03-19 ~ 2027-03-31)
2026-07-11 05:05:27,261 [INFO] __main__ -   批次: 2027-06-17 ~ 2027-06-30 (2 个到期日)
2026-07-11 05:05:27,351 [INFO] src.data.options.moomoo_data - US.GLD 期权链: 542 个合约 (2027-06-17 ~ 2027-06-30)
2026-07-11 05:05:30,990 [INFO] __main__ -   批次: 2027-09-17 ~ 2027-09-17 (1 个到期日)
2026-07-11 05:05:31,035 [INFO] src.data.options.moomoo_data - US.GLD 期权链: 168 个合约 (2027-09-17 ~ 2027-09-17)
2026-07-11 05:05:34,685 [INFO] __main__ -   批次: 2028-01-21 ~ 2028-01-21 (1 个到期日)
2026-07-11 05:05:34,747 [INFO] src.data.options.moomoo_data - US.GLD 期权链: 332 个合约 (2028-01-21 ~ 2028-01-21)
2026-07-11 05:05:38,373 [INFO] __main__ -   批次: 2028-06-16 ~ 2028-06-16 (1 个到期日)
2026-07-11 05:05:38,430 [INFO] src.data.options.moomoo_data - US.GLD 期权链: 276 个合约 (2028-06-16 ~ 2028-06-16)
2026-07-11 05:05:42,074 [INFO] __main__ -   批次: 2028-12-15 ~ 2028-12-15 (1 个到期日)
2026-07-11 05:05:42,128 [INFO] src.data.options.moomoo_data - US.GLD 期权链: 278 个合约 (2028-12-15 ~ 2028-12-15)
2026-07-11 05:05:42,139 [INFO] __main__ - 期权链合计: 8176 个合约
2026-07-11 05:05:42,140 [INFO] __main__ - 获取 8176 个合约的快照...
2026-07-11 05:05:46,276 [INFO] src.data.options.moomoo_data - 期权快照: 8176 个合约
2026-07-11 05:05:46,291 [INFO] __main__ - 完整快照: 8176 个合约, 35 个字段
2026-07-11 05:05:46,481 [INFO] __main__ - 已保存 Parquet -> /Users/yhdong/Gold/data/raw/options_history/2026-07-11/eod_full.parquet
2026-07-11 05:05:46,710 [INFO] __main__ - 已保存 CSV -> /Users/yhdong/Gold/data/raw/options_history/2026-07-11/eod_full.csv
2026-07-11 05:05:46,733 [INFO] src.data.options.moomoo_data - 已关闭 Moomoo 连接

==================================================
  日终全链快照
==================================================
  合约数: 8176
  Call: 4088 | Put: 4088
  到期日: 27 个
  IV: mean=1.0516, min=0.1176, max=89.7955
  Spread%: median=9.65%, mean=46.16%
  OI: total=4153049, median=13, max=110783
  DTE: 0 ~ 889 天
  内存占用: 5.52 MB

存档完成: /Users/yhdong/Gold/data/raw/options_history/2026-07-11/eod_full.parquet
2026-07-11 05:05:46,738 | 2258 | 6200422400 | [open_context_base.py:516] on_disconnect: Disconnected: conn=0(1) reason=CallClose
2026-07-11 05:05:47 === 采集完成 ===

2026-07-15 05:13:19 === 开始采集 ===
<frozen runpy>:128: RuntimeWarning: 'src.data.options.options_archive' found in sys.modules after import of package 'src.data.options', but prior to execution of 'src.data.options.options_archive'; this may result in unpredictable behaviour
2026-07-15 05:13:21,834 [INFO] __main__ - === 日终全链快照开始 ===
2026-07-15 05:13:22,222 | 49143 | 8605756480 | [open_context_base.py:409] _init_connect_sync: New connect ready: conn=7482905103003989293(1) context=<moomoo.quote.open_quote_context.OpenQuoteContext object at 0x1054ff490>
2026-07-15 05:13:22,222 [INFO] src.data.options.moomoo_data - 已连接 Moomoo OpenD (127.0.0.1:11111)
2026-07-15 05:13:22,279 [INFO] src.data.options.moomoo_data - US.GLD 期权到期日: 27 个
2026-07-15 05:13:22,287 [INFO] __main__ - 获取 27 个到期日: 2026-07-15 ~ 2028-12-15
2026-07-15 05:13:22,288 [INFO] __main__ -   批次: 2026-07-15 ~ 2026-08-07 (9 个到期日)
2026-07-15 05:13:23,147 [INFO] src.data.options.moomoo_data - US.GLD 期权链: 2340 个合约 (2026-07-15 ~ 2026-08-07)
2026-07-15 05:13:26,782 [INFO] __main__ -   批次: 2026-08-14 ~ 2026-08-28 (3 个到期日)
2026-07-15 05:13:27,021 [INFO] src.data.options.moomoo_data - US.GLD 期权链: 982 个合约 (2026-08-14 ~ 2026-08-28)
2026-07-15 05:13:30,666 [INFO] __main__ -   批次: 2026-09-18 ~ 2026-10-16 (3 个到期日)
2026-07-15 05:13:30,924 [INFO] src.data.options.moomoo_data - US.GLD 期权链: 1138 个合约 (2026-09-18 ~ 2026-10-16)
2026-07-15 05:13:34,550 [INFO] __main__ -   批次: 2026-11-20 ~ 2026-12-18 (2 个到期日)
2026-07-15 05:13:34,719 [INFO] src.data.options.moomoo_data - US.GLD 期权链: 504 个合约 (2026-11-20 ~ 2026-12-18)
2026-07-15 05:21:57,311 [INFO] __main__ -   批次: 2026-12-31 ~ 2027-01-15 (2 个到期日)
2026-07-15 05:21:57,319 [ERROR] src.data.options.moomoo_data - 获取期权链失败: 网络中断
2026-07-15 05:22:00,936 [INFO] __main__ -   批次: 2027-03-19 ~ 2027-03-31 (2 个到期日)
2026-07-15 05:22:00,940 [ERROR] src.data.options.moomoo_data - 获取期权链失败: 网络中断
2026-07-15 05:22:04,585 [INFO] __main__ -   批次: 2027-06-17 ~ 2027-06-30 (2 个到期日)
2026-07-15 05:22:04,589 [ERROR] src.data.options.moomoo_data - 获取期权链失败: 网络中断
2026-07-15 05:22:08,241 [INFO] __main__ -   批次: 2027-09-17 ~ 2027-09-17 (1 个到期日)
2026-07-15 05:22:08,424 [INFO] src.data.options.moomoo_data - US.GLD 期权链: 168 个合约 (2027-09-17 ~ 2027-09-17)
2026-07-15 05:22:12,063 [INFO] __main__ -   批次: 2028-01-21 ~ 2028-01-21 (1 个到期日)
2026-07-15 05:22:12,222 [INFO] src.data.options.moomoo_data - US.GLD 期权链: 332 个合约 (2028-01-21 ~ 2028-01-21)
2026-07-15 05:22:15,860 [INFO] __main__ -   批次: 2028-06-16 ~ 2028-06-16 (1 个到期日)
2026-07-15 05:22:16,016 [INFO] src.data.options.moomoo_data - US.GLD 期权链: 276 个合约 (2028-06-16 ~ 2028-06-16)
2026-07-15 05:22:19,662 [INFO] __main__ -   批次: 2028-12-15 ~ 2028-12-15 (1 个到期日)
2026-07-15 05:22:19,808 [INFO] src.data.options.moomoo_data - US.GLD 期权链: 278 个合约 (2028-12-15 ~ 2028-12-15)
2026-07-15 05:22:19,815 [INFO] __main__ - 期权链合计: 6018 个合约
2026-07-15 05:22:19,816 [INFO] __main__ - 获取 6018 个合约的快照...
2026-07-15 05:22:25,055 [INFO] src.data.options.moomoo_data - 期权快照: 6018 个合约
2026-07-15 05:22:25,066 [INFO] __main__ - 完整快照: 6018 个合约, 35 个字段
2026-07-15 05:22:25,240 [INFO] __main__ - 已保存 Parquet -> /Users/yhdong/Gold/data/raw/options_history/2026-07-15/eod_full.parquet
2026-07-15 05:22:25,387 [INFO] __main__ - 已保存 CSV -> /Users/yhdong/Gold/data/raw/options_history/2026-07-15/eod_full.csv
2026-07-15 05:22:25,402 [INFO] src.data.options.moomoo_data - 已关闭 Moomoo 连接

==================================================
  日终全链快照
==================================================
  合约数: 6018
  Call: 3009 | Put: 3009
  到期日: 21 个
  IV: mean=0.3673, min=0.1678, max=2.5779
  Spread%: median=6.33%, mean=42.89%
  OI: total=3034362, median=10, max=110763
  DTE: 1 ~ 885 天
  内存占用: 4.06 MB

存档完成: /Users/yhdong/Gold/data/raw/options_history/2026-07-15/eod_full.parquet
2026-07-15 05:22:25,403 | 49143 | 6162591744 | [open_context_base.py:516] on_disconnect: Disconnected: conn=0(1) reason=CallClose
2026-07-15 05:22:25 === 采集完成 ===

